model,prompt,image_id,image_path,x0,y0,x1,y1,score,predicted_label,has_mask,has_confidence,inference_ms,prompt_id
Cosmos Reason2 8B,back of a traffic sign,grp10_IMG_1495.jpg,E:\2. UM-Student\MSC Dissertation\Urban-Vision-Benchmark\Datasets\MTSD\Prepared\MTSD-Unaugmented\MTSD-YOLO\test\images\grp10_IMG_1495.jpg,1533.67,2022.05,3024.5,3198.72,1.0,back of a traffic sign,False,False,3208.0,mtsd-p11
Cosmos Reason2 8B,back of a traffic sign,grp10_IMG_1510.jpg,E:\2. UM-Student\MSC Dissertation\Urban-Vision-Benchmark\Datasets\MTSD\Prepared\MTSD-Unaugmented\MTSD-YOLO\test\images\grp10_IMG_1510.jpg,1748.12,903.74,2719.3,2679.49,1.0,back of a traffic sign,False,False,2563.9,mtsd-p11
Cosmos Reason2 8B,back of a traffic sign,grp10_IMG_1527.jpg,E:\2. UM-Student\MSC Dissertation\Urban-Vision-Benchmark\Datasets\MTSD\Prepared\MTSD-Unaugmented\MTSD-YOLO\test\images\grp10_IMG_1527.jpg,779.69,953.9,2394.76,2650.37,1.0,back of a traffic sign,False,False,4221.8,mtsd-p11
Cosmos Reason2 8B,back of a traffic sign,grp10_IMG_1527.jpg,E:\2. UM-Student\MSC Dissertation\Urban-Vision-Benchmark\Datasets\MTSD\Prepared\MTSD-Unaugmented\MTSD-YOLO\test\images\grp10_IMG_1527.jpg,1512.25,2581.82,2347.63,4780.94,1.0,back of a traffic sign,False,False,4221.8,mtsd-p11
Cosmos Reason2 8B,back of a traffic sign,grp10_IMG_1557.jpg,E:\2. UM-Student\MSC Dissertation\Urban-Vision-Benchmark\Datasets\MTSD\Prepared\MTSD-Unaugmented\MTSD-YOLO\test\images\grp10_IMG_1557.jpg,1353.74,2638.94,3067.34,4072.66,1.0,back of a traffic sign,False,False,2632.7,mtsd-p11
Cosmos Reason2 8B,back of a traffic sign,grp10_IMG_1564.jpg,E:\2. UM-Student\MSC Dissertation\Urban-Vision-Benchmark\Datasets\MTSD\Prepared\MTSD-Unaugmented\MTSD-YOLO\test\images\grp10_IMG_1564.jpg,1807.85,2044.9,2484.72,3347.23,1.0,back of a traffic sign,False,False,2659.4,mtsd-p11
Cosmos Reason2 8B,back of a traffic sign,grp10_IMG_1575.jpg,E:\2. UM-Student\MSC Dissertation\Urban-Vision-Benchmark\Datasets\MTSD\Prepared\MTSD-Unaugmented\MTSD-YOLO\test\images\grp10_IMG_1575.jpg,470.47,688.6,1080.77,1252.2,1.0,back of a traffic sign,False,False,2521.6,mtsd-p11
Cosmos Reason2 8B,back of a traffic sign,grp10_IMG_1593.jpg,E:\2. UM-Student\MSC Dissertation\Urban-Vision-Benchmark\Datasets\MTSD\Prepared\MTSD-Unaugmented\MTSD-YOLO\test\images\grp10_IMG_1593.jpg,454.1,1765.01,2583.25,4238.3,1.0,back of a traffic sign,False,False,2628.8,mtsd-p11
Cosmos Reason2 8B,back of a traffic sign,grp10_IMG_1597.jpg,E:\2. UM-Student\MSC Dissertation\Urban-Vision-Benchmark\Datasets\MTSD\Prepared\MTSD-Unaugmented\MTSD-YOLO\test\images\grp10_IMG_1597.jpg,1135.26,2290.51,3054.49,4226.88,1.0,back of a traffic sign,False,False,2600.4,mtsd-p11
Cosmos Reason2 8B,back of a traffic sign,grp10_IMG_1599.jpg,E:\2. UM-Student\MSC Dissertation\Urban-Vision-Benchmark\Datasets\MTSD\Prepared\MTSD-Unaugmented\MTSD-YOLO\test\images\grp10_IMG_1599.jpg,1824.98,4026.96,2347.63,4575.31,1.0,back of a traffic sign,False,False,3211.0,mtsd-p11
Cosmos Reason2 8B,back of a traffic sign,grp10_IMG_1606.jpg,E:\2. UM-Student\MSC Dissertation\Urban-Vision-Benchmark\Datasets\MTSD\Prepared\MTSD-Unaugmented\MTSD-YOLO\test\images\grp10_IMG_1606.jpg,1426.57,2421.89,2373.34,3964.13,1.0,back of a traffic sign,False,False,2562.5,mtsd-p11
Cosmos Reason2 8B,back of a traffic sign,grp10_IMG_1612.jpg,E:\2. UM-Student\MSC Dissertation\Urban-Vision-Benchmark\Datasets\MTSD\Prepared\MTSD-Unaugmented\MTSD-YOLO\test\images\grp10_IMG_1612.jpg,1302.34,1365.17,2964.53,2970.24,1.0,back of a traffic sign,False,False,4147.8,mtsd-p11
Cosmos Reason2 8B,back of a traffic sign,grp10_IMG_1612.jpg,E:\2. UM-Student\MSC Dissertation\Urban-Vision-Benchmark\Datasets\MTSD\Prepared\MTSD-Unaugmented\MTSD-YOLO\test\images\grp10_IMG_1612.jpg,1302.34,2947.39,2934.54,4695.26,1.0,back of a traffic sign,False,False,4147.8,mtsd-p11
Cosmos Reason2 8B,back of a traffic sign,grp10_IMG_1645.jpg,E:\2. UM-Student\MSC Dissertation\Urban-Vision-Benchmark\Datasets\MTSD\Prepared\MTSD-Unaugmented\MTSD-YOLO\test\images\grp10_IMG_1645.jpg,1032.44,2359.06,2741.76,4238.3,1.0,back of a traffic sign,False,False,2564.3,mtsd-p11
Cosmos Reason2 8B,back of a traffic sign,grp10_IMG_20251123_141219.jpg,E:\2. UM-Student\MSC Dissertation\Urban-Vision-Benchmark\Datasets\MTSD\Prepared\MTSD-Unaugmented\MTSD-YOLO\test\images\grp10_IMG_20251123_141219.jpg,871.52,1165.25,1114.88,1946.7,1.0,back of a traffic sign,False,False,2249.4,mtsd-p11
Cosmos Reason2 8B,back of a traffic sign,grp10_IMG_20251123_141844.jpg,E:\2. UM-Student\MSC Dissertation\Urban-Vision-Benchmark\Datasets\MTSD\Prepared\MTSD-Unaugmented\MTSD-YOLO\test\images\grp10_IMG_20251123_141844.jpg,418.08,1248.48,1295.84,2182.53,1.0,back of a traffic sign,False,False,2252.0,mtsd-p11
Cosmos Reason2 8B,back of a traffic sign,grp10_IMG_20251123_143317.jpg,E:\2. UM-Student\MSC Dissertation\Urban-Vision-Benchmark\Datasets\MTSD\Prepared\MTSD-Unaugmented\MTSD-YOLO\test\images\grp10_IMG_20251123_143317.jpg,488.8,864.69,1478.88,1886.59,1.0,back of a traffic sign,False,False,2257.7,mtsd-p11
Cosmos Reason2 8B,back of a traffic sign,grp10_IMG_20251123_150542.jpg,E:\2. UM-Student\MSC Dissertation\Urban-Vision-Benchmark\Datasets\MTSD\Prepared\MTSD-Unaugmented\MTSD-YOLO\test\images\grp10_IMG_20251123_150542.jpg,958.88,300.56,1295.84,1447.31,1.0,back of a traffic sign,False,False,2202.7,mtsd-p11
Cosmos Reason2 8B,back of a traffic sign,grp10_IMG_20251123_164433.jpg,E:\2. UM-Student\MSC Dissertation\Urban-Vision-Benchmark\Datasets\MTSD\Prepared\MTSD-Unaugmented\MTSD-YOLO\test\images\grp10_IMG_20251123_164433.jpg,594.88,1752.5,1314.56,2945.49,1.0,back of a traffic sign,False,False,2860.1,mtsd-p11
Cosmos Reason2 8B,back of a traffic sign,grp10_IMG_20251123_164446.jpg,E:\2. UM-Student\MSC Dissertation\Urban-Vision-Benchmark\Datasets\MTSD\Prepared\MTSD-Unaugmented\MTSD-YOLO\test\images\grp10_IMG_20251123_164446.jpg,386.88,1868.1,1743.04,3227.55,1.0,back of a traffic sign,False,False,2259.5,mtsd-p11
Cosmos Reason2 8B,back of a traffic sign,grp10_IMG_20251123_165832.jpg,E:\2. UM-Student\MSC Dissertation\Urban-Vision-Benchmark\Datasets\MTSD\Prepared\MTSD-Unaugmented\MTSD-YOLO\test\images\grp10_IMG_20251123_165832.jpg,634.4,1840.35,1212.64,2880.75,1.0,back of a traffic sign,False,False,2254.9,mtsd-p11
Cosmos Reason2 8B,back of a traffic sign,grp10_IMG_20251125_112108.jpg,E:\2. UM-Student\MSC Dissertation\Urban-Vision-Benchmark\Datasets\MTSD\Prepared\MTSD-Unaugmented\MTSD-YOLO\test\images\grp10_IMG_20251125_112108.jpg,2010.29,2963.98,2138.75,3111.95,1.0,back of a traffic sign,False,False,2554.1,mtsd-p11
Cosmos Reason2 8B,back of a traffic sign,grp10_IMG_20251125_113833.jpg,E:\2. UM-Student\MSC Dissertation\Urban-Vision-Benchmark\Datasets\MTSD\Prepared\MTSD-Unaugmented\MTSD-YOLO\test\images\grp10_IMG_20251125_113833.jpg,927.02,1678.51,1114.51,2057.68,1.0,back of a traffic sign,False,False,2573.8,mtsd-p11
Cosmos Reason2 8B,back of a traffic sign,grp10_IMG_20251125_113844.jpg,E:\2. UM-Student\MSC Dissertation\Urban-Vision-Benchmark\Datasets\MTSD\Prepared\MTSD-Unaugmented\MTSD-YOLO\test\images\grp10_IMG_20251125_113844.jpg,871.47,910.93,2152.64,2224.14,1.0,back of a traffic sign,False,False,2554.4,mtsd-p11
Cosmos Reason2 8B,back of a traffic sign,grp10_IMG_20251125_114450.jpg,E:\2. UM-Student\MSC Dissertation\Urban-Vision-Benchmark\Datasets\MTSD\Prepared\MTSD-Unaugmented\MTSD-YOLO\test\images\grp10_IMG_20251125_114450.jpg,2544.98,688.98,3468.53,2094.67,1.0,back of a traffic sign,False,False,2535.6,mtsd-p11
Cosmos Reason2 8B,back of a traffic sign,grp10_IMG_20251125_120326.jpg,E:\2. UM-Student\MSC Dissertation\Urban-Vision-Benchmark\Datasets\MTSD\Prepared\MTSD-Unaugmented\MTSD-YOLO\test\images\grp10_IMG_20251125_120326.jpg,2902.59,0.0,3468.53,952.54,1.0,back of a traffic sign,False,False,2455.1,mtsd-p11
Cosmos Reason2 8B,back of a traffic sign,grp10_IMG_20251125_121131.jpg,E:\2. UM-Student\MSC Dissertation\Urban-Vision-Benchmark\Datasets\MTSD\Prepared\MTSD-Unaugmented\MTSD-YOLO\test\images\grp10_IMG_20251125_121131.jpg,846.56,2261.14,1383.2,2913.12,1.0,back of a traffic sign,False,False,2951.1,mtsd-p11
Cosmos Reason2 8B,back of a traffic sign,grp10_IMG_20251125_121142.jpg,E:\2. UM-Student\MSC Dissertation\Urban-Vision-Benchmark\Datasets\MTSD\Prepared\MTSD-Unaugmented\MTSD-YOLO\test\images\grp10_IMG_20251125_121142.jpg,,,,,,<no detections>,False,False,653.9,mtsd-p11
Cosmos Reason2 8B,back of a traffic sign,grp10_IMG_20251125_121556.jpg,E:\2. UM-Student\MSC Dissertation\Urban-Vision-Benchmark\Datasets\MTSD\Prepared\MTSD-Unaugmented\MTSD-YOLO\test\images\grp10_IMG_20251125_121556.jpg,359.84,1650.77,1626.56,2834.51,1.0,back of a traffic sign,False,False,2321.2,mtsd-p11
Cosmos Reason2 8B,back of a traffic sign,grp10_IMG_20251125_121957.jpg,E:\2. UM-Student\MSC Dissertation\Urban-Vision-Benchmark\Datasets\MTSD\Prepared\MTSD-Unaugmented\MTSD-YOLO\test\images\grp10_IMG_20251125_121957.jpg,1791.55,619.62,2430.4,2145.54,1.0,back of a traffic sign,False,False,2639.6,mtsd-p11
Cosmos Reason2 8B,back of a traffic sign,grp10_IMG_20251125_122125.jpg,E:\2. UM-Student\MSC Dissertation\Urban-Vision-Benchmark\Datasets\MTSD\Prepared\MTSD-Unaugmented\MTSD-YOLO\test\images\grp10_IMG_20251125_122125.jpg,669.76,1761.74,1397.76,3195.18,1.0,back of a traffic sign,False,False,2282.7,mtsd-p11
Cosmos Reason2 8B,back of a traffic sign,grp10_IMG_20251125_122225.jpg,E:\2. UM-Student\MSC Dissertation\Urban-Vision-Benchmark\Datasets\MTSD\Prepared\MTSD-Unaugmented\MTSD-YOLO\test\images\grp10_IMG_20251125_122225.jpg,2208.19,2233.39,2402.62,2751.28,1.0,back of a traffic sign,False,False,2575.8,mtsd-p11
Cosmos Reason2 8B,back of a traffic sign,grp10_IMG_20251125_122515.jpg,E:\2. UM-Student\MSC Dissertation\Urban-Vision-Benchmark\Datasets\MTSD\Prepared\MTSD-Unaugmented\MTSD-YOLO\test\images\grp10_IMG_20251125_122515.jpg,1401.92,4036.75,1458.08,4272.58,1.0,back of a traffic sign,False,False,2274.2,mtsd-p11
Cosmos Reason2 8B,back of a traffic sign,grp10_IMG_20251125_122819+1.jpg,E:\2. UM-Student\MSC Dissertation\Urban-Vision-Benchmark\Datasets\MTSD\Prepared\MTSD-Unaugmented\MTSD-YOLO\test\images\grp10_IMG_20251125_122819+1.jpg,1274.22,1003.41,1781.14,2450.72,1.0,back of a traffic sign,False,False,2598.0,mtsd-p11
Cosmos Reason2 8B,back of a traffic sign,grp10_IMG_20251125_122826.jpg,E:\2. UM-Student\MSC Dissertation\Urban-Vision-Benchmark\Datasets\MTSD\Prepared\MTSD-Unaugmented\MTSD-YOLO\test\images\grp10_IMG_20251125_122826.jpg,833.28,1045.02,1565.87,2478.46,1.0,back of a traffic sign,False,False,3286.2,mtsd-p11
Cosmos Reason2 8B,back of a traffic sign,grp10_IMG_20251125_123112.jpg,E:\2. UM-Student\MSC Dissertation\Urban-Vision-Benchmark\Datasets\MTSD\Prepared\MTSD-Unaugmented\MTSD-YOLO\test\images\grp10_IMG_20251125_123112.jpg,1185.6,1530.54,1268.8,2917.74,1.0,back of a traffic sign,False,False,2282.8,mtsd-p11
Cosmos Reason2 8B,back of a traffic sign,grp10_IMG_20251125_123425.jpg,E:\2. UM-Student\MSC Dissertation\Urban-Vision-Benchmark\Datasets\MTSD\Prepared\MTSD-Unaugmented\MTSD-YOLO\test\images\grp10_IMG_20251125_123425.jpg,,,,,,<no detections>,False,False,642.9,mtsd-p11
Cosmos Reason2 8B,back of a traffic sign,grp10_IMG_20251125_124400.jpg,E:\2. UM-Student\MSC Dissertation\Urban-Vision-Benchmark\Datasets\MTSD\Prepared\MTSD-Unaugmented\MTSD-YOLO\test\images\grp10_IMG_20251125_124400.jpg,557.44,1558.29,1516.32,3306.16,1.0,back of a traffic sign,False,False,2242.7,mtsd-p11
Cosmos Reason2 8B,back of a traffic sign,grp10_IMG_20251125_153252.jpg,E:\2. UM-Student\MSC Dissertation\Urban-Vision-Benchmark\Datasets\MTSD\Prepared\MTSD-Unaugmented\MTSD-YOLO\test\images\grp10_IMG_20251125_153252.jpg,1281.17,786.08,2166.53,1646.14,1.0,back of a traffic sign,False,False,2549.6,mtsd-p11
Cosmos Reason2 8B,back of a traffic sign,grp10_IMG_20251125_153559.jpg,E:\2. UM-Student\MSC Dissertation\Urban-Vision-Benchmark\Datasets\MTSD\Prepared\MTSD-Unaugmented\MTSD-YOLO\test\images\grp10_IMG_20251125_153559.jpg,1614.48,712.1,1940.85,1895.84,1.0,back of a traffic sign,False,False,2567.8,mtsd-p11
Cosmos Reason2 8B,back of a traffic sign,grp10_IMG_20251126_123510.jpg,E:\2. UM-Student\MSC Dissertation\Urban-Vision-Benchmark\Datasets\MTSD\Prepared\MTSD-Unaugmented\MTSD-YOLO\test\images\grp10_IMG_20251126_123510.jpg,875.68,3754.69,975.52,4041.38,1.0,back of a traffic sign,False,False,2258.8,mtsd-p11
Cosmos Reason2 8B,back of a traffic sign,grp10_IMG_20251126_123524.jpg,E:\2. UM-Student\MSC Dissertation\Urban-Vision-Benchmark\Datasets\MTSD\Prepared\MTSD-Unaugmented\MTSD-YOLO\test\images\grp10_IMG_20251126_123524.jpg,659.36,2076.18,1499.68,2742.03,1.0,back of a traffic sign,False,False,2250.6,mtsd-p11
Cosmos Reason2 8B,back of a traffic sign,grp10_IMG_20251126_123910.jpg,E:\2. UM-Student\MSC Dissertation\Urban-Vision-Benchmark\Datasets\MTSD\Prepared\MTSD-Unaugmented\MTSD-YOLO\test\images\grp10_IMG_20251126_123910.jpg,1150.24,2945.49,1331.2,3195.18,1.0,back of a traffic sign,False,False,2920.1,mtsd-p11
Cosmos Reason2 8B,back of a traffic sign,grp10_IMG_20260106_160010_253.jpg,E:\2. UM-Student\MSC Dissertation\Urban-Vision-Benchmark\Datasets\MTSD\Prepared\MTSD-Unaugmented\MTSD-YOLO\test\images\grp10_IMG_20260106_160010_253.jpg,998.4,738.48,2076.67,2023.68,1.0,back of a traffic sign,False,False,2532.6,mtsd-p11
Cosmos Reason2 8B,back of a traffic sign,grp10_IMG_20260106_160549_637.jpg,E:\2. UM-Student\MSC Dissertation\Urban-Vision-Benchmark\Datasets\MTSD\Prepared\MTSD-Unaugmented\MTSD-YOLO\test\images\grp10_IMG_20260106_160549_637.jpg,1658.88,2088.96,1913.86,3043.68,1.0,back of a traffic sign,False,False,2549.2,mtsd-p11
Cosmos Reason2 8B,back of a traffic sign,grp10_IMG_20260106_160608_331.jpg,E:\2. UM-Student\MSC Dissertation\Urban-Vision-Benchmark\Datasets\MTSD\Prepared\MTSD-Unaugmented\MTSD-YOLO\test\images\grp10_IMG_20260106_160608_331.jpg,1582.08,1187.28,2347.01,2288.88,1.0,back of a traffic sign,False,False,2522.2,mtsd-p11
Cosmos Reason2 8B,back of a traffic sign,grp10_IMG_20260106_161746_914.jpg,E:\2. UM-Student\MSC Dissertation\Urban-Vision-Benchmark\Datasets\MTSD\Prepared\MTSD-Unaugmented\MTSD-YOLO\test\images\grp10_IMG_20260106_161746_914.jpg,992.26,538.56,2562.05,2125.68,1.0,back of a traffic sign,False,False,2525.8,mtsd-p11
Cosmos Reason2 8B,back of a traffic sign,grp10_IMG_20260106_162304_258.jpg,E:\2. UM-Student\MSC Dissertation\Urban-Vision-Benchmark\Datasets\MTSD\Prepared\MTSD-Unaugmented\MTSD-YOLO\test\images\grp10_IMG_20260106_162304_258.jpg,1085.28,556.03,2399.04,2402.3,1.0,back of a traffic sign,False,False,2551.6,mtsd-p11
Cosmos Reason2 8B,back of a traffic sign,grp10_IMG_20260110_171243_436.jpg,E:\2. UM-Student\MSC Dissertation\Urban-Vision-Benchmark\Datasets\MTSD\Prepared\MTSD-Unaugmented\MTSD-YOLO\test\images\grp10_IMG_20260110_171243_436.jpg,964.61,1040.4,1944.58,1978.8,1.0,back of a traffic sign,False,False,2549.7,mtsd-p11
Cosmos Reason2 8B,back of a traffic sign,grp10_IMG_20260110_172451_501.jpg,E:\2. UM-Student\MSC Dissertation\Urban-Vision-Benchmark\Datasets\MTSD\Prepared\MTSD-Unaugmented\MTSD-YOLO\test\images\grp10_IMG_20260110_172451_501.jpg,2235.84,1198.08,2937.6,2214.91,1.0,back of a traffic sign,False,False,2608.1,mtsd-p11
Cosmos Reason2 8B,back of a traffic sign,grp10_IMG_20260110_172745_673.jpg,E:\2. UM-Student\MSC Dissertation\Urban-Vision-Benchmark\Datasets\MTSD\Prepared\MTSD-Unaugmented\MTSD-YOLO\test\images\grp10_IMG_20260110_172745_673.jpg,1290.24,1660.56,2540.54,3451.68,1.0,back of a traffic sign,False,False,3273.1,mtsd-p11
Cosmos Reason2 8B,back of a traffic sign,grp10_IMG_20260110_173056_747.jpg,E:\2. UM-Student\MSC Dissertation\Urban-Vision-Benchmark\Datasets\MTSD\Prepared\MTSD-Unaugmented\MTSD-YOLO\test\images\grp10_IMG_20260110_173056_747.jpg,1195.44,1152.0,2394.96,1904.64,1.0,back of a traffic sign,False,False,2573.6,mtsd-p11
Cosmos Reason2 8B,back of a traffic sign,grp10_IMG_20260110_173308_202.jpg,E:\2. UM-Student\MSC Dissertation\Urban-Vision-Benchmark\Datasets\MTSD\Prepared\MTSD-Unaugmented\MTSD-YOLO\test\images\grp10_IMG_20260110_173308_202.jpg,3712.8,783.36,4075.92,1259.52,1.0,back of a traffic sign,False,False,2707.8,mtsd-p11
Cosmos Reason2 8B,back of a traffic sign,grp10_IMG_20260113_083600_409.jpg,E:\2. UM-Student\MSC Dissertation\Urban-Vision-Benchmark\Datasets\MTSD\Prepared\MTSD-Unaugmented\MTSD-YOLO\test\images\grp10_IMG_20260113_083600_409.jpg,738.48,832.51,2260.32,2626.56,1.0,back of a traffic sign,False,False,2572.5,mtsd-p11
Cosmos Reason2 8B,back of a traffic sign,grp10_IMG_20260113_083728_516.jpg,E:\2. UM-Student\MSC Dissertation\Urban-Vision-Benchmark\Datasets\MTSD\Prepared\MTSD-Unaugmented\MTSD-YOLO\test\images\grp10_IMG_20260113_083728_516.jpg,697.68,614.4,2476.56,2657.28,1.0,back of a traffic sign,False,False,2580.0,mtsd-p11
Cosmos Reason2 8B,back of a traffic sign,grp10_IMG_20260113_083759_046.jpg,E:\2. UM-Student\MSC Dissertation\Urban-Vision-Benchmark\Datasets\MTSD\Prepared\MTSD-Unaugmented\MTSD-YOLO\test\images\grp10_IMG_20260113_083759_046.jpg,1460.64,1019.9,2386.8,2107.39,1.0,back of a traffic sign,False,False,2574.4,mtsd-p11
Cosmos Reason2 8B,back of a traffic sign,grp10_IMG_20260113_083821_567.jpg,E:\2. UM-Student\MSC Dissertation\Urban-Vision-Benchmark\Datasets\MTSD\Prepared\MTSD-Unaugmented\MTSD-YOLO\test\images\grp10_IMG_20260113_083821_567.jpg,1032.24,943.1,2986.56,2377.73,1.0,back of a traffic sign,False,False,2563.3,mtsd-p11
Cosmos Reason2 8B,back of a traffic sign,grp10_IMG_20260113_084856_622.jpg,E:\2. UM-Student\MSC Dissertation\Urban-Vision-Benchmark\Datasets\MTSD\Prepared\MTSD-Unaugmented\MTSD-YOLO\test\images\grp10_IMG_20260113_084856_622.jpg,1831.92,878.59,2598.96,2049.02,1.0,back of a traffic sign,False,False,2572.5,mtsd-p11
Cosmos Reason2 8B,back of a traffic sign,grp10_IMG_20260113_084947_261.jpg,E:\2. UM-Student\MSC Dissertation\Urban-Vision-Benchmark\Datasets\MTSD\Prepared\MTSD-Unaugmented\MTSD-YOLO\test\images\grp10_IMG_20260113_084947_261.jpg,1321.92,1618.94,1562.64,1738.75,1.0,back of a traffic sign,False,False,3208.4,mtsd-p11
Cosmos Reason2 8B,back of a traffic sign,grp10_IMG_20260113_085011_841.jpg,E:\2. UM-Student\MSC Dissertation\Urban-Vision-Benchmark\Datasets\MTSD\Prepared\MTSD-Unaugmented\MTSD-YOLO\test\images\grp10_IMG_20260113_085011_841.jpg,918.0,359.42,2868.24,2503.68,1.0,back of a traffic sign,False,False,2530.8,mtsd-p11
Cosmos Reason2 8B,back of a traffic sign,grp10_IMG_20260113_085024_440.jpg,E:\2. UM-Student\MSC Dissertation\Urban-Vision-Benchmark\Datasets\MTSD\Prepared\MTSD-Unaugmented\MTSD-YOLO\test\images\grp10_IMG_20260113_085024_440.jpg,3692.4,1047.55,3847.44,1108.99,1.0,back of a traffic sign,False,False,2536.3,mtsd-p11
Cosmos Reason2 8B,back of a traffic sign,grp10_IMG_8791.jpeg,E:\2. UM-Student\MSC Dissertation\Urban-Vision-Benchmark\Datasets\MTSD\Prepared\MTSD-Unaugmented\MTSD-YOLO\test\images\grp10_IMG_8791.jpeg,2313.36,1181.38,2434.32,3846.53,1.0,back of a traffic sign,False,False,2540.7,mtsd-p11
Cosmos Reason2 8B,back of a traffic sign,grp10_IMG_8810.jpeg,E:\2. UM-Student\MSC Dissertation\Urban-Vision-Benchmark\Datasets\MTSD\Prepared\MTSD-Unaugmented\MTSD-YOLO\test\images\grp10_IMG_8810.jpeg,1342.66,704.59,2733.7,2098.66,1.0,back of a traffic sign,False,False,2515.1,mtsd-p11
Cosmos Reason2 8B,back of a traffic sign,grp10_wall_stop.jpeg,E:\2. UM-Student\MSC Dissertation\Urban-Vision-Benchmark\Datasets\MTSD\Prepared\MTSD-Unaugmented\MTSD-YOLO\test\images\grp10_wall_stop.jpeg,695.52,1737.79,2134.94,3846.53,1.0,back of a traffic sign,False,False,2525.0,mtsd-p11
Cosmos Reason2 8B,back of a traffic sign,grp10_WhatsApp Image 2025-11-16 at 17.52.23 (3).jpeg,E:\2. UM-Student\MSC Dissertation\Urban-Vision-Benchmark\Datasets\MTSD\Prepared\MTSD-Unaugmented\MTSD-YOLO\test\images\grp10_WhatsApp Image 2025-11-16 at 17.52.23 (3).jpeg,156.06,726.24,1288.26,1762.56,1.0,back of a traffic sign,False,False,2511.9,mtsd-p11
Cosmos Reason2 8B,back of a traffic sign,grp10_WhatsApp Image 2025-11-16 at 17.52.25 (1).jpeg,E:\2. UM-Student\MSC Dissertation\Urban-Vision-Benchmark\Datasets\MTSD\Prepared\MTSD-Unaugmented\MTSD-YOLO\test\images\grp10_WhatsApp Image 2025-11-16 at 17.52.25 (1).jpeg,110.16,416.16,596.7,1164.84,1.0,back of a traffic sign,False,False,2426.8,mtsd-p11
Cosmos Reason2 8B,back of a traffic sign,grp10_WhatsApp Image 2025-11-16 at 17.52.27.jpeg,E:\2. UM-Student\MSC Dissertation\Urban-Vision-Benchmark\Datasets\MTSD\Prepared\MTSD-Unaugmented\MTSD-YOLO\test\images\grp10_WhatsApp Image 2025-11-16 at 17.52.27.jpeg,122.4,716.04,947.07,1464.72,1.0,back of a traffic sign,False,False,3127.9,mtsd-p11
Cosmos Reason2 8B,back of a traffic sign,grp10_WhatsApp Image 2025-11-16 at 17.52.28 (3).jpeg,E:\2. UM-Student\MSC Dissertation\Urban-Vision-Benchmark\Datasets\MTSD\Prepared\MTSD-Unaugmented\MTSD-YOLO\test\images\grp10_WhatsApp Image 2025-11-16 at 17.52.28 (3).jpeg,341.19,589.56,966.96,1195.44,1.0,back of a traffic sign,False,False,2471.5,mtsd-p11
Cosmos Reason2 8B,back of a traffic sign,grp10_WhatsApp Image 2025-11-16 at 17.52.29.jpeg,E:\2. UM-Student\MSC Dissertation\Urban-Vision-Benchmark\Datasets\MTSD\Prepared\MTSD-Unaugmented\MTSD-YOLO\test\images\grp10_WhatsApp Image 2025-11-16 at 17.52.29.jpeg,377.91,632.4,1087.83,1319.88,1.0,back of a traffic sign,False,False,2483.6,mtsd-p11
Cosmos Reason2 8B,back of a traffic sign,grp10_WhatsApp Image 2025-11-17 at 12.38.32 (2).jpeg,E:\2. UM-Student\MSC Dissertation\Urban-Vision-Benchmark\Datasets\MTSD\Prepared\MTSD-Unaugmented\MTSD-YOLO\test\images\grp10_WhatsApp Image 2025-11-17 at 12.38.32 (2).jpeg,1095.48,964.92,1225.53,1313.76,1.0,back of a traffic sign,False,False,2509.7,mtsd-p11
Cosmos Reason2 8B,back of a traffic sign,grp10_WhatsApp Image 2025-11-17 at 12.38.34.jpeg,E:\2. UM-Student\MSC Dissertation\Urban-Vision-Benchmark\Datasets\MTSD\Prepared\MTSD-Unaugmented\MTSD-YOLO\test\images\grp10_WhatsApp Image 2025-11-17 at 12.38.34.jpeg,252.45,636.48,1277.55,1564.68,1.0,back of a traffic sign,False,False,2479.4,mtsd-p11
Cosmos Reason2 8B,back of a traffic sign,grp10_WhatsApp Image 2025-11-17 at 12.38.37 (2).jpeg,E:\2. UM-Student\MSC Dissertation\Urban-Vision-Benchmark\Datasets\MTSD\Prepared\MTSD-Unaugmented\MTSD-YOLO\test\images\grp10_WhatsApp Image 2025-11-17 at 12.38.37 (2).jpeg,940.95,1193.4,1075.59,1938.0,1.0,back of a traffic sign,False,False,2461.7,mtsd-p11
Cosmos Reason2 8B,back of a traffic sign,grp10_WhatsApp Image 2025-11-17 at 15.01.27 - Edited.jpg,E:\2. UM-Student\MSC Dissertation\Urban-Vision-Benchmark\Datasets\MTSD\Prepared\MTSD-Unaugmented\MTSD-YOLO\test\images\grp10_WhatsApp Image 2025-11-17 at 15.01.27 - Edited.jpg,543.15,459.0,1196.46,993.48,1.0,back of a traffic sign,False,False,2460.6,mtsd-p11
Cosmos Reason2 8B,back of a traffic sign,grp10_WhatsApp Image 2025-11-17 at 15.01.44.jpeg,E:\2. UM-Student\MSC Dissertation\Urban-Vision-Benchmark\Datasets\MTSD\Prepared\MTSD-Unaugmented\MTSD-YOLO\test\images\grp10_WhatsApp Image 2025-11-17 at 15.01.44.jpeg,784.89,540.6,872.1,1474.92,1.0,back of a traffic sign,False,False,2545.7,mtsd-p11
Cosmos Reason2 8B,back of a traffic sign,grp10_WhatsApp Image 2025-11-17 at 15.01.45 (3).jpeg,E:\2. UM-Student\MSC Dissertation\Urban-Vision-Benchmark\Datasets\MTSD\Prepared\MTSD-Unaugmented\MTSD-YOLO\test\images\grp10_WhatsApp Image 2025-11-17 at 15.01.45 (3).jpeg,229.5,526.32,1233.18,1538.16,1.0,back of a traffic sign,False,False,3148.3,mtsd-p11
Cosmos Reason2 8B,back of a traffic sign,grp10_WhatsApp Image 2025-11-17 at 15.01.50 (1).jpeg,E:\2. UM-Student\MSC Dissertation\Urban-Vision-Benchmark\Datasets\MTSD\Prepared\MTSD-Unaugmented\MTSD-YOLO\test\images\grp10_WhatsApp Image 2025-11-17 at 15.01.50 (1).jpeg,852.21,465.12,973.08,1746.24,1.0,back of a traffic sign,False,False,2473.3,mtsd-p11
Cosmos Reason2 8B,back of a traffic sign,grp10_WhatsApp Image 2025-11-17 at 15.01.54.jpeg,E:\2. UM-Student\MSC Dissertation\Urban-Vision-Benchmark\Datasets\MTSD\Prepared\MTSD-Unaugmented\MTSD-YOLO\test\images\grp10_WhatsApp Image 2025-11-17 at 15.01.54.jpeg,263.16,197.88,1314.27,1201.56,1.0,back of a traffic sign,False,False,2442.9,mtsd-p11
Cosmos Reason2 8B,back of a traffic sign,grp10_WhatsApp Image 2025-11-17 at 15.01.56 (1).jpeg,E:\2. UM-Student\MSC Dissertation\Urban-Vision-Benchmark\Datasets\MTSD\Prepared\MTSD-Unaugmented\MTSD-YOLO\test\images\grp10_WhatsApp Image 2025-11-17 at 15.01.56 (1).jpeg,146.88,1342.32,391.68,1984.92,1.0,back of a traffic sign,False,False,2445.0,mtsd-p11
Cosmos Reason2 8B,back of a traffic sign,grp10_WhatsApp Image 2025-11-17 at 15.02.00.jpeg,E:\2. UM-Student\MSC Dissertation\Urban-Vision-Benchmark\Datasets\MTSD\Prepared\MTSD-Unaugmented\MTSD-YOLO\test\images\grp10_WhatsApp Image 2025-11-17 at 15.02.00.jpeg,475.83,1927.8,535.5,2019.6,1.0,back of a traffic sign,False,False,2492.5,mtsd-p11
Cosmos Reason2 8B,back of a traffic sign,grp10_WhatsApp Image 2025-11-20 at 16.03.01 (1).jpeg,E:\2. UM-Student\MSC Dissertation\Urban-Vision-Benchmark\Datasets\MTSD\Prepared\MTSD-Unaugmented\MTSD-YOLO\test\images\grp10_WhatsApp Image 2025-11-20 at 16.03.01 (1).jpeg,625.77,671.16,1083.24,1115.88,1.0,back of a traffic sign,False,False,2485.1,mtsd-p11
Cosmos Reason2 8B,back of a traffic sign,grp11_00ffbbb0-IMG_20251125_195040.jpg,E:\2. UM-Student\MSC Dissertation\Urban-Vision-Benchmark\Datasets\MTSD\Prepared\MTSD-Unaugmented\MTSD-YOLO\test\images\grp11_00ffbbb0-IMG_20251125_195040.jpg,987.0,828.0,1920.0,1780.0,1.0,back of a traffic sign,False,False,2532.1,mtsd-p11
Cosmos Reason2 8B,back of a traffic sign,grp11_089d4626-IMG_20251125_192354.jpg,E:\2. UM-Student\MSC Dissertation\Urban-Vision-Benchmark\Datasets\MTSD\Prepared\MTSD-Unaugmented\MTSD-YOLO\test\images\grp11_089d4626-IMG_20251125_192354.jpg,1788.0,1784.0,1860.0,3628.0,1.0,back of a traffic sign,False,False,2567.2,mtsd-p11
Cosmos Reason2 8B,back of a traffic sign,grp11_08da688f-IMG_6393.jpeg,E:\2. UM-Student\MSC Dissertation\Urban-Vision-Benchmark\Datasets\MTSD\Prepared\MTSD-Unaugmented\MTSD-YOLO\test\images\grp11_08da688f-IMG_6393.jpeg,0.0,703.08,3490.11,2788.76,1.0,back of a traffic sign,False,False,3053.8,mtsd-p11
Cosmos Reason2 8B,back of a traffic sign,grp11_0ac2eda8-IMG_6412.jpeg,E:\2. UM-Student\MSC Dissertation\Urban-Vision-Benchmark\Datasets\MTSD\Prepared\MTSD-Unaugmented\MTSD-YOLO\test\images\grp11_0ac2eda8-IMG_6412.jpeg,2478.96,2092.09,4382.0,3094.94,1.0,back of a traffic sign,False,False,2562.2,mtsd-p11
Cosmos Reason2 8B,back of a traffic sign,grp11_12031735-Pre_2026_6669.jpg,E:\2. UM-Student\MSC Dissertation\Urban-Vision-Benchmark\Datasets\MTSD\Prepared\MTSD-Unaugmented\MTSD-YOLO\test\images\grp11_12031735-Pre_2026_6669.jpg,400.86,1548.0,1373.72,2388.0,1.0,back of a traffic sign,False,False,2354.4,mtsd-p11
Cosmos Reason2 8B,back of a traffic sign,grp11_1346633a-IMG_20251125_195535.jpg,E:\2. UM-Student\MSC Dissertation\Urban-Vision-Benchmark\Datasets\MTSD\Prepared\MTSD-Unaugmented\MTSD-YOLO\test\images\grp11_1346633a-IMG_20251125_195535.jpg,1149.0,2428.0,1287.0,2812.0,1.0,back of a traffic sign,False,False,2545.6,mtsd-p11
Cosmos Reason2 8B,back of a traffic sign,grp11_1c6ec821-IMG_20251125_194942.jpg,E:\2. UM-Student\MSC Dissertation\Urban-Vision-Benchmark\Datasets\MTSD\Prepared\MTSD-Unaugmented\MTSD-YOLO\test\images\grp11_1c6ec821-IMG_20251125_194942.jpg,1050.0,1164.0,1824.0,1944.0,1.0,back of a traffic sign,False,False,2544.4,mtsd-p11
Cosmos Reason2 8B,back of a traffic sign,grp11_1ff1325d-IMG_1333.jpg,E:\2. UM-Student\MSC Dissertation\Urban-Vision-Benchmark\Datasets\MTSD\Prepared\MTSD-Unaugmented\MTSD-YOLO\test\images\grp11_1ff1325d-IMG_1333.jpg,275.18,0.0,1013.04,326.59,1.0,back of a traffic sign,False,False,2363.8,mtsd-p11
Cosmos Reason2 8B,back of a traffic sign,grp11_217d0bb2-IMG_1445.jpg,E:\2. UM-Student\MSC Dissertation\Urban-Vision-Benchmark\Datasets\MTSD\Prepared\MTSD-Unaugmented\MTSD-YOLO\test\images\grp11_217d0bb2-IMG_1445.jpg,1254.96,1028.16,1306.37,1209.6,1.0,back of a traffic sign,False,False,2560.3,mtsd-p11
Cosmos Reason2 8B,back of a traffic sign,grp11_243ba713-IMG_6313.jpg,E:\2. UM-Student\MSC Dissertation\Urban-Vision-Benchmark\Datasets\MTSD\Prepared\MTSD-Unaugmented\MTSD-YOLO\test\images\grp11_243ba713-IMG_6313.jpg,3054.24,4499.71,3235.68,5023.87,1.0,back of a traffic sign,False,False,2729.6,mtsd-p11
Cosmos Reason2 8B,back of a traffic sign,grp11_2960150f-Pre_2026_6705.jpg,E:\2. UM-Student\MSC Dissertation\Urban-Vision-Benchmark\Datasets\MTSD\Prepared\MTSD-Unaugmented\MTSD-YOLO\test\images\grp11_2960150f-Pre_2026_6705.jpg,,,,,,<no detections>,False,False,1393.0,mtsd-p11
Cosmos Reason2 8B,back of a traffic sign,grp11_2a7d15c7-Pre_2026_6626.jpg,E:\2. UM-Student\MSC Dissertation\Urban-Vision-Benchmark\Datasets\MTSD\Prepared\MTSD-Unaugmented\MTSD-YOLO\test\images\grp11_2a7d15c7-Pre_2026_6626.jpg,1619.19,2044.0,1729.54,2244.0,1.0,back of a traffic sign,False,False,2368.6,mtsd-p11
Cosmos Reason2 8B,back of a traffic sign,grp11_2d64dcc1-IMG_20251125_194650.jpg,E:\2. UM-Student\MSC Dissertation\Urban-Vision-Benchmark\Datasets\MTSD\Prepared\MTSD-Unaugmented\MTSD-YOLO\test\images\grp11_2d64dcc1-IMG_20251125_194650.jpg,1179.0,964.0,1965.0,1720.0,1.0,back of a traffic sign,False,False,2529.9,mtsd-p11
Cosmos Reason2 8B,back of a traffic sign,grp11_2dae9065-IMG_20251125_195604.jpg,E:\2. UM-Student\MSC Dissertation\Urban-Vision-Benchmark\Datasets\MTSD\Prepared\MTSD-Unaugmented\MTSD-YOLO\test\images\grp11_2dae9065-IMG_20251125_195604.jpg,1338.0,1160.0,1800.0,2136.0,1.0,back of a traffic sign,False,False,2516.9,mtsd-p11
Cosmos Reason2 8B,back of a traffic sign,grp11_387a3e09-IMG_6403.jpeg,E:\2. UM-Student\MSC Dissertation\Urban-Vision-Benchmark\Datasets\MTSD\Prepared\MTSD-Unaugmented\MTSD-YOLO\test\images\grp11_387a3e09-IMG_6403.jpeg,1102.69,846.38,2568.67,2651.36,1.0,back of a traffic sign,False,False,2527.5,mtsd-p11
Cosmos Reason2 8B,back of a traffic sign,grp11_3a5a4d41-Pre_2026_6633.jpg,E:\2. UM-Student\MSC Dissertation\Urban-Vision-Benchmark\Datasets\MTSD\Prepared\MTSD-Unaugmented\MTSD-YOLO\test\images\grp11_3a5a4d41-Pre_2026_6633.jpg,,,,,,<no detections>,False,False,727.4,mtsd-p11
Cosmos Reason2 8B,back of a traffic sign,grp11_3f9be580-IMG_1323.jpg,E:\2. UM-Student\MSC Dissertation\Urban-Vision-Benchmark\Datasets\MTSD\Prepared\MTSD-Unaugmented\MTSD-YOLO\test\images\grp11_3f9be580-IMG_1323.jpg,1043.28,374.98,2283.12,1568.45,1.0,back of a traffic sign,False,False,2477.1,mtsd-p11
Cosmos Reason2 8B,back of a traffic sign,grp11_4029b5b7-Pre_2026_6760.jpg,E:\2. UM-Student\MSC Dissertation\Urban-Vision-Benchmark\Datasets\MTSD\Prepared\MTSD-Unaugmented\MTSD-YOLO\test\images\grp11_4029b5b7-Pre_2026_6760.jpg,2168.0,662.09,2692.0,1231.84,1.0,back of a traffic sign,False,False,2322.9,mtsd-p11
Cosmos Reason2 8B,back of a traffic sign,grp11_41188dd2-IMG_1440.jpg,E:\2. UM-Student\MSC Dissertation\Urban-Vision-Benchmark\Datasets\MTSD\Prepared\MTSD-Unaugmented\MTSD-YOLO\test\images\grp11_41188dd2-IMG_1440.jpg,622.94,0.0,2461.54,1310.4,1.0,back of a traffic sign,False,False,2996.6,mtsd-p11
Cosmos Reason2 8B,back of a traffic sign,grp11_4a7fe027-Pre_2026_6682.jpg,E:\2. UM-Student\MSC Dissertation\Urban-Vision-Benchmark\Datasets\MTSD\Prepared\MTSD-Unaugmented\MTSD-YOLO\test\images\grp11_4a7fe027-Pre_2026_6682.jpg,,,,,,<no detections>,False,False,724.8,mtsd-p11
Cosmos Reason2 8B,back of a traffic sign,grp11_4a8ce21e-IMG_20251125_194252.jpg,E:\2. UM-Student\MSC Dissertation\Urban-Vision-Benchmark\Datasets\MTSD\Prepared\MTSD-Unaugmented\MTSD-YOLO\test\images\grp11_4a8ce21e-IMG_20251125_194252.jpg,1638.0,1184.0,1935.0,1832.0,1.0,back of a traffic sign,False,False,2560.0,mtsd-p11
Cosmos Reason2 8B,back of a traffic sign,grp11_578f49cf-IMG_6367.jpeg,E:\2. UM-Student\MSC Dissertation\Urban-Vision-Benchmark\Datasets\MTSD\Prepared\MTSD-Unaugmented\MTSD-YOLO\test\images\grp11_578f49cf-IMG_6367.jpeg,338.69,1254.96,2076.48,2255.9,1.0,back of a traffic sign,False,False,2545.9,mtsd-p11
Cosmos Reason2 8B,back of a traffic sign,grp11_59f96d19-IMG_6251.jpeg,E:\2. UM-Student\MSC Dissertation\Urban-Vision-Benchmark\Datasets\MTSD\Prepared\MTSD-Unaugmented\MTSD-YOLO\test\images\grp11_59f96d19-IMG_6251.jpeg,705.98,340.7,1017.2,1216.49,1.0,back of a traffic sign,False,False,2515.2,mtsd-p11
Cosmos Reason2 8B,back of a traffic sign,grp11_5c71ae7e-IMG_6256.jpeg,E:\2. UM-Student\MSC Dissertation\Urban-Vision-Benchmark\Datasets\MTSD\Prepared\MTSD-Unaugmented\MTSD-YOLO\test\images\grp11_5c71ae7e-IMG_6256.jpeg,831.6,1020.1,2137.97,2088.58,1.0,back of a traffic sign,False,False,2537.3,mtsd-p11
Cosmos Reason2 8B,back of a traffic sign,grp11_5cef4344-Pre_2026_6674.jpg,E:\2. UM-Student\MSC Dissertation\Urban-Vision-Benchmark\Datasets\MTSD\Prepared\MTSD-Unaugmented\MTSD-YOLO\test\images\grp11_5cef4344-Pre_2026_6674.jpg,63.06,948.0,1709.27,2504.0,1.0,back of a traffic sign,False,False,2301.3,mtsd-p11
Cosmos Reason2 8B,back of a traffic sign,grp11_6bd01c27-IMG_1442.jpg,E:\2. UM-Student\MSC Dissertation\Urban-Vision-Benchmark\Datasets\MTSD\Prepared\MTSD-Unaugmented\MTSD-YOLO\test\images\grp11_6bd01c27-IMG_1442.jpg,1073.52,431.42,1811.38,1657.15,1.0,back of a traffic sign,False,False,2560.6,mtsd-p11
Cosmos Reason2 8B,back of a traffic sign,grp11_6d03b071-IMG_6395.jpeg,E:\2. UM-Student\MSC Dissertation\Urban-Vision-Benchmark\Datasets\MTSD\Prepared\MTSD-Unaugmented\MTSD-YOLO\test\images\grp11_6d03b071-IMG_6395.jpeg,1673.28,2395.01,2947.39,2851.63,1.0,back of a traffic sign,False,False,3181.8,mtsd-p11
Cosmos Reason2 8B,back of a traffic sign,grp11_6d1c0888-IMG_20251125_191657.jpg,E:\2. UM-Student\MSC Dissertation\Urban-Vision-Benchmark\Datasets\MTSD\Prepared\MTSD-Unaugmented\MTSD-YOLO\test\images\grp11_6d1c0888-IMG_20251125_191657.jpg,1503.0,1008.0,1614.0,1640.0,1.0,back of a traffic sign,False,False,2545.1,mtsd-p11
Cosmos Reason2 8B,back of a traffic sign,grp11_7041f709-IMG_1379.jpg,E:\2. UM-Student\MSC Dissertation\Urban-Vision-Benchmark\Datasets\MTSD\Prepared\MTSD-Unaugmented\MTSD-YOLO\test\images\grp11_7041f709-IMG_1379.jpg,1106.78,858.82,1766.02,2270.02,1.0,back of a traffic sign,False,False,2534.0,mtsd-p11
Cosmos Reason2 8B,back of a traffic sign,grp11_80f216ed-Pre_2026_6647.jpg,E:\2. UM-Student\MSC Dissertation\Urban-Vision-Benchmark\Datasets\MTSD\Prepared\MTSD-Unaugmented\MTSD-YOLO\test\images\grp11_80f216ed-Pre_2026_6647.jpg,,,,,,<no detections>,False,False,730.0,mtsd-p11
Cosmos Reason2 8B,back of a traffic sign,grp11_8297098a-IMG_6326.jpeg,E:\2. UM-Student\MSC Dissertation\Urban-Vision-Benchmark\Datasets\MTSD\Prepared\MTSD-Unaugmented\MTSD-YOLO\test\images\grp11_8297098a-IMG_6326.jpeg,1266.05,1016.06,2935.3,2933.28,1.0,back of a traffic sign,False,False,2565.2,mtsd-p11
Cosmos Reason2 8B,back of a traffic sign,grp11_87a2a97d-IMG_6417.jpeg,E:\2. UM-Student\MSC Dissertation\Urban-Vision-Benchmark\Datasets\MTSD\Prepared\MTSD-Unaugmented\MTSD-YOLO\test\images\grp11_87a2a97d-IMG_6417.jpeg,1566.72,1885.52,4101.76,5497.02,1.0,back of a traffic sign,False,False,2767.2,mtsd-p11
Cosmos Reason2 8B,back of a traffic sign,grp11_8d5205a5-IMG_6322.jpeg,E:\2. UM-Student\MSC Dissertation\Urban-Vision-Benchmark\Datasets\MTSD\Prepared\MTSD-Unaugmented\MTSD-YOLO\test\images\grp11_8d5205a5-IMG_6322.jpeg,3204.82,0.0,4291.7,3218.78,1.0,back of a traffic sign,False,False,2448.3,mtsd-p11
Cosmos Reason2 8B,back of a traffic sign,grp11_8da30211-IMG_1389.jpg,E:\2. UM-Student\MSC Dissertation\Urban-Vision-Benchmark\Datasets\MTSD\Prepared\MTSD-Unaugmented\MTSD-YOLO\test\images\grp11_8da30211-IMG_1389.jpg,979.78,330.62,2150.06,1572.48,1.0,back of a traffic sign,False,False,2486.6,mtsd-p11
Cosmos Reason2 8B,back of a traffic sign,grp11_92113811-IMG_1371.jpg,E:\2. UM-Student\MSC Dissertation\Urban-Vision-Benchmark\Datasets\MTSD\Prepared\MTSD-Unaugmented\MTSD-YOLO\test\images\grp11_92113811-IMG_1371.jpg,722.74,0.0,2388.96,1576.51,1.0,back of a traffic sign,False,False,4715.0,mtsd-p11
Cosmos Reason2 8B,back of a traffic sign,grp11_92113811-IMG_1371.jpg,E:\2. UM-Student\MSC Dissertation\Urban-Vision-Benchmark\Datasets\MTSD\Prepared\MTSD-Unaugmented\MTSD-YOLO\test\images\grp11_92113811-IMG_1371.jpg,1218.67,1673.28,2225.66,3515.9,1.0,back of a traffic sign,False,False,4715.0,mtsd-p11
Cosmos Reason2 8B,back of a traffic sign,grp11_93c9acc6-Pre_2026_6752.jpg,E:\2. UM-Student\MSC Dissertation\Urban-Vision-Benchmark\Datasets\MTSD\Prepared\MTSD-Unaugmented\MTSD-YOLO\test\images\grp11_93c9acc6-Pre_2026_6752.jpg,2352.0,526.97,3280.0,1175.54,1.0,back of a traffic sign,False,False,2345.8,mtsd-p11
Cosmos Reason2 8B,back of a traffic sign,grp11_94c2771c-IMG_1367.jpg,E:\2. UM-Student\MSC Dissertation\Urban-Vision-Benchmark\Datasets\MTSD\Prepared\MTSD-Unaugmented\MTSD-YOLO\test\images\grp11_94c2771c-IMG_1367.jpg,1088.64,366.91,1971.65,2020.03,1.0,back of a traffic sign,False,False,2491.1,mtsd-p11
Cosmos Reason2 8B,back of a traffic sign,grp11_9adb1ffc-IMG_1447.jpg,E:\2. UM-Student\MSC Dissertation\Urban-Vision-Benchmark\Datasets\MTSD\Prepared\MTSD-Unaugmented\MTSD-YOLO\test\images\grp11_9adb1ffc-IMG_1447.jpg,1052.35,508.03,2231.71,1770.05,1.0,back of a traffic sign,False,False,2552.8,mtsd-p11
Cosmos Reason2 8B,back of a traffic sign,grp11_9aea0791-Pre_2026_6686.jpg,E:\2. UM-Student\MSC Dissertation\Urban-Vision-Benchmark\Datasets\MTSD\Prepared\MTSD-Unaugmented\MTSD-YOLO\test\images\grp11_9aea0791-Pre_2026_6686.jpg,542.73,756.0,824.23,1684.0,1.0,back of a traffic sign,False,False,2334.1,mtsd-p11
Cosmos Reason2 8B,back of a traffic sign,grp11_9e3f1527-IMG_6303.jpeg,E:\2. UM-Student\MSC Dissertation\Urban-Vision-Benchmark\Datasets\MTSD\Prepared\MTSD-Unaugmented\MTSD-YOLO\test\images\grp11_9e3f1527-IMG_6303.jpeg,1310.4,583.63,2584.51,2446.42,1.0,back of a traffic sign,False,False,2541.0,mtsd-p11
Cosmos Reason2 8B,back of a traffic sign,grp11_a9ff1854-IMG_6408.jpeg,E:\2. UM-Student\MSC Dissertation\Urban-Vision-Benchmark\Datasets\MTSD\Prepared\MTSD-Unaugmented\MTSD-YOLO\test\images\grp11_a9ff1854-IMG_6408.jpeg,1838.59,668.3,3120.77,1847.66,1.0,back of a traffic sign,False,False,2556.3,mtsd-p11
Cosmos Reason2 8B,back of a traffic sign,grp11_aff5c880-IMG_6324.jpeg,E:\2. UM-Student\MSC Dissertation\Urban-Vision-Benchmark\Datasets\MTSD\Prepared\MTSD-Unaugmented\MTSD-YOLO\test\images\grp11_aff5c880-IMG_6324.jpeg,911.83,1086.89,1108.37,3436.8,1.0,back of a traffic sign,False,False,2536.7,mtsd-p11
Cosmos Reason2 8B,back of a traffic sign,grp11_b25d900c-Pre_2026_6648.jpg,E:\2. UM-Student\MSC Dissertation\Urban-Vision-Benchmark\Datasets\MTSD\Prepared\MTSD-Unaugmented\MTSD-YOLO\test\images\grp11_b25d900c-Pre_2026_6648.jpg,722.89,924.0,1319.67,1608.0,1.0,back of a traffic sign,False,False,2959.4,mtsd-p11
Cosmos Reason2 8B,back of a traffic sign,grp11_b40e574e-IMG_1307.jpg,E:\2. UM-Student\MSC Dissertation\Urban-Vision-Benchmark\Datasets\MTSD\Prepared\MTSD-Unaugmented\MTSD-YOLO\test\images\grp11_b40e574e-IMG_1307.jpg,719.71,0.0,1505.95,306.43,1.0,back of a traffic sign,False,False,2462.2,mtsd-p11
Cosmos Reason2 8B,back of a traffic sign,grp11_b4a34518-Pre_2026_6659.jpg,E:\2. UM-Student\MSC Dissertation\Urban-Vision-Benchmark\Datasets\MTSD\Prepared\MTSD-Unaugmented\MTSD-YOLO\test\images\grp11_b4a34518-Pre_2026_6659.jpg,576.51,1604.0,1033.67,2388.0,1.0,back of a traffic sign,False,False,2374.5,mtsd-p11
Cosmos Reason2 8B,back of a traffic sign,grp11_bab711b8-IMG_20251125_192613.jpg,E:\2. UM-Student\MSC Dissertation\Urban-Vision-Benchmark\Datasets\MTSD\Prepared\MTSD-Unaugmented\MTSD-YOLO\test\images\grp11_bab711b8-IMG_20251125_192613.jpg,1368.0,1660.0,1509.0,3996.0,1.0,back of a traffic sign,False,False,2531.8,mtsd-p11
Cosmos Reason2 8B,back of a traffic sign,grp11_badbe466-IMG_20251125_194752.jpg,E:\2. UM-Student\MSC Dissertation\Urban-Vision-Benchmark\Datasets\MTSD\Prepared\MTSD-Unaugmented\MTSD-YOLO\test\images\grp11_badbe466-IMG_20251125_194752.jpg,780.0,1368.0,1407.0,2092.0,1.0,back of a traffic sign,False,False,2552.9,mtsd-p11
Cosmos Reason2 8B,back of a traffic sign,grp11_bdad925f-IMG_20251125_194953.jpg,E:\2. UM-Student\MSC Dissertation\Urban-Vision-Benchmark\Datasets\MTSD\Prepared\MTSD-Unaugmented\MTSD-YOLO\test\images\grp11_bdad925f-IMG_20251125_194953.jpg,1089.0,1284.0,1860.0,2092.0,1.0,back of a traffic sign,False,False,2532.1,mtsd-p11
Cosmos Reason2 8B,back of a traffic sign,grp11_cb23d6ca-IMG_20251125_190938.jpg,E:\2. UM-Student\MSC Dissertation\Urban-Vision-Benchmark\Datasets\MTSD\Prepared\MTSD-Unaugmented\MTSD-YOLO\test\images\grp11_cb23d6ca-IMG_20251125_190938.jpg,2847.0,2072.0,2997.0,2556.0,1.0,back of a traffic sign,False,False,2542.4,mtsd-p11
Cosmos Reason2 8B,back of a traffic sign,grp11_cf483702-IMG_20251125_195623.jpg,E:\2. UM-Student\MSC Dissertation\Urban-Vision-Benchmark\Datasets\MTSD\Prepared\MTSD-Unaugmented\MTSD-YOLO\test\images\grp11_cf483702-IMG_20251125_195623.jpg,1428.0,584.0,2139.0,2692.0,1.0,back of a traffic sign,False,False,2551.5,mtsd-p11
Cosmos Reason2 8B,back of a traffic sign,grp11_d9b50eb1-Pre_2026_6691.jpg,E:\2. UM-Student\MSC Dissertation\Urban-Vision-Benchmark\Datasets\MTSD\Prepared\MTSD-Unaugmented\MTSD-YOLO\test\images\grp11_d9b50eb1-Pre_2026_6691.jpg,,,,,,<no detections>,False,False,1401.0,mtsd-p11
Cosmos Reason2 8B,back of a traffic sign,grp11_daaadabb-IMG_1451.jpg,E:\2. UM-Student\MSC Dissertation\Urban-Vision-Benchmark\Datasets\MTSD\Prepared\MTSD-Unaugmented\MTSD-YOLO\test\images\grp11_daaadabb-IMG_1451.jpg,759.02,0.0,1182.38,1447.49,1.0,back of a traffic sign,False,False,2463.8,mtsd-p11
Cosmos Reason2 8B,back of a traffic sign,grp11_e27435a0-IMG_20251125_194217.jpg,E:\2. UM-Student\MSC Dissertation\Urban-Vision-Benchmark\Datasets\MTSD\Prepared\MTSD-Unaugmented\MTSD-YOLO\test\images\grp11_e27435a0-IMG_20251125_194217.jpg,813.0,1156.0,1638.0,1908.0,1.0,back of a traffic sign,False,False,2528.1,mtsd-p11
Cosmos Reason2 8B,back of a traffic sign,grp11_ebb70ae4-Pre_2026_6672.jpg,E:\2. UM-Student\MSC Dissertation\Urban-Vision-Benchmark\Datasets\MTSD\Prepared\MTSD-Unaugmented\MTSD-YOLO\test\images\grp11_ebb70ae4-Pre_2026_6672.jpg,909.81,604.0,1630.45,1380.0,1.0,back of a traffic sign,False,False,2360.7,mtsd-p11
Cosmos Reason2 8B,back of a traffic sign,grp11_ee2f066e-IMG_20251125_194701.jpg,E:\2. UM-Student\MSC Dissertation\Urban-Vision-Benchmark\Datasets\MTSD\Prepared\MTSD-Unaugmented\MTSD-YOLO\test\images\grp11_ee2f066e-IMG_20251125_194701.jpg,522.0,1000.0,1470.0,1904.0,1.0,back of a traffic sign,False,False,2557.2,mtsd-p11
Cosmos Reason2 8B,back of a traffic sign,grp11_f09e9bf4-Pre_2026_6657.jpg,E:\2. UM-Student\MSC Dissertation\Urban-Vision-Benchmark\Datasets\MTSD\Prepared\MTSD-Unaugmented\MTSD-YOLO\test\images\grp11_f09e9bf4-Pre_2026_6657.jpg,502.2,508.0,1650.72,1760.0,1.0,back of a traffic sign,False,False,2340.0,mtsd-p11
Cosmos Reason2 8B,back of a traffic sign,grp11_f0c7f95a-IMG_6420.jpeg,E:\2. UM-Student\MSC Dissertation\Urban-Vision-Benchmark\Datasets\MTSD\Prepared\MTSD-Unaugmented\MTSD-YOLO\test\images\grp11_f0c7f95a-IMG_6420.jpeg,711.51,1145.02,3435.05,2095.66,1.0,back of a traffic sign,False,False,2545.3,mtsd-p11
Cosmos Reason2 8B,back of a traffic sign,grp11_f3e6cd7a-IMG_6398.jpeg,E:\2. UM-Student\MSC Dissertation\Urban-Vision-Benchmark\Datasets\MTSD\Prepared\MTSD-Unaugmented\MTSD-YOLO\test\images\grp11_f3e6cd7a-IMG_6398.jpeg,63.57,646.23,1613.04,2876.27,1.0,back of a traffic sign,False,False,2519.6,mtsd-p11
Cosmos Reason2 8B,back of a traffic sign,grp11_f71868de-IMG_20251125_191832.jpg,E:\2. UM-Student\MSC Dissertation\Urban-Vision-Benchmark\Datasets\MTSD\Prepared\MTSD-Unaugmented\MTSD-YOLO\test\images\grp11_f71868de-IMG_20251125_191832.jpg,303.0,356.0,1002.0,1328.0,1.0,back of a traffic sign,False,False,3175.7,mtsd-p11
Cosmos Reason2 8B,back of a traffic sign,grp11_fbaad6ff-IMG_1423.jpg,E:\2. UM-Student\MSC Dissertation\Urban-Vision-Benchmark\Datasets\MTSD\Prepared\MTSD-Unaugmented\MTSD-YOLO\test\images\grp11_fbaad6ff-IMG_1423.jpg,991.87,447.55,2004.91,1382.98,1.0,back of a traffic sign,False,False,2537.4,mtsd-p11
Cosmos Reason2 8B,back of a traffic sign,grp1_02ac92f5-IMG20251123165127.jpg,E:\2. UM-Student\MSC Dissertation\Urban-Vision-Benchmark\Datasets\MTSD\Prepared\MTSD-Unaugmented\MTSD-YOLO\test\images\grp1_02ac92f5-IMG20251123165127.jpg,2052.1,3522.56,2654.21,4042.75,1.0,back of a traffic sign,False,False,2549.9,mtsd-p11
Cosmos Reason2 8B,back of a traffic sign,grp1_0608acbd-IMG_4633.jpeg,E:\2. UM-Student\MSC Dissertation\Urban-Vision-Benchmark\Datasets\MTSD\Prepared\MTSD-Unaugmented\MTSD-YOLO\test\images\grp1_0608acbd-IMG_4633.jpeg,,,,,,<no detections>,False,False,928.1,mtsd-p11
Cosmos Reason2 8B,back of a traffic sign,grp1_072bd818-IMG_4648.jpeg,E:\2. UM-Student\MSC Dissertation\Urban-Vision-Benchmark\Datasets\MTSD\Prepared\MTSD-Unaugmented\MTSD-YOLO\test\images\grp1_072bd818-IMG_4648.jpeg,1106.78,1431.36,1784.16,3100.61,1.0,back of a traffic sign,False,False,2549.1,mtsd-p11
Cosmos Reason2 8B,back of a traffic sign,grp1_091652b2-IMG20260105120954.jpg,E:\2. UM-Student\MSC Dissertation\Urban-Vision-Benchmark\Datasets\MTSD\Prepared\MTSD-Unaugmented\MTSD-YOLO\test\images\grp1_091652b2-IMG20260105120954.jpg,485.38,1032.19,2777.09,3076.1,1.0,back of a traffic sign,False,False,2557.2,mtsd-p11
Cosmos Reason2 8B,back of a traffic sign,grp1_094f8a9f-RV__2.jpeg,E:\2. UM-Student\MSC Dissertation\Urban-Vision-Benchmark\Datasets\MTSD\Prepared\MTSD-Unaugmented\MTSD-YOLO\test\images\grp1_094f8a9f-RV__2.jpeg,105.84,2971.58,329.62,3189.31,1.0,back of a traffic sign,False,False,2512.2,mtsd-p11
Cosmos Reason2 8B,back of a traffic sign,grp1_0dd8c85f-RV_001_114.jpeg,E:\2. UM-Student\MSC Dissertation\Urban-Vision-Benchmark\Datasets\MTSD\Prepared\MTSD-Unaugmented\MTSD-YOLO\test\images\grp1_0dd8c85f-RV_001_114.jpeg,1043.28,1709.57,2050.27,2794.18,1.0,back of a traffic sign,False,False,2565.9,mtsd-p11
Cosmos Reason2 8B,back of a traffic sign,grp1_0ea4c27e-RV_001_43.jpeg,E:\2. UM-Student\MSC Dissertation\Urban-Vision-Benchmark\Datasets\MTSD\Prepared\MTSD-Unaugmented\MTSD-YOLO\test\images\grp1_0ea4c27e-RV_001_43.jpeg,916.27,1866.82,2147.04,2959.49,1.0,back of a traffic sign,False,False,3257.1,mtsd-p11
Cosmos Reason2 8B,back of a traffic sign,grp1_1bc3cf13-IMG_5516.jpeg,E:\2. UM-Student\MSC Dissertation\Urban-Vision-Benchmark\Datasets\MTSD\Prepared\MTSD-Unaugmented\MTSD-YOLO\test\images\grp1_1bc3cf13-IMG_5516.jpeg,548.45,884.1,1059.07,1373.4,1.0,back of a traffic sign,False,False,2535.3,mtsd-p11
Cosmos Reason2 8B,back of a traffic sign,grp1_1e8d03ef-IMG_4745.jpeg,E:\2. UM-Student\MSC Dissertation\Urban-Vision-Benchmark\Datasets\MTSD\Prepared\MTSD-Unaugmented\MTSD-YOLO\test\images\grp1_1e8d03ef-IMG_4745.jpeg,786.24,758.02,2416.18,2382.91,1.0,back of a traffic sign,False,False,2577.8,mtsd-p11
Cosmos Reason2 8B,back of a traffic sign,grp1_1ea7fc82-IMG_4719.jpeg,E:\2. UM-Student\MSC Dissertation\Urban-Vision-Benchmark\Datasets\MTSD\Prepared\MTSD-Unaugmented\MTSD-YOLO\test\images\grp1_1ea7fc82-IMG_4719.jpeg,1384.99,1173.31,2388.96,3024.0,1.0,back of a traffic sign,False,False,2592.0,mtsd-p11
Cosmos Reason2 8B,back of a traffic sign,grp1_213f8e9b-IMG20260105131202.jpg,E:\2. UM-Student\MSC Dissertation\Urban-Vision-Benchmark\Datasets\MTSD\Prepared\MTSD-Unaugmented\MTSD-YOLO\test\images\grp1_213f8e9b-IMG20260105131202.jpg,,,,,,<no detections>,False,False,936.5,mtsd-p11
Cosmos Reason2 8B,back of a traffic sign,grp1_22a1d833-RV_001_174.jpeg,E:\2. UM-Student\MSC Dissertation\Urban-Vision-Benchmark\Datasets\MTSD\Prepared\MTSD-Unaugmented\MTSD-YOLO\test\images\grp1_22a1d833-RV_001_174.jpeg,1043.28,995.9,2249.86,1995.84,1.0,back of a traffic sign,False,False,4248.2,mtsd-p11
Cosmos Reason2 8B,back of a traffic sign,grp1_22a1d833-RV_001_174.jpeg,E:\2. UM-Student\MSC Dissertation\Urban-Vision-Benchmark\Datasets\MTSD\Prepared\MTSD-Unaugmented\MTSD-YOLO\test\images\grp1_22a1d833-RV_001_174.jpeg,1067.47,2007.94,2171.23,3084.48,1.0,back of a traffic sign,False,False,4248.2,mtsd-p11
Cosmos Reason2 8B,back of a traffic sign,grp1_22c68da3-IMG_4717.jpeg,E:\2. UM-Student\MSC Dissertation\Urban-Vision-Benchmark\Datasets\MTSD\Prepared\MTSD-Unaugmented\MTSD-YOLO\test\images\grp1_22c68da3-IMG_4717.jpeg,743.9,1149.12,2382.91,2471.62,1.0,back of a traffic sign,False,False,2580.9,mtsd-p11
Cosmos Reason2 8B,back of a traffic sign,grp1_2493a507-RV_001_172.jpeg,E:\2. UM-Student\MSC Dissertation\Urban-Vision-Benchmark\Datasets\MTSD\Prepared\MTSD-Unaugmented\MTSD-YOLO\test\images\grp1_2493a507-RV_001_172.jpeg,955.58,1439.42,1995.84,2278.08,1.0,back of a traffic sign,False,False,2599.4,mtsd-p11
Cosmos Reason2 8B,back of a traffic sign,grp1_25ff97a8-IMG20260105132835.jpg,E:\2. UM-Student\MSC Dissertation\Urban-Vision-Benchmark\Datasets\MTSD\Prepared\MTSD-Unaugmented\MTSD-YOLO\test\images\grp1_25ff97a8-IMG20260105132835.jpg,470.02,860.16,2740.22,2805.76,1.0,back of a traffic sign,False,False,3192.3,mtsd-p11
Cosmos Reason2 8B,back of a traffic sign,grp1_265aa6a6-IMG_5573.jpeg,E:\2. UM-Student\MSC Dissertation\Urban-Vision-Benchmark\Datasets\MTSD\Prepared\MTSD-Unaugmented\MTSD-YOLO\test\images\grp1_265aa6a6-IMG_5573.jpeg,1315.44,1979.71,1693.44,2786.11,1.0,back of a traffic sign,False,False,2566.7,mtsd-p11
Cosmos Reason2 8B,back of a traffic sign,grp1_2a767150-RV_001_64.jpeg,E:\2. UM-Student\MSC Dissertation\Urban-Vision-Benchmark\Datasets\MTSD\Prepared\MTSD-Unaugmented\MTSD-YOLO\test\images\grp1_2a767150-RV_001_64.jpeg,910.22,2604.67,1938.38,3652.99,1.0,back of a traffic sign,False,False,2554.6,mtsd-p11
Cosmos Reason2 8B,back of a traffic sign,grp1_2f062204-IMG_5549.jpeg,E:\2. UM-Student\MSC Dissertation\Urban-Vision-Benchmark\Datasets\MTSD\Prepared\MTSD-Unaugmented\MTSD-YOLO\test\images\grp1_2f062204-IMG_5549.jpeg,1179.36,1774.08,1886.98,2491.78,1.0,back of a traffic sign,False,False,2574.2,mtsd-p11
Cosmos Reason2 8B,back of a traffic sign,grp1_335c2601-IMG_4793.jpeg,E:\2. UM-Student\MSC Dissertation\Urban-Vision-Benchmark\Datasets\MTSD\Prepared\MTSD-Unaugmented\MTSD-YOLO\test\images\grp1_335c2601-IMG_4793.jpeg,583.63,3761.86,1276.13,4027.97,1.0,back of a traffic sign,False,False,2586.6,mtsd-p11
Cosmos Reason2 8B,back of a traffic sign,grp1_37e4fc9d-RV_001_33.jpeg,E:\2. UM-Student\MSC Dissertation\Urban-Vision-Benchmark\Datasets\MTSD\Prepared\MTSD-Unaugmented\MTSD-YOLO\test\images\grp1_37e4fc9d-RV_001_33.jpeg,1006.99,1895.04,2119.82,3003.84,1.0,back of a traffic sign,False,False,2551.9,mtsd-p11
Cosmos Reason2 8B,back of a traffic sign,grp1_39fe0c0b-IMG_4673.jpeg,E:\2. UM-Student\MSC Dissertation\Urban-Vision-Benchmark\Datasets\MTSD\Prepared\MTSD-Unaugmented\MTSD-YOLO\test\images\grp1_39fe0c0b-IMG_4673.jpeg,867.89,753.98,2077.49,2511.94,1.0,back of a traffic sign,False,False,2506.6,mtsd-p11
Cosmos Reason2 8B,back of a traffic sign,grp1_3b1bbe25-IMG_4677.jpeg,E:\2. UM-Student\MSC Dissertation\Urban-Vision-Benchmark\Datasets\MTSD\Prepared\MTSD-Unaugmented\MTSD-YOLO\test\images\grp1_3b1bbe25-IMG_4677.jpeg,465.7,1008.0,2528.06,3286.08,1.0,back of a traffic sign,False,False,2554.5,mtsd-p11
Cosmos Reason2 8B,back of a traffic sign,grp1_46552970-IMG_5766.jpeg,E:\2. UM-Student\MSC Dissertation\Urban-Vision-Benchmark\Datasets\MTSD\Prepared\MTSD-Unaugmented\MTSD-YOLO\test\images\grp1_46552970-IMG_5766.jpeg,0.0,3302.21,51.41,3511.87,1.0,back of a traffic sign,False,False,3090.2,mtsd-p11
Cosmos Reason2 8B,back of a traffic sign,grp1_4b0be6d1-IMG20260105131256.jpg,E:\2. UM-Student\MSC Dissertation\Urban-Vision-Benchmark\Datasets\MTSD\Prepared\MTSD-Unaugmented\MTSD-YOLO\test\images\grp1_4b0be6d1-IMG20260105131256.jpg,771.07,397.31,2482.18,3309.57,1.0,back of a traffic sign,False,False,2551.4,mtsd-p11
Cosmos Reason2 8B,back of a traffic sign,grp1_5068c583-IMG_4683.jpeg,E:\2. UM-Student\MSC Dissertation\Urban-Vision-Benchmark\Datasets\MTSD\Prepared\MTSD-Unaugmented\MTSD-YOLO\test\images\grp1_5068c583-IMG_4683.jpeg,768.1,1407.17,1992.82,3019.97,1.0,back of a traffic sign,False,False,2562.0,mtsd-p11
Cosmos Reason2 8B,back of a traffic sign,grp1_52634fe4-IMG_20260108_180144.jpg,E:\2. UM-Student\MSC Dissertation\Urban-Vision-Benchmark\Datasets\MTSD\Prepared\MTSD-Unaugmented\MTSD-YOLO\test\images\grp1_52634fe4-IMG_20260108_180144.jpg,1314.82,0.0,2285.57,1126.4,1.0,back of a traffic sign,False,False,2469.6,mtsd-p11
Cosmos Reason2 8B,back of a traffic sign,grp1_531e767b-IMG_4685.jpeg,E:\2. UM-Student\MSC Dissertation\Urban-Vision-Benchmark\Datasets\MTSD\Prepared\MTSD-Unaugmented\MTSD-YOLO\test\images\grp1_531e767b-IMG_4685.jpeg,314.5,1322.5,1977.7,3483.65,1.0,back of a traffic sign,False,False,2551.3,mtsd-p11
Cosmos Reason2 8B,back of a traffic sign,grp1_53e7c3c2-IMG_5568.jpeg,E:\2. UM-Student\MSC Dissertation\Urban-Vision-Benchmark\Datasets\MTSD\Prepared\MTSD-Unaugmented\MTSD-YOLO\test\images\grp1_53e7c3c2-IMG_5568.jpeg,1070.5,1701.5,1696.46,2802.24,1.0,back of a traffic sign,False,False,2549.5,mtsd-p11
Cosmos Reason2 8B,back of a traffic sign,grp1_578dabe6-IMG_4802.jpeg,E:\2. UM-Student\MSC Dissertation\Urban-Vision-Benchmark\Datasets\MTSD\Prepared\MTSD-Unaugmented\MTSD-YOLO\test\images\grp1_578dabe6-IMG_4802.jpeg,795.31,963.65,2301.26,2201.47,1.0,back of a traffic sign,False,False,2553.3,mtsd-p11
Cosmos Reason2 8B,back of a traffic sign,grp1_598f8dcc-IMG_5777.jpeg,E:\2. UM-Student\MSC Dissertation\Urban-Vision-Benchmark\Datasets\MTSD\Prepared\MTSD-Unaugmented\MTSD-YOLO\test\images\grp1_598f8dcc-IMG_5777.jpeg,923.54,1434.3,981.85,1518.3,1.0,back of a traffic sign,False,False,2526.7,mtsd-p11
Cosmos Reason2 8B,back of a traffic sign,grp1_5eb024cb-IMG_20260108_180228.jpg,E:\2. UM-Student\MSC Dissertation\Urban-Vision-Benchmark\Datasets\MTSD\Prepared\MTSD-Unaugmented\MTSD-YOLO\test\images\grp1_5eb024cb-IMG_20260108_180228.jpg,552.96,933.89,2568.19,2924.54,1.0,back of a traffic sign,False,False,3297.9,mtsd-p11
Cosmos Reason2 8B,back of a traffic sign,grp1_64a36757-IMG20251230164429.jpg,E:\2. UM-Student\MSC Dissertation\Urban-Vision-Benchmark\Datasets\MTSD\Prepared\MTSD-Unaugmented\MTSD-YOLO\test\images\grp1_64a36757-IMG20251230164429.jpg,645.12,2551.81,1984.51,4055.04,1.0,back of a traffic sign,False,False,2598.3,mtsd-p11
Cosmos Reason2 8B,back of a traffic sign,grp1_69e094db-IMG20260103164903.jpg,E:\2. UM-Student\MSC Dissertation\Urban-Vision-Benchmark\Datasets\MTSD\Prepared\MTSD-Unaugmented\MTSD-YOLO\test\images\grp1_69e094db-IMG20260103164903.jpg,,,,,,<no detections>,False,False,943.1,mtsd-p11
Cosmos Reason2 8B,back of a traffic sign,grp1_6ad1ae03-IMG_4778.jpeg,E:\2. UM-Student\MSC Dissertation\Urban-Vision-Benchmark\Datasets\MTSD\Prepared\MTSD-Unaugmented\MTSD-YOLO\test\images\grp1_6ad1ae03-IMG_4778.jpeg,1512.0,0.0,2134.94,282.24,1.0,back of a traffic sign,False,False,2433.9,mtsd-p11
Cosmos Reason2 8B,back of a traffic sign,grp1_7052b6a6-IMG_5704.jpeg,E:\2. UM-Student\MSC Dissertation\Urban-Vision-Benchmark\Datasets\MTSD\Prepared\MTSD-Unaugmented\MTSD-YOLO\test\images\grp1_7052b6a6-IMG_5704.jpeg,886.03,1499.9,2004.91,2499.84,1.0,back of a traffic sign,False,False,2544.6,mtsd-p11
Cosmos Reason2 8B,back of a traffic sign,grp1_71268279-IMG_4702.jpeg,E:\2. UM-Student\MSC Dissertation\Urban-Vision-Benchmark\Datasets\MTSD\Prepared\MTSD-Unaugmented\MTSD-YOLO\test\images\grp1_71268279-IMG_4702.jpeg,1031.18,1612.8,2029.1,2745.79,1.0,back of a traffic sign,False,False,2575.5,mtsd-p11
Cosmos Reason2 8B,back of a traffic sign,grp1_7fcdb608-IMG_5767.jpeg,E:\2. UM-Student\MSC Dissertation\Urban-Vision-Benchmark\Datasets\MTSD\Prepared\MTSD-Unaugmented\MTSD-YOLO\test\images\grp1_7fcdb608-IMG_5767.jpeg,1291.25,1346.69,1714.61,2677.25,1.0,back of a traffic sign,False,False,2553.3,mtsd-p11
Cosmos Reason2 8B,back of a traffic sign,grp1_8135c353-IMG_4634.jpeg,E:\2. UM-Student\MSC Dissertation\Urban-Vision-Benchmark\Datasets\MTSD\Prepared\MTSD-Unaugmented\MTSD-YOLO\test\images\grp1_8135c353-IMG_4634.jpeg,967.68,3790.08,1527.12,4027.97,1.0,back of a traffic sign,False,False,2599.9,mtsd-p11
Cosmos Reason2 8B,back of a traffic sign,grp1_831c366a-IMG_5656.jpeg,E:\2. UM-Student\MSC Dissertation\Urban-Vision-Benchmark\Datasets\MTSD\Prepared\MTSD-Unaugmented\MTSD-YOLO\test\images\grp1_831c366a-IMG_5656.jpeg,394.0,720.3,1246.62,1503.6,1.0,back of a traffic sign,False,False,3227.8,mtsd-p11
Cosmos Reason2 8B,back of a traffic sign,grp1_87d2eeb0-IMG20251124134318.jpg,E:\2. UM-Student\MSC Dissertation\Urban-Vision-Benchmark\Datasets\MTSD\Prepared\MTSD-Unaugmented\MTSD-YOLO\test\images\grp1_87d2eeb0-IMG20251124134318.jpg,,,,,,<no detections>,False,False,950.2,mtsd-p11
Cosmos Reason2 8B,back of a traffic sign,grp1_8941e841-RV_001_100.jpeg,E:\2. UM-Student\MSC Dissertation\Urban-Vision-Benchmark\Datasets\MTSD\Prepared\MTSD-Unaugmented\MTSD-YOLO\test\images\grp1_8941e841-RV_001_100.jpeg,42.34,3600.58,93.74,3713.47,1.0,back of a traffic sign,False,False,2459.2,mtsd-p11
Cosmos Reason2 8B,back of a traffic sign,grp1_8b994555-IMG_5798.jpeg,E:\2. UM-Student\MSC Dissertation\Urban-Vision-Benchmark\Datasets\MTSD\Prepared\MTSD-Unaugmented\MTSD-YOLO\test\images\grp1_8b994555-IMG_5798.jpeg,795.31,459.65,2150.06,1552.32,1.0,back of a traffic sign,False,False,4234.6,mtsd-p11
Cosmos Reason2 8B,back of a traffic sign,grp1_8b994555-IMG_5798.jpeg,E:\2. UM-Student\MSC Dissertation\Urban-Vision-Benchmark\Datasets\MTSD\Prepared\MTSD-Unaugmented\MTSD-YOLO\test\images\grp1_8b994555-IMG_5798.jpeg,922.32,1560.38,2023.06,2628.86,1.0,back of a traffic sign,False,False,4234.6,mtsd-p11
Cosmos Reason2 8B,back of a traffic sign,grp1_8d820602-IMG_4687.jpeg,E:\2. UM-Student\MSC Dissertation\Urban-Vision-Benchmark\Datasets\MTSD\Prepared\MTSD-Unaugmented\MTSD-YOLO\test\images\grp1_8d820602-IMG_4687.jpeg,1303.34,1112.83,1850.69,3346.56,1.0,back of a traffic sign,False,False,2547.7,mtsd-p11
Cosmos Reason2 8B,back of a traffic sign,grp1_8fe876b9-IMG_4754.jpeg,E:\2. UM-Student\MSC Dissertation\Urban-Vision-Benchmark\Datasets\MTSD\Prepared\MTSD-Unaugmented\MTSD-YOLO\test\images\grp1_8fe876b9-IMG_4754.jpeg,1635.98,854.78,2268.0,3140.93,1.0,back of a traffic sign,False,False,2563.5,mtsd-p11
Cosmos Reason2 8B,back of a traffic sign,grp1_9082eb51-IMG20251230170110.jpg,E:\2. UM-Student\MSC Dissertation\Urban-Vision-Benchmark\Datasets\MTSD\Prepared\MTSD-Unaugmented\MTSD-YOLO\test\images\grp1_9082eb51-IMG20251230170110.jpg,1551.36,0.0,1815.55,1142.78,1.0,back of a traffic sign,False,False,2428.8,mtsd-p11
Cosmos Reason2 8B,back of a traffic sign,grp1_9dfbd54a-IMG_5537.jpeg,E:\2. UM-Student\MSC Dissertation\Urban-Vision-Benchmark\Datasets\MTSD\Prepared\MTSD-Unaugmented\MTSD-YOLO\test\images\grp1_9dfbd54a-IMG_5537.jpeg,526.38,747.6,1059.07,2097.9,1.0,back of a traffic sign,False,False,2490.2,mtsd-p11
Cosmos Reason2 8B,back of a traffic sign,grp1_9f52d58a-IMG_5554.jpeg,E:\2. UM-Student\MSC Dissertation\Urban-Vision-Benchmark\Datasets\MTSD\Prepared\MTSD-Unaugmented\MTSD-YOLO\test\images\grp1_9f52d58a-IMG_5554.jpeg,958.61,1616.83,2192.4,2580.48,1.0,back of a traffic sign,False,False,4798.2,mtsd-p11
Cosmos Reason2 8B,back of a traffic sign,grp1_9f52d58a-IMG_5554.jpeg,E:\2. UM-Student\MSC Dissertation\Urban-Vision-Benchmark\Datasets\MTSD\Prepared\MTSD-Unaugmented\MTSD-YOLO\test\images\grp1_9f52d58a-IMG_5554.jpeg,719.71,2560.32,2316.38,4027.97,1.0,back of a traffic sign,False,False,4798.2,mtsd-p11
Cosmos Reason2 8B,back of a traffic sign,grp1_a7df285e-RV_001_147.jpeg,E:\2. UM-Student\MSC Dissertation\Urban-Vision-Benchmark\Datasets\MTSD\Prepared\MTSD-Unaugmented\MTSD-YOLO\test\images\grp1_a7df285e-RV_001_147.jpeg,1158.19,1943.42,1953.5,2669.18,1.0,back of a traffic sign,False,False,2535.5,mtsd-p11
Cosmos Reason2 8B,back of a traffic sign,grp1_a9638634-IMG20260105131308.jpg,E:\2. UM-Student\MSC Dissertation\Urban-Vision-Benchmark\Datasets\MTSD\Prepared\MTSD-Unaugmented\MTSD-YOLO\test\images\grp1_a9638634-IMG20260105131308.jpg,1142.78,0.0,1855.49,1183.74,1.0,back of a traffic sign,False,False,2427.0,mtsd-p11
Cosmos Reason2 8B,back of a traffic sign,grp1_aa406f9d-IMG_4615.jpeg,E:\2. UM-Student\MSC Dissertation\Urban-Vision-Benchmark\Datasets\MTSD\Prepared\MTSD-Unaugmented\MTSD-YOLO\test\images\grp1_aa406f9d-IMG_4615.jpeg,819.5,1588.61,2047.25,2963.52,1.0,back of a traffic sign,False,False,2551.4,mtsd-p11
Cosmos Reason2 8B,back of a traffic sign,grp1_b82e20fa-IMG_4708.jpeg,E:\2. UM-Student\MSC Dissertation\Urban-Vision-Benchmark\Datasets\MTSD\Prepared\MTSD-Unaugmented\MTSD-YOLO\test\images\grp1_b82e20fa-IMG_4708.jpeg,849.74,1072.51,1744.85,3052.22,1.0,back of a traffic sign,False,False,2535.4,mtsd-p11
Cosmos Reason2 8B,back of a traffic sign,grp1_c74547eb-RV_001_38.jpeg,E:\2. UM-Student\MSC Dissertation\Urban-Vision-Benchmark\Datasets\MTSD\Prepared\MTSD-Unaugmented\MTSD-YOLO\test\images\grp1_c74547eb-RV_001_38.jpeg,1251.94,1632.96,1823.47,2640.96,1.0,back of a traffic sign,False,False,2573.8,mtsd-p11
Cosmos Reason2 8B,back of a traffic sign,grp1_ca48394e-RV_001_125.jpeg,E:\2. UM-Student\MSC Dissertation\Urban-Vision-Benchmark\Datasets\MTSD\Prepared\MTSD-Unaugmented\MTSD-YOLO\test\images\grp1_ca48394e-RV_001_125.jpeg,1303.34,1987.78,1672.27,3011.9,1.0,back of a traffic sign,False,False,2539.9,mtsd-p11
Cosmos Reason2 8B,back of a traffic sign,grp1_cb282f25-RV_001_112.jpeg,E:\2. UM-Student\MSC Dissertation\Urban-Vision-Benchmark\Datasets\MTSD\Prepared\MTSD-Unaugmented\MTSD-YOLO\test\images\grp1_cb282f25-RV_001_112.jpeg,1037.23,2032.13,2065.39,2975.62,1.0,back of a traffic sign,False,False,2588.1,mtsd-p11
Cosmos Reason2 8B,back of a traffic sign,grp1_ce09cd20-IMG_4692.jpeg,E:\2. UM-Student\MSC Dissertation\Urban-Vision-Benchmark\Datasets\MTSD\Prepared\MTSD-Unaugmented\MTSD-YOLO\test\images\grp1_ce09cd20-IMG_4692.jpeg,411.13,3032.36,789.0,3773.44,1.0,back of a traffic sign,False,False,3206.6,mtsd-p11
Cosmos Reason2 8B,back of a traffic sign,grp1_d341fc22-IMG20260105131647.jpg,E:\2. UM-Student\MSC Dissertation\Urban-Vision-Benchmark\Datasets\MTSD\Prepared\MTSD-Unaugmented\MTSD-YOLO\test\images\grp1_d341fc22-IMG20260105131647.jpg,629.76,1019.9,2540.54,3141.63,1.0,back of a traffic sign,False,False,2606.6,mtsd-p11
Cosmos Reason2 8B,back of a traffic sign,grp1_d64c06cd-IMG20260103165218.jpg,E:\2. UM-Student\MSC Dissertation\Urban-Vision-Benchmark\Datasets\MTSD\Prepared\MTSD-Unaugmented\MTSD-YOLO\test\images\grp1_d64c06cd-IMG20260103165218.jpg,675.84,884.74,2568.19,2867.2,1.0,back of a traffic sign,False,False,2540.8,mtsd-p11
Cosmos Reason2 8B,back of a traffic sign,grp1_d681b797-IMG20260105132903.jpg,E:\2. UM-Student\MSC Dissertation\Urban-Vision-Benchmark\Datasets\MTSD\Prepared\MTSD-Unaugmented\MTSD-YOLO\test\images\grp1_d681b797-IMG20260105132903.jpg,2368.51,1236.99,3068.93,3485.7,1.0,back of a traffic sign,False,False,2599.0,mtsd-p11
Cosmos Reason2 8B,back of a traffic sign,grp1_db486299-IMG_5815.jpeg,E:\2. UM-Student\MSC Dissertation\Urban-Vision-Benchmark\Datasets\MTSD\Prepared\MTSD-Unaugmented\MTSD-YOLO\test\images\grp1_db486299-IMG_5815.jpeg,985.82,1471.68,2180.3,2515.97,1.0,back of a traffic sign,False,False,2577.4,mtsd-p11
Cosmos Reason2 8B,back of a traffic sign,grp1_dbac3098-IMG_4803.jpeg,E:\2. UM-Student\MSC Dissertation\Urban-Vision-Benchmark\Datasets\MTSD\Prepared\MTSD-Unaugmented\MTSD-YOLO\test\images\grp1_dbac3098-IMG_4803.jpeg,1288.22,951.55,2228.69,2689.34,1.0,back of a traffic sign,False,False,2571.2,mtsd-p11
Cosmos Reason2 8B,back of a traffic sign,grp1_e1306f94-IMG20251230164545.jpg,E:\2. UM-Student\MSC Dissertation\Urban-Vision-Benchmark\Datasets\MTSD\Prepared\MTSD-Unaugmented\MTSD-YOLO\test\images\grp1_e1306f94-IMG20251230164545.jpg,586.75,3022.85,2291.71,4091.9,1.0,back of a traffic sign,False,False,2561.7,mtsd-p11
Cosmos Reason2 8B,back of a traffic sign,grp1_e3c71733-IMG_5538.jpeg,E:\2. UM-Student\MSC Dissertation\Urban-Vision-Benchmark\Datasets\MTSD\Prepared\MTSD-Unaugmented\MTSD-YOLO\test\images\grp1_e3c71733-IMG_5538.jpeg,1303.34,1455.55,1871.86,2568.38,1.0,back of a traffic sign,False,False,2588.7,mtsd-p11
Cosmos Reason2 8B,back of a traffic sign,grp1_e7b1a54d-IMG_5669.jpeg,E:\2. UM-Student\MSC Dissertation\Urban-Vision-Benchmark\Datasets\MTSD\Prepared\MTSD-Unaugmented\MTSD-YOLO\test\images\grp1_e7b1a54d-IMG_5669.jpeg,,,,,,<no detections>,False,False,1654.1,mtsd-p11
Cosmos Reason2 8B,back of a traffic sign,grp1_e9043741-IMG_4709.jpeg,E:\2. UM-Student\MSC Dissertation\Urban-Vision-Benchmark\Datasets\MTSD\Prepared\MTSD-Unaugmented\MTSD-YOLO\test\images\grp1_e9043741-IMG_4709.jpeg,1814.4,96.77,2001.89,471.74,1.0,back of a traffic sign,False,False,2539.5,mtsd-p11
Cosmos Reason2 8B,back of a traffic sign,grp1_ec712362-IMG_5803.jpeg,E:\2. UM-Student\MSC Dissertation\Urban-Vision-Benchmark\Datasets\MTSD\Prepared\MTSD-Unaugmented\MTSD-YOLO\test\images\grp1_ec712362-IMG_5803.jpeg,513.78,260.4,1117.38,867.3,1.0,back of a traffic sign,False,False,2532.7,mtsd-p11
Cosmos Reason2 8B,back of a traffic sign,grp1_f28bdb6c-RV_001_29.jpeg,E:\2. UM-Student\MSC Dissertation\Urban-Vision-Benchmark\Datasets\MTSD\Prepared\MTSD-Unaugmented\MTSD-YOLO\test\images\grp1_f28bdb6c-RV_001_29.jpeg,1451.52,1270.08,2110.75,2439.36,1.0,back of a traffic sign,False,False,2578.6,mtsd-p11
Cosmos Reason2 8B,back of a traffic sign,grp1_f3f0450d-IMG20260105132606.jpg,E:\2. UM-Student\MSC Dissertation\Urban-Vision-Benchmark\Datasets\MTSD\Prepared\MTSD-Unaugmented\MTSD-YOLO\test\images\grp1_f3f0450d-IMG20260105132606.jpg,635.9,1011.71,2282.5,2121.73,1.0,back of a traffic sign,False,False,2566.1,mtsd-p11
Cosmos Reason2 8B,back of a traffic sign,grp1_f4371c23-IMG_5562.jpeg,E:\2. UM-Student\MSC Dissertation\Urban-Vision-Benchmark\Datasets\MTSD\Prepared\MTSD-Unaugmented\MTSD-YOLO\test\images\grp1_f4371c23-IMG_5562.jpeg,1040.26,1479.74,1608.77,2721.6,1.0,back of a traffic sign,False,False,2543.7,mtsd-p11
Cosmos Reason2 8B,back of a traffic sign,grp1_f468f4a5-IMG_5772.jpeg,E:\2. UM-Student\MSC Dissertation\Urban-Vision-Benchmark\Datasets\MTSD\Prepared\MTSD-Unaugmented\MTSD-YOLO\test\images\grp1_f468f4a5-IMG_5772.jpeg,834.62,1334.59,2004.91,2882.88,1.0,back of a traffic sign,False,False,2554.3,mtsd-p11
Cosmos Reason2 8B,back of a traffic sign,grp1_fa18c1a9-IMG_5810.jpeg,E:\2. UM-Student\MSC Dissertation\Urban-Vision-Benchmark\Datasets\MTSD\Prepared\MTSD-Unaugmented\MTSD-YOLO\test\images\grp1_fa18c1a9-IMG_5810.jpeg,1197.5,0.0,1642.03,1632.96,1.0,back of a traffic sign,False,False,2483.4,mtsd-p11
Cosmos Reason2 8B,back of a traffic sign,grp1_fb9922e7-IMG_4700.jpeg,E:\2. UM-Student\MSC Dissertation\Urban-Vision-Benchmark\Datasets\MTSD\Prepared\MTSD-Unaugmented\MTSD-YOLO\test\images\grp1_fb9922e7-IMG_4700.jpeg,1079.57,3632.83,1394.06,4023.94,1.0,back of a traffic sign,False,False,3187.2,mtsd-p11
Cosmos Reason2 8B,back of a traffic sign,grp1_fd97d901-IMG20260105125535.jpg,E:\2. UM-Student\MSC Dissertation\Urban-Vision-Benchmark\Datasets\MTSD\Prepared\MTSD-Unaugmented\MTSD-YOLO\test\images\grp1_fd97d901-IMG20260105125535.jpg,1259.52,1224.7,1800.19,2670.59,1.0,back of a traffic sign,False,False,2610.6,mtsd-p11
Cosmos Reason2 8B,back of a traffic sign,grp1_fdedfd29-IMG_4737.jpeg,E:\2. UM-Student\MSC Dissertation\Urban-Vision-Benchmark\Datasets\MTSD\Prepared\MTSD-Unaugmented\MTSD-YOLO\test\images\grp1_fdedfd29-IMG_4737.jpeg,1164.24,584.64,1995.84,3318.34,1.0,back of a traffic sign,False,False,2560.8,mtsd-p11
Cosmos Reason2 8B,back of a traffic sign,grp2_0cd46f17-MP_0097.jpg,E:\2. UM-Student\MSC Dissertation\Urban-Vision-Benchmark\Datasets\MTSD\Prepared\MTSD-Unaugmented\MTSD-YOLO\test\images\grp2_0cd46f17-MP_0097.jpg,1088.64,1181.38,2041.2,2382.91,1.0,back of a traffic sign,False,False,2380.6,mtsd-p11
Cosmos Reason2 8B,back of a traffic sign,grp2_1a942391-IMG_20251224_114123.jpg,E:\2. UM-Student\MSC Dissertation\Urban-Vision-Benchmark\Datasets\MTSD\Prepared\MTSD-Unaugmented\MTSD-YOLO\test\images\grp2_1a942391-IMG_20251224_114123.jpg,1545.0,1132.0,1608.0,1580.0,1.0,back of a traffic sign,False,False,2536.0,mtsd-p11
Cosmos Reason2 8B,back of a traffic sign,grp2_1cd6f44d-20251223_152650.jpg,E:\2. UM-Student\MSC Dissertation\Urban-Vision-Benchmark\Datasets\MTSD\Prepared\MTSD-Unaugmented\MTSD-YOLO\test\images\grp2_1cd6f44d-20251223_152650.jpg,165.24,2313.36,1389.24,3255.84,1.0,back of a traffic sign,False,False,2535.4,mtsd-p11
Cosmos Reason2 8B,back of a traffic sign,grp2_1d09be1b-MP_0034.jpg,E:\2. UM-Student\MSC Dissertation\Urban-Vision-Benchmark\Datasets\MTSD\Prepared\MTSD-Unaugmented\MTSD-YOLO\test\images\grp2_1d09be1b-MP_0034.jpg,488.45,1814.53,712.7,2756.61,1.0,back of a traffic sign,False,False,2555.3,mtsd-p11
Cosmos Reason2 8B,back of a traffic sign,grp2_1f7e1b10-20251224_132557.jpg,E:\2. UM-Student\MSC Dissertation\Urban-Vision-Benchmark\Datasets\MTSD\Prepared\MTSD-Unaugmented\MTSD-YOLO\test\images\grp2_1f7e1b10-20251224_132557.jpg,1049.58,1489.2,1979.82,2235.84,1.0,back of a traffic sign,False,False,2569.9,mtsd-p11
Cosmos Reason2 8B,back of a traffic sign,grp2_21220c6f-IMG_20251223_114958.jpg,E:\2. UM-Student\MSC Dissertation\Urban-Vision-Benchmark\Datasets\MTSD\Prepared\MTSD-Unaugmented\MTSD-YOLO\test\images\grp2_21220c6f-IMG_20251223_114958.jpg,1299.0,1096.0,1899.0,1596.0,1.0,back of a traffic sign,False,False,6397.7,mtsd-p11
Cosmos Reason2 8B,back of a traffic sign,grp2_21220c6f-IMG_20251223_114958.jpg,E:\2. UM-Student\MSC Dissertation\Urban-Vision-Benchmark\Datasets\MTSD\Prepared\MTSD-Unaugmented\MTSD-YOLO\test\images\grp2_21220c6f-IMG_20251223_114958.jpg,1305.0,1584.0,1857.0,2144.0,1.0,back of a traffic sign,False,False,6397.7,mtsd-p11
Cosmos Reason2 8B,back of a traffic sign,grp2_21220c6f-IMG_20251223_114958.jpg,E:\2. UM-Student\MSC Dissertation\Urban-Vision-Benchmark\Datasets\MTSD\Prepared\MTSD-Unaugmented\MTSD-YOLO\test\images\grp2_21220c6f-IMG_20251223_114958.jpg,1299.0,2080.0,1848.0,2332.0,1.0,back of a traffic sign,False,False,6397.7,mtsd-p11
Cosmos Reason2 8B,back of a traffic sign,grp2_24c5c7cd-20251223_155820.jpg,E:\2. UM-Student\MSC Dissertation\Urban-Vision-Benchmark\Datasets\MTSD\Prepared\MTSD-Unaugmented\MTSD-YOLO\test\images\grp2_24c5c7cd-20251223_155820.jpg,1343.34,1024.08,2169.54,1876.8,1.0,back of a traffic sign,False,False,2516.2,mtsd-p11
Cosmos Reason2 8B,back of a traffic sign,grp2_24fcf1af-MP_0080.jpg,E:\2. UM-Student\MSC Dissertation\Urban-Vision-Benchmark\Datasets\MTSD\Prepared\MTSD-Unaugmented\MTSD-YOLO\test\images\grp2_24fcf1af-MP_0080.jpg,805.14,100.8,1549.04,870.91,1.0,back of a traffic sign,False,False,3956.9,mtsd-p11
Cosmos Reason2 8B,back of a traffic sign,grp2_24fcf1af-MP_0080.jpg,E:\2. UM-Student\MSC Dissertation\Urban-Vision-Benchmark\Datasets\MTSD\Prepared\MTSD-Unaugmented\MTSD-YOLO\test\images\grp2_24fcf1af-MP_0080.jpg,920.81,870.91,1399.36,1382.98,1.0,back of a traffic sign,False,False,3956.9,mtsd-p11
Cosmos Reason2 8B,back of a traffic sign,grp2_31ecc6f6-20251230_124942.jpg,E:\2. UM-Student\MSC Dissertation\Urban-Vision-Benchmark\Datasets\MTSD\Prepared\MTSD-Unaugmented\MTSD-YOLO\test\images\grp2_31ecc6f6-20251230_124942.jpg,976.14,1064.88,2227.68,2150.16,1.0,back of a traffic sign,False,False,2554.9,mtsd-p11
Cosmos Reason2 8B,back of a traffic sign,grp2_32305793-MP_0024.jpg,E:\2. UM-Student\MSC Dissertation\Urban-Vision-Benchmark\Datasets\MTSD\Prepared\MTSD-Unaugmented\MTSD-YOLO\test\images\grp2_32305793-MP_0024.jpg,2104.32,1937.41,2380.8,4091.9,1.0,back of a traffic sign,False,False,2544.5,mtsd-p11
Cosmos Reason2 8B,back of a traffic sign,grp2_331688ad-20251223_152821.jpg,E:\2. UM-Student\MSC Dissertation\Urban-Vision-Benchmark\Datasets\MTSD\Prepared\MTSD-Unaugmented\MTSD-YOLO\test\images\grp2_331688ad-20251223_152821.jpg,1600.38,1052.64,1851.3,2007.36,1.0,back of a traffic sign,False,False,2536.1,mtsd-p11
Cosmos Reason2 8B,back of a traffic sign,grp2_339c8d04-26.side.jpg,E:\2. UM-Student\MSC Dissertation\Urban-Vision-Benchmark\Datasets\MTSD\Prepared\MTSD-Unaugmented\MTSD-YOLO\test\images\grp2_339c8d04-26.side.jpg,902.66,1157.18,1288.22,1499.9,1.0,back of a traffic sign,False,False,2336.7,mtsd-p11
Cosmos Reason2 8B,back of a traffic sign,grp2_33c8250b-MP_0150.jpeg,E:\2. UM-Student\MSC Dissertation\Urban-Vision-Benchmark\Datasets\MTSD\Prepared\MTSD-Unaugmented\MTSD-YOLO\test\images\grp2_33c8250b-MP_0150.jpeg,384.0,771.12,1405.44,1038.96,1.0,back of a traffic sign,False,False,2341.5,mtsd-p11
Cosmos Reason2 8B,back of a traffic sign,grp2_3855fec5-20251223_150427.jpg,E:\2. UM-Student\MSC Dissertation\Urban-Vision-Benchmark\Datasets\MTSD\Prepared\MTSD-Unaugmented\MTSD-YOLO\test\images\grp2_3855fec5-20251223_150427.jpg,1104.66,2150.16,2105.28,4059.6,1.0,back of a traffic sign,False,False,3277.0,mtsd-p11
Cosmos Reason2 8B,back of a traffic sign,grp2_3d2ae4e7-IMG_20251223_114602.jpg,E:\2. UM-Student\MSC Dissertation\Urban-Vision-Benchmark\Datasets\MTSD\Prepared\MTSD-Unaugmented\MTSD-YOLO\test\images\grp2_3d2ae4e7-IMG_20251223_114602.jpg,1353.0,1304.0,1629.0,1556.0,1.0,back of a traffic sign,False,False,2564.1,mtsd-p11
Cosmos Reason2 8B,back of a traffic sign,grp2_3e9d99d7-IMG_20251223_122636.jpg,E:\2. UM-Student\MSC Dissertation\Urban-Vision-Benchmark\Datasets\MTSD\Prepared\MTSD-Unaugmented\MTSD-YOLO\test\images\grp2_3e9d99d7-IMG_20251223_122636.jpg,1200.0,868.0,1863.0,1524.0,1.0,back of a traffic sign,False,False,2550.3,mtsd-p11
Cosmos Reason2 8B,back of a traffic sign,grp2_4155f545-MP_0066.jpg,E:\2. UM-Student\MSC Dissertation\Urban-Vision-Benchmark\Datasets\MTSD\Prepared\MTSD-Unaugmented\MTSD-YOLO\test\images\grp2_4155f545-MP_0066.jpg,,,,,,<no detections>,False,False,710.9,mtsd-p11
Cosmos Reason2 8B,back of a traffic sign,grp2_421f593e-20251224_132616.jpg,E:\2. UM-Student\MSC Dissertation\Urban-Vision-Benchmark\Datasets\MTSD\Prepared\MTSD-Unaugmented\MTSD-YOLO\test\images\grp2_421f593e-20251224_132616.jpg,835.38,938.4,2331.72,2709.12,1.0,back of a traffic sign,False,False,2527.8,mtsd-p11
Cosmos Reason2 8B,back of a traffic sign,grp2_477681c7-21.front.jpg,E:\2. UM-Student\MSC Dissertation\Urban-Vision-Benchmark\Datasets\MTSD\Prepared\MTSD-Unaugmented\MTSD-YOLO\test\images\grp2_477681c7-21.front.jpg,868.64,1048.32,1342.66,1520.06,1.0,back of a traffic sign,False,False,2364.9,mtsd-p11
Cosmos Reason2 8B,back of a traffic sign,grp2_4acb7340-20251223_155105.jpg,E:\2. UM-Student\MSC Dissertation\Urban-Vision-Benchmark\Datasets\MTSD\Prepared\MTSD-Unaugmented\MTSD-YOLO\test\images\grp2_4acb7340-20251223_155105.jpg,1159.74,1191.36,1943.1,1978.8,1.0,back of a traffic sign,False,False,2536.4,mtsd-p11
Cosmos Reason2 8B,back of a traffic sign,grp2_5061299f-MP_0130.jpg,E:\2. UM-Student\MSC Dissertation\Urban-Vision-Benchmark\Datasets\MTSD\Prepared\MTSD-Unaugmented\MTSD-YOLO\test\images\grp2_5061299f-MP_0130.jpg,771.12,588.67,1587.6,1592.64,1.0,back of a traffic sign,False,False,2361.9,mtsd-p11
Cosmos Reason2 8B,back of a traffic sign,grp2_5dd50184-MP_0013.jpg,E:\2. UM-Student\MSC Dissertation\Urban-Vision-Benchmark\Datasets\MTSD\Prepared\MTSD-Unaugmented\MTSD-YOLO\test\images\grp2_5dd50184-MP_0013.jpg,1262.59,671.74,1403.9,1634.3,1.0,back of a traffic sign,False,False,3155.7,mtsd-p11
Cosmos Reason2 8B,back of a traffic sign,grp2_5e8f002c-IMG_20251223_132013.jpg,E:\2. UM-Student\MSC Dissertation\Urban-Vision-Benchmark\Datasets\MTSD\Prepared\MTSD-Unaugmented\MTSD-YOLO\test\images\grp2_5e8f002c-IMG_20251223_132013.jpg,1245.0,1204.0,1788.0,1740.0,1.0,back of a traffic sign,False,False,2553.4,mtsd-p11
Cosmos Reason2 8B,back of a traffic sign,grp2_62c50d8e-20251230_121740.jpg,E:\2. UM-Student\MSC Dissertation\Urban-Vision-Benchmark\Datasets\MTSD\Prepared\MTSD-Unaugmented\MTSD-YOLO\test\images\grp2_62c50d8e-20251230_121740.jpg,1465.74,1024.08,1799.28,2080.8,1.0,back of a traffic sign,False,False,2557.4,mtsd-p11
Cosmos Reason2 8B,back of a traffic sign,grp2_76c73962-MP_0139.jpg,E:\2. UM-Student\MSC Dissertation\Urban-Vision-Benchmark\Datasets\MTSD\Prepared\MTSD-Unaugmented\MTSD-YOLO\test\images\grp2_76c73962-MP_0139.jpg,1104.77,1374.41,2794.18,1741.82,1.0,back of a traffic sign,False,False,2346.9,mtsd-p11
Cosmos Reason2 8B,back of a traffic sign,grp2_797d9987-MP_0038.jpg,E:\2. UM-Student\MSC Dissertation\Urban-Vision-Benchmark\Datasets\MTSD\Prepared\MTSD-Unaugmented\MTSD-YOLO\test\images\grp2_797d9987-MP_0038.jpg,740.35,180.22,1870.85,1331.2,1.0,back of a traffic sign,False,False,2474.1,mtsd-p11
Cosmos Reason2 8B,back of a traffic sign,grp2_7ad50d73-MP_0075.jpg,E:\2. UM-Student\MSC Dissertation\Urban-Vision-Benchmark\Datasets\MTSD\Prepared\MTSD-Unaugmented\MTSD-YOLO\test\images\grp2_7ad50d73-MP_0075.jpg,585.14,149.18,1564.92,1092.67,1.0,back of a traffic sign,False,False,2260.6,mtsd-p11
Cosmos Reason2 8B,back of a traffic sign,grp2_7bccf907-IMG_20251223_114643.jpg,E:\2. UM-Student\MSC Dissertation\Urban-Vision-Benchmark\Datasets\MTSD\Prepared\MTSD-Unaugmented\MTSD-YOLO\test\images\grp2_7bccf907-IMG_20251223_114643.jpg,1293.0,1476.0,1458.0,1688.0,1.0,back of a traffic sign,False,False,2528.0,mtsd-p11
Cosmos Reason2 8B,back of a traffic sign,grp2_8042282f-20251223_150231.jpg,E:\2. UM-Student\MSC Dissertation\Urban-Vision-Benchmark\Datasets\MTSD\Prepared\MTSD-Unaugmented\MTSD-YOLO\test\images\grp2_8042282f-20251223_150231.jpg,1150.56,0.0,1750.32,1986.96,1.0,back of a traffic sign,False,False,2479.6,mtsd-p11
Cosmos Reason2 8B,back of a traffic sign,grp2_85bab424-IMG_20251223_120632.jpg,E:\2. UM-Student\MSC Dissertation\Urban-Vision-Benchmark\Datasets\MTSD\Prepared\MTSD-Unaugmented\MTSD-YOLO\test\images\grp2_85bab424-IMG_20251223_120632.jpg,1338.0,1196.0,1803.0,1708.0,1.0,back of a traffic sign,False,False,3215.1,mtsd-p11
Cosmos Reason2 8B,back of a traffic sign,grp2_86560763-IMG_20251223_113000.jpg,E:\2. UM-Student\MSC Dissertation\Urban-Vision-Benchmark\Datasets\MTSD\Prepared\MTSD-Unaugmented\MTSD-YOLO\test\images\grp2_86560763-IMG_20251223_113000.jpg,1002.0,1396.0,1626.0,2012.0,1.0,back of a traffic sign,False,False,2552.8,mtsd-p11
Cosmos Reason2 8B,back of a traffic sign,grp2_888b1f4f-MP_0074.jpg,E:\2. UM-Student\MSC Dissertation\Urban-Vision-Benchmark\Datasets\MTSD\Prepared\MTSD-Unaugmented\MTSD-YOLO\test\images\grp2_888b1f4f-MP_0074.jpg,483.84,864.11,1193.47,1496.88,1.0,back of a traffic sign,False,False,2348.3,mtsd-p11
Cosmos Reason2 8B,back of a traffic sign,grp2_920c4f4e-20251223_152507.jpg,E:\2. UM-Student\MSC Dissertation\Urban-Vision-Benchmark\Datasets\MTSD\Prepared\MTSD-Unaugmented\MTSD-YOLO\test\images\grp2_920c4f4e-20251223_152507.jpg,1453.5,2023.68,1572.84,3627.12,1.0,back of a traffic sign,False,False,2555.8,mtsd-p11
Cosmos Reason2 8B,back of a traffic sign,grp2_9272e80b-20251230_124926.jpg,E:\2. UM-Student\MSC Dissertation\Urban-Vision-Benchmark\Datasets\MTSD\Prepared\MTSD-Unaugmented\MTSD-YOLO\test\images\grp2_9272e80b-20251230_124926.jpg,1055.7,1191.36,2362.32,2509.2,1.0,back of a traffic sign,False,False,2585.2,mtsd-p11
Cosmos Reason2 8B,back of a traffic sign,grp2_9288cb02-IMG_20251223_114539.jpg,E:\2. UM-Student\MSC Dissertation\Urban-Vision-Benchmark\Datasets\MTSD\Prepared\MTSD-Unaugmented\MTSD-YOLO\test\images\grp2_9288cb02-IMG_20251223_114539.jpg,1350.0,1476.0,1899.0,2032.0,1.0,back of a traffic sign,False,False,2536.9,mtsd-p11
Cosmos Reason2 8B,back of a traffic sign,grp2_983dc626-30.side.jpg,E:\2. UM-Student\MSC Dissertation\Urban-Vision-Benchmark\Datasets\MTSD\Prepared\MTSD-Unaugmented\MTSD-YOLO\test\images\grp2_983dc626-30.side.jpg,1297.3,1072.51,1385.75,1608.77,1.0,back of a traffic sign,False,False,2366.2,mtsd-p11
Cosmos Reason2 8B,back of a traffic sign,grp2_98bbb72b-IMG_20251224_113143.jpg,E:\2. UM-Student\MSC Dissertation\Urban-Vision-Benchmark\Datasets\MTSD\Prepared\MTSD-Unaugmented\MTSD-YOLO\test\images\grp2_98bbb72b-IMG_20251224_113143.jpg,1335.0,1756.0,1437.0,3616.0,1.0,back of a traffic sign,False,False,2535.4,mtsd-p11
Cosmos Reason2 8B,back of a traffic sign,grp2_9c71fd6a-20251223_153024.jpg,E:\2. UM-Student\MSC Dissertation\Urban-Vision-Benchmark\Datasets\MTSD\Prepared\MTSD-Unaugmented\MTSD-YOLO\test\images\grp2_9c71fd6a-20251223_153024.jpg,0.0,1432.08,153.0,2052.24,1.0,back of a traffic sign,False,False,3116.1,mtsd-p11
Cosmos Reason2 8B,back of a traffic sign,grp2_a8531ee5-IMG_20251223_131712.jpg,E:\2. UM-Student\MSC Dissertation\Urban-Vision-Benchmark\Datasets\MTSD\Prepared\MTSD-Unaugmented\MTSD-YOLO\test\images\grp2_a8531ee5-IMG_20251223_131712.jpg,1383.0,1116.0,1749.0,2092.0,1.0,back of a traffic sign,False,False,2571.2,mtsd-p11
Cosmos Reason2 8B,back of a traffic sign,grp2_ab84ff33-MP_0056.jpg,E:\2. UM-Student\MSC Dissertation\Urban-Vision-Benchmark\Datasets\MTSD\Prepared\MTSD-Unaugmented\MTSD-YOLO\test\images\grp2_ab84ff33-MP_0056.jpg,961.54,208.9,1861.63,1110.02,1.0,back of a traffic sign,False,False,2485.2,mtsd-p11
Cosmos Reason2 8B,back of a traffic sign,grp2_ab9b17dd-34.back.jpg,E:\2. UM-Student\MSC Dissertation\Urban-Vision-Benchmark\Datasets\MTSD\Prepared\MTSD-Unaugmented\MTSD-YOLO\test\images\grp2_ab9b17dd-34.back.jpg,1426.57,2132.93,1503.68,2229.7,1.0,back of a traffic sign,False,False,2381.9,mtsd-p11
Cosmos Reason2 8B,back of a traffic sign,grp2_b430b918-IMG_20251223_132103.jpg,E:\2. UM-Student\MSC Dissertation\Urban-Vision-Benchmark\Datasets\MTSD\Prepared\MTSD-Unaugmented\MTSD-YOLO\test\images\grp2_b430b918-IMG_20251223_132103.jpg,1527.0,1000.0,1584.0,1660.0,1.0,back of a traffic sign,False,False,2571.3,mtsd-p11
Cosmos Reason2 8B,back of a traffic sign,grp2_b7da3d82-20251230_123417.jpg,E:\2. UM-Student\MSC Dissertation\Urban-Vision-Benchmark\Datasets\MTSD\Prepared\MTSD-Unaugmented\MTSD-YOLO\test\images\grp2_b7da3d82-20251230_123417.jpg,1756.44,1607.52,2279.7,2170.56,1.0,back of a traffic sign,False,False,2573.8,mtsd-p11
Cosmos Reason2 8B,back of a traffic sign,grp2_b9e760b0-IMG_20251223_125447.jpg,E:\2. UM-Student\MSC Dissertation\Urban-Vision-Benchmark\Datasets\MTSD\Prepared\MTSD-Unaugmented\MTSD-YOLO\test\images\grp2_b9e760b0-IMG_20251223_125447.jpg,888.0,880.0,2001.0,1956.0,1.0,back of a traffic sign,False,False,2546.0,mtsd-p11
Cosmos Reason2 8B,back of a traffic sign,grp2_bf4582b0-IMG_20251223_113056.jpg,E:\2. UM-Student\MSC Dissertation\Urban-Vision-Benchmark\Datasets\MTSD\Prepared\MTSD-Unaugmented\MTSD-YOLO\test\images\grp2_bf4582b0-IMG_20251223_113056.jpg,687.0,1492.0,1458.0,2372.0,1.0,back of a traffic sign,False,False,2534.4,mtsd-p11
Cosmos Reason2 8B,back of a traffic sign,grp2_bf551d52-MP_0136.jpg,E:\2. UM-Student\MSC Dissertation\Urban-Vision-Benchmark\Datasets\MTSD\Prepared\MTSD-Unaugmented\MTSD-YOLO\test\images\grp2_bf551d52-MP_0136.jpg,608.83,1329.05,2455.49,1621.62,1.0,back of a traffic sign,False,False,3030.9,mtsd-p11
Cosmos Reason2 8B,back of a traffic sign,grp2_c39d026a-IMG_20251223_125605.jpg,E:\2. UM-Student\MSC Dissertation\Urban-Vision-Benchmark\Datasets\MTSD\Prepared\MTSD-Unaugmented\MTSD-YOLO\test\images\grp2_c39d026a-IMG_20251223_125605.jpg,1302.0,1092.0,1608.0,1808.0,1.0,back of a traffic sign,False,False,2614.1,mtsd-p11
Cosmos Reason2 8B,back of a traffic sign,grp2_c96ca64e-MP_0098.jpg,E:\2. UM-Student\MSC Dissertation\Urban-Vision-Benchmark\Datasets\MTSD\Prepared\MTSD-Unaugmented\MTSD-YOLO\test\images\grp2_c96ca64e-MP_0098.jpg,92.74,818.75,895.1,1608.01,1.0,back of a traffic sign,False,False,2341.4,mtsd-p11
Cosmos Reason2 8B,back of a traffic sign,grp2_ccff3003-MP_0047.jpg,E:\2. UM-Student\MSC Dissertation\Urban-Vision-Benchmark\Datasets\MTSD\Prepared\MTSD-Unaugmented\MTSD-YOLO\test\images\grp2_ccff3003-MP_0047.jpg,998.4,774.14,1155.07,1544.19,1.0,back of a traffic sign,False,False,2582.0,mtsd-p11
Cosmos Reason2 8B,back of a traffic sign,grp2_ced8bffa-14.front.jpg,E:\2. UM-Student\MSC Dissertation\Urban-Vision-Benchmark\Datasets\MTSD\Prepared\MTSD-Unaugmented\MTSD-YOLO\test\images\grp2_ced8bffa-14.front.jpg,635.04,1036.22,1261.01,1669.25,1.0,back of a traffic sign,False,False,2353.3,mtsd-p11
Cosmos Reason2 8B,back of a traffic sign,grp2_d1fa2493-20251230_123128.jpg,E:\2. UM-Student\MSC Dissertation\Urban-Vision-Benchmark\Datasets\MTSD\Prepared\MTSD-Unaugmented\MTSD-YOLO\test\images\grp2_d1fa2493-20251230_123128.jpg,765.0,542.64,2108.34,1897.2,1.0,back of a traffic sign,False,False,2526.7,mtsd-p11
Cosmos Reason2 8B,back of a traffic sign,grp2_d201b393-MP_0004.jpg,E:\2. UM-Student\MSC Dissertation\Urban-Vision-Benchmark\Datasets\MTSD\Prepared\MTSD-Unaugmented\MTSD-YOLO\test\images\grp2_d201b393-MP_0004.jpg,893.95,1081.34,1901.57,2068.48,1.0,back of a traffic sign,False,False,2589.7,mtsd-p11
Cosmos Reason2 8B,back of a traffic sign,grp2_d3fe8c38-MP_0046.jpg,E:\2. UM-Student\MSC Dissertation\Urban-Vision-Benchmark\Datasets\MTSD\Prepared\MTSD-Unaugmented\MTSD-YOLO\test\images\grp2_d3fe8c38-MP_0046.jpg,955.39,348.16,1861.63,1298.43,1.0,back of a traffic sign,False,False,2488.7,mtsd-p11
Cosmos Reason2 8B,back of a traffic sign,grp2_d71e8065-MP_0021.jpg,E:\2. UM-Student\MSC Dissertation\Urban-Vision-Benchmark\Datasets\MTSD\Prepared\MTSD-Unaugmented\MTSD-YOLO\test\images\grp2_d71e8065-MP_0021.jpg,811.01,237.57,1824.77,1576.96,1.0,back of a traffic sign,False,False,3099.5,mtsd-p11
Cosmos Reason2 8B,back of a traffic sign,grp2_e074406f-IMG_20251223_115520.jpg,E:\2. UM-Student\MSC Dissertation\Urban-Vision-Benchmark\Datasets\MTSD\Prepared\MTSD-Unaugmented\MTSD-YOLO\test\images\grp2_e074406f-IMG_20251223_115520.jpg,1710.0,2864.0,1752.0,3048.0,1.0,back of a traffic sign,False,False,2571.2,mtsd-p11
Cosmos Reason2 8B,back of a traffic sign,grp2_e44be02a-MP_0116.jpg,E:\2. UM-Student\MSC Dissertation\Urban-Vision-Benchmark\Datasets\MTSD\Prepared\MTSD-Unaugmented\MTSD-YOLO\test\images\grp2_e44be02a-MP_0116.jpg,395.14,839.16,2068.42,1263.28,1.0,back of a traffic sign,False,False,2311.6,mtsd-p11
Cosmos Reason2 8B,back of a traffic sign,grp2_e46067a0-MP_0166.jpg,E:\2. UM-Student\MSC Dissertation\Urban-Vision-Benchmark\Datasets\MTSD\Prepared\MTSD-Unaugmented\MTSD-YOLO\test\images\grp2_e46067a0-MP_0166.jpg,1382.4,1241.09,1536.0,1609.73,1.0,back of a traffic sign,False,False,2549.9,mtsd-p11
Cosmos Reason2 8B,back of a traffic sign,grp2_e55dea8e-MP_0157.jpg,E:\2. UM-Student\MSC Dissertation\Urban-Vision-Benchmark\Datasets\MTSD\Prepared\MTSD-Unaugmented\MTSD-YOLO\test\images\grp2_e55dea8e-MP_0157.jpg,,,,,,<no detections>,False,False,925.6,mtsd-p11
Cosmos Reason2 8B,back of a traffic sign,grp2_ed201818-17.back.jpg,E:\2. UM-Student\MSC Dissertation\Urban-Vision-Benchmark\Datasets\MTSD\Prepared\MTSD-Unaugmented\MTSD-YOLO\test\images\grp2_ed201818-17.back.jpg,816.48,1092.67,1372.14,1435.39,1.0,back of a traffic sign,False,False,2371.8,mtsd-p11
Cosmos Reason2 8B,back of a traffic sign,grp2_ee20554d-MP_0115.jpg,E:\2. UM-Student\MSC Dissertation\Urban-Vision-Benchmark\Datasets\MTSD\Prepared\MTSD-Unaugmented\MTSD-YOLO\test\images\grp2_ee20554d-MP_0115.jpg,753.98,315.25,1737.79,1603.48,1.0,back of a traffic sign,False,False,2392.1,mtsd-p11
Cosmos Reason2 8B,back of a traffic sign,grp2_f082e9d0-02.side.jpg,E:\2. UM-Student\MSC Dissertation\Urban-Vision-Benchmark\Datasets\MTSD\Prepared\MTSD-Unaugmented\MTSD-YOLO\test\images\grp2_f082e9d0-02.side.jpg,1154.41,383.04,1397.09,568.51,1.0,back of a traffic sign,False,False,2314.1,mtsd-p11
Cosmos Reason2 8B,back of a traffic sign,grp2_f69ebb76-IMG_20251227_110428.jpg,E:\2. UM-Student\MSC Dissertation\Urban-Vision-Benchmark\Datasets\MTSD\Prepared\MTSD-Unaugmented\MTSD-YOLO\test\images\grp2_f69ebb76-IMG_20251227_110428.jpg,1047.0,1396.0,1689.0,2016.0,1.0,back of a traffic sign,False,False,3221.2,mtsd-p11
Cosmos Reason2 8B,back of a traffic sign,grp2_f6e60d8b-33.front.back.jpg,E:\2. UM-Student\MSC Dissertation\Urban-Vision-Benchmark\Datasets\MTSD\Prepared\MTSD-Unaugmented\MTSD-YOLO\test\images\grp2_f6e60d8b-33.front.back.jpg,902.66,1528.13,1358.53,1991.81,1.0,back of a traffic sign,False,False,2356.2,mtsd-p11
Cosmos Reason2 8B,back of a traffic sign,grp3_09e3faa9-IMG_20251203_121602.jpg,E:\2. UM-Student\MSC Dissertation\Urban-Vision-Benchmark\Datasets\MTSD\Prepared\MTSD-Unaugmented\MTSD-YOLO\test\images\grp3_09e3faa9-IMG_20251203_121602.jpg,1202.58,881.28,2236.86,1750.32,1.0,back of a traffic sign,False,False,2548.1,mtsd-p11
Cosmos Reason2 8B,back of a traffic sign,grp3_13fcb840-IMG_20251203_093318.jpg,E:\2. UM-Student\MSC Dissertation\Urban-Vision-Benchmark\Datasets\MTSD\Prepared\MTSD-Unaugmented\MTSD-YOLO\test\images\grp3_13fcb840-IMG_20251203_093318.jpg,1138.32,322.32,2016.54,1387.2,1.0,back of a traffic sign,False,False,2486.7,mtsd-p11
Cosmos Reason2 8B,back of a traffic sign,grp3_16b18930-IMG_4415.jpeg,E:\2. UM-Student\MSC Dissertation\Urban-Vision-Benchmark\Datasets\MTSD\Prepared\MTSD-Unaugmented\MTSD-YOLO\test\images\grp3_16b18930-IMG_4415.jpeg,1309.39,1455.55,1835.57,1975.68,1.0,back of a traffic sign,False,False,2525.1,mtsd-p11
Cosmos Reason2 8B,back of a traffic sign,grp3_17e38feb-20251129_115024.jpg,E:\2. UM-Student\MSC Dissertation\Urban-Vision-Benchmark\Datasets\MTSD\Prepared\MTSD-Unaugmented\MTSD-YOLO\test\images\grp3_17e38feb-20251129_115024.jpg,1334.16,2166.48,1646.28,2558.16,1.0,back of a traffic sign,False,False,2538.3,mtsd-p11
Cosmos Reason2 8B,back of a traffic sign,grp3_19cc8708-IMG_20251203_095416.jpg,E:\2. UM-Student\MSC Dissertation\Urban-Vision-Benchmark\Datasets\MTSD\Prepared\MTSD-Unaugmented\MTSD-YOLO\test\images\grp3_19cc8708-IMG_20251203_095416.jpg,1153.62,1077.12,1823.76,1660.56,1.0,back of a traffic sign,False,False,2579.6,mtsd-p11
Cosmos Reason2 8B,back of a traffic sign,grp3_22c38c39-IMG_4293.jpeg,E:\2. UM-Student\MSC Dissertation\Urban-Vision-Benchmark\Datasets\MTSD\Prepared\MTSD-Unaugmented\MTSD-YOLO\test\images\grp3_22c38c39-IMG_4293.jpeg,1846.66,1109.81,2403.07,1732.75,1.0,back of a traffic sign,False,False,2553.3,mtsd-p11
Cosmos Reason2 8B,back of a traffic sign,grp3_25e08496-IMG_9116.jpg,E:\2. UM-Student\MSC Dissertation\Urban-Vision-Benchmark\Datasets\MTSD\Prepared\MTSD-Unaugmented\MTSD-YOLO\test\images\grp3_25e08496-IMG_9116.jpg,2934.54,3364.37,4279.72,5386.42,1.0,back of a traffic sign,False,False,3282.9,mtsd-p11
Cosmos Reason2 8B,back of a traffic sign,grp3_2b9ed5a1-IMG_4416.jpeg,E:\2. UM-Student\MSC Dissertation\Urban-Vision-Benchmark\Datasets\MTSD\Prepared\MTSD-Unaugmented\MTSD-YOLO\test\images\grp3_2b9ed5a1-IMG_4416.jpeg,1375.92,1032.19,2004.91,2040.19,1.0,back of a traffic sign,False,False,2576.8,mtsd-p11
Cosmos Reason2 8B,back of a traffic sign,grp3_3cee3d85-IMG_4285.jpeg,E:\2. UM-Student\MSC Dissertation\Urban-Vision-Benchmark\Datasets\MTSD\Prepared\MTSD-Unaugmented\MTSD-YOLO\test\images\grp3_3cee3d85-IMG_4285.jpeg,1218.67,1306.37,1896.05,1882.94,1.0,back of a traffic sign,False,False,2567.0,mtsd-p11
Cosmos Reason2 8B,back of a traffic sign,grp3_458db4bf-IMG_9314.jpg,E:\2. UM-Student\MSC Dissertation\Urban-Vision-Benchmark\Datasets\MTSD\Prepared\MTSD-Unaugmented\MTSD-YOLO\test\images\grp3_458db4bf-IMG_9314.jpg,1837.84,2233.39,2664.65,2833.15,1.0,back of a traffic sign,False,False,2656.9,mtsd-p11
Cosmos Reason2 8B,back of a traffic sign,grp3_4d14c289-20251129_122448.jpg,E:\2. UM-Student\MSC Dissertation\Urban-Vision-Benchmark\Datasets\MTSD\Prepared\MTSD-Unaugmented\MTSD-YOLO\test\images\grp3_4d14c289-20251129_122448.jpg,1263.78,1929.84,1799.28,2615.28,1.0,back of a traffic sign,False,False,2603.3,mtsd-p11
Cosmos Reason2 8B,back of a traffic sign,grp3_4daf8454-IMG_4356.jpeg,E:\2. UM-Student\MSC Dissertation\Urban-Vision-Benchmark\Datasets\MTSD\Prepared\MTSD-Unaugmented\MTSD-YOLO\test\images\grp3_4daf8454-IMG_4356.jpeg,1288.22,1717.63,1896.05,2310.34,1.0,back of a traffic sign,False,False,2591.6,mtsd-p11
Cosmos Reason2 8B,back of a traffic sign,grp3_5881a320-IMG_9141.jpg,E:\2. UM-Student\MSC Dissertation\Urban-Vision-Benchmark\Datasets\MTSD\Prepared\MTSD-Unaugmented\MTSD-YOLO\test\images\grp3_5881a320-IMG_9141.jpg,2086.31,3210.14,2866.0,4581.02,1.0,back of a traffic sign,False,False,2620.9,mtsd-p11
Cosmos Reason2 8B,back of a traffic sign,grp3_5a350ee3-IMG_9144.jpg,E:\2. UM-Student\MSC Dissertation\Urban-Vision-Benchmark\Datasets\MTSD\Prepared\MTSD-Unaugmented\MTSD-YOLO\test\images\grp3_5a350ee3-IMG_9144.jpg,1769.29,2856.0,1897.81,3255.84,1.0,back of a traffic sign,False,False,2596.3,mtsd-p11
Cosmos Reason2 8B,back of a traffic sign,grp3_5a5ec99c-IMG_4369.jpeg,E:\2. UM-Student\MSC Dissertation\Urban-Vision-Benchmark\Datasets\MTSD\Prepared\MTSD-Unaugmented\MTSD-YOLO\test\images\grp3_5a5ec99c-IMG_4369.jpeg,1124.93,1346.69,2110.75,2261.95,1.0,back of a traffic sign,False,False,3256.0,mtsd-p11
Cosmos Reason2 8B,back of a traffic sign,grp3_5a849df3-20251129_113801.jpg,E:\2. UM-Student\MSC Dissertation\Urban-Vision-Benchmark\Datasets\MTSD\Prepared\MTSD-Unaugmented\MTSD-YOLO\test\images\grp3_5a849df3-20251129_113801.jpg,1089.36,726.24,1832.94,1468.8,1.0,back of a traffic sign,False,False,2534.7,mtsd-p11
Cosmos Reason2 8B,back of a traffic sign,grp3_5e7ebbc1-IMG_4337.jpeg,E:\2. UM-Student\MSC Dissertation\Urban-Vision-Benchmark\Datasets\MTSD\Prepared\MTSD-Unaugmented\MTSD-YOLO\test\images\grp3_5e7ebbc1-IMG_4337.jpeg,2108.74,1472.69,2665.15,1684.37,1.0,back of a traffic sign,False,False,2550.0,mtsd-p11
Cosmos Reason2 8B,back of a traffic sign,grp3_5e84f6fa-20251129_114532.jpg,E:\2. UM-Student\MSC Dissertation\Urban-Vision-Benchmark\Datasets\MTSD\Prepared\MTSD-Unaugmented\MTSD-YOLO\test\images\grp3_5e84f6fa-20251129_114532.jpg,777.24,1260.72,1845.18,2264.4,1.0,back of a traffic sign,False,False,2563.5,mtsd-p11
Cosmos Reason2 8B,back of a traffic sign,grp3_62bcab50-IMG_20251203_121207.jpg,E:\2. UM-Student\MSC Dissertation\Urban-Vision-Benchmark\Datasets\MTSD\Prepared\MTSD-Unaugmented\MTSD-YOLO\test\images\grp3_62bcab50-IMG_20251203_121207.jpg,1049.58,501.84,2224.62,1701.36,1.0,back of a traffic sign,False,False,2555.9,mtsd-p11
Cosmos Reason2 8B,back of a traffic sign,grp3_64c9c943-IMG_20251203_121935.jpg,E:\2. UM-Student\MSC Dissertation\Urban-Vision-Benchmark\Datasets\MTSD\Prepared\MTSD-Unaugmented\MTSD-YOLO\test\images\grp3_64c9c943-IMG_20251203_121935.jpg,1306.62,505.92,1897.2,1256.64,1.0,back of a traffic sign,False,False,4228.4,mtsd-p11
Cosmos Reason2 8B,back of a traffic sign,grp3_64c9c943-IMG_20251203_121935.jpg,E:\2. UM-Student\MSC Dissertation\Urban-Vision-Benchmark\Datasets\MTSD\Prepared\MTSD-Unaugmented\MTSD-YOLO\test\images\grp3_64c9c943-IMG_20251203_121935.jpg,1328.04,1232.16,1891.08,2011.44,1.0,back of a traffic sign,False,False,4228.4,mtsd-p11
Cosmos Reason2 8B,back of a traffic sign,grp3_66257b80-IMG_9242.jpg,E:\2. UM-Student\MSC Dissertation\Urban-Vision-Benchmark\Datasets\MTSD\Prepared\MTSD-Unaugmented\MTSD-YOLO\test\images\grp3_66257b80-IMG_9242.jpg,2034.9,599.76,2506.14,1924.94,1.0,back of a traffic sign,False,False,2631.4,mtsd-p11
Cosmos Reason2 8B,back of a traffic sign,grp3_6a5c994c-IMG_9361.jpg,E:\2. UM-Student\MSC Dissertation\Urban-Vision-Benchmark\Datasets\MTSD\Prepared\MTSD-Unaugmented\MTSD-YOLO\test\images\grp3_6a5c994c-IMG_9361.jpg,1829.27,1148.11,2510.42,2747.47,1.0,back of a traffic sign,False,False,2618.4,mtsd-p11
Cosmos Reason2 8B,back of a traffic sign,grp3_729363da-IMG_4319.jpeg,E:\2. UM-Student\MSC Dissertation\Urban-Vision-Benchmark\Datasets\MTSD\Prepared\MTSD-Unaugmented\MTSD-YOLO\test\images\grp3_729363da-IMG_4319.jpeg,0.0,0.0,904.18,4027.97,1.0,back of a traffic sign,False,False,3129.6,mtsd-p11
Cosmos Reason2 8B,back of a traffic sign,grp3_72ce7bb8-IMG_20251203_121930.jpg,E:\2. UM-Student\MSC Dissertation\Urban-Vision-Benchmark\Datasets\MTSD\Prepared\MTSD-Unaugmented\MTSD-YOLO\test\images\grp3_72ce7bb8-IMG_20251203_121930.jpg,1337.22,285.6,1878.84,950.64,1.0,back of a traffic sign,False,False,2560.5,mtsd-p11
Cosmos Reason2 8B,back of a traffic sign,grp3_733addec-IMG_9083.jpg,E:\2. UM-Student\MSC Dissertation\Urban-Vision-Benchmark\Datasets\MTSD\Prepared\MTSD-Unaugmented\MTSD-YOLO\test\images\grp3_733addec-IMG_9083.jpg,1649.34,1765.01,2771.75,2941.68,1.0,back of a traffic sign,False,False,2655.7,mtsd-p11
Cosmos Reason2 8B,back of a traffic sign,grp3_76fb906e-20251129_122552.jpg,E:\2. UM-Student\MSC Dissertation\Urban-Vision-Benchmark\Datasets\MTSD\Prepared\MTSD-Unaugmented\MTSD-YOLO\test\images\grp3_76fb906e-20251129_122552.jpg,547.74,558.96,1976.76,1876.8,1.0,back of a traffic sign,False,False,4187.9,mtsd-p11
Cosmos Reason2 8B,back of a traffic sign,grp3_76fb906e-20251129_122552.jpg,E:\2. UM-Student\MSC Dissertation\Urban-Vision-Benchmark\Datasets\MTSD\Prepared\MTSD-Unaugmented\MTSD-YOLO\test\images\grp3_76fb906e-20251129_122552.jpg,777.24,1876.8,1973.7,3125.28,1.0,back of a traffic sign,False,False,4187.9,mtsd-p11
Cosmos Reason2 8B,back of a traffic sign,grp3_7b58307a-IMG_20251203_094229.jpg,E:\2. UM-Student\MSC Dissertation\Urban-Vision-Benchmark\Datasets\MTSD\Prepared\MTSD-Unaugmented\MTSD-YOLO\test\images\grp3_7b58307a-IMG_20251203_094229.jpg,1089.36,338.64,2258.28,1530.0,1.0,back of a traffic sign,False,False,2516.0,mtsd-p11
Cosmos Reason2 8B,back of a traffic sign,grp3_81a84d18-IMG_9109.jpg,E:\2. UM-Student\MSC Dissertation\Urban-Vision-Benchmark\Datasets\MTSD\Prepared\MTSD-Unaugmented\MTSD-YOLO\test\images\grp3_81a84d18-IMG_9109.jpg,1610.78,1370.88,2874.56,2616.1,1.0,back of a traffic sign,False,False,2596.8,mtsd-p11
Cosmos Reason2 8B,back of a traffic sign,grp3_874592da-20251129_122245.jpg,E:\2. UM-Student\MSC Dissertation\Urban-Vision-Benchmark\Datasets\MTSD\Prepared\MTSD-Unaugmented\MTSD-YOLO\test\images\grp3_874592da-20251129_122245.jpg,1043.46,1268.88,1839.06,1970.64,1.0,back of a traffic sign,False,False,4167.3,mtsd-p11
Cosmos Reason2 8B,back of a traffic sign,grp3_874592da-20251129_122245.jpg,E:\2. UM-Student\MSC Dissertation\Urban-Vision-Benchmark\Datasets\MTSD\Prepared\MTSD-Unaugmented\MTSD-YOLO\test\images\grp3_874592da-20251129_122245.jpg,1015.92,1970.64,1878.84,2823.36,1.0,back of a traffic sign,False,False,4167.3,mtsd-p11
Cosmos Reason2 8B,back of a traffic sign,grp3_87ee400a-IMG_9122.jpg,E:\2. UM-Student\MSC Dissertation\Urban-Vision-Benchmark\Datasets\MTSD\Prepared\MTSD-Unaugmented\MTSD-YOLO\test\images\grp3_87ee400a-IMG_9122.jpg,1932.08,1330.9,2253.38,2690.35,1.0,back of a traffic sign,False,False,2595.1,mtsd-p11
Cosmos Reason2 8B,back of a traffic sign,grp3_8c6aa47e-IMG_20251203_121607.jpg,E:\2. UM-Student\MSC Dissertation\Urban-Vision-Benchmark\Datasets\MTSD\Prepared\MTSD-Unaugmented\MTSD-YOLO\test\images\grp3_8c6aa47e-IMG_20251203_121607.jpg,1165.86,436.56,1710.54,1603.44,1.0,back of a traffic sign,False,False,3079.6,mtsd-p11
Cosmos Reason2 8B,back of a traffic sign,grp3_8d66655f-IMG_4305.jpeg,E:\2. UM-Student\MSC Dissertation\Urban-Vision-Benchmark\Datasets\MTSD\Prepared\MTSD-Unaugmented\MTSD-YOLO\test\images\grp3_8d66655f-IMG_4305.jpeg,1427.33,1318.46,1953.5,1882.94,1.0,back of a traffic sign,False,False,2517.9,mtsd-p11
Cosmos Reason2 8B,back of a traffic sign,grp3_913cab50-IMG_20251204_094538.jpg,E:\2. UM-Student\MSC Dissertation\Urban-Vision-Benchmark\Datasets\MTSD\Prepared\MTSD-Unaugmented\MTSD-YOLO\test\images\grp3_913cab50-IMG_20251204_094538.jpg,752.76,293.76,2129.76,1693.2,1.0,back of a traffic sign,False,False,2495.7,mtsd-p11
Cosmos Reason2 8B,back of a traffic sign,grp3_915b758c-IMG_4287.jpeg,E:\2. UM-Student\MSC Dissertation\Urban-Vision-Benchmark\Datasets\MTSD\Prepared\MTSD-Unaugmented\MTSD-YOLO\test\images\grp3_915b758c-IMG_4287.jpeg,1366.85,1927.3,1835.57,2576.45,1.0,back of a traffic sign,False,False,2512.2,mtsd-p11
Cosmos Reason2 8B,back of a traffic sign,grp3_940c99a8-IMG_9166.jpg,E:\2. UM-Student\MSC Dissertation\Urban-Vision-Benchmark\Datasets\MTSD\Prepared\MTSD-Unaugmented\MTSD-YOLO\test\images\grp3_940c99a8-IMG_9166.jpg,2142.0,1742.16,2463.3,2930.26,1.0,back of a traffic sign,False,False,2615.2,mtsd-p11
Cosmos Reason2 8B,back of a traffic sign,grp3_9e3990fa-20251129_124245.jpg,E:\2. UM-Student\MSC Dissertation\Urban-Vision-Benchmark\Datasets\MTSD\Prepared\MTSD-Unaugmented\MTSD-YOLO\test\images\grp3_9e3990fa-20251129_124245.jpg,615.06,1391.28,2343.96,2974.32,1.0,back of a traffic sign,False,False,2565.0,mtsd-p11
Cosmos Reason2 8B,back of a traffic sign,grp3_9eaf77cf-IMG_4402.jpeg,E:\2. UM-Student\MSC Dissertation\Urban-Vision-Benchmark\Datasets\MTSD\Prepared\MTSD-Unaugmented\MTSD-YOLO\test\images\grp3_9eaf77cf-IMG_4402.jpeg,1342.66,1109.81,2056.32,1835.57,1.0,back of a traffic sign,False,False,2527.7,mtsd-p11
Cosmos Reason2 8B,back of a traffic sign,grp3_9ff54512-IMG_20251203_093925.jpg,E:\2. UM-Student\MSC Dissertation\Urban-Vision-Benchmark\Datasets\MTSD\Prepared\MTSD-Unaugmented\MTSD-YOLO\test\images\grp3_9ff54512-IMG_20251203_093925.jpg,1012.86,195.84,2028.78,1199.52,1.0,back of a traffic sign,False,False,2505.4,mtsd-p11
Cosmos Reason2 8B,back of a traffic sign,grp3_a2b6698c-IMG_4431.jpeg,E:\2. UM-Student\MSC Dissertation\Urban-Vision-Benchmark\Datasets\MTSD\Prepared\MTSD-Unaugmented\MTSD-YOLO\test\images\grp3_a2b6698c-IMG_4431.jpeg,2463.55,1146.1,4027.97,1345.68,1.0,back of a traffic sign,False,False,3180.5,mtsd-p11
Cosmos Reason2 8B,back of a traffic sign,grp3_a5739f60-IMG_20251203_120925.jpg,E:\2. UM-Student\MSC Dissertation\Urban-Vision-Benchmark\Datasets\MTSD\Prepared\MTSD-Unaugmented\MTSD-YOLO\test\images\grp3_a5739f60-IMG_20251203_120925.jpg,2031.84,2778.48,2074.68,2827.44,1.0,back of a traffic sign,False,False,2538.2,mtsd-p11
Cosmos Reason2 8B,back of a traffic sign,grp3_a9724b83-20251129_122439.jpg,E:\2. UM-Student\MSC Dissertation\Urban-Vision-Benchmark\Datasets\MTSD\Prepared\MTSD-Unaugmented\MTSD-YOLO\test\images\grp3_a9724b83-20251129_122439.jpg,0.0,0.0,1826.82,1179.12,1.0,back of a traffic sign,False,False,2361.6,mtsd-p11
Cosmos Reason2 8B,back of a traffic sign,grp3_ae42a8a0-20251129_121839.jpg,E:\2. UM-Student\MSC Dissertation\Urban-Vision-Benchmark\Datasets\MTSD\Prepared\MTSD-Unaugmented\MTSD-YOLO\test\images\grp3_ae42a8a0-20251129_121839.jpg,1101.6,1142.4,1826.82,1823.76,1.0,back of a traffic sign,False,False,2525.4,mtsd-p11
Cosmos Reason2 8B,back of a traffic sign,grp3_aebbbcad-IMG_9204.jpg,E:\2. UM-Student\MSC Dissertation\Urban-Vision-Benchmark\Datasets\MTSD\Prepared\MTSD-Unaugmented\MTSD-YOLO\test\images\grp3_aebbbcad-IMG_9204.jpg,1632.2,1051.01,2750.33,2130.58,1.0,back of a traffic sign,False,False,2585.6,mtsd-p11
Cosmos Reason2 8B,back of a traffic sign,grp3_b05e6955-IMG_4433.jpeg,E:\2. UM-Student\MSC Dissertation\Urban-Vision-Benchmark\Datasets\MTSD\Prepared\MTSD-Unaugmented\MTSD-YOLO\test\images\grp3_b05e6955-IMG_4433.jpeg,1427.33,816.48,2806.27,2119.82,1.0,back of a traffic sign,False,False,2543.8,mtsd-p11
Cosmos Reason2 8B,back of a traffic sign,grp3_c0cc3ce0-IMG_20251203_115646.jpg,E:\2. UM-Student\MSC Dissertation\Urban-Vision-Benchmark\Datasets\MTSD\Prepared\MTSD-Unaugmented\MTSD-YOLO\test\images\grp3_c0cc3ce0-IMG_20251203_115646.jpg,1282.14,1509.6,1943.1,2358.24,1.0,back of a traffic sign,False,False,2513.0,mtsd-p11
Cosmos Reason2 8B,back of a traffic sign,grp3_c7a58be8-IMG_20251203_121028.jpg,E:\2. UM-Student\MSC Dissertation\Urban-Vision-Benchmark\Datasets\MTSD\Prepared\MTSD-Unaugmented\MTSD-YOLO\test\images\grp3_c7a58be8-IMG_20251203_121028.jpg,1266.84,403.92,2053.26,1762.56,1.0,back of a traffic sign,False,False,2495.5,mtsd-p11
Cosmos Reason2 8B,back of a traffic sign,grp3_ca162d3e-20251129_114653.jpg,E:\2. UM-Student\MSC Dissertation\Urban-Vision-Benchmark\Datasets\MTSD\Prepared\MTSD-Unaugmented\MTSD-YOLO\test\images\grp3_ca162d3e-20251129_114653.jpg,933.3,1391.28,1863.54,2337.84,1.0,back of a traffic sign,False,False,3227.3,mtsd-p11
Cosmos Reason2 8B,back of a traffic sign,grp3_cb90b89e-IMG_9211.jpg,E:\2. UM-Student\MSC Dissertation\Urban-Vision-Benchmark\Datasets\MTSD\Prepared\MTSD-Unaugmented\MTSD-YOLO\test\images\grp3_cb90b89e-IMG_9211.jpg,1306.62,1576.51,2574.68,2673.22,1.0,back of a traffic sign,False,False,2600.9,mtsd-p11
Cosmos Reason2 8B,back of a traffic sign,grp3_d3cfa1f7-IMG_20251204_133658.jpg,E:\2. UM-Student\MSC Dissertation\Urban-Vision-Benchmark\Datasets\MTSD\Prepared\MTSD-Unaugmented\MTSD-YOLO\test\images\grp3_d3cfa1f7-IMG_20251204_133658.jpg,1052.64,306.0,2031.84,1407.6,1.0,back of a traffic sign,False,False,2475.9,mtsd-p11
Cosmos Reason2 8B,back of a traffic sign,grp3_def908c3-IMG_4315.jpeg,E:\2. UM-Student\MSC Dissertation\Urban-Vision-Benchmark\Datasets\MTSD\Prepared\MTSD-Unaugmented\MTSD-YOLO\test\images\grp3_def908c3-IMG_4315.jpeg,1242.86,1399.1,1926.29,2028.1,1.0,back of a traffic sign,False,False,2526.4,mtsd-p11
Cosmos Reason2 8B,back of a traffic sign,grp3_e0a623d6-IMG_9293.jpg,E:\2. UM-Student\MSC Dissertation\Urban-Vision-Benchmark\Datasets\MTSD\Prepared\MTSD-Unaugmented\MTSD-YOLO\test\images\grp3_e0a623d6-IMG_9293.jpg,2026.33,1450.85,2523.28,2827.44,1.0,back of a traffic sign,False,False,2598.3,mtsd-p11
Cosmos Reason2 8B,back of a traffic sign,grp3_e17ffb83-20251129_115005.jpg,E:\2. UM-Student\MSC Dissertation\Urban-Vision-Benchmark\Datasets\MTSD\Prepared\MTSD-Unaugmented\MTSD-YOLO\test\images\grp3_e17ffb83-20251129_115005.jpg,1208.7,1468.8,1545.3,2390.88,1.0,back of a traffic sign,False,False,2549.1,mtsd-p11
Cosmos Reason2 8B,back of a traffic sign,grp3_e337de9a-IMG_4362.jpeg,E:\2. UM-Student\MSC Dissertation\Urban-Vision-Benchmark\Datasets\MTSD\Prepared\MTSD-Unaugmented\MTSD-YOLO\test\images\grp3_e337de9a-IMG_4362.jpeg,1124.93,1882.94,1995.84,2721.6,1.0,back of a traffic sign,False,False,2586.8,mtsd-p11
Cosmos Reason2 8B,back of a traffic sign,grp3_eb512649-IMG_4353.jpeg,E:\2. UM-Student\MSC Dissertation\Urban-Vision-Benchmark\Datasets\MTSD\Prepared\MTSD-Unaugmented\MTSD-YOLO\test\images\grp3_eb512649-IMG_4353.jpeg,1261.01,1520.06,1880.93,2044.22,1.0,back of a traffic sign,False,False,4142.1,mtsd-p11
Cosmos Reason2 8B,back of a traffic sign,grp3_eb512649-IMG_4353.jpeg,E:\2. UM-Student\MSC Dissertation\Urban-Vision-Benchmark\Datasets\MTSD\Prepared\MTSD-Unaugmented\MTSD-YOLO\test\images\grp3_eb512649-IMG_4353.jpeg,1248.91,2032.13,1886.98,2649.02,1.0,back of a traffic sign,False,False,4142.1,mtsd-p11
Cosmos Reason2 8B,back of a traffic sign,grp3_eb95b9a8-IMG_9119.jpg,E:\2. UM-Student\MSC Dissertation\Urban-Vision-Benchmark\Datasets\MTSD\Prepared\MTSD-Unaugmented\MTSD-YOLO\test\images\grp3_eb95b9a8-IMG_9119.jpg,1743.59,2136.29,2266.24,2918.83,1.0,back of a traffic sign,False,False,3202.9,mtsd-p11
Cosmos Reason2 8B,back of a traffic sign,grp3_ec385cc7-IMG_20251203_121353.jpg,E:\2. UM-Student\MSC Dissertation\Urban-Vision-Benchmark\Datasets\MTSD\Prepared\MTSD-Unaugmented\MTSD-YOLO\test\images\grp3_ec385cc7-IMG_20251203_121353.jpg,844.56,493.68,2353.14,1840.08,1.0,back of a traffic sign,False,False,2522.5,mtsd-p11
Cosmos Reason2 8B,back of a traffic sign,grp3_ecbe9be3-IMG_20251204_100152.jpg,E:\2. UM-Student\MSC Dissertation\Urban-Vision-Benchmark\Datasets\MTSD\Prepared\MTSD-Unaugmented\MTSD-YOLO\test\images\grp3_ecbe9be3-IMG_20251204_100152.jpg,1392.3,816.0,2640.78,4071.84,1.0,back of a traffic sign,False,False,2525.4,mtsd-p11
Cosmos Reason2 8B,back of a traffic sign,grp3_f2a7e32a-IMG_4334.jpeg,E:\2. UM-Student\MSC Dissertation\Urban-Vision-Benchmark\Datasets\MTSD\Prepared\MTSD-Unaugmented\MTSD-YOLO\test\images\grp3_f2a7e32a-IMG_4334.jpeg,1251.94,1778.11,1841.62,2350.66,1.0,back of a traffic sign,False,False,2531.7,mtsd-p11
Cosmos Reason2 8B,back of a traffic sign,grp3_f6ba6aba-IMG_4397.jpeg,E:\2. UM-Student\MSC Dissertation\Urban-Vision-Benchmark\Datasets\MTSD\Prepared\MTSD-Unaugmented\MTSD-YOLO\test\images\grp3_f6ba6aba-IMG_4397.jpeg,1161.22,1487.81,1902.1,2193.41,1.0,back of a traffic sign,False,False,2533.0,mtsd-p11
Cosmos Reason2 8B,back of a traffic sign,grp3_facbf33e-IMG_9197.jpg,E:\2. UM-Student\MSC Dissertation\Urban-Vision-Benchmark\Datasets\MTSD\Prepared\MTSD-Unaugmented\MTSD-YOLO\test\images\grp3_facbf33e-IMG_9197.jpg,1816.42,2079.17,2082.02,3078.77,1.0,back of a traffic sign,False,False,2585.2,mtsd-p11
Cosmos Reason2 8B,back of a traffic sign,grp3_faf213d1-IMG_20251203_120236.jpg,E:\2. UM-Student\MSC Dissertation\Urban-Vision-Benchmark\Datasets\MTSD\Prepared\MTSD-Unaugmented\MTSD-YOLO\test\images\grp3_faf213d1-IMG_20251203_120236.jpg,810.9,3133.44,844.56,3198.72,1.0,back of a traffic sign,False,False,2531.9,mtsd-p11
Cosmos Reason2 8B,back of a traffic sign,grp4_0da97af9-20251222_133337.jpg,E:\2. UM-Student\MSC Dissertation\Urban-Vision-Benchmark\Datasets\MTSD\Prepared\MTSD-Unaugmented\MTSD-YOLO\test\images\grp4_0da97af9-20251222_133337.jpg,534.0,984.0,1914.0,2332.0,1.0,back of a traffic sign,False,False,2530.1,mtsd-p11
Cosmos Reason2 8B,back of a traffic sign,grp4_11d8a182-WhatsApp_Image_2026-01-14_at_11.12.01.jpeg,E:\2. UM-Student\MSC Dissertation\Urban-Vision-Benchmark\Datasets\MTSD\Prepared\MTSD-Unaugmented\MTSD-YOLO\test\images\grp4_11d8a182-WhatsApp_Image_2026-01-14_at_11.12.01.jpeg,306.0,1102.0,456.0,1274.0,1.0,back of a traffic sign,False,False,3196.6,mtsd-p11
Cosmos Reason2 8B,back of a traffic sign,grp4_1d0747c0-20260107_105907.jpg,E:\2. UM-Student\MSC Dissertation\Urban-Vision-Benchmark\Datasets\MTSD\Prepared\MTSD-Unaugmented\MTSD-YOLO\test\images\grp4_1d0747c0-20260107_105907.jpg,347.45,601.1,1344.96,1570.83,1.0,back of a traffic sign,False,False,2295.1,mtsd-p11
Cosmos Reason2 8B,back of a traffic sign,grp4_20251115_125732.jpg,E:\2. UM-Student\MSC Dissertation\Urban-Vision-Benchmark\Datasets\MTSD\Prepared\MTSD-Unaugmented\MTSD-YOLO\test\images\grp4_20251115_125732.jpg,,,,,,<no detections>,False,False,931.6,mtsd-p11
Cosmos Reason2 8B,back of a traffic sign,grp4_20251130_114937.jpg,E:\2. UM-Student\MSC Dissertation\Urban-Vision-Benchmark\Datasets\MTSD\Prepared\MTSD-Unaugmented\MTSD-YOLO\test\images\grp4_20251130_114937.jpg,993.0,2016.0,1839.0,3464.0,1.0,back of a traffic sign,False,False,2559.2,mtsd-p11
Cosmos Reason2 8B,back of a traffic sign,grp4_20251130_115129.jpg,E:\2. UM-Student\MSC Dissertation\Urban-Vision-Benchmark\Datasets\MTSD\Prepared\MTSD-Unaugmented\MTSD-YOLO\test\images\grp4_20251130_115129.jpg,855.0,2224.0,2088.0,3500.0,1.0,back of a traffic sign,False,False,2517.1,mtsd-p11
Cosmos Reason2 8B,back of a traffic sign,grp4_20251130_115523.jpg,E:\2. UM-Student\MSC Dissertation\Urban-Vision-Benchmark\Datasets\MTSD\Prepared\MTSD-Unaugmented\MTSD-YOLO\test\images\grp4_20251130_115523.jpg,990.0,1428.0,2031.0,2520.0,1.0,back of a traffic sign,False,False,2536.6,mtsd-p11
Cosmos Reason2 8B,back of a traffic sign,grp4_20251130_115532.jpg,E:\2. UM-Student\MSC Dissertation\Urban-Vision-Benchmark\Datasets\MTSD\Prepared\MTSD-Unaugmented\MTSD-YOLO\test\images\grp4_20251130_115532.jpg,1257.0,2848.0,1569.0,3780.0,1.0,back of a traffic sign,False,False,2524.2,mtsd-p11
Cosmos Reason2 8B,back of a traffic sign,grp4_20251130_115613.jpg,E:\2. UM-Student\MSC Dissertation\Urban-Vision-Benchmark\Datasets\MTSD\Prepared\MTSD-Unaugmented\MTSD-YOLO\test\images\grp4_20251130_115613.jpg,1170.0,1488.0,1446.0,3068.0,1.0,back of a traffic sign,False,False,2529.5,mtsd-p11
Cosmos Reason2 8B,back of a traffic sign,grp4_20251130_115807.jpg,E:\2. UM-Student\MSC Dissertation\Urban-Vision-Benchmark\Datasets\MTSD\Prepared\MTSD-Unaugmented\MTSD-YOLO\test\images\grp4_20251130_115807.jpg,717.0,2472.0,1323.0,3744.0,1.0,back of a traffic sign,False,False,3229.9,mtsd-p11
Cosmos Reason2 8B,back of a traffic sign,grp4_20251130_120143.jpg,E:\2. UM-Student\MSC Dissertation\Urban-Vision-Benchmark\Datasets\MTSD\Prepared\MTSD-Unaugmented\MTSD-YOLO\test\images\grp4_20251130_120143.jpg,1518.0,1680.0,1710.0,3100.0,1.0,back of a traffic sign,False,False,2526.1,mtsd-p11
Cosmos Reason2 8B,back of a traffic sign,grp4_20251130_120206.jpg,E:\2. UM-Student\MSC Dissertation\Urban-Vision-Benchmark\Datasets\MTSD\Prepared\MTSD-Unaugmented\MTSD-YOLO\test\images\grp4_20251130_120206.jpg,1032.0,1528.0,2205.0,2820.0,1.0,back of a traffic sign,False,False,2533.2,mtsd-p11
Cosmos Reason2 8B,back of a traffic sign,grp4_20251219_134240.jpg,E:\2. UM-Student\MSC Dissertation\Urban-Vision-Benchmark\Datasets\MTSD\Prepared\MTSD-Unaugmented\MTSD-YOLO\test\images\grp4_20251219_134240.jpg,933.0,1992.0,2076.0,3196.0,1.0,back of a traffic sign,False,False,2549.5,mtsd-p11
Cosmos Reason2 8B,back of a traffic sign,grp4_20251229_142249.jpg,E:\2. UM-Student\MSC Dissertation\Urban-Vision-Benchmark\Datasets\MTSD\Prepared\MTSD-Unaugmented\MTSD-YOLO\test\images\grp4_20251229_142249.jpg,708.0,2032.0,1857.0,3120.0,1.0,back of a traffic sign,False,False,2508.0,mtsd-p11
Cosmos Reason2 8B,back of a traffic sign,grp4_20251229_144322.jpg,E:\2. UM-Student\MSC Dissertation\Urban-Vision-Benchmark\Datasets\MTSD\Prepared\MTSD-Unaugmented\MTSD-YOLO\test\images\grp4_20251229_144322.jpg,912.0,1676.0,2217.0,2896.0,1.0,back of a traffic sign,False,False,2536.6,mtsd-p11
Cosmos Reason2 8B,back of a traffic sign,grp4_20251229_145129.jpg,E:\2. UM-Student\MSC Dissertation\Urban-Vision-Benchmark\Datasets\MTSD\Prepared\MTSD-Unaugmented\MTSD-YOLO\test\images\grp4_20251229_145129.jpg,285.0,1448.0,2187.0,3016.0,1.0,back of a traffic sign,False,False,4022.6,mtsd-p11
Cosmos Reason2 8B,back of a traffic sign,grp4_20251229_145129.jpg,E:\2. UM-Student\MSC Dissertation\Urban-Vision-Benchmark\Datasets\MTSD\Prepared\MTSD-Unaugmented\MTSD-YOLO\test\images\grp4_20251229_145129.jpg,216.0,2748.0,2187.0,3736.0,1.0,back of a traffic sign,False,False,4022.6,mtsd-p11
Cosmos Reason2 8B,back of a traffic sign,grp4_20251229_150136.jpg,E:\2. UM-Student\MSC Dissertation\Urban-Vision-Benchmark\Datasets\MTSD\Prepared\MTSD-Unaugmented\MTSD-YOLO\test\images\grp4_20251229_150136.jpg,618.0,1132.0,1944.0,2080.0,1.0,back of a traffic sign,False,False,4120.6,mtsd-p11
Cosmos Reason2 8B,back of a traffic sign,grp4_20251229_150136.jpg,E:\2. UM-Student\MSC Dissertation\Urban-Vision-Benchmark\Datasets\MTSD\Prepared\MTSD-Unaugmented\MTSD-YOLO\test\images\grp4_20251229_150136.jpg,441.0,2064.0,1860.0,3384.0,1.0,back of a traffic sign,False,False,4120.6,mtsd-p11
Cosmos Reason2 8B,back of a traffic sign,grp4_20251229_150338.jpg,E:\2. UM-Student\MSC Dissertation\Urban-Vision-Benchmark\Datasets\MTSD\Prepared\MTSD-Unaugmented\MTSD-YOLO\test\images\grp4_20251229_150338.jpg,978.0,3664.0,1839.0,3996.0,1.0,back of a traffic sign,False,False,3236.7,mtsd-p11
Cosmos Reason2 8B,back of a traffic sign,grp4_20251229_151051.jpg,E:\2. UM-Student\MSC Dissertation\Urban-Vision-Benchmark\Datasets\MTSD\Prepared\MTSD-Unaugmented\MTSD-YOLO\test\images\grp4_20251229_151051.jpg,1377.0,1800.0,2085.0,2244.0,1.0,back of a traffic sign,False,False,2561.9,mtsd-p11
Cosmos Reason2 8B,back of a traffic sign,grp4_20251229_152158.jpg,E:\2. UM-Student\MSC Dissertation\Urban-Vision-Benchmark\Datasets\MTSD\Prepared\MTSD-Unaugmented\MTSD-YOLO\test\images\grp4_20251229_152158.jpg,450.0,1316.0,2511.0,3296.0,1.0,back of a traffic sign,False,False,2561.3,mtsd-p11
Cosmos Reason2 8B,back of a traffic sign,grp4_20251231_160526.jpg,E:\2. UM-Student\MSC Dissertation\Urban-Vision-Benchmark\Datasets\MTSD\Prepared\MTSD-Unaugmented\MTSD-YOLO\test\images\grp4_20251231_160526.jpg,990.0,1508.0,2016.0,2444.0,1.0,back of a traffic sign,False,False,2563.1,mtsd-p11
Cosmos Reason2 8B,back of a traffic sign,grp4_20251231_160545.jpg,E:\2. UM-Student\MSC Dissertation\Urban-Vision-Benchmark\Datasets\MTSD\Prepared\MTSD-Unaugmented\MTSD-YOLO\test\images\grp4_20251231_160545.jpg,1227.0,1420.0,1572.0,2464.0,1.0,back of a traffic sign,False,False,2542.9,mtsd-p11
Cosmos Reason2 8B,back of a traffic sign,grp4_20251231_160556.jpg,E:\2. UM-Student\MSC Dissertation\Urban-Vision-Benchmark\Datasets\MTSD\Prepared\MTSD-Unaugmented\MTSD-YOLO\test\images\grp4_20251231_160556.jpg,1848.0,1932.0,2043.0,2532.0,1.0,back of a traffic sign,False,False,2552.8,mtsd-p11
Cosmos Reason2 8B,back of a traffic sign,grp4_219a5ac5-20251116_164504.jpg,E:\2. UM-Student\MSC Dissertation\Urban-Vision-Benchmark\Datasets\MTSD\Prepared\MTSD-Unaugmented\MTSD-YOLO\test\images\grp4_219a5ac5-20251116_164504.jpg,2204.16,3251.76,2293.7,3431.28,1.0,back of a traffic sign,False,False,2337.9,mtsd-p11
Cosmos Reason2 8B,back of a traffic sign,grp4_21c64815-20251116_163111.jpg,E:\2. UM-Student\MSC Dissertation\Urban-Vision-Benchmark\Datasets\MTSD\Prepared\MTSD-Unaugmented\MTSD-YOLO\test\images\grp4_21c64815-20251116_163111.jpg,,,,,,<no detections>,False,False,718.8,mtsd-p11
Cosmos Reason2 8B,back of a traffic sign,grp4_22bb020a-20251222_131805.jpg,E:\2. UM-Student\MSC Dissertation\Urban-Vision-Benchmark\Datasets\MTSD\Prepared\MTSD-Unaugmented\MTSD-YOLO\test\images\grp4_22bb020a-20251222_131805.jpg,492.0,684.0,2385.0,2720.0,1.0,back of a traffic sign,False,False,3221.8,mtsd-p11
Cosmos Reason2 8B,back of a traffic sign,grp4_25671e9a-WhatsApp_Image_2026-01-14_at_11.11.43_3.jpeg,E:\2. UM-Student\MSC Dissertation\Urban-Vision-Benchmark\Datasets\MTSD\Prepared\MTSD-Unaugmented\MTSD-YOLO\test\images\grp4_25671e9a-WhatsApp_Image_2026-01-14_at_11.11.43_3.jpeg,1344.0,858.0,1498.5,1082.0,1.0,back of a traffic sign,False,False,2460.6,mtsd-p11
Cosmos Reason2 8B,back of a traffic sign,grp4_2659e726-20260107_105845.jpg,E:\2. UM-Student\MSC Dissertation\Urban-Vision-Benchmark\Datasets\MTSD\Prepared\MTSD-Unaugmented\MTSD-YOLO\test\images\grp4_2659e726-20260107_105845.jpg,2123.8,3125.28,2293.7,3761.76,1.0,back of a traffic sign,False,False,2321.2,mtsd-p11
Cosmos Reason2 8B,back of a traffic sign,grp4_27645844-20260107_151619.jpg,E:\2. UM-Student\MSC Dissertation\Urban-Vision-Benchmark\Datasets\MTSD\Prepared\MTSD-Unaugmented\MTSD-YOLO\test\images\grp4_27645844-20260107_151619.jpg,619.38,1144.77,684.11,1279.68,1.0,back of a traffic sign,False,False,2288.7,mtsd-p11
Cosmos Reason2 8B,back of a traffic sign,grp4_27f66596-20260109_125516.jpg,E:\2. UM-Student\MSC Dissertation\Urban-Vision-Benchmark\Datasets\MTSD\Prepared\MTSD-Unaugmented\MTSD-YOLO\test\images\grp4_27f66596-20260109_125516.jpg,1190.37,490.35,2077.37,2057.4,1.0,back of a traffic sign,False,False,2499.9,mtsd-p11
Cosmos Reason2 8B,back of a traffic sign,grp4_303a684b-WhatsApp_Image_2026-01-14_at_11.12.36_1.jpeg,E:\2. UM-Student\MSC Dissertation\Urban-Vision-Benchmark\Datasets\MTSD\Prepared\MTSD-Unaugmented\MTSD-YOLO\test\images\grp4_303a684b-WhatsApp_Image_2026-01-14_at_11.12.36_1.jpeg,600.0,648.0,816.0,1098.0,1.0,back of a traffic sign,False,False,2471.3,mtsd-p11
Cosmos Reason2 8B,back of a traffic sign,grp4_3a0abdfb-20251116_161259.jpg,E:\2. UM-Student\MSC Dissertation\Urban-Vision-Benchmark\Datasets\MTSD\Prepared\MTSD-Unaugmented\MTSD-YOLO\test\images\grp4_3a0abdfb-20251116_161259.jpg,805.9,897.6,1350.05,1889.04,1.0,back of a traffic sign,False,False,2316.1,mtsd-p11
Cosmos Reason2 8B,back of a traffic sign,grp4_3a5008ad-20251222_141011.jpg,E:\2. UM-Student\MSC Dissertation\Urban-Vision-Benchmark\Datasets\MTSD\Prepared\MTSD-Unaugmented\MTSD-YOLO\test\images\grp4_3a5008ad-20251222_141011.jpg,672.0,504.0,1461.0,2148.0,1.0,back of a traffic sign,False,False,2558.1,mtsd-p11
Cosmos Reason2 8B,back of a traffic sign,grp4_420a4dea-20251222_131729.jpg,E:\2. UM-Student\MSC Dissertation\Urban-Vision-Benchmark\Datasets\MTSD\Prepared\MTSD-Unaugmented\MTSD-YOLO\test\images\grp4_420a4dea-20251222_131729.jpg,291.0,0.0,762.0,1708.0,1.0,back of a traffic sign,False,False,3030.5,mtsd-p11
Cosmos Reason2 8B,back of a traffic sign,grp4_53b94993-WhatsApp_Image_2026-01-14_at_11.10.30_2.jpeg,E:\2. UM-Student\MSC Dissertation\Urban-Vision-Benchmark\Datasets\MTSD\Prepared\MTSD-Unaugmented\MTSD-YOLO\test\images\grp4_53b94993-WhatsApp_Image_2026-01-14_at_11.10.30_2.jpeg,594.0,770.0,853.5,1202.0,1.0,back of a traffic sign,False,False,2501.2,mtsd-p11
Cosmos Reason2 8B,back of a traffic sign,grp4_5886bc7f-20251116_161202.jpg,E:\2. UM-Student\MSC Dissertation\Urban-Vision-Benchmark\Datasets\MTSD\Prepared\MTSD-Unaugmented\MTSD-YOLO\test\images\grp4_5886bc7f-20251116_161202.jpg,1244.43,1423.92,1405.15,1909.44,1.0,back of a traffic sign,False,False,2357.1,mtsd-p11
Cosmos Reason2 8B,back of a traffic sign,grp4_5996dfea-20251116_163330.jpg,E:\2. UM-Student\MSC Dissertation\Urban-Vision-Benchmark\Datasets\MTSD\Prepared\MTSD-Unaugmented\MTSD-YOLO\test\images\grp4_5996dfea-20251116_163330.jpg,1496.99,942.48,1666.9,1970.64,1.0,back of a traffic sign,False,False,2334.6,mtsd-p11
Cosmos Reason2 8B,back of a traffic sign,grp4_5c62b2f6-20251117_104837.jpg,E:\2. UM-Student\MSC Dissertation\Urban-Vision-Benchmark\Datasets\MTSD\Prepared\MTSD-Unaugmented\MTSD-YOLO\test\images\grp4_5c62b2f6-20251117_104837.jpg,902.33,2366.4,1170.96,2733.6,1.0,back of a traffic sign,False,False,2341.3,mtsd-p11
Cosmos Reason2 8B,back of a traffic sign,grp4_5e204826-WhatsApp_Image_2026-01-14_at_11.11.36.jpeg,E:\2. UM-Student\MSC Dissertation\Urban-Vision-Benchmark\Datasets\MTSD\Prepared\MTSD-Unaugmented\MTSD-YOLO\test\images\grp4_5e204826-WhatsApp_Image_2026-01-14_at_11.11.36.jpeg,585.0,790.0,774.0,982.0,1.0,back of a traffic sign,False,False,2458.9,mtsd-p11
Cosmos Reason2 8B,back of a traffic sign,grp4_63c4320e-WhatsApp_Image_2026-01-14_at_11.10.32_3.jpeg,E:\2. UM-Student\MSC Dissertation\Urban-Vision-Benchmark\Datasets\MTSD\Prepared\MTSD-Unaugmented\MTSD-YOLO\test\images\grp4_63c4320e-WhatsApp_Image_2026-01-14_at_11.10.32_3.jpeg,585.0,686.0,828.0,920.0,1.0,back of a traffic sign,False,False,2477.5,mtsd-p11
Cosmos Reason2 8B,back of a traffic sign,grp4_66eacd8c-20260109_124456.jpg,E:\2. UM-Student\MSC Dissertation\Urban-Vision-Benchmark\Datasets\MTSD\Prepared\MTSD-Unaugmented\MTSD-YOLO\test\images\grp4_66eacd8c-20260109_124456.jpg,840.0,856.0,1905.0,2676.0,1.0,back of a traffic sign,False,False,2520.0,mtsd-p11
Cosmos Reason2 8B,back of a traffic sign,grp4_763f17c4-20260107_150842.jpg,E:\2. UM-Student\MSC Dissertation\Urban-Vision-Benchmark\Datasets\MTSD\Prepared\MTSD-Unaugmented\MTSD-YOLO\test\images\grp4_763f17c4-20260107_150842.jpg,481.91,552.37,1394.6,1489.3,1.0,back of a traffic sign,False,False,2998.6,mtsd-p11
Cosmos Reason2 8B,back of a traffic sign,grp4_7af17460-WhatsApp_Image_2026-01-14_at_11.11.40_2.jpeg,E:\2. UM-Student\MSC Dissertation\Urban-Vision-Benchmark\Datasets\MTSD\Prepared\MTSD-Unaugmented\MTSD-YOLO\test\images\grp4_7af17460-WhatsApp_Image_2026-01-14_at_11.11.40_2.jpeg,558.0,614.0,859.5,886.0,1.0,back of a traffic sign,False,False,2465.1,mtsd-p11
Cosmos Reason2 8B,back of a traffic sign,grp4_7b6a28a6-WhatsApp_Image_2026-01-14_at_11.10.25_4.jpeg,E:\2. UM-Student\MSC Dissertation\Urban-Vision-Benchmark\Datasets\MTSD\Prepared\MTSD-Unaugmented\MTSD-YOLO\test\images\grp4_7b6a28a6-WhatsApp_Image_2026-01-14_at_11.10.25_4.jpeg,570.0,680.0,883.5,986.0,1.0,back of a traffic sign,False,False,2484.9,mtsd-p11
Cosmos Reason2 8B,back of a traffic sign,grp4_81d58d34-20251222_132612.jpg,E:\2. UM-Student\MSC Dissertation\Urban-Vision-Benchmark\Datasets\MTSD\Prepared\MTSD-Unaugmented\MTSD-YOLO\test\images\grp4_81d58d34-20251222_132612.jpg,690.0,892.0,2022.0,2192.0,1.0,back of a traffic sign,False,False,2535.3,mtsd-p11
Cosmos Reason2 8B,back of a traffic sign,grp4_82399059-20251116_165140.jpg,E:\2. UM-Student\MSC Dissertation\Urban-Vision-Benchmark\Datasets\MTSD\Prepared\MTSD-Unaugmented\MTSD-YOLO\test\images\grp4_82399059-20251116_165140.jpg,321.44,2015.52,1983.74,3545.52,1.0,back of a traffic sign,False,False,2332.1,mtsd-p11
Cosmos Reason2 8B,back of a traffic sign,grp4_83705e8e-WhatsApp_Image_2026-01-14_at_11.10.28_3.jpeg,E:\2. UM-Student\MSC Dissertation\Urban-Vision-Benchmark\Datasets\MTSD\Prepared\MTSD-Unaugmented\MTSD-YOLO\test\images\grp4_83705e8e-WhatsApp_Image_2026-01-14_at_11.10.28_3.jpeg,544.5,636.0,943.5,1034.0,1.0,back of a traffic sign,False,False,2468.2,mtsd-p11
Cosmos Reason2 8B,back of a traffic sign,grp4_86e58e1e-WhatsApp_Image_2026-01-14_at_11.10.21.jpeg,E:\2. UM-Student\MSC Dissertation\Urban-Vision-Benchmark\Datasets\MTSD\Prepared\MTSD-Unaugmented\MTSD-YOLO\test\images\grp4_86e58e1e-WhatsApp_Image_2026-01-14_at_11.10.21.jpeg,643.5,756.0,810.0,1208.0,1.0,back of a traffic sign,False,False,2487.2,mtsd-p11
Cosmos Reason2 8B,back of a traffic sign,grp4_87ae19f5-WhatsApp_Image_2026-01-14_at_11.11.37.jpeg,E:\2. UM-Student\MSC Dissertation\Urban-Vision-Benchmark\Datasets\MTSD\Prepared\MTSD-Unaugmented\MTSD-YOLO\test\images\grp4_87ae19f5-WhatsApp_Image_2026-01-14_at_11.11.37.jpeg,651.0,1216.0,679.5,1254.0,1.0,back of a traffic sign,False,False,2515.4,mtsd-p11
Cosmos Reason2 8B,back of a traffic sign,grp4_8b497905-20260107_150756.jpg,E:\2. UM-Student\MSC Dissertation\Urban-Vision-Benchmark\Datasets\MTSD\Prepared\MTSD-Unaugmented\MTSD-YOLO\test\images\grp4_8b497905-20260107_150756.jpg,872.48,2040.0,1393.67,2366.4,1.0,back of a traffic sign,False,False,2939.4,mtsd-p11
Cosmos Reason2 8B,back of a traffic sign,grp4_8bd079ee-20260107_105937.jpg,E:\2. UM-Student\MSC Dissertation\Urban-Vision-Benchmark\Datasets\MTSD\Prepared\MTSD-Unaugmented\MTSD-YOLO\test\images\grp4_8bd079ee-20260107_105937.jpg,,,,,,<no detections>,False,False,681.3,mtsd-p11
Cosmos Reason2 8B,back of a traffic sign,grp4_91f6056a-20251116_163806.jpg,E:\2. UM-Student\MSC Dissertation\Urban-Vision-Benchmark\Datasets\MTSD\Prepared\MTSD-Unaugmented\MTSD-YOLO\test\images\grp4_91f6056a-20251116_163806.jpg,463.79,1187.28,2009.0,2745.84,1.0,back of a traffic sign,False,False,2342.9,mtsd-p11
Cosmos Reason2 8B,back of a traffic sign,grp4_935db33c-20260107_105737.jpg,E:\2. UM-Student\MSC Dissertation\Urban-Vision-Benchmark\Datasets\MTSD\Prepared\MTSD-Unaugmented\MTSD-YOLO\test\images\grp4_935db33c-20260107_105737.jpg,645.18,1064.88,1575.06,1836.0,1.0,back of a traffic sign,False,False,2353.1,mtsd-p11
Cosmos Reason2 8B,back of a traffic sign,grp4_94287dbf-20260113_132935.jpg,E:\2. UM-Student\MSC Dissertation\Urban-Vision-Benchmark\Datasets\MTSD\Prepared\MTSD-Unaugmented\MTSD-YOLO\test\images\grp4_94287dbf-20260113_132935.jpg,939.0,1344.0,1785.0,2848.0,1.0,back of a traffic sign,False,False,2573.6,mtsd-p11
Cosmos Reason2 8B,back of a traffic sign,grp4_9a8f607e-20251222_141532.jpg,E:\2. UM-Student\MSC Dissertation\Urban-Vision-Benchmark\Datasets\MTSD\Prepared\MTSD-Unaugmented\MTSD-YOLO\test\images\grp4_9a8f607e-20251222_141532.jpg,375.0,684.0,2130.0,2316.0,1.0,back of a traffic sign,False,False,2540.8,mtsd-p11
Cosmos Reason2 8B,back of a traffic sign,grp4_9c4db066-WhatsApp_Image_2026-01-14_at_10.34.44_2.jpeg,E:\2. UM-Student\MSC Dissertation\Urban-Vision-Benchmark\Datasets\MTSD\Prepared\MTSD-Unaugmented\MTSD-YOLO\test\images\grp4_9c4db066-WhatsApp_Image_2026-01-14_at_10.34.44_2.jpeg,158.62,414.4,405.2,681.6,1.0,back of a traffic sign,False,False,2245.0,mtsd-p11
Cosmos Reason2 8B,back of a traffic sign,grp4_a3952dcd-20251116_170721.jpg,E:\2. UM-Student\MSC Dissertation\Urban-Vision-Benchmark\Datasets\MTSD\Prepared\MTSD-Unaugmented\MTSD-YOLO\test\images\grp4_a3952dcd-20251116_170721.jpg,485.85,737.66,1193.97,2191.99,1.0,back of a traffic sign,False,False,2362.9,mtsd-p11
Cosmos Reason2 8B,back of a traffic sign,grp4_a59df063-20251116_165440.jpg,E:\2. UM-Student\MSC Dissertation\Urban-Vision-Benchmark\Datasets\MTSD\Prepared\MTSD-Unaugmented\MTSD-YOLO\test\images\grp4_a59df063-20251116_165440.jpg,225.74,883.44,1325.44,2267.5,1.0,back of a traffic sign,False,False,2944.7,mtsd-p11
Cosmos Reason2 8B,back of a traffic sign,grp4_abe76f20-20260109_124535.jpg,E:\2. UM-Student\MSC Dissertation\Urban-Vision-Benchmark\Datasets\MTSD\Prepared\MTSD-Unaugmented\MTSD-YOLO\test\images\grp4_abe76f20-20260109_124535.jpg,747.0,288.0,2103.0,2640.0,1.0,back of a traffic sign,False,False,2554.6,mtsd-p11
Cosmos Reason2 8B,back of a traffic sign,grp4_b3745e21-20251222_142059.jpg,E:\2. UM-Student\MSC Dissertation\Urban-Vision-Benchmark\Datasets\MTSD\Prepared\MTSD-Unaugmented\MTSD-YOLO\test\images\grp4_b3745e21-20251222_142059.jpg,801.0,580.0,1737.0,2240.0,1.0,back of a traffic sign,False,False,2526.9,mtsd-p11
Cosmos Reason2 8B,back of a traffic sign,grp4_b3d0eaa4-20251116_163427.jpg,E:\2. UM-Student\MSC Dissertation\Urban-Vision-Benchmark\Datasets\MTSD\Prepared\MTSD-Unaugmented\MTSD-YOLO\test\images\grp4_b3d0eaa4-20251116_163427.jpg,890.85,1244.4,1425.82,2346.0,1.0,back of a traffic sign,False,False,2335.8,mtsd-p11
Cosmos Reason2 8B,back of a traffic sign,grp4_bdef9845-20260109_130552.jpg,E:\2. UM-Student\MSC Dissertation\Urban-Vision-Benchmark\Datasets\MTSD\Prepared\MTSD-Unaugmented\MTSD-YOLO\test\images\grp4_bdef9845-20260109_130552.jpg,672.0,2428.0,1800.0,3664.0,1.0,back of a traffic sign,False,False,2533.7,mtsd-p11
Cosmos Reason2 8B,back of a traffic sign,grp4_c3a633b2-20251116_162903.jpg,E:\2. UM-Student\MSC Dissertation\Urban-Vision-Benchmark\Datasets\MTSD\Prepared\MTSD-Unaugmented\MTSD-YOLO\test\images\grp4_c3a633b2-20251116_162903.jpg,297.94,1179.31,488.28,1797.2,1.0,back of a traffic sign,False,False,2374.1,mtsd-p11
Cosmos Reason2 8B,back of a traffic sign,grp4_c909a40a-20251222_142239.jpg,E:\2. UM-Student\MSC Dissertation\Urban-Vision-Benchmark\Datasets\MTSD\Prepared\MTSD-Unaugmented\MTSD-YOLO\test\images\grp4_c909a40a-20251222_142239.jpg,528.0,567.01,2034.0,2023.74,1.0,back of a traffic sign,False,False,2853.9,mtsd-p11
Cosmos Reason2 8B,back of a traffic sign,grp4_cbb400e9-WhatsApp_Image_2026-01-14_at_11.10.25.jpeg,E:\2. UM-Student\MSC Dissertation\Urban-Vision-Benchmark\Datasets\MTSD\Prepared\MTSD-Unaugmented\MTSD-YOLO\test\images\grp4_cbb400e9-WhatsApp_Image_2026-01-14_at_11.10.25.jpeg,1069.5,0.0,1201.5,1998.0,1.0,back of a traffic sign,False,False,2377.1,mtsd-p11
Cosmos Reason2 8B,back of a traffic sign,grp4_cdcb1057-WhatsApp_Image_2026-01-14_at_11.11.40_1.jpeg,E:\2. UM-Student\MSC Dissertation\Urban-Vision-Benchmark\Datasets\MTSD\Prepared\MTSD-Unaugmented\MTSD-YOLO\test\images\grp4_cdcb1057-WhatsApp_Image_2026-01-14_at_11.11.40_1.jpeg,236.0,750.0,262.0,775.5,1.0,back of a traffic sign,False,False,3168.2,mtsd-p11
Cosmos Reason2 8B,back of a traffic sign,grp4_d1c1ed24-20260113_130204.jpg,E:\2. UM-Student\MSC Dissertation\Urban-Vision-Benchmark\Datasets\MTSD\Prepared\MTSD-Unaugmented\MTSD-YOLO\test\images\grp4_d1c1ed24-20260113_130204.jpg,1056.0,1584.0,1833.0,2356.0,1.0,back of a traffic sign,False,False,2577.6,mtsd-p11
Cosmos Reason2 8B,back of a traffic sign,grp4_d2b85a88-20251116_163522.jpg,E:\2. UM-Student\MSC Dissertation\Urban-Vision-Benchmark\Datasets\MTSD\Prepared\MTSD-Unaugmented\MTSD-YOLO\test\images\grp4_d2b85a88-20251116_163522.jpg,789.37,1526.33,1478.53,2485.08,1.0,back of a traffic sign,False,False,2354.5,mtsd-p11
Cosmos Reason2 8B,back of a traffic sign,grp4_d3d2c193-20260109_124357.jpg,E:\2. UM-Student\MSC Dissertation\Urban-Vision-Benchmark\Datasets\MTSD\Prepared\MTSD-Unaugmented\MTSD-YOLO\test\images\grp4_d3d2c193-20260109_124357.jpg,385.84,589.52,1943.83,2533.95,1.0,back of a traffic sign,False,False,2528.1,mtsd-p11
Cosmos Reason2 8B,back of a traffic sign,grp4_d4ed28aa-20251222_141346.jpg,E:\2. UM-Student\MSC Dissertation\Urban-Vision-Benchmark\Datasets\MTSD\Prepared\MTSD-Unaugmented\MTSD-YOLO\test\images\grp4_d4ed28aa-20251222_141346.jpg,585.0,532.0,2184.0,2316.0,1.0,back of a traffic sign,False,False,2562.4,mtsd-p11
Cosmos Reason2 8B,back of a traffic sign,grp4_d5aaacb6-20251116_165125.jpg,E:\2. UM-Student\MSC Dissertation\Urban-Vision-Benchmark\Datasets\MTSD\Prepared\MTSD-Unaugmented\MTSD-YOLO\test\images\grp4_d5aaacb6-20251116_165125.jpg,291.59,1615.68,1820.73,3182.4,1.0,back of a traffic sign,False,False,2358.2,mtsd-p11
Cosmos Reason2 8B,back of a traffic sign,grp4_d78448ea-20251117_105829.jpg,E:\2. UM-Student\MSC Dissertation\Urban-Vision-Benchmark\Datasets\MTSD\Prepared\MTSD-Unaugmented\MTSD-YOLO\test\images\grp4_d78448ea-20251117_105829.jpg,438.54,854.07,2132.98,2665.99,1.0,back of a traffic sign,False,False,2380.0,mtsd-p11
Cosmos Reason2 8B,back of a traffic sign,grp4_d8a007d5-20260109_123932.jpg,E:\2. UM-Student\MSC Dissertation\Urban-Vision-Benchmark\Datasets\MTSD\Prepared\MTSD-Unaugmented\MTSD-YOLO\test\images\grp4_d8a007d5-20260109_123932.jpg,711.0,132.0,1716.0,2316.0,1.0,back of a traffic sign,False,False,2523.5,mtsd-p11
Cosmos Reason2 8B,back of a traffic sign,grp4_db6dffba-WhatsApp_Image_2026-01-14_at_11.12.35_1.jpeg,E:\2. UM-Student\MSC Dissertation\Urban-Vision-Benchmark\Datasets\MTSD\Prepared\MTSD-Unaugmented\MTSD-YOLO\test\images\grp4_db6dffba-WhatsApp_Image_2026-01-14_at_11.12.35_1.jpeg,1141.5,1162.0,1192.5,1326.0,1.0,back of a traffic sign,False,False,3134.4,mtsd-p11
Cosmos Reason2 8B,back of a traffic sign,grp4_dd2a03a9-20251222_132847.jpg,E:\2. UM-Student\MSC Dissertation\Urban-Vision-Benchmark\Datasets\MTSD\Prepared\MTSD-Unaugmented\MTSD-YOLO\test\images\grp4_dd2a03a9-20251222_132847.jpg,,,,,,<no detections>,False,False,955.0,mtsd-p11
Cosmos Reason2 8B,back of a traffic sign,grp4_ddd42f22-20251116_162542.jpg,E:\2. UM-Student\MSC Dissertation\Urban-Vision-Benchmark\Datasets\MTSD\Prepared\MTSD-Unaugmented\MTSD-YOLO\test\images\grp4_ddd42f22-20251116_162542.jpg,902.33,2109.36,1425.82,2550.0,1.0,back of a traffic sign,False,False,2357.0,mtsd-p11
Cosmos Reason2 8B,back of a traffic sign,grp4_dddb030d-20251230_104127.jpg,E:\2. UM-Student\MSC Dissertation\Urban-Vision-Benchmark\Datasets\MTSD\Prepared\MTSD-Unaugmented\MTSD-YOLO\test\images\grp4_dddb030d-20251230_104127.jpg,414.0,900.0,2205.0,2692.0,1.0,back of a traffic sign,False,False,2529.0,mtsd-p11
Cosmos Reason2 8B,back of a traffic sign,grp4_df0bccf2-WhatsApp_Image_2026-01-14_at_11.12.00.jpeg,E:\2. UM-Student\MSC Dissertation\Urban-Vision-Benchmark\Datasets\MTSD\Prepared\MTSD-Unaugmented\MTSD-YOLO\test\images\grp4_df0bccf2-WhatsApp_Image_2026-01-14_at_11.12.00.jpeg,368.0,703.5,458.0,789.0,1.0,back of a traffic sign,False,False,2497.9,mtsd-p11
Cosmos Reason2 8B,back of a traffic sign,grp4_dfec1b25-20260107_105532.jpg,E:\2. UM-Student\MSC Dissertation\Urban-Vision-Benchmark\Datasets\MTSD\Prepared\MTSD-Unaugmented\MTSD-YOLO\test\images\grp4_dfec1b25-20260107_105532.jpg,233.24,307.19,1255.38,1109.29,1.0,back of a traffic sign,False,False,3908.2,mtsd-p11
Cosmos Reason2 8B,back of a traffic sign,grp4_dfec1b25-20260107_105532.jpg,E:\2. UM-Student\MSC Dissertation\Urban-Vision-Benchmark\Datasets\MTSD\Prepared\MTSD-Unaugmented\MTSD-YOLO\test\images\grp4_dfec1b25-20260107_105532.jpg,348.49,1109.29,1197.76,1899.2,1.0,back of a traffic sign,False,False,3908.2,mtsd-p11
Cosmos Reason2 8B,back of a traffic sign,grp4_e3a6bacf-20251222_140739.jpg,E:\2. UM-Student\MSC Dissertation\Urban-Vision-Benchmark\Datasets\MTSD\Prepared\MTSD-Unaugmented\MTSD-YOLO\test\images\grp4_e3a6bacf-20251222_140739.jpg,855.0,792.0,1749.0,2108.0,1.0,back of a traffic sign,False,False,2527.1,mtsd-p11
Cosmos Reason2 8B,back of a traffic sign,grp4_e47a8d80-20251116_163051.jpg,E:\2. UM-Student\MSC Dissertation\Urban-Vision-Benchmark\Datasets\MTSD\Prepared\MTSD-Unaugmented\MTSD-YOLO\test\images\grp4_e47a8d80-20251116_163051.jpg,987.28,1240.32,1368.42,2945.76,1.0,back of a traffic sign,False,False,2313.2,mtsd-p11
Cosmos Reason2 8B,back of a traffic sign,grp4_e63ad5ed-WhatsApp_Image_2026-01-14_at_11.10.19_1.jpeg,E:\2. UM-Student\MSC Dissertation\Urban-Vision-Benchmark\Datasets\MTSD\Prepared\MTSD-Unaugmented\MTSD-YOLO\test\images\grp4_e63ad5ed-WhatsApp_Image_2026-01-14_at_11.10.19_1.jpeg,532.5,762.0,906.0,1126.0,1.0,back of a traffic sign,False,False,3107.2,mtsd-p11
Cosmos Reason2 8B,back of a traffic sign,grp4_f171227c-20251222_132239.jpg,E:\2. UM-Student\MSC Dissertation\Urban-Vision-Benchmark\Datasets\MTSD\Prepared\MTSD-Unaugmented\MTSD-YOLO\test\images\grp4_f171227c-20251222_132239.jpg,0.0,876.0,1197.0,1612.0,1.0,back of a traffic sign,False,False,2451.9,mtsd-p11
Cosmos Reason2 8B,back of a traffic sign,grp4_f1d0d896-WhatsApp_Image_2026-01-14_at_11.12.20.jpeg,E:\2. UM-Student\MSC Dissertation\Urban-Vision-Benchmark\Datasets\MTSD\Prepared\MTSD-Unaugmented\MTSD-YOLO\test\images\grp4_f1d0d896-WhatsApp_Image_2026-01-14_at_11.12.20.jpeg,541.5,840.0,828.0,1236.0,1.0,back of a traffic sign,False,False,2494.8,mtsd-p11
Cosmos Reason2 8B,back of a traffic sign,grp4_fa665131-WhatsApp_Image_2026-01-14_at_11.12.04.jpeg,E:\2. UM-Student\MSC Dissertation\Urban-Vision-Benchmark\Datasets\MTSD\Prepared\MTSD-Unaugmented\MTSD-YOLO\test\images\grp4_fa665131-WhatsApp_Image_2026-01-14_at_11.12.04.jpeg,571.5,560.0,789.0,1140.0,1.0,back of a traffic sign,False,False,2461.8,mtsd-p11
Cosmos Reason2 8B,back of a traffic sign,grp4_fe8b41fc-WhatsApp_Image_2026-01-14_at_11.10.21_3.jpeg,E:\2. UM-Student\MSC Dissertation\Urban-Vision-Benchmark\Datasets\MTSD\Prepared\MTSD-Unaugmented\MTSD-YOLO\test\images\grp4_fe8b41fc-WhatsApp_Image_2026-01-14_at_11.10.21_3.jpeg,642.0,1084.0,1093.5,1568.0,1.0,back of a traffic sign,False,False,2473.9,mtsd-p11
Cosmos Reason2 8B,back of a traffic sign,grp4_ffdc6f75-WhatsApp_Image_2026-01-14_at_11.10.20.jpeg,E:\2. UM-Student\MSC Dissertation\Urban-Vision-Benchmark\Datasets\MTSD\Prepared\MTSD-Unaugmented\MTSD-YOLO\test\images\grp4_ffdc6f75-WhatsApp_Image_2026-01-14_at_11.10.20.jpeg,604.5,722.0,799.5,1170.0,1.0,back of a traffic sign,False,False,2474.5,mtsd-p11
Cosmos Reason2 8B,back of a traffic sign,grp5_05facbdc-BenTaliana_23_Front.jpeg,E:\2. UM-Student\MSC Dissertation\Urban-Vision-Benchmark\Datasets\MTSD\Prepared\MTSD-Unaugmented\MTSD-YOLO\test\images\grp5_05facbdc-BenTaliana_23_Front.jpeg,,,,,,<no detections>,False,False,853.7,mtsd-p11
Cosmos Reason2 8B,back of a traffic sign,grp5_0f660dba-MichaelFarrugia_49_Back.jpg,E:\2. UM-Student\MSC Dissertation\Urban-Vision-Benchmark\Datasets\MTSD\Prepared\MTSD-Unaugmented\MTSD-YOLO\test\images\grp5_0f660dba-MichaelFarrugia_49_Back.jpg,1108.99,1101.6,1963.01,1917.6,1.0,back of a traffic sign,False,False,2574.7,mtsd-p11
Cosmos Reason2 8B,back of a traffic sign,grp5_13ab0dbb-BenTaliana_59_Front.jpeg,E:\2. UM-Student\MSC Dissertation\Urban-Vision-Benchmark\Datasets\MTSD\Prepared\MTSD-Unaugmented\MTSD-YOLO\test\images\grp5_13ab0dbb-BenTaliana_59_Front.jpeg,898.13,3838.46,3773.95,6556.03,1.0,back of a traffic sign,False,False,3024.0,mtsd-p11
Cosmos Reason2 8B,back of a traffic sign,grp5_1a462468-MichaelFarrugia_24_Back.jpg,E:\2. UM-Student\MSC Dissertation\Urban-Vision-Benchmark\Datasets\MTSD\Prepared\MTSD-Unaugmented\MTSD-YOLO\test\images\grp5_1a462468-MichaelFarrugia_24_Back.jpg,1293.31,1219.92,2055.17,2023.68,1.0,back of a traffic sign,False,False,2569.8,mtsd-p11
Cosmos Reason2 8B,back of a traffic sign,grp5_1f171b80-MelatAssefa_5_Front.jpg,E:\2. UM-Student\MSC Dissertation\Urban-Vision-Benchmark\Datasets\MTSD\Prepared\MTSD-Unaugmented\MTSD-YOLO\test\images\grp5_1f171b80-MelatAssefa_5_Front.jpg,1581.55,532.22,2379.89,1270.08,1.0,back of a traffic sign,False,False,2560.1,mtsd-p11
Cosmos Reason2 8B,back of a traffic sign,grp5_2141c95b-MelatAssefa_28_Side.jpg,E:\2. UM-Student\MSC Dissertation\Urban-Vision-Benchmark\Datasets\MTSD\Prepared\MTSD-Unaugmented\MTSD-YOLO\test\images\grp5_2141c95b-MelatAssefa_28_Side.jpg,1254.96,508.03,1880.93,1770.05,1.0,back of a traffic sign,False,False,2525.5,mtsd-p11
Cosmos Reason2 8B,back of a traffic sign,grp5_27622289-BenTaliana_10_Front.jpeg,E:\2. UM-Student\MSC Dissertation\Urban-Vision-Benchmark\Datasets\MTSD\Prepared\MTSD-Unaugmented\MTSD-YOLO\test\images\grp5_27622289-BenTaliana_10_Front.jpeg,,,,,,<no detections>,False,False,863.6,mtsd-p11
Cosmos Reason2 8B,back of a traffic sign,grp5_28809400-MelatAssefa_23_Front.jpg,E:\2. UM-Student\MSC Dissertation\Urban-Vision-Benchmark\Datasets\MTSD\Prepared\MTSD-Unaugmented\MTSD-YOLO\test\images\grp5_28809400-MelatAssefa_23_Front.jpg,1052.35,536.26,1841.62,1358.78,1.0,back of a traffic sign,False,False,2534.7,mtsd-p11
Cosmos Reason2 8B,back of a traffic sign,grp5_29252be9-MichaelFarrugia_29_Front.jpg,E:\2. UM-Student\MSC Dissertation\Urban-Vision-Benchmark\Datasets\MTSD\Prepared\MTSD-Unaugmented\MTSD-YOLO\test\images\grp5_29252be9-MichaelFarrugia_29_Front.jpg,712.7,2696.88,832.51,2876.4,1.0,back of a traffic sign,False,False,2544.4,mtsd-p11
Cosmos Reason2 8B,back of a traffic sign,grp5_2da1aa64-AlisonAttard_27_Front.jpeg,E:\2. UM-Student\MSC Dissertation\Urban-Vision-Benchmark\Datasets\MTSD\Prepared\MTSD-Unaugmented\MTSD-YOLO\test\images\grp5_2da1aa64-AlisonAttard_27_Front.jpeg,1967.62,1315.44,2475.65,1811.38,1.0,back of a traffic sign,False,False,2523.3,mtsd-p11
Cosmos Reason2 8B,back of a traffic sign,grp5_30980873-BenTaliana_12_Front.jpeg,E:\2. UM-Student\MSC Dissertation\Urban-Vision-Benchmark\Datasets\MTSD\Prepared\MTSD-Unaugmented\MTSD-YOLO\test\images\grp5_30980873-BenTaliana_12_Front.jpeg,1179.36,2177.28,3415.61,4201.34,1.0,back of a traffic sign,False,False,3092.4,mtsd-p11
Cosmos Reason2 8B,back of a traffic sign,grp5_32b2eadc-AlisonAttard_7_Side.jpeg,E:\2. UM-Student\MSC Dissertation\Urban-Vision-Benchmark\Datasets\MTSD\Prepared\MTSD-Unaugmented\MTSD-YOLO\test\images\grp5_32b2eadc-AlisonAttard_7_Side.jpeg,1677.31,0.0,3548.16,1233.79,1.0,back of a traffic sign,False,False,2473.8,mtsd-p11
Cosmos Reason2 8B,back of a traffic sign,grp5_3cd9a2bc-MelatAssefa_45_Side.jpg,E:\2. UM-Student\MSC Dissertation\Urban-Vision-Benchmark\Datasets\MTSD\Prepared\MTSD-Unaugmented\MTSD-YOLO\test\images\grp5_3cd9a2bc-MelatAssefa_45_Side.jpg,907.2,810.43,2071.44,2943.36,1.0,back of a traffic sign,False,False,2533.4,mtsd-p11
Cosmos Reason2 8B,back of a traffic sign,grp5_3d564b26-AlisonAttard_15_Back.jpeg,E:\2. UM-Student\MSC Dissertation\Urban-Vision-Benchmark\Datasets\MTSD\Prepared\MTSD-Unaugmented\MTSD-YOLO\test\images\grp5_3d564b26-AlisonAttard_15_Back.jpeg,1552.32,804.38,2705.47,1321.49,1.0,back of a traffic sign,False,False,2538.5,mtsd-p11
Cosmos Reason2 8B,back of a traffic sign,grp5_3db24e6b-AlisonAttard_31_Side.jpeg,E:\2. UM-Student\MSC Dissertation\Urban-Vision-Benchmark\Datasets\MTSD\Prepared\MTSD-Unaugmented\MTSD-YOLO\test\images\grp5_3db24e6b-AlisonAttard_31_Side.jpeg,1374.91,1073.52,2161.15,1391.04,1.0,back of a traffic sign,False,False,2529.6,mtsd-p11
Cosmos Reason2 8B,back of a traffic sign,grp5_44ccc0f3-MichaelFarrugia_54_Front.jpg,E:\2. UM-Student\MSC Dissertation\Urban-Vision-Benchmark\Datasets\MTSD\Prepared\MTSD-Unaugmented\MTSD-YOLO\test\images\grp5_44ccc0f3-MichaelFarrugia_54_Front.jpg,1228.8,1615.68,1941.5,2305.2,1.0,back of a traffic sign,False,False,2567.7,mtsd-p11
Cosmos Reason2 8B,back of a traffic sign,grp5_48cba720-BenTaliana_30_Front.jpeg,E:\2. UM-Student\MSC Dissertation\Urban-Vision-Benchmark\Datasets\MTSD\Prepared\MTSD-Unaugmented\MTSD-YOLO\test\images\grp5_48cba720-BenTaliana_30_Front.jpeg,1215.65,3451.39,3687.77,5539.97,1.0,back of a traffic sign,False,False,2465.4,mtsd-p11
Cosmos Reason2 8B,back of a traffic sign,grp5_50e6a3c4-MichaelFarrugia_55_Front.jpg,E:\2. UM-Student\MSC Dissertation\Urban-Vision-Benchmark\Datasets\MTSD\Prepared\MTSD-Unaugmented\MTSD-YOLO\test\images\grp5_50e6a3c4-MichaelFarrugia_55_Front.jpg,1471.49,2370.48,1523.71,2488.8,1.0,back of a traffic sign,False,False,2571.7,mtsd-p11
Cosmos Reason2 8B,back of a traffic sign,grp5_559514d7-AlisonAttard_13_Side.jpeg,E:\2. UM-Student\MSC Dissertation\Urban-Vision-Benchmark\Datasets\MTSD\Prepared\MTSD-Unaugmented\MTSD-YOLO\test\images\grp5_559514d7-AlisonAttard_13_Side.jpeg,2366.78,1103.76,2826.43,1693.44,1.0,back of a traffic sign,False,False,3125.4,mtsd-p11
Cosmos Reason2 8B,back of a traffic sign,grp5_57e0ac5f-AlisonAttard_27_Back.jpeg,E:\2. UM-Student\MSC Dissertation\Urban-Vision-Benchmark\Datasets\MTSD\Prepared\MTSD-Unaugmented\MTSD-YOLO\test\images\grp5_57e0ac5f-AlisonAttard_27_Back.jpeg,1612.8,1581.55,2842.56,1977.7,1.0,back of a traffic sign,False,False,2554.4,mtsd-p11
Cosmos Reason2 8B,back of a traffic sign,grp5_6325b5ff-MelatAssefa_21_Front.jpg,E:\2. UM-Student\MSC Dissertation\Urban-Vision-Benchmark\Datasets\MTSD\Prepared\MTSD-Unaugmented\MTSD-YOLO\test\images\grp5_6325b5ff-MelatAssefa_21_Front.jpg,1312.42,753.98,1923.26,1374.91,1.0,back of a traffic sign,False,False,2527.0,mtsd-p11
Cosmos Reason2 8B,back of a traffic sign,grp5_6bb6fe17-BenTaliana_15_Back.jpeg,E:\2. UM-Student\MSC Dissertation\Urban-Vision-Benchmark\Datasets\MTSD\Prepared\MTSD-Unaugmented\MTSD-YOLO\test\images\grp5_6bb6fe17-BenTaliana_15_Back.jpeg,839.16,2322.43,2526.55,4402.94,1.0,back of a traffic sign,False,False,2498.5,mtsd-p11
Cosmos Reason2 8B,back of a traffic sign,grp5_6cdcc943-AlisonAttard_14_Back.jpeg,E:\2. UM-Student\MSC Dissertation\Urban-Vision-Benchmark\Datasets\MTSD\Prepared\MTSD-Unaugmented\MTSD-YOLO\test\images\grp5_6cdcc943-AlisonAttard_14_Back.jpeg,2310.34,1058.4,4027.97,1693.44,1.0,back of a traffic sign,False,False,2528.5,mtsd-p11
Cosmos Reason2 8B,back of a traffic sign,grp5_704b34ba-BenTaliana_38_Side.jpeg,E:\2. UM-Student\MSC Dissertation\Urban-Vision-Benchmark\Datasets\MTSD\Prepared\MTSD-Unaugmented\MTSD-YOLO\test\images\grp5_704b34ba-BenTaliana_38_Side.jpeg,630.5,1314.43,1297.3,2620.8,1.0,back of a traffic sign,False,False,2347.4,mtsd-p11
Cosmos Reason2 8B,back of a traffic sign,grp5_770e5bfc-BenTaliana_60_Side.jpeg,E:\2. UM-Student\MSC Dissertation\Urban-Vision-Benchmark\Datasets\MTSD\Prepared\MTSD-Unaugmented\MTSD-YOLO\test\images\grp5_770e5bfc-BenTaliana_60_Side.jpeg,827.82,729.79,1158.95,1709.57,1.0,back of a traffic sign,False,False,2341.2,mtsd-p11
Cosmos Reason2 8B,back of a traffic sign,grp5_7ae28afa-MelatAssefa_15_Front.jpg,E:\2. UM-Student\MSC Dissertation\Urban-Vision-Benchmark\Datasets\MTSD\Prepared\MTSD-Unaugmented\MTSD-YOLO\test\images\grp5_7ae28afa-MelatAssefa_15_Front.jpg,1185.41,620.93,2017.01,1262.02,1.0,back of a traffic sign,False,False,2536.0,mtsd-p11
Cosmos Reason2 8B,back of a traffic sign,grp5_82a1216f-AlisonAttard_27_Side.jpeg,E:\2. UM-Student\MSC Dissertation\Urban-Vision-Benchmark\Datasets\MTSD\Prepared\MTSD-Unaugmented\MTSD-YOLO\test\images\grp5_82a1216f-AlisonAttard_27_Side.jpeg,2052.29,1493.86,3088.51,1717.63,1.0,back of a traffic sign,False,False,3215.6,mtsd-p11
Cosmos Reason2 8B,back of a traffic sign,grp5_85f27713-MelatAssefa_35_Side.jpg,E:\2. UM-Student\MSC Dissertation\Urban-Vision-Benchmark\Datasets\MTSD\Prepared\MTSD-Unaugmented\MTSD-YOLO\test\images\grp5_85f27713-MelatAssefa_35_Side.jpg,1409.44,1799.28,2047.75,3232.99,1.0,back of a traffic sign,False,False,2611.5,mtsd-p11
Cosmos Reason2 8B,back of a traffic sign,grp5_8e2aa9fc-AlisonAttard_30_Back.jpeg,E:\2. UM-Student\MSC Dissertation\Urban-Vision-Benchmark\Datasets\MTSD\Prepared\MTSD-Unaugmented\MTSD-YOLO\test\images\grp5_8e2aa9fc-AlisonAttard_30_Back.jpeg,1516.03,1327.54,2596.61,1874.88,1.0,back of a traffic sign,False,False,2544.8,mtsd-p11
Cosmos Reason2 8B,back of a traffic sign,grp5_9c857801-BenTaliana_43_Side.jpeg,E:\2. UM-Student\MSC Dissertation\Urban-Vision-Benchmark\Datasets\MTSD\Prepared\MTSD-Unaugmented\MTSD-YOLO\test\images\grp5_9c857801-BenTaliana_43_Side.jpeg,1782.65,2314.37,2630.88,5427.07,1.0,back of a traffic sign,False,False,2603.2,mtsd-p11
Cosmos Reason2 8B,back of a traffic sign,grp5_9f2af180-AlisonAttard_30_Side.jpeg,E:\2. UM-Student\MSC Dissertation\Urban-Vision-Benchmark\Datasets\MTSD\Prepared\MTSD-Unaugmented\MTSD-YOLO\test\images\grp5_9f2af180-AlisonAttard_30_Side.jpeg,1300.32,1346.69,2325.46,2822.4,1.0,back of a traffic sign,False,False,2546.4,mtsd-p11
Cosmos Reason2 8B,back of a traffic sign,grp5_9fd3af21-MichaelFarrugia_11_Back.jpg,E:\2. UM-Student\MSC Dissertation\Urban-Vision-Benchmark\Datasets\MTSD\Prepared\MTSD-Unaugmented\MTSD-YOLO\test\images\grp5_9fd3af21-MichaelFarrugia_11_Back.jpg,1231.87,1415.76,1846.27,2195.04,1.0,back of a traffic sign,False,False,2544.0,mtsd-p11
Cosmos Reason2 8B,back of a traffic sign,grp5_a1a873a2-MichaelFarrugia_21_Side.jpg,E:\2. UM-Student\MSC Dissertation\Urban-Vision-Benchmark\Datasets\MTSD\Prepared\MTSD-Unaugmented\MTSD-YOLO\test\images\grp5_a1a873a2-MichaelFarrugia_21_Side.jpg,1191.94,971.04,1760.26,1742.16,1.0,back of a traffic sign,False,False,2606.0,mtsd-p11
Cosmos Reason2 8B,back of a traffic sign,grp5_a1ced4bc-BenTaliana_22_Front.jpeg,E:\2. UM-Student\MSC Dissertation\Urban-Vision-Benchmark\Datasets\MTSD\Prepared\MTSD-Unaugmented\MTSD-YOLO\test\images\grp5_a1ced4bc-BenTaliana_22_Front.jpeg,2074.69,3131.72,3128.87,4287.41,1.0,back of a traffic sign,False,False,2378.8,mtsd-p11
Cosmos Reason2 8B,back of a traffic sign,grp5_a5ec0025-BenTaliana_11_Front.jpeg,E:\2. UM-Student\MSC Dissertation\Urban-Vision-Benchmark\Datasets\MTSD\Prepared\MTSD-Unaugmented\MTSD-YOLO\test\images\grp5_a5ec0025-BenTaliana_11_Front.jpeg,312.98,1822.46,3597.05,4394.88,1.0,back of a traffic sign,False,False,2995.8,mtsd-p11
Cosmos Reason2 8B,back of a traffic sign,grp5_a6a28dc5-MichaelFarrugia_34_Side.jpg,E:\2. UM-Student\MSC Dissertation\Urban-Vision-Benchmark\Datasets\MTSD\Prepared\MTSD-Unaugmented\MTSD-YOLO\test\images\grp5_a6a28dc5-MichaelFarrugia_34_Side.jpg,1201.15,1052.64,1864.7,2215.44,1.0,back of a traffic sign,False,False,2536.8,mtsd-p11
Cosmos Reason2 8B,back of a traffic sign,grp5_a7e73d18-AlisonAttard_29_Back.jpeg,E:\2. UM-Student\MSC Dissertation\Urban-Vision-Benchmark\Datasets\MTSD\Prepared\MTSD-Unaugmented\MTSD-YOLO\test\images\grp5_a7e73d18-AlisonAttard_29_Back.jpeg,1770.05,1149.12,2636.93,1660.18,1.0,back of a traffic sign,False,False,2537.0,mtsd-p11
Cosmos Reason2 8B,back of a traffic sign,grp5_a7f0ea8c-BenTaliana_9_Side.jpeg,E:\2. UM-Student\MSC Dissertation\Urban-Vision-Benchmark\Datasets\MTSD\Prepared\MTSD-Unaugmented\MTSD-YOLO\test\images\grp5_a7f0ea8c-BenTaliana_9_Side.jpeg,821.02,1024.13,1390.28,2020.03,1.0,back of a traffic sign,False,False,2333.7,mtsd-p11
Cosmos Reason2 8B,back of a traffic sign,grp5_a8752ff5-MelatAssefa_56_Side.jpg,E:\2. UM-Student\MSC Dissertation\Urban-Vision-Benchmark\Datasets\MTSD\Prepared\MTSD-Unaugmented\MTSD-YOLO\test\images\grp5_a8752ff5-MelatAssefa_56_Side.jpg,1357.78,592.7,1992.82,1709.57,1.0,back of a traffic sign,False,False,2543.9,mtsd-p11
Cosmos Reason2 8B,back of a traffic sign,grp5_ab2f9697-MichaelFarrugia_48_Side.jpg,E:\2. UM-Student\MSC Dissertation\Urban-Vision-Benchmark\Datasets\MTSD\Prepared\MTSD-Unaugmented\MTSD-YOLO\test\images\grp5_ab2f9697-MichaelFarrugia_48_Side.jpg,1164.29,1370.88,1511.42,1986.96,1.0,back of a traffic sign,False,False,2576.2,mtsd-p11
Cosmos Reason2 8B,back of a traffic sign,grp5_afdc6e4d-MelatAssefa_1_Side.jpg,E:\2. UM-Student\MSC Dissertation\Urban-Vision-Benchmark\Datasets\MTSD\Prepared\MTSD-Unaugmented\MTSD-YOLO\test\images\grp5_afdc6e4d-MelatAssefa_1_Side.jpg,997.92,374.98,1484.78,1108.8,1.0,back of a traffic sign,False,False,2499.0,mtsd-p11
Cosmos Reason2 8B,back of a traffic sign,grp5_b5c4d0ea-BenTaliana_31_Side.jpeg,E:\2. UM-Student\MSC Dissertation\Urban-Vision-Benchmark\Datasets\MTSD\Prepared\MTSD-Unaugmented\MTSD-YOLO\test\images\grp5_b5c4d0ea-BenTaliana_31_Side.jpeg,1265.54,1669.25,2680.78,4749.7,1.0,back of a traffic sign,False,False,2493.3,mtsd-p11
Cosmos Reason2 8B,back of a traffic sign,grp5_bbdd8a43-BenTaliana_44_Front.jpeg,E:\2. UM-Student\MSC Dissertation\Urban-Vision-Benchmark\Datasets\MTSD\Prepared\MTSD-Unaugmented\MTSD-YOLO\test\images\grp5_bbdd8a43-BenTaliana_44_Front.jpeg,3320.35,5685.12,3760.34,7999.49,1.0,back of a traffic sign,False,False,3080.1,mtsd-p11
Cosmos Reason2 8B,back of a traffic sign,grp5_bc59500b-AlisonAttard_47_Side.jpeg,E:\2. UM-Student\MSC Dissertation\Urban-Vision-Benchmark\Datasets\MTSD\Prepared\MTSD-Unaugmented\MTSD-YOLO\test\images\grp5_bc59500b-AlisonAttard_47_Side.jpeg,1391.04,1696.46,2520.0,1871.86,1.0,back of a traffic sign,False,False,2534.3,mtsd-p11
Cosmos Reason2 8B,back of a traffic sign,grp5_c5c3aa2b-BenTaliana_19_Side.jpeg,E:\2. UM-Student\MSC Dissertation\Urban-Vision-Benchmark\Datasets\MTSD\Prepared\MTSD-Unaugmented\MTSD-YOLO\test\images\grp5_c5c3aa2b-BenTaliana_19_Side.jpeg,,,,,,<no detections>,False,False,718.0,mtsd-p11
Cosmos Reason2 8B,back of a traffic sign,grp5_cc1fcae2-AlisonAttard_9_Back.jpeg,E:\2. UM-Student\MSC Dissertation\Urban-Vision-Benchmark\Datasets\MTSD\Prepared\MTSD-Unaugmented\MTSD-YOLO\test\images\grp5_cc1fcae2-AlisonAttard_9_Back.jpeg,940.46,806.4,1971.65,1955.52,1.0,back of a traffic sign,False,False,4157.4,mtsd-p11
Cosmos Reason2 8B,back of a traffic sign,grp5_cc1fcae2-AlisonAttard_9_Back.jpeg,E:\2. UM-Student\MSC Dissertation\Urban-Vision-Benchmark\Datasets\MTSD\Prepared\MTSD-Unaugmented\MTSD-YOLO\test\images\grp5_cc1fcae2-AlisonAttard_9_Back.jpeg,867.89,1931.33,2010.96,3189.31,1.0,back of a traffic sign,False,False,4157.4,mtsd-p11
Cosmos Reason2 8B,back of a traffic sign,grp5_cc77abda-MelatAssefa_34_Side.jpg,E:\2. UM-Student\MSC Dissertation\Urban-Vision-Benchmark\Datasets\MTSD\Prepared\MTSD-Unaugmented\MTSD-YOLO\test\images\grp5_cc77abda-MelatAssefa_34_Side.jpg,1495.12,913.92,2686.07,2564.69,1.0,back of a traffic sign,False,False,2583.2,mtsd-p11
Cosmos Reason2 8B,back of a traffic sign,grp5_cdd70210-BenTaliana_10_Side.jpeg,E:\2. UM-Student\MSC Dissertation\Urban-Vision-Benchmark\Datasets\MTSD\Prepared\MTSD-Unaugmented\MTSD-YOLO\test\images\grp5_cdd70210-BenTaliana_10_Side.jpeg,1492.34,1556.35,3365.71,4846.46,1.0,back of a traffic sign,False,False,2478.4,mtsd-p11
Cosmos Reason2 8B,back of a traffic sign,grp5_d29347ca-MelatAssefa_51_Side.jpg,E:\2. UM-Student\MSC Dissertation\Urban-Vision-Benchmark\Datasets\MTSD\Prepared\MTSD-Unaugmented\MTSD-YOLO\test\images\grp5_d29347ca-MelatAssefa_51_Side.jpg,1635.98,2834.5,1705.54,3407.04,1.0,back of a traffic sign,False,False,2534.2,mtsd-p11
Cosmos Reason2 8B,back of a traffic sign,grp5_dad74922-BenTaliana_41_Front.jpeg,E:\2. UM-Student\MSC Dissertation\Urban-Vision-Benchmark\Datasets\MTSD\Prepared\MTSD-Unaugmented\MTSD-YOLO\test\images\grp5_dad74922-BenTaliana_41_Front.jpeg,682.56,3117.02,3182.44,4292.54,1.0,back of a traffic sign,False,False,2487.0,mtsd-p11
Cosmos Reason2 8B,back of a traffic sign,grp5_dcad2b9b-MichaelFarrugia_64_Side.jpg,E:\2. UM-Student\MSC Dissertation\Urban-Vision-Benchmark\Datasets\MTSD\Prepared\MTSD-Unaugmented\MTSD-YOLO\test\images\grp5_dcad2b9b-MichaelFarrugia_64_Side.jpg,1148.93,1423.92,1720.32,2619.36,1.0,back of a traffic sign,False,False,3196.5,mtsd-p11
Cosmos Reason2 8B,back of a traffic sign,grp5_e0bfe536-MelatAssefa_22_Front.jpg,E:\2. UM-Student\MSC Dissertation\Urban-Vision-Benchmark\Datasets\MTSD\Prepared\MTSD-Unaugmented\MTSD-YOLO\test\images\grp5_e0bfe536-MelatAssefa_22_Front.jpg,1073.52,991.87,1862.78,1786.18,1.0,back of a traffic sign,False,False,2545.8,mtsd-p11
Cosmos Reason2 8B,back of a traffic sign,grp5_e2a22cf0-BenTaliana_9_Front.jpeg,E:\2. UM-Student\MSC Dissertation\Urban-Vision-Benchmark\Datasets\MTSD\Prepared\MTSD-Unaugmented\MTSD-YOLO\test\images\grp5_e2a22cf0-BenTaliana_9_Front.jpeg,455.87,1048.32,1780.38,2136.96,1.0,back of a traffic sign,False,False,2356.3,mtsd-p11
Cosmos Reason2 8B,back of a traffic sign,grp5_e390d90e-MelatAssefa_55_Side.jpg,E:\2. UM-Student\MSC Dissertation\Urban-Vision-Benchmark\Datasets\MTSD\Prepared\MTSD-Unaugmented\MTSD-YOLO\test\images\grp5_e390d90e-MelatAssefa_55_Side.jpg,1585.08,948.19,2210.54,2113.44,1.0,back of a traffic sign,False,False,2592.2,mtsd-p11
Cosmos Reason2 8B,back of a traffic sign,grp5_e3df78e1-MichaelFarrugia_48_Back.jpg,E:\2. UM-Student\MSC Dissertation\Urban-Vision-Benchmark\Datasets\MTSD\Prepared\MTSD-Unaugmented\MTSD-YOLO\test\images\grp5_e3df78e1-MichaelFarrugia_48_Back.jpg,1277.95,2162.4,1827.84,2798.88,1.0,back of a traffic sign,False,False,4129.7,mtsd-p11
Cosmos Reason2 8B,back of a traffic sign,grp5_e3df78e1-MichaelFarrugia_48_Back.jpg,E:\2. UM-Student\MSC Dissertation\Urban-Vision-Benchmark\Datasets\MTSD\Prepared\MTSD-Unaugmented\MTSD-YOLO\test\images\grp5_e3df78e1-MichaelFarrugia_48_Back.jpg,1314.82,1611.6,1815.55,2199.12,1.0,back of a traffic sign,False,False,4129.7,mtsd-p11
Cosmos Reason2 8B,back of a traffic sign,grp5_e43a48bc-BenTaliana_53_Side.jpeg,E:\2. UM-Student\MSC Dissertation\Urban-Vision-Benchmark\Datasets\MTSD\Prepared\MTSD-Unaugmented\MTSD-YOLO\test\images\grp5_e43a48bc-BenTaliana_53_Side.jpeg,918.54,1225.73,1351.73,2189.38,1.0,back of a traffic sign,False,False,2333.4,mtsd-p11
Cosmos Reason2 8B,back of a traffic sign,grp5_e64b6a10-AlisonAttard_20_Side.jpeg,E:\2. UM-Student\MSC Dissertation\Urban-Vision-Benchmark\Datasets\MTSD\Prepared\MTSD-Unaugmented\MTSD-YOLO\test\images\grp5_e64b6a10-AlisonAttard_20_Side.jpeg,2390.98,1209.6,3455.42,1351.73,1.0,back of a traffic sign,False,False,2518.9,mtsd-p11
Cosmos Reason2 8B,back of a traffic sign,grp5_e7eb8734-MichaelFarrugia_52_Front.jpg,E:\2. UM-Student\MSC Dissertation\Urban-Vision-Benchmark\Datasets\MTSD\Prepared\MTSD-Unaugmented\MTSD-YOLO\test\images\grp5_e7eb8734-MichaelFarrugia_52_Front.jpg,1293.31,1558.56,2088.96,2321.52,1.0,back of a traffic sign,False,False,2540.9,mtsd-p11
Cosmos Reason2 8B,back of a traffic sign,grp5_e897b21c-MelatAssefa_52_Front.jpg,E:\2. UM-Student\MSC Dissertation\Urban-Vision-Benchmark\Datasets\MTSD\Prepared\MTSD-Unaugmented\MTSD-YOLO\test\images\grp5_e897b21c-MelatAssefa_52_Front.jpg,3302.96,4815.22,3478.61,5106.53,1.0,back of a traffic sign,False,False,3276.6,mtsd-p11
Cosmos Reason2 8B,back of a traffic sign,grp5_ec52a808-MichaelFarrugia_58_Side.jpg,E:\2. UM-Student\MSC Dissertation\Urban-Vision-Benchmark\Datasets\MTSD\Prepared\MTSD-Unaugmented\MTSD-YOLO\test\images\grp5_ec52a808-MichaelFarrugia_58_Side.jpg,1238.02,2819.28,1345.54,3361.92,1.0,back of a traffic sign,False,False,2564.0,mtsd-p11
Cosmos Reason2 8B,back of a traffic sign,grp5_f3d53558-BenTaliana_52_Front.jpeg,E:\2. UM-Student\MSC Dissertation\Urban-Vision-Benchmark\Datasets\MTSD\Prepared\MTSD-Unaugmented\MTSD-YOLO\test\images\grp5_f3d53558-BenTaliana_52_Front.jpeg,739.37,3782.02,3506.33,4983.55,1.0,back of a traffic sign,False,False,2467.4,mtsd-p11
Cosmos Reason2 8B,back of a traffic sign,grp5_f7db29c0-MichaelFarrugia_35_Front.jpg,E:\2. UM-Student\MSC Dissertation\Urban-Vision-Benchmark\Datasets\MTSD\Prepared\MTSD-Unaugmented\MTSD-YOLO\test\images\grp5_f7db29c0-MichaelFarrugia_35_Front.jpg,1069.06,1680.96,1883.14,2411.28,1.0,back of a traffic sign,False,False,2564.1,mtsd-p11
Cosmos Reason2 8B,back of a traffic sign,grp5_fc84e1fb-BenTaliana_3_Back.jpeg,E:\2. UM-Student\MSC Dissertation\Urban-Vision-Benchmark\Datasets\MTSD\Prepared\MTSD-Unaugmented\MTSD-YOLO\test\images\grp5_fc84e1fb-BenTaliana_3_Back.jpeg,410.51,987.84,1791.72,2153.09,1.0,back of a traffic sign,False,False,2352.4,mtsd-p11
Cosmos Reason2 8B,back of a traffic sign,grp5_fea9ceb6-MichaelFarrugia_19_Back.jpg,E:\2. UM-Student\MSC Dissertation\Urban-Vision-Benchmark\Datasets\MTSD\Prepared\MTSD-Unaugmented\MTSD-YOLO\test\images\grp5_fea9ceb6-MichaelFarrugia_19_Back.jpg,1213.44,1228.08,2128.9,2280.72,1.0,back of a traffic sign,False,False,2534.0,mtsd-p11
Cosmos Reason2 8B,back of a traffic sign,grp5_ff6aaac1-MichaelFarrugia_43_Front.jpg,E:\2. UM-Student\MSC Dissertation\Urban-Vision-Benchmark\Datasets\MTSD\Prepared\MTSD-Unaugmented\MTSD-YOLO\test\images\grp5_ff6aaac1-MichaelFarrugia_43_Front.jpg,1244.16,1660.56,1963.01,2346.0,1.0,back of a traffic sign,False,False,2564.1,mtsd-p11
Cosmos Reason2 8B,back of a traffic sign,grp6_0126954d-IMG_0235.JPG,E:\2. UM-Student\MSC Dissertation\Urban-Vision-Benchmark\Datasets\MTSD\Prepared\MTSD-Unaugmented\MTSD-YOLO\test\images\grp6_0126954d-IMG_0235.JPG,729.79,1236.82,2374.85,2119.82,1.0,back of a traffic sign,False,False,2510.4,mtsd-p11
Cosmos Reason2 8B,back of a traffic sign,grp6_0d61ecda-IMG_6112.JPG,E:\2. UM-Student\MSC Dissertation\Urban-Vision-Benchmark\Datasets\MTSD\Prepared\MTSD-Unaugmented\MTSD-YOLO\test\images\grp6_0d61ecda-IMG_6112.JPG,831.6,48.38,1992.82,1249.92,1.0,back of a traffic sign,False,False,3097.4,mtsd-p11
Cosmos Reason2 8B,back of a traffic sign,grp6_0dbbcef1-IMG_6167.JPG,E:\2. UM-Student\MSC Dissertation\Urban-Vision-Benchmark\Datasets\MTSD\Prepared\MTSD-Unaugmented\MTSD-YOLO\test\images\grp6_0dbbcef1-IMG_6167.JPG,1164.24,584.64,1463.62,2544.19,1.0,back of a traffic sign,False,False,2517.6,mtsd-p11
Cosmos Reason2 8B,back of a traffic sign,grp6_1fffe58c-IMG_6250.JPG,E:\2. UM-Student\MSC Dissertation\Urban-Vision-Benchmark\Datasets\MTSD\Prepared\MTSD-Unaugmented\MTSD-YOLO\test\images\grp6_1fffe58c-IMG_6250.JPG,1010.02,862.85,2065.39,1802.3,1.0,back of a traffic sign,False,False,2536.8,mtsd-p11
Cosmos Reason2 8B,back of a traffic sign,grp6_205fffc2-Screenshot_2025-12-05_135424.png,E:\2. UM-Student\MSC Dissertation\Urban-Vision-Benchmark\Datasets\MTSD\Prepared\MTSD-Unaugmented\MTSD-YOLO\test\images\grp6_205fffc2-Screenshot_2025-12-05_135424.png,123.36,184.11,154.2,327.57,1.0,back of a traffic sign,False,False,1975.5,mtsd-p11
Cosmos Reason2 8B,back of a traffic sign,grp6_255dc793-IMG_0327.JPG,E:\2. UM-Student\MSC Dissertation\Urban-Vision-Benchmark\Datasets\MTSD\Prepared\MTSD-Unaugmented\MTSD-YOLO\test\images\grp6_255dc793-IMG_0327.JPG,915.26,1572.48,3544.13,2089.58,1.0,back of a traffic sign,False,False,2539.5,mtsd-p11
Cosmos Reason2 8B,back of a traffic sign,grp6_264240ca-IMG_0303.JPG,E:\2. UM-Student\MSC Dissertation\Urban-Vision-Benchmark\Datasets\MTSD\Prepared\MTSD-Unaugmented\MTSD-YOLO\test\images\grp6_264240ca-IMG_0303.JPG,1209.6,737.86,3648.96,2080.51,1.0,back of a traffic sign,False,False,2528.9,mtsd-p11
Cosmos Reason2 8B,back of a traffic sign,grp6_280e9cbc-IMG_0220.JPG,E:\2. UM-Student\MSC Dissertation\Urban-Vision-Benchmark\Datasets\MTSD\Prepared\MTSD-Unaugmented\MTSD-YOLO\test\images\grp6_280e9cbc-IMG_0220.JPG,1560.38,1403.14,2201.47,1971.65,1.0,back of a traffic sign,False,False,2542.5,mtsd-p11
Cosmos Reason2 8B,back of a traffic sign,grp6_34078a23-Screenshot_2025-12-05_144602.png,E:\2. UM-Student\MSC Dissertation\Urban-Vision-Benchmark\Datasets\MTSD\Prepared\MTSD-Unaugmented\MTSD-YOLO\test\images\grp6_34078a23-Screenshot_2025-12-05_144602.png,31.5,331.5,69.3,476.45,1.0,back of a traffic sign,False,False,2005.8,mtsd-p11
Cosmos Reason2 8B,back of a traffic sign,grp6_344c75b8-Screenshot_2025-12-05_150942.png,E:\2. UM-Student\MSC Dissertation\Urban-Vision-Benchmark\Datasets\MTSD\Prepared\MTSD-Unaugmented\MTSD-YOLO\test\images\grp6_344c75b8-Screenshot_2025-12-05_150942.png,92.56,44.52,186.42,153.28,1.0,back of a traffic sign,False,False,2574.8,mtsd-p11
Cosmos Reason2 8B,back of a traffic sign,grp6_3721037e-IMG_0363.JPG,E:\2. UM-Student\MSC Dissertation\Urban-Vision-Benchmark\Datasets\MTSD\Prepared\MTSD-Unaugmented\MTSD-YOLO\test\images\grp6_3721037e-IMG_0363.JPG,1717.63,1391.04,3116.74,1684.37,1.0,back of a traffic sign,False,False,2562.8,mtsd-p11
Cosmos Reason2 8B,back of a traffic sign,grp6_37c705bd-IMG_6247.JPG,E:\2. UM-Student\MSC Dissertation\Urban-Vision-Benchmark\Datasets\MTSD\Prepared\MTSD-Unaugmented\MTSD-YOLO\test\images\grp6_37c705bd-IMG_6247.JPG,937.44,983.81,1823.47,1689.41,1.0,back of a traffic sign,False,False,2514.2,mtsd-p11
Cosmos Reason2 8B,back of a traffic sign,grp6_386a5fef-IMG_6231.JPG,E:\2. UM-Student\MSC Dissertation\Urban-Vision-Benchmark\Datasets\MTSD\Prepared\MTSD-Unaugmented\MTSD-YOLO\test\images\grp6_386a5fef-IMG_6231.JPG,895.1,971.71,2050.27,2455.49,1.0,back of a traffic sign,False,False,2549.7,mtsd-p11
Cosmos Reason2 8B,back of a traffic sign,grp6_3ce4063d-IMG_0217.JPG,E:\2. UM-Student\MSC Dissertation\Urban-Vision-Benchmark\Datasets\MTSD\Prepared\MTSD-Unaugmented\MTSD-YOLO\test\images\grp6_3ce4063d-IMG_0217.JPG,1544.26,1400.11,2132.93,1735.78,1.0,back of a traffic sign,False,False,2539.0,mtsd-p11
Cosmos Reason2 8B,back of a traffic sign,grp6_4c7d6d30-IMG_6226.JPG,E:\2. UM-Student\MSC Dissertation\Urban-Vision-Benchmark\Datasets\MTSD\Prepared\MTSD-Unaugmented\MTSD-YOLO\test\images\grp6_4c7d6d30-IMG_6226.JPG,0.0,3229.63,69.55,3354.62,1.0,back of a traffic sign,False,False,2381.9,mtsd-p11
Cosmos Reason2 8B,back of a traffic sign,grp6_5dd0fd95-IMG_6225.JPG,E:\2. UM-Student\MSC Dissertation\Urban-Vision-Benchmark\Datasets\MTSD\Prepared\MTSD-Unaugmented\MTSD-YOLO\test\images\grp6_5dd0fd95-IMG_6225.JPG,1049.33,592.7,2280.1,1689.41,1.0,back of a traffic sign,False,False,2531.6,mtsd-p11
Cosmos Reason2 8B,back of a traffic sign,grp6_674b294f-Screenshot_2025-12-05_140949.png,E:\2. UM-Student\MSC Dissertation\Urban-Vision-Benchmark\Datasets\MTSD\Prepared\MTSD-Unaugmented\MTSD-YOLO\test\images\grp6_674b294f-Screenshot_2025-12-05_140949.png,112.31,110.37,159.29,237.97,1.0,back of a traffic sign,False,False,1966.7,mtsd-p11
Cosmos Reason2 8B,back of a traffic sign,grp6_6b4047ef-IMG_6230.JPG,E:\2. UM-Student\MSC Dissertation\Urban-Vision-Benchmark\Datasets\MTSD\Prepared\MTSD-Unaugmented\MTSD-YOLO\test\images\grp6_6b4047ef-IMG_6230.JPG,1073.52,596.74,1581.55,2536.13,1.0,back of a traffic sign,False,False,3134.8,mtsd-p11
Cosmos Reason2 8B,back of a traffic sign,grp6_6f66549b-IMG_0289.JPG,E:\2. UM-Student\MSC Dissertation\Urban-Vision-Benchmark\Datasets\MTSD\Prepared\MTSD-Unaugmented\MTSD-YOLO\test\images\grp6_6f66549b-IMG_0289.JPG,1733.76,985.82,2761.92,2416.18,1.0,back of a traffic sign,False,False,2548.1,mtsd-p11
Cosmos Reason2 8B,back of a traffic sign,grp6_7608155e-Screenshot_2025-12-05_135221.png,E:\2. UM-Student\MSC Dissertation\Urban-Vision-Benchmark\Datasets\MTSD\Prepared\MTSD-Unaugmented\MTSD-YOLO\test\images\grp6_7608155e-Screenshot_2025-12-05_135221.png,49.5,46.1,135.41,154.25,1.0,back of a traffic sign,False,False,1965.2,mtsd-p11
Cosmos Reason2 8B,back of a traffic sign,grp6_7a1ad0b4-IMG_0319.JPG,E:\2. UM-Student\MSC Dissertation\Urban-Vision-Benchmark\Datasets\MTSD\Prepared\MTSD-Unaugmented\MTSD-YOLO\test\images\grp6_7a1ad0b4-IMG_0319.JPG,350.78,1055.38,3064.32,2512.94,1.0,back of a traffic sign,False,False,2506.7,mtsd-p11
Cosmos Reason2 8B,back of a traffic sign,grp6_8387f659-Screenshot_2025-12-05_134458.png,E:\2. UM-Student\MSC Dissertation\Urban-Vision-Benchmark\Datasets\MTSD\Prepared\MTSD-Unaugmented\MTSD-YOLO\test\images\grp6_8387f659-Screenshot_2025-12-05_134458.png,100.28,131.31,143.26,186.63,1.0,back of a traffic sign,False,False,1986.0,mtsd-p11
Cosmos Reason2 8B,back of a traffic sign,grp6_8be98e2c-IMG_6200.JPG,E:\2. UM-Student\MSC Dissertation\Urban-Vision-Benchmark\Datasets\MTSD\Prepared\MTSD-Unaugmented\MTSD-YOLO\test\images\grp6_8be98e2c-IMG_6200.JPG,1130.98,842.69,1445.47,2274.05,1.0,back of a traffic sign,False,False,2545.5,mtsd-p11
Cosmos Reason2 8B,back of a traffic sign,grp6_8d7bc213-IMG_0237.JPG,E:\2. UM-Student\MSC Dissertation\Urban-Vision-Benchmark\Datasets\MTSD\Prepared\MTSD-Unaugmented\MTSD-YOLO\test\images\grp6_8d7bc213-IMG_0237.JPG,883.01,1282.18,2540.16,2301.26,1.0,back of a traffic sign,False,False,2536.6,mtsd-p11
Cosmos Reason2 8B,back of a traffic sign,grp6_8dee1009-IMG_6205.JPG,E:\2. UM-Student\MSC Dissertation\Urban-Vision-Benchmark\Datasets\MTSD\Prepared\MTSD-Unaugmented\MTSD-YOLO\test\images\grp6_8dee1009-IMG_6205.JPG,1016.06,2016.0,1318.46,3390.91,1.0,back of a traffic sign,False,False,2519.0,mtsd-p11
Cosmos Reason2 8B,back of a traffic sign,grp6_92b4ef64-IMG_6151.JPG,E:\2. UM-Student\MSC Dissertation\Urban-Vision-Benchmark\Datasets\MTSD\Prepared\MTSD-Unaugmented\MTSD-YOLO\test\images\grp6_92b4ef64-IMG_6151.JPG,2101.68,3096.58,2322.43,3350.59,1.0,back of a traffic sign,False,False,3160.4,mtsd-p11
Cosmos Reason2 8B,back of a traffic sign,grp6_98681b01-IMG_6123_2.JPG,E:\2. UM-Student\MSC Dissertation\Urban-Vision-Benchmark\Datasets\MTSD\Prepared\MTSD-Unaugmented\MTSD-YOLO\test\images\grp6_98681b01-IMG_6123_2.JPG,1127.95,233.86,2667.17,1858.75,1.0,back of a traffic sign,False,False,2500.6,mtsd-p11
Cosmos Reason2 8B,back of a traffic sign,grp6_9c79fb63-Screenshot_2025-12-05_143920.png,E:\2. UM-Student\MSC Dissertation\Urban-Vision-Benchmark\Datasets\MTSD\Prepared\MTSD-Unaugmented\MTSD-YOLO\test\images\grp6_9c79fb63-Screenshot_2025-12-05_143920.png,13.5,232.06,41.4,278.24,1.0,back of a traffic sign,False,False,3631.3,mtsd-p11
Cosmos Reason2 8B,back of a traffic sign,grp6_9c79fb63-Screenshot_2025-12-05_143920.png,E:\2. UM-Student\MSC Dissertation\Urban-Vision-Benchmark\Datasets\MTSD\Prepared\MTSD-Unaugmented\MTSD-YOLO\test\images\grp6_9c79fb63-Screenshot_2025-12-05_143920.png,137.25,40.91,182.7,105.7,1.0,back of a traffic sign,False,False,3631.3,mtsd-p11
Cosmos Reason2 8B,back of a traffic sign,grp6_9e084d7c-IMG_0221.JPG,E:\2. UM-Student\MSC Dissertation\Urban-Vision-Benchmark\Datasets\MTSD\Prepared\MTSD-Unaugmented\MTSD-YOLO\test\images\grp6_9e084d7c-IMG_0221.JPG,2878.85,2624.83,3020.98,2842.56,1.0,back of a traffic sign,False,False,2560.9,mtsd-p11
Cosmos Reason2 8B,back of a traffic sign,grp6_9e256948-IMG_0275.JPG,E:\2. UM-Student\MSC Dissertation\Urban-Vision-Benchmark\Datasets\MTSD\Prepared\MTSD-Unaugmented\MTSD-YOLO\test\images\grp6_9e256948-IMG_0275.JPG,1685.38,1309.39,2128.9,1896.05,1.0,back of a traffic sign,False,False,2536.7,mtsd-p11
Cosmos Reason2 8B,back of a traffic sign,grp6_a1b61997-Screenshot_2025-12-05_133641.png,E:\2. UM-Student\MSC Dissertation\Urban-Vision-Benchmark\Datasets\MTSD\Prepared\MTSD-Unaugmented\MTSD-YOLO\test\images\grp6_a1b61997-Screenshot_2025-12-05_133641.png,154.86,52.15,244.57,224.25,1.0,back of a traffic sign,False,False,1932.2,mtsd-p11
Cosmos Reason2 8B,back of a traffic sign,grp6_a7041b20-IMG_6175.JPG,E:\2. UM-Student\MSC Dissertation\Urban-Vision-Benchmark\Datasets\MTSD\Prepared\MTSD-Unaugmented\MTSD-YOLO\test\images\grp6_a7041b20-IMG_6175.JPG,374.98,3003.84,559.44,3197.38,1.0,back of a traffic sign,False,False,2546.7,mtsd-p11
Cosmos Reason2 8B,back of a traffic sign,grp6_ad8b6cea-IMG_0342.JPG,E:\2. UM-Student\MSC Dissertation\Urban-Vision-Benchmark\Datasets\MTSD\Prepared\MTSD-Unaugmented\MTSD-YOLO\test\images\grp6_ad8b6cea-IMG_0342.JPG,2382.91,0.0,4027.97,2319.41,1.0,back of a traffic sign,False,False,2433.0,mtsd-p11
Cosmos Reason2 8B,back of a traffic sign,grp6_b1f0ac5c-IMG_0227.JPG,E:\2. UM-Student\MSC Dissertation\Urban-Vision-Benchmark\Datasets\MTSD\Prepared\MTSD-Unaugmented\MTSD-YOLO\test\images\grp6_b1f0ac5c-IMG_0227.JPG,2112.77,834.62,2761.92,2035.15,1.0,back of a traffic sign,False,False,3245.5,mtsd-p11
Cosmos Reason2 8B,back of a traffic sign,grp6_ba6a303c-IMG_0314.JPG,E:\2. UM-Student\MSC Dissertation\Urban-Vision-Benchmark\Datasets\MTSD\Prepared\MTSD-Unaugmented\MTSD-YOLO\test\images\grp6_ba6a303c-IMG_0314.JPG,196.56,2003.9,2225.66,2729.66,1.0,back of a traffic sign,False,False,2486.5,mtsd-p11
Cosmos Reason2 8B,back of a traffic sign,grp6_bf61cf6e-Screenshot_2025-12-05_142746.png,E:\2. UM-Student\MSC Dissertation\Urban-Vision-Benchmark\Datasets\MTSD\Prepared\MTSD-Unaugmented\MTSD-YOLO\test\images\grp6_bf61cf6e-Screenshot_2025-12-05_142746.png,157.0,155.44,176.15,512.95,1.0,back of a traffic sign,False,False,2002.0,mtsd-p11
Cosmos Reason2 8B,back of a traffic sign,grp6_c2b7f6e2-IMG_0300.JPG,E:\2. UM-Student\MSC Dissertation\Urban-Vision-Benchmark\Datasets\MTSD\Prepared\MTSD-Unaugmented\MTSD-YOLO\test\images\grp6_c2b7f6e2-IMG_0300.JPG,2201.47,0.0,4027.97,2706.48,1.0,back of a traffic sign,False,False,2457.8,mtsd-p11
Cosmos Reason2 8B,back of a traffic sign,grp6_c8db20f0-IMG_6257.JPG,E:\2. UM-Student\MSC Dissertation\Urban-Vision-Benchmark\Datasets\MTSD\Prepared\MTSD-Unaugmented\MTSD-YOLO\test\images\grp6_c8db20f0-IMG_6257.JPG,1496.88,753.98,1720.66,1858.75,1.0,back of a traffic sign,False,False,2558.4,mtsd-p11
Cosmos Reason2 8B,back of a traffic sign,grp6_cebbcc7c-Screenshot_2025-12-05_141232.png,E:\2. UM-Student\MSC Dissertation\Urban-Vision-Benchmark\Datasets\MTSD\Prepared\MTSD-Unaugmented\MTSD-YOLO\test\images\grp6_cebbcc7c-Screenshot_2025-12-05_141232.png,62.5,34.44,70.25,61.38,1.0,back of a traffic sign,False,False,2048.3,mtsd-p11
Cosmos Reason2 8B,back of a traffic sign,grp6_d2cebd4f-Screenshot_2025-12-05_145955.png,E:\2. UM-Student\MSC Dissertation\Urban-Vision-Benchmark\Datasets\MTSD\Prepared\MTSD-Unaugmented\MTSD-YOLO\test\images\grp6_d2cebd4f-Screenshot_2025-12-05_145955.png,92.34,129.28,146.74,246.81,1.0,back of a traffic sign,False,False,2006.0,mtsd-p11
Cosmos Reason2 8B,back of a traffic sign,grp6_d33c21c3-IMG_6246.JPG,E:\2. UM-Student\MSC Dissertation\Urban-Vision-Benchmark\Datasets\MTSD\Prepared\MTSD-Unaugmented\MTSD-YOLO\test\images\grp6_d33c21c3-IMG_6246.JPG,641.09,931.39,1152.14,1979.71,1.0,back of a traffic sign,False,False,4188.0,mtsd-p11
Cosmos Reason2 8B,back of a traffic sign,grp6_d33c21c3-IMG_6246.JPG,E:\2. UM-Student\MSC Dissertation\Urban-Vision-Benchmark\Datasets\MTSD\Prepared\MTSD-Unaugmented\MTSD-YOLO\test\images\grp6_d33c21c3-IMG_6246.JPG,1581.55,874.94,2074.46,2036.16,1.0,back of a traffic sign,False,False,4188.0,mtsd-p11
Cosmos Reason2 8B,back of a traffic sign,grp6_e18d6d29-IMG_0313.JPG,E:\2. UM-Student\MSC Dissertation\Urban-Vision-Benchmark\Datasets\MTSD\Prepared\MTSD-Unaugmented\MTSD-YOLO\test\images\grp6_e18d6d29-IMG_0313.JPG,2318.4,1158.19,3556.22,2328.48,1.0,back of a traffic sign,False,False,4755.0,mtsd-p11
Cosmos Reason2 8B,back of a traffic sign,grp6_e18d6d29-IMG_0313.JPG,E:\2. UM-Student\MSC Dissertation\Urban-Vision-Benchmark\Datasets\MTSD\Prepared\MTSD-Unaugmented\MTSD-YOLO\test\images\grp6_e18d6d29-IMG_0313.JPG,1173.31,1091.66,2310.34,2304.29,1.0,back of a traffic sign,False,False,4755.0,mtsd-p11
Cosmos Reason2 8B,back of a traffic sign,grp6_e4194181-Screenshot_2025-12-05_124458.png,E:\2. UM-Student\MSC Dissertation\Urban-Vision-Benchmark\Datasets\MTSD\Prepared\MTSD-Unaugmented\MTSD-YOLO\test\images\grp6_e4194181-Screenshot_2025-12-05_124458.png,53.96,28.19,226.76,232.41,1.0,back of a traffic sign,False,False,1948.2,mtsd-p11
Cosmos Reason2 8B,back of a traffic sign,grp6_e4766ab1-Screenshot_2025-12-05_134942.png,E:\2. UM-Student\MSC Dissertation\Urban-Vision-Benchmark\Datasets\MTSD\Prepared\MTSD-Unaugmented\MTSD-YOLO\test\images\grp6_e4766ab1-Screenshot_2025-12-05_134942.png,120.52,31.83,187.85,166.77,1.0,back of a traffic sign,False,False,1928.4,mtsd-p11
Cosmos Reason2 8B,back of a traffic sign,grp6_ec035947-IMG_6142.JPG,E:\2. UM-Student\MSC Dissertation\Urban-Vision-Benchmark\Datasets\MTSD\Prepared\MTSD-Unaugmented\MTSD-YOLO\test\images\grp6_ec035947-IMG_6142.JPG,2800.22,2439.36,3020.98,3153.02,1.0,back of a traffic sign,False,False,2549.7,mtsd-p11
Cosmos Reason2 8B,back of a traffic sign,grp6_f6200360-IMG_6254.JPG,E:\2. UM-Student\MSC Dissertation\Urban-Vision-Benchmark\Datasets\MTSD\Prepared\MTSD-Unaugmented\MTSD-YOLO\test\images\grp6_f6200360-IMG_6254.JPG,1378.94,741.89,1769.04,2209.54,1.0,back of a traffic sign,False,False,2558.9,mtsd-p11
Cosmos Reason2 8B,back of a traffic sign,grp6_fb7a099a-Screenshot_2025-12-05_134245.png,E:\2. UM-Student\MSC Dissertation\Urban-Vision-Benchmark\Datasets\MTSD\Prepared\MTSD-Unaugmented\MTSD-YOLO\test\images\grp6_fb7a099a-Screenshot_2025-12-05_134245.png,81.74,37.84,149.01,180.1,1.0,back of a traffic sign,False,False,1934.9,mtsd-p11
Cosmos Reason2 8B,back of a traffic sign,grp7_01ba126c-IMG_1741.jpg,E:\2. UM-Student\MSC Dissertation\Urban-Vision-Benchmark\Datasets\MTSD\Prepared\MTSD-Unaugmented\MTSD-YOLO\test\images\grp7_01ba126c-IMG_1741.jpg,,,,,,<no detections>,False,False,927.6,mtsd-p11
Cosmos Reason2 8B,back of a traffic sign,grp7_0c242d9c-IMG_1860.jpg,E:\2. UM-Student\MSC Dissertation\Urban-Vision-Benchmark\Datasets\MTSD\Prepared\MTSD-Unaugmented\MTSD-YOLO\test\images\grp7_0c242d9c-IMG_1860.jpg,1552.32,1288.22,4027.97,1512.0,1.0,back of a traffic sign,False,False,2548.2,mtsd-p11
Cosmos Reason2 8B,back of a traffic sign,grp7_0c807ae1-IMG_1804.jpg,E:\2. UM-Student\MSC Dissertation\Urban-Vision-Benchmark\Datasets\MTSD\Prepared\MTSD-Unaugmented\MTSD-YOLO\test\images\grp7_0c807ae1-IMG_1804.jpg,1245.89,145.15,3407.04,2776.03,1.0,back of a traffic sign,False,False,3143.1,mtsd-p11
Cosmos Reason2 8B,back of a traffic sign,grp7_0cc91b71-IMG_2114.JPG,E:\2. UM-Student\MSC Dissertation\Urban-Vision-Benchmark\Datasets\MTSD\Prepared\MTSD-Unaugmented\MTSD-YOLO\test\images\grp7_0cc91b71-IMG_2114.JPG,379.01,123.98,2983.68,2782.08,1.0,back of a traffic sign,False,False,2463.4,mtsd-p11
Cosmos Reason2 8B,back of a traffic sign,grp7_0d0b2421-20251215_151900.jpg,E:\2. UM-Student\MSC Dissertation\Urban-Vision-Benchmark\Datasets\MTSD\Prepared\MTSD-Unaugmented\MTSD-YOLO\test\images\grp7_0d0b2421-20251215_151900.jpg,,,,,,<no detections>,False,False,714.6,mtsd-p11
Cosmos Reason2 8B,back of a traffic sign,grp7_133305c1-IMG_6701.jpeg,E:\2. UM-Student\MSC Dissertation\Urban-Vision-Benchmark\Datasets\MTSD\Prepared\MTSD-Unaugmented\MTSD-YOLO\test\images\grp7_133305c1-IMG_6701.jpeg,1097.71,1370.88,1270.08,1891.01,1.0,back of a traffic sign,False,False,2518.6,mtsd-p11
Cosmos Reason2 8B,back of a traffic sign,grp7_17ffbc31-IMG_6632.jpeg,E:\2. UM-Student\MSC Dissertation\Urban-Vision-Benchmark\Datasets\MTSD\Prepared\MTSD-Unaugmented\MTSD-YOLO\test\images\grp7_17ffbc31-IMG_6632.jpeg,1330.56,943.49,1460.59,1503.94,1.0,back of a traffic sign,False,False,2531.5,mtsd-p11
Cosmos Reason2 8B,back of a traffic sign,grp7_18034905-IMG_6798.jpeg,E:\2. UM-Student\MSC Dissertation\Urban-Vision-Benchmark\Datasets\MTSD\Prepared\MTSD-Unaugmented\MTSD-YOLO\test\images\grp7_18034905-IMG_6798.jpeg,1300.32,1810.37,1391.04,2080.51,1.0,back of a traffic sign,False,False,2526.6,mtsd-p11
Cosmos Reason2 8B,back of a traffic sign,grp7_21763d41-IMG_1815.jpg,E:\2. UM-Student\MSC Dissertation\Urban-Vision-Benchmark\Datasets\MTSD\Prepared\MTSD-Unaugmented\MTSD-YOLO\test\images\grp7_21763d41-IMG_1815.jpg,1112.83,408.24,3576.38,2812.32,1.0,back of a traffic sign,False,False,2542.5,mtsd-p11
Cosmos Reason2 8B,back of a traffic sign,grp7_27403473-IMG_2301.JPG,E:\2. UM-Student\MSC Dissertation\Urban-Vision-Benchmark\Datasets\MTSD\Prepared\MTSD-Unaugmented\MTSD-YOLO\test\images\grp7_27403473-IMG_2301.JPG,923.33,1893.02,1141.06,2751.84,1.0,back of a traffic sign,False,False,2520.5,mtsd-p11
Cosmos Reason2 8B,back of a traffic sign,grp7_3199d5af-IMG_6619.jpeg,E:\2. UM-Student\MSC Dissertation\Urban-Vision-Benchmark\Datasets\MTSD\Prepared\MTSD-Unaugmented\MTSD-YOLO\test\images\grp7_3199d5af-IMG_6619.jpeg,1215.65,1346.69,1366.85,1822.46,1.0,back of a traffic sign,False,False,3251.4,mtsd-p11
Cosmos Reason2 8B,back of a traffic sign,grp7_3335816b-IMG_1863.jpg,E:\2. UM-Student\MSC Dissertation\Urban-Vision-Benchmark\Datasets\MTSD\Prepared\MTSD-Unaugmented\MTSD-YOLO\test\images\grp7_3335816b-IMG_1863.jpg,1040.26,214.7,3810.24,2896.99,1.0,back of a traffic sign,False,False,2481.0,mtsd-p11
Cosmos Reason2 8B,back of a traffic sign,grp7_36174e45-IMG_6745.jpeg,E:\2. UM-Student\MSC Dissertation\Urban-Vision-Benchmark\Datasets\MTSD\Prepared\MTSD-Unaugmented\MTSD-YOLO\test\images\grp7_36174e45-IMG_6745.jpeg,1321.49,1467.65,1548.29,1959.55,1.0,back of a traffic sign,False,False,2535.2,mtsd-p11
Cosmos Reason2 8B,back of a traffic sign,grp7_3acb0651-IMG_1793.jpg,E:\2. UM-Student\MSC Dissertation\Urban-Vision-Benchmark\Datasets\MTSD\Prepared\MTSD-Unaugmented\MTSD-YOLO\test\images\grp7_3acb0651-IMG_1793.jpg,540.29,1439.42,3495.74,1766.02,1.0,back of a traffic sign,False,False,2533.0,mtsd-p11
Cosmos Reason2 8B,back of a traffic sign,grp7_3dfa77dc-20251215_142747.jpg,E:\2. UM-Student\MSC Dissertation\Urban-Vision-Benchmark\Datasets\MTSD\Prepared\MTSD-Unaugmented\MTSD-YOLO\test\images\grp7_3dfa77dc-20251215_142747.jpg,,,,,,<no detections>,False,False,712.6,mtsd-p11
Cosmos Reason2 8B,back of a traffic sign,grp7_40a131c0-20251215_144819.jpg,E:\2. UM-Student\MSC Dissertation\Urban-Vision-Benchmark\Datasets\MTSD\Prepared\MTSD-Unaugmented\MTSD-YOLO\test\images\grp7_40a131c0-20251215_144819.jpg,1050.08,1225.73,1113.59,2282.11,1.0,back of a traffic sign,False,False,2326.5,mtsd-p11
Cosmos Reason2 8B,back of a traffic sign,grp7_41dd064f-IMG_2332.JPG,E:\2. UM-Student\MSC Dissertation\Urban-Vision-Benchmark\Datasets\MTSD\Prepared\MTSD-Unaugmented\MTSD-YOLO\test\images\grp7_41dd064f-IMG_2332.JPG,1536.19,935.42,2020.03,1556.35,1.0,back of a traffic sign,False,False,2540.0,mtsd-p11
Cosmos Reason2 8B,back of a traffic sign,grp7_46129e9c-IMG_6657.jpeg,E:\2. UM-Student\MSC Dissertation\Urban-Vision-Benchmark\Datasets\MTSD\Prepared\MTSD-Unaugmented\MTSD-YOLO\test\images\grp7_46129e9c-IMG_6657.jpeg,934.42,1645.06,988.85,2149.06,1.0,back of a traffic sign,False,False,2529.6,mtsd-p11
Cosmos Reason2 8B,back of a traffic sign,grp7_4c22ebaa-IMG_6807.jpeg,E:\2. UM-Student\MSC Dissertation\Urban-Vision-Benchmark\Datasets\MTSD\Prepared\MTSD-Unaugmented\MTSD-YOLO\test\images\grp7_4c22ebaa-IMG_6807.jpeg,1070.5,2124.86,1209.6,2419.2,1.0,back of a traffic sign,False,False,3099.8,mtsd-p11
Cosmos Reason2 8B,back of a traffic sign,grp7_4f01ce86-IMG_1927.jpg,E:\2. UM-Student\MSC Dissertation\Urban-Vision-Benchmark\Datasets\MTSD\Prepared\MTSD-Unaugmented\MTSD-YOLO\test\images\grp7_4f01ce86-IMG_1927.jpg,1431.36,87.7,3209.47,2446.42,1.0,back of a traffic sign,False,False,2459.2,mtsd-p11
Cosmos Reason2 8B,back of a traffic sign,grp7_50fb19de-IMG_1779.jpg,E:\2. UM-Student\MSC Dissertation\Urban-Vision-Benchmark\Datasets\MTSD\Prepared\MTSD-Unaugmented\MTSD-YOLO\test\images\grp7_50fb19de-IMG_1779.jpg,778.18,1445.47,3790.08,1756.94,1.0,back of a traffic sign,False,False,2521.8,mtsd-p11
Cosmos Reason2 8B,back of a traffic sign,grp7_51efaffb-IMG_2323.JPG,E:\2. UM-Student\MSC Dissertation\Urban-Vision-Benchmark\Datasets\MTSD\Prepared\MTSD-Unaugmented\MTSD-YOLO\test\images\grp7_51efaffb-IMG_2323.JPG,1605.74,1608.77,1920.24,1951.49,1.0,back of a traffic sign,False,False,2514.3,mtsd-p11
Cosmos Reason2 8B,back of a traffic sign,grp7_55fe17bd-IMG_6660.jpeg,E:\2. UM-Student\MSC Dissertation\Urban-Vision-Benchmark\Datasets\MTSD\Prepared\MTSD-Unaugmented\MTSD-YOLO\test\images\grp7_55fe17bd-IMG_6660.jpeg,1254.96,1020.1,1614.82,1427.33,1.0,back of a traffic sign,False,False,2530.2,mtsd-p11
Cosmos Reason2 8B,back of a traffic sign,grp7_579cc71b-IMG_1928.jpg,E:\2. UM-Student\MSC Dissertation\Urban-Vision-Benchmark\Datasets\MTSD\Prepared\MTSD-Unaugmented\MTSD-YOLO\test\images\grp7_579cc71b-IMG_1928.jpg,1104.77,1515.02,3439.3,1714.61,1.0,back of a traffic sign,False,False,2502.8,mtsd-p11
Cosmos Reason2 8B,back of a traffic sign,grp7_57ce1f54-20251215_150337.jpg,E:\2. UM-Student\MSC Dissertation\Urban-Vision-Benchmark\Datasets\MTSD\Prepared\MTSD-Unaugmented\MTSD-YOLO\test\images\grp7_57ce1f54-20251215_150337.jpg,1063.69,1100.74,1272.35,2072.45,1.0,back of a traffic sign,False,False,2330.6,mtsd-p11
Cosmos Reason2 8B,back of a traffic sign,grp7_5fe0adac-IMG_2351.JPG,E:\2. UM-Student\MSC Dissertation\Urban-Vision-Benchmark\Datasets\MTSD\Prepared\MTSD-Unaugmented\MTSD-YOLO\test\images\grp7_5fe0adac-IMG_2351.JPG,1094.69,971.71,1811.38,1778.11,1.0,back of a traffic sign,False,False,2552.2,mtsd-p11
Cosmos Reason2 8B,back of a traffic sign,grp7_65ce4c26-IMG_1752.jpg,E:\2. UM-Student\MSC Dissertation\Urban-Vision-Benchmark\Datasets\MTSD\Prepared\MTSD-Unaugmented\MTSD-YOLO\test\images\grp7_65ce4c26-IMG_1752.jpg,443.52,1306.37,4027.97,1823.47,1.0,back of a traffic sign,False,False,3193.8,mtsd-p11
Cosmos Reason2 8B,back of a traffic sign,grp7_66312f27-IMG_1789.jpg,E:\2. UM-Student\MSC Dissertation\Urban-Vision-Benchmark\Datasets\MTSD\Prepared\MTSD-Unaugmented\MTSD-YOLO\test\images\grp7_66312f27-IMG_1789.jpg,943.49,1309.39,3870.72,1635.98,1.0,back of a traffic sign,False,False,2542.1,mtsd-p11
Cosmos Reason2 8B,back of a traffic sign,grp7_6dd51e97-IMG_6617.jpeg,E:\2. UM-Student\MSC Dissertation\Urban-Vision-Benchmark\Datasets\MTSD\Prepared\MTSD-Unaugmented\MTSD-YOLO\test\images\grp7_6dd51e97-IMG_6617.jpeg,1239.84,1499.9,1294.27,1794.24,1.0,back of a traffic sign,False,False,2562.8,mtsd-p11
Cosmos Reason2 8B,back of a traffic sign,grp7_70806c3a-20251206_161309.jpg,E:\2. UM-Student\MSC Dissertation\Urban-Vision-Benchmark\Datasets\MTSD\Prepared\MTSD-Unaugmented\MTSD-YOLO\test\images\grp7_70806c3a-20251206_161309.jpg,848.23,1193.47,1623.89,1915.2,1.0,back of a traffic sign,False,False,2367.4,mtsd-p11
Cosmos Reason2 8B,back of a traffic sign,grp7_81ace7bd-IMG_1823.jpg,E:\2. UM-Student\MSC Dissertation\Urban-Vision-Benchmark\Datasets\MTSD\Prepared\MTSD-Unaugmented\MTSD-YOLO\test\images\grp7_81ace7bd-IMG_1823.jpg,1665.22,692.5,3334.46,2794.18,1.0,back of a traffic sign,False,False,2548.1,mtsd-p11
Cosmos Reason2 8B,back of a traffic sign,grp7_85e21f65-IMG_1888.jpg,E:\2. UM-Student\MSC Dissertation\Urban-Vision-Benchmark\Datasets\MTSD\Prepared\MTSD-Unaugmented\MTSD-YOLO\test\images\grp7_85e21f65-IMG_1888.jpg,1544.26,783.22,2604.67,2763.94,1.0,back of a traffic sign,False,False,2603.6,mtsd-p11
Cosmos Reason2 8B,back of a traffic sign,grp7_87ab4012-IMG_1929.jpg,E:\2. UM-Student\MSC Dissertation\Urban-Vision-Benchmark\Datasets\MTSD\Prepared\MTSD-Unaugmented\MTSD-YOLO\test\images\grp7_87ab4012-IMG_1929.jpg,1842.62,139.1,3479.62,2343.6,1.0,back of a traffic sign,False,False,2480.7,mtsd-p11
Cosmos Reason2 8B,back of a traffic sign,grp7_897df19a-IMG_2311.JPG,E:\2. UM-Student\MSC Dissertation\Urban-Vision-Benchmark\Datasets\MTSD\Prepared\MTSD-Unaugmented\MTSD-YOLO\test\images\grp7_897df19a-IMG_2311.JPG,2216.59,1350.72,2458.51,1770.05,1.0,back of a traffic sign,False,False,2565.8,mtsd-p11
Cosmos Reason2 8B,back of a traffic sign,grp7_8a80058d-20251215_151420.jpg,E:\2. UM-Student\MSC Dissertation\Urban-Vision-Benchmark\Datasets\MTSD\Prepared\MTSD-Unaugmented\MTSD-YOLO\test\images\grp7_8a80058d-20251215_151420.jpg,966.17,1108.8,1297.3,1987.78,1.0,back of a traffic sign,False,False,3022.7,mtsd-p11
Cosmos Reason2 8B,back of a traffic sign,grp7_8b5130c3-IMG_1856.jpg,E:\2. UM-Student\MSC Dissertation\Urban-Vision-Benchmark\Datasets\MTSD\Prepared\MTSD-Unaugmented\MTSD-YOLO\test\images\grp7_8b5130c3-IMG_1856.jpg,,,,,,<no detections>,False,False,931.2,mtsd-p11
Cosmos Reason2 8B,back of a traffic sign,grp7_8c70ced7-IMG_6778.jpeg,E:\2. UM-Student\MSC Dissertation\Urban-Vision-Benchmark\Datasets\MTSD\Prepared\MTSD-Unaugmented\MTSD-YOLO\test\images\grp7_8c70ced7-IMG_6778.jpeg,1182.38,1399.1,1533.17,1761.98,1.0,back of a traffic sign,False,False,2784.7,mtsd-p11
Cosmos Reason2 8B,back of a traffic sign,grp7_8e1e7992-IMG_6659.jpeg,E:\2. UM-Student\MSC Dissertation\Urban-Vision-Benchmark\Datasets\MTSD\Prepared\MTSD-Unaugmented\MTSD-YOLO\test\images\grp7_8e1e7992-IMG_6659.jpeg,1372.9,1173.31,1521.07,1653.12,1.0,back of a traffic sign,False,False,2590.7,mtsd-p11
Cosmos Reason2 8B,back of a traffic sign,grp7_90de2b4a-IMG_6620.jpeg,E:\2. UM-Student\MSC Dissertation\Urban-Vision-Benchmark\Datasets\MTSD\Prepared\MTSD-Unaugmented\MTSD-YOLO\test\images\grp7_90de2b4a-IMG_6620.jpeg,1085.62,1008.0,1557.36,1673.28,1.0,back of a traffic sign,False,False,2556.8,mtsd-p11
Cosmos Reason2 8B,back of a traffic sign,grp7_917e5bd8-IMG_2117.JPG,E:\2. UM-Student\MSC Dissertation\Urban-Vision-Benchmark\Datasets\MTSD\Prepared\MTSD-Unaugmented\MTSD-YOLO\test\images\grp7_917e5bd8-IMG_2117.JPG,,,,,,<no detections>,False,False,936.5,mtsd-p11
Cosmos Reason2 8B,back of a traffic sign,grp7_93d54be7-IMG_6607.jpeg,E:\2. UM-Student\MSC Dissertation\Urban-Vision-Benchmark\Datasets\MTSD\Prepared\MTSD-Unaugmented\MTSD-YOLO\test\images\grp7_93d54be7-IMG_6607.jpeg,997.92,1217.66,1094.69,1552.32,1.0,back of a traffic sign,False,False,2561.2,mtsd-p11
Cosmos Reason2 8B,back of a traffic sign,grp7_998eacf2-IMG_6613.jpeg,E:\2. UM-Student\MSC Dissertation\Urban-Vision-Benchmark\Datasets\MTSD\Prepared\MTSD-Unaugmented\MTSD-YOLO\test\images\grp7_998eacf2-IMG_6613.jpeg,1575.5,1338.62,1660.18,1628.93,1.0,back of a traffic sign,False,False,2600.3,mtsd-p11
Cosmos Reason2 8B,back of a traffic sign,grp7_9ceccc7e-IMG_2183.JPG,E:\2. UM-Student\MSC Dissertation\Urban-Vision-Benchmark\Datasets\MTSD\Prepared\MTSD-Unaugmented\MTSD-YOLO\test\images\grp7_9ceccc7e-IMG_2183.JPG,169.34,701.57,1411.2,2080.51,1.0,back of a traffic sign,False,False,3186.4,mtsd-p11
Cosmos Reason2 8B,back of a traffic sign,grp7_a685cd57-IMG_2291.JPG,E:\2. UM-Student\MSC Dissertation\Urban-Vision-Benchmark\Datasets\MTSD\Prepared\MTSD-Unaugmented\MTSD-YOLO\test\images\grp7_a685cd57-IMG_2291.JPG,1684.37,1612.8,1723.68,2016.0,1.0,back of a traffic sign,False,False,2533.9,mtsd-p11
Cosmos Reason2 8B,back of a traffic sign,grp7_ab2ec440-IMG_2148.JPG,E:\2. UM-Student\MSC Dissertation\Urban-Vision-Benchmark\Datasets\MTSD\Prepared\MTSD-Unaugmented\MTSD-YOLO\test\images\grp7_ab2ec440-IMG_2148.JPG,356.83,874.94,1100.74,3096.58,1.0,back of a traffic sign,False,False,2543.1,mtsd-p11
Cosmos Reason2 8B,back of a traffic sign,grp7_b1489edd-IMG_1891.jpg,E:\2. UM-Student\MSC Dissertation\Urban-Vision-Benchmark\Datasets\MTSD\Prepared\MTSD-Unaugmented\MTSD-YOLO\test\images\grp7_b1489edd-IMG_1891.jpg,927.36,1403.14,3479.62,1684.37,1.0,back of a traffic sign,False,False,2547.3,mtsd-p11
Cosmos Reason2 8B,back of a traffic sign,grp7_b3afe886-IMG_1875.jpg,E:\2. UM-Student\MSC Dissertation\Urban-Vision-Benchmark\Datasets\MTSD\Prepared\MTSD-Unaugmented\MTSD-YOLO\test\images\grp7_b3afe886-IMG_1875.jpg,1241.86,1478.74,3374.78,1651.1,1.0,back of a traffic sign,False,False,2531.9,mtsd-p11
Cosmos Reason2 8B,back of a traffic sign,grp7_b45f5f31-IMG_2274.JPG,E:\2. UM-Student\MSC Dissertation\Urban-Vision-Benchmark\Datasets\MTSD\Prepared\MTSD-Unaugmented\MTSD-YOLO\test\images\grp7_b45f5f31-IMG_2274.JPG,1040.26,1052.35,1493.86,1536.19,1.0,back of a traffic sign,False,False,4153.2,mtsd-p11
Cosmos Reason2 8B,back of a traffic sign,grp7_b45f5f31-IMG_2274.JPG,E:\2. UM-Student\MSC Dissertation\Urban-Vision-Benchmark\Datasets\MTSD\Prepared\MTSD-Unaugmented\MTSD-YOLO\test\images\grp7_b45f5f31-IMG_2274.JPG,1052.35,1520.06,1502.93,1979.71,1.0,back of a traffic sign,False,False,4153.2,mtsd-p11
Cosmos Reason2 8B,back of a traffic sign,grp7_b552bf33-20251215_150109.jpg,E:\2. UM-Student\MSC Dissertation\Urban-Vision-Benchmark\Datasets\MTSD\Prepared\MTSD-Unaugmented\MTSD-YOLO\test\images\grp7_b552bf33-20251215_150109.jpg,1013.8,1040.26,1186.16,1935.36,1.0,back of a traffic sign,False,False,2345.3,mtsd-p11
Cosmos Reason2 8B,back of a traffic sign,grp7_b65b2b8e-20251215_143141.jpg,E:\2. UM-Student\MSC Dissertation\Urban-Vision-Benchmark\Datasets\MTSD\Prepared\MTSD-Unaugmented\MTSD-YOLO\test\images\grp7_b65b2b8e-20251215_143141.jpg,1099.98,1278.14,1272.35,2326.46,1.0,back of a traffic sign,False,False,2372.2,mtsd-p11
Cosmos Reason2 8B,back of a traffic sign,grp7_bd29943d-IMG_1733.jpg,E:\2. UM-Student\MSC Dissertation\Urban-Vision-Benchmark\Datasets\MTSD\Prepared\MTSD-Unaugmented\MTSD-YOLO\test\images\grp7_bd29943d-IMG_1733.jpg,1467.65,1109.81,4027.97,1285.2,1.0,back of a traffic sign,False,False,3268.1,mtsd-p11
Cosmos Reason2 8B,back of a traffic sign,grp7_c1a8ff54-IMG_1721.jpg,E:\2. UM-Student\MSC Dissertation\Urban-Vision-Benchmark\Datasets\MTSD\Prepared\MTSD-Unaugmented\MTSD-YOLO\test\images\grp7_c1a8ff54-IMG_1721.jpg,1048.32,293.33,3475.58,3020.98,1.0,back of a traffic sign,False,False,2526.6,mtsd-p11
Cosmos Reason2 8B,back of a traffic sign,grp7_c1d05649-IMG_2109.JPG,E:\2. UM-Student\MSC Dissertation\Urban-Vision-Benchmark\Datasets\MTSD\Prepared\MTSD-Unaugmented\MTSD-YOLO\test\images\grp7_c1d05649-IMG_2109.JPG,1209.6,296.35,2834.5,1678.32,1.0,back of a traffic sign,False,False,2526.3,mtsd-p11
Cosmos Reason2 8B,back of a traffic sign,grp7_c1e32eff-IMG_1769.jpg,E:\2. UM-Student\MSC Dissertation\Urban-Vision-Benchmark\Datasets\MTSD\Prepared\MTSD-Unaugmented\MTSD-YOLO\test\images\grp7_c1e32eff-IMG_1769.jpg,1282.18,1242.86,3886.85,1850.69,1.0,back of a traffic sign,False,False,2595.9,mtsd-p11
Cosmos Reason2 8B,back of a traffic sign,grp7_c21d51bf-IMG_6622.jpeg,E:\2. UM-Student\MSC Dissertation\Urban-Vision-Benchmark\Datasets\MTSD\Prepared\MTSD-Unaugmented\MTSD-YOLO\test\images\grp7_c21d51bf-IMG_6622.jpeg,1209.6,943.49,1711.58,1576.51,1.0,back of a traffic sign,False,False,2580.3,mtsd-p11
Cosmos Reason2 8B,back of a traffic sign,grp7_c3ab6f98-IMG_2186.JPG,E:\2. UM-Student\MSC Dissertation\Urban-Vision-Benchmark\Datasets\MTSD\Prepared\MTSD-Unaugmented\MTSD-YOLO\test\images\grp7_c3ab6f98-IMG_2186.JPG,608.83,102.82,3237.7,2872.8,1.0,back of a traffic sign,False,False,2539.2,mtsd-p11
Cosmos Reason2 8B,back of a traffic sign,grp7_cddeeb7f-IMG_6636.jpeg,E:\2. UM-Student\MSC Dissertation\Urban-Vision-Benchmark\Datasets\MTSD\Prepared\MTSD-Unaugmented\MTSD-YOLO\test\images\grp7_cddeeb7f-IMG_6636.jpeg,1254.96,1419.26,1427.33,1600.7,1.0,back of a traffic sign,False,False,2578.5,mtsd-p11
Cosmos Reason2 8B,back of a traffic sign,grp7_d36e330f-20251215_150902.jpg,E:\2. UM-Student\MSC Dissertation\Urban-Vision-Benchmark\Datasets\MTSD\Prepared\MTSD-Unaugmented\MTSD-YOLO\test\images\grp7_d36e330f-20251215_150902.jpg,734.83,1088.64,1664.71,1939.39,1.0,back of a traffic sign,False,False,2371.1,mtsd-p11
Cosmos Reason2 8B,back of a traffic sign,grp7_d5464bd2-IMG_6729.jpeg,E:\2. UM-Student\MSC Dissertation\Urban-Vision-Benchmark\Datasets\MTSD\Prepared\MTSD-Unaugmented\MTSD-YOLO\test\images\grp7_d5464bd2-IMG_6729.jpeg,1648.08,1427.33,1886.98,2024.06,1.0,back of a traffic sign,False,False,3229.3,mtsd-p11
Cosmos Reason2 8B,back of a traffic sign,grp7_d7ded33c-IMG_6742.jpeg,E:\2. UM-Student\MSC Dissertation\Urban-Vision-Benchmark\Datasets\MTSD\Prepared\MTSD-Unaugmented\MTSD-YOLO\test\images\grp7_d7ded33c-IMG_6742.jpeg,1224.72,1443.46,1635.98,1866.82,1.0,back of a traffic sign,False,False,4175.4,mtsd-p11
Cosmos Reason2 8B,back of a traffic sign,grp7_d7ded33c-IMG_6742.jpeg,E:\2. UM-Student\MSC Dissertation\Urban-Vision-Benchmark\Datasets\MTSD\Prepared\MTSD-Unaugmented\MTSD-YOLO\test\images\grp7_d7ded33c-IMG_6742.jpeg,1218.67,1842.62,1602.72,2120.83,1.0,back of a traffic sign,False,False,4175.4,mtsd-p11
Cosmos Reason2 8B,back of a traffic sign,grp7_db87303d-20251215_144613.jpg,E:\2. UM-Student\MSC Dissertation\Urban-Vision-Benchmark\Datasets\MTSD\Prepared\MTSD-Unaugmented\MTSD-YOLO\test\images\grp7_db87303d-20251215_144613.jpg,1079.57,737.86,1192.97,2048.26,1.0,back of a traffic sign,False,False,2332.6,mtsd-p11
Cosmos Reason2 8B,back of a traffic sign,grp7_dfd0a665-IMG_2360.JPG,E:\2. UM-Student\MSC Dissertation\Urban-Vision-Benchmark\Datasets\MTSD\Prepared\MTSD-Unaugmented\MTSD-YOLO\test\images\grp7_dfd0a665-IMG_2360.JPG,532.22,2229.7,589.68,2282.11,1.0,back of a traffic sign,False,False,2537.5,mtsd-p11
Cosmos Reason2 8B,back of a traffic sign,grp7_e16f743b-IMG_1838.jpg,E:\2. UM-Student\MSC Dissertation\Urban-Vision-Benchmark\Datasets\MTSD\Prepared\MTSD-Unaugmented\MTSD-YOLO\test\images\grp7_e16f743b-IMG_1838.jpg,919.3,1460.59,3644.93,1756.94,1.0,back of a traffic sign,False,False,2499.8,mtsd-p11
Cosmos Reason2 8B,back of a traffic sign,grp7_ef1c0521-IMG_1930.jpg,E:\2. UM-Student\MSC Dissertation\Urban-Vision-Benchmark\Datasets\MTSD\Prepared\MTSD-Unaugmented\MTSD-YOLO\test\images\grp7_ef1c0521-IMG_1930.jpg,1596.67,432.43,2935.3,2779.06,1.0,back of a traffic sign,False,False,2526.1,mtsd-p11
Cosmos Reason2 8B,back of a traffic sign,grp7_ef873d66-20251215_143818.jpg,E:\2. UM-Student\MSC Dissertation\Urban-Vision-Benchmark\Datasets\MTSD\Prepared\MTSD-Unaugmented\MTSD-YOLO\test\images\grp7_ef873d66-20251215_143818.jpg,1603.48,2278.08,1968.62,2657.09,1.0,back of a traffic sign,False,False,2311.3,mtsd-p11
Cosmos Reason2 8B,back of a traffic sign,grp7_f5c11235-IMG_2319.JPG,E:\2. UM-Student\MSC Dissertation\Urban-Vision-Benchmark\Datasets\MTSD\Prepared\MTSD-Unaugmented\MTSD-YOLO\test\images\grp7_f5c11235-IMG_2319.JPG,1536.19,771.12,1810.37,895.1,1.0,back of a traffic sign,False,False,2516.5,mtsd-p11
Cosmos Reason2 8B,back of a traffic sign,grp7_f6c47dc2-IMG_2182.JPG,E:\2. UM-Student\MSC Dissertation\Urban-Vision-Benchmark\Datasets\MTSD\Prepared\MTSD-Unaugmented\MTSD-YOLO\test\images\grp7_f6c47dc2-IMG_2182.JPG,129.02,1545.26,1596.67,1717.63,1.0,back of a traffic sign,False,False,3142.4,mtsd-p11
Cosmos Reason2 8B,back of a traffic sign,grp7_f74b48d8-IMG_1768.jpg,E:\2. UM-Student\MSC Dissertation\Urban-Vision-Benchmark\Datasets\MTSD\Prepared\MTSD-Unaugmented\MTSD-YOLO\test\images\grp7_f74b48d8-IMG_1768.jpg,1528.13,6.05,3661.06,2791.15,1.0,back of a traffic sign,False,False,2428.8,mtsd-p11
Cosmos Reason2 8B,back of a traffic sign,grp7_f7f0f5bb-IMG_6628.jpeg,E:\2. UM-Student\MSC Dissertation\Urban-Vision-Benchmark\Datasets\MTSD\Prepared\MTSD-Unaugmented\MTSD-YOLO\test\images\grp7_f7f0f5bb-IMG_6628.jpeg,1233.79,1080.58,1714.61,1608.77,1.0,back of a traffic sign,False,False,2539.6,mtsd-p11
Cosmos Reason2 8B,back of a traffic sign,grp7_fb3a590f-IMG_6793.jpeg,E:\2. UM-Student\MSC Dissertation\Urban-Vision-Benchmark\Datasets\MTSD\Prepared\MTSD-Unaugmented\MTSD-YOLO\test\images\grp7_fb3a590f-IMG_6793.jpeg,1381.97,2310.34,1654.13,2653.06,1.0,back of a traffic sign,False,False,2506.5,mtsd-p11
Cosmos Reason2 8B,back of a traffic sign,grp7_ffcca6e4-IMG_6603.jpeg,E:\2. UM-Student\MSC Dissertation\Urban-Vision-Benchmark\Datasets\MTSD\Prepared\MTSD-Unaugmented\MTSD-YOLO\test\images\grp7_ffcca6e4-IMG_6603.jpeg,2794.18,2358.72,3020.98,2842.56,1.0,back of a traffic sign,False,False,2550.1,mtsd-p11
Cosmos Reason2 8B,back of a traffic sign,grp8_04258956-back.jpg,E:\2. UM-Student\MSC Dissertation\Urban-Vision-Benchmark\Datasets\MTSD\Prepared\MTSD-Unaugmented\MTSD-YOLO\test\images\grp8_04258956-back.jpg,1507.97,883.01,2326.46,1611.79,1.0,back of a traffic sign,False,False,2520.3,mtsd-p11
Cosmos Reason2 8B,back of a traffic sign,grp8_0487e0f7-front.jpg,E:\2. UM-Student\MSC Dissertation\Urban-Vision-Benchmark\Datasets\MTSD\Prepared\MTSD-Unaugmented\MTSD-YOLO\test\images\grp8_0487e0f7-front.jpg,0.0,2670.19,48.38,2736.72,1.0,back of a traffic sign,False,False,2392.0,mtsd-p11
Cosmos Reason2 8B,back of a traffic sign,grp8_06980edd-front.jpg,E:\2. UM-Student\MSC Dissertation\Urban-Vision-Benchmark\Datasets\MTSD\Prepared\MTSD-Unaugmented\MTSD-YOLO\test\images\grp8_06980edd-front.jpg,1415.23,0.0,2628.86,886.03,1.0,back of a traffic sign,False,False,2430.5,mtsd-p11
Cosmos Reason2 8B,back of a traffic sign,grp8_0ce3445a-front.jpg,E:\2. UM-Student\MSC Dissertation\Urban-Vision-Benchmark\Datasets\MTSD\Prepared\MTSD-Unaugmented\MTSD-YOLO\test\images\grp8_0ce3445a-front.jpg,816.0,1104.0,2019.0,2232.0,1.0,back of a traffic sign,False,False,3153.6,mtsd-p11
Cosmos Reason2 8B,back of a traffic sign,grp8_0d18b07a-IMG_0224.JPG,E:\2. UM-Student\MSC Dissertation\Urban-Vision-Benchmark\Datasets\MTSD\Prepared\MTSD-Unaugmented\MTSD-YOLO\test\images\grp8_0d18b07a-IMG_0224.JPG,1290.91,1949.22,4009.82,2990.23,1.0,back of a traffic sign,False,False,2589.4,mtsd-p11
Cosmos Reason2 8B,back of a traffic sign,grp8_1023d97f-front.jpg,E:\2. UM-Student\MSC Dissertation\Urban-Vision-Benchmark\Datasets\MTSD\Prepared\MTSD-Unaugmented\MTSD-YOLO\test\images\grp8_1023d97f-front.jpg,1524.1,0.0,2657.09,925.34,1.0,back of a traffic sign,False,False,2445.3,mtsd-p11
Cosmos Reason2 8B,back of a traffic sign,grp8_14aaa44c-IMG_0211.JPG,E:\2. UM-Student\MSC Dissertation\Urban-Vision-Benchmark\Datasets\MTSD\Prepared\MTSD-Unaugmented\MTSD-YOLO\test\images\grp8_14aaa44c-IMG_0211.JPG,1747.87,1045.3,3495.74,3105.9,1.0,back of a traffic sign,False,False,2602.8,mtsd-p11
Cosmos Reason2 8B,back of a traffic sign,grp8_15b9a2f4-Back.jpg,E:\2. UM-Student\MSC Dissertation\Urban-Vision-Benchmark\Datasets\MTSD\Prepared\MTSD-Unaugmented\MTSD-YOLO\test\images\grp8_15b9a2f4-Back.jpg,562.18,675.84,1730.3,1908.74,1.0,back of a traffic sign,False,False,2308.6,mtsd-p11
Cosmos Reason2 8B,back of a traffic sign,grp8_1b5dcc93-back.jpg,E:\2. UM-Student\MSC Dissertation\Urban-Vision-Benchmark\Datasets\MTSD\Prepared\MTSD-Unaugmented\MTSD-YOLO\test\images\grp8_1b5dcc93-back.jpg,571.39,831.49,1677.31,1683.46,1.0,back of a traffic sign,False,False,3966.9,mtsd-p11
Cosmos Reason2 8B,back of a traffic sign,grp8_1b5dcc93-back.jpg,E:\2. UM-Student\MSC Dissertation\Urban-Vision-Benchmark\Datasets\MTSD\Prepared\MTSD-Unaugmented\MTSD-YOLO\test\images\grp8_1b5dcc93-back.jpg,571.39,1703.94,1539.07,2609.15,1.0,back of a traffic sign,False,False,3966.9,mtsd-p11
Cosmos Reason2 8B,back of a traffic sign,grp8_1e3225cd-IMG_0085.jpg,E:\2. UM-Student\MSC Dissertation\Urban-Vision-Benchmark\Datasets\MTSD\Prepared\MTSD-Unaugmented\MTSD-YOLO\test\images\grp8_1e3225cd-IMG_0085.jpg,1268.06,931.06,2253.38,2798.88,1.0,back of a traffic sign,False,False,2591.2,mtsd-p11
Cosmos Reason2 8B,back of a traffic sign,grp8_244bea95-back.jpg,E:\2. UM-Student\MSC Dissertation\Urban-Vision-Benchmark\Datasets\MTSD\Prepared\MTSD-Unaugmented\MTSD-YOLO\test\images\grp8_244bea95-back.jpg,1665.22,737.86,2697.41,1796.26,1.0,back of a traffic sign,False,False,2527.3,mtsd-p11
Cosmos Reason2 8B,back of a traffic sign,grp8_2aed70e2-front.jpg,E:\2. UM-Student\MSC Dissertation\Urban-Vision-Benchmark\Datasets\MTSD\Prepared\MTSD-Unaugmented\MTSD-YOLO\test\images\grp8_2aed70e2-front.jpg,393.98,835.58,1852.42,1908.74,1.0,back of a traffic sign,False,False,3021.3,mtsd-p11
Cosmos Reason2 8B,back of a traffic sign,grp8_2d237c79-side.jpg,E:\2. UM-Student\MSC Dissertation\Urban-Vision-Benchmark\Datasets\MTSD\Prepared\MTSD-Unaugmented\MTSD-YOLO\test\images\grp8_2d237c79-side.jpg,3036.1,2095.63,3245.76,2727.65,1.0,back of a traffic sign,False,False,2570.3,mtsd-p11
Cosmos Reason2 8B,back of a traffic sign,grp8_2d73c181-back.jpg,E:\2. UM-Student\MSC Dissertation\Urban-Vision-Benchmark\Datasets\MTSD\Prepared\MTSD-Unaugmented\MTSD-YOLO\test\images\grp8_2d73c181-back.jpg,1455.55,834.62,2382.91,1847.66,1.0,back of a traffic sign,False,False,2533.1,mtsd-p11
Cosmos Reason2 8B,back of a traffic sign,grp8_2e0ed656-front.jpg,E:\2. UM-Student\MSC Dissertation\Urban-Vision-Benchmark\Datasets\MTSD\Prepared\MTSD-Unaugmented\MTSD-YOLO\test\images\grp8_2e0ed656-front.jpg,1213.63,1953.5,2556.29,3020.98,1.0,back of a traffic sign,False,False,2534.4,mtsd-p11
Cosmos Reason2 8B,back of a traffic sign,grp8_3799bcb2-side.jpg,E:\2. UM-Student\MSC Dissertation\Urban-Vision-Benchmark\Datasets\MTSD\Prepared\MTSD-Unaugmented\MTSD-YOLO\test\images\grp8_3799bcb2-side.jpg,1126.66,2580.48,1403.14,2822.14,1.0,back of a traffic sign,False,False,2315.2,mtsd-p11
Cosmos Reason2 8B,back of a traffic sign,grp8_3ab29317-front.jpg,E:\2. UM-Student\MSC Dissertation\Urban-Vision-Benchmark\Datasets\MTSD\Prepared\MTSD-Unaugmented\MTSD-YOLO\test\images\grp8_3ab29317-front.jpg,654.34,1368.06,1675.01,2453.5,1.0,back of a traffic sign,False,False,2330.0,mtsd-p11
Cosmos Reason2 8B,back of a traffic sign,grp8_3b4e798b-front.jpg,E:\2. UM-Student\MSC Dissertation\Urban-Vision-Benchmark\Datasets\MTSD\Prepared\MTSD-Unaugmented\MTSD-YOLO\test\images\grp8_3b4e798b-front.jpg,987.0,1708.0,1800.0,2592.0,1.0,back of a traffic sign,False,False,2537.7,mtsd-p11
Cosmos Reason2 8B,back of a traffic sign,grp8_3e16c892-IMG_0188.JPG,E:\2. UM-Student\MSC Dissertation\Urban-Vision-Benchmark\Datasets\MTSD\Prepared\MTSD-Unaugmented\MTSD-YOLO\test\images\grp8_3e16c892-IMG_0188.JPG,2507.57,1302.34,4204.03,2874.56,1.0,back of a traffic sign,False,False,2587.9,mtsd-p11
Cosmos Reason2 8B,back of a traffic sign,grp8_41de0558-Side.jpg,E:\2. UM-Student\MSC Dissertation\Urban-Vision-Benchmark\Datasets\MTSD\Prepared\MTSD-Unaugmented\MTSD-YOLO\test\images\grp8_41de0558-Side.jpg,,,,,,<no detections>,False,False,1380.4,mtsd-p11
Cosmos Reason2 8B,back of a traffic sign,grp8_4682619f-back.jpg,E:\2. UM-Student\MSC Dissertation\Urban-Vision-Benchmark\Datasets\MTSD\Prepared\MTSD-Unaugmented\MTSD-YOLO\test\images\grp8_4682619f-back.jpg,1435.39,756.0,2673.22,1856.74,1.0,back of a traffic sign,False,False,2543.4,mtsd-p11
Cosmos Reason2 8B,back of a traffic sign,grp8_4802289d-side.jpg,E:\2. UM-Student\MSC Dissertation\Urban-Vision-Benchmark\Datasets\MTSD\Prepared\MTSD-Unaugmented\MTSD-YOLO\test\images\grp8_4802289d-side.jpg,1323.0,1384.0,1656.0,2592.0,1.0,back of a traffic sign,False,False,2533.0,mtsd-p11
Cosmos Reason2 8B,back of a traffic sign,grp8_4c496fb4-side.jpg,E:\2. UM-Student\MSC Dissertation\Urban-Vision-Benchmark\Datasets\MTSD\Prepared\MTSD-Unaugmented\MTSD-YOLO\test\images\grp8_4c496fb4-side.jpg,725.76,1269.76,969.98,2314.24,1.0,back of a traffic sign,False,False,2318.7,mtsd-p11
Cosmos Reason2 8B,back of a traffic sign,grp8_4fe75feb-IMG_0243.JPG,E:\2. UM-Student\MSC Dissertation\Urban-Vision-Benchmark\Datasets\MTSD\Prepared\MTSD-Unaugmented\MTSD-YOLO\test\images\grp8_4fe75feb-IMG_0243.JPG,873.94,775.4,3467.18,3358.66,1.0,back of a traffic sign,False,False,2583.9,mtsd-p11
Cosmos Reason2 8B,back of a traffic sign,grp8_5043579c-side.jpg,E:\2. UM-Student\MSC Dissertation\Urban-Vision-Benchmark\Datasets\MTSD\Prepared\MTSD-Unaugmented\MTSD-YOLO\test\images\grp8_5043579c-side.jpg,1383.0,848.0,1932.0,2400.0,1.0,back of a traffic sign,False,False,2548.4,mtsd-p11
Cosmos Reason2 8B,back of a traffic sign,grp8_555bcf3a-front.jpg,E:\2. UM-Student\MSC Dissertation\Urban-Vision-Benchmark\Datasets\MTSD\Prepared\MTSD-Unaugmented\MTSD-YOLO\test\images\grp8_555bcf3a-front.jpg,,,,,,<no detections>,False,False,927.5,mtsd-p11
Cosmos Reason2 8B,back of a traffic sign,grp8_562e48f6-front.jpg,E:\2. UM-Student\MSC Dissertation\Urban-Vision-Benchmark\Datasets\MTSD\Prepared\MTSD-Unaugmented\MTSD-YOLO\test\images\grp8_562e48f6-front.jpg,1342.66,1702.51,2628.86,2797.2,1.0,back of a traffic sign,False,False,2531.7,mtsd-p11
Cosmos Reason2 8B,back of a traffic sign,grp8_58176912-front.jpg,E:\2. UM-Student\MSC Dissertation\Urban-Vision-Benchmark\Datasets\MTSD\Prepared\MTSD-Unaugmented\MTSD-YOLO\test\images\grp8_58176912-front.jpg,,,,,,<no detections>,False,False,1624.6,mtsd-p11
Cosmos Reason2 8B,back of a traffic sign,grp8_58621eda-IMG_0203.JPG,E:\2. UM-Student\MSC Dissertation\Urban-Vision-Benchmark\Datasets\MTSD\Prepared\MTSD-Unaugmented\MTSD-YOLO\test\images\grp8_58621eda-IMG_0203.JPG,1450.85,1165.25,3775.63,2763.18,1.0,back of a traffic sign,False,False,2623.8,mtsd-p11
Cosmos Reason2 8B,back of a traffic sign,grp8_59dbbf2e-side.jpg,E:\2. UM-Student\MSC Dissertation\Urban-Vision-Benchmark\Datasets\MTSD\Prepared\MTSD-Unaugmented\MTSD-YOLO\test\images\grp8_59dbbf2e-side.jpg,516.1,2497.82,697.54,2721.6,1.0,back of a traffic sign,False,False,2530.3,mtsd-p11
Cosmos Reason2 8B,back of a traffic sign,grp8_5abf970a-side.jpg,E:\2. UM-Student\MSC Dissertation\Urban-Vision-Benchmark\Datasets\MTSD\Prepared\MTSD-Unaugmented\MTSD-YOLO\test\images\grp8_5abf970a-side.jpg,1870.85,725.76,2249.86,2095.63,1.0,back of a traffic sign,False,False,2547.7,mtsd-p11
Cosmos Reason2 8B,back of a traffic sign,grp8_5f257ae9-IMG_0112.jpg,E:\2. UM-Student\MSC Dissertation\Urban-Vision-Benchmark\Datasets\MTSD\Prepared\MTSD-Unaugmented\MTSD-YOLO\test\images\grp8_5f257ae9-IMG_0112.jpg,1199.52,1153.82,3855.6,3935.57,1.0,back of a traffic sign,False,False,2630.7,mtsd-p11
Cosmos Reason2 8B,back of a traffic sign,grp8_646a4174-side.jpg,E:\2. UM-Student\MSC Dissertation\Urban-Vision-Benchmark\Datasets\MTSD\Prepared\MTSD-Unaugmented\MTSD-YOLO\test\images\grp8_646a4174-side.jpg,900.0,856.0,1821.0,2860.0,1.0,back of a traffic sign,False,False,2525.6,mtsd-p11
Cosmos Reason2 8B,back of a traffic sign,grp8_6b72502b-back.jpg,E:\2. UM-Student\MSC Dissertation\Urban-Vision-Benchmark\Datasets\MTSD\Prepared\MTSD-Unaugmented\MTSD-YOLO\test\images\grp8_6b72502b-back.jpg,509.18,864.26,1847.81,2269.18,1.0,back of a traffic sign,False,False,2352.4,mtsd-p11
Cosmos Reason2 8B,back of a traffic sign,grp8_70a9ea7f-side.jpg,E:\2. UM-Student\MSC Dissertation\Urban-Vision-Benchmark\Datasets\MTSD\Prepared\MTSD-Unaugmented\MTSD-YOLO\test\images\grp8_70a9ea7f-side.jpg,96.0,3704.0,303.0,3936.0,1.0,back of a traffic sign,False,False,2496.4,mtsd-p11
Cosmos Reason2 8B,back of a traffic sign,grp8_73e17aa1-back.jpg,E:\2. UM-Student\MSC Dissertation\Urban-Vision-Benchmark\Datasets\MTSD\Prepared\MTSD-Unaugmented\MTSD-YOLO\test\images\grp8_73e17aa1-back.jpg,1854.72,1170.29,2415.17,1678.32,1.0,back of a traffic sign,False,False,3257.9,mtsd-p11
Cosmos Reason2 8B,back of a traffic sign,grp8_74a729c2-IMG_0138.jpg,E:\2. UM-Student\MSC Dissertation\Urban-Vision-Benchmark\Datasets\MTSD\Prepared\MTSD-Unaugmented\MTSD-YOLO\test\images\grp8_74a729c2-IMG_0138.jpg,1160.96,862.51,3225.85,2690.35,1.0,back of a traffic sign,False,False,4183.6,mtsd-p11
Cosmos Reason2 8B,back of a traffic sign,grp8_74a729c2-IMG_0138.jpg,E:\2. UM-Student\MSC Dissertation\Urban-Vision-Benchmark\Datasets\MTSD\Prepared\MTSD-Unaugmented\MTSD-YOLO\test\images\grp8_74a729c2-IMG_0138.jpg,1160.96,2644.66,3431.48,4918.03,1.0,back of a traffic sign,False,False,4183.6,mtsd-p11
Cosmos Reason2 8B,back of a traffic sign,grp8_77233a9d-IMG_0190_Blurred.JPG,E:\2. UM-Student\MSC Dissertation\Urban-Vision-Benchmark\Datasets\MTSD\Prepared\MTSD-Unaugmented\MTSD-YOLO\test\images\grp8_77233a9d-IMG_0190_Blurred.JPG,1799.28,1547.95,2960.24,4415.38,1.0,back of a traffic sign,False,False,2582.9,mtsd-p11
Cosmos Reason2 8B,back of a traffic sign,grp8_7cc436b9-Back.jpg,E:\2. UM-Student\MSC Dissertation\Urban-Vision-Benchmark\Datasets\MTSD\Prepared\MTSD-Unaugmented\MTSD-YOLO\test\images\grp8_7cc436b9-Back.jpg,665.86,1007.62,1753.34,2002.94,1.0,back of a traffic sign,False,False,2311.8,mtsd-p11
Cosmos Reason2 8B,back of a traffic sign,grp8_838e07cd-IMG_0097.jpg,E:\2. UM-Student\MSC Dissertation\Urban-Vision-Benchmark\Datasets\MTSD\Prepared\MTSD-Unaugmented\MTSD-YOLO\test\images\grp8_838e07cd-IMG_0097.jpg,998.17,1148.11,2994.52,2770.32,1.0,back of a traffic sign,False,False,2603.9,mtsd-p11
Cosmos Reason2 8B,back of a traffic sign,grp8_87d39243-IMG_0210.JPG,E:\2. UM-Student\MSC Dissertation\Urban-Vision-Benchmark\Datasets\MTSD\Prepared\MTSD-Unaugmented\MTSD-YOLO\test\images\grp8_87d39243-IMG_0210.JPG,1964.93,1113.84,3632.83,3191.58,1.0,back of a traffic sign,False,False,2586.0,mtsd-p11
Cosmos Reason2 8B,back of a traffic sign,grp8_8bd74996-side.jpg,E:\2. UM-Student\MSC Dissertation\Urban-Vision-Benchmark\Datasets\MTSD\Prepared\MTSD-Unaugmented\MTSD-YOLO\test\images\grp8_8bd74996-side.jpg,1891.01,961.63,2161.15,1814.4,1.0,back of a traffic sign,False,False,2554.2,mtsd-p11
Cosmos Reason2 8B,back of a traffic sign,grp8_8dc5354c-IMG_0141.JPG,E:\2. UM-Student\MSC Dissertation\Urban-Vision-Benchmark\Datasets\MTSD\Prepared\MTSD-Unaugmented\MTSD-YOLO\test\images\grp8_8dc5354c-IMG_0141.JPG,1422.29,1160.96,3004.51,3123.04,1.0,back of a traffic sign,False,False,2589.1,mtsd-p11
Cosmos Reason2 8B,back of a traffic sign,grp8_8e544be4-side.jpg,E:\2. UM-Student\MSC Dissertation\Urban-Vision-Benchmark\Datasets\MTSD\Prepared\MTSD-Unaugmented\MTSD-YOLO\test\images\grp8_8e544be4-side.jpg,1545.0,1036.0,1956.0,2144.0,1.0,back of a traffic sign,False,False,3280.3,mtsd-p11
Cosmos Reason2 8B,back of a traffic sign,grp8_8edb630b-IMG_0208.JPG,E:\2. UM-Student\MSC Dissertation\Urban-Vision-Benchmark\Datasets\MTSD\Prepared\MTSD-Unaugmented\MTSD-YOLO\test\images\grp8_8edb630b-IMG_0208.JPG,1896.38,1130.98,3375.79,3028.79,1.0,back of a traffic sign,False,False,2629.9,mtsd-p11
Cosmos Reason2 8B,back of a traffic sign,grp8_8ff667a0-IMG_0209.JPG,E:\2. UM-Student\MSC Dissertation\Urban-Vision-Benchmark\Datasets\MTSD\Prepared\MTSD-Unaugmented\MTSD-YOLO\test\images\grp8_8ff667a0-IMG_0209.JPG,1713.6,1790.71,3752.78,2788.88,1.0,back of a traffic sign,False,False,2654.1,mtsd-p11
Cosmos Reason2 8B,back of a traffic sign,grp8_9a101d8f-side.jpg,E:\2. UM-Student\MSC Dissertation\Urban-Vision-Benchmark\Datasets\MTSD\Prepared\MTSD-Unaugmented\MTSD-YOLO\test\images\grp8_9a101d8f-side.jpg,1293.0,416.0,1710.0,2208.0,1.0,back of a traffic sign,False,False,2547.0,mtsd-p11
Cosmos Reason2 8B,back of a traffic sign,grp8_9f69e083-Front.jpg,E:\2. UM-Student\MSC Dissertation\Urban-Vision-Benchmark\Datasets\MTSD\Prepared\MTSD-Unaugmented\MTSD-YOLO\test\images\grp8_9f69e083-Front.jpg,942.34,1687.55,1428.48,2170.88,1.0,back of a traffic sign,False,False,2374.1,mtsd-p11
Cosmos Reason2 8B,back of a traffic sign,grp8_a27e76cc-back.jpg,E:\2. UM-Student\MSC Dissertation\Urban-Vision-Benchmark\Datasets\MTSD\Prepared\MTSD-Unaugmented\MTSD-YOLO\test\images\grp8_a27e76cc-back.jpg,942.0,1336.0,2088.0,2260.0,1.0,back of a traffic sign,False,False,2520.0,mtsd-p11
Cosmos Reason2 8B,back of a traffic sign,grp8_aa3bff09-side.jpg,E:\2. UM-Student\MSC Dissertation\Urban-Vision-Benchmark\Datasets\MTSD\Prepared\MTSD-Unaugmented\MTSD-YOLO\test\images\grp8_aa3bff09-side.jpg,1029.89,1028.1,1370.88,2060.29,1.0,back of a traffic sign,False,False,2354.5,mtsd-p11
Cosmos Reason2 8B,back of a traffic sign,grp8_aafe9a1b-front.jpg,E:\2. UM-Student\MSC Dissertation\Urban-Vision-Benchmark\Datasets\MTSD\Prepared\MTSD-Unaugmented\MTSD-YOLO\test\images\grp8_aafe9a1b-front.jpg,387.0,1172.0,1107.0,3996.0,1.0,back of a traffic sign,False,False,2530.3,mtsd-p11
Cosmos Reason2 8B,back of a traffic sign,grp8_ad4861cb-back.jpg,E:\2. UM-Student\MSC Dissertation\Urban-Vision-Benchmark\Datasets\MTSD\Prepared\MTSD-Unaugmented\MTSD-YOLO\test\images\grp8_ad4861cb-back.jpg,1536.19,831.6,2612.74,1823.47,1.0,back of a traffic sign,False,False,4899.1,mtsd-p11
Cosmos Reason2 8B,back of a traffic sign,grp8_ad4861cb-back.jpg,E:\2. UM-Student\MSC Dissertation\Urban-Vision-Benchmark\Datasets\MTSD\Prepared\MTSD-Unaugmented\MTSD-YOLO\test\images\grp8_ad4861cb-back.jpg,1564.42,1657.15,2302.27,2461.54,1.0,back of a traffic sign,False,False,4899.1,mtsd-p11
Cosmos Reason2 8B,back of a traffic sign,grp8_aeadaf7d-Side.jpg,E:\2. UM-Student\MSC Dissertation\Urban-Vision-Benchmark\Datasets\MTSD\Prepared\MTSD-Unaugmented\MTSD-YOLO\test\images\grp8_aeadaf7d-Side.jpg,762.62,724.99,1433.09,2191.36,1.0,back of a traffic sign,False,False,2373.0,mtsd-p11
Cosmos Reason2 8B,back of a traffic sign,grp8_aec35ad8-back.jpg,E:\2. UM-Student\MSC Dissertation\Urban-Vision-Benchmark\Datasets\MTSD\Prepared\MTSD-Unaugmented\MTSD-YOLO\test\images\grp8_aec35ad8-back.jpg,1024.13,1865.81,2866.75,2491.78,1.0,back of a traffic sign,False,False,2530.6,mtsd-p11
Cosmos Reason2 8B,back of a traffic sign,grp8_b1123daa-front.jpg,E:\2. UM-Student\MSC Dissertation\Urban-Vision-Benchmark\Datasets\MTSD\Prepared\MTSD-Unaugmented\MTSD-YOLO\test\images\grp8_b1123daa-front.jpg,605.95,1400.83,1780.99,2445.31,1.0,back of a traffic sign,False,False,2332.1,mtsd-p11
Cosmos Reason2 8B,back of a traffic sign,grp8_b6ae6e3d-back.jpg,E:\2. UM-Student\MSC Dissertation\Urban-Vision-Benchmark\Datasets\MTSD\Prepared\MTSD-Unaugmented\MTSD-YOLO\test\images\grp8_b6ae6e3d-back.jpg,942.0,1532.0,2094.0,2660.0,1.0,back of a traffic sign,False,False,2528.4,mtsd-p11
Cosmos Reason2 8B,back of a traffic sign,grp8_b9028e28-side.jpg,E:\2. UM-Student\MSC Dissertation\Urban-Vision-Benchmark\Datasets\MTSD\Prepared\MTSD-Unaugmented\MTSD-YOLO\test\images\grp8_b9028e28-side.jpg,799.49,1552.38,1771.78,2658.3,1.0,back of a traffic sign,False,False,2369.9,mtsd-p11
Cosmos Reason2 8B,back of a traffic sign,grp8_c01f5341-IMG_0123.jpg,E:\2. UM-Student\MSC Dissertation\Urban-Vision-Benchmark\Datasets\MTSD\Prepared\MTSD-Unaugmented\MTSD-YOLO\test\images\grp8_c01f5341-IMG_0123.jpg,1816.42,965.33,2814.59,2964.53,1.0,back of a traffic sign,False,False,2609.2,mtsd-p11
Cosmos Reason2 8B,back of a traffic sign,grp8_c89fb86b-IMG_0117.jpg,E:\2. UM-Student\MSC Dissertation\Urban-Vision-Benchmark\Datasets\MTSD\Prepared\MTSD-Unaugmented\MTSD-YOLO\test\images\grp8_c89fb86b-IMG_0117.jpg,1872.11,1445.14,2514.71,3410.06,1.0,back of a traffic sign,False,False,2628.7,mtsd-p11
Cosmos Reason2 8B,back of a traffic sign,grp8_c96fcc1a-IMG_0217.JPG,E:\2. UM-Student\MSC Dissertation\Urban-Vision-Benchmark\Datasets\MTSD\Prepared\MTSD-Unaugmented\MTSD-YOLO\test\images\grp8_c96fcc1a-IMG_0217.JPG,2033.47,1456.56,3267.26,2617.52,1.0,back of a traffic sign,False,False,3318.3,mtsd-p11
Cosmos Reason2 8B,back of a traffic sign,grp8_d8a4fa9b-front.jpg,E:\2. UM-Student\MSC Dissertation\Urban-Vision-Benchmark\Datasets\MTSD\Prepared\MTSD-Unaugmented\MTSD-YOLO\test\images\grp8_d8a4fa9b-front.jpg,1701.5,544.32,2673.22,1672.27,1.0,back of a traffic sign,False,False,2574.6,mtsd-p11
Cosmos Reason2 8B,back of a traffic sign,grp8_d8e91d56-side.jpg,E:\2. UM-Student\MSC Dissertation\Urban-Vision-Benchmark\Datasets\MTSD\Prepared\MTSD-Unaugmented\MTSD-YOLO\test\images\grp8_d8e91d56-side.jpg,1794.24,876.96,2060.35,1787.18,1.0,back of a traffic sign,False,False,2517.9,mtsd-p11
Cosmos Reason2 8B,back of a traffic sign,grp8_dd88f02c-IMG_0092.jpg,E:\2. UM-Student\MSC Dissertation\Urban-Vision-Benchmark\Datasets\MTSD\Prepared\MTSD-Unaugmented\MTSD-YOLO\test\images\grp8_dd88f02c-IMG_0092.jpg,1683.61,1576.51,2737.48,3689.95,1.0,back of a traffic sign,False,False,2614.0,mtsd-p11
Cosmos Reason2 8B,back of a traffic sign,grp8_ea4926f3-side.jpg,E:\2. UM-Student\MSC Dissertation\Urban-Vision-Benchmark\Datasets\MTSD\Prepared\MTSD-Unaugmented\MTSD-YOLO\test\images\grp8_ea4926f3-side.jpg,1125.0,752.0,1962.0,2476.0,1.0,back of a traffic sign,False,False,2518.9,mtsd-p11
Cosmos Reason2 8B,back of a traffic sign,grp8_ebf4ab1a-IMG_0198.JPG,E:\2. UM-Student\MSC Dissertation\Urban-Vision-Benchmark\Datasets\MTSD\Prepared\MTSD-Unaugmented\MTSD-YOLO\test\images\grp8_ebf4ab1a-IMG_0198.JPG,1593.65,1328.04,3615.7,2960.24,1.0,back of a traffic sign,False,False,2596.4,mtsd-p11
Cosmos Reason2 8B,back of a traffic sign,grp8_edb6fab3-IMG_0189.JPG,E:\2. UM-Student\MSC Dissertation\Urban-Vision-Benchmark\Datasets\MTSD\Prepared\MTSD-Unaugmented\MTSD-YOLO\test\images\grp8_edb6fab3-IMG_0189.JPG,3427.2,989.6,4603.87,3478.61,1.0,back of a traffic sign,False,False,2621.1,mtsd-p11
Cosmos Reason2 8B,back of a traffic sign,grp8_f07ed5ce-Side.jpg,E:\2. UM-Student\MSC Dissertation\Urban-Vision-Benchmark\Datasets\MTSD\Prepared\MTSD-Unaugmented\MTSD-YOLO\test\images\grp8_f07ed5ce-Side.jpg,905.47,1130.5,1451.52,2375.68,1.0,back of a traffic sign,False,False,2325.2,mtsd-p11
Cosmos Reason2 8B,back of a traffic sign,grp8_f3e45a2c-front.jpg,E:\2. UM-Student\MSC Dissertation\Urban-Vision-Benchmark\Datasets\MTSD\Prepared\MTSD-Unaugmented\MTSD-YOLO\test\images\grp8_f3e45a2c-front.jpg,1011.46,1495.04,1492.99,2232.32,1.0,back of a traffic sign,False,False,3053.7,mtsd-p11
Cosmos Reason2 8B,back of a traffic sign,grp8_f5d48b4c-front.jpg,E:\2. UM-Student\MSC Dissertation\Urban-Vision-Benchmark\Datasets\MTSD\Prepared\MTSD-Unaugmented\MTSD-YOLO\test\images\grp8_f5d48b4c-front.jpg,1568.45,1019.09,2620.8,1992.82,1.0,back of a traffic sign,False,False,2564.9,mtsd-p11
Cosmos Reason2 8B,back of a traffic sign,grp8_fc124a5b-Back.jpg,E:\2. UM-Student\MSC Dissertation\Urban-Vision-Benchmark\Datasets\MTSD\Prepared\MTSD-Unaugmented\MTSD-YOLO\test\images\grp8_fc124a5b-Back.jpg,769.54,1372.16,1760.26,2371.58,1.0,back of a traffic sign,False,False,2415.7,mtsd-p11
Cosmos Reason2 8B,back of a traffic sign,grp8_fc6650ab-front.jpg,E:\2. UM-Student\MSC Dissertation\Urban-Vision-Benchmark\Datasets\MTSD\Prepared\MTSD-Unaugmented\MTSD-YOLO\test\images\grp8_fc6650ab-front.jpg,103.68,856.06,1771.78,2056.19,1.0,back of a traffic sign,False,False,2294.9,mtsd-p11
Cosmos Reason2 8B,back of a traffic sign,grp9_00e70ac4-IMG_20251111_140913.jpg,E:\2. UM-Student\MSC Dissertation\Urban-Vision-Benchmark\Datasets\MTSD\Prepared\MTSD-Unaugmented\MTSD-YOLO\test\images\grp9_00e70ac4-IMG_20251111_140913.jpg,0.0,2724.0,348.0,3492.0,1.0,back of a traffic sign,False,False,2461.7,mtsd-p11
Cosmos Reason2 8B,back of a traffic sign,grp9_01e24ee9-IMG_20251106_145403.jpg,E:\2. UM-Student\MSC Dissertation\Urban-Vision-Benchmark\Datasets\MTSD\Prepared\MTSD-Unaugmented\MTSD-YOLO\test\images\grp9_01e24ee9-IMG_20251106_145403.jpg,1367.04,856.06,1809.41,2109.44,1.0,back of a traffic sign,False,False,4143.6,mtsd-p11
Cosmos Reason2 8B,back of a traffic sign,grp9_01e24ee9-IMG_20251106_145403.jpg,E:\2. UM-Student\MSC Dissertation\Urban-Vision-Benchmark\Datasets\MTSD\Prepared\MTSD-Unaugmented\MTSD-YOLO\test\images\grp9_01e24ee9-IMG_20251106_145403.jpg,1367.04,1748.99,1717.25,2981.89,1.0,back of a traffic sign,False,False,4143.6,mtsd-p11
Cosmos Reason2 8B,back of a traffic sign,grp9_01ed8620-IMG_20251111_162316.jpg,E:\2. UM-Student\MSC Dissertation\Urban-Vision-Benchmark\Datasets\MTSD\Prepared\MTSD-Unaugmented\MTSD-YOLO\test\images\grp9_01ed8620-IMG_20251111_162316.jpg,852.0,1588.0,1197.0,2048.0,1.0,back of a traffic sign,False,False,2563.0,mtsd-p11
Cosmos Reason2 8B,back of a traffic sign,grp9_04c8a7cf-IMG_20251211_162331.jpg,E:\2. UM-Student\MSC Dissertation\Urban-Vision-Benchmark\Datasets\MTSD\Prepared\MTSD-Unaugmented\MTSD-YOLO\test\images\grp9_04c8a7cf-IMG_20251211_162331.jpg,1404.54,2060.4,2047.14,2688.72,1.0,back of a traffic sign,False,False,2547.1,mtsd-p11
Cosmos Reason2 8B,back of a traffic sign,grp9_0ee59f09-M8_side.jpg,E:\2. UM-Student\MSC Dissertation\Urban-Vision-Benchmark\Datasets\MTSD\Prepared\MTSD-Unaugmented\MTSD-YOLO\test\images\grp9_0ee59f09-M8_side.jpg,1506.0,1848.0,1737.0,2996.0,1.0,back of a traffic sign,False,False,3151.7,mtsd-p11
Cosmos Reason2 8B,back of a traffic sign,grp9_109ae844-20251122_134645.jpg,E:\2. UM-Student\MSC Dissertation\Urban-Vision-Benchmark\Datasets\MTSD\Prepared\MTSD-Unaugmented\MTSD-YOLO\test\images\grp9_109ae844-20251122_134645.jpg,1251.0,1432.0,1359.0,1724.0,1.0,back of a traffic sign,False,False,2510.2,mtsd-p11
Cosmos Reason2 8B,back of a traffic sign,grp9_10b6edc4-IMG_20251112_160648.jpg,E:\2. UM-Student\MSC Dissertation\Urban-Vision-Benchmark\Datasets\MTSD\Prepared\MTSD-Unaugmented\MTSD-YOLO\test\images\grp9_10b6edc4-IMG_20251112_160648.jpg,1138.32,1154.64,2649.96,2558.16,1.0,back of a traffic sign,False,False,2558.1,mtsd-p11
Cosmos Reason2 8B,back of a traffic sign,grp9_14b6af7e-IMG_20251106_142858.jpg,E:\2. UM-Student\MSC Dissertation\Urban-Vision-Benchmark\Datasets\MTSD\Prepared\MTSD-Unaugmented\MTSD-YOLO\test\images\grp9_14b6af7e-IMG_20251106_142858.jpg,1084.16,1003.68,4178.94,4067.2,1.0,back of a traffic sign,False,False,2667.0,mtsd-p11
Cosmos Reason2 8B,back of a traffic sign,grp9_1792c5c3-WhatsApp_Image_2026-01-03_at_18.45.37.jpeg,E:\2. UM-Student\MSC Dissertation\Urban-Vision-Benchmark\Datasets\MTSD\Prepared\MTSD-Unaugmented\MTSD-YOLO\test\images\grp9_1792c5c3-WhatsApp_Image_2026-01-03_at_18.45.37.jpeg,489.6,804.8,860.4,1148.8,1.0,back of a traffic sign,False,False,2502.5,mtsd-p11
Cosmos Reason2 8B,back of a traffic sign,grp9_1f50c9e9-WhatsApp_Image_2026-01-01_at_18.13.18.jpeg,E:\2. UM-Student\MSC Dissertation\Urban-Vision-Benchmark\Datasets\MTSD\Prepared\MTSD-Unaugmented\MTSD-YOLO\test\images\grp9_1f50c9e9-WhatsApp_Image_2026-01-01_at_18.13.18.jpeg,801.79,1161.22,1004.54,1388.54,1.0,back of a traffic sign,False,False,2473.1,mtsd-p11
Cosmos Reason2 8B,back of a traffic sign,grp9_21d58e17-S3_back.jpg,E:\2. UM-Student\MSC Dissertation\Urban-Vision-Benchmark\Datasets\MTSD\Prepared\MTSD-Unaugmented\MTSD-YOLO\test\images\grp9_21d58e17-S3_back.jpg,678.0,1272.0,1140.0,1724.0,1.0,back of a traffic sign,False,False,2561.8,mtsd-p11
Cosmos Reason2 8B,back of a traffic sign,grp9_24a6f4e2-20251122_141915.jpg,E:\2. UM-Student\MSC Dissertation\Urban-Vision-Benchmark\Datasets\MTSD\Prepared\MTSD-Unaugmented\MTSD-YOLO\test\images\grp9_24a6f4e2-20251122_141915.jpg,1044.0,2068.0,1197.0,2244.0,1.0,back of a traffic sign,False,False,2540.3,mtsd-p11
Cosmos Reason2 8B,back of a traffic sign,grp9_29bd496f-IMG_20251106_153126.jpg,E:\2. UM-Student\MSC Dissertation\Urban-Vision-Benchmark\Datasets\MTSD\Prepared\MTSD-Unaugmented\MTSD-YOLO\test\images\grp9_29bd496f-IMG_20251106_153126.jpg,1305.0,1488.0,1437.0,2228.0,1.0,back of a traffic sign,False,False,3261.8,mtsd-p11
Cosmos Reason2 8B,back of a traffic sign,grp9_2c12e74f-IMG_20251106_141727.jpg,E:\2. UM-Student\MSC Dissertation\Urban-Vision-Benchmark\Datasets\MTSD\Prepared\MTSD-Unaugmented\MTSD-YOLO\test\images\grp9_2c12e74f-IMG_20251106_141727.jpg,1477.63,1429.1,1677.31,4028.93,1.0,back of a traffic sign,False,False,2594.9,mtsd-p11
Cosmos Reason2 8B,back of a traffic sign,grp9_31a93fb3-20251122_141601.jpg,E:\2. UM-Student\MSC Dissertation\Urban-Vision-Benchmark\Datasets\MTSD\Prepared\MTSD-Unaugmented\MTSD-YOLO\test\images\grp9_31a93fb3-20251122_141601.jpg,0.0,2572.0,96.0,3800.0,1.0,back of a traffic sign,False,False,2417.3,mtsd-p11
Cosmos Reason2 8B,back of a traffic sign,grp9_3724af9d-IMG_20251106_144506.jpg,E:\2. UM-Student\MSC Dissertation\Urban-Vision-Benchmark\Datasets\MTSD\Prepared\MTSD-Unaugmented\MTSD-YOLO\test\images\grp9_3724af9d-IMG_20251106_144506.jpg,,,,,,<no detections>,False,False,938.5,mtsd-p11
Cosmos Reason2 8B,back of a traffic sign,grp9_37f0c8a3-IMG_20251111_162207.jpg,E:\2. UM-Student\MSC Dissertation\Urban-Vision-Benchmark\Datasets\MTSD\Prepared\MTSD-Unaugmented\MTSD-YOLO\test\images\grp9_37f0c8a3-IMG_20251111_162207.jpg,1539.0,1832.0,1626.0,2420.0,1.0,back of a traffic sign,False,False,2563.4,mtsd-p11
Cosmos Reason2 8B,back of a traffic sign,grp9_3cb31cc9-IMG_20251106_141426.jpg,E:\2. UM-Student\MSC Dissertation\Urban-Vision-Benchmark\Datasets\MTSD\Prepared\MTSD-Unaugmented\MTSD-YOLO\test\images\grp9_3cb31cc9-IMG_20251106_141426.jpg,820.22,1560.96,2334.72,3011.3,1.0,back of a traffic sign,False,False,2579.1,mtsd-p11
Cosmos Reason2 8B,back of a traffic sign,grp9_42edbee1-IMG_20251210_142157.jpg,E:\2. UM-Student\MSC Dissertation\Urban-Vision-Benchmark\Datasets\MTSD\Prepared\MTSD-Unaugmented\MTSD-YOLO\test\images\grp9_42edbee1-IMG_20251210_142157.jpg,1279.08,2003.28,1875.78,2505.12,1.0,back of a traffic sign,False,False,2554.0,mtsd-p11
Cosmos Reason2 8B,back of a traffic sign,grp9_4319ca3a-WhatsApp_Image_2026-01-03_at_18.45.41.jpeg,E:\2. UM-Student\MSC Dissertation\Urban-Vision-Benchmark\Datasets\MTSD\Prepared\MTSD-Unaugmented\MTSD-YOLO\test\images\grp9_4319ca3a-WhatsApp_Image_2026-01-03_at_18.45.41.jpeg,674.4,542.4,771.6,884.8,1.0,back of a traffic sign,False,False,2491.9,mtsd-p11
Cosmos Reason2 8B,back of a traffic sign,grp9_441ca6d9-WhatsApp_Image_2026-01-03_at_18.45.36_2.jpeg,E:\2. UM-Student\MSC Dissertation\Urban-Vision-Benchmark\Datasets\MTSD\Prepared\MTSD-Unaugmented\MTSD-YOLO\test\images\grp9_441ca6d9-WhatsApp_Image_2026-01-03_at_18.45.36_2.jpeg,406.8,664.0,500.4,1596.8,1.0,back of a traffic sign,False,False,3122.6,mtsd-p11
Cosmos Reason2 8B,back of a traffic sign,grp9_44654df9-WhatsApp_Image_2026-01-03_at_18.45.36_3.jpeg,E:\2. UM-Student\MSC Dissertation\Urban-Vision-Benchmark\Datasets\MTSD\Prepared\MTSD-Unaugmented\MTSD-YOLO\test\images\grp9_44654df9-WhatsApp_Image_2026-01-03_at_18.45.36_3.jpeg,534.0,715.2,832.8,968.0,1.0,back of a traffic sign,False,False,2480.8,mtsd-p11
Cosmos Reason2 8B,back of a traffic sign,grp9_48f9d230-IMG_20251112_155513.jpg,E:\2. UM-Student\MSC Dissertation\Urban-Vision-Benchmark\Datasets\MTSD\Prepared\MTSD-Unaugmented\MTSD-YOLO\test\images\grp9_48f9d230-IMG_20251112_155513.jpg,755.82,1860.48,1276.02,2374.56,1.0,back of a traffic sign,False,False,2609.9,mtsd-p11
Cosmos Reason2 8B,back of a traffic sign,grp9_4a9c7d83-IMG_20251111_143857.jpg,E:\2. UM-Student\MSC Dissertation\Urban-Vision-Benchmark\Datasets\MTSD\Prepared\MTSD-Unaugmented\MTSD-YOLO\test\images\grp9_4a9c7d83-IMG_20251111_143857.jpg,2847.0,2196.0,2997.0,2484.0,1.0,back of a traffic sign,False,False,2564.2,mtsd-p11
Cosmos Reason2 8B,back of a traffic sign,grp9_4d9da647-IMG_20251112_160636.jpg,E:\2. UM-Student\MSC Dissertation\Urban-Vision-Benchmark\Datasets\MTSD\Prepared\MTSD-Unaugmented\MTSD-YOLO\test\images\grp9_4d9da647-IMG_20251112_160636.jpg,865.98,1452.12,1735.02,2292.4,1.0,back of a traffic sign,False,False,2571.7,mtsd-p11
Cosmos Reason2 8B,back of a traffic sign,grp9_561ba1c4-IMG_20251111_162044.jpg,E:\2. UM-Student\MSC Dissertation\Urban-Vision-Benchmark\Datasets\MTSD\Prepared\MTSD-Unaugmented\MTSD-YOLO\test\images\grp9_561ba1c4-IMG_20251111_162044.jpg,918.0,2664.0,1155.0,2832.0,1.0,back of a traffic sign,False,False,2793.9,mtsd-p11
Cosmos Reason2 8B,back of a traffic sign,grp9_58c8b920-IMG_20251106_153249.jpg,E:\2. UM-Student\MSC Dissertation\Urban-Vision-Benchmark\Datasets\MTSD\Prepared\MTSD-Unaugmented\MTSD-YOLO\test\images\grp9_58c8b920-IMG_20251106_153249.jpg,1072.13,1900.54,2076.67,2486.27,1.0,back of a traffic sign,False,False,2669.0,mtsd-p11
Cosmos Reason2 8B,back of a traffic sign,grp9_5b67e831-IMG_20251106_155530.jpg,E:\2. UM-Student\MSC Dissertation\Urban-Vision-Benchmark\Datasets\MTSD\Prepared\MTSD-Unaugmented\MTSD-YOLO\test\images\grp9_5b67e831-IMG_20251106_155530.jpg,873.0,1812.0,1917.0,2812.0,1.0,back of a traffic sign,False,False,2605.6,mtsd-p11
Cosmos Reason2 8B,back of a traffic sign,grp9_636a2125-IMG_20251111_155635.jpg,E:\2. UM-Student\MSC Dissertation\Urban-Vision-Benchmark\Datasets\MTSD\Prepared\MTSD-Unaugmented\MTSD-YOLO\test\images\grp9_636a2125-IMG_20251111_155635.jpg,1335.0,1528.0,1938.0,2036.0,1.0,back of a traffic sign,False,False,3216.0,mtsd-p11
Cosmos Reason2 8B,back of a traffic sign,grp9_673470fc-IMG_20251111_160954.jpg,E:\2. UM-Student\MSC Dissertation\Urban-Vision-Benchmark\Datasets\MTSD\Prepared\MTSD-Unaugmented\MTSD-YOLO\test\images\grp9_673470fc-IMG_20251111_160954.jpg,2643.0,2172.0,2742.0,2420.0,1.0,back of a traffic sign,False,False,2613.9,mtsd-p11
Cosmos Reason2 8B,back of a traffic sign,grp9_6867b383-IMG_20251111_160020.jpg,E:\2. UM-Student\MSC Dissertation\Urban-Vision-Benchmark\Datasets\MTSD\Prepared\MTSD-Unaugmented\MTSD-YOLO\test\images\grp9_6867b383-IMG_20251111_160020.jpg,1263.0,1692.0,1725.0,2144.0,1.0,back of a traffic sign,False,False,2583.9,mtsd-p11
Cosmos Reason2 8B,back of a traffic sign,grp9_6ad958e6-IMG_20251112_155635.jpg,E:\2. UM-Student\MSC Dissertation\Urban-Vision-Benchmark\Datasets\MTSD\Prepared\MTSD-Unaugmented\MTSD-YOLO\test\images\grp9_6ad958e6-IMG_20251112_155635.jpg,1230.12,1268.88,1710.54,2150.16,1.0,back of a traffic sign,False,False,2598.0,mtsd-p11
Cosmos Reason2 8B,back of a traffic sign,grp9_6adfb65e-WhatsApp_Image_2026-01-01_at_18.13.00_2.jpeg,E:\2. UM-Student\MSC Dissertation\Urban-Vision-Benchmark\Datasets\MTSD\Prepared\MTSD-Unaugmented\MTSD-YOLO\test\images\grp9_6adfb65e-WhatsApp_Image_2026-01-01_at_18.13.00_2.jpeg,1113.6,1439.74,1164.29,1521.66,1.0,back of a traffic sign,False,False,2545.2,mtsd-p11
Cosmos Reason2 8B,back of a traffic sign,grp9_6e84abf6-IMG_20251106_145409.jpg,E:\2. UM-Student\MSC Dissertation\Urban-Vision-Benchmark\Datasets\MTSD\Prepared\MTSD-Unaugmented\MTSD-YOLO\test\images\grp9_6e84abf6-IMG_20251106_145409.jpg,1004.54,1056.77,2334.72,1957.89,1.0,back of a traffic sign,False,False,2611.9,mtsd-p11
Cosmos Reason2 8B,back of a traffic sign,grp9_73c5c90a-IMG_20251106_152941.jpg,E:\2. UM-Student\MSC Dissertation\Urban-Vision-Benchmark\Datasets\MTSD\Prepared\MTSD-Unaugmented\MTSD-YOLO\test\images\grp9_73c5c90a-IMG_20251106_152941.jpg,1395.0,864.0,1518.0,2240.0,1.0,back of a traffic sign,False,False,2610.7,mtsd-p11
Cosmos Reason2 8B,back of a traffic sign,grp9_76700fa1-IMG_20251111_162238.jpg,E:\2. UM-Student\MSC Dissertation\Urban-Vision-Benchmark\Datasets\MTSD\Prepared\MTSD-Unaugmented\MTSD-YOLO\test\images\grp9_76700fa1-IMG_20251111_162238.jpg,1461.0,1572.0,1893.0,1932.0,1.0,back of a traffic sign,False,False,2573.2,mtsd-p11
Cosmos Reason2 8B,back of a traffic sign,grp9_7b22f970-IMG_20251106_152243.jpg,E:\2. UM-Student\MSC Dissertation\Urban-Vision-Benchmark\Datasets\MTSD\Prepared\MTSD-Unaugmented\MTSD-YOLO\test\images\grp9_7b22f970-IMG_20251106_152243.jpg,1539.0,2852.0,2997.0,3996.0,1.0,back of a traffic sign,False,False,3296.8,mtsd-p11
Cosmos Reason2 8B,back of a traffic sign,grp9_7d690022-WhatsApp_Image_2026-01-03_at_18.45.17_5.jpeg,E:\2. UM-Student\MSC Dissertation\Urban-Vision-Benchmark\Datasets\MTSD\Prepared\MTSD-Unaugmented\MTSD-YOLO\test\images\grp9_7d690022-WhatsApp_Image_2026-01-03_at_18.45.17_5.jpeg,621.6,276.8,720.0,708.8,1.0,back of a traffic sign,False,False,2472.4,mtsd-p11
Cosmos Reason2 8B,back of a traffic sign,grp9_815852c2-IMG_20251112_155220.jpg,E:\2. UM-Student\MSC Dissertation\Urban-Vision-Benchmark\Datasets\MTSD\Prepared\MTSD-Unaugmented\MTSD-YOLO\test\images\grp9_815852c2-IMG_20251112_155220.jpg,459.0,2378.64,737.46,2525.52,1.0,back of a traffic sign,False,False,2707.5,mtsd-p11
Cosmos Reason2 8B,back of a traffic sign,grp9_91c9ea8f-IMG_20251112_162243.jpg,E:\2. UM-Student\MSC Dissertation\Urban-Vision-Benchmark\Datasets\MTSD\Prepared\MTSD-Unaugmented\MTSD-YOLO\test\images\grp9_91c9ea8f-IMG_20251112_162243.jpg,1171.98,1652.4,1658.52,2093.04,1.0,back of a traffic sign,False,False,2570.1,mtsd-p11
Cosmos Reason2 8B,back of a traffic sign,grp9_93cceec3-IMG_20251112_162528.jpg,E:\2. UM-Student\MSC Dissertation\Urban-Vision-Benchmark\Datasets\MTSD\Prepared\MTSD-Unaugmented\MTSD-YOLO\test\images\grp9_93cceec3-IMG_20251112_162528.jpg,982.26,722.16,2665.26,2443.92,1.0,back of a traffic sign,False,False,2605.9,mtsd-p11
Cosmos Reason2 8B,back of a traffic sign,grp9_a133d565-WhatsApp_Image_2026-01-01_at_18.13.09.jpeg,E:\2. UM-Student\MSC Dissertation\Urban-Vision-Benchmark\Datasets\MTSD\Prepared\MTSD-Unaugmented\MTSD-YOLO\test\images\grp9_a133d565-WhatsApp_Image_2026-01-01_at_18.13.09.jpeg,600.58,1060.86,784.9,1249.28,1.0,back of a traffic sign,False,False,2483.3,mtsd-p11
Cosmos Reason2 8B,back of a traffic sign,grp9_a3c63c83-IMG_20251112_162857.jpg,E:\2. UM-Student\MSC Dissertation\Urban-Vision-Benchmark\Datasets\MTSD\Prepared\MTSD-Unaugmented\MTSD-YOLO\test\images\grp9_a3c63c83-IMG_20251112_162857.jpg,1297.44,1179.12,1725.84,2003.28,1.0,back of a traffic sign,False,False,2603.5,mtsd-p11
Cosmos Reason2 8B,back of a traffic sign,grp9_a6b8460c-20251122_140515.jpg,E:\2. UM-Student\MSC Dissertation\Urban-Vision-Benchmark\Datasets\MTSD\Prepared\MTSD-Unaugmented\MTSD-YOLO\test\images\grp9_a6b8460c-20251122_140515.jpg,2940.0,1668.0,2997.0,1892.0,1.0,back of a traffic sign,False,False,2560.0,mtsd-p11
Cosmos Reason2 8B,back of a traffic sign,grp9_a745c9e2-IMG_20251106_152554.jpg,E:\2. UM-Student\MSC Dissertation\Urban-Vision-Benchmark\Datasets\MTSD\Prepared\MTSD-Unaugmented\MTSD-YOLO\test\images\grp9_a745c9e2-IMG_20251106_152554.jpg,1379.33,2052.1,2174.98,2895.87,1.0,back of a traffic sign,False,False,3244.4,mtsd-p11
Cosmos Reason2 8B,back of a traffic sign,grp9_a7e54ad2-IMG_20251210_141604.jpg,E:\2. UM-Student\MSC Dissertation\Urban-Vision-Benchmark\Datasets\MTSD\Prepared\MTSD-Unaugmented\MTSD-YOLO\test\images\grp9_a7e54ad2-IMG_20251210_141604.jpg,1398.42,1126.08,1600.38,2227.68,1.0,back of a traffic sign,False,False,2578.1,mtsd-p11
Cosmos Reason2 8B,back of a traffic sign,grp9_ae723934-WhatsApp_Image_2026-01-03_at_18.45.36.jpeg,E:\2. UM-Student\MSC Dissertation\Urban-Vision-Benchmark\Datasets\MTSD\Prepared\MTSD-Unaugmented\MTSD-YOLO\test\images\grp9_ae723934-WhatsApp_Image_2026-01-03_at_18.45.36.jpeg,560.4,710.4,751.2,883.2,1.0,back of a traffic sign,False,False,2480.5,mtsd-p11
Cosmos Reason2 8B,back of a traffic sign,grp9_b775d113-IMG_20251111_162326.jpg,E:\2. UM-Student\MSC Dissertation\Urban-Vision-Benchmark\Datasets\MTSD\Prepared\MTSD-Unaugmented\MTSD-YOLO\test\images\grp9_b775d113-IMG_20251111_162326.jpg,2289.0,1296.0,2412.0,2044.0,1.0,back of a traffic sign,False,False,2540.5,mtsd-p11
Cosmos Reason2 8B,back of a traffic sign,grp9_b8de4d86-IMG_20251112_162741.jpg,E:\2. UM-Student\MSC Dissertation\Urban-Vision-Benchmark\Datasets\MTSD\Prepared\MTSD-Unaugmented\MTSD-YOLO\test\images\grp9_b8de4d86-IMG_20251112_162741.jpg,1303.56,1640.16,1621.8,1995.12,1.0,back of a traffic sign,False,False,2532.0,mtsd-p11
Cosmos Reason2 8B,back of a traffic sign,grp9_b8edf87e-IMG_20251106_153308.jpg,E:\2. UM-Student\MSC Dissertation\Urban-Vision-Benchmark\Datasets\MTSD\Prepared\MTSD-Unaugmented\MTSD-YOLO\test\images\grp9_b8edf87e-IMG_20251106_153308.jpg,1200.0,1964.0,1587.0,2620.0,1.0,back of a traffic sign,False,False,2568.8,mtsd-p11
Cosmos Reason2 8B,back of a traffic sign,grp9_c7a4a215-20251122_140026.jpg,E:\2. UM-Student\MSC Dissertation\Urban-Vision-Benchmark\Datasets\MTSD\Prepared\MTSD-Unaugmented\MTSD-YOLO\test\images\grp9_c7a4a215-20251122_140026.jpg,1302.0,1000.0,2379.0,2264.0,1.0,back of a traffic sign,False,False,2525.6,mtsd-p11
Cosmos Reason2 8B,back of a traffic sign,grp9_c8f9e8c2-M8_back.jpg,E:\2. UM-Student\MSC Dissertation\Urban-Vision-Benchmark\Datasets\MTSD\Prepared\MTSD-Unaugmented\MTSD-YOLO\test\images\grp9_c8f9e8c2-M8_back.jpg,0.0,0.0,1008.0,1072.0,1.0,back of a traffic sign,False,False,2383.2,mtsd-p11
Cosmos Reason2 8B,back of a traffic sign,grp9_cedb2f14-NE3_front.jpg,E:\2. UM-Student\MSC Dissertation\Urban-Vision-Benchmark\Datasets\MTSD\Prepared\MTSD-Unaugmented\MTSD-YOLO\test\images\grp9_cedb2f14-NE3_front.jpg,1479.0,1804.0,1587.0,2164.0,1.0,back of a traffic sign,False,False,3221.1,mtsd-p11
Cosmos Reason2 8B,back of a traffic sign,grp9_d09450b2-IMG_20251112_155615.jpg,E:\2. UM-Student\MSC Dissertation\Urban-Vision-Benchmark\Datasets\MTSD\Prepared\MTSD-Unaugmented\MTSD-YOLO\test\images\grp9_d09450b2-IMG_20251112_155615.jpg,1410.66,1530.0,2004.3,2150.16,1.0,back of a traffic sign,False,False,2544.7,mtsd-p11
Cosmos Reason2 8B,back of a traffic sign,grp9_d4f4f35a-WhatsApp_Image_2026-01-01_at_18.12.59_1.jpeg,E:\2. UM-Student\MSC Dissertation\Urban-Vision-Benchmark\Datasets\MTSD\Prepared\MTSD-Unaugmented\MTSD-YOLO\test\images\grp9_d4f4f35a-WhatsApp_Image_2026-01-01_at_18.12.59_1.jpeg,549.89,804.86,669.7,1366.02,1.0,back of a traffic sign,False,False,2472.9,mtsd-p11
Cosmos Reason2 8B,back of a traffic sign,grp9_d5f4aa18-20251122_140237.jpg,E:\2. UM-Student\MSC Dissertation\Urban-Vision-Benchmark\Datasets\MTSD\Prepared\MTSD-Unaugmented\MTSD-YOLO\test\images\grp9_d5f4aa18-20251122_140237.jpg,1413.0,2388.0,1569.0,2580.0,1.0,back of a traffic sign,False,False,2565.6,mtsd-p11
Cosmos Reason2 8B,back of a traffic sign,grp9_d7c813cb-IMG_20251112_163545.jpg,E:\2. UM-Student\MSC Dissertation\Urban-Vision-Benchmark\Datasets\MTSD\Prepared\MTSD-Unaugmented\MTSD-YOLO\test\images\grp9_d7c813cb-IMG_20251112_163545.jpg,1006.74,1742.16,1585.08,2652.0,1.0,back of a traffic sign,False,False,2535.2,mtsd-p11
Cosmos Reason2 8B,back of a traffic sign,grp9_dbd6345f-IMG_20251106_155229.jpg,E:\2. UM-Student\MSC Dissertation\Urban-Vision-Benchmark\Datasets\MTSD\Prepared\MTSD-Unaugmented\MTSD-YOLO\test\images\grp9_dbd6345f-IMG_20251106_155229.jpg,1084.42,999.42,2107.39,2105.34,1.0,back of a traffic sign,False,False,2538.3,mtsd-p11
Cosmos Reason2 8B,back of a traffic sign,grp9_de518e6b-WhatsApp_Image_2026-01-03_at_18.46.56.jpeg,E:\2. UM-Student\MSC Dissertation\Urban-Vision-Benchmark\Datasets\MTSD\Prepared\MTSD-Unaugmented\MTSD-YOLO\test\images\grp9_de518e6b-WhatsApp_Image_2026-01-03_at_18.46.56.jpeg,470.4,760.0,837.6,1099.2,1.0,back of a traffic sign,False,False,2517.5,mtsd-p11
Cosmos Reason2 8B,back of a traffic sign,grp9_df847542-IMG_20251210_141936.jpg,E:\2. UM-Student\MSC Dissertation\Urban-Vision-Benchmark\Datasets\MTSD\Prepared\MTSD-Unaugmented\MTSD-YOLO\test\images\grp9_df847542-IMG_20251210_141936.jpg,1315.8,1142.4,2105.28,2288.88,1.0,back of a traffic sign,False,False,2554.0,mtsd-p11
Cosmos Reason2 8B,back of a traffic sign,grp9_dfbf929f-IMG_20251106_154024.jpg,E:\2. UM-Student\MSC Dissertation\Urban-Vision-Benchmark\Datasets\MTSD\Prepared\MTSD-Unaugmented\MTSD-YOLO\test\images\grp9_dfbf929f-IMG_20251106_154024.jpg,718.85,1138.69,1840.13,2252.8,1.0,back of a traffic sign,False,False,3148.3,mtsd-p11
Cosmos Reason2 8B,back of a traffic sign,grp9_e0e8c13e-IMG_20251113_163444.jpg,E:\2. UM-Student\MSC Dissertation\Urban-Vision-Benchmark\Datasets\MTSD\Prepared\MTSD-Unaugmented\MTSD-YOLO\test\images\grp9_e0e8c13e-IMG_20251113_163444.jpg,1266.84,1268.88,1355.58,2313.36,1.0,back of a traffic sign,False,False,2510.3,mtsd-p11
Cosmos Reason2 8B,back of a traffic sign,grp9_e1897726-WhatsApp_Image_2026-01-03_at_18.45.38_3.jpeg,E:\2. UM-Student\MSC Dissertation\Urban-Vision-Benchmark\Datasets\MTSD\Prepared\MTSD-Unaugmented\MTSD-YOLO\test\images\grp9_e1897726-WhatsApp_Image_2026-01-03_at_18.45.38_3.jpeg,434.4,371.2,830.4,628.8,1.0,back of a traffic sign,False,False,5678.2,mtsd-p11
Cosmos Reason2 8B,back of a traffic sign,grp9_e1897726-WhatsApp_Image_2026-01-03_at_18.45.38_3.jpeg,E:\2. UM-Student\MSC Dissertation\Urban-Vision-Benchmark\Datasets\MTSD\Prepared\MTSD-Unaugmented\MTSD-YOLO\test\images\grp9_e1897726-WhatsApp_Image_2026-01-03_at_18.45.38_3.jpeg,434.4,609.6,903.6,945.6,1.0,back of a traffic sign,False,False,5678.2,mtsd-p11
Cosmos Reason2 8B,back of a traffic sign,grp9_e1897726-WhatsApp_Image_2026-01-03_at_18.45.38_3.jpeg,E:\2. UM-Student\MSC Dissertation\Urban-Vision-Benchmark\Datasets\MTSD\Prepared\MTSD-Unaugmented\MTSD-YOLO\test\images\grp9_e1897726-WhatsApp_Image_2026-01-03_at_18.45.38_3.jpeg,436.8,907.2,903.6,1083.2,1.0,back of a traffic sign,False,False,5678.2,mtsd-p11
Cosmos Reason2 8B,back of a traffic sign,grp9_e2932f32-20251122_134050.jpg,E:\2. UM-Student\MSC Dissertation\Urban-Vision-Benchmark\Datasets\MTSD\Prepared\MTSD-Unaugmented\MTSD-YOLO\test\images\grp9_e2932f32-20251122_134050.jpg,1281.0,1568.0,1614.0,1884.0,1.0,back of a traffic sign,False,False,2557.5,mtsd-p11
Cosmos Reason2 8B,back of a traffic sign,grp9_e65623ae-20251122_135723.jpg,E:\2. UM-Student\MSC Dissertation\Urban-Vision-Benchmark\Datasets\MTSD\Prepared\MTSD-Unaugmented\MTSD-YOLO\test\images\grp9_e65623ae-20251122_135723.jpg,1395.0,1856.0,1617.0,2176.0,1.0,back of a traffic sign,False,False,2544.7,mtsd-p11
Cosmos Reason2 8B,back of a traffic sign,grp9_e690fe37-IMG_20251111_162300.jpg,E:\2. UM-Student\MSC Dissertation\Urban-Vision-Benchmark\Datasets\MTSD\Prepared\MTSD-Unaugmented\MTSD-YOLO\test\images\grp9_e690fe37-IMG_20251111_162300.jpg,1458.0,1316.0,1554.0,1940.0,1.0,back of a traffic sign,False,False,2567.5,mtsd-p11
Cosmos Reason2 8B,back of a traffic sign,grp9_e8541d39-IMG_20251106_145533.jpg,E:\2. UM-Student\MSC Dissertation\Urban-Vision-Benchmark\Datasets\MTSD\Prepared\MTSD-Unaugmented\MTSD-YOLO\test\images\grp9_e8541d39-IMG_20251106_145533.jpg,0.0,3380.0,1467.0,3996.0,1.0,back of a traffic sign,False,False,2443.5,mtsd-p11
Cosmos Reason2 8B,back of a traffic sign,grp9_e8b17764-ZC8_front.jpg,E:\2. UM-Student\MSC Dissertation\Urban-Vision-Benchmark\Datasets\MTSD\Prepared\MTSD-Unaugmented\MTSD-YOLO\test\images\grp9_e8b17764-ZC8_front.jpg,1761.0,2676.0,2016.0,3236.0,1.0,back of a traffic sign,False,False,2543.8,mtsd-p11
Cosmos Reason2 8B,back of a traffic sign,grp9_f109e3eb-IMG_20251111_144036.jpg,E:\2. UM-Student\MSC Dissertation\Urban-Vision-Benchmark\Datasets\MTSD\Prepared\MTSD-Unaugmented\MTSD-YOLO\test\images\grp9_f109e3eb-IMG_20251111_144036.jpg,1164.0,1336.0,1947.0,2240.0,1.0,back of a traffic sign,False,False,3153.8,mtsd-p11
Cosmos Reason2 8B,back of a traffic sign,grp9_f36aabf5-WhatsApp_Image_2026-01-03_at_18.45.21_2.jpeg,E:\2. UM-Student\MSC Dissertation\Urban-Vision-Benchmark\Datasets\MTSD\Prepared\MTSD-Unaugmented\MTSD-YOLO\test\images\grp9_f36aabf5-WhatsApp_Image_2026-01-03_at_18.45.21_2.jpeg,427.2,536.0,711.6,990.4,1.0,back of a traffic sign,False,False,2500.9,mtsd-p11
Cosmos Reason2 8B,back of a traffic sign,grp9_f456c0fd-IMG_20251106_153809.jpg,E:\2. UM-Student\MSC Dissertation\Urban-Vision-Benchmark\Datasets\MTSD\Prepared\MTSD-Unaugmented\MTSD-YOLO\test\images\grp9_f456c0fd-IMG_20251106_153809.jpg,0.0,3168.0,1242.0,3996.0,1.0,back of a traffic sign,False,False,2456.8,mtsd-p11
