model,prompt,image_id,image_path,x0,y0,x1,y1,score,predicted_label,has_mask,has_confidence,inference_ms,prompt_id
SAM 3.1,traffic sign,grp10_IMG_1495.jpg,E:\2. UM-Student\MSC Dissertation\Urban-Vision-Benchmark\Datasets\MTSD\Prepared\MTSD-Unaugmented\MTSD-YOLO\test\images\grp10_IMG_1495.jpg,3659.54,4604.25,4014.04,4746.57,0.4141,traffic sign,True,True,512.4,mtsd-p12
SAM 3.1,traffic sign,grp10_IMG_1495.jpg,E:\2. UM-Student\MSC Dissertation\Urban-Vision-Benchmark\Datasets\MTSD\Prepared\MTSD-Unaugmented\MTSD-YOLO\test\images\grp10_IMG_1495.jpg,2138.3,4304.27,2259.48,4742.95,0.4043,traffic sign,True,True,512.4,mtsd-p12
SAM 3.1,traffic sign,grp10_IMG_1495.jpg,E:\2. UM-Student\MSC Dissertation\Urban-Vision-Benchmark\Datasets\MTSD\Prepared\MTSD-Unaugmented\MTSD-YOLO\test\images\grp10_IMG_1495.jpg,1384.97,2016.74,3013.35,3187.25,0.4238,traffic sign,True,True,512.4,mtsd-p12
SAM 3.1,traffic sign,grp10_IMG_1510.jpg,E:\2. UM-Student\MSC Dissertation\Urban-Vision-Benchmark\Datasets\MTSD\Prepared\MTSD-Unaugmented\MTSD-YOLO\test\images\grp10_IMG_1510.jpg,1787.15,895.4,2724.49,5285.0,0.3984,traffic sign,True,True,237.2,mtsd-p12
SAM 3.1,traffic sign,grp10_IMG_1510.jpg,E:\2. UM-Student\MSC Dissertation\Urban-Vision-Benchmark\Datasets\MTSD\Prepared\MTSD-Unaugmented\MTSD-YOLO\test\images\grp10_IMG_1510.jpg,1753.56,898.82,2717.27,2670.27,0.8945,traffic sign,True,True,237.2,mtsd-p12
SAM 3.1,traffic sign,grp10_IMG_1527.jpg,E:\2. UM-Student\MSC Dissertation\Urban-Vision-Benchmark\Datasets\MTSD\Prepared\MTSD-Unaugmented\MTSD-YOLO\test\images\grp10_IMG_1527.jpg,784.39,974.15,2381.16,5696.47,0.4082,traffic sign,True,True,650.8,mtsd-p12
SAM 3.1,traffic sign,grp10_IMG_1527.jpg,E:\2. UM-Student\MSC Dissertation\Urban-Vision-Benchmark\Datasets\MTSD\Prepared\MTSD-Unaugmented\MTSD-YOLO\test\images\grp10_IMG_1527.jpg,778.52,956.96,2387.08,2653.14,0.8281,traffic sign,True,True,650.8,mtsd-p12
SAM 3.1,traffic sign,grp10_IMG_1527.jpg,E:\2. UM-Student\MSC Dissertation\Urban-Vision-Benchmark\Datasets\MTSD\Prepared\MTSD-Unaugmented\MTSD-YOLO\test\images\grp10_IMG_1527.jpg,1517.4,2573.41,2346.53,4770.84,0.8125,traffic sign,True,True,650.8,mtsd-p12
SAM 3.1,traffic sign,grp10_IMG_1557.jpg,E:\2. UM-Student\MSC Dissertation\Urban-Vision-Benchmark\Datasets\MTSD\Prepared\MTSD-Unaugmented\MTSD-YOLO\test\images\grp10_IMG_1557.jpg,1377.42,2636.31,3063.32,4050.93,0.8945,traffic sign,True,True,469.7,mtsd-p12
SAM 3.1,traffic sign,grp10_IMG_1564.jpg,E:\2. UM-Student\MSC Dissertation\Urban-Vision-Benchmark\Datasets\MTSD\Prepared\MTSD-Unaugmented\MTSD-YOLO\test\images\grp10_IMG_1564.jpg,1629.2,3153.06,2810.18,4797.91,0.9453,traffic sign,True,True,286.7,mtsd-p12
SAM 3.1,traffic sign,grp10_IMG_1564.jpg,E:\2. UM-Student\MSC Dissertation\Urban-Vision-Benchmark\Datasets\MTSD\Prepared\MTSD-Unaugmented\MTSD-YOLO\test\images\grp10_IMG_1564.jpg,1818.92,2045.02,2485.3,3335.89,0.9453,traffic sign,True,True,286.7,mtsd-p12
SAM 3.1,traffic sign,grp10_IMG_1575.jpg,E:\2. UM-Student\MSC Dissertation\Urban-Vision-Benchmark\Datasets\MTSD\Prepared\MTSD-Unaugmented\MTSD-YOLO\test\images\grp10_IMG_1575.jpg,1012.31,1500.44,1062.94,1574.23,0.7734,traffic sign,True,True,143.3,mtsd-p12
SAM 3.1,traffic sign,grp10_IMG_1575.jpg,E:\2. UM-Student\MSC Dissertation\Urban-Vision-Benchmark\Datasets\MTSD\Prepared\MTSD-Unaugmented\MTSD-YOLO\test\images\grp10_IMG_1575.jpg,470.81,683.39,1076.73,2190.79,0.418,traffic sign,True,True,143.3,mtsd-p12
SAM 3.1,traffic sign,grp10_IMG_1575.jpg,E:\2. UM-Student\MSC Dissertation\Urban-Vision-Benchmark\Datasets\MTSD\Prepared\MTSD-Unaugmented\MTSD-YOLO\test\images\grp10_IMG_1575.jpg,471.27,684.42,1077.55,1249.78,0.8984,traffic sign,True,True,143.3,mtsd-p12
SAM 3.1,traffic sign,grp10_IMG_1593.jpg,E:\2. UM-Student\MSC Dissertation\Urban-Vision-Benchmark\Datasets\MTSD\Prepared\MTSD-Unaugmented\MTSD-YOLO\test\images\grp10_IMG_1593.jpg,460.43,1755.16,2563.86,4221.12,0.4043,traffic sign,True,True,245.8,mtsd-p12
SAM 3.1,traffic sign,grp10_IMG_1593.jpg,E:\2. UM-Student\MSC Dissertation\Urban-Vision-Benchmark\Datasets\MTSD\Prepared\MTSD-Unaugmented\MTSD-YOLO\test\images\grp10_IMG_1593.jpg,459.43,3035.97,2558.69,4218.8,0.5977,traffic sign,True,True,245.8,mtsd-p12
SAM 3.1,traffic sign,grp10_IMG_1593.jpg,E:\2. UM-Student\MSC Dissertation\Urban-Vision-Benchmark\Datasets\MTSD\Prepared\MTSD-Unaugmented\MTSD-YOLO\test\images\grp10_IMG_1593.jpg,460.02,1762.23,2572.17,5712.0,0.5078,traffic sign,True,True,245.8,mtsd-p12
SAM 3.1,traffic sign,grp10_IMG_1593.jpg,E:\2. UM-Student\MSC Dissertation\Urban-Vision-Benchmark\Datasets\MTSD\Prepared\MTSD-Unaugmented\MTSD-YOLO\test\images\grp10_IMG_1593.jpg,520.43,1758.39,2475.8,3525.26,0.6172,traffic sign,True,True,245.8,mtsd-p12
SAM 3.1,traffic sign,grp10_IMG_1597.jpg,E:\2. UM-Student\MSC Dissertation\Urban-Vision-Benchmark\Datasets\MTSD\Prepared\MTSD-Unaugmented\MTSD-YOLO\test\images\grp10_IMG_1597.jpg,1144.4,2292.16,3042.64,4214.1,0.6094,traffic sign,True,True,449.7,mtsd-p12
SAM 3.1,traffic sign,grp10_IMG_1597.jpg,E:\2. UM-Student\MSC Dissertation\Urban-Vision-Benchmark\Datasets\MTSD\Prepared\MTSD-Unaugmented\MTSD-YOLO\test\images\grp10_IMG_1597.jpg,1307.25,5232.44,1506.6,5456.52,0.4395,traffic sign,True,True,449.7,mtsd-p12
SAM 3.1,traffic sign,grp10_IMG_1597.jpg,E:\2. UM-Student\MSC Dissertation\Urban-Vision-Benchmark\Datasets\MTSD\Prepared\MTSD-Unaugmented\MTSD-YOLO\test\images\grp10_IMG_1597.jpg,1143.02,2285.02,3045.6,5712.0,0.5352,traffic sign,True,True,449.7,mtsd-p12
SAM 3.1,traffic sign,grp10_IMG_1599.jpg,E:\2. UM-Student\MSC Dissertation\Urban-Vision-Benchmark\Datasets\MTSD\Prepared\MTSD-Unaugmented\MTSD-YOLO\test\images\grp10_IMG_1599.jpg,1399.73,2139.89,2770.24,3350.04,0.8984,traffic sign,True,True,612.1,mtsd-p12
SAM 3.1,traffic sign,grp10_IMG_1599.jpg,E:\2. UM-Student\MSC Dissertation\Urban-Vision-Benchmark\Datasets\MTSD\Prepared\MTSD-Unaugmented\MTSD-YOLO\test\images\grp10_IMG_1599.jpg,1826.07,4019.95,2349.13,4556.84,0.5859,traffic sign,True,True,612.1,mtsd-p12
SAM 3.1,traffic sign,grp10_IMG_1606.jpg,E:\2. UM-Student\MSC Dissertation\Urban-Vision-Benchmark\Datasets\MTSD\Prepared\MTSD-Unaugmented\MTSD-YOLO\test\images\grp10_IMG_1606.jpg,1432.16,2424.84,2365.76,3930.09,0.3379,traffic sign,True,True,276.3,mtsd-p12
SAM 3.1,traffic sign,grp10_IMG_1612.jpg,E:\2. UM-Student\MSC Dissertation\Urban-Vision-Benchmark\Datasets\MTSD\Prepared\MTSD-Unaugmented\MTSD-YOLO\test\images\grp10_IMG_1612.jpg,1357.67,1383.31,2966.55,5712.0,0.3652,traffic sign,True,True,249.7,mtsd-p12
SAM 3.1,traffic sign,grp10_IMG_1612.jpg,E:\2. UM-Student\MSC Dissertation\Urban-Vision-Benchmark\Datasets\MTSD\Prepared\MTSD-Unaugmented\MTSD-YOLO\test\images\grp10_IMG_1612.jpg,1306.84,2942.75,2925.51,4685.2,0.7539,traffic sign,True,True,249.7,mtsd-p12
SAM 3.1,traffic sign,grp10_IMG_1612.jpg,E:\2. UM-Student\MSC Dissertation\Urban-Vision-Benchmark\Datasets\MTSD\Prepared\MTSD-Unaugmented\MTSD-YOLO\test\images\grp10_IMG_1612.jpg,1377.33,1373.07,2960.07,2955.41,0.7539,traffic sign,True,True,249.7,mtsd-p12
SAM 3.1,traffic sign,grp10_IMG_1645.jpg,E:\2. UM-Student\MSC Dissertation\Urban-Vision-Benchmark\Datasets\MTSD\Prepared\MTSD-Unaugmented\MTSD-YOLO\test\images\grp10_IMG_1645.jpg,1036.21,2348.57,2726.09,4208.14,0.4395,traffic sign,True,True,511.3,mtsd-p12
SAM 3.1,traffic sign,grp10_IMG_20251123_141219.jpg,E:\2. UM-Student\MSC Dissertation\Urban-Vision-Benchmark\Datasets\MTSD\Prepared\MTSD-Unaugmented\MTSD-YOLO\test\images\grp10_IMG_20251123_141219.jpg,910.61,1766.82,1124.18,2482.1,0.5117,traffic sign,True,True,169.3,mtsd-p12
SAM 3.1,traffic sign,grp10_IMG_20251123_141219.jpg,E:\2. UM-Student\MSC Dissertation\Urban-Vision-Benchmark\Datasets\MTSD\Prepared\MTSD-Unaugmented\MTSD-YOLO\test\images\grp10_IMG_20251123_141219.jpg,852.84,1166.87,1115.05,1935.96,0.8867,traffic sign,True,True,169.3,mtsd-p12
SAM 3.1,traffic sign,grp10_IMG_20251123_141844.jpg,E:\2. UM-Student\MSC Dissertation\Urban-Vision-Benchmark\Datasets\MTSD\Prepared\MTSD-Unaugmented\MTSD-YOLO\test\images\grp10_IMG_20251123_141844.jpg,418.85,1245.82,1289.84,2172.03,0.3086,traffic sign,True,True,153.9,mtsd-p12
SAM 3.1,traffic sign,grp10_IMG_20251123_143317.jpg,E:\2. UM-Student\MSC Dissertation\Urban-Vision-Benchmark\Datasets\MTSD\Prepared\MTSD-Unaugmented\MTSD-YOLO\test\images\grp10_IMG_20251123_143317.jpg,488.88,841.25,1478.23,4624.0,0.4297,traffic sign,True,True,172.9,mtsd-p12
SAM 3.1,traffic sign,grp10_IMG_20251123_143317.jpg,E:\2. UM-Student\MSC Dissertation\Urban-Vision-Benchmark\Datasets\MTSD\Prepared\MTSD-Unaugmented\MTSD-YOLO\test\images\grp10_IMG_20251123_143317.jpg,489.72,861.29,1471.26,1875.48,0.7539,traffic sign,True,True,172.9,mtsd-p12
SAM 3.1,traffic sign,grp10_IMG_20251123_150542.jpg,E:\2. UM-Student\MSC Dissertation\Urban-Vision-Benchmark\Datasets\MTSD\Prepared\MTSD-Unaugmented\MTSD-YOLO\test\images\grp10_IMG_20251123_150542.jpg,947.36,353.26,1465.52,4619.75,0.3301,traffic sign,True,True,178.5,mtsd-p12
SAM 3.1,traffic sign,grp10_IMG_20251123_150542.jpg,E:\2. UM-Student\MSC Dissertation\Urban-Vision-Benchmark\Datasets\MTSD\Prepared\MTSD-Unaugmented\MTSD-YOLO\test\images\grp10_IMG_20251123_150542.jpg,930.04,1172.1,1462.32,2290.63,0.9258,traffic sign,True,True,178.5,mtsd-p12
SAM 3.1,traffic sign,grp10_IMG_20251123_150542.jpg,E:\2. UM-Student\MSC Dissertation\Urban-Vision-Benchmark\Datasets\MTSD\Prepared\MTSD-Unaugmented\MTSD-YOLO\test\images\grp10_IMG_20251123_150542.jpg,957.56,295.43,1298.18,1438.32,0.9375,traffic sign,True,True,178.5,mtsd-p12
SAM 3.1,traffic sign,grp10_IMG_20251123_164433.jpg,E:\2. UM-Student\MSC Dissertation\Urban-Vision-Benchmark\Datasets\MTSD\Prepared\MTSD-Unaugmented\MTSD-YOLO\test\images\grp10_IMG_20251123_164433.jpg,588.83,1751.23,1306.38,2927.23,0.8672,traffic sign,True,True,173.6,mtsd-p12
SAM 3.1,traffic sign,grp10_IMG_20251123_164433.jpg,E:\2. UM-Student\MSC Dissertation\Urban-Vision-Benchmark\Datasets\MTSD\Prepared\MTSD-Unaugmented\MTSD-YOLO\test\images\grp10_IMG_20251123_164433.jpg,587.57,1744.43,1311.92,4624.0,0.4219,traffic sign,True,True,173.6,mtsd-p12
SAM 3.1,traffic sign,grp10_IMG_20251123_164446.jpg,E:\2. UM-Student\MSC Dissertation\Urban-Vision-Benchmark\Datasets\MTSD\Prepared\MTSD-Unaugmented\MTSD-YOLO\test\images\grp10_IMG_20251123_164446.jpg,383.97,1865.86,1744.62,3205.77,0.5469,traffic sign,True,True,154.5,mtsd-p12
SAM 3.1,traffic sign,grp10_IMG_20251123_165832.jpg,E:\2. UM-Student\MSC Dissertation\Urban-Vision-Benchmark\Datasets\MTSD\Prepared\MTSD-Unaugmented\MTSD-YOLO\test\images\grp10_IMG_20251123_165832.jpg,,,,,,<no detections>,False,True,147.9,mtsd-p12
SAM 3.1,traffic sign,grp10_IMG_20251125_112108.jpg,E:\2. UM-Student\MSC Dissertation\Urban-Vision-Benchmark\Datasets\MTSD\Prepared\MTSD-Unaugmented\MTSD-YOLO\test\images\grp10_IMG_20251125_112108.jpg,1030.46,535.63,2280.77,4624.0,0.4668,traffic sign,True,True,267.1,mtsd-p12
SAM 3.1,traffic sign,grp10_IMG_20251125_112108.jpg,E:\2. UM-Student\MSC Dissertation\Urban-Vision-Benchmark\Datasets\MTSD\Prepared\MTSD-Unaugmented\MTSD-YOLO\test\images\grp10_IMG_20251125_112108.jpg,2008.72,2950.19,2135.98,3100.68,0.4805,traffic sign,True,True,267.1,mtsd-p12
SAM 3.1,traffic sign,grp10_IMG_20251125_112108.jpg,E:\2. UM-Student\MSC Dissertation\Urban-Vision-Benchmark\Datasets\MTSD\Prepared\MTSD-Unaugmented\MTSD-YOLO\test\images\grp10_IMG_20251125_112108.jpg,2003.18,2949.71,2137.85,3659.69,0.4258,traffic sign,True,True,267.1,mtsd-p12
SAM 3.1,traffic sign,grp10_IMG_20251125_112108.jpg,E:\2. UM-Student\MSC Dissertation\Urban-Vision-Benchmark\Datasets\MTSD\Prepared\MTSD-Unaugmented\MTSD-YOLO\test\images\grp10_IMG_20251125_112108.jpg,1029.51,526.18,2282.49,1668.62,0.8594,traffic sign,True,True,267.1,mtsd-p12
SAM 3.1,traffic sign,grp10_IMG_20251125_113833.jpg,E:\2. UM-Student\MSC Dissertation\Urban-Vision-Benchmark\Datasets\MTSD\Prepared\MTSD-Unaugmented\MTSD-YOLO\test\images\grp10_IMG_20251125_113833.jpg,2854.93,2520.82,2891.23,2555.54,0.459,traffic sign,True,True,558.2,mtsd-p12
SAM 3.1,traffic sign,grp10_IMG_20251125_113833.jpg,E:\2. UM-Student\MSC Dissertation\Urban-Vision-Benchmark\Datasets\MTSD\Prepared\MTSD-Unaugmented\MTSD-YOLO\test\images\grp10_IMG_20251125_113833.jpg,903.75,2023.93,1135.49,2288.65,0.6641,traffic sign,True,True,558.2,mtsd-p12
SAM 3.1,traffic sign,grp10_IMG_20251125_113833.jpg,E:\2. UM-Student\MSC Dissertation\Urban-Vision-Benchmark\Datasets\MTSD\Prepared\MTSD-Unaugmented\MTSD-YOLO\test\images\grp10_IMG_20251125_113833.jpg,926.78,1665.24,1121.05,2035.27,0.9062,traffic sign,True,True,558.2,mtsd-p12
SAM 3.1,traffic sign,grp10_IMG_20251125_113833.jpg,E:\2. UM-Student\MSC Dissertation\Urban-Vision-Benchmark\Datasets\MTSD\Prepared\MTSD-Unaugmented\MTSD-YOLO\test\images\grp10_IMG_20251125_113833.jpg,1373.87,576.3,2645.56,1816.76,0.9297,traffic sign,True,True,558.2,mtsd-p12
SAM 3.1,traffic sign,grp10_IMG_20251125_113844.jpg,E:\2. UM-Student\MSC Dissertation\Urban-Vision-Benchmark\Datasets\MTSD\Prepared\MTSD-Unaugmented\MTSD-YOLO\test\images\grp10_IMG_20251125_113844.jpg,869.79,888.97,2152.16,4505.57,0.4688,traffic sign,True,True,436.4,mtsd-p12
SAM 3.1,traffic sign,grp10_IMG_20251125_113844.jpg,E:\2. UM-Student\MSC Dissertation\Urban-Vision-Benchmark\Datasets\MTSD\Prepared\MTSD-Unaugmented\MTSD-YOLO\test\images\grp10_IMG_20251125_113844.jpg,872.28,909.82,2146.84,2208.91,0.8164,traffic sign,True,True,436.4,mtsd-p12
SAM 3.1,traffic sign,grp10_IMG_20251125_114450.jpg,E:\2. UM-Student\MSC Dissertation\Urban-Vision-Benchmark\Datasets\MTSD\Prepared\MTSD-Unaugmented\MTSD-YOLO\test\images\grp10_IMG_20251125_114450.jpg,2547.34,667.12,3472.0,2072.29,0.6211,traffic sign,True,True,251.0,mtsd-p12
SAM 3.1,traffic sign,grp10_IMG_20251125_114450.jpg,E:\2. UM-Student\MSC Dissertation\Urban-Vision-Benchmark\Datasets\MTSD\Prepared\MTSD-Unaugmented\MTSD-YOLO\test\images\grp10_IMG_20251125_114450.jpg,2532.76,667.21,3472.0,4606.67,0.3477,traffic sign,True,True,251.0,mtsd-p12
SAM 3.1,traffic sign,grp10_IMG_20251125_114450.jpg,E:\2. UM-Student\MSC Dissertation\Urban-Vision-Benchmark\Datasets\MTSD\Prepared\MTSD-Unaugmented\MTSD-YOLO\test\images\grp10_IMG_20251125_114450.jpg,1765.18,486.57,2691.13,4624.0,0.4297,traffic sign,True,True,251.0,mtsd-p12
SAM 3.1,traffic sign,grp10_IMG_20251125_114450.jpg,E:\2. UM-Student\MSC Dissertation\Urban-Vision-Benchmark\Datasets\MTSD\Prepared\MTSD-Unaugmented\MTSD-YOLO\test\images\grp10_IMG_20251125_114450.jpg,1774.06,492.02,2687.58,1926.08,0.918,traffic sign,True,True,251.0,mtsd-p12
SAM 3.1,traffic sign,grp10_IMG_20251125_120326.jpg,E:\2. UM-Student\MSC Dissertation\Urban-Vision-Benchmark\Datasets\MTSD\Prepared\MTSD-Unaugmented\MTSD-YOLO\test\images\grp10_IMG_20251125_120326.jpg,2914.94,0.0,3472.0,941.35,0.7422,traffic sign,True,True,229.1,mtsd-p12
SAM 3.1,traffic sign,grp10_IMG_20251125_120326.jpg,E:\2. UM-Student\MSC Dissertation\Urban-Vision-Benchmark\Datasets\MTSD\Prepared\MTSD-Unaugmented\MTSD-YOLO\test\images\grp10_IMG_20251125_120326.jpg,1537.65,817.52,2981.58,2791.41,0.7617,traffic sign,True,True,229.1,mtsd-p12
SAM 3.1,traffic sign,grp10_IMG_20251125_120326.jpg,E:\2. UM-Student\MSC Dissertation\Urban-Vision-Benchmark\Datasets\MTSD\Prepared\MTSD-Unaugmented\MTSD-YOLO\test\images\grp10_IMG_20251125_120326.jpg,3.93,2738.38,456.1,2970.57,0.3887,traffic sign,True,True,229.1,mtsd-p12
SAM 3.1,traffic sign,grp10_IMG_20251125_121131.jpg,E:\2. UM-Student\MSC Dissertation\Urban-Vision-Benchmark\Datasets\MTSD\Prepared\MTSD-Unaugmented\MTSD-YOLO\test\images\grp10_IMG_20251125_121131.jpg,1535.59,4461.73,1585.37,4542.99,0.498,traffic sign,True,True,198.7,mtsd-p12
SAM 3.1,traffic sign,grp10_IMG_20251125_121131.jpg,E:\2. UM-Student\MSC Dissertation\Urban-Vision-Benchmark\Datasets\MTSD\Prepared\MTSD-Unaugmented\MTSD-YOLO\test\images\grp10_IMG_20251125_121131.jpg,0.0,1957.44,516.54,3733.27,0.8906,traffic sign,True,True,198.7,mtsd-p12
SAM 3.1,traffic sign,grp10_IMG_20251125_121131.jpg,E:\2. UM-Student\MSC Dissertation\Urban-Vision-Benchmark\Datasets\MTSD\Prepared\MTSD-Unaugmented\MTSD-YOLO\test\images\grp10_IMG_20251125_121131.jpg,839.49,2259.27,1376.57,2896.84,0.6797,traffic sign,True,True,198.7,mtsd-p12
SAM 3.1,traffic sign,grp10_IMG_20251125_121131.jpg,E:\2. UM-Student\MSC Dissertation\Urban-Vision-Benchmark\Datasets\MTSD\Prepared\MTSD-Unaugmented\MTSD-YOLO\test\images\grp10_IMG_20251125_121131.jpg,811.47,2278.03,1379.2,4624.0,0.4531,traffic sign,True,True,198.7,mtsd-p12
SAM 3.1,traffic sign,grp10_IMG_20251125_121142.jpg,E:\2. UM-Student\MSC Dissertation\Urban-Vision-Benchmark\Datasets\MTSD\Prepared\MTSD-Unaugmented\MTSD-YOLO\test\images\grp10_IMG_20251125_121142.jpg,818.95,1860.57,1585.15,4624.0,0.3438,traffic sign,True,True,166.2,mtsd-p12
SAM 3.1,traffic sign,grp10_IMG_20251125_121142.jpg,E:\2. UM-Student\MSC Dissertation\Urban-Vision-Benchmark\Datasets\MTSD\Prepared\MTSD-Unaugmented\MTSD-YOLO\test\images\grp10_IMG_20251125_121142.jpg,41.52,3656.26,303.56,4006.63,0.6484,traffic sign,True,True,166.2,mtsd-p12
SAM 3.1,traffic sign,grp10_IMG_20251125_121142.jpg,E:\2. UM-Student\MSC Dissertation\Urban-Vision-Benchmark\Datasets\MTSD\Prepared\MTSD-Unaugmented\MTSD-YOLO\test\images\grp10_IMG_20251125_121142.jpg,817.15,1852.58,1584.78,2602.98,0.3672,traffic sign,True,True,166.2,mtsd-p12
SAM 3.1,traffic sign,grp10_IMG_20251125_121556.jpg,E:\2. UM-Student\MSC Dissertation\Urban-Vision-Benchmark\Datasets\MTSD\Prepared\MTSD-Unaugmented\MTSD-YOLO\test\images\grp10_IMG_20251125_121556.jpg,362.17,1634.81,1626.03,2814.73,0.8672,traffic sign,True,True,176.0,mtsd-p12
SAM 3.1,traffic sign,grp10_IMG_20251125_121556.jpg,E:\2. UM-Student\MSC Dissertation\Urban-Vision-Benchmark\Datasets\MTSD\Prepared\MTSD-Unaugmented\MTSD-YOLO\test\images\grp10_IMG_20251125_121556.jpg,362.78,1625.48,1626.11,4624.0,0.4648,traffic sign,True,True,176.0,mtsd-p12
SAM 3.1,traffic sign,grp10_IMG_20251125_121957.jpg,E:\2. UM-Student\MSC Dissertation\Urban-Vision-Benchmark\Datasets\MTSD\Prepared\MTSD-Unaugmented\MTSD-YOLO\test\images\grp10_IMG_20251125_121957.jpg,1794.38,611.15,2425.33,2141.31,0.7461,traffic sign,True,True,268.1,mtsd-p12
SAM 3.1,traffic sign,grp10_IMG_20251125_121957.jpg,E:\2. UM-Student\MSC Dissertation\Urban-Vision-Benchmark\Datasets\MTSD\Prepared\MTSD-Unaugmented\MTSD-YOLO\test\images\grp10_IMG_20251125_121957.jpg,1806.22,613.55,2430.08,4598.55,0.3359,traffic sign,True,True,268.1,mtsd-p12
SAM 3.1,traffic sign,grp10_IMG_20251125_121957.jpg,E:\2. UM-Student\MSC Dissertation\Urban-Vision-Benchmark\Datasets\MTSD\Prepared\MTSD-Unaugmented\MTSD-YOLO\test\images\grp10_IMG_20251125_121957.jpg,1706.9,2601.82,1824.07,2784.85,0.7578,traffic sign,True,True,268.1,mtsd-p12
SAM 3.1,traffic sign,grp10_IMG_20251125_122125.jpg,E:\2. UM-Student\MSC Dissertation\Urban-Vision-Benchmark\Datasets\MTSD\Prepared\MTSD-Unaugmented\MTSD-YOLO\test\images\grp10_IMG_20251125_122125.jpg,673.15,1747.15,1394.39,3162.95,0.875,traffic sign,True,True,168.0,mtsd-p12
SAM 3.1,traffic sign,grp10_IMG_20251125_122125.jpg,E:\2. UM-Student\MSC Dissertation\Urban-Vision-Benchmark\Datasets\MTSD\Prepared\MTSD-Unaugmented\MTSD-YOLO\test\images\grp10_IMG_20251125_122125.jpg,669.07,1746.18,1398.42,4608.51,0.3223,traffic sign,True,True,168.0,mtsd-p12
SAM 3.1,traffic sign,grp10_IMG_20251125_122225.jpg,E:\2. UM-Student\MSC Dissertation\Urban-Vision-Benchmark\Datasets\MTSD\Prepared\MTSD-Unaugmented\MTSD-YOLO\test\images\grp10_IMG_20251125_122225.jpg,3221.22,2387.69,3440.94,3159.61,0.4238,traffic sign,True,True,236.7,mtsd-p12
SAM 3.1,traffic sign,grp10_IMG_20251125_122225.jpg,E:\2. UM-Student\MSC Dissertation\Urban-Vision-Benchmark\Datasets\MTSD\Prepared\MTSD-Unaugmented\MTSD-YOLO\test\images\grp10_IMG_20251125_122225.jpg,3219.57,2391.37,3394.12,2639.9,0.8164,traffic sign,True,True,236.7,mtsd-p12
SAM 3.1,traffic sign,grp10_IMG_20251125_122225.jpg,E:\2. UM-Student\MSC Dissertation\Urban-Vision-Benchmark\Datasets\MTSD\Prepared\MTSD-Unaugmented\MTSD-YOLO\test\images\grp10_IMG_20251125_122225.jpg,3265.44,2419.84,3336.45,2507.28,0.377,traffic sign,True,True,236.7,mtsd-p12
SAM 3.1,traffic sign,grp10_IMG_20251125_122225.jpg,E:\2. UM-Student\MSC Dissertation\Urban-Vision-Benchmark\Datasets\MTSD\Prepared\MTSD-Unaugmented\MTSD-YOLO\test\images\grp10_IMG_20251125_122225.jpg,795.22,502.3,2911.46,2319.08,0.918,traffic sign,True,True,236.7,mtsd-p12
SAM 3.1,traffic sign,grp10_IMG_20251125_122225.jpg,E:\2. UM-Student\MSC Dissertation\Urban-Vision-Benchmark\Datasets\MTSD\Prepared\MTSD-Unaugmented\MTSD-YOLO\test\images\grp10_IMG_20251125_122225.jpg,784.36,506.91,2921.12,4587.24,0.3574,traffic sign,True,True,236.7,mtsd-p12
SAM 3.1,traffic sign,grp10_IMG_20251125_122515.jpg,E:\2. UM-Student\MSC Dissertation\Urban-Vision-Benchmark\Datasets\MTSD\Prepared\MTSD-Unaugmented\MTSD-YOLO\test\images\grp10_IMG_20251125_122515.jpg,768.52,4480.77,859.43,4624.0,0.3281,traffic sign,True,True,514.2,mtsd-p12
SAM 3.1,traffic sign,grp10_IMG_20251125_122515.jpg,E:\2. UM-Student\MSC Dissertation\Urban-Vision-Benchmark\Datasets\MTSD\Prepared\MTSD-Unaugmented\MTSD-YOLO\test\images\grp10_IMG_20251125_122515.jpg,1802.05,4453.88,1826.87,4483.93,0.4492,traffic sign,True,True,514.2,mtsd-p12
SAM 3.1,traffic sign,grp10_IMG_20251125_122515.jpg,E:\2. UM-Student\MSC Dissertation\Urban-Vision-Benchmark\Datasets\MTSD\Prepared\MTSD-Unaugmented\MTSD-YOLO\test\images\grp10_IMG_20251125_122515.jpg,1344.02,4241.99,1417.19,4378.34,0.8008,traffic sign,True,True,514.2,mtsd-p12
SAM 3.1,traffic sign,grp10_IMG_20251125_122515.jpg,E:\2. UM-Student\MSC Dissertation\Urban-Vision-Benchmark\Datasets\MTSD\Prepared\MTSD-Unaugmented\MTSD-YOLO\test\images\grp10_IMG_20251125_122515.jpg,580.19,4472.74,653.43,4624.0,0.418,traffic sign,True,True,514.2,mtsd-p12
SAM 3.1,traffic sign,grp10_IMG_20251125_122515.jpg,E:\2. UM-Student\MSC Dissertation\Urban-Vision-Benchmark\Datasets\MTSD\Prepared\MTSD-Unaugmented\MTSD-YOLO\test\images\grp10_IMG_20251125_122515.jpg,576.28,4314.89,640.8,4411.61,0.7227,traffic sign,True,True,514.2,mtsd-p12
SAM 3.1,traffic sign,grp10_IMG_20251125_122515.jpg,E:\2. UM-Student\MSC Dissertation\Urban-Vision-Benchmark\Datasets\MTSD\Prepared\MTSD-Unaugmented\MTSD-YOLO\test\images\grp10_IMG_20251125_122515.jpg,1407.03,4040.19,1457.43,4209.3,0.4141,traffic sign,True,True,514.2,mtsd-p12
SAM 3.1,traffic sign,grp10_IMG_20251125_122515.jpg,E:\2. UM-Student\MSC Dissertation\Urban-Vision-Benchmark\Datasets\MTSD\Prepared\MTSD-Unaugmented\MTSD-YOLO\test\images\grp10_IMG_20251125_122515.jpg,880.47,1560.52,1627.41,2863.04,0.918,traffic sign,True,True,514.2,mtsd-p12
SAM 3.1,traffic sign,grp10_IMG_20251125_122515.jpg,E:\2. UM-Student\MSC Dissertation\Urban-Vision-Benchmark\Datasets\MTSD\Prepared\MTSD-Unaugmented\MTSD-YOLO\test\images\grp10_IMG_20251125_122515.jpg,1483.49,4416.92,1510.28,4464.39,0.5742,traffic sign,True,True,514.2,mtsd-p12
SAM 3.1,traffic sign,grp10_IMG_20251125_122515.jpg,E:\2. UM-Student\MSC Dissertation\Urban-Vision-Benchmark\Datasets\MTSD\Prepared\MTSD-Unaugmented\MTSD-YOLO\test\images\grp10_IMG_20251125_122515.jpg,670.31,4477.03,747.32,4624.0,0.3477,traffic sign,True,True,514.2,mtsd-p12
SAM 3.1,traffic sign,grp10_IMG_20251125_122515.jpg,E:\2. UM-Student\MSC Dissertation\Urban-Vision-Benchmark\Datasets\MTSD\Prepared\MTSD-Unaugmented\MTSD-YOLO\test\images\grp10_IMG_20251125_122515.jpg,1073.44,4431.77,1103.08,4523.08,0.5,traffic sign,True,True,514.2,mtsd-p12
SAM 3.1,traffic sign,grp10_IMG_20251125_122819+1.jpg,E:\2. UM-Student\MSC Dissertation\Urban-Vision-Benchmark\Datasets\MTSD\Prepared\MTSD-Unaugmented\MTSD-YOLO\test\images\grp10_IMG_20251125_122819+1.jpg,584.98,3541.28,632.29,3605.49,0.3262,traffic sign,True,True,692.6,mtsd-p12
SAM 3.1,traffic sign,grp10_IMG_20251125_122819+1.jpg,E:\2. UM-Student\MSC Dissertation\Urban-Vision-Benchmark\Datasets\MTSD\Prepared\MTSD-Unaugmented\MTSD-YOLO\test\images\grp10_IMG_20251125_122819+1.jpg,2345.98,3188.53,2431.26,3345.7,0.3105,traffic sign,True,True,692.6,mtsd-p12
SAM 3.1,traffic sign,grp10_IMG_20251125_122819+1.jpg,E:\2. UM-Student\MSC Dissertation\Urban-Vision-Benchmark\Datasets\MTSD\Prepared\MTSD-Unaugmented\MTSD-YOLO\test\images\grp10_IMG_20251125_122819+1.jpg,705.21,2286.66,2213.2,4343.54,0.918,traffic sign,True,True,692.6,mtsd-p12
SAM 3.1,traffic sign,grp10_IMG_20251125_122819+1.jpg,E:\2. UM-Student\MSC Dissertation\Urban-Vision-Benchmark\Datasets\MTSD\Prepared\MTSD-Unaugmented\MTSD-YOLO\test\images\grp10_IMG_20251125_122819+1.jpg,1288.31,1006.18,1780.82,2432.81,0.9297,traffic sign,True,True,692.6,mtsd-p12
SAM 3.1,traffic sign,grp10_IMG_20251125_122819+1.jpg,E:\2. UM-Student\MSC Dissertation\Urban-Vision-Benchmark\Datasets\MTSD\Prepared\MTSD-Unaugmented\MTSD-YOLO\test\images\grp10_IMG_20251125_122819+1.jpg,585.02,3613.58,670.85,3754.44,0.334,traffic sign,True,True,692.6,mtsd-p12
SAM 3.1,traffic sign,grp10_IMG_20251125_122826.jpg,E:\2. UM-Student\MSC Dissertation\Urban-Vision-Benchmark\Datasets\MTSD\Prepared\MTSD-Unaugmented\MTSD-YOLO\test\images\grp10_IMG_20251125_122826.jpg,305.91,2349.52,2115.75,4545.23,0.5547,traffic sign,True,True,201.4,mtsd-p12
SAM 3.1,traffic sign,grp10_IMG_20251125_122826.jpg,E:\2. UM-Student\MSC Dissertation\Urban-Vision-Benchmark\Datasets\MTSD\Prepared\MTSD-Unaugmented\MTSD-YOLO\test\images\grp10_IMG_20251125_122826.jpg,828.94,1037.88,1561.95,2446.19,0.5977,traffic sign,True,True,201.4,mtsd-p12
SAM 3.1,traffic sign,grp10_IMG_20251125_123112.jpg,E:\2. UM-Student\MSC Dissertation\Urban-Vision-Benchmark\Datasets\MTSD\Prepared\MTSD-Unaugmented\MTSD-YOLO\test\images\grp10_IMG_20251125_123112.jpg,242.62,1524.29,1542.39,2724.01,0.8828,traffic sign,True,True,238.7,mtsd-p12
SAM 3.1,traffic sign,grp10_IMG_20251125_123112.jpg,E:\2. UM-Student\MSC Dissertation\Urban-Vision-Benchmark\Datasets\MTSD\Prepared\MTSD-Unaugmented\MTSD-YOLO\test\images\grp10_IMG_20251125_123112.jpg,1139.4,2666.52,1263.5,2897.96,0.3633,traffic sign,True,True,238.7,mtsd-p12
SAM 3.1,traffic sign,grp10_IMG_20251125_123425.jpg,E:\2. UM-Student\MSC Dissertation\Urban-Vision-Benchmark\Datasets\MTSD\Prepared\MTSD-Unaugmented\MTSD-YOLO\test\images\grp10_IMG_20251125_123425.jpg,,,,,,<no detections>,False,True,140.5,mtsd-p12
SAM 3.1,traffic sign,grp10_IMG_20251125_124400.jpg,E:\2. UM-Student\MSC Dissertation\Urban-Vision-Benchmark\Datasets\MTSD\Prepared\MTSD-Unaugmented\MTSD-YOLO\test\images\grp10_IMG_20251125_124400.jpg,555.29,1541.35,1515.79,3282.82,0.8789,traffic sign,True,True,172.9,mtsd-p12
SAM 3.1,traffic sign,grp10_IMG_20251125_153252.jpg,E:\2. UM-Student\MSC Dissertation\Urban-Vision-Benchmark\Datasets\MTSD\Prepared\MTSD-Unaugmented\MTSD-YOLO\test\images\grp10_IMG_20251125_153252.jpg,2526.67,2613.96,2595.7,2660.28,0.6602,traffic sign,True,True,782.7,mtsd-p12
SAM 3.1,traffic sign,grp10_IMG_20251125_153252.jpg,E:\2. UM-Student\MSC Dissertation\Urban-Vision-Benchmark\Datasets\MTSD\Prepared\MTSD-Unaugmented\MTSD-YOLO\test\images\grp10_IMG_20251125_153252.jpg,2479.08,2603.58,2519.38,2642.5,0.3457,traffic sign,True,True,782.7,mtsd-p12
SAM 3.1,traffic sign,grp10_IMG_20251125_153252.jpg,E:\2. UM-Student\MSC Dissertation\Urban-Vision-Benchmark\Datasets\MTSD\Prepared\MTSD-Unaugmented\MTSD-YOLO\test\images\grp10_IMG_20251125_153252.jpg,3410.08,2622.59,3439.11,2691.44,0.3613,traffic sign,True,True,782.7,mtsd-p12
SAM 3.1,traffic sign,grp10_IMG_20251125_153252.jpg,E:\2. UM-Student\MSC Dissertation\Urban-Vision-Benchmark\Datasets\MTSD\Prepared\MTSD-Unaugmented\MTSD-YOLO\test\images\grp10_IMG_20251125_153252.jpg,2144.82,2527.31,2223.65,2624.54,0.6484,traffic sign,True,True,782.7,mtsd-p12
SAM 3.1,traffic sign,grp10_IMG_20251125_153252.jpg,E:\2. UM-Student\MSC Dissertation\Urban-Vision-Benchmark\Datasets\MTSD\Prepared\MTSD-Unaugmented\MTSD-YOLO\test\images\grp10_IMG_20251125_153252.jpg,1290.38,780.45,2161.08,1628.41,0.9023,traffic sign,True,True,782.7,mtsd-p12
SAM 3.1,traffic sign,grp10_IMG_20251125_153559.jpg,E:\2. UM-Student\MSC Dissertation\Urban-Vision-Benchmark\Datasets\MTSD\Prepared\MTSD-Unaugmented\MTSD-YOLO\test\images\grp10_IMG_20251125_153559.jpg,1624.06,713.03,1936.47,1881.82,0.8281,traffic sign,True,True,200.7,mtsd-p12
SAM 3.1,traffic sign,grp10_IMG_20251126_123510.jpg,E:\2. UM-Student\MSC Dissertation\Urban-Vision-Benchmark\Datasets\MTSD\Prepared\MTSD-Unaugmented\MTSD-YOLO\test\images\grp10_IMG_20251126_123510.jpg,1664.69,3943.83,1716.37,4005.2,0.8242,traffic sign,True,True,201.5,mtsd-p12
SAM 3.1,traffic sign,grp10_IMG_20251126_123510.jpg,E:\2. UM-Student\MSC Dissertation\Urban-Vision-Benchmark\Datasets\MTSD\Prepared\MTSD-Unaugmented\MTSD-YOLO\test\images\grp10_IMG_20251126_123510.jpg,875.19,3762.59,977.98,3968.2,0.3516,traffic sign,True,True,201.5,mtsd-p12
SAM 3.1,traffic sign,grp10_IMG_20251126_123510.jpg,E:\2. UM-Student\MSC Dissertation\Urban-Vision-Benchmark\Datasets\MTSD\Prepared\MTSD-Unaugmented\MTSD-YOLO\test\images\grp10_IMG_20251126_123510.jpg,718.13,2105.74,1400.05,2709.78,0.9258,traffic sign,True,True,201.5,mtsd-p12
SAM 3.1,traffic sign,grp10_IMG_20251126_123524.jpg,E:\2. UM-Student\MSC Dissertation\Urban-Vision-Benchmark\Datasets\MTSD\Prepared\MTSD-Unaugmented\MTSD-YOLO\test\images\grp10_IMG_20251126_123524.jpg,1862.89,3642.84,2080.0,4283.15,0.8438,traffic sign,True,True,239.1,mtsd-p12
SAM 3.1,traffic sign,grp10_IMG_20251126_123524.jpg,E:\2. UM-Student\MSC Dissertation\Urban-Vision-Benchmark\Datasets\MTSD\Prepared\MTSD-Unaugmented\MTSD-YOLO\test\images\grp10_IMG_20251126_123524.jpg,659.73,2070.13,1500.74,2737.49,0.7578,traffic sign,True,True,239.1,mtsd-p12
SAM 3.1,traffic sign,grp10_IMG_20251126_123524.jpg,E:\2. UM-Student\MSC Dissertation\Urban-Vision-Benchmark\Datasets\MTSD\Prepared\MTSD-Unaugmented\MTSD-YOLO\test\images\grp10_IMG_20251126_123524.jpg,1829.81,4203.56,2080.0,4616.63,0.4707,traffic sign,True,True,239.1,mtsd-p12
SAM 3.1,traffic sign,grp10_IMG_20251126_123524.jpg,E:\2. UM-Student\MSC Dissertation\Urban-Vision-Benchmark\Datasets\MTSD\Prepared\MTSD-Unaugmented\MTSD-YOLO\test\images\grp10_IMG_20251126_123524.jpg,666.73,1254.02,1494.23,4624.0,0.3652,traffic sign,True,True,239.1,mtsd-p12
SAM 3.1,traffic sign,grp10_IMG_20251126_123910.jpg,E:\2. UM-Student\MSC Dissertation\Urban-Vision-Benchmark\Datasets\MTSD\Prepared\MTSD-Unaugmented\MTSD-YOLO\test\images\grp10_IMG_20251126_123910.jpg,1153.06,2927.69,1322.55,3168.75,0.3633,traffic sign,True,True,211.8,mtsd-p12
SAM 3.1,traffic sign,grp10_IMG_20251126_123910.jpg,E:\2. UM-Student\MSC Dissertation\Urban-Vision-Benchmark\Datasets\MTSD\Prepared\MTSD-Unaugmented\MTSD-YOLO\test\images\grp10_IMG_20251126_123910.jpg,618.52,1250.81,1560.52,4620.83,0.3105,traffic sign,True,True,211.8,mtsd-p12
SAM 3.1,traffic sign,grp10_IMG_20251126_123910.jpg,E:\2. UM-Student\MSC Dissertation\Urban-Vision-Benchmark\Datasets\MTSD\Prepared\MTSD-Unaugmented\MTSD-YOLO\test\images\grp10_IMG_20251126_123910.jpg,592.46,2039.19,1574.66,2975.49,0.9375,traffic sign,True,True,211.8,mtsd-p12
SAM 3.1,traffic sign,grp10_IMG_20251126_123910.jpg,E:\2. UM-Student\MSC Dissertation\Urban-Vision-Benchmark\Datasets\MTSD\Prepared\MTSD-Unaugmented\MTSD-YOLO\test\images\grp10_IMG_20251126_123910.jpg,632.88,1252.89,1524.73,2040.82,0.9414,traffic sign,True,True,211.8,mtsd-p12
SAM 3.1,traffic sign,grp10_IMG_20260106_160010_253.jpg,E:\2. UM-Student\MSC Dissertation\Urban-Vision-Benchmark\Datasets\MTSD\Prepared\MTSD-Unaugmented\MTSD-YOLO\test\images\grp10_IMG_20260106_160010_253.jpg,1005.72,746.26,2078.81,4080.0,0.3691,traffic sign,True,True,458.8,mtsd-p12
SAM 3.1,traffic sign,grp10_IMG_20260106_160010_253.jpg,E:\2. UM-Student\MSC Dissertation\Urban-Vision-Benchmark\Datasets\MTSD\Prepared\MTSD-Unaugmented\MTSD-YOLO\test\images\grp10_IMG_20260106_160010_253.jpg,1455.65,2492.13,1529.5,2551.78,0.7422,traffic sign,True,True,458.8,mtsd-p12
SAM 3.1,traffic sign,grp10_IMG_20260106_160010_253.jpg,E:\2. UM-Student\MSC Dissertation\Urban-Vision-Benchmark\Datasets\MTSD\Prepared\MTSD-Unaugmented\MTSD-YOLO\test\images\grp10_IMG_20260106_160010_253.jpg,1022.39,1600.39,2049.96,2010.22,0.875,traffic sign,True,True,458.8,mtsd-p12
SAM 3.1,traffic sign,grp10_IMG_20260106_160010_253.jpg,E:\2. UM-Student\MSC Dissertation\Urban-Vision-Benchmark\Datasets\MTSD\Prepared\MTSD-Unaugmented\MTSD-YOLO\test\images\grp10_IMG_20260106_160010_253.jpg,1005.81,743.41,2071.86,1655.02,0.9297,traffic sign,True,True,458.8,mtsd-p12
SAM 3.1,traffic sign,grp10_IMG_20260106_160549_637.jpg,E:\2. UM-Student\MSC Dissertation\Urban-Vision-Benchmark\Datasets\MTSD\Prepared\MTSD-Unaugmented\MTSD-YOLO\test\images\grp10_IMG_20260106_160549_637.jpg,1341.76,2697.65,1380.95,2757.97,0.5586,traffic sign,True,True,600.3,mtsd-p12
SAM 3.1,traffic sign,grp10_IMG_20260106_160549_637.jpg,E:\2. UM-Student\MSC Dissertation\Urban-Vision-Benchmark\Datasets\MTSD\Prepared\MTSD-Unaugmented\MTSD-YOLO\test\images\grp10_IMG_20260106_160549_637.jpg,334.54,2709.28,371.76,2767.52,0.4277,traffic sign,True,True,600.3,mtsd-p12
SAM 3.1,traffic sign,grp10_IMG_20260106_160549_637.jpg,E:\2. UM-Student\MSC Dissertation\Urban-Vision-Benchmark\Datasets\MTSD\Prepared\MTSD-Unaugmented\MTSD-YOLO\test\images\grp10_IMG_20260106_160549_637.jpg,964.49,2676.08,1025.39,2731.94,0.4062,traffic sign,True,True,600.3,mtsd-p12
SAM 3.1,traffic sign,grp10_IMG_20260106_160549_637.jpg,E:\2. UM-Student\MSC Dissertation\Urban-Vision-Benchmark\Datasets\MTSD\Prepared\MTSD-Unaugmented\MTSD-YOLO\test\images\grp10_IMG_20260106_160549_637.jpg,1125.16,2667.35,1178.04,2748.14,0.6133,traffic sign,True,True,600.3,mtsd-p12
SAM 3.1,traffic sign,grp10_IMG_20260106_160549_637.jpg,E:\2. UM-Student\MSC Dissertation\Urban-Vision-Benchmark\Datasets\MTSD\Prepared\MTSD-Unaugmented\MTSD-YOLO\test\images\grp10_IMG_20260106_160549_637.jpg,373.51,2703.05,446.98,2773.93,0.5117,traffic sign,True,True,600.3,mtsd-p12
SAM 3.1,traffic sign,grp10_IMG_20260106_160549_637.jpg,E:\2. UM-Student\MSC Dissertation\Urban-Vision-Benchmark\Datasets\MTSD\Prepared\MTSD-Unaugmented\MTSD-YOLO\test\images\grp10_IMG_20260106_160549_637.jpg,1036.41,944.31,2226.04,4080.0,0.3652,traffic sign,True,True,600.3,mtsd-p12
SAM 3.1,traffic sign,grp10_IMG_20260106_160549_637.jpg,E:\2. UM-Student\MSC Dissertation\Urban-Vision-Benchmark\Datasets\MTSD\Prepared\MTSD-Unaugmented\MTSD-YOLO\test\images\grp10_IMG_20260106_160549_637.jpg,1031.09,949.87,2222.31,2088.66,0.8711,traffic sign,True,True,600.3,mtsd-p12
SAM 3.1,traffic sign,grp10_IMG_20260106_160549_637.jpg,E:\2. UM-Student\MSC Dissertation\Urban-Vision-Benchmark\Datasets\MTSD\Prepared\MTSD-Unaugmented\MTSD-YOLO\test\images\grp10_IMG_20260106_160549_637.jpg,1492.72,2081.88,1912.44,3030.59,0.4512,traffic sign,True,True,600.3,mtsd-p12
SAM 3.1,traffic sign,grp10_IMG_20260106_160608_331.jpg,E:\2. UM-Student\MSC Dissertation\Urban-Vision-Benchmark\Datasets\MTSD\Prepared\MTSD-Unaugmented\MTSD-YOLO\test\images\grp10_IMG_20260106_160608_331.jpg,1194.11,2103.86,1473.7,3486.02,0.3906,traffic sign,True,True,509.4,mtsd-p12
SAM 3.1,traffic sign,grp10_IMG_20260106_160608_331.jpg,E:\2. UM-Student\MSC Dissertation\Urban-Vision-Benchmark\Datasets\MTSD\Prepared\MTSD-Unaugmented\MTSD-YOLO\test\images\grp10_IMG_20260106_160608_331.jpg,1052.67,937.75,2340.4,4070.93,0.3242,traffic sign,True,True,509.4,mtsd-p12
SAM 3.1,traffic sign,grp10_IMG_20260106_160608_331.jpg,E:\2. UM-Student\MSC Dissertation\Urban-Vision-Benchmark\Datasets\MTSD\Prepared\MTSD-Unaugmented\MTSD-YOLO\test\images\grp10_IMG_20260106_160608_331.jpg,987.7,939.02,2342.72,2278.75,0.8008,traffic sign,True,True,509.4,mtsd-p12
SAM 3.1,traffic sign,grp10_IMG_20260106_161746_914.jpg,E:\2. UM-Student\MSC Dissertation\Urban-Vision-Benchmark\Datasets\MTSD\Prepared\MTSD-Unaugmented\MTSD-YOLO\test\images\grp10_IMG_20260106_161746_914.jpg,168.86,2505.62,205.81,2542.8,0.3262,traffic sign,True,True,552.7,mtsd-p12
SAM 3.1,traffic sign,grp10_IMG_20260106_161746_914.jpg,E:\2. UM-Student\MSC Dissertation\Urban-Vision-Benchmark\Datasets\MTSD\Prepared\MTSD-Unaugmented\MTSD-YOLO\test\images\grp10_IMG_20260106_161746_914.jpg,153.53,2482.42,222.18,2532.25,0.332,traffic sign,True,True,552.7,mtsd-p12
SAM 3.1,traffic sign,grp10_IMG_20260106_161746_914.jpg,E:\2. UM-Student\MSC Dissertation\Urban-Vision-Benchmark\Datasets\MTSD\Prepared\MTSD-Unaugmented\MTSD-YOLO\test\images\grp10_IMG_20260106_161746_914.jpg,992.27,538.78,2564.84,4076.97,0.375,traffic sign,True,True,552.7,mtsd-p12
SAM 3.1,traffic sign,grp10_IMG_20260106_161746_914.jpg,E:\2. UM-Student\MSC Dissertation\Urban-Vision-Benchmark\Datasets\MTSD\Prepared\MTSD-Unaugmented\MTSD-YOLO\test\images\grp10_IMG_20260106_161746_914.jpg,994.17,536.8,2557.37,2101.86,0.9258,traffic sign,True,True,552.7,mtsd-p12
SAM 3.1,traffic sign,grp10_IMG_20260106_162304_258.jpg,E:\2. UM-Student\MSC Dissertation\Urban-Vision-Benchmark\Datasets\MTSD\Prepared\MTSD-Unaugmented\MTSD-YOLO\test\images\grp10_IMG_20260106_162304_258.jpg,,,,,,<no detections>,False,True,165.4,mtsd-p12
SAM 3.1,traffic sign,grp10_IMG_20260110_171243_436.jpg,E:\2. UM-Student\MSC Dissertation\Urban-Vision-Benchmark\Datasets\MTSD\Prepared\MTSD-Unaugmented\MTSD-YOLO\test\images\grp10_IMG_20260110_171243_436.jpg,966.24,1030.17,1937.96,4080.0,0.4277,traffic sign,True,True,223.7,mtsd-p12
SAM 3.1,traffic sign,grp10_IMG_20260110_171243_436.jpg,E:\2. UM-Student\MSC Dissertation\Urban-Vision-Benchmark\Datasets\MTSD\Prepared\MTSD-Unaugmented\MTSD-YOLO\test\images\grp10_IMG_20260110_171243_436.jpg,971.8,1036.27,1936.67,1966.73,0.9062,traffic sign,True,True,223.7,mtsd-p12
SAM 3.1,traffic sign,grp10_IMG_20260110_172451_501.jpg,E:\2. UM-Student\MSC Dissertation\Urban-Vision-Benchmark\Datasets\MTSD\Prepared\MTSD-Unaugmented\MTSD-YOLO\test\images\grp10_IMG_20260110_172451_501.jpg,,,,,,<no detections>,False,True,160.4,mtsd-p12
SAM 3.1,traffic sign,grp10_IMG_20260110_172745_673.jpg,E:\2. UM-Student\MSC Dissertation\Urban-Vision-Benchmark\Datasets\MTSD\Prepared\MTSD-Unaugmented\MTSD-YOLO\test\images\grp10_IMG_20260110_172745_673.jpg,1299.07,1656.79,2532.85,3436.24,0.9219,traffic sign,True,True,201.8,mtsd-p12
SAM 3.1,traffic sign,grp10_IMG_20260110_173056_747.jpg,E:\2. UM-Student\MSC Dissertation\Urban-Vision-Benchmark\Datasets\MTSD\Prepared\MTSD-Unaugmented\MTSD-YOLO\test\images\grp10_IMG_20260110_173056_747.jpg,1167.22,1149.24,2391.06,1894.73,0.5312,traffic sign,True,True,418.9,mtsd-p12
SAM 3.1,traffic sign,grp10_IMG_20260110_173056_747.jpg,E:\2. UM-Student\MSC Dissertation\Urban-Vision-Benchmark\Datasets\MTSD\Prepared\MTSD-Unaugmented\MTSD-YOLO\test\images\grp10_IMG_20260110_173056_747.jpg,1004.25,841.98,2377.99,1599.85,0.8594,traffic sign,True,True,418.9,mtsd-p12
SAM 3.1,traffic sign,grp10_IMG_20260110_173056_747.jpg,E:\2. UM-Student\MSC Dissertation\Urban-Vision-Benchmark\Datasets\MTSD\Prepared\MTSD-Unaugmented\MTSD-YOLO\test\images\grp10_IMG_20260110_173056_747.jpg,994.67,816.24,4080.0,1897.65,0.3496,traffic sign,True,True,418.9,mtsd-p12
SAM 3.1,traffic sign,grp10_IMG_20260110_173308_202.jpg,E:\2. UM-Student\MSC Dissertation\Urban-Vision-Benchmark\Datasets\MTSD\Prepared\MTSD-Unaugmented\MTSD-YOLO\test\images\grp10_IMG_20260110_173308_202.jpg,,,,,,<no detections>,False,True,147.1,mtsd-p12
SAM 3.1,traffic sign,grp10_IMG_20260113_083600_409.jpg,E:\2. UM-Student\MSC Dissertation\Urban-Vision-Benchmark\Datasets\MTSD\Prepared\MTSD-Unaugmented\MTSD-YOLO\test\images\grp10_IMG_20260113_083600_409.jpg,731.04,830.44,2253.52,2621.67,0.6406,traffic sign,True,True,452.3,mtsd-p12
SAM 3.1,traffic sign,grp10_IMG_20260113_083600_409.jpg,E:\2. UM-Student\MSC Dissertation\Urban-Vision-Benchmark\Datasets\MTSD\Prepared\MTSD-Unaugmented\MTSD-YOLO\test\images\grp10_IMG_20260113_083600_409.jpg,734.27,825.37,4080.0,2624.16,0.4062,traffic sign,True,True,452.3,mtsd-p12
SAM 3.1,traffic sign,grp10_IMG_20260113_083728_516.jpg,E:\2. UM-Student\MSC Dissertation\Urban-Vision-Benchmark\Datasets\MTSD\Prepared\MTSD-Unaugmented\MTSD-YOLO\test\images\grp10_IMG_20260113_083728_516.jpg,3356.11,2434.64,3428.46,2495.32,0.4883,traffic sign,True,True,471.1,mtsd-p12
SAM 3.1,traffic sign,grp10_IMG_20260113_083728_516.jpg,E:\2. UM-Student\MSC Dissertation\Urban-Vision-Benchmark\Datasets\MTSD\Prepared\MTSD-Unaugmented\MTSD-YOLO\test\images\grp10_IMG_20260113_083728_516.jpg,688.84,625.04,2470.32,2651.61,0.5547,traffic sign,True,True,471.1,mtsd-p12
SAM 3.1,traffic sign,grp10_IMG_20260113_083728_516.jpg,E:\2. UM-Student\MSC Dissertation\Urban-Vision-Benchmark\Datasets\MTSD\Prepared\MTSD-Unaugmented\MTSD-YOLO\test\images\grp10_IMG_20260113_083728_516.jpg,1829.41,627.31,2463.5,2656.33,0.582,traffic sign,True,True,471.1,mtsd-p12
SAM 3.1,traffic sign,grp10_IMG_20260113_083728_516.jpg,E:\2. UM-Student\MSC Dissertation\Urban-Vision-Benchmark\Datasets\MTSD\Prepared\MTSD-Unaugmented\MTSD-YOLO\test\images\grp10_IMG_20260113_083728_516.jpg,3516.2,2182.81,3559.86,2221.71,0.418,traffic sign,True,True,471.1,mtsd-p12
SAM 3.1,traffic sign,grp10_IMG_20260113_083728_516.jpg,E:\2. UM-Student\MSC Dissertation\Urban-Vision-Benchmark\Datasets\MTSD\Prepared\MTSD-Unaugmented\MTSD-YOLO\test\images\grp10_IMG_20260113_083728_516.jpg,687.59,695.13,1878.18,2586.0,0.625,traffic sign,True,True,471.1,mtsd-p12
SAM 3.1,traffic sign,grp10_IMG_20260113_083728_516.jpg,E:\2. UM-Student\MSC Dissertation\Urban-Vision-Benchmark\Datasets\MTSD\Prepared\MTSD-Unaugmented\MTSD-YOLO\test\images\grp10_IMG_20260113_083728_516.jpg,693.45,606.53,4075.39,2663.4,0.498,traffic sign,True,True,471.1,mtsd-p12
SAM 3.1,traffic sign,grp10_IMG_20260113_083759_046.jpg,E:\2. UM-Student\MSC Dissertation\Urban-Vision-Benchmark\Datasets\MTSD\Prepared\MTSD-Unaugmented\MTSD-YOLO\test\images\grp10_IMG_20260113_083759_046.jpg,,,,,,<no detections>,False,True,206.0,mtsd-p12
SAM 3.1,traffic sign,grp10_IMG_20260113_083821_567.jpg,E:\2. UM-Student\MSC Dissertation\Urban-Vision-Benchmark\Datasets\MTSD\Prepared\MTSD-Unaugmented\MTSD-YOLO\test\images\grp10_IMG_20260113_083821_567.jpg,3414.91,582.35,3614.29,723.86,0.7422,traffic sign,True,True,220.9,mtsd-p12
SAM 3.1,traffic sign,grp10_IMG_20260113_083821_567.jpg,E:\2. UM-Student\MSC Dissertation\Urban-Vision-Benchmark\Datasets\MTSD\Prepared\MTSD-Unaugmented\MTSD-YOLO\test\images\grp10_IMG_20260113_083821_567.jpg,1020.54,941.44,2984.89,2362.51,0.3555,traffic sign,True,True,220.9,mtsd-p12
SAM 3.1,traffic sign,grp10_IMG_20260113_084856_622.jpg,E:\2. UM-Student\MSC Dissertation\Urban-Vision-Benchmark\Datasets\MTSD\Prepared\MTSD-Unaugmented\MTSD-YOLO\test\images\grp10_IMG_20260113_084856_622.jpg,,,,,,<no detections>,False,True,172.3,mtsd-p12
SAM 3.1,traffic sign,grp10_IMG_20260113_084947_261.jpg,E:\2. UM-Student\MSC Dissertation\Urban-Vision-Benchmark\Datasets\MTSD\Prepared\MTSD-Unaugmented\MTSD-YOLO\test\images\grp10_IMG_20260113_084947_261.jpg,1447.73,864.28,2365.46,1947.59,0.8945,traffic sign,True,True,430.9,mtsd-p12
SAM 3.1,traffic sign,grp10_IMG_20260113_085011_841.jpg,E:\2. UM-Student\MSC Dissertation\Urban-Vision-Benchmark\Datasets\MTSD\Prepared\MTSD-Unaugmented\MTSD-YOLO\test\images\grp10_IMG_20260113_085011_841.jpg,921.32,534.37,2231.18,2456.41,0.3535,traffic sign,True,True,220.8,mtsd-p12
SAM 3.1,traffic sign,grp10_IMG_20260113_085011_841.jpg,E:\2. UM-Student\MSC Dissertation\Urban-Vision-Benchmark\Datasets\MTSD\Prepared\MTSD-Unaugmented\MTSD-YOLO\test\images\grp10_IMG_20260113_085011_841.jpg,930.2,353.33,4080.0,2495.13,0.373,traffic sign,True,True,220.8,mtsd-p12
SAM 3.1,traffic sign,grp10_IMG_20260113_085011_841.jpg,E:\2. UM-Student\MSC Dissertation\Urban-Vision-Benchmark\Datasets\MTSD\Prepared\MTSD-Unaugmented\MTSD-YOLO\test\images\grp10_IMG_20260113_085011_841.jpg,1837.76,364.45,2866.31,2491.97,0.3125,traffic sign,True,True,220.8,mtsd-p12
SAM 3.1,traffic sign,grp10_IMG_20260113_085011_841.jpg,E:\2. UM-Student\MSC Dissertation\Urban-Vision-Benchmark\Datasets\MTSD\Prepared\MTSD-Unaugmented\MTSD-YOLO\test\images\grp10_IMG_20260113_085011_841.jpg,921.26,363.02,2867.15,2490.24,0.3418,traffic sign,True,True,220.8,mtsd-p12
SAM 3.1,traffic sign,grp10_IMG_20260113_085024_440.jpg,E:\2. UM-Student\MSC Dissertation\Urban-Vision-Benchmark\Datasets\MTSD\Prepared\MTSD-Unaugmented\MTSD-YOLO\test\images\grp10_IMG_20260113_085024_440.jpg,3523.82,431.35,3646.09,573.56,0.7305,traffic sign,True,True,438.5,mtsd-p12
SAM 3.1,traffic sign,grp10_IMG_20260113_085024_440.jpg,E:\2. UM-Student\MSC Dissertation\Urban-Vision-Benchmark\Datasets\MTSD\Prepared\MTSD-Unaugmented\MTSD-YOLO\test\images\grp10_IMG_20260113_085024_440.jpg,2271.85,814.51,3360.17,1886.59,0.9531,traffic sign,True,True,438.5,mtsd-p12
SAM 3.1,traffic sign,grp10_IMG_20260113_085024_440.jpg,E:\2. UM-Student\MSC Dissertation\Urban-Vision-Benchmark\Datasets\MTSD\Prepared\MTSD-Unaugmented\MTSD-YOLO\test\images\grp10_IMG_20260113_085024_440.jpg,3428.34,565.65,3574.06,706.23,0.5703,traffic sign,True,True,438.5,mtsd-p12
SAM 3.1,traffic sign,grp10_IMG_20260113_085024_440.jpg,E:\2. UM-Student\MSC Dissertation\Urban-Vision-Benchmark\Datasets\MTSD\Prepared\MTSD-Unaugmented\MTSD-YOLO\test\images\grp10_IMG_20260113_085024_440.jpg,1306.05,880.92,2263.37,2019.05,0.9414,traffic sign,True,True,438.5,mtsd-p12
SAM 3.1,traffic sign,grp10_IMG_20260113_085024_440.jpg,E:\2. UM-Student\MSC Dissertation\Urban-Vision-Benchmark\Datasets\MTSD\Prepared\MTSD-Unaugmented\MTSD-YOLO\test\images\grp10_IMG_20260113_085024_440.jpg,3214.57,2097.33,3352.33,2184.74,0.4668,traffic sign,True,True,438.5,mtsd-p12
SAM 3.1,traffic sign,grp10_IMG_20260113_085024_440.jpg,E:\2. UM-Student\MSC Dissertation\Urban-Vision-Benchmark\Datasets\MTSD\Prepared\MTSD-Unaugmented\MTSD-YOLO\test\images\grp10_IMG_20260113_085024_440.jpg,3700.59,1040.14,3850.46,1101.67,0.6133,traffic sign,True,True,438.5,mtsd-p12
SAM 3.1,traffic sign,grp10_IMG_8791.jpeg,E:\2. UM-Student\MSC Dissertation\Urban-Vision-Benchmark\Datasets\MTSD\Prepared\MTSD-Unaugmented\MTSD-YOLO\test\images\grp10_IMG_8791.jpeg,520.56,2055.78,2368.91,3961.16,0.9453,traffic sign,True,True,220.2,mtsd-p12
SAM 3.1,traffic sign,grp10_IMG_8791.jpeg,E:\2. UM-Student\MSC Dissertation\Urban-Vision-Benchmark\Datasets\MTSD\Prepared\MTSD-Unaugmented\MTSD-YOLO\test\images\grp10_IMG_8791.jpeg,604.33,413.87,2293.22,2040.08,0.9453,traffic sign,True,True,220.2,mtsd-p12
SAM 3.1,traffic sign,grp10_IMG_8810.jpeg,E:\2. UM-Student\MSC Dissertation\Urban-Vision-Benchmark\Datasets\MTSD\Prepared\MTSD-Unaugmented\MTSD-YOLO\test\images\grp10_IMG_8810.jpeg,,,,,,<no detections>,False,True,151.6,mtsd-p12
SAM 3.1,traffic sign,grp10_wall_stop.jpeg,E:\2. UM-Student\MSC Dissertation\Urban-Vision-Benchmark\Datasets\MTSD\Prepared\MTSD-Unaugmented\MTSD-YOLO\test\images\grp10_wall_stop.jpeg,705.12,1740.24,2123.81,3843.83,0.9062,traffic sign,True,True,248.9,mtsd-p12
SAM 3.1,traffic sign,grp10_wall_stop.jpeg,E:\2. UM-Student\MSC Dissertation\Urban-Vision-Benchmark\Datasets\MTSD\Prepared\MTSD-Unaugmented\MTSD-YOLO\test\images\grp10_wall_stop.jpeg,845.01,567.09,2066.85,1730.65,0.9258,traffic sign,True,True,248.9,mtsd-p12
SAM 3.1,traffic sign,grp10_WhatsApp Image 2025-11-16 at 17.52.23 (3).jpeg,E:\2. UM-Student\MSC Dissertation\Urban-Vision-Benchmark\Datasets\MTSD\Prepared\MTSD-Unaugmented\MTSD-YOLO\test\images\grp10_WhatsApp Image 2025-11-16 at 17.52.23 (3).jpeg,160.46,731.53,1282.12,1758.23,0.9297,traffic sign,True,True,130.2,mtsd-p12
SAM 3.1,traffic sign,grp10_WhatsApp Image 2025-11-16 at 17.52.25 (1).jpeg,E:\2. UM-Student\MSC Dissertation\Urban-Vision-Benchmark\Datasets\MTSD\Prepared\MTSD-Unaugmented\MTSD-YOLO\test\images\grp10_WhatsApp Image 2025-11-16 at 17.52.25 (1).jpeg,,,,,,<no detections>,False,True,124.6,mtsd-p12
SAM 3.1,traffic sign,grp10_WhatsApp Image 2025-11-16 at 17.52.27.jpeg,E:\2. UM-Student\MSC Dissertation\Urban-Vision-Benchmark\Datasets\MTSD\Prepared\MTSD-Unaugmented\MTSD-YOLO\test\images\grp10_WhatsApp Image 2025-11-16 at 17.52.27.jpeg,68.06,1567.25,174.64,1705.63,0.707,traffic sign,True,True,171.0,mtsd-p12
SAM 3.1,traffic sign,grp10_WhatsApp Image 2025-11-16 at 17.52.27.jpeg,E:\2. UM-Student\MSC Dissertation\Urban-Vision-Benchmark\Datasets\MTSD\Prepared\MTSD-Unaugmented\MTSD-YOLO\test\images\grp10_WhatsApp Image 2025-11-16 at 17.52.27.jpeg,123.4,713.01,941.43,1452.98,0.957,traffic sign,True,True,171.0,mtsd-p12
SAM 3.1,traffic sign,grp10_WhatsApp Image 2025-11-16 at 17.52.27.jpeg,E:\2. UM-Student\MSC Dissertation\Urban-Vision-Benchmark\Datasets\MTSD\Prepared\MTSD-Unaugmented\MTSD-YOLO\test\images\grp10_WhatsApp Image 2025-11-16 at 17.52.27.jpeg,85.51,1793.5,106.49,1820.49,0.3164,traffic sign,True,True,171.0,mtsd-p12
SAM 3.1,traffic sign,grp10_WhatsApp Image 2025-11-16 at 17.52.27.jpeg,E:\2. UM-Student\MSC Dissertation\Urban-Vision-Benchmark\Datasets\MTSD\Prepared\MTSD-Unaugmented\MTSD-YOLO\test\images\grp10_WhatsApp Image 2025-11-16 at 17.52.27.jpeg,148.26,1730.2,186.02,1771.35,0.7109,traffic sign,True,True,171.0,mtsd-p12
SAM 3.1,traffic sign,grp10_WhatsApp Image 2025-11-16 at 17.52.27.jpeg,E:\2. UM-Student\MSC Dissertation\Urban-Vision-Benchmark\Datasets\MTSD\Prepared\MTSD-Unaugmented\MTSD-YOLO\test\images\grp10_WhatsApp Image 2025-11-16 at 17.52.27.jpeg,147.23,1728.64,186.15,1856.53,0.3555,traffic sign,True,True,171.0,mtsd-p12
SAM 3.1,traffic sign,grp10_WhatsApp Image 2025-11-16 at 17.52.28 (3).jpeg,E:\2. UM-Student\MSC Dissertation\Urban-Vision-Benchmark\Datasets\MTSD\Prepared\MTSD-Unaugmented\MTSD-YOLO\test\images\grp10_WhatsApp Image 2025-11-16 at 17.52.28 (3).jpeg,1358.42,1476.37,1377.36,1496.33,0.3086,traffic sign,True,True,189.6,mtsd-p12
SAM 3.1,traffic sign,grp10_WhatsApp Image 2025-11-16 at 17.52.28 (3).jpeg,E:\2. UM-Student\MSC Dissertation\Urban-Vision-Benchmark\Datasets\MTSD\Prepared\MTSD-Unaugmented\MTSD-YOLO\test\images\grp10_WhatsApp Image 2025-11-16 at 17.52.28 (3).jpeg,1356.14,1458.61,1382.87,1476.1,0.4746,traffic sign,True,True,189.6,mtsd-p12
SAM 3.1,traffic sign,grp10_WhatsApp Image 2025-11-16 at 17.52.28 (3).jpeg,E:\2. UM-Student\MSC Dissertation\Urban-Vision-Benchmark\Datasets\MTSD\Prepared\MTSD-Unaugmented\MTSD-YOLO\test\images\grp10_WhatsApp Image 2025-11-16 at 17.52.28 (3).jpeg,344.43,587.65,963.65,1186.74,0.9297,traffic sign,True,True,189.6,mtsd-p12
SAM 3.1,traffic sign,grp10_WhatsApp Image 2025-11-16 at 17.52.29.jpeg,E:\2. UM-Student\MSC Dissertation\Urban-Vision-Benchmark\Datasets\MTSD\Prepared\MTSD-Unaugmented\MTSD-YOLO\test\images\grp10_WhatsApp Image 2025-11-16 at 17.52.29.jpeg,379.44,633.3,1082.64,1310.91,0.9141,traffic sign,True,True,126.5,mtsd-p12
SAM 3.1,traffic sign,grp10_WhatsApp Image 2025-11-17 at 12.38.32 (2).jpeg,E:\2. UM-Student\MSC Dissertation\Urban-Vision-Benchmark\Datasets\MTSD\Prepared\MTSD-Unaugmented\MTSD-YOLO\test\images\grp10_WhatsApp Image 2025-11-17 at 12.38.32 (2).jpeg,298.69,626.27,1071.27,1265.63,0.9141,traffic sign,True,True,132.6,mtsd-p12
SAM 3.1,traffic sign,grp10_WhatsApp Image 2025-11-17 at 12.38.34.jpeg,E:\2. UM-Student\MSC Dissertation\Urban-Vision-Benchmark\Datasets\MTSD\Prepared\MTSD-Unaugmented\MTSD-YOLO\test\images\grp10_WhatsApp Image 2025-11-17 at 12.38.34.jpeg,253.03,636.96,1276.52,1556.59,0.9102,traffic sign,True,True,134.6,mtsd-p12
SAM 3.1,traffic sign,grp10_WhatsApp Image 2025-11-17 at 12.38.37 (2).jpeg,E:\2. UM-Student\MSC Dissertation\Urban-Vision-Benchmark\Datasets\MTSD\Prepared\MTSD-Unaugmented\MTSD-YOLO\test\images\grp10_WhatsApp Image 2025-11-17 at 12.38.37 (2).jpeg,1164.43,1807.82,1315.18,2040.0,0.8672,traffic sign,True,True,167.3,mtsd-p12
SAM 3.1,traffic sign,grp10_WhatsApp Image 2025-11-17 at 12.38.37 (2).jpeg,E:\2. UM-Student\MSC Dissertation\Urban-Vision-Benchmark\Datasets\MTSD\Prepared\MTSD-Unaugmented\MTSD-YOLO\test\images\grp10_WhatsApp Image 2025-11-17 at 12.38.37 (2).jpeg,901.23,533.79,1071.89,2040.0,0.3438,traffic sign,True,True,167.3,mtsd-p12
SAM 3.1,traffic sign,grp10_WhatsApp Image 2025-11-17 at 12.38.37 (2).jpeg,E:\2. UM-Student\MSC Dissertation\Urban-Vision-Benchmark\Datasets\MTSD\Prepared\MTSD-Unaugmented\MTSD-YOLO\test\images\grp10_WhatsApp Image 2025-11-17 at 12.38.37 (2).jpeg,933.9,1180.9,1072.38,1929.14,0.6289,traffic sign,True,True,167.3,mtsd-p12
SAM 3.1,traffic sign,grp10_WhatsApp Image 2025-11-17 at 12.38.37 (2).jpeg,E:\2. UM-Student\MSC Dissertation\Urban-Vision-Benchmark\Datasets\MTSD\Prepared\MTSD-Unaugmented\MTSD-YOLO\test\images\grp10_WhatsApp Image 2025-11-17 at 12.38.37 (2).jpeg,981.02,536.81,1054.68,1323.76,0.6055,traffic sign,True,True,167.3,mtsd-p12
SAM 3.1,traffic sign,grp10_WhatsApp Image 2025-11-17 at 15.01.27 - Edited.jpg,E:\2. UM-Student\MSC Dissertation\Urban-Vision-Benchmark\Datasets\MTSD\Prepared\MTSD-Unaugmented\MTSD-YOLO\test\images\grp10_WhatsApp Image 2025-11-17 at 15.01.27 - Edited.jpg,106.4,1583.01,120.16,1614.49,0.3242,traffic sign,True,True,150.9,mtsd-p12
SAM 3.1,traffic sign,grp10_WhatsApp Image 2025-11-17 at 15.01.27 - Edited.jpg,E:\2. UM-Student\MSC Dissertation\Urban-Vision-Benchmark\Datasets\MTSD\Prepared\MTSD-Unaugmented\MTSD-YOLO\test\images\grp10_WhatsApp Image 2025-11-17 at 15.01.27 - Edited.jpg,236.86,1578.83,266.42,1611.35,0.832,traffic sign,True,True,150.9,mtsd-p12
SAM 3.1,traffic sign,grp10_WhatsApp Image 2025-11-17 at 15.01.27 - Edited.jpg,E:\2. UM-Student\MSC Dissertation\Urban-Vision-Benchmark\Datasets\MTSD\Prepared\MTSD-Unaugmented\MTSD-YOLO\test\images\grp10_WhatsApp Image 2025-11-17 at 15.01.27 - Edited.jpg,562.95,990.65,1163.45,1584.75,0.9648,traffic sign,True,True,150.9,mtsd-p12
SAM 3.1,traffic sign,grp10_WhatsApp Image 2025-11-17 at 15.01.27 - Edited.jpg,E:\2. UM-Student\MSC Dissertation\Urban-Vision-Benchmark\Datasets\MTSD\Prepared\MTSD-Unaugmented\MTSD-YOLO\test\images\grp10_WhatsApp Image 2025-11-17 at 15.01.27 - Edited.jpg,1054.82,1666.9,1067.15,1703.89,0.6211,traffic sign,True,True,150.9,mtsd-p12
SAM 3.1,traffic sign,grp10_WhatsApp Image 2025-11-17 at 15.01.27 - Edited.jpg,E:\2. UM-Student\MSC Dissertation\Urban-Vision-Benchmark\Datasets\MTSD\Prepared\MTSD-Unaugmented\MTSD-YOLO\test\images\grp10_WhatsApp Image 2025-11-17 at 15.01.27 - Edited.jpg,1049.9,1613.4,1066.89,1663.98,0.7148,traffic sign,True,True,150.9,mtsd-p12
SAM 3.1,traffic sign,grp10_WhatsApp Image 2025-11-17 at 15.01.27 - Edited.jpg,E:\2. UM-Student\MSC Dissertation\Urban-Vision-Benchmark\Datasets\MTSD\Prepared\MTSD-Unaugmented\MTSD-YOLO\test\images\grp10_WhatsApp Image 2025-11-17 at 15.01.27 - Edited.jpg,545.94,458.35,1191.69,986.12,0.957,traffic sign,True,True,150.9,mtsd-p12
SAM 3.1,traffic sign,grp10_WhatsApp Image 2025-11-17 at 15.01.44.jpeg,E:\2. UM-Student\MSC Dissertation\Urban-Vision-Benchmark\Datasets\MTSD\Prepared\MTSD-Unaugmented\MTSD-YOLO\test\images\grp10_WhatsApp Image 2025-11-17 at 15.01.44.jpeg,162.98,1953.76,195.09,1974.87,0.4941,traffic sign,True,True,169.0,mtsd-p12
SAM 3.1,traffic sign,grp10_WhatsApp Image 2025-11-17 at 15.01.44.jpeg,E:\2. UM-Student\MSC Dissertation\Urban-Vision-Benchmark\Datasets\MTSD\Prepared\MTSD-Unaugmented\MTSD-YOLO\test\images\grp10_WhatsApp Image 2025-11-17 at 15.01.44.jpeg,785.45,544.09,875.66,1469.08,0.7617,traffic sign,True,True,169.0,mtsd-p12
SAM 3.1,traffic sign,grp10_WhatsApp Image 2025-11-17 at 15.01.44.jpeg,E:\2. UM-Student\MSC Dissertation\Urban-Vision-Benchmark\Datasets\MTSD\Prepared\MTSD-Unaugmented\MTSD-YOLO\test\images\grp10_WhatsApp Image 2025-11-17 at 15.01.44.jpeg,201.89,2013.98,214.48,2029.16,0.4062,traffic sign,True,True,169.0,mtsd-p12
SAM 3.1,traffic sign,grp10_WhatsApp Image 2025-11-17 at 15.01.45 (3).jpeg,E:\2. UM-Student\MSC Dissertation\Urban-Vision-Benchmark\Datasets\MTSD\Prepared\MTSD-Unaugmented\MTSD-YOLO\test\images\grp10_WhatsApp Image 2025-11-17 at 15.01.45 (3).jpeg,831.62,1397.18,955.02,2040.0,0.459,traffic sign,True,True,139.6,mtsd-p12
SAM 3.1,traffic sign,grp10_WhatsApp Image 2025-11-17 at 15.01.45 (3).jpeg,E:\2. UM-Student\MSC Dissertation\Urban-Vision-Benchmark\Datasets\MTSD\Prepared\MTSD-Unaugmented\MTSD-YOLO\test\images\grp10_WhatsApp Image 2025-11-17 at 15.01.45 (3).jpeg,231.49,525.42,1227.34,1528.05,0.7266,traffic sign,True,True,139.6,mtsd-p12
SAM 3.1,traffic sign,grp10_WhatsApp Image 2025-11-17 at 15.01.50 (1).jpeg,E:\2. UM-Student\MSC Dissertation\Urban-Vision-Benchmark\Datasets\MTSD\Prepared\MTSD-Unaugmented\MTSD-YOLO\test\images\grp10_WhatsApp Image 2025-11-17 at 15.01.50 (1).jpeg,853.72,459.36,968.09,1739.44,0.3809,traffic sign,True,True,126.3,mtsd-p12
SAM 3.1,traffic sign,grp10_WhatsApp Image 2025-11-17 at 15.01.54.jpeg,E:\2. UM-Student\MSC Dissertation\Urban-Vision-Benchmark\Datasets\MTSD\Prepared\MTSD-Unaugmented\MTSD-YOLO\test\images\grp10_WhatsApp Image 2025-11-17 at 15.01.54.jpeg,651.53,1189.34,975.78,1949.97,0.5469,traffic sign,True,True,144.3,mtsd-p12
SAM 3.1,traffic sign,grp10_WhatsApp Image 2025-11-17 at 15.01.54.jpeg,E:\2. UM-Student\MSC Dissertation\Urban-Vision-Benchmark\Datasets\MTSD\Prepared\MTSD-Unaugmented\MTSD-YOLO\test\images\grp10_WhatsApp Image 2025-11-17 at 15.01.54.jpeg,29.64,1687.98,53.42,1715.18,0.668,traffic sign,True,True,144.3,mtsd-p12
SAM 3.1,traffic sign,grp10_WhatsApp Image 2025-11-17 at 15.01.54.jpeg,E:\2. UM-Student\MSC Dissertation\Urban-Vision-Benchmark\Datasets\MTSD\Prepared\MTSD-Unaugmented\MTSD-YOLO\test\images\grp10_WhatsApp Image 2025-11-17 at 15.01.54.jpeg,386.55,1693.46,422.15,1742.44,0.457,traffic sign,True,True,144.3,mtsd-p12
SAM 3.1,traffic sign,grp10_WhatsApp Image 2025-11-17 at 15.01.54.jpeg,E:\2. UM-Student\MSC Dissertation\Urban-Vision-Benchmark\Datasets\MTSD\Prepared\MTSD-Unaugmented\MTSD-YOLO\test\images\grp10_WhatsApp Image 2025-11-17 at 15.01.54.jpeg,264.47,195.34,1313.79,2038.74,0.4082,traffic sign,True,True,144.3,mtsd-p12
SAM 3.1,traffic sign,grp10_WhatsApp Image 2025-11-17 at 15.01.54.jpeg,E:\2. UM-Student\MSC Dissertation\Urban-Vision-Benchmark\Datasets\MTSD\Prepared\MTSD-Unaugmented\MTSD-YOLO\test\images\grp10_WhatsApp Image 2025-11-17 at 15.01.54.jpeg,263.47,193.48,1311.61,1191.53,0.8164,traffic sign,True,True,144.3,mtsd-p12
SAM 3.1,traffic sign,grp10_WhatsApp Image 2025-11-17 at 15.01.56 (1).jpeg,E:\2. UM-Student\MSC Dissertation\Urban-Vision-Benchmark\Datasets\MTSD\Prepared\MTSD-Unaugmented\MTSD-YOLO\test\images\grp10_WhatsApp Image 2025-11-17 at 15.01.56 (1).jpeg,112.56,1341.47,390.05,1978.25,0.7656,traffic sign,True,True,132.6,mtsd-p12
SAM 3.1,traffic sign,grp10_WhatsApp Image 2025-11-17 at 15.01.56 (1).jpeg,E:\2. UM-Student\MSC Dissertation\Urban-Vision-Benchmark\Datasets\MTSD\Prepared\MTSD-Unaugmented\MTSD-YOLO\test\images\grp10_WhatsApp Image 2025-11-17 at 15.01.56 (1).jpeg,503.21,656.25,1317.26,1373.87,0.9258,traffic sign,True,True,132.6,mtsd-p12
SAM 3.1,traffic sign,grp10_WhatsApp Image 2025-11-17 at 15.02.00.jpeg,E:\2. UM-Student\MSC Dissertation\Urban-Vision-Benchmark\Datasets\MTSD\Prepared\MTSD-Unaugmented\MTSD-YOLO\test\images\grp10_WhatsApp Image 2025-11-17 at 15.02.00.jpeg,115.14,2008.9,157.38,2040.0,0.5742,traffic sign,True,True,138.8,mtsd-p12
SAM 3.1,traffic sign,grp10_WhatsApp Image 2025-11-17 at 15.02.00.jpeg,E:\2. UM-Student\MSC Dissertation\Urban-Vision-Benchmark\Datasets\MTSD\Prepared\MTSD-Unaugmented\MTSD-YOLO\test\images\grp10_WhatsApp Image 2025-11-17 at 15.02.00.jpeg,425.97,795.33,1206.5,1482.15,0.9102,traffic sign,True,True,138.8,mtsd-p12
SAM 3.1,traffic sign,grp10_WhatsApp Image 2025-11-17 at 15.02.00.jpeg,E:\2. UM-Student\MSC Dissertation\Urban-Vision-Benchmark\Datasets\MTSD\Prepared\MTSD-Unaugmented\MTSD-YOLO\test\images\grp10_WhatsApp Image 2025-11-17 at 15.02.00.jpeg,960.59,1950.88,978.36,1980.64,0.5234,traffic sign,True,True,138.8,mtsd-p12
SAM 3.1,traffic sign,grp10_WhatsApp Image 2025-11-20 at 16.03.01 (1).jpeg,E:\2. UM-Student\MSC Dissertation\Urban-Vision-Benchmark\Datasets\MTSD\Prepared\MTSD-Unaugmented\MTSD-YOLO\test\images\grp10_WhatsApp Image 2025-11-20 at 16.03.01 (1).jpeg,636.34,674.34,1061.31,2040.0,0.3652,traffic sign,True,True,144.3,mtsd-p12
SAM 3.1,traffic sign,grp10_WhatsApp Image 2025-11-20 at 16.03.01 (1).jpeg,E:\2. UM-Student\MSC Dissertation\Urban-Vision-Benchmark\Datasets\MTSD\Prepared\MTSD-Unaugmented\MTSD-YOLO\test\images\grp10_WhatsApp Image 2025-11-20 at 16.03.01 (1).jpeg,671.46,1114.83,1022.78,1508.32,0.918,traffic sign,True,True,144.3,mtsd-p12
SAM 3.1,traffic sign,grp10_WhatsApp Image 2025-11-20 at 16.03.01 (1).jpeg,E:\2. UM-Student\MSC Dissertation\Urban-Vision-Benchmark\Datasets\MTSD\Prepared\MTSD-Unaugmented\MTSD-YOLO\test\images\grp10_WhatsApp Image 2025-11-20 at 16.03.01 (1).jpeg,628.06,669.08,1080.01,1112.68,0.9023,traffic sign,True,True,144.3,mtsd-p12
SAM 3.1,traffic sign,grp11_00ffbbb0-IMG_20251125_195040.jpg,E:\2. UM-Student\MSC Dissertation\Urban-Vision-Benchmark\Datasets\MTSD\Prepared\MTSD-Unaugmented\MTSD-YOLO\test\images\grp11_00ffbbb0-IMG_20251125_195040.jpg,1757.45,1783.68,1799.43,1828.25,0.7852,traffic sign,True,True,712.8,mtsd-p12
SAM 3.1,traffic sign,grp11_00ffbbb0-IMG_20251125_195040.jpg,E:\2. UM-Student\MSC Dissertation\Urban-Vision-Benchmark\Datasets\MTSD\Prepared\MTSD-Unaugmented\MTSD-YOLO\test\images\grp11_00ffbbb0-IMG_20251125_195040.jpg,1097.98,1846.11,1132.09,1895.35,0.6992,traffic sign,True,True,712.8,mtsd-p12
SAM 3.1,traffic sign,grp11_00ffbbb0-IMG_20251125_195040.jpg,E:\2. UM-Student\MSC Dissertation\Urban-Vision-Benchmark\Datasets\MTSD\Prepared\MTSD-Unaugmented\MTSD-YOLO\test\images\grp11_00ffbbb0-IMG_20251125_195040.jpg,2143.04,1971.23,2223.43,2047.22,0.8516,traffic sign,True,True,712.8,mtsd-p12
SAM 3.1,traffic sign,grp11_00ffbbb0-IMG_20251125_195040.jpg,E:\2. UM-Student\MSC Dissertation\Urban-Vision-Benchmark\Datasets\MTSD\Prepared\MTSD-Unaugmented\MTSD-YOLO\test\images\grp11_00ffbbb0-IMG_20251125_195040.jpg,1669.36,1829.49,1711.95,1882.25,0.7539,traffic sign,True,True,712.8,mtsd-p12
SAM 3.1,traffic sign,grp11_00ffbbb0-IMG_20251125_195040.jpg,E:\2. UM-Student\MSC Dissertation\Urban-Vision-Benchmark\Datasets\MTSD\Prepared\MTSD-Unaugmented\MTSD-YOLO\test\images\grp11_00ffbbb0-IMG_20251125_195040.jpg,1121.63,1879.98,1194.9,1933.72,0.793,traffic sign,True,True,712.8,mtsd-p12
SAM 3.1,traffic sign,grp11_00ffbbb0-IMG_20251125_195040.jpg,E:\2. UM-Student\MSC Dissertation\Urban-Vision-Benchmark\Datasets\MTSD\Prepared\MTSD-Unaugmented\MTSD-YOLO\test\images\grp11_00ffbbb0-IMG_20251125_195040.jpg,1097.04,1786.78,1151.6,1840.0,0.8008,traffic sign,True,True,712.8,mtsd-p12
SAM 3.1,traffic sign,grp11_00ffbbb0-IMG_20251125_195040.jpg,E:\2. UM-Student\MSC Dissertation\Urban-Vision-Benchmark\Datasets\MTSD\Prepared\MTSD-Unaugmented\MTSD-YOLO\test\images\grp11_00ffbbb0-IMG_20251125_195040.jpg,1183.07,1819.92,1246.61,1884.25,0.8164,traffic sign,True,True,712.8,mtsd-p12
SAM 3.1,traffic sign,grp11_00ffbbb0-IMG_20251125_195040.jpg,E:\2. UM-Student\MSC Dissertation\Urban-Vision-Benchmark\Datasets\MTSD\Prepared\MTSD-Unaugmented\MTSD-YOLO\test\images\grp11_00ffbbb0-IMG_20251125_195040.jpg,1244.85,1814.28,1335.5,1928.18,0.5469,traffic sign,True,True,712.8,mtsd-p12
SAM 3.1,traffic sign,grp11_00ffbbb0-IMG_20251125_195040.jpg,E:\2. UM-Student\MSC Dissertation\Urban-Vision-Benchmark\Datasets\MTSD\Prepared\MTSD-Unaugmented\MTSD-YOLO\test\images\grp11_00ffbbb0-IMG_20251125_195040.jpg,995.71,822.48,1907.17,1766.49,0.5547,traffic sign,True,True,712.8,mtsd-p12
SAM 3.1,traffic sign,grp11_00ffbbb0-IMG_20251125_195040.jpg,E:\2. UM-Student\MSC Dissertation\Urban-Vision-Benchmark\Datasets\MTSD\Prepared\MTSD-Unaugmented\MTSD-YOLO\test\images\grp11_00ffbbb0-IMG_20251125_195040.jpg,1755.62,1828.07,1802.79,1877.36,0.8047,traffic sign,True,True,712.8,mtsd-p12
SAM 3.1,traffic sign,grp11_00ffbbb0-IMG_20251125_195040.jpg,E:\2. UM-Student\MSC Dissertation\Urban-Vision-Benchmark\Datasets\MTSD\Prepared\MTSD-Unaugmented\MTSD-YOLO\test\images\grp11_00ffbbb0-IMG_20251125_195040.jpg,1121.72,1814.56,1188.27,1886.54,0.8281,traffic sign,True,True,712.8,mtsd-p12
SAM 3.1,traffic sign,grp11_089d4626-IMG_20251125_192354.jpg,E:\2. UM-Student\MSC Dissertation\Urban-Vision-Benchmark\Datasets\MTSD\Prepared\MTSD-Unaugmented\MTSD-YOLO\test\images\grp11_089d4626-IMG_20251125_192354.jpg,1435.48,995.6,2171.29,1775.72,0.9141,traffic sign,True,True,173.1,mtsd-p12
SAM 3.1,traffic sign,grp11_089d4626-IMG_20251125_192354.jpg,E:\2. UM-Student\MSC Dissertation\Urban-Vision-Benchmark\Datasets\MTSD\Prepared\MTSD-Unaugmented\MTSD-YOLO\test\images\grp11_089d4626-IMG_20251125_192354.jpg,1427.12,991.53,2175.64,3634.02,0.3066,traffic sign,True,True,173.1,mtsd-p12
SAM 3.1,traffic sign,grp11_08da688f-IMG_6393.jpeg,E:\2. UM-Student\MSC Dissertation\Urban-Vision-Benchmark\Datasets\MTSD\Prepared\MTSD-Unaugmented\MTSD-YOLO\test\images\grp11_08da688f-IMG_6393.jpeg,0.0,709.89,3483.77,2765.98,0.9141,traffic sign,True,True,211.8,mtsd-p12
SAM 3.1,traffic sign,grp11_0ac2eda8-IMG_6412.jpeg,E:\2. UM-Student\MSC Dissertation\Urban-Vision-Benchmark\Datasets\MTSD\Prepared\MTSD-Unaugmented\MTSD-YOLO\test\images\grp11_0ac2eda8-IMG_6412.jpeg,,,,,,<no detections>,False,True,172.8,mtsd-p12
SAM 3.1,traffic sign,grp11_12031735-Pre_2026_6669.jpg,E:\2. UM-Student\MSC Dissertation\Urban-Vision-Benchmark\Datasets\MTSD\Prepared\MTSD-Unaugmented\MTSD-YOLO\test\images\grp11_12031735-Pre_2026_6669.jpg,100.33,2613.29,359.0,3925.46,0.3848,traffic sign,True,True,209.1,mtsd-p12
SAM 3.1,traffic sign,grp11_12031735-Pre_2026_6669.jpg,E:\2. UM-Student\MSC Dissertation\Urban-Vision-Benchmark\Datasets\MTSD\Prepared\MTSD-Unaugmented\MTSD-YOLO\test\images\grp11_12031735-Pre_2026_6669.jpg,88.67,2622.01,356.99,2869.9,0.5742,traffic sign,True,True,209.1,mtsd-p12
SAM 3.1,traffic sign,grp11_12031735-Pre_2026_6669.jpg,E:\2. UM-Student\MSC Dissertation\Urban-Vision-Benchmark\Datasets\MTSD\Prepared\MTSD-Unaugmented\MTSD-YOLO\test\images\grp11_12031735-Pre_2026_6669.jpg,604.42,2684.43,899.44,3071.55,0.4609,traffic sign,True,True,209.1,mtsd-p12
SAM 3.1,traffic sign,grp11_12031735-Pre_2026_6669.jpg,E:\2. UM-Student\MSC Dissertation\Urban-Vision-Benchmark\Datasets\MTSD\Prepared\MTSD-Unaugmented\MTSD-YOLO\test\images\grp11_12031735-Pre_2026_6669.jpg,399.42,1549.35,1363.29,2387.92,0.6641,traffic sign,True,True,209.1,mtsd-p12
SAM 3.1,traffic sign,grp11_12031735-Pre_2026_6669.jpg,E:\2. UM-Student\MSC Dissertation\Urban-Vision-Benchmark\Datasets\MTSD\Prepared\MTSD-Unaugmented\MTSD-YOLO\test\images\grp11_12031735-Pre_2026_6669.jpg,643.63,910.5,1325.59,1567.26,0.9141,traffic sign,True,True,209.1,mtsd-p12
SAM 3.1,traffic sign,grp11_1346633a-IMG_20251125_195535.jpg,E:\2. UM-Student\MSC Dissertation\Urban-Vision-Benchmark\Datasets\MTSD\Prepared\MTSD-Unaugmented\MTSD-YOLO\test\images\grp11_1346633a-IMG_20251125_195535.jpg,262.46,1833.72,415.42,1976.32,0.9102,traffic sign,True,True,252.6,mtsd-p12
SAM 3.1,traffic sign,grp11_1346633a-IMG_20251125_195535.jpg,E:\2. UM-Student\MSC Dissertation\Urban-Vision-Benchmark\Datasets\MTSD\Prepared\MTSD-Unaugmented\MTSD-YOLO\test\images\grp11_1346633a-IMG_20251125_195535.jpg,273.32,1976.1,425.41,2111.99,0.8984,traffic sign,True,True,252.6,mtsd-p12
SAM 3.1,traffic sign,grp11_1346633a-IMG_20251125_195535.jpg,E:\2. UM-Student\MSC Dissertation\Urban-Vision-Benchmark\Datasets\MTSD\Prepared\MTSD-Unaugmented\MTSD-YOLO\test\images\grp11_1346633a-IMG_20251125_195535.jpg,901.49,1755.39,1555.32,3996.24,0.4102,traffic sign,True,True,252.6,mtsd-p12
SAM 3.1,traffic sign,grp11_1346633a-IMG_20251125_195535.jpg,E:\2. UM-Student\MSC Dissertation\Urban-Vision-Benchmark\Datasets\MTSD\Prepared\MTSD-Unaugmented\MTSD-YOLO\test\images\grp11_1346633a-IMG_20251125_195535.jpg,900.86,1781.7,1552.86,2419.68,0.9141,traffic sign,True,True,252.6,mtsd-p12
SAM 3.1,traffic sign,grp11_1346633a-IMG_20251125_195535.jpg,E:\2. UM-Student\MSC Dissertation\Urban-Vision-Benchmark\Datasets\MTSD\Prepared\MTSD-Unaugmented\MTSD-YOLO\test\images\grp11_1346633a-IMG_20251125_195535.jpg,894.95,1111.49,1524.48,1768.21,0.9453,traffic sign,True,True,252.6,mtsd-p12
SAM 3.1,traffic sign,grp11_1c6ec821-IMG_20251125_194942.jpg,E:\2. UM-Student\MSC Dissertation\Urban-Vision-Benchmark\Datasets\MTSD\Prepared\MTSD-Unaugmented\MTSD-YOLO\test\images\grp11_1c6ec821-IMG_20251125_194942.jpg,270.03,1008.67,361.2,1116.4,0.3242,traffic sign,True,True,514.2,mtsd-p12
SAM 3.1,traffic sign,grp11_1c6ec821-IMG_20251125_194942.jpg,E:\2. UM-Student\MSC Dissertation\Urban-Vision-Benchmark\Datasets\MTSD\Prepared\MTSD-Unaugmented\MTSD-YOLO\test\images\grp11_1c6ec821-IMG_20251125_194942.jpg,1055.69,1163.9,1820.35,1931.24,0.8945,traffic sign,True,True,514.2,mtsd-p12
SAM 3.1,traffic sign,grp11_1c6ec821-IMG_20251125_194942.jpg,E:\2. UM-Student\MSC Dissertation\Urban-Vision-Benchmark\Datasets\MTSD\Prepared\MTSD-Unaugmented\MTSD-YOLO\test\images\grp11_1c6ec821-IMG_20251125_194942.jpg,623.48,981.02,694.06,1077.77,0.6875,traffic sign,True,True,514.2,mtsd-p12
SAM 3.1,traffic sign,grp11_1c6ec821-IMG_20251125_194942.jpg,E:\2. UM-Student\MSC Dissertation\Urban-Vision-Benchmark\Datasets\MTSD\Prepared\MTSD-Unaugmented\MTSD-YOLO\test\images\grp11_1c6ec821-IMG_20251125_194942.jpg,626.07,987.03,696.6,1113.12,0.4609,traffic sign,True,True,514.2,mtsd-p12
SAM 3.1,traffic sign,grp11_1c6ec821-IMG_20251125_194942.jpg,E:\2. UM-Student\MSC Dissertation\Urban-Vision-Benchmark\Datasets\MTSD\Prepared\MTSD-Unaugmented\MTSD-YOLO\test\images\grp11_1c6ec821-IMG_20251125_194942.jpg,424.3,1077.0,448.06,1114.92,0.334,traffic sign,True,True,514.2,mtsd-p12
SAM 3.1,traffic sign,grp11_1c6ec821-IMG_20251125_194942.jpg,E:\2. UM-Student\MSC Dissertation\Urban-Vision-Benchmark\Datasets\MTSD\Prepared\MTSD-Unaugmented\MTSD-YOLO\test\images\grp11_1c6ec821-IMG_20251125_194942.jpg,629.97,1077.26,695.36,1109.84,0.5,traffic sign,True,True,514.2,mtsd-p12
SAM 3.1,traffic sign,grp11_1c6ec821-IMG_20251125_194942.jpg,E:\2. UM-Student\MSC Dissertation\Urban-Vision-Benchmark\Datasets\MTSD\Prepared\MTSD-Unaugmented\MTSD-YOLO\test\images\grp11_1c6ec821-IMG_20251125_194942.jpg,1058.73,1158.69,1821.41,2790.99,0.377,traffic sign,True,True,514.2,mtsd-p12
SAM 3.1,traffic sign,grp11_1c6ec821-IMG_20251125_194942.jpg,E:\2. UM-Student\MSC Dissertation\Urban-Vision-Benchmark\Datasets\MTSD\Prepared\MTSD-Unaugmented\MTSD-YOLO\test\images\grp11_1c6ec821-IMG_20251125_194942.jpg,780.98,1042.57,864.01,1101.66,0.7969,traffic sign,True,True,514.2,mtsd-p12
SAM 3.1,traffic sign,grp11_1c6ec821-IMG_20251125_194942.jpg,E:\2. UM-Student\MSC Dissertation\Urban-Vision-Benchmark\Datasets\MTSD\Prepared\MTSD-Unaugmented\MTSD-YOLO\test\images\grp11_1c6ec821-IMG_20251125_194942.jpg,1070.85,1048.32,1104.27,1090.39,0.3418,traffic sign,True,True,514.2,mtsd-p12
SAM 3.1,traffic sign,grp11_1ff1325d-IMG_1333.jpg,E:\2. UM-Student\MSC Dissertation\Urban-Vision-Benchmark\Datasets\MTSD\Prepared\MTSD-Unaugmented\MTSD-YOLO\test\images\grp11_1ff1325d-IMG_1333.jpg,,,,,,<no detections>,False,True,162.8,mtsd-p12
SAM 3.1,traffic sign,grp11_217d0bb2-IMG_1445.jpg,E:\2. UM-Student\MSC Dissertation\Urban-Vision-Benchmark\Datasets\MTSD\Prepared\MTSD-Unaugmented\MTSD-YOLO\test\images\grp11_217d0bb2-IMG_1445.jpg,548.72,269.18,1552.69,1999.19,0.8867,traffic sign,True,True,177.2,mtsd-p12
SAM 3.1,traffic sign,grp11_243ba713-IMG_6313.jpg,E:\2. UM-Student\MSC Dissertation\Urban-Vision-Benchmark\Datasets\MTSD\Prepared\MTSD-Unaugmented\MTSD-YOLO\test\images\grp11_243ba713-IMG_6313.jpg,5085.62,5249.98,5188.7,5365.72,0.3926,traffic sign,True,True,1660.8,mtsd-p12
SAM 3.1,traffic sign,grp11_243ba713-IMG_6313.jpg,E:\2. UM-Student\MSC Dissertation\Urban-Vision-Benchmark\Datasets\MTSD\Prepared\MTSD-Unaugmented\MTSD-YOLO\test\images\grp11_243ba713-IMG_6313.jpg,3049.45,4502.84,3240.59,5029.14,0.4121,traffic sign,True,True,1660.8,mtsd-p12
SAM 3.1,traffic sign,grp11_243ba713-IMG_6313.jpg,E:\2. UM-Student\MSC Dissertation\Urban-Vision-Benchmark\Datasets\MTSD\Prepared\MTSD-Unaugmented\MTSD-YOLO\test\images\grp11_243ba713-IMG_6313.jpg,3913.5,5229.8,4023.12,5339.84,0.793,traffic sign,True,True,1660.8,mtsd-p12
SAM 3.1,traffic sign,grp11_243ba713-IMG_6313.jpg,E:\2. UM-Student\MSC Dissertation\Urban-Vision-Benchmark\Datasets\MTSD\Prepared\MTSD-Unaugmented\MTSD-YOLO\test\images\grp11_243ba713-IMG_6313.jpg,1736.44,2058.14,3615.61,8064.0,0.3359,traffic sign,True,True,1660.8,mtsd-p12
SAM 3.1,traffic sign,grp11_243ba713-IMG_6313.jpg,E:\2. UM-Student\MSC Dissertation\Urban-Vision-Benchmark\Datasets\MTSD\Prepared\MTSD-Unaugmented\MTSD-YOLO\test\images\grp11_243ba713-IMG_6313.jpg,3416.36,5386.58,3534.96,5570.54,0.8242,traffic sign,True,True,1660.8,mtsd-p12
SAM 3.1,traffic sign,grp11_243ba713-IMG_6313.jpg,E:\2. UM-Student\MSC Dissertation\Urban-Vision-Benchmark\Datasets\MTSD\Prepared\MTSD-Unaugmented\MTSD-YOLO\test\images\grp11_243ba713-IMG_6313.jpg,1730.78,2048.83,3623.3,3854.34,0.9141,traffic sign,True,True,1660.8,mtsd-p12
SAM 3.1,traffic sign,grp11_2960150f-Pre_2026_6705.jpg,E:\2. UM-Student\MSC Dissertation\Urban-Vision-Benchmark\Datasets\MTSD\Prepared\MTSD-Unaugmented\MTSD-YOLO\test\images\grp11_2960150f-Pre_2026_6705.jpg,,,,,,<no detections>,False,True,153.0,mtsd-p12
SAM 3.1,traffic sign,grp11_2a7d15c7-Pre_2026_6626.jpg,E:\2. UM-Student\MSC Dissertation\Urban-Vision-Benchmark\Datasets\MTSD\Prepared\MTSD-Unaugmented\MTSD-YOLO\test\images\grp11_2a7d15c7-Pre_2026_6626.jpg,668.0,687.72,1667.79,4000.0,0.3574,traffic sign,True,True,180.1,mtsd-p12
SAM 3.1,traffic sign,grp11_2a7d15c7-Pre_2026_6626.jpg,E:\2. UM-Student\MSC Dissertation\Urban-Vision-Benchmark\Datasets\MTSD\Prepared\MTSD-Unaugmented\MTSD-YOLO\test\images\grp11_2a7d15c7-Pre_2026_6626.jpg,676.03,687.36,1662.39,1663.66,0.9062,traffic sign,True,True,180.1,mtsd-p12
SAM 3.1,traffic sign,grp11_2d64dcc1-IMG_20251125_194650.jpg,E:\2. UM-Student\MSC Dissertation\Urban-Vision-Benchmark\Datasets\MTSD\Prepared\MTSD-Unaugmented\MTSD-YOLO\test\images\grp11_2d64dcc1-IMG_20251125_194650.jpg,1166.86,961.05,1964.33,4000.0,0.3945,traffic sign,True,True,197.0,mtsd-p12
SAM 3.1,traffic sign,grp11_2d64dcc1-IMG_20251125_194650.jpg,E:\2. UM-Student\MSC Dissertation\Urban-Vision-Benchmark\Datasets\MTSD\Prepared\MTSD-Unaugmented\MTSD-YOLO\test\images\grp11_2d64dcc1-IMG_20251125_194650.jpg,1177.78,969.78,1957.88,1702.53,0.8594,traffic sign,True,True,197.0,mtsd-p12
SAM 3.1,traffic sign,grp11_2dae9065-IMG_20251125_195604.jpg,E:\2. UM-Student\MSC Dissertation\Urban-Vision-Benchmark\Datasets\MTSD\Prepared\MTSD-Unaugmented\MTSD-YOLO\test\images\grp11_2dae9065-IMG_20251125_195604.jpg,1328.42,284.41,1775.28,4000.0,0.3457,traffic sign,True,True,208.1,mtsd-p12
SAM 3.1,traffic sign,grp11_2dae9065-IMG_20251125_195604.jpg,E:\2. UM-Student\MSC Dissertation\Urban-Vision-Benchmark\Datasets\MTSD\Prepared\MTSD-Unaugmented\MTSD-YOLO\test\images\grp11_2dae9065-IMG_20251125_195604.jpg,1339.77,1148.49,1808.13,2121.32,0.918,traffic sign,True,True,208.1,mtsd-p12
SAM 3.1,traffic sign,grp11_2dae9065-IMG_20251125_195604.jpg,E:\2. UM-Student\MSC Dissertation\Urban-Vision-Benchmark\Datasets\MTSD\Prepared\MTSD-Unaugmented\MTSD-YOLO\test\images\grp11_2dae9065-IMG_20251125_195604.jpg,1328.07,258.63,1756.34,1222.38,0.9414,traffic sign,True,True,208.1,mtsd-p12
SAM 3.1,traffic sign,grp11_387a3e09-IMG_6403.jpeg,E:\2. UM-Student\MSC Dissertation\Urban-Vision-Benchmark\Datasets\MTSD\Prepared\MTSD-Unaugmented\MTSD-YOLO\test\images\grp11_387a3e09-IMG_6403.jpeg,1102.03,847.42,2583.46,2646.61,0.6875,traffic sign,True,True,592.0,mtsd-p12
SAM 3.1,traffic sign,grp11_387a3e09-IMG_6403.jpeg,E:\2. UM-Student\MSC Dissertation\Urban-Vision-Benchmark\Datasets\MTSD\Prepared\MTSD-Unaugmented\MTSD-YOLO\test\images\grp11_387a3e09-IMG_6403.jpeg,4204.35,1962.81,4254.48,2023.3,0.5898,traffic sign,True,True,592.0,mtsd-p12
SAM 3.1,traffic sign,grp11_387a3e09-IMG_6403.jpeg,E:\2. UM-Student\MSC Dissertation\Urban-Vision-Benchmark\Datasets\MTSD\Prepared\MTSD-Unaugmented\MTSD-YOLO\test\images\grp11_387a3e09-IMG_6403.jpeg,1396.94,2471.1,2677.45,3206.0,0.5742,traffic sign,True,True,592.0,mtsd-p12
SAM 3.1,traffic sign,grp11_3a5a4d41-Pre_2026_6633.jpg,E:\2. UM-Student\MSC Dissertation\Urban-Vision-Benchmark\Datasets\MTSD\Prepared\MTSD-Unaugmented\MTSD-YOLO\test\images\grp11_3a5a4d41-Pre_2026_6633.jpg,817.82,1287.29,905.22,1389.81,0.7109,traffic sign,True,True,154.7,mtsd-p12
SAM 3.1,traffic sign,grp11_3a5a4d41-Pre_2026_6633.jpg,E:\2. UM-Student\MSC Dissertation\Urban-Vision-Benchmark\Datasets\MTSD\Prepared\MTSD-Unaugmented\MTSD-YOLO\test\images\grp11_3a5a4d41-Pre_2026_6633.jpg,636.61,791.73,1502.22,4000.0,0.4355,traffic sign,True,True,154.7,mtsd-p12
SAM 3.1,traffic sign,grp11_3a5a4d41-Pre_2026_6633.jpg,E:\2. UM-Student\MSC Dissertation\Urban-Vision-Benchmark\Datasets\MTSD\Prepared\MTSD-Unaugmented\MTSD-YOLO\test\images\grp11_3a5a4d41-Pre_2026_6633.jpg,639.48,787.51,1500.72,1654.55,0.4961,traffic sign,True,True,154.7,mtsd-p12
SAM 3.1,traffic sign,grp11_3f9be580-IMG_1323.jpg,E:\2. UM-Student\MSC Dissertation\Urban-Vision-Benchmark\Datasets\MTSD\Prepared\MTSD-Unaugmented\MTSD-YOLO\test\images\grp11_3f9be580-IMG_1323.jpg,1402.24,2554.19,1538.76,2687.73,0.4297,traffic sign,True,True,204.0,mtsd-p12
SAM 3.1,traffic sign,grp11_3f9be580-IMG_1323.jpg,E:\2. UM-Student\MSC Dissertation\Urban-Vision-Benchmark\Datasets\MTSD\Prepared\MTSD-Unaugmented\MTSD-YOLO\test\images\grp11_3f9be580-IMG_1323.jpg,1058.68,328.65,2279.3,4032.0,0.3672,traffic sign,True,True,204.0,mtsd-p12
SAM 3.1,traffic sign,grp11_3f9be580-IMG_1323.jpg,E:\2. UM-Student\MSC Dissertation\Urban-Vision-Benchmark\Datasets\MTSD\Prepared\MTSD-Unaugmented\MTSD-YOLO\test\images\grp11_3f9be580-IMG_1323.jpg,1051.26,372.25,2282.68,1550.59,0.6289,traffic sign,True,True,204.0,mtsd-p12
SAM 3.1,traffic sign,grp11_4029b5b7-Pre_2026_6760.jpg,E:\2. UM-Student\MSC Dissertation\Urban-Vision-Benchmark\Datasets\MTSD\Prepared\MTSD-Unaugmented\MTSD-YOLO\test\images\grp11_4029b5b7-Pre_2026_6760.jpg,2166.19,662.36,2695.06,1231.54,0.9062,traffic sign,True,True,169.0,mtsd-p12
SAM 3.1,traffic sign,grp11_41188dd2-IMG_1440.jpg,E:\2. UM-Student\MSC Dissertation\Urban-Vision-Benchmark\Datasets\MTSD\Prepared\MTSD-Unaugmented\MTSD-YOLO\test\images\grp11_41188dd2-IMG_1440.jpg,1492.72,0.0,2460.48,507.19,0.4043,traffic sign,True,True,490.6,mtsd-p12
SAM 3.1,traffic sign,grp11_41188dd2-IMG_1440.jpg,E:\2. UM-Student\MSC Dissertation\Urban-Vision-Benchmark\Datasets\MTSD\Prepared\MTSD-Unaugmented\MTSD-YOLO\test\images\grp11_41188dd2-IMG_1440.jpg,553.63,3079.69,924.47,3453.89,0.8242,traffic sign,True,True,490.6,mtsd-p12
SAM 3.1,traffic sign,grp11_41188dd2-IMG_1440.jpg,E:\2. UM-Student\MSC Dissertation\Urban-Vision-Benchmark\Datasets\MTSD\Prepared\MTSD-Unaugmented\MTSD-YOLO\test\images\grp11_41188dd2-IMG_1440.jpg,624.05,0.0,2100.72,1304.4,0.5234,traffic sign,True,True,490.6,mtsd-p12
SAM 3.1,traffic sign,grp11_4a7fe027-Pre_2026_6682.jpg,E:\2. UM-Student\MSC Dissertation\Urban-Vision-Benchmark\Datasets\MTSD\Prepared\MTSD-Unaugmented\MTSD-YOLO\test\images\grp11_4a7fe027-Pre_2026_6682.jpg,,,,,,<no detections>,False,True,144.5,mtsd-p12
SAM 3.1,traffic sign,grp11_4a8ce21e-IMG_20251125_194252.jpg,E:\2. UM-Student\MSC Dissertation\Urban-Vision-Benchmark\Datasets\MTSD\Prepared\MTSD-Unaugmented\MTSD-YOLO\test\images\grp11_4a8ce21e-IMG_20251125_194252.jpg,1723.48,2482.6,1834.09,2578.44,0.7227,traffic sign,True,True,673.8,mtsd-p12
SAM 3.1,traffic sign,grp11_4a8ce21e-IMG_20251125_194252.jpg,E:\2. UM-Student\MSC Dissertation\Urban-Vision-Benchmark\Datasets\MTSD\Prepared\MTSD-Unaugmented\MTSD-YOLO\test\images\grp11_4a8ce21e-IMG_20251125_194252.jpg,1552.55,1155.99,1924.9,3995.51,0.3027,traffic sign,True,True,673.8,mtsd-p12
SAM 3.1,traffic sign,grp11_4a8ce21e-IMG_20251125_194252.jpg,E:\2. UM-Student\MSC Dissertation\Urban-Vision-Benchmark\Datasets\MTSD\Prepared\MTSD-Unaugmented\MTSD-YOLO\test\images\grp11_4a8ce21e-IMG_20251125_194252.jpg,2534.74,2315.77,2767.42,2443.99,0.8398,traffic sign,True,True,673.8,mtsd-p12
SAM 3.1,traffic sign,grp11_4a8ce21e-IMG_20251125_194252.jpg,E:\2. UM-Student\MSC Dissertation\Urban-Vision-Benchmark\Datasets\MTSD\Prepared\MTSD-Unaugmented\MTSD-YOLO\test\images\grp11_4a8ce21e-IMG_20251125_194252.jpg,2569.2,2098.04,2722.36,2261.16,0.6211,traffic sign,True,True,673.8,mtsd-p12
SAM 3.1,traffic sign,grp11_4a8ce21e-IMG_20251125_194252.jpg,E:\2. UM-Student\MSC Dissertation\Urban-Vision-Benchmark\Datasets\MTSD\Prepared\MTSD-Unaugmented\MTSD-YOLO\test\images\grp11_4a8ce21e-IMG_20251125_194252.jpg,2571.21,2433.86,2735.02,2550.14,0.5273,traffic sign,True,True,673.8,mtsd-p12
SAM 3.1,traffic sign,grp11_4a8ce21e-IMG_20251125_194252.jpg,E:\2. UM-Student\MSC Dissertation\Urban-Vision-Benchmark\Datasets\MTSD\Prepared\MTSD-Unaugmented\MTSD-YOLO\test\images\grp11_4a8ce21e-IMG_20251125_194252.jpg,134.11,1870.98,347.75,2103.7,0.7461,traffic sign,True,True,673.8,mtsd-p12
SAM 3.1,traffic sign,grp11_4a8ce21e-IMG_20251125_194252.jpg,E:\2. UM-Student\MSC Dissertation\Urban-Vision-Benchmark\Datasets\MTSD\Prepared\MTSD-Unaugmented\MTSD-YOLO\test\images\grp11_4a8ce21e-IMG_20251125_194252.jpg,2568.99,2258.91,2723.3,2314.26,0.4238,traffic sign,True,True,673.8,mtsd-p12
SAM 3.1,traffic sign,grp11_4a8ce21e-IMG_20251125_194252.jpg,E:\2. UM-Student\MSC Dissertation\Urban-Vision-Benchmark\Datasets\MTSD\Prepared\MTSD-Unaugmented\MTSD-YOLO\test\images\grp11_4a8ce21e-IMG_20251125_194252.jpg,1390.99,1168.13,1929.98,1819.38,0.6367,traffic sign,True,True,673.8,mtsd-p12
SAM 3.1,traffic sign,grp11_578f49cf-IMG_6367.jpeg,E:\2. UM-Student\MSC Dissertation\Urban-Vision-Benchmark\Datasets\MTSD\Prepared\MTSD-Unaugmented\MTSD-YOLO\test\images\grp11_578f49cf-IMG_6367.jpeg,342.72,1256.37,2042.79,1987.68,0.8711,traffic sign,True,True,202.0,mtsd-p12
SAM 3.1,traffic sign,grp11_59f96d19-IMG_6251.jpeg,E:\2. UM-Student\MSC Dissertation\Urban-Vision-Benchmark\Datasets\MTSD\Prepared\MTSD-Unaugmented\MTSD-YOLO\test\images\grp11_59f96d19-IMG_6251.jpeg,,,,,,<no detections>,False,True,126.5,mtsd-p12
SAM 3.1,traffic sign,grp11_5c71ae7e-IMG_6256.jpeg,E:\2. UM-Student\MSC Dissertation\Urban-Vision-Benchmark\Datasets\MTSD\Prepared\MTSD-Unaugmented\MTSD-YOLO\test\images\grp11_5c71ae7e-IMG_6256.jpeg,1970.73,3126.92,2103.71,3276.14,0.3945,traffic sign,True,True,211.1,mtsd-p12
SAM 3.1,traffic sign,grp11_5c71ae7e-IMG_6256.jpeg,E:\2. UM-Student\MSC Dissertation\Urban-Vision-Benchmark\Datasets\MTSD\Prepared\MTSD-Unaugmented\MTSD-YOLO\test\images\grp11_5c71ae7e-IMG_6256.jpeg,629.2,3135.6,712.13,3230.92,0.3047,traffic sign,True,True,211.1,mtsd-p12
SAM 3.1,traffic sign,grp11_5c71ae7e-IMG_6256.jpeg,E:\2. UM-Student\MSC Dissertation\Urban-Vision-Benchmark\Datasets\MTSD\Prepared\MTSD-Unaugmented\MTSD-YOLO\test\images\grp11_5c71ae7e-IMG_6256.jpeg,835.78,1023.86,2128.44,2075.44,0.3301,traffic sign,True,True,211.1,mtsd-p12
SAM 3.1,traffic sign,grp11_5cef4344-Pre_2026_6674.jpg,E:\2. UM-Student\MSC Dissertation\Urban-Vision-Benchmark\Datasets\MTSD\Prepared\MTSD-Unaugmented\MTSD-YOLO\test\images\grp11_5cef4344-Pre_2026_6674.jpg,82.89,144.4,1685.45,4000.0,0.3867,traffic sign,True,True,205.5,mtsd-p12
SAM 3.1,traffic sign,grp11_5cef4344-Pre_2026_6674.jpg,E:\2. UM-Student\MSC Dissertation\Urban-Vision-Benchmark\Datasets\MTSD\Prepared\MTSD-Unaugmented\MTSD-YOLO\test\images\grp11_5cef4344-Pre_2026_6674.jpg,761.25,2898.74,1203.41,3717.49,0.4648,traffic sign,True,True,205.5,mtsd-p12
SAM 3.1,traffic sign,grp11_5cef4344-Pre_2026_6674.jpg,E:\2. UM-Student\MSC Dissertation\Urban-Vision-Benchmark\Datasets\MTSD\Prepared\MTSD-Unaugmented\MTSD-YOLO\test\images\grp11_5cef4344-Pre_2026_6674.jpg,60.13,944.72,1699.12,2472.58,0.7656,traffic sign,True,True,205.5,mtsd-p12
SAM 3.1,traffic sign,grp11_5cef4344-Pre_2026_6674.jpg,E:\2. UM-Student\MSC Dissertation\Urban-Vision-Benchmark\Datasets\MTSD\Prepared\MTSD-Unaugmented\MTSD-YOLO\test\images\grp11_5cef4344-Pre_2026_6674.jpg,567.98,150.99,1663.22,1009.31,0.8828,traffic sign,True,True,205.5,mtsd-p12
SAM 3.1,traffic sign,grp11_6bd01c27-IMG_1442.jpg,E:\2. UM-Student\MSC Dissertation\Urban-Vision-Benchmark\Datasets\MTSD\Prepared\MTSD-Unaugmented\MTSD-YOLO\test\images\grp11_6bd01c27-IMG_1442.jpg,1078.52,426.41,1806.5,1643.23,0.918,traffic sign,True,True,204.2,mtsd-p12
SAM 3.1,traffic sign,grp11_6d03b071-IMG_6395.jpeg,E:\2. UM-Student\MSC Dissertation\Urban-Vision-Benchmark\Datasets\MTSD\Prepared\MTSD-Unaugmented\MTSD-YOLO\test\images\grp11_6d03b071-IMG_6395.jpeg,1674.18,2390.96,2934.57,2844.95,0.5039,traffic sign,True,True,206.4,mtsd-p12
SAM 3.1,traffic sign,grp11_6d03b071-IMG_6395.jpeg,E:\2. UM-Student\MSC Dissertation\Urban-Vision-Benchmark\Datasets\MTSD\Prepared\MTSD-Unaugmented\MTSD-YOLO\test\images\grp11_6d03b071-IMG_6395.jpeg,1116.59,1151.51,2498.63,2396.03,0.918,traffic sign,True,True,206.4,mtsd-p12
SAM 3.1,traffic sign,grp11_6d1c0888-IMG_20251125_191657.jpg,E:\2. UM-Student\MSC Dissertation\Urban-Vision-Benchmark\Datasets\MTSD\Prepared\MTSD-Unaugmented\MTSD-YOLO\test\images\grp11_6d1c0888-IMG_20251125_191657.jpg,1498.73,978.74,1657.06,3277.48,0.4766,traffic sign,True,True,189.7,mtsd-p12
SAM 3.1,traffic sign,grp11_6d1c0888-IMG_20251125_191657.jpg,E:\2. UM-Student\MSC Dissertation\Urban-Vision-Benchmark\Datasets\MTSD\Prepared\MTSD-Unaugmented\MTSD-YOLO\test\images\grp11_6d1c0888-IMG_20251125_191657.jpg,1501.43,996.18,1617.5,1634.59,0.8125,traffic sign,True,True,189.7,mtsd-p12
SAM 3.1,traffic sign,grp11_7041f709-IMG_1379.jpg,E:\2. UM-Student\MSC Dissertation\Urban-Vision-Benchmark\Datasets\MTSD\Prepared\MTSD-Unaugmented\MTSD-YOLO\test\images\grp11_7041f709-IMG_1379.jpg,1107.92,857.49,1757.77,3548.88,0.6836,traffic sign,True,True,170.4,mtsd-p12
SAM 3.1,traffic sign,grp11_7041f709-IMG_1379.jpg,E:\2. UM-Student\MSC Dissertation\Urban-Vision-Benchmark\Datasets\MTSD\Prepared\MTSD-Unaugmented\MTSD-YOLO\test\images\grp11_7041f709-IMG_1379.jpg,1109.53,859.35,1756.85,2250.59,0.8125,traffic sign,True,True,170.4,mtsd-p12
SAM 3.1,traffic sign,grp11_80f216ed-Pre_2026_6647.jpg,E:\2. UM-Student\MSC Dissertation\Urban-Vision-Benchmark\Datasets\MTSD\Prepared\MTSD-Unaugmented\MTSD-YOLO\test\images\grp11_80f216ed-Pre_2026_6647.jpg,,,,,,<no detections>,False,True,154.1,mtsd-p12
SAM 3.1,traffic sign,grp11_8297098a-IMG_6326.jpeg,E:\2. UM-Student\MSC Dissertation\Urban-Vision-Benchmark\Datasets\MTSD\Prepared\MTSD-Unaugmented\MTSD-YOLO\test\images\grp11_8297098a-IMG_6326.jpeg,,,,,,<no detections>,False,True,153.9,mtsd-p12
SAM 3.1,traffic sign,grp11_87a2a97d-IMG_6417.jpeg,E:\2. UM-Student\MSC Dissertation\Urban-Vision-Benchmark\Datasets\MTSD\Prepared\MTSD-Unaugmented\MTSD-YOLO\test\images\grp11_87a2a97d-IMG_6417.jpeg,1578.45,1888.52,4092.84,5451.74,0.9023,traffic sign,True,True,610.1,mtsd-p12
SAM 3.1,traffic sign,grp11_8d5205a5-IMG_6322.jpeg,E:\2. UM-Student\MSC Dissertation\Urban-Vision-Benchmark\Datasets\MTSD\Prepared\MTSD-Unaugmented\MTSD-YOLO\test\images\grp11_8d5205a5-IMG_6322.jpeg,861.08,1149.55,2142.62,2204.22,0.9258,traffic sign,True,True,266.8,mtsd-p12
SAM 3.1,traffic sign,grp11_8d5205a5-IMG_6322.jpeg,E:\2. UM-Student\MSC Dissertation\Urban-Vision-Benchmark\Datasets\MTSD\Prepared\MTSD-Unaugmented\MTSD-YOLO\test\images\grp11_8d5205a5-IMG_6322.jpeg,2162.03,962.27,2639.47,2309.62,0.8398,traffic sign,True,True,266.8,mtsd-p12
SAM 3.1,traffic sign,grp11_8da30211-IMG_1389.jpg,E:\2. UM-Student\MSC Dissertation\Urban-Vision-Benchmark\Datasets\MTSD\Prepared\MTSD-Unaugmented\MTSD-YOLO\test\images\grp11_8da30211-IMG_1389.jpg,982.22,326.74,2146.88,4032.0,0.4062,traffic sign,True,True,421.4,mtsd-p12
SAM 3.1,traffic sign,grp11_8da30211-IMG_1389.jpg,E:\2. UM-Student\MSC Dissertation\Urban-Vision-Benchmark\Datasets\MTSD\Prepared\MTSD-Unaugmented\MTSD-YOLO\test\images\grp11_8da30211-IMG_1389.jpg,983.21,321.46,2141.47,1556.84,0.7383,traffic sign,True,True,421.4,mtsd-p12
SAM 3.1,traffic sign,grp11_92113811-IMG_1371.jpg,E:\2. UM-Student\MSC Dissertation\Urban-Vision-Benchmark\Datasets\MTSD\Prepared\MTSD-Unaugmented\MTSD-YOLO\test\images\grp11_92113811-IMG_1371.jpg,2946.72,1959.94,3024.0,3396.87,0.5078,traffic sign,True,True,248.4,mtsd-p12
SAM 3.1,traffic sign,grp11_92113811-IMG_1371.jpg,E:\2. UM-Student\MSC Dissertation\Urban-Vision-Benchmark\Datasets\MTSD\Prepared\MTSD-Unaugmented\MTSD-YOLO\test\images\grp11_92113811-IMG_1371.jpg,582.1,2554.39,616.31,2602.99,0.3223,traffic sign,True,True,248.4,mtsd-p12
SAM 3.1,traffic sign,grp11_92113811-IMG_1371.jpg,E:\2. UM-Student\MSC Dissertation\Urban-Vision-Benchmark\Datasets\MTSD\Prepared\MTSD-Unaugmented\MTSD-YOLO\test\images\grp11_92113811-IMG_1371.jpg,733.53,10.2,2335.11,3978.08,0.3477,traffic sign,True,True,248.4,mtsd-p12
SAM 3.1,traffic sign,grp11_92113811-IMG_1371.jpg,E:\2. UM-Student\MSC Dissertation\Urban-Vision-Benchmark\Datasets\MTSD\Prepared\MTSD-Unaugmented\MTSD-YOLO\test\images\grp11_92113811-IMG_1371.jpg,2947.82,1968.71,3001.49,2272.76,0.7695,traffic sign,True,True,248.4,mtsd-p12
SAM 3.1,traffic sign,grp11_92113811-IMG_1371.jpg,E:\2. UM-Student\MSC Dissertation\Urban-Vision-Benchmark\Datasets\MTSD\Prepared\MTSD-Unaugmented\MTSD-YOLO\test\images\grp11_92113811-IMG_1371.jpg,1232.39,1673.51,2226.88,3502.21,0.8516,traffic sign,True,True,248.4,mtsd-p12
SAM 3.1,traffic sign,grp11_92113811-IMG_1371.jpg,E:\2. UM-Student\MSC Dissertation\Urban-Vision-Benchmark\Datasets\MTSD\Prepared\MTSD-Unaugmented\MTSD-YOLO\test\images\grp11_92113811-IMG_1371.jpg,724.84,0.0,2385.96,1565.56,0.8516,traffic sign,True,True,248.4,mtsd-p12
SAM 3.1,traffic sign,grp11_93c9acc6-Pre_2026_6752.jpg,E:\2. UM-Student\MSC Dissertation\Urban-Vision-Benchmark\Datasets\MTSD\Prepared\MTSD-Unaugmented\MTSD-YOLO\test\images\grp11_93c9acc6-Pre_2026_6752.jpg,2352.8,529.63,3284.66,1173.25,0.9102,traffic sign,True,True,177.6,mtsd-p12
SAM 3.1,traffic sign,grp11_94c2771c-IMG_1367.jpg,E:\2. UM-Student\MSC Dissertation\Urban-Vision-Benchmark\Datasets\MTSD\Prepared\MTSD-Unaugmented\MTSD-YOLO\test\images\grp11_94c2771c-IMG_1367.jpg,1091.9,357.94,1968.16,2034.82,0.918,traffic sign,True,True,231.4,mtsd-p12
SAM 3.1,traffic sign,grp11_94c2771c-IMG_1367.jpg,E:\2. UM-Student\MSC Dissertation\Urban-Vision-Benchmark\Datasets\MTSD\Prepared\MTSD-Unaugmented\MTSD-YOLO\test\images\grp11_94c2771c-IMG_1367.jpg,1112.34,40.32,1942.82,4031.69,0.3184,traffic sign,True,True,231.4,mtsd-p12
SAM 3.1,traffic sign,grp11_94c2771c-IMG_1367.jpg,E:\2. UM-Student\MSC Dissertation\Urban-Vision-Benchmark\Datasets\MTSD\Prepared\MTSD-Unaugmented\MTSD-YOLO\test\images\grp11_94c2771c-IMG_1367.jpg,1146.78,0.0,1888.72,310.54,0.8672,traffic sign,True,True,231.4,mtsd-p12
SAM 3.1,traffic sign,grp11_9adb1ffc-IMG_1447.jpg,E:\2. UM-Student\MSC Dissertation\Urban-Vision-Benchmark\Datasets\MTSD\Prepared\MTSD-Unaugmented\MTSD-YOLO\test\images\grp11_9adb1ffc-IMG_1447.jpg,1064.47,495.15,2222.26,1745.81,0.8906,traffic sign,True,True,188.7,mtsd-p12
SAM 3.1,traffic sign,grp11_9aea0791-Pre_2026_6686.jpg,E:\2. UM-Student\MSC Dissertation\Urban-Vision-Benchmark\Datasets\MTSD\Prepared\MTSD-Unaugmented\MTSD-YOLO\test\images\grp11_9aea0791-Pre_2026_6686.jpg,544.98,751.18,840.0,1669.49,0.3379,traffic sign,True,True,218.6,mtsd-p12
SAM 3.1,traffic sign,grp11_9aea0791-Pre_2026_6686.jpg,E:\2. UM-Student\MSC Dissertation\Urban-Vision-Benchmark\Datasets\MTSD\Prepared\MTSD-Unaugmented\MTSD-YOLO\test\images\grp11_9aea0791-Pre_2026_6686.jpg,544.67,697.81,1242.92,4000.0,0.4746,traffic sign,True,True,218.6,mtsd-p12
SAM 3.1,traffic sign,grp11_9aea0791-Pre_2026_6686.jpg,E:\2. UM-Student\MSC Dissertation\Urban-Vision-Benchmark\Datasets\MTSD\Prepared\MTSD-Unaugmented\MTSD-YOLO\test\images\grp11_9aea0791-Pre_2026_6686.jpg,651.86,692.3,1238.5,1688.55,0.8281,traffic sign,True,True,218.6,mtsd-p12
SAM 3.1,traffic sign,grp11_9e3f1527-IMG_6303.jpeg,E:\2. UM-Student\MSC Dissertation\Urban-Vision-Benchmark\Datasets\MTSD\Prepared\MTSD-Unaugmented\MTSD-YOLO\test\images\grp11_9e3f1527-IMG_6303.jpeg,,,,,,<no detections>,False,True,156.2,mtsd-p12
SAM 3.1,traffic sign,grp11_a9ff1854-IMG_6408.jpeg,E:\2. UM-Student\MSC Dissertation\Urban-Vision-Benchmark\Datasets\MTSD\Prepared\MTSD-Unaugmented\MTSD-YOLO\test\images\grp11_a9ff1854-IMG_6408.jpeg,1842.28,667.72,3122.22,1836.35,0.9492,traffic sign,True,True,190.6,mtsd-p12
SAM 3.1,traffic sign,grp11_a9ff1854-IMG_6408.jpeg,E:\2. UM-Student\MSC Dissertation\Urban-Vision-Benchmark\Datasets\MTSD\Prepared\MTSD-Unaugmented\MTSD-YOLO\test\images\grp11_a9ff1854-IMG_6408.jpeg,596.28,576.96,1824.14,1827.32,0.9375,traffic sign,True,True,190.6,mtsd-p12
SAM 3.1,traffic sign,grp11_aff5c880-IMG_6324.jpeg,E:\2. UM-Student\MSC Dissertation\Urban-Vision-Benchmark\Datasets\MTSD\Prepared\MTSD-Unaugmented\MTSD-YOLO\test\images\grp11_aff5c880-IMG_6324.jpeg,2413.18,3450.15,2487.34,3576.65,0.6914,traffic sign,True,True,475.1,mtsd-p12
SAM 3.1,traffic sign,grp11_aff5c880-IMG_6324.jpeg,E:\2. UM-Student\MSC Dissertation\Urban-Vision-Benchmark\Datasets\MTSD\Prepared\MTSD-Unaugmented\MTSD-YOLO\test\images\grp11_aff5c880-IMG_6324.jpeg,1903.67,3505.05,1961.8,3590.03,0.6797,traffic sign,True,True,475.1,mtsd-p12
SAM 3.1,traffic sign,grp11_aff5c880-IMG_6324.jpeg,E:\2. UM-Student\MSC Dissertation\Urban-Vision-Benchmark\Datasets\MTSD\Prepared\MTSD-Unaugmented\MTSD-YOLO\test\images\grp11_aff5c880-IMG_6324.jpeg,2412.52,3513.56,2490.53,3577.48,0.5273,traffic sign,True,True,475.1,mtsd-p12
SAM 3.1,traffic sign,grp11_aff5c880-IMG_6324.jpeg,E:\2. UM-Student\MSC Dissertation\Urban-Vision-Benchmark\Datasets\MTSD\Prepared\MTSD-Unaugmented\MTSD-YOLO\test\images\grp11_aff5c880-IMG_6324.jpeg,1132.54,1257.89,1974.76,2151.32,0.9414,traffic sign,True,True,475.1,mtsd-p12
SAM 3.1,traffic sign,grp11_aff5c880-IMG_6324.jpeg,E:\2. UM-Student\MSC Dissertation\Urban-Vision-Benchmark\Datasets\MTSD\Prepared\MTSD-Unaugmented\MTSD-YOLO\test\images\grp11_aff5c880-IMG_6324.jpeg,2423.54,3450.78,2481.23,3536.08,0.5781,traffic sign,True,True,475.1,mtsd-p12
SAM 3.1,traffic sign,grp11_b25d900c-Pre_2026_6648.jpg,E:\2. UM-Student\MSC Dissertation\Urban-Vision-Benchmark\Datasets\MTSD\Prepared\MTSD-Unaugmented\MTSD-YOLO\test\images\grp11_b25d900c-Pre_2026_6648.jpg,,,,,,<no detections>,False,True,142.8,mtsd-p12
SAM 3.1,traffic sign,grp11_b40e574e-IMG_1307.jpg,E:\2. UM-Student\MSC Dissertation\Urban-Vision-Benchmark\Datasets\MTSD\Prepared\MTSD-Unaugmented\MTSD-YOLO\test\images\grp11_b40e574e-IMG_1307.jpg,1320.89,1026.39,1914.94,1248.99,0.6172,traffic sign,True,True,850.0,mtsd-p12
SAM 3.1,traffic sign,grp11_b40e574e-IMG_1307.jpg,E:\2. UM-Student\MSC Dissertation\Urban-Vision-Benchmark\Datasets\MTSD\Prepared\MTSD-Unaugmented\MTSD-YOLO\test\images\grp11_b40e574e-IMG_1307.jpg,1060.14,1763.07,1101.28,1835.99,0.3848,traffic sign,True,True,850.0,mtsd-p12
SAM 3.1,traffic sign,grp11_b40e574e-IMG_1307.jpg,E:\2. UM-Student\MSC Dissertation\Urban-Vision-Benchmark\Datasets\MTSD\Prepared\MTSD-Unaugmented\MTSD-YOLO\test\images\grp11_b40e574e-IMG_1307.jpg,460.06,1787.29,500.79,1874.45,0.4238,traffic sign,True,True,850.0,mtsd-p12
SAM 3.1,traffic sign,grp11_b40e574e-IMG_1307.jpg,E:\2. UM-Student\MSC Dissertation\Urban-Vision-Benchmark\Datasets\MTSD\Prepared\MTSD-Unaugmented\MTSD-YOLO\test\images\grp11_b40e574e-IMG_1307.jpg,712.68,0.0,1507.53,307.77,0.4863,traffic sign,True,True,850.0,mtsd-p12
SAM 3.1,traffic sign,grp11_b40e574e-IMG_1307.jpg,E:\2. UM-Student\MSC Dissertation\Urban-Vision-Benchmark\Datasets\MTSD\Prepared\MTSD-Unaugmented\MTSD-YOLO\test\images\grp11_b40e574e-IMG_1307.jpg,1500.55,1727.14,1545.44,1812.36,0.4277,traffic sign,True,True,850.0,mtsd-p12
SAM 3.1,traffic sign,grp11_b40e574e-IMG_1307.jpg,E:\2. UM-Student\MSC Dissertation\Urban-Vision-Benchmark\Datasets\MTSD\Prepared\MTSD-Unaugmented\MTSD-YOLO\test\images\grp11_b40e574e-IMG_1307.jpg,1054.97,1852.23,1164.73,2007.09,0.7227,traffic sign,True,True,850.0,mtsd-p12
SAM 3.1,traffic sign,grp11_b40e574e-IMG_1307.jpg,E:\2. UM-Student\MSC Dissertation\Urban-Vision-Benchmark\Datasets\MTSD\Prepared\MTSD-Unaugmented\MTSD-YOLO\test\images\grp11_b40e574e-IMG_1307.jpg,1238.01,273.79,1985.63,3633.51,0.3047,traffic sign,True,True,850.0,mtsd-p12
SAM 3.1,traffic sign,grp11_b40e574e-IMG_1307.jpg,E:\2. UM-Student\MSC Dissertation\Urban-Vision-Benchmark\Datasets\MTSD\Prepared\MTSD-Unaugmented\MTSD-YOLO\test\images\grp11_b40e574e-IMG_1307.jpg,1930.72,1544.49,1963.2,1597.59,0.3359,traffic sign,True,True,850.0,mtsd-p12
SAM 3.1,traffic sign,grp11_b40e574e-IMG_1307.jpg,E:\2. UM-Student\MSC Dissertation\Urban-Vision-Benchmark\Datasets\MTSD\Prepared\MTSD-Unaugmented\MTSD-YOLO\test\images\grp11_b40e574e-IMG_1307.jpg,1226.9,273.22,1988.57,1057.71,0.918,traffic sign,True,True,850.0,mtsd-p12
SAM 3.1,traffic sign,grp11_b40e574e-IMG_1307.jpg,E:\2. UM-Student\MSC Dissertation\Urban-Vision-Benchmark\Datasets\MTSD\Prepared\MTSD-Unaugmented\MTSD-YOLO\test\images\grp11_b40e574e-IMG_1307.jpg,1653.41,1795.13,1689.17,1848.62,0.4707,traffic sign,True,True,850.0,mtsd-p12
SAM 3.1,traffic sign,grp11_b40e574e-IMG_1307.jpg,E:\2. UM-Student\MSC Dissertation\Urban-Vision-Benchmark\Datasets\MTSD\Prepared\MTSD-Unaugmented\MTSD-YOLO\test\images\grp11_b40e574e-IMG_1307.jpg,1932.02,1510.56,1964.71,1545.44,0.3281,traffic sign,True,True,850.0,mtsd-p12
SAM 3.1,traffic sign,grp11_b4a34518-Pre_2026_6659.jpg,E:\2. UM-Student\MSC Dissertation\Urban-Vision-Benchmark\Datasets\MTSD\Prepared\MTSD-Unaugmented\MTSD-YOLO\test\images\grp11_b4a34518-Pre_2026_6659.jpg,2116.89,2190.03,2208.96,2498.41,0.3398,traffic sign,True,True,213.9,mtsd-p12
SAM 3.1,traffic sign,grp11_b4a34518-Pre_2026_6659.jpg,E:\2. UM-Student\MSC Dissertation\Urban-Vision-Benchmark\Datasets\MTSD\Prepared\MTSD-Unaugmented\MTSD-YOLO\test\images\grp11_b4a34518-Pre_2026_6659.jpg,2118.62,2192.12,2175.36,2262.11,0.4688,traffic sign,True,True,213.9,mtsd-p12
SAM 3.1,traffic sign,grp11_b4a34518-Pre_2026_6659.jpg,E:\2. UM-Student\MSC Dissertation\Urban-Vision-Benchmark\Datasets\MTSD\Prepared\MTSD-Unaugmented\MTSD-YOLO\test\images\grp11_b4a34518-Pre_2026_6659.jpg,577.61,1601.21,1030.34,2349.58,0.7422,traffic sign,True,True,213.9,mtsd-p12
SAM 3.1,traffic sign,grp11_b4a34518-Pre_2026_6659.jpg,E:\2. UM-Student\MSC Dissertation\Urban-Vision-Benchmark\Datasets\MTSD\Prepared\MTSD-Unaugmented\MTSD-YOLO\test\images\grp11_b4a34518-Pre_2026_6659.jpg,580.52,833.26,1307.25,3998.52,0.373,traffic sign,True,True,213.9,mtsd-p12
SAM 3.1,traffic sign,grp11_b4a34518-Pre_2026_6659.jpg,E:\2. UM-Student\MSC Dissertation\Urban-Vision-Benchmark\Datasets\MTSD\Prepared\MTSD-Unaugmented\MTSD-YOLO\test\images\grp11_b4a34518-Pre_2026_6659.jpg,591.33,826.66,1302.87,1700.66,0.9102,traffic sign,True,True,213.9,mtsd-p12
SAM 3.1,traffic sign,grp11_bab711b8-IMG_20251125_192613.jpg,E:\2. UM-Student\MSC Dissertation\Urban-Vision-Benchmark\Datasets\MTSD\Prepared\MTSD-Unaugmented\MTSD-YOLO\test\images\grp11_bab711b8-IMG_20251125_192613.jpg,1116.0,781.71,1847.98,3999.52,0.459,traffic sign,True,True,181.5,mtsd-p12
SAM 3.1,traffic sign,grp11_bab711b8-IMG_20251125_192613.jpg,E:\2. UM-Student\MSC Dissertation\Urban-Vision-Benchmark\Datasets\MTSD\Prepared\MTSD-Unaugmented\MTSD-YOLO\test\images\grp11_bab711b8-IMG_20251125_192613.jpg,1123.38,783.43,1843.66,1683.83,0.8828,traffic sign,True,True,181.5,mtsd-p12
SAM 3.1,traffic sign,grp11_badbe466-IMG_20251125_194752.jpg,E:\2. UM-Student\MSC Dissertation\Urban-Vision-Benchmark\Datasets\MTSD\Prepared\MTSD-Unaugmented\MTSD-YOLO\test\images\grp11_badbe466-IMG_20251125_194752.jpg,815.17,1377.41,1410.77,4000.0,0.3281,traffic sign,True,True,457.2,mtsd-p12
SAM 3.1,traffic sign,grp11_badbe466-IMG_20251125_194752.jpg,E:\2. UM-Student\MSC Dissertation\Urban-Vision-Benchmark\Datasets\MTSD\Prepared\MTSD-Unaugmented\MTSD-YOLO\test\images\grp11_badbe466-IMG_20251125_194752.jpg,3.84,2573.59,50.55,2735.59,0.3223,traffic sign,True,True,457.2,mtsd-p12
SAM 3.1,traffic sign,grp11_badbe466-IMG_20251125_194752.jpg,E:\2. UM-Student\MSC Dissertation\Urban-Vision-Benchmark\Datasets\MTSD\Prepared\MTSD-Unaugmented\MTSD-YOLO\test\images\grp11_badbe466-IMG_20251125_194752.jpg,2798.95,2343.4,2828.9,2420.36,0.3809,traffic sign,True,True,457.2,mtsd-p12
SAM 3.1,traffic sign,grp11_badbe466-IMG_20251125_194752.jpg,E:\2. UM-Student\MSC Dissertation\Urban-Vision-Benchmark\Datasets\MTSD\Prepared\MTSD-Unaugmented\MTSD-YOLO\test\images\grp11_badbe466-IMG_20251125_194752.jpg,784.81,1367.88,1406.72,2076.27,0.4355,traffic sign,True,True,457.2,mtsd-p12
SAM 3.1,traffic sign,grp11_bdad925f-IMG_20251125_194953.jpg,E:\2. UM-Student\MSC Dissertation\Urban-Vision-Benchmark\Datasets\MTSD\Prepared\MTSD-Unaugmented\MTSD-YOLO\test\images\grp11_bdad925f-IMG_20251125_194953.jpg,1097.35,1268.05,1858.36,3027.85,0.5078,traffic sign,True,True,352.2,mtsd-p12
SAM 3.1,traffic sign,grp11_bdad925f-IMG_20251125_194953.jpg,E:\2. UM-Student\MSC Dissertation\Urban-Vision-Benchmark\Datasets\MTSD\Prepared\MTSD-Unaugmented\MTSD-YOLO\test\images\grp11_bdad925f-IMG_20251125_194953.jpg,1098.22,1272.13,1859.05,2072.49,0.6172,traffic sign,True,True,352.2,mtsd-p12
SAM 3.1,traffic sign,grp11_cb23d6ca-IMG_20251125_190938.jpg,E:\2. UM-Student\MSC Dissertation\Urban-Vision-Benchmark\Datasets\MTSD\Prepared\MTSD-Unaugmented\MTSD-YOLO\test\images\grp11_cb23d6ca-IMG_20251125_190938.jpg,2851.27,2072.85,3000.0,2551.57,0.707,traffic sign,True,True,516.0,mtsd-p12
SAM 3.1,traffic sign,grp11_cb23d6ca-IMG_20251125_190938.jpg,E:\2. UM-Student\MSC Dissertation\Urban-Vision-Benchmark\Datasets\MTSD\Prepared\MTSD-Unaugmented\MTSD-YOLO\test\images\grp11_cb23d6ca-IMG_20251125_190938.jpg,998.95,2138.29,1172.8,2332.03,0.8633,traffic sign,True,True,516.0,mtsd-p12
SAM 3.1,traffic sign,grp11_cb23d6ca-IMG_20251125_190938.jpg,E:\2. UM-Student\MSC Dissertation\Urban-Vision-Benchmark\Datasets\MTSD\Prepared\MTSD-Unaugmented\MTSD-YOLO\test\images\grp11_cb23d6ca-IMG_20251125_190938.jpg,1373.0,2590.94,1675.24,3656.68,0.9375,traffic sign,True,True,516.0,mtsd-p12
SAM 3.1,traffic sign,grp11_cb23d6ca-IMG_20251125_190938.jpg,E:\2. UM-Student\MSC Dissertation\Urban-Vision-Benchmark\Datasets\MTSD\Prepared\MTSD-Unaugmented\MTSD-YOLO\test\images\grp11_cb23d6ca-IMG_20251125_190938.jpg,952.37,1554.37,1197.46,1753.1,0.6797,traffic sign,True,True,516.0,mtsd-p12
SAM 3.1,traffic sign,grp11_cb23d6ca-IMG_20251125_190938.jpg,E:\2. UM-Student\MSC Dissertation\Urban-Vision-Benchmark\Datasets\MTSD\Prepared\MTSD-Unaugmented\MTSD-YOLO\test\images\grp11_cb23d6ca-IMG_20251125_190938.jpg,952.87,1944.51,1211.03,2142.49,0.6875,traffic sign,True,True,516.0,mtsd-p12
SAM 3.1,traffic sign,grp11_cb23d6ca-IMG_20251125_190938.jpg,E:\2. UM-Student\MSC Dissertation\Urban-Vision-Benchmark\Datasets\MTSD\Prepared\MTSD-Unaugmented\MTSD-YOLO\test\images\grp11_cb23d6ca-IMG_20251125_190938.jpg,953.16,1351.4,1192.73,1555.19,0.7109,traffic sign,True,True,516.0,mtsd-p12
SAM 3.1,traffic sign,grp11_cb23d6ca-IMG_20251125_190938.jpg,E:\2. UM-Student\MSC Dissertation\Urban-Vision-Benchmark\Datasets\MTSD\Prepared\MTSD-Unaugmented\MTSD-YOLO\test\images\grp11_cb23d6ca-IMG_20251125_190938.jpg,2923.55,1901.29,2998.69,2019.2,0.4453,traffic sign,True,True,516.0,mtsd-p12
SAM 3.1,traffic sign,grp11_cb23d6ca-IMG_20251125_190938.jpg,E:\2. UM-Student\MSC Dissertation\Urban-Vision-Benchmark\Datasets\MTSD\Prepared\MTSD-Unaugmented\MTSD-YOLO\test\images\grp11_cb23d6ca-IMG_20251125_190938.jpg,1353.02,1592.07,1656.15,2622.53,0.9375,traffic sign,True,True,516.0,mtsd-p12
SAM 3.1,traffic sign,grp11_cb23d6ca-IMG_20251125_190938.jpg,E:\2. UM-Student\MSC Dissertation\Urban-Vision-Benchmark\Datasets\MTSD\Prepared\MTSD-Unaugmented\MTSD-YOLO\test\images\grp11_cb23d6ca-IMG_20251125_190938.jpg,1358.85,682.89,1648.03,1610.79,0.9062,traffic sign,True,True,516.0,mtsd-p12
SAM 3.1,traffic sign,grp11_cb23d6ca-IMG_20251125_190938.jpg,E:\2. UM-Student\MSC Dissertation\Urban-Vision-Benchmark\Datasets\MTSD\Prepared\MTSD-Unaugmented\MTSD-YOLO\test\images\grp11_cb23d6ca-IMG_20251125_190938.jpg,951.3,1751.5,1203.93,1947.86,0.6836,traffic sign,True,True,516.0,mtsd-p12
SAM 3.1,traffic sign,grp11_cf483702-IMG_20251125_195623.jpg,E:\2. UM-Student\MSC Dissertation\Urban-Vision-Benchmark\Datasets\MTSD\Prepared\MTSD-Unaugmented\MTSD-YOLO\test\images\grp11_cf483702-IMG_20251125_195623.jpg,1474.23,1603.8,2110.64,2678.39,0.5703,traffic sign,True,True,250.5,mtsd-p12
SAM 3.1,traffic sign,grp11_cf483702-IMG_20251125_195623.jpg,E:\2. UM-Student\MSC Dissertation\Urban-Vision-Benchmark\Datasets\MTSD\Prepared\MTSD-Unaugmented\MTSD-YOLO\test\images\grp11_cf483702-IMG_20251125_195623.jpg,2583.36,2506.25,2798.35,2633.02,0.8125,traffic sign,True,True,250.5,mtsd-p12
SAM 3.1,traffic sign,grp11_cf483702-IMG_20251125_195623.jpg,E:\2. UM-Student\MSC Dissertation\Urban-Vision-Benchmark\Datasets\MTSD\Prepared\MTSD-Unaugmented\MTSD-YOLO\test\images\grp11_cf483702-IMG_20251125_195623.jpg,1441.94,587.69,2136.31,3984.12,0.3633,traffic sign,True,True,250.5,mtsd-p12
SAM 3.1,traffic sign,grp11_cf483702-IMG_20251125_195623.jpg,E:\2. UM-Student\MSC Dissertation\Urban-Vision-Benchmark\Datasets\MTSD\Prepared\MTSD-Unaugmented\MTSD-YOLO\test\images\grp11_cf483702-IMG_20251125_195623.jpg,1436.52,585.96,2133.54,1617.71,0.5781,traffic sign,True,True,250.5,mtsd-p12
SAM 3.1,traffic sign,grp11_cf483702-IMG_20251125_195623.jpg,E:\2. UM-Student\MSC Dissertation\Urban-Vision-Benchmark\Datasets\MTSD\Prepared\MTSD-Unaugmented\MTSD-YOLO\test\images\grp11_cf483702-IMG_20251125_195623.jpg,2606.6,2406.85,2752.04,2505.35,0.7891,traffic sign,True,True,250.5,mtsd-p12
SAM 3.1,traffic sign,grp11_d9b50eb1-Pre_2026_6691.jpg,E:\2. UM-Student\MSC Dissertation\Urban-Vision-Benchmark\Datasets\MTSD\Prepared\MTSD-Unaugmented\MTSD-YOLO\test\images\grp11_d9b50eb1-Pre_2026_6691.jpg,658.27,1642.95,1293.7,3979.7,0.418,traffic sign,True,True,187.7,mtsd-p12
SAM 3.1,traffic sign,grp11_d9b50eb1-Pre_2026_6691.jpg,E:\2. UM-Student\MSC Dissertation\Urban-Vision-Benchmark\Datasets\MTSD\Prepared\MTSD-Unaugmented\MTSD-YOLO\test\images\grp11_d9b50eb1-Pre_2026_6691.jpg,665.56,1669.28,1289.57,2207.28,0.8984,traffic sign,True,True,187.7,mtsd-p12
SAM 3.1,traffic sign,grp11_d9b50eb1-Pre_2026_6691.jpg,E:\2. UM-Student\MSC Dissertation\Urban-Vision-Benchmark\Datasets\MTSD\Prepared\MTSD-Unaugmented\MTSD-YOLO\test\images\grp11_d9b50eb1-Pre_2026_6691.jpg,656.66,2190.18,1288.4,2410.29,0.8164,traffic sign,True,True,187.7,mtsd-p12
SAM 3.1,traffic sign,grp11_d9b50eb1-Pre_2026_6691.jpg,E:\2. UM-Student\MSC Dissertation\Urban-Vision-Benchmark\Datasets\MTSD\Prepared\MTSD-Unaugmented\MTSD-YOLO\test\images\grp11_d9b50eb1-Pre_2026_6691.jpg,801.79,1237.65,1147.42,1678.07,0.9297,traffic sign,True,True,187.7,mtsd-p12
SAM 3.1,traffic sign,grp11_daaadabb-IMG_1451.jpg,E:\2. UM-Student\MSC Dissertation\Urban-Vision-Benchmark\Datasets\MTSD\Prepared\MTSD-Unaugmented\MTSD-YOLO\test\images\grp11_daaadabb-IMG_1451.jpg,921.9,0.0,1816.26,1385.21,0.8867,traffic sign,True,True,222.0,mtsd-p12
SAM 3.1,traffic sign,grp11_e27435a0-IMG_20251125_194217.jpg,E:\2. UM-Student\MSC Dissertation\Urban-Vision-Benchmark\Datasets\MTSD\Prepared\MTSD-Unaugmented\MTSD-YOLO\test\images\grp11_e27435a0-IMG_20251125_194217.jpg,811.71,1009.42,1634.13,1901.93,0.3652,traffic sign,True,True,167.7,mtsd-p12
SAM 3.1,traffic sign,grp11_ebb70ae4-Pre_2026_6672.jpg,E:\2. UM-Student\MSC Dissertation\Urban-Vision-Benchmark\Datasets\MTSD\Prepared\MTSD-Unaugmented\MTSD-YOLO\test\images\grp11_ebb70ae4-Pre_2026_6672.jpg,414.01,2263.23,785.45,2372.82,0.8164,traffic sign,True,True,213.5,mtsd-p12
SAM 3.1,traffic sign,grp11_ebb70ae4-Pre_2026_6672.jpg,E:\2. UM-Student\MSC Dissertation\Urban-Vision-Benchmark\Datasets\MTSD\Prepared\MTSD-Unaugmented\MTSD-YOLO\test\images\grp11_ebb70ae4-Pre_2026_6672.jpg,589.64,1165.16,2010.48,2253.72,0.8984,traffic sign,True,True,213.5,mtsd-p12
SAM 3.1,traffic sign,grp11_ebb70ae4-Pre_2026_6672.jpg,E:\2. UM-Student\MSC Dissertation\Urban-Vision-Benchmark\Datasets\MTSD\Prepared\MTSD-Unaugmented\MTSD-YOLO\test\images\grp11_ebb70ae4-Pre_2026_6672.jpg,597.86,574.42,2005.14,4000.0,0.3613,traffic sign,True,True,213.5,mtsd-p12
SAM 3.1,traffic sign,grp11_ebb70ae4-Pre_2026_6672.jpg,E:\2. UM-Student\MSC Dissertation\Urban-Vision-Benchmark\Datasets\MTSD\Prepared\MTSD-Unaugmented\MTSD-YOLO\test\images\grp11_ebb70ae4-Pre_2026_6672.jpg,913.55,588.2,1627.76,1352.4,0.7461,traffic sign,True,True,213.5,mtsd-p12
SAM 3.1,traffic sign,grp11_ebb70ae4-Pre_2026_6672.jpg,E:\2. UM-Student\MSC Dissertation\Urban-Vision-Benchmark\Datasets\MTSD\Prepared\MTSD-Unaugmented\MTSD-YOLO\test\images\grp11_ebb70ae4-Pre_2026_6672.jpg,162.62,2258.68,1026.93,3055.95,0.457,traffic sign,True,True,213.5,mtsd-p12
SAM 3.1,traffic sign,grp11_ee2f066e-IMG_20251125_194701.jpg,E:\2. UM-Student\MSC Dissertation\Urban-Vision-Benchmark\Datasets\MTSD\Prepared\MTSD-Unaugmented\MTSD-YOLO\test\images\grp11_ee2f066e-IMG_20251125_194701.jpg,1113.23,2593.68,1268.93,2762.18,0.8672,traffic sign,True,True,526.7,mtsd-p12
SAM 3.1,traffic sign,grp11_ee2f066e-IMG_20251125_194701.jpg,E:\2. UM-Student\MSC Dissertation\Urban-Vision-Benchmark\Datasets\MTSD\Prepared\MTSD-Unaugmented\MTSD-YOLO\test\images\grp11_ee2f066e-IMG_20251125_194701.jpg,583.13,2517.03,649.75,2602.37,0.5703,traffic sign,True,True,526.7,mtsd-p12
SAM 3.1,traffic sign,grp11_ee2f066e-IMG_20251125_194701.jpg,E:\2. UM-Student\MSC Dissertation\Urban-Vision-Benchmark\Datasets\MTSD\Prepared\MTSD-Unaugmented\MTSD-YOLO\test\images\grp11_ee2f066e-IMG_20251125_194701.jpg,523.7,999.61,1470.86,1891.08,0.918,traffic sign,True,True,526.7,mtsd-p12
SAM 3.1,traffic sign,grp11_ee2f066e-IMG_20251125_194701.jpg,E:\2. UM-Student\MSC Dissertation\Urban-Vision-Benchmark\Datasets\MTSD\Prepared\MTSD-Unaugmented\MTSD-YOLO\test\images\grp11_ee2f066e-IMG_20251125_194701.jpg,1849.51,2405.77,1888.47,2464.23,0.7734,traffic sign,True,True,526.7,mtsd-p12
SAM 3.1,traffic sign,grp11_ee2f066e-IMG_20251125_194701.jpg,E:\2. UM-Student\MSC Dissertation\Urban-Vision-Benchmark\Datasets\MTSD\Prepared\MTSD-Unaugmented\MTSD-YOLO\test\images\grp11_ee2f066e-IMG_20251125_194701.jpg,583.88,2510.72,649.92,2680.85,0.4375,traffic sign,True,True,526.7,mtsd-p12
SAM 3.1,traffic sign,grp11_ee2f066e-IMG_20251125_194701.jpg,E:\2. UM-Student\MSC Dissertation\Urban-Vision-Benchmark\Datasets\MTSD\Prepared\MTSD-Unaugmented\MTSD-YOLO\test\images\grp11_ee2f066e-IMG_20251125_194701.jpg,1842.29,2342.89,1883.85,2401.45,0.7656,traffic sign,True,True,526.7,mtsd-p12
SAM 3.1,traffic sign,grp11_f09e9bf4-Pre_2026_6657.jpg,E:\2. UM-Student\MSC Dissertation\Urban-Vision-Benchmark\Datasets\MTSD\Prepared\MTSD-Unaugmented\MTSD-YOLO\test\images\grp11_f09e9bf4-Pre_2026_6657.jpg,495.02,503.96,1648.53,4000.0,0.332,traffic sign,True,True,176.7,mtsd-p12
SAM 3.1,traffic sign,grp11_f09e9bf4-Pre_2026_6657.jpg,E:\2. UM-Student\MSC Dissertation\Urban-Vision-Benchmark\Datasets\MTSD\Prepared\MTSD-Unaugmented\MTSD-YOLO\test\images\grp11_f09e9bf4-Pre_2026_6657.jpg,503.69,502.89,1646.31,1766.03,0.8789,traffic sign,True,True,176.7,mtsd-p12
SAM 3.1,traffic sign,grp11_f0c7f95a-IMG_6420.jpeg,E:\2. UM-Student\MSC Dissertation\Urban-Vision-Benchmark\Datasets\MTSD\Prepared\MTSD-Unaugmented\MTSD-YOLO\test\images\grp11_f0c7f95a-IMG_6420.jpeg,710.83,1141.52,3420.49,2082.98,0.9062,traffic sign,True,True,245.8,mtsd-p12
SAM 3.1,traffic sign,grp11_f3e6cd7a-IMG_6398.jpeg,E:\2. UM-Student\MSC Dissertation\Urban-Vision-Benchmark\Datasets\MTSD\Prepared\MTSD-Unaugmented\MTSD-YOLO\test\images\grp11_f3e6cd7a-IMG_6398.jpeg,221.76,2590.4,435.23,2869.78,0.4961,traffic sign,True,True,735.6,mtsd-p12
SAM 3.1,traffic sign,grp11_f3e6cd7a-IMG_6398.jpeg,E:\2. UM-Student\MSC Dissertation\Urban-Vision-Benchmark\Datasets\MTSD\Prepared\MTSD-Unaugmented\MTSD-YOLO\test\images\grp11_f3e6cd7a-IMG_6398.jpeg,2643.28,4703.67,2749.43,4858.8,0.8047,traffic sign,True,True,735.6,mtsd-p12
SAM 3.1,traffic sign,grp11_f3e6cd7a-IMG_6398.jpeg,E:\2. UM-Student\MSC Dissertation\Urban-Vision-Benchmark\Datasets\MTSD\Prepared\MTSD-Unaugmented\MTSD-YOLO\test\images\grp11_f3e6cd7a-IMG_6398.jpeg,1129.94,4778.71,1205.48,4862.41,0.6953,traffic sign,True,True,735.6,mtsd-p12
SAM 3.1,traffic sign,grp11_f3e6cd7a-IMG_6398.jpeg,E:\2. UM-Student\MSC Dissertation\Urban-Vision-Benchmark\Datasets\MTSD\Prepared\MTSD-Unaugmented\MTSD-YOLO\test\images\grp11_f3e6cd7a-IMG_6398.jpeg,2638.21,4710.06,2738.23,5297.0,0.3145,traffic sign,True,True,735.6,mtsd-p12
SAM 3.1,traffic sign,grp11_f3e6cd7a-IMG_6398.jpeg,E:\2. UM-Student\MSC Dissertation\Urban-Vision-Benchmark\Datasets\MTSD\Prepared\MTSD-Unaugmented\MTSD-YOLO\test\images\grp11_f3e6cd7a-IMG_6398.jpeg,73.09,635.37,1598.82,2609.15,0.6562,traffic sign,True,True,735.6,mtsd-p12
SAM 3.1,traffic sign,grp11_f3e6cd7a-IMG_6398.jpeg,E:\2. UM-Student\MSC Dissertation\Urban-Vision-Benchmark\Datasets\MTSD\Prepared\MTSD-Unaugmented\MTSD-YOLO\test\images\grp11_f3e6cd7a-IMG_6398.jpeg,1451.52,961.64,2384.19,3087.42,0.9023,traffic sign,True,True,735.6,mtsd-p12
SAM 3.1,traffic sign,grp11_f3e6cd7a-IMG_6398.jpeg,E:\2. UM-Student\MSC Dissertation\Urban-Vision-Benchmark\Datasets\MTSD\Prepared\MTSD-Unaugmented\MTSD-YOLO\test\images\grp11_f3e6cd7a-IMG_6398.jpeg,1132.78,4770.2,1202.19,4978.4,0.3086,traffic sign,True,True,735.6,mtsd-p12
SAM 3.1,traffic sign,grp11_f71868de-IMG_20251125_191832.jpg,E:\2. UM-Student\MSC Dissertation\Urban-Vision-Benchmark\Datasets\MTSD\Prepared\MTSD-Unaugmented\MTSD-YOLO\test\images\grp11_f71868de-IMG_20251125_191832.jpg,301.52,351.51,957.65,3989.06,0.3418,traffic sign,True,True,166.6,mtsd-p12
SAM 3.1,traffic sign,grp11_f71868de-IMG_20251125_191832.jpg,E:\2. UM-Student\MSC Dissertation\Urban-Vision-Benchmark\Datasets\MTSD\Prepared\MTSD-Unaugmented\MTSD-YOLO\test\images\grp11_f71868de-IMG_20251125_191832.jpg,303.06,349.35,998.43,1326.67,0.4219,traffic sign,True,True,166.6,mtsd-p12
SAM 3.1,traffic sign,grp11_fbaad6ff-IMG_1423.jpg,E:\2. UM-Student\MSC Dissertation\Urban-Vision-Benchmark\Datasets\MTSD\Prepared\MTSD-Unaugmented\MTSD-YOLO\test\images\grp11_fbaad6ff-IMG_1423.jpg,991.39,439.77,2007.16,4032.0,0.4648,traffic sign,True,True,173.9,mtsd-p12
SAM 3.1,traffic sign,grp11_fbaad6ff-IMG_1423.jpg,E:\2. UM-Student\MSC Dissertation\Urban-Vision-Benchmark\Datasets\MTSD\Prepared\MTSD-Unaugmented\MTSD-YOLO\test\images\grp11_fbaad6ff-IMG_1423.jpg,994.88,441.33,2001.29,1371.52,0.9023,traffic sign,True,True,173.9,mtsd-p12
SAM 3.1,traffic sign,grp1_02ac92f5-IMG20251123165127.jpg,E:\2. UM-Student\MSC Dissertation\Urban-Vision-Benchmark\Datasets\MTSD\Prepared\MTSD-Unaugmented\MTSD-YOLO\test\images\grp1_02ac92f5-IMG20251123165127.jpg,2053.2,3523.31,2653.27,4041.34,0.5664,traffic sign,True,True,240.9,mtsd-p12
SAM 3.1,traffic sign,grp1_02ac92f5-IMG20251123165127.jpg,E:\2. UM-Student\MSC Dissertation\Urban-Vision-Benchmark\Datasets\MTSD\Prepared\MTSD-Unaugmented\MTSD-YOLO\test\images\grp1_02ac92f5-IMG20251123165127.jpg,1442.06,1373.61,2002.91,2858.67,0.6406,traffic sign,True,True,240.9,mtsd-p12
SAM 3.1,traffic sign,grp1_0608acbd-IMG_4633.jpeg,E:\2. UM-Student\MSC Dissertation\Urban-Vision-Benchmark\Datasets\MTSD\Prepared\MTSD-Unaugmented\MTSD-YOLO\test\images\grp1_0608acbd-IMG_4633.jpeg,,,,,,<no detections>,False,True,150.8,mtsd-p12
SAM 3.1,traffic sign,grp1_072bd818-IMG_4648.jpeg,E:\2. UM-Student\MSC Dissertation\Urban-Vision-Benchmark\Datasets\MTSD\Prepared\MTSD-Unaugmented\MTSD-YOLO\test\images\grp1_072bd818-IMG_4648.jpeg,2585.14,2959.79,3024.0,3577.63,0.7461,traffic sign,True,True,420.4,mtsd-p12
SAM 3.1,traffic sign,grp1_072bd818-IMG_4648.jpeg,E:\2. UM-Student\MSC Dissertation\Urban-Vision-Benchmark\Datasets\MTSD\Prepared\MTSD-Unaugmented\MTSD-YOLO\test\images\grp1_072bd818-IMG_4648.jpeg,1496.11,3528.94,1662.26,3681.43,0.668,traffic sign,True,True,420.4,mtsd-p12
SAM 3.1,traffic sign,grp1_072bd818-IMG_4648.jpeg,E:\2. UM-Student\MSC Dissertation\Urban-Vision-Benchmark\Datasets\MTSD\Prepared\MTSD-Unaugmented\MTSD-YOLO\test\images\grp1_072bd818-IMG_4648.jpeg,1122.11,1422.2,1773.37,3084.54,0.8164,traffic sign,True,True,420.4,mtsd-p12
SAM 3.1,traffic sign,grp1_091652b2-IMG20260105120954.jpg,E:\2. UM-Student\MSC Dissertation\Urban-Vision-Benchmark\Datasets\MTSD\Prepared\MTSD-Unaugmented\MTSD-YOLO\test\images\grp1_091652b2-IMG20260105120954.jpg,499.98,1037.18,2765.17,3071.61,0.8828,traffic sign,True,True,421.5,mtsd-p12
SAM 3.1,traffic sign,grp1_091652b2-IMG20260105120954.jpg,E:\2. UM-Student\MSC Dissertation\Urban-Vision-Benchmark\Datasets\MTSD\Prepared\MTSD-Unaugmented\MTSD-YOLO\test\images\grp1_091652b2-IMG20260105120954.jpg,1069.28,1203.94,2286.04,2322.73,0.5195,traffic sign,True,True,421.5,mtsd-p12
SAM 3.1,traffic sign,grp1_091652b2-IMG20260105120954.jpg,E:\2. UM-Student\MSC Dissertation\Urban-Vision-Benchmark\Datasets\MTSD\Prepared\MTSD-Unaugmented\MTSD-YOLO\test\images\grp1_091652b2-IMG20260105120954.jpg,930.77,586.23,2403.77,1159.19,0.8984,traffic sign,True,True,421.5,mtsd-p12
SAM 3.1,traffic sign,grp1_094f8a9f-RV__2.jpeg,E:\2. UM-Student\MSC Dissertation\Urban-Vision-Benchmark\Datasets\MTSD\Prepared\MTSD-Unaugmented\MTSD-YOLO\test\images\grp1_094f8a9f-RV__2.jpeg,174.73,2787.51,330.72,2994.77,0.875,traffic sign,True,True,254.6,mtsd-p12
SAM 3.1,traffic sign,grp1_094f8a9f-RV__2.jpeg,E:\2. UM-Student\MSC Dissertation\Urban-Vision-Benchmark\Datasets\MTSD\Prepared\MTSD-Unaugmented\MTSD-YOLO\test\images\grp1_094f8a9f-RV__2.jpeg,1072.91,1202.54,1819.14,1996.58,0.9492,traffic sign,True,True,254.6,mtsd-p12
SAM 3.1,traffic sign,grp1_094f8a9f-RV__2.jpeg,E:\2. UM-Student\MSC Dissertation\Urban-Vision-Benchmark\Datasets\MTSD\Prepared\MTSD-Unaugmented\MTSD-YOLO\test\images\grp1_094f8a9f-RV__2.jpeg,101.85,2960.54,330.91,3145.4,0.7891,traffic sign,True,True,254.6,mtsd-p12
SAM 3.1,traffic sign,grp1_094f8a9f-RV__2.jpeg,E:\2. UM-Student\MSC Dissertation\Urban-Vision-Benchmark\Datasets\MTSD\Prepared\MTSD-Unaugmented\MTSD-YOLO\test\images\grp1_094f8a9f-RV__2.jpeg,1062.65,575.17,1818.95,4032.0,0.3184,traffic sign,True,True,254.6,mtsd-p12
SAM 3.1,traffic sign,grp1_094f8a9f-RV__2.jpeg,E:\2. UM-Student\MSC Dissertation\Urban-Vision-Benchmark\Datasets\MTSD\Prepared\MTSD-Unaugmented\MTSD-YOLO\test\images\grp1_094f8a9f-RV__2.jpeg,1947.33,3298.55,2002.92,3354.06,0.3496,traffic sign,True,True,254.6,mtsd-p12
SAM 3.1,traffic sign,grp1_094f8a9f-RV__2.jpeg,E:\2. UM-Student\MSC Dissertation\Urban-Vision-Benchmark\Datasets\MTSD\Prepared\MTSD-Unaugmented\MTSD-YOLO\test\images\grp1_094f8a9f-RV__2.jpeg,1237.51,1864.39,1719.52,3082.11,0.9336,traffic sign,True,True,254.6,mtsd-p12
SAM 3.1,traffic sign,grp1_094f8a9f-RV__2.jpeg,E:\2. UM-Student\MSC Dissertation\Urban-Vision-Benchmark\Datasets\MTSD\Prepared\MTSD-Unaugmented\MTSD-YOLO\test\images\grp1_094f8a9f-RV__2.jpeg,1062.11,591.51,1813.81,1259.92,0.9531,traffic sign,True,True,254.6,mtsd-p12
SAM 3.1,traffic sign,grp1_0dd8c85f-RV_001_114.jpeg,E:\2. UM-Student\MSC Dissertation\Urban-Vision-Benchmark\Datasets\MTSD\Prepared\MTSD-Unaugmented\MTSD-YOLO\test\images\grp1_0dd8c85f-RV_001_114.jpeg,1926.14,3198.3,2052.29,3376.18,0.8477,traffic sign,True,True,469.1,mtsd-p12
SAM 3.1,traffic sign,grp1_0dd8c85f-RV_001_114.jpeg,E:\2. UM-Student\MSC Dissertation\Urban-Vision-Benchmark\Datasets\MTSD\Prepared\MTSD-Unaugmented\MTSD-YOLO\test\images\grp1_0dd8c85f-RV_001_114.jpeg,1909.75,3064.09,2035.13,3219.89,0.8398,traffic sign,True,True,469.1,mtsd-p12
SAM 3.1,traffic sign,grp1_0dd8c85f-RV_001_114.jpeg,E:\2. UM-Student\MSC Dissertation\Urban-Vision-Benchmark\Datasets\MTSD\Prepared\MTSD-Unaugmented\MTSD-YOLO\test\images\grp1_0dd8c85f-RV_001_114.jpeg,1712.47,3303.86,1768.96,3384.51,0.7852,traffic sign,True,True,469.1,mtsd-p12
SAM 3.1,traffic sign,grp1_0dd8c85f-RV_001_114.jpeg,E:\2. UM-Student\MSC Dissertation\Urban-Vision-Benchmark\Datasets\MTSD\Prepared\MTSD-Unaugmented\MTSD-YOLO\test\images\grp1_0dd8c85f-RV_001_114.jpeg,1050.95,1707.12,2047.49,2762.26,0.6055,traffic sign,True,True,469.1,mtsd-p12
SAM 3.1,traffic sign,grp1_0ea4c27e-RV_001_43.jpeg,E:\2. UM-Student\MSC Dissertation\Urban-Vision-Benchmark\Datasets\MTSD\Prepared\MTSD-Unaugmented\MTSD-YOLO\test\images\grp1_0ea4c27e-RV_001_43.jpeg,917.63,1871.96,2135.67,2944.94,0.8789,traffic sign,True,True,176.7,mtsd-p12
SAM 3.1,traffic sign,grp1_1bc3cf13-IMG_5516.jpeg,E:\2. UM-Student\MSC Dissertation\Urban-Vision-Benchmark\Datasets\MTSD\Prepared\MTSD-Unaugmented\MTSD-YOLO\test\images\grp1_1bc3cf13-IMG_5516.jpeg,853.18,1529.7,897.19,1602.72,0.8008,traffic sign,True,True,149.4,mtsd-p12
SAM 3.1,traffic sign,grp1_1bc3cf13-IMG_5516.jpeg,E:\2. UM-Student\MSC Dissertation\Urban-Vision-Benchmark\Datasets\MTSD\Prepared\MTSD-Unaugmented\MTSD-YOLO\test\images\grp1_1bc3cf13-IMG_5516.jpeg,846.82,1672.57,910.87,1712.45,0.7656,traffic sign,True,True,149.4,mtsd-p12
SAM 3.1,traffic sign,grp1_1bc3cf13-IMG_5516.jpeg,E:\2. UM-Student\MSC Dissertation\Urban-Vision-Benchmark\Datasets\MTSD\Prepared\MTSD-Unaugmented\MTSD-YOLO\test\images\grp1_1bc3cf13-IMG_5516.jpeg,842.02,1451.03,913.08,1533.75,0.7305,traffic sign,True,True,149.4,mtsd-p12
SAM 3.1,traffic sign,grp1_1bc3cf13-IMG_5516.jpeg,E:\2. UM-Student\MSC Dissertation\Urban-Vision-Benchmark\Datasets\MTSD\Prepared\MTSD-Unaugmented\MTSD-YOLO\test\images\grp1_1bc3cf13-IMG_5516.jpeg,552.45,883.46,1057.26,1361.93,0.8906,traffic sign,True,True,149.4,mtsd-p12
SAM 3.1,traffic sign,grp1_1e8d03ef-IMG_4745.jpeg,E:\2. UM-Student\MSC Dissertation\Urban-Vision-Benchmark\Datasets\MTSD\Prepared\MTSD-Unaugmented\MTSD-YOLO\test\images\grp1_1e8d03ef-IMG_4745.jpeg,2626.47,2220.99,2659.66,2254.86,0.4473,traffic sign,True,True,688.1,mtsd-p12
SAM 3.1,traffic sign,grp1_1e8d03ef-IMG_4745.jpeg,E:\2. UM-Student\MSC Dissertation\Urban-Vision-Benchmark\Datasets\MTSD\Prepared\MTSD-Unaugmented\MTSD-YOLO\test\images\grp1_1e8d03ef-IMG_4745.jpeg,787.91,764.16,2414.53,2360.34,0.832,traffic sign,True,True,688.1,mtsd-p12
SAM 3.1,traffic sign,grp1_1e8d03ef-IMG_4745.jpeg,E:\2. UM-Student\MSC Dissertation\Urban-Vision-Benchmark\Datasets\MTSD\Prepared\MTSD-Unaugmented\MTSD-YOLO\test\images\grp1_1e8d03ef-IMG_4745.jpeg,811.24,16.04,2398.93,3998.35,0.3984,traffic sign,True,True,688.1,mtsd-p12
SAM 3.1,traffic sign,grp1_1e8d03ef-IMG_4745.jpeg,E:\2. UM-Student\MSC Dissertation\Urban-Vision-Benchmark\Datasets\MTSD\Prepared\MTSD-Unaugmented\MTSD-YOLO\test\images\grp1_1e8d03ef-IMG_4745.jpeg,1035.91,0.0,2083.97,735.74,0.8477,traffic sign,True,True,688.1,mtsd-p12
SAM 3.1,traffic sign,grp1_1e8d03ef-IMG_4745.jpeg,E:\2. UM-Student\MSC Dissertation\Urban-Vision-Benchmark\Datasets\MTSD\Prepared\MTSD-Unaugmented\MTSD-YOLO\test\images\grp1_1e8d03ef-IMG_4745.jpeg,2272.41,2222.54,2305.15,2253.43,0.457,traffic sign,True,True,688.1,mtsd-p12
SAM 3.1,traffic sign,grp1_1e8d03ef-IMG_4745.jpeg,E:\2. UM-Student\MSC Dissertation\Urban-Vision-Benchmark\Datasets\MTSD\Prepared\MTSD-Unaugmented\MTSD-YOLO\test\images\grp1_1e8d03ef-IMG_4745.jpeg,354.37,2337.4,412.92,2388.38,0.3047,traffic sign,True,True,688.1,mtsd-p12
SAM 3.1,traffic sign,grp1_1ea7fc82-IMG_4719.jpeg,E:\2. UM-Student\MSC Dissertation\Urban-Vision-Benchmark\Datasets\MTSD\Prepared\MTSD-Unaugmented\MTSD-YOLO\test\images\grp1_1ea7fc82-IMG_4719.jpeg,601.51,1171.3,2382.14,3076.14,0.7383,traffic sign,True,True,198.3,mtsd-p12
SAM 3.1,traffic sign,grp1_213f8e9b-IMG20260105131202.jpg,E:\2. UM-Student\MSC Dissertation\Urban-Vision-Benchmark\Datasets\MTSD\Prepared\MTSD-Unaugmented\MTSD-YOLO\test\images\grp1_213f8e9b-IMG20260105131202.jpg,264.67,845.79,2511.24,2990.49,0.8945,traffic sign,True,True,238.3,mtsd-p12
SAM 3.1,traffic sign,grp1_213f8e9b-IMG20260105131202.jpg,E:\2. UM-Student\MSC Dissertation\Urban-Vision-Benchmark\Datasets\MTSD\Prepared\MTSD-Unaugmented\MTSD-YOLO\test\images\grp1_213f8e9b-IMG20260105131202.jpg,228.32,2813.29,492.57,2965.05,0.4727,traffic sign,True,True,238.3,mtsd-p12
SAM 3.1,traffic sign,grp1_22a1d833-RV_001_174.jpeg,E:\2. UM-Student\MSC Dissertation\Urban-Vision-Benchmark\Datasets\MTSD\Prepared\MTSD-Unaugmented\MTSD-YOLO\test\images\grp1_22a1d833-RV_001_174.jpeg,2240.71,2225.72,2714.8,2410.54,0.6172,traffic sign,True,True,240.0,mtsd-p12
SAM 3.1,traffic sign,grp1_22a1d833-RV_001_174.jpeg,E:\2. UM-Student\MSC Dissertation\Urban-Vision-Benchmark\Datasets\MTSD\Prepared\MTSD-Unaugmented\MTSD-YOLO\test\images\grp1_22a1d833-RV_001_174.jpeg,2247.67,2237.15,2797.58,4032.0,0.3945,traffic sign,True,True,240.0,mtsd-p12
SAM 3.1,traffic sign,grp1_22a1d833-RV_001_174.jpeg,E:\2. UM-Student\MSC Dissertation\Urban-Vision-Benchmark\Datasets\MTSD\Prepared\MTSD-Unaugmented\MTSD-YOLO\test\images\grp1_22a1d833-RV_001_174.jpeg,2550.08,3794.48,2736.77,4032.0,0.4062,traffic sign,True,True,240.0,mtsd-p12
SAM 3.1,traffic sign,grp1_22a1d833-RV_001_174.jpeg,E:\2. UM-Student\MSC Dissertation\Urban-Vision-Benchmark\Datasets\MTSD\Prepared\MTSD-Unaugmented\MTSD-YOLO\test\images\grp1_22a1d833-RV_001_174.jpeg,1060.09,991.37,2240.02,4032.0,0.4219,traffic sign,True,True,240.0,mtsd-p12
SAM 3.1,traffic sign,grp1_22a1d833-RV_001_174.jpeg,E:\2. UM-Student\MSC Dissertation\Urban-Vision-Benchmark\Datasets\MTSD\Prepared\MTSD-Unaugmented\MTSD-YOLO\test\images\grp1_22a1d833-RV_001_174.jpeg,1072.66,2003.53,2163.77,3072.81,0.8125,traffic sign,True,True,240.0,mtsd-p12
SAM 3.1,traffic sign,grp1_22a1d833-RV_001_174.jpeg,E:\2. UM-Student\MSC Dissertation\Urban-Vision-Benchmark\Datasets\MTSD\Prepared\MTSD-Unaugmented\MTSD-YOLO\test\images\grp1_22a1d833-RV_001_174.jpeg,1055.13,992.58,2242.41,1993.31,0.8281,traffic sign,True,True,240.0,mtsd-p12
SAM 3.1,traffic sign,grp1_22c68da3-IMG_4717.jpeg,E:\2. UM-Student\MSC Dissertation\Urban-Vision-Benchmark\Datasets\MTSD\Prepared\MTSD-Unaugmented\MTSD-YOLO\test\images\grp1_22c68da3-IMG_4717.jpeg,745.46,1149.34,2372.45,2461.94,0.8438,traffic sign,True,True,196.2,mtsd-p12
SAM 3.1,traffic sign,grp1_22c68da3-IMG_4717.jpeg,E:\2. UM-Student\MSC Dissertation\Urban-Vision-Benchmark\Datasets\MTSD\Prepared\MTSD-Unaugmented\MTSD-YOLO\test\images\grp1_22c68da3-IMG_4717.jpeg,743.72,1140.99,2375.79,4031.9,0.3496,traffic sign,True,True,196.2,mtsd-p12
SAM 3.1,traffic sign,grp1_2493a507-RV_001_172.jpeg,E:\2. UM-Student\MSC Dissertation\Urban-Vision-Benchmark\Datasets\MTSD\Prepared\MTSD-Unaugmented\MTSD-YOLO\test\images\grp1_2493a507-RV_001_172.jpeg,1059.47,3807.81,1084.67,3862.95,0.3594,traffic sign,True,True,449.2,mtsd-p12
SAM 3.1,traffic sign,grp1_2493a507-RV_001_172.jpeg,E:\2. UM-Student\MSC Dissertation\Urban-Vision-Benchmark\Datasets\MTSD\Prepared\MTSD-Unaugmented\MTSD-YOLO\test\images\grp1_2493a507-RV_001_172.jpeg,973.08,1428.04,1996.36,4032.0,0.3867,traffic sign,True,True,449.2,mtsd-p12
SAM 3.1,traffic sign,grp1_2493a507-RV_001_172.jpeg,E:\2. UM-Student\MSC Dissertation\Urban-Vision-Benchmark\Datasets\MTSD\Prepared\MTSD-Unaugmented\MTSD-YOLO\test\images\grp1_2493a507-RV_001_172.jpeg,1023.81,2269.17,1974.53,3207.31,0.8789,traffic sign,True,True,449.2,mtsd-p12
SAM 3.1,traffic sign,grp1_2493a507-RV_001_172.jpeg,E:\2. UM-Student\MSC Dissertation\Urban-Vision-Benchmark\Datasets\MTSD\Prepared\MTSD-Unaugmented\MTSD-YOLO\test\images\grp1_2493a507-RV_001_172.jpeg,1713.44,3975.47,1749.37,4031.42,0.5078,traffic sign,True,True,449.2,mtsd-p12
SAM 3.1,traffic sign,grp1_2493a507-RV_001_172.jpeg,E:\2. UM-Student\MSC Dissertation\Urban-Vision-Benchmark\Datasets\MTSD\Prepared\MTSD-Unaugmented\MTSD-YOLO\test\images\grp1_2493a507-RV_001_172.jpeg,966.08,1433.19,1988.64,2266.17,0.7344,traffic sign,True,True,449.2,mtsd-p12
SAM 3.1,traffic sign,grp1_25ff97a8-IMG20260105132835.jpg,E:\2. UM-Student\MSC Dissertation\Urban-Vision-Benchmark\Datasets\MTSD\Prepared\MTSD-Unaugmented\MTSD-YOLO\test\images\grp1_25ff97a8-IMG20260105132835.jpg,475.36,858.54,2722.06,2793.03,0.9023,traffic sign,True,True,212.5,mtsd-p12
SAM 3.1,traffic sign,grp1_25ff97a8-IMG20260105132835.jpg,E:\2. UM-Student\MSC Dissertation\Urban-Vision-Benchmark\Datasets\MTSD\Prepared\MTSD-Unaugmented\MTSD-YOLO\test\images\grp1_25ff97a8-IMG20260105132835.jpg,728.5,87.66,2068.39,1030.03,0.8945,traffic sign,True,True,212.5,mtsd-p12
SAM 3.1,traffic sign,grp1_265aa6a6-IMG_5573.jpeg,E:\2. UM-Student\MSC Dissertation\Urban-Vision-Benchmark\Datasets\MTSD\Prepared\MTSD-Unaugmented\MTSD-YOLO\test\images\grp1_265aa6a6-IMG_5573.jpeg,1320.66,1964.28,1692.72,2760.44,0.8516,traffic sign,True,True,175.9,mtsd-p12
SAM 3.1,traffic sign,grp1_265aa6a6-IMG_5573.jpeg,E:\2. UM-Student\MSC Dissertation\Urban-Vision-Benchmark\Datasets\MTSD\Prepared\MTSD-Unaugmented\MTSD-YOLO\test\images\grp1_265aa6a6-IMG_5573.jpeg,1318.81,1964.03,1699.11,4032.0,0.5586,traffic sign,True,True,175.9,mtsd-p12
SAM 3.1,traffic sign,grp1_2a767150-RV_001_64.jpeg,E:\2. UM-Student\MSC Dissertation\Urban-Vision-Benchmark\Datasets\MTSD\Prepared\MTSD-Unaugmented\MTSD-YOLO\test\images\grp1_2a767150-RV_001_64.jpeg,910.11,2602.28,1931.89,3647.15,0.9141,traffic sign,True,True,213.6,mtsd-p12
SAM 3.1,traffic sign,grp1_2f062204-IMG_5549.jpeg,E:\2. UM-Student\MSC Dissertation\Urban-Vision-Benchmark\Datasets\MTSD\Prepared\MTSD-Unaugmented\MTSD-YOLO\test\images\grp1_2f062204-IMG_5549.jpeg,2496.42,3527.54,2536.83,3655.28,0.6445,traffic sign,True,True,497.3,mtsd-p12
SAM 3.1,traffic sign,grp1_2f062204-IMG_5549.jpeg,E:\2. UM-Student\MSC Dissertation\Urban-Vision-Benchmark\Datasets\MTSD\Prepared\MTSD-Unaugmented\MTSD-YOLO\test\images\grp1_2f062204-IMG_5549.jpeg,2932.99,3586.31,2979.34,3637.17,0.7383,traffic sign,True,True,497.3,mtsd-p12
SAM 3.1,traffic sign,grp1_2f062204-IMG_5549.jpeg,E:\2. UM-Student\MSC Dissertation\Urban-Vision-Benchmark\Datasets\MTSD\Prepared\MTSD-Unaugmented\MTSD-YOLO\test\images\grp1_2f062204-IMG_5549.jpeg,1777.45,3495.91,1837.95,3581.28,0.8477,traffic sign,True,True,497.3,mtsd-p12
SAM 3.1,traffic sign,grp1_2f062204-IMG_5549.jpeg,E:\2. UM-Student\MSC Dissertation\Urban-Vision-Benchmark\Datasets\MTSD\Prepared\MTSD-Unaugmented\MTSD-YOLO\test\images\grp1_2f062204-IMG_5549.jpeg,2495.79,3527.12,2533.39,3604.69,0.5312,traffic sign,True,True,497.3,mtsd-p12
SAM 3.1,traffic sign,grp1_2f062204-IMG_5549.jpeg,E:\2. UM-Student\MSC Dissertation\Urban-Vision-Benchmark\Datasets\MTSD\Prepared\MTSD-Unaugmented\MTSD-YOLO\test\images\grp1_2f062204-IMG_5549.jpeg,2725.67,3570.57,2761.62,3623.28,0.6406,traffic sign,True,True,497.3,mtsd-p12
SAM 3.1,traffic sign,grp1_2f062204-IMG_5549.jpeg,E:\2. UM-Student\MSC Dissertation\Urban-Vision-Benchmark\Datasets\MTSD\Prepared\MTSD-Unaugmented\MTSD-YOLO\test\images\grp1_2f062204-IMG_5549.jpeg,2503.47,3593.99,2539.66,3653.81,0.5625,traffic sign,True,True,497.3,mtsd-p12
SAM 3.1,traffic sign,grp1_2f062204-IMG_5549.jpeg,E:\2. UM-Student\MSC Dissertation\Urban-Vision-Benchmark\Datasets\MTSD\Prepared\MTSD-Unaugmented\MTSD-YOLO\test\images\grp1_2f062204-IMG_5549.jpeg,1183.35,1780.25,1882.6,2482.59,0.9336,traffic sign,True,True,497.3,mtsd-p12
SAM 3.1,traffic sign,grp1_2f062204-IMG_5549.jpeg,E:\2. UM-Student\MSC Dissertation\Urban-Vision-Benchmark\Datasets\MTSD\Prepared\MTSD-Unaugmented\MTSD-YOLO\test\images\grp1_2f062204-IMG_5549.jpeg,2358.01,3538.28,2385.68,3619.63,0.3633,traffic sign,True,True,497.3,mtsd-p12
SAM 3.1,traffic sign,grp1_335c2601-IMG_4793.jpeg,E:\2. UM-Student\MSC Dissertation\Urban-Vision-Benchmark\Datasets\MTSD\Prepared\MTSD-Unaugmented\MTSD-YOLO\test\images\grp1_335c2601-IMG_4793.jpeg,569.91,3763.65,1274.86,4031.54,0.8008,traffic sign,True,True,208.9,mtsd-p12
SAM 3.1,traffic sign,grp1_335c2601-IMG_4793.jpeg,E:\2. UM-Student\MSC Dissertation\Urban-Vision-Benchmark\Datasets\MTSD\Prepared\MTSD-Unaugmented\MTSD-YOLO\test\images\grp1_335c2601-IMG_4793.jpeg,733.4,789.17,2243.08,4032.0,0.4199,traffic sign,True,True,208.9,mtsd-p12
SAM 3.1,traffic sign,grp1_335c2601-IMG_4793.jpeg,E:\2. UM-Student\MSC Dissertation\Urban-Vision-Benchmark\Datasets\MTSD\Prepared\MTSD-Unaugmented\MTSD-YOLO\test\images\grp1_335c2601-IMG_4793.jpeg,749.19,788.22,2235.46,2248.46,0.8555,traffic sign,True,True,208.9,mtsd-p12
SAM 3.1,traffic sign,grp1_37e4fc9d-RV_001_33.jpeg,E:\2. UM-Student\MSC Dissertation\Urban-Vision-Benchmark\Datasets\MTSD\Prepared\MTSD-Unaugmented\MTSD-YOLO\test\images\grp1_37e4fc9d-RV_001_33.jpeg,579.04,3803.31,660.82,3989.96,0.4844,traffic sign,True,True,463.4,mtsd-p12
SAM 3.1,traffic sign,grp1_37e4fc9d-RV_001_33.jpeg,E:\2. UM-Student\MSC Dissertation\Urban-Vision-Benchmark\Datasets\MTSD\Prepared\MTSD-Unaugmented\MTSD-YOLO\test\images\grp1_37e4fc9d-RV_001_33.jpeg,2791.36,3774.94,2856.22,4027.16,0.3066,traffic sign,True,True,463.4,mtsd-p12
SAM 3.1,traffic sign,grp1_37e4fc9d-RV_001_33.jpeg,E:\2. UM-Student\MSC Dissertation\Urban-Vision-Benchmark\Datasets\MTSD\Prepared\MTSD-Unaugmented\MTSD-YOLO\test\images\grp1_37e4fc9d-RV_001_33.jpeg,584.52,3646.1,891.63,3799.32,0.3125,traffic sign,True,True,463.4,mtsd-p12
SAM 3.1,traffic sign,grp1_37e4fc9d-RV_001_33.jpeg,E:\2. UM-Student\MSC Dissertation\Urban-Vision-Benchmark\Datasets\MTSD\Prepared\MTSD-Unaugmented\MTSD-YOLO\test\images\grp1_37e4fc9d-RV_001_33.jpeg,1010.05,1896.51,2112.89,2981.04,0.7969,traffic sign,True,True,463.4,mtsd-p12
SAM 3.1,traffic sign,grp1_37e4fc9d-RV_001_33.jpeg,E:\2. UM-Student\MSC Dissertation\Urban-Vision-Benchmark\Datasets\MTSD\Prepared\MTSD-Unaugmented\MTSD-YOLO\test\images\grp1_37e4fc9d-RV_001_33.jpeg,579.49,3807.01,622.31,3987.57,0.457,traffic sign,True,True,463.4,mtsd-p12
SAM 3.1,traffic sign,grp1_37e4fc9d-RV_001_33.jpeg,E:\2. UM-Student\MSC Dissertation\Urban-Vision-Benchmark\Datasets\MTSD\Prepared\MTSD-Unaugmented\MTSD-YOLO\test\images\grp1_37e4fc9d-RV_001_33.jpeg,2790.44,3783.01,2849.81,3864.65,0.5586,traffic sign,True,True,463.4,mtsd-p12
SAM 3.1,traffic sign,grp1_37e4fc9d-RV_001_33.jpeg,E:\2. UM-Student\MSC Dissertation\Urban-Vision-Benchmark\Datasets\MTSD\Prepared\MTSD-Unaugmented\MTSD-YOLO\test\images\grp1_37e4fc9d-RV_001_33.jpeg,1000.79,3592.82,1121.28,3729.42,0.6953,traffic sign,True,True,463.4,mtsd-p12
SAM 3.1,traffic sign,grp1_37e4fc9d-RV_001_33.jpeg,E:\2. UM-Student\MSC Dissertation\Urban-Vision-Benchmark\Datasets\MTSD\Prepared\MTSD-Unaugmented\MTSD-YOLO\test\images\grp1_37e4fc9d-RV_001_33.jpeg,583.57,3576.07,661.81,4007.25,0.4004,traffic sign,True,True,463.4,mtsd-p12
SAM 3.1,traffic sign,grp1_37e4fc9d-RV_001_33.jpeg,E:\2. UM-Student\MSC Dissertation\Urban-Vision-Benchmark\Datasets\MTSD\Prepared\MTSD-Unaugmented\MTSD-YOLO\test\images\grp1_37e4fc9d-RV_001_33.jpeg,604.34,3584.83,654.89,3799.44,0.4883,traffic sign,True,True,463.4,mtsd-p12
SAM 3.1,traffic sign,grp1_37e4fc9d-RV_001_33.jpeg,E:\2. UM-Student\MSC Dissertation\Urban-Vision-Benchmark\Datasets\MTSD\Prepared\MTSD-Unaugmented\MTSD-YOLO\test\images\grp1_37e4fc9d-RV_001_33.jpeg,1016.58,1868.16,2113.7,4032.0,0.4238,traffic sign,True,True,463.4,mtsd-p12
SAM 3.1,traffic sign,grp1_37e4fc9d-RV_001_33.jpeg,E:\2. UM-Student\MSC Dissertation\Urban-Vision-Benchmark\Datasets\MTSD\Prepared\MTSD-Unaugmented\MTSD-YOLO\test\images\grp1_37e4fc9d-RV_001_33.jpeg,1900.8,3842.75,1933.13,3885.02,0.5859,traffic sign,True,True,463.4,mtsd-p12
SAM 3.1,traffic sign,grp1_37e4fc9d-RV_001_33.jpeg,E:\2. UM-Student\MSC Dissertation\Urban-Vision-Benchmark\Datasets\MTSD\Prepared\MTSD-Unaugmented\MTSD-YOLO\test\images\grp1_37e4fc9d-RV_001_33.jpeg,1733.06,3879.25,1765.25,3928.4,0.4531,traffic sign,True,True,463.4,mtsd-p12
SAM 3.1,traffic sign,grp1_37e4fc9d-RV_001_33.jpeg,E:\2. UM-Student\MSC Dissertation\Urban-Vision-Benchmark\Datasets\MTSD\Prepared\MTSD-Unaugmented\MTSD-YOLO\test\images\grp1_37e4fc9d-RV_001_33.jpeg,615.17,3808.4,657.38,3980.07,0.7031,traffic sign,True,True,463.4,mtsd-p12
SAM 3.1,traffic sign,grp1_39fe0c0b-IMG_4673.jpeg,E:\2. UM-Student\MSC Dissertation\Urban-Vision-Benchmark\Datasets\MTSD\Prepared\MTSD-Unaugmented\MTSD-YOLO\test\images\grp1_39fe0c0b-IMG_4673.jpeg,876.08,17.6,2533.37,4028.45,0.3789,traffic sign,True,True,225.0,mtsd-p12
SAM 3.1,traffic sign,grp1_39fe0c0b-IMG_4673.jpeg,E:\2. UM-Student\MSC Dissertation\Urban-Vision-Benchmark\Datasets\MTSD\Prepared\MTSD-Unaugmented\MTSD-YOLO\test\images\grp1_39fe0c0b-IMG_4673.jpeg,2123.19,1328.27,2257.81,2349.98,0.3672,traffic sign,True,True,225.0,mtsd-p12
SAM 3.1,traffic sign,grp1_39fe0c0b-IMG_4673.jpeg,E:\2. UM-Student\MSC Dissertation\Urban-Vision-Benchmark\Datasets\MTSD\Prepared\MTSD-Unaugmented\MTSD-YOLO\test\images\grp1_39fe0c0b-IMG_4673.jpeg,870.36,747.52,2070.25,2500.9,0.7773,traffic sign,True,True,225.0,mtsd-p12
SAM 3.1,traffic sign,grp1_39fe0c0b-IMG_4673.jpeg,E:\2. UM-Student\MSC Dissertation\Urban-Vision-Benchmark\Datasets\MTSD\Prepared\MTSD-Unaugmented\MTSD-YOLO\test\images\grp1_39fe0c0b-IMG_4673.jpeg,914.37,0.0,2537.95,956.91,0.7812,traffic sign,True,True,225.0,mtsd-p12
SAM 3.1,traffic sign,grp1_3b1bbe25-IMG_4677.jpeg,E:\2. UM-Student\MSC Dissertation\Urban-Vision-Benchmark\Datasets\MTSD\Prepared\MTSD-Unaugmented\MTSD-YOLO\test\images\grp1_3b1bbe25-IMG_4677.jpeg,479.1,1003.68,2518.43,3265.14,0.8984,traffic sign,True,True,169.2,mtsd-p12
SAM 3.1,traffic sign,grp1_46552970-IMG_5766.jpeg,E:\2. UM-Student\MSC Dissertation\Urban-Vision-Benchmark\Datasets\MTSD\Prepared\MTSD-Unaugmented\MTSD-YOLO\test\images\grp1_46552970-IMG_5766.jpeg,0.0,3303.4,29.63,3492.18,0.4785,traffic sign,True,True,246.2,mtsd-p12
SAM 3.1,traffic sign,grp1_46552970-IMG_5766.jpeg,E:\2. UM-Student\MSC Dissertation\Urban-Vision-Benchmark\Datasets\MTSD\Prepared\MTSD-Unaugmented\MTSD-YOLO\test\images\grp1_46552970-IMG_5766.jpeg,952.52,2620.73,2002.25,3359.32,0.8633,traffic sign,True,True,246.2,mtsd-p12
SAM 3.1,traffic sign,grp1_46552970-IMG_5766.jpeg,E:\2. UM-Student\MSC Dissertation\Urban-Vision-Benchmark\Datasets\MTSD\Prepared\MTSD-Unaugmented\MTSD-YOLO\test\images\grp1_46552970-IMG_5766.jpeg,1050.02,1631.61,1944.9,2621.74,0.8945,traffic sign,True,True,246.2,mtsd-p12
SAM 3.1,traffic sign,grp1_4b0be6d1-IMG20260105131256.jpg,E:\2. UM-Student\MSC Dissertation\Urban-Vision-Benchmark\Datasets\MTSD\Prepared\MTSD-Unaugmented\MTSD-YOLO\test\images\grp1_4b0be6d1-IMG20260105131256.jpg,778.88,392.48,2470.73,3291.84,0.8555,traffic sign,True,True,215.3,mtsd-p12
SAM 3.1,traffic sign,grp1_5068c583-IMG_4683.jpeg,E:\2. UM-Student\MSC Dissertation\Urban-Vision-Benchmark\Datasets\MTSD\Prepared\MTSD-Unaugmented\MTSD-YOLO\test\images\grp1_5068c583-IMG_4683.jpeg,767.62,1408.05,1995.52,3002.95,0.8711,traffic sign,True,True,191.1,mtsd-p12
SAM 3.1,traffic sign,grp1_52634fe4-IMG_20260108_180144.jpg,E:\2. UM-Student\MSC Dissertation\Urban-Vision-Benchmark\Datasets\MTSD\Prepared\MTSD-Unaugmented\MTSD-YOLO\test\images\grp1_52634fe4-IMG_20260108_180144.jpg,2072.9,2211.04,2134.76,2274.93,0.793,traffic sign,True,True,697.1,mtsd-p12
SAM 3.1,traffic sign,grp1_52634fe4-IMG_20260108_180144.jpg,E:\2. UM-Student\MSC Dissertation\Urban-Vision-Benchmark\Datasets\MTSD\Prepared\MTSD-Unaugmented\MTSD-YOLO\test\images\grp1_52634fe4-IMG_20260108_180144.jpg,1203.34,2108.1,1247.15,2190.81,0.75,traffic sign,True,True,697.1,mtsd-p12
SAM 3.1,traffic sign,grp1_52634fe4-IMG_20260108_180144.jpg,E:\2. UM-Student\MSC Dissertation\Urban-Vision-Benchmark\Datasets\MTSD\Prepared\MTSD-Unaugmented\MTSD-YOLO\test\images\grp1_52634fe4-IMG_20260108_180144.jpg,1073.58,2114.29,1114.58,2206.62,0.4863,traffic sign,True,True,697.1,mtsd-p12
SAM 3.1,traffic sign,grp1_52634fe4-IMG_20260108_180144.jpg,E:\2. UM-Student\MSC Dissertation\Urban-Vision-Benchmark\Datasets\MTSD\Prepared\MTSD-Unaugmented\MTSD-YOLO\test\images\grp1_52634fe4-IMG_20260108_180144.jpg,1205.93,2179.89,1250.43,2246.82,0.3555,traffic sign,True,True,697.1,mtsd-p12
SAM 3.1,traffic sign,grp1_52634fe4-IMG_20260108_180144.jpg,E:\2. UM-Student\MSC Dissertation\Urban-Vision-Benchmark\Datasets\MTSD\Prepared\MTSD-Unaugmented\MTSD-YOLO\test\images\grp1_52634fe4-IMG_20260108_180144.jpg,1304.49,13.91,2274.32,4062.43,0.4277,traffic sign,True,True,697.1,mtsd-p12
SAM 3.1,traffic sign,grp1_52634fe4-IMG_20260108_180144.jpg,E:\2. UM-Student\MSC Dissertation\Urban-Vision-Benchmark\Datasets\MTSD\Prepared\MTSD-Unaugmented\MTSD-YOLO\test\images\grp1_52634fe4-IMG_20260108_180144.jpg,1285.38,855.92,1768.15,3227.02,0.8594,traffic sign,True,True,697.1,mtsd-p12
SAM 3.1,traffic sign,grp1_52634fe4-IMG_20260108_180144.jpg,E:\2. UM-Student\MSC Dissertation\Urban-Vision-Benchmark\Datasets\MTSD\Prepared\MTSD-Unaugmented\MTSD-YOLO\test\images\grp1_52634fe4-IMG_20260108_180144.jpg,2073.58,2145.66,2136.14,2213.74,0.793,traffic sign,True,True,697.1,mtsd-p12
SAM 3.1,traffic sign,grp1_52634fe4-IMG_20260108_180144.jpg,E:\2. UM-Student\MSC Dissertation\Urban-Vision-Benchmark\Datasets\MTSD\Prepared\MTSD-Unaugmented\MTSD-YOLO\test\images\grp1_52634fe4-IMG_20260108_180144.jpg,1318.82,0.45,2280.84,1133.99,0.8359,traffic sign,True,True,697.1,mtsd-p12
SAM 3.1,traffic sign,grp1_52634fe4-IMG_20260108_180144.jpg,E:\2. UM-Student\MSC Dissertation\Urban-Vision-Benchmark\Datasets\MTSD\Prepared\MTSD-Unaugmented\MTSD-YOLO\test\images\grp1_52634fe4-IMG_20260108_180144.jpg,2172.8,2062.46,2272.86,2109.28,0.457,traffic sign,True,True,697.1,mtsd-p12
SAM 3.1,traffic sign,grp1_531e767b-IMG_4685.jpeg,E:\2. UM-Student\MSC Dissertation\Urban-Vision-Benchmark\Datasets\MTSD\Prepared\MTSD-Unaugmented\MTSD-YOLO\test\images\grp1_531e767b-IMG_4685.jpeg,0.0,3731.51,53.11,3974.75,0.4238,traffic sign,True,True,203.2,mtsd-p12
SAM 3.1,traffic sign,grp1_531e767b-IMG_4685.jpeg,E:\2. UM-Student\MSC Dissertation\Urban-Vision-Benchmark\Datasets\MTSD\Prepared\MTSD-Unaugmented\MTSD-YOLO\test\images\grp1_531e767b-IMG_4685.jpeg,316.56,1318.66,1958.32,3473.81,0.6523,traffic sign,True,True,203.2,mtsd-p12
SAM 3.1,traffic sign,grp1_53e7c3c2-IMG_5568.jpeg,E:\2. UM-Student\MSC Dissertation\Urban-Vision-Benchmark\Datasets\MTSD\Prepared\MTSD-Unaugmented\MTSD-YOLO\test\images\grp1_53e7c3c2-IMG_5568.jpeg,1075.15,1702.97,1693.74,2782.26,0.8633,traffic sign,True,True,182.9,mtsd-p12
SAM 3.1,traffic sign,grp1_53e7c3c2-IMG_5568.jpeg,E:\2. UM-Student\MSC Dissertation\Urban-Vision-Benchmark\Datasets\MTSD\Prepared\MTSD-Unaugmented\MTSD-YOLO\test\images\grp1_53e7c3c2-IMG_5568.jpeg,1069.07,1698.84,1694.32,4022.7,0.3027,traffic sign,True,True,182.9,mtsd-p12
SAM 3.1,traffic sign,grp1_578dabe6-IMG_4802.jpeg,E:\2. UM-Student\MSC Dissertation\Urban-Vision-Benchmark\Datasets\MTSD\Prepared\MTSD-Unaugmented\MTSD-YOLO\test\images\grp1_578dabe6-IMG_4802.jpeg,404.51,3612.91,503.0,3683.25,0.7266,traffic sign,True,True,245.8,mtsd-p12
SAM 3.1,traffic sign,grp1_578dabe6-IMG_4802.jpeg,E:\2. UM-Student\MSC Dissertation\Urban-Vision-Benchmark\Datasets\MTSD\Prepared\MTSD-Unaugmented\MTSD-YOLO\test\images\grp1_578dabe6-IMG_4802.jpeg,776.93,964.54,2301.42,4021.21,0.3457,traffic sign,True,True,245.8,mtsd-p12
SAM 3.1,traffic sign,grp1_578dabe6-IMG_4802.jpeg,E:\2. UM-Student\MSC Dissertation\Urban-Vision-Benchmark\Datasets\MTSD\Prepared\MTSD-Unaugmented\MTSD-YOLO\test\images\grp1_578dabe6-IMG_4802.jpeg,797.0,967.81,2293.67,2201.58,0.9062,traffic sign,True,True,245.8,mtsd-p12
SAM 3.1,traffic sign,grp1_598f8dcc-IMG_5777.jpeg,E:\2. UM-Student\MSC Dissertation\Urban-Vision-Benchmark\Datasets\MTSD\Prepared\MTSD-Unaugmented\MTSD-YOLO\test\images\grp1_598f8dcc-IMG_5777.jpeg,917.17,1423.65,983.29,1506.38,0.8672,traffic sign,True,True,138.3,mtsd-p12
SAM 3.1,traffic sign,grp1_598f8dcc-IMG_5777.jpeg,E:\2. UM-Student\MSC Dissertation\Urban-Vision-Benchmark\Datasets\MTSD\Prepared\MTSD-Unaugmented\MTSD-YOLO\test\images\grp1_598f8dcc-IMG_5777.jpeg,381.36,751.08,999.94,1356.55,0.9023,traffic sign,True,True,138.3,mtsd-p12
SAM 3.1,traffic sign,grp1_5eb024cb-IMG_20260108_180228.jpg,E:\2. UM-Student\MSC Dissertation\Urban-Vision-Benchmark\Datasets\MTSD\Prepared\MTSD-Unaugmented\MTSD-YOLO\test\images\grp1_5eb024cb-IMG_20260108_180228.jpg,589.17,17.5,2515.78,4063.53,0.3379,traffic sign,True,True,443.5,mtsd-p12
SAM 3.1,traffic sign,grp1_5eb024cb-IMG_20260108_180228.jpg,E:\2. UM-Student\MSC Dissertation\Urban-Vision-Benchmark\Datasets\MTSD\Prepared\MTSD-Unaugmented\MTSD-YOLO\test\images\grp1_5eb024cb-IMG_20260108_180228.jpg,555.52,928.14,2562.96,2900.07,0.8086,traffic sign,True,True,443.5,mtsd-p12
SAM 3.1,traffic sign,grp1_5eb024cb-IMG_20260108_180228.jpg,E:\2. UM-Student\MSC Dissertation\Urban-Vision-Benchmark\Datasets\MTSD\Prepared\MTSD-Unaugmented\MTSD-YOLO\test\images\grp1_5eb024cb-IMG_20260108_180228.jpg,664.9,0.0,2177.62,938.11,0.8164,traffic sign,True,True,443.5,mtsd-p12
SAM 3.1,traffic sign,grp1_64a36757-IMG20251230164429.jpg,E:\2. UM-Student\MSC Dissertation\Urban-Vision-Benchmark\Datasets\MTSD\Prepared\MTSD-Unaugmented\MTSD-YOLO\test\images\grp1_64a36757-IMG20251230164429.jpg,658.16,2546.61,1976.86,4061.89,0.5977,traffic sign,True,True,268.3,mtsd-p12
SAM 3.1,traffic sign,grp1_64a36757-IMG20251230164429.jpg,E:\2. UM-Student\MSC Dissertation\Urban-Vision-Benchmark\Datasets\MTSD\Prepared\MTSD-Unaugmented\MTSD-YOLO\test\images\grp1_64a36757-IMG20251230164429.jpg,576.88,977.26,2252.11,4094.27,0.373,traffic sign,True,True,268.3,mtsd-p12
SAM 3.1,traffic sign,grp1_64a36757-IMG20251230164429.jpg,E:\2. UM-Student\MSC Dissertation\Urban-Vision-Benchmark\Datasets\MTSD\Prepared\MTSD-Unaugmented\MTSD-YOLO\test\images\grp1_64a36757-IMG20251230164429.jpg,571.83,976.44,2258.06,2453.18,0.8789,traffic sign,True,True,268.3,mtsd-p12
SAM 3.1,traffic sign,grp1_69e094db-IMG20260103164903.jpg,E:\2. UM-Student\MSC Dissertation\Urban-Vision-Benchmark\Datasets\MTSD\Prepared\MTSD-Unaugmented\MTSD-YOLO\test\images\grp1_69e094db-IMG20260103164903.jpg,418.42,648.53,2380.25,2720.32,0.8516,traffic sign,True,True,184.1,mtsd-p12
SAM 3.1,traffic sign,grp1_6ad1ae03-IMG_4778.jpeg,E:\2. UM-Student\MSC Dissertation\Urban-Vision-Benchmark\Datasets\MTSD\Prepared\MTSD-Unaugmented\MTSD-YOLO\test\images\grp1_6ad1ae03-IMG_4778.jpeg,1459.82,0.0,2152.47,272.72,0.7891,traffic sign,True,True,208.2,mtsd-p12
SAM 3.1,traffic sign,grp1_6ad1ae03-IMG_4778.jpeg,E:\2. UM-Student\MSC Dissertation\Urban-Vision-Benchmark\Datasets\MTSD\Prepared\MTSD-Unaugmented\MTSD-YOLO\test\images\grp1_6ad1ae03-IMG_4778.jpeg,582.45,225.07,2650.42,1957.71,0.9102,traffic sign,True,True,208.2,mtsd-p12
SAM 3.1,traffic sign,grp1_7052b6a6-IMG_5704.jpeg,E:\2. UM-Student\MSC Dissertation\Urban-Vision-Benchmark\Datasets\MTSD\Prepared\MTSD-Unaugmented\MTSD-YOLO\test\images\grp1_7052b6a6-IMG_5704.jpeg,889.31,1488.5,1994.35,2489.1,0.7031,traffic sign,True,True,199.5,mtsd-p12
SAM 3.1,traffic sign,grp1_7052b6a6-IMG_5704.jpeg,E:\2. UM-Student\MSC Dissertation\Urban-Vision-Benchmark\Datasets\MTSD\Prepared\MTSD-Unaugmented\MTSD-YOLO\test\images\grp1_7052b6a6-IMG_5704.jpeg,890.46,1488.95,1999.89,4032.0,0.4004,traffic sign,True,True,199.5,mtsd-p12
SAM 3.1,traffic sign,grp1_71268279-IMG_4702.jpeg,E:\2. UM-Student\MSC Dissertation\Urban-Vision-Benchmark\Datasets\MTSD\Prepared\MTSD-Unaugmented\MTSD-YOLO\test\images\grp1_71268279-IMG_4702.jpeg,1041.06,1612.88,2017.38,2732.79,0.3086,traffic sign,True,True,174.4,mtsd-p12
SAM 3.1,traffic sign,grp1_7fcdb608-IMG_5767.jpeg,E:\2. UM-Student\MSC Dissertation\Urban-Vision-Benchmark\Datasets\MTSD\Prepared\MTSD-Unaugmented\MTSD-YOLO\test\images\grp1_7fcdb608-IMG_5767.jpeg,2679.62,2973.94,2727.8,3022.1,0.3477,traffic sign,True,True,236.8,mtsd-p12
SAM 3.1,traffic sign,grp1_7fcdb608-IMG_5767.jpeg,E:\2. UM-Student\MSC Dissertation\Urban-Vision-Benchmark\Datasets\MTSD\Prepared\MTSD-Unaugmented\MTSD-YOLO\test\images\grp1_7fcdb608-IMG_5767.jpeg,982.18,2562.94,1831.92,3590.91,0.8789,traffic sign,True,True,236.8,mtsd-p12
SAM 3.1,traffic sign,grp1_7fcdb608-IMG_5767.jpeg,E:\2. UM-Student\MSC Dissertation\Urban-Vision-Benchmark\Datasets\MTSD\Prepared\MTSD-Unaugmented\MTSD-YOLO\test\images\grp1_7fcdb608-IMG_5767.jpeg,1292.93,1348.3,1704.72,2670.67,0.875,traffic sign,True,True,236.8,mtsd-p12
SAM 3.1,traffic sign,grp1_8135c353-IMG_4634.jpeg,E:\2. UM-Student\MSC Dissertation\Urban-Vision-Benchmark\Datasets\MTSD\Prepared\MTSD-Unaugmented\MTSD-YOLO\test\images\grp1_8135c353-IMG_4634.jpeg,1043.35,3810.09,1527.92,4032.0,0.3438,traffic sign,True,True,175.7,mtsd-p12
SAM 3.1,traffic sign,grp1_831c366a-IMG_5656.jpeg,E:\2. UM-Student\MSC Dissertation\Urban-Vision-Benchmark\Datasets\MTSD\Prepared\MTSD-Unaugmented\MTSD-YOLO\test\images\grp1_831c366a-IMG_5656.jpeg,395.56,717.22,1243.07,1494.39,0.75,traffic sign,True,True,128.2,mtsd-p12
SAM 3.1,traffic sign,grp1_831c366a-IMG_5656.jpeg,E:\2. UM-Student\MSC Dissertation\Urban-Vision-Benchmark\Datasets\MTSD\Prepared\MTSD-Unaugmented\MTSD-YOLO\test\images\grp1_831c366a-IMG_5656.jpeg,397.94,715.06,1245.46,2100.0,0.3125,traffic sign,True,True,128.2,mtsd-p12
SAM 3.1,traffic sign,grp1_831c366a-IMG_5656.jpeg,E:\2. UM-Student\MSC Dissertation\Urban-Vision-Benchmark\Datasets\MTSD\Prepared\MTSD-Unaugmented\MTSD-YOLO\test\images\grp1_831c366a-IMG_5656.jpeg,512.57,1537.57,1119.95,1962.32,0.4297,traffic sign,True,True,128.2,mtsd-p12
SAM 3.1,traffic sign,grp1_87d2eeb0-IMG20251124134318.jpg,E:\2. UM-Student\MSC Dissertation\Urban-Vision-Benchmark\Datasets\MTSD\Prepared\MTSD-Unaugmented\MTSD-YOLO\test\images\grp1_87d2eeb0-IMG20251124134318.jpg,,,,,,<no detections>,False,True,160.5,mtsd-p12
SAM 3.1,traffic sign,grp1_8941e841-RV_001_100.jpeg,E:\2. UM-Student\MSC Dissertation\Urban-Vision-Benchmark\Datasets\MTSD\Prepared\MTSD-Unaugmented\MTSD-YOLO\test\images\grp1_8941e841-RV_001_100.jpeg,,,,,,<no detections>,False,True,149.4,mtsd-p12
SAM 3.1,traffic sign,grp1_8b994555-IMG_5798.jpeg,E:\2. UM-Student\MSC Dissertation\Urban-Vision-Benchmark\Datasets\MTSD\Prepared\MTSD-Unaugmented\MTSD-YOLO\test\images\grp1_8b994555-IMG_5798.jpeg,58.71,2635.56,159.37,2754.65,0.8516,traffic sign,True,True,242.8,mtsd-p12
SAM 3.1,traffic sign,grp1_8b994555-IMG_5798.jpeg,E:\2. UM-Student\MSC Dissertation\Urban-Vision-Benchmark\Datasets\MTSD\Prepared\MTSD-Unaugmented\MTSD-YOLO\test\images\grp1_8b994555-IMG_5798.jpeg,811.53,439.5,2130.02,4030.61,0.4551,traffic sign,True,True,242.8,mtsd-p12
SAM 3.1,traffic sign,grp1_8b994555-IMG_5798.jpeg,E:\2. UM-Student\MSC Dissertation\Urban-Vision-Benchmark\Datasets\MTSD\Prepared\MTSD-Unaugmented\MTSD-YOLO\test\images\grp1_8b994555-IMG_5798.jpeg,924.93,1558.93,2015.36,2612.73,0.8281,traffic sign,True,True,242.8,mtsd-p12
SAM 3.1,traffic sign,grp1_8b994555-IMG_5798.jpeg,E:\2. UM-Student\MSC Dissertation\Urban-Vision-Benchmark\Datasets\MTSD\Prepared\MTSD-Unaugmented\MTSD-YOLO\test\images\grp1_8b994555-IMG_5798.jpeg,798.95,450.81,2139.97,1534.87,0.8672,traffic sign,True,True,242.8,mtsd-p12
SAM 3.1,traffic sign,grp1_8d820602-IMG_4687.jpeg,E:\2. UM-Student\MSC Dissertation\Urban-Vision-Benchmark\Datasets\MTSD\Prepared\MTSD-Unaugmented\MTSD-YOLO\test\images\grp1_8d820602-IMG_4687.jpeg,1277.88,1114.44,1840.17,3329.74,0.8828,traffic sign,True,True,175.3,mtsd-p12
SAM 3.1,traffic sign,grp1_8fe876b9-IMG_4754.jpeg,E:\2. UM-Student\MSC Dissertation\Urban-Vision-Benchmark\Datasets\MTSD\Prepared\MTSD-Unaugmented\MTSD-YOLO\test\images\grp1_8fe876b9-IMG_4754.jpeg,1633.6,849.68,2264.12,3125.04,0.9023,traffic sign,True,True,201.8,mtsd-p12
SAM 3.1,traffic sign,grp1_9082eb51-IMG20251230170110.jpg,E:\2. UM-Student\MSC Dissertation\Urban-Vision-Benchmark\Datasets\MTSD\Prepared\MTSD-Unaugmented\MTSD-YOLO\test\images\grp1_9082eb51-IMG20251230170110.jpg,897.53,3261.14,954.14,3330.67,0.3926,traffic sign,True,True,602.4,mtsd-p12
SAM 3.1,traffic sign,grp1_9082eb51-IMG20251230170110.jpg,E:\2. UM-Student\MSC Dissertation\Urban-Vision-Benchmark\Datasets\MTSD\Prepared\MTSD-Unaugmented\MTSD-YOLO\test\images\grp1_9082eb51-IMG20251230170110.jpg,1159.74,798.48,1966.72,3291.08,0.9062,traffic sign,True,True,602.4,mtsd-p12
SAM 3.1,traffic sign,grp1_9082eb51-IMG20251230170110.jpg,E:\2. UM-Student\MSC Dissertation\Urban-Vision-Benchmark\Datasets\MTSD\Prepared\MTSD-Unaugmented\MTSD-YOLO\test\images\grp1_9082eb51-IMG20251230170110.jpg,1551.8,0.0,1811.19,1124.45,0.8047,traffic sign,True,True,602.4,mtsd-p12
SAM 3.1,traffic sign,grp1_9082eb51-IMG20251230170110.jpg,E:\2. UM-Student\MSC Dissertation\Urban-Vision-Benchmark\Datasets\MTSD\Prepared\MTSD-Unaugmented\MTSD-YOLO\test\images\grp1_9082eb51-IMG20251230170110.jpg,2066.75,3084.66,2099.95,3121.95,0.3301,traffic sign,True,True,602.4,mtsd-p12
SAM 3.1,traffic sign,grp1_9082eb51-IMG20251230170110.jpg,E:\2. UM-Student\MSC Dissertation\Urban-Vision-Benchmark\Datasets\MTSD\Prepared\MTSD-Unaugmented\MTSD-YOLO\test\images\grp1_9082eb51-IMG20251230170110.jpg,915.82,3392.06,1028.04,3518.4,0.3203,traffic sign,True,True,602.4,mtsd-p12
SAM 3.1,traffic sign,grp1_9dfbd54a-IMG_5537.jpeg,E:\2. UM-Student\MSC Dissertation\Urban-Vision-Benchmark\Datasets\MTSD\Prepared\MTSD-Unaugmented\MTSD-YOLO\test\images\grp1_9dfbd54a-IMG_5537.jpeg,529.83,802.59,1056.61,1346.79,0.4688,traffic sign,True,True,126.8,mtsd-p12
SAM 3.1,traffic sign,grp1_9f52d58a-IMG_5554.jpeg,E:\2. UM-Student\MSC Dissertation\Urban-Vision-Benchmark\Datasets\MTSD\Prepared\MTSD-Unaugmented\MTSD-YOLO\test\images\grp1_9f52d58a-IMG_5554.jpeg,412.09,402.45,1004.11,1020.49,0.3027,traffic sign,True,True,459.5,mtsd-p12
SAM 3.1,traffic sign,grp1_9f52d58a-IMG_5554.jpeg,E:\2. UM-Student\MSC Dissertation\Urban-Vision-Benchmark\Datasets\MTSD\Prepared\MTSD-Unaugmented\MTSD-YOLO\test\images\grp1_9f52d58a-IMG_5554.jpeg,0.0,399.25,945.04,3696.34,0.334,traffic sign,True,True,459.5,mtsd-p12
SAM 3.1,traffic sign,grp1_9f52d58a-IMG_5554.jpeg,E:\2. UM-Student\MSC Dissertation\Urban-Vision-Benchmark\Datasets\MTSD\Prepared\MTSD-Unaugmented\MTSD-YOLO\test\images\grp1_9f52d58a-IMG_5554.jpeg,0.0,429.12,491.47,2145.93,0.6836,traffic sign,True,True,459.5,mtsd-p12
SAM 3.1,traffic sign,grp1_9f52d58a-IMG_5554.jpeg,E:\2. UM-Student\MSC Dissertation\Urban-Vision-Benchmark\Datasets\MTSD\Prepared\MTSD-Unaugmented\MTSD-YOLO\test\images\grp1_9f52d58a-IMG_5554.jpeg,341.45,1381.97,700.17,2562.2,0.6602,traffic sign,True,True,459.5,mtsd-p12
SAM 3.1,traffic sign,grp1_9f52d58a-IMG_5554.jpeg,E:\2. UM-Student\MSC Dissertation\Urban-Vision-Benchmark\Datasets\MTSD\Prepared\MTSD-Unaugmented\MTSD-YOLO\test\images\grp1_9f52d58a-IMG_5554.jpeg,966.65,1612.4,2186.67,2559.25,0.8594,traffic sign,True,True,459.5,mtsd-p12
SAM 3.1,traffic sign,grp1_9f52d58a-IMG_5554.jpeg,E:\2. UM-Student\MSC Dissertation\Urban-Vision-Benchmark\Datasets\MTSD\Prepared\MTSD-Unaugmented\MTSD-YOLO\test\images\grp1_9f52d58a-IMG_5554.jpeg,722.67,2546.96,2313.73,4032.0,0.8477,traffic sign,True,True,459.5,mtsd-p12
SAM 3.1,traffic sign,grp1_9f52d58a-IMG_5554.jpeg,E:\2. UM-Student\MSC Dissertation\Urban-Vision-Benchmark\Datasets\MTSD\Prepared\MTSD-Unaugmented\MTSD-YOLO\test\images\grp1_9f52d58a-IMG_5554.jpeg,0.0,427.99,704.8,2573.21,0.5859,traffic sign,True,True,459.5,mtsd-p12
SAM 3.1,traffic sign,grp1_a7df285e-RV_001_147.jpeg,E:\2. UM-Student\MSC Dissertation\Urban-Vision-Benchmark\Datasets\MTSD\Prepared\MTSD-Unaugmented\MTSD-YOLO\test\images\grp1_a7df285e-RV_001_147.jpeg,1379.64,3301.86,1481.06,4032.0,0.334,traffic sign,True,True,231.0,mtsd-p12
SAM 3.1,traffic sign,grp1_a7df285e-RV_001_147.jpeg,E:\2. UM-Student\MSC Dissertation\Urban-Vision-Benchmark\Datasets\MTSD\Prepared\MTSD-Unaugmented\MTSD-YOLO\test\images\grp1_a7df285e-RV_001_147.jpeg,1165.92,1953.98,1944.1,2672.18,0.4785,traffic sign,True,True,231.0,mtsd-p12
SAM 3.1,traffic sign,grp1_a7df285e-RV_001_147.jpeg,E:\2. UM-Student\MSC Dissertation\Urban-Vision-Benchmark\Datasets\MTSD\Prepared\MTSD-Unaugmented\MTSD-YOLO\test\images\grp1_a7df285e-RV_001_147.jpeg,1380.31,3295.99,1482.88,3447.3,0.832,traffic sign,True,True,231.0,mtsd-p12
SAM 3.1,traffic sign,grp1_a9638634-IMG20260105131308.jpg,E:\2. UM-Student\MSC Dissertation\Urban-Vision-Benchmark\Datasets\MTSD\Prepared\MTSD-Unaugmented\MTSD-YOLO\test\images\grp1_a9638634-IMG20260105131308.jpg,991.46,728.34,2081.68,3244.79,0.9023,traffic sign,True,True,202.3,mtsd-p12
SAM 3.1,traffic sign,grp1_a9638634-IMG20260105131308.jpg,E:\2. UM-Student\MSC Dissertation\Urban-Vision-Benchmark\Datasets\MTSD\Prepared\MTSD-Unaugmented\MTSD-YOLO\test\images\grp1_a9638634-IMG20260105131308.jpg,1154.87,0.0,1853.26,1175.12,0.8594,traffic sign,True,True,202.3,mtsd-p12
SAM 3.1,traffic sign,grp1_aa406f9d-IMG_4615.jpeg,E:\2. UM-Student\MSC Dissertation\Urban-Vision-Benchmark\Datasets\MTSD\Prepared\MTSD-Unaugmented\MTSD-YOLO\test\images\grp1_aa406f9d-IMG_4615.jpeg,819.02,1586.36,2040.35,2940.39,0.9023,traffic sign,True,True,186.0,mtsd-p12
SAM 3.1,traffic sign,grp1_b82e20fa-IMG_4708.jpeg,E:\2. UM-Student\MSC Dissertation\Urban-Vision-Benchmark\Datasets\MTSD\Prepared\MTSD-Unaugmented\MTSD-YOLO\test\images\grp1_b82e20fa-IMG_4708.jpeg,,,,,,<no detections>,False,True,146.0,mtsd-p12
SAM 3.1,traffic sign,grp1_c74547eb-RV_001_38.jpeg,E:\2. UM-Student\MSC Dissertation\Urban-Vision-Benchmark\Datasets\MTSD\Prepared\MTSD-Unaugmented\MTSD-YOLO\test\images\grp1_c74547eb-RV_001_38.jpeg,2352.63,3235.56,2412.76,3802.15,0.3965,traffic sign,True,True,439.1,mtsd-p12
SAM 3.1,traffic sign,grp1_c74547eb-RV_001_38.jpeg,E:\2. UM-Student\MSC Dissertation\Urban-Vision-Benchmark\Datasets\MTSD\Prepared\MTSD-Unaugmented\MTSD-YOLO\test\images\grp1_c74547eb-RV_001_38.jpeg,2359.26,3238.88,2403.61,3418.36,0.8086,traffic sign,True,True,439.1,mtsd-p12
SAM 3.1,traffic sign,grp1_c74547eb-RV_001_38.jpeg,E:\2. UM-Student\MSC Dissertation\Urban-Vision-Benchmark\Datasets\MTSD\Prepared\MTSD-Unaugmented\MTSD-YOLO\test\images\grp1_c74547eb-RV_001_38.jpeg,706.16,3275.27,811.34,3650.3,0.4824,traffic sign,True,True,439.1,mtsd-p12
SAM 3.1,traffic sign,grp1_c74547eb-RV_001_38.jpeg,E:\2. UM-Student\MSC Dissertation\Urban-Vision-Benchmark\Datasets\MTSD\Prepared\MTSD-Unaugmented\MTSD-YOLO\test\images\grp1_c74547eb-RV_001_38.jpeg,1248.86,1635.53,1818.37,2631.61,0.9062,traffic sign,True,True,439.1,mtsd-p12
SAM 3.1,traffic sign,grp1_c74547eb-RV_001_38.jpeg,E:\2. UM-Student\MSC Dissertation\Urban-Vision-Benchmark\Datasets\MTSD\Prepared\MTSD-Unaugmented\MTSD-YOLO\test\images\grp1_c74547eb-RV_001_38.jpeg,2305.21,3232.23,2357.09,3416.2,0.332,traffic sign,True,True,439.1,mtsd-p12
SAM 3.1,traffic sign,grp1_ca48394e-RV_001_125.jpeg,E:\2. UM-Student\MSC Dissertation\Urban-Vision-Benchmark\Datasets\MTSD\Prepared\MTSD-Unaugmented\MTSD-YOLO\test\images\grp1_ca48394e-RV_001_125.jpeg,2269.09,3384.51,2326.19,3448.29,0.6875,traffic sign,True,True,243.8,mtsd-p12
SAM 3.1,traffic sign,grp1_ca48394e-RV_001_125.jpeg,E:\2. UM-Student\MSC Dissertation\Urban-Vision-Benchmark\Datasets\MTSD\Prepared\MTSD-Unaugmented\MTSD-YOLO\test\images\grp1_ca48394e-RV_001_125.jpeg,0.0,2759.83,46.79,3009.99,0.4219,traffic sign,True,True,243.8,mtsd-p12
SAM 3.1,traffic sign,grp1_ca48394e-RV_001_125.jpeg,E:\2. UM-Student\MSC Dissertation\Urban-Vision-Benchmark\Datasets\MTSD\Prepared\MTSD-Unaugmented\MTSD-YOLO\test\images\grp1_ca48394e-RV_001_125.jpeg,1307.81,1985.79,1680.26,2992.58,0.8945,traffic sign,True,True,243.8,mtsd-p12
SAM 3.1,traffic sign,grp1_ca48394e-RV_001_125.jpeg,E:\2. UM-Student\MSC Dissertation\Urban-Vision-Benchmark\Datasets\MTSD\Prepared\MTSD-Unaugmented\MTSD-YOLO\test\images\grp1_ca48394e-RV_001_125.jpeg,1382.95,1838.64,1703.61,4032.0,0.3203,traffic sign,True,True,243.8,mtsd-p12
SAM 3.1,traffic sign,grp1_cb282f25-RV_001_112.jpeg,E:\2. UM-Student\MSC Dissertation\Urban-Vision-Benchmark\Datasets\MTSD\Prepared\MTSD-Unaugmented\MTSD-YOLO\test\images\grp1_cb282f25-RV_001_112.jpeg,696.03,3543.8,749.13,3622.66,0.8008,traffic sign,True,True,216.6,mtsd-p12
SAM 3.1,traffic sign,grp1_cb282f25-RV_001_112.jpeg,E:\2. UM-Student\MSC Dissertation\Urban-Vision-Benchmark\Datasets\MTSD\Prepared\MTSD-Unaugmented\MTSD-YOLO\test\images\grp1_cb282f25-RV_001_112.jpeg,1043.54,2032.47,2054.02,2956.2,0.9258,traffic sign,True,True,216.6,mtsd-p12
SAM 3.1,traffic sign,grp1_cb282f25-RV_001_112.jpeg,E:\2. UM-Student\MSC Dissertation\Urban-Vision-Benchmark\Datasets\MTSD\Prepared\MTSD-Unaugmented\MTSD-YOLO\test\images\grp1_cb282f25-RV_001_112.jpeg,693.56,3540.58,749.48,3761.42,0.377,traffic sign,True,True,216.6,mtsd-p12
SAM 3.1,traffic sign,grp1_ce09cd20-IMG_4692.jpeg,E:\2. UM-Student\MSC Dissertation\Urban-Vision-Benchmark\Datasets\MTSD\Prepared\MTSD-Unaugmented\MTSD-YOLO\test\images\grp1_ce09cd20-IMG_4692.jpeg,746.46,2221.07,2173.55,3639.08,0.8945,traffic sign,True,True,158.4,mtsd-p12
SAM 3.1,traffic sign,grp1_d341fc22-IMG20260105131647.jpg,E:\2. UM-Student\MSC Dissertation\Urban-Vision-Benchmark\Datasets\MTSD\Prepared\MTSD-Unaugmented\MTSD-YOLO\test\images\grp1_d341fc22-IMG20260105131647.jpg,634.49,1015.21,2535.66,3130.31,0.7617,traffic sign,True,True,259.5,mtsd-p12
SAM 3.1,traffic sign,grp1_d341fc22-IMG20260105131647.jpg,E:\2. UM-Student\MSC Dissertation\Urban-Vision-Benchmark\Datasets\MTSD\Prepared\MTSD-Unaugmented\MTSD-YOLO\test\images\grp1_d341fc22-IMG20260105131647.jpg,993.38,0.0,2367.31,1022.96,0.7578,traffic sign,True,True,259.5,mtsd-p12
SAM 3.1,traffic sign,grp1_d341fc22-IMG20260105131647.jpg,E:\2. UM-Student\MSC Dissertation\Urban-Vision-Benchmark\Datasets\MTSD\Prepared\MTSD-Unaugmented\MTSD-YOLO\test\images\grp1_d341fc22-IMG20260105131647.jpg,520.7,3443.76,972.65,4095.6,0.334,traffic sign,True,True,259.5,mtsd-p12
SAM 3.1,traffic sign,grp1_d64c06cd-IMG20260103165218.jpg,E:\2. UM-Student\MSC Dissertation\Urban-Vision-Benchmark\Datasets\MTSD\Prepared\MTSD-Unaugmented\MTSD-YOLO\test\images\grp1_d64c06cd-IMG20260103165218.jpg,471.02,2755.02,3072.0,3988.83,0.918,traffic sign,True,True,200.0,mtsd-p12
SAM 3.1,traffic sign,grp1_d64c06cd-IMG20260103165218.jpg,E:\2. UM-Student\MSC Dissertation\Urban-Vision-Benchmark\Datasets\MTSD\Prepared\MTSD-Unaugmented\MTSD-YOLO\test\images\grp1_d64c06cd-IMG20260103165218.jpg,687.72,880.9,2561.55,2847.64,0.918,traffic sign,True,True,200.0,mtsd-p12
SAM 3.1,traffic sign,grp1_d681b797-IMG20260105132903.jpg,E:\2. UM-Student\MSC Dissertation\Urban-Vision-Benchmark\Datasets\MTSD\Prepared\MTSD-Unaugmented\MTSD-YOLO\test\images\grp1_d681b797-IMG20260105132903.jpg,2376.32,1232.28,3072.0,3464.57,0.793,traffic sign,True,True,197.6,mtsd-p12
SAM 3.1,traffic sign,grp1_d681b797-IMG20260105132903.jpg,E:\2. UM-Student\MSC Dissertation\Urban-Vision-Benchmark\Datasets\MTSD\Prepared\MTSD-Unaugmented\MTSD-YOLO\test\images\grp1_d681b797-IMG20260105132903.jpg,2887.42,2993.16,3072.0,3418.34,0.332,traffic sign,True,True,197.6,mtsd-p12
SAM 3.1,traffic sign,grp1_d681b797-IMG20260105132903.jpg,E:\2. UM-Student\MSC Dissertation\Urban-Vision-Benchmark\Datasets\MTSD\Prepared\MTSD-Unaugmented\MTSD-YOLO\test\images\grp1_d681b797-IMG20260105132903.jpg,1022.84,484.24,2231.93,3275.12,0.8945,traffic sign,True,True,197.6,mtsd-p12
SAM 3.1,traffic sign,grp1_db486299-IMG_5815.jpeg,E:\2. UM-Student\MSC Dissertation\Urban-Vision-Benchmark\Datasets\MTSD\Prepared\MTSD-Unaugmented\MTSD-YOLO\test\images\grp1_db486299-IMG_5815.jpeg,987.92,1465.48,2172.89,2506.83,0.8672,traffic sign,True,True,177.8,mtsd-p12
SAM 3.1,traffic sign,grp1_db486299-IMG_5815.jpeg,E:\2. UM-Student\MSC Dissertation\Urban-Vision-Benchmark\Datasets\MTSD\Prepared\MTSD-Unaugmented\MTSD-YOLO\test\images\grp1_db486299-IMG_5815.jpeg,984.47,1460.66,2176.78,4032.0,0.3184,traffic sign,True,True,177.8,mtsd-p12
SAM 3.1,traffic sign,grp1_dbac3098-IMG_4803.jpeg,E:\2. UM-Student\MSC Dissertation\Urban-Vision-Benchmark\Datasets\MTSD\Prepared\MTSD-Unaugmented\MTSD-YOLO\test\images\grp1_dbac3098-IMG_4803.jpeg,1296.86,949.17,2222.1,2676.76,0.8867,traffic sign,True,True,183.4,mtsd-p12
SAM 3.1,traffic sign,grp1_e1306f94-IMG20251230164545.jpg,E:\2. UM-Student\MSC Dissertation\Urban-Vision-Benchmark\Datasets\MTSD\Prepared\MTSD-Unaugmented\MTSD-YOLO\test\images\grp1_e1306f94-IMG20251230164545.jpg,2010.4,3090.85,2248.0,3275.91,0.4199,traffic sign,True,True,566.7,mtsd-p12
SAM 3.1,traffic sign,grp1_e1306f94-IMG20251230164545.jpg,E:\2. UM-Student\MSC Dissertation\Urban-Vision-Benchmark\Datasets\MTSD\Prepared\MTSD-Unaugmented\MTSD-YOLO\test\images\grp1_e1306f94-IMG20251230164545.jpg,589.28,3030.56,2289.91,4096.0,0.4746,traffic sign,True,True,566.7,mtsd-p12
SAM 3.1,traffic sign,grp1_e1306f94-IMG20251230164545.jpg,E:\2. UM-Student\MSC Dissertation\Urban-Vision-Benchmark\Datasets\MTSD\Prepared\MTSD-Unaugmented\MTSD-YOLO\test\images\grp1_e1306f94-IMG20251230164545.jpg,2034.41,3226.68,2251.57,3282.1,0.3418,traffic sign,True,True,566.7,mtsd-p12
SAM 3.1,traffic sign,grp1_e1306f94-IMG20251230164545.jpg,E:\2. UM-Student\MSC Dissertation\Urban-Vision-Benchmark\Datasets\MTSD\Prepared\MTSD-Unaugmented\MTSD-YOLO\test\images\grp1_e1306f94-IMG20251230164545.jpg,537.32,1046.89,2685.99,3016.36,0.8906,traffic sign,True,True,566.7,mtsd-p12
SAM 3.1,traffic sign,grp1_e1306f94-IMG20251230164545.jpg,E:\2. UM-Student\MSC Dissertation\Urban-Vision-Benchmark\Datasets\MTSD\Prepared\MTSD-Unaugmented\MTSD-YOLO\test\images\grp1_e1306f94-IMG20251230164545.jpg,1918.88,3025.0,2060.38,3127.78,0.4082,traffic sign,True,True,566.7,mtsd-p12
SAM 3.1,traffic sign,grp1_e3c71733-IMG_5538.jpeg,E:\2. UM-Student\MSC Dissertation\Urban-Vision-Benchmark\Datasets\MTSD\Prepared\MTSD-Unaugmented\MTSD-YOLO\test\images\grp1_e3c71733-IMG_5538.jpeg,1309.65,1442.76,1864.1,2549.32,0.4863,traffic sign,True,True,192.2,mtsd-p12
SAM 3.1,traffic sign,grp1_e7b1a54d-IMG_5669.jpeg,E:\2. UM-Student\MSC Dissertation\Urban-Vision-Benchmark\Datasets\MTSD\Prepared\MTSD-Unaugmented\MTSD-YOLO\test\images\grp1_e7b1a54d-IMG_5669.jpeg,,,,,,<no detections>,False,True,152.0,mtsd-p12
SAM 3.1,traffic sign,grp1_e9043741-IMG_4709.jpeg,E:\2. UM-Student\MSC Dissertation\Urban-Vision-Benchmark\Datasets\MTSD\Prepared\MTSD-Unaugmented\MTSD-YOLO\test\images\grp1_e9043741-IMG_4709.jpeg,,,,,,<no detections>,False,True,153.8,mtsd-p12
SAM 3.1,traffic sign,grp1_ec712362-IMG_5803.jpeg,E:\2. UM-Student\MSC Dissertation\Urban-Vision-Benchmark\Datasets\MTSD\Prepared\MTSD-Unaugmented\MTSD-YOLO\test\images\grp1_ec712362-IMG_5803.jpeg,661.66,1537.85,698.65,1590.71,0.5742,traffic sign,True,True,179.6,mtsd-p12
SAM 3.1,traffic sign,grp1_ec712362-IMG_5803.jpeg,E:\2. UM-Student\MSC Dissertation\Urban-Vision-Benchmark\Datasets\MTSD\Prepared\MTSD-Unaugmented\MTSD-YOLO\test\images\grp1_ec712362-IMG_5803.jpeg,310.76,1632.34,335.79,1687.09,0.6445,traffic sign,True,True,179.6,mtsd-p12
SAM 3.1,traffic sign,grp1_ec712362-IMG_5803.jpeg,E:\2. UM-Student\MSC Dissertation\Urban-Vision-Benchmark\Datasets\MTSD\Prepared\MTSD-Unaugmented\MTSD-YOLO\test\images\grp1_ec712362-IMG_5803.jpeg,662.0,1536.64,686.98,1567.11,0.4062,traffic sign,True,True,179.6,mtsd-p12
SAM 3.1,traffic sign,grp1_ec712362-IMG_5803.jpeg,E:\2. UM-Student\MSC Dissertation\Urban-Vision-Benchmark\Datasets\MTSD\Prepared\MTSD-Unaugmented\MTSD-YOLO\test\images\grp1_ec712362-IMG_5803.jpeg,466.67,1552.39,501.96,1590.94,0.7109,traffic sign,True,True,179.6,mtsd-p12
SAM 3.1,traffic sign,grp1_ec712362-IMG_5803.jpeg,E:\2. UM-Student\MSC Dissertation\Urban-Vision-Benchmark\Datasets\MTSD\Prepared\MTSD-Unaugmented\MTSD-YOLO\test\images\grp1_ec712362-IMG_5803.jpeg,1067.55,1647.0,1105.85,1688.74,0.4824,traffic sign,True,True,179.6,mtsd-p12
SAM 3.1,traffic sign,grp1_ec712362-IMG_5803.jpeg,E:\2. UM-Student\MSC Dissertation\Urban-Vision-Benchmark\Datasets\MTSD\Prepared\MTSD-Unaugmented\MTSD-YOLO\test\images\grp1_ec712362-IMG_5803.jpeg,344.68,1636.48,373.15,1704.57,0.7227,traffic sign,True,True,179.6,mtsd-p12
SAM 3.1,traffic sign,grp1_ec712362-IMG_5803.jpeg,E:\2. UM-Student\MSC Dissertation\Urban-Vision-Benchmark\Datasets\MTSD\Prepared\MTSD-Unaugmented\MTSD-YOLO\test\images\grp1_ec712362-IMG_5803.jpeg,678.09,1515.58,700.7,1556.63,0.4668,traffic sign,True,True,179.6,mtsd-p12
SAM 3.1,traffic sign,grp1_ec712362-IMG_5803.jpeg,E:\2. UM-Student\MSC Dissertation\Urban-Vision-Benchmark\Datasets\MTSD\Prepared\MTSD-Unaugmented\MTSD-YOLO\test\images\grp1_ec712362-IMG_5803.jpeg,520.17,863.88,1062.98,1417.28,0.9336,traffic sign,True,True,179.6,mtsd-p12
SAM 3.1,traffic sign,grp1_ec712362-IMG_5803.jpeg,E:\2. UM-Student\MSC Dissertation\Urban-Vision-Benchmark\Datasets\MTSD\Prepared\MTSD-Unaugmented\MTSD-YOLO\test\images\grp1_ec712362-IMG_5803.jpeg,660.26,1554.81,697.96,1593.06,0.5742,traffic sign,True,True,179.6,mtsd-p12
SAM 3.1,traffic sign,grp1_ec712362-IMG_5803.jpeg,E:\2. UM-Student\MSC Dissertation\Urban-Vision-Benchmark\Datasets\MTSD\Prepared\MTSD-Unaugmented\MTSD-YOLO\test\images\grp1_ec712362-IMG_5803.jpeg,841.22,1634.27,908.39,1708.82,0.8906,traffic sign,True,True,179.6,mtsd-p12
SAM 3.1,traffic sign,grp1_ec712362-IMG_5803.jpeg,E:\2. UM-Student\MSC Dissertation\Urban-Vision-Benchmark\Datasets\MTSD\Prepared\MTSD-Unaugmented\MTSD-YOLO\test\images\grp1_ec712362-IMG_5803.jpeg,499.21,257.83,1115.31,863.84,0.9375,traffic sign,True,True,179.6,mtsd-p12
SAM 3.1,traffic sign,grp1_ec712362-IMG_5803.jpeg,E:\2. UM-Student\MSC Dissertation\Urban-Vision-Benchmark\Datasets\MTSD\Prepared\MTSD-Unaugmented\MTSD-YOLO\test\images\grp1_ec712362-IMG_5803.jpeg,467.11,1508.82,510.27,1552.81,0.7109,traffic sign,True,True,179.6,mtsd-p12
SAM 3.1,traffic sign,grp1_ec712362-IMG_5803.jpeg,E:\2. UM-Student\MSC Dissertation\Urban-Vision-Benchmark\Datasets\MTSD\Prepared\MTSD-Unaugmented\MTSD-YOLO\test\images\grp1_ec712362-IMG_5803.jpeg,461.95,1514.32,506.52,1708.73,0.3535,traffic sign,True,True,179.6,mtsd-p12
SAM 3.1,traffic sign,grp1_f28bdb6c-RV_001_29.jpeg,E:\2. UM-Student\MSC Dissertation\Urban-Vision-Benchmark\Datasets\MTSD\Prepared\MTSD-Unaugmented\MTSD-YOLO\test\images\grp1_f28bdb6c-RV_001_29.jpeg,2921.23,3342.27,2979.28,3430.19,0.4121,traffic sign,True,True,256.3,mtsd-p12
SAM 3.1,traffic sign,grp1_f28bdb6c-RV_001_29.jpeg,E:\2. UM-Student\MSC Dissertation\Urban-Vision-Benchmark\Datasets\MTSD\Prepared\MTSD-Unaugmented\MTSD-YOLO\test\images\grp1_f28bdb6c-RV_001_29.jpeg,1448.34,1264.01,2106.58,4032.0,0.4219,traffic sign,True,True,256.3,mtsd-p12
SAM 3.1,traffic sign,grp1_f28bdb6c-RV_001_29.jpeg,E:\2. UM-Student\MSC Dissertation\Urban-Vision-Benchmark\Datasets\MTSD\Prepared\MTSD-Unaugmented\MTSD-YOLO\test\images\grp1_f28bdb6c-RV_001_29.jpeg,2690.91,3311.72,2815.74,3409.69,0.418,traffic sign,True,True,256.3,mtsd-p12
SAM 3.1,traffic sign,grp1_f28bdb6c-RV_001_29.jpeg,E:\2. UM-Student\MSC Dissertation\Urban-Vision-Benchmark\Datasets\MTSD\Prepared\MTSD-Unaugmented\MTSD-YOLO\test\images\grp1_f28bdb6c-RV_001_29.jpeg,2565.43,3320.76,2657.73,3403.57,0.4004,traffic sign,True,True,256.3,mtsd-p12
SAM 3.1,traffic sign,grp1_f28bdb6c-RV_001_29.jpeg,E:\2. UM-Student\MSC Dissertation\Urban-Vision-Benchmark\Datasets\MTSD\Prepared\MTSD-Unaugmented\MTSD-YOLO\test\images\grp1_f28bdb6c-RV_001_29.jpeg,1451.98,1262.69,2101.89,2437.32,0.9062,traffic sign,True,True,256.3,mtsd-p12
SAM 3.1,traffic sign,grp1_f3f0450d-IMG20260105132606.jpg,E:\2. UM-Student\MSC Dissertation\Urban-Vision-Benchmark\Datasets\MTSD\Prepared\MTSD-Unaugmented\MTSD-YOLO\test\images\grp1_f3f0450d-IMG20260105132606.jpg,646.56,987.35,2272.54,4096.0,0.5195,traffic sign,True,True,187.4,mtsd-p12
SAM 3.1,traffic sign,grp1_f3f0450d-IMG20260105132606.jpg,E:\2. UM-Student\MSC Dissertation\Urban-Vision-Benchmark\Datasets\MTSD\Prepared\MTSD-Unaugmented\MTSD-YOLO\test\images\grp1_f3f0450d-IMG20260105132606.jpg,642.69,1006.92,2271.92,2107.59,0.7305,traffic sign,True,True,187.4,mtsd-p12
SAM 3.1,traffic sign,grp1_f4371c23-IMG_5562.jpeg,E:\2. UM-Student\MSC Dissertation\Urban-Vision-Benchmark\Datasets\MTSD\Prepared\MTSD-Unaugmented\MTSD-YOLO\test\images\grp1_f4371c23-IMG_5562.jpeg,1043.38,1480.0,1603.31,2707.17,0.8945,traffic sign,True,True,195.6,mtsd-p12
SAM 3.1,traffic sign,grp1_f468f4a5-IMG_5772.jpeg,E:\2. UM-Student\MSC Dissertation\Urban-Vision-Benchmark\Datasets\MTSD\Prepared\MTSD-Unaugmented\MTSD-YOLO\test\images\grp1_f468f4a5-IMG_5772.jpeg,835.85,1332.0,1994.15,2864.15,0.8984,traffic sign,True,True,183.9,mtsd-p12
SAM 3.1,traffic sign,grp1_fa18c1a9-IMG_5810.jpeg,E:\2. UM-Student\MSC Dissertation\Urban-Vision-Benchmark\Datasets\MTSD\Prepared\MTSD-Unaugmented\MTSD-YOLO\test\images\grp1_fa18c1a9-IMG_5810.jpeg,2007.87,3352.03,2069.73,3444.32,0.8359,traffic sign,True,True,450.5,mtsd-p12
SAM 3.1,traffic sign,grp1_fa18c1a9-IMG_5810.jpeg,E:\2. UM-Student\MSC Dissertation\Urban-Vision-Benchmark\Datasets\MTSD\Prepared\MTSD-Unaugmented\MTSD-YOLO\test\images\grp1_fa18c1a9-IMG_5810.jpeg,1921.65,3323.83,1964.32,3411.75,0.5195,traffic sign,True,True,450.5,mtsd-p12
SAM 3.1,traffic sign,grp1_fa18c1a9-IMG_5810.jpeg,E:\2. UM-Student\MSC Dissertation\Urban-Vision-Benchmark\Datasets\MTSD\Prepared\MTSD-Unaugmented\MTSD-YOLO\test\images\grp1_fa18c1a9-IMG_5810.jpeg,1270.19,1556.28,1708.05,2983.84,0.9219,traffic sign,True,True,450.5,mtsd-p12
SAM 3.1,traffic sign,grp1_fa18c1a9-IMG_5810.jpeg,E:\2. UM-Student\MSC Dissertation\Urban-Vision-Benchmark\Datasets\MTSD\Prepared\MTSD-Unaugmented\MTSD-YOLO\test\images\grp1_fa18c1a9-IMG_5810.jpeg,1203.38,0.0,1645.57,1631.07,0.9023,traffic sign,True,True,450.5,mtsd-p12
SAM 3.1,traffic sign,grp1_fb9922e7-IMG_4700.jpeg,E:\2. UM-Student\MSC Dissertation\Urban-Vision-Benchmark\Datasets\MTSD\Prepared\MTSD-Unaugmented\MTSD-YOLO\test\images\grp1_fb9922e7-IMG_4700.jpeg,1087.76,3632.31,1396.67,4032.0,0.4512,traffic sign,True,True,206.6,mtsd-p12
SAM 3.1,traffic sign,grp1_fb9922e7-IMG_4700.jpeg,E:\2. UM-Student\MSC Dissertation\Urban-Vision-Benchmark\Datasets\MTSD\Prepared\MTSD-Unaugmented\MTSD-YOLO\test\images\grp1_fb9922e7-IMG_4700.jpeg,1030.3,1463.42,2165.29,2812.1,0.459,traffic sign,True,True,206.6,mtsd-p12
SAM 3.1,traffic sign,grp1_fd97d901-IMG20260105125535.jpg,E:\2. UM-Student\MSC Dissertation\Urban-Vision-Benchmark\Datasets\MTSD\Prepared\MTSD-Unaugmented\MTSD-YOLO\test\images\grp1_fd97d901-IMG20260105125535.jpg,768.74,3040.84,883.23,3256.13,0.3516,traffic sign,True,True,241.1,mtsd-p12
SAM 3.1,traffic sign,grp1_fd97d901-IMG20260105125535.jpg,E:\2. UM-Student\MSC Dissertation\Urban-Vision-Benchmark\Datasets\MTSD\Prepared\MTSD-Unaugmented\MTSD-YOLO\test\images\grp1_fd97d901-IMG20260105125535.jpg,814.47,2836.57,874.92,2983.04,0.373,traffic sign,True,True,241.1,mtsd-p12
SAM 3.1,traffic sign,grp1_fd97d901-IMG20260105125535.jpg,E:\2. UM-Student\MSC Dissertation\Urban-Vision-Benchmark\Datasets\MTSD\Prepared\MTSD-Unaugmented\MTSD-YOLO\test\images\grp1_fd97d901-IMG20260105125535.jpg,1269.21,1223.27,1793.72,2658.49,0.8633,traffic sign,True,True,241.1,mtsd-p12
SAM 3.1,traffic sign,grp1_fdedfd29-IMG_4737.jpeg,E:\2. UM-Student\MSC Dissertation\Urban-Vision-Benchmark\Datasets\MTSD\Prepared\MTSD-Unaugmented\MTSD-YOLO\test\images\grp1_fdedfd29-IMG_4737.jpeg,1175.27,576.59,1985.47,3304.04,0.875,traffic sign,True,True,187.6,mtsd-p12
SAM 3.1,traffic sign,grp2_0cd46f17-MP_0097.jpg,E:\2. UM-Student\MSC Dissertation\Urban-Vision-Benchmark\Datasets\MTSD\Prepared\MTSD-Unaugmented\MTSD-YOLO\test\images\grp2_0cd46f17-MP_0097.jpg,1092.02,1173.37,2040.54,2362.73,0.8164,traffic sign,True,True,180.7,mtsd-p12
SAM 3.1,traffic sign,grp2_0cd46f17-MP_0097.jpg,E:\2. UM-Student\MSC Dissertation\Urban-Vision-Benchmark\Datasets\MTSD\Prepared\MTSD-Unaugmented\MTSD-YOLO\test\images\grp2_0cd46f17-MP_0097.jpg,980.73,548.8,2046.23,4031.79,0.3418,traffic sign,True,True,180.7,mtsd-p12
SAM 3.1,traffic sign,grp2_0cd46f17-MP_0097.jpg,E:\2. UM-Student\MSC Dissertation\Urban-Vision-Benchmark\Datasets\MTSD\Prepared\MTSD-Unaugmented\MTSD-YOLO\test\images\grp2_0cd46f17-MP_0097.jpg,977.44,562.5,1224.42,1428.66,0.8125,traffic sign,True,True,180.7,mtsd-p12
SAM 3.1,traffic sign,grp2_1a942391-IMG_20251224_114123.jpg,E:\2. UM-Student\MSC Dissertation\Urban-Vision-Benchmark\Datasets\MTSD\Prepared\MTSD-Unaugmented\MTSD-YOLO\test\images\grp2_1a942391-IMG_20251224_114123.jpg,1547.07,1556.44,1627.04,1802.04,0.4824,traffic sign,True,True,192.2,mtsd-p12
SAM 3.1,traffic sign,grp2_1a942391-IMG_20251224_114123.jpg,E:\2. UM-Student\MSC Dissertation\Urban-Vision-Benchmark\Datasets\MTSD\Prepared\MTSD-Unaugmented\MTSD-YOLO\test\images\grp2_1a942391-IMG_20251224_114123.jpg,1541.64,1127.93,1655.75,3306.49,0.3535,traffic sign,True,True,192.2,mtsd-p12
SAM 3.1,traffic sign,grp2_1a942391-IMG_20251224_114123.jpg,E:\2. UM-Student\MSC Dissertation\Urban-Vision-Benchmark\Datasets\MTSD\Prepared\MTSD-Unaugmented\MTSD-YOLO\test\images\grp2_1a942391-IMG_20251224_114123.jpg,1548.3,1126.17,1614.72,1577.09,0.6016,traffic sign,True,True,192.2,mtsd-p12
SAM 3.1,traffic sign,grp2_1cd6f44d-20251223_152650.jpg,E:\2. UM-Student\MSC Dissertation\Urban-Vision-Benchmark\Datasets\MTSD\Prepared\MTSD-Unaugmented\MTSD-YOLO\test\images\grp2_1cd6f44d-20251223_152650.jpg,1093.0,1253.18,1604.82,2193.76,0.3633,traffic sign,True,True,191.8,mtsd-p12
SAM 3.1,traffic sign,grp2_1d09be1b-MP_0034.jpg,E:\2. UM-Student\MSC Dissertation\Urban-Vision-Benchmark\Datasets\MTSD\Prepared\MTSD-Unaugmented\MTSD-YOLO\test\images\grp2_1d09be1b-MP_0034.jpg,182.58,2214.49,228.68,2272.1,0.5312,traffic sign,True,True,751.1,mtsd-p12
SAM 3.1,traffic sign,grp2_1d09be1b-MP_0034.jpg,E:\2. UM-Student\MSC Dissertation\Urban-Vision-Benchmark\Datasets\MTSD\Prepared\MTSD-Unaugmented\MTSD-YOLO\test\images\grp2_1d09be1b-MP_0034.jpg,2699.11,1949.24,2756.15,2014.53,0.6523,traffic sign,True,True,751.1,mtsd-p12
SAM 3.1,traffic sign,grp2_1d09be1b-MP_0034.jpg,E:\2. UM-Student\MSC Dissertation\Urban-Vision-Benchmark\Datasets\MTSD\Prepared\MTSD-Unaugmented\MTSD-YOLO\test\images\grp2_1d09be1b-MP_0034.jpg,488.77,1803.29,714.55,2748.86,0.5039,traffic sign,True,True,751.1,mtsd-p12
SAM 3.1,traffic sign,grp2_1d09be1b-MP_0034.jpg,E:\2. UM-Student\MSC Dissertation\Urban-Vision-Benchmark\Datasets\MTSD\Prepared\MTSD-Unaugmented\MTSD-YOLO\test\images\grp2_1d09be1b-MP_0034.jpg,491.0,1803.87,712.69,2022.23,0.7773,traffic sign,True,True,751.1,mtsd-p12
SAM 3.1,traffic sign,grp2_1d09be1b-MP_0034.jpg,E:\2. UM-Student\MSC Dissertation\Urban-Vision-Benchmark\Datasets\MTSD\Prepared\MTSD-Unaugmented\MTSD-YOLO\test\images\grp2_1d09be1b-MP_0034.jpg,2428.96,1776.35,2528.52,1939.36,0.6133,traffic sign,True,True,751.1,mtsd-p12
SAM 3.1,traffic sign,grp2_1d09be1b-MP_0034.jpg,E:\2. UM-Student\MSC Dissertation\Urban-Vision-Benchmark\Datasets\MTSD\Prepared\MTSD-Unaugmented\MTSD-YOLO\test\images\grp2_1d09be1b-MP_0034.jpg,1225.89,382.96,1362.05,1222.77,0.8242,traffic sign,True,True,751.1,mtsd-p12
SAM 3.1,traffic sign,grp2_1d09be1b-MP_0034.jpg,E:\2. UM-Student\MSC Dissertation\Urban-Vision-Benchmark\Datasets\MTSD\Prepared\MTSD-Unaugmented\MTSD-YOLO\test\images\grp2_1d09be1b-MP_0034.jpg,990.44,1208.38,1804.59,1638.86,0.8594,traffic sign,True,True,751.1,mtsd-p12
SAM 3.1,traffic sign,grp2_1d09be1b-MP_0034.jpg,E:\2. UM-Student\MSC Dissertation\Urban-Vision-Benchmark\Datasets\MTSD\Prepared\MTSD-Unaugmented\MTSD-YOLO\test\images\grp2_1d09be1b-MP_0034.jpg,1422.23,341.25,1536.09,1228.92,0.8672,traffic sign,True,True,751.1,mtsd-p12
SAM 3.1,traffic sign,grp2_1f7e1b10-20251224_132557.jpg,E:\2. UM-Student\MSC Dissertation\Urban-Vision-Benchmark\Datasets\MTSD\Prepared\MTSD-Unaugmented\MTSD-YOLO\test\images\grp2_1f7e1b10-20251224_132557.jpg,660.95,2019.27,1155.93,3069.55,0.8828,traffic sign,True,True,469.9,mtsd-p12
SAM 3.1,traffic sign,grp2_1f7e1b10-20251224_132557.jpg,E:\2. UM-Student\MSC Dissertation\Urban-Vision-Benchmark\Datasets\MTSD\Prepared\MTSD-Unaugmented\MTSD-YOLO\test\images\grp2_1f7e1b10-20251224_132557.jpg,1073.97,2173.88,1981.3,2561.71,0.8984,traffic sign,True,True,469.9,mtsd-p12
SAM 3.1,traffic sign,grp2_1f7e1b10-20251224_132557.jpg,E:\2. UM-Student\MSC Dissertation\Urban-Vision-Benchmark\Datasets\MTSD\Prepared\MTSD-Unaugmented\MTSD-YOLO\test\images\grp2_1f7e1b10-20251224_132557.jpg,1063.26,1483.11,1977.32,2221.46,0.918,traffic sign,True,True,469.9,mtsd-p12
SAM 3.1,traffic sign,grp2_1f7e1b10-20251224_132557.jpg,E:\2. UM-Student\MSC Dissertation\Urban-Vision-Benchmark\Datasets\MTSD\Prepared\MTSD-Unaugmented\MTSD-YOLO\test\images\grp2_1f7e1b10-20251224_132557.jpg,1924.74,1525.14,2057.38,1807.85,0.5391,traffic sign,True,True,469.9,mtsd-p12
SAM 3.1,traffic sign,grp2_21220c6f-IMG_20251223_114958.jpg,E:\2. UM-Student\MSC Dissertation\Urban-Vision-Benchmark\Datasets\MTSD\Prepared\MTSD-Unaugmented\MTSD-YOLO\test\images\grp2_21220c6f-IMG_20251223_114958.jpg,1028.64,2558.92,1061.44,2597.77,0.6992,traffic sign,True,True,799.8,mtsd-p12
SAM 3.1,traffic sign,grp2_21220c6f-IMG_20251223_114958.jpg,E:\2. UM-Student\MSC Dissertation\Urban-Vision-Benchmark\Datasets\MTSD\Prepared\MTSD-Unaugmented\MTSD-YOLO\test\images\grp2_21220c6f-IMG_20251223_114958.jpg,423.49,2494.65,504.68,2576.14,0.8125,traffic sign,True,True,799.8,mtsd-p12
SAM 3.1,traffic sign,grp2_21220c6f-IMG_20251223_114958.jpg,E:\2. UM-Student\MSC Dissertation\Urban-Vision-Benchmark\Datasets\MTSD\Prepared\MTSD-Unaugmented\MTSD-YOLO\test\images\grp2_21220c6f-IMG_20251223_114958.jpg,697.25,2531.16,716.57,2562.58,0.4551,traffic sign,True,True,799.8,mtsd-p12
SAM 3.1,traffic sign,grp2_21220c6f-IMG_20251223_114958.jpg,E:\2. UM-Student\MSC Dissertation\Urban-Vision-Benchmark\Datasets\MTSD\Prepared\MTSD-Unaugmented\MTSD-YOLO\test\images\grp2_21220c6f-IMG_20251223_114958.jpg,1538.81,2428.9,1566.6,2465.46,0.3145,traffic sign,True,True,799.8,mtsd-p12
SAM 3.1,traffic sign,grp2_21220c6f-IMG_20251223_114958.jpg,E:\2. UM-Student\MSC Dissertation\Urban-Vision-Benchmark\Datasets\MTSD\Prepared\MTSD-Unaugmented\MTSD-YOLO\test\images\grp2_21220c6f-IMG_20251223_114958.jpg,1296.33,1097.8,1887.97,3990.52,0.459,traffic sign,True,True,799.8,mtsd-p12
SAM 3.1,traffic sign,grp2_21220c6f-IMG_20251223_114958.jpg,E:\2. UM-Student\MSC Dissertation\Urban-Vision-Benchmark\Datasets\MTSD\Prepared\MTSD-Unaugmented\MTSD-YOLO\test\images\grp2_21220c6f-IMG_20251223_114958.jpg,1303.2,2072.93,1845.32,2321.13,0.8047,traffic sign,True,True,799.8,mtsd-p12
SAM 3.1,traffic sign,grp2_21220c6f-IMG_20251223_114958.jpg,E:\2. UM-Student\MSC Dissertation\Urban-Vision-Benchmark\Datasets\MTSD\Prepared\MTSD-Unaugmented\MTSD-YOLO\test\images\grp2_21220c6f-IMG_20251223_114958.jpg,1301.06,1094.69,1894.54,1592.52,0.8555,traffic sign,True,True,799.8,mtsd-p12
SAM 3.1,traffic sign,grp2_21220c6f-IMG_20251223_114958.jpg,E:\2. UM-Student\MSC Dissertation\Urban-Vision-Benchmark\Datasets\MTSD\Prepared\MTSD-Unaugmented\MTSD-YOLO\test\images\grp2_21220c6f-IMG_20251223_114958.jpg,1698.69,2443.32,1795.78,2504.89,0.5664,traffic sign,True,True,799.8,mtsd-p12
SAM 3.1,traffic sign,grp2_21220c6f-IMG_20251223_114958.jpg,E:\2. UM-Student\MSC Dissertation\Urban-Vision-Benchmark\Datasets\MTSD\Prepared\MTSD-Unaugmented\MTSD-YOLO\test\images\grp2_21220c6f-IMG_20251223_114958.jpg,1309.21,1590.3,1856.15,2124.35,0.8477,traffic sign,True,True,799.8,mtsd-p12
SAM 3.1,traffic sign,grp2_21220c6f-IMG_20251223_114958.jpg,E:\2. UM-Student\MSC Dissertation\Urban-Vision-Benchmark\Datasets\MTSD\Prepared\MTSD-Unaugmented\MTSD-YOLO\test\images\grp2_21220c6f-IMG_20251223_114958.jpg,1505.13,2542.93,1558.6,2691.29,0.3633,traffic sign,True,True,799.8,mtsd-p12
SAM 3.1,traffic sign,grp2_24c5c7cd-20251223_155820.jpg,E:\2. UM-Student\MSC Dissertation\Urban-Vision-Benchmark\Datasets\MTSD\Prepared\MTSD-Unaugmented\MTSD-YOLO\test\images\grp2_24c5c7cd-20251223_155820.jpg,1979.0,1570.19,2293.41,2085.74,0.8906,traffic sign,True,True,244.3,mtsd-p12
SAM 3.1,traffic sign,grp2_24c5c7cd-20251223_155820.jpg,E:\2. UM-Student\MSC Dissertation\Urban-Vision-Benchmark\Datasets\MTSD\Prepared\MTSD-Unaugmented\MTSD-YOLO\test\images\grp2_24c5c7cd-20251223_155820.jpg,1975.97,1559.76,2293.57,3997.07,0.4766,traffic sign,True,True,244.3,mtsd-p12
SAM 3.1,traffic sign,grp2_24c5c7cd-20251223_155820.jpg,E:\2. UM-Student\MSC Dissertation\Urban-Vision-Benchmark\Datasets\MTSD\Prepared\MTSD-Unaugmented\MTSD-YOLO\test\images\grp2_24c5c7cd-20251223_155820.jpg,1351.26,1018.27,2167.82,1859.28,0.9141,traffic sign,True,True,244.3,mtsd-p12
SAM 3.1,traffic sign,grp2_24fcf1af-MP_0080.jpg,E:\2. UM-Student\MSC Dissertation\Urban-Vision-Benchmark\Datasets\MTSD\Prepared\MTSD-Unaugmented\MTSD-YOLO\test\images\grp2_24fcf1af-MP_0080.jpg,919.17,855.4,1400.46,1347.23,0.8203,traffic sign,True,True,223.8,mtsd-p12
SAM 3.1,traffic sign,grp2_24fcf1af-MP_0080.jpg,E:\2. UM-Student\MSC Dissertation\Urban-Vision-Benchmark\Datasets\MTSD\Prepared\MTSD-Unaugmented\MTSD-YOLO\test\images\grp2_24fcf1af-MP_0080.jpg,1074.29,1756.9,1116.54,1804.34,0.6914,traffic sign,True,True,223.8,mtsd-p12
SAM 3.1,traffic sign,grp2_24fcf1af-MP_0080.jpg,E:\2. UM-Student\MSC Dissertation\Urban-Vision-Benchmark\Datasets\MTSD\Prepared\MTSD-Unaugmented\MTSD-YOLO\test\images\grp2_24fcf1af-MP_0080.jpg,753.09,1612.82,870.63,1756.49,0.875,traffic sign,True,True,223.8,mtsd-p12
SAM 3.1,traffic sign,grp2_24fcf1af-MP_0080.jpg,E:\2. UM-Student\MSC Dissertation\Urban-Vision-Benchmark\Datasets\MTSD\Prepared\MTSD-Unaugmented\MTSD-YOLO\test\images\grp2_24fcf1af-MP_0080.jpg,1081.42,1733.89,1114.55,1768.91,0.5781,traffic sign,True,True,223.8,mtsd-p12
SAM 3.1,traffic sign,grp2_24fcf1af-MP_0080.jpg,E:\2. UM-Student\MSC Dissertation\Urban-Vision-Benchmark\Datasets\MTSD\Prepared\MTSD-Unaugmented\MTSD-YOLO\test\images\grp2_24fcf1af-MP_0080.jpg,810.06,94.21,1548.38,3541.71,0.4434,traffic sign,True,True,223.8,mtsd-p12
SAM 3.1,traffic sign,grp2_24fcf1af-MP_0080.jpg,E:\2. UM-Student\MSC Dissertation\Urban-Vision-Benchmark\Datasets\MTSD\Prepared\MTSD-Unaugmented\MTSD-YOLO\test\images\grp2_24fcf1af-MP_0080.jpg,807.89,97.21,1546.98,853.1,0.8359,traffic sign,True,True,223.8,mtsd-p12
SAM 3.1,traffic sign,grp2_31ecc6f6-20251230_124942.jpg,E:\2. UM-Student\MSC Dissertation\Urban-Vision-Benchmark\Datasets\MTSD\Prepared\MTSD-Unaugmented\MTSD-YOLO\test\images\grp2_31ecc6f6-20251230_124942.jpg,987.36,1058.38,2228.11,4080.0,0.4121,traffic sign,True,True,169.5,mtsd-p12
SAM 3.1,traffic sign,grp2_31ecc6f6-20251230_124942.jpg,E:\2. UM-Student\MSC Dissertation\Urban-Vision-Benchmark\Datasets\MTSD\Prepared\MTSD-Unaugmented\MTSD-YOLO\test\images\grp2_31ecc6f6-20251230_124942.jpg,987.19,1062.23,2220.63,2140.21,0.7227,traffic sign,True,True,169.5,mtsd-p12
SAM 3.1,traffic sign,grp2_32305793-MP_0024.jpg,E:\2. UM-Student\MSC Dissertation\Urban-Vision-Benchmark\Datasets\MTSD\Prepared\MTSD-Unaugmented\MTSD-YOLO\test\images\grp2_32305793-MP_0024.jpg,1207.35,2250.75,1651.13,2623.25,0.7305,traffic sign,True,True,748.1,mtsd-p12
SAM 3.1,traffic sign,grp2_32305793-MP_0024.jpg,E:\2. UM-Student\MSC Dissertation\Urban-Vision-Benchmark\Datasets\MTSD\Prepared\MTSD-Unaugmented\MTSD-YOLO\test\images\grp2_32305793-MP_0024.jpg,2796.66,2524.23,2845.28,2662.41,0.3828,traffic sign,True,True,748.1,mtsd-p12
SAM 3.1,traffic sign,grp2_32305793-MP_0024.jpg,E:\2. UM-Student\MSC Dissertation\Urban-Vision-Benchmark\Datasets\MTSD\Prepared\MTSD-Unaugmented\MTSD-YOLO\test\images\grp2_32305793-MP_0024.jpg,2107.42,1936.17,2380.34,4082.09,0.4141,traffic sign,True,True,748.1,mtsd-p12
SAM 3.1,traffic sign,grp2_32305793-MP_0024.jpg,E:\2. UM-Student\MSC Dissertation\Urban-Vision-Benchmark\Datasets\MTSD\Prepared\MTSD-Unaugmented\MTSD-YOLO\test\images\grp2_32305793-MP_0024.jpg,2059.23,2457.38,2125.02,2612.89,0.6758,traffic sign,True,True,748.1,mtsd-p12
SAM 3.1,traffic sign,grp2_32305793-MP_0024.jpg,E:\2. UM-Student\MSC Dissertation\Urban-Vision-Benchmark\Datasets\MTSD\Prepared\MTSD-Unaugmented\MTSD-YOLO\test\images\grp2_32305793-MP_0024.jpg,2802.92,2602.97,2845.85,2670.1,0.4414,traffic sign,True,True,748.1,mtsd-p12
SAM 3.1,traffic sign,grp2_32305793-MP_0024.jpg,E:\2. UM-Student\MSC Dissertation\Urban-Vision-Benchmark\Datasets\MTSD\Prepared\MTSD-Unaugmented\MTSD-YOLO\test\images\grp2_32305793-MP_0024.jpg,2791.01,2523.01,2843.01,2603.27,0.3789,traffic sign,True,True,748.1,mtsd-p12
SAM 3.1,traffic sign,grp2_32305793-MP_0024.jpg,E:\2. UM-Student\MSC Dissertation\Urban-Vision-Benchmark\Datasets\MTSD\Prepared\MTSD-Unaugmented\MTSD-YOLO\test\images\grp2_32305793-MP_0024.jpg,950.82,1158.23,1921.86,2078.99,0.9375,traffic sign,True,True,748.1,mtsd-p12
SAM 3.1,traffic sign,grp2_32305793-MP_0024.jpg,E:\2. UM-Student\MSC Dissertation\Urban-Vision-Benchmark\Datasets\MTSD\Prepared\MTSD-Unaugmented\MTSD-YOLO\test\images\grp2_32305793-MP_0024.jpg,1639.15,2554.7,1738.06,2899.54,0.3164,traffic sign,True,True,748.1,mtsd-p12
SAM 3.1,traffic sign,grp2_32305793-MP_0024.jpg,E:\2. UM-Student\MSC Dissertation\Urban-Vision-Benchmark\Datasets\MTSD\Prepared\MTSD-Unaugmented\MTSD-YOLO\test\images\grp2_32305793-MP_0024.jpg,832.37,190.16,2042.96,1152.43,0.9297,traffic sign,True,True,748.1,mtsd-p12
SAM 3.1,traffic sign,grp2_32305793-MP_0024.jpg,E:\2. UM-Student\MSC Dissertation\Urban-Vision-Benchmark\Datasets\MTSD\Prepared\MTSD-Unaugmented\MTSD-YOLO\test\images\grp2_32305793-MP_0024.jpg,2059.81,2561.45,2125.38,2618.27,0.4629,traffic sign,True,True,748.1,mtsd-p12
SAM 3.1,traffic sign,grp2_32305793-MP_0024.jpg,E:\2. UM-Student\MSC Dissertation\Urban-Vision-Benchmark\Datasets\MTSD\Prepared\MTSD-Unaugmented\MTSD-YOLO\test\images\grp2_32305793-MP_0024.jpg,2062.62,2462.45,2122.5,2566.37,0.5586,traffic sign,True,True,748.1,mtsd-p12
SAM 3.1,traffic sign,grp2_331688ad-20251223_152821.jpg,E:\2. UM-Student\MSC Dissertation\Urban-Vision-Benchmark\Datasets\MTSD\Prepared\MTSD-Unaugmented\MTSD-YOLO\test\images\grp2_331688ad-20251223_152821.jpg,1597.76,1052.4,1846.37,4071.21,0.3828,traffic sign,True,True,224.2,mtsd-p12
SAM 3.1,traffic sign,grp2_331688ad-20251223_152821.jpg,E:\2. UM-Student\MSC Dissertation\Urban-Vision-Benchmark\Datasets\MTSD\Prepared\MTSD-Unaugmented\MTSD-YOLO\test\images\grp2_331688ad-20251223_152821.jpg,1598.97,1049.53,1850.75,1991.83,0.8203,traffic sign,True,True,224.2,mtsd-p12
SAM 3.1,traffic sign,grp2_339c8d04-26.side.jpg,E:\2. UM-Student\MSC Dissertation\Urban-Vision-Benchmark\Datasets\MTSD\Prepared\MTSD-Unaugmented\MTSD-YOLO\test\images\grp2_339c8d04-26.side.jpg,306.75,1963.13,349.61,2028.59,0.3164,traffic sign,True,True,591.9,mtsd-p12
SAM 3.1,traffic sign,grp2_339c8d04-26.side.jpg,E:\2. UM-Student\MSC Dissertation\Urban-Vision-Benchmark\Datasets\MTSD\Prepared\MTSD-Unaugmented\MTSD-YOLO\test\images\grp2_339c8d04-26.side.jpg,901.02,1143.92,1059.78,1433.99,0.4023,traffic sign,True,True,591.9,mtsd-p12
SAM 3.1,traffic sign,grp2_339c8d04-26.side.jpg,E:\2. UM-Student\MSC Dissertation\Urban-Vision-Benchmark\Datasets\MTSD\Prepared\MTSD-Unaugmented\MTSD-YOLO\test\images\grp2_339c8d04-26.side.jpg,2131.04,1911.87,2227.03,1947.07,0.8125,traffic sign,True,True,591.9,mtsd-p12
SAM 3.1,traffic sign,grp2_339c8d04-26.side.jpg,E:\2. UM-Student\MSC Dissertation\Urban-Vision-Benchmark\Datasets\MTSD\Prepared\MTSD-Unaugmented\MTSD-YOLO\test\images\grp2_339c8d04-26.side.jpg,901.86,1149.8,1284.27,1482.61,0.7305,traffic sign,True,True,591.9,mtsd-p12
SAM 3.1,traffic sign,grp2_339c8d04-26.side.jpg,E:\2. UM-Student\MSC Dissertation\Urban-Vision-Benchmark\Datasets\MTSD\Prepared\MTSD-Unaugmented\MTSD-YOLO\test\images\grp2_339c8d04-26.side.jpg,345.38,2034.95,381.95,2075.19,0.582,traffic sign,True,True,591.9,mtsd-p12
SAM 3.1,traffic sign,grp2_339c8d04-26.side.jpg,E:\2. UM-Student\MSC Dissertation\Urban-Vision-Benchmark\Datasets\MTSD\Prepared\MTSD-Unaugmented\MTSD-YOLO\test\images\grp2_339c8d04-26.side.jpg,913.85,504.86,1235.51,3558.45,0.373,traffic sign,True,True,591.9,mtsd-p12
SAM 3.1,traffic sign,grp2_339c8d04-26.side.jpg,E:\2. UM-Student\MSC Dissertation\Urban-Vision-Benchmark\Datasets\MTSD\Prepared\MTSD-Unaugmented\MTSD-YOLO\test\images\grp2_339c8d04-26.side.jpg,1109.93,1249.77,1282.66,1482.34,0.4004,traffic sign,True,True,591.9,mtsd-p12
SAM 3.1,traffic sign,grp2_339c8d04-26.side.jpg,E:\2. UM-Student\MSC Dissertation\Urban-Vision-Benchmark\Datasets\MTSD\Prepared\MTSD-Unaugmented\MTSD-YOLO\test\images\grp2_339c8d04-26.side.jpg,998.39,510.02,1175.89,1232.09,0.8984,traffic sign,True,True,591.9,mtsd-p12
SAM 3.1,traffic sign,grp2_33c8250b-MP_0150.jpeg,E:\2. UM-Student\MSC Dissertation\Urban-Vision-Benchmark\Datasets\MTSD\Prepared\MTSD-Unaugmented\MTSD-YOLO\test\images\grp2_33c8250b-MP_0150.jpeg,382.88,772.81,1401.41,1033.42,0.3828,traffic sign,True,True,181.4,mtsd-p12
SAM 3.1,traffic sign,grp2_3855fec5-20251223_150427.jpg,E:\2. UM-Student\MSC Dissertation\Urban-Vision-Benchmark\Datasets\MTSD\Prepared\MTSD-Unaugmented\MTSD-YOLO\test\images\grp2_3855fec5-20251223_150427.jpg,1116.01,2150.12,2116.62,4066.33,0.75,traffic sign,True,True,216.0,mtsd-p12
SAM 3.1,traffic sign,grp2_3855fec5-20251223_150427.jpg,E:\2. UM-Student\MSC Dissertation\Urban-Vision-Benchmark\Datasets\MTSD\Prepared\MTSD-Unaugmented\MTSD-YOLO\test\images\grp2_3855fec5-20251223_150427.jpg,1502.6,700.26,1807.18,2212.17,0.7734,traffic sign,True,True,216.0,mtsd-p12
SAM 3.1,traffic sign,grp2_3d2ae4e7-IMG_20251223_114602.jpg,E:\2. UM-Student\MSC Dissertation\Urban-Vision-Benchmark\Datasets\MTSD\Prepared\MTSD-Unaugmented\MTSD-YOLO\test\images\grp2_3d2ae4e7-IMG_20251223_114602.jpg,,,,,,<no detections>,False,True,146.0,mtsd-p12
SAM 3.1,traffic sign,grp2_3e9d99d7-IMG_20251223_122636.jpg,E:\2. UM-Student\MSC Dissertation\Urban-Vision-Benchmark\Datasets\MTSD\Prepared\MTSD-Unaugmented\MTSD-YOLO\test\images\grp2_3e9d99d7-IMG_20251223_122636.jpg,1224.12,1517.46,1743.64,2029.01,0.8281,traffic sign,True,True,230.9,mtsd-p12
SAM 3.1,traffic sign,grp2_3e9d99d7-IMG_20251223_122636.jpg,E:\2. UM-Student\MSC Dissertation\Urban-Vision-Benchmark\Datasets\MTSD\Prepared\MTSD-Unaugmented\MTSD-YOLO\test\images\grp2_3e9d99d7-IMG_20251223_122636.jpg,1202.27,868.64,1854.52,3475.77,0.4668,traffic sign,True,True,230.9,mtsd-p12
SAM 3.1,traffic sign,grp2_3e9d99d7-IMG_20251223_122636.jpg,E:\2. UM-Student\MSC Dissertation\Urban-Vision-Benchmark\Datasets\MTSD\Prepared\MTSD-Unaugmented\MTSD-YOLO\test\images\grp2_3e9d99d7-IMG_20251223_122636.jpg,1204.75,863.69,1858.5,1503.92,0.8438,traffic sign,True,True,230.9,mtsd-p12
SAM 3.1,traffic sign,grp2_4155f545-MP_0066.jpg,E:\2. UM-Student\MSC Dissertation\Urban-Vision-Benchmark\Datasets\MTSD\Prepared\MTSD-Unaugmented\MTSD-YOLO\test\images\grp2_4155f545-MP_0066.jpg,,,,,,<no detections>,False,True,136.2,mtsd-p12
SAM 3.1,traffic sign,grp2_421f593e-20251224_132616.jpg,E:\2. UM-Student\MSC Dissertation\Urban-Vision-Benchmark\Datasets\MTSD\Prepared\MTSD-Unaugmented\MTSD-YOLO\test\images\grp2_421f593e-20251224_132616.jpg,2442.24,3897.64,2493.72,3964.32,0.5469,traffic sign,True,True,505.6,mtsd-p12
SAM 3.1,traffic sign,grp2_421f593e-20251224_132616.jpg,E:\2. UM-Student\MSC Dissertation\Urban-Vision-Benchmark\Datasets\MTSD\Prepared\MTSD-Unaugmented\MTSD-YOLO\test\images\grp2_421f593e-20251224_132616.jpg,837.4,940.4,2328.17,2699.48,0.6562,traffic sign,True,True,505.6,mtsd-p12
SAM 3.1,traffic sign,grp2_421f593e-20251224_132616.jpg,E:\2. UM-Student\MSC Dissertation\Urban-Vision-Benchmark\Datasets\MTSD\Prepared\MTSD-Unaugmented\MTSD-YOLO\test\images\grp2_421f593e-20251224_132616.jpg,624.96,3577.47,705.83,3779.14,0.3848,traffic sign,True,True,505.6,mtsd-p12
SAM 3.1,traffic sign,grp2_421f593e-20251224_132616.jpg,E:\2. UM-Student\MSC Dissertation\Urban-Vision-Benchmark\Datasets\MTSD\Prepared\MTSD-Unaugmented\MTSD-YOLO\test\images\grp2_421f593e-20251224_132616.jpg,829.76,934.71,2329.71,4080.0,0.4629,traffic sign,True,True,505.6,mtsd-p12
SAM 3.1,traffic sign,grp2_477681c7-21.front.jpg,E:\2. UM-Student\MSC Dissertation\Urban-Vision-Benchmark\Datasets\MTSD\Prepared\MTSD-Unaugmented\MTSD-YOLO\test\images\grp2_477681c7-21.front.jpg,864.62,1031.72,1343.69,3239.61,0.4277,traffic sign,True,True,167.3,mtsd-p12
SAM 3.1,traffic sign,grp2_477681c7-21.front.jpg,E:\2. UM-Student\MSC Dissertation\Urban-Vision-Benchmark\Datasets\MTSD\Prepared\MTSD-Unaugmented\MTSD-YOLO\test\images\grp2_477681c7-21.front.jpg,867.94,1037.79,1342.14,1508.21,0.9102,traffic sign,True,True,167.3,mtsd-p12
SAM 3.1,traffic sign,grp2_4acb7340-20251223_155105.jpg,E:\2. UM-Student\MSC Dissertation\Urban-Vision-Benchmark\Datasets\MTSD\Prepared\MTSD-Unaugmented\MTSD-YOLO\test\images\grp2_4acb7340-20251223_155105.jpg,28.14,2753.54,89.36,3272.54,0.418,traffic sign,True,True,248.6,mtsd-p12
SAM 3.1,traffic sign,grp2_4acb7340-20251223_155105.jpg,E:\2. UM-Student\MSC Dissertation\Urban-Vision-Benchmark\Datasets\MTSD\Prepared\MTSD-Unaugmented\MTSD-YOLO\test\images\grp2_4acb7340-20251223_155105.jpg,37.8,2755.29,87.15,2874.91,0.6719,traffic sign,True,True,248.6,mtsd-p12
SAM 3.1,traffic sign,grp2_4acb7340-20251223_155105.jpg,E:\2. UM-Student\MSC Dissertation\Urban-Vision-Benchmark\Datasets\MTSD\Prepared\MTSD-Unaugmented\MTSD-YOLO\test\images\grp2_4acb7340-20251223_155105.jpg,1170.06,1192.37,1938.2,4080.0,0.6094,traffic sign,True,True,248.6,mtsd-p12
SAM 3.1,traffic sign,grp2_4acb7340-20251223_155105.jpg,E:\2. UM-Student\MSC Dissertation\Urban-Vision-Benchmark\Datasets\MTSD\Prepared\MTSD-Unaugmented\MTSD-YOLO\test\images\grp2_4acb7340-20251223_155105.jpg,1165.01,1188.95,1938.15,1968.08,0.6758,traffic sign,True,True,248.6,mtsd-p12
SAM 3.1,traffic sign,grp2_5061299f-MP_0130.jpg,E:\2. UM-Student\MSC Dissertation\Urban-Vision-Benchmark\Datasets\MTSD\Prepared\MTSD-Unaugmented\MTSD-YOLO\test\images\grp2_5061299f-MP_0130.jpg,932.3,2489.66,969.05,2531.9,0.4277,traffic sign,True,True,213.4,mtsd-p12
SAM 3.1,traffic sign,grp2_5061299f-MP_0130.jpg,E:\2. UM-Student\MSC Dissertation\Urban-Vision-Benchmark\Datasets\MTSD\Prepared\MTSD-Unaugmented\MTSD-YOLO\test\images\grp2_5061299f-MP_0130.jpg,771.83,576.41,1585.58,3801.09,0.4277,traffic sign,True,True,213.4,mtsd-p12
SAM 3.1,traffic sign,grp2_5061299f-MP_0130.jpg,E:\2. UM-Student\MSC Dissertation\Urban-Vision-Benchmark\Datasets\MTSD\Prepared\MTSD-Unaugmented\MTSD-YOLO\test\images\grp2_5061299f-MP_0130.jpg,771.86,573.2,1585.57,1573.12,0.6992,traffic sign,True,True,213.4,mtsd-p12
SAM 3.1,traffic sign,grp2_5dd50184-MP_0013.jpg,E:\2. UM-Student\MSC Dissertation\Urban-Vision-Benchmark\Datasets\MTSD\Prepared\MTSD-Unaugmented\MTSD-YOLO\test\images\grp2_5dd50184-MP_0013.jpg,1124.33,686.77,1421.61,4096.0,0.3008,traffic sign,True,True,499.9,mtsd-p12
SAM 3.1,traffic sign,grp2_5dd50184-MP_0013.jpg,E:\2. UM-Student\MSC Dissertation\Urban-Vision-Benchmark\Datasets\MTSD\Prepared\MTSD-Unaugmented\MTSD-YOLO\test\images\grp2_5dd50184-MP_0013.jpg,1262.05,778.92,1408.75,1614.1,0.7031,traffic sign,True,True,499.9,mtsd-p12
SAM 3.1,traffic sign,grp2_5e8f002c-IMG_20251223_132013.jpg,E:\2. UM-Student\MSC Dissertation\Urban-Vision-Benchmark\Datasets\MTSD\Prepared\MTSD-Unaugmented\MTSD-YOLO\test\images\grp2_5e8f002c-IMG_20251223_132013.jpg,1249.94,1191.61,1782.33,3560.44,0.4277,traffic sign,True,True,499.3,mtsd-p12
SAM 3.1,traffic sign,grp2_5e8f002c-IMG_20251223_132013.jpg,E:\2. UM-Student\MSC Dissertation\Urban-Vision-Benchmark\Datasets\MTSD\Prepared\MTSD-Unaugmented\MTSD-YOLO\test\images\grp2_5e8f002c-IMG_20251223_132013.jpg,2653.45,1908.52,2763.25,2193.96,0.5664,traffic sign,True,True,499.3,mtsd-p12
SAM 3.1,traffic sign,grp2_5e8f002c-IMG_20251223_132013.jpg,E:\2. UM-Student\MSC Dissertation\Urban-Vision-Benchmark\Datasets\MTSD\Prepared\MTSD-Unaugmented\MTSD-YOLO\test\images\grp2_5e8f002c-IMG_20251223_132013.jpg,2662.59,2107.05,2762.54,2198.05,0.4668,traffic sign,True,True,499.3,mtsd-p12
SAM 3.1,traffic sign,grp2_5e8f002c-IMG_20251223_132013.jpg,E:\2. UM-Student\MSC Dissertation\Urban-Vision-Benchmark\Datasets\MTSD\Prepared\MTSD-Unaugmented\MTSD-YOLO\test\images\grp2_5e8f002c-IMG_20251223_132013.jpg,1253.26,1196.81,1781.83,1728.31,0.8711,traffic sign,True,True,499.3,mtsd-p12
SAM 3.1,traffic sign,grp2_5e8f002c-IMG_20251223_132013.jpg,E:\2. UM-Student\MSC Dissertation\Urban-Vision-Benchmark\Datasets\MTSD\Prepared\MTSD-Unaugmented\MTSD-YOLO\test\images\grp2_5e8f002c-IMG_20251223_132013.jpg,2654.14,1918.11,2754.05,2025.37,0.4512,traffic sign,True,True,499.3,mtsd-p12
SAM 3.1,traffic sign,grp2_5e8f002c-IMG_20251223_132013.jpg,E:\2. UM-Student\MSC Dissertation\Urban-Vision-Benchmark\Datasets\MTSD\Prepared\MTSD-Unaugmented\MTSD-YOLO\test\images\grp2_5e8f002c-IMG_20251223_132013.jpg,2669.32,2011.64,2756.01,2108.76,0.4609,traffic sign,True,True,499.3,mtsd-p12
SAM 3.1,traffic sign,grp2_62c50d8e-20251230_121740.jpg,E:\2. UM-Student\MSC Dissertation\Urban-Vision-Benchmark\Datasets\MTSD\Prepared\MTSD-Unaugmented\MTSD-YOLO\test\images\grp2_62c50d8e-20251230_121740.jpg,1474.12,1039.59,1872.35,4054.82,0.373,traffic sign,True,True,192.3,mtsd-p12
SAM 3.1,traffic sign,grp2_62c50d8e-20251230_121740.jpg,E:\2. UM-Student\MSC Dissertation\Urban-Vision-Benchmark\Datasets\MTSD\Prepared\MTSD-Unaugmented\MTSD-YOLO\test\images\grp2_62c50d8e-20251230_121740.jpg,1469.64,1027.41,1792.13,2071.3,0.8828,traffic sign,True,True,192.3,mtsd-p12
SAM 3.1,traffic sign,grp2_76c73962-MP_0139.jpg,E:\2. UM-Student\MSC Dissertation\Urban-Vision-Benchmark\Datasets\MTSD\Prepared\MTSD-Unaugmented\MTSD-YOLO\test\images\grp2_76c73962-MP_0139.jpg,,,,,,<no detections>,False,True,139.9,mtsd-p12
SAM 3.1,traffic sign,grp2_797d9987-MP_0038.jpg,E:\2. UM-Student\MSC Dissertation\Urban-Vision-Benchmark\Datasets\MTSD\Prepared\MTSD-Unaugmented\MTSD-YOLO\test\images\grp2_797d9987-MP_0038.jpg,781.36,184.93,1861.32,1262.58,0.8398,traffic sign,True,True,236.8,mtsd-p12
SAM 3.1,traffic sign,grp2_7ad50d73-MP_0075.jpg,E:\2. UM-Student\MSC Dissertation\Urban-Vision-Benchmark\Datasets\MTSD\Prepared\MTSD-Unaugmented\MTSD-YOLO\test\images\grp2_7ad50d73-MP_0075.jpg,586.64,142.01,1562.98,1082.68,0.5273,traffic sign,True,True,186.4,mtsd-p12
SAM 3.1,traffic sign,grp2_7bccf907-IMG_20251223_114643.jpg,E:\2. UM-Student\MSC Dissertation\Urban-Vision-Benchmark\Datasets\MTSD\Prepared\MTSD-Unaugmented\MTSD-YOLO\test\images\grp2_7bccf907-IMG_20251223_114643.jpg,1131.76,1649.09,1439.01,2025.6,0.8672,traffic sign,True,True,239.6,mtsd-p12
SAM 3.1,traffic sign,grp2_7bccf907-IMG_20251223_114643.jpg,E:\2. UM-Student\MSC Dissertation\Urban-Vision-Benchmark\Datasets\MTSD\Prepared\MTSD-Unaugmented\MTSD-YOLO\test\images\grp2_7bccf907-IMG_20251223_114643.jpg,720.95,1646.99,915.0,1833.28,0.6523,traffic sign,True,True,239.6,mtsd-p12
SAM 3.1,traffic sign,grp2_8042282f-20251223_150231.jpg,E:\2. UM-Student\MSC Dissertation\Urban-Vision-Benchmark\Datasets\MTSD\Prepared\MTSD-Unaugmented\MTSD-YOLO\test\images\grp2_8042282f-20251223_150231.jpg,1159.02,0.0,1752.52,1978.6,0.8789,traffic sign,True,True,215.9,mtsd-p12
SAM 3.1,traffic sign,grp2_85bab424-IMG_20251223_120632.jpg,E:\2. UM-Student\MSC Dissertation\Urban-Vision-Benchmark\Datasets\MTSD\Prepared\MTSD-Unaugmented\MTSD-YOLO\test\images\grp2_85bab424-IMG_20251223_120632.jpg,1337.54,1190.45,1797.46,3626.11,0.6133,traffic sign,True,True,193.2,mtsd-p12
SAM 3.1,traffic sign,grp2_85bab424-IMG_20251223_120632.jpg,E:\2. UM-Student\MSC Dissertation\Urban-Vision-Benchmark\Datasets\MTSD\Prepared\MTSD-Unaugmented\MTSD-YOLO\test\images\grp2_85bab424-IMG_20251223_120632.jpg,1342.37,1194.13,1797.6,1699.4,0.7578,traffic sign,True,True,193.2,mtsd-p12
SAM 3.1,traffic sign,grp2_86560763-IMG_20251223_113000.jpg,E:\2. UM-Student\MSC Dissertation\Urban-Vision-Benchmark\Datasets\MTSD\Prepared\MTSD-Unaugmented\MTSD-YOLO\test\images\grp2_86560763-IMG_20251223_113000.jpg,1680.79,1951.86,1834.34,2017.57,0.5195,traffic sign,True,True,687.9,mtsd-p12
SAM 3.1,traffic sign,grp2_86560763-IMG_20251223_113000.jpg,E:\2. UM-Student\MSC Dissertation\Urban-Vision-Benchmark\Datasets\MTSD\Prepared\MTSD-Unaugmented\MTSD-YOLO\test\images\grp2_86560763-IMG_20251223_113000.jpg,836.31,2170.44,870.18,2207.55,0.6562,traffic sign,True,True,687.9,mtsd-p12
SAM 3.1,traffic sign,grp2_86560763-IMG_20251223_113000.jpg,E:\2. UM-Student\MSC Dissertation\Urban-Vision-Benchmark\Datasets\MTSD\Prepared\MTSD-Unaugmented\MTSD-YOLO\test\images\grp2_86560763-IMG_20251223_113000.jpg,147.84,2068.53,248.98,2191.96,0.7773,traffic sign,True,True,687.9,mtsd-p12
SAM 3.1,traffic sign,grp2_86560763-IMG_20251223_113000.jpg,E:\2. UM-Student\MSC Dissertation\Urban-Vision-Benchmark\Datasets\MTSD\Prepared\MTSD-Unaugmented\MTSD-YOLO\test\images\grp2_86560763-IMG_20251223_113000.jpg,1465.26,2106.93,1532.56,2201.52,0.582,traffic sign,True,True,687.9,mtsd-p12
SAM 3.1,traffic sign,grp2_86560763-IMG_20251223_113000.jpg,E:\2. UM-Student\MSC Dissertation\Urban-Vision-Benchmark\Datasets\MTSD\Prepared\MTSD-Unaugmented\MTSD-YOLO\test\images\grp2_86560763-IMG_20251223_113000.jpg,1009.78,1390.98,1627.99,2007.67,0.3711,traffic sign,True,True,687.9,mtsd-p12
SAM 3.1,traffic sign,grp2_888b1f4f-MP_0074.jpg,E:\2. UM-Student\MSC Dissertation\Urban-Vision-Benchmark\Datasets\MTSD\Prepared\MTSD-Unaugmented\MTSD-YOLO\test\images\grp2_888b1f4f-MP_0074.jpg,2615.44,224.67,2965.22,546.55,0.3105,traffic sign,True,True,212.1,mtsd-p12
SAM 3.1,traffic sign,grp2_888b1f4f-MP_0074.jpg,E:\2. UM-Student\MSC Dissertation\Urban-Vision-Benchmark\Datasets\MTSD\Prepared\MTSD-Unaugmented\MTSD-YOLO\test\images\grp2_888b1f4f-MP_0074.jpg,479.32,866.0,1177.62,1494.74,0.9258,traffic sign,True,True,212.1,mtsd-p12
SAM 3.1,traffic sign,grp2_920c4f4e-20251223_152507.jpg,E:\2. UM-Student\MSC Dissertation\Urban-Vision-Benchmark\Datasets\MTSD\Prepared\MTSD-Unaugmented\MTSD-YOLO\test\images\grp2_920c4f4e-20251223_152507.jpg,,,,,,<no detections>,False,True,157.0,mtsd-p12
SAM 3.1,traffic sign,grp2_9272e80b-20251230_124926.jpg,E:\2. UM-Student\MSC Dissertation\Urban-Vision-Benchmark\Datasets\MTSD\Prepared\MTSD-Unaugmented\MTSD-YOLO\test\images\grp2_9272e80b-20251230_124926.jpg,1067.69,1189.24,2355.47,2495.76,0.8867,traffic sign,True,True,220.5,mtsd-p12
SAM 3.1,traffic sign,grp2_9288cb02-IMG_20251223_114539.jpg,E:\2. UM-Student\MSC Dissertation\Urban-Vision-Benchmark\Datasets\MTSD\Prepared\MTSD-Unaugmented\MTSD-YOLO\test\images\grp2_9288cb02-IMG_20251223_114539.jpg,1351.69,1464.24,1894.58,2013.5,0.4668,traffic sign,True,True,423.6,mtsd-p12
SAM 3.1,traffic sign,grp2_9288cb02-IMG_20251223_114539.jpg,E:\2. UM-Student\MSC Dissertation\Urban-Vision-Benchmark\Datasets\MTSD\Prepared\MTSD-Unaugmented\MTSD-YOLO\test\images\grp2_9288cb02-IMG_20251223_114539.jpg,7.65,1936.73,92.1,2056.74,0.4414,traffic sign,True,True,423.6,mtsd-p12
SAM 3.1,traffic sign,grp2_983dc626-30.side.jpg,E:\2. UM-Student\MSC Dissertation\Urban-Vision-Benchmark\Datasets\MTSD\Prepared\MTSD-Unaugmented\MTSD-YOLO\test\images\grp2_983dc626-30.side.jpg,1290.98,1065.77,1377.96,1594.83,0.6406,traffic sign,True,True,151.3,mtsd-p12
SAM 3.1,traffic sign,grp2_98bbb72b-IMG_20251224_113143.jpg,E:\2. UM-Student\MSC Dissertation\Urban-Vision-Benchmark\Datasets\MTSD\Prepared\MTSD-Unaugmented\MTSD-YOLO\test\images\grp2_98bbb72b-IMG_20251224_113143.jpg,,,,,,<no detections>,False,True,154.1,mtsd-p12
SAM 3.1,traffic sign,grp2_9c71fd6a-20251223_153024.jpg,E:\2. UM-Student\MSC Dissertation\Urban-Vision-Benchmark\Datasets\MTSD\Prepared\MTSD-Unaugmented\MTSD-YOLO\test\images\grp2_9c71fd6a-20251223_153024.jpg,,,,,,<no detections>,False,True,157.2,mtsd-p12
SAM 3.1,traffic sign,grp2_a8531ee5-IMG_20251223_131712.jpg,E:\2. UM-Student\MSC Dissertation\Urban-Vision-Benchmark\Datasets\MTSD\Prepared\MTSD-Unaugmented\MTSD-YOLO\test\images\grp2_a8531ee5-IMG_20251223_131712.jpg,,,,,,<no detections>,False,True,154.7,mtsd-p12
SAM 3.1,traffic sign,grp2_ab84ff33-MP_0056.jpg,E:\2. UM-Student\MSC Dissertation\Urban-Vision-Benchmark\Datasets\MTSD\Prepared\MTSD-Unaugmented\MTSD-YOLO\test\images\grp2_ab84ff33-MP_0056.jpg,960.89,209.17,1857.31,4090.25,0.418,traffic sign,True,True,238.8,mtsd-p12
SAM 3.1,traffic sign,grp2_ab84ff33-MP_0056.jpg,E:\2. UM-Student\MSC Dissertation\Urban-Vision-Benchmark\Datasets\MTSD\Prepared\MTSD-Unaugmented\MTSD-YOLO\test\images\grp2_ab84ff33-MP_0056.jpg,966.12,203.11,1855.75,1095.86,0.9102,traffic sign,True,True,238.8,mtsd-p12
SAM 3.1,traffic sign,grp2_ab9b17dd-34.back.jpg,E:\2. UM-Student\MSC Dissertation\Urban-Vision-Benchmark\Datasets\MTSD\Prepared\MTSD-Unaugmented\MTSD-YOLO\test\images\grp2_ab9b17dd-34.back.jpg,2043.08,2231.92,2096.55,2285.85,0.6953,traffic sign,True,True,572.0,mtsd-p12
SAM 3.1,traffic sign,grp2_ab9b17dd-34.back.jpg,E:\2. UM-Student\MSC Dissertation\Urban-Vision-Benchmark\Datasets\MTSD\Prepared\MTSD-Unaugmented\MTSD-YOLO\test\images\grp2_ab9b17dd-34.back.jpg,889.96,757.37,1369.63,1265.82,0.4023,traffic sign,True,True,572.0,mtsd-p12
SAM 3.1,traffic sign,grp2_ab9b17dd-34.back.jpg,E:\2. UM-Student\MSC Dissertation\Urban-Vision-Benchmark\Datasets\MTSD\Prepared\MTSD-Unaugmented\MTSD-YOLO\test\images\grp2_ab9b17dd-34.back.jpg,1712.58,2243.01,1738.11,2272.69,0.5781,traffic sign,True,True,572.0,mtsd-p12
SAM 3.1,traffic sign,grp2_ab9b17dd-34.back.jpg,E:\2. UM-Student\MSC Dissertation\Urban-Vision-Benchmark\Datasets\MTSD\Prepared\MTSD-Unaugmented\MTSD-YOLO\test\images\grp2_ab9b17dd-34.back.jpg,1418.64,2128.56,1500.63,2211.35,0.8008,traffic sign,True,True,572.0,mtsd-p12
SAM 3.1,traffic sign,grp2_ab9b17dd-34.back.jpg,E:\2. UM-Student\MSC Dissertation\Urban-Vision-Benchmark\Datasets\MTSD\Prepared\MTSD-Unaugmented\MTSD-YOLO\test\images\grp2_ab9b17dd-34.back.jpg,1666.83,2276.8,1687.09,2306.17,0.3945,traffic sign,True,True,572.0,mtsd-p12
SAM 3.1,traffic sign,grp2_ab9b17dd-34.back.jpg,E:\2. UM-Student\MSC Dissertation\Urban-Vision-Benchmark\Datasets\MTSD\Prepared\MTSD-Unaugmented\MTSD-YOLO\test\images\grp2_ab9b17dd-34.back.jpg,933.41,1380.8,1021.65,1864.81,0.5938,traffic sign,True,True,572.0,mtsd-p12
SAM 3.1,traffic sign,grp2_b430b918-IMG_20251223_132103.jpg,E:\2. UM-Student\MSC Dissertation\Urban-Vision-Benchmark\Datasets\MTSD\Prepared\MTSD-Unaugmented\MTSD-YOLO\test\images\grp2_b430b918-IMG_20251223_132103.jpg,,,,,,<no detections>,False,True,148.5,mtsd-p12
SAM 3.1,traffic sign,grp2_b7da3d82-20251230_123417.jpg,E:\2. UM-Student\MSC Dissertation\Urban-Vision-Benchmark\Datasets\MTSD\Prepared\MTSD-Unaugmented\MTSD-YOLO\test\images\grp2_b7da3d82-20251230_123417.jpg,1216.34,969.59,2062.57,1819.92,0.9141,traffic sign,True,True,246.6,mtsd-p12
SAM 3.1,traffic sign,grp2_b7da3d82-20251230_123417.jpg,E:\2. UM-Student\MSC Dissertation\Urban-Vision-Benchmark\Datasets\MTSD\Prepared\MTSD-Unaugmented\MTSD-YOLO\test\images\grp2_b7da3d82-20251230_123417.jpg,1734.52,1604.14,2277.3,2148.84,0.3457,traffic sign,True,True,246.6,mtsd-p12
SAM 3.1,traffic sign,grp2_b9e760b0-IMG_20251223_125447.jpg,E:\2. UM-Student\MSC Dissertation\Urban-Vision-Benchmark\Datasets\MTSD\Prepared\MTSD-Unaugmented\MTSD-YOLO\test\images\grp2_b9e760b0-IMG_20251223_125447.jpg,1222.3,2292.03,1249.17,2322.57,0.7344,traffic sign,True,True,478.6,mtsd-p12
SAM 3.1,traffic sign,grp2_b9e760b0-IMG_20251223_125447.jpg,E:\2. UM-Student\MSC Dissertation\Urban-Vision-Benchmark\Datasets\MTSD\Prepared\MTSD-Unaugmented\MTSD-YOLO\test\images\grp2_b9e760b0-IMG_20251223_125447.jpg,882.63,2250.15,966.32,2332.4,0.875,traffic sign,True,True,478.6,mtsd-p12
SAM 3.1,traffic sign,grp2_b9e760b0-IMG_20251223_125447.jpg,E:\2. UM-Student\MSC Dissertation\Urban-Vision-Benchmark\Datasets\MTSD\Prepared\MTSD-Unaugmented\MTSD-YOLO\test\images\grp2_b9e760b0-IMG_20251223_125447.jpg,991.4,2269.24,1025.43,2318.75,0.7031,traffic sign,True,True,478.6,mtsd-p12
SAM 3.1,traffic sign,grp2_b9e760b0-IMG_20251223_125447.jpg,E:\2. UM-Student\MSC Dissertation\Urban-Vision-Benchmark\Datasets\MTSD\Prepared\MTSD-Unaugmented\MTSD-YOLO\test\images\grp2_b9e760b0-IMG_20251223_125447.jpg,1446.89,2279.78,1522.47,2360.58,0.875,traffic sign,True,True,478.6,mtsd-p12
SAM 3.1,traffic sign,grp2_b9e760b0-IMG_20251223_125447.jpg,E:\2. UM-Student\MSC Dissertation\Urban-Vision-Benchmark\Datasets\MTSD\Prepared\MTSD-Unaugmented\MTSD-YOLO\test\images\grp2_b9e760b0-IMG_20251223_125447.jpg,1449.84,2276.6,1521.65,2593.01,0.3965,traffic sign,True,True,478.6,mtsd-p12
SAM 3.1,traffic sign,grp2_b9e760b0-IMG_20251223_125447.jpg,E:\2. UM-Student\MSC Dissertation\Urban-Vision-Benchmark\Datasets\MTSD\Prepared\MTSD-Unaugmented\MTSD-YOLO\test\images\grp2_b9e760b0-IMG_20251223_125447.jpg,892.86,879.41,1991.94,1946.18,0.5781,traffic sign,True,True,478.6,mtsd-p12
SAM 3.1,traffic sign,grp2_bf4582b0-IMG_20251223_113056.jpg,E:\2. UM-Student\MSC Dissertation\Urban-Vision-Benchmark\Datasets\MTSD\Prepared\MTSD-Unaugmented\MTSD-YOLO\test\images\grp2_bf4582b0-IMG_20251223_113056.jpg,,,,,,<no detections>,False,True,164.2,mtsd-p12
SAM 3.1,traffic sign,grp2_bf551d52-MP_0136.jpg,E:\2. UM-Student\MSC Dissertation\Urban-Vision-Benchmark\Datasets\MTSD\Prepared\MTSD-Unaugmented\MTSD-YOLO\test\images\grp2_bf551d52-MP_0136.jpg,608.08,1333.26,2452.94,1612.04,0.793,traffic sign,True,True,183.1,mtsd-p12
SAM 3.1,traffic sign,grp2_bf551d52-MP_0136.jpg,E:\2. UM-Student\MSC Dissertation\Urban-Vision-Benchmark\Datasets\MTSD\Prepared\MTSD-Unaugmented\MTSD-YOLO\test\images\grp2_bf551d52-MP_0136.jpg,0.0,1885.6,1204.64,2268.0,0.3242,traffic sign,True,True,183.1,mtsd-p12
SAM 3.1,traffic sign,grp2_c39d026a-IMG_20251223_125605.jpg,E:\2. UM-Student\MSC Dissertation\Urban-Vision-Benchmark\Datasets\MTSD\Prepared\MTSD-Unaugmented\MTSD-YOLO\test\images\grp2_c39d026a-IMG_20251223_125605.jpg,,,,,,<no detections>,False,True,165.1,mtsd-p12
SAM 3.1,traffic sign,grp2_c96ca64e-MP_0098.jpg,E:\2. UM-Student\MSC Dissertation\Urban-Vision-Benchmark\Datasets\MTSD\Prepared\MTSD-Unaugmented\MTSD-YOLO\test\images\grp2_c96ca64e-MP_0098.jpg,100.07,819.48,881.64,1600.06,0.9219,traffic sign,True,True,175.4,mtsd-p12
SAM 3.1,traffic sign,grp2_c96ca64e-MP_0098.jpg,E:\2. UM-Student\MSC Dissertation\Urban-Vision-Benchmark\Datasets\MTSD\Prepared\MTSD-Unaugmented\MTSD-YOLO\test\images\grp2_c96ca64e-MP_0098.jpg,92.6,819.05,3967.44,1605.88,0.4668,traffic sign,True,True,175.4,mtsd-p12
SAM 3.1,traffic sign,grp2_ccff3003-MP_0047.jpg,E:\2. UM-Student\MSC Dissertation\Urban-Vision-Benchmark\Datasets\MTSD\Prepared\MTSD-Unaugmented\MTSD-YOLO\test\images\grp2_ccff3003-MP_0047.jpg,2707.06,1632.16,2957.32,1871.67,0.8789,traffic sign,True,True,417.8,mtsd-p12
SAM 3.1,traffic sign,grp2_ccff3003-MP_0047.jpg,E:\2. UM-Student\MSC Dissertation\Urban-Vision-Benchmark\Datasets\MTSD\Prepared\MTSD-Unaugmented\MTSD-YOLO\test\images\grp2_ccff3003-MP_0047.jpg,2696.23,1632.01,2956.29,2373.37,0.4141,traffic sign,True,True,417.8,mtsd-p12
SAM 3.1,traffic sign,grp2_ccff3003-MP_0047.jpg,E:\2. UM-Student\MSC Dissertation\Urban-Vision-Benchmark\Datasets\MTSD\Prepared\MTSD-Unaugmented\MTSD-YOLO\test\images\grp2_ccff3003-MP_0047.jpg,2260.28,2759.13,2320.9,2872.69,0.3086,traffic sign,True,True,417.8,mtsd-p12
SAM 3.1,traffic sign,grp2_ccff3003-MP_0047.jpg,E:\2. UM-Student\MSC Dissertation\Urban-Vision-Benchmark\Datasets\MTSD\Prepared\MTSD-Unaugmented\MTSD-YOLO\test\images\grp2_ccff3003-MP_0047.jpg,979.76,766.97,1467.32,4075.09,0.3984,traffic sign,True,True,417.8,mtsd-p12
SAM 3.1,traffic sign,grp2_ccff3003-MP_0047.jpg,E:\2. UM-Student\MSC Dissertation\Urban-Vision-Benchmark\Datasets\MTSD\Prepared\MTSD-Unaugmented\MTSD-YOLO\test\images\grp2_ccff3003-MP_0047.jpg,1006.24,772.94,1161.75,1534.05,0.8008,traffic sign,True,True,417.8,mtsd-p12
SAM 3.1,traffic sign,grp2_ccff3003-MP_0047.jpg,E:\2. UM-Student\MSC Dissertation\Urban-Vision-Benchmark\Datasets\MTSD\Prepared\MTSD-Unaugmented\MTSD-YOLO\test\images\grp2_ccff3003-MP_0047.jpg,2703.02,1875.05,2947.17,2110.79,0.7734,traffic sign,True,True,417.8,mtsd-p12
SAM 3.1,traffic sign,grp2_ced8bffa-14.front.jpg,E:\2. UM-Student\MSC Dissertation\Urban-Vision-Benchmark\Datasets\MTSD\Prepared\MTSD-Unaugmented\MTSD-YOLO\test\images\grp2_ced8bffa-14.front.jpg,636.09,1036.46,1253.38,1650.63,0.9219,traffic sign,True,True,210.2,mtsd-p12
SAM 3.1,traffic sign,grp2_d1fa2493-20251230_123128.jpg,E:\2. UM-Student\MSC Dissertation\Urban-Vision-Benchmark\Datasets\MTSD\Prepared\MTSD-Unaugmented\MTSD-YOLO\test\images\grp2_d1fa2493-20251230_123128.jpg,763.27,539.1,2112.52,4080.0,0.4219,traffic sign,True,True,169.0,mtsd-p12
SAM 3.1,traffic sign,grp2_d1fa2493-20251230_123128.jpg,E:\2. UM-Student\MSC Dissertation\Urban-Vision-Benchmark\Datasets\MTSD\Prepared\MTSD-Unaugmented\MTSD-YOLO\test\images\grp2_d1fa2493-20251230_123128.jpg,764.19,539.38,2102.05,1899.41,0.8828,traffic sign,True,True,169.0,mtsd-p12
SAM 3.1,traffic sign,grp2_d201b393-MP_0004.jpg,E:\2. UM-Student\MSC Dissertation\Urban-Vision-Benchmark\Datasets\MTSD\Prepared\MTSD-Unaugmented\MTSD-YOLO\test\images\grp2_d201b393-MP_0004.jpg,2856.22,1096.85,3072.0,1895.93,0.8672,traffic sign,True,True,472.6,mtsd-p12
SAM 3.1,traffic sign,grp2_d201b393-MP_0004.jpg,E:\2. UM-Student\MSC Dissertation\Urban-Vision-Benchmark\Datasets\MTSD\Prepared\MTSD-Unaugmented\MTSD-YOLO\test\images\grp2_d201b393-MP_0004.jpg,714.98,1773.33,958.66,1984.9,0.5898,traffic sign,True,True,472.6,mtsd-p12
SAM 3.1,traffic sign,grp2_d201b393-MP_0004.jpg,E:\2. UM-Student\MSC Dissertation\Urban-Vision-Benchmark\Datasets\MTSD\Prepared\MTSD-Unaugmented\MTSD-YOLO\test\images\grp2_d201b393-MP_0004.jpg,514.28,2345.77,551.56,2390.52,0.75,traffic sign,True,True,472.6,mtsd-p12
SAM 3.1,traffic sign,grp2_d201b393-MP_0004.jpg,E:\2. UM-Student\MSC Dissertation\Urban-Vision-Benchmark\Datasets\MTSD\Prepared\MTSD-Unaugmented\MTSD-YOLO\test\images\grp2_d201b393-MP_0004.jpg,553.96,2358.39,588.98,2396.69,0.5195,traffic sign,True,True,472.6,mtsd-p12
SAM 3.1,traffic sign,grp2_d201b393-MP_0004.jpg,E:\2. UM-Student\MSC Dissertation\Urban-Vision-Benchmark\Datasets\MTSD\Prepared\MTSD-Unaugmented\MTSD-YOLO\test\images\grp2_d201b393-MP_0004.jpg,886.47,1080.48,1899.16,4096.0,0.4883,traffic sign,True,True,472.6,mtsd-p12
SAM 3.1,traffic sign,grp2_d201b393-MP_0004.jpg,E:\2. UM-Student\MSC Dissertation\Urban-Vision-Benchmark\Datasets\MTSD\Prepared\MTSD-Unaugmented\MTSD-YOLO\test\images\grp2_d201b393-MP_0004.jpg,889.83,1084.27,1893.78,2065.27,0.9102,traffic sign,True,True,472.6,mtsd-p12
SAM 3.1,traffic sign,grp2_d3fe8c38-MP_0046.jpg,E:\2. UM-Student\MSC Dissertation\Urban-Vision-Benchmark\Datasets\MTSD\Prepared\MTSD-Unaugmented\MTSD-YOLO\test\images\grp2_d3fe8c38-MP_0046.jpg,959.14,344.48,1856.62,4024.12,0.3574,traffic sign,True,True,243.0,mtsd-p12
SAM 3.1,traffic sign,grp2_d3fe8c38-MP_0046.jpg,E:\2. UM-Student\MSC Dissertation\Urban-Vision-Benchmark\Datasets\MTSD\Prepared\MTSD-Unaugmented\MTSD-YOLO\test\images\grp2_d3fe8c38-MP_0046.jpg,959.95,339.27,1854.83,1287.98,0.6055,traffic sign,True,True,243.0,mtsd-p12
SAM 3.1,traffic sign,grp2_d71e8065-MP_0021.jpg,E:\2. UM-Student\MSC Dissertation\Urban-Vision-Benchmark\Datasets\MTSD\Prepared\MTSD-Unaugmented\MTSD-YOLO\test\images\grp2_d71e8065-MP_0021.jpg,2947.4,1946.58,3068.07,2055.69,0.7344,traffic sign,True,True,950.3,mtsd-p12
SAM 3.1,traffic sign,grp2_d71e8065-MP_0021.jpg,E:\2. UM-Student\MSC Dissertation\Urban-Vision-Benchmark\Datasets\MTSD\Prepared\MTSD-Unaugmented\MTSD-YOLO\test\images\grp2_d71e8065-MP_0021.jpg,1080.27,2168.85,1154.33,2359.76,0.3379,traffic sign,True,True,950.3,mtsd-p12
SAM 3.1,traffic sign,grp2_d71e8065-MP_0021.jpg,E:\2. UM-Student\MSC Dissertation\Urban-Vision-Benchmark\Datasets\MTSD\Prepared\MTSD-Unaugmented\MTSD-YOLO\test\images\grp2_d71e8065-MP_0021.jpg,2951.43,1948.48,3071.23,2267.71,0.3945,traffic sign,True,True,950.3,mtsd-p12
SAM 3.1,traffic sign,grp2_d71e8065-MP_0021.jpg,E:\2. UM-Student\MSC Dissertation\Urban-Vision-Benchmark\Datasets\MTSD\Prepared\MTSD-Unaugmented\MTSD-YOLO\test\images\grp2_d71e8065-MP_0021.jpg,0.0,2228.52,34.55,2318.66,0.6719,traffic sign,True,True,950.3,mtsd-p12
SAM 3.1,traffic sign,grp2_d71e8065-MP_0021.jpg,E:\2. UM-Student\MSC Dissertation\Urban-Vision-Benchmark\Datasets\MTSD\Prepared\MTSD-Unaugmented\MTSD-YOLO\test\images\grp2_d71e8065-MP_0021.jpg,449.22,2333.37,484.94,2386.81,0.5469,traffic sign,True,True,950.3,mtsd-p12
SAM 3.1,traffic sign,grp2_d71e8065-MP_0021.jpg,E:\2. UM-Student\MSC Dissertation\Urban-Vision-Benchmark\Datasets\MTSD\Prepared\MTSD-Unaugmented\MTSD-YOLO\test\images\grp2_d71e8065-MP_0021.jpg,2868.34,2044.92,2934.69,2286.42,0.4316,traffic sign,True,True,950.3,mtsd-p12
SAM 3.1,traffic sign,grp2_d71e8065-MP_0021.jpg,E:\2. UM-Student\MSC Dissertation\Urban-Vision-Benchmark\Datasets\MTSD\Prepared\MTSD-Unaugmented\MTSD-YOLO\test\images\grp2_d71e8065-MP_0021.jpg,2969.97,2060.8,3068.4,2152.92,0.7734,traffic sign,True,True,950.3,mtsd-p12
SAM 3.1,traffic sign,grp2_d71e8065-MP_0021.jpg,E:\2. UM-Student\MSC Dissertation\Urban-Vision-Benchmark\Datasets\MTSD\Prepared\MTSD-Unaugmented\MTSD-YOLO\test\images\grp2_d71e8065-MP_0021.jpg,1339.83,2174.4,1377.78,2268.58,0.6602,traffic sign,True,True,950.3,mtsd-p12
SAM 3.1,traffic sign,grp2_d71e8065-MP_0021.jpg,E:\2. UM-Student\MSC Dissertation\Urban-Vision-Benchmark\Datasets\MTSD\Prepared\MTSD-Unaugmented\MTSD-YOLO\test\images\grp2_d71e8065-MP_0021.jpg,38.14,2366.85,141.47,2467.31,0.7578,traffic sign,True,True,950.3,mtsd-p12
SAM 3.1,traffic sign,grp2_d71e8065-MP_0021.jpg,E:\2. UM-Student\MSC Dissertation\Urban-Vision-Benchmark\Datasets\MTSD\Prepared\MTSD-Unaugmented\MTSD-YOLO\test\images\grp2_d71e8065-MP_0021.jpg,845.27,1120.07,1817.94,1564.75,0.7656,traffic sign,True,True,950.3,mtsd-p12
SAM 3.1,traffic sign,grp2_d71e8065-MP_0021.jpg,E:\2. UM-Student\MSC Dissertation\Urban-Vision-Benchmark\Datasets\MTSD\Prepared\MTSD-Unaugmented\MTSD-YOLO\test\images\grp2_d71e8065-MP_0021.jpg,1079.75,2165.13,1153.68,2238.18,0.6133,traffic sign,True,True,950.3,mtsd-p12
SAM 3.1,traffic sign,grp2_d71e8065-MP_0021.jpg,E:\2. UM-Student\MSC Dissertation\Urban-Vision-Benchmark\Datasets\MTSD\Prepared\MTSD-Unaugmented\MTSD-YOLO\test\images\grp2_d71e8065-MP_0021.jpg,818.7,238.51,1819.14,1243.48,0.793,traffic sign,True,True,950.3,mtsd-p12
SAM 3.1,traffic sign,grp2_d71e8065-MP_0021.jpg,E:\2. UM-Student\MSC Dissertation\Urban-Vision-Benchmark\Datasets\MTSD\Prepared\MTSD-Unaugmented\MTSD-YOLO\test\images\grp2_d71e8065-MP_0021.jpg,678.56,2278.03,704.53,2314.76,0.4336,traffic sign,True,True,950.3,mtsd-p12
SAM 3.1,traffic sign,grp2_d71e8065-MP_0021.jpg,E:\2. UM-Student\MSC Dissertation\Urban-Vision-Benchmark\Datasets\MTSD\Prepared\MTSD-Unaugmented\MTSD-YOLO\test\images\grp2_d71e8065-MP_0021.jpg,2331.29,1753.56,2512.48,2584.07,0.4355,traffic sign,True,True,950.3,mtsd-p12
SAM 3.1,traffic sign,grp2_d71e8065-MP_0021.jpg,E:\2. UM-Student\MSC Dissertation\Urban-Vision-Benchmark\Datasets\MTSD\Prepared\MTSD-Unaugmented\MTSD-YOLO\test\images\grp2_d71e8065-MP_0021.jpg,821.21,233.33,1860.13,4062.59,0.4355,traffic sign,True,True,950.3,mtsd-p12
SAM 3.1,traffic sign,grp2_d71e8065-MP_0021.jpg,E:\2. UM-Student\MSC Dissertation\Urban-Vision-Benchmark\Datasets\MTSD\Prepared\MTSD-Unaugmented\MTSD-YOLO\test\images\grp2_d71e8065-MP_0021.jpg,2607.75,2161.92,2657.71,2264.36,0.4062,traffic sign,True,True,950.3,mtsd-p12
SAM 3.1,traffic sign,grp2_d71e8065-MP_0021.jpg,E:\2. UM-Student\MSC Dissertation\Urban-Vision-Benchmark\Datasets\MTSD\Prepared\MTSD-Unaugmented\MTSD-YOLO\test\images\grp2_d71e8065-MP_0021.jpg,823.73,236.52,1822.65,1584.32,0.4414,traffic sign,True,True,950.3,mtsd-p12
SAM 3.1,traffic sign,grp2_d71e8065-MP_0021.jpg,E:\2. UM-Student\MSC Dissertation\Urban-Vision-Benchmark\Datasets\MTSD\Prepared\MTSD-Unaugmented\MTSD-YOLO\test\images\grp2_d71e8065-MP_0021.jpg,2540.77,2148.84,2593.94,2204.66,0.418,traffic sign,True,True,950.3,mtsd-p12
SAM 3.1,traffic sign,grp2_d71e8065-MP_0021.jpg,E:\2. UM-Student\MSC Dissertation\Urban-Vision-Benchmark\Datasets\MTSD\Prepared\MTSD-Unaugmented\MTSD-YOLO\test\images\grp2_d71e8065-MP_0021.jpg,239.04,2490.96,273.49,2595.56,0.3242,traffic sign,True,True,950.3,mtsd-p12
SAM 3.1,traffic sign,grp2_d71e8065-MP_0021.jpg,E:\2. UM-Student\MSC Dissertation\Urban-Vision-Benchmark\Datasets\MTSD\Prepared\MTSD-Unaugmented\MTSD-YOLO\test\images\grp2_d71e8065-MP_0021.jpg,1182.41,3973.27,1359.02,4096.0,0.4082,traffic sign,True,True,950.3,mtsd-p12
SAM 3.1,traffic sign,grp2_e074406f-IMG_20251223_115520.jpg,E:\2. UM-Student\MSC Dissertation\Urban-Vision-Benchmark\Datasets\MTSD\Prepared\MTSD-Unaugmented\MTSD-YOLO\test\images\grp2_e074406f-IMG_20251223_115520.jpg,1707.22,2874.37,1741.24,3036.48,0.3711,traffic sign,True,True,762.2,mtsd-p12
SAM 3.1,traffic sign,grp2_e074406f-IMG_20251223_115520.jpg,E:\2. UM-Student\MSC Dissertation\Urban-Vision-Benchmark\Datasets\MTSD\Prepared\MTSD-Unaugmented\MTSD-YOLO\test\images\grp2_e074406f-IMG_20251223_115520.jpg,1778.09,3236.56,1827.67,3327.84,0.3535,traffic sign,True,True,762.2,mtsd-p12
SAM 3.1,traffic sign,grp2_e074406f-IMG_20251223_115520.jpg,E:\2. UM-Student\MSC Dissertation\Urban-Vision-Benchmark\Datasets\MTSD\Prepared\MTSD-Unaugmented\MTSD-YOLO\test\images\grp2_e074406f-IMG_20251223_115520.jpg,900.56,3115.19,929.7,3144.06,0.3789,traffic sign,True,True,762.2,mtsd-p12
SAM 3.1,traffic sign,grp2_e074406f-IMG_20251223_115520.jpg,E:\2. UM-Student\MSC Dissertation\Urban-Vision-Benchmark\Datasets\MTSD\Prepared\MTSD-Unaugmented\MTSD-YOLO\test\images\grp2_e074406f-IMG_20251223_115520.jpg,806.11,3117.94,874.88,3177.3,0.6445,traffic sign,True,True,762.2,mtsd-p12
SAM 3.1,traffic sign,grp2_e074406f-IMG_20251223_115520.jpg,E:\2. UM-Student\MSC Dissertation\Urban-Vision-Benchmark\Datasets\MTSD\Prepared\MTSD-Unaugmented\MTSD-YOLO\test\images\grp2_e074406f-IMG_20251223_115520.jpg,457.66,3087.77,521.95,3146.3,0.6758,traffic sign,True,True,762.2,mtsd-p12
SAM 3.1,traffic sign,grp2_e074406f-IMG_20251223_115520.jpg,E:\2. UM-Student\MSC Dissertation\Urban-Vision-Benchmark\Datasets\MTSD\Prepared\MTSD-Unaugmented\MTSD-YOLO\test\images\grp2_e074406f-IMG_20251223_115520.jpg,1815.91,3022.0,1880.07,3128.77,0.6914,traffic sign,True,True,762.2,mtsd-p12
SAM 3.1,traffic sign,grp2_e074406f-IMG_20251223_115520.jpg,E:\2. UM-Student\MSC Dissertation\Urban-Vision-Benchmark\Datasets\MTSD\Prepared\MTSD-Unaugmented\MTSD-YOLO\test\images\grp2_e074406f-IMG_20251223_115520.jpg,1236.06,1435.03,1764.95,1966.14,0.4414,traffic sign,True,True,762.2,mtsd-p12
SAM 3.1,traffic sign,grp2_e44be02a-MP_0116.jpg,E:\2. UM-Student\MSC Dissertation\Urban-Vision-Benchmark\Datasets\MTSD\Prepared\MTSD-Unaugmented\MTSD-YOLO\test\images\grp2_e44be02a-MP_0116.jpg,,,,,,<no detections>,False,True,140.0,mtsd-p12
SAM 3.1,traffic sign,grp2_e46067a0-MP_0166.jpg,E:\2. UM-Student\MSC Dissertation\Urban-Vision-Benchmark\Datasets\MTSD\Prepared\MTSD-Unaugmented\MTSD-YOLO\test\images\grp2_e46067a0-MP_0166.jpg,,,,,,<no detections>,False,True,153.6,mtsd-p12
SAM 3.1,traffic sign,grp2_e55dea8e-MP_0157.jpg,E:\2. UM-Student\MSC Dissertation\Urban-Vision-Benchmark\Datasets\MTSD\Prepared\MTSD-Unaugmented\MTSD-YOLO\test\images\grp2_e55dea8e-MP_0157.jpg,1282.72,2025.52,2033.09,2407.41,0.8711,traffic sign,True,True,184.2,mtsd-p12
SAM 3.1,traffic sign,grp2_e55dea8e-MP_0157.jpg,E:\2. UM-Student\MSC Dissertation\Urban-Vision-Benchmark\Datasets\MTSD\Prepared\MTSD-Unaugmented\MTSD-YOLO\test\images\grp2_e55dea8e-MP_0157.jpg,1283.87,1304.09,2014.97,2021.18,0.9102,traffic sign,True,True,184.2,mtsd-p12
SAM 3.1,traffic sign,grp2_ed201818-17.back.jpg,E:\2. UM-Student\MSC Dissertation\Urban-Vision-Benchmark\Datasets\MTSD\Prepared\MTSD-Unaugmented\MTSD-YOLO\test\images\grp2_ed201818-17.back.jpg,826.0,1092.02,1369.0,1408.88,0.4258,traffic sign,True,True,217.0,mtsd-p12
SAM 3.1,traffic sign,grp2_ed201818-17.back.jpg,E:\2. UM-Student\MSC Dissertation\Urban-Vision-Benchmark\Datasets\MTSD\Prepared\MTSD-Unaugmented\MTSD-YOLO\test\images\grp2_ed201818-17.back.jpg,865.56,1513.69,1417.36,2071.56,0.9336,traffic sign,True,True,217.0,mtsd-p12
SAM 3.1,traffic sign,grp2_ed201818-17.back.jpg,E:\2. UM-Student\MSC Dissertation\Urban-Vision-Benchmark\Datasets\MTSD\Prepared\MTSD-Unaugmented\MTSD-YOLO\test\images\grp2_ed201818-17.back.jpg,708.09,834.84,1465.56,1506.45,0.9297,traffic sign,True,True,217.0,mtsd-p12
SAM 3.1,traffic sign,grp2_ee20554d-MP_0115.jpg,E:\2. UM-Student\MSC Dissertation\Urban-Vision-Benchmark\Datasets\MTSD\Prepared\MTSD-Unaugmented\MTSD-YOLO\test\images\grp2_ee20554d-MP_0115.jpg,,,,,,<no detections>,False,True,145.5,mtsd-p12
SAM 3.1,traffic sign,grp2_f082e9d0-02.side.jpg,E:\2. UM-Student\MSC Dissertation\Urban-Vision-Benchmark\Datasets\MTSD\Prepared\MTSD-Unaugmented\MTSD-YOLO\test\images\grp2_f082e9d0-02.side.jpg,,,,,,<no detections>,False,True,157.5,mtsd-p12
SAM 3.1,traffic sign,grp2_f69ebb76-IMG_20251227_110428.jpg,E:\2. UM-Student\MSC Dissertation\Urban-Vision-Benchmark\Datasets\MTSD\Prepared\MTSD-Unaugmented\MTSD-YOLO\test\images\grp2_f69ebb76-IMG_20251227_110428.jpg,272.22,1886.24,301.98,1970.91,0.3301,traffic sign,True,True,831.5,mtsd-p12
SAM 3.1,traffic sign,grp2_f69ebb76-IMG_20251227_110428.jpg,E:\2. UM-Student\MSC Dissertation\Urban-Vision-Benchmark\Datasets\MTSD\Prepared\MTSD-Unaugmented\MTSD-YOLO\test\images\grp2_f69ebb76-IMG_20251227_110428.jpg,921.37,2013.98,952.05,2048.43,0.4004,traffic sign,True,True,831.5,mtsd-p12
SAM 3.1,traffic sign,grp2_f69ebb76-IMG_20251227_110428.jpg,E:\2. UM-Student\MSC Dissertation\Urban-Vision-Benchmark\Datasets\MTSD\Prepared\MTSD-Unaugmented\MTSD-YOLO\test\images\grp2_f69ebb76-IMG_20251227_110428.jpg,1847.94,1951.63,1898.8,2022.13,0.3711,traffic sign,True,True,831.5,mtsd-p12
SAM 3.1,traffic sign,grp2_f69ebb76-IMG_20251227_110428.jpg,E:\2. UM-Student\MSC Dissertation\Urban-Vision-Benchmark\Datasets\MTSD\Prepared\MTSD-Unaugmented\MTSD-YOLO\test\images\grp2_f69ebb76-IMG_20251227_110428.jpg,271.9,1884.89,334.08,1975.15,0.3027,traffic sign,True,True,831.5,mtsd-p12
SAM 3.1,traffic sign,grp2_f69ebb76-IMG_20251227_110428.jpg,E:\2. UM-Student\MSC Dissertation\Urban-Vision-Benchmark\Datasets\MTSD\Prepared\MTSD-Unaugmented\MTSD-YOLO\test\images\grp2_f69ebb76-IMG_20251227_110428.jpg,2357.87,2221.67,2403.39,2400.97,0.3105,traffic sign,True,True,831.5,mtsd-p12
SAM 3.1,traffic sign,grp2_f69ebb76-IMG_20251227_110428.jpg,E:\2. UM-Student\MSC Dissertation\Urban-Vision-Benchmark\Datasets\MTSD\Prepared\MTSD-Unaugmented\MTSD-YOLO\test\images\grp2_f69ebb76-IMG_20251227_110428.jpg,1053.43,1388.23,1684.19,1993.66,0.5352,traffic sign,True,True,831.5,mtsd-p12
SAM 3.1,traffic sign,grp2_f69ebb76-IMG_20251227_110428.jpg,E:\2. UM-Student\MSC Dissertation\Urban-Vision-Benchmark\Datasets\MTSD\Prepared\MTSD-Unaugmented\MTSD-YOLO\test\images\grp2_f69ebb76-IMG_20251227_110428.jpg,1754.25,1933.05,1839.65,2003.69,0.3789,traffic sign,True,True,831.5,mtsd-p12
SAM 3.1,traffic sign,grp2_f6e60d8b-33.front.back.jpg,E:\2. UM-Student\MSC Dissertation\Urban-Vision-Benchmark\Datasets\MTSD\Prepared\MTSD-Unaugmented\MTSD-YOLO\test\images\grp2_f6e60d8b-33.front.back.jpg,902.02,1524.25,1357.51,1966.45,0.8672,traffic sign,True,True,208.0,mtsd-p12
SAM 3.1,traffic sign,grp3_09e3faa9-IMG_20251203_121602.jpg,E:\2. UM-Student\MSC Dissertation\Urban-Vision-Benchmark\Datasets\MTSD\Prepared\MTSD-Unaugmented\MTSD-YOLO\test\images\grp3_09e3faa9-IMG_20251203_121602.jpg,2520.81,3056.46,2548.52,3097.44,0.3652,traffic sign,True,True,242.1,mtsd-p12
SAM 3.1,traffic sign,grp3_09e3faa9-IMG_20251203_121602.jpg,E:\2. UM-Student\MSC Dissertation\Urban-Vision-Benchmark\Datasets\MTSD\Prepared\MTSD-Unaugmented\MTSD-YOLO\test\images\grp3_09e3faa9-IMG_20251203_121602.jpg,831.39,1242.09,1276.01,2695.32,0.3926,traffic sign,True,True,242.1,mtsd-p12
SAM 3.1,traffic sign,grp3_09e3faa9-IMG_20251203_121602.jpg,E:\2. UM-Student\MSC Dissertation\Urban-Vision-Benchmark\Datasets\MTSD\Prepared\MTSD-Unaugmented\MTSD-YOLO\test\images\grp3_09e3faa9-IMG_20251203_121602.jpg,1203.92,882.9,2229.75,1737.39,0.9102,traffic sign,True,True,242.1,mtsd-p12
SAM 3.1,traffic sign,grp3_13fcb840-IMG_20251203_093318.jpg,E:\2. UM-Student\MSC Dissertation\Urban-Vision-Benchmark\Datasets\MTSD\Prepared\MTSD-Unaugmented\MTSD-YOLO\test\images\grp3_13fcb840-IMG_20251203_093318.jpg,467.55,2097.96,519.99,2146.36,0.6172,traffic sign,True,True,207.3,mtsd-p12
SAM 3.1,traffic sign,grp3_13fcb840-IMG_20251203_093318.jpg,E:\2. UM-Student\MSC Dissertation\Urban-Vision-Benchmark\Datasets\MTSD\Prepared\MTSD-Unaugmented\MTSD-YOLO\test\images\grp3_13fcb840-IMG_20251203_093318.jpg,1152.49,306.16,2008.66,4080.0,0.5195,traffic sign,True,True,207.3,mtsd-p12
SAM 3.1,traffic sign,grp3_13fcb840-IMG_20251203_093318.jpg,E:\2. UM-Student\MSC Dissertation\Urban-Vision-Benchmark\Datasets\MTSD\Prepared\MTSD-Unaugmented\MTSD-YOLO\test\images\grp3_13fcb840-IMG_20251203_093318.jpg,1144.83,318.34,2011.85,1371.25,0.7383,traffic sign,True,True,207.3,mtsd-p12
SAM 3.1,traffic sign,grp3_16b18930-IMG_4415.jpeg,E:\2. UM-Student\MSC Dissertation\Urban-Vision-Benchmark\Datasets\MTSD\Prepared\MTSD-Unaugmented\MTSD-YOLO\test\images\grp3_16b18930-IMG_4415.jpeg,1307.22,1442.71,1831.25,3674.38,0.4043,traffic sign,True,True,179.6,mtsd-p12
SAM 3.1,traffic sign,grp3_16b18930-IMG_4415.jpeg,E:\2. UM-Student\MSC Dissertation\Urban-Vision-Benchmark\Datasets\MTSD\Prepared\MTSD-Unaugmented\MTSD-YOLO\test\images\grp3_16b18930-IMG_4415.jpeg,1310.87,1449.64,1831.52,1951.69,0.8867,traffic sign,True,True,179.6,mtsd-p12
SAM 3.1,traffic sign,grp3_17e38feb-20251129_115024.jpg,E:\2. UM-Student\MSC Dissertation\Urban-Vision-Benchmark\Datasets\MTSD\Prepared\MTSD-Unaugmented\MTSD-YOLO\test\images\grp3_17e38feb-20251129_115024.jpg,882.02,1697.16,1670.71,4080.0,0.4746,traffic sign,True,True,681.3,mtsd-p12
SAM 3.1,traffic sign,grp3_17e38feb-20251129_115024.jpg,E:\2. UM-Student\MSC Dissertation\Urban-Vision-Benchmark\Datasets\MTSD\Prepared\MTSD-Unaugmented\MTSD-YOLO\test\images\grp3_17e38feb-20251129_115024.jpg,2292.23,3204.21,2316.2,3238.63,0.3379,traffic sign,True,True,681.3,mtsd-p12
SAM 3.1,traffic sign,grp3_17e38feb-20251129_115024.jpg,E:\2. UM-Student\MSC Dissertation\Urban-Vision-Benchmark\Datasets\MTSD\Prepared\MTSD-Unaugmented\MTSD-YOLO\test\images\grp3_17e38feb-20251129_115024.jpg,2754.71,3113.11,2811.78,3178.92,0.8242,traffic sign,True,True,681.3,mtsd-p12
SAM 3.1,traffic sign,grp3_17e38feb-20251129_115024.jpg,E:\2. UM-Student\MSC Dissertation\Urban-Vision-Benchmark\Datasets\MTSD\Prepared\MTSD-Unaugmented\MTSD-YOLO\test\images\grp3_17e38feb-20251129_115024.jpg,1822.12,3222.6,1873.62,3287.68,0.7969,traffic sign,True,True,681.3,mtsd-p12
SAM 3.1,traffic sign,grp3_17e38feb-20251129_115024.jpg,E:\2. UM-Student\MSC Dissertation\Urban-Vision-Benchmark\Datasets\MTSD\Prepared\MTSD-Unaugmented\MTSD-YOLO\test\images\grp3_17e38feb-20251129_115024.jpg,884.28,1701.03,1668.72,2538.85,0.8945,traffic sign,True,True,681.3,mtsd-p12
SAM 3.1,traffic sign,grp3_19cc8708-IMG_20251203_095416.jpg,E:\2. UM-Student\MSC Dissertation\Urban-Vision-Benchmark\Datasets\MTSD\Prepared\MTSD-Unaugmented\MTSD-YOLO\test\images\grp3_19cc8708-IMG_20251203_095416.jpg,1155.22,1070.43,1821.89,1647.3,0.8945,traffic sign,True,True,200.2,mtsd-p12
SAM 3.1,traffic sign,grp3_22c38c39-IMG_4293.jpeg,E:\2. UM-Student\MSC Dissertation\Urban-Vision-Benchmark\Datasets\MTSD\Prepared\MTSD-Unaugmented\MTSD-YOLO\test\images\grp3_22c38c39-IMG_4293.jpeg,1320.02,1655.89,2096.53,2510.4,0.9297,traffic sign,True,True,187.8,mtsd-p12
SAM 3.1,traffic sign,grp3_22c38c39-IMG_4293.jpeg,E:\2. UM-Student\MSC Dissertation\Urban-Vision-Benchmark\Datasets\MTSD\Prepared\MTSD-Unaugmented\MTSD-YOLO\test\images\grp3_22c38c39-IMG_4293.jpeg,1848.93,1080.41,2401.21,1728.94,0.5078,traffic sign,True,True,187.8,mtsd-p12
SAM 3.1,traffic sign,grp3_25e08496-IMG_9116.jpg,E:\2. UM-Student\MSC Dissertation\Urban-Vision-Benchmark\Datasets\MTSD\Prepared\MTSD-Unaugmented\MTSD-YOLO\test\images\grp3_25e08496-IMG_9116.jpg,,,,,,<no detections>,False,True,217.3,mtsd-p12
SAM 3.1,traffic sign,grp3_2b9ed5a1-IMG_4416.jpeg,E:\2. UM-Student\MSC Dissertation\Urban-Vision-Benchmark\Datasets\MTSD\Prepared\MTSD-Unaugmented\MTSD-YOLO\test\images\grp3_2b9ed5a1-IMG_4416.jpeg,1375.7,1024.06,1989.96,4032.0,0.4707,traffic sign,True,True,210.7,mtsd-p12
SAM 3.1,traffic sign,grp3_2b9ed5a1-IMG_4416.jpeg,E:\2. UM-Student\MSC Dissertation\Urban-Vision-Benchmark\Datasets\MTSD\Prepared\MTSD-Unaugmented\MTSD-YOLO\test\images\grp3_2b9ed5a1-IMG_4416.jpeg,1375.48,1029.52,1996.62,2028.76,0.8906,traffic sign,True,True,210.7,mtsd-p12
SAM 3.1,traffic sign,grp3_3cee3d85-IMG_4285.jpeg,E:\2. UM-Student\MSC Dissertation\Urban-Vision-Benchmark\Datasets\MTSD\Prepared\MTSD-Unaugmented\MTSD-YOLO\test\images\grp3_3cee3d85-IMG_4285.jpeg,1379.24,2794.98,1520.49,2950.01,0.668,traffic sign,True,True,245.3,mtsd-p12
SAM 3.1,traffic sign,grp3_3cee3d85-IMG_4285.jpeg,E:\2. UM-Student\MSC Dissertation\Urban-Vision-Benchmark\Datasets\MTSD\Prepared\MTSD-Unaugmented\MTSD-YOLO\test\images\grp3_3cee3d85-IMG_4285.jpeg,1385.17,2907.07,1496.22,3029.3,0.8359,traffic sign,True,True,245.3,mtsd-p12
SAM 3.1,traffic sign,grp3_3cee3d85-IMG_4285.jpeg,E:\2. UM-Student\MSC Dissertation\Urban-Vision-Benchmark\Datasets\MTSD\Prepared\MTSD-Unaugmented\MTSD-YOLO\test\images\grp3_3cee3d85-IMG_4285.jpeg,1194.29,1823.12,1936.76,2549.08,0.8906,traffic sign,True,True,245.3,mtsd-p12
SAM 3.1,traffic sign,grp3_3cee3d85-IMG_4285.jpeg,E:\2. UM-Student\MSC Dissertation\Urban-Vision-Benchmark\Datasets\MTSD\Prepared\MTSD-Unaugmented\MTSD-YOLO\test\images\grp3_3cee3d85-IMG_4285.jpeg,1229.22,1299.21,1929.88,4032.0,0.3066,traffic sign,True,True,245.3,mtsd-p12
SAM 3.1,traffic sign,grp3_3cee3d85-IMG_4285.jpeg,E:\2. UM-Student\MSC Dissertation\Urban-Vision-Benchmark\Datasets\MTSD\Prepared\MTSD-Unaugmented\MTSD-YOLO\test\images\grp3_3cee3d85-IMG_4285.jpeg,1227.96,1293.75,1896.23,1870.69,0.6836,traffic sign,True,True,245.3,mtsd-p12
SAM 3.1,traffic sign,grp3_458db4bf-IMG_9314.jpg,E:\2. UM-Student\MSC Dissertation\Urban-Vision-Benchmark\Datasets\MTSD\Prepared\MTSD-Unaugmented\MTSD-YOLO\test\images\grp3_458db4bf-IMG_9314.jpg,,,,,,<no detections>,False,True,219.5,mtsd-p12
SAM 3.1,traffic sign,grp3_4d14c289-20251129_122448.jpg,E:\2. UM-Student\MSC Dissertation\Urban-Vision-Benchmark\Datasets\MTSD\Prepared\MTSD-Unaugmented\MTSD-YOLO\test\images\grp3_4d14c289-20251129_122448.jpg,1399.99,2543.98,1507.05,2688.84,0.8281,traffic sign,True,True,515.9,mtsd-p12
SAM 3.1,traffic sign,grp3_4d14c289-20251129_122448.jpg,E:\2. UM-Student\MSC Dissertation\Urban-Vision-Benchmark\Datasets\MTSD\Prepared\MTSD-Unaugmented\MTSD-YOLO\test\images\grp3_4d14c289-20251129_122448.jpg,1403.03,2729.95,1461.3,2894.14,0.3496,traffic sign,True,True,515.9,mtsd-p12
SAM 3.1,traffic sign,grp3_4d14c289-20251129_122448.jpg,E:\2. UM-Student\MSC Dissertation\Urban-Vision-Benchmark\Datasets\MTSD\Prepared\MTSD-Unaugmented\MTSD-YOLO\test\images\grp3_4d14c289-20251129_122448.jpg,1398.23,2533.09,1490.83,3473.34,0.3789,traffic sign,True,True,515.9,mtsd-p12
SAM 3.1,traffic sign,grp3_4d14c289-20251129_122448.jpg,E:\2. UM-Student\MSC Dissertation\Urban-Vision-Benchmark\Datasets\MTSD\Prepared\MTSD-Unaugmented\MTSD-YOLO\test\images\grp3_4d14c289-20251129_122448.jpg,1145.26,1074.96,1808.64,4072.25,0.3828,traffic sign,True,True,515.9,mtsd-p12
SAM 3.1,traffic sign,grp3_4d14c289-20251129_122448.jpg,E:\2. UM-Student\MSC Dissertation\Urban-Vision-Benchmark\Datasets\MTSD\Prepared\MTSD-Unaugmented\MTSD-YOLO\test\images\grp3_4d14c289-20251129_122448.jpg,1127.22,1084.99,1613.83,1927.9,0.5508,traffic sign,True,True,515.9,mtsd-p12
SAM 3.1,traffic sign,grp3_4d14c289-20251129_122448.jpg,E:\2. UM-Student\MSC Dissertation\Urban-Vision-Benchmark\Datasets\MTSD\Prepared\MTSD-Unaugmented\MTSD-YOLO\test\images\grp3_4d14c289-20251129_122448.jpg,1263.52,1927.23,1797.39,2599.35,0.7148,traffic sign,True,True,515.9,mtsd-p12
SAM 3.1,traffic sign,grp3_4d14c289-20251129_122448.jpg,E:\2. UM-Student\MSC Dissertation\Urban-Vision-Benchmark\Datasets\MTSD\Prepared\MTSD-Unaugmented\MTSD-YOLO\test\images\grp3_4d14c289-20251129_122448.jpg,1536.62,3823.03,1863.47,4080.0,0.5742,traffic sign,True,True,515.9,mtsd-p12
SAM 3.1,traffic sign,grp3_4d14c289-20251129_122448.jpg,E:\2. UM-Student\MSC Dissertation\Urban-Vision-Benchmark\Datasets\MTSD\Prepared\MTSD-Unaugmented\MTSD-YOLO\test\images\grp3_4d14c289-20251129_122448.jpg,1325.36,1153.34,1808.92,1766.45,0.8867,traffic sign,True,True,515.9,mtsd-p12
SAM 3.1,traffic sign,grp3_4daf8454-IMG_4356.jpeg,E:\2. UM-Student\MSC Dissertation\Urban-Vision-Benchmark\Datasets\MTSD\Prepared\MTSD-Unaugmented\MTSD-YOLO\test\images\grp3_4daf8454-IMG_4356.jpeg,1295.78,2982.81,1364.28,3063.8,0.832,traffic sign,True,True,723.4,mtsd-p12
SAM 3.1,traffic sign,grp3_4daf8454-IMG_4356.jpeg,E:\2. UM-Student\MSC Dissertation\Urban-Vision-Benchmark\Datasets\MTSD\Prepared\MTSD-Unaugmented\MTSD-YOLO\test\images\grp3_4daf8454-IMG_4356.jpeg,295.35,2955.99,339.67,3039.15,0.8047,traffic sign,True,True,723.4,mtsd-p12
SAM 3.1,traffic sign,grp3_4daf8454-IMG_4356.jpeg,E:\2. UM-Student\MSC Dissertation\Urban-Vision-Benchmark\Datasets\MTSD\Prepared\MTSD-Unaugmented\MTSD-YOLO\test\images\grp3_4daf8454-IMG_4356.jpeg,2187.15,3026.59,2231.5,3079.04,0.75,traffic sign,True,True,723.4,mtsd-p12
SAM 3.1,traffic sign,grp3_4daf8454-IMG_4356.jpeg,E:\2. UM-Student\MSC Dissertation\Urban-Vision-Benchmark\Datasets\MTSD\Prepared\MTSD-Unaugmented\MTSD-YOLO\test\images\grp3_4daf8454-IMG_4356.jpeg,2704.85,3024.28,2774.38,3097.97,0.4844,traffic sign,True,True,723.4,mtsd-p12
SAM 3.1,traffic sign,grp3_4daf8454-IMG_4356.jpeg,E:\2. UM-Student\MSC Dissertation\Urban-Vision-Benchmark\Datasets\MTSD\Prepared\MTSD-Unaugmented\MTSD-YOLO\test\images\grp3_4daf8454-IMG_4356.jpeg,1666.25,2967.07,1716.58,3077.04,0.6445,traffic sign,True,True,723.4,mtsd-p12
SAM 3.1,traffic sign,grp3_4daf8454-IMG_4356.jpeg,E:\2. UM-Student\MSC Dissertation\Urban-Vision-Benchmark\Datasets\MTSD\Prepared\MTSD-Unaugmented\MTSD-YOLO\test\images\grp3_4daf8454-IMG_4356.jpeg,743.22,2729.74,943.9,3662.04,0.4609,traffic sign,True,True,723.4,mtsd-p12
SAM 3.1,traffic sign,grp3_4daf8454-IMG_4356.jpeg,E:\2. UM-Student\MSC Dissertation\Urban-Vision-Benchmark\Datasets\MTSD\Prepared\MTSD-Unaugmented\MTSD-YOLO\test\images\grp3_4daf8454-IMG_4356.jpeg,752.59,2731.88,951.21,2915.29,0.7891,traffic sign,True,True,723.4,mtsd-p12
SAM 3.1,traffic sign,grp3_4daf8454-IMG_4356.jpeg,E:\2. UM-Student\MSC Dissertation\Urban-Vision-Benchmark\Datasets\MTSD\Prepared\MTSD-Unaugmented\MTSD-YOLO\test\images\grp3_4daf8454-IMG_4356.jpeg,735.76,3081.29,893.73,3246.41,0.8906,traffic sign,True,True,723.4,mtsd-p12
SAM 3.1,traffic sign,grp3_4daf8454-IMG_4356.jpeg,E:\2. UM-Student\MSC Dissertation\Urban-Vision-Benchmark\Datasets\MTSD\Prepared\MTSD-Unaugmented\MTSD-YOLO\test\images\grp3_4daf8454-IMG_4356.jpeg,754.57,2924.89,904.37,3085.56,0.8242,traffic sign,True,True,723.4,mtsd-p12
SAM 3.1,traffic sign,grp3_4daf8454-IMG_4356.jpeg,E:\2. UM-Student\MSC Dissertation\Urban-Vision-Benchmark\Datasets\MTSD\Prepared\MTSD-Unaugmented\MTSD-YOLO\test\images\grp3_4daf8454-IMG_4356.jpeg,265.1,2962.44,342.57,3377.36,0.4336,traffic sign,True,True,723.4,mtsd-p12
SAM 3.1,traffic sign,grp3_4daf8454-IMG_4356.jpeg,E:\2. UM-Student\MSC Dissertation\Urban-Vision-Benchmark\Datasets\MTSD\Prepared\MTSD-Unaugmented\MTSD-YOLO\test\images\grp3_4daf8454-IMG_4356.jpeg,1287.35,1711.22,1886.37,4032.0,0.4863,traffic sign,True,True,723.4,mtsd-p12
SAM 3.1,traffic sign,grp3_4daf8454-IMG_4356.jpeg,E:\2. UM-Student\MSC Dissertation\Urban-Vision-Benchmark\Datasets\MTSD\Prepared\MTSD-Unaugmented\MTSD-YOLO\test\images\grp3_4daf8454-IMG_4356.jpeg,1289.25,1712.84,1889.19,2306.88,0.875,traffic sign,True,True,723.4,mtsd-p12
SAM 3.1,traffic sign,grp3_4daf8454-IMG_4356.jpeg,E:\2. UM-Student\MSC Dissertation\Urban-Vision-Benchmark\Datasets\MTSD\Prepared\MTSD-Unaugmented\MTSD-YOLO\test\images\grp3_4daf8454-IMG_4356.jpeg,277.32,3301.59,328.76,3475.37,0.4707,traffic sign,True,True,723.4,mtsd-p12
SAM 3.1,traffic sign,grp3_5881a320-IMG_9141.jpg,E:\2. UM-Student\MSC Dissertation\Urban-Vision-Benchmark\Datasets\MTSD\Prepared\MTSD-Unaugmented\MTSD-YOLO\test\images\grp3_5881a320-IMG_9141.jpg,0.0,5256.51,74.72,5368.79,0.6211,traffic sign,True,True,282.3,mtsd-p12
SAM 3.1,traffic sign,grp3_5881a320-IMG_9141.jpg,E:\2. UM-Student\MSC Dissertation\Urban-Vision-Benchmark\Datasets\MTSD\Prepared\MTSD-Unaugmented\MTSD-YOLO\test\images\grp3_5881a320-IMG_9141.jpg,1545.46,2014.82,2774.0,5712.0,0.3633,traffic sign,True,True,282.3,mtsd-p12
SAM 3.1,traffic sign,grp3_5881a320-IMG_9141.jpg,E:\2. UM-Student\MSC Dissertation\Urban-Vision-Benchmark\Datasets\MTSD\Prepared\MTSD-Unaugmented\MTSD-YOLO\test\images\grp3_5881a320-IMG_9141.jpg,2082.76,3203.77,2857.12,4556.67,0.4883,traffic sign,True,True,282.3,mtsd-p12
SAM 3.1,traffic sign,grp3_5881a320-IMG_9141.jpg,E:\2. UM-Student\MSC Dissertation\Urban-Vision-Benchmark\Datasets\MTSD\Prepared\MTSD-Unaugmented\MTSD-YOLO\test\images\grp3_5881a320-IMG_9141.jpg,1526.3,1996.58,2770.44,3158.98,0.3887,traffic sign,True,True,282.3,mtsd-p12
SAM 3.1,traffic sign,grp3_5a350ee3-IMG_9144.jpg,E:\2. UM-Student\MSC Dissertation\Urban-Vision-Benchmark\Datasets\MTSD\Prepared\MTSD-Unaugmented\MTSD-YOLO\test\images\grp3_5a350ee3-IMG_9144.jpg,1763.37,3236.06,1884.72,3845.72,0.8398,traffic sign,True,True,664.3,mtsd-p12
SAM 3.1,traffic sign,grp3_5a350ee3-IMG_9144.jpg,E:\2. UM-Student\MSC Dissertation\Urban-Vision-Benchmark\Datasets\MTSD\Prepared\MTSD-Unaugmented\MTSD-YOLO\test\images\grp3_5a350ee3-IMG_9144.jpg,2904.32,3563.47,2980.86,4639.09,0.4375,traffic sign,True,True,664.3,mtsd-p12
SAM 3.1,traffic sign,grp3_5a350ee3-IMG_9144.jpg,E:\2. UM-Student\MSC Dissertation\Urban-Vision-Benchmark\Datasets\MTSD\Prepared\MTSD-Unaugmented\MTSD-YOLO\test\images\grp3_5a350ee3-IMG_9144.jpg,1790.12,2889.36,1899.66,3240.07,0.8125,traffic sign,True,True,664.3,mtsd-p12
SAM 3.1,traffic sign,grp3_5a350ee3-IMG_9144.jpg,E:\2. UM-Student\MSC Dissertation\Urban-Vision-Benchmark\Datasets\MTSD\Prepared\MTSD-Unaugmented\MTSD-YOLO\test\images\grp3_5a350ee3-IMG_9144.jpg,1556.06,1910.96,2601.86,5712.0,0.334,traffic sign,True,True,664.3,mtsd-p12
SAM 3.1,traffic sign,grp3_5a350ee3-IMG_9144.jpg,E:\2. UM-Student\MSC Dissertation\Urban-Vision-Benchmark\Datasets\MTSD\Prepared\MTSD-Unaugmented\MTSD-YOLO\test\images\grp3_5a350ee3-IMG_9144.jpg,1526.65,1915.57,2598.48,2916.65,0.8984,traffic sign,True,True,664.3,mtsd-p12
SAM 3.1,traffic sign,grp3_5a350ee3-IMG_9144.jpg,E:\2. UM-Student\MSC Dissertation\Urban-Vision-Benchmark\Datasets\MTSD\Prepared\MTSD-Unaugmented\MTSD-YOLO\test\images\grp3_5a350ee3-IMG_9144.jpg,2911.14,3568.0,2960.81,3795.25,0.5664,traffic sign,True,True,664.3,mtsd-p12
SAM 3.1,traffic sign,grp3_5a5ec99c-IMG_4369.jpeg,E:\2. UM-Student\MSC Dissertation\Urban-Vision-Benchmark\Datasets\MTSD\Prepared\MTSD-Unaugmented\MTSD-YOLO\test\images\grp3_5a5ec99c-IMG_4369.jpeg,1126.74,1321.92,2112.67,4032.0,0.377,traffic sign,True,True,218.0,mtsd-p12
SAM 3.1,traffic sign,grp3_5a5ec99c-IMG_4369.jpeg,E:\2. UM-Student\MSC Dissertation\Urban-Vision-Benchmark\Datasets\MTSD\Prepared\MTSD-Unaugmented\MTSD-YOLO\test\images\grp3_5a5ec99c-IMG_4369.jpeg,1260.77,2893.06,1388.96,3058.57,0.7891,traffic sign,True,True,218.0,mtsd-p12
SAM 3.1,traffic sign,grp3_5a5ec99c-IMG_4369.jpeg,E:\2. UM-Student\MSC Dissertation\Urban-Vision-Benchmark\Datasets\MTSD\Prepared\MTSD-Unaugmented\MTSD-YOLO\test\images\grp3_5a5ec99c-IMG_4369.jpeg,1127.55,1335.2,2108.15,2245.37,0.8984,traffic sign,True,True,218.0,mtsd-p12
SAM 3.1,traffic sign,grp3_5a849df3-20251129_113801.jpg,E:\2. UM-Student\MSC Dissertation\Urban-Vision-Benchmark\Datasets\MTSD\Prepared\MTSD-Unaugmented\MTSD-YOLO\test\images\grp3_5a849df3-20251129_113801.jpg,2575.94,2580.36,2634.84,2655.59,0.7656,traffic sign,True,True,530.2,mtsd-p12
SAM 3.1,traffic sign,grp3_5a849df3-20251129_113801.jpg,E:\2. UM-Student\MSC Dissertation\Urban-Vision-Benchmark\Datasets\MTSD\Prepared\MTSD-Unaugmented\MTSD-YOLO\test\images\grp3_5a849df3-20251129_113801.jpg,1122.67,724.17,1828.41,4080.0,0.4062,traffic sign,True,True,530.2,mtsd-p12
SAM 3.1,traffic sign,grp3_5a849df3-20251129_113801.jpg,E:\2. UM-Student\MSC Dissertation\Urban-Vision-Benchmark\Datasets\MTSD\Prepared\MTSD-Unaugmented\MTSD-YOLO\test\images\grp3_5a849df3-20251129_113801.jpg,1189.01,1460.25,1777.44,2018.7,0.9102,traffic sign,True,True,530.2,mtsd-p12
SAM 3.1,traffic sign,grp3_5a849df3-20251129_113801.jpg,E:\2. UM-Student\MSC Dissertation\Urban-Vision-Benchmark\Datasets\MTSD\Prepared\MTSD-Unaugmented\MTSD-YOLO\test\images\grp3_5a849df3-20251129_113801.jpg,2146.8,2582.25,2231.03,2977.89,0.4043,traffic sign,True,True,530.2,mtsd-p12
SAM 3.1,traffic sign,grp3_5a849df3-20251129_113801.jpg,E:\2. UM-Student\MSC Dissertation\Urban-Vision-Benchmark\Datasets\MTSD\Prepared\MTSD-Unaugmented\MTSD-YOLO\test\images\grp3_5a849df3-20251129_113801.jpg,1100.23,724.42,1831.38,1450.56,0.9141,traffic sign,True,True,530.2,mtsd-p12
SAM 3.1,traffic sign,grp3_5a849df3-20251129_113801.jpg,E:\2. UM-Student\MSC Dissertation\Urban-Vision-Benchmark\Datasets\MTSD\Prepared\MTSD-Unaugmented\MTSD-YOLO\test\images\grp3_5a849df3-20251129_113801.jpg,2164.95,2666.71,2213.48,2733.03,0.5703,traffic sign,True,True,530.2,mtsd-p12
SAM 3.1,traffic sign,grp3_5a849df3-20251129_113801.jpg,E:\2. UM-Student\MSC Dissertation\Urban-Vision-Benchmark\Datasets\MTSD\Prepared\MTSD-Unaugmented\MTSD-YOLO\test\images\grp3_5a849df3-20251129_113801.jpg,2148.27,2585.27,2197.58,2669.47,0.5234,traffic sign,True,True,530.2,mtsd-p12
SAM 3.1,traffic sign,grp3_5e7ebbc1-IMG_4337.jpeg,E:\2. UM-Student\MSC Dissertation\Urban-Vision-Benchmark\Datasets\MTSD\Prepared\MTSD-Unaugmented\MTSD-YOLO\test\images\grp3_5e7ebbc1-IMG_4337.jpeg,2098.93,1467.62,2659.65,1680.44,0.9219,traffic sign,True,True,224.9,mtsd-p12
SAM 3.1,traffic sign,grp3_5e7ebbc1-IMG_4337.jpeg,E:\2. UM-Student\MSC Dissertation\Urban-Vision-Benchmark\Datasets\MTSD\Prepared\MTSD-Unaugmented\MTSD-YOLO\test\images\grp3_5e7ebbc1-IMG_4337.jpeg,1583.11,1469.94,2137.66,1697.6,0.9258,traffic sign,True,True,224.9,mtsd-p12
SAM 3.1,traffic sign,grp3_5e84f6fa-20251129_114532.jpg,E:\2. UM-Student\MSC Dissertation\Urban-Vision-Benchmark\Datasets\MTSD\Prepared\MTSD-Unaugmented\MTSD-YOLO\test\images\grp3_5e84f6fa-20251129_114532.jpg,2903.86,2768.75,2947.64,2812.27,0.7734,traffic sign,True,True,202.5,mtsd-p12
SAM 3.1,traffic sign,grp3_5e84f6fa-20251129_114532.jpg,E:\2. UM-Student\MSC Dissertation\Urban-Vision-Benchmark\Datasets\MTSD\Prepared\MTSD-Unaugmented\MTSD-YOLO\test\images\grp3_5e84f6fa-20251129_114532.jpg,778.96,1256.4,1845.44,4080.0,0.3926,traffic sign,True,True,202.5,mtsd-p12
SAM 3.1,traffic sign,grp3_5e84f6fa-20251129_114532.jpg,E:\2. UM-Student\MSC Dissertation\Urban-Vision-Benchmark\Datasets\MTSD\Prepared\MTSD-Unaugmented\MTSD-YOLO\test\images\grp3_5e84f6fa-20251129_114532.jpg,781.17,1262.74,1842.33,2247.58,0.9141,traffic sign,True,True,202.5,mtsd-p12
SAM 3.1,traffic sign,grp3_62bcab50-IMG_20251203_121207.jpg,E:\2. UM-Student\MSC Dissertation\Urban-Vision-Benchmark\Datasets\MTSD\Prepared\MTSD-Unaugmented\MTSD-YOLO\test\images\grp3_62bcab50-IMG_20251203_121207.jpg,1057.0,464.77,2238.09,4078.66,0.3223,traffic sign,True,True,227.3,mtsd-p12
SAM 3.1,traffic sign,grp3_62bcab50-IMG_20251203_121207.jpg,E:\2. UM-Student\MSC Dissertation\Urban-Vision-Benchmark\Datasets\MTSD\Prepared\MTSD-Unaugmented\MTSD-YOLO\test\images\grp3_62bcab50-IMG_20251203_121207.jpg,1055.38,494.47,2223.53,1698.87,0.6367,traffic sign,True,True,227.3,mtsd-p12
SAM 3.1,traffic sign,grp3_64c9c943-IMG_20251203_121935.jpg,E:\2. UM-Student\MSC Dissertation\Urban-Vision-Benchmark\Datasets\MTSD\Prepared\MTSD-Unaugmented\MTSD-YOLO\test\images\grp3_64c9c943-IMG_20251203_121935.jpg,1306.16,497.12,1896.7,3591.31,0.3398,traffic sign,True,True,182.8,mtsd-p12
SAM 3.1,traffic sign,grp3_64c9c943-IMG_20251203_121935.jpg,E:\2. UM-Student\MSC Dissertation\Urban-Vision-Benchmark\Datasets\MTSD\Prepared\MTSD-Unaugmented\MTSD-YOLO\test\images\grp3_64c9c943-IMG_20251203_121935.jpg,1928.02,2483.72,1994.58,2583.53,0.4121,traffic sign,True,True,182.8,mtsd-p12
SAM 3.1,traffic sign,grp3_64c9c943-IMG_20251203_121935.jpg,E:\2. UM-Student\MSC Dissertation\Urban-Vision-Benchmark\Datasets\MTSD\Prepared\MTSD-Unaugmented\MTSD-YOLO\test\images\grp3_64c9c943-IMG_20251203_121935.jpg,1332.89,1225.46,1892.33,1988.86,0.5508,traffic sign,True,True,182.8,mtsd-p12
SAM 3.1,traffic sign,grp3_64c9c943-IMG_20251203_121935.jpg,E:\2. UM-Student\MSC Dissertation\Urban-Vision-Benchmark\Datasets\MTSD\Prepared\MTSD-Unaugmented\MTSD-YOLO\test\images\grp3_64c9c943-IMG_20251203_121935.jpg,1309.74,494.48,1895.24,1243.24,0.5508,traffic sign,True,True,182.8,mtsd-p12
SAM 3.1,traffic sign,grp3_66257b80-IMG_9242.jpg,E:\2. UM-Student\MSC Dissertation\Urban-Vision-Benchmark\Datasets\MTSD\Prepared\MTSD-Unaugmented\MTSD-YOLO\test\images\grp3_66257b80-IMG_9242.jpg,2029.22,590.23,2520.94,5688.04,0.3086,traffic sign,True,True,794.3,mtsd-p12
SAM 3.1,traffic sign,grp3_66257b80-IMG_9242.jpg,E:\2. UM-Student\MSC Dissertation\Urban-Vision-Benchmark\Datasets\MTSD\Prepared\MTSD-Unaugmented\MTSD-YOLO\test\images\grp3_66257b80-IMG_9242.jpg,2023.49,585.94,2493.59,1907.39,0.8047,traffic sign,True,True,794.3,mtsd-p12
SAM 3.1,traffic sign,grp3_6a5c994c-IMG_9361.jpg,E:\2. UM-Student\MSC Dissertation\Urban-Vision-Benchmark\Datasets\MTSD\Prepared\MTSD-Unaugmented\MTSD-YOLO\test\images\grp3_6a5c994c-IMG_9361.jpg,1613.56,3877.83,2735.8,4982.65,0.9219,traffic sign,True,True,703.9,mtsd-p12
SAM 3.1,traffic sign,grp3_6a5c994c-IMG_9361.jpg,E:\2. UM-Student\MSC Dissertation\Urban-Vision-Benchmark\Datasets\MTSD\Prepared\MTSD-Unaugmented\MTSD-YOLO\test\images\grp3_6a5c994c-IMG_9361.jpg,1918.44,2636.82,2423.24,3969.02,0.9102,traffic sign,True,True,703.9,mtsd-p12
SAM 3.1,traffic sign,grp3_6a5c994c-IMG_9361.jpg,E:\2. UM-Student\MSC Dissertation\Urban-Vision-Benchmark\Datasets\MTSD\Prepared\MTSD-Unaugmented\MTSD-YOLO\test\images\grp3_6a5c994c-IMG_9361.jpg,1832.77,1148.14,2523.26,2736.66,0.9258,traffic sign,True,True,703.9,mtsd-p12
SAM 3.1,traffic sign,grp3_6a5c994c-IMG_9361.jpg,E:\2. UM-Student\MSC Dissertation\Urban-Vision-Benchmark\Datasets\MTSD\Prepared\MTSD-Unaugmented\MTSD-YOLO\test\images\grp3_6a5c994c-IMG_9361.jpg,2526.5,3210.6,2682.66,3609.22,0.3027,traffic sign,True,True,703.9,mtsd-p12
SAM 3.1,traffic sign,grp3_729363da-IMG_4319.jpeg,E:\2. UM-Student\MSC Dissertation\Urban-Vision-Benchmark\Datasets\MTSD\Prepared\MTSD-Unaugmented\MTSD-YOLO\test\images\grp3_729363da-IMG_4319.jpeg,1383.51,1505.22,1982.94,4032.0,0.5586,traffic sign,True,True,203.8,mtsd-p12
SAM 3.1,traffic sign,grp3_729363da-IMG_4319.jpeg,E:\2. UM-Student\MSC Dissertation\Urban-Vision-Benchmark\Datasets\MTSD\Prepared\MTSD-Unaugmented\MTSD-YOLO\test\images\grp3_729363da-IMG_4319.jpeg,1385.16,1509.55,1980.23,2157.57,0.8555,traffic sign,True,True,203.8,mtsd-p12
SAM 3.1,traffic sign,grp3_72ce7bb8-IMG_20251203_121930.jpg,E:\2. UM-Student\MSC Dissertation\Urban-Vision-Benchmark\Datasets\MTSD\Prepared\MTSD-Unaugmented\MTSD-YOLO\test\images\grp3_72ce7bb8-IMG_20251203_121930.jpg,1333.47,296.12,1917.96,4080.0,0.3594,traffic sign,True,True,234.4,mtsd-p12
SAM 3.1,traffic sign,grp3_72ce7bb8-IMG_20251203_121930.jpg,E:\2. UM-Student\MSC Dissertation\Urban-Vision-Benchmark\Datasets\MTSD\Prepared\MTSD-Unaugmented\MTSD-YOLO\test\images\grp3_72ce7bb8-IMG_20251203_121930.jpg,1344.12,922.94,1923.74,1590.94,0.9453,traffic sign,True,True,234.4,mtsd-p12
SAM 3.1,traffic sign,grp3_72ce7bb8-IMG_20251203_121930.jpg,E:\2. UM-Student\MSC Dissertation\Urban-Vision-Benchmark\Datasets\MTSD\Prepared\MTSD-Unaugmented\MTSD-YOLO\test\images\grp3_72ce7bb8-IMG_20251203_121930.jpg,1344.38,290.39,1873.72,939.36,0.9492,traffic sign,True,True,234.4,mtsd-p12
SAM 3.1,traffic sign,grp3_733addec-IMG_9083.jpg,E:\2. UM-Student\MSC Dissertation\Urban-Vision-Benchmark\Datasets\MTSD\Prepared\MTSD-Unaugmented\MTSD-YOLO\test\images\grp3_733addec-IMG_9083.jpg,1653.18,1754.93,2761.53,2937.29,0.3066,traffic sign,True,True,217.8,mtsd-p12
SAM 3.1,traffic sign,grp3_76fb906e-20251129_122552.jpg,E:\2. UM-Student\MSC Dissertation\Urban-Vision-Benchmark\Datasets\MTSD\Prepared\MTSD-Unaugmented\MTSD-YOLO\test\images\grp3_76fb906e-20251129_122552.jpg,779.98,1878.18,1964.83,3112.95,0.8125,traffic sign,True,True,247.6,mtsd-p12
SAM 3.1,traffic sign,grp3_76fb906e-20251129_122552.jpg,E:\2. UM-Student\MSC Dissertation\Urban-Vision-Benchmark\Datasets\MTSD\Prepared\MTSD-Unaugmented\MTSD-YOLO\test\images\grp3_76fb906e-20251129_122552.jpg,560.6,559.95,1971.44,4079.72,0.5195,traffic sign,True,True,247.6,mtsd-p12
SAM 3.1,traffic sign,grp3_76fb906e-20251129_122552.jpg,E:\2. UM-Student\MSC Dissertation\Urban-Vision-Benchmark\Datasets\MTSD\Prepared\MTSD-Unaugmented\MTSD-YOLO\test\images\grp3_76fb906e-20251129_122552.jpg,557.93,556.36,1970.78,1861.14,0.8398,traffic sign,True,True,247.6,mtsd-p12
SAM 3.1,traffic sign,grp3_76fb906e-20251129_122552.jpg,E:\2. UM-Student\MSC Dissertation\Urban-Vision-Benchmark\Datasets\MTSD\Prepared\MTSD-Unaugmented\MTSD-YOLO\test\images\grp3_76fb906e-20251129_122552.jpg,2100.02,2636.82,2186.36,2743.22,0.6016,traffic sign,True,True,247.6,mtsd-p12
SAM 3.1,traffic sign,grp3_7b58307a-IMG_20251203_094229.jpg,E:\2. UM-Student\MSC Dissertation\Urban-Vision-Benchmark\Datasets\MTSD\Prepared\MTSD-Unaugmented\MTSD-YOLO\test\images\grp3_7b58307a-IMG_20251203_094229.jpg,1093.48,291.68,2251.11,4080.0,0.4434,traffic sign,True,True,180.7,mtsd-p12
SAM 3.1,traffic sign,grp3_7b58307a-IMG_20251203_094229.jpg,E:\2. UM-Student\MSC Dissertation\Urban-Vision-Benchmark\Datasets\MTSD\Prepared\MTSD-Unaugmented\MTSD-YOLO\test\images\grp3_7b58307a-IMG_20251203_094229.jpg,1092.41,339.07,2253.11,1513.29,0.5938,traffic sign,True,True,180.7,mtsd-p12
SAM 3.1,traffic sign,grp3_81a84d18-IMG_9109.jpg,E:\2. UM-Student\MSC Dissertation\Urban-Vision-Benchmark\Datasets\MTSD\Prepared\MTSD-Unaugmented\MTSD-YOLO\test\images\grp3_81a84d18-IMG_9109.jpg,1613.6,1357.75,2870.79,2585.43,0.7852,traffic sign,True,True,552.6,mtsd-p12
SAM 3.1,traffic sign,grp3_81a84d18-IMG_9109.jpg,E:\2. UM-Student\MSC Dissertation\Urban-Vision-Benchmark\Datasets\MTSD\Prepared\MTSD-Unaugmented\MTSD-YOLO\test\images\grp3_81a84d18-IMG_9109.jpg,1811.26,392.04,2882.16,5712.0,0.3633,traffic sign,True,True,552.6,mtsd-p12
SAM 3.1,traffic sign,grp3_81a84d18-IMG_9109.jpg,E:\2. UM-Student\MSC Dissertation\Urban-Vision-Benchmark\Datasets\MTSD\Prepared\MTSD-Unaugmented\MTSD-YOLO\test\images\grp3_81a84d18-IMG_9109.jpg,1938.62,406.0,2324.04,1380.8,0.75,traffic sign,True,True,552.6,mtsd-p12
SAM 3.1,traffic sign,grp3_874592da-20251129_122245.jpg,E:\2. UM-Student\MSC Dissertation\Urban-Vision-Benchmark\Datasets\MTSD\Prepared\MTSD-Unaugmented\MTSD-YOLO\test\images\grp3_874592da-20251129_122245.jpg,1019.13,1966.81,1871.34,2805.86,0.8008,traffic sign,True,True,216.0,mtsd-p12
SAM 3.1,traffic sign,grp3_874592da-20251129_122245.jpg,E:\2. UM-Student\MSC Dissertation\Urban-Vision-Benchmark\Datasets\MTSD\Prepared\MTSD-Unaugmented\MTSD-YOLO\test\images\grp3_874592da-20251129_122245.jpg,1028.54,1276.18,1849.46,4080.0,0.4727,traffic sign,True,True,216.0,mtsd-p12
SAM 3.1,traffic sign,grp3_874592da-20251129_122245.jpg,E:\2. UM-Student\MSC Dissertation\Urban-Vision-Benchmark\Datasets\MTSD\Prepared\MTSD-Unaugmented\MTSD-YOLO\test\images\grp3_874592da-20251129_122245.jpg,1048.98,1270.15,1834.63,1966.26,0.8203,traffic sign,True,True,216.0,mtsd-p12
SAM 3.1,traffic sign,grp3_87ee400a-IMG_9122.jpg,E:\2. UM-Student\MSC Dissertation\Urban-Vision-Benchmark\Datasets\MTSD\Prepared\MTSD-Unaugmented\MTSD-YOLO\test\images\grp3_87ee400a-IMG_9122.jpg,1932.6,1324.84,2252.94,5703.68,0.3438,traffic sign,True,True,290.4,mtsd-p12
SAM 3.1,traffic sign,grp3_87ee400a-IMG_9122.jpg,E:\2. UM-Student\MSC Dissertation\Urban-Vision-Benchmark\Datasets\MTSD\Prepared\MTSD-Unaugmented\MTSD-YOLO\test\images\grp3_87ee400a-IMG_9122.jpg,1933.51,1325.03,2249.83,2680.41,0.8672,traffic sign,True,True,290.4,mtsd-p12
SAM 3.1,traffic sign,grp3_8c6aa47e-IMG_20251203_121607.jpg,E:\2. UM-Student\MSC Dissertation\Urban-Vision-Benchmark\Datasets\MTSD\Prepared\MTSD-Unaugmented\MTSD-YOLO\test\images\grp3_8c6aa47e-IMG_20251203_121607.jpg,568.54,1466.42,1648.58,2592.22,0.5117,traffic sign,True,True,212.3,mtsd-p12
SAM 3.1,traffic sign,grp3_8c6aa47e-IMG_20251203_121607.jpg,E:\2. UM-Student\MSC Dissertation\Urban-Vision-Benchmark\Datasets\MTSD\Prepared\MTSD-Unaugmented\MTSD-YOLO\test\images\grp3_8c6aa47e-IMG_20251203_121607.jpg,671.67,2233.7,898.1,2421.77,0.3164,traffic sign,True,True,212.3,mtsd-p12
SAM 3.1,traffic sign,grp3_8c6aa47e-IMG_20251203_121607.jpg,E:\2. UM-Student\MSC Dissertation\Urban-Vision-Benchmark\Datasets\MTSD\Prepared\MTSD-Unaugmented\MTSD-YOLO\test\images\grp3_8c6aa47e-IMG_20251203_121607.jpg,1162.04,431.89,1706.85,1580.72,0.8906,traffic sign,True,True,212.3,mtsd-p12
SAM 3.1,traffic sign,grp3_8d66655f-IMG_4305.jpeg,E:\2. UM-Student\MSC Dissertation\Urban-Vision-Benchmark\Datasets\MTSD\Prepared\MTSD-Unaugmented\MTSD-YOLO\test\images\grp3_8d66655f-IMG_4305.jpeg,1494.97,1795.01,1817.79,2439.54,0.5625,traffic sign,True,True,505.6,mtsd-p12
SAM 3.1,traffic sign,grp3_8d66655f-IMG_4305.jpeg,E:\2. UM-Student\MSC Dissertation\Urban-Vision-Benchmark\Datasets\MTSD\Prepared\MTSD-Unaugmented\MTSD-YOLO\test\images\grp3_8d66655f-IMG_4305.jpeg,2478.64,2484.22,2575.09,2575.61,0.4961,traffic sign,True,True,505.6,mtsd-p12
SAM 3.1,traffic sign,grp3_8d66655f-IMG_4305.jpeg,E:\2. UM-Student\MSC Dissertation\Urban-Vision-Benchmark\Datasets\MTSD\Prepared\MTSD-Unaugmented\MTSD-YOLO\test\images\grp3_8d66655f-IMG_4305.jpeg,1917.19,2581.16,1957.09,2653.72,0.4102,traffic sign,True,True,505.6,mtsd-p12
SAM 3.1,traffic sign,grp3_8d66655f-IMG_4305.jpeg,E:\2. UM-Student\MSC Dissertation\Urban-Vision-Benchmark\Datasets\MTSD\Prepared\MTSD-Unaugmented\MTSD-YOLO\test\images\grp3_8d66655f-IMG_4305.jpeg,2529.2,2567.76,2585.81,2632.55,0.3281,traffic sign,True,True,505.6,mtsd-p12
SAM 3.1,traffic sign,grp3_8d66655f-IMG_4305.jpeg,E:\2. UM-Student\MSC Dissertation\Urban-Vision-Benchmark\Datasets\MTSD\Prepared\MTSD-Unaugmented\MTSD-YOLO\test\images\grp3_8d66655f-IMG_4305.jpeg,1436.96,1299.88,1951.6,4032.0,0.3555,traffic sign,True,True,505.6,mtsd-p12
SAM 3.1,traffic sign,grp3_8d66655f-IMG_4305.jpeg,E:\2. UM-Student\MSC Dissertation\Urban-Vision-Benchmark\Datasets\MTSD\Prepared\MTSD-Unaugmented\MTSD-YOLO\test\images\grp3_8d66655f-IMG_4305.jpeg,1425.6,1305.52,1952.4,1865.7,0.6445,traffic sign,True,True,505.6,mtsd-p12
SAM 3.1,traffic sign,grp3_8d66655f-IMG_4305.jpeg,E:\2. UM-Student\MSC Dissertation\Urban-Vision-Benchmark\Datasets\MTSD\Prepared\MTSD-Unaugmented\MTSD-YOLO\test\images\grp3_8d66655f-IMG_4305.jpeg,2416.63,2508.79,2483.56,2569.91,0.4395,traffic sign,True,True,505.6,mtsd-p12
SAM 3.1,traffic sign,grp3_913cab50-IMG_20251204_094538.jpg,E:\2. UM-Student\MSC Dissertation\Urban-Vision-Benchmark\Datasets\MTSD\Prepared\MTSD-Unaugmented\MTSD-YOLO\test\images\grp3_913cab50-IMG_20251204_094538.jpg,754.16,1526.75,2134.57,2946.03,0.9141,traffic sign,True,True,194.6,mtsd-p12
SAM 3.1,traffic sign,grp3_913cab50-IMG_20251204_094538.jpg,E:\2. UM-Student\MSC Dissertation\Urban-Vision-Benchmark\Datasets\MTSD\Prepared\MTSD-Unaugmented\MTSD-YOLO\test\images\grp3_913cab50-IMG_20251204_094538.jpg,752.53,296.1,2123.29,1684.22,0.5938,traffic sign,True,True,194.6,mtsd-p12
SAM 3.1,traffic sign,grp3_915b758c-IMG_4287.jpeg,E:\2. UM-Student\MSC Dissertation\Urban-Vision-Benchmark\Datasets\MTSD\Prepared\MTSD-Unaugmented\MTSD-YOLO\test\images\grp3_915b758c-IMG_4287.jpeg,1356.47,1419.43,1856.27,4032.0,0.498,traffic sign,True,True,203.0,mtsd-p12
SAM 3.1,traffic sign,grp3_915b758c-IMG_4287.jpeg,E:\2. UM-Student\MSC Dissertation\Urban-Vision-Benchmark\Datasets\MTSD\Prepared\MTSD-Unaugmented\MTSD-YOLO\test\images\grp3_915b758c-IMG_4287.jpeg,1366.04,1920.06,1828.21,2560.25,0.7656,traffic sign,True,True,203.0,mtsd-p12
SAM 3.1,traffic sign,grp3_915b758c-IMG_4287.jpeg,E:\2. UM-Student\MSC Dissertation\Urban-Vision-Benchmark\Datasets\MTSD\Prepared\MTSD-Unaugmented\MTSD-YOLO\test\images\grp3_915b758c-IMG_4287.jpeg,1360.43,1428.46,1845.52,1982.88,0.8789,traffic sign,True,True,203.0,mtsd-p12
SAM 3.1,traffic sign,grp3_940c99a8-IMG_9166.jpg,E:\2. UM-Student\MSC Dissertation\Urban-Vision-Benchmark\Datasets\MTSD\Prepared\MTSD-Unaugmented\MTSD-YOLO\test\images\grp3_940c99a8-IMG_9166.jpg,2093.39,1724.65,2501.99,5712.0,0.3867,traffic sign,True,True,470.5,mtsd-p12
SAM 3.1,traffic sign,grp3_940c99a8-IMG_9166.jpg,E:\2. UM-Student\MSC Dissertation\Urban-Vision-Benchmark\Datasets\MTSD\Prepared\MTSD-Unaugmented\MTSD-YOLO\test\images\grp3_940c99a8-IMG_9166.jpg,2071.42,2821.11,2521.1,4069.0,0.9023,traffic sign,True,True,470.5,mtsd-p12
SAM 3.1,traffic sign,grp3_940c99a8-IMG_9166.jpg,E:\2. UM-Student\MSC Dissertation\Urban-Vision-Benchmark\Datasets\MTSD\Prepared\MTSD-Unaugmented\MTSD-YOLO\test\images\grp3_940c99a8-IMG_9166.jpg,2138.89,1735.35,2462.65,2914.84,0.9062,traffic sign,True,True,470.5,mtsd-p12
SAM 3.1,traffic sign,grp3_9e3990fa-20251129_124245.jpg,E:\2. UM-Student\MSC Dissertation\Urban-Vision-Benchmark\Datasets\MTSD\Prepared\MTSD-Unaugmented\MTSD-YOLO\test\images\grp3_9e3990fa-20251129_124245.jpg,620.38,1393.51,2339.55,2959.07,0.3477,traffic sign,True,True,170.9,mtsd-p12
SAM 3.1,traffic sign,grp3_9eaf77cf-IMG_4402.jpeg,E:\2. UM-Student\MSC Dissertation\Urban-Vision-Benchmark\Datasets\MTSD\Prepared\MTSD-Unaugmented\MTSD-YOLO\test\images\grp3_9eaf77cf-IMG_4402.jpeg,1340.91,1109.11,2046.45,1827.75,0.5781,traffic sign,True,True,196.9,mtsd-p12
SAM 3.1,traffic sign,grp3_9eaf77cf-IMG_4402.jpeg,E:\2. UM-Student\MSC Dissertation\Urban-Vision-Benchmark\Datasets\MTSD\Prepared\MTSD-Unaugmented\MTSD-YOLO\test\images\grp3_9eaf77cf-IMG_4402.jpeg,1342.86,1113.34,4032.0,1829.62,0.3281,traffic sign,True,True,196.9,mtsd-p12
SAM 3.1,traffic sign,grp3_9ff54512-IMG_20251203_093925.jpg,E:\2. UM-Student\MSC Dissertation\Urban-Vision-Benchmark\Datasets\MTSD\Prepared\MTSD-Unaugmented\MTSD-YOLO\test\images\grp3_9ff54512-IMG_20251203_093925.jpg,2795.63,2125.54,2840.68,2228.01,0.3965,traffic sign,True,True,223.9,mtsd-p12
SAM 3.1,traffic sign,grp3_9ff54512-IMG_20251203_093925.jpg,E:\2. UM-Student\MSC Dissertation\Urban-Vision-Benchmark\Datasets\MTSD\Prepared\MTSD-Unaugmented\MTSD-YOLO\test\images\grp3_9ff54512-IMG_20251203_093925.jpg,2795.73,2124.95,2841.51,2176.73,0.3242,traffic sign,True,True,223.9,mtsd-p12
SAM 3.1,traffic sign,grp3_9ff54512-IMG_20251203_093925.jpg,E:\2. UM-Student\MSC Dissertation\Urban-Vision-Benchmark\Datasets\MTSD\Prepared\MTSD-Unaugmented\MTSD-YOLO\test\images\grp3_9ff54512-IMG_20251203_093925.jpg,1193.71,2146.33,1228.45,2184.99,0.5234,traffic sign,True,True,223.9,mtsd-p12
SAM 3.1,traffic sign,grp3_9ff54512-IMG_20251203_093925.jpg,E:\2. UM-Student\MSC Dissertation\Urban-Vision-Benchmark\Datasets\MTSD\Prepared\MTSD-Unaugmented\MTSD-YOLO\test\images\grp3_9ff54512-IMG_20251203_093925.jpg,1019.6,199.58,2027.67,4080.0,0.5039,traffic sign,True,True,223.9,mtsd-p12
SAM 3.1,traffic sign,grp3_9ff54512-IMG_20251203_093925.jpg,E:\2. UM-Student\MSC Dissertation\Urban-Vision-Benchmark\Datasets\MTSD\Prepared\MTSD-Unaugmented\MTSD-YOLO\test\images\grp3_9ff54512-IMG_20251203_093925.jpg,1020.76,196.66,2025.63,1185.11,0.8594,traffic sign,True,True,223.9,mtsd-p12
SAM 3.1,traffic sign,grp3_a2b6698c-IMG_4431.jpeg,E:\2. UM-Student\MSC Dissertation\Urban-Vision-Benchmark\Datasets\MTSD\Prepared\MTSD-Unaugmented\MTSD-YOLO\test\images\grp3_a2b6698c-IMG_4431.jpeg,,,,,,<no detections>,False,True,148.6,mtsd-p12
SAM 3.1,traffic sign,grp3_a5739f60-IMG_20251203_120925.jpg,E:\2. UM-Student\MSC Dissertation\Urban-Vision-Benchmark\Datasets\MTSD\Prepared\MTSD-Unaugmented\MTSD-YOLO\test\images\grp3_a5739f60-IMG_20251203_120925.jpg,,,,,,<no detections>,False,True,178.8,mtsd-p12
SAM 3.1,traffic sign,grp3_a9724b83-20251129_122439.jpg,E:\2. UM-Student\MSC Dissertation\Urban-Vision-Benchmark\Datasets\MTSD\Prepared\MTSD-Unaugmented\MTSD-YOLO\test\images\grp3_a9724b83-20251129_122439.jpg,1036.83,2813.08,1075.16,2857.88,0.3398,traffic sign,True,True,714.9,mtsd-p12
SAM 3.1,traffic sign,grp3_a9724b83-20251129_122439.jpg,E:\2. UM-Student\MSC Dissertation\Urban-Vision-Benchmark\Datasets\MTSD\Prepared\MTSD-Unaugmented\MTSD-YOLO\test\images\grp3_a9724b83-20251129_122439.jpg,1987.43,2675.24,2061.81,2861.02,0.3008,traffic sign,True,True,714.9,mtsd-p12
SAM 3.1,traffic sign,grp3_a9724b83-20251129_122439.jpg,E:\2. UM-Student\MSC Dissertation\Urban-Vision-Benchmark\Datasets\MTSD\Prepared\MTSD-Unaugmented\MTSD-YOLO\test\images\grp3_a9724b83-20251129_122439.jpg,0.0,15.04,1818.76,4058.57,0.4023,traffic sign,True,True,714.9,mtsd-p12
SAM 3.1,traffic sign,grp3_a9724b83-20251129_122439.jpg,E:\2. UM-Student\MSC Dissertation\Urban-Vision-Benchmark\Datasets\MTSD\Prepared\MTSD-Unaugmented\MTSD-YOLO\test\images\grp3_a9724b83-20251129_122439.jpg,0.0,331.75,1479.62,1159.67,0.5938,traffic sign,True,True,714.9,mtsd-p12
SAM 3.1,traffic sign,grp3_a9724b83-20251129_122439.jpg,E:\2. UM-Student\MSC Dissertation\Urban-Vision-Benchmark\Datasets\MTSD\Prepared\MTSD-Unaugmented\MTSD-YOLO\test\images\grp3_a9724b83-20251129_122439.jpg,914.84,2494.09,1019.37,2557.71,0.3125,traffic sign,True,True,714.9,mtsd-p12
SAM 3.1,traffic sign,grp3_a9724b83-20251129_122439.jpg,E:\2. UM-Student\MSC Dissertation\Urban-Vision-Benchmark\Datasets\MTSD\Prepared\MTSD-Unaugmented\MTSD-YOLO\test\images\grp3_a9724b83-20251129_122439.jpg,0.0,0.0,1821.08,1158.0,0.4883,traffic sign,True,True,714.9,mtsd-p12
SAM 3.1,traffic sign,grp3_a9724b83-20251129_122439.jpg,E:\2. UM-Student\MSC Dissertation\Urban-Vision-Benchmark\Datasets\MTSD\Prepared\MTSD-Unaugmented\MTSD-YOLO\test\images\grp3_a9724b83-20251129_122439.jpg,0.0,0.6,1818.45,673.55,0.7383,traffic sign,True,True,714.9,mtsd-p12
SAM 3.1,traffic sign,grp3_a9724b83-20251129_122439.jpg,E:\2. UM-Student\MSC Dissertation\Urban-Vision-Benchmark\Datasets\MTSD\Prepared\MTSD-Unaugmented\MTSD-YOLO\test\images\grp3_a9724b83-20251129_122439.jpg,1763.5,2964.91,1816.26,3101.33,0.6953,traffic sign,True,True,714.9,mtsd-p12
SAM 3.1,traffic sign,grp3_a9724b83-20251129_122439.jpg,E:\2. UM-Student\MSC Dissertation\Urban-Vision-Benchmark\Datasets\MTSD\Prepared\MTSD-Unaugmented\MTSD-YOLO\test\images\grp3_a9724b83-20251129_122439.jpg,1187.08,1005.53,1464.82,1966.28,0.875,traffic sign,True,True,714.9,mtsd-p12
SAM 3.1,traffic sign,grp3_a9724b83-20251129_122439.jpg,E:\2. UM-Student\MSC Dissertation\Urban-Vision-Benchmark\Datasets\MTSD\Prepared\MTSD-Unaugmented\MTSD-YOLO\test\images\grp3_a9724b83-20251129_122439.jpg,1267.2,1951.24,1465.42,2644.68,0.8828,traffic sign,True,True,714.9,mtsd-p12
SAM 3.1,traffic sign,grp3_a9724b83-20251129_122439.jpg,E:\2. UM-Student\MSC Dissertation\Urban-Vision-Benchmark\Datasets\MTSD\Prepared\MTSD-Unaugmented\MTSD-YOLO\test\images\grp3_a9724b83-20251129_122439.jpg,1402.02,1214.13,1576.87,1858.58,0.7188,traffic sign,True,True,714.9,mtsd-p12
SAM 3.1,traffic sign,grp3_a9724b83-20251129_122439.jpg,E:\2. UM-Student\MSC Dissertation\Urban-Vision-Benchmark\Datasets\MTSD\Prepared\MTSD-Unaugmented\MTSD-YOLO\test\images\grp3_a9724b83-20251129_122439.jpg,978.49,3877.27,1193.69,4080.0,0.7617,traffic sign,True,True,714.9,mtsd-p12
SAM 3.1,traffic sign,grp3_ae42a8a0-20251129_121839.jpg,E:\2. UM-Student\MSC Dissertation\Urban-Vision-Benchmark\Datasets\MTSD\Prepared\MTSD-Unaugmented\MTSD-YOLO\test\images\grp3_ae42a8a0-20251129_121839.jpg,1109.18,1148.84,1852.87,4080.0,0.3301,traffic sign,True,True,206.2,mtsd-p12
SAM 3.1,traffic sign,grp3_ae42a8a0-20251129_121839.jpg,E:\2. UM-Student\MSC Dissertation\Urban-Vision-Benchmark\Datasets\MTSD\Prepared\MTSD-Unaugmented\MTSD-YOLO\test\images\grp3_ae42a8a0-20251129_121839.jpg,1122.94,1797.04,1882.06,2540.33,0.9258,traffic sign,True,True,206.2,mtsd-p12
SAM 3.1,traffic sign,grp3_ae42a8a0-20251129_121839.jpg,E:\2. UM-Student\MSC Dissertation\Urban-Vision-Benchmark\Datasets\MTSD\Prepared\MTSD-Unaugmented\MTSD-YOLO\test\images\grp3_ae42a8a0-20251129_121839.jpg,1107.6,1140.36,1821.21,1815.66,0.9414,traffic sign,True,True,206.2,mtsd-p12
SAM 3.1,traffic sign,grp3_aebbbcad-IMG_9204.jpg,E:\2. UM-Student\MSC Dissertation\Urban-Vision-Benchmark\Datasets\MTSD\Prepared\MTSD-Unaugmented\MTSD-YOLO\test\images\grp3_aebbbcad-IMG_9204.jpg,1115.04,3741.57,1201.55,3859.87,0.375,traffic sign,True,True,690.6,mtsd-p12
SAM 3.1,traffic sign,grp3_aebbbcad-IMG_9204.jpg,E:\2. UM-Student\MSC Dissertation\Urban-Vision-Benchmark\Datasets\MTSD\Prepared\MTSD-Unaugmented\MTSD-YOLO\test\images\grp3_aebbbcad-IMG_9204.jpg,1318.45,3654.89,1577.13,3853.71,0.6602,traffic sign,True,True,690.6,mtsd-p12
SAM 3.1,traffic sign,grp3_aebbbcad-IMG_9204.jpg,E:\2. UM-Student\MSC Dissertation\Urban-Vision-Benchmark\Datasets\MTSD\Prepared\MTSD-Unaugmented\MTSD-YOLO\test\images\grp3_aebbbcad-IMG_9204.jpg,1636.07,1036.92,2744.16,5712.0,0.3555,traffic sign,True,True,690.6,mtsd-p12
SAM 3.1,traffic sign,grp3_aebbbcad-IMG_9204.jpg,E:\2. UM-Student\MSC Dissertation\Urban-Vision-Benchmark\Datasets\MTSD\Prepared\MTSD-Unaugmented\MTSD-YOLO\test\images\grp3_aebbbcad-IMG_9204.jpg,2428.49,3577.11,2633.31,3786.13,0.8516,traffic sign,True,True,690.6,mtsd-p12
SAM 3.1,traffic sign,grp3_aebbbcad-IMG_9204.jpg,E:\2. UM-Student\MSC Dissertation\Urban-Vision-Benchmark\Datasets\MTSD\Prepared\MTSD-Unaugmented\MTSD-YOLO\test\images\grp3_aebbbcad-IMG_9204.jpg,1635.81,1054.96,2739.31,2157.03,0.8828,traffic sign,True,True,690.6,mtsd-p12
SAM 3.1,traffic sign,grp3_aebbbcad-IMG_9204.jpg,E:\2. UM-Student\MSC Dissertation\Urban-Vision-Benchmark\Datasets\MTSD\Prepared\MTSD-Unaugmented\MTSD-YOLO\test\images\grp3_aebbbcad-IMG_9204.jpg,2481.42,3333.78,2640.78,3574.13,0.3555,traffic sign,True,True,690.6,mtsd-p12
SAM 3.1,traffic sign,grp3_b05e6955-IMG_4433.jpeg,E:\2. UM-Student\MSC Dissertation\Urban-Vision-Benchmark\Datasets\MTSD\Prepared\MTSD-Unaugmented\MTSD-YOLO\test\images\grp3_b05e6955-IMG_4433.jpeg,,,,,,<no detections>,False,True,154.4,mtsd-p12
SAM 3.1,traffic sign,grp3_c0cc3ce0-IMG_20251203_115646.jpg,E:\2. UM-Student\MSC Dissertation\Urban-Vision-Benchmark\Datasets\MTSD\Prepared\MTSD-Unaugmented\MTSD-YOLO\test\images\grp3_c0cc3ce0-IMG_20251203_115646.jpg,1286.77,1512.65,1941.1,2344.61,0.9297,traffic sign,True,True,222.5,mtsd-p12
SAM 3.1,traffic sign,grp3_c0cc3ce0-IMG_20251203_115646.jpg,E:\2. UM-Student\MSC Dissertation\Urban-Vision-Benchmark\Datasets\MTSD\Prepared\MTSD-Unaugmented\MTSD-YOLO\test\images\grp3_c0cc3ce0-IMG_20251203_115646.jpg,1152.54,536.21,2040.04,1589.45,0.9414,traffic sign,True,True,222.5,mtsd-p12
SAM 3.1,traffic sign,grp3_c7a58be8-IMG_20251203_121028.jpg,E:\2. UM-Student\MSC Dissertation\Urban-Vision-Benchmark\Datasets\MTSD\Prepared\MTSD-Unaugmented\MTSD-YOLO\test\images\grp3_c7a58be8-IMG_20251203_121028.jpg,,,,,,<no detections>,False,True,157.3,mtsd-p12
SAM 3.1,traffic sign,grp3_ca162d3e-20251129_114653.jpg,E:\2. UM-Student\MSC Dissertation\Urban-Vision-Benchmark\Datasets\MTSD\Prepared\MTSD-Unaugmented\MTSD-YOLO\test\images\grp3_ca162d3e-20251129_114653.jpg,0.0,2389.31,70.13,2467.23,0.6055,traffic sign,True,True,427.1,mtsd-p12
SAM 3.1,traffic sign,grp3_ca162d3e-20251129_114653.jpg,E:\2. UM-Student\MSC Dissertation\Urban-Vision-Benchmark\Datasets\MTSD\Prepared\MTSD-Unaugmented\MTSD-YOLO\test\images\grp3_ca162d3e-20251129_114653.jpg,2171.62,2591.57,2250.34,2712.25,0.8477,traffic sign,True,True,427.1,mtsd-p12
SAM 3.1,traffic sign,grp3_ca162d3e-20251129_114653.jpg,E:\2. UM-Student\MSC Dissertation\Urban-Vision-Benchmark\Datasets\MTSD\Prepared\MTSD-Unaugmented\MTSD-YOLO\test\images\grp3_ca162d3e-20251129_114653.jpg,0.0,2536.07,37.98,2576.22,0.4844,traffic sign,True,True,427.1,mtsd-p12
SAM 3.1,traffic sign,grp3_ca162d3e-20251129_114653.jpg,E:\2. UM-Student\MSC Dissertation\Urban-Vision-Benchmark\Datasets\MTSD\Prepared\MTSD-Unaugmented\MTSD-YOLO\test\images\grp3_ca162d3e-20251129_114653.jpg,2172.43,2589.93,2255.47,3073.8,0.5273,traffic sign,True,True,427.1,mtsd-p12
SAM 3.1,traffic sign,grp3_ca162d3e-20251129_114653.jpg,E:\2. UM-Student\MSC Dissertation\Urban-Vision-Benchmark\Datasets\MTSD\Prepared\MTSD-Unaugmented\MTSD-YOLO\test\images\grp3_ca162d3e-20251129_114653.jpg,936.86,1382.78,1857.9,4080.0,0.5,traffic sign,True,True,427.1,mtsd-p12
SAM 3.1,traffic sign,grp3_ca162d3e-20251129_114653.jpg,E:\2. UM-Student\MSC Dissertation\Urban-Vision-Benchmark\Datasets\MTSD\Prepared\MTSD-Unaugmented\MTSD-YOLO\test\images\grp3_ca162d3e-20251129_114653.jpg,1481.0,2816.74,1570.95,2993.62,0.3027,traffic sign,True,True,427.1,mtsd-p12
SAM 3.1,traffic sign,grp3_ca162d3e-20251129_114653.jpg,E:\2. UM-Student\MSC Dissertation\Urban-Vision-Benchmark\Datasets\MTSD\Prepared\MTSD-Unaugmented\MTSD-YOLO\test\images\grp3_ca162d3e-20251129_114653.jpg,939.71,1390.77,1852.36,2317.88,0.875,traffic sign,True,True,427.1,mtsd-p12
SAM 3.1,traffic sign,grp3_cb90b89e-IMG_9211.jpg,E:\2. UM-Student\MSC Dissertation\Urban-Vision-Benchmark\Datasets\MTSD\Prepared\MTSD-Unaugmented\MTSD-YOLO\test\images\grp3_cb90b89e-IMG_9211.jpg,1305.74,1579.65,2567.3,2659.72,0.3027,traffic sign,True,True,288.1,mtsd-p12
SAM 3.1,traffic sign,grp3_d3cfa1f7-IMG_20251204_133658.jpg,E:\2. UM-Student\MSC Dissertation\Urban-Vision-Benchmark\Datasets\MTSD\Prepared\MTSD-Unaugmented\MTSD-YOLO\test\images\grp3_d3cfa1f7-IMG_20251204_133658.jpg,,,,,,<no detections>,False,True,155.6,mtsd-p12
SAM 3.1,traffic sign,grp3_def908c3-IMG_4315.jpeg,E:\2. UM-Student\MSC Dissertation\Urban-Vision-Benchmark\Datasets\MTSD\Prepared\MTSD-Unaugmented\MTSD-YOLO\test\images\grp3_def908c3-IMG_4315.jpeg,2291.86,2612.42,2369.63,2714.69,0.5469,traffic sign,True,True,418.7,mtsd-p12
SAM 3.1,traffic sign,grp3_def908c3-IMG_4315.jpeg,E:\2. UM-Student\MSC Dissertation\Urban-Vision-Benchmark\Datasets\MTSD\Prepared\MTSD-Unaugmented\MTSD-YOLO\test\images\grp3_def908c3-IMG_4315.jpeg,1247.27,1393.89,1916.24,4032.0,0.4648,traffic sign,True,True,418.7,mtsd-p12
SAM 3.1,traffic sign,grp3_def908c3-IMG_4315.jpeg,E:\2. UM-Student\MSC Dissertation\Urban-Vision-Benchmark\Datasets\MTSD\Prepared\MTSD-Unaugmented\MTSD-YOLO\test\images\grp3_def908c3-IMG_4315.jpeg,1246.13,1389.16,1917.65,2019.36,0.582,traffic sign,True,True,418.7,mtsd-p12
SAM 3.1,traffic sign,grp3_e0a623d6-IMG_9293.jpg,E:\2. UM-Student\MSC Dissertation\Urban-Vision-Benchmark\Datasets\MTSD\Prepared\MTSD-Unaugmented\MTSD-YOLO\test\images\grp3_e0a623d6-IMG_9293.jpg,2004.76,1450.74,2586.22,5712.0,0.5,traffic sign,True,True,239.7,mtsd-p12
SAM 3.1,traffic sign,grp3_e0a623d6-IMG_9293.jpg,E:\2. UM-Student\MSC Dissertation\Urban-Vision-Benchmark\Datasets\MTSD\Prepared\MTSD-Unaugmented\MTSD-YOLO\test\images\grp3_e0a623d6-IMG_9293.jpg,2013.27,1451.93,2511.77,2814.11,0.8672,traffic sign,True,True,239.7,mtsd-p12
SAM 3.1,traffic sign,grp3_e17ffb83-20251129_115005.jpg,E:\2. UM-Student\MSC Dissertation\Urban-Vision-Benchmark\Datasets\MTSD\Prepared\MTSD-Unaugmented\MTSD-YOLO\test\images\grp3_e17ffb83-20251129_115005.jpg,1212.43,1463.92,1547.29,2367.96,0.9023,traffic sign,True,True,183.3,mtsd-p12
SAM 3.1,traffic sign,grp3_e337de9a-IMG_4362.jpeg,E:\2. UM-Student\MSC Dissertation\Urban-Vision-Benchmark\Datasets\MTSD\Prepared\MTSD-Unaugmented\MTSD-YOLO\test\images\grp3_e337de9a-IMG_4362.jpeg,2198.32,2775.82,2218.67,2837.43,0.4961,traffic sign,True,True,701.3,mtsd-p12
SAM 3.1,traffic sign,grp3_e337de9a-IMG_4362.jpeg,E:\2. UM-Student\MSC Dissertation\Urban-Vision-Benchmark\Datasets\MTSD\Prepared\MTSD-Unaugmented\MTSD-YOLO\test\images\grp3_e337de9a-IMG_4362.jpeg,1144.9,1586.58,1996.58,1892.96,0.8789,traffic sign,True,True,701.3,mtsd-p12
SAM 3.1,traffic sign,grp3_e337de9a-IMG_4362.jpeg,E:\2. UM-Student\MSC Dissertation\Urban-Vision-Benchmark\Datasets\MTSD\Prepared\MTSD-Unaugmented\MTSD-YOLO\test\images\grp3_e337de9a-IMG_4362.jpeg,390.89,2570.52,441.89,2649.57,0.3789,traffic sign,True,True,701.3,mtsd-p12
SAM 3.1,traffic sign,grp3_e337de9a-IMG_4362.jpeg,E:\2. UM-Student\MSC Dissertation\Urban-Vision-Benchmark\Datasets\MTSD\Prepared\MTSD-Unaugmented\MTSD-YOLO\test\images\grp3_e337de9a-IMG_4362.jpeg,2113.83,2922.74,2152.63,3011.82,0.6836,traffic sign,True,True,701.3,mtsd-p12
SAM 3.1,traffic sign,grp3_e337de9a-IMG_4362.jpeg,E:\2. UM-Student\MSC Dissertation\Urban-Vision-Benchmark\Datasets\MTSD\Prepared\MTSD-Unaugmented\MTSD-YOLO\test\images\grp3_e337de9a-IMG_4362.jpeg,998.28,653.29,2141.44,4032.0,0.3223,traffic sign,True,True,701.3,mtsd-p12
SAM 3.1,traffic sign,grp3_e337de9a-IMG_4362.jpeg,E:\2. UM-Student\MSC Dissertation\Urban-Vision-Benchmark\Datasets\MTSD\Prepared\MTSD-Unaugmented\MTSD-YOLO\test\images\grp3_e337de9a-IMG_4362.jpeg,1126.17,1869.55,1990.18,2697.78,0.7891,traffic sign,True,True,701.3,mtsd-p12
SAM 3.1,traffic sign,grp3_e337de9a-IMG_4362.jpeg,E:\2. UM-Student\MSC Dissertation\Urban-Vision-Benchmark\Datasets\MTSD\Prepared\MTSD-Unaugmented\MTSD-YOLO\test\images\grp3_e337de9a-IMG_4362.jpeg,980.51,658.99,2144.17,1628.84,0.918,traffic sign,True,True,701.3,mtsd-p12
SAM 3.1,traffic sign,grp3_eb512649-IMG_4353.jpeg,E:\2. UM-Student\MSC Dissertation\Urban-Vision-Benchmark\Datasets\MTSD\Prepared\MTSD-Unaugmented\MTSD-YOLO\test\images\grp3_eb512649-IMG_4353.jpeg,1253.96,1511.59,1875.76,4032.0,0.4609,traffic sign,True,True,204.0,mtsd-p12
SAM 3.1,traffic sign,grp3_eb512649-IMG_4353.jpeg,E:\2. UM-Student\MSC Dissertation\Urban-Vision-Benchmark\Datasets\MTSD\Prepared\MTSD-Unaugmented\MTSD-YOLO\test\images\grp3_eb512649-IMG_4353.jpeg,1249.66,2023.17,1884.72,2636.78,0.7422,traffic sign,True,True,204.0,mtsd-p12
SAM 3.1,traffic sign,grp3_eb512649-IMG_4353.jpeg,E:\2. UM-Student\MSC Dissertation\Urban-Vision-Benchmark\Datasets\MTSD\Prepared\MTSD-Unaugmented\MTSD-YOLO\test\images\grp3_eb512649-IMG_4353.jpeg,1265.76,1514.23,1868.05,2028.62,0.7656,traffic sign,True,True,204.0,mtsd-p12
SAM 3.1,traffic sign,grp3_eb95b9a8-IMG_9119.jpg,E:\2. UM-Student\MSC Dissertation\Urban-Vision-Benchmark\Datasets\MTSD\Prepared\MTSD-Unaugmented\MTSD-YOLO\test\images\grp3_eb95b9a8-IMG_9119.jpg,,,,,,<no detections>,False,True,208.2,mtsd-p12
SAM 3.1,traffic sign,grp3_ec385cc7-IMG_20251203_121353.jpg,E:\2. UM-Student\MSC Dissertation\Urban-Vision-Benchmark\Datasets\MTSD\Prepared\MTSD-Unaugmented\MTSD-YOLO\test\images\grp3_ec385cc7-IMG_20251203_121353.jpg,,,,,,<no detections>,False,True,160.0,mtsd-p12
SAM 3.1,traffic sign,grp3_ecbe9be3-IMG_20251204_100152.jpg,E:\2. UM-Student\MSC Dissertation\Urban-Vision-Benchmark\Datasets\MTSD\Prepared\MTSD-Unaugmented\MTSD-YOLO\test\images\grp3_ecbe9be3-IMG_20251204_100152.jpg,1393.85,809.79,2637.73,2373.94,0.3008,traffic sign,True,True,173.5,mtsd-p12
SAM 3.1,traffic sign,grp3_f2a7e32a-IMG_4334.jpeg,E:\2. UM-Student\MSC Dissertation\Urban-Vision-Benchmark\Datasets\MTSD\Prepared\MTSD-Unaugmented\MTSD-YOLO\test\images\grp3_f2a7e32a-IMG_4334.jpeg,0.0,1205.5,97.44,1399.37,0.3105,traffic sign,True,True,198.9,mtsd-p12
SAM 3.1,traffic sign,grp3_f2a7e32a-IMG_4334.jpeg,E:\2. UM-Student\MSC Dissertation\Urban-Vision-Benchmark\Datasets\MTSD\Prepared\MTSD-Unaugmented\MTSD-YOLO\test\images\grp3_f2a7e32a-IMG_4334.jpeg,1253.53,1770.83,1833.63,4032.0,0.3535,traffic sign,True,True,198.9,mtsd-p12
SAM 3.1,traffic sign,grp3_f2a7e32a-IMG_4334.jpeg,E:\2. UM-Student\MSC Dissertation\Urban-Vision-Benchmark\Datasets\MTSD\Prepared\MTSD-Unaugmented\MTSD-YOLO\test\images\grp3_f2a7e32a-IMG_4334.jpeg,1252.99,1770.27,1834.69,2344.08,0.4395,traffic sign,True,True,198.9,mtsd-p12
SAM 3.1,traffic sign,grp3_f6ba6aba-IMG_4397.jpeg,E:\2. UM-Student\MSC Dissertation\Urban-Vision-Benchmark\Datasets\MTSD\Prepared\MTSD-Unaugmented\MTSD-YOLO\test\images\grp3_f6ba6aba-IMG_4397.jpeg,1164.28,1477.8,1903.38,4032.0,0.4746,traffic sign,True,True,214.7,mtsd-p12
SAM 3.1,traffic sign,grp3_f6ba6aba-IMG_4397.jpeg,E:\2. UM-Student\MSC Dissertation\Urban-Vision-Benchmark\Datasets\MTSD\Prepared\MTSD-Unaugmented\MTSD-YOLO\test\images\grp3_f6ba6aba-IMG_4397.jpeg,1813.84,2776.19,1898.49,2855.66,0.4648,traffic sign,True,True,214.7,mtsd-p12
SAM 3.1,traffic sign,grp3_f6ba6aba-IMG_4397.jpeg,E:\2. UM-Student\MSC Dissertation\Urban-Vision-Benchmark\Datasets\MTSD\Prepared\MTSD-Unaugmented\MTSD-YOLO\test\images\grp3_f6ba6aba-IMG_4397.jpeg,1168.34,1484.5,1899.6,2176.72,0.8945,traffic sign,True,True,214.7,mtsd-p12
SAM 3.1,traffic sign,grp3_facbf33e-IMG_9197.jpg,E:\2. UM-Student\MSC Dissertation\Urban-Vision-Benchmark\Datasets\MTSD\Prepared\MTSD-Unaugmented\MTSD-YOLO\test\images\grp3_facbf33e-IMG_9197.jpg,2072.8,4720.16,2159.74,4940.3,0.3516,traffic sign,True,True,672.3,mtsd-p12
SAM 3.1,traffic sign,grp3_facbf33e-IMG_9197.jpg,E:\2. UM-Student\MSC Dissertation\Urban-Vision-Benchmark\Datasets\MTSD\Prepared\MTSD-Unaugmented\MTSD-YOLO\test\images\grp3_facbf33e-IMG_9197.jpg,1852.29,2079.09,2228.65,5704.87,0.3613,traffic sign,True,True,672.3,mtsd-p12
SAM 3.1,traffic sign,grp3_facbf33e-IMG_9197.jpg,E:\2. UM-Student\MSC Dissertation\Urban-Vision-Benchmark\Datasets\MTSD\Prepared\MTSD-Unaugmented\MTSD-YOLO\test\images\grp3_facbf33e-IMG_9197.jpg,1832.5,2077.6,2082.94,3059.66,0.7656,traffic sign,True,True,672.3,mtsd-p12
SAM 3.1,traffic sign,grp3_faf213d1-IMG_20251203_120236.jpg,E:\2. UM-Student\MSC Dissertation\Urban-Vision-Benchmark\Datasets\MTSD\Prepared\MTSD-Unaugmented\MTSD-YOLO\test\images\grp3_faf213d1-IMG_20251203_120236.jpg,826.85,3179.75,852.05,3212.95,0.4238,traffic sign,True,True,224.2,mtsd-p12
SAM 3.1,traffic sign,grp4_0da97af9-20251222_133337.jpg,E:\2. UM-Student\MSC Dissertation\Urban-Vision-Benchmark\Datasets\MTSD\Prepared\MTSD-Unaugmented\MTSD-YOLO\test\images\grp4_0da97af9-20251222_133337.jpg,541.79,986.98,1908.24,2320.01,0.8281,traffic sign,True,True,183.6,mtsd-p12
SAM 3.1,traffic sign,grp4_0da97af9-20251222_133337.jpg,E:\2. UM-Student\MSC Dissertation\Urban-Vision-Benchmark\Datasets\MTSD\Prepared\MTSD-Unaugmented\MTSD-YOLO\test\images\grp4_0da97af9-20251222_133337.jpg,537.36,975.23,1914.39,4000.0,0.3438,traffic sign,True,True,183.6,mtsd-p12
SAM 3.1,traffic sign,grp4_11d8a182-WhatsApp_Image_2026-01-14_at_11.12.01.jpeg,E:\2. UM-Student\MSC Dissertation\Urban-Vision-Benchmark\Datasets\MTSD\Prepared\MTSD-Unaugmented\MTSD-YOLO\test\images\grp4_11d8a182-WhatsApp_Image_2026-01-14_at_11.12.01.jpeg,304.79,1100.56,457.72,1711.03,0.3965,traffic sign,True,True,142.8,mtsd-p12
SAM 3.1,traffic sign,grp4_11d8a182-WhatsApp_Image_2026-01-14_at_11.12.01.jpeg,E:\2. UM-Student\MSC Dissertation\Urban-Vision-Benchmark\Datasets\MTSD\Prepared\MTSD-Unaugmented\MTSD-YOLO\test\images\grp4_11d8a182-WhatsApp_Image_2026-01-14_at_11.12.01.jpeg,632.41,876.42,829.5,1078.58,0.3262,traffic sign,True,True,142.8,mtsd-p12
SAM 3.1,traffic sign,grp4_11d8a182-WhatsApp_Image_2026-01-14_at_11.12.01.jpeg,E:\2. UM-Student\MSC Dissertation\Urban-Vision-Benchmark\Datasets\MTSD\Prepared\MTSD-Unaugmented\MTSD-YOLO\test\images\grp4_11d8a182-WhatsApp_Image_2026-01-14_at_11.12.01.jpeg,631.22,878.33,829.26,2000.0,0.4004,traffic sign,True,True,142.8,mtsd-p12
SAM 3.1,traffic sign,grp4_11d8a182-WhatsApp_Image_2026-01-14_at_11.12.01.jpeg,E:\2. UM-Student\MSC Dissertation\Urban-Vision-Benchmark\Datasets\MTSD\Prepared\MTSD-Unaugmented\MTSD-YOLO\test\images\grp4_11d8a182-WhatsApp_Image_2026-01-14_at_11.12.01.jpeg,305.98,1100.34,457.0,1266.19,0.8789,traffic sign,True,True,142.8,mtsd-p12
SAM 3.1,traffic sign,grp4_11d8a182-WhatsApp_Image_2026-01-14_at_11.12.01.jpeg,E:\2. UM-Student\MSC Dissertation\Urban-Vision-Benchmark\Datasets\MTSD\Prepared\MTSD-Unaugmented\MTSD-YOLO\test\images\grp4_11d8a182-WhatsApp_Image_2026-01-14_at_11.12.01.jpeg,296.55,1684.12,371.39,1827.07,0.793,traffic sign,True,True,142.8,mtsd-p12
SAM 3.1,traffic sign,grp4_1d0747c0-20260107_105907.jpg,E:\2. UM-Student\MSC Dissertation\Urban-Vision-Benchmark\Datasets\MTSD\Prepared\MTSD-Unaugmented\MTSD-YOLO\test\images\grp4_1d0747c0-20260107_105907.jpg,463.1,1571.35,1307.54,2394.68,0.9258,traffic sign,True,True,168.7,mtsd-p12
SAM 3.1,traffic sign,grp4_1d0747c0-20260107_105907.jpg,E:\2. UM-Student\MSC Dissertation\Urban-Vision-Benchmark\Datasets\MTSD\Prepared\MTSD-Unaugmented\MTSD-YOLO\test\images\grp4_1d0747c0-20260107_105907.jpg,666.45,2413.0,1016.85,2671.95,0.543,traffic sign,True,True,168.7,mtsd-p12
SAM 3.1,traffic sign,grp4_1d0747c0-20260107_105907.jpg,E:\2. UM-Student\MSC Dissertation\Urban-Vision-Benchmark\Datasets\MTSD\Prepared\MTSD-Unaugmented\MTSD-YOLO\test\images\grp4_1d0747c0-20260107_105907.jpg,351.36,595.17,1343.62,1559.89,0.9336,traffic sign,True,True,168.7,mtsd-p12
SAM 3.1,traffic sign,grp4_20251115_125732.jpg,E:\2. UM-Student\MSC Dissertation\Urban-Vision-Benchmark\Datasets\MTSD\Prepared\MTSD-Unaugmented\MTSD-YOLO\test\images\grp4_20251115_125732.jpg,,,,,,<no detections>,False,True,150.9,mtsd-p12
SAM 3.1,traffic sign,grp4_20251130_114937.jpg,E:\2. UM-Student\MSC Dissertation\Urban-Vision-Benchmark\Datasets\MTSD\Prepared\MTSD-Unaugmented\MTSD-YOLO\test\images\grp4_20251130_114937.jpg,590.34,3641.84,690.88,3729.49,0.3594,traffic sign,True,True,178.0,mtsd-p12
SAM 3.1,traffic sign,grp4_20251130_114937.jpg,E:\2. UM-Student\MSC Dissertation\Urban-Vision-Benchmark\Datasets\MTSD\Prepared\MTSD-Unaugmented\MTSD-YOLO\test\images\grp4_20251130_114937.jpg,996.55,2016.26,1829.36,3457.87,0.7773,traffic sign,True,True,178.0,mtsd-p12
SAM 3.1,traffic sign,grp4_20251130_115129.jpg,E:\2. UM-Student\MSC Dissertation\Urban-Vision-Benchmark\Datasets\MTSD\Prepared\MTSD-Unaugmented\MTSD-YOLO\test\images\grp4_20251130_115129.jpg,218.72,3418.44,259.58,3512.0,0.707,traffic sign,True,True,598.5,mtsd-p12
SAM 3.1,traffic sign,grp4_20251130_115129.jpg,E:\2. UM-Student\MSC Dissertation\Urban-Vision-Benchmark\Datasets\MTSD\Prepared\MTSD-Unaugmented\MTSD-YOLO\test\images\grp4_20251130_115129.jpg,1099.41,3414.71,1131.13,3501.32,0.5664,traffic sign,True,True,598.5,mtsd-p12
SAM 3.1,traffic sign,grp4_20251130_115129.jpg,E:\2. UM-Student\MSC Dissertation\Urban-Vision-Benchmark\Datasets\MTSD\Prepared\MTSD-Unaugmented\MTSD-YOLO\test\images\grp4_20251130_115129.jpg,2349.59,3312.61,2380.12,3340.7,0.4629,traffic sign,True,True,598.5,mtsd-p12
SAM 3.1,traffic sign,grp4_20251130_115129.jpg,E:\2. UM-Student\MSC Dissertation\Urban-Vision-Benchmark\Datasets\MTSD\Prepared\MTSD-Unaugmented\MTSD-YOLO\test\images\grp4_20251130_115129.jpg,702.96,3407.53,762.08,3488.64,0.8359,traffic sign,True,True,598.5,mtsd-p12
SAM 3.1,traffic sign,grp4_20251130_115129.jpg,E:\2. UM-Student\MSC Dissertation\Urban-Vision-Benchmark\Datasets\MTSD\Prepared\MTSD-Unaugmented\MTSD-YOLO\test\images\grp4_20251130_115129.jpg,1098.55,3410.24,1130.65,3574.98,0.4258,traffic sign,True,True,598.5,mtsd-p12
SAM 3.1,traffic sign,grp4_20251130_115129.jpg,E:\2. UM-Student\MSC Dissertation\Urban-Vision-Benchmark\Datasets\MTSD\Prepared\MTSD-Unaugmented\MTSD-YOLO\test\images\grp4_20251130_115129.jpg,863.55,2227.97,2083.84,3490.71,0.9414,traffic sign,True,True,598.5,mtsd-p12
SAM 3.1,traffic sign,grp4_20251130_115129.jpg,E:\2. UM-Student\MSC Dissertation\Urban-Vision-Benchmark\Datasets\MTSD\Prepared\MTSD-Unaugmented\MTSD-YOLO\test\images\grp4_20251130_115129.jpg,1181.93,3494.59,1218.89,3543.82,0.3828,traffic sign,True,True,598.5,mtsd-p12
SAM 3.1,traffic sign,grp4_20251130_115129.jpg,E:\2. UM-Student\MSC Dissertation\Urban-Vision-Benchmark\Datasets\MTSD\Prepared\MTSD-Unaugmented\MTSD-YOLO\test\images\grp4_20251130_115129.jpg,1931.84,3330.14,1967.81,3382.01,0.3574,traffic sign,True,True,598.5,mtsd-p12
SAM 3.1,traffic sign,grp4_20251130_115523.jpg,E:\2. UM-Student\MSC Dissertation\Urban-Vision-Benchmark\Datasets\MTSD\Prepared\MTSD-Unaugmented\MTSD-YOLO\test\images\grp4_20251130_115523.jpg,2232.25,2862.56,2349.05,2974.52,0.7188,traffic sign,True,True,590.4,mtsd-p12
SAM 3.1,traffic sign,grp4_20251130_115523.jpg,E:\2. UM-Student\MSC Dissertation\Urban-Vision-Benchmark\Datasets\MTSD\Prepared\MTSD-Unaugmented\MTSD-YOLO\test\images\grp4_20251130_115523.jpg,1915.88,2858.87,1952.47,2955.72,0.4316,traffic sign,True,True,590.4,mtsd-p12
SAM 3.1,traffic sign,grp4_20251130_115523.jpg,E:\2. UM-Student\MSC Dissertation\Urban-Vision-Benchmark\Datasets\MTSD\Prepared\MTSD-Unaugmented\MTSD-YOLO\test\images\grp4_20251130_115523.jpg,2246.21,2855.76,2357.42,3472.32,0.3027,traffic sign,True,True,590.4,mtsd-p12
SAM 3.1,traffic sign,grp4_20251130_115523.jpg,E:\2. UM-Student\MSC Dissertation\Urban-Vision-Benchmark\Datasets\MTSD\Prepared\MTSD-Unaugmented\MTSD-YOLO\test\images\grp4_20251130_115523.jpg,2431.68,2968.79,2456.44,3004.3,0.5078,traffic sign,True,True,590.4,mtsd-p12
SAM 3.1,traffic sign,grp4_20251130_115523.jpg,E:\2. UM-Student\MSC Dissertation\Urban-Vision-Benchmark\Datasets\MTSD\Prepared\MTSD-Unaugmented\MTSD-YOLO\test\images\grp4_20251130_115523.jpg,1007.66,1428.66,2029.62,3982.64,0.373,traffic sign,True,True,590.4,mtsd-p12
SAM 3.1,traffic sign,grp4_20251130_115523.jpg,E:\2. UM-Student\MSC Dissertation\Urban-Vision-Benchmark\Datasets\MTSD\Prepared\MTSD-Unaugmented\MTSD-YOLO\test\images\grp4_20251130_115523.jpg,2150.65,2955.46,2198.35,3008.97,0.4824,traffic sign,True,True,590.4,mtsd-p12
SAM 3.1,traffic sign,grp4_20251130_115523.jpg,E:\2. UM-Student\MSC Dissertation\Urban-Vision-Benchmark\Datasets\MTSD\Prepared\MTSD-Unaugmented\MTSD-YOLO\test\images\grp4_20251130_115523.jpg,2427.47,2915.3,2461.87,2960.11,0.4922,traffic sign,True,True,590.4,mtsd-p12
SAM 3.1,traffic sign,grp4_20251130_115523.jpg,E:\2. UM-Student\MSC Dissertation\Urban-Vision-Benchmark\Datasets\MTSD\Prepared\MTSD-Unaugmented\MTSD-YOLO\test\images\grp4_20251130_115523.jpg,1731.1,2927.83,1795.19,2995.44,0.7305,traffic sign,True,True,590.4,mtsd-p12
SAM 3.1,traffic sign,grp4_20251130_115523.jpg,E:\2. UM-Student\MSC Dissertation\Urban-Vision-Benchmark\Datasets\MTSD\Prepared\MTSD-Unaugmented\MTSD-YOLO\test\images\grp4_20251130_115523.jpg,995.8,1423.67,2032.26,2499.48,0.7617,traffic sign,True,True,590.4,mtsd-p12
SAM 3.1,traffic sign,grp4_20251130_115532.jpg,E:\2. UM-Student\MSC Dissertation\Urban-Vision-Benchmark\Datasets\MTSD\Prepared\MTSD-Unaugmented\MTSD-YOLO\test\images\grp4_20251130_115532.jpg,1662.74,1486.37,2594.44,3251.76,0.8555,traffic sign,True,True,239.6,mtsd-p12
SAM 3.1,traffic sign,grp4_20251130_115532.jpg,E:\2. UM-Student\MSC Dissertation\Urban-Vision-Benchmark\Datasets\MTSD\Prepared\MTSD-Unaugmented\MTSD-YOLO\test\images\grp4_20251130_115532.jpg,731.66,1425.47,1956.31,2397.21,0.8867,traffic sign,True,True,239.6,mtsd-p12
SAM 3.1,traffic sign,grp4_20251130_115532.jpg,E:\2. UM-Student\MSC Dissertation\Urban-Vision-Benchmark\Datasets\MTSD\Prepared\MTSD-Unaugmented\MTSD-YOLO\test\images\grp4_20251130_115532.jpg,1251.27,2829.16,1575.9,3776.84,0.5039,traffic sign,True,True,239.6,mtsd-p12
SAM 3.1,traffic sign,grp4_20251130_115613.jpg,E:\2. UM-Student\MSC Dissertation\Urban-Vision-Benchmark\Datasets\MTSD\Prepared\MTSD-Unaugmented\MTSD-YOLO\test\images\grp4_20251130_115613.jpg,1182.24,1475.57,1442.21,3057.14,0.8164,traffic sign,True,True,198.1,mtsd-p12
SAM 3.1,traffic sign,grp4_20251130_115807.jpg,E:\2. UM-Student\MSC Dissertation\Urban-Vision-Benchmark\Datasets\MTSD\Prepared\MTSD-Unaugmented\MTSD-YOLO\test\images\grp4_20251130_115807.jpg,726.83,2472.63,1328.25,3727.31,0.6211,traffic sign,True,True,187.5,mtsd-p12
SAM 3.1,traffic sign,grp4_20251130_120143.jpg,E:\2. UM-Student\MSC Dissertation\Urban-Vision-Benchmark\Datasets\MTSD\Prepared\MTSD-Unaugmented\MTSD-YOLO\test\images\grp4_20251130_120143.jpg,1523.29,1685.77,1720.04,3065.99,0.7891,traffic sign,True,True,180.5,mtsd-p12
SAM 3.1,traffic sign,grp4_20251130_120206.jpg,E:\2. UM-Student\MSC Dissertation\Urban-Vision-Benchmark\Datasets\MTSD\Prepared\MTSD-Unaugmented\MTSD-YOLO\test\images\grp4_20251130_120206.jpg,312.05,3921.68,347.17,3964.06,0.4062,traffic sign,True,True,201.1,mtsd-p12
SAM 3.1,traffic sign,grp4_20251130_120206.jpg,E:\2. UM-Student\MSC Dissertation\Urban-Vision-Benchmark\Datasets\MTSD\Prepared\MTSD-Unaugmented\MTSD-YOLO\test\images\grp4_20251130_120206.jpg,1041.55,1526.03,2191.79,2796.7,0.543,traffic sign,True,True,201.1,mtsd-p12
SAM 3.1,traffic sign,grp4_20251219_134240.jpg,E:\2. UM-Student\MSC Dissertation\Urban-Vision-Benchmark\Datasets\MTSD\Prepared\MTSD-Unaugmented\MTSD-YOLO\test\images\grp4_20251219_134240.jpg,933.51,2001.36,2071.67,3195.18,0.332,traffic sign,True,True,225.5,mtsd-p12
SAM 3.1,traffic sign,grp4_20251229_142249.jpg,E:\2. UM-Student\MSC Dissertation\Urban-Vision-Benchmark\Datasets\MTSD\Prepared\MTSD-Unaugmented\MTSD-YOLO\test\images\grp4_20251229_142249.jpg,913.95,1604.52,1127.09,1944.81,0.3047,traffic sign,True,True,203.7,mtsd-p12
SAM 3.1,traffic sign,grp4_20251229_142249.jpg,E:\2. UM-Student\MSC Dissertation\Urban-Vision-Benchmark\Datasets\MTSD\Prepared\MTSD-Unaugmented\MTSD-YOLO\test\images\grp4_20251229_142249.jpg,717.22,2030.0,1849.25,3107.69,0.4961,traffic sign,True,True,203.7,mtsd-p12
SAM 3.1,traffic sign,grp4_20251229_144322.jpg,E:\2. UM-Student\MSC Dissertation\Urban-Vision-Benchmark\Datasets\MTSD\Prepared\MTSD-Unaugmented\MTSD-YOLO\test\images\grp4_20251229_144322.jpg,2124.74,2982.69,2272.37,3409.25,0.3535,traffic sign,True,True,202.0,mtsd-p12
SAM 3.1,traffic sign,grp4_20251229_144322.jpg,E:\2. UM-Student\MSC Dissertation\Urban-Vision-Benchmark\Datasets\MTSD\Prepared\MTSD-Unaugmented\MTSD-YOLO\test\images\grp4_20251229_144322.jpg,913.57,1671.61,2216.66,2876.1,0.5312,traffic sign,True,True,202.0,mtsd-p12
SAM 3.1,traffic sign,grp4_20251229_144322.jpg,E:\2. UM-Student\MSC Dissertation\Urban-Vision-Benchmark\Datasets\MTSD\Prepared\MTSD-Unaugmented\MTSD-YOLO\test\images\grp4_20251229_144322.jpg,725.28,526.95,2161.92,1628.91,0.5,traffic sign,True,True,202.0,mtsd-p12
SAM 3.1,traffic sign,grp4_20251229_145129.jpg,E:\2. UM-Student\MSC Dissertation\Urban-Vision-Benchmark\Datasets\MTSD\Prepared\MTSD-Unaugmented\MTSD-YOLO\test\images\grp4_20251229_145129.jpg,290.28,1445.45,2181.26,3006.33,0.7578,traffic sign,True,True,230.2,mtsd-p12
SAM 3.1,traffic sign,grp4_20251229_145129.jpg,E:\2. UM-Student\MSC Dissertation\Urban-Vision-Benchmark\Datasets\MTSD\Prepared\MTSD-Unaugmented\MTSD-YOLO\test\images\grp4_20251229_145129.jpg,1.16,0.0,377.15,1106.43,0.5234,traffic sign,True,True,230.2,mtsd-p12
SAM 3.1,traffic sign,grp4_20251229_145129.jpg,E:\2. UM-Student\MSC Dissertation\Urban-Vision-Benchmark\Datasets\MTSD\Prepared\MTSD-Unaugmented\MTSD-YOLO\test\images\grp4_20251229_145129.jpg,227.11,2744.36,2173.99,3720.79,0.7422,traffic sign,True,True,230.2,mtsd-p12
SAM 3.1,traffic sign,grp4_20251229_150136.jpg,E:\2. UM-Student\MSC Dissertation\Urban-Vision-Benchmark\Datasets\MTSD\Prepared\MTSD-Unaugmented\MTSD-YOLO\test\images\grp4_20251229_150136.jpg,0.45,1383.78,459.82,2629.02,0.8281,traffic sign,True,True,254.6,mtsd-p12
SAM 3.1,traffic sign,grp4_20251229_150136.jpg,E:\2. UM-Student\MSC Dissertation\Urban-Vision-Benchmark\Datasets\MTSD\Prepared\MTSD-Unaugmented\MTSD-YOLO\test\images\grp4_20251229_150136.jpg,451.7,1109.18,1938.57,4000.0,0.4141,traffic sign,True,True,254.6,mtsd-p12
SAM 3.1,traffic sign,grp4_20251229_150136.jpg,E:\2. UM-Student\MSC Dissertation\Urban-Vision-Benchmark\Datasets\MTSD\Prepared\MTSD-Unaugmented\MTSD-YOLO\test\images\grp4_20251229_150136.jpg,443.25,2060.98,1853.81,3368.46,0.8125,traffic sign,True,True,254.6,mtsd-p12
SAM 3.1,traffic sign,grp4_20251229_150136.jpg,E:\2. UM-Student\MSC Dissertation\Urban-Vision-Benchmark\Datasets\MTSD\Prepared\MTSD-Unaugmented\MTSD-YOLO\test\images\grp4_20251229_150136.jpg,624.64,1143.47,1936.52,2044.63,0.8242,traffic sign,True,True,254.6,mtsd-p12
SAM 3.1,traffic sign,grp4_20251229_150338.jpg,E:\2. UM-Student\MSC Dissertation\Urban-Vision-Benchmark\Datasets\MTSD\Prepared\MTSD-Unaugmented\MTSD-YOLO\test\images\grp4_20251229_150338.jpg,2604.21,3907.11,2639.69,3945.66,0.5469,traffic sign,True,True,723.8,mtsd-p12
SAM 3.1,traffic sign,grp4_20251229_150338.jpg,E:\2. UM-Student\MSC Dissertation\Urban-Vision-Benchmark\Datasets\MTSD\Prepared\MTSD-Unaugmented\MTSD-YOLO\test\images\grp4_20251229_150338.jpg,2500.56,3877.21,2542.59,3927.51,0.582,traffic sign,True,True,723.8,mtsd-p12
SAM 3.1,traffic sign,grp4_20251229_150338.jpg,E:\2. UM-Student\MSC Dissertation\Urban-Vision-Benchmark\Datasets\MTSD\Prepared\MTSD-Unaugmented\MTSD-YOLO\test\images\grp4_20251229_150338.jpg,1843.03,3820.91,1904.8,3914.83,0.8125,traffic sign,True,True,723.8,mtsd-p12
SAM 3.1,traffic sign,grp4_20251229_150338.jpg,E:\2. UM-Student\MSC Dissertation\Urban-Vision-Benchmark\Datasets\MTSD\Prepared\MTSD-Unaugmented\MTSD-YOLO\test\images\grp4_20251229_150338.jpg,516.23,3828.24,565.46,3910.89,0.7422,traffic sign,True,True,723.8,mtsd-p12
SAM 3.1,traffic sign,grp4_20251229_150338.jpg,E:\2. UM-Student\MSC Dissertation\Urban-Vision-Benchmark\Datasets\MTSD\Prepared\MTSD-Unaugmented\MTSD-YOLO\test\images\grp4_20251229_150338.jpg,2487.64,3848.37,2519.37,3888.55,0.3887,traffic sign,True,True,723.8,mtsd-p12
SAM 3.1,traffic sign,grp4_20251229_150338.jpg,E:\2. UM-Student\MSC Dissertation\Urban-Vision-Benchmark\Datasets\MTSD\Prepared\MTSD-Unaugmented\MTSD-YOLO\test\images\grp4_20251229_150338.jpg,1830.08,3709.17,1900.24,3819.71,0.8008,traffic sign,True,True,723.8,mtsd-p12
SAM 3.1,traffic sign,grp4_20251229_150338.jpg,E:\2. UM-Student\MSC Dissertation\Urban-Vision-Benchmark\Datasets\MTSD\Prepared\MTSD-Unaugmented\MTSD-YOLO\test\images\grp4_20251229_150338.jpg,721.5,2467.08,1882.24,3671.87,0.957,traffic sign,True,True,723.8,mtsd-p12
SAM 3.1,traffic sign,grp4_20251229_150338.jpg,E:\2. UM-Student\MSC Dissertation\Urban-Vision-Benchmark\Datasets\MTSD\Prepared\MTSD-Unaugmented\MTSD-YOLO\test\images\grp4_20251229_150338.jpg,1840.82,3920.54,1918.54,3984.14,0.5938,traffic sign,True,True,723.8,mtsd-p12
SAM 3.1,traffic sign,grp4_20251229_150338.jpg,E:\2. UM-Student\MSC Dissertation\Urban-Vision-Benchmark\Datasets\MTSD\Prepared\MTSD-Unaugmented\MTSD-YOLO\test\images\grp4_20251229_150338.jpg,725.55,1458.02,1945.38,2453.66,0.9492,traffic sign,True,True,723.8,mtsd-p12
SAM 3.1,traffic sign,grp4_20251229_151051.jpg,E:\2. UM-Student\MSC Dissertation\Urban-Vision-Benchmark\Datasets\MTSD\Prepared\MTSD-Unaugmented\MTSD-YOLO\test\images\grp4_20251229_151051.jpg,2391.19,3007.06,2429.58,3069.63,0.5703,traffic sign,True,True,445.0,mtsd-p12
SAM 3.1,traffic sign,grp4_20251229_151051.jpg,E:\2. UM-Student\MSC Dissertation\Urban-Vision-Benchmark\Datasets\MTSD\Prepared\MTSD-Unaugmented\MTSD-YOLO\test\images\grp4_20251229_151051.jpg,1226.66,2404.07,2355.78,3654.49,0.9414,traffic sign,True,True,445.0,mtsd-p12
SAM 3.1,traffic sign,grp4_20251229_151051.jpg,E:\2. UM-Student\MSC Dissertation\Urban-Vision-Benchmark\Datasets\MTSD\Prepared\MTSD-Unaugmented\MTSD-YOLO\test\images\grp4_20251229_151051.jpg,1024.66,1152.03,2386.7,2381.73,0.9219,traffic sign,True,True,445.0,mtsd-p12
SAM 3.1,traffic sign,grp4_20251229_152158.jpg,E:\2. UM-Student\MSC Dissertation\Urban-Vision-Benchmark\Datasets\MTSD\Prepared\MTSD-Unaugmented\MTSD-YOLO\test\images\grp4_20251229_152158.jpg,455.64,1306.34,2504.92,3291.15,0.7969,traffic sign,True,True,212.8,mtsd-p12
SAM 3.1,traffic sign,grp4_20251231_160526.jpg,E:\2. UM-Student\MSC Dissertation\Urban-Vision-Benchmark\Datasets\MTSD\Prepared\MTSD-Unaugmented\MTSD-YOLO\test\images\grp4_20251231_160526.jpg,992.36,1497.92,2010.83,2434.5,0.8984,traffic sign,True,True,161.6,mtsd-p12
SAM 3.1,traffic sign,grp4_20251231_160545.jpg,E:\2. UM-Student\MSC Dissertation\Urban-Vision-Benchmark\Datasets\MTSD\Prepared\MTSD-Unaugmented\MTSD-YOLO\test\images\grp4_20251231_160545.jpg,1231.93,1421.57,1571.97,2420.81,0.6641,traffic sign,True,True,165.4,mtsd-p12
SAM 3.1,traffic sign,grp4_20251231_160556.jpg,E:\2. UM-Student\MSC Dissertation\Urban-Vision-Benchmark\Datasets\MTSD\Prepared\MTSD-Unaugmented\MTSD-YOLO\test\images\grp4_20251231_160556.jpg,1846.46,1932.48,2037.79,2508.05,0.3926,traffic sign,True,True,152.1,mtsd-p12
SAM 3.1,traffic sign,grp4_219a5ac5-20251116_164504.jpg,E:\2. UM-Student\MSC Dissertation\Urban-Vision-Benchmark\Datasets\MTSD\Prepared\MTSD-Unaugmented\MTSD-YOLO\test\images\grp4_219a5ac5-20251116_164504.jpg,773.47,2411.28,1153.79,4029.81,0.9102,traffic sign,True,True,179.9,mtsd-p12
SAM 3.1,traffic sign,grp4_219a5ac5-20251116_164504.jpg,E:\2. UM-Student\MSC Dissertation\Urban-Vision-Benchmark\Datasets\MTSD\Prepared\MTSD-Unaugmented\MTSD-YOLO\test\images\grp4_219a5ac5-20251116_164504.jpg,809.51,2559.34,1077.03,3307.75,0.3105,traffic sign,True,True,179.9,mtsd-p12
SAM 3.1,traffic sign,grp4_219a5ac5-20251116_164504.jpg,E:\2. UM-Student\MSC Dissertation\Urban-Vision-Benchmark\Datasets\MTSD\Prepared\MTSD-Unaugmented\MTSD-YOLO\test\images\grp4_219a5ac5-20251116_164504.jpg,668.67,1179.46,1307.96,2507.08,0.9336,traffic sign,True,True,179.9,mtsd-p12
SAM 3.1,traffic sign,grp4_21c64815-20251116_163111.jpg,E:\2. UM-Student\MSC Dissertation\Urban-Vision-Benchmark\Datasets\MTSD\Prepared\MTSD-Unaugmented\MTSD-YOLO\test\images\grp4_21c64815-20251116_163111.jpg,561.28,1171.94,1765.52,2171.92,0.8516,traffic sign,True,True,151.6,mtsd-p12
SAM 3.1,traffic sign,grp4_22bb020a-20251222_131805.jpg,E:\2. UM-Student\MSC Dissertation\Urban-Vision-Benchmark\Datasets\MTSD\Prepared\MTSD-Unaugmented\MTSD-YOLO\test\images\grp4_22bb020a-20251222_131805.jpg,2884.43,3657.4,2998.24,3754.43,0.5312,traffic sign,True,True,175.9,mtsd-p12
SAM 3.1,traffic sign,grp4_22bb020a-20251222_131805.jpg,E:\2. UM-Student\MSC Dissertation\Urban-Vision-Benchmark\Datasets\MTSD\Prepared\MTSD-Unaugmented\MTSD-YOLO\test\images\grp4_22bb020a-20251222_131805.jpg,495.02,681.43,2378.14,2695.08,0.6523,traffic sign,True,True,175.9,mtsd-p12
SAM 3.1,traffic sign,grp4_25671e9a-WhatsApp_Image_2026-01-14_at_11.11.43_3.jpeg,E:\2. UM-Student\MSC Dissertation\Urban-Vision-Benchmark\Datasets\MTSD\Prepared\MTSD-Unaugmented\MTSD-YOLO\test\images\grp4_25671e9a-WhatsApp_Image_2026-01-14_at_11.11.43_3.jpeg,1344.06,856.87,1500.0,1064.46,0.7188,traffic sign,True,True,155.4,mtsd-p12
SAM 3.1,traffic sign,grp4_25671e9a-WhatsApp_Image_2026-01-14_at_11.11.43_3.jpeg,E:\2. UM-Student\MSC Dissertation\Urban-Vision-Benchmark\Datasets\MTSD\Prepared\MTSD-Unaugmented\MTSD-YOLO\test\images\grp4_25671e9a-WhatsApp_Image_2026-01-14_at_11.11.43_3.jpeg,1092.07,960.31,1113.32,986.57,0.7383,traffic sign,True,True,155.4,mtsd-p12
SAM 3.1,traffic sign,grp4_25671e9a-WhatsApp_Image_2026-01-14_at_11.11.43_3.jpeg,E:\2. UM-Student\MSC Dissertation\Urban-Vision-Benchmark\Datasets\MTSD\Prepared\MTSD-Unaugmented\MTSD-YOLO\test\images\grp4_25671e9a-WhatsApp_Image_2026-01-14_at_11.11.43_3.jpeg,881.87,928.49,922.71,950.88,0.3066,traffic sign,True,True,155.4,mtsd-p12
SAM 3.1,traffic sign,grp4_25671e9a-WhatsApp_Image_2026-01-14_at_11.11.43_3.jpeg,E:\2. UM-Student\MSC Dissertation\Urban-Vision-Benchmark\Datasets\MTSD\Prepared\MTSD-Unaugmented\MTSD-YOLO\test\images\grp4_25671e9a-WhatsApp_Image_2026-01-14_at_11.11.43_3.jpeg,542.16,771.71,876.3,1108.55,0.957,traffic sign,True,True,155.4,mtsd-p12
SAM 3.1,traffic sign,grp4_25671e9a-WhatsApp_Image_2026-01-14_at_11.11.43_3.jpeg,E:\2. UM-Student\MSC Dissertation\Urban-Vision-Benchmark\Datasets\MTSD\Prepared\MTSD-Unaugmented\MTSD-YOLO\test\images\grp4_25671e9a-WhatsApp_Image_2026-01-14_at_11.11.43_3.jpeg,456.88,320.2,945.7,764.28,0.9492,traffic sign,True,True,155.4,mtsd-p12
SAM 3.1,traffic sign,grp4_2659e726-20260107_105845.jpg,E:\2. UM-Student\MSC Dissertation\Urban-Vision-Benchmark\Datasets\MTSD\Prepared\MTSD-Unaugmented\MTSD-YOLO\test\images\grp4_2659e726-20260107_105845.jpg,476.89,1103.78,1631.15,2664.58,0.9414,traffic sign,True,True,176.7,mtsd-p12
SAM 3.1,traffic sign,grp4_2659e726-20260107_105845.jpg,E:\2. UM-Student\MSC Dissertation\Urban-Vision-Benchmark\Datasets\MTSD\Prepared\MTSD-Unaugmented\MTSD-YOLO\test\images\grp4_2659e726-20260107_105845.jpg,508.45,0.0,1586.83,1216.85,0.9336,traffic sign,True,True,176.7,mtsd-p12
SAM 3.1,traffic sign,grp4_27645844-20260107_151619.jpg,E:\2. UM-Student\MSC Dissertation\Urban-Vision-Benchmark\Datasets\MTSD\Prepared\MTSD-Unaugmented\MTSD-YOLO\test\images\grp4_27645844-20260107_151619.jpg,887.07,1153.4,920.55,1419.45,0.4199,traffic sign,True,True,154.4,mtsd-p12
SAM 3.1,traffic sign,grp4_27645844-20260107_151619.jpg,E:\2. UM-Student\MSC Dissertation\Urban-Vision-Benchmark\Datasets\MTSD\Prepared\MTSD-Unaugmented\MTSD-YOLO\test\images\grp4_27645844-20260107_151619.jpg,973.96,1175.64,1025.15,1423.97,0.4199,traffic sign,True,True,154.4,mtsd-p12
SAM 3.1,traffic sign,grp4_27645844-20260107_151619.jpg,E:\2. UM-Student\MSC Dissertation\Urban-Vision-Benchmark\Datasets\MTSD\Prepared\MTSD-Unaugmented\MTSD-YOLO\test\images\grp4_27645844-20260107_151619.jpg,885.6,1155.64,914.43,1200.47,0.5273,traffic sign,True,True,154.4,mtsd-p12
SAM 3.1,traffic sign,grp4_27645844-20260107_151619.jpg,E:\2. UM-Student\MSC Dissertation\Urban-Vision-Benchmark\Datasets\MTSD\Prepared\MTSD-Unaugmented\MTSD-YOLO\test\images\grp4_27645844-20260107_151619.jpg,973.92,1175.7,1024.2,1247.13,0.5469,traffic sign,True,True,154.4,mtsd-p12
SAM 3.1,traffic sign,grp4_27645844-20260107_151619.jpg,E:\2. UM-Student\MSC Dissertation\Urban-Vision-Benchmark\Datasets\MTSD\Prepared\MTSD-Unaugmented\MTSD-YOLO\test\images\grp4_27645844-20260107_151619.jpg,618.4,1139.08,684.16,1205.69,0.6914,traffic sign,True,True,154.4,mtsd-p12
SAM 3.1,traffic sign,grp4_27645844-20260107_151619.jpg,E:\2. UM-Student\MSC Dissertation\Urban-Vision-Benchmark\Datasets\MTSD\Prepared\MTSD-Unaugmented\MTSD-YOLO\test\images\grp4_27645844-20260107_151619.jpg,485.38,1364.3,520.5,1457.39,0.5703,traffic sign,True,True,154.4,mtsd-p12
SAM 3.1,traffic sign,grp4_27645844-20260107_151619.jpg,E:\2. UM-Student\MSC Dissertation\Urban-Vision-Benchmark\Datasets\MTSD\Prepared\MTSD-Unaugmented\MTSD-YOLO\test\images\grp4_27645844-20260107_151619.jpg,554.98,1365.7,593.35,1463.68,0.625,traffic sign,True,True,154.4,mtsd-p12
SAM 3.1,traffic sign,grp4_27645844-20260107_151619.jpg,E:\2. UM-Student\MSC Dissertation\Urban-Vision-Benchmark\Datasets\MTSD\Prepared\MTSD-Unaugmented\MTSD-YOLO\test\images\grp4_27645844-20260107_151619.jpg,95.14,42.65,525.27,1982.56,0.3145,traffic sign,True,True,154.4,mtsd-p12
SAM 3.1,traffic sign,grp4_27645844-20260107_151619.jpg,E:\2. UM-Student\MSC Dissertation\Urban-Vision-Benchmark\Datasets\MTSD\Prepared\MTSD-Unaugmented\MTSD-YOLO\test\images\grp4_27645844-20260107_151619.jpg,148.12,629.23,465.87,1066.09,0.9453,traffic sign,True,True,154.4,mtsd-p12
SAM 3.1,traffic sign,grp4_27645844-20260107_151619.jpg,E:\2. UM-Student\MSC Dissertation\Urban-Vision-Benchmark\Datasets\MTSD\Prepared\MTSD-Unaugmented\MTSD-YOLO\test\images\grp4_27645844-20260107_151619.jpg,1080.91,1249.19,1115.59,1272.06,0.375,traffic sign,True,True,154.4,mtsd-p12
SAM 3.1,traffic sign,grp4_27645844-20260107_151619.jpg,E:\2. UM-Student\MSC Dissertation\Urban-Vision-Benchmark\Datasets\MTSD\Prepared\MTSD-Unaugmented\MTSD-YOLO\test\images\grp4_27645844-20260107_151619.jpg,88.74,37.01,530.06,627.61,0.9375,traffic sign,True,True,154.4,mtsd-p12
SAM 3.1,traffic sign,grp4_27645844-20260107_151619.jpg,E:\2. UM-Student\MSC Dissertation\Urban-Vision-Benchmark\Datasets\MTSD\Prepared\MTSD-Unaugmented\MTSD-YOLO\test\images\grp4_27645844-20260107_151619.jpg,630.39,1215.77,681.32,1276.25,0.7227,traffic sign,True,True,154.4,mtsd-p12
SAM 3.1,traffic sign,grp4_27645844-20260107_151619.jpg,E:\2. UM-Student\MSC Dissertation\Urban-Vision-Benchmark\Datasets\MTSD\Prepared\MTSD-Unaugmented\MTSD-YOLO\test\images\grp4_27645844-20260107_151619.jpg,1055.38,1167.97,1116.0,1274.22,0.6055,traffic sign,True,True,154.4,mtsd-p12
SAM 3.1,traffic sign,grp4_27645844-20260107_151619.jpg,E:\2. UM-Student\MSC Dissertation\Urban-Vision-Benchmark\Datasets\MTSD\Prepared\MTSD-Unaugmented\MTSD-YOLO\test\images\grp4_27645844-20260107_151619.jpg,890.34,1214.25,916.53,1264.76,0.6719,traffic sign,True,True,154.4,mtsd-p12
SAM 3.1,traffic sign,grp4_27645844-20260107_151619.jpg,E:\2. UM-Student\MSC Dissertation\Urban-Vision-Benchmark\Datasets\MTSD\Prepared\MTSD-Unaugmented\MTSD-YOLO\test\images\grp4_27645844-20260107_151619.jpg,617.15,1138.07,682.79,1464.21,0.4434,traffic sign,True,True,154.4,mtsd-p12
SAM 3.1,traffic sign,grp4_27f66596-20260109_125516.jpg,E:\2. UM-Student\MSC Dissertation\Urban-Vision-Benchmark\Datasets\MTSD\Prepared\MTSD-Unaugmented\MTSD-YOLO\test\images\grp4_27f66596-20260109_125516.jpg,1649.64,878.46,1699.43,952.31,0.5312,traffic sign,True,True,231.5,mtsd-p12
SAM 3.1,traffic sign,grp4_27f66596-20260109_125516.jpg,E:\2. UM-Student\MSC Dissertation\Urban-Vision-Benchmark\Datasets\MTSD\Prepared\MTSD-Unaugmented\MTSD-YOLO\test\images\grp4_27f66596-20260109_125516.jpg,1217.74,488.31,2073.23,2048.93,0.4199,traffic sign,True,True,231.5,mtsd-p12
SAM 3.1,traffic sign,grp4_27f66596-20260109_125516.jpg,E:\2. UM-Student\MSC Dissertation\Urban-Vision-Benchmark\Datasets\MTSD\Prepared\MTSD-Unaugmented\MTSD-YOLO\test\images\grp4_27f66596-20260109_125516.jpg,1033.05,974.86,1100.61,1086.98,0.6953,traffic sign,True,True,231.5,mtsd-p12
SAM 3.1,traffic sign,grp4_27f66596-20260109_125516.jpg,E:\2. UM-Student\MSC Dissertation\Urban-Vision-Benchmark\Datasets\MTSD\Prepared\MTSD-Unaugmented\MTSD-YOLO\test\images\grp4_27f66596-20260109_125516.jpg,597.19,154.46,1884.03,1915.63,0.4727,traffic sign,True,True,231.5,mtsd-p12
SAM 3.1,traffic sign,grp4_27f66596-20260109_125516.jpg,E:\2. UM-Student\MSC Dissertation\Urban-Vision-Benchmark\Datasets\MTSD\Prepared\MTSD-Unaugmented\MTSD-YOLO\test\images\grp4_27f66596-20260109_125516.jpg,593.86,162.3,2055.51,3429.0,0.3008,traffic sign,True,True,231.5,mtsd-p12
SAM 3.1,traffic sign,grp4_303a684b-WhatsApp_Image_2026-01-14_at_11.12.36_1.jpeg,E:\2. UM-Student\MSC Dissertation\Urban-Vision-Benchmark\Datasets\MTSD\Prepared\MTSD-Unaugmented\MTSD-YOLO\test\images\grp4_303a684b-WhatsApp_Image_2026-01-14_at_11.12.36_1.jpeg,,,,,,<no detections>,False,True,120.3,mtsd-p12
SAM 3.1,traffic sign,grp4_3a0abdfb-20251116_161259.jpg,E:\2. UM-Student\MSC Dissertation\Urban-Vision-Benchmark\Datasets\MTSD\Prepared\MTSD-Unaugmented\MTSD-YOLO\test\images\grp4_3a0abdfb-20251116_161259.jpg,816.22,1575.72,1453.06,2232.22,0.9336,traffic sign,True,True,165.2,mtsd-p12
SAM 3.1,traffic sign,grp4_3a0abdfb-20251116_161259.jpg,E:\2. UM-Student\MSC Dissertation\Urban-Vision-Benchmark\Datasets\MTSD\Prepared\MTSD-Unaugmented\MTSD-YOLO\test\images\grp4_3a0abdfb-20251116_161259.jpg,839.81,880.06,1349.3,1918.2,0.9336,traffic sign,True,True,165.2,mtsd-p12
SAM 3.1,traffic sign,grp4_3a5008ad-20251222_141011.jpg,E:\2. UM-Student\MSC Dissertation\Urban-Vision-Benchmark\Datasets\MTSD\Prepared\MTSD-Unaugmented\MTSD-YOLO\test\images\grp4_3a5008ad-20251222_141011.jpg,673.56,498.18,1727.56,2183.7,0.6641,traffic sign,True,True,217.7,mtsd-p12
SAM 3.1,traffic sign,grp4_3a5008ad-20251222_141011.jpg,E:\2. UM-Student\MSC Dissertation\Urban-Vision-Benchmark\Datasets\MTSD\Prepared\MTSD-Unaugmented\MTSD-YOLO\test\images\grp4_3a5008ad-20251222_141011.jpg,676.06,419.32,2168.04,4000.0,0.4766,traffic sign,True,True,217.7,mtsd-p12
SAM 3.1,traffic sign,grp4_3a5008ad-20251222_141011.jpg,E:\2. UM-Student\MSC Dissertation\Urban-Vision-Benchmark\Datasets\MTSD\Prepared\MTSD-Unaugmented\MTSD-YOLO\test\images\grp4_3a5008ad-20251222_141011.jpg,1022.12,422.87,2163.28,2120.42,0.8281,traffic sign,True,True,217.7,mtsd-p12
SAM 3.1,traffic sign,grp4_420a4dea-20251222_131729.jpg,E:\2. UM-Student\MSC Dissertation\Urban-Vision-Benchmark\Datasets\MTSD\Prepared\MTSD-Unaugmented\MTSD-YOLO\test\images\grp4_420a4dea-20251222_131729.jpg,287.63,0.0,996.03,1690.53,0.4922,traffic sign,True,True,202.9,mtsd-p12
SAM 3.1,traffic sign,grp4_420a4dea-20251222_131729.jpg,E:\2. UM-Student\MSC Dissertation\Urban-Vision-Benchmark\Datasets\MTSD\Prepared\MTSD-Unaugmented\MTSD-YOLO\test\images\grp4_420a4dea-20251222_131729.jpg,822.3,718.92,2363.91,2472.0,0.9062,traffic sign,True,True,202.9,mtsd-p12
SAM 3.1,traffic sign,grp4_53b94993-WhatsApp_Image_2026-01-14_at_11.10.30_2.jpeg,E:\2. UM-Student\MSC Dissertation\Urban-Vision-Benchmark\Datasets\MTSD\Prepared\MTSD-Unaugmented\MTSD-YOLO\test\images\grp4_53b94993-WhatsApp_Image_2026-01-14_at_11.10.30_2.jpeg,576.17,766.28,856.16,1999.97,0.3516,traffic sign,True,True,137.9,mtsd-p12
SAM 3.1,traffic sign,grp4_53b94993-WhatsApp_Image_2026-01-14_at_11.10.30_2.jpeg,E:\2. UM-Student\MSC Dissertation\Urban-Vision-Benchmark\Datasets\MTSD\Prepared\MTSD-Unaugmented\MTSD-YOLO\test\images\grp4_53b94993-WhatsApp_Image_2026-01-14_at_11.10.30_2.jpeg,559.07,1171.75,836.31,1511.09,0.9062,traffic sign,True,True,137.9,mtsd-p12
SAM 3.1,traffic sign,grp4_53b94993-WhatsApp_Image_2026-01-14_at_11.10.30_2.jpeg,E:\2. UM-Student\MSC Dissertation\Urban-Vision-Benchmark\Datasets\MTSD\Prepared\MTSD-Unaugmented\MTSD-YOLO\test\images\grp4_53b94993-WhatsApp_Image_2026-01-14_at_11.10.30_2.jpeg,593.75,769.01,854.75,1199.1,0.9258,traffic sign,True,True,137.9,mtsd-p12
SAM 3.1,traffic sign,grp4_53b94993-WhatsApp_Image_2026-01-14_at_11.10.30_2.jpeg,E:\2. UM-Student\MSC Dissertation\Urban-Vision-Benchmark\Datasets\MTSD\Prepared\MTSD-Unaugmented\MTSD-YOLO\test\images\grp4_53b94993-WhatsApp_Image_2026-01-14_at_11.10.30_2.jpeg,887.34,1552.26,930.63,1600.87,0.4082,traffic sign,True,True,137.9,mtsd-p12
SAM 3.1,traffic sign,grp4_5886bc7f-20251116_161202.jpg,E:\2. UM-Student\MSC Dissertation\Urban-Vision-Benchmark\Datasets\MTSD\Prepared\MTSD-Unaugmented\MTSD-YOLO\test\images\grp4_5886bc7f-20251116_161202.jpg,1243.7,1405.14,1400.14,1883.89,0.8945,traffic sign,True,True,151.8,mtsd-p12
SAM 3.1,traffic sign,grp4_5996dfea-20251116_163330.jpg,E:\2. UM-Student\MSC Dissertation\Urban-Vision-Benchmark\Datasets\MTSD\Prepared\MTSD-Unaugmented\MTSD-YOLO\test\images\grp4_5996dfea-20251116_163330.jpg,276.11,2333.24,332.21,2520.54,0.4355,traffic sign,True,True,174.1,mtsd-p12
SAM 3.1,traffic sign,grp4_5996dfea-20251116_163330.jpg,E:\2. UM-Student\MSC Dissertation\Urban-Vision-Benchmark\Datasets\MTSD\Prepared\MTSD-Unaugmented\MTSD-YOLO\test\images\grp4_5996dfea-20251116_163330.jpg,1489.16,935.91,1666.1,1948.14,0.7773,traffic sign,True,True,174.1,mtsd-p12
SAM 3.1,traffic sign,grp4_5996dfea-20251116_163330.jpg,E:\2. UM-Student\MSC Dissertation\Urban-Vision-Benchmark\Datasets\MTSD\Prepared\MTSD-Unaugmented\MTSD-YOLO\test\images\grp4_5996dfea-20251116_163330.jpg,1034.86,1559.07,1163.1,2148.55,0.8203,traffic sign,True,True,174.1,mtsd-p12
SAM 3.1,traffic sign,grp4_5c62b2f6-20251117_104837.jpg,E:\2. UM-Student\MSC Dissertation\Urban-Vision-Benchmark\Datasets\MTSD\Prepared\MTSD-Unaugmented\MTSD-YOLO\test\images\grp4_5c62b2f6-20251117_104837.jpg,2030.28,2709.78,2076.13,2786.63,0.4512,traffic sign,True,True,248.9,mtsd-p12
SAM 3.1,traffic sign,grp4_5c62b2f6-20251117_104837.jpg,E:\2. UM-Student\MSC Dissertation\Urban-Vision-Benchmark\Datasets\MTSD\Prepared\MTSD-Unaugmented\MTSD-YOLO\test\images\grp4_5c62b2f6-20251117_104837.jpg,845.04,2687.53,884.7,2735.36,0.5117,traffic sign,True,True,248.9,mtsd-p12
SAM 3.1,traffic sign,grp4_5c62b2f6-20251117_104837.jpg,E:\2. UM-Student\MSC Dissertation\Urban-Vision-Benchmark\Datasets\MTSD\Prepared\MTSD-Unaugmented\MTSD-YOLO\test\images\grp4_5c62b2f6-20251117_104837.jpg,2043.24,2755.07,2077.59,2792.85,0.3105,traffic sign,True,True,248.9,mtsd-p12
SAM 3.1,traffic sign,grp4_5c62b2f6-20251117_104837.jpg,E:\2. UM-Student\MSC Dissertation\Urban-Vision-Benchmark\Datasets\MTSD\Prepared\MTSD-Unaugmented\MTSD-YOLO\test\images\grp4_5c62b2f6-20251117_104837.jpg,425.59,1315.72,1642.56,2351.85,0.9375,traffic sign,True,True,248.9,mtsd-p12
SAM 3.1,traffic sign,grp4_5c62b2f6-20251117_104837.jpg,E:\2. UM-Student\MSC Dissertation\Urban-Vision-Benchmark\Datasets\MTSD\Prepared\MTSD-Unaugmented\MTSD-YOLO\test\images\grp4_5c62b2f6-20251117_104837.jpg,1759.64,2735.26,1785.79,2772.04,0.4082,traffic sign,True,True,248.9,mtsd-p12
SAM 3.1,traffic sign,grp4_5c62b2f6-20251117_104837.jpg,E:\2. UM-Student\MSC Dissertation\Urban-Vision-Benchmark\Datasets\MTSD\Prepared\MTSD-Unaugmented\MTSD-YOLO\test\images\grp4_5c62b2f6-20251117_104837.jpg,640.41,577.8,1448.53,1397.79,0.9414,traffic sign,True,True,248.9,mtsd-p12
SAM 3.1,traffic sign,grp4_5e204826-WhatsApp_Image_2026-01-14_at_11.11.36.jpeg,E:\2. UM-Student\MSC Dissertation\Urban-Vision-Benchmark\Datasets\MTSD\Prepared\MTSD-Unaugmented\MTSD-YOLO\test\images\grp4_5e204826-WhatsApp_Image_2026-01-14_at_11.11.36.jpeg,1487.9,1239.87,1500.0,1318.68,0.3516,traffic sign,True,True,132.8,mtsd-p12
SAM 3.1,traffic sign,grp4_5e204826-WhatsApp_Image_2026-01-14_at_11.11.36.jpeg,E:\2. UM-Student\MSC Dissertation\Urban-Vision-Benchmark\Datasets\MTSD\Prepared\MTSD-Unaugmented\MTSD-YOLO\test\images\grp4_5e204826-WhatsApp_Image_2026-01-14_at_11.11.36.jpeg,583.49,787.97,779.37,1780.26,0.5547,traffic sign,True,True,132.8,mtsd-p12
SAM 3.1,traffic sign,grp4_5e204826-WhatsApp_Image_2026-01-14_at_11.11.36.jpeg,E:\2. UM-Student\MSC Dissertation\Urban-Vision-Benchmark\Datasets\MTSD\Prepared\MTSD-Unaugmented\MTSD-YOLO\test\images\grp4_5e204826-WhatsApp_Image_2026-01-14_at_11.11.36.jpeg,586.31,790.46,777.06,978.57,0.875,traffic sign,True,True,132.8,mtsd-p12
SAM 3.1,traffic sign,grp4_63c4320e-WhatsApp_Image_2026-01-14_at_11.10.32_3.jpeg,E:\2. UM-Student\MSC Dissertation\Urban-Vision-Benchmark\Datasets\MTSD\Prepared\MTSD-Unaugmented\MTSD-YOLO\test\images\grp4_63c4320e-WhatsApp_Image_2026-01-14_at_11.10.32_3.jpeg,585.35,684.0,826.45,914.46,0.7617,traffic sign,True,True,143.1,mtsd-p12
SAM 3.1,traffic sign,grp4_66eacd8c-20260109_124456.jpg,E:\2. UM-Student\MSC Dissertation\Urban-Vision-Benchmark\Datasets\MTSD\Prepared\MTSD-Unaugmented\MTSD-YOLO\test\images\grp4_66eacd8c-20260109_124456.jpg,842.92,851.93,1894.7,2654.81,0.8633,traffic sign,True,True,245.5,mtsd-p12
SAM 3.1,traffic sign,grp4_763f17c4-20260107_150842.jpg,E:\2. UM-Student\MSC Dissertation\Urban-Vision-Benchmark\Datasets\MTSD\Prepared\MTSD-Unaugmented\MTSD-YOLO\test\images\grp4_763f17c4-20260107_150842.jpg,1658.01,2892.44,1753.23,3209.45,0.3027,traffic sign,True,True,227.4,mtsd-p12
SAM 3.1,traffic sign,grp4_763f17c4-20260107_150842.jpg,E:\2. UM-Student\MSC Dissertation\Urban-Vision-Benchmark\Datasets\MTSD\Prepared\MTSD-Unaugmented\MTSD-YOLO\test\images\grp4_763f17c4-20260107_150842.jpg,1648.82,2888.86,1755.16,3006.61,0.8945,traffic sign,True,True,227.4,mtsd-p12
SAM 3.1,traffic sign,grp4_763f17c4-20260107_150842.jpg,E:\2. UM-Student\MSC Dissertation\Urban-Vision-Benchmark\Datasets\MTSD\Prepared\MTSD-Unaugmented\MTSD-YOLO\test\images\grp4_763f17c4-20260107_150842.jpg,1681.86,3008.2,1740.22,3116.42,0.3145,traffic sign,True,True,227.4,mtsd-p12
SAM 3.1,traffic sign,grp4_763f17c4-20260107_150842.jpg,E:\2. UM-Student\MSC Dissertation\Urban-Vision-Benchmark\Datasets\MTSD\Prepared\MTSD-Unaugmented\MTSD-YOLO\test\images\grp4_763f17c4-20260107_150842.jpg,128.56,2656.91,171.84,2761.57,0.3184,traffic sign,True,True,227.4,mtsd-p12
SAM 3.1,traffic sign,grp4_763f17c4-20260107_150842.jpg,E:\2. UM-Student\MSC Dissertation\Urban-Vision-Benchmark\Datasets\MTSD\Prepared\MTSD-Unaugmented\MTSD-YOLO\test\images\grp4_763f17c4-20260107_150842.jpg,64.79,2831.68,110.36,2886.88,0.3301,traffic sign,True,True,227.4,mtsd-p12
SAM 3.1,traffic sign,grp4_763f17c4-20260107_150842.jpg,E:\2. UM-Student\MSC Dissertation\Urban-Vision-Benchmark\Datasets\MTSD\Prepared\MTSD-Unaugmented\MTSD-YOLO\test\images\grp4_763f17c4-20260107_150842.jpg,520.47,1477.04,1357.92,2284.14,0.9453,traffic sign,True,True,227.4,mtsd-p12
SAM 3.1,traffic sign,grp4_763f17c4-20260107_150842.jpg,E:\2. UM-Student\MSC Dissertation\Urban-Vision-Benchmark\Datasets\MTSD\Prepared\MTSD-Unaugmented\MTSD-YOLO\test\images\grp4_763f17c4-20260107_150842.jpg,484.23,549.48,1394.19,1480.99,0.9453,traffic sign,True,True,227.4,mtsd-p12
SAM 3.1,traffic sign,grp4_763f17c4-20260107_150842.jpg,E:\2. UM-Student\MSC Dissertation\Urban-Vision-Benchmark\Datasets\MTSD\Prepared\MTSD-Unaugmented\MTSD-YOLO\test\images\grp4_763f17c4-20260107_150842.jpg,127.29,2746.44,165.0,2776.89,0.4824,traffic sign,True,True,227.4,mtsd-p12
SAM 3.1,traffic sign,grp4_7af17460-WhatsApp_Image_2026-01-14_at_11.11.40_2.jpeg,E:\2. UM-Student\MSC Dissertation\Urban-Vision-Benchmark\Datasets\MTSD\Prepared\MTSD-Unaugmented\MTSD-YOLO\test\images\grp4_7af17460-WhatsApp_Image_2026-01-14_at_11.11.40_2.jpeg,954.91,1034.32,967.52,1056.43,0.6758,traffic sign,True,True,170.5,mtsd-p12
SAM 3.1,traffic sign,grp4_7af17460-WhatsApp_Image_2026-01-14_at_11.11.40_2.jpeg,E:\2. UM-Student\MSC Dissertation\Urban-Vision-Benchmark\Datasets\MTSD\Prepared\MTSD-Unaugmented\MTSD-YOLO\test\images\grp4_7af17460-WhatsApp_Image_2026-01-14_at_11.11.40_2.jpeg,1390.45,1045.56,1413.63,1069.34,0.7969,traffic sign,True,True,170.5,mtsd-p12
SAM 3.1,traffic sign,grp4_7af17460-WhatsApp_Image_2026-01-14_at_11.11.40_2.jpeg,E:\2. UM-Student\MSC Dissertation\Urban-Vision-Benchmark\Datasets\MTSD\Prepared\MTSD-Unaugmented\MTSD-YOLO\test\images\grp4_7af17460-WhatsApp_Image_2026-01-14_at_11.11.40_2.jpeg,598.2,888.0,818.8,1110.0,0.9258,traffic sign,True,True,170.5,mtsd-p12
SAM 3.1,traffic sign,grp4_7af17460-WhatsApp_Image_2026-01-14_at_11.11.40_2.jpeg,E:\2. UM-Student\MSC Dissertation\Urban-Vision-Benchmark\Datasets\MTSD\Prepared\MTSD-Unaugmented\MTSD-YOLO\test\images\grp4_7af17460-WhatsApp_Image_2026-01-14_at_11.11.40_2.jpeg,953.36,1053.03,971.66,1080.83,0.7969,traffic sign,True,True,170.5,mtsd-p12
SAM 3.1,traffic sign,grp4_7af17460-WhatsApp_Image_2026-01-14_at_11.11.40_2.jpeg,E:\2. UM-Student\MSC Dissertation\Urban-Vision-Benchmark\Datasets\MTSD\Prepared\MTSD-Unaugmented\MTSD-YOLO\test\images\grp4_7af17460-WhatsApp_Image_2026-01-14_at_11.11.40_2.jpeg,1483.24,1010.71,1496.69,1074.26,0.3223,traffic sign,True,True,170.5,mtsd-p12
SAM 3.1,traffic sign,grp4_7af17460-WhatsApp_Image_2026-01-14_at_11.11.40_2.jpeg,E:\2. UM-Student\MSC Dissertation\Urban-Vision-Benchmark\Datasets\MTSD\Prepared\MTSD-Unaugmented\MTSD-YOLO\test\images\grp4_7af17460-WhatsApp_Image_2026-01-14_at_11.11.40_2.jpeg,874.68,623.74,1089.23,848.62,0.6133,traffic sign,True,True,170.5,mtsd-p12
SAM 3.1,traffic sign,grp4_7af17460-WhatsApp_Image_2026-01-14_at_11.11.40_2.jpeg,E:\2. UM-Student\MSC Dissertation\Urban-Vision-Benchmark\Datasets\MTSD\Prepared\MTSD-Unaugmented\MTSD-YOLO\test\images\grp4_7af17460-WhatsApp_Image_2026-01-14_at_11.11.40_2.jpeg,1172.72,952.52,1239.29,1016.61,0.8867,traffic sign,True,True,170.5,mtsd-p12
SAM 3.1,traffic sign,grp4_7af17460-WhatsApp_Image_2026-01-14_at_11.11.40_2.jpeg,E:\2. UM-Student\MSC Dissertation\Urban-Vision-Benchmark\Datasets\MTSD\Prepared\MTSD-Unaugmented\MTSD-YOLO\test\images\grp4_7af17460-WhatsApp_Image_2026-01-14_at_11.11.40_2.jpeg,563.76,610.35,860.64,883.61,0.9492,traffic sign,True,True,170.5,mtsd-p12
SAM 3.1,traffic sign,grp4_7af17460-WhatsApp_Image_2026-01-14_at_11.11.40_2.jpeg,E:\2. UM-Student\MSC Dissertation\Urban-Vision-Benchmark\Datasets\MTSD\Prepared\MTSD-Unaugmented\MTSD-YOLO\test\images\grp4_7af17460-WhatsApp_Image_2026-01-14_at_11.11.40_2.jpeg,1479.6,1006.63,1498.68,1028.65,0.7188,traffic sign,True,True,170.5,mtsd-p12
SAM 3.1,traffic sign,grp4_7af17460-WhatsApp_Image_2026-01-14_at_11.11.40_2.jpeg,E:\2. UM-Student\MSC Dissertation\Urban-Vision-Benchmark\Datasets\MTSD\Prepared\MTSD-Unaugmented\MTSD-YOLO\test\images\grp4_7af17460-WhatsApp_Image_2026-01-14_at_11.11.40_2.jpeg,1177.15,954.1,1240.26,1233.11,0.3691,traffic sign,True,True,170.5,mtsd-p12
SAM 3.1,traffic sign,grp4_7af17460-WhatsApp_Image_2026-01-14_at_11.11.40_2.jpeg,E:\2. UM-Student\MSC Dissertation\Urban-Vision-Benchmark\Datasets\MTSD\Prepared\MTSD-Unaugmented\MTSD-YOLO\test\images\grp4_7af17460-WhatsApp_Image_2026-01-14_at_11.11.40_2.jpeg,953.39,1048.59,971.93,1151.05,0.3105,traffic sign,True,True,170.5,mtsd-p12
SAM 3.1,traffic sign,grp4_7af17460-WhatsApp_Image_2026-01-14_at_11.11.40_2.jpeg,E:\2. UM-Student\MSC Dissertation\Urban-Vision-Benchmark\Datasets\MTSD\Prepared\MTSD-Unaugmented\MTSD-YOLO\test\images\grp4_7af17460-WhatsApp_Image_2026-01-14_at_11.11.40_2.jpeg,1383.11,1023.36,1405.58,1047.24,0.8086,traffic sign,True,True,170.5,mtsd-p12
SAM 3.1,traffic sign,grp4_7af17460-WhatsApp_Image_2026-01-14_at_11.11.40_2.jpeg,E:\2. UM-Student\MSC Dissertation\Urban-Vision-Benchmark\Datasets\MTSD\Prepared\MTSD-Unaugmented\MTSD-YOLO\test\images\grp4_7af17460-WhatsApp_Image_2026-01-14_at_11.11.40_2.jpeg,596.55,885.83,820.76,1696.39,0.5039,traffic sign,True,True,170.5,mtsd-p12
SAM 3.1,traffic sign,grp4_7b6a28a6-WhatsApp_Image_2026-01-14_at_11.10.25_4.jpeg,E:\2. UM-Student\MSC Dissertation\Urban-Vision-Benchmark\Datasets\MTSD\Prepared\MTSD-Unaugmented\MTSD-YOLO\test\images\grp4_7b6a28a6-WhatsApp_Image_2026-01-14_at_11.10.25_4.jpeg,571.02,669.74,886.61,1999.84,0.3887,traffic sign,True,True,135.4,mtsd-p12
SAM 3.1,traffic sign,grp4_7b6a28a6-WhatsApp_Image_2026-01-14_at_11.10.25_4.jpeg,E:\2. UM-Student\MSC Dissertation\Urban-Vision-Benchmark\Datasets\MTSD\Prepared\MTSD-Unaugmented\MTSD-YOLO\test\images\grp4_7b6a28a6-WhatsApp_Image_2026-01-14_at_11.10.25_4.jpeg,571.26,670.35,882.3,977.93,0.9219,traffic sign,True,True,135.4,mtsd-p12
SAM 3.1,traffic sign,grp4_81d58d34-20251222_132612.jpg,E:\2. UM-Student\MSC Dissertation\Urban-Vision-Benchmark\Datasets\MTSD\Prepared\MTSD-Unaugmented\MTSD-YOLO\test\images\grp4_81d58d34-20251222_132612.jpg,691.6,886.59,2016.57,2189.92,0.918,traffic sign,True,True,247.0,mtsd-p12
SAM 3.1,traffic sign,grp4_82399059-20251116_165140.jpg,E:\2. UM-Student\MSC Dissertation\Urban-Vision-Benchmark\Datasets\MTSD\Prepared\MTSD-Unaugmented\MTSD-YOLO\test\images\grp4_82399059-20251116_165140.jpg,679.67,1308.33,704.95,1375.91,0.5273,traffic sign,True,True,243.1,mtsd-p12
SAM 3.1,traffic sign,grp4_82399059-20251116_165140.jpg,E:\2. UM-Student\MSC Dissertation\Urban-Vision-Benchmark\Datasets\MTSD\Prepared\MTSD-Unaugmented\MTSD-YOLO\test\images\grp4_82399059-20251116_165140.jpg,325.57,2009.78,1979.3,3535.67,0.6914,traffic sign,True,True,243.1,mtsd-p12
SAM 3.1,traffic sign,grp4_82399059-20251116_165140.jpg,E:\2. UM-Student\MSC Dissertation\Urban-Vision-Benchmark\Datasets\MTSD\Prepared\MTSD-Unaugmented\MTSD-YOLO\test\images\grp4_82399059-20251116_165140.jpg,589.62,2128.0,1843.31,3475.82,0.6016,traffic sign,True,True,243.1,mtsd-p12
SAM 3.1,traffic sign,grp4_82399059-20251116_165140.jpg,E:\2. UM-Student\MSC Dissertation\Urban-Vision-Benchmark\Datasets\MTSD\Prepared\MTSD-Unaugmented\MTSD-YOLO\test\images\grp4_82399059-20251116_165140.jpg,623.08,755.47,1729.57,2125.54,0.3984,traffic sign,True,True,243.1,mtsd-p12
SAM 3.1,traffic sign,grp4_83705e8e-WhatsApp_Image_2026-01-14_at_11.10.28_3.jpeg,E:\2. UM-Student\MSC Dissertation\Urban-Vision-Benchmark\Datasets\MTSD\Prepared\MTSD-Unaugmented\MTSD-YOLO\test\images\grp4_83705e8e-WhatsApp_Image_2026-01-14_at_11.10.28_3.jpeg,863.74,1273.74,884.02,1299.92,0.3711,traffic sign,True,True,189.8,mtsd-p12
SAM 3.1,traffic sign,grp4_83705e8e-WhatsApp_Image_2026-01-14_at_11.10.28_3.jpeg,E:\2. UM-Student\MSC Dissertation\Urban-Vision-Benchmark\Datasets\MTSD\Prepared\MTSD-Unaugmented\MTSD-YOLO\test\images\grp4_83705e8e-WhatsApp_Image_2026-01-14_at_11.10.28_3.jpeg,928.15,1133.29,952.62,1159.13,0.5469,traffic sign,True,True,189.8,mtsd-p12
SAM 3.1,traffic sign,grp4_83705e8e-WhatsApp_Image_2026-01-14_at_11.10.28_3.jpeg,E:\2. UM-Student\MSC Dissertation\Urban-Vision-Benchmark\Datasets\MTSD\Prepared\MTSD-Unaugmented\MTSD-YOLO\test\images\grp4_83705e8e-WhatsApp_Image_2026-01-14_at_11.10.28_3.jpeg,800.87,1220.43,826.69,1241.36,0.3359,traffic sign,True,True,189.8,mtsd-p12
SAM 3.1,traffic sign,grp4_83705e8e-WhatsApp_Image_2026-01-14_at_11.10.28_3.jpeg,E:\2. UM-Student\MSC Dissertation\Urban-Vision-Benchmark\Datasets\MTSD\Prepared\MTSD-Unaugmented\MTSD-YOLO\test\images\grp4_83705e8e-WhatsApp_Image_2026-01-14_at_11.10.28_3.jpeg,916.1,1128.77,966.19,1200.19,0.4941,traffic sign,True,True,189.8,mtsd-p12
SAM 3.1,traffic sign,grp4_83705e8e-WhatsApp_Image_2026-01-14_at_11.10.28_3.jpeg,E:\2. UM-Student\MSC Dissertation\Urban-Vision-Benchmark\Datasets\MTSD\Prepared\MTSD-Unaugmented\MTSD-YOLO\test\images\grp4_83705e8e-WhatsApp_Image_2026-01-14_at_11.10.28_3.jpeg,410.11,1205.95,439.88,1256.02,0.8047,traffic sign,True,True,189.8,mtsd-p12
SAM 3.1,traffic sign,grp4_83705e8e-WhatsApp_Image_2026-01-14_at_11.10.28_3.jpeg,E:\2. UM-Student\MSC Dissertation\Urban-Vision-Benchmark\Datasets\MTSD\Prepared\MTSD-Unaugmented\MTSD-YOLO\test\images\grp4_83705e8e-WhatsApp_Image_2026-01-14_at_11.10.28_3.jpeg,699.49,1223.23,725.57,1246.19,0.3809,traffic sign,True,True,189.8,mtsd-p12
SAM 3.1,traffic sign,grp4_83705e8e-WhatsApp_Image_2026-01-14_at_11.10.28_3.jpeg,E:\2. UM-Student\MSC Dissertation\Urban-Vision-Benchmark\Datasets\MTSD\Prepared\MTSD-Unaugmented\MTSD-YOLO\test\images\grp4_83705e8e-WhatsApp_Image_2026-01-14_at_11.10.28_3.jpeg,100.62,1156.04,145.86,1188.19,0.3438,traffic sign,True,True,189.8,mtsd-p12
SAM 3.1,traffic sign,grp4_83705e8e-WhatsApp_Image_2026-01-14_at_11.10.28_3.jpeg,E:\2. UM-Student\MSC Dissertation\Urban-Vision-Benchmark\Datasets\MTSD\Prepared\MTSD-Unaugmented\MTSD-YOLO\test\images\grp4_83705e8e-WhatsApp_Image_2026-01-14_at_11.10.28_3.jpeg,259.32,1199.98,280.57,1231.44,0.7266,traffic sign,True,True,189.8,mtsd-p12
SAM 3.1,traffic sign,grp4_83705e8e-WhatsApp_Image_2026-01-14_at_11.10.28_3.jpeg,E:\2. UM-Student\MSC Dissertation\Urban-Vision-Benchmark\Datasets\MTSD\Prepared\MTSD-Unaugmented\MTSD-YOLO\test\images\grp4_83705e8e-WhatsApp_Image_2026-01-14_at_11.10.28_3.jpeg,417.09,1170.19,436.1,1203.92,0.6367,traffic sign,True,True,189.8,mtsd-p12
SAM 3.1,traffic sign,grp4_83705e8e-WhatsApp_Image_2026-01-14_at_11.10.28_3.jpeg,E:\2. UM-Student\MSC Dissertation\Urban-Vision-Benchmark\Datasets\MTSD\Prepared\MTSD-Unaugmented\MTSD-YOLO\test\images\grp4_83705e8e-WhatsApp_Image_2026-01-14_at_11.10.28_3.jpeg,262.09,1161.98,281.95,1202.91,0.6914,traffic sign,True,True,189.8,mtsd-p12
SAM 3.1,traffic sign,grp4_83705e8e-WhatsApp_Image_2026-01-14_at_11.10.28_3.jpeg,E:\2. UM-Student\MSC Dissertation\Urban-Vision-Benchmark\Datasets\MTSD\Prepared\MTSD-Unaugmented\MTSD-YOLO\test\images\grp4_83705e8e-WhatsApp_Image_2026-01-14_at_11.10.28_3.jpeg,916.52,1128.47,967.75,1235.17,0.6328,traffic sign,True,True,189.8,mtsd-p12
SAM 3.1,traffic sign,grp4_83705e8e-WhatsApp_Image_2026-01-14_at_11.10.28_3.jpeg,E:\2. UM-Student\MSC Dissertation\Urban-Vision-Benchmark\Datasets\MTSD\Prepared\MTSD-Unaugmented\MTSD-YOLO\test\images\grp4_83705e8e-WhatsApp_Image_2026-01-14_at_11.10.28_3.jpeg,410.38,1203.65,438.52,1389.06,0.3398,traffic sign,True,True,189.8,mtsd-p12
SAM 3.1,traffic sign,grp4_83705e8e-WhatsApp_Image_2026-01-14_at_11.10.28_3.jpeg,E:\2. UM-Student\MSC Dissertation\Urban-Vision-Benchmark\Datasets\MTSD\Prepared\MTSD-Unaugmented\MTSD-YOLO\test\images\grp4_83705e8e-WhatsApp_Image_2026-01-14_at_11.10.28_3.jpeg,257.66,1186.41,281.38,1329.8,0.3594,traffic sign,True,True,189.8,mtsd-p12
SAM 3.1,traffic sign,grp4_83705e8e-WhatsApp_Image_2026-01-14_at_11.10.28_3.jpeg,E:\2. UM-Student\MSC Dissertation\Urban-Vision-Benchmark\Datasets\MTSD\Prepared\MTSD-Unaugmented\MTSD-YOLO\test\images\grp4_83705e8e-WhatsApp_Image_2026-01-14_at_11.10.28_3.jpeg,545.54,633.33,940.07,1988.5,0.5312,traffic sign,True,True,189.8,mtsd-p12
SAM 3.1,traffic sign,grp4_83705e8e-WhatsApp_Image_2026-01-14_at_11.10.28_3.jpeg,E:\2. UM-Student\MSC Dissertation\Urban-Vision-Benchmark\Datasets\MTSD\Prepared\MTSD-Unaugmented\MTSD-YOLO\test\images\grp4_83705e8e-WhatsApp_Image_2026-01-14_at_11.10.28_3.jpeg,919.5,1199.86,968.49,1235.9,0.6523,traffic sign,True,True,189.8,mtsd-p12
SAM 3.1,traffic sign,grp4_83705e8e-WhatsApp_Image_2026-01-14_at_11.10.28_3.jpeg,E:\2. UM-Student\MSC Dissertation\Urban-Vision-Benchmark\Datasets\MTSD\Prepared\MTSD-Unaugmented\MTSD-YOLO\test\images\grp4_83705e8e-WhatsApp_Image_2026-01-14_at_11.10.28_3.jpeg,932.44,1262.51,957.09,1297.54,0.6641,traffic sign,True,True,189.8,mtsd-p12
SAM 3.1,traffic sign,grp4_83705e8e-WhatsApp_Image_2026-01-14_at_11.10.28_3.jpeg,E:\2. UM-Student\MSC Dissertation\Urban-Vision-Benchmark\Datasets\MTSD\Prepared\MTSD-Unaugmented\MTSD-YOLO\test\images\grp4_83705e8e-WhatsApp_Image_2026-01-14_at_11.10.28_3.jpeg,547.18,635.78,939.63,1026.9,0.6719,traffic sign,True,True,189.8,mtsd-p12
SAM 3.1,traffic sign,grp4_83705e8e-WhatsApp_Image_2026-01-14_at_11.10.28_3.jpeg,E:\2. UM-Student\MSC Dissertation\Urban-Vision-Benchmark\Datasets\MTSD\Prepared\MTSD-Unaugmented\MTSD-YOLO\test\images\grp4_83705e8e-WhatsApp_Image_2026-01-14_at_11.10.28_3.jpeg,931.92,1236.27,952.94,1261.76,0.6797,traffic sign,True,True,189.8,mtsd-p12
SAM 3.1,traffic sign,grp4_86e58e1e-WhatsApp_Image_2026-01-14_at_11.10.21.jpeg,E:\2. UM-Student\MSC Dissertation\Urban-Vision-Benchmark\Datasets\MTSD\Prepared\MTSD-Unaugmented\MTSD-YOLO\test\images\grp4_86e58e1e-WhatsApp_Image_2026-01-14_at_11.10.21.jpeg,762.45,338.08,956.47,792.08,0.7891,traffic sign,True,True,129.8,mtsd-p12
SAM 3.1,traffic sign,grp4_86e58e1e-WhatsApp_Image_2026-01-14_at_11.10.21.jpeg,E:\2. UM-Student\MSC Dissertation\Urban-Vision-Benchmark\Datasets\MTSD\Prepared\MTSD-Unaugmented\MTSD-YOLO\test\images\grp4_86e58e1e-WhatsApp_Image_2026-01-14_at_11.10.21.jpeg,664.34,343.86,953.86,1999.8,0.4043,traffic sign,True,True,129.8,mtsd-p12
SAM 3.1,traffic sign,grp4_86e58e1e-WhatsApp_Image_2026-01-14_at_11.10.21.jpeg,E:\2. UM-Student\MSC Dissertation\Urban-Vision-Benchmark\Datasets\MTSD\Prepared\MTSD-Unaugmented\MTSD-YOLO\test\images\grp4_86e58e1e-WhatsApp_Image_2026-01-14_at_11.10.21.jpeg,643.59,752.71,814.95,1199.27,0.8125,traffic sign,True,True,129.8,mtsd-p12
SAM 3.1,traffic sign,grp4_87ae19f5-WhatsApp_Image_2026-01-14_at_11.11.37.jpeg,E:\2. UM-Student\MSC Dissertation\Urban-Vision-Benchmark\Datasets\MTSD\Prepared\MTSD-Unaugmented\MTSD-YOLO\test\images\grp4_87ae19f5-WhatsApp_Image_2026-01-14_at_11.11.37.jpeg,652.39,1207.93,681.55,1248.15,0.8516,traffic sign,True,True,147.1,mtsd-p12
SAM 3.1,traffic sign,grp4_87ae19f5-WhatsApp_Image_2026-01-14_at_11.11.37.jpeg,E:\2. UM-Student\MSC Dissertation\Urban-Vision-Benchmark\Datasets\MTSD\Prepared\MTSD-Unaugmented\MTSD-YOLO\test\images\grp4_87ae19f5-WhatsApp_Image_2026-01-14_at_11.11.37.jpeg,119.62,1169.96,190.8,1436.89,0.3281,traffic sign,True,True,147.1,mtsd-p12
SAM 3.1,traffic sign,grp4_87ae19f5-WhatsApp_Image_2026-01-14_at_11.11.37.jpeg,E:\2. UM-Student\MSC Dissertation\Urban-Vision-Benchmark\Datasets\MTSD\Prepared\MTSD-Unaugmented\MTSD-YOLO\test\images\grp4_87ae19f5-WhatsApp_Image_2026-01-14_at_11.11.37.jpeg,118.52,1169.39,191.74,1240.52,0.8984,traffic sign,True,True,147.1,mtsd-p12
SAM 3.1,traffic sign,grp4_87ae19f5-WhatsApp_Image_2026-01-14_at_11.11.37.jpeg,E:\2. UM-Student\MSC Dissertation\Urban-Vision-Benchmark\Datasets\MTSD\Prepared\MTSD-Unaugmented\MTSD-YOLO\test\images\grp4_87ae19f5-WhatsApp_Image_2026-01-14_at_11.11.37.jpeg,654.07,1207.69,682.78,1397.77,0.4121,traffic sign,True,True,147.1,mtsd-p12
SAM 3.1,traffic sign,grp4_87ae19f5-WhatsApp_Image_2026-01-14_at_11.11.37.jpeg,E:\2. UM-Student\MSC Dissertation\Urban-Vision-Benchmark\Datasets\MTSD\Prepared\MTSD-Unaugmented\MTSD-YOLO\test\images\grp4_87ae19f5-WhatsApp_Image_2026-01-14_at_11.11.37.jpeg,587.72,949.89,822.13,1182.35,0.9375,traffic sign,True,True,147.1,mtsd-p12
SAM 3.1,traffic sign,grp4_87ae19f5-WhatsApp_Image_2026-01-14_at_11.11.37.jpeg,E:\2. UM-Student\MSC Dissertation\Urban-Vision-Benchmark\Datasets\MTSD\Prepared\MTSD-Unaugmented\MTSD-YOLO\test\images\grp4_87ae19f5-WhatsApp_Image_2026-01-14_at_11.11.37.jpeg,584.58,723.14,815.53,947.49,0.9141,traffic sign,True,True,147.1,mtsd-p12
SAM 3.1,traffic sign,grp4_8b497905-20260107_150756.jpg,E:\2. UM-Student\MSC Dissertation\Urban-Vision-Benchmark\Datasets\MTSD\Prepared\MTSD-Unaugmented\MTSD-YOLO\test\images\grp4_8b497905-20260107_150756.jpg,873.92,2035.05,1399.19,2346.32,0.4434,traffic sign,True,True,235.6,mtsd-p12
SAM 3.1,traffic sign,grp4_8b497905-20260107_150756.jpg,E:\2. UM-Student\MSC Dissertation\Urban-Vision-Benchmark\Datasets\MTSD\Prepared\MTSD-Unaugmented\MTSD-YOLO\test\images\grp4_8b497905-20260107_150756.jpg,174.66,2630.38,271.54,2733.16,0.8984,traffic sign,True,True,235.6,mtsd-p12
SAM 3.1,traffic sign,grp4_8b497905-20260107_150756.jpg,E:\2. UM-Student\MSC Dissertation\Urban-Vision-Benchmark\Datasets\MTSD\Prepared\MTSD-Unaugmented\MTSD-YOLO\test\images\grp4_8b497905-20260107_150756.jpg,752.84,802.98,1443.23,4080.0,0.3066,traffic sign,True,True,235.6,mtsd-p12
SAM 3.1,traffic sign,grp4_8b497905-20260107_150756.jpg,E:\2. UM-Student\MSC Dissertation\Urban-Vision-Benchmark\Datasets\MTSD\Prepared\MTSD-Unaugmented\MTSD-YOLO\test\images\grp4_8b497905-20260107_150756.jpg,830.67,1515.68,1368.56,2062.33,0.9453,traffic sign,True,True,235.6,mtsd-p12
SAM 3.1,traffic sign,grp4_8b497905-20260107_150756.jpg,E:\2. UM-Student\MSC Dissertation\Urban-Vision-Benchmark\Datasets\MTSD\Prepared\MTSD-Unaugmented\MTSD-YOLO\test\images\grp4_8b497905-20260107_150756.jpg,708.4,802.58,1440.89,1507.75,0.9492,traffic sign,True,True,235.6,mtsd-p12
SAM 3.1,traffic sign,grp4_8bd079ee-20260107_105937.jpg,E:\2. UM-Student\MSC Dissertation\Urban-Vision-Benchmark\Datasets\MTSD\Prepared\MTSD-Unaugmented\MTSD-YOLO\test\images\grp4_8bd079ee-20260107_105937.jpg,542.52,1111.6,1063.97,1644.12,0.9102,traffic sign,True,True,127.3,mtsd-p12
SAM 3.1,traffic sign,grp4_91f6056a-20251116_163806.jpg,E:\2. UM-Student\MSC Dissertation\Urban-Vision-Benchmark\Datasets\MTSD\Prepared\MTSD-Unaugmented\MTSD-YOLO\test\images\grp4_91f6056a-20251116_163806.jpg,,,,,,<no detections>,False,True,144.2,mtsd-p12
SAM 3.1,traffic sign,grp4_935db33c-20260107_105737.jpg,E:\2. UM-Student\MSC Dissertation\Urban-Vision-Benchmark\Datasets\MTSD\Prepared\MTSD-Unaugmented\MTSD-YOLO\test\images\grp4_935db33c-20260107_105737.jpg,750.56,1830.91,1536.07,2575.52,0.9453,traffic sign,True,True,219.8,mtsd-p12
SAM 3.1,traffic sign,grp4_935db33c-20260107_105737.jpg,E:\2. UM-Student\MSC Dissertation\Urban-Vision-Benchmark\Datasets\MTSD\Prepared\MTSD-Unaugmented\MTSD-YOLO\test\images\grp4_935db33c-20260107_105737.jpg,647.22,1064.71,1571.22,1822.39,0.9492,traffic sign,True,True,219.8,mtsd-p12
SAM 3.1,traffic sign,grp4_94287dbf-20260113_132935.jpg,E:\2. UM-Student\MSC Dissertation\Urban-Vision-Benchmark\Datasets\MTSD\Prepared\MTSD-Unaugmented\MTSD-YOLO\test\images\grp4_94287dbf-20260113_132935.jpg,941.83,1334.35,1779.85,2822.34,0.8555,traffic sign,True,True,203.7,mtsd-p12
SAM 3.1,traffic sign,grp4_9a8f607e-20251222_141532.jpg,E:\2. UM-Student\MSC Dissertation\Urban-Vision-Benchmark\Datasets\MTSD\Prepared\MTSD-Unaugmented\MTSD-YOLO\test\images\grp4_9a8f607e-20251222_141532.jpg,678.53,2129.91,2005.77,2734.02,0.7383,traffic sign,True,True,192.8,mtsd-p12
SAM 3.1,traffic sign,grp4_9a8f607e-20251222_141532.jpg,E:\2. UM-Student\MSC Dissertation\Urban-Vision-Benchmark\Datasets\MTSD\Prepared\MTSD-Unaugmented\MTSD-YOLO\test\images\grp4_9a8f607e-20251222_141532.jpg,376.14,701.4,2129.28,4000.0,0.4297,traffic sign,True,True,192.8,mtsd-p12
SAM 3.1,traffic sign,grp4_9a8f607e-20251222_141532.jpg,E:\2. UM-Student\MSC Dissertation\Urban-Vision-Benchmark\Datasets\MTSD\Prepared\MTSD-Unaugmented\MTSD-YOLO\test\images\grp4_9a8f607e-20251222_141532.jpg,379.66,687.14,2119.17,2303.2,0.7656,traffic sign,True,True,192.8,mtsd-p12
SAM 3.1,traffic sign,grp4_9c4db066-WhatsApp_Image_2026-01-14_at_10.34.44_2.jpeg,E:\2. UM-Student\MSC Dissertation\Urban-Vision-Benchmark\Datasets\MTSD\Prepared\MTSD-Unaugmented\MTSD-YOLO\test\images\grp4_9c4db066-WhatsApp_Image_2026-01-14_at_10.34.44_2.jpeg,528.7,822.32,545.82,837.52,0.6914,traffic sign,True,True,131.4,mtsd-p12
SAM 3.1,traffic sign,grp4_9c4db066-WhatsApp_Image_2026-01-14_at_10.34.44_2.jpeg,E:\2. UM-Student\MSC Dissertation\Urban-Vision-Benchmark\Datasets\MTSD\Prepared\MTSD-Unaugmented\MTSD-YOLO\test\images\grp4_9c4db066-WhatsApp_Image_2026-01-14_at_10.34.44_2.jpeg,134.59,873.07,149.14,905.48,0.6914,traffic sign,True,True,131.4,mtsd-p12
SAM 3.1,traffic sign,grp4_9c4db066-WhatsApp_Image_2026-01-14_at_10.34.44_2.jpeg,E:\2. UM-Student\MSC Dissertation\Urban-Vision-Benchmark\Datasets\MTSD\Prepared\MTSD-Unaugmented\MTSD-YOLO\test\images\grp4_9c4db066-WhatsApp_Image_2026-01-14_at_10.34.44_2.jpeg,150.39,856.31,158.71,869.07,0.4648,traffic sign,True,True,131.4,mtsd-p12
SAM 3.1,traffic sign,grp4_9c4db066-WhatsApp_Image_2026-01-14_at_10.34.44_2.jpeg,E:\2. UM-Student\MSC Dissertation\Urban-Vision-Benchmark\Datasets\MTSD\Prepared\MTSD-Unaugmented\MTSD-YOLO\test\images\grp4_9c4db066-WhatsApp_Image_2026-01-14_at_10.34.44_2.jpeg,157.68,416.36,404.99,1427.09,0.5938,traffic sign,True,True,131.4,mtsd-p12
SAM 3.1,traffic sign,grp4_9c4db066-WhatsApp_Image_2026-01-14_at_10.34.44_2.jpeg,E:\2. UM-Student\MSC Dissertation\Urban-Vision-Benchmark\Datasets\MTSD\Prepared\MTSD-Unaugmented\MTSD-YOLO\test\images\grp4_9c4db066-WhatsApp_Image_2026-01-14_at_10.34.44_2.jpeg,157.78,417.51,404.81,672.83,0.8672,traffic sign,True,True,131.4,mtsd-p12
SAM 3.1,traffic sign,grp4_a3952dcd-20251116_170721.jpg,E:\2. UM-Student\MSC Dissertation\Urban-Vision-Benchmark\Datasets\MTSD\Prepared\MTSD-Unaugmented\MTSD-YOLO\test\images\grp4_a3952dcd-20251116_170721.jpg,486.64,741.2,1189.96,2168.28,0.9023,traffic sign,True,True,154.1,mtsd-p12
SAM 3.1,traffic sign,grp4_a59df063-20251116_165440.jpg,E:\2. UM-Student\MSC Dissertation\Urban-Vision-Benchmark\Datasets\MTSD\Prepared\MTSD-Unaugmented\MTSD-YOLO\test\images\grp4_a59df063-20251116_165440.jpg,1808.86,3074.73,1883.23,3153.59,0.8633,traffic sign,True,True,171.3,mtsd-p12
SAM 3.1,traffic sign,grp4_a59df063-20251116_165440.jpg,E:\2. UM-Student\MSC Dissertation\Urban-Vision-Benchmark\Datasets\MTSD\Prepared\MTSD-Unaugmented\MTSD-YOLO\test\images\grp4_a59df063-20251116_165440.jpg,1813.67,3072.2,1882.51,3446.97,0.3477,traffic sign,True,True,171.3,mtsd-p12
SAM 3.1,traffic sign,grp4_a59df063-20251116_165440.jpg,E:\2. UM-Student\MSC Dissertation\Urban-Vision-Benchmark\Datasets\MTSD\Prepared\MTSD-Unaugmented\MTSD-YOLO\test\images\grp4_a59df063-20251116_165440.jpg,223.88,883.71,1319.99,2240.51,0.9375,traffic sign,True,True,171.3,mtsd-p12
SAM 3.1,traffic sign,grp4_a59df063-20251116_165440.jpg,E:\2. UM-Student\MSC Dissertation\Urban-Vision-Benchmark\Datasets\MTSD\Prepared\MTSD-Unaugmented\MTSD-YOLO\test\images\grp4_a59df063-20251116_165440.jpg,469.44,3136.83,516.68,3225.39,0.3477,traffic sign,True,True,171.3,mtsd-p12
SAM 3.1,traffic sign,grp4_abe76f20-20260109_124535.jpg,E:\2. UM-Student\MSC Dissertation\Urban-Vision-Benchmark\Datasets\MTSD\Prepared\MTSD-Unaugmented\MTSD-YOLO\test\images\grp4_abe76f20-20260109_124535.jpg,750.9,286.54,2096.01,2612.31,0.8945,traffic sign,True,True,190.7,mtsd-p12
SAM 3.1,traffic sign,grp4_b3745e21-20251222_142059.jpg,E:\2. UM-Student\MSC Dissertation\Urban-Vision-Benchmark\Datasets\MTSD\Prepared\MTSD-Unaugmented\MTSD-YOLO\test\images\grp4_b3745e21-20251222_142059.jpg,803.91,576.09,1738.03,4000.0,0.3398,traffic sign,True,True,194.0,mtsd-p12
SAM 3.1,traffic sign,grp4_b3745e21-20251222_142059.jpg,E:\2. UM-Student\MSC Dissertation\Urban-Vision-Benchmark\Datasets\MTSD\Prepared\MTSD-Unaugmented\MTSD-YOLO\test\images\grp4_b3745e21-20251222_142059.jpg,807.74,573.95,1728.94,2234.22,0.8594,traffic sign,True,True,194.0,mtsd-p12
SAM 3.1,traffic sign,grp4_b3d0eaa4-20251116_163427.jpg,E:\2. UM-Student\MSC Dissertation\Urban-Vision-Benchmark\Datasets\MTSD\Prepared\MTSD-Unaugmented\MTSD-YOLO\test\images\grp4_b3d0eaa4-20251116_163427.jpg,288.15,835.07,663.91,1384.88,0.4238,traffic sign,True,True,200.5,mtsd-p12
SAM 3.1,traffic sign,grp4_b3d0eaa4-20251116_163427.jpg,E:\2. UM-Student\MSC Dissertation\Urban-Vision-Benchmark\Datasets\MTSD\Prepared\MTSD-Unaugmented\MTSD-YOLO\test\images\grp4_b3d0eaa4-20251116_163427.jpg,28.58,467.13,918.68,2501.8,0.9062,traffic sign,True,True,200.5,mtsd-p12
SAM 3.1,traffic sign,grp4_b3d0eaa4-20251116_163427.jpg,E:\2. UM-Student\MSC Dissertation\Urban-Vision-Benchmark\Datasets\MTSD\Prepared\MTSD-Unaugmented\MTSD-YOLO\test\images\grp4_b3d0eaa4-20251116_163427.jpg,891.45,1239.25,1424.64,2331.99,0.6211,traffic sign,True,True,200.5,mtsd-p12
SAM 3.1,traffic sign,grp4_bdef9845-20260109_130552.jpg,E:\2. UM-Student\MSC Dissertation\Urban-Vision-Benchmark\Datasets\MTSD\Prepared\MTSD-Unaugmented\MTSD-YOLO\test\images\grp4_bdef9845-20260109_130552.jpg,679.42,2422.83,1798.31,3650.29,0.4941,traffic sign,True,True,169.7,mtsd-p12
SAM 3.1,traffic sign,grp4_bdef9845-20260109_130552.jpg,E:\2. UM-Student\MSC Dissertation\Urban-Vision-Benchmark\Datasets\MTSD\Prepared\MTSD-Unaugmented\MTSD-YOLO\test\images\grp4_bdef9845-20260109_130552.jpg,741.19,1269.84,1975.33,2349.83,0.5078,traffic sign,True,True,169.7,mtsd-p12
SAM 3.1,traffic sign,grp4_c3a633b2-20251116_162903.jpg,E:\2. UM-Student\MSC Dissertation\Urban-Vision-Benchmark\Datasets\MTSD\Prepared\MTSD-Unaugmented\MTSD-YOLO\test\images\grp4_c3a633b2-20251116_162903.jpg,1582.01,710.27,1947.91,1234.7,0.4004,traffic sign,True,True,182.6,mtsd-p12
SAM 3.1,traffic sign,grp4_c3a633b2-20251116_162903.jpg,E:\2. UM-Student\MSC Dissertation\Urban-Vision-Benchmark\Datasets\MTSD\Prepared\MTSD-Unaugmented\MTSD-YOLO\test\images\grp4_c3a633b2-20251116_162903.jpg,296.47,1163.39,562.64,3320.75,0.457,traffic sign,True,True,182.6,mtsd-p12
SAM 3.1,traffic sign,grp4_c3a633b2-20251116_162903.jpg,E:\2. UM-Student\MSC Dissertation\Urban-Vision-Benchmark\Datasets\MTSD\Prepared\MTSD-Unaugmented\MTSD-YOLO\test\images\grp4_c3a633b2-20251116_162903.jpg,296.89,1161.82,493.6,1776.81,0.8125,traffic sign,True,True,182.6,mtsd-p12
SAM 3.1,traffic sign,grp4_c909a40a-20251222_142239.jpg,E:\2. UM-Student\MSC Dissertation\Urban-Vision-Benchmark\Datasets\MTSD\Prepared\MTSD-Unaugmented\MTSD-YOLO\test\images\grp4_c909a40a-20251222_142239.jpg,528.36,562.54,2031.89,2011.51,0.8828,traffic sign,True,True,200.9,mtsd-p12
SAM 3.1,traffic sign,grp4_cbb400e9-WhatsApp_Image_2026-01-14_at_11.10.25.jpeg,E:\2. UM-Student\MSC Dissertation\Urban-Vision-Benchmark\Datasets\MTSD\Prepared\MTSD-Unaugmented\MTSD-YOLO\test\images\grp4_cbb400e9-WhatsApp_Image_2026-01-14_at_11.10.25.jpeg,,,,,,<no detections>,False,True,120.0,mtsd-p12
SAM 3.1,traffic sign,grp4_cdcb1057-WhatsApp_Image_2026-01-14_at_11.11.40_1.jpeg,E:\2. UM-Student\MSC Dissertation\Urban-Vision-Benchmark\Datasets\MTSD\Prepared\MTSD-Unaugmented\MTSD-YOLO\test\images\grp4_cdcb1057-WhatsApp_Image_2026-01-14_at_11.11.40_1.jpeg,969.75,772.57,980.33,783.36,0.6094,traffic sign,True,True,180.2,mtsd-p12
SAM 3.1,traffic sign,grp4_cdcb1057-WhatsApp_Image_2026-01-14_at_11.11.40_1.jpeg,E:\2. UM-Student\MSC Dissertation\Urban-Vision-Benchmark\Datasets\MTSD\Prepared\MTSD-Unaugmented\MTSD-YOLO\test\images\grp4_cdcb1057-WhatsApp_Image_2026-01-14_at_11.11.40_1.jpeg,526.06,845.97,571.57,889.68,0.8672,traffic sign,True,True,180.2,mtsd-p12
SAM 3.1,traffic sign,grp4_cdcb1057-WhatsApp_Image_2026-01-14_at_11.11.40_1.jpeg,E:\2. UM-Student\MSC Dissertation\Urban-Vision-Benchmark\Datasets\MTSD\Prepared\MTSD-Unaugmented\MTSD-YOLO\test\images\grp4_cdcb1057-WhatsApp_Image_2026-01-14_at_11.11.40_1.jpeg,1320.8,696.81,1372.6,950.85,0.4785,traffic sign,True,True,180.2,mtsd-p12
SAM 3.1,traffic sign,grp4_cdcb1057-WhatsApp_Image_2026-01-14_at_11.11.40_1.jpeg,E:\2. UM-Student\MSC Dissertation\Urban-Vision-Benchmark\Datasets\MTSD\Prepared\MTSD-Unaugmented\MTSD-YOLO\test\images\grp4_cdcb1057-WhatsApp_Image_2026-01-14_at_11.11.40_1.jpeg,234.33,743.85,261.73,770.07,0.7461,traffic sign,True,True,180.2,mtsd-p12
SAM 3.1,traffic sign,grp4_cdcb1057-WhatsApp_Image_2026-01-14_at_11.11.40_1.jpeg,E:\2. UM-Student\MSC Dissertation\Urban-Vision-Benchmark\Datasets\MTSD\Prepared\MTSD-Unaugmented\MTSD-YOLO\test\images\grp4_cdcb1057-WhatsApp_Image_2026-01-14_at_11.11.40_1.jpeg,349.99,840.61,398.67,884.08,0.8594,traffic sign,True,True,180.2,mtsd-p12
SAM 3.1,traffic sign,grp4_cdcb1057-WhatsApp_Image_2026-01-14_at_11.11.40_1.jpeg,E:\2. UM-Student\MSC Dissertation\Urban-Vision-Benchmark\Datasets\MTSD\Prepared\MTSD-Unaugmented\MTSD-YOLO\test\images\grp4_cdcb1057-WhatsApp_Image_2026-01-14_at_11.11.40_1.jpeg,656.01,733.58,670.3,765.59,0.4453,traffic sign,True,True,180.2,mtsd-p12
SAM 3.1,traffic sign,grp4_cdcb1057-WhatsApp_Image_2026-01-14_at_11.11.40_1.jpeg,E:\2. UM-Student\MSC Dissertation\Urban-Vision-Benchmark\Datasets\MTSD\Prepared\MTSD-Unaugmented\MTSD-YOLO\test\images\grp4_cdcb1057-WhatsApp_Image_2026-01-14_at_11.11.40_1.jpeg,1320.12,695.41,1371.73,746.77,0.8867,traffic sign,True,True,180.2,mtsd-p12
SAM 3.1,traffic sign,grp4_d1c1ed24-20260113_130204.jpg,E:\2. UM-Student\MSC Dissertation\Urban-Vision-Benchmark\Datasets\MTSD\Prepared\MTSD-Unaugmented\MTSD-YOLO\test\images\grp4_d1c1ed24-20260113_130204.jpg,1055.6,1573.67,1834.55,2331.46,0.875,traffic sign,True,True,166.2,mtsd-p12
SAM 3.1,traffic sign,grp4_d2b85a88-20251116_163522.jpg,E:\2. UM-Student\MSC Dissertation\Urban-Vision-Benchmark\Datasets\MTSD\Prepared\MTSD-Unaugmented\MTSD-YOLO\test\images\grp4_d2b85a88-20251116_163522.jpg,,,,,,<no detections>,False,True,138.9,mtsd-p12
SAM 3.1,traffic sign,grp4_d3d2c193-20260109_124357.jpg,E:\2. UM-Student\MSC Dissertation\Urban-Vision-Benchmark\Datasets\MTSD\Prepared\MTSD-Unaugmented\MTSD-YOLO\test\images\grp4_d3d2c193-20260109_124357.jpg,386.04,589.29,1933.71,2521.24,0.5078,traffic sign,True,True,149.8,mtsd-p12
SAM 3.1,traffic sign,grp4_d4ed28aa-20251222_141346.jpg,E:\2. UM-Student\MSC Dissertation\Urban-Vision-Benchmark\Datasets\MTSD\Prepared\MTSD-Unaugmented\MTSD-YOLO\test\images\grp4_d4ed28aa-20251222_141346.jpg,588.68,523.72,2174.39,2301.29,0.5938,traffic sign,True,True,158.6,mtsd-p12
SAM 3.1,traffic sign,grp4_d5aaacb6-20251116_165125.jpg,E:\2. UM-Student\MSC Dissertation\Urban-Vision-Benchmark\Datasets\MTSD\Prepared\MTSD-Unaugmented\MTSD-YOLO\test\images\grp4_d5aaacb6-20251116_165125.jpg,269.6,3097.99,497.39,3353.14,0.8359,traffic sign,True,True,210.5,mtsd-p12
SAM 3.1,traffic sign,grp4_d5aaacb6-20251116_165125.jpg,E:\2. UM-Student\MSC Dissertation\Urban-Vision-Benchmark\Datasets\MTSD\Prepared\MTSD-Unaugmented\MTSD-YOLO\test\images\grp4_d5aaacb6-20251116_165125.jpg,293.23,1617.92,1817.43,3152.04,0.7539,traffic sign,True,True,210.5,mtsd-p12
SAM 3.1,traffic sign,grp4_d5aaacb6-20251116_165125.jpg,E:\2. UM-Student\MSC Dissertation\Urban-Vision-Benchmark\Datasets\MTSD\Prepared\MTSD-Unaugmented\MTSD-YOLO\test\images\grp4_d5aaacb6-20251116_165125.jpg,584.29,882.81,1569.78,1888.64,0.7773,traffic sign,True,True,210.5,mtsd-p12
SAM 3.1,traffic sign,grp4_d5aaacb6-20251116_165125.jpg,E:\2. UM-Student\MSC Dissertation\Urban-Vision-Benchmark\Datasets\MTSD\Prepared\MTSD-Unaugmented\MTSD-YOLO\test\images\grp4_d5aaacb6-20251116_165125.jpg,269.48,3097.87,498.99,4080.0,0.3711,traffic sign,True,True,210.5,mtsd-p12
SAM 3.1,traffic sign,grp4_d78448ea-20251117_105829.jpg,E:\2. UM-Student\MSC Dissertation\Urban-Vision-Benchmark\Datasets\MTSD\Prepared\MTSD-Unaugmented\MTSD-YOLO\test\images\grp4_d78448ea-20251117_105829.jpg,13.13,3245.54,226.98,3458.87,0.8242,traffic sign,True,True,197.5,mtsd-p12
SAM 3.1,traffic sign,grp4_d78448ea-20251117_105829.jpg,E:\2. UM-Student\MSC Dissertation\Urban-Vision-Benchmark\Datasets\MTSD\Prepared\MTSD-Unaugmented\MTSD-YOLO\test\images\grp4_d78448ea-20251117_105829.jpg,439.82,845.58,2131.64,2638.14,0.7188,traffic sign,True,True,197.5,mtsd-p12
SAM 3.1,traffic sign,grp4_d78448ea-20251117_105829.jpg,E:\2. UM-Student\MSC Dissertation\Urban-Vision-Benchmark\Datasets\MTSD\Prepared\MTSD-Unaugmented\MTSD-YOLO\test\images\grp4_d78448ea-20251117_105829.jpg,438.62,854.28,2136.14,3991.0,0.3359,traffic sign,True,True,197.5,mtsd-p12
SAM 3.1,traffic sign,grp4_d8a007d5-20260109_123932.jpg,E:\2. UM-Student\MSC Dissertation\Urban-Vision-Benchmark\Datasets\MTSD\Prepared\MTSD-Unaugmented\MTSD-YOLO\test\images\grp4_d8a007d5-20260109_123932.jpg,531.54,2158.23,1895.35,4000.0,0.9414,traffic sign,True,True,200.6,mtsd-p12
SAM 3.1,traffic sign,grp4_d8a007d5-20260109_123932.jpg,E:\2. UM-Student\MSC Dissertation\Urban-Vision-Benchmark\Datasets\MTSD\Prepared\MTSD-Unaugmented\MTSD-YOLO\test\images\grp4_d8a007d5-20260109_123932.jpg,712.85,130.93,1706.48,2296.6,0.9375,traffic sign,True,True,200.6,mtsd-p12
SAM 3.1,traffic sign,grp4_db6dffba-WhatsApp_Image_2026-01-14_at_11.12.35_1.jpeg,E:\2. UM-Student\MSC Dissertation\Urban-Vision-Benchmark\Datasets\MTSD\Prepared\MTSD-Unaugmented\MTSD-YOLO\test\images\grp4_db6dffba-WhatsApp_Image_2026-01-14_at_11.12.35_1.jpeg,1209.64,1177.3,1267.17,1335.06,0.6133,traffic sign,True,True,139.5,mtsd-p12
SAM 3.1,traffic sign,grp4_db6dffba-WhatsApp_Image_2026-01-14_at_11.12.35_1.jpeg,E:\2. UM-Student\MSC Dissertation\Urban-Vision-Benchmark\Datasets\MTSD\Prepared\MTSD-Unaugmented\MTSD-YOLO\test\images\grp4_db6dffba-WhatsApp_Image_2026-01-14_at_11.12.35_1.jpeg,1288.94,1304.56,1340.4,1342.57,0.5117,traffic sign,True,True,139.5,mtsd-p12
SAM 3.1,traffic sign,grp4_db6dffba-WhatsApp_Image_2026-01-14_at_11.12.35_1.jpeg,E:\2. UM-Student\MSC Dissertation\Urban-Vision-Benchmark\Datasets\MTSD\Prepared\MTSD-Unaugmented\MTSD-YOLO\test\images\grp4_db6dffba-WhatsApp_Image_2026-01-14_at_11.12.35_1.jpeg,480.83,939.23,633.57,1230.37,0.6836,traffic sign,True,True,139.5,mtsd-p12
SAM 3.1,traffic sign,grp4_db6dffba-WhatsApp_Image_2026-01-14_at_11.12.35_1.jpeg,E:\2. UM-Student\MSC Dissertation\Urban-Vision-Benchmark\Datasets\MTSD\Prepared\MTSD-Unaugmented\MTSD-YOLO\test\images\grp4_db6dffba-WhatsApp_Image_2026-01-14_at_11.12.35_1.jpeg,1143.55,1155.95,1193.93,1320.45,0.4785,traffic sign,True,True,139.5,mtsd-p12
SAM 3.1,traffic sign,grp4_dd2a03a9-20251222_132847.jpg,E:\2. UM-Student\MSC Dissertation\Urban-Vision-Benchmark\Datasets\MTSD\Prepared\MTSD-Unaugmented\MTSD-YOLO\test\images\grp4_dd2a03a9-20251222_132847.jpg,,,,,,<no detections>,False,True,154.7,mtsd-p12
SAM 3.1,traffic sign,grp4_ddd42f22-20251116_162542.jpg,E:\2. UM-Student\MSC Dissertation\Urban-Vision-Benchmark\Datasets\MTSD\Prepared\MTSD-Unaugmented\MTSD-YOLO\test\images\grp4_ddd42f22-20251116_162542.jpg,921.54,1805.73,1391.57,2293.38,0.8945,traffic sign,True,True,192.2,mtsd-p12
SAM 3.1,traffic sign,grp4_ddd42f22-20251116_162542.jpg,E:\2. UM-Student\MSC Dissertation\Urban-Vision-Benchmark\Datasets\MTSD\Prepared\MTSD-Unaugmented\MTSD-YOLO\test\images\grp4_ddd42f22-20251116_162542.jpg,907.45,2117.0,1425.7,2525.88,0.5898,traffic sign,True,True,192.2,mtsd-p12
SAM 3.1,traffic sign,grp4_dddb030d-20251230_104127.jpg,E:\2. UM-Student\MSC Dissertation\Urban-Vision-Benchmark\Datasets\MTSD\Prepared\MTSD-Unaugmented\MTSD-YOLO\test\images\grp4_dddb030d-20251230_104127.jpg,415.88,907.17,2199.41,2672.66,0.6523,traffic sign,True,True,428.2,mtsd-p12
SAM 3.1,traffic sign,grp4_dddb030d-20251230_104127.jpg,E:\2. UM-Student\MSC Dissertation\Urban-Vision-Benchmark\Datasets\MTSD\Prepared\MTSD-Unaugmented\MTSD-YOLO\test\images\grp4_dddb030d-20251230_104127.jpg,2744.29,2329.87,2817.13,2402.84,0.7578,traffic sign,True,True,428.2,mtsd-p12
SAM 3.1,traffic sign,grp4_dddb030d-20251230_104127.jpg,E:\2. UM-Student\MSC Dissertation\Urban-Vision-Benchmark\Datasets\MTSD\Prepared\MTSD-Unaugmented\MTSD-YOLO\test\images\grp4_dddb030d-20251230_104127.jpg,414.33,13.97,2208.77,2685.86,0.4004,traffic sign,True,True,428.2,mtsd-p12
SAM 3.1,traffic sign,grp4_dddb030d-20251230_104127.jpg,E:\2. UM-Student\MSC Dissertation\Urban-Vision-Benchmark\Datasets\MTSD\Prepared\MTSD-Unaugmented\MTSD-YOLO\test\images\grp4_dddb030d-20251230_104127.jpg,404.79,9.35,2191.2,3981.44,0.3926,traffic sign,True,True,428.2,mtsd-p12
SAM 3.1,traffic sign,grp4_dddb030d-20251230_104127.jpg,E:\2. UM-Student\MSC Dissertation\Urban-Vision-Benchmark\Datasets\MTSD\Prepared\MTSD-Unaugmented\MTSD-YOLO\test\images\grp4_dddb030d-20251230_104127.jpg,2777.83,2224.69,2853.11,2328.93,0.3613,traffic sign,True,True,428.2,mtsd-p12
SAM 3.1,traffic sign,grp4_dddb030d-20251230_104127.jpg,E:\2. UM-Student\MSC Dissertation\Urban-Vision-Benchmark\Datasets\MTSD\Prepared\MTSD-Unaugmented\MTSD-YOLO\test\images\grp4_dddb030d-20251230_104127.jpg,739.26,0.0,1918.55,845.1,0.5742,traffic sign,True,True,428.2,mtsd-p12
SAM 3.1,traffic sign,grp4_dddb030d-20251230_104127.jpg,E:\2. UM-Student\MSC Dissertation\Urban-Vision-Benchmark\Datasets\MTSD\Prepared\MTSD-Unaugmented\MTSD-YOLO\test\images\grp4_dddb030d-20251230_104127.jpg,2717.56,2398.85,2776.79,2556.27,0.3516,traffic sign,True,True,428.2,mtsd-p12
SAM 3.1,traffic sign,grp4_df0bccf2-WhatsApp_Image_2026-01-14_at_11.12.00.jpeg,E:\2. UM-Student\MSC Dissertation\Urban-Vision-Benchmark\Datasets\MTSD\Prepared\MTSD-Unaugmented\MTSD-YOLO\test\images\grp4_df0bccf2-WhatsApp_Image_2026-01-14_at_11.12.00.jpeg,1587.68,649.86,1710.07,763.55,0.918,traffic sign,True,True,145.9,mtsd-p12
SAM 3.1,traffic sign,grp4_df0bccf2-WhatsApp_Image_2026-01-14_at_11.12.00.jpeg,E:\2. UM-Student\MSC Dissertation\Urban-Vision-Benchmark\Datasets\MTSD\Prepared\MTSD-Unaugmented\MTSD-YOLO\test\images\grp4_df0bccf2-WhatsApp_Image_2026-01-14_at_11.12.00.jpeg,1061.16,812.71,1084.53,923.48,0.3867,traffic sign,True,True,145.9,mtsd-p12
SAM 3.1,traffic sign,grp4_df0bccf2-WhatsApp_Image_2026-01-14_at_11.12.00.jpeg,E:\2. UM-Student\MSC Dissertation\Urban-Vision-Benchmark\Datasets\MTSD\Prepared\MTSD-Unaugmented\MTSD-YOLO\test\images\grp4_df0bccf2-WhatsApp_Image_2026-01-14_at_11.12.00.jpeg,367.86,698.93,456.66,1075.8,0.4082,traffic sign,True,True,145.9,mtsd-p12
SAM 3.1,traffic sign,grp4_df0bccf2-WhatsApp_Image_2026-01-14_at_11.12.00.jpeg,E:\2. UM-Student\MSC Dissertation\Urban-Vision-Benchmark\Datasets\MTSD\Prepared\MTSD-Unaugmented\MTSD-YOLO\test\images\grp4_df0bccf2-WhatsApp_Image_2026-01-14_at_11.12.00.jpeg,698.26,820.94,723.96,847.4,0.8203,traffic sign,True,True,145.9,mtsd-p12
SAM 3.1,traffic sign,grp4_df0bccf2-WhatsApp_Image_2026-01-14_at_11.12.00.jpeg,E:\2. UM-Student\MSC Dissertation\Urban-Vision-Benchmark\Datasets\MTSD\Prepared\MTSD-Unaugmented\MTSD-YOLO\test\images\grp4_df0bccf2-WhatsApp_Image_2026-01-14_at_11.12.00.jpeg,368.53,699.33,457.71,783.26,0.9258,traffic sign,True,True,145.9,mtsd-p12
SAM 3.1,traffic sign,grp4_df0bccf2-WhatsApp_Image_2026-01-14_at_11.12.00.jpeg,E:\2. UM-Student\MSC Dissertation\Urban-Vision-Benchmark\Datasets\MTSD\Prepared\MTSD-Unaugmented\MTSD-YOLO\test\images\grp4_df0bccf2-WhatsApp_Image_2026-01-14_at_11.12.00.jpeg,1585.66,647.96,1711.77,1179.51,0.4609,traffic sign,True,True,145.9,mtsd-p12
SAM 3.1,traffic sign,grp4_df0bccf2-WhatsApp_Image_2026-01-14_at_11.12.00.jpeg,E:\2. UM-Student\MSC Dissertation\Urban-Vision-Benchmark\Datasets\MTSD\Prepared\MTSD-Unaugmented\MTSD-YOLO\test\images\grp4_df0bccf2-WhatsApp_Image_2026-01-14_at_11.12.00.jpeg,1061.25,813.95,1082.32,839.07,0.8164,traffic sign,True,True,145.9,mtsd-p12
SAM 3.1,traffic sign,grp4_dfec1b25-20260107_105532.jpg,E:\2. UM-Student\MSC Dissertation\Urban-Vision-Benchmark\Datasets\MTSD\Prepared\MTSD-Unaugmented\MTSD-YOLO\test\images\grp4_dfec1b25-20260107_105532.jpg,245.94,300.77,1247.07,2438.0,0.4297,traffic sign,True,True,133.2,mtsd-p12
SAM 3.1,traffic sign,grp4_dfec1b25-20260107_105532.jpg,E:\2. UM-Student\MSC Dissertation\Urban-Vision-Benchmark\Datasets\MTSD\Prepared\MTSD-Unaugmented\MTSD-YOLO\test\images\grp4_dfec1b25-20260107_105532.jpg,348.69,1103.2,1199.43,1886.02,0.7891,traffic sign,True,True,133.2,mtsd-p12
SAM 3.1,traffic sign,grp4_dfec1b25-20260107_105532.jpg,E:\2. UM-Student\MSC Dissertation\Urban-Vision-Benchmark\Datasets\MTSD\Prepared\MTSD-Unaugmented\MTSD-YOLO\test\images\grp4_dfec1b25-20260107_105532.jpg,238.92,306.62,1254.26,1096.3,0.8008,traffic sign,True,True,133.2,mtsd-p12
SAM 3.1,traffic sign,grp4_e3a6bacf-20251222_140739.jpg,E:\2. UM-Student\MSC Dissertation\Urban-Vision-Benchmark\Datasets\MTSD\Prepared\MTSD-Unaugmented\MTSD-YOLO\test\images\grp4_e3a6bacf-20251222_140739.jpg,857.68,791.05,1745.19,4000.0,0.4922,traffic sign,True,True,345.6,mtsd-p12
SAM 3.1,traffic sign,grp4_e3a6bacf-20251222_140739.jpg,E:\2. UM-Student\MSC Dissertation\Urban-Vision-Benchmark\Datasets\MTSD\Prepared\MTSD-Unaugmented\MTSD-YOLO\test\images\grp4_e3a6bacf-20251222_140739.jpg,2854.75,3080.31,2892.0,3130.99,0.6523,traffic sign,True,True,345.6,mtsd-p12
SAM 3.1,traffic sign,grp4_e3a6bacf-20251222_140739.jpg,E:\2. UM-Student\MSC Dissertation\Urban-Vision-Benchmark\Datasets\MTSD\Prepared\MTSD-Unaugmented\MTSD-YOLO\test\images\grp4_e3a6bacf-20251222_140739.jpg,2077.87,3083.38,2112.72,3136.76,0.4219,traffic sign,True,True,345.6,mtsd-p12
SAM 3.1,traffic sign,grp4_e3a6bacf-20251222_140739.jpg,E:\2. UM-Student\MSC Dissertation\Urban-Vision-Benchmark\Datasets\MTSD\Prepared\MTSD-Unaugmented\MTSD-YOLO\test\images\grp4_e3a6bacf-20251222_140739.jpg,860.0,790.55,1744.51,2099.94,0.8906,traffic sign,True,True,345.6,mtsd-p12
SAM 3.1,traffic sign,grp4_e3a6bacf-20251222_140739.jpg,E:\2. UM-Student\MSC Dissertation\Urban-Vision-Benchmark\Datasets\MTSD\Prepared\MTSD-Unaugmented\MTSD-YOLO\test\images\grp4_e3a6bacf-20251222_140739.jpg,2172.23,3216.59,2208.12,3264.25,0.668,traffic sign,True,True,345.6,mtsd-p12
SAM 3.1,traffic sign,grp4_e3a6bacf-20251222_140739.jpg,E:\2. UM-Student\MSC Dissertation\Urban-Vision-Benchmark\Datasets\MTSD\Prepared\MTSD-Unaugmented\MTSD-YOLO\test\images\grp4_e3a6bacf-20251222_140739.jpg,2591.35,3029.36,2625.48,3066.69,0.3379,traffic sign,True,True,345.6,mtsd-p12
SAM 3.1,traffic sign,grp4_e47a8d80-20251116_163051.jpg,E:\2. UM-Student\MSC Dissertation\Urban-Vision-Benchmark\Datasets\MTSD\Prepared\MTSD-Unaugmented\MTSD-YOLO\test\images\grp4_e47a8d80-20251116_163051.jpg,988.78,1227.23,1365.65,2916.38,0.5391,traffic sign,True,True,152.5,mtsd-p12
SAM 3.1,traffic sign,grp4_e63ad5ed-WhatsApp_Image_2026-01-14_at_11.10.19_1.jpeg,E:\2. UM-Student\MSC Dissertation\Urban-Vision-Benchmark\Datasets\MTSD\Prepared\MTSD-Unaugmented\MTSD-YOLO\test\images\grp4_e63ad5ed-WhatsApp_Image_2026-01-14_at_11.10.19_1.jpeg,535.19,758.97,902.34,1121.38,0.8555,traffic sign,True,True,139.6,mtsd-p12
SAM 3.1,traffic sign,grp4_e63ad5ed-WhatsApp_Image_2026-01-14_at_11.10.19_1.jpeg,E:\2. UM-Student\MSC Dissertation\Urban-Vision-Benchmark\Datasets\MTSD\Prepared\MTSD-Unaugmented\MTSD-YOLO\test\images\grp4_e63ad5ed-WhatsApp_Image_2026-01-14_at_11.10.19_1.jpeg,249.07,1322.79,307.94,1375.16,0.4023,traffic sign,True,True,139.6,mtsd-p12
SAM 3.1,traffic sign,grp4_e63ad5ed-WhatsApp_Image_2026-01-14_at_11.10.19_1.jpeg,E:\2. UM-Student\MSC Dissertation\Urban-Vision-Benchmark\Datasets\MTSD\Prepared\MTSD-Unaugmented\MTSD-YOLO\test\images\grp4_e63ad5ed-WhatsApp_Image_2026-01-14_at_11.10.19_1.jpeg,534.53,753.86,903.43,1996.24,0.3926,traffic sign,True,True,139.6,mtsd-p12
SAM 3.1,traffic sign,grp4_f171227c-20251222_132239.jpg,E:\2. UM-Student\MSC Dissertation\Urban-Vision-Benchmark\Datasets\MTSD\Prepared\MTSD-Unaugmented\MTSD-YOLO\test\images\grp4_f171227c-20251222_132239.jpg,0.0,879.29,1193.3,1619.59,0.832,traffic sign,True,True,252.5,mtsd-p12
SAM 3.1,traffic sign,grp4_f171227c-20251222_132239.jpg,E:\2. UM-Student\MSC Dissertation\Urban-Vision-Benchmark\Datasets\MTSD\Prepared\MTSD-Unaugmented\MTSD-YOLO\test\images\grp4_f171227c-20251222_132239.jpg,0.0,0.0,1437.43,1185.0,0.8867,traffic sign,True,True,252.5,mtsd-p12
SAM 3.1,traffic sign,grp4_f171227c-20251222_132239.jpg,E:\2. UM-Student\MSC Dissertation\Urban-Vision-Benchmark\Datasets\MTSD\Prepared\MTSD-Unaugmented\MTSD-YOLO\test\images\grp4_f171227c-20251222_132239.jpg,1001.23,942.36,1633.27,2205.63,0.5352,traffic sign,True,True,252.5,mtsd-p12
SAM 3.1,traffic sign,grp4_f1d0d896-WhatsApp_Image_2026-01-14_at_11.12.20.jpeg,E:\2. UM-Student\MSC Dissertation\Urban-Vision-Benchmark\Datasets\MTSD\Prepared\MTSD-Unaugmented\MTSD-YOLO\test\images\grp4_f1d0d896-WhatsApp_Image_2026-01-14_at_11.12.20.jpeg,543.19,832.48,831.82,2000.0,0.3809,traffic sign,True,True,144.0,mtsd-p12
SAM 3.1,traffic sign,grp4_f1d0d896-WhatsApp_Image_2026-01-14_at_11.12.20.jpeg,E:\2. UM-Student\MSC Dissertation\Urban-Vision-Benchmark\Datasets\MTSD\Prepared\MTSD-Unaugmented\MTSD-YOLO\test\images\grp4_f1d0d896-WhatsApp_Image_2026-01-14_at_11.12.20.jpeg,543.8,834.88,828.36,1224.73,0.8828,traffic sign,True,True,144.0,mtsd-p12
SAM 3.1,traffic sign,grp4_fa665131-WhatsApp_Image_2026-01-14_at_11.12.04.jpeg,E:\2. UM-Student\MSC Dissertation\Urban-Vision-Benchmark\Datasets\MTSD\Prepared\MTSD-Unaugmented\MTSD-YOLO\test\images\grp4_fa665131-WhatsApp_Image_2026-01-14_at_11.12.04.jpeg,568.93,557.13,791.22,2000.0,0.5469,traffic sign,True,True,130.5,mtsd-p12
SAM 3.1,traffic sign,grp4_fa665131-WhatsApp_Image_2026-01-14_at_11.12.04.jpeg,E:\2. UM-Student\MSC Dissertation\Urban-Vision-Benchmark\Datasets\MTSD\Prepared\MTSD-Unaugmented\MTSD-YOLO\test\images\grp4_fa665131-WhatsApp_Image_2026-01-14_at_11.12.04.jpeg,571.83,557.0,787.76,1134.56,0.8516,traffic sign,True,True,130.5,mtsd-p12
SAM 3.1,traffic sign,grp4_fe8b41fc-WhatsApp_Image_2026-01-14_at_11.10.21_3.jpeg,E:\2. UM-Student\MSC Dissertation\Urban-Vision-Benchmark\Datasets\MTSD\Prepared\MTSD-Unaugmented\MTSD-YOLO\test\images\grp4_fe8b41fc-WhatsApp_Image_2026-01-14_at_11.10.21_3.jpeg,644.95,1079.83,1092.34,1557.13,0.5,traffic sign,True,True,135.1,mtsd-p12
SAM 3.1,traffic sign,grp4_fe8b41fc-WhatsApp_Image_2026-01-14_at_11.10.21_3.jpeg,E:\2. UM-Student\MSC Dissertation\Urban-Vision-Benchmark\Datasets\MTSD\Prepared\MTSD-Unaugmented\MTSD-YOLO\test\images\grp4_fe8b41fc-WhatsApp_Image_2026-01-14_at_11.10.21_3.jpeg,623.24,588.18,905.83,1087.61,0.4492,traffic sign,True,True,135.1,mtsd-p12
SAM 3.1,traffic sign,grp4_ffdc6f75-WhatsApp_Image_2026-01-14_at_11.10.20.jpeg,E:\2. UM-Student\MSC Dissertation\Urban-Vision-Benchmark\Datasets\MTSD\Prepared\MTSD-Unaugmented\MTSD-YOLO\test\images\grp4_ffdc6f75-WhatsApp_Image_2026-01-14_at_11.10.20.jpeg,604.23,717.79,817.07,2000.0,0.332,traffic sign,True,True,129.5,mtsd-p12
SAM 3.1,traffic sign,grp4_ffdc6f75-WhatsApp_Image_2026-01-14_at_11.10.20.jpeg,E:\2. UM-Student\MSC Dissertation\Urban-Vision-Benchmark\Datasets\MTSD\Prepared\MTSD-Unaugmented\MTSD-YOLO\test\images\grp4_ffdc6f75-WhatsApp_Image_2026-01-14_at_11.10.20.jpeg,600.71,719.39,799.56,1163.61,0.3789,traffic sign,True,True,129.5,mtsd-p12
SAM 3.1,traffic sign,grp4_ffdc6f75-WhatsApp_Image_2026-01-14_at_11.10.20.jpeg,E:\2. UM-Student\MSC Dissertation\Urban-Vision-Benchmark\Datasets\MTSD\Prepared\MTSD-Unaugmented\MTSD-YOLO\test\images\grp4_ffdc6f75-WhatsApp_Image_2026-01-14_at_11.10.20.jpeg,716.91,1153.04,881.99,1386.89,0.9102,traffic sign,True,True,129.5,mtsd-p12
SAM 3.1,traffic sign,grp5_05facbdc-BenTaliana_23_Front.jpeg,E:\2. UM-Student\MSC Dissertation\Urban-Vision-Benchmark\Datasets\MTSD\Prepared\MTSD-Unaugmented\MTSD-YOLO\test\images\grp5_05facbdc-BenTaliana_23_Front.jpeg,2024.36,3133.56,2102.69,3224.58,0.6328,traffic sign,True,True,1568.3,mtsd-p12
SAM 3.1,traffic sign,grp5_05facbdc-BenTaliana_23_Front.jpeg,E:\2. UM-Student\MSC Dissertation\Urban-Vision-Benchmark\Datasets\MTSD\Prepared\MTSD-Unaugmented\MTSD-YOLO\test\images\grp5_05facbdc-BenTaliana_23_Front.jpeg,1218.67,3639.19,1264.62,3743.35,0.4492,traffic sign,True,True,1568.3,mtsd-p12
SAM 3.1,traffic sign,grp5_05facbdc-BenTaliana_23_Front.jpeg,E:\2. UM-Student\MSC Dissertation\Urban-Vision-Benchmark\Datasets\MTSD\Prepared\MTSD-Unaugmented\MTSD-YOLO\test\images\grp5_05facbdc-BenTaliana_23_Front.jpeg,733.32,6795.47,804.27,6871.23,0.6367,traffic sign,True,True,1568.3,mtsd-p12
SAM 3.1,traffic sign,grp5_05facbdc-BenTaliana_23_Front.jpeg,E:\2. UM-Student\MSC Dissertation\Urban-Vision-Benchmark\Datasets\MTSD\Prepared\MTSD-Unaugmented\MTSD-YOLO\test\images\grp5_05facbdc-BenTaliana_23_Front.jpeg,950.73,1739.26,3122.28,8064.0,0.334,traffic sign,True,True,1568.3,mtsd-p12
SAM 3.1,traffic sign,grp5_05facbdc-BenTaliana_23_Front.jpeg,E:\2. UM-Student\MSC Dissertation\Urban-Vision-Benchmark\Datasets\MTSD\Prepared\MTSD-Unaugmented\MTSD-YOLO\test\images\grp5_05facbdc-BenTaliana_23_Front.jpeg,962.47,1740.95,3120.28,4238.66,0.4141,traffic sign,True,True,1568.3,mtsd-p12
SAM 3.1,traffic sign,grp5_0f660dba-MichaelFarrugia_49_Back.jpg,E:\2. UM-Student\MSC Dissertation\Urban-Vision-Benchmark\Datasets\MTSD\Prepared\MTSD-Unaugmented\MTSD-YOLO\test\images\grp5_0f660dba-MichaelFarrugia_49_Back.jpg,1114.85,1087.32,1953.7,1911.84,0.3125,traffic sign,True,True,162.9,mtsd-p12
SAM 3.1,traffic sign,grp5_13ab0dbb-BenTaliana_59_Front.jpeg,E:\2. UM-Student\MSC Dissertation\Urban-Vision-Benchmark\Datasets\MTSD\Prepared\MTSD-Unaugmented\MTSD-YOLO\test\images\grp5_13ab0dbb-BenTaliana_59_Front.jpeg,1101.72,1596.51,3579.51,8064.0,0.3672,traffic sign,True,True,806.1,mtsd-p12
SAM 3.1,traffic sign,grp5_13ab0dbb-BenTaliana_59_Front.jpeg,E:\2. UM-Student\MSC Dissertation\Urban-Vision-Benchmark\Datasets\MTSD\Prepared\MTSD-Unaugmented\MTSD-YOLO\test\images\grp5_13ab0dbb-BenTaliana_59_Front.jpeg,917.8,3822.92,3780.33,6512.46,0.8125,traffic sign,True,True,806.1,mtsd-p12
SAM 3.1,traffic sign,grp5_13ab0dbb-BenTaliana_59_Front.jpeg,E:\2. UM-Student\MSC Dissertation\Urban-Vision-Benchmark\Datasets\MTSD\Prepared\MTSD-Unaugmented\MTSD-YOLO\test\images\grp5_13ab0dbb-BenTaliana_59_Front.jpeg,1149.43,1608.14,3521.22,3816.33,0.8359,traffic sign,True,True,806.1,mtsd-p12
SAM 3.1,traffic sign,grp5_1a462468-MichaelFarrugia_24_Back.jpg,E:\2. UM-Student\MSC Dissertation\Urban-Vision-Benchmark\Datasets\MTSD\Prepared\MTSD-Unaugmented\MTSD-YOLO\test\images\grp5_1a462468-MichaelFarrugia_24_Back.jpg,1295.45,1213.55,2054.44,2685.5,0.3281,traffic sign,True,True,160.8,mtsd-p12
SAM 3.1,traffic sign,grp5_1a462468-MichaelFarrugia_24_Back.jpg,E:\2. UM-Student\MSC Dissertation\Urban-Vision-Benchmark\Datasets\MTSD\Prepared\MTSD-Unaugmented\MTSD-YOLO\test\images\grp5_1a462468-MichaelFarrugia_24_Back.jpg,1296.57,1217.72,2052.6,2018.31,0.332,traffic sign,True,True,160.8,mtsd-p12
SAM 3.1,traffic sign,grp5_1f171b80-MelatAssefa_5_Front.jpg,E:\2. UM-Student\MSC Dissertation\Urban-Vision-Benchmark\Datasets\MTSD\Prepared\MTSD-Unaugmented\MTSD-YOLO\test\images\grp5_1f171b80-MelatAssefa_5_Front.jpg,1576.76,531.23,2380.04,1265.42,0.9219,traffic sign,True,True,194.8,mtsd-p12
SAM 3.1,traffic sign,grp5_2141c95b-MelatAssefa_28_Side.jpg,E:\2. UM-Student\MSC Dissertation\Urban-Vision-Benchmark\Datasets\MTSD\Prepared\MTSD-Unaugmented\MTSD-YOLO\test\images\grp5_2141c95b-MelatAssefa_28_Side.jpg,1076.99,503.42,1878.83,1763.15,0.334,traffic sign,True,True,217.1,mtsd-p12
SAM 3.1,traffic sign,grp5_2141c95b-MelatAssefa_28_Side.jpg,E:\2. UM-Student\MSC Dissertation\Urban-Vision-Benchmark\Datasets\MTSD\Prepared\MTSD-Unaugmented\MTSD-YOLO\test\images\grp5_2141c95b-MelatAssefa_28_Side.jpg,0.0,2453.81,82.56,2774.19,0.3418,traffic sign,True,True,217.1,mtsd-p12
SAM 3.1,traffic sign,grp5_2141c95b-MelatAssefa_28_Side.jpg,E:\2. UM-Student\MSC Dissertation\Urban-Vision-Benchmark\Datasets\MTSD\Prepared\MTSD-Unaugmented\MTSD-YOLO\test\images\grp5_2141c95b-MelatAssefa_28_Side.jpg,676.58,332.0,1649.51,1741.84,0.7344,traffic sign,True,True,217.1,mtsd-p12
SAM 3.1,traffic sign,grp5_2141c95b-MelatAssefa_28_Side.jpg,E:\2. UM-Student\MSC Dissertation\Urban-Vision-Benchmark\Datasets\MTSD\Prepared\MTSD-Unaugmented\MTSD-YOLO\test\images\grp5_2141c95b-MelatAssefa_28_Side.jpg,663.67,334.7,1875.79,4032.0,0.4375,traffic sign,True,True,217.1,mtsd-p12
SAM 3.1,traffic sign,grp5_27622289-BenTaliana_10_Front.jpeg,E:\2. UM-Student\MSC Dissertation\Urban-Vision-Benchmark\Datasets\MTSD\Prepared\MTSD-Unaugmented\MTSD-YOLO\test\images\grp5_27622289-BenTaliana_10_Front.jpeg,135.53,4680.93,412.42,4851.24,0.3789,traffic sign,True,True,907.5,mtsd-p12
SAM 3.1,traffic sign,grp5_27622289-BenTaliana_10_Front.jpeg,E:\2. UM-Student\MSC Dissertation\Urban-Vision-Benchmark\Datasets\MTSD\Prepared\MTSD-Unaugmented\MTSD-YOLO\test\images\grp5_27622289-BenTaliana_10_Front.jpeg,743.22,1827.49,3674.62,4640.69,0.7188,traffic sign,True,True,907.5,mtsd-p12
SAM 3.1,traffic sign,grp5_28809400-MelatAssefa_23_Front.jpg,E:\2. UM-Student\MSC Dissertation\Urban-Vision-Benchmark\Datasets\MTSD\Prepared\MTSD-Unaugmented\MTSD-YOLO\test\images\grp5_28809400-MelatAssefa_23_Front.jpg,1051.29,537.7,1834.76,1347.12,0.9102,traffic sign,True,True,199.8,mtsd-p12
SAM 3.1,traffic sign,grp5_29252be9-MichaelFarrugia_29_Front.jpg,E:\2. UM-Student\MSC Dissertation\Urban-Vision-Benchmark\Datasets\MTSD\Prepared\MTSD-Unaugmented\MTSD-YOLO\test\images\grp5_29252be9-MichaelFarrugia_29_Front.jpg,1069.29,2731.57,1182.91,3239.91,0.4668,traffic sign,True,True,415.3,mtsd-p12
SAM 3.1,traffic sign,grp5_29252be9-MichaelFarrugia_29_Front.jpg,E:\2. UM-Student\MSC Dissertation\Urban-Vision-Benchmark\Datasets\MTSD\Prepared\MTSD-Unaugmented\MTSD-YOLO\test\images\grp5_29252be9-MichaelFarrugia_29_Front.jpg,1066.42,2731.42,1184.42,2856.54,0.8398,traffic sign,True,True,415.3,mtsd-p12
SAM 3.1,traffic sign,grp5_29252be9-MichaelFarrugia_29_Front.jpg,E:\2. UM-Student\MSC Dissertation\Urban-Vision-Benchmark\Datasets\MTSD\Prepared\MTSD-Unaugmented\MTSD-YOLO\test\images\grp5_29252be9-MichaelFarrugia_29_Front.jpg,710.4,2690.38,831.7,2864.29,0.7461,traffic sign,True,True,415.3,mtsd-p12
SAM 3.1,traffic sign,grp5_29252be9-MichaelFarrugia_29_Front.jpg,E:\2. UM-Student\MSC Dissertation\Urban-Vision-Benchmark\Datasets\MTSD\Prepared\MTSD-Unaugmented\MTSD-YOLO\test\images\grp5_29252be9-MichaelFarrugia_29_Front.jpg,2277.84,2907.66,2418.25,2947.38,0.5469,traffic sign,True,True,415.3,mtsd-p12
SAM 3.1,traffic sign,grp5_29252be9-MichaelFarrugia_29_Front.jpg,E:\2. UM-Student\MSC Dissertation\Urban-Vision-Benchmark\Datasets\MTSD\Prepared\MTSD-Unaugmented\MTSD-YOLO\test\images\grp5_29252be9-MichaelFarrugia_29_Front.jpg,1481.56,2981.31,1560.92,3093.28,0.4277,traffic sign,True,True,415.3,mtsd-p12
SAM 3.1,traffic sign,grp5_29252be9-MichaelFarrugia_29_Front.jpg,E:\2. UM-Student\MSC Dissertation\Urban-Vision-Benchmark\Datasets\MTSD\Prepared\MTSD-Unaugmented\MTSD-YOLO\test\images\grp5_29252be9-MichaelFarrugia_29_Front.jpg,705.62,2681.76,831.31,3585.1,0.5,traffic sign,True,True,415.3,mtsd-p12
SAM 3.1,traffic sign,grp5_29252be9-MichaelFarrugia_29_Front.jpg,E:\2. UM-Student\MSC Dissertation\Urban-Vision-Benchmark\Datasets\MTSD\Prepared\MTSD-Unaugmented\MTSD-YOLO\test\images\grp5_29252be9-MichaelFarrugia_29_Front.jpg,1265.64,1249.57,2022.69,4074.72,0.3887,traffic sign,True,True,415.3,mtsd-p12
SAM 3.1,traffic sign,grp5_29252be9-MichaelFarrugia_29_Front.jpg,E:\2. UM-Student\MSC Dissertation\Urban-Vision-Benchmark\Datasets\MTSD\Prepared\MTSD-Unaugmented\MTSD-YOLO\test\images\grp5_29252be9-MichaelFarrugia_29_Front.jpg,1270.67,1245.9,2020.74,1939.86,0.9102,traffic sign,True,True,415.3,mtsd-p12
SAM 3.1,traffic sign,grp5_2da1aa64-AlisonAttard_27_Front.jpeg,E:\2. UM-Student\MSC Dissertation\Urban-Vision-Benchmark\Datasets\MTSD\Prepared\MTSD-Unaugmented\MTSD-YOLO\test\images\grp5_2da1aa64-AlisonAttard_27_Front.jpeg,1967.13,1310.78,2472.86,1803.82,0.8516,traffic sign,True,True,239.0,mtsd-p12
SAM 3.1,traffic sign,grp5_30980873-BenTaliana_12_Front.jpeg,E:\2. UM-Student\MSC Dissertation\Urban-Vision-Benchmark\Datasets\MTSD\Prepared\MTSD-Unaugmented\MTSD-YOLO\test\images\grp5_30980873-BenTaliana_12_Front.jpeg,4094.24,6056.67,4163.81,6139.39,0.3867,traffic sign,True,True,962.1,mtsd-p12
SAM 3.1,traffic sign,grp5_30980873-BenTaliana_12_Front.jpeg,E:\2. UM-Student\MSC Dissertation\Urban-Vision-Benchmark\Datasets\MTSD\Prepared\MTSD-Unaugmented\MTSD-YOLO\test\images\grp5_30980873-BenTaliana_12_Front.jpeg,1177.6,2150.4,3419.52,4146.37,0.9023,traffic sign,True,True,962.1,mtsd-p12
SAM 3.1,traffic sign,grp5_32b2eadc-AlisonAttard_7_Side.jpeg,E:\2. UM-Student\MSC Dissertation\Urban-Vision-Benchmark\Datasets\MTSD\Prepared\MTSD-Unaugmented\MTSD-YOLO\test\images\grp5_32b2eadc-AlisonAttard_7_Side.jpeg,3268.65,2576.04,3544.31,2840.79,0.6289,traffic sign,True,True,217.6,mtsd-p12
SAM 3.1,traffic sign,grp5_32b2eadc-AlisonAttard_7_Side.jpeg,E:\2. UM-Student\MSC Dissertation\Urban-Vision-Benchmark\Datasets\MTSD\Prepared\MTSD-Unaugmented\MTSD-YOLO\test\images\grp5_32b2eadc-AlisonAttard_7_Side.jpeg,1685.95,0.0,3548.4,1221.07,0.5391,traffic sign,True,True,217.6,mtsd-p12
SAM 3.1,traffic sign,grp5_3cd9a2bc-MelatAssefa_45_Side.jpg,E:\2. UM-Student\MSC Dissertation\Urban-Vision-Benchmark\Datasets\MTSD\Prepared\MTSD-Unaugmented\MTSD-YOLO\test\images\grp5_3cd9a2bc-MelatAssefa_45_Side.jpg,911.98,812.43,2066.03,2919.42,0.9062,traffic sign,True,True,162.8,mtsd-p12
SAM 3.1,traffic sign,grp5_3d564b26-AlisonAttard_15_Back.jpeg,E:\2. UM-Student\MSC Dissertation\Urban-Vision-Benchmark\Datasets\MTSD\Prepared\MTSD-Unaugmented\MTSD-YOLO\test\images\grp5_3d564b26-AlisonAttard_15_Back.jpeg,2714.15,1176.75,2805.3,1283.3,0.3535,traffic sign,True,True,409.1,mtsd-p12
SAM 3.1,traffic sign,grp5_3d564b26-AlisonAttard_15_Back.jpeg,E:\2. UM-Student\MSC Dissertation\Urban-Vision-Benchmark\Datasets\MTSD\Prepared\MTSD-Unaugmented\MTSD-YOLO\test\images\grp5_3d564b26-AlisonAttard_15_Back.jpeg,2770.43,1124.68,4032.0,1645.28,0.8281,traffic sign,True,True,409.1,mtsd-p12
SAM 3.1,traffic sign,grp5_3d564b26-AlisonAttard_15_Back.jpeg,E:\2. UM-Student\MSC Dissertation\Urban-Vision-Benchmark\Datasets\MTSD\Prepared\MTSD-Unaugmented\MTSD-YOLO\test\images\grp5_3d564b26-AlisonAttard_15_Back.jpeg,1509.74,924.83,2680.37,1961.9,0.8906,traffic sign,True,True,409.1,mtsd-p12
SAM 3.1,traffic sign,grp5_3d564b26-AlisonAttard_15_Back.jpeg,E:\2. UM-Student\MSC Dissertation\Urban-Vision-Benchmark\Datasets\MTSD\Prepared\MTSD-Unaugmented\MTSD-YOLO\test\images\grp5_3d564b26-AlisonAttard_15_Back.jpeg,2870.38,1251.68,3270.46,1477.98,0.6094,traffic sign,True,True,409.1,mtsd-p12
SAM 3.1,traffic sign,grp5_3db24e6b-AlisonAttard_31_Side.jpeg,E:\2. UM-Student\MSC Dissertation\Urban-Vision-Benchmark\Datasets\MTSD\Prepared\MTSD-Unaugmented\MTSD-YOLO\test\images\grp5_3db24e6b-AlisonAttard_31_Side.jpeg,885.7,708.95,1352.02,1262.32,0.3906,traffic sign,True,True,448.8,mtsd-p12
SAM 3.1,traffic sign,grp5_3db24e6b-AlisonAttard_31_Side.jpeg,E:\2. UM-Student\MSC Dissertation\Urban-Vision-Benchmark\Datasets\MTSD\Prepared\MTSD-Unaugmented\MTSD-YOLO\test\images\grp5_3db24e6b-AlisonAttard_31_Side.jpeg,1371.4,1073.15,2154.44,1388.13,0.707,traffic sign,True,True,448.8,mtsd-p12
SAM 3.1,traffic sign,grp5_44ccc0f3-MichaelFarrugia_54_Front.jpg,E:\2. UM-Student\MSC Dissertation\Urban-Vision-Benchmark\Datasets\MTSD\Prepared\MTSD-Unaugmented\MTSD-YOLO\test\images\grp5_44ccc0f3-MichaelFarrugia_54_Front.jpg,1538.57,2659.67,1644.16,2774.82,0.6562,traffic sign,True,True,192.3,mtsd-p12
SAM 3.1,traffic sign,grp5_44ccc0f3-MichaelFarrugia_54_Front.jpg,E:\2. UM-Student\MSC Dissertation\Urban-Vision-Benchmark\Datasets\MTSD\Prepared\MTSD-Unaugmented\MTSD-YOLO\test\images\grp5_44ccc0f3-MichaelFarrugia_54_Front.jpg,1224.17,1602.33,1941.59,4080.0,0.4062,traffic sign,True,True,192.3,mtsd-p12
SAM 3.1,traffic sign,grp5_44ccc0f3-MichaelFarrugia_54_Front.jpg,E:\2. UM-Student\MSC Dissertation\Urban-Vision-Benchmark\Datasets\MTSD\Prepared\MTSD-Unaugmented\MTSD-YOLO\test\images\grp5_44ccc0f3-MichaelFarrugia_54_Front.jpg,1230.68,1608.21,1931.96,2293.0,0.8477,traffic sign,True,True,192.3,mtsd-p12
SAM 3.1,traffic sign,grp5_48cba720-BenTaliana_30_Front.jpeg,E:\2. UM-Student\MSC Dissertation\Urban-Vision-Benchmark\Datasets\MTSD\Prepared\MTSD-Unaugmented\MTSD-YOLO\test\images\grp5_48cba720-BenTaliana_30_Front.jpeg,3325.71,5364.67,3406.81,5465.97,0.7734,traffic sign,True,True,1165.5,mtsd-p12
SAM 3.1,traffic sign,grp5_48cba720-BenTaliana_30_Front.jpeg,E:\2. UM-Student\MSC Dissertation\Urban-Vision-Benchmark\Datasets\MTSD\Prepared\MTSD-Unaugmented\MTSD-YOLO\test\images\grp5_48cba720-BenTaliana_30_Front.jpeg,3473.32,5419.61,3542.04,5507.38,0.5039,traffic sign,True,True,1165.5,mtsd-p12
SAM 3.1,traffic sign,grp5_48cba720-BenTaliana_30_Front.jpeg,E:\2. UM-Student\MSC Dissertation\Urban-Vision-Benchmark\Datasets\MTSD\Prepared\MTSD-Unaugmented\MTSD-YOLO\test\images\grp5_48cba720-BenTaliana_30_Front.jpeg,1223.85,3465.39,3685.69,5462.13,0.5781,traffic sign,True,True,1165.5,mtsd-p12
SAM 3.1,traffic sign,grp5_48cba720-BenTaliana_30_Front.jpeg,E:\2. UM-Student\MSC Dissertation\Urban-Vision-Benchmark\Datasets\MTSD\Prepared\MTSD-Unaugmented\MTSD-YOLO\test\images\grp5_48cba720-BenTaliana_30_Front.jpeg,974.8,1754.23,3141.17,3660.23,0.918,traffic sign,True,True,1165.5,mtsd-p12
SAM 3.1,traffic sign,grp5_50e6a3c4-MichaelFarrugia_55_Front.jpg,E:\2. UM-Student\MSC Dissertation\Urban-Vision-Benchmark\Datasets\MTSD\Prepared\MTSD-Unaugmented\MTSD-YOLO\test\images\grp5_50e6a3c4-MichaelFarrugia_55_Front.jpg,1559.04,2502.47,1589.69,2544.63,0.5586,traffic sign,True,True,742.2,mtsd-p12
SAM 3.1,traffic sign,grp5_50e6a3c4-MichaelFarrugia_55_Front.jpg,E:\2. UM-Student\MSC Dissertation\Urban-Vision-Benchmark\Datasets\MTSD\Prepared\MTSD-Unaugmented\MTSD-YOLO\test\images\grp5_50e6a3c4-MichaelFarrugia_55_Front.jpg,1870.16,2477.36,1914.73,2540.42,0.6328,traffic sign,True,True,742.2,mtsd-p12
SAM 3.1,traffic sign,grp5_50e6a3c4-MichaelFarrugia_55_Front.jpg,E:\2. UM-Student\MSC Dissertation\Urban-Vision-Benchmark\Datasets\MTSD\Prepared\MTSD-Unaugmented\MTSD-YOLO\test\images\grp5_50e6a3c4-MichaelFarrugia_55_Front.jpg,2918.07,2487.92,2963.58,2535.05,0.5586,traffic sign,True,True,742.2,mtsd-p12
SAM 3.1,traffic sign,grp5_50e6a3c4-MichaelFarrugia_55_Front.jpg,E:\2. UM-Student\MSC Dissertation\Urban-Vision-Benchmark\Datasets\MTSD\Prepared\MTSD-Unaugmented\MTSD-YOLO\test\images\grp5_50e6a3c4-MichaelFarrugia_55_Front.jpg,1468.81,2382.52,1523.38,2461.63,0.5859,traffic sign,True,True,742.2,mtsd-p12
SAM 3.1,traffic sign,grp5_50e6a3c4-MichaelFarrugia_55_Front.jpg,E:\2. UM-Student\MSC Dissertation\Urban-Vision-Benchmark\Datasets\MTSD\Prepared\MTSD-Unaugmented\MTSD-YOLO\test\images\grp5_50e6a3c4-MichaelFarrugia_55_Front.jpg,2900.1,2388.47,2973.81,2495.83,0.6641,traffic sign,True,True,742.2,mtsd-p12
SAM 3.1,traffic sign,grp5_50e6a3c4-MichaelFarrugia_55_Front.jpg,E:\2. UM-Student\MSC Dissertation\Urban-Vision-Benchmark\Datasets\MTSD\Prepared\MTSD-Unaugmented\MTSD-YOLO\test\images\grp5_50e6a3c4-MichaelFarrugia_55_Front.jpg,1942.88,2226.09,2116.76,2400.14,0.8945,traffic sign,True,True,742.2,mtsd-p12
SAM 3.1,traffic sign,grp5_50e6a3c4-MichaelFarrugia_55_Front.jpg,E:\2. UM-Student\MSC Dissertation\Urban-Vision-Benchmark\Datasets\MTSD\Prepared\MTSD-Unaugmented\MTSD-YOLO\test\images\grp5_50e6a3c4-MichaelFarrugia_55_Front.jpg,1385.55,1416.2,2035.4,2049.29,0.9102,traffic sign,True,True,742.2,mtsd-p12
SAM 3.1,traffic sign,grp5_50e6a3c4-MichaelFarrugia_55_Front.jpg,E:\2. UM-Student\MSC Dissertation\Urban-Vision-Benchmark\Datasets\MTSD\Prepared\MTSD-Unaugmented\MTSD-YOLO\test\images\grp5_50e6a3c4-MichaelFarrugia_55_Front.jpg,2037.88,2470.87,2065.92,2510.7,0.4941,traffic sign,True,True,742.2,mtsd-p12
SAM 3.1,traffic sign,grp5_50e6a3c4-MichaelFarrugia_55_Front.jpg,E:\2. UM-Student\MSC Dissertation\Urban-Vision-Benchmark\Datasets\MTSD\Prepared\MTSD-Unaugmented\MTSD-YOLO\test\images\grp5_50e6a3c4-MichaelFarrugia_55_Front.jpg,2533.38,2455.08,2589.08,2536.99,0.5273,traffic sign,True,True,742.2,mtsd-p12
SAM 3.1,traffic sign,grp5_559514d7-AlisonAttard_13_Side.jpeg,E:\2. UM-Student\MSC Dissertation\Urban-Vision-Benchmark\Datasets\MTSD\Prepared\MTSD-Unaugmented\MTSD-YOLO\test\images\grp5_559514d7-AlisonAttard_13_Side.jpeg,,,,,,<no detections>,False,True,150.8,mtsd-p12
SAM 3.1,traffic sign,grp5_57e0ac5f-AlisonAttard_27_Back.jpeg,E:\2. UM-Student\MSC Dissertation\Urban-Vision-Benchmark\Datasets\MTSD\Prepared\MTSD-Unaugmented\MTSD-YOLO\test\images\grp5_57e0ac5f-AlisonAttard_27_Back.jpeg,,,,,,<no detections>,False,True,146.5,mtsd-p12
SAM 3.1,traffic sign,grp5_6325b5ff-MelatAssefa_21_Front.jpg,E:\2. UM-Student\MSC Dissertation\Urban-Vision-Benchmark\Datasets\MTSD\Prepared\MTSD-Unaugmented\MTSD-YOLO\test\images\grp5_6325b5ff-MelatAssefa_21_Front.jpg,1632.82,2273.28,1666.91,2313.5,0.332,traffic sign,True,True,430.5,mtsd-p12
SAM 3.1,traffic sign,grp5_6325b5ff-MelatAssefa_21_Front.jpg,E:\2. UM-Student\MSC Dissertation\Urban-Vision-Benchmark\Datasets\MTSD\Prepared\MTSD-Unaugmented\MTSD-YOLO\test\images\grp5_6325b5ff-MelatAssefa_21_Front.jpg,1311.14,745.57,1928.26,4032.0,0.4531,traffic sign,True,True,430.5,mtsd-p12
SAM 3.1,traffic sign,grp5_6325b5ff-MelatAssefa_21_Front.jpg,E:\2. UM-Student\MSC Dissertation\Urban-Vision-Benchmark\Datasets\MTSD\Prepared\MTSD-Unaugmented\MTSD-YOLO\test\images\grp5_6325b5ff-MelatAssefa_21_Front.jpg,1320.43,750.47,1923.39,1373.64,0.8516,traffic sign,True,True,430.5,mtsd-p12
SAM 3.1,traffic sign,grp5_6bb6fe17-BenTaliana_15_Back.jpeg,E:\2. UM-Student\MSC Dissertation\Urban-Vision-Benchmark\Datasets\MTSD\Prepared\MTSD-Unaugmented\MTSD-YOLO\test\images\grp5_6bb6fe17-BenTaliana_15_Back.jpeg,415.44,6870.12,482.52,7037.17,0.4785,traffic sign,True,True,694.9,mtsd-p12
SAM 3.1,traffic sign,grp5_6bb6fe17-BenTaliana_15_Back.jpeg,E:\2. UM-Student\MSC Dissertation\Urban-Vision-Benchmark\Datasets\MTSD\Prepared\MTSD-Unaugmented\MTSD-YOLO\test\images\grp5_6bb6fe17-BenTaliana_15_Back.jpeg,840.27,2329.69,2519.12,4380.75,0.6172,traffic sign,True,True,694.9,mtsd-p12
SAM 3.1,traffic sign,grp5_6cdcc943-AlisonAttard_14_Back.jpeg,E:\2. UM-Student\MSC Dissertation\Urban-Vision-Benchmark\Datasets\MTSD\Prepared\MTSD-Unaugmented\MTSD-YOLO\test\images\grp5_6cdcc943-AlisonAttard_14_Back.jpeg,1166.2,975.64,2378.88,2222.04,0.8945,traffic sign,True,True,212.0,mtsd-p12
SAM 3.1,traffic sign,grp5_704b34ba-BenTaliana_38_Side.jpeg,E:\2. UM-Student\MSC Dissertation\Urban-Vision-Benchmark\Datasets\MTSD\Prepared\MTSD-Unaugmented\MTSD-YOLO\test\images\grp5_704b34ba-BenTaliana_38_Side.jpeg,637.32,1320.37,1281.89,2596.34,0.8867,traffic sign,True,True,168.6,mtsd-p12
SAM 3.1,traffic sign,grp5_770e5bfc-BenTaliana_60_Side.jpeg,E:\2. UM-Student\MSC Dissertation\Urban-Vision-Benchmark\Datasets\MTSD\Prepared\MTSD-Unaugmented\MTSD-YOLO\test\images\grp5_770e5bfc-BenTaliana_60_Side.jpeg,1116.46,2568.65,1168.48,2643.88,0.6914,traffic sign,True,True,232.8,mtsd-p12
SAM 3.1,traffic sign,grp5_770e5bfc-BenTaliana_60_Side.jpeg,E:\2. UM-Student\MSC Dissertation\Urban-Vision-Benchmark\Datasets\MTSD\Prepared\MTSD-Unaugmented\MTSD-YOLO\test\images\grp5_770e5bfc-BenTaliana_60_Side.jpeg,2117.06,2576.52,2201.81,2635.92,0.4258,traffic sign,True,True,232.8,mtsd-p12
SAM 3.1,traffic sign,grp5_770e5bfc-BenTaliana_60_Side.jpeg,E:\2. UM-Student\MSC Dissertation\Urban-Vision-Benchmark\Datasets\MTSD\Prepared\MTSD-Unaugmented\MTSD-YOLO\test\images\grp5_770e5bfc-BenTaliana_60_Side.jpeg,839.73,768.45,1567.9,4003.43,0.3281,traffic sign,True,True,232.8,mtsd-p12
SAM 3.1,traffic sign,grp5_770e5bfc-BenTaliana_60_Side.jpeg,E:\2. UM-Student\MSC Dissertation\Urban-Vision-Benchmark\Datasets\MTSD\Prepared\MTSD-Unaugmented\MTSD-YOLO\test\images\grp5_770e5bfc-BenTaliana_60_Side.jpeg,1079.69,1607.56,1555.78,2920.24,0.8984,traffic sign,True,True,232.8,mtsd-p12
SAM 3.1,traffic sign,grp5_770e5bfc-BenTaliana_60_Side.jpeg,E:\2. UM-Student\MSC Dissertation\Urban-Vision-Benchmark\Datasets\MTSD\Prepared\MTSD-Unaugmented\MTSD-YOLO\test\images\grp5_770e5bfc-BenTaliana_60_Side.jpeg,1089.47,809.25,1563.86,1742.06,0.9219,traffic sign,True,True,232.8,mtsd-p12
SAM 3.1,traffic sign,grp5_7ae28afa-MelatAssefa_15_Front.jpg,E:\2. UM-Student\MSC Dissertation\Urban-Vision-Benchmark\Datasets\MTSD\Prepared\MTSD-Unaugmented\MTSD-YOLO\test\images\grp5_7ae28afa-MelatAssefa_15_Front.jpg,1191.88,620.32,2010.84,1260.02,0.9102,traffic sign,True,True,190.5,mtsd-p12
SAM 3.1,traffic sign,grp5_82a1216f-AlisonAttard_27_Side.jpeg,E:\2. UM-Student\MSC Dissertation\Urban-Vision-Benchmark\Datasets\MTSD\Prepared\MTSD-Unaugmented\MTSD-YOLO\test\images\grp5_82a1216f-AlisonAttard_27_Side.jpeg,,,,,,<no detections>,False,True,149.9,mtsd-p12
SAM 3.1,traffic sign,grp5_85f27713-MelatAssefa_35_Side.jpg,E:\2. UM-Student\MSC Dissertation\Urban-Vision-Benchmark\Datasets\MTSD\Prepared\MTSD-Unaugmented\MTSD-YOLO\test\images\grp5_85f27713-MelatAssefa_35_Side.jpg,1368.98,3034.76,1842.12,4332.01,0.7383,traffic sign,True,True,684.7,mtsd-p12
SAM 3.1,traffic sign,grp5_85f27713-MelatAssefa_35_Side.jpg,E:\2. UM-Student\MSC Dissertation\Urban-Vision-Benchmark\Datasets\MTSD\Prepared\MTSD-Unaugmented\MTSD-YOLO\test\images\grp5_85f27713-MelatAssefa_35_Side.jpg,3454.28,3169.68,4284.0,4744.69,0.6367,traffic sign,True,True,684.7,mtsd-p12
SAM 3.1,traffic sign,grp5_85f27713-MelatAssefa_35_Side.jpg,E:\2. UM-Student\MSC Dissertation\Urban-Vision-Benchmark\Datasets\MTSD\Prepared\MTSD-Unaugmented\MTSD-YOLO\test\images\grp5_85f27713-MelatAssefa_35_Side.jpg,1388.48,1791.75,2038.28,5712.0,0.3066,traffic sign,True,True,684.7,mtsd-p12
SAM 3.1,traffic sign,grp5_85f27713-MelatAssefa_35_Side.jpg,E:\2. UM-Student\MSC Dissertation\Urban-Vision-Benchmark\Datasets\MTSD\Prepared\MTSD-Unaugmented\MTSD-YOLO\test\images\grp5_85f27713-MelatAssefa_35_Side.jpg,1413.89,1795.9,2042.93,3213.17,0.9102,traffic sign,True,True,684.7,mtsd-p12
SAM 3.1,traffic sign,grp5_8e2aa9fc-AlisonAttard_30_Back.jpeg,E:\2. UM-Student\MSC Dissertation\Urban-Vision-Benchmark\Datasets\MTSD\Prepared\MTSD-Unaugmented\MTSD-YOLO\test\images\grp5_8e2aa9fc-AlisonAttard_30_Back.jpeg,,,,,,<no detections>,False,True,151.0,mtsd-p12
SAM 3.1,traffic sign,grp5_9c857801-BenTaliana_43_Side.jpeg,E:\2. UM-Student\MSC Dissertation\Urban-Vision-Benchmark\Datasets\MTSD\Prepared\MTSD-Unaugmented\MTSD-YOLO\test\images\grp5_9c857801-BenTaliana_43_Side.jpeg,4286.41,6382.7,4458.98,6713.49,0.8984,traffic sign,True,True,1078.0,mtsd-p12
SAM 3.1,traffic sign,grp5_9c857801-BenTaliana_43_Side.jpeg,E:\2. UM-Student\MSC Dissertation\Urban-Vision-Benchmark\Datasets\MTSD\Prepared\MTSD-Unaugmented\MTSD-YOLO\test\images\grp5_9c857801-BenTaliana_43_Side.jpeg,1710.36,2303.32,2619.61,5362.09,0.9023,traffic sign,True,True,1078.0,mtsd-p12
SAM 3.1,traffic sign,grp5_9c857801-BenTaliana_43_Side.jpeg,E:\2. UM-Student\MSC Dissertation\Urban-Vision-Benchmark\Datasets\MTSD\Prepared\MTSD-Unaugmented\MTSD-YOLO\test\images\grp5_9c857801-BenTaliana_43_Side.jpeg,2772.97,7069.15,2822.75,7202.83,0.3184,traffic sign,True,True,1078.0,mtsd-p12
SAM 3.1,traffic sign,grp5_9c857801-BenTaliana_43_Side.jpeg,E:\2. UM-Student\MSC Dissertation\Urban-Vision-Benchmark\Datasets\MTSD\Prepared\MTSD-Unaugmented\MTSD-YOLO\test\images\grp5_9c857801-BenTaliana_43_Side.jpeg,124.92,7075.3,257.92,7238.0,0.8398,traffic sign,True,True,1078.0,mtsd-p12
SAM 3.1,traffic sign,grp5_9c857801-BenTaliana_43_Side.jpeg,E:\2. UM-Student\MSC Dissertation\Urban-Vision-Benchmark\Datasets\MTSD\Prepared\MTSD-Unaugmented\MTSD-YOLO\test\images\grp5_9c857801-BenTaliana_43_Side.jpeg,1636.09,4022.29,1838.98,4509.77,0.3164,traffic sign,True,True,1078.0,mtsd-p12
SAM 3.1,traffic sign,grp5_9c857801-BenTaliana_43_Side.jpeg,E:\2. UM-Student\MSC Dissertation\Urban-Vision-Benchmark\Datasets\MTSD\Prepared\MTSD-Unaugmented\MTSD-YOLO\test\images\grp5_9c857801-BenTaliana_43_Side.jpeg,545.78,7180.71,620.95,7271.94,0.7305,traffic sign,True,True,1078.0,mtsd-p12
SAM 3.1,traffic sign,grp5_9c857801-BenTaliana_43_Side.jpeg,E:\2. UM-Student\MSC Dissertation\Urban-Vision-Benchmark\Datasets\MTSD\Prepared\MTSD-Unaugmented\MTSD-YOLO\test\images\grp5_9c857801-BenTaliana_43_Side.jpeg,1130.92,7087.61,1197.79,7181.96,0.3281,traffic sign,True,True,1078.0,mtsd-p12
SAM 3.1,traffic sign,grp5_9f2af180-AlisonAttard_30_Side.jpeg,E:\2. UM-Student\MSC Dissertation\Urban-Vision-Benchmark\Datasets\MTSD\Prepared\MTSD-Unaugmented\MTSD-YOLO\test\images\grp5_9f2af180-AlisonAttard_30_Side.jpeg,,,,,,<no detections>,False,True,148.6,mtsd-p12
SAM 3.1,traffic sign,grp5_9fd3af21-MichaelFarrugia_11_Back.jpg,E:\2. UM-Student\MSC Dissertation\Urban-Vision-Benchmark\Datasets\MTSD\Prepared\MTSD-Unaugmented\MTSD-YOLO\test\images\grp5_9fd3af21-MichaelFarrugia_11_Back.jpg,1237.22,1402.16,1840.02,4080.0,0.3555,traffic sign,True,True,439.8,mtsd-p12
SAM 3.1,traffic sign,grp5_9fd3af21-MichaelFarrugia_11_Back.jpg,E:\2. UM-Student\MSC Dissertation\Urban-Vision-Benchmark\Datasets\MTSD\Prepared\MTSD-Unaugmented\MTSD-YOLO\test\images\grp5_9fd3af21-MichaelFarrugia_11_Back.jpg,1233.69,1404.49,1835.39,2185.98,0.5625,traffic sign,True,True,439.8,mtsd-p12
SAM 3.1,traffic sign,grp5_a1a873a2-MichaelFarrugia_21_Side.jpg,E:\2. UM-Student\MSC Dissertation\Urban-Vision-Benchmark\Datasets\MTSD\Prepared\MTSD-Unaugmented\MTSD-YOLO\test\images\grp5_a1a873a2-MichaelFarrugia_21_Side.jpg,1195.4,975.05,2131.77,4079.98,0.5156,traffic sign,True,True,214.4,mtsd-p12
SAM 3.1,traffic sign,grp5_a1a873a2-MichaelFarrugia_21_Side.jpg,E:\2. UM-Student\MSC Dissertation\Urban-Vision-Benchmark\Datasets\MTSD\Prepared\MTSD-Unaugmented\MTSD-YOLO\test\images\grp5_a1a873a2-MichaelFarrugia_21_Side.jpg,1195.89,976.4,1759.81,1736.7,0.8867,traffic sign,True,True,214.4,mtsd-p12
SAM 3.1,traffic sign,grp5_a1ced4bc-BenTaliana_22_Front.jpeg,E:\2. UM-Student\MSC Dissertation\Urban-Vision-Benchmark\Datasets\MTSD\Prepared\MTSD-Unaugmented\MTSD-YOLO\test\images\grp5_a1ced4bc-BenTaliana_22_Front.jpeg,0.0,697.04,156.24,2285.91,0.8594,traffic sign,True,True,669.2,mtsd-p12
SAM 3.1,traffic sign,grp5_a1ced4bc-BenTaliana_22_Front.jpeg,E:\2. UM-Student\MSC Dissertation\Urban-Vision-Benchmark\Datasets\MTSD\Prepared\MTSD-Unaugmented\MTSD-YOLO\test\images\grp5_a1ced4bc-BenTaliana_22_Front.jpeg,2075.74,3131.09,3128.81,4238.48,0.832,traffic sign,True,True,669.2,mtsd-p12
SAM 3.1,traffic sign,grp5_a1ced4bc-BenTaliana_22_Front.jpeg,E:\2. UM-Student\MSC Dissertation\Urban-Vision-Benchmark\Datasets\MTSD\Prepared\MTSD-Unaugmented\MTSD-YOLO\test\images\grp5_a1ced4bc-BenTaliana_22_Front.jpeg,41.69,1538.05,681.68,2519.65,0.4102,traffic sign,True,True,669.2,mtsd-p12
SAM 3.1,traffic sign,grp5_a1ced4bc-BenTaliana_22_Front.jpeg,E:\2. UM-Student\MSC Dissertation\Urban-Vision-Benchmark\Datasets\MTSD\Prepared\MTSD-Unaugmented\MTSD-YOLO\test\images\grp5_a1ced4bc-BenTaliana_22_Front.jpeg,554.71,1069.09,2660.69,5988.0,0.3867,traffic sign,True,True,669.2,mtsd-p12
SAM 3.1,traffic sign,grp5_a1ced4bc-BenTaliana_22_Front.jpeg,E:\2. UM-Student\MSC Dissertation\Urban-Vision-Benchmark\Datasets\MTSD\Prepared\MTSD-Unaugmented\MTSD-YOLO\test\images\grp5_a1ced4bc-BenTaliana_22_Front.jpeg,2083.17,3073.8,3124.7,5956.64,0.3887,traffic sign,True,True,669.2,mtsd-p12
SAM 3.1,traffic sign,grp5_a1ced4bc-BenTaliana_22_Front.jpeg,E:\2. UM-Student\MSC Dissertation\Urban-Vision-Benchmark\Datasets\MTSD\Prepared\MTSD-Unaugmented\MTSD-YOLO\test\images\grp5_a1ced4bc-BenTaliana_22_Front.jpeg,2109.58,4200.68,3239.93,5283.46,0.7188,traffic sign,True,True,669.2,mtsd-p12
SAM 3.1,traffic sign,grp5_a1ced4bc-BenTaliana_22_Front.jpeg,E:\2. UM-Student\MSC Dissertation\Urban-Vision-Benchmark\Datasets\MTSD\Prepared\MTSD-Unaugmented\MTSD-YOLO\test\images\grp5_a1ced4bc-BenTaliana_22_Front.jpeg,561.04,1042.38,2643.38,2742.94,0.9102,traffic sign,True,True,669.2,mtsd-p12
SAM 3.1,traffic sign,grp5_a5ec0025-BenTaliana_11_Front.jpeg,E:\2. UM-Student\MSC Dissertation\Urban-Vision-Benchmark\Datasets\MTSD\Prepared\MTSD-Unaugmented\MTSD-YOLO\test\images\grp5_a5ec0025-BenTaliana_11_Front.jpeg,919.59,6647.05,1043.81,6799.68,0.832,traffic sign,True,True,901.9,mtsd-p12
SAM 3.1,traffic sign,grp5_a5ec0025-BenTaliana_11_Front.jpeg,E:\2. UM-Student\MSC Dissertation\Urban-Vision-Benchmark\Datasets\MTSD\Prepared\MTSD-Unaugmented\MTSD-YOLO\test\images\grp5_a5ec0025-BenTaliana_11_Front.jpeg,927.24,6482.22,1067.27,6644.35,0.6875,traffic sign,True,True,901.9,mtsd-p12
SAM 3.1,traffic sign,grp5_a5ec0025-BenTaliana_11_Front.jpeg,E:\2. UM-Student\MSC Dissertation\Urban-Vision-Benchmark\Datasets\MTSD\Prepared\MTSD-Unaugmented\MTSD-YOLO\test\images\grp5_a5ec0025-BenTaliana_11_Front.jpeg,310.15,1816.31,3596.28,4368.8,0.957,traffic sign,True,True,901.9,mtsd-p12
SAM 3.1,traffic sign,grp5_a5ec0025-BenTaliana_11_Front.jpeg,E:\2. UM-Student\MSC Dissertation\Urban-Vision-Benchmark\Datasets\MTSD\Prepared\MTSD-Unaugmented\MTSD-YOLO\test\images\grp5_a5ec0025-BenTaliana_11_Front.jpeg,2760.54,6483.57,2892.83,6587.08,0.4297,traffic sign,True,True,901.9,mtsd-p12
SAM 3.1,traffic sign,grp5_a6a28dc5-MichaelFarrugia_34_Side.jpg,E:\2. UM-Student\MSC Dissertation\Urban-Vision-Benchmark\Datasets\MTSD\Prepared\MTSD-Unaugmented\MTSD-YOLO\test\images\grp5_a6a28dc5-MichaelFarrugia_34_Side.jpg,1209.33,1044.83,1861.81,4080.0,0.4062,traffic sign,True,True,176.2,mtsd-p12
SAM 3.1,traffic sign,grp5_a6a28dc5-MichaelFarrugia_34_Side.jpg,E:\2. UM-Student\MSC Dissertation\Urban-Vision-Benchmark\Datasets\MTSD\Prepared\MTSD-Unaugmented\MTSD-YOLO\test\images\grp5_a6a28dc5-MichaelFarrugia_34_Side.jpg,1211.65,1048.42,1856.77,2190.35,0.8438,traffic sign,True,True,176.2,mtsd-p12
SAM 3.1,traffic sign,grp5_a7e73d18-AlisonAttard_29_Back.jpeg,E:\2. UM-Student\MSC Dissertation\Urban-Vision-Benchmark\Datasets\MTSD\Prepared\MTSD-Unaugmented\MTSD-YOLO\test\images\grp5_a7e73d18-AlisonAttard_29_Back.jpeg,,,,,,<no detections>,False,True,157.2,mtsd-p12
SAM 3.1,traffic sign,grp5_a7f0ea8c-BenTaliana_9_Side.jpeg,E:\2. UM-Student\MSC Dissertation\Urban-Vision-Benchmark\Datasets\MTSD\Prepared\MTSD-Unaugmented\MTSD-YOLO\test\images\grp5_a7f0ea8c-BenTaliana_9_Side.jpeg,1930.63,2520.11,1986.67,2678.44,0.8242,traffic sign,True,True,171.2,mtsd-p12
SAM 3.1,traffic sign,grp5_a7f0ea8c-BenTaliana_9_Side.jpeg,E:\2. UM-Student\MSC Dissertation\Urban-Vision-Benchmark\Datasets\MTSD\Prepared\MTSD-Unaugmented\MTSD-YOLO\test\images\grp5_a7f0ea8c-BenTaliana_9_Side.jpeg,820.94,1007.4,1374.92,4032.0,0.4434,traffic sign,True,True,171.2,mtsd-p12
SAM 3.1,traffic sign,grp5_a7f0ea8c-BenTaliana_9_Side.jpeg,E:\2. UM-Student\MSC Dissertation\Urban-Vision-Benchmark\Datasets\MTSD\Prepared\MTSD-Unaugmented\MTSD-YOLO\test\images\grp5_a7f0ea8c-BenTaliana_9_Side.jpeg,819.07,1008.67,1384.01,2003.76,0.9297,traffic sign,True,True,171.2,mtsd-p12
SAM 3.1,traffic sign,grp5_a8752ff5-MelatAssefa_56_Side.jpg,E:\2. UM-Student\MSC Dissertation\Urban-Vision-Benchmark\Datasets\MTSD\Prepared\MTSD-Unaugmented\MTSD-YOLO\test\images\grp5_a8752ff5-MelatAssefa_56_Side.jpg,0.0,0.0,1068.0,357.49,0.4062,traffic sign,True,True,208.1,mtsd-p12
SAM 3.1,traffic sign,grp5_a8752ff5-MelatAssefa_56_Side.jpg,E:\2. UM-Student\MSC Dissertation\Urban-Vision-Benchmark\Datasets\MTSD\Prepared\MTSD-Unaugmented\MTSD-YOLO\test\images\grp5_a8752ff5-MelatAssefa_56_Side.jpg,1361.41,584.73,1987.31,1704.45,0.9062,traffic sign,True,True,208.1,mtsd-p12
SAM 3.1,traffic sign,grp5_ab2f9697-MichaelFarrugia_48_Side.jpg,E:\2. UM-Student\MSC Dissertation\Urban-Vision-Benchmark\Datasets\MTSD\Prepared\MTSD-Unaugmented\MTSD-YOLO\test\images\grp5_ab2f9697-MichaelFarrugia_48_Side.jpg,1158.17,1356.93,1521.57,4080.0,0.4121,traffic sign,True,True,184.3,mtsd-p12
SAM 3.1,traffic sign,grp5_ab2f9697-MichaelFarrugia_48_Side.jpg,E:\2. UM-Student\MSC Dissertation\Urban-Vision-Benchmark\Datasets\MTSD\Prepared\MTSD-Unaugmented\MTSD-YOLO\test\images\grp5_ab2f9697-MichaelFarrugia_48_Side.jpg,1162.22,1944.63,1512.26,2584.25,0.9023,traffic sign,True,True,184.3,mtsd-p12
SAM 3.1,traffic sign,grp5_ab2f9697-MichaelFarrugia_48_Side.jpg,E:\2. UM-Student\MSC Dissertation\Urban-Vision-Benchmark\Datasets\MTSD\Prepared\MTSD-Unaugmented\MTSD-YOLO\test\images\grp5_ab2f9697-MichaelFarrugia_48_Side.jpg,1169.74,1359.05,1514.7,1988.78,0.9219,traffic sign,True,True,184.3,mtsd-p12
SAM 3.1,traffic sign,grp5_afdc6e4d-MelatAssefa_1_Side.jpg,E:\2. UM-Student\MSC Dissertation\Urban-Vision-Benchmark\Datasets\MTSD\Prepared\MTSD-Unaugmented\MTSD-YOLO\test\images\grp5_afdc6e4d-MelatAssefa_1_Side.jpg,1006.58,363.02,1449.05,1101.49,0.4512,traffic sign,True,True,207.5,mtsd-p12
SAM 3.1,traffic sign,grp5_afdc6e4d-MelatAssefa_1_Side.jpg,E:\2. UM-Student\MSC Dissertation\Urban-Vision-Benchmark\Datasets\MTSD\Prepared\MTSD-Unaugmented\MTSD-YOLO\test\images\grp5_afdc6e4d-MelatAssefa_1_Side.jpg,844.92,903.69,1196.93,1241.78,0.3984,traffic sign,True,True,207.5,mtsd-p12
SAM 3.1,traffic sign,grp5_afdc6e4d-MelatAssefa_1_Side.jpg,E:\2. UM-Student\MSC Dissertation\Urban-Vision-Benchmark\Datasets\MTSD\Prepared\MTSD-Unaugmented\MTSD-YOLO\test\images\grp5_afdc6e4d-MelatAssefa_1_Side.jpg,1156.31,306.14,1610.56,1032.44,0.7695,traffic sign,True,True,207.5,mtsd-p12
SAM 3.1,traffic sign,grp5_b5c4d0ea-BenTaliana_31_Side.jpeg,E:\2. UM-Student\MSC Dissertation\Urban-Vision-Benchmark\Datasets\MTSD\Prepared\MTSD-Unaugmented\MTSD-YOLO\test\images\grp5_b5c4d0ea-BenTaliana_31_Side.jpeg,1265.82,1643.44,2666.46,4706.3,0.8828,traffic sign,True,True,510.3,mtsd-p12
SAM 3.1,traffic sign,grp5_bbdd8a43-BenTaliana_44_Front.jpeg,E:\2. UM-Student\MSC Dissertation\Urban-Vision-Benchmark\Datasets\MTSD\Prepared\MTSD-Unaugmented\MTSD-YOLO\test\images\grp5_bbdd8a43-BenTaliana_44_Front.jpeg,972.91,2320.12,3547.46,4713.17,0.918,traffic sign,True,True,724.7,mtsd-p12
SAM 3.1,traffic sign,grp5_bc59500b-AlisonAttard_47_Side.jpeg,E:\2. UM-Student\MSC Dissertation\Urban-Vision-Benchmark\Datasets\MTSD\Prepared\MTSD-Unaugmented\MTSD-YOLO\test\images\grp5_bc59500b-AlisonAttard_47_Side.jpeg,2641.45,1169.39,3176.13,2264.17,0.9141,traffic sign,True,True,244.1,mtsd-p12
SAM 3.1,traffic sign,grp5_bc59500b-AlisonAttard_47_Side.jpeg,E:\2. UM-Student\MSC Dissertation\Urban-Vision-Benchmark\Datasets\MTSD\Prepared\MTSD-Unaugmented\MTSD-YOLO\test\images\grp5_bc59500b-AlisonAttard_47_Side.jpeg,1395.12,1693.25,2523.38,1861.79,0.8828,traffic sign,True,True,244.1,mtsd-p12
SAM 3.1,traffic sign,grp5_c5c3aa2b-BenTaliana_19_Side.jpeg,E:\2. UM-Student\MSC Dissertation\Urban-Vision-Benchmark\Datasets\MTSD\Prepared\MTSD-Unaugmented\MTSD-YOLO\test\images\grp5_c5c3aa2b-BenTaliana_19_Side.jpeg,742.42,1111.55,1543.94,2268.57,0.8945,traffic sign,True,True,154.2,mtsd-p12
SAM 3.1,traffic sign,grp5_cc1fcae2-AlisonAttard_9_Back.jpeg,E:\2. UM-Student\MSC Dissertation\Urban-Vision-Benchmark\Datasets\MTSD\Prepared\MTSD-Unaugmented\MTSD-YOLO\test\images\grp5_cc1fcae2-AlisonAttard_9_Back.jpeg,2382.35,2970.98,2427.73,3005.66,0.5039,traffic sign,True,True,253.4,mtsd-p12
SAM 3.1,traffic sign,grp5_cc1fcae2-AlisonAttard_9_Back.jpeg,E:\2. UM-Student\MSC Dissertation\Urban-Vision-Benchmark\Datasets\MTSD\Prepared\MTSD-Unaugmented\MTSD-YOLO\test\images\grp5_cc1fcae2-AlisonAttard_9_Back.jpeg,906.23,815.53,1987.9,4032.0,0.3984,traffic sign,True,True,253.4,mtsd-p12
SAM 3.1,traffic sign,grp5_cc1fcae2-AlisonAttard_9_Back.jpeg,E:\2. UM-Student\MSC Dissertation\Urban-Vision-Benchmark\Datasets\MTSD\Prepared\MTSD-Unaugmented\MTSD-YOLO\test\images\grp5_cc1fcae2-AlisonAttard_9_Back.jpeg,869.16,1928.62,2004.96,3154.06,0.8516,traffic sign,True,True,253.4,mtsd-p12
SAM 3.1,traffic sign,grp5_cc1fcae2-AlisonAttard_9_Back.jpeg,E:\2. UM-Student\MSC Dissertation\Urban-Vision-Benchmark\Datasets\MTSD\Prepared\MTSD-Unaugmented\MTSD-YOLO\test\images\grp5_cc1fcae2-AlisonAttard_9_Back.jpeg,937.93,804.37,1964.87,1945.42,0.8555,traffic sign,True,True,253.4,mtsd-p12
SAM 3.1,traffic sign,grp5_cc77abda-MelatAssefa_34_Side.jpg,E:\2. UM-Student\MSC Dissertation\Urban-Vision-Benchmark\Datasets\MTSD\Prepared\MTSD-Unaugmented\MTSD-YOLO\test\images\grp5_cc77abda-MelatAssefa_34_Side.jpg,1446.58,912.01,2674.94,5679.03,0.4473,traffic sign,True,True,250.9,mtsd-p12
SAM 3.1,traffic sign,grp5_cc77abda-MelatAssefa_34_Side.jpg,E:\2. UM-Student\MSC Dissertation\Urban-Vision-Benchmark\Datasets\MTSD\Prepared\MTSD-Unaugmented\MTSD-YOLO\test\images\grp5_cc77abda-MelatAssefa_34_Side.jpg,1499.9,901.47,2677.29,2556.03,0.8906,traffic sign,True,True,250.9,mtsd-p12
SAM 3.1,traffic sign,grp5_cdd70210-BenTaliana_10_Side.jpeg,E:\2. UM-Student\MSC Dissertation\Urban-Vision-Benchmark\Datasets\MTSD\Prepared\MTSD-Unaugmented\MTSD-YOLO\test\images\grp5_cdd70210-BenTaliana_10_Side.jpeg,1495.47,1549.7,3361.19,4814.96,0.8594,traffic sign,True,True,781.3,mtsd-p12
SAM 3.1,traffic sign,grp5_d29347ca-MelatAssefa_51_Side.jpg,E:\2. UM-Student\MSC Dissertation\Urban-Vision-Benchmark\Datasets\MTSD\Prepared\MTSD-Unaugmented\MTSD-YOLO\test\images\grp5_d29347ca-MelatAssefa_51_Side.jpg,2897.6,3879.89,3024.0,4032.0,0.5586,traffic sign,True,True,441.7,mtsd-p12
SAM 3.1,traffic sign,grp5_d29347ca-MelatAssefa_51_Side.jpg,E:\2. UM-Student\MSC Dissertation\Urban-Vision-Benchmark\Datasets\MTSD\Prepared\MTSD-Unaugmented\MTSD-YOLO\test\images\grp5_d29347ca-MelatAssefa_51_Side.jpg,2757.28,3349.45,3024.0,3623.8,0.6758,traffic sign,True,True,441.7,mtsd-p12
SAM 3.1,traffic sign,grp5_d29347ca-MelatAssefa_51_Side.jpg,E:\2. UM-Student\MSC Dissertation\Urban-Vision-Benchmark\Datasets\MTSD\Prepared\MTSD-Unaugmented\MTSD-YOLO\test\images\grp5_d29347ca-MelatAssefa_51_Side.jpg,1652.83,2823.2,1699.55,3403.84,0.793,traffic sign,True,True,441.7,mtsd-p12
SAM 3.1,traffic sign,grp5_d29347ca-MelatAssefa_51_Side.jpg,E:\2. UM-Student\MSC Dissertation\Urban-Vision-Benchmark\Datasets\MTSD\Prepared\MTSD-Unaugmented\MTSD-YOLO\test\images\grp5_d29347ca-MelatAssefa_51_Side.jpg,1275.67,236.72,1804.28,2051.51,0.9023,traffic sign,True,True,441.7,mtsd-p12
SAM 3.1,traffic sign,grp5_dad74922-BenTaliana_41_Front.jpeg,E:\2. UM-Student\MSC Dissertation\Urban-Vision-Benchmark\Datasets\MTSD\Prepared\MTSD-Unaugmented\MTSD-YOLO\test\images\grp5_dad74922-BenTaliana_41_Front.jpeg,686.02,3139.41,3166.56,4242.21,0.4141,traffic sign,True,True,320.9,mtsd-p12
SAM 3.1,traffic sign,grp5_dad74922-BenTaliana_41_Front.jpeg,E:\2. UM-Student\MSC Dissertation\Urban-Vision-Benchmark\Datasets\MTSD\Prepared\MTSD-Unaugmented\MTSD-YOLO\test\images\grp5_dad74922-BenTaliana_41_Front.jpeg,690.72,1906.44,3280.91,7584.0,0.459,traffic sign,True,True,320.9,mtsd-p12
SAM 3.1,traffic sign,grp5_dad74922-BenTaliana_41_Front.jpeg,E:\2. UM-Student\MSC Dissertation\Urban-Vision-Benchmark\Datasets\MTSD\Prepared\MTSD-Unaugmented\MTSD-YOLO\test\images\grp5_dad74922-BenTaliana_41_Front.jpeg,706.58,1891.07,3276.83,3940.38,0.8359,traffic sign,True,True,320.9,mtsd-p12
SAM 3.1,traffic sign,grp5_dcad2b9b-MichaelFarrugia_64_Side.jpg,E:\2. UM-Student\MSC Dissertation\Urban-Vision-Benchmark\Datasets\MTSD\Prepared\MTSD-Unaugmented\MTSD-YOLO\test\images\grp5_dcad2b9b-MichaelFarrugia_64_Side.jpg,1152.06,1412.35,1719.04,4080.0,0.5,traffic sign,True,True,176.8,mtsd-p12
SAM 3.1,traffic sign,grp5_dcad2b9b-MichaelFarrugia_64_Side.jpg,E:\2. UM-Student\MSC Dissertation\Urban-Vision-Benchmark\Datasets\MTSD\Prepared\MTSD-Unaugmented\MTSD-YOLO\test\images\grp5_dcad2b9b-MichaelFarrugia_64_Side.jpg,1158.9,1414.19,1718.07,2601.08,0.8516,traffic sign,True,True,176.8,mtsd-p12
SAM 3.1,traffic sign,grp5_e0bfe536-MelatAssefa_22_Front.jpg,E:\2. UM-Student\MSC Dissertation\Urban-Vision-Benchmark\Datasets\MTSD\Prepared\MTSD-Unaugmented\MTSD-YOLO\test\images\grp5_e0bfe536-MelatAssefa_22_Front.jpg,1747.15,2973.18,1787.25,3019.89,0.4551,traffic sign,True,True,202.7,mtsd-p12
SAM 3.1,traffic sign,grp5_e0bfe536-MelatAssefa_22_Front.jpg,E:\2. UM-Student\MSC Dissertation\Urban-Vision-Benchmark\Datasets\MTSD\Prepared\MTSD-Unaugmented\MTSD-YOLO\test\images\grp5_e0bfe536-MelatAssefa_22_Front.jpg,1076.5,991.43,1858.87,4032.0,0.4609,traffic sign,True,True,202.7,mtsd-p12
SAM 3.1,traffic sign,grp5_e0bfe536-MelatAssefa_22_Front.jpg,E:\2. UM-Student\MSC Dissertation\Urban-Vision-Benchmark\Datasets\MTSD\Prepared\MTSD-Unaugmented\MTSD-YOLO\test\images\grp5_e0bfe536-MelatAssefa_22_Front.jpg,1074.59,989.95,1858.87,1720.15,0.8438,traffic sign,True,True,202.7,mtsd-p12
SAM 3.1,traffic sign,grp5_e2a22cf0-BenTaliana_9_Front.jpeg,E:\2. UM-Student\MSC Dissertation\Urban-Vision-Benchmark\Datasets\MTSD\Prepared\MTSD-Unaugmented\MTSD-YOLO\test\images\grp5_e2a22cf0-BenTaliana_9_Front.jpeg,760.57,3087.63,802.78,3149.53,0.5195,traffic sign,True,True,432.5,mtsd-p12
SAM 3.1,traffic sign,grp5_e2a22cf0-BenTaliana_9_Front.jpeg,E:\2. UM-Student\MSC Dissertation\Urban-Vision-Benchmark\Datasets\MTSD\Prepared\MTSD-Unaugmented\MTSD-YOLO\test\images\grp5_e2a22cf0-BenTaliana_9_Front.jpeg,452.28,1043.19,1774.54,4032.0,0.4355,traffic sign,True,True,432.5,mtsd-p12
SAM 3.1,traffic sign,grp5_e2a22cf0-BenTaliana_9_Front.jpeg,E:\2. UM-Student\MSC Dissertation\Urban-Vision-Benchmark\Datasets\MTSD\Prepared\MTSD-Unaugmented\MTSD-YOLO\test\images\grp5_e2a22cf0-BenTaliana_9_Front.jpeg,456.3,1050.26,1771.55,2123.67,0.9102,traffic sign,True,True,432.5,mtsd-p12
SAM 3.1,traffic sign,grp5_e2a22cf0-BenTaliana_9_Front.jpeg,E:\2. UM-Student\MSC Dissertation\Urban-Vision-Benchmark\Datasets\MTSD\Prepared\MTSD-Unaugmented\MTSD-YOLO\test\images\grp5_e2a22cf0-BenTaliana_9_Front.jpeg,1375.56,2668.33,1475.31,2742.59,0.5234,traffic sign,True,True,432.5,mtsd-p12
SAM 3.1,traffic sign,grp5_e390d90e-MelatAssefa_55_Side.jpg,E:\2. UM-Student\MSC Dissertation\Urban-Vision-Benchmark\Datasets\MTSD\Prepared\MTSD-Unaugmented\MTSD-YOLO\test\images\grp5_e390d90e-MelatAssefa_55_Side.jpg,1599.91,957.56,2204.72,2092.0,0.9102,traffic sign,True,True,280.7,mtsd-p12
SAM 3.1,traffic sign,grp5_e3df78e1-MichaelFarrugia_48_Back.jpg,E:\2. UM-Student\MSC Dissertation\Urban-Vision-Benchmark\Datasets\MTSD\Prepared\MTSD-Unaugmented\MTSD-YOLO\test\images\grp5_e3df78e1-MichaelFarrugia_48_Back.jpg,1284.63,2158.83,1825.05,2786.28,0.5391,traffic sign,True,True,206.5,mtsd-p12
SAM 3.1,traffic sign,grp5_e3df78e1-MichaelFarrugia_48_Back.jpg,E:\2. UM-Student\MSC Dissertation\Urban-Vision-Benchmark\Datasets\MTSD\Prepared\MTSD-Unaugmented\MTSD-YOLO\test\images\grp5_e3df78e1-MichaelFarrugia_48_Back.jpg,1320.28,1612.72,1810.56,2193.42,0.543,traffic sign,True,True,206.5,mtsd-p12
SAM 3.1,traffic sign,grp5_e43a48bc-BenTaliana_53_Side.jpeg,E:\2. UM-Student\MSC Dissertation\Urban-Vision-Benchmark\Datasets\MTSD\Prepared\MTSD-Unaugmented\MTSD-YOLO\test\images\grp5_e43a48bc-BenTaliana_53_Side.jpeg,897.32,1216.29,1345.53,2168.52,0.9102,traffic sign,True,True,194.3,mtsd-p12
SAM 3.1,traffic sign,grp5_e64b6a10-AlisonAttard_20_Side.jpeg,E:\2. UM-Student\MSC Dissertation\Urban-Vision-Benchmark\Datasets\MTSD\Prepared\MTSD-Unaugmented\MTSD-YOLO\test\images\grp5_e64b6a10-AlisonAttard_20_Side.jpeg,,,,,,<no detections>,False,True,146.0,mtsd-p12
SAM 3.1,traffic sign,grp5_e7eb8734-MichaelFarrugia_52_Front.jpg,E:\2. UM-Student\MSC Dissertation\Urban-Vision-Benchmark\Datasets\MTSD\Prepared\MTSD-Unaugmented\MTSD-YOLO\test\images\grp5_e7eb8734-MichaelFarrugia_52_Front.jpg,1300.02,1554.81,2082.58,2319.55,0.8398,traffic sign,True,True,180.5,mtsd-p12
SAM 3.1,traffic sign,grp5_e7eb8734-MichaelFarrugia_52_Front.jpg,E:\2. UM-Student\MSC Dissertation\Urban-Vision-Benchmark\Datasets\MTSD\Prepared\MTSD-Unaugmented\MTSD-YOLO\test\images\grp5_e7eb8734-MichaelFarrugia_52_Front.jpg,1293.01,1547.13,2086.02,4080.0,0.5195,traffic sign,True,True,180.5,mtsd-p12
SAM 3.1,traffic sign,grp5_e897b21c-MelatAssefa_52_Front.jpg,E:\2. UM-Student\MSC Dissertation\Urban-Vision-Benchmark\Datasets\MTSD\Prepared\MTSD-Unaugmented\MTSD-YOLO\test\images\grp5_e897b21c-MelatAssefa_52_Front.jpg,3275.91,5103.84,3517.58,5367.93,0.8516,traffic sign,True,True,764.2,mtsd-p12
SAM 3.1,traffic sign,grp5_e897b21c-MelatAssefa_52_Front.jpg,E:\2. UM-Student\MSC Dissertation\Urban-Vision-Benchmark\Datasets\MTSD\Prepared\MTSD-Unaugmented\MTSD-YOLO\test\images\grp5_e897b21c-MelatAssefa_52_Front.jpg,3300.1,4799.09,3475.81,5089.78,0.3223,traffic sign,True,True,764.2,mtsd-p12
SAM 3.1,traffic sign,grp5_e897b21c-MelatAssefa_52_Front.jpg,E:\2. UM-Student\MSC Dissertation\Urban-Vision-Benchmark\Datasets\MTSD\Prepared\MTSD-Unaugmented\MTSD-YOLO\test\images\grp5_e897b21c-MelatAssefa_52_Front.jpg,1514.02,2676.17,2520.35,5712.0,0.5117,traffic sign,True,True,764.2,mtsd-p12
SAM 3.1,traffic sign,grp5_e897b21c-MelatAssefa_52_Front.jpg,E:\2. UM-Student\MSC Dissertation\Urban-Vision-Benchmark\Datasets\MTSD\Prepared\MTSD-Unaugmented\MTSD-YOLO\test\images\grp5_e897b21c-MelatAssefa_52_Front.jpg,2147.56,5280.54,2316.1,5524.06,0.3789,traffic sign,True,True,764.2,mtsd-p12
SAM 3.1,traffic sign,grp5_e897b21c-MelatAssefa_52_Front.jpg,E:\2. UM-Student\MSC Dissertation\Urban-Vision-Benchmark\Datasets\MTSD\Prepared\MTSD-Unaugmented\MTSD-YOLO\test\images\grp5_e897b21c-MelatAssefa_52_Front.jpg,1514.03,2683.33,2526.09,3659.59,0.8633,traffic sign,True,True,764.2,mtsd-p12
SAM 3.1,traffic sign,grp5_ec52a808-MichaelFarrugia_58_Side.jpg,E:\2. UM-Student\MSC Dissertation\Urban-Vision-Benchmark\Datasets\MTSD\Prepared\MTSD-Unaugmented\MTSD-YOLO\test\images\grp5_ec52a808-MichaelFarrugia_58_Side.jpg,424.92,3224.47,452.14,3260.46,0.5078,traffic sign,True,True,797.3,mtsd-p12
SAM 3.1,traffic sign,grp5_ec52a808-MichaelFarrugia_58_Side.jpg,E:\2. UM-Student\MSC Dissertation\Urban-Vision-Benchmark\Datasets\MTSD\Prepared\MTSD-Unaugmented\MTSD-YOLO\test\images\grp5_ec52a808-MichaelFarrugia_58_Side.jpg,601.65,3234.91,619.98,3274.23,0.3652,traffic sign,True,True,797.3,mtsd-p12
SAM 3.1,traffic sign,grp5_ec52a808-MichaelFarrugia_58_Side.jpg,E:\2. UM-Student\MSC Dissertation\Urban-Vision-Benchmark\Datasets\MTSD\Prepared\MTSD-Unaugmented\MTSD-YOLO\test\images\grp5_ec52a808-MichaelFarrugia_58_Side.jpg,872.03,3141.57,939.11,3488.62,0.332,traffic sign,True,True,797.3,mtsd-p12
SAM 3.1,traffic sign,grp5_ec52a808-MichaelFarrugia_58_Side.jpg,E:\2. UM-Student\MSC Dissertation\Urban-Vision-Benchmark\Datasets\MTSD\Prepared\MTSD-Unaugmented\MTSD-YOLO\test\images\grp5_ec52a808-MichaelFarrugia_58_Side.jpg,704.28,3179.47,792.58,3245.6,0.3906,traffic sign,True,True,797.3,mtsd-p12
SAM 3.1,traffic sign,grp5_ec52a808-MichaelFarrugia_58_Side.jpg,E:\2. UM-Student\MSC Dissertation\Urban-Vision-Benchmark\Datasets\MTSD\Prepared\MTSD-Unaugmented\MTSD-YOLO\test\images\grp5_ec52a808-MichaelFarrugia_58_Side.jpg,6.85,3361.95,34.99,3392.02,0.4121,traffic sign,True,True,797.3,mtsd-p12
SAM 3.1,traffic sign,grp5_ec52a808-MichaelFarrugia_58_Side.jpg,E:\2. UM-Student\MSC Dissertation\Urban-Vision-Benchmark\Datasets\MTSD\Prepared\MTSD-Unaugmented\MTSD-YOLO\test\images\grp5_ec52a808-MichaelFarrugia_58_Side.jpg,751.54,3121.22,786.34,3160.73,0.3887,traffic sign,True,True,797.3,mtsd-p12
SAM 3.1,traffic sign,grp5_ec52a808-MichaelFarrugia_58_Side.jpg,E:\2. UM-Student\MSC Dissertation\Urban-Vision-Benchmark\Datasets\MTSD\Prepared\MTSD-Unaugmented\MTSD-YOLO\test\images\grp5_ec52a808-MichaelFarrugia_58_Side.jpg,474.23,3237.4,498.03,3276.43,0.5234,traffic sign,True,True,797.3,mtsd-p12
SAM 3.1,traffic sign,grp5_ec52a808-MichaelFarrugia_58_Side.jpg,E:\2. UM-Student\MSC Dissertation\Urban-Vision-Benchmark\Datasets\MTSD\Prepared\MTSD-Unaugmented\MTSD-YOLO\test\images\grp5_ec52a808-MichaelFarrugia_58_Side.jpg,83.22,3314.27,109.69,3352.41,0.4629,traffic sign,True,True,797.3,mtsd-p12
SAM 3.1,traffic sign,grp5_ec52a808-MichaelFarrugia_58_Side.jpg,E:\2. UM-Student\MSC Dissertation\Urban-Vision-Benchmark\Datasets\MTSD\Prepared\MTSD-Unaugmented\MTSD-YOLO\test\images\grp5_ec52a808-MichaelFarrugia_58_Side.jpg,290.62,3239.55,315.61,3275.35,0.4727,traffic sign,True,True,797.3,mtsd-p12
SAM 3.1,traffic sign,grp5_ec52a808-MichaelFarrugia_58_Side.jpg,E:\2. UM-Student\MSC Dissertation\Urban-Vision-Benchmark\Datasets\MTSD\Prepared\MTSD-Unaugmented\MTSD-YOLO\test\images\grp5_ec52a808-MichaelFarrugia_58_Side.jpg,90.26,3340.3,119.65,3411.53,0.3047,traffic sign,True,True,797.3,mtsd-p12
SAM 3.1,traffic sign,grp5_ec52a808-MichaelFarrugia_58_Side.jpg,E:\2. UM-Student\MSC Dissertation\Urban-Vision-Benchmark\Datasets\MTSD\Prepared\MTSD-Unaugmented\MTSD-YOLO\test\images\grp5_ec52a808-MichaelFarrugia_58_Side.jpg,1239.15,2226.35,1758.45,2769.75,0.8594,traffic sign,True,True,797.3,mtsd-p12
SAM 3.1,traffic sign,grp5_ec52a808-MichaelFarrugia_58_Side.jpg,E:\2. UM-Student\MSC Dissertation\Urban-Vision-Benchmark\Datasets\MTSD\Prepared\MTSD-Unaugmented\MTSD-YOLO\test\images\grp5_ec52a808-MichaelFarrugia_58_Side.jpg,873.39,3140.23,939.9,3226.18,0.6055,traffic sign,True,True,797.3,mtsd-p12
SAM 3.1,traffic sign,grp5_ec52a808-MichaelFarrugia_58_Side.jpg,E:\2. UM-Student\MSC Dissertation\Urban-Vision-Benchmark\Datasets\MTSD\Prepared\MTSD-Unaugmented\MTSD-YOLO\test\images\grp5_ec52a808-MichaelFarrugia_58_Side.jpg,1240.92,1466.93,1775.07,2437.16,0.9297,traffic sign,True,True,797.3,mtsd-p12
SAM 3.1,traffic sign,grp5_ec52a808-MichaelFarrugia_58_Side.jpg,E:\2. UM-Student\MSC Dissertation\Urban-Vision-Benchmark\Datasets\MTSD\Prepared\MTSD-Unaugmented\MTSD-YOLO\test\images\grp5_ec52a808-MichaelFarrugia_58_Side.jpg,695.81,3241.76,716.26,3286.9,0.332,traffic sign,True,True,797.3,mtsd-p12
SAM 3.1,traffic sign,grp5_f3d53558-BenTaliana_52_Front.jpeg,E:\2. UM-Student\MSC Dissertation\Urban-Vision-Benchmark\Datasets\MTSD\Prepared\MTSD-Unaugmented\MTSD-YOLO\test\images\grp5_f3d53558-BenTaliana_52_Front.jpeg,733.84,1995.33,3506.74,8064.0,0.4668,traffic sign,True,True,840.1,mtsd-p12
SAM 3.1,traffic sign,grp5_f3d53558-BenTaliana_52_Front.jpeg,E:\2. UM-Student\MSC Dissertation\Urban-Vision-Benchmark\Datasets\MTSD\Prepared\MTSD-Unaugmented\MTSD-YOLO\test\images\grp5_f3d53558-BenTaliana_52_Front.jpeg,736.53,3751.69,3502.81,4943.01,0.7578,traffic sign,True,True,840.1,mtsd-p12
SAM 3.1,traffic sign,grp5_f3d53558-BenTaliana_52_Front.jpeg,E:\2. UM-Student\MSC Dissertation\Urban-Vision-Benchmark\Datasets\MTSD\Prepared\MTSD-Unaugmented\MTSD-YOLO\test\images\grp5_f3d53558-BenTaliana_52_Front.jpeg,756.8,1997.22,3431.23,4092.96,0.8672,traffic sign,True,True,840.1,mtsd-p12
SAM 3.1,traffic sign,grp5_f7db29c0-MichaelFarrugia_35_Front.jpg,E:\2. UM-Student\MSC Dissertation\Urban-Vision-Benchmark\Datasets\MTSD\Prepared\MTSD-Unaugmented\MTSD-YOLO\test\images\grp5_f7db29c0-MichaelFarrugia_35_Front.jpg,855.54,3198.14,895.9,3241.59,0.7031,traffic sign,True,True,214.9,mtsd-p12
SAM 3.1,traffic sign,grp5_f7db29c0-MichaelFarrugia_35_Front.jpg,E:\2. UM-Student\MSC Dissertation\Urban-Vision-Benchmark\Datasets\MTSD\Prepared\MTSD-Unaugmented\MTSD-YOLO\test\images\grp5_f7db29c0-MichaelFarrugia_35_Front.jpg,1076.7,1670.2,1872.74,2398.89,0.9102,traffic sign,True,True,214.9,mtsd-p12
SAM 3.1,traffic sign,grp5_fc84e1fb-BenTaliana_3_Back.jpeg,E:\2. UM-Student\MSC Dissertation\Urban-Vision-Benchmark\Datasets\MTSD\Prepared\MTSD-Unaugmented\MTSD-YOLO\test\images\grp5_fc84e1fb-BenTaliana_3_Back.jpeg,818.69,1796.05,1693.77,3933.77,0.7734,traffic sign,True,True,184.7,mtsd-p12
SAM 3.1,traffic sign,grp5_fc84e1fb-BenTaliana_3_Back.jpeg,E:\2. UM-Student\MSC Dissertation\Urban-Vision-Benchmark\Datasets\MTSD\Prepared\MTSD-Unaugmented\MTSD-YOLO\test\images\grp5_fc84e1fb-BenTaliana_3_Back.jpeg,413.39,980.57,1778.84,2132.0,0.6172,traffic sign,True,True,184.7,mtsd-p12
SAM 3.1,traffic sign,grp5_fea9ceb6-MichaelFarrugia_19_Back.jpg,E:\2. UM-Student\MSC Dissertation\Urban-Vision-Benchmark\Datasets\MTSD\Prepared\MTSD-Unaugmented\MTSD-YOLO\test\images\grp5_fea9ceb6-MichaelFarrugia_19_Back.jpg,1874.8,371.56,2421.49,836.77,0.7109,traffic sign,True,True,260.6,mtsd-p12
SAM 3.1,traffic sign,grp5_fea9ceb6-MichaelFarrugia_19_Back.jpg,E:\2. UM-Student\MSC Dissertation\Urban-Vision-Benchmark\Datasets\MTSD\Prepared\MTSD-Unaugmented\MTSD-YOLO\test\images\grp5_fea9ceb6-MichaelFarrugia_19_Back.jpg,1453.41,2004.72,2230.76,2975.68,0.8516,traffic sign,True,True,260.6,mtsd-p12
SAM 3.1,traffic sign,grp5_fea9ceb6-MichaelFarrugia_19_Back.jpg,E:\2. UM-Student\MSC Dissertation\Urban-Vision-Benchmark\Datasets\MTSD\Prepared\MTSD-Unaugmented\MTSD-YOLO\test\images\grp5_fea9ceb6-MichaelFarrugia_19_Back.jpg,1217.74,1218.82,2124.19,2264.66,0.8477,traffic sign,True,True,260.6,mtsd-p12
SAM 3.1,traffic sign,grp5_ff6aaac1-MichaelFarrugia_43_Front.jpg,E:\2. UM-Student\MSC Dissertation\Urban-Vision-Benchmark\Datasets\MTSD\Prepared\MTSD-Unaugmented\MTSD-YOLO\test\images\grp5_ff6aaac1-MichaelFarrugia_43_Front.jpg,1244.44,1656.26,1955.21,2336.94,0.9023,traffic sign,True,True,216.7,mtsd-p12
SAM 3.1,traffic sign,grp6_0126954d-IMG_0235.JPG,E:\2. UM-Student\MSC Dissertation\Urban-Vision-Benchmark\Datasets\MTSD\Prepared\MTSD-Unaugmented\MTSD-YOLO\test\images\grp6_0126954d-IMG_0235.JPG,721.58,1238.78,2363.36,2098.75,0.6445,traffic sign,True,True,187.6,mtsd-p12
SAM 3.1,traffic sign,grp6_0126954d-IMG_0235.JPG,E:\2. UM-Student\MSC Dissertation\Urban-Vision-Benchmark\Datasets\MTSD\Prepared\MTSD-Unaugmented\MTSD-YOLO\test\images\grp6_0126954d-IMG_0235.JPG,728.83,1234.93,4032.0,2102.3,0.3574,traffic sign,True,True,187.6,mtsd-p12
SAM 3.1,traffic sign,grp6_0d61ecda-IMG_6112.JPG,E:\2. UM-Student\MSC Dissertation\Urban-Vision-Benchmark\Datasets\MTSD\Prepared\MTSD-Unaugmented\MTSD-YOLO\test\images\grp6_0d61ecda-IMG_6112.JPG,836.03,56.82,1987.63,1237.19,0.8945,traffic sign,True,True,204.7,mtsd-p12
SAM 3.1,traffic sign,grp6_0dbbcef1-IMG_6167.JPG,E:\2. UM-Student\MSC Dissertation\Urban-Vision-Benchmark\Datasets\MTSD\Prepared\MTSD-Unaugmented\MTSD-YOLO\test\images\grp6_0dbbcef1-IMG_6167.JPG,48.33,3076.17,246.03,3362.38,0.5586,traffic sign,True,True,204.1,mtsd-p12
SAM 3.1,traffic sign,grp6_0dbbcef1-IMG_6167.JPG,E:\2. UM-Student\MSC Dissertation\Urban-Vision-Benchmark\Datasets\MTSD\Prepared\MTSD-Unaugmented\MTSD-YOLO\test\images\grp6_0dbbcef1-IMG_6167.JPG,1037.05,579.56,1469.05,4032.0,0.3008,traffic sign,True,True,204.1,mtsd-p12
SAM 3.1,traffic sign,grp6_0dbbcef1-IMG_6167.JPG,E:\2. UM-Student\MSC Dissertation\Urban-Vision-Benchmark\Datasets\MTSD\Prepared\MTSD-Unaugmented\MTSD-YOLO\test\images\grp6_0dbbcef1-IMG_6167.JPG,1177.17,581.96,1464.07,2526.92,0.7266,traffic sign,True,True,204.1,mtsd-p12
SAM 3.1,traffic sign,grp6_1fffe58c-IMG_6250.JPG,E:\2. UM-Student\MSC Dissertation\Urban-Vision-Benchmark\Datasets\MTSD\Prepared\MTSD-Unaugmented\MTSD-YOLO\test\images\grp6_1fffe58c-IMG_6250.JPG,0.71,0.0,474.14,184.55,0.6758,traffic sign,True,True,233.4,mtsd-p12
SAM 3.1,traffic sign,grp6_1fffe58c-IMG_6250.JPG,E:\2. UM-Student\MSC Dissertation\Urban-Vision-Benchmark\Datasets\MTSD\Prepared\MTSD-Unaugmented\MTSD-YOLO\test\images\grp6_1fffe58c-IMG_6250.JPG,831.46,1769.78,2107.09,2597.41,0.8828,traffic sign,True,True,233.4,mtsd-p12
SAM 3.1,traffic sign,grp6_1fffe58c-IMG_6250.JPG,E:\2. UM-Student\MSC Dissertation\Urban-Vision-Benchmark\Datasets\MTSD\Prepared\MTSD-Unaugmented\MTSD-YOLO\test\images\grp6_1fffe58c-IMG_6250.JPG,1016.92,861.61,2059.24,1798.25,0.9258,traffic sign,True,True,233.4,mtsd-p12
SAM 3.1,traffic sign,grp6_205fffc2-Screenshot_2025-12-05_135424.png,E:\2. UM-Student\MSC Dissertation\Urban-Vision-Benchmark\Datasets\MTSD\Prepared\MTSD-Unaugmented\MTSD-YOLO\test\images\grp6_205fffc2-Screenshot_2025-12-05_135424.png,122.99,177.82,157.74,318.62,0.8672,traffic sign,True,True,111.3,mtsd-p12
SAM 3.1,traffic sign,grp6_205fffc2-Screenshot_2025-12-05_135424.png,E:\2. UM-Student\MSC Dissertation\Urban-Vision-Benchmark\Datasets\MTSD\Prepared\MTSD-Unaugmented\MTSD-YOLO\test\images\grp6_205fffc2-Screenshot_2025-12-05_135424.png,92.45,33.74,222.78,738.66,0.5117,traffic sign,True,True,111.3,mtsd-p12
SAM 3.1,traffic sign,grp6_205fffc2-Screenshot_2025-12-05_135424.png,E:\2. UM-Student\MSC Dissertation\Urban-Vision-Benchmark\Datasets\MTSD\Prepared\MTSD-Unaugmented\MTSD-YOLO\test\images\grp6_205fffc2-Screenshot_2025-12-05_135424.png,125.09,316.4,147.83,389.18,0.6523,traffic sign,True,True,111.3,mtsd-p12
SAM 3.1,traffic sign,grp6_205fffc2-Screenshot_2025-12-05_135424.png,E:\2. UM-Student\MSC Dissertation\Urban-Vision-Benchmark\Datasets\MTSD\Prepared\MTSD-Unaugmented\MTSD-YOLO\test\images\grp6_205fffc2-Screenshot_2025-12-05_135424.png,92.25,34.79,222.43,173.11,0.7383,traffic sign,True,True,111.3,mtsd-p12
SAM 3.1,traffic sign,grp6_255dc793-IMG_0327.JPG,E:\2. UM-Student\MSC Dissertation\Urban-Vision-Benchmark\Datasets\MTSD\Prepared\MTSD-Unaugmented\MTSD-YOLO\test\images\grp6_255dc793-IMG_0327.JPG,902.85,1570.59,3541.28,2066.02,0.9023,traffic sign,True,True,174.2,mtsd-p12
SAM 3.1,traffic sign,grp6_264240ca-IMG_0303.JPG,E:\2. UM-Student\MSC Dissertation\Urban-Vision-Benchmark\Datasets\MTSD\Prepared\MTSD-Unaugmented\MTSD-YOLO\test\images\grp6_264240ca-IMG_0303.JPG,1203.32,738.66,3645.13,2067.71,0.9141,traffic sign,True,True,187.8,mtsd-p12
SAM 3.1,traffic sign,grp6_280e9cbc-IMG_0220.JPG,E:\2. UM-Student\MSC Dissertation\Urban-Vision-Benchmark\Datasets\MTSD\Prepared\MTSD-Unaugmented\MTSD-YOLO\test\images\grp6_280e9cbc-IMG_0220.JPG,,,,,,<no detections>,False,True,146.1,mtsd-p12
SAM 3.1,traffic sign,grp6_34078a23-Screenshot_2025-12-05_144602.png,E:\2. UM-Student\MSC Dissertation\Urban-Vision-Benchmark\Datasets\MTSD\Prepared\MTSD-Unaugmented\MTSD-YOLO\test\images\grp6_34078a23-Screenshot_2025-12-05_144602.png,89.28,44.25,211.14,587.32,0.5586,traffic sign,True,True,108.7,mtsd-p12
SAM 3.1,traffic sign,grp6_34078a23-Screenshot_2025-12-05_144602.png,E:\2. UM-Student\MSC Dissertation\Urban-Vision-Benchmark\Datasets\MTSD\Prepared\MTSD-Unaugmented\MTSD-YOLO\test\images\grp6_34078a23-Screenshot_2025-12-05_144602.png,89.6,44.59,210.96,163.44,0.8281,traffic sign,True,True,108.7,mtsd-p12
SAM 3.1,traffic sign,grp6_344c75b8-Screenshot_2025-12-05_150942.png,E:\2. UM-Student\MSC Dissertation\Urban-Vision-Benchmark\Datasets\MTSD\Prepared\MTSD-Unaugmented\MTSD-YOLO\test\images\grp6_344c75b8-Screenshot_2025-12-05_150942.png,86.94,40.1,192.18,554.45,0.4238,traffic sign,True,True,107.7,mtsd-p12
SAM 3.1,traffic sign,grp6_344c75b8-Screenshot_2025-12-05_150942.png,E:\2. UM-Student\MSC Dissertation\Urban-Vision-Benchmark\Datasets\MTSD\Prepared\MTSD-Unaugmented\MTSD-YOLO\test\images\grp6_344c75b8-Screenshot_2025-12-05_150942.png,87.43,41.02,192.08,144.34,0.7852,traffic sign,True,True,107.7,mtsd-p12
SAM 3.1,traffic sign,grp6_3721037e-IMG_0363.JPG,E:\2. UM-Student\MSC Dissertation\Urban-Vision-Benchmark\Datasets\MTSD\Prepared\MTSD-Unaugmented\MTSD-YOLO\test\images\grp6_3721037e-IMG_0363.JPG,2291.88,1242.84,4024.94,1789.94,0.3086,traffic sign,True,True,166.6,mtsd-p12
SAM 3.1,traffic sign,grp6_3721037e-IMG_0363.JPG,E:\2. UM-Student\MSC Dissertation\Urban-Vision-Benchmark\Datasets\MTSD\Prepared\MTSD-Unaugmented\MTSD-YOLO\test\images\grp6_3721037e-IMG_0363.JPG,1719.23,1394.28,3086.31,1653.85,0.3047,traffic sign,True,True,166.6,mtsd-p12
SAM 3.1,traffic sign,grp6_37c705bd-IMG_6247.JPG,E:\2. UM-Student\MSC Dissertation\Urban-Vision-Benchmark\Datasets\MTSD\Prepared\MTSD-Unaugmented\MTSD-YOLO\test\images\grp6_37c705bd-IMG_6247.JPG,827.19,1609.99,1851.5,2273.86,0.9141,traffic sign,True,True,209.4,mtsd-p12
SAM 3.1,traffic sign,grp6_37c705bd-IMG_6247.JPG,E:\2. UM-Student\MSC Dissertation\Urban-Vision-Benchmark\Datasets\MTSD\Prepared\MTSD-Unaugmented\MTSD-YOLO\test\images\grp6_37c705bd-IMG_6247.JPG,940.87,991.77,1816.13,1676.22,0.9414,traffic sign,True,True,209.4,mtsd-p12
SAM 3.1,traffic sign,grp6_386a5fef-IMG_6231.JPG,E:\2. UM-Student\MSC Dissertation\Urban-Vision-Benchmark\Datasets\MTSD\Prepared\MTSD-Unaugmented\MTSD-YOLO\test\images\grp6_386a5fef-IMG_6231.JPG,897.45,974.74,2028.32,2444.7,0.7969,traffic sign,True,True,203.3,mtsd-p12
SAM 3.1,traffic sign,grp6_3ce4063d-IMG_0217.JPG,E:\2. UM-Student\MSC Dissertation\Urban-Vision-Benchmark\Datasets\MTSD\Prepared\MTSD-Unaugmented\MTSD-YOLO\test\images\grp6_3ce4063d-IMG_0217.JPG,1544.43,1397.56,2127.09,1731.81,0.7812,traffic sign,True,True,199.9,mtsd-p12
SAM 3.1,traffic sign,grp6_4c7d6d30-IMG_6226.JPG,E:\2. UM-Student\MSC Dissertation\Urban-Vision-Benchmark\Datasets\MTSD\Prepared\MTSD-Unaugmented\MTSD-YOLO\test\images\grp6_4c7d6d30-IMG_6226.JPG,1078.52,910.12,2114.17,4032.0,0.4531,traffic sign,True,True,217.0,mtsd-p12
SAM 3.1,traffic sign,grp6_4c7d6d30-IMG_6226.JPG,E:\2. UM-Student\MSC Dissertation\Urban-Vision-Benchmark\Datasets\MTSD\Prepared\MTSD-Unaugmented\MTSD-YOLO\test\images\grp6_4c7d6d30-IMG_6226.JPG,1086.01,913.04,2110.7,1760.11,0.9062,traffic sign,True,True,217.0,mtsd-p12
SAM 3.1,traffic sign,grp6_5dd0fd95-IMG_6225.JPG,E:\2. UM-Student\MSC Dissertation\Urban-Vision-Benchmark\Datasets\MTSD\Prepared\MTSD-Unaugmented\MTSD-YOLO\test\images\grp6_5dd0fd95-IMG_6225.JPG,1054.22,576.84,2278.32,1686.22,0.3184,traffic sign,True,True,171.8,mtsd-p12
SAM 3.1,traffic sign,grp6_674b294f-Screenshot_2025-12-05_140949.png,E:\2. UM-Student\MSC Dissertation\Urban-Vision-Benchmark\Datasets\MTSD\Prepared\MTSD-Unaugmented\MTSD-YOLO\test\images\grp6_674b294f-Screenshot_2025-12-05_140949.png,365.32,42.08,530.97,347.56,0.4414,traffic sign,True,True,111.5,mtsd-p12
SAM 3.1,traffic sign,grp6_674b294f-Screenshot_2025-12-05_140949.png,E:\2. UM-Student\MSC Dissertation\Urban-Vision-Benchmark\Datasets\MTSD\Prepared\MTSD-Unaugmented\MTSD-YOLO\test\images\grp6_674b294f-Screenshot_2025-12-05_140949.png,48.29,110.58,159.98,372.73,0.3359,traffic sign,True,True,111.5,mtsd-p12
SAM 3.1,traffic sign,grp6_674b294f-Screenshot_2025-12-05_140949.png,E:\2. UM-Student\MSC Dissertation\Urban-Vision-Benchmark\Datasets\MTSD\Prepared\MTSD-Unaugmented\MTSD-YOLO\test\images\grp6_674b294f-Screenshot_2025-12-05_140949.png,111.21,112.5,160.37,239.51,0.5664,traffic sign,True,True,111.5,mtsd-p12
SAM 3.1,traffic sign,grp6_674b294f-Screenshot_2025-12-05_140949.png,E:\2. UM-Student\MSC Dissertation\Urban-Vision-Benchmark\Datasets\MTSD\Prepared\MTSD-Unaugmented\MTSD-YOLO\test\images\grp6_674b294f-Screenshot_2025-12-05_140949.png,49.26,111.49,143.04,237.65,0.8438,traffic sign,True,True,111.5,mtsd-p12
SAM 3.1,traffic sign,grp6_674b294f-Screenshot_2025-12-05_140949.png,E:\2. UM-Student\MSC Dissertation\Urban-Vision-Benchmark\Datasets\MTSD\Prepared\MTSD-Unaugmented\MTSD-YOLO\test\images\grp6_674b294f-Screenshot_2025-12-05_140949.png,365.94,42.3,530.16,202.28,0.5859,traffic sign,True,True,111.5,mtsd-p12
SAM 3.1,traffic sign,grp6_6b4047ef-IMG_6230.JPG,E:\2. UM-Student\MSC Dissertation\Urban-Vision-Benchmark\Datasets\MTSD\Prepared\MTSD-Unaugmented\MTSD-YOLO\test\images\grp6_6b4047ef-IMG_6230.JPG,,,,,,<no detections>,False,True,150.4,mtsd-p12
SAM 3.1,traffic sign,grp6_6f66549b-IMG_0289.JPG,E:\2. UM-Student\MSC Dissertation\Urban-Vision-Benchmark\Datasets\MTSD\Prepared\MTSD-Unaugmented\MTSD-YOLO\test\images\grp6_6f66549b-IMG_0289.JPG,,,,,,<no detections>,False,True,173.3,mtsd-p12
SAM 3.1,traffic sign,grp6_7608155e-Screenshot_2025-12-05_135221.png,E:\2. UM-Student\MSC Dissertation\Urban-Vision-Benchmark\Datasets\MTSD\Prepared\MTSD-Unaugmented\MTSD-YOLO\test\images\grp6_7608155e-Screenshot_2025-12-05_135221.png,250.65,60.9,311.6,309.22,0.3262,traffic sign,True,True,112.2,mtsd-p12
SAM 3.1,traffic sign,grp6_7608155e-Screenshot_2025-12-05_135221.png,E:\2. UM-Student\MSC Dissertation\Urban-Vision-Benchmark\Datasets\MTSD\Prepared\MTSD-Unaugmented\MTSD-YOLO\test\images\grp6_7608155e-Screenshot_2025-12-05_135221.png,135.51,90.43,156.5,116.56,0.4766,traffic sign,True,True,112.2,mtsd-p12
SAM 3.1,traffic sign,grp6_7608155e-Screenshot_2025-12-05_135221.png,E:\2. UM-Student\MSC Dissertation\Urban-Vision-Benchmark\Datasets\MTSD\Prepared\MTSD-Unaugmented\MTSD-YOLO\test\images\grp6_7608155e-Screenshot_2025-12-05_135221.png,46.48,43.95,135.43,499.72,0.3438,traffic sign,True,True,112.2,mtsd-p12
SAM 3.1,traffic sign,grp6_7608155e-Screenshot_2025-12-05_135221.png,E:\2. UM-Student\MSC Dissertation\Urban-Vision-Benchmark\Datasets\MTSD\Prepared\MTSD-Unaugmented\MTSD-YOLO\test\images\grp6_7608155e-Screenshot_2025-12-05_135221.png,47.08,44.86,134.76,150.72,0.9062,traffic sign,True,True,112.2,mtsd-p12
SAM 3.1,traffic sign,grp6_7608155e-Screenshot_2025-12-05_135221.png,E:\2. UM-Student\MSC Dissertation\Urban-Vision-Benchmark\Datasets\MTSD\Prepared\MTSD-Unaugmented\MTSD-YOLO\test\images\grp6_7608155e-Screenshot_2025-12-05_135221.png,250.58,60.95,316.12,126.58,0.9102,traffic sign,True,True,112.2,mtsd-p12
SAM 3.1,traffic sign,grp6_7a1ad0b4-IMG_0319.JPG,E:\2. UM-Student\MSC Dissertation\Urban-Vision-Benchmark\Datasets\MTSD\Prepared\MTSD-Unaugmented\MTSD-YOLO\test\images\grp6_7a1ad0b4-IMG_0319.JPG,,,,,,<no detections>,False,True,147.5,mtsd-p12
SAM 3.1,traffic sign,grp6_8387f659-Screenshot_2025-12-05_134458.png,E:\2. UM-Student\MSC Dissertation\Urban-Vision-Benchmark\Datasets\MTSD\Prepared\MTSD-Unaugmented\MTSD-YOLO\test\images\grp6_8387f659-Screenshot_2025-12-05_134458.png,103.32,123.8,136.72,173.77,0.6523,traffic sign,True,True,108.3,mtsd-p12
SAM 3.1,traffic sign,grp6_8387f659-Screenshot_2025-12-05_134458.png,E:\2. UM-Student\MSC Dissertation\Urban-Vision-Benchmark\Datasets\MTSD\Prepared\MTSD-Unaugmented\MTSD-YOLO\test\images\grp6_8387f659-Screenshot_2025-12-05_134458.png,84.73,28.18,189.95,434.53,0.3789,traffic sign,True,True,108.3,mtsd-p12
SAM 3.1,traffic sign,grp6_8387f659-Screenshot_2025-12-05_134458.png,E:\2. UM-Student\MSC Dissertation\Urban-Vision-Benchmark\Datasets\MTSD\Prepared\MTSD-Unaugmented\MTSD-YOLO\test\images\grp6_8387f659-Screenshot_2025-12-05_134458.png,84.06,27.44,120.62,123.11,0.8906,traffic sign,True,True,108.3,mtsd-p12
SAM 3.1,traffic sign,grp6_8be98e2c-IMG_6200.JPG,E:\2. UM-Student\MSC Dissertation\Urban-Vision-Benchmark\Datasets\MTSD\Prepared\MTSD-Unaugmented\MTSD-YOLO\test\images\grp6_8be98e2c-IMG_6200.JPG,1074.44,843.88,1443.17,4032.0,0.4316,traffic sign,True,True,231.8,mtsd-p12
SAM 3.1,traffic sign,grp6_8be98e2c-IMG_6200.JPG,E:\2. UM-Student\MSC Dissertation\Urban-Vision-Benchmark\Datasets\MTSD\Prepared\MTSD-Unaugmented\MTSD-YOLO\test\images\grp6_8be98e2c-IMG_6200.JPG,2556.3,3768.94,2691.34,3885.23,0.3066,traffic sign,True,True,231.8,mtsd-p12
SAM 3.1,traffic sign,grp6_8be98e2c-IMG_6200.JPG,E:\2. UM-Student\MSC Dissertation\Urban-Vision-Benchmark\Datasets\MTSD\Prepared\MTSD-Unaugmented\MTSD-YOLO\test\images\grp6_8be98e2c-IMG_6200.JPG,1138.2,838.11,1441.99,2268.37,0.875,traffic sign,True,True,231.8,mtsd-p12
SAM 3.1,traffic sign,grp6_8d7bc213-IMG_0237.JPG,E:\2. UM-Student\MSC Dissertation\Urban-Vision-Benchmark\Datasets\MTSD\Prepared\MTSD-Unaugmented\MTSD-YOLO\test\images\grp6_8d7bc213-IMG_0237.JPG,880.91,1283.26,2536.67,2284.21,0.918,traffic sign,True,True,182.8,mtsd-p12
SAM 3.1,traffic sign,grp6_8dee1009-IMG_6205.JPG,E:\2. UM-Student\MSC Dissertation\Urban-Vision-Benchmark\Datasets\MTSD\Prepared\MTSD-Unaugmented\MTSD-YOLO\test\images\grp6_8dee1009-IMG_6205.JPG,60.25,3510.78,127.56,3742.73,0.5078,traffic sign,True,True,429.6,mtsd-p12
SAM 3.1,traffic sign,grp6_8dee1009-IMG_6205.JPG,E:\2. UM-Student\MSC Dissertation\Urban-Vision-Benchmark\Datasets\MTSD\Prepared\MTSD-Unaugmented\MTSD-YOLO\test\images\grp6_8dee1009-IMG_6205.JPG,2540.77,3589.43,2583.88,3675.97,0.3125,traffic sign,True,True,429.6,mtsd-p12
SAM 3.1,traffic sign,grp6_8dee1009-IMG_6205.JPG,E:\2. UM-Student\MSC Dissertation\Urban-Vision-Benchmark\Datasets\MTSD\Prepared\MTSD-Unaugmented\MTSD-YOLO\test\images\grp6_8dee1009-IMG_6205.JPG,275.46,3377.51,614.94,3748.98,0.6719,traffic sign,True,True,429.6,mtsd-p12
SAM 3.1,traffic sign,grp6_8dee1009-IMG_6205.JPG,E:\2. UM-Student\MSC Dissertation\Urban-Vision-Benchmark\Datasets\MTSD\Prepared\MTSD-Unaugmented\MTSD-YOLO\test\images\grp6_8dee1009-IMG_6205.JPG,33.83,3513.22,133.04,4029.84,0.3945,traffic sign,True,True,429.6,mtsd-p12
SAM 3.1,traffic sign,grp6_8dee1009-IMG_6205.JPG,E:\2. UM-Student\MSC Dissertation\Urban-Vision-Benchmark\Datasets\MTSD\Prepared\MTSD-Unaugmented\MTSD-YOLO\test\images\grp6_8dee1009-IMG_6205.JPG,1041.33,1309.02,1767.42,4032.0,0.4062,traffic sign,True,True,429.6,mtsd-p12
SAM 3.1,traffic sign,grp6_8dee1009-IMG_6205.JPG,E:\2. UM-Student\MSC Dissertation\Urban-Vision-Benchmark\Datasets\MTSD\Prepared\MTSD-Unaugmented\MTSD-YOLO\test\images\grp6_8dee1009-IMG_6205.JPG,1039.22,2015.35,1334.01,3387.05,0.4961,traffic sign,True,True,429.6,mtsd-p12
SAM 3.1,traffic sign,grp6_8dee1009-IMG_6205.JPG,E:\2. UM-Student\MSC Dissertation\Urban-Vision-Benchmark\Datasets\MTSD\Prepared\MTSD-Unaugmented\MTSD-YOLO\test\images\grp6_8dee1009-IMG_6205.JPG,1046.33,1318.18,1768.58,2186.53,0.8789,traffic sign,True,True,429.6,mtsd-p12
SAM 3.1,traffic sign,grp6_8dee1009-IMG_6205.JPG,E:\2. UM-Student\MSC Dissertation\Urban-Vision-Benchmark\Datasets\MTSD\Prepared\MTSD-Unaugmented\MTSD-YOLO\test\images\grp6_8dee1009-IMG_6205.JPG,276.45,3381.97,615.67,4032.0,0.3828,traffic sign,True,True,429.6,mtsd-p12
SAM 3.1,traffic sign,grp6_92b4ef64-IMG_6151.JPG,E:\2. UM-Student\MSC Dissertation\Urban-Vision-Benchmark\Datasets\MTSD\Prepared\MTSD-Unaugmented\MTSD-YOLO\test\images\grp6_92b4ef64-IMG_6151.JPG,2095.45,3096.8,2325.6,3341.97,0.4121,traffic sign,True,True,222.4,mtsd-p12
SAM 3.1,traffic sign,grp6_92b4ef64-IMG_6151.JPG,E:\2. UM-Student\MSC Dissertation\Urban-Vision-Benchmark\Datasets\MTSD\Prepared\MTSD-Unaugmented\MTSD-YOLO\test\images\grp6_92b4ef64-IMG_6151.JPG,985.45,2525.04,2109.34,3780.28,0.9609,traffic sign,True,True,222.4,mtsd-p12
SAM 3.1,traffic sign,grp6_92b4ef64-IMG_6151.JPG,E:\2. UM-Student\MSC Dissertation\Urban-Vision-Benchmark\Datasets\MTSD\Prepared\MTSD-Unaugmented\MTSD-YOLO\test\images\grp6_92b4ef64-IMG_6151.JPG,835.59,1229.1,2263.05,2507.91,0.9609,traffic sign,True,True,222.4,mtsd-p12
SAM 3.1,traffic sign,grp6_98681b01-IMG_6123_2.JPG,E:\2. UM-Student\MSC Dissertation\Urban-Vision-Benchmark\Datasets\MTSD\Prepared\MTSD-Unaugmented\MTSD-YOLO\test\images\grp6_98681b01-IMG_6123_2.JPG,2680.85,0.0,3024.0,828.74,0.7656,traffic sign,True,True,253.9,mtsd-p12
SAM 3.1,traffic sign,grp6_98681b01-IMG_6123_2.JPG,E:\2. UM-Student\MSC Dissertation\Urban-Vision-Benchmark\Datasets\MTSD\Prepared\MTSD-Unaugmented\MTSD-YOLO\test\images\grp6_98681b01-IMG_6123_2.JPG,1135.48,231.08,2662.62,1850.42,0.8555,traffic sign,True,True,253.9,mtsd-p12
SAM 3.1,traffic sign,grp6_9c79fb63-Screenshot_2025-12-05_143920.png,E:\2. UM-Student\MSC Dissertation\Urban-Vision-Benchmark\Datasets\MTSD\Prepared\MTSD-Unaugmented\MTSD-YOLO\test\images\grp6_9c79fb63-Screenshot_2025-12-05_143920.png,127.87,33.4,190.35,315.47,0.3438,traffic sign,True,True,108.4,mtsd-p12
SAM 3.1,traffic sign,grp6_9c79fb63-Screenshot_2025-12-05_143920.png,E:\2. UM-Student\MSC Dissertation\Urban-Vision-Benchmark\Datasets\MTSD\Prepared\MTSD-Unaugmented\MTSD-YOLO\test\images\grp6_9c79fb63-Screenshot_2025-12-05_143920.png,10.87,228.32,57.31,267.25,0.5781,traffic sign,True,True,108.4,mtsd-p12
SAM 3.1,traffic sign,grp6_9c79fb63-Screenshot_2025-12-05_143920.png,E:\2. UM-Student\MSC Dissertation\Urban-Vision-Benchmark\Datasets\MTSD\Prepared\MTSD-Unaugmented\MTSD-YOLO\test\images\grp6_9c79fb63-Screenshot_2025-12-05_143920.png,47.57,56.26,77.89,113.07,0.875,traffic sign,True,True,108.4,mtsd-p12
SAM 3.1,traffic sign,grp6_9c79fb63-Screenshot_2025-12-05_143920.png,E:\2. UM-Student\MSC Dissertation\Urban-Vision-Benchmark\Datasets\MTSD\Prepared\MTSD-Unaugmented\MTSD-YOLO\test\images\grp6_9c79fb63-Screenshot_2025-12-05_143920.png,127.98,34.25,190.11,104.25,0.6133,traffic sign,True,True,108.4,mtsd-p12
SAM 3.1,traffic sign,grp6_9c79fb63-Screenshot_2025-12-05_143920.png,E:\2. UM-Student\MSC Dissertation\Urban-Vision-Benchmark\Datasets\MTSD\Prepared\MTSD-Unaugmented\MTSD-YOLO\test\images\grp6_9c79fb63-Screenshot_2025-12-05_143920.png,46.99,55.98,77.33,274.67,0.3672,traffic sign,True,True,108.4,mtsd-p12
SAM 3.1,traffic sign,grp6_9e084d7c-IMG_0221.JPG,E:\2. UM-Student\MSC Dissertation\Urban-Vision-Benchmark\Datasets\MTSD\Prepared\MTSD-Unaugmented\MTSD-YOLO\test\images\grp6_9e084d7c-IMG_0221.JPG,2881.81,2614.23,3016.11,2976.94,0.5234,traffic sign,True,True,242.6,mtsd-p12
SAM 3.1,traffic sign,grp6_9e084d7c-IMG_0221.JPG,E:\2. UM-Student\MSC Dissertation\Urban-Vision-Benchmark\Datasets\MTSD\Prepared\MTSD-Unaugmented\MTSD-YOLO\test\images\grp6_9e084d7c-IMG_0221.JPG,2881.04,2619.96,3024.0,2817.85,0.5664,traffic sign,True,True,242.6,mtsd-p12
SAM 3.1,traffic sign,grp6_9e084d7c-IMG_0221.JPG,E:\2. UM-Student\MSC Dissertation\Urban-Vision-Benchmark\Datasets\MTSD\Prepared\MTSD-Unaugmented\MTSD-YOLO\test\images\grp6_9e084d7c-IMG_0221.JPG,1529.48,1508.27,1939.95,3215.78,0.5156,traffic sign,True,True,242.6,mtsd-p12
SAM 3.1,traffic sign,grp6_9e084d7c-IMG_0221.JPG,E:\2. UM-Student\MSC Dissertation\Urban-Vision-Benchmark\Datasets\MTSD\Prepared\MTSD-Unaugmented\MTSD-YOLO\test\images\grp6_9e084d7c-IMG_0221.JPG,1536.29,1511.15,1938.14,1936.09,0.875,traffic sign,True,True,242.6,mtsd-p12
SAM 3.1,traffic sign,grp6_9e256948-IMG_0275.JPG,E:\2. UM-Student\MSC Dissertation\Urban-Vision-Benchmark\Datasets\MTSD\Prepared\MTSD-Unaugmented\MTSD-YOLO\test\images\grp6_9e256948-IMG_0275.JPG,2245.84,487.46,2649.57,1820.98,0.7852,traffic sign,True,True,231.5,mtsd-p12
SAM 3.1,traffic sign,grp6_9e256948-IMG_0275.JPG,E:\2. UM-Student\MSC Dissertation\Urban-Vision-Benchmark\Datasets\MTSD\Prepared\MTSD-Unaugmented\MTSD-YOLO\test\images\grp6_9e256948-IMG_0275.JPG,1365.57,856.71,1654.5,1621.97,0.7539,traffic sign,True,True,231.5,mtsd-p12
SAM 3.1,traffic sign,grp6_9e256948-IMG_0275.JPG,E:\2. UM-Student\MSC Dissertation\Urban-Vision-Benchmark\Datasets\MTSD\Prepared\MTSD-Unaugmented\MTSD-YOLO\test\images\grp6_9e256948-IMG_0275.JPG,1681.84,1301.24,2123.98,1885.14,0.8516,traffic sign,True,True,231.5,mtsd-p12
SAM 3.1,traffic sign,grp6_a1b61997-Screenshot_2025-12-05_133641.png,E:\2. UM-Student\MSC Dissertation\Urban-Vision-Benchmark\Datasets\MTSD\Prepared\MTSD-Unaugmented\MTSD-YOLO\test\images\grp6_a1b61997-Screenshot_2025-12-05_133641.png,147.64,48.21,249.69,219.7,0.9141,traffic sign,True,True,110.2,mtsd-p12
SAM 3.1,traffic sign,grp6_a1b61997-Screenshot_2025-12-05_133641.png,E:\2. UM-Student\MSC Dissertation\Urban-Vision-Benchmark\Datasets\MTSD\Prepared\MTSD-Unaugmented\MTSD-YOLO\test\images\grp6_a1b61997-Screenshot_2025-12-05_133641.png,148.83,49.82,250.27,682.03,0.5508,traffic sign,True,True,110.2,mtsd-p12
SAM 3.1,traffic sign,grp6_a7041b20-IMG_6175.JPG,E:\2. UM-Student\MSC Dissertation\Urban-Vision-Benchmark\Datasets\MTSD\Prepared\MTSD-Unaugmented\MTSD-YOLO\test\images\grp6_a7041b20-IMG_6175.JPG,2870.58,3253.46,2945.44,3338.14,0.7539,traffic sign,True,True,518.5,mtsd-p12
SAM 3.1,traffic sign,grp6_a7041b20-IMG_6175.JPG,E:\2. UM-Student\MSC Dissertation\Urban-Vision-Benchmark\Datasets\MTSD\Prepared\MTSD-Unaugmented\MTSD-YOLO\test\images\grp6_a7041b20-IMG_6175.JPG,1098.55,3191.89,1199.02,3316.95,0.5234,traffic sign,True,True,518.5,mtsd-p12
SAM 3.1,traffic sign,grp6_a7041b20-IMG_6175.JPG,E:\2. UM-Student\MSC Dissertation\Urban-Vision-Benchmark\Datasets\MTSD\Prepared\MTSD-Unaugmented\MTSD-YOLO\test\images\grp6_a7041b20-IMG_6175.JPG,392.48,3021.25,568.69,3186.24,0.4277,traffic sign,True,True,518.5,mtsd-p12
SAM 3.1,traffic sign,grp6_a7041b20-IMG_6175.JPG,E:\2. UM-Student\MSC Dissertation\Urban-Vision-Benchmark\Datasets\MTSD\Prepared\MTSD-Unaugmented\MTSD-YOLO\test\images\grp6_a7041b20-IMG_6175.JPG,941.8,893.71,2116.93,4016.35,0.4121,traffic sign,True,True,518.5,mtsd-p12
SAM 3.1,traffic sign,grp6_a7041b20-IMG_6175.JPG,E:\2. UM-Student\MSC Dissertation\Urban-Vision-Benchmark\Datasets\MTSD\Prepared\MTSD-Unaugmented\MTSD-YOLO\test\images\grp6_a7041b20-IMG_6175.JPG,1109.91,3309.19,1194.68,3407.63,0.4688,traffic sign,True,True,518.5,mtsd-p12
SAM 3.1,traffic sign,grp6_a7041b20-IMG_6175.JPG,E:\2. UM-Student\MSC Dissertation\Urban-Vision-Benchmark\Datasets\MTSD\Prepared\MTSD-Unaugmented\MTSD-YOLO\test\images\grp6_a7041b20-IMG_6175.JPG,944.69,894.2,2110.18,1893.28,0.9141,traffic sign,True,True,518.5,mtsd-p12
SAM 3.1,traffic sign,grp6_ad8b6cea-IMG_0342.JPG,E:\2. UM-Student\MSC Dissertation\Urban-Vision-Benchmark\Datasets\MTSD\Prepared\MTSD-Unaugmented\MTSD-YOLO\test\images\grp6_ad8b6cea-IMG_0342.JPG,2387.12,0.0,4032.0,2312.28,0.8281,traffic sign,True,True,177.7,mtsd-p12
SAM 3.1,traffic sign,grp6_ad8b6cea-IMG_0342.JPG,E:\2. UM-Student\MSC Dissertation\Urban-Vision-Benchmark\Datasets\MTSD\Prepared\MTSD-Unaugmented\MTSD-YOLO\test\images\grp6_ad8b6cea-IMG_0342.JPG,1474.88,315.44,3136.32,2294.25,0.832,traffic sign,True,True,177.7,mtsd-p12
SAM 3.1,traffic sign,grp6_b1f0ac5c-IMG_0227.JPG,E:\2. UM-Student\MSC Dissertation\Urban-Vision-Benchmark\Datasets\MTSD\Prepared\MTSD-Unaugmented\MTSD-YOLO\test\images\grp6_b1f0ac5c-IMG_0227.JPG,2900.2,0.0,3006.52,71.01,0.8398,traffic sign,True,True,565.6,mtsd-p12
SAM 3.1,traffic sign,grp6_b1f0ac5c-IMG_0227.JPG,E:\2. UM-Student\MSC Dissertation\Urban-Vision-Benchmark\Datasets\MTSD\Prepared\MTSD-Unaugmented\MTSD-YOLO\test\images\grp6_b1f0ac5c-IMG_0227.JPG,1034.87,693.05,2345.03,2111.05,0.9297,traffic sign,True,True,565.6,mtsd-p12
SAM 3.1,traffic sign,grp6_b1f0ac5c-IMG_0227.JPG,E:\2. UM-Student\MSC Dissertation\Urban-Vision-Benchmark\Datasets\MTSD\Prepared\MTSD-Unaugmented\MTSD-YOLO\test\images\grp6_b1f0ac5c-IMG_0227.JPG,2114.96,842.5,2760.2,1967.6,0.5742,traffic sign,True,True,565.6,mtsd-p12
SAM 3.1,traffic sign,grp6_b1f0ac5c-IMG_0227.JPG,E:\2. UM-Student\MSC Dissertation\Urban-Vision-Benchmark\Datasets\MTSD\Prepared\MTSD-Unaugmented\MTSD-YOLO\test\images\grp6_b1f0ac5c-IMG_0227.JPG,1778.82,262.5,4032.0,704.82,0.3984,traffic sign,True,True,565.6,mtsd-p12
SAM 3.1,traffic sign,grp6_b1f0ac5c-IMG_0227.JPG,E:\2. UM-Student\MSC Dissertation\Urban-Vision-Benchmark\Datasets\MTSD\Prepared\MTSD-Unaugmented\MTSD-YOLO\test\images\grp6_b1f0ac5c-IMG_0227.JPG,2291.67,318.77,2896.35,673.33,0.9141,traffic sign,True,True,565.6,mtsd-p12
SAM 3.1,traffic sign,grp6_b1f0ac5c-IMG_0227.JPG,E:\2. UM-Student\MSC Dissertation\Urban-Vision-Benchmark\Datasets\MTSD\Prepared\MTSD-Unaugmented\MTSD-YOLO\test\images\grp6_b1f0ac5c-IMG_0227.JPG,1791.4,262.39,2324.12,720.86,0.625,traffic sign,True,True,565.6,mtsd-p12
SAM 3.1,traffic sign,grp6_ba6a303c-IMG_0314.JPG,E:\2. UM-Student\MSC Dissertation\Urban-Vision-Benchmark\Datasets\MTSD\Prepared\MTSD-Unaugmented\MTSD-YOLO\test\images\grp6_ba6a303c-IMG_0314.JPG,2430.16,3482.96,2498.1,3552.45,0.8203,traffic sign,True,True,415.6,mtsd-p12
SAM 3.1,traffic sign,grp6_ba6a303c-IMG_0314.JPG,E:\2. UM-Student\MSC Dissertation\Urban-Vision-Benchmark\Datasets\MTSD\Prepared\MTSD-Unaugmented\MTSD-YOLO\test\images\grp6_ba6a303c-IMG_0314.JPG,195.82,2001.32,2219.48,2717.67,0.8945,traffic sign,True,True,415.6,mtsd-p12
SAM 3.1,traffic sign,grp6_ba6a303c-IMG_0314.JPG,E:\2. UM-Student\MSC Dissertation\Urban-Vision-Benchmark\Datasets\MTSD\Prepared\MTSD-Unaugmented\MTSD-YOLO\test\images\grp6_ba6a303c-IMG_0314.JPG,2647.25,3558.53,2683.44,3598.79,0.7109,traffic sign,True,True,415.6,mtsd-p12
SAM 3.1,traffic sign,grp6_ba6a303c-IMG_0314.JPG,E:\2. UM-Student\MSC Dissertation\Urban-Vision-Benchmark\Datasets\MTSD\Prepared\MTSD-Unaugmented\MTSD-YOLO\test\images\grp6_ba6a303c-IMG_0314.JPG,2450.55,3551.35,2502.59,3604.32,0.7578,traffic sign,True,True,415.6,mtsd-p12
SAM 3.1,traffic sign,grp6_ba6a303c-IMG_0314.JPG,E:\2. UM-Student\MSC Dissertation\Urban-Vision-Benchmark\Datasets\MTSD\Prepared\MTSD-Unaugmented\MTSD-YOLO\test\images\grp6_ba6a303c-IMG_0314.JPG,2367.85,3495.58,2421.79,3549.96,0.3242,traffic sign,True,True,415.6,mtsd-p12
SAM 3.1,traffic sign,grp6_ba6a303c-IMG_0314.JPG,E:\2. UM-Student\MSC Dissertation\Urban-Vision-Benchmark\Datasets\MTSD\Prepared\MTSD-Unaugmented\MTSD-YOLO\test\images\grp6_ba6a303c-IMG_0314.JPG,2490.47,3496.97,2513.45,3561.47,0.3672,traffic sign,True,True,415.6,mtsd-p12
SAM 3.1,traffic sign,grp6_ba6a303c-IMG_0314.JPG,E:\2. UM-Student\MSC Dissertation\Urban-Vision-Benchmark\Datasets\MTSD\Prepared\MTSD-Unaugmented\MTSD-YOLO\test\images\grp6_ba6a303c-IMG_0314.JPG,279.78,848.75,2154.14,2103.74,0.9453,traffic sign,True,True,415.6,mtsd-p12
SAM 3.1,traffic sign,grp6_bf61cf6e-Screenshot_2025-12-05_142746.png,E:\2. UM-Student\MSC Dissertation\Urban-Vision-Benchmark\Datasets\MTSD\Prepared\MTSD-Unaugmented\MTSD-YOLO\test\images\grp6_bf61cf6e-Screenshot_2025-12-05_142746.png,,,,,,<no detections>,False,True,107.9,mtsd-p12
SAM 3.1,traffic sign,grp6_c2b7f6e2-IMG_0300.JPG,E:\2. UM-Student\MSC Dissertation\Urban-Vision-Benchmark\Datasets\MTSD\Prepared\MTSD-Unaugmented\MTSD-YOLO\test\images\grp6_c2b7f6e2-IMG_0300.JPG,2205.76,0.0,4032.0,2693.05,0.8516,traffic sign,True,True,212.1,mtsd-p12
SAM 3.1,traffic sign,grp6_c2b7f6e2-IMG_0300.JPG,E:\2. UM-Student\MSC Dissertation\Urban-Vision-Benchmark\Datasets\MTSD\Prepared\MTSD-Unaugmented\MTSD-YOLO\test\images\grp6_c2b7f6e2-IMG_0300.JPG,1208.77,563.39,2954.24,2581.78,0.8594,traffic sign,True,True,212.1,mtsd-p12
SAM 3.1,traffic sign,grp6_c8db20f0-IMG_6257.JPG,E:\2. UM-Student\MSC Dissertation\Urban-Vision-Benchmark\Datasets\MTSD\Prepared\MTSD-Unaugmented\MTSD-YOLO\test\images\grp6_c8db20f0-IMG_6257.JPG,1493.73,752.22,1716.93,1856.47,0.8516,traffic sign,True,True,193.4,mtsd-p12
SAM 3.1,traffic sign,grp6_cebbcc7c-Screenshot_2025-12-05_141232.png,E:\2. UM-Student\MSC Dissertation\Urban-Vision-Benchmark\Datasets\MTSD\Prepared\MTSD-Unaugmented\MTSD-YOLO\test\images\grp6_cebbcc7c-Screenshot_2025-12-05_141232.png,81.88,85.39,106.91,136.31,0.8984,traffic sign,True,True,108.3,mtsd-p12
SAM 3.1,traffic sign,grp6_cebbcc7c-Screenshot_2025-12-05_141232.png,E:\2. UM-Student\MSC Dissertation\Urban-Vision-Benchmark\Datasets\MTSD\Prepared\MTSD-Unaugmented\MTSD-YOLO\test\images\grp6_cebbcc7c-Screenshot_2025-12-05_141232.png,77.77,20.78,113.93,86.75,0.9023,traffic sign,True,True,108.3,mtsd-p12
SAM 3.1,traffic sign,grp6_cebbcc7c-Screenshot_2025-12-05_141232.png,E:\2. UM-Student\MSC Dissertation\Urban-Vision-Benchmark\Datasets\MTSD\Prepared\MTSD-Unaugmented\MTSD-YOLO\test\images\grp6_cebbcc7c-Screenshot_2025-12-05_141232.png,77.84,20.2,112.18,284.1,0.3672,traffic sign,True,True,108.3,mtsd-p12
SAM 3.1,traffic sign,grp6_d2cebd4f-Screenshot_2025-12-05_145955.png,E:\2. UM-Student\MSC Dissertation\Urban-Vision-Benchmark\Datasets\MTSD\Prepared\MTSD-Unaugmented\MTSD-YOLO\test\images\grp6_d2cebd4f-Screenshot_2025-12-05_145955.png,86.15,127.82,147.61,196.25,0.7109,traffic sign,True,True,107.8,mtsd-p12
SAM 3.1,traffic sign,grp6_d2cebd4f-Screenshot_2025-12-05_145955.png,E:\2. UM-Student\MSC Dissertation\Urban-Vision-Benchmark\Datasets\MTSD\Prepared\MTSD-Unaugmented\MTSD-YOLO\test\images\grp6_d2cebd4f-Screenshot_2025-12-05_145955.png,68.38,35.36,165.13,426.81,0.4434,traffic sign,True,True,107.8,mtsd-p12
SAM 3.1,traffic sign,grp6_d2cebd4f-Screenshot_2025-12-05_145955.png,E:\2. UM-Student\MSC Dissertation\Urban-Vision-Benchmark\Datasets\MTSD\Prepared\MTSD-Unaugmented\MTSD-YOLO\test\images\grp6_d2cebd4f-Screenshot_2025-12-05_145955.png,68.51,35.9,165.7,119.7,0.7617,traffic sign,True,True,107.8,mtsd-p12
SAM 3.1,traffic sign,grp6_d33c21c3-IMG_6246.JPG,E:\2. UM-Student\MSC Dissertation\Urban-Vision-Benchmark\Datasets\MTSD\Prepared\MTSD-Unaugmented\MTSD-YOLO\test\images\grp6_d33c21c3-IMG_6246.JPG,,,,,,<no detections>,False,True,159.6,mtsd-p12
SAM 3.1,traffic sign,grp6_e18d6d29-IMG_0313.JPG,E:\2. UM-Student\MSC Dissertation\Urban-Vision-Benchmark\Datasets\MTSD\Prepared\MTSD-Unaugmented\MTSD-YOLO\test\images\grp6_e18d6d29-IMG_0313.JPG,3412.56,2219.69,3651.72,2435.52,0.8789,traffic sign,True,True,486.8,mtsd-p12
SAM 3.1,traffic sign,grp6_e18d6d29-IMG_0313.JPG,E:\2. UM-Student\MSC Dissertation\Urban-Vision-Benchmark\Datasets\MTSD\Prepared\MTSD-Unaugmented\MTSD-YOLO\test\images\grp6_e18d6d29-IMG_0313.JPG,1177.67,1095.03,3558.04,2311.82,0.5273,traffic sign,True,True,486.8,mtsd-p12
SAM 3.1,traffic sign,grp6_e18d6d29-IMG_0313.JPG,E:\2. UM-Student\MSC Dissertation\Urban-Vision-Benchmark\Datasets\MTSD\Prepared\MTSD-Unaugmented\MTSD-YOLO\test\images\grp6_e18d6d29-IMG_0313.JPG,3652.41,2234.88,3786.12,2469.83,0.6484,traffic sign,True,True,486.8,mtsd-p12
SAM 3.1,traffic sign,grp6_e18d6d29-IMG_0313.JPG,E:\2. UM-Student\MSC Dissertation\Urban-Vision-Benchmark\Datasets\MTSD\Prepared\MTSD-Unaugmented\MTSD-YOLO\test\images\grp6_e18d6d29-IMG_0313.JPG,1172.09,1089.02,2298.88,2294.5,0.4883,traffic sign,True,True,486.8,mtsd-p12
SAM 3.1,traffic sign,grp6_e18d6d29-IMG_0313.JPG,E:\2. UM-Student\MSC Dissertation\Urban-Vision-Benchmark\Datasets\MTSD\Prepared\MTSD-Unaugmented\MTSD-YOLO\test\images\grp6_e18d6d29-IMG_0313.JPG,1187.37,1089.42,4032.0,2328.03,0.3262,traffic sign,True,True,486.8,mtsd-p12
SAM 3.1,traffic sign,grp6_e18d6d29-IMG_0313.JPG,E:\2. UM-Student\MSC Dissertation\Urban-Vision-Benchmark\Datasets\MTSD\Prepared\MTSD-Unaugmented\MTSD-YOLO\test\images\grp6_e18d6d29-IMG_0313.JPG,2317.2,1152.86,3553.67,2316.11,0.5781,traffic sign,True,True,486.8,mtsd-p12
SAM 3.1,traffic sign,grp6_e4194181-Screenshot_2025-12-05_124458.png,E:\2. UM-Student\MSC Dissertation\Urban-Vision-Benchmark\Datasets\MTSD\Prepared\MTSD-Unaugmented\MTSD-YOLO\test\images\grp6_e4194181-Screenshot_2025-12-05_124458.png,517.62,76.84,636.09,711.5,0.4922,traffic sign,True,True,113.6,mtsd-p12
SAM 3.1,traffic sign,grp6_e4194181-Screenshot_2025-12-05_124458.png,E:\2. UM-Student\MSC Dissertation\Urban-Vision-Benchmark\Datasets\MTSD\Prepared\MTSD-Unaugmented\MTSD-YOLO\test\images\grp6_e4194181-Screenshot_2025-12-05_124458.png,232.27,269.05,252.74,326.85,0.4707,traffic sign,True,True,113.6,mtsd-p12
SAM 3.1,traffic sign,grp6_e4194181-Screenshot_2025-12-05_124458.png,E:\2. UM-Student\MSC Dissertation\Urban-Vision-Benchmark\Datasets\MTSD\Prepared\MTSD-Unaugmented\MTSD-YOLO\test\images\grp6_e4194181-Screenshot_2025-12-05_124458.png,52.22,28.14,225.77,673.74,0.3574,traffic sign,True,True,113.6,mtsd-p12
SAM 3.1,traffic sign,grp6_e4194181-Screenshot_2025-12-05_124458.png,E:\2. UM-Student\MSC Dissertation\Urban-Vision-Benchmark\Datasets\MTSD\Prepared\MTSD-Unaugmented\MTSD-YOLO\test\images\grp6_e4194181-Screenshot_2025-12-05_124458.png,518.58,76.48,634.17,213.26,0.8711,traffic sign,True,True,113.6,mtsd-p12
SAM 3.1,traffic sign,grp6_e4194181-Screenshot_2025-12-05_124458.png,E:\2. UM-Student\MSC Dissertation\Urban-Vision-Benchmark\Datasets\MTSD\Prepared\MTSD-Unaugmented\MTSD-YOLO\test\images\grp6_e4194181-Screenshot_2025-12-05_124458.png,504.9,297.45,528.52,358.85,0.6836,traffic sign,True,True,113.6,mtsd-p12
SAM 3.1,traffic sign,grp6_e4766ab1-Screenshot_2025-12-05_134942.png,E:\2. UM-Student\MSC Dissertation\Urban-Vision-Benchmark\Datasets\MTSD\Prepared\MTSD-Unaugmented\MTSD-YOLO\test\images\grp6_e4766ab1-Screenshot_2025-12-05_134942.png,,,,,,<no detections>,False,True,107.6,mtsd-p12
SAM 3.1,traffic sign,grp6_ec035947-IMG_6142.JPG,E:\2. UM-Student\MSC Dissertation\Urban-Vision-Benchmark\Datasets\MTSD\Prepared\MTSD-Unaugmented\MTSD-YOLO\test\images\grp6_ec035947-IMG_6142.JPG,1546.49,2291.46,1598.27,2376.21,0.3145,traffic sign,True,True,238.4,mtsd-p12
SAM 3.1,traffic sign,grp6_ec035947-IMG_6142.JPG,E:\2. UM-Student\MSC Dissertation\Urban-Vision-Benchmark\Datasets\MTSD\Prepared\MTSD-Unaugmented\MTSD-YOLO\test\images\grp6_ec035947-IMG_6142.JPG,424.8,301.46,2546.75,2027.4,0.9023,traffic sign,True,True,238.4,mtsd-p12
SAM 3.1,traffic sign,grp6_f6200360-IMG_6254.JPG,E:\2. UM-Student\MSC Dissertation\Urban-Vision-Benchmark\Datasets\MTSD\Prepared\MTSD-Unaugmented\MTSD-YOLO\test\images\grp6_f6200360-IMG_6254.JPG,1375.83,742.52,1765.22,2201.9,0.8867,traffic sign,True,True,214.0,mtsd-p12
SAM 3.1,traffic sign,grp6_fb7a099a-Screenshot_2025-12-05_134245.png,E:\2. UM-Student\MSC Dissertation\Urban-Vision-Benchmark\Datasets\MTSD\Prepared\MTSD-Unaugmented\MTSD-YOLO\test\images\grp6_fb7a099a-Screenshot_2025-12-05_134245.png,,,,,,<no detections>,False,True,109.1,mtsd-p12
SAM 3.1,traffic sign,grp7_01ba126c-IMG_1741.jpg,E:\2. UM-Student\MSC Dissertation\Urban-Vision-Benchmark\Datasets\MTSD\Prepared\MTSD-Unaugmented\MTSD-YOLO\test\images\grp7_01ba126c-IMG_1741.jpg,925.38,97.34,3403.03,2449.26,0.8906,traffic sign,True,True,206.9,mtsd-p12
SAM 3.1,traffic sign,grp7_0c242d9c-IMG_1860.jpg,E:\2. UM-Student\MSC Dissertation\Urban-Vision-Benchmark\Datasets\MTSD\Prepared\MTSD-Unaugmented\MTSD-YOLO\test\images\grp7_0c242d9c-IMG_1860.jpg,,,,,,<no detections>,False,True,146.2,mtsd-p12
SAM 3.1,traffic sign,grp7_0c807ae1-IMG_1804.jpg,E:\2. UM-Student\MSC Dissertation\Urban-Vision-Benchmark\Datasets\MTSD\Prepared\MTSD-Unaugmented\MTSD-YOLO\test\images\grp7_0c807ae1-IMG_1804.jpg,1243.37,146.15,3397.51,2769.6,0.9141,traffic sign,True,True,164.0,mtsd-p12
SAM 3.1,traffic sign,grp7_0cc91b71-IMG_2114.JPG,E:\2. UM-Student\MSC Dissertation\Urban-Vision-Benchmark\Datasets\MTSD\Prepared\MTSD-Unaugmented\MTSD-YOLO\test\images\grp7_0cc91b71-IMG_2114.JPG,374.28,127.11,2993.03,2768.57,0.918,traffic sign,True,True,217.1,mtsd-p12
SAM 3.1,traffic sign,grp7_0d0b2421-20251215_151900.jpg,E:\2. UM-Student\MSC Dissertation\Urban-Vision-Benchmark\Datasets\MTSD\Prepared\MTSD-Unaugmented\MTSD-YOLO\test\images\grp7_0d0b2421-20251215_151900.jpg,,,,,,<no detections>,False,True,143.6,mtsd-p12
SAM 3.1,traffic sign,grp7_133305c1-IMG_6701.jpeg,E:\2. UM-Student\MSC Dissertation\Urban-Vision-Benchmark\Datasets\MTSD\Prepared\MTSD-Unaugmented\MTSD-YOLO\test\images\grp7_133305c1-IMG_6701.jpeg,1102.51,1365.28,1281.58,3605.89,0.4863,traffic sign,True,True,212.6,mtsd-p12
SAM 3.1,traffic sign,grp7_133305c1-IMG_6701.jpeg,E:\2. UM-Student\MSC Dissertation\Urban-Vision-Benchmark\Datasets\MTSD\Prepared\MTSD-Unaugmented\MTSD-YOLO\test\images\grp7_133305c1-IMG_6701.jpeg,1105.74,1365.72,1278.13,1868.78,0.8789,traffic sign,True,True,212.6,mtsd-p12
SAM 3.1,traffic sign,grp7_17ffbc31-IMG_6632.jpeg,E:\2. UM-Student\MSC Dissertation\Urban-Vision-Benchmark\Datasets\MTSD\Prepared\MTSD-Unaugmented\MTSD-YOLO\test\images\grp7_17ffbc31-IMG_6632.jpeg,1336.78,1445.53,1462.54,1662.2,0.668,traffic sign,True,True,247.7,mtsd-p12
SAM 3.1,traffic sign,grp7_17ffbc31-IMG_6632.jpeg,E:\2. UM-Student\MSC Dissertation\Urban-Vision-Benchmark\Datasets\MTSD\Prepared\MTSD-Unaugmented\MTSD-YOLO\test\images\grp7_17ffbc31-IMG_6632.jpeg,1323.65,936.82,1466.57,3130.49,0.4336,traffic sign,True,True,247.7,mtsd-p12
SAM 3.1,traffic sign,grp7_17ffbc31-IMG_6632.jpeg,E:\2. UM-Student\MSC Dissertation\Urban-Vision-Benchmark\Datasets\MTSD\Prepared\MTSD-Unaugmented\MTSD-YOLO\test\images\grp7_17ffbc31-IMG_6632.jpeg,1322.25,931.6,1471.76,3130.98,0.3047,traffic sign,True,True,247.7,mtsd-p12
SAM 3.1,traffic sign,grp7_17ffbc31-IMG_6632.jpeg,E:\2. UM-Student\MSC Dissertation\Urban-Vision-Benchmark\Datasets\MTSD\Prepared\MTSD-Unaugmented\MTSD-YOLO\test\images\grp7_17ffbc31-IMG_6632.jpeg,1329.69,938.5,1460.15,1489.17,0.8047,traffic sign,True,True,247.7,mtsd-p12
SAM 3.1,traffic sign,grp7_18034905-IMG_6798.jpeg,E:\2. UM-Student\MSC Dissertation\Urban-Vision-Benchmark\Datasets\MTSD\Prepared\MTSD-Unaugmented\MTSD-YOLO\test\images\grp7_18034905-IMG_6798.jpeg,0.0,2388.34,70.24,2689.09,0.3633,traffic sign,True,True,210.4,mtsd-p12
SAM 3.1,traffic sign,grp7_18034905-IMG_6798.jpeg,E:\2. UM-Student\MSC Dissertation\Urban-Vision-Benchmark\Datasets\MTSD\Prepared\MTSD-Unaugmented\MTSD-YOLO\test\images\grp7_18034905-IMG_6798.jpeg,1296.81,1802.54,1389.4,2068.79,0.8711,traffic sign,True,True,210.4,mtsd-p12
SAM 3.1,traffic sign,grp7_21763d41-IMG_1815.jpg,E:\2. UM-Student\MSC Dissertation\Urban-Vision-Benchmark\Datasets\MTSD\Prepared\MTSD-Unaugmented\MTSD-YOLO\test\images\grp7_21763d41-IMG_1815.jpg,,,,,,<no detections>,False,True,154.6,mtsd-p12
SAM 3.1,traffic sign,grp7_27403473-IMG_2301.JPG,E:\2. UM-Student\MSC Dissertation\Urban-Vision-Benchmark\Datasets\MTSD\Prepared\MTSD-Unaugmented\MTSD-YOLO\test\images\grp7_27403473-IMG_2301.JPG,916.39,1878.08,1132.76,2754.71,0.3496,traffic sign,True,True,239.9,mtsd-p12
SAM 3.1,traffic sign,grp7_3199d5af-IMG_6619.jpeg,E:\2. UM-Student\MSC Dissertation\Urban-Vision-Benchmark\Datasets\MTSD\Prepared\MTSD-Unaugmented\MTSD-YOLO\test\images\grp7_3199d5af-IMG_6619.jpeg,2853.46,2147.21,2921.38,2218.55,0.582,traffic sign,True,True,573.3,mtsd-p12
SAM 3.1,traffic sign,grp7_3199d5af-IMG_6619.jpeg,E:\2. UM-Student\MSC Dissertation\Urban-Vision-Benchmark\Datasets\MTSD\Prepared\MTSD-Unaugmented\MTSD-YOLO\test\images\grp7_3199d5af-IMG_6619.jpeg,1217.82,1337.44,1371.15,3311.07,0.4395,traffic sign,True,True,573.3,mtsd-p12
SAM 3.1,traffic sign,grp7_3199d5af-IMG_6619.jpeg,E:\2. UM-Student\MSC Dissertation\Urban-Vision-Benchmark\Datasets\MTSD\Prepared\MTSD-Unaugmented\MTSD-YOLO\test\images\grp7_3199d5af-IMG_6619.jpeg,1230.12,1755.09,1367.81,1964.25,0.7266,traffic sign,True,True,573.3,mtsd-p12
SAM 3.1,traffic sign,grp7_3199d5af-IMG_6619.jpeg,E:\2. UM-Student\MSC Dissertation\Urban-Vision-Benchmark\Datasets\MTSD\Prepared\MTSD-Unaugmented\MTSD-YOLO\test\images\grp7_3199d5af-IMG_6619.jpeg,392.9,2123.48,510.22,2274.56,0.8555,traffic sign,True,True,573.3,mtsd-p12
SAM 3.1,traffic sign,grp7_3199d5af-IMG_6619.jpeg,E:\2. UM-Student\MSC Dissertation\Urban-Vision-Benchmark\Datasets\MTSD\Prepared\MTSD-Unaugmented\MTSD-YOLO\test\images\grp7_3199d5af-IMG_6619.jpeg,3008.18,2245.57,3024.0,2282.98,0.3789,traffic sign,True,True,573.3,mtsd-p12
SAM 3.1,traffic sign,grp7_3199d5af-IMG_6619.jpeg,E:\2. UM-Student\MSC Dissertation\Urban-Vision-Benchmark\Datasets\MTSD\Prepared\MTSD-Unaugmented\MTSD-YOLO\test\images\grp7_3199d5af-IMG_6619.jpeg,1659.51,2176.74,1708.03,2240.6,0.8047,traffic sign,True,True,573.3,mtsd-p12
SAM 3.1,traffic sign,grp7_3199d5af-IMG_6619.jpeg,E:\2. UM-Student\MSC Dissertation\Urban-Vision-Benchmark\Datasets\MTSD\Prepared\MTSD-Unaugmented\MTSD-YOLO\test\images\grp7_3199d5af-IMG_6619.jpeg,1661.38,2175.64,1709.53,2575.52,0.3496,traffic sign,True,True,573.3,mtsd-p12
SAM 3.1,traffic sign,grp7_3199d5af-IMG_6619.jpeg,E:\2. UM-Student\MSC Dissertation\Urban-Vision-Benchmark\Datasets\MTSD\Prepared\MTSD-Unaugmented\MTSD-YOLO\test\images\grp7_3199d5af-IMG_6619.jpeg,1222.87,1337.38,1367.85,1806.72,0.8711,traffic sign,True,True,573.3,mtsd-p12
SAM 3.1,traffic sign,grp7_3335816b-IMG_1863.jpg,E:\2. UM-Student\MSC Dissertation\Urban-Vision-Benchmark\Datasets\MTSD\Prepared\MTSD-Unaugmented\MTSD-YOLO\test\images\grp7_3335816b-IMG_1863.jpg,1037.98,245.42,3796.24,2869.45,0.4004,traffic sign,True,True,463.0,mtsd-p12
SAM 3.1,traffic sign,grp7_3335816b-IMG_1863.jpg,E:\2. UM-Student\MSC Dissertation\Urban-Vision-Benchmark\Datasets\MTSD\Prepared\MTSD-Unaugmented\MTSD-YOLO\test\images\grp7_3335816b-IMG_1863.jpg,2517.68,491.71,3806.41,2463.45,0.3945,traffic sign,True,True,463.0,mtsd-p12
SAM 3.1,traffic sign,grp7_3335816b-IMG_1863.jpg,E:\2. UM-Student\MSC Dissertation\Urban-Vision-Benchmark\Datasets\MTSD\Prepared\MTSD-Unaugmented\MTSD-YOLO\test\images\grp7_3335816b-IMG_1863.jpg,0.0,0.45,1339.85,1390.27,0.7891,traffic sign,True,True,463.0,mtsd-p12
SAM 3.1,traffic sign,grp7_3335816b-IMG_1863.jpg,E:\2. UM-Student\MSC Dissertation\Urban-Vision-Benchmark\Datasets\MTSD\Prepared\MTSD-Unaugmented\MTSD-YOLO\test\images\grp7_3335816b-IMG_1863.jpg,1039.05,229.95,3090.5,2881.51,0.4375,traffic sign,True,True,463.0,mtsd-p12
SAM 3.1,traffic sign,grp7_36174e45-IMG_6745.jpeg,E:\2. UM-Student\MSC Dissertation\Urban-Vision-Benchmark\Datasets\MTSD\Prepared\MTSD-Unaugmented\MTSD-YOLO\test\images\grp7_36174e45-IMG_6745.jpeg,,,,,,<no detections>,False,True,177.6,mtsd-p12
SAM 3.1,traffic sign,grp7_3acb0651-IMG_1793.jpg,E:\2. UM-Student\MSC Dissertation\Urban-Vision-Benchmark\Datasets\MTSD\Prepared\MTSD-Unaugmented\MTSD-YOLO\test\images\grp7_3acb0651-IMG_1793.jpg,,,,,,<no detections>,False,True,148.7,mtsd-p12
SAM 3.1,traffic sign,grp7_3dfa77dc-20251215_142747.jpg,E:\2. UM-Student\MSC Dissertation\Urban-Vision-Benchmark\Datasets\MTSD\Prepared\MTSD-Unaugmented\MTSD-YOLO\test\images\grp7_3dfa77dc-20251215_142747.jpg,683.14,1106.21,1489.73,4032.0,0.5898,traffic sign,True,True,160.9,mtsd-p12
SAM 3.1,traffic sign,grp7_3dfa77dc-20251215_142747.jpg,E:\2. UM-Student\MSC Dissertation\Urban-Vision-Benchmark\Datasets\MTSD\Prepared\MTSD-Unaugmented\MTSD-YOLO\test\images\grp7_3dfa77dc-20251215_142747.jpg,686.3,1111.21,1495.13,1881.09,0.875,traffic sign,True,True,160.9,mtsd-p12
SAM 3.1,traffic sign,grp7_40a131c0-20251215_144819.jpg,E:\2. UM-Student\MSC Dissertation\Urban-Vision-Benchmark\Datasets\MTSD\Prepared\MTSD-Unaugmented\MTSD-YOLO\test\images\grp7_40a131c0-20251215_144819.jpg,1124.2,3619.64,1361.05,4032.0,0.6055,traffic sign,True,True,168.5,mtsd-p12
SAM 3.1,traffic sign,grp7_40a131c0-20251215_144819.jpg,E:\2. UM-Student\MSC Dissertation\Urban-Vision-Benchmark\Datasets\MTSD\Prepared\MTSD-Unaugmented\MTSD-YOLO\test\images\grp7_40a131c0-20251215_144819.jpg,1058.8,1221.04,1129.38,2279.77,0.6914,traffic sign,True,True,168.5,mtsd-p12
SAM 3.1,traffic sign,grp7_41dd064f-IMG_2332.JPG,E:\2. UM-Student\MSC Dissertation\Urban-Vision-Benchmark\Datasets\MTSD\Prepared\MTSD-Unaugmented\MTSD-YOLO\test\images\grp7_41dd064f-IMG_2332.JPG,1574.26,1343.93,1949.45,1543.06,0.6797,traffic sign,True,True,576.4,mtsd-p12
SAM 3.1,traffic sign,grp7_41dd064f-IMG_2332.JPG,E:\2. UM-Student\MSC Dissertation\Urban-Vision-Benchmark\Datasets\MTSD\Prepared\MTSD-Unaugmented\MTSD-YOLO\test\images\grp7_41dd064f-IMG_2332.JPG,2543.08,1468.2,2628.27,1556.37,0.625,traffic sign,True,True,576.4,mtsd-p12
SAM 3.1,traffic sign,grp7_41dd064f-IMG_2332.JPG,E:\2. UM-Student\MSC Dissertation\Urban-Vision-Benchmark\Datasets\MTSD\Prepared\MTSD-Unaugmented\MTSD-YOLO\test\images\grp7_41dd064f-IMG_2332.JPG,1536.24,929.06,2020.78,2809.83,0.4902,traffic sign,True,True,576.4,mtsd-p12
SAM 3.1,traffic sign,grp7_41dd064f-IMG_2332.JPG,E:\2. UM-Student\MSC Dissertation\Urban-Vision-Benchmark\Datasets\MTSD\Prepared\MTSD-Unaugmented\MTSD-YOLO\test\images\grp7_41dd064f-IMG_2332.JPG,1543.55,926.82,2020.36,1383.77,0.6445,traffic sign,True,True,576.4,mtsd-p12
SAM 3.1,traffic sign,grp7_46129e9c-IMG_6657.jpeg,E:\2. UM-Student\MSC Dissertation\Urban-Vision-Benchmark\Datasets\MTSD\Prepared\MTSD-Unaugmented\MTSD-YOLO\test\images\grp7_46129e9c-IMG_6657.jpeg,940.98,1649.39,993.12,1760.99,0.4668,traffic sign,True,True,238.5,mtsd-p12
SAM 3.1,traffic sign,grp7_46129e9c-IMG_6657.jpeg,E:\2. UM-Student\MSC Dissertation\Urban-Vision-Benchmark\Datasets\MTSD\Prepared\MTSD-Unaugmented\MTSD-YOLO\test\images\grp7_46129e9c-IMG_6657.jpeg,941.36,1651.88,995.47,2159.92,0.3613,traffic sign,True,True,238.5,mtsd-p12
SAM 3.1,traffic sign,grp7_46129e9c-IMG_6657.jpeg,E:\2. UM-Student\MSC Dissertation\Urban-Vision-Benchmark\Datasets\MTSD\Prepared\MTSD-Unaugmented\MTSD-YOLO\test\images\grp7_46129e9c-IMG_6657.jpeg,1139.43,1304.69,1434.8,2591.91,0.4102,traffic sign,True,True,238.5,mtsd-p12
SAM 3.1,traffic sign,grp7_46129e9c-IMG_6657.jpeg,E:\2. UM-Student\MSC Dissertation\Urban-Vision-Benchmark\Datasets\MTSD\Prepared\MTSD-Unaugmented\MTSD-YOLO\test\images\grp7_46129e9c-IMG_6657.jpeg,1142.94,1311.15,1436.97,1610.35,0.8828,traffic sign,True,True,238.5,mtsd-p12
SAM 3.1,traffic sign,grp7_4c22ebaa-IMG_6807.jpeg,E:\2. UM-Student\MSC Dissertation\Urban-Vision-Benchmark\Datasets\MTSD\Prepared\MTSD-Unaugmented\MTSD-YOLO\test\images\grp7_4c22ebaa-IMG_6807.jpeg,1076.19,2141.01,1211.5,2853.41,0.4043,traffic sign,True,True,234.5,mtsd-p12
SAM 3.1,traffic sign,grp7_4c22ebaa-IMG_6807.jpeg,E:\2. UM-Student\MSC Dissertation\Urban-Vision-Benchmark\Datasets\MTSD\Prepared\MTSD-Unaugmented\MTSD-YOLO\test\images\grp7_4c22ebaa-IMG_6807.jpeg,1492.94,1971.61,1931.86,3670.32,0.4824,traffic sign,True,True,234.5,mtsd-p12
SAM 3.1,traffic sign,grp7_4c22ebaa-IMG_6807.jpeg,E:\2. UM-Student\MSC Dissertation\Urban-Vision-Benchmark\Datasets\MTSD\Prepared\MTSD-Unaugmented\MTSD-YOLO\test\images\grp7_4c22ebaa-IMG_6807.jpeg,1072.3,2155.86,1214.7,2406.62,0.6523,traffic sign,True,True,234.5,mtsd-p12
SAM 3.1,traffic sign,grp7_4c22ebaa-IMG_6807.jpeg,E:\2. UM-Student\MSC Dissertation\Urban-Vision-Benchmark\Datasets\MTSD\Prepared\MTSD-Unaugmented\MTSD-YOLO\test\images\grp7_4c22ebaa-IMG_6807.jpeg,787.09,2030.85,824.12,2087.97,0.5859,traffic sign,True,True,234.5,mtsd-p12
SAM 3.1,traffic sign,grp7_4c22ebaa-IMG_6807.jpeg,E:\2. UM-Student\MSC Dissertation\Urban-Vision-Benchmark\Datasets\MTSD\Prepared\MTSD-Unaugmented\MTSD-YOLO\test\images\grp7_4c22ebaa-IMG_6807.jpeg,1498.59,1980.44,1929.42,2462.9,0.7188,traffic sign,True,True,234.5,mtsd-p12
SAM 3.1,traffic sign,grp7_4f01ce86-IMG_1927.jpg,E:\2. UM-Student\MSC Dissertation\Urban-Vision-Benchmark\Datasets\MTSD\Prepared\MTSD-Unaugmented\MTSD-YOLO\test\images\grp7_4f01ce86-IMG_1927.jpg,,,,,,<no detections>,False,True,147.3,mtsd-p12
SAM 3.1,traffic sign,grp7_50fb19de-IMG_1779.jpg,E:\2. UM-Student\MSC Dissertation\Urban-Vision-Benchmark\Datasets\MTSD\Prepared\MTSD-Unaugmented\MTSD-YOLO\test\images\grp7_50fb19de-IMG_1779.jpg,772.07,1438.92,3789.39,1737.64,0.7305,traffic sign,True,True,209.1,mtsd-p12
SAM 3.1,traffic sign,grp7_51efaffb-IMG_2323.JPG,E:\2. UM-Student\MSC Dissertation\Urban-Vision-Benchmark\Datasets\MTSD\Prepared\MTSD-Unaugmented\MTSD-YOLO\test\images\grp7_51efaffb-IMG_2323.JPG,1048.99,2390.25,1099.98,2444.95,0.3262,traffic sign,True,True,194.3,mtsd-p12
SAM 3.1,traffic sign,grp7_51efaffb-IMG_2323.JPG,E:\2. UM-Student\MSC Dissertation\Urban-Vision-Benchmark\Datasets\MTSD\Prepared\MTSD-Unaugmented\MTSD-YOLO\test\images\grp7_51efaffb-IMG_2323.JPG,1599.26,1609.97,1901.07,1947.51,0.5273,traffic sign,True,True,194.3,mtsd-p12
SAM 3.1,traffic sign,grp7_51efaffb-IMG_2323.JPG,E:\2. UM-Student\MSC Dissertation\Urban-Vision-Benchmark\Datasets\MTSD\Prepared\MTSD-Unaugmented\MTSD-YOLO\test\images\grp7_51efaffb-IMG_2323.JPG,1577.39,1236.4,1859.19,1570.2,0.3496,traffic sign,True,True,194.3,mtsd-p12
SAM 3.1,traffic sign,grp7_55fe17bd-IMG_6660.jpeg,E:\2. UM-Student\MSC Dissertation\Urban-Vision-Benchmark\Datasets\MTSD\Prepared\MTSD-Unaugmented\MTSD-YOLO\test\images\grp7_55fe17bd-IMG_6660.jpeg,2895.72,1586.96,2946.96,1671.44,0.8555,traffic sign,True,True,209.9,mtsd-p12
SAM 3.1,traffic sign,grp7_55fe17bd-IMG_6660.jpeg,E:\2. UM-Student\MSC Dissertation\Urban-Vision-Benchmark\Datasets\MTSD\Prepared\MTSD-Unaugmented\MTSD-YOLO\test\images\grp7_55fe17bd-IMG_6660.jpeg,1260.31,1017.34,1614.57,1408.96,0.9414,traffic sign,True,True,209.9,mtsd-p12
SAM 3.1,traffic sign,grp7_55fe17bd-IMG_6660.jpeg,E:\2. UM-Student\MSC Dissertation\Urban-Vision-Benchmark\Datasets\MTSD\Prepared\MTSD-Unaugmented\MTSD-YOLO\test\images\grp7_55fe17bd-IMG_6660.jpeg,2363.48,1685.95,2394.76,1740.62,0.4258,traffic sign,True,True,209.9,mtsd-p12
SAM 3.1,traffic sign,grp7_579cc71b-IMG_1928.jpg,E:\2. UM-Student\MSC Dissertation\Urban-Vision-Benchmark\Datasets\MTSD\Prepared\MTSD-Unaugmented\MTSD-YOLO\test\images\grp7_579cc71b-IMG_1928.jpg,,,,,,<no detections>,False,True,146.1,mtsd-p12
SAM 3.1,traffic sign,grp7_57ce1f54-20251215_150337.jpg,E:\2. UM-Student\MSC Dissertation\Urban-Vision-Benchmark\Datasets\MTSD\Prepared\MTSD-Unaugmented\MTSD-YOLO\test\images\grp7_57ce1f54-20251215_150337.jpg,1060.4,1091.89,1316.05,4032.0,0.5195,traffic sign,True,True,155.8,mtsd-p12
SAM 3.1,traffic sign,grp7_57ce1f54-20251215_150337.jpg,E:\2. UM-Student\MSC Dissertation\Urban-Vision-Benchmark\Datasets\MTSD\Prepared\MTSD-Unaugmented\MTSD-YOLO\test\images\grp7_57ce1f54-20251215_150337.jpg,1061.96,1093.56,1270.37,2066.19,0.8711,traffic sign,True,True,155.8,mtsd-p12
SAM 3.1,traffic sign,grp7_5fe0adac-IMG_2351.JPG,E:\2. UM-Student\MSC Dissertation\Urban-Vision-Benchmark\Datasets\MTSD\Prepared\MTSD-Unaugmented\MTSD-YOLO\test\images\grp7_5fe0adac-IMG_2351.JPG,795.1,2436.68,911.17,2553.75,0.5391,traffic sign,True,True,521.8,mtsd-p12
SAM 3.1,traffic sign,grp7_5fe0adac-IMG_2351.JPG,E:\2. UM-Student\MSC Dissertation\Urban-Vision-Benchmark\Datasets\MTSD\Prepared\MTSD-Unaugmented\MTSD-YOLO\test\images\grp7_5fe0adac-IMG_2351.JPG,0.0,3307.69,647.43,4032.0,0.5117,traffic sign,True,True,521.8,mtsd-p12
SAM 3.1,traffic sign,grp7_5fe0adac-IMG_2351.JPG,E:\2. UM-Student\MSC Dissertation\Urban-Vision-Benchmark\Datasets\MTSD\Prepared\MTSD-Unaugmented\MTSD-YOLO\test\images\grp7_5fe0adac-IMG_2351.JPG,398.31,2231.74,497.44,2380.3,0.4922,traffic sign,True,True,521.8,mtsd-p12
SAM 3.1,traffic sign,grp7_5fe0adac-IMG_2351.JPG,E:\2. UM-Student\MSC Dissertation\Urban-Vision-Benchmark\Datasets\MTSD\Prepared\MTSD-Unaugmented\MTSD-YOLO\test\images\grp7_5fe0adac-IMG_2351.JPG,1102.62,974.74,1807.12,4023.55,0.3691,traffic sign,True,True,521.8,mtsd-p12
SAM 3.1,traffic sign,grp7_5fe0adac-IMG_2351.JPG,E:\2. UM-Student\MSC Dissertation\Urban-Vision-Benchmark\Datasets\MTSD\Prepared\MTSD-Unaugmented\MTSD-YOLO\test\images\grp7_5fe0adac-IMG_2351.JPG,1100.69,972.25,1805.84,1780.6,0.6484,traffic sign,True,True,521.8,mtsd-p12
SAM 3.1,traffic sign,grp7_5fe0adac-IMG_2351.JPG,E:\2. UM-Student\MSC Dissertation\Urban-Vision-Benchmark\Datasets\MTSD\Prepared\MTSD-Unaugmented\MTSD-YOLO\test\images\grp7_5fe0adac-IMG_2351.JPG,0.0,3352.04,589.58,3743.83,0.3691,traffic sign,True,True,521.8,mtsd-p12
SAM 3.1,traffic sign,grp7_65ce4c26-IMG_1752.jpg,E:\2. UM-Student\MSC Dissertation\Urban-Vision-Benchmark\Datasets\MTSD\Prepared\MTSD-Unaugmented\MTSD-YOLO\test\images\grp7_65ce4c26-IMG_1752.jpg,,,,,,<no detections>,False,True,145.2,mtsd-p12
SAM 3.1,traffic sign,grp7_66312f27-IMG_1789.jpg,E:\2. UM-Student\MSC Dissertation\Urban-Vision-Benchmark\Datasets\MTSD\Prepared\MTSD-Unaugmented\MTSD-YOLO\test\images\grp7_66312f27-IMG_1789.jpg,,,,,,<no detections>,False,True,145.8,mtsd-p12
SAM 3.1,traffic sign,grp7_6dd51e97-IMG_6617.jpeg,E:\2. UM-Student\MSC Dissertation\Urban-Vision-Benchmark\Datasets\MTSD\Prepared\MTSD-Unaugmented\MTSD-YOLO\test\images\grp7_6dd51e97-IMG_6617.jpeg,1233.84,1482.85,1300.59,2803.66,0.3965,traffic sign,True,True,191.8,mtsd-p12
SAM 3.1,traffic sign,grp7_6dd51e97-IMG_6617.jpeg,E:\2. UM-Student\MSC Dissertation\Urban-Vision-Benchmark\Datasets\MTSD\Prepared\MTSD-Unaugmented\MTSD-YOLO\test\images\grp7_6dd51e97-IMG_6617.jpeg,1240.35,1488.2,1295.86,1791.56,0.7344,traffic sign,True,True,191.8,mtsd-p12
SAM 3.1,traffic sign,grp7_70806c3a-20251206_161309.jpg,E:\2. UM-Student\MSC Dissertation\Urban-Vision-Benchmark\Datasets\MTSD\Prepared\MTSD-Unaugmented\MTSD-YOLO\test\images\grp7_70806c3a-20251206_161309.jpg,1743.32,2257.43,1822.75,3213.74,0.3184,traffic sign,True,True,173.1,mtsd-p12
SAM 3.1,traffic sign,grp7_70806c3a-20251206_161309.jpg,E:\2. UM-Student\MSC Dissertation\Urban-Vision-Benchmark\Datasets\MTSD\Prepared\MTSD-Unaugmented\MTSD-YOLO\test\images\grp7_70806c3a-20251206_161309.jpg,846.67,1187.13,1619.81,4032.0,0.5312,traffic sign,True,True,173.1,mtsd-p12
SAM 3.1,traffic sign,grp7_70806c3a-20251206_161309.jpg,E:\2. UM-Student\MSC Dissertation\Urban-Vision-Benchmark\Datasets\MTSD\Prepared\MTSD-Unaugmented\MTSD-YOLO\test\images\grp7_70806c3a-20251206_161309.jpg,850.31,1189.45,1617.51,1906.45,0.7969,traffic sign,True,True,173.1,mtsd-p12
SAM 3.1,traffic sign,grp7_81ace7bd-IMG_1823.jpg,E:\2. UM-Student\MSC Dissertation\Urban-Vision-Benchmark\Datasets\MTSD\Prepared\MTSD-Unaugmented\MTSD-YOLO\test\images\grp7_81ace7bd-IMG_1823.jpg,1666.65,688.97,3330.86,2788.58,0.9258,traffic sign,True,True,196.8,mtsd-p12
SAM 3.1,traffic sign,grp7_85e21f65-IMG_1888.jpg,E:\2. UM-Student\MSC Dissertation\Urban-Vision-Benchmark\Datasets\MTSD\Prepared\MTSD-Unaugmented\MTSD-YOLO\test\images\grp7_85e21f65-IMG_1888.jpg,,,,,,<no detections>,False,True,152.0,mtsd-p12
SAM 3.1,traffic sign,grp7_87ab4012-IMG_1929.jpg,E:\2. UM-Student\MSC Dissertation\Urban-Vision-Benchmark\Datasets\MTSD\Prepared\MTSD-Unaugmented\MTSD-YOLO\test\images\grp7_87ab4012-IMG_1929.jpg,1839.46,141.73,3474.69,2340.53,0.9062,traffic sign,True,True,184.6,mtsd-p12
SAM 3.1,traffic sign,grp7_897df19a-IMG_2311.JPG,E:\2. UM-Student\MSC Dissertation\Urban-Vision-Benchmark\Datasets\MTSD\Prepared\MTSD-Unaugmented\MTSD-YOLO\test\images\grp7_897df19a-IMG_2311.JPG,2212.65,1337.59,2474.08,3137.07,0.4062,traffic sign,True,True,246.1,mtsd-p12
SAM 3.1,traffic sign,grp7_897df19a-IMG_2311.JPG,E:\2. UM-Student\MSC Dissertation\Urban-Vision-Benchmark\Datasets\MTSD\Prepared\MTSD-Unaugmented\MTSD-YOLO\test\images\grp7_897df19a-IMG_2311.JPG,359.77,1915.99,494.56,2045.18,0.8594,traffic sign,True,True,246.1,mtsd-p12
SAM 3.1,traffic sign,grp7_897df19a-IMG_2311.JPG,E:\2. UM-Student\MSC Dissertation\Urban-Vision-Benchmark\Datasets\MTSD\Prepared\MTSD-Unaugmented\MTSD-YOLO\test\images\grp7_897df19a-IMG_2311.JPG,2213.46,1343.44,2462.59,1757.58,0.75,traffic sign,True,True,246.1,mtsd-p12
SAM 3.1,traffic sign,grp7_897df19a-IMG_2311.JPG,E:\2. UM-Student\MSC Dissertation\Urban-Vision-Benchmark\Datasets\MTSD\Prepared\MTSD-Unaugmented\MTSD-YOLO\test\images\grp7_897df19a-IMG_2311.JPG,556.87,1665.1,657.38,1793.57,0.5938,traffic sign,True,True,246.1,mtsd-p12
SAM 3.1,traffic sign,grp7_8a80058d-20251215_151420.jpg,E:\2. UM-Student\MSC Dissertation\Urban-Vision-Benchmark\Datasets\MTSD\Prepared\MTSD-Unaugmented\MTSD-YOLO\test\images\grp7_8a80058d-20251215_151420.jpg,,,,,,<no detections>,False,True,146.9,mtsd-p12
SAM 3.1,traffic sign,grp7_8b5130c3-IMG_1856.jpg,E:\2. UM-Student\MSC Dissertation\Urban-Vision-Benchmark\Datasets\MTSD\Prepared\MTSD-Unaugmented\MTSD-YOLO\test\images\grp7_8b5130c3-IMG_1856.jpg,,,,,,<no detections>,False,True,154.0,mtsd-p12
SAM 3.1,traffic sign,grp7_8c70ced7-IMG_6778.jpeg,E:\2. UM-Student\MSC Dissertation\Urban-Vision-Benchmark\Datasets\MTSD\Prepared\MTSD-Unaugmented\MTSD-YOLO\test\images\grp7_8c70ced7-IMG_6778.jpeg,1179.87,1388.84,1537.41,2957.2,0.6055,traffic sign,True,True,192.8,mtsd-p12
SAM 3.1,traffic sign,grp7_8c70ced7-IMG_6778.jpeg,E:\2. UM-Student\MSC Dissertation\Urban-Vision-Benchmark\Datasets\MTSD\Prepared\MTSD-Unaugmented\MTSD-YOLO\test\images\grp7_8c70ced7-IMG_6778.jpeg,1183.47,1390.78,1535.16,1746.74,0.8516,traffic sign,True,True,192.8,mtsd-p12
SAM 3.1,traffic sign,grp7_8e1e7992-IMG_6659.jpeg,E:\2. UM-Student\MSC Dissertation\Urban-Vision-Benchmark\Datasets\MTSD\Prepared\MTSD-Unaugmented\MTSD-YOLO\test\images\grp7_8e1e7992-IMG_6659.jpeg,601.5,1333.83,653.23,1542.12,0.5195,traffic sign,True,True,1052.5,mtsd-p12
SAM 3.1,traffic sign,grp7_8e1e7992-IMG_6659.jpeg,E:\2. UM-Student\MSC Dissertation\Urban-Vision-Benchmark\Datasets\MTSD\Prepared\MTSD-Unaugmented\MTSD-YOLO\test\images\grp7_8e1e7992-IMG_6659.jpeg,1740.88,1722.3,1849.87,1865.67,0.8867,traffic sign,True,True,1052.5,mtsd-p12
SAM 3.1,traffic sign,grp7_8e1e7992-IMG_6659.jpeg,E:\2. UM-Student\MSC Dissertation\Urban-Vision-Benchmark\Datasets\MTSD\Prepared\MTSD-Unaugmented\MTSD-YOLO\test\images\grp7_8e1e7992-IMG_6659.jpeg,1370.28,1167.86,1530.02,3198.55,0.5234,traffic sign,True,True,1052.5,mtsd-p12
SAM 3.1,traffic sign,grp7_8e1e7992-IMG_6659.jpeg,E:\2. UM-Student\MSC Dissertation\Urban-Vision-Benchmark\Datasets\MTSD\Prepared\MTSD-Unaugmented\MTSD-YOLO\test\images\grp7_8e1e7992-IMG_6659.jpeg,2036.69,1852.18,2063.55,1919.26,0.3867,traffic sign,True,True,1052.5,mtsd-p12
SAM 3.1,traffic sign,grp7_8e1e7992-IMG_6659.jpeg,E:\2. UM-Student\MSC Dissertation\Urban-Vision-Benchmark\Datasets\MTSD\Prepared\MTSD-Unaugmented\MTSD-YOLO\test\images\grp7_8e1e7992-IMG_6659.jpeg,2968.56,1830.6,3024.0,1928.86,0.6523,traffic sign,True,True,1052.5,mtsd-p12
SAM 3.1,traffic sign,grp7_8e1e7992-IMG_6659.jpeg,E:\2. UM-Student\MSC Dissertation\Urban-Vision-Benchmark\Datasets\MTSD\Prepared\MTSD-Unaugmented\MTSD-YOLO\test\images\grp7_8e1e7992-IMG_6659.jpeg,1734.48,1728.53,1844.56,2334.88,0.4746,traffic sign,True,True,1052.5,mtsd-p12
SAM 3.1,traffic sign,grp7_8e1e7992-IMG_6659.jpeg,E:\2. UM-Student\MSC Dissertation\Urban-Vision-Benchmark\Datasets\MTSD\Prepared\MTSD-Unaugmented\MTSD-YOLO\test\images\grp7_8e1e7992-IMG_6659.jpeg,2058.9,1802.12,2150.52,1895.22,0.832,traffic sign,True,True,1052.5,mtsd-p12
SAM 3.1,traffic sign,grp7_8e1e7992-IMG_6659.jpeg,E:\2. UM-Student\MSC Dissertation\Urban-Vision-Benchmark\Datasets\MTSD\Prepared\MTSD-Unaugmented\MTSD-YOLO\test\images\grp7_8e1e7992-IMG_6659.jpeg,2980.08,1833.24,3024.0,2141.98,0.3828,traffic sign,True,True,1052.5,mtsd-p12
SAM 3.1,traffic sign,grp7_8e1e7992-IMG_6659.jpeg,E:\2. UM-Student\MSC Dissertation\Urban-Vision-Benchmark\Datasets\MTSD\Prepared\MTSD-Unaugmented\MTSD-YOLO\test\images\grp7_8e1e7992-IMG_6659.jpeg,1374.34,1169.9,1524.99,1636.99,0.8867,traffic sign,True,True,1052.5,mtsd-p12
SAM 3.1,traffic sign,grp7_8e1e7992-IMG_6659.jpeg,E:\2. UM-Student\MSC Dissertation\Urban-Vision-Benchmark\Datasets\MTSD\Prepared\MTSD-Unaugmented\MTSD-YOLO\test\images\grp7_8e1e7992-IMG_6659.jpeg,1991.54,1833.01,2038.07,1891.85,0.6211,traffic sign,True,True,1052.5,mtsd-p12
SAM 3.1,traffic sign,grp7_90de2b4a-IMG_6620.jpeg,E:\2. UM-Student\MSC Dissertation\Urban-Vision-Benchmark\Datasets\MTSD\Prepared\MTSD-Unaugmented\MTSD-YOLO\test\images\grp7_90de2b4a-IMG_6620.jpeg,1087.66,1482.92,1555.37,1662.54,0.334,traffic sign,True,True,511.0,mtsd-p12
SAM 3.1,traffic sign,grp7_90de2b4a-IMG_6620.jpeg,E:\2. UM-Student\MSC Dissertation\Urban-Vision-Benchmark\Datasets\MTSD\Prepared\MTSD-Unaugmented\MTSD-YOLO\test\images\grp7_90de2b4a-IMG_6620.jpeg,1083.45,1062.56,1562.83,1497.34,0.4004,traffic sign,True,True,511.0,mtsd-p12
SAM 3.1,traffic sign,grp7_90de2b4a-IMG_6620.jpeg,E:\2. UM-Student\MSC Dissertation\Urban-Vision-Benchmark\Datasets\MTSD\Prepared\MTSD-Unaugmented\MTSD-YOLO\test\images\grp7_90de2b4a-IMG_6620.jpeg,267.18,1810.46,366.74,1933.54,0.6367,traffic sign,True,True,511.0,mtsd-p12
SAM 3.1,traffic sign,grp7_90de2b4a-IMG_6620.jpeg,E:\2. UM-Student\MSC Dissertation\Urban-Vision-Benchmark\Datasets\MTSD\Prepared\MTSD-Unaugmented\MTSD-YOLO\test\images\grp7_90de2b4a-IMG_6620.jpeg,1082.81,1046.85,1567.03,3028.22,0.5547,traffic sign,True,True,511.0,mtsd-p12
SAM 3.1,traffic sign,grp7_90de2b4a-IMG_6620.jpeg,E:\2. UM-Student\MSC Dissertation\Urban-Vision-Benchmark\Datasets\MTSD\Prepared\MTSD-Unaugmented\MTSD-YOLO\test\images\grp7_90de2b4a-IMG_6620.jpeg,1087.21,1058.7,1558.8,1663.88,0.5586,traffic sign,True,True,511.0,mtsd-p12
SAM 3.1,traffic sign,grp7_90de2b4a-IMG_6620.jpeg,E:\2. UM-Student\MSC Dissertation\Urban-Vision-Benchmark\Datasets\MTSD\Prepared\MTSD-Unaugmented\MTSD-YOLO\test\images\grp7_90de2b4a-IMG_6620.jpeg,1711.88,1639.69,1760.05,1816.34,0.7148,traffic sign,True,True,511.0,mtsd-p12
SAM 3.1,traffic sign,grp7_917e5bd8-IMG_2117.JPG,E:\2. UM-Student\MSC Dissertation\Urban-Vision-Benchmark\Datasets\MTSD\Prepared\MTSD-Unaugmented\MTSD-YOLO\test\images\grp7_917e5bd8-IMG_2117.JPG,1033.99,194.55,3591.61,2750.93,0.8945,traffic sign,True,True,162.2,mtsd-p12
SAM 3.1,traffic sign,grp7_93d54be7-IMG_6607.jpeg,E:\2. UM-Student\MSC Dissertation\Urban-Vision-Benchmark\Datasets\MTSD\Prepared\MTSD-Unaugmented\MTSD-YOLO\test\images\grp7_93d54be7-IMG_6607.jpeg,1002.03,1214.38,1102.5,1536.87,0.8281,traffic sign,True,True,197.5,mtsd-p12
SAM 3.1,traffic sign,grp7_93d54be7-IMG_6607.jpeg,E:\2. UM-Student\MSC Dissertation\Urban-Vision-Benchmark\Datasets\MTSD\Prepared\MTSD-Unaugmented\MTSD-YOLO\test\images\grp7_93d54be7-IMG_6607.jpeg,1191.99,1406.73,1313.49,1603.99,0.6875,traffic sign,True,True,197.5,mtsd-p12
SAM 3.1,traffic sign,grp7_998eacf2-IMG_6613.jpeg,E:\2. UM-Student\MSC Dissertation\Urban-Vision-Benchmark\Datasets\MTSD\Prepared\MTSD-Unaugmented\MTSD-YOLO\test\images\grp7_998eacf2-IMG_6613.jpeg,1572.5,1325.48,1658.92,2581.6,0.4277,traffic sign,True,True,171.9,mtsd-p12
SAM 3.1,traffic sign,grp7_998eacf2-IMG_6613.jpeg,E:\2. UM-Student\MSC Dissertation\Urban-Vision-Benchmark\Datasets\MTSD\Prepared\MTSD-Unaugmented\MTSD-YOLO\test\images\grp7_998eacf2-IMG_6613.jpeg,1575.44,1327.02,1658.25,1624.6,0.7734,traffic sign,True,True,171.9,mtsd-p12
SAM 3.1,traffic sign,grp7_9ceccc7e-IMG_2183.JPG,E:\2. UM-Student\MSC Dissertation\Urban-Vision-Benchmark\Datasets\MTSD\Prepared\MTSD-Unaugmented\MTSD-YOLO\test\images\grp7_9ceccc7e-IMG_2183.JPG,1406.32,707.87,2772.3,2098.15,0.4492,traffic sign,True,True,213.8,mtsd-p12
SAM 3.1,traffic sign,grp7_9ceccc7e-IMG_2183.JPG,E:\2. UM-Student\MSC Dissertation\Urban-Vision-Benchmark\Datasets\MTSD\Prepared\MTSD-Unaugmented\MTSD-YOLO\test\images\grp7_9ceccc7e-IMG_2183.JPG,161.1,698.48,1412.67,2064.09,0.4766,traffic sign,True,True,213.8,mtsd-p12
SAM 3.1,traffic sign,grp7_9ceccc7e-IMG_2183.JPG,E:\2. UM-Student\MSC Dissertation\Urban-Vision-Benchmark\Datasets\MTSD\Prepared\MTSD-Unaugmented\MTSD-YOLO\test\images\grp7_9ceccc7e-IMG_2183.JPG,154.33,694.03,4032.0,2103.1,0.375,traffic sign,True,True,213.8,mtsd-p12
SAM 3.1,traffic sign,grp7_9ceccc7e-IMG_2183.JPG,E:\2. UM-Student\MSC Dissertation\Urban-Vision-Benchmark\Datasets\MTSD\Prepared\MTSD-Unaugmented\MTSD-YOLO\test\images\grp7_9ceccc7e-IMG_2183.JPG,2771.78,1245.76,3701.58,1646.76,0.3555,traffic sign,True,True,213.8,mtsd-p12
SAM 3.1,traffic sign,grp7_a685cd57-IMG_2291.JPG,E:\2. UM-Student\MSC Dissertation\Urban-Vision-Benchmark\Datasets\MTSD\Prepared\MTSD-Unaugmented\MTSD-YOLO\test\images\grp7_a685cd57-IMG_2291.JPG,1681.08,1617.43,1717.56,2010.87,0.3809,traffic sign,True,True,181.7,mtsd-p12
SAM 3.1,traffic sign,grp7_ab2ec440-IMG_2148.JPG,E:\2. UM-Student\MSC Dissertation\Urban-Vision-Benchmark\Datasets\MTSD\Prepared\MTSD-Unaugmented\MTSD-YOLO\test\images\grp7_ab2ec440-IMG_2148.JPG,,,,,,<no detections>,False,True,160.6,mtsd-p12
SAM 3.1,traffic sign,grp7_b1489edd-IMG_1891.jpg,E:\2. UM-Student\MSC Dissertation\Urban-Vision-Benchmark\Datasets\MTSD\Prepared\MTSD-Unaugmented\MTSD-YOLO\test\images\grp7_b1489edd-IMG_1891.jpg,,,,,,<no detections>,False,True,145.7,mtsd-p12
SAM 3.1,traffic sign,grp7_b3afe886-IMG_1875.jpg,E:\2. UM-Student\MSC Dissertation\Urban-Vision-Benchmark\Datasets\MTSD\Prepared\MTSD-Unaugmented\MTSD-YOLO\test\images\grp7_b3afe886-IMG_1875.jpg,,,,,,<no detections>,False,True,149.3,mtsd-p12
SAM 3.1,traffic sign,grp7_b45f5f31-IMG_2274.JPG,E:\2. UM-Student\MSC Dissertation\Urban-Vision-Benchmark\Datasets\MTSD\Prepared\MTSD-Unaugmented\MTSD-YOLO\test\images\grp7_b45f5f31-IMG_2274.JPG,1056.06,1513.84,1502.3,1967.24,0.8516,traffic sign,True,True,240.0,mtsd-p12
SAM 3.1,traffic sign,grp7_b45f5f31-IMG_2274.JPG,E:\2. UM-Student\MSC Dissertation\Urban-Vision-Benchmark\Datasets\MTSD\Prepared\MTSD-Unaugmented\MTSD-YOLO\test\images\grp7_b45f5f31-IMG_2274.JPG,2311.36,2172.44,2356.3,2274.08,0.3184,traffic sign,True,True,240.0,mtsd-p12
SAM 3.1,traffic sign,grp7_b45f5f31-IMG_2274.JPG,E:\2. UM-Student\MSC Dissertation\Urban-Vision-Benchmark\Datasets\MTSD\Prepared\MTSD-Unaugmented\MTSD-YOLO\test\images\grp7_b45f5f31-IMG_2274.JPG,1044.7,1048.48,1499.77,3836.91,0.418,traffic sign,True,True,240.0,mtsd-p12
SAM 3.1,traffic sign,grp7_b45f5f31-IMG_2274.JPG,E:\2. UM-Student\MSC Dissertation\Urban-Vision-Benchmark\Datasets\MTSD\Prepared\MTSD-Unaugmented\MTSD-YOLO\test\images\grp7_b45f5f31-IMG_2274.JPG,1046.42,1048.79,1492.29,1517.88,0.875,traffic sign,True,True,240.0,mtsd-p12
SAM 3.1,traffic sign,grp7_b552bf33-20251215_150109.jpg,E:\2. UM-Student\MSC Dissertation\Urban-Vision-Benchmark\Datasets\MTSD\Prepared\MTSD-Unaugmented\MTSD-YOLO\test\images\grp7_b552bf33-20251215_150109.jpg,1016.18,1046.55,1281.04,4028.6,0.4805,traffic sign,True,True,181.4,mtsd-p12
SAM 3.1,traffic sign,grp7_b552bf33-20251215_150109.jpg,E:\2. UM-Student\MSC Dissertation\Urban-Vision-Benchmark\Datasets\MTSD\Prepared\MTSD-Unaugmented\MTSD-YOLO\test\images\grp7_b552bf33-20251215_150109.jpg,1014.51,1041.28,1191.59,1921.51,0.9023,traffic sign,True,True,181.4,mtsd-p12
SAM 3.1,traffic sign,grp7_b65b2b8e-20251215_143141.jpg,E:\2. UM-Student\MSC Dissertation\Urban-Vision-Benchmark\Datasets\MTSD\Prepared\MTSD-Unaugmented\MTSD-YOLO\test\images\grp7_b65b2b8e-20251215_143141.jpg,796.48,945.99,1646.27,4032.0,0.3477,traffic sign,True,True,178.9,mtsd-p12
SAM 3.1,traffic sign,grp7_b65b2b8e-20251215_143141.jpg,E:\2. UM-Student\MSC Dissertation\Urban-Vision-Benchmark\Datasets\MTSD\Prepared\MTSD-Unaugmented\MTSD-YOLO\test\images\grp7_b65b2b8e-20251215_143141.jpg,1097.18,1265.16,1288.79,2317.94,0.7695,traffic sign,True,True,178.9,mtsd-p12
SAM 3.1,traffic sign,grp7_b65b2b8e-20251215_143141.jpg,E:\2. UM-Student\MSC Dissertation\Urban-Vision-Benchmark\Datasets\MTSD\Prepared\MTSD-Unaugmented\MTSD-YOLO\test\images\grp7_b65b2b8e-20251215_143141.jpg,798.28,1015.0,1636.54,1407.05,0.8281,traffic sign,True,True,178.9,mtsd-p12
SAM 3.1,traffic sign,grp7_bd29943d-IMG_1733.jpg,E:\2. UM-Student\MSC Dissertation\Urban-Vision-Benchmark\Datasets\MTSD\Prepared\MTSD-Unaugmented\MTSD-YOLO\test\images\grp7_bd29943d-IMG_1733.jpg,,,,,,<no detections>,False,True,166.6,mtsd-p12
SAM 3.1,traffic sign,grp7_c1a8ff54-IMG_1721.jpg,E:\2. UM-Student\MSC Dissertation\Urban-Vision-Benchmark\Datasets\MTSD\Prepared\MTSD-Unaugmented\MTSD-YOLO\test\images\grp7_c1a8ff54-IMG_1721.jpg,,,,,,<no detections>,False,True,157.0,mtsd-p12
SAM 3.1,traffic sign,grp7_c1d05649-IMG_2109.JPG,E:\2. UM-Student\MSC Dissertation\Urban-Vision-Benchmark\Datasets\MTSD\Prepared\MTSD-Unaugmented\MTSD-YOLO\test\images\grp7_c1d05649-IMG_2109.JPG,454.32,300.88,2819.26,2776.03,0.8164,traffic sign,True,True,194.7,mtsd-p12
SAM 3.1,traffic sign,grp7_c1d05649-IMG_2109.JPG,E:\2. UM-Student\MSC Dissertation\Urban-Vision-Benchmark\Datasets\MTSD\Prepared\MTSD-Unaugmented\MTSD-YOLO\test\images\grp7_c1d05649-IMG_2109.JPG,453.59,296.75,4032.0,2776.89,0.3223,traffic sign,True,True,194.7,mtsd-p12
SAM 3.1,traffic sign,grp7_c1e32eff-IMG_1769.jpg,E:\2. UM-Student\MSC Dissertation\Urban-Vision-Benchmark\Datasets\MTSD\Prepared\MTSD-Unaugmented\MTSD-YOLO\test\images\grp7_c1e32eff-IMG_1769.jpg,,,,,,<no detections>,False,True,147.4,mtsd-p12
SAM 3.1,traffic sign,grp7_c21d51bf-IMG_6622.jpeg,E:\2. UM-Student\MSC Dissertation\Urban-Vision-Benchmark\Datasets\MTSD\Prepared\MTSD-Unaugmented\MTSD-YOLO\test\images\grp7_c21d51bf-IMG_6622.jpeg,1362.9,1772.92,1384.53,1797.19,0.5664,traffic sign,True,True,634.9,mtsd-p12
SAM 3.1,traffic sign,grp7_c21d51bf-IMG_6622.jpeg,E:\2. UM-Student\MSC Dissertation\Urban-Vision-Benchmark\Datasets\MTSD\Prepared\MTSD-Unaugmented\MTSD-YOLO\test\images\grp7_c21d51bf-IMG_6622.jpeg,1090.46,1747.98,1129.87,1799.92,0.6953,traffic sign,True,True,634.9,mtsd-p12
SAM 3.1,traffic sign,grp7_c21d51bf-IMG_6622.jpeg,E:\2. UM-Student\MSC Dissertation\Urban-Vision-Benchmark\Datasets\MTSD\Prepared\MTSD-Unaugmented\MTSD-YOLO\test\images\grp7_c21d51bf-IMG_6622.jpeg,725.53,1703.73,799.05,1735.65,0.3809,traffic sign,True,True,634.9,mtsd-p12
SAM 3.1,traffic sign,grp7_c21d51bf-IMG_6622.jpeg,E:\2. UM-Student\MSC Dissertation\Urban-Vision-Benchmark\Datasets\MTSD\Prepared\MTSD-Unaugmented\MTSD-YOLO\test\images\grp7_c21d51bf-IMG_6622.jpeg,1797.05,1773.03,1848.89,1834.59,0.8125,traffic sign,True,True,634.9,mtsd-p12
SAM 3.1,traffic sign,grp7_c21d51bf-IMG_6622.jpeg,E:\2. UM-Student\MSC Dissertation\Urban-Vision-Benchmark\Datasets\MTSD\Prepared\MTSD-Unaugmented\MTSD-YOLO\test\images\grp7_c21d51bf-IMG_6622.jpeg,1207.49,941.85,1710.46,2804.73,0.5352,traffic sign,True,True,634.9,mtsd-p12
SAM 3.1,traffic sign,grp7_c21d51bf-IMG_6622.jpeg,E:\2. UM-Student\MSC Dissertation\Urban-Vision-Benchmark\Datasets\MTSD\Prepared\MTSD-Unaugmented\MTSD-YOLO\test\images\grp7_c21d51bf-IMG_6622.jpeg,1212.77,938.36,1705.34,1561.86,0.6836,traffic sign,True,True,634.9,mtsd-p12
SAM 3.1,traffic sign,grp7_c21d51bf-IMG_6622.jpeg,E:\2. UM-Student\MSC Dissertation\Urban-Vision-Benchmark\Datasets\MTSD\Prepared\MTSD-Unaugmented\MTSD-YOLO\test\images\grp7_c21d51bf-IMG_6622.jpeg,1015.76,1731.8,1067.2,1791.62,0.7695,traffic sign,True,True,634.9,mtsd-p12
SAM 3.1,traffic sign,grp7_c3ab6f98-IMG_2186.JPG,E:\2. UM-Student\MSC Dissertation\Urban-Vision-Benchmark\Datasets\MTSD\Prepared\MTSD-Unaugmented\MTSD-YOLO\test\images\grp7_c3ab6f98-IMG_2186.JPG,609.35,104.7,3231.85,2870.13,0.7734,traffic sign,True,True,225.0,mtsd-p12
SAM 3.1,traffic sign,grp7_cddeeb7f-IMG_6636.jpeg,E:\2. UM-Student\MSC Dissertation\Urban-Vision-Benchmark\Datasets\MTSD\Prepared\MTSD-Unaugmented\MTSD-YOLO\test\images\grp7_cddeeb7f-IMG_6636.jpeg,1245.64,1854.72,1308.58,1920.28,0.8164,traffic sign,True,True,412.0,mtsd-p12
SAM 3.1,traffic sign,grp7_cddeeb7f-IMG_6636.jpeg,E:\2. UM-Student\MSC Dissertation\Urban-Vision-Benchmark\Datasets\MTSD\Prepared\MTSD-Unaugmented\MTSD-YOLO\test\images\grp7_cddeeb7f-IMG_6636.jpeg,1251.67,1410.05,1427.8,1591.39,0.8906,traffic sign,True,True,412.0,mtsd-p12
SAM 3.1,traffic sign,grp7_cddeeb7f-IMG_6636.jpeg,E:\2. UM-Student\MSC Dissertation\Urban-Vision-Benchmark\Datasets\MTSD\Prepared\MTSD-Unaugmented\MTSD-YOLO\test\images\grp7_cddeeb7f-IMG_6636.jpeg,1936.24,1896.18,1973.59,1966.26,0.3359,traffic sign,True,True,412.0,mtsd-p12
SAM 3.1,traffic sign,grp7_d36e330f-20251215_150902.jpg,E:\2. UM-Student\MSC Dissertation\Urban-Vision-Benchmark\Datasets\MTSD\Prepared\MTSD-Unaugmented\MTSD-YOLO\test\images\grp7_d36e330f-20251215_150902.jpg,734.45,1067.75,1665.21,4032.0,0.3789,traffic sign,True,True,174.6,mtsd-p12
SAM 3.1,traffic sign,grp7_d36e330f-20251215_150902.jpg,E:\2. UM-Student\MSC Dissertation\Urban-Vision-Benchmark\Datasets\MTSD\Prepared\MTSD-Unaugmented\MTSD-YOLO\test\images\grp7_d36e330f-20251215_150902.jpg,739.15,1080.12,1660.79,1937.75,0.8945,traffic sign,True,True,174.6,mtsd-p12
SAM 3.1,traffic sign,grp7_d5464bd2-IMG_6729.jpeg,E:\2. UM-Student\MSC Dissertation\Urban-Vision-Benchmark\Datasets\MTSD\Prepared\MTSD-Unaugmented\MTSD-YOLO\test\images\grp7_d5464bd2-IMG_6729.jpeg,2636.72,2088.71,2690.0,2145.02,0.582,traffic sign,True,True,954.3,mtsd-p12
SAM 3.1,traffic sign,grp7_d5464bd2-IMG_6729.jpeg,E:\2. UM-Student\MSC Dissertation\Urban-Vision-Benchmark\Datasets\MTSD\Prepared\MTSD-Unaugmented\MTSD-YOLO\test\images\grp7_d5464bd2-IMG_6729.jpeg,2640.32,2137.62,2692.35,2192.31,0.5938,traffic sign,True,True,954.3,mtsd-p12
SAM 3.1,traffic sign,grp7_d5464bd2-IMG_6729.jpeg,E:\2. UM-Student\MSC Dissertation\Urban-Vision-Benchmark\Datasets\MTSD\Prepared\MTSD-Unaugmented\MTSD-YOLO\test\images\grp7_d5464bd2-IMG_6729.jpeg,2890.2,2124.82,2932.95,2177.26,0.4844,traffic sign,True,True,954.3,mtsd-p12
SAM 3.1,traffic sign,grp7_d5464bd2-IMG_6729.jpeg,E:\2. UM-Student\MSC Dissertation\Urban-Vision-Benchmark\Datasets\MTSD\Prepared\MTSD-Unaugmented\MTSD-YOLO\test\images\grp7_d5464bd2-IMG_6729.jpeg,950.4,2033.51,1012.43,2099.29,0.3008,traffic sign,True,True,954.3,mtsd-p12
SAM 3.1,traffic sign,grp7_d5464bd2-IMG_6729.jpeg,E:\2. UM-Student\MSC Dissertation\Urban-Vision-Benchmark\Datasets\MTSD\Prepared\MTSD-Unaugmented\MTSD-YOLO\test\images\grp7_d5464bd2-IMG_6729.jpeg,56.0,2201.34,219.34,2436.05,0.459,traffic sign,True,True,954.3,mtsd-p12
SAM 3.1,traffic sign,grp7_d5464bd2-IMG_6729.jpeg,E:\2. UM-Student\MSC Dissertation\Urban-Vision-Benchmark\Datasets\MTSD\Prepared\MTSD-Unaugmented\MTSD-YOLO\test\images\grp7_d5464bd2-IMG_6729.jpeg,1649.53,1420.12,1895.0,4021.59,0.5547,traffic sign,True,True,954.3,mtsd-p12
SAM 3.1,traffic sign,grp7_d5464bd2-IMG_6729.jpeg,E:\2. UM-Student\MSC Dissertation\Urban-Vision-Benchmark\Datasets\MTSD\Prepared\MTSD-Unaugmented\MTSD-YOLO\test\images\grp7_d5464bd2-IMG_6729.jpeg,1651.26,1424.99,1883.61,2017.31,0.8945,traffic sign,True,True,954.3,mtsd-p12
SAM 3.1,traffic sign,grp7_d5464bd2-IMG_6729.jpeg,E:\2. UM-Student\MSC Dissertation\Urban-Vision-Benchmark\Datasets\MTSD\Prepared\MTSD-Unaugmented\MTSD-YOLO\test\images\grp7_d5464bd2-IMG_6729.jpeg,2358.4,2134.06,2430.21,2179.45,0.4473,traffic sign,True,True,954.3,mtsd-p12
SAM 3.1,traffic sign,grp7_d7ded33c-IMG_6742.jpeg,E:\2. UM-Student\MSC Dissertation\Urban-Vision-Benchmark\Datasets\MTSD\Prepared\MTSD-Unaugmented\MTSD-YOLO\test\images\grp7_d7ded33c-IMG_6742.jpeg,1978.07,2111.34,2006.02,2148.19,0.4531,traffic sign,True,True,867.2,mtsd-p12
SAM 3.1,traffic sign,grp7_d7ded33c-IMG_6742.jpeg,E:\2. UM-Student\MSC Dissertation\Urban-Vision-Benchmark\Datasets\MTSD\Prepared\MTSD-Unaugmented\MTSD-YOLO\test\images\grp7_d7ded33c-IMG_6742.jpeg,1852.39,2059.81,1907.85,2124.71,0.7969,traffic sign,True,True,867.2,mtsd-p12
SAM 3.1,traffic sign,grp7_d7ded33c-IMG_6742.jpeg,E:\2. UM-Student\MSC Dissertation\Urban-Vision-Benchmark\Datasets\MTSD\Prepared\MTSD-Unaugmented\MTSD-YOLO\test\images\grp7_d7ded33c-IMG_6742.jpeg,1219.96,1828.94,1600.56,2100.4,0.5352,traffic sign,True,True,867.2,mtsd-p12
SAM 3.1,traffic sign,grp7_d7ded33c-IMG_6742.jpeg,E:\2. UM-Student\MSC Dissertation\Urban-Vision-Benchmark\Datasets\MTSD\Prepared\MTSD-Unaugmented\MTSD-YOLO\test\images\grp7_d7ded33c-IMG_6742.jpeg,1447.07,2134.79,1476.44,2201.38,0.6992,traffic sign,True,True,867.2,mtsd-p12
SAM 3.1,traffic sign,grp7_d7ded33c-IMG_6742.jpeg,E:\2. UM-Student\MSC Dissertation\Urban-Vision-Benchmark\Datasets\MTSD\Prepared\MTSD-Unaugmented\MTSD-YOLO\test\images\grp7_d7ded33c-IMG_6742.jpeg,1222.5,1437.99,1633.15,2114.75,0.3164,traffic sign,True,True,867.2,mtsd-p12
SAM 3.1,traffic sign,grp7_d7ded33c-IMG_6742.jpeg,E:\2. UM-Student\MSC Dissertation\Urban-Vision-Benchmark\Datasets\MTSD\Prepared\MTSD-Unaugmented\MTSD-YOLO\test\images\grp7_d7ded33c-IMG_6742.jpeg,1225.04,1435.2,1635.32,3341.26,0.3574,traffic sign,True,True,867.2,mtsd-p12
SAM 3.1,traffic sign,grp7_d7ded33c-IMG_6742.jpeg,E:\2. UM-Student\MSC Dissertation\Urban-Vision-Benchmark\Datasets\MTSD\Prepared\MTSD-Unaugmented\MTSD-YOLO\test\images\grp7_d7ded33c-IMG_6742.jpeg,1240.35,1444.17,1636.82,1851.61,0.5352,traffic sign,True,True,867.2,mtsd-p12
SAM 3.1,traffic sign,grp7_d7ded33c-IMG_6742.jpeg,E:\2. UM-Student\MSC Dissertation\Urban-Vision-Benchmark\Datasets\MTSD\Prepared\MTSD-Unaugmented\MTSD-YOLO\test\images\grp7_d7ded33c-IMG_6742.jpeg,2937.02,2022.08,2961.91,2095.06,0.4355,traffic sign,True,True,867.2,mtsd-p12
SAM 3.1,traffic sign,grp7_d7ded33c-IMG_6742.jpeg,E:\2. UM-Student\MSC Dissertation\Urban-Vision-Benchmark\Datasets\MTSD\Prepared\MTSD-Unaugmented\MTSD-YOLO\test\images\grp7_d7ded33c-IMG_6742.jpeg,1868.73,2119.95,1896.31,2177.36,0.7305,traffic sign,True,True,867.2,mtsd-p12
SAM 3.1,traffic sign,grp7_d7ded33c-IMG_6742.jpeg,E:\2. UM-Student\MSC Dissertation\Urban-Vision-Benchmark\Datasets\MTSD\Prepared\MTSD-Unaugmented\MTSD-YOLO\test\images\grp7_d7ded33c-IMG_6742.jpeg,1985.16,2131.26,2020.51,2168.69,0.5195,traffic sign,True,True,867.2,mtsd-p12
SAM 3.1,traffic sign,grp7_d7ded33c-IMG_6742.jpeg,E:\2. UM-Student\MSC Dissertation\Urban-Vision-Benchmark\Datasets\MTSD\Prepared\MTSD-Unaugmented\MTSD-YOLO\test\images\grp7_d7ded33c-IMG_6742.jpeg,2400.49,2103.95,2431.71,2156.27,0.3555,traffic sign,True,True,867.2,mtsd-p12
SAM 3.1,traffic sign,grp7_db87303d-20251215_144613.jpg,E:\2. UM-Student\MSC Dissertation\Urban-Vision-Benchmark\Datasets\MTSD\Prepared\MTSD-Unaugmented\MTSD-YOLO\test\images\grp7_db87303d-20251215_144613.jpg,1183.88,2121.66,1643.98,3187.62,0.6445,traffic sign,True,True,180.1,mtsd-p12
SAM 3.1,traffic sign,grp7_db87303d-20251215_144613.jpg,E:\2. UM-Student\MSC Dissertation\Urban-Vision-Benchmark\Datasets\MTSD\Prepared\MTSD-Unaugmented\MTSD-YOLO\test\images\grp7_db87303d-20251215_144613.jpg,1427.76,3436.34,1714.58,3732.32,0.3164,traffic sign,True,True,180.1,mtsd-p12
SAM 3.1,traffic sign,grp7_db87303d-20251215_144613.jpg,E:\2. UM-Student\MSC Dissertation\Urban-Vision-Benchmark\Datasets\MTSD\Prepared\MTSD-Unaugmented\MTSD-YOLO\test\images\grp7_db87303d-20251215_144613.jpg,1404.92,3225.22,1602.87,3377.31,0.3066,traffic sign,True,True,180.1,mtsd-p12
SAM 3.1,traffic sign,grp7_db87303d-20251215_144613.jpg,E:\2. UM-Student\MSC Dissertation\Urban-Vision-Benchmark\Datasets\MTSD\Prepared\MTSD-Unaugmented\MTSD-YOLO\test\images\grp7_db87303d-20251215_144613.jpg,1085.0,730.57,1244.82,2038.91,0.7539,traffic sign,True,True,180.1,mtsd-p12
SAM 3.1,traffic sign,grp7_dfd0a665-IMG_2360.JPG,E:\2. UM-Student\MSC Dissertation\Urban-Vision-Benchmark\Datasets\MTSD\Prepared\MTSD-Unaugmented\MTSD-YOLO\test\images\grp7_dfd0a665-IMG_2360.JPG,536.66,2224.44,571.52,2264.45,0.4414,traffic sign,True,True,234.9,mtsd-p12
SAM 3.1,traffic sign,grp7_e16f743b-IMG_1838.jpg,E:\2. UM-Student\MSC Dissertation\Urban-Vision-Benchmark\Datasets\MTSD\Prepared\MTSD-Unaugmented\MTSD-YOLO\test\images\grp7_e16f743b-IMG_1838.jpg,907.33,1455.9,3641.45,1792.81,0.5625,traffic sign,True,True,190.6,mtsd-p12
SAM 3.1,traffic sign,grp7_ef1c0521-IMG_1930.jpg,E:\2. UM-Student\MSC Dissertation\Urban-Vision-Benchmark\Datasets\MTSD\Prepared\MTSD-Unaugmented\MTSD-YOLO\test\images\grp7_ef1c0521-IMG_1930.jpg,,,,,,<no detections>,False,True,149.4,mtsd-p12
SAM 3.1,traffic sign,grp7_ef873d66-20251215_143818.jpg,E:\2. UM-Student\MSC Dissertation\Urban-Vision-Benchmark\Datasets\MTSD\Prepared\MTSD-Unaugmented\MTSD-YOLO\test\images\grp7_ef873d66-20251215_143818.jpg,1597.48,2268.07,1971.62,2637.73,0.8359,traffic sign,True,True,201.9,mtsd-p12
SAM 3.1,traffic sign,grp7_ef873d66-20251215_143818.jpg,E:\2. UM-Student\MSC Dissertation\Urban-Vision-Benchmark\Datasets\MTSD\Prepared\MTSD-Unaugmented\MTSD-YOLO\test\images\grp7_ef873d66-20251215_143818.jpg,945.73,1170.88,1150.27,1967.91,0.918,traffic sign,True,True,201.9,mtsd-p12
SAM 3.1,traffic sign,grp7_ef873d66-20251215_143818.jpg,E:\2. UM-Student\MSC Dissertation\Urban-Vision-Benchmark\Datasets\MTSD\Prepared\MTSD-Unaugmented\MTSD-YOLO\test\images\grp7_ef873d66-20251215_143818.jpg,1603.12,2273.36,2003.1,4032.0,0.4258,traffic sign,True,True,201.9,mtsd-p12
SAM 3.1,traffic sign,grp7_ef873d66-20251215_143818.jpg,E:\2. UM-Student\MSC Dissertation\Urban-Vision-Benchmark\Datasets\MTSD\Prepared\MTSD-Unaugmented\MTSD-YOLO\test\images\grp7_ef873d66-20251215_143818.jpg,1793.28,2628.25,1879.5,2856.45,0.5508,traffic sign,True,True,201.9,mtsd-p12
SAM 3.1,traffic sign,grp7_f5c11235-IMG_2319.JPG,E:\2. UM-Student\MSC Dissertation\Urban-Vision-Benchmark\Datasets\MTSD\Prepared\MTSD-Unaugmented\MTSD-YOLO\test\images\grp7_f5c11235-IMG_2319.JPG,2048.64,2742.6,2182.59,2788.9,0.8125,traffic sign,True,True,464.6,mtsd-p12
SAM 3.1,traffic sign,grp7_f5c11235-IMG_2319.JPG,E:\2. UM-Student\MSC Dissertation\Urban-Vision-Benchmark\Datasets\MTSD\Prepared\MTSD-Unaugmented\MTSD-YOLO\test\images\grp7_f5c11235-IMG_2319.JPG,1912.36,2733.06,2024.39,2772.49,0.5977,traffic sign,True,True,464.6,mtsd-p12
SAM 3.1,traffic sign,grp7_f5c11235-IMG_2319.JPG,E:\2. UM-Student\MSC Dissertation\Urban-Vision-Benchmark\Datasets\MTSD\Prepared\MTSD-Unaugmented\MTSD-YOLO\test\images\grp7_f5c11235-IMG_2319.JPG,1536.37,769.9,1802.96,887.17,0.9023,traffic sign,True,True,464.6,mtsd-p12
SAM 3.1,traffic sign,grp7_f5c11235-IMG_2319.JPG,E:\2. UM-Student\MSC Dissertation\Urban-Vision-Benchmark\Datasets\MTSD\Prepared\MTSD-Unaugmented\MTSD-YOLO\test\images\grp7_f5c11235-IMG_2319.JPG,2265.45,1331.22,2383.96,1439.67,0.4785,traffic sign,True,True,464.6,mtsd-p12
SAM 3.1,traffic sign,grp7_f6c47dc2-IMG_2182.JPG,E:\2. UM-Student\MSC Dissertation\Urban-Vision-Benchmark\Datasets\MTSD\Prepared\MTSD-Unaugmented\MTSD-YOLO\test\images\grp7_f6c47dc2-IMG_2182.JPG,133.2,1548.37,1586.02,1699.67,0.5234,traffic sign,True,True,232.9,mtsd-p12
SAM 3.1,traffic sign,grp7_f6c47dc2-IMG_2182.JPG,E:\2. UM-Student\MSC Dissertation\Urban-Vision-Benchmark\Datasets\MTSD\Prepared\MTSD-Unaugmented\MTSD-YOLO\test\images\grp7_f6c47dc2-IMG_2182.JPG,2843.41,1420.48,3793.73,1547.15,0.4102,traffic sign,True,True,232.9,mtsd-p12
SAM 3.1,traffic sign,grp7_f6c47dc2-IMG_2182.JPG,E:\2. UM-Student\MSC Dissertation\Urban-Vision-Benchmark\Datasets\MTSD\Prepared\MTSD-Unaugmented\MTSD-YOLO\test\images\grp7_f6c47dc2-IMG_2182.JPG,1526.66,1487.64,2857.18,1733.72,0.5742,traffic sign,True,True,232.9,mtsd-p12
SAM 3.1,traffic sign,grp7_f74b48d8-IMG_1768.jpg,E:\2. UM-Student\MSC Dissertation\Urban-Vision-Benchmark\Datasets\MTSD\Prepared\MTSD-Unaugmented\MTSD-YOLO\test\images\grp7_f74b48d8-IMG_1768.jpg,1529.25,0.0,3656.79,2840.5,0.7617,traffic sign,True,True,176.6,mtsd-p12
SAM 3.1,traffic sign,grp7_f7f0f5bb-IMG_6628.jpeg,E:\2. UM-Student\MSC Dissertation\Urban-Vision-Benchmark\Datasets\MTSD\Prepared\MTSD-Unaugmented\MTSD-YOLO\test\images\grp7_f7f0f5bb-IMG_6628.jpeg,1235.68,1075.47,1709.98,1595.03,0.7852,traffic sign,True,True,191.8,mtsd-p12
SAM 3.1,traffic sign,grp7_fb3a590f-IMG_6793.jpeg,E:\2. UM-Student\MSC Dissertation\Urban-Vision-Benchmark\Datasets\MTSD\Prepared\MTSD-Unaugmented\MTSD-YOLO\test\images\grp7_fb3a590f-IMG_6793.jpeg,1030.22,1932.06,1125.47,2051.93,0.7344,traffic sign,True,True,250.8,mtsd-p12
SAM 3.1,traffic sign,grp7_fb3a590f-IMG_6793.jpeg,E:\2. UM-Student\MSC Dissertation\Urban-Vision-Benchmark\Datasets\MTSD\Prepared\MTSD-Unaugmented\MTSD-YOLO\test\images\grp7_fb3a590f-IMG_6793.jpeg,2274.16,2155.7,2328.26,2275.61,0.832,traffic sign,True,True,250.8,mtsd-p12
SAM 3.1,traffic sign,grp7_fb3a590f-IMG_6793.jpeg,E:\2. UM-Student\MSC Dissertation\Urban-Vision-Benchmark\Datasets\MTSD\Prepared\MTSD-Unaugmented\MTSD-YOLO\test\images\grp7_fb3a590f-IMG_6793.jpeg,1004.42,1926.58,1127.1,2669.54,0.3203,traffic sign,True,True,250.8,mtsd-p12
SAM 3.1,traffic sign,grp7_fb3a590f-IMG_6793.jpeg,E:\2. UM-Student\MSC Dissertation\Urban-Vision-Benchmark\Datasets\MTSD\Prepared\MTSD-Unaugmented\MTSD-YOLO\test\images\grp7_fb3a590f-IMG_6793.jpeg,2256.87,2425.92,2304.32,2508.99,0.3066,traffic sign,True,True,250.8,mtsd-p12
SAM 3.1,traffic sign,grp7_fb3a590f-IMG_6793.jpeg,E:\2. UM-Student\MSC Dissertation\Urban-Vision-Benchmark\Datasets\MTSD\Prepared\MTSD-Unaugmented\MTSD-YOLO\test\images\grp7_fb3a590f-IMG_6793.jpeg,1281.62,1548.26,1655.73,3174.21,0.3926,traffic sign,True,True,250.8,mtsd-p12
SAM 3.1,traffic sign,grp7_fb3a590f-IMG_6793.jpeg,E:\2. UM-Student\MSC Dissertation\Urban-Vision-Benchmark\Datasets\MTSD\Prepared\MTSD-Unaugmented\MTSD-YOLO\test\images\grp7_fb3a590f-IMG_6793.jpeg,1282.56,1553.28,1654.15,1925.52,0.9023,traffic sign,True,True,250.8,mtsd-p12
SAM 3.1,traffic sign,grp7_ffcca6e4-IMG_6603.jpeg,E:\2. UM-Student\MSC Dissertation\Urban-Vision-Benchmark\Datasets\MTSD\Prepared\MTSD-Unaugmented\MTSD-YOLO\test\images\grp7_ffcca6e4-IMG_6603.jpeg,1421.76,1841.11,1737.79,2176.39,0.8594,traffic sign,True,True,187.6,mtsd-p12
SAM 3.1,traffic sign,grp7_ffcca6e4-IMG_6603.jpeg,E:\2. UM-Student\MSC Dissertation\Urban-Vision-Benchmark\Datasets\MTSD\Prepared\MTSD-Unaugmented\MTSD-YOLO\test\images\grp7_ffcca6e4-IMG_6603.jpeg,1417.41,1838.46,1736.6,3072.31,0.5,traffic sign,True,True,187.6,mtsd-p12
SAM 3.1,traffic sign,grp8_04258956-back.jpg,E:\2. UM-Student\MSC Dissertation\Urban-Vision-Benchmark\Datasets\MTSD\Prepared\MTSD-Unaugmented\MTSD-YOLO\test\images\grp8_04258956-back.jpg,1716.05,1388.37,2012.78,2134.73,0.6719,traffic sign,True,True,238.1,mtsd-p12
SAM 3.1,traffic sign,grp8_04258956-back.jpg,E:\2. UM-Student\MSC Dissertation\Urban-Vision-Benchmark\Datasets\MTSD\Prepared\MTSD-Unaugmented\MTSD-YOLO\test\images\grp8_04258956-back.jpg,1512.61,889.58,2322.79,3024.0,0.418,traffic sign,True,True,238.1,mtsd-p12
SAM 3.1,traffic sign,grp8_04258956-back.jpg,E:\2. UM-Student\MSC Dissertation\Urban-Vision-Benchmark\Datasets\MTSD\Prepared\MTSD-Unaugmented\MTSD-YOLO\test\images\grp8_04258956-back.jpg,1506.17,881.82,2321.86,1602.97,0.7383,traffic sign,True,True,238.1,mtsd-p12
SAM 3.1,traffic sign,grp8_0487e0f7-front.jpg,E:\2. UM-Student\MSC Dissertation\Urban-Vision-Benchmark\Datasets\MTSD\Prepared\MTSD-Unaugmented\MTSD-YOLO\test\images\grp8_0487e0f7-front.jpg,1407.33,694.94,2529.59,3024.0,0.4238,traffic sign,True,True,193.9,mtsd-p12
SAM 3.1,traffic sign,grp8_0487e0f7-front.jpg,E:\2. UM-Student\MSC Dissertation\Urban-Vision-Benchmark\Datasets\MTSD\Prepared\MTSD-Unaugmented\MTSD-YOLO\test\images\grp8_0487e0f7-front.jpg,1408.54,697.8,2529.88,1765.44,0.8516,traffic sign,True,True,193.9,mtsd-p12
SAM 3.1,traffic sign,grp8_06980edd-front.jpg,E:\2. UM-Student\MSC Dissertation\Urban-Vision-Benchmark\Datasets\MTSD\Prepared\MTSD-Unaugmented\MTSD-YOLO\test\images\grp8_06980edd-front.jpg,2094.5,2589.06,2135.3,2631.93,0.7383,traffic sign,True,True,772.9,mtsd-p12
SAM 3.1,traffic sign,grp8_06980edd-front.jpg,E:\2. UM-Student\MSC Dissertation\Urban-Vision-Benchmark\Datasets\MTSD\Prepared\MTSD-Unaugmented\MTSD-YOLO\test\images\grp8_06980edd-front.jpg,3746.2,2511.56,3790.58,2588.49,0.7227,traffic sign,True,True,772.9,mtsd-p12
SAM 3.1,traffic sign,grp8_06980edd-front.jpg,E:\2. UM-Student\MSC Dissertation\Urban-Vision-Benchmark\Datasets\MTSD\Prepared\MTSD-Unaugmented\MTSD-YOLO\test\images\grp8_06980edd-front.jpg,2096.96,2624.8,2136.76,2656.52,0.6758,traffic sign,True,True,772.9,mtsd-p12
SAM 3.1,traffic sign,grp8_06980edd-front.jpg,E:\2. UM-Student\MSC Dissertation\Urban-Vision-Benchmark\Datasets\MTSD\Prepared\MTSD-Unaugmented\MTSD-YOLO\test\images\grp8_06980edd-front.jpg,2551.95,2627.58,2584.66,2667.12,0.7109,traffic sign,True,True,772.9,mtsd-p12
SAM 3.1,traffic sign,grp8_06980edd-front.jpg,E:\2. UM-Student\MSC Dissertation\Urban-Vision-Benchmark\Datasets\MTSD\Prepared\MTSD-Unaugmented\MTSD-YOLO\test\images\grp8_06980edd-front.jpg,1721.76,2536.51,1798.5,2619.26,0.8477,traffic sign,True,True,772.9,mtsd-p12
SAM 3.1,traffic sign,grp8_06980edd-front.jpg,E:\2. UM-Student\MSC Dissertation\Urban-Vision-Benchmark\Datasets\MTSD\Prepared\MTSD-Unaugmented\MTSD-YOLO\test\images\grp8_06980edd-front.jpg,3160.58,2737.96,3242.26,2904.52,0.75,traffic sign,True,True,772.9,mtsd-p12
SAM 3.1,traffic sign,grp8_06980edd-front.jpg,E:\2. UM-Student\MSC Dissertation\Urban-Vision-Benchmark\Datasets\MTSD\Prepared\MTSD-Unaugmented\MTSD-YOLO\test\images\grp8_06980edd-front.jpg,3244.84,2394.81,3343.17,2495.71,0.7031,traffic sign,True,True,772.9,mtsd-p12
SAM 3.1,traffic sign,grp8_06980edd-front.jpg,E:\2. UM-Student\MSC Dissertation\Urban-Vision-Benchmark\Datasets\MTSD\Prepared\MTSD-Unaugmented\MTSD-YOLO\test\images\grp8_06980edd-front.jpg,1739.66,2471.71,1781.32,2517.28,0.3086,traffic sign,True,True,772.9,mtsd-p12
SAM 3.1,traffic sign,grp8_06980edd-front.jpg,E:\2. UM-Student\MSC Dissertation\Urban-Vision-Benchmark\Datasets\MTSD\Prepared\MTSD-Unaugmented\MTSD-YOLO\test\images\grp8_06980edd-front.jpg,2666.09,2537.7,2741.57,2615.92,0.625,traffic sign,True,True,772.9,mtsd-p12
SAM 3.1,traffic sign,grp8_06980edd-front.jpg,E:\2. UM-Student\MSC Dissertation\Urban-Vision-Benchmark\Datasets\MTSD\Prepared\MTSD-Unaugmented\MTSD-YOLO\test\images\grp8_06980edd-front.jpg,3718.59,2422.93,3774.77,2499.69,0.5625,traffic sign,True,True,772.9,mtsd-p12
SAM 3.1,traffic sign,grp8_06980edd-front.jpg,E:\2. UM-Student\MSC Dissertation\Urban-Vision-Benchmark\Datasets\MTSD\Prepared\MTSD-Unaugmented\MTSD-YOLO\test\images\grp8_06980edd-front.jpg,3278.56,2504.34,3364.06,2588.49,0.75,traffic sign,True,True,772.9,mtsd-p12
SAM 3.1,traffic sign,grp8_06980edd-front.jpg,E:\2. UM-Student\MSC Dissertation\Urban-Vision-Benchmark\Datasets\MTSD\Prepared\MTSD-Unaugmented\MTSD-YOLO\test\images\grp8_06980edd-front.jpg,2778.79,2513.13,2860.24,2595.58,0.8438,traffic sign,True,True,772.9,mtsd-p12
SAM 3.1,traffic sign,grp8_06980edd-front.jpg,E:\2. UM-Student\MSC Dissertation\Urban-Vision-Benchmark\Datasets\MTSD\Prepared\MTSD-Unaugmented\MTSD-YOLO\test\images\grp8_06980edd-front.jpg,1336.3,895.06,2605.01,2095.84,0.9414,traffic sign,True,True,772.9,mtsd-p12
SAM 3.1,traffic sign,grp8_06980edd-front.jpg,E:\2. UM-Student\MSC Dissertation\Urban-Vision-Benchmark\Datasets\MTSD\Prepared\MTSD-Unaugmented\MTSD-YOLO\test\images\grp8_06980edd-front.jpg,2335.73,2611.53,2378.43,2662.4,0.7852,traffic sign,True,True,772.9,mtsd-p12
SAM 3.1,traffic sign,grp8_06980edd-front.jpg,E:\2. UM-Student\MSC Dissertation\Urban-Vision-Benchmark\Datasets\MTSD\Prepared\MTSD-Unaugmented\MTSD-YOLO\test\images\grp8_06980edd-front.jpg,2821.59,2600.86,2853.03,2648.08,0.4043,traffic sign,True,True,772.9,mtsd-p12
SAM 3.1,traffic sign,grp8_06980edd-front.jpg,E:\2. UM-Student\MSC Dissertation\Urban-Vision-Benchmark\Datasets\MTSD\Prepared\MTSD-Unaugmented\MTSD-YOLO\test\images\grp8_06980edd-front.jpg,1375.87,2.18,2633.54,885.31,0.9336,traffic sign,True,True,772.9,mtsd-p12
SAM 3.1,traffic sign,grp8_0ce3445a-front.jpg,E:\2. UM-Student\MSC Dissertation\Urban-Vision-Benchmark\Datasets\MTSD\Prepared\MTSD-Unaugmented\MTSD-YOLO\test\images\grp8_0ce3445a-front.jpg,,,,,,<no detections>,False,True,170.2,mtsd-p12
SAM 3.1,traffic sign,grp8_0d18b07a-IMG_0224.JPG,E:\2. UM-Student\MSC Dissertation\Urban-Vision-Benchmark\Datasets\MTSD\Prepared\MTSD-Unaugmented\MTSD-YOLO\test\images\grp8_0d18b07a-IMG_0224.JPG,1273.01,1926.71,3998.87,2958.53,0.5547,traffic sign,True,True,232.8,mtsd-p12
SAM 3.1,traffic sign,grp8_1023d97f-front.jpg,E:\2. UM-Student\MSC Dissertation\Urban-Vision-Benchmark\Datasets\MTSD\Prepared\MTSD-Unaugmented\MTSD-YOLO\test\images\grp8_1023d97f-front.jpg,3791.76,2935.6,3838.65,3004.5,0.7891,traffic sign,True,True,604.5,mtsd-p12
SAM 3.1,traffic sign,grp8_1023d97f-front.jpg,E:\2. UM-Student\MSC Dissertation\Urban-Vision-Benchmark\Datasets\MTSD\Prepared\MTSD-Unaugmented\MTSD-YOLO\test\images\grp8_1023d97f-front.jpg,3765.87,2858.4,3825.09,2935.95,0.7734,traffic sign,True,True,604.5,mtsd-p12
SAM 3.1,traffic sign,grp8_1023d97f-front.jpg,E:\2. UM-Student\MSC Dissertation\Urban-Vision-Benchmark\Datasets\MTSD\Prepared\MTSD-Unaugmented\MTSD-YOLO\test\images\grp8_1023d97f-front.jpg,3025.21,2940.83,3095.02,3024.0,0.4766,traffic sign,True,True,604.5,mtsd-p12
SAM 3.1,traffic sign,grp8_1023d97f-front.jpg,E:\2. UM-Student\MSC Dissertation\Urban-Vision-Benchmark\Datasets\MTSD\Prepared\MTSD-Unaugmented\MTSD-YOLO\test\images\grp8_1023d97f-front.jpg,1175.47,911.35,2750.13,2411.56,0.9727,traffic sign,True,True,604.5,mtsd-p12
SAM 3.1,traffic sign,grp8_1023d97f-front.jpg,E:\2. UM-Student\MSC Dissertation\Urban-Vision-Benchmark\Datasets\MTSD\Prepared\MTSD-Unaugmented\MTSD-YOLO\test\images\grp8_1023d97f-front.jpg,2757.07,2909.21,2840.21,2996.54,0.8516,traffic sign,True,True,604.5,mtsd-p12
SAM 3.1,traffic sign,grp8_1023d97f-front.jpg,E:\2. UM-Student\MSC Dissertation\Urban-Vision-Benchmark\Datasets\MTSD\Prepared\MTSD-Unaugmented\MTSD-YOLO\test\images\grp8_1023d97f-front.jpg,1495.57,0.0,2651.68,915.09,0.9492,traffic sign,True,True,604.5,mtsd-p12
SAM 3.1,traffic sign,grp8_1023d97f-front.jpg,E:\2. UM-Student\MSC Dissertation\Urban-Vision-Benchmark\Datasets\MTSD\Prepared\MTSD-Unaugmented\MTSD-YOLO\test\images\grp8_1023d97f-front.jpg,3002.62,2829.05,3081.47,2929.62,0.4141,traffic sign,True,True,604.5,mtsd-p12
SAM 3.1,traffic sign,grp8_1023d97f-front.jpg,E:\2. UM-Student\MSC Dissertation\Urban-Vision-Benchmark\Datasets\MTSD\Prepared\MTSD-Unaugmented\MTSD-YOLO\test\images\grp8_1023d97f-front.jpg,3004.4,2829.92,3090.66,3020.53,0.4082,traffic sign,True,True,604.5,mtsd-p12
SAM 3.1,traffic sign,grp8_14aaa44c-IMG_0211.JPG,E:\2. UM-Student\MSC Dissertation\Urban-Vision-Benchmark\Datasets\MTSD\Prepared\MTSD-Unaugmented\MTSD-YOLO\test\images\grp8_14aaa44c-IMG_0211.JPG,1750.56,1048.75,3478.68,3075.85,0.8984,traffic sign,True,True,559.9,mtsd-p12
SAM 3.1,traffic sign,grp8_15b9a2f4-Back.jpg,E:\2. UM-Student\MSC Dissertation\Urban-Vision-Benchmark\Datasets\MTSD\Prepared\MTSD-Unaugmented\MTSD-YOLO\test\images\grp8_15b9a2f4-Back.jpg,1441.39,1913.25,1478.72,1945.98,0.3809,traffic sign,True,True,526.4,mtsd-p12
SAM 3.1,traffic sign,grp8_15b9a2f4-Back.jpg,E:\2. UM-Student\MSC Dissertation\Urban-Vision-Benchmark\Datasets\MTSD\Prepared\MTSD-Unaugmented\MTSD-YOLO\test\images\grp8_15b9a2f4-Back.jpg,1794.51,1877.6,1821.57,1907.57,0.5,traffic sign,True,True,526.4,mtsd-p12
SAM 3.1,traffic sign,grp8_15b9a2f4-Back.jpg,E:\2. UM-Student\MSC Dissertation\Urban-Vision-Benchmark\Datasets\MTSD\Prepared\MTSD-Unaugmented\MTSD-YOLO\test\images\grp8_15b9a2f4-Back.jpg,1753.84,1964.6,1774.04,1991.82,0.3086,traffic sign,True,True,526.4,mtsd-p12
SAM 3.1,traffic sign,grp8_15b9a2f4-Back.jpg,E:\2. UM-Student\MSC Dissertation\Urban-Vision-Benchmark\Datasets\MTSD\Prepared\MTSD-Unaugmented\MTSD-YOLO\test\images\grp8_15b9a2f4-Back.jpg,1756.62,1896.34,1776.21,1927.33,0.6289,traffic sign,True,True,526.4,mtsd-p12
SAM 3.1,traffic sign,grp8_15b9a2f4-Back.jpg,E:\2. UM-Student\MSC Dissertation\Urban-Vision-Benchmark\Datasets\MTSD\Prepared\MTSD-Unaugmented\MTSD-YOLO\test\images\grp8_15b9a2f4-Back.jpg,1699.9,1901.72,1716.01,1934.19,0.4766,traffic sign,True,True,526.4,mtsd-p12
SAM 3.1,traffic sign,grp8_15b9a2f4-Back.jpg,E:\2. UM-Student\MSC Dissertation\Urban-Vision-Benchmark\Datasets\MTSD\Prepared\MTSD-Unaugmented\MTSD-YOLO\test\images\grp8_15b9a2f4-Back.jpg,776.69,1987.48,851.54,2040.03,0.5938,traffic sign,True,True,526.4,mtsd-p12
SAM 3.1,traffic sign,grp8_15b9a2f4-Back.jpg,E:\2. UM-Student\MSC Dissertation\Urban-Vision-Benchmark\Datasets\MTSD\Prepared\MTSD-Unaugmented\MTSD-YOLO\test\images\grp8_15b9a2f4-Back.jpg,560.6,588.45,1730.96,4096.0,0.4082,traffic sign,True,True,526.4,mtsd-p12
SAM 3.1,traffic sign,grp8_15b9a2f4-Back.jpg,E:\2. UM-Student\MSC Dissertation\Urban-Vision-Benchmark\Datasets\MTSD\Prepared\MTSD-Unaugmented\MTSD-YOLO\test\images\grp8_15b9a2f4-Back.jpg,561.74,664.3,1725.54,1875.35,0.8438,traffic sign,True,True,526.4,mtsd-p12
SAM 3.1,traffic sign,grp8_1b5dcc93-back.jpg,E:\2. UM-Student\MSC Dissertation\Urban-Vision-Benchmark\Datasets\MTSD\Prepared\MTSD-Unaugmented\MTSD-YOLO\test\images\grp8_1b5dcc93-back.jpg,1690.45,3182.77,1716.09,3209.76,0.5352,traffic sign,True,True,225.9,mtsd-p12
SAM 3.1,traffic sign,grp8_1b5dcc93-back.jpg,E:\2. UM-Student\MSC Dissertation\Urban-Vision-Benchmark\Datasets\MTSD\Prepared\MTSD-Unaugmented\MTSD-YOLO\test\images\grp8_1b5dcc93-back.jpg,575.54,810.87,1673.08,4096.0,0.4727,traffic sign,True,True,225.9,mtsd-p12
SAM 3.1,traffic sign,grp8_1b5dcc93-back.jpg,E:\2. UM-Student\MSC Dissertation\Urban-Vision-Benchmark\Datasets\MTSD\Prepared\MTSD-Unaugmented\MTSD-YOLO\test\images\grp8_1b5dcc93-back.jpg,573.1,1684.74,1536.35,2579.5,0.8125,traffic sign,True,True,225.9,mtsd-p12
SAM 3.1,traffic sign,grp8_1b5dcc93-back.jpg,E:\2. UM-Student\MSC Dissertation\Urban-Vision-Benchmark\Datasets\MTSD\Prepared\MTSD-Unaugmented\MTSD-YOLO\test\images\grp8_1b5dcc93-back.jpg,688.82,2820.75,1434.35,3128.75,0.7461,traffic sign,True,True,225.9,mtsd-p12
SAM 3.1,traffic sign,grp8_1b5dcc93-back.jpg,E:\2. UM-Student\MSC Dissertation\Urban-Vision-Benchmark\Datasets\MTSD\Prepared\MTSD-Unaugmented\MTSD-YOLO\test\images\grp8_1b5dcc93-back.jpg,576.53,818.38,1675.75,1661.73,0.8242,traffic sign,True,True,225.9,mtsd-p12
SAM 3.1,traffic sign,grp8_1b5dcc93-back.jpg,E:\2. UM-Student\MSC Dissertation\Urban-Vision-Benchmark\Datasets\MTSD\Prepared\MTSD-Unaugmented\MTSD-YOLO\test\images\grp8_1b5dcc93-back.jpg,2253.24,3171.76,2275.48,3197.72,0.3184,traffic sign,True,True,225.9,mtsd-p12
SAM 3.1,traffic sign,grp8_1e3225cd-IMG_0085.jpg,E:\2. UM-Student\MSC Dissertation\Urban-Vision-Benchmark\Datasets\MTSD\Prepared\MTSD-Unaugmented\MTSD-YOLO\test\images\grp8_1e3225cd-IMG_0085.jpg,1276.8,918.34,2246.71,2797.68,0.9023,traffic sign,True,True,243.2,mtsd-p12
SAM 3.1,traffic sign,grp8_1e3225cd-IMG_0085.jpg,E:\2. UM-Student\MSC Dissertation\Urban-Vision-Benchmark\Datasets\MTSD\Prepared\MTSD-Unaugmented\MTSD-YOLO\test\images\grp8_1e3225cd-IMG_0085.jpg,1280.03,915.37,2117.15,5712.0,0.3047,traffic sign,True,True,243.2,mtsd-p12
SAM 3.1,traffic sign,grp8_244bea95-back.jpg,E:\2. UM-Student\MSC Dissertation\Urban-Vision-Benchmark\Datasets\MTSD\Prepared\MTSD-Unaugmented\MTSD-YOLO\test\images\grp8_244bea95-back.jpg,1666.05,727.4,2693.66,1789.19,0.4688,traffic sign,True,True,193.5,mtsd-p12
SAM 3.1,traffic sign,grp8_2aed70e2-front.jpg,E:\2. UM-Student\MSC Dissertation\Urban-Vision-Benchmark\Datasets\MTSD\Prepared\MTSD-Unaugmented\MTSD-YOLO\test\images\grp8_2aed70e2-front.jpg,13.43,2272.82,1871.84,3057.77,0.8242,traffic sign,True,True,194.3,mtsd-p12
SAM 3.1,traffic sign,grp8_2aed70e2-front.jpg,E:\2. UM-Student\MSC Dissertation\Urban-Vision-Benchmark\Datasets\MTSD\Prepared\MTSD-Unaugmented\MTSD-YOLO\test\images\grp8_2aed70e2-front.jpg,395.56,826.03,1856.52,1885.05,0.8711,traffic sign,True,True,194.3,mtsd-p12
SAM 3.1,traffic sign,grp8_2d237c79-side.jpg,E:\2. UM-Student\MSC Dissertation\Urban-Vision-Benchmark\Datasets\MTSD\Prepared\MTSD-Unaugmented\MTSD-YOLO\test\images\grp8_2d237c79-side.jpg,3027.38,2071.34,3261.48,3024.0,0.4375,traffic sign,True,True,470.4,mtsd-p12
SAM 3.1,traffic sign,grp8_2d237c79-side.jpg,E:\2. UM-Student\MSC Dissertation\Urban-Vision-Benchmark\Datasets\MTSD\Prepared\MTSD-Unaugmented\MTSD-YOLO\test\images\grp8_2d237c79-side.jpg,3040.18,2074.17,3244.45,2726.76,0.5586,traffic sign,True,True,470.4,mtsd-p12
SAM 3.1,traffic sign,grp8_2d237c79-side.jpg,E:\2. UM-Student\MSC Dissertation\Urban-Vision-Benchmark\Datasets\MTSD\Prepared\MTSD-Unaugmented\MTSD-YOLO\test\images\grp8_2d237c79-side.jpg,1822.21,2036.28,2502.25,2444.91,0.7383,traffic sign,True,True,470.4,mtsd-p12
SAM 3.1,traffic sign,grp8_2d237c79-side.jpg,E:\2. UM-Student\MSC Dissertation\Urban-Vision-Benchmark\Datasets\MTSD\Prepared\MTSD-Unaugmented\MTSD-YOLO\test\images\grp8_2d237c79-side.jpg,1890.24,957.09,2257.39,3018.55,0.334,traffic sign,True,True,470.4,mtsd-p12
SAM 3.1,traffic sign,grp8_2d237c79-side.jpg,E:\2. UM-Student\MSC Dissertation\Urban-Vision-Benchmark\Datasets\MTSD\Prepared\MTSD-Unaugmented\MTSD-YOLO\test\images\grp8_2d237c79-side.jpg,1903.03,956.14,2134.42,1846.88,0.8398,traffic sign,True,True,470.4,mtsd-p12
SAM 3.1,traffic sign,grp8_2d73c181-back.jpg,E:\2. UM-Student\MSC Dissertation\Urban-Vision-Benchmark\Datasets\MTSD\Prepared\MTSD-Unaugmented\MTSD-YOLO\test\images\grp8_2d73c181-back.jpg,1455.83,829.67,2380.85,1835.48,0.4062,traffic sign,True,True,176.9,mtsd-p12
SAM 3.1,traffic sign,grp8_2e0ed656-front.jpg,E:\2. UM-Student\MSC Dissertation\Urban-Vision-Benchmark\Datasets\MTSD\Prepared\MTSD-Unaugmented\MTSD-YOLO\test\images\grp8_2e0ed656-front.jpg,1217.02,1949.17,2554.9,3024.0,0.7422,traffic sign,True,True,186.3,mtsd-p12
SAM 3.1,traffic sign,grp8_2e0ed656-front.jpg,E:\2. UM-Student\MSC Dissertation\Urban-Vision-Benchmark\Datasets\MTSD\Prepared\MTSD-Unaugmented\MTSD-YOLO\test\images\grp8_2e0ed656-front.jpg,1305.94,852.67,2670.92,2065.27,0.8555,traffic sign,True,True,186.3,mtsd-p12
SAM 3.1,traffic sign,grp8_3799bcb2-side.jpg,E:\2. UM-Student\MSC Dissertation\Urban-Vision-Benchmark\Datasets\MTSD\Prepared\MTSD-Unaugmented\MTSD-YOLO\test\images\grp8_3799bcb2-side.jpg,119.74,2858.2,231.73,3008.59,0.8828,traffic sign,True,True,508.8,mtsd-p12
SAM 3.1,traffic sign,grp8_3799bcb2-side.jpg,E:\2. UM-Student\MSC Dissertation\Urban-Vision-Benchmark\Datasets\MTSD\Prepared\MTSD-Unaugmented\MTSD-YOLO\test\images\grp8_3799bcb2-side.jpg,1125.3,2563.16,1405.49,2777.07,0.8984,traffic sign,True,True,508.8,mtsd-p12
SAM 3.1,traffic sign,grp8_3799bcb2-side.jpg,E:\2. UM-Student\MSC Dissertation\Urban-Vision-Benchmark\Datasets\MTSD\Prepared\MTSD-Unaugmented\MTSD-YOLO\test\images\grp8_3799bcb2-side.jpg,676.09,1350.18,1170.24,2347.14,0.9453,traffic sign,True,True,508.8,mtsd-p12
SAM 3.1,traffic sign,grp8_3799bcb2-side.jpg,E:\2. UM-Student\MSC Dissertation\Urban-Vision-Benchmark\Datasets\MTSD\Prepared\MTSD-Unaugmented\MTSD-YOLO\test\images\grp8_3799bcb2-side.jpg,203.16,3051.67,236.78,3154.74,0.6719,traffic sign,True,True,508.8,mtsd-p12
SAM 3.1,traffic sign,grp8_3799bcb2-side.jpg,E:\2. UM-Student\MSC Dissertation\Urban-Vision-Benchmark\Datasets\MTSD\Prepared\MTSD-Unaugmented\MTSD-YOLO\test\images\grp8_3799bcb2-side.jpg,1072.36,3086.56,1157.66,3176.95,0.3789,traffic sign,True,True,508.8,mtsd-p12
SAM 3.1,traffic sign,grp8_3ab29317-front.jpg,E:\2. UM-Student\MSC Dissertation\Urban-Vision-Benchmark\Datasets\MTSD\Prepared\MTSD-Unaugmented\MTSD-YOLO\test\images\grp8_3ab29317-front.jpg,657.18,1355.39,1672.84,2434.69,0.832,traffic sign,True,True,175.0,mtsd-p12
SAM 3.1,traffic sign,grp8_3ab29317-front.jpg,E:\2. UM-Student\MSC Dissertation\Urban-Vision-Benchmark\Datasets\MTSD\Prepared\MTSD-Unaugmented\MTSD-YOLO\test\images\grp8_3ab29317-front.jpg,653.45,1349.24,1673.25,4096.0,0.4473,traffic sign,True,True,175.0,mtsd-p12
SAM 3.1,traffic sign,grp8_3b4e798b-front.jpg,E:\2. UM-Student\MSC Dissertation\Urban-Vision-Benchmark\Datasets\MTSD\Prepared\MTSD-Unaugmented\MTSD-YOLO\test\images\grp8_3b4e798b-front.jpg,1835.01,3519.28,1907.37,3603.9,0.8398,traffic sign,True,True,250.5,mtsd-p12
SAM 3.1,traffic sign,grp8_3b4e798b-front.jpg,E:\2. UM-Student\MSC Dissertation\Urban-Vision-Benchmark\Datasets\MTSD\Prepared\MTSD-Unaugmented\MTSD-YOLO\test\images\grp8_3b4e798b-front.jpg,371.63,3442.74,474.08,3559.34,0.5977,traffic sign,True,True,250.5,mtsd-p12
SAM 3.1,traffic sign,grp8_3b4e798b-front.jpg,E:\2. UM-Student\MSC Dissertation\Urban-Vision-Benchmark\Datasets\MTSD\Prepared\MTSD-Unaugmented\MTSD-YOLO\test\images\grp8_3b4e798b-front.jpg,1857.48,3624.17,1884.1,3711.98,0.5859,traffic sign,True,True,250.5,mtsd-p12
SAM 3.1,traffic sign,grp8_3b4e798b-front.jpg,E:\2. UM-Student\MSC Dissertation\Urban-Vision-Benchmark\Datasets\MTSD\Prepared\MTSD-Unaugmented\MTSD-YOLO\test\images\grp8_3b4e798b-front.jpg,584.4,3607.55,661.35,3688.88,0.5547,traffic sign,True,True,250.5,mtsd-p12
SAM 3.1,traffic sign,grp8_3b4e798b-front.jpg,E:\2. UM-Student\MSC Dissertation\Urban-Vision-Benchmark\Datasets\MTSD\Prepared\MTSD-Unaugmented\MTSD-YOLO\test\images\grp8_3b4e798b-front.jpg,998.1,1708.89,1793.87,2580.08,0.9336,traffic sign,True,True,250.5,mtsd-p12
SAM 3.1,traffic sign,grp8_3e16c892-IMG_0188.JPG,E:\2. UM-Student\MSC Dissertation\Urban-Vision-Benchmark\Datasets\MTSD\Prepared\MTSD-Unaugmented\MTSD-YOLO\test\images\grp8_3e16c892-IMG_0188.JPG,,,,,,<no detections>,False,True,206.1,mtsd-p12
SAM 3.1,traffic sign,grp8_41de0558-Side.jpg,E:\2. UM-Student\MSC Dissertation\Urban-Vision-Benchmark\Datasets\MTSD\Prepared\MTSD-Unaugmented\MTSD-YOLO\test\images\grp8_41de0558-Side.jpg,,,,,,<no detections>,False,True,147.2,mtsd-p12
SAM 3.1,traffic sign,grp8_4682619f-back.jpg,E:\2. UM-Student\MSC Dissertation\Urban-Vision-Benchmark\Datasets\MTSD\Prepared\MTSD-Unaugmented\MTSD-YOLO\test\images\grp8_4682619f-back.jpg,2213.17,2798.01,2278.98,2873.75,0.6797,traffic sign,True,True,861.2,mtsd-p12
SAM 3.1,traffic sign,grp8_4682619f-back.jpg,E:\2. UM-Student\MSC Dissertation\Urban-Vision-Benchmark\Datasets\MTSD\Prepared\MTSD-Unaugmented\MTSD-YOLO\test\images\grp8_4682619f-back.jpg,3137.6,2841.61,3170.42,2880.52,0.3223,traffic sign,True,True,861.2,mtsd-p12
SAM 3.1,traffic sign,grp8_4682619f-back.jpg,E:\2. UM-Student\MSC Dissertation\Urban-Vision-Benchmark\Datasets\MTSD\Prepared\MTSD-Unaugmented\MTSD-YOLO\test\images\grp8_4682619f-back.jpg,3135.02,2870.6,3188.21,2966.08,0.4629,traffic sign,True,True,861.2,mtsd-p12
SAM 3.1,traffic sign,grp8_4682619f-back.jpg,E:\2. UM-Student\MSC Dissertation\Urban-Vision-Benchmark\Datasets\MTSD\Prepared\MTSD-Unaugmented\MTSD-YOLO\test\images\grp8_4682619f-back.jpg,1435.56,754.23,2662.9,1846.78,0.7305,traffic sign,True,True,861.2,mtsd-p12
SAM 3.1,traffic sign,grp8_4682619f-back.jpg,E:\2. UM-Student\MSC Dissertation\Urban-Vision-Benchmark\Datasets\MTSD\Prepared\MTSD-Unaugmented\MTSD-YOLO\test\images\grp8_4682619f-back.jpg,1078.29,2912.38,1110.09,3021.17,0.3223,traffic sign,True,True,861.2,mtsd-p12
SAM 3.1,traffic sign,grp8_4682619f-back.jpg,E:\2. UM-Student\MSC Dissertation\Urban-Vision-Benchmark\Datasets\MTSD\Prepared\MTSD-Unaugmented\MTSD-YOLO\test\images\grp8_4682619f-back.jpg,1785.62,560.25,1942.68,799.44,0.3047,traffic sign,True,True,861.2,mtsd-p12
SAM 3.1,traffic sign,grp8_4682619f-back.jpg,E:\2. UM-Student\MSC Dissertation\Urban-Vision-Benchmark\Datasets\MTSD\Prepared\MTSD-Unaugmented\MTSD-YOLO\test\images\grp8_4682619f-back.jpg,2122.77,2865.77,2171.1,2929.34,0.6484,traffic sign,True,True,861.2,mtsd-p12
SAM 3.1,traffic sign,grp8_4682619f-back.jpg,E:\2. UM-Student\MSC Dissertation\Urban-Vision-Benchmark\Datasets\MTSD\Prepared\MTSD-Unaugmented\MTSD-YOLO\test\images\grp8_4682619f-back.jpg,2221.89,2886.23,2278.78,2952.74,0.6602,traffic sign,True,True,861.2,mtsd-p12
SAM 3.1,traffic sign,grp8_4682619f-back.jpg,E:\2. UM-Student\MSC Dissertation\Urban-Vision-Benchmark\Datasets\MTSD\Prepared\MTSD-Unaugmented\MTSD-YOLO\test\images\grp8_4682619f-back.jpg,1754.38,59.92,2269.63,554.87,0.4434,traffic sign,True,True,861.2,mtsd-p12
SAM 3.1,traffic sign,grp8_4682619f-back.jpg,E:\2. UM-Student\MSC Dissertation\Urban-Vision-Benchmark\Datasets\MTSD\Prepared\MTSD-Unaugmented\MTSD-YOLO\test\images\grp8_4682619f-back.jpg,2928.35,2890.92,3017.53,2979.48,0.7227,traffic sign,True,True,861.2,mtsd-p12
SAM 3.1,traffic sign,grp8_4682619f-back.jpg,E:\2. UM-Student\MSC Dissertation\Urban-Vision-Benchmark\Datasets\MTSD\Prepared\MTSD-Unaugmented\MTSD-YOLO\test\images\grp8_4682619f-back.jpg,2905.98,2777.59,3012.91,2880.82,0.707,traffic sign,True,True,861.2,mtsd-p12
SAM 3.1,traffic sign,grp8_4802289d-side.jpg,E:\2. UM-Student\MSC Dissertation\Urban-Vision-Benchmark\Datasets\MTSD\Prepared\MTSD-Unaugmented\MTSD-YOLO\test\images\grp8_4802289d-side.jpg,2970.22,3154.56,3000.0,3274.12,0.3379,traffic sign,True,True,229.3,mtsd-p12
SAM 3.1,traffic sign,grp8_4802289d-side.jpg,E:\2. UM-Student\MSC Dissertation\Urban-Vision-Benchmark\Datasets\MTSD\Prepared\MTSD-Unaugmented\MTSD-YOLO\test\images\grp8_4802289d-side.jpg,1322.14,1388.38,1651.62,2584.01,0.8828,traffic sign,True,True,229.3,mtsd-p12
SAM 3.1,traffic sign,grp8_4c496fb4-side.jpg,E:\2. UM-Student\MSC Dissertation\Urban-Vision-Benchmark\Datasets\MTSD\Prepared\MTSD-Unaugmented\MTSD-YOLO\test\images\grp8_4c496fb4-side.jpg,728.61,1273.31,973.03,2295.04,0.9219,traffic sign,True,True,192.5,mtsd-p12
SAM 3.1,traffic sign,grp8_4fe75feb-IMG_0243.JPG,E:\2. UM-Student\MSC Dissertation\Urban-Vision-Benchmark\Datasets\MTSD\Prepared\MTSD-Unaugmented\MTSD-YOLO\test\images\grp8_4fe75feb-IMG_0243.JPG,4919.13,3792.06,5189.13,4068.27,0.8711,traffic sign,True,True,1071.3,mtsd-p12
SAM 3.1,traffic sign,grp8_4fe75feb-IMG_0243.JPG,E:\2. UM-Student\MSC Dissertation\Urban-Vision-Benchmark\Datasets\MTSD\Prepared\MTSD-Unaugmented\MTSD-YOLO\test\images\grp8_4fe75feb-IMG_0243.JPG,877.42,776.35,3462.62,3343.44,0.5469,traffic sign,True,True,1071.3,mtsd-p12
SAM 3.1,traffic sign,grp8_4fe75feb-IMG_0243.JPG,E:\2. UM-Student\MSC Dissertation\Urban-Vision-Benchmark\Datasets\MTSD\Prepared\MTSD-Unaugmented\MTSD-YOLO\test\images\grp8_4fe75feb-IMG_0243.JPG,5202.33,3858.58,5435.7,4085.6,0.8672,traffic sign,True,True,1071.3,mtsd-p12
SAM 3.1,traffic sign,grp8_4fe75feb-IMG_0243.JPG,E:\2. UM-Student\MSC Dissertation\Urban-Vision-Benchmark\Datasets\MTSD\Prepared\MTSD-Unaugmented\MTSD-YOLO\test\images\grp8_4fe75feb-IMG_0243.JPG,5381.93,118.88,5440.52,174.96,0.6094,traffic sign,True,True,1071.3,mtsd-p12
SAM 3.1,traffic sign,grp8_4fe75feb-IMG_0243.JPG,E:\2. UM-Student\MSC Dissertation\Urban-Vision-Benchmark\Datasets\MTSD\Prepared\MTSD-Unaugmented\MTSD-YOLO\test\images\grp8_4fe75feb-IMG_0243.JPG,4621.95,4220.65,4874.96,4284.0,0.3086,traffic sign,True,True,1071.3,mtsd-p12
SAM 3.1,traffic sign,grp8_4fe75feb-IMG_0243.JPG,E:\2. UM-Student\MSC Dissertation\Urban-Vision-Benchmark\Datasets\MTSD\Prepared\MTSD-Unaugmented\MTSD-YOLO\test\images\grp8_4fe75feb-IMG_0243.JPG,877.13,770.85,5712.0,3349.38,0.4727,traffic sign,True,True,1071.3,mtsd-p12
SAM 3.1,traffic sign,grp8_5043579c-side.jpg,E:\2. UM-Student\MSC Dissertation\Urban-Vision-Benchmark\Datasets\MTSD\Prepared\MTSD-Unaugmented\MTSD-YOLO\test\images\grp8_5043579c-side.jpg,1387.76,843.84,1925.98,2386.35,0.8477,traffic sign,True,True,172.6,mtsd-p12
SAM 3.1,traffic sign,grp8_555bcf3a-front.jpg,E:\2. UM-Student\MSC Dissertation\Urban-Vision-Benchmark\Datasets\MTSD\Prepared\MTSD-Unaugmented\MTSD-YOLO\test\images\grp8_555bcf3a-front.jpg,,,,,,<no detections>,False,True,149.6,mtsd-p12
SAM 3.1,traffic sign,grp8_562e48f6-front.jpg,E:\2. UM-Student\MSC Dissertation\Urban-Vision-Benchmark\Datasets\MTSD\Prepared\MTSD-Unaugmented\MTSD-YOLO\test\images\grp8_562e48f6-front.jpg,1347.73,1689.47,2626.84,2789.2,0.8516,traffic sign,True,True,195.5,mtsd-p12
SAM 3.1,traffic sign,grp8_562e48f6-front.jpg,E:\2. UM-Student\MSC Dissertation\Urban-Vision-Benchmark\Datasets\MTSD\Prepared\MTSD-Unaugmented\MTSD-YOLO\test\images\grp8_562e48f6-front.jpg,1430.27,937.28,2560.36,1686.15,0.8945,traffic sign,True,True,195.5,mtsd-p12
SAM 3.1,traffic sign,grp8_58176912-front.jpg,E:\2. UM-Student\MSC Dissertation\Urban-Vision-Benchmark\Datasets\MTSD\Prepared\MTSD-Unaugmented\MTSD-YOLO\test\images\grp8_58176912-front.jpg,1612.29,735.82,2615.79,1798.13,0.3262,traffic sign,True,True,164.7,mtsd-p12
SAM 3.1,traffic sign,grp8_58176912-front.jpg,E:\2. UM-Student\MSC Dissertation\Urban-Vision-Benchmark\Datasets\MTSD\Prepared\MTSD-Unaugmented\MTSD-YOLO\test\images\grp8_58176912-front.jpg,2317.28,1264.4,2351.97,1295.71,0.373,traffic sign,True,True,164.7,mtsd-p12
SAM 3.1,traffic sign,grp8_58621eda-IMG_0203.JPG,E:\2. UM-Student\MSC Dissertation\Urban-Vision-Benchmark\Datasets\MTSD\Prepared\MTSD-Unaugmented\MTSD-YOLO\test\images\grp8_58621eda-IMG_0203.JPG,1438.91,1162.93,3767.39,2765.8,0.75,traffic sign,True,True,294.2,mtsd-p12
SAM 3.1,traffic sign,grp8_59dbbf2e-side.jpg,E:\2. UM-Student\MSC Dissertation\Urban-Vision-Benchmark\Datasets\MTSD\Prepared\MTSD-Unaugmented\MTSD-YOLO\test\images\grp8_59dbbf2e-side.jpg,1823.03,1133.16,2153.24,3024.0,0.3105,traffic sign,True,True,252.3,mtsd-p12
SAM 3.1,traffic sign,grp8_59dbbf2e-side.jpg,E:\2. UM-Student\MSC Dissertation\Urban-Vision-Benchmark\Datasets\MTSD\Prepared\MTSD-Unaugmented\MTSD-YOLO\test\images\grp8_59dbbf2e-side.jpg,1822.01,1137.9,2104.26,1884.4,0.4707,traffic sign,True,True,252.3,mtsd-p12
SAM 3.1,traffic sign,grp8_59dbbf2e-side.jpg,E:\2. UM-Student\MSC Dissertation\Urban-Vision-Benchmark\Datasets\MTSD\Prepared\MTSD-Unaugmented\MTSD-YOLO\test\images\grp8_59dbbf2e-side.jpg,493.46,2480.75,682.73,3024.0,0.4277,traffic sign,True,True,252.3,mtsd-p12
SAM 3.1,traffic sign,grp8_59dbbf2e-side.jpg,E:\2. UM-Student\MSC Dissertation\Urban-Vision-Benchmark\Datasets\MTSD\Prepared\MTSD-Unaugmented\MTSD-YOLO\test\images\grp8_59dbbf2e-side.jpg,525.7,2484.93,679.38,2682.8,0.7617,traffic sign,True,True,252.3,mtsd-p12
SAM 3.1,traffic sign,grp8_59dbbf2e-side.jpg,E:\2. UM-Student\MSC Dissertation\Urban-Vision-Benchmark\Datasets\MTSD\Prepared\MTSD-Unaugmented\MTSD-YOLO\test\images\grp8_59dbbf2e-side.jpg,530.56,2680.02,603.62,2782.56,0.5469,traffic sign,True,True,252.3,mtsd-p12
SAM 3.1,traffic sign,grp8_5abf970a-side.jpg,E:\2. UM-Student\MSC Dissertation\Urban-Vision-Benchmark\Datasets\MTSD\Prepared\MTSD-Unaugmented\MTSD-YOLO\test\images\grp8_5abf970a-side.jpg,1873.62,724.55,2261.22,2090.62,0.8867,traffic sign,True,True,195.9,mtsd-p12
SAM 3.1,traffic sign,grp8_5f257ae9-IMG_0112.jpg,E:\2. UM-Student\MSC Dissertation\Urban-Vision-Benchmark\Datasets\MTSD\Prepared\MTSD-Unaugmented\MTSD-YOLO\test\images\grp8_5f257ae9-IMG_0112.jpg,1203.4,1150.54,3842.21,3902.28,0.707,traffic sign,True,True,295.4,mtsd-p12
SAM 3.1,traffic sign,grp8_646a4174-side.jpg,E:\2. UM-Student\MSC Dissertation\Urban-Vision-Benchmark\Datasets\MTSD\Prepared\MTSD-Unaugmented\MTSD-YOLO\test\images\grp8_646a4174-side.jpg,909.84,978.33,1810.66,2827.92,0.8125,traffic sign,True,True,190.7,mtsd-p12
SAM 3.1,traffic sign,grp8_646a4174-side.jpg,E:\2. UM-Student\MSC Dissertation\Urban-Vision-Benchmark\Datasets\MTSD\Prepared\MTSD-Unaugmented\MTSD-YOLO\test\images\grp8_646a4174-side.jpg,994.06,860.24,1781.39,2316.87,0.7891,traffic sign,True,True,190.7,mtsd-p12
SAM 3.1,traffic sign,grp8_6b72502b-back.jpg,E:\2. UM-Student\MSC Dissertation\Urban-Vision-Benchmark\Datasets\MTSD\Prepared\MTSD-Unaugmented\MTSD-YOLO\test\images\grp8_6b72502b-back.jpg,506.28,871.27,1844.54,4096.0,0.3262,traffic sign,True,True,157.7,mtsd-p12
SAM 3.1,traffic sign,grp8_6b72502b-back.jpg,E:\2. UM-Student\MSC Dissertation\Urban-Vision-Benchmark\Datasets\MTSD\Prepared\MTSD-Unaugmented\MTSD-YOLO\test\images\grp8_6b72502b-back.jpg,511.72,863.38,1842.66,2260.59,0.4199,traffic sign,True,True,157.7,mtsd-p12
SAM 3.1,traffic sign,grp8_70a9ea7f-side.jpg,E:\2. UM-Student\MSC Dissertation\Urban-Vision-Benchmark\Datasets\MTSD\Prepared\MTSD-Unaugmented\MTSD-YOLO\test\images\grp8_70a9ea7f-side.jpg,99.35,3699.13,303.04,3932.7,0.9141,traffic sign,True,True,176.0,mtsd-p12
SAM 3.1,traffic sign,grp8_70a9ea7f-side.jpg,E:\2. UM-Student\MSC Dissertation\Urban-Vision-Benchmark\Datasets\MTSD\Prepared\MTSD-Unaugmented\MTSD-YOLO\test\images\grp8_70a9ea7f-side.jpg,982.0,517.11,1668.49,1548.75,0.9453,traffic sign,True,True,176.0,mtsd-p12
SAM 3.1,traffic sign,grp8_73e17aa1-back.jpg,E:\2. UM-Student\MSC Dissertation\Urban-Vision-Benchmark\Datasets\MTSD\Prepared\MTSD-Unaugmented\MTSD-YOLO\test\images\grp8_73e17aa1-back.jpg,,,,,,<no detections>,False,True,150.7,mtsd-p12
SAM 3.1,traffic sign,grp8_74a729c2-IMG_0138.jpg,E:\2. UM-Student\MSC Dissertation\Urban-Vision-Benchmark\Datasets\MTSD\Prepared\MTSD-Unaugmented\MTSD-YOLO\test\images\grp8_74a729c2-IMG_0138.jpg,916.47,5199.45,1077.23,5325.56,0.5586,traffic sign,True,True,281.9,mtsd-p12
SAM 3.1,traffic sign,grp8_74a729c2-IMG_0138.jpg,E:\2. UM-Student\MSC Dissertation\Urban-Vision-Benchmark\Datasets\MTSD\Prepared\MTSD-Unaugmented\MTSD-YOLO\test\images\grp8_74a729c2-IMG_0138.jpg,1160.73,2641.48,3421.08,4906.48,0.793,traffic sign,True,True,281.9,mtsd-p12
SAM 3.1,traffic sign,grp8_74a729c2-IMG_0138.jpg,E:\2. UM-Student\MSC Dissertation\Urban-Vision-Benchmark\Datasets\MTSD\Prepared\MTSD-Unaugmented\MTSD-YOLO\test\images\grp8_74a729c2-IMG_0138.jpg,1161.68,877.45,3333.5,5712.0,0.3242,traffic sign,True,True,281.9,mtsd-p12
SAM 3.1,traffic sign,grp8_74a729c2-IMG_0138.jpg,E:\2. UM-Student\MSC Dissertation\Urban-Vision-Benchmark\Datasets\MTSD\Prepared\MTSD-Unaugmented\MTSD-YOLO\test\images\grp8_74a729c2-IMG_0138.jpg,1165.53,864.47,3221.07,2663.93,0.7891,traffic sign,True,True,281.9,mtsd-p12
SAM 3.1,traffic sign,grp8_74a729c2-IMG_0138.jpg,E:\2. UM-Student\MSC Dissertation\Urban-Vision-Benchmark\Datasets\MTSD\Prepared\MTSD-Unaugmented\MTSD-YOLO\test\images\grp8_74a729c2-IMG_0138.jpg,910.83,5192.15,1080.97,5712.0,0.3242,traffic sign,True,True,281.9,mtsd-p12
SAM 3.1,traffic sign,grp8_77233a9d-IMG_0190_Blurred.JPG,E:\2. UM-Student\MSC Dissertation\Urban-Vision-Benchmark\Datasets\MTSD\Prepared\MTSD-Unaugmented\MTSD-YOLO\test\images\grp8_77233a9d-IMG_0190_Blurred.JPG,583.45,4612.17,708.4,4689.04,0.75,traffic sign,True,True,1127.2,mtsd-p12
SAM 3.1,traffic sign,grp8_77233a9d-IMG_0190_Blurred.JPG,E:\2. UM-Student\MSC Dissertation\Urban-Vision-Benchmark\Datasets\MTSD\Prepared\MTSD-Unaugmented\MTSD-YOLO\test\images\grp8_77233a9d-IMG_0190_Blurred.JPG,1504.13,4204.76,1563.03,4372.37,0.4785,traffic sign,True,True,1127.2,mtsd-p12
SAM 3.1,traffic sign,grp8_77233a9d-IMG_0190_Blurred.JPG,E:\2. UM-Student\MSC Dissertation\Urban-Vision-Benchmark\Datasets\MTSD\Prepared\MTSD-Unaugmented\MTSD-YOLO\test\images\grp8_77233a9d-IMG_0190_Blurred.JPG,398.52,4707.47,491.86,4785.26,0.4453,traffic sign,True,True,1127.2,mtsd-p12
SAM 3.1,traffic sign,grp8_77233a9d-IMG_0190_Blurred.JPG,E:\2. UM-Student\MSC Dissertation\Urban-Vision-Benchmark\Datasets\MTSD\Prepared\MTSD-Unaugmented\MTSD-YOLO\test\images\grp8_77233a9d-IMG_0190_Blurred.JPG,3916.01,4699.06,3993.82,4800.08,0.8008,traffic sign,True,True,1127.2,mtsd-p12
SAM 3.1,traffic sign,grp8_77233a9d-IMG_0190_Blurred.JPG,E:\2. UM-Student\MSC Dissertation\Urban-Vision-Benchmark\Datasets\MTSD\Prepared\MTSD-Unaugmented\MTSD-YOLO\test\images\grp8_77233a9d-IMG_0190_Blurred.JPG,774.48,4698.07,928.16,4763.46,0.6875,traffic sign,True,True,1127.2,mtsd-p12
SAM 3.1,traffic sign,grp8_77233a9d-IMG_0190_Blurred.JPG,E:\2. UM-Student\MSC Dissertation\Urban-Vision-Benchmark\Datasets\MTSD\Prepared\MTSD-Unaugmented\MTSD-YOLO\test\images\grp8_77233a9d-IMG_0190_Blurred.JPG,780.4,4644.02,930.26,4708.56,0.7461,traffic sign,True,True,1127.2,mtsd-p12
SAM 3.1,traffic sign,grp8_77233a9d-IMG_0190_Blurred.JPG,E:\2. UM-Student\MSC Dissertation\Urban-Vision-Benchmark\Datasets\MTSD\Prepared\MTSD-Unaugmented\MTSD-YOLO\test\images\grp8_77233a9d-IMG_0190_Blurred.JPG,1820.48,1548.05,2949.48,4409.49,0.7031,traffic sign,True,True,1127.2,mtsd-p12
SAM 3.1,traffic sign,grp8_77233a9d-IMG_0190_Blurred.JPG,E:\2. UM-Student\MSC Dissertation\Urban-Vision-Benchmark\Datasets\MTSD\Prepared\MTSD-Unaugmented\MTSD-YOLO\test\images\grp8_77233a9d-IMG_0190_Blurred.JPG,1032.38,1344.0,2275.88,4330.51,0.8945,traffic sign,True,True,1127.2,mtsd-p12
SAM 3.1,traffic sign,grp8_77233a9d-IMG_0190_Blurred.JPG,E:\2. UM-Student\MSC Dissertation\Urban-Vision-Benchmark\Datasets\MTSD\Prepared\MTSD-Unaugmented\MTSD-YOLO\test\images\grp8_77233a9d-IMG_0190_Blurred.JPG,1118.9,1384.13,2960.35,5712.0,0.3047,traffic sign,True,True,1127.2,mtsd-p12
SAM 3.1,traffic sign,grp8_7cc436b9-Back.jpg,E:\2. UM-Student\MSC Dissertation\Urban-Vision-Benchmark\Datasets\MTSD\Prepared\MTSD-Unaugmented\MTSD-YOLO\test\images\grp8_7cc436b9-Back.jpg,668.86,1003.87,1749.04,1991.26,0.4609,traffic sign,True,True,182.3,mtsd-p12
SAM 3.1,traffic sign,grp8_838e07cd-IMG_0097.jpg,E:\2. UM-Student\MSC Dissertation\Urban-Vision-Benchmark\Datasets\MTSD\Prepared\MTSD-Unaugmented\MTSD-YOLO\test\images\grp8_838e07cd-IMG_0097.jpg,974.51,1148.67,3257.22,5699.46,0.3535,traffic sign,True,True,512.0,mtsd-p12
SAM 3.1,traffic sign,grp8_838e07cd-IMG_0097.jpg,E:\2. UM-Student\MSC Dissertation\Urban-Vision-Benchmark\Datasets\MTSD\Prepared\MTSD-Unaugmented\MTSD-YOLO\test\images\grp8_838e07cd-IMG_0097.jpg,941.41,2743.72,3297.26,5108.92,0.7891,traffic sign,True,True,512.0,mtsd-p12
SAM 3.1,traffic sign,grp8_838e07cd-IMG_0097.jpg,E:\2. UM-Student\MSC Dissertation\Urban-Vision-Benchmark\Datasets\MTSD\Prepared\MTSD-Unaugmented\MTSD-YOLO\test\images\grp8_838e07cd-IMG_0097.jpg,1005.45,1155.46,2974.26,2769.42,0.8086,traffic sign,True,True,512.0,mtsd-p12
SAM 3.1,traffic sign,grp8_87d39243-IMG_0210.JPG,E:\2. UM-Student\MSC Dissertation\Urban-Vision-Benchmark\Datasets\MTSD\Prepared\MTSD-Unaugmented\MTSD-YOLO\test\images\grp8_87d39243-IMG_0210.JPG,,,,,,<no detections>,False,True,246.3,mtsd-p12
SAM 3.1,traffic sign,grp8_8bd74996-side.jpg,E:\2. UM-Student\MSC Dissertation\Urban-Vision-Benchmark\Datasets\MTSD\Prepared\MTSD-Unaugmented\MTSD-YOLO\test\images\grp8_8bd74996-side.jpg,1889.88,956.22,2162.27,1809.18,0.8633,traffic sign,True,True,214.7,mtsd-p12
SAM 3.1,traffic sign,grp8_8bd74996-side.jpg,E:\2. UM-Student\MSC Dissertation\Urban-Vision-Benchmark\Datasets\MTSD\Prepared\MTSD-Unaugmented\MTSD-YOLO\test\images\grp8_8bd74996-side.jpg,1895.13,953.49,2162.14,3024.0,0.4648,traffic sign,True,True,214.7,mtsd-p12
SAM 3.1,traffic sign,grp8_8bd74996-side.jpg,E:\2. UM-Student\MSC Dissertation\Urban-Vision-Benchmark\Datasets\MTSD\Prepared\MTSD-Unaugmented\MTSD-YOLO\test\images\grp8_8bd74996-side.jpg,2447.76,2588.51,2621.82,2622.5,0.3242,traffic sign,True,True,214.7,mtsd-p12
SAM 3.1,traffic sign,grp8_8dc5354c-IMG_0141.JPG,E:\2. UM-Student\MSC Dissertation\Urban-Vision-Benchmark\Datasets\MTSD\Prepared\MTSD-Unaugmented\MTSD-YOLO\test\images\grp8_8dc5354c-IMG_0141.JPG,1417.0,1160.98,2992.22,3090.14,0.9102,traffic sign,True,True,241.7,mtsd-p12
SAM 3.1,traffic sign,grp8_8e544be4-side.jpg,E:\2. UM-Student\MSC Dissertation\Urban-Vision-Benchmark\Datasets\MTSD\Prepared\MTSD-Unaugmented\MTSD-YOLO\test\images\grp8_8e544be4-side.jpg,1356.84,2630.45,2255.22,3321.93,0.4023,traffic sign,True,True,229.5,mtsd-p12
SAM 3.1,traffic sign,grp8_8e544be4-side.jpg,E:\2. UM-Student\MSC Dissertation\Urban-Vision-Benchmark\Datasets\MTSD\Prepared\MTSD-Unaugmented\MTSD-YOLO\test\images\grp8_8e544be4-side.jpg,1547.29,1029.21,1950.44,2124.46,0.9023,traffic sign,True,True,229.5,mtsd-p12
SAM 3.1,traffic sign,grp8_8edb630b-IMG_0208.JPG,E:\2. UM-Student\MSC Dissertation\Urban-Vision-Benchmark\Datasets\MTSD\Prepared\MTSD-Unaugmented\MTSD-YOLO\test\images\grp8_8edb630b-IMG_0208.JPG,1904.13,1134.23,3364.23,3009.68,0.9297,traffic sign,True,True,297.3,mtsd-p12
SAM 3.1,traffic sign,grp8_8ff667a0-IMG_0209.JPG,E:\2. UM-Student\MSC Dissertation\Urban-Vision-Benchmark\Datasets\MTSD\Prepared\MTSD-Unaugmented\MTSD-YOLO\test\images\grp8_8ff667a0-IMG_0209.JPG,1709.54,1789.41,3743.22,2773.73,0.8086,traffic sign,True,True,304.1,mtsd-p12
SAM 3.1,traffic sign,grp8_9a101d8f-side.jpg,E:\2. UM-Student\MSC Dissertation\Urban-Vision-Benchmark\Datasets\MTSD\Prepared\MTSD-Unaugmented\MTSD-YOLO\test\images\grp8_9a101d8f-side.jpg,1226.72,421.66,1712.97,3996.75,0.3203,traffic sign,True,True,176.2,mtsd-p12
SAM 3.1,traffic sign,grp8_9a101d8f-side.jpg,E:\2. UM-Student\MSC Dissertation\Urban-Vision-Benchmark\Datasets\MTSD\Prepared\MTSD-Unaugmented\MTSD-YOLO\test\images\grp8_9a101d8f-side.jpg,1302.78,414.63,1708.06,2201.18,0.8945,traffic sign,True,True,176.2,mtsd-p12
SAM 3.1,traffic sign,grp8_9f69e083-Front.jpg,E:\2. UM-Student\MSC Dissertation\Urban-Vision-Benchmark\Datasets\MTSD\Prepared\MTSD-Unaugmented\MTSD-YOLO\test\images\grp8_9f69e083-Front.jpg,947.23,1682.68,1425.01,2155.64,0.8086,traffic sign,True,True,216.7,mtsd-p12
SAM 3.1,traffic sign,grp8_a27e76cc-back.jpg,E:\2. UM-Student\MSC Dissertation\Urban-Vision-Benchmark\Datasets\MTSD\Prepared\MTSD-Unaugmented\MTSD-YOLO\test\images\grp8_a27e76cc-back.jpg,948.96,1332.75,2080.79,2252.45,0.3164,traffic sign,True,True,158.5,mtsd-p12
SAM 3.1,traffic sign,grp8_aa3bff09-side.jpg,E:\2. UM-Student\MSC Dissertation\Urban-Vision-Benchmark\Datasets\MTSD\Prepared\MTSD-Unaugmented\MTSD-YOLO\test\images\grp8_aa3bff09-side.jpg,1391.24,1501.12,2044.16,1896.42,0.4531,traffic sign,True,True,165.6,mtsd-p12
SAM 3.1,traffic sign,grp8_aa3bff09-side.jpg,E:\2. UM-Student\MSC Dissertation\Urban-Vision-Benchmark\Datasets\MTSD\Prepared\MTSD-Unaugmented\MTSD-YOLO\test\images\grp8_aa3bff09-side.jpg,1026.25,1027.69,1363.09,2037.9,0.8828,traffic sign,True,True,165.6,mtsd-p12
SAM 3.1,traffic sign,grp8_aafe9a1b-front.jpg,E:\2. UM-Student\MSC Dissertation\Urban-Vision-Benchmark\Datasets\MTSD\Prepared\MTSD-Unaugmented\MTSD-YOLO\test\images\grp8_aafe9a1b-front.jpg,1102.51,788.94,2053.3,1709.89,0.9141,traffic sign,True,True,181.5,mtsd-p12
SAM 3.1,traffic sign,grp8_ad4861cb-back.jpg,E:\2. UM-Student\MSC Dissertation\Urban-Vision-Benchmark\Datasets\MTSD\Prepared\MTSD-Unaugmented\MTSD-YOLO\test\images\grp8_ad4861cb-back.jpg,1563.16,1654.48,2304.45,2442.54,0.6953,traffic sign,True,True,200.3,mtsd-p12
SAM 3.1,traffic sign,grp8_ad4861cb-back.jpg,E:\2. UM-Student\MSC Dissertation\Urban-Vision-Benchmark\Datasets\MTSD\Prepared\MTSD-Unaugmented\MTSD-YOLO\test\images\grp8_ad4861cb-back.jpg,1544.59,835.84,2592.29,3024.0,0.3086,traffic sign,True,True,200.3,mtsd-p12
SAM 3.1,traffic sign,grp8_ad4861cb-back.jpg,E:\2. UM-Student\MSC Dissertation\Urban-Vision-Benchmark\Datasets\MTSD\Prepared\MTSD-Unaugmented\MTSD-YOLO\test\images\grp8_ad4861cb-back.jpg,1538.67,826.2,2608.7,1808.13,0.8047,traffic sign,True,True,200.3,mtsd-p12
SAM 3.1,traffic sign,grp8_aeadaf7d-Side.jpg,E:\2. UM-Student\MSC Dissertation\Urban-Vision-Benchmark\Datasets\MTSD\Prepared\MTSD-Unaugmented\MTSD-YOLO\test\images\grp8_aeadaf7d-Side.jpg,1183.59,2808.74,1224.65,2875.73,0.4863,traffic sign,True,True,481.0,mtsd-p12
SAM 3.1,traffic sign,grp8_aeadaf7d-Side.jpg,E:\2. UM-Student\MSC Dissertation\Urban-Vision-Benchmark\Datasets\MTSD\Prepared\MTSD-Unaugmented\MTSD-YOLO\test\images\grp8_aeadaf7d-Side.jpg,761.94,2803.82,812.21,2885.84,0.3613,traffic sign,True,True,481.0,mtsd-p12
SAM 3.1,traffic sign,grp8_aeadaf7d-Side.jpg,E:\2. UM-Student\MSC Dissertation\Urban-Vision-Benchmark\Datasets\MTSD\Prepared\MTSD-Unaugmented\MTSD-YOLO\test\images\grp8_aeadaf7d-Side.jpg,762.91,719.37,1429.95,2171.66,0.8867,traffic sign,True,True,481.0,mtsd-p12
SAM 3.1,traffic sign,grp8_aec35ad8-back.jpg,E:\2. UM-Student\MSC Dissertation\Urban-Vision-Benchmark\Datasets\MTSD\Prepared\MTSD-Unaugmented\MTSD-YOLO\test\images\grp8_aec35ad8-back.jpg,1069.38,712.77,2800.37,1875.56,0.8711,traffic sign,True,True,520.6,mtsd-p12
SAM 3.1,traffic sign,grp8_aec35ad8-back.jpg,E:\2. UM-Student\MSC Dissertation\Urban-Vision-Benchmark\Datasets\MTSD\Prepared\MTSD-Unaugmented\MTSD-YOLO\test\images\grp8_aec35ad8-back.jpg,1020.64,1848.65,2858.85,2486.31,0.8555,traffic sign,True,True,520.6,mtsd-p12
SAM 3.1,traffic sign,grp8_aec35ad8-back.jpg,E:\2. UM-Student\MSC Dissertation\Urban-Vision-Benchmark\Datasets\MTSD\Prepared\MTSD-Unaugmented\MTSD-YOLO\test\images\grp8_aec35ad8-back.jpg,642.45,2970.04,728.64,3024.0,0.6055,traffic sign,True,True,520.6,mtsd-p12
SAM 3.1,traffic sign,grp8_aec35ad8-back.jpg,E:\2. UM-Student\MSC Dissertation\Urban-Vision-Benchmark\Datasets\MTSD\Prepared\MTSD-Unaugmented\MTSD-YOLO\test\images\grp8_aec35ad8-back.jpg,1073.31,10.32,2845.51,3012.91,0.3926,traffic sign,True,True,520.6,mtsd-p12
SAM 3.1,traffic sign,grp8_aec35ad8-back.jpg,E:\2. UM-Student\MSC Dissertation\Urban-Vision-Benchmark\Datasets\MTSD\Prepared\MTSD-Unaugmented\MTSD-YOLO\test\images\grp8_aec35ad8-back.jpg,1215.8,0.0,2625.46,702.58,0.8867,traffic sign,True,True,520.6,mtsd-p12
SAM 3.1,traffic sign,grp8_b1123daa-front.jpg,E:\2. UM-Student\MSC Dissertation\Urban-Vision-Benchmark\Datasets\MTSD\Prepared\MTSD-Unaugmented\MTSD-YOLO\test\images\grp8_b1123daa-front.jpg,611.07,1392.13,1779.29,2424.85,0.8359,traffic sign,True,True,182.1,mtsd-p12
SAM 3.1,traffic sign,grp8_b1123daa-front.jpg,E:\2. UM-Student\MSC Dissertation\Urban-Vision-Benchmark\Datasets\MTSD\Prepared\MTSD-Unaugmented\MTSD-YOLO\test\images\grp8_b1123daa-front.jpg,1486.56,3936.64,1577.21,4096.0,0.5703,traffic sign,True,True,182.1,mtsd-p12
SAM 3.1,traffic sign,grp8_b6ae6e3d-back.jpg,E:\2. UM-Student\MSC Dissertation\Urban-Vision-Benchmark\Datasets\MTSD\Prepared\MTSD-Unaugmented\MTSD-YOLO\test\images\grp8_b6ae6e3d-back.jpg,1131.44,2980.78,1208.43,3058.46,0.793,traffic sign,True,True,243.4,mtsd-p12
SAM 3.1,traffic sign,grp8_b6ae6e3d-back.jpg,E:\2. UM-Student\MSC Dissertation\Urban-Vision-Benchmark\Datasets\MTSD\Prepared\MTSD-Unaugmented\MTSD-YOLO\test\images\grp8_b6ae6e3d-back.jpg,1141.69,3071.92,1185.64,3140.79,0.4902,traffic sign,True,True,243.4,mtsd-p12
SAM 3.1,traffic sign,grp8_b6ae6e3d-back.jpg,E:\2. UM-Student\MSC Dissertation\Urban-Vision-Benchmark\Datasets\MTSD\Prepared\MTSD-Unaugmented\MTSD-YOLO\test\images\grp8_b6ae6e3d-back.jpg,1142.93,3044.01,1196.05,3103.83,0.5352,traffic sign,True,True,243.4,mtsd-p12
SAM 3.1,traffic sign,grp8_b6ae6e3d-back.jpg,E:\2. UM-Student\MSC Dissertation\Urban-Vision-Benchmark\Datasets\MTSD\Prepared\MTSD-Unaugmented\MTSD-YOLO\test\images\grp8_b6ae6e3d-back.jpg,951.51,1524.19,2086.43,4000.0,0.5938,traffic sign,True,True,243.4,mtsd-p12
SAM 3.1,traffic sign,grp8_b6ae6e3d-back.jpg,E:\2. UM-Student\MSC Dissertation\Urban-Vision-Benchmark\Datasets\MTSD\Prepared\MTSD-Unaugmented\MTSD-YOLO\test\images\grp8_b6ae6e3d-back.jpg,948.11,1525.67,2086.9,2647.87,0.8281,traffic sign,True,True,243.4,mtsd-p12
SAM 3.1,traffic sign,grp8_b9028e28-side.jpg,E:\2. UM-Student\MSC Dissertation\Urban-Vision-Benchmark\Datasets\MTSD\Prepared\MTSD-Unaugmented\MTSD-YOLO\test\images\grp8_b9028e28-side.jpg,1582.62,3056.33,1700.54,3163.35,0.7969,traffic sign,True,True,538.5,mtsd-p12
SAM 3.1,traffic sign,grp8_b9028e28-side.jpg,E:\2. UM-Student\MSC Dissertation\Urban-Vision-Benchmark\Datasets\MTSD\Prepared\MTSD-Unaugmented\MTSD-YOLO\test\images\grp8_b9028e28-side.jpg,688.46,3314.31,754.52,3423.05,0.373,traffic sign,True,True,538.5,mtsd-p12
SAM 3.1,traffic sign,grp8_b9028e28-side.jpg,E:\2. UM-Student\MSC Dissertation\Urban-Vision-Benchmark\Datasets\MTSD\Prepared\MTSD-Unaugmented\MTSD-YOLO\test\images\grp8_b9028e28-side.jpg,467.87,3318.96,567.77,3490.39,0.4512,traffic sign,True,True,538.5,mtsd-p12
SAM 3.1,traffic sign,grp8_b9028e28-side.jpg,E:\2. UM-Student\MSC Dissertation\Urban-Vision-Benchmark\Datasets\MTSD\Prepared\MTSD-Unaugmented\MTSD-YOLO\test\images\grp8_b9028e28-side.jpg,674.71,3285.27,796.03,3454.85,0.3203,traffic sign,True,True,538.5,mtsd-p12
SAM 3.1,traffic sign,grp8_b9028e28-side.jpg,E:\2. UM-Student\MSC Dissertation\Urban-Vision-Benchmark\Datasets\MTSD\Prepared\MTSD-Unaugmented\MTSD-YOLO\test\images\grp8_b9028e28-side.jpg,807.52,1548.43,1769.23,2630.01,0.8867,traffic sign,True,True,538.5,mtsd-p12
SAM 3.1,traffic sign,grp8_b9028e28-side.jpg,E:\2. UM-Student\MSC Dissertation\Urban-Vision-Benchmark\Datasets\MTSD\Prepared\MTSD-Unaugmented\MTSD-YOLO\test\images\grp8_b9028e28-side.jpg,588.35,430.83,1767.23,4089.21,0.3965,traffic sign,True,True,538.5,mtsd-p12
SAM 3.1,traffic sign,grp8_b9028e28-side.jpg,E:\2. UM-Student\MSC Dissertation\Urban-Vision-Benchmark\Datasets\MTSD\Prepared\MTSD-Unaugmented\MTSD-YOLO\test\images\grp8_b9028e28-side.jpg,1626.83,3210.18,1677.03,3311.98,0.5547,traffic sign,True,True,538.5,mtsd-p12
SAM 3.1,traffic sign,grp8_b9028e28-side.jpg,E:\2. UM-Student\MSC Dissertation\Urban-Vision-Benchmark\Datasets\MTSD\Prepared\MTSD-Unaugmented\MTSD-YOLO\test\images\grp8_b9028e28-side.jpg,587.79,433.75,1608.23,1948.67,0.8672,traffic sign,True,True,538.5,mtsd-p12
SAM 3.1,traffic sign,grp8_c01f5341-IMG_0123.jpg,E:\2. UM-Student\MSC Dissertation\Urban-Vision-Benchmark\Datasets\MTSD\Prepared\MTSD-Unaugmented\MTSD-YOLO\test\images\grp8_c01f5341-IMG_0123.jpg,1679.15,4593.58,1812.49,4911.64,0.8516,traffic sign,True,True,259.6,mtsd-p12
SAM 3.1,traffic sign,grp8_c01f5341-IMG_0123.jpg,E:\2. UM-Student\MSC Dissertation\Urban-Vision-Benchmark\Datasets\MTSD\Prepared\MTSD-Unaugmented\MTSD-YOLO\test\images\grp8_c01f5341-IMG_0123.jpg,1809.12,951.23,2817.94,5712.0,0.3594,traffic sign,True,True,259.6,mtsd-p12
SAM 3.1,traffic sign,grp8_c01f5341-IMG_0123.jpg,E:\2. UM-Student\MSC Dissertation\Urban-Vision-Benchmark\Datasets\MTSD\Prepared\MTSD-Unaugmented\MTSD-YOLO\test\images\grp8_c01f5341-IMG_0123.jpg,1819.52,955.24,2812.37,2946.59,0.9102,traffic sign,True,True,259.6,mtsd-p12
SAM 3.1,traffic sign,grp8_c01f5341-IMG_0123.jpg,E:\2. UM-Student\MSC Dissertation\Urban-Vision-Benchmark\Datasets\MTSD\Prepared\MTSD-Unaugmented\MTSD-YOLO\test\images\grp8_c01f5341-IMG_0123.jpg,1664.92,4594.97,1813.86,5707.59,0.4121,traffic sign,True,True,259.6,mtsd-p12
SAM 3.1,traffic sign,grp8_c89fb86b-IMG_0117.jpg,E:\2. UM-Student\MSC Dissertation\Urban-Vision-Benchmark\Datasets\MTSD\Prepared\MTSD-Unaugmented\MTSD-YOLO\test\images\grp8_c89fb86b-IMG_0117.jpg,1881.21,1448.02,2502.31,3397.46,0.8789,traffic sign,True,True,222.8,mtsd-p12
SAM 3.1,traffic sign,grp8_c96fcc1a-IMG_0217.JPG,E:\2. UM-Student\MSC Dissertation\Urban-Vision-Benchmark\Datasets\MTSD\Prepared\MTSD-Unaugmented\MTSD-YOLO\test\images\grp8_c96fcc1a-IMG_0217.JPG,2022.73,1452.45,3259.08,2610.55,0.9219,traffic sign,True,True,298.0,mtsd-p12
SAM 3.1,traffic sign,grp8_d8a4fa9b-front.jpg,E:\2. UM-Student\MSC Dissertation\Urban-Vision-Benchmark\Datasets\MTSD\Prepared\MTSD-Unaugmented\MTSD-YOLO\test\images\grp8_d8a4fa9b-front.jpg,,,,,,<no detections>,False,True,152.4,mtsd-p12
SAM 3.1,traffic sign,grp8_d8e91d56-side.jpg,E:\2. UM-Student\MSC Dissertation\Urban-Vision-Benchmark\Datasets\MTSD\Prepared\MTSD-Unaugmented\MTSD-YOLO\test\images\grp8_d8e91d56-side.jpg,3465.17,2359.17,3738.5,2616.39,0.9219,traffic sign,True,True,248.9,mtsd-p12
SAM 3.1,traffic sign,grp8_d8e91d56-side.jpg,E:\2. UM-Student\MSC Dissertation\Urban-Vision-Benchmark\Datasets\MTSD\Prepared\MTSD-Unaugmented\MTSD-YOLO\test\images\grp8_d8e91d56-side.jpg,2202.5,2514.78,2295.63,2739.07,0.5742,traffic sign,True,True,248.9,mtsd-p12
SAM 3.1,traffic sign,grp8_d8e91d56-side.jpg,E:\2. UM-Student\MSC Dissertation\Urban-Vision-Benchmark\Datasets\MTSD\Prepared\MTSD-Unaugmented\MTSD-YOLO\test\images\grp8_d8e91d56-side.jpg,1789.47,871.47,2054.86,1774.51,0.9414,traffic sign,True,True,248.9,mtsd-p12
SAM 3.1,traffic sign,grp8_d8e91d56-side.jpg,E:\2. UM-Student\MSC Dissertation\Urban-Vision-Benchmark\Datasets\MTSD\Prepared\MTSD-Unaugmented\MTSD-YOLO\test\images\grp8_d8e91d56-side.jpg,3482.91,2181.36,3594.5,2437.65,0.9023,traffic sign,True,True,248.9,mtsd-p12
SAM 3.1,traffic sign,grp8_dd88f02c-IMG_0092.jpg,E:\2. UM-Student\MSC Dissertation\Urban-Vision-Benchmark\Datasets\MTSD\Prepared\MTSD-Unaugmented\MTSD-YOLO\test\images\grp8_dd88f02c-IMG_0092.jpg,1683.88,1573.34,2735.02,3662.29,0.8828,traffic sign,True,True,275.4,mtsd-p12
SAM 3.1,traffic sign,grp8_ea4926f3-side.jpg,E:\2. UM-Student\MSC Dissertation\Urban-Vision-Benchmark\Datasets\MTSD\Prepared\MTSD-Unaugmented\MTSD-YOLO\test\images\grp8_ea4926f3-side.jpg,1131.23,750.64,1962.55,2455.69,0.9062,traffic sign,True,True,181.5,mtsd-p12
SAM 3.1,traffic sign,grp8_ebf4ab1a-IMG_0198.JPG,E:\2. UM-Student\MSC Dissertation\Urban-Vision-Benchmark\Datasets\MTSD\Prepared\MTSD-Unaugmented\MTSD-YOLO\test\images\grp8_ebf4ab1a-IMG_0198.JPG,,,,,,<no detections>,False,True,206.4,mtsd-p12
SAM 3.1,traffic sign,grp8_edb6fab3-IMG_0189.JPG,E:\2. UM-Student\MSC Dissertation\Urban-Vision-Benchmark\Datasets\MTSD\Prepared\MTSD-Unaugmented\MTSD-YOLO\test\images\grp8_edb6fab3-IMG_0189.JPG,5526.08,3339.45,5595.87,3410.5,0.5742,traffic sign,True,True,678.2,mtsd-p12
SAM 3.1,traffic sign,grp8_edb6fab3-IMG_0189.JPG,E:\2. UM-Student\MSC Dissertation\Urban-Vision-Benchmark\Datasets\MTSD\Prepared\MTSD-Unaugmented\MTSD-YOLO\test\images\grp8_edb6fab3-IMG_0189.JPG,5513.03,3582.8,5589.48,3637.42,0.3281,traffic sign,True,True,678.2,mtsd-p12
SAM 3.1,traffic sign,grp8_edb6fab3-IMG_0189.JPG,E:\2. UM-Student\MSC Dissertation\Urban-Vision-Benchmark\Datasets\MTSD\Prepared\MTSD-Unaugmented\MTSD-YOLO\test\images\grp8_edb6fab3-IMG_0189.JPG,2110.32,989.85,4493.63,3595.8,0.8828,traffic sign,True,True,678.2,mtsd-p12
SAM 3.1,traffic sign,grp8_f07ed5ce-Side.jpg,E:\2. UM-Student\MSC Dissertation\Urban-Vision-Benchmark\Datasets\MTSD\Prepared\MTSD-Unaugmented\MTSD-YOLO\test\images\grp8_f07ed5ce-Side.jpg,909.37,1130.02,1454.61,2352.82,0.8711,traffic sign,True,True,184.4,mtsd-p12
SAM 3.1,traffic sign,grp8_f3e45a2c-front.jpg,E:\2. UM-Student\MSC Dissertation\Urban-Vision-Benchmark\Datasets\MTSD\Prepared\MTSD-Unaugmented\MTSD-YOLO\test\images\grp8_f3e45a2c-front.jpg,1013.04,1490.58,1485.62,2208.89,0.8438,traffic sign,True,True,167.1,mtsd-p12
SAM 3.1,traffic sign,grp8_f5d48b4c-front.jpg,E:\2. UM-Student\MSC Dissertation\Urban-Vision-Benchmark\Datasets\MTSD\Prepared\MTSD-Unaugmented\MTSD-YOLO\test\images\grp8_f5d48b4c-front.jpg,3490.69,2548.84,3626.99,3024.0,0.4941,traffic sign,True,True,216.8,mtsd-p12
SAM 3.1,traffic sign,grp8_f5d48b4c-front.jpg,E:\2. UM-Student\MSC Dissertation\Urban-Vision-Benchmark\Datasets\MTSD\Prepared\MTSD-Unaugmented\MTSD-YOLO\test\images\grp8_f5d48b4c-front.jpg,3480.01,2551.03,3598.39,2666.49,0.8672,traffic sign,True,True,216.8,mtsd-p12
SAM 3.1,traffic sign,grp8_f5d48b4c-front.jpg,E:\2. UM-Student\MSC Dissertation\Urban-Vision-Benchmark\Datasets\MTSD\Prepared\MTSD-Unaugmented\MTSD-YOLO\test\images\grp8_f5d48b4c-front.jpg,1566.03,1014.49,2620.91,1986.15,0.8828,traffic sign,True,True,216.8,mtsd-p12
SAM 3.1,traffic sign,grp8_f5d48b4c-front.jpg,E:\2. UM-Student\MSC Dissertation\Urban-Vision-Benchmark\Datasets\MTSD\Prepared\MTSD-Unaugmented\MTSD-YOLO\test\images\grp8_f5d48b4c-front.jpg,1563.68,1011.45,2623.67,3024.0,0.459,traffic sign,True,True,216.8,mtsd-p12
SAM 3.1,traffic sign,grp8_fc124a5b-Back.jpg,E:\2. UM-Student\MSC Dissertation\Urban-Vision-Benchmark\Datasets\MTSD\Prepared\MTSD-Unaugmented\MTSD-YOLO\test\images\grp8_fc124a5b-Back.jpg,770.54,1347.01,1761.91,2343.54,0.875,traffic sign,True,True,233.4,mtsd-p12
SAM 3.1,traffic sign,grp8_fc124a5b-Back.jpg,E:\2. UM-Student\MSC Dissertation\Urban-Vision-Benchmark\Datasets\MTSD\Prepared\MTSD-Unaugmented\MTSD-YOLO\test\images\grp8_fc124a5b-Back.jpg,475.68,58.56,1668.84,4072.09,0.3086,traffic sign,True,True,233.4,mtsd-p12
SAM 3.1,traffic sign,grp8_fc124a5b-Back.jpg,E:\2. UM-Student\MSC Dissertation\Urban-Vision-Benchmark\Datasets\MTSD\Prepared\MTSD-Unaugmented\MTSD-YOLO\test\images\grp8_fc124a5b-Back.jpg,528.56,2323.18,1689.27,3009.21,0.9219,traffic sign,True,True,233.4,mtsd-p12
SAM 3.1,traffic sign,grp8_fc124a5b-Back.jpg,E:\2. UM-Student\MSC Dissertation\Urban-Vision-Benchmark\Datasets\MTSD\Prepared\MTSD-Unaugmented\MTSD-YOLO\test\images\grp8_fc124a5b-Back.jpg,464.65,38.61,1649.76,1366.11,0.9336,traffic sign,True,True,233.4,mtsd-p12
SAM 3.1,traffic sign,grp8_fc6650ab-front.jpg,E:\2. UM-Student\MSC Dissertation\Urban-Vision-Benchmark\Datasets\MTSD\Prepared\MTSD-Unaugmented\MTSD-YOLO\test\images\grp8_fc6650ab-front.jpg,357.15,2910.84,484.79,3077.33,0.418,traffic sign,True,True,183.0,mtsd-p12
SAM 3.1,traffic sign,grp8_fc6650ab-front.jpg,E:\2. UM-Student\MSC Dissertation\Urban-Vision-Benchmark\Datasets\MTSD\Prepared\MTSD-Unaugmented\MTSD-YOLO\test\images\grp8_fc6650ab-front.jpg,114.16,852.27,1767.11,2036.55,0.9023,traffic sign,True,True,183.0,mtsd-p12
SAM 3.1,traffic sign,grp9_00e70ac4-IMG_20251111_140913.jpg,E:\2. UM-Student\MSC Dissertation\Urban-Vision-Benchmark\Datasets\MTSD\Prepared\MTSD-Unaugmented\MTSD-YOLO\test\images\grp9_00e70ac4-IMG_20251111_140913.jpg,0.0,43.32,332.53,496.59,0.5156,traffic sign,True,True,349.4,mtsd-p12
SAM 3.1,traffic sign,grp9_00e70ac4-IMG_20251111_140913.jpg,E:\2. UM-Student\MSC Dissertation\Urban-Vision-Benchmark\Datasets\MTSD\Prepared\MTSD-Unaugmented\MTSD-YOLO\test\images\grp9_00e70ac4-IMG_20251111_140913.jpg,0.15,2725.41,342.92,3485.26,0.8516,traffic sign,True,True,349.4,mtsd-p12
SAM 3.1,traffic sign,grp9_00e70ac4-IMG_20251111_140913.jpg,E:\2. UM-Student\MSC Dissertation\Urban-Vision-Benchmark\Datasets\MTSD\Prepared\MTSD-Unaugmented\MTSD-YOLO\test\images\grp9_00e70ac4-IMG_20251111_140913.jpg,1488.92,1369.56,1700.88,2488.27,0.3379,traffic sign,True,True,349.4,mtsd-p12
SAM 3.1,traffic sign,grp9_00e70ac4-IMG_20251111_140913.jpg,E:\2. UM-Student\MSC Dissertation\Urban-Vision-Benchmark\Datasets\MTSD\Prepared\MTSD-Unaugmented\MTSD-YOLO\test\images\grp9_00e70ac4-IMG_20251111_140913.jpg,0.0,35.17,883.55,503.43,0.3496,traffic sign,True,True,349.4,mtsd-p12
SAM 3.1,traffic sign,grp9_01e24ee9-IMG_20251106_145403.jpg,E:\2. UM-Student\MSC Dissertation\Urban-Vision-Benchmark\Datasets\MTSD\Prepared\MTSD-Unaugmented\MTSD-YOLO\test\images\grp9_01e24ee9-IMG_20251106_145403.jpg,1540.93,857.63,1809.41,1763.54,0.3418,traffic sign,True,True,733.7,mtsd-p12
SAM 3.1,traffic sign,grp9_01e24ee9-IMG_20251106_145403.jpg,E:\2. UM-Student\MSC Dissertation\Urban-Vision-Benchmark\Datasets\MTSD\Prepared\MTSD-Unaugmented\MTSD-YOLO\test\images\grp9_01e24ee9-IMG_20251106_145403.jpg,397.27,3348.26,422.75,3412.18,0.4512,traffic sign,True,True,733.7,mtsd-p12
SAM 3.1,traffic sign,grp9_01e24ee9-IMG_20251106_145403.jpg,E:\2. UM-Student\MSC Dissertation\Urban-Vision-Benchmark\Datasets\MTSD\Prepared\MTSD-Unaugmented\MTSD-YOLO\test\images\grp9_01e24ee9-IMG_20251106_145403.jpg,1316.46,856.94,1798.72,4096.0,0.4023,traffic sign,True,True,733.7,mtsd-p12
SAM 3.1,traffic sign,grp9_01e24ee9-IMG_20251106_145403.jpg,E:\2. UM-Student\MSC Dissertation\Urban-Vision-Benchmark\Datasets\MTSD\Prepared\MTSD-Unaugmented\MTSD-YOLO\test\images\grp9_01e24ee9-IMG_20251106_145403.jpg,1926.93,3204.65,1991.74,3390.31,0.5117,traffic sign,True,True,733.7,mtsd-p12
SAM 3.1,traffic sign,grp9_01e24ee9-IMG_20251106_145403.jpg,E:\2. UM-Student\MSC Dissertation\Urban-Vision-Benchmark\Datasets\MTSD\Prepared\MTSD-Unaugmented\MTSD-YOLO\test\images\grp9_01e24ee9-IMG_20251106_145403.jpg,1360.11,1730.4,1716.73,2950.79,0.7773,traffic sign,True,True,733.7,mtsd-p12
SAM 3.1,traffic sign,grp9_01e24ee9-IMG_20251106_145403.jpg,E:\2. UM-Student\MSC Dissertation\Urban-Vision-Benchmark\Datasets\MTSD\Prepared\MTSD-Unaugmented\MTSD-YOLO\test\images\grp9_01e24ee9-IMG_20251106_145403.jpg,1374.7,852.34,1803.51,2092.71,0.7773,traffic sign,True,True,733.7,mtsd-p12
SAM 3.1,traffic sign,grp9_01ed8620-IMG_20251111_162316.jpg,E:\2. UM-Student\MSC Dissertation\Urban-Vision-Benchmark\Datasets\MTSD\Prepared\MTSD-Unaugmented\MTSD-YOLO\test\images\grp9_01ed8620-IMG_20251111_162316.jpg,2084.37,2205.94,2218.11,2390.06,0.8906,traffic sign,True,True,542.9,mtsd-p12
SAM 3.1,traffic sign,grp9_01ed8620-IMG_20251111_162316.jpg,E:\2. UM-Student\MSC Dissertation\Urban-Vision-Benchmark\Datasets\MTSD\Prepared\MTSD-Unaugmented\MTSD-YOLO\test\images\grp9_01ed8620-IMG_20251111_162316.jpg,1147.62,2332.02,1177.97,2466.63,0.3164,traffic sign,True,True,542.9,mtsd-p12
SAM 3.1,traffic sign,grp9_01ed8620-IMG_20251111_162316.jpg,E:\2. UM-Student\MSC Dissertation\Urban-Vision-Benchmark\Datasets\MTSD\Prepared\MTSD-Unaugmented\MTSD-YOLO\test\images\grp9_01ed8620-IMG_20251111_162316.jpg,44.59,2371.34,116.19,2419.8,0.7773,traffic sign,True,True,542.9,mtsd-p12
SAM 3.1,traffic sign,grp9_01ed8620-IMG_20251111_162316.jpg,E:\2. UM-Student\MSC Dissertation\Urban-Vision-Benchmark\Datasets\MTSD\Prepared\MTSD-Unaugmented\MTSD-YOLO\test\images\grp9_01ed8620-IMG_20251111_162316.jpg,859.3,1587.03,1207.12,2045.45,0.9102,traffic sign,True,True,542.9,mtsd-p12
SAM 3.1,traffic sign,grp9_04c8a7cf-IMG_20251211_162331.jpg,E:\2. UM-Student\MSC Dissertation\Urban-Vision-Benchmark\Datasets\MTSD\Prepared\MTSD-Unaugmented\MTSD-YOLO\test\images\grp9_04c8a7cf-IMG_20251211_162331.jpg,1406.72,2054.98,2044.03,2674.44,0.6953,traffic sign,True,True,177.9,mtsd-p12
SAM 3.1,traffic sign,grp9_04c8a7cf-IMG_20251211_162331.jpg,E:\2. UM-Student\MSC Dissertation\Urban-Vision-Benchmark\Datasets\MTSD\Prepared\MTSD-Unaugmented\MTSD-YOLO\test\images\grp9_04c8a7cf-IMG_20251211_162331.jpg,1405.47,2054.43,2043.1,4080.0,0.5,traffic sign,True,True,177.9,mtsd-p12
SAM 3.1,traffic sign,grp9_0ee59f09-M8_side.jpg,E:\2. UM-Student\MSC Dissertation\Urban-Vision-Benchmark\Datasets\MTSD\Prepared\MTSD-Unaugmented\MTSD-YOLO\test\images\grp9_0ee59f09-M8_side.jpg,,,,,,<no detections>,False,True,145.4,mtsd-p12
SAM 3.1,traffic sign,grp9_109ae844-20251122_134645.jpg,E:\2. UM-Student\MSC Dissertation\Urban-Vision-Benchmark\Datasets\MTSD\Prepared\MTSD-Unaugmented\MTSD-YOLO\test\images\grp9_109ae844-20251122_134645.jpg,,,,,,<no detections>,False,True,163.4,mtsd-p12
SAM 3.1,traffic sign,grp9_10b6edc4-IMG_20251112_160648.jpg,E:\2. UM-Student\MSC Dissertation\Urban-Vision-Benchmark\Datasets\MTSD\Prepared\MTSD-Unaugmented\MTSD-YOLO\test\images\grp9_10b6edc4-IMG_20251112_160648.jpg,1150.0,1119.71,2579.14,4072.65,0.3809,traffic sign,True,True,191.9,mtsd-p12
SAM 3.1,traffic sign,grp9_10b6edc4-IMG_20251112_160648.jpg,E:\2. UM-Student\MSC Dissertation\Urban-Vision-Benchmark\Datasets\MTSD\Prepared\MTSD-Unaugmented\MTSD-YOLO\test\images\grp9_10b6edc4-IMG_20251112_160648.jpg,1375.06,3271.63,1546.32,4080.0,0.5156,traffic sign,True,True,191.9,mtsd-p12
SAM 3.1,traffic sign,grp9_10b6edc4-IMG_20251112_160648.jpg,E:\2. UM-Student\MSC Dissertation\Urban-Vision-Benchmark\Datasets\MTSD\Prepared\MTSD-Unaugmented\MTSD-YOLO\test\images\grp9_10b6edc4-IMG_20251112_160648.jpg,1143.15,1147.83,2644.05,2541.8,0.4688,traffic sign,True,True,191.9,mtsd-p12
SAM 3.1,traffic sign,grp9_10b6edc4-IMG_20251112_160648.jpg,E:\2. UM-Student\MSC Dissertation\Urban-Vision-Benchmark\Datasets\MTSD\Prepared\MTSD-Unaugmented\MTSD-YOLO\test\images\grp9_10b6edc4-IMG_20251112_160648.jpg,1377.8,3272.38,1540.42,3481.34,0.8125,traffic sign,True,True,191.9,mtsd-p12
SAM 3.1,traffic sign,grp9_14b6af7e-IMG_20251106_142858.jpg,E:\2. UM-Student\MSC Dissertation\Urban-Vision-Benchmark\Datasets\MTSD\Prepared\MTSD-Unaugmented\MTSD-YOLO\test\images\grp9_14b6af7e-IMG_20251106_142858.jpg,1090.2,994.83,4168.82,4035.06,0.6289,traffic sign,True,True,483.5,mtsd-p12
SAM 3.1,traffic sign,grp9_1792c5c3-WhatsApp_Image_2026-01-03_at_18.45.37.jpeg,E:\2. UM-Student\MSC Dissertation\Urban-Vision-Benchmark\Datasets\MTSD\Prepared\MTSD-Unaugmented\MTSD-YOLO\test\images\grp9_1792c5c3-WhatsApp_Image_2026-01-03_at_18.45.37.jpeg,490.34,804.55,858.97,1141.52,0.3828,traffic sign,True,True,121.5,mtsd-p12
SAM 3.1,traffic sign,grp9_1f50c9e9-WhatsApp_Image_2026-01-01_at_18.13.18.jpeg,E:\2. UM-Student\MSC Dissertation\Urban-Vision-Benchmark\Datasets\MTSD\Prepared\MTSD-Unaugmented\MTSD-YOLO\test\images\grp9_1f50c9e9-WhatsApp_Image_2026-01-01_at_18.13.18.jpeg,,,,,,<no detections>,False,True,123.1,mtsd-p12
SAM 3.1,traffic sign,grp9_21d58e17-S3_back.jpg,E:\2. UM-Student\MSC Dissertation\Urban-Vision-Benchmark\Datasets\MTSD\Prepared\MTSD-Unaugmented\MTSD-YOLO\test\images\grp9_21d58e17-S3_back.jpg,672.86,1264.4,1146.97,3478.73,0.3984,traffic sign,True,True,422.6,mtsd-p12
SAM 3.1,traffic sign,grp9_21d58e17-S3_back.jpg,E:\2. UM-Student\MSC Dissertation\Urban-Vision-Benchmark\Datasets\MTSD\Prepared\MTSD-Unaugmented\MTSD-YOLO\test\images\grp9_21d58e17-S3_back.jpg,301.26,2051.27,365.97,2137.58,0.3926,traffic sign,True,True,422.6,mtsd-p12
SAM 3.1,traffic sign,grp9_21d58e17-S3_back.jpg,E:\2. UM-Student\MSC Dissertation\Urban-Vision-Benchmark\Datasets\MTSD\Prepared\MTSD-Unaugmented\MTSD-YOLO\test\images\grp9_21d58e17-S3_back.jpg,673.21,1266.44,1142.5,1718.99,0.7578,traffic sign,True,True,422.6,mtsd-p12
SAM 3.1,traffic sign,grp9_24a6f4e2-20251122_141915.jpg,E:\2. UM-Student\MSC Dissertation\Urban-Vision-Benchmark\Datasets\MTSD\Prepared\MTSD-Unaugmented\MTSD-YOLO\test\images\grp9_24a6f4e2-20251122_141915.jpg,,,,,,<no detections>,False,True,151.8,mtsd-p12
SAM 3.1,traffic sign,grp9_29bd496f-IMG_20251106_153126.jpg,E:\2. UM-Student\MSC Dissertation\Urban-Vision-Benchmark\Datasets\MTSD\Prepared\MTSD-Unaugmented\MTSD-YOLO\test\images\grp9_29bd496f-IMG_20251106_153126.jpg,1260.29,2257.03,1471.18,2511.6,0.3047,traffic sign,True,True,537.2,mtsd-p12
SAM 3.1,traffic sign,grp9_29bd496f-IMG_20251106_153126.jpg,E:\2. UM-Student\MSC Dissertation\Urban-Vision-Benchmark\Datasets\MTSD\Prepared\MTSD-Unaugmented\MTSD-YOLO\test\images\grp9_29bd496f-IMG_20251106_153126.jpg,10.21,2656.27,334.95,2848.89,0.75,traffic sign,True,True,537.2,mtsd-p12
SAM 3.1,traffic sign,grp9_29bd496f-IMG_20251106_153126.jpg,E:\2. UM-Student\MSC Dissertation\Urban-Vision-Benchmark\Datasets\MTSD\Prepared\MTSD-Unaugmented\MTSD-YOLO\test\images\grp9_29bd496f-IMG_20251106_153126.jpg,1068.22,2212.47,1680.62,3109.38,0.8086,traffic sign,True,True,537.2,mtsd-p12
SAM 3.1,traffic sign,grp9_29bd496f-IMG_20251106_153126.jpg,E:\2. UM-Student\MSC Dissertation\Urban-Vision-Benchmark\Datasets\MTSD\Prepared\MTSD-Unaugmented\MTSD-YOLO\test\images\grp9_29bd496f-IMG_20251106_153126.jpg,1309.78,1482.54,1435.18,2221.08,0.6328,traffic sign,True,True,537.2,mtsd-p12
SAM 3.1,traffic sign,grp9_2c12e74f-IMG_20251106_141727.jpg,E:\2. UM-Student\MSC Dissertation\Urban-Vision-Benchmark\Datasets\MTSD\Prepared\MTSD-Unaugmented\MTSD-YOLO\test\images\grp9_2c12e74f-IMG_20251106_141727.jpg,,,,,,<no detections>,False,True,146.7,mtsd-p12
SAM 3.1,traffic sign,grp9_31a93fb3-20251122_141601.jpg,E:\2. UM-Student\MSC Dissertation\Urban-Vision-Benchmark\Datasets\MTSD\Prepared\MTSD-Unaugmented\MTSD-YOLO\test\images\grp9_31a93fb3-20251122_141601.jpg,,,,,,<no detections>,False,True,144.5,mtsd-p12
SAM 3.1,traffic sign,grp9_3724af9d-IMG_20251106_144506.jpg,E:\2. UM-Student\MSC Dissertation\Urban-Vision-Benchmark\Datasets\MTSD\Prepared\MTSD-Unaugmented\MTSD-YOLO\test\images\grp9_3724af9d-IMG_20251106_144506.jpg,1058.8,1160.1,2385.61,2968.12,0.5781,traffic sign,True,True,193.7,mtsd-p12
SAM 3.1,traffic sign,grp9_37f0c8a3-IMG_20251111_162207.jpg,E:\2. UM-Student\MSC Dissertation\Urban-Vision-Benchmark\Datasets\MTSD\Prepared\MTSD-Unaugmented\MTSD-YOLO\test\images\grp9_37f0c8a3-IMG_20251111_162207.jpg,558.23,2614.22,592.41,2663.13,0.4336,traffic sign,True,True,729.2,mtsd-p12
SAM 3.1,traffic sign,grp9_37f0c8a3-IMG_20251111_162207.jpg,E:\2. UM-Student\MSC Dissertation\Urban-Vision-Benchmark\Datasets\MTSD\Prepared\MTSD-Unaugmented\MTSD-YOLO\test\images\grp9_37f0c8a3-IMG_20251111_162207.jpg,1876.89,2664.32,1961.98,2790.56,0.8828,traffic sign,True,True,729.2,mtsd-p12
SAM 3.1,traffic sign,grp9_37f0c8a3-IMG_20251111_162207.jpg,E:\2. UM-Student\MSC Dissertation\Urban-Vision-Benchmark\Datasets\MTSD\Prepared\MTSD-Unaugmented\MTSD-YOLO\test\images\grp9_37f0c8a3-IMG_20251111_162207.jpg,652.15,2611.8,692.92,2655.24,0.7656,traffic sign,True,True,729.2,mtsd-p12
SAM 3.1,traffic sign,grp9_37f0c8a3-IMG_20251111_162207.jpg,E:\2. UM-Student\MSC Dissertation\Urban-Vision-Benchmark\Datasets\MTSD\Prepared\MTSD-Unaugmented\MTSD-YOLO\test\images\grp9_37f0c8a3-IMG_20251111_162207.jpg,1538.5,1827.54,1621.33,2407.79,0.8125,traffic sign,True,True,729.2,mtsd-p12
SAM 3.1,traffic sign,grp9_37f0c8a3-IMG_20251111_162207.jpg,E:\2. UM-Student\MSC Dissertation\Urban-Vision-Benchmark\Datasets\MTSD\Prepared\MTSD-Unaugmented\MTSD-YOLO\test\images\grp9_37f0c8a3-IMG_20251111_162207.jpg,750.76,2648.56,817.98,2712.0,0.832,traffic sign,True,True,729.2,mtsd-p12
SAM 3.1,traffic sign,grp9_37f0c8a3-IMG_20251111_162207.jpg,E:\2. UM-Student\MSC Dissertation\Urban-Vision-Benchmark\Datasets\MTSD\Prepared\MTSD-Unaugmented\MTSD-YOLO\test\images\grp9_37f0c8a3-IMG_20251111_162207.jpg,623.61,2711.01,649.26,2783.43,0.3164,traffic sign,True,True,729.2,mtsd-p12
SAM 3.1,traffic sign,grp9_3cb31cc9-IMG_20251106_141426.jpg,E:\2. UM-Student\MSC Dissertation\Urban-Vision-Benchmark\Datasets\MTSD\Prepared\MTSD-Unaugmented\MTSD-YOLO\test\images\grp9_3cb31cc9-IMG_20251106_141426.jpg,2776.95,2465.32,2962.82,2645.14,0.3242,traffic sign,True,True,246.3,mtsd-p12
SAM 3.1,traffic sign,grp9_3cb31cc9-IMG_20251106_141426.jpg,E:\2. UM-Student\MSC Dissertation\Urban-Vision-Benchmark\Datasets\MTSD\Prepared\MTSD-Unaugmented\MTSD-YOLO\test\images\grp9_3cb31cc9-IMG_20251106_141426.jpg,2776.7,2467.86,2963.45,2565.26,0.3242,traffic sign,True,True,246.3,mtsd-p12
SAM 3.1,traffic sign,grp9_3cb31cc9-IMG_20251106_141426.jpg,E:\2. UM-Student\MSC Dissertation\Urban-Vision-Benchmark\Datasets\MTSD\Prepared\MTSD-Unaugmented\MTSD-YOLO\test\images\grp9_3cb31cc9-IMG_20251106_141426.jpg,833.38,1547.87,2326.15,2982.8,0.9141,traffic sign,True,True,246.3,mtsd-p12
SAM 3.1,traffic sign,grp9_3cb31cc9-IMG_20251106_141426.jpg,E:\2. UM-Student\MSC Dissertation\Urban-Vision-Benchmark\Datasets\MTSD\Prepared\MTSD-Unaugmented\MTSD-YOLO\test\images\grp9_3cb31cc9-IMG_20251106_141426.jpg,662.34,97.62,2528.16,1577.23,0.9297,traffic sign,True,True,246.3,mtsd-p12
SAM 3.1,traffic sign,grp9_3cb31cc9-IMG_20251106_141426.jpg,E:\2. UM-Student\MSC Dissertation\Urban-Vision-Benchmark\Datasets\MTSD\Prepared\MTSD-Unaugmented\MTSD-YOLO\test\images\grp9_3cb31cc9-IMG_20251106_141426.jpg,2312.6,2450.59,2370.4,2506.3,0.7656,traffic sign,True,True,246.3,mtsd-p12
SAM 3.1,traffic sign,grp9_42edbee1-IMG_20251210_142157.jpg,E:\2. UM-Student\MSC Dissertation\Urban-Vision-Benchmark\Datasets\MTSD\Prepared\MTSD-Unaugmented\MTSD-YOLO\test\images\grp9_42edbee1-IMG_20251210_142157.jpg,1845.37,2803.78,1875.8,2841.58,0.6406,traffic sign,True,True,547.2,mtsd-p12
SAM 3.1,traffic sign,grp9_42edbee1-IMG_20251210_142157.jpg,E:\2. UM-Student\MSC Dissertation\Urban-Vision-Benchmark\Datasets\MTSD\Prepared\MTSD-Unaugmented\MTSD-YOLO\test\images\grp9_42edbee1-IMG_20251210_142157.jpg,2402.66,2789.35,2479.63,2836.03,0.8008,traffic sign,True,True,547.2,mtsd-p12
SAM 3.1,traffic sign,grp9_42edbee1-IMG_20251210_142157.jpg,E:\2. UM-Student\MSC Dissertation\Urban-Vision-Benchmark\Datasets\MTSD\Prepared\MTSD-Unaugmented\MTSD-YOLO\test\images\grp9_42edbee1-IMG_20251210_142157.jpg,2038.23,2799.41,2071.37,2842.17,0.6914,traffic sign,True,True,547.2,mtsd-p12
SAM 3.1,traffic sign,grp9_42edbee1-IMG_20251210_142157.jpg,E:\2. UM-Student\MSC Dissertation\Urban-Vision-Benchmark\Datasets\MTSD\Prepared\MTSD-Unaugmented\MTSD-YOLO\test\images\grp9_42edbee1-IMG_20251210_142157.jpg,2399.18,2716.21,2472.81,2792.97,0.8594,traffic sign,True,True,547.2,mtsd-p12
SAM 3.1,traffic sign,grp9_42edbee1-IMG_20251210_142157.jpg,E:\2. UM-Student\MSC Dissertation\Urban-Vision-Benchmark\Datasets\MTSD\Prepared\MTSD-Unaugmented\MTSD-YOLO\test\images\grp9_42edbee1-IMG_20251210_142157.jpg,1282.52,1997.53,1865.85,4080.0,0.3867,traffic sign,True,True,547.2,mtsd-p12
SAM 3.1,traffic sign,grp9_42edbee1-IMG_20251210_142157.jpg,E:\2. UM-Student\MSC Dissertation\Urban-Vision-Benchmark\Datasets\MTSD\Prepared\MTSD-Unaugmented\MTSD-YOLO\test\images\grp9_42edbee1-IMG_20251210_142157.jpg,1285.84,1999.96,1869.67,2493.66,0.9258,traffic sign,True,True,547.2,mtsd-p12
SAM 3.1,traffic sign,grp9_4319ca3a-WhatsApp_Image_2026-01-03_at_18.45.41.jpeg,E:\2. UM-Student\MSC Dissertation\Urban-Vision-Benchmark\Datasets\MTSD\Prepared\MTSD-Unaugmented\MTSD-YOLO\test\images\grp9_4319ca3a-WhatsApp_Image_2026-01-03_at_18.45.41.jpeg,660.43,542.59,768.31,1600.0,0.3477,traffic sign,True,True,123.0,mtsd-p12
SAM 3.1,traffic sign,grp9_4319ca3a-WhatsApp_Image_2026-01-03_at_18.45.41.jpeg,E:\2. UM-Student\MSC Dissertation\Urban-Vision-Benchmark\Datasets\MTSD\Prepared\MTSD-Unaugmented\MTSD-YOLO\test\images\grp9_4319ca3a-WhatsApp_Image_2026-01-03_at_18.45.41.jpeg,646.31,872.11,755.14,1157.61,0.9062,traffic sign,True,True,123.0,mtsd-p12
SAM 3.1,traffic sign,grp9_4319ca3a-WhatsApp_Image_2026-01-03_at_18.45.41.jpeg,E:\2. UM-Student\MSC Dissertation\Urban-Vision-Benchmark\Datasets\MTSD\Prepared\MTSD-Unaugmented\MTSD-YOLO\test\images\grp9_4319ca3a-WhatsApp_Image_2026-01-03_at_18.45.41.jpeg,674.81,540.59,769.03,883.2,0.8672,traffic sign,True,True,123.0,mtsd-p12
SAM 3.1,traffic sign,grp9_441ca6d9-WhatsApp_Image_2026-01-03_at_18.45.36_2.jpeg,E:\2. UM-Student\MSC Dissertation\Urban-Vision-Benchmark\Datasets\MTSD\Prepared\MTSD-Unaugmented\MTSD-YOLO\test\images\grp9_441ca6d9-WhatsApp_Image_2026-01-03_at_18.45.36_2.jpeg,81.63,1507.07,109.87,1562.01,0.3066,traffic sign,True,True,122.5,mtsd-p12
SAM 3.1,traffic sign,grp9_44654df9-WhatsApp_Image_2026-01-03_at_18.45.36_3.jpeg,E:\2. UM-Student\MSC Dissertation\Urban-Vision-Benchmark\Datasets\MTSD\Prepared\MTSD-Unaugmented\MTSD-YOLO\test\images\grp9_44654df9-WhatsApp_Image_2026-01-03_at_18.45.36_3.jpeg,532.99,713.57,829.26,962.79,0.9219,traffic sign,True,True,127.2,mtsd-p12
SAM 3.1,traffic sign,grp9_44654df9-WhatsApp_Image_2026-01-03_at_18.45.36_3.jpeg,E:\2. UM-Student\MSC Dissertation\Urban-Vision-Benchmark\Datasets\MTSD\Prepared\MTSD-Unaugmented\MTSD-YOLO\test\images\grp9_44654df9-WhatsApp_Image_2026-01-03_at_18.45.36_3.jpeg,532.49,713.98,833.06,1600.0,0.373,traffic sign,True,True,127.2,mtsd-p12
SAM 3.1,traffic sign,grp9_48f9d230-IMG_20251112_155513.jpg,E:\2. UM-Student\MSC Dissertation\Urban-Vision-Benchmark\Datasets\MTSD\Prepared\MTSD-Unaugmented\MTSD-YOLO\test\images\grp9_48f9d230-IMG_20251112_155513.jpg,1816.77,2679.1,1872.03,2746.08,0.3027,traffic sign,True,True,350.4,mtsd-p12
SAM 3.1,traffic sign,grp9_48f9d230-IMG_20251112_155513.jpg,E:\2. UM-Student\MSC Dissertation\Urban-Vision-Benchmark\Datasets\MTSD\Prepared\MTSD-Unaugmented\MTSD-YOLO\test\images\grp9_48f9d230-IMG_20251112_155513.jpg,754.4,1845.53,1276.92,4080.0,0.5352,traffic sign,True,True,350.4,mtsd-p12
SAM 3.1,traffic sign,grp9_48f9d230-IMG_20251112_155513.jpg,E:\2. UM-Student\MSC Dissertation\Urban-Vision-Benchmark\Datasets\MTSD\Prepared\MTSD-Unaugmented\MTSD-YOLO\test\images\grp9_48f9d230-IMG_20251112_155513.jpg,1812.34,2819.6,1858.49,2885.84,0.6719,traffic sign,True,True,350.4,mtsd-p12
SAM 3.1,traffic sign,grp9_48f9d230-IMG_20251112_155513.jpg,E:\2. UM-Student\MSC Dissertation\Urban-Vision-Benchmark\Datasets\MTSD\Prepared\MTSD-Unaugmented\MTSD-YOLO\test\images\grp9_48f9d230-IMG_20251112_155513.jpg,846.05,2653.95,931.51,2770.19,0.7617,traffic sign,True,True,350.4,mtsd-p12
SAM 3.1,traffic sign,grp9_48f9d230-IMG_20251112_155513.jpg,E:\2. UM-Student\MSC Dissertation\Urban-Vision-Benchmark\Datasets\MTSD\Prepared\MTSD-Unaugmented\MTSD-YOLO\test\images\grp9_48f9d230-IMG_20251112_155513.jpg,1789.5,2763.18,1875.47,2824.0,0.7461,traffic sign,True,True,350.4,mtsd-p12
SAM 3.1,traffic sign,grp9_48f9d230-IMG_20251112_155513.jpg,E:\2. UM-Student\MSC Dissertation\Urban-Vision-Benchmark\Datasets\MTSD\Prepared\MTSD-Unaugmented\MTSD-YOLO\test\images\grp9_48f9d230-IMG_20251112_155513.jpg,752.1,1851.5,1279.79,2360.16,0.7344,traffic sign,True,True,350.4,mtsd-p12
SAM 3.1,traffic sign,grp9_48f9d230-IMG_20251112_155513.jpg,E:\2. UM-Student\MSC Dissertation\Urban-Vision-Benchmark\Datasets\MTSD\Prepared\MTSD-Unaugmented\MTSD-YOLO\test\images\grp9_48f9d230-IMG_20251112_155513.jpg,842.37,2660.71,932.3,3339.08,0.3164,traffic sign,True,True,350.4,mtsd-p12
SAM 3.1,traffic sign,grp9_4a9c7d83-IMG_20251111_143857.jpg,E:\2. UM-Student\MSC Dissertation\Urban-Vision-Benchmark\Datasets\MTSD\Prepared\MTSD-Unaugmented\MTSD-YOLO\test\images\grp9_4a9c7d83-IMG_20251111_143857.jpg,1386.95,1664.47,1771.22,3689.03,0.3359,traffic sign,True,True,210.7,mtsd-p12
SAM 3.1,traffic sign,grp9_4a9c7d83-IMG_20251111_143857.jpg,E:\2. UM-Student\MSC Dissertation\Urban-Vision-Benchmark\Datasets\MTSD\Prepared\MTSD-Unaugmented\MTSD-YOLO\test\images\grp9_4a9c7d83-IMG_20251111_143857.jpg,1398.0,2067.51,1813.68,2436.09,0.8867,traffic sign,True,True,210.7,mtsd-p12
SAM 3.1,traffic sign,grp9_4a9c7d83-IMG_20251111_143857.jpg,E:\2. UM-Student\MSC Dissertation\Urban-Vision-Benchmark\Datasets\MTSD\Prepared\MTSD-Unaugmented\MTSD-YOLO\test\images\grp9_4a9c7d83-IMG_20251111_143857.jpg,1392.73,1651.84,1739.55,2075.91,0.4141,traffic sign,True,True,210.7,mtsd-p12
SAM 3.1,traffic sign,grp9_4d9da647-IMG_20251112_160636.jpg,E:\2. UM-Student\MSC Dissertation\Urban-Vision-Benchmark\Datasets\MTSD\Prepared\MTSD-Unaugmented\MTSD-YOLO\test\images\grp9_4d9da647-IMG_20251112_160636.jpg,861.41,1435.78,1741.57,4079.0,0.373,traffic sign,True,True,163.5,mtsd-p12
SAM 3.1,traffic sign,grp9_4d9da647-IMG_20251112_160636.jpg,E:\2. UM-Student\MSC Dissertation\Urban-Vision-Benchmark\Datasets\MTSD\Prepared\MTSD-Unaugmented\MTSD-YOLO\test\images\grp9_4d9da647-IMG_20251112_160636.jpg,864.65,1442.07,1736.03,2286.26,0.8633,traffic sign,True,True,163.5,mtsd-p12
SAM 3.1,traffic sign,grp9_561ba1c4-IMG_20251111_162044.jpg,E:\2. UM-Student\MSC Dissertation\Urban-Vision-Benchmark\Datasets\MTSD\Prepared\MTSD-Unaugmented\MTSD-YOLO\test\images\grp9_561ba1c4-IMG_20251111_162044.jpg,1899.57,2471.0,1978.02,2554.6,0.8594,traffic sign,True,True,646.0,mtsd-p12
SAM 3.1,traffic sign,grp9_561ba1c4-IMG_20251111_162044.jpg,E:\2. UM-Student\MSC Dissertation\Urban-Vision-Benchmark\Datasets\MTSD\Prepared\MTSD-Unaugmented\MTSD-YOLO\test\images\grp9_561ba1c4-IMG_20251111_162044.jpg,1883.46,2371.19,1985.25,2468.67,0.8555,traffic sign,True,True,646.0,mtsd-p12
SAM 3.1,traffic sign,grp9_561ba1c4-IMG_20251111_162044.jpg,E:\2. UM-Student\MSC Dissertation\Urban-Vision-Benchmark\Datasets\MTSD\Prepared\MTSD-Unaugmented\MTSD-YOLO\test\images\grp9_561ba1c4-IMG_20251111_162044.jpg,1179.37,2654.64,1203.12,2704.27,0.4785,traffic sign,True,True,646.0,mtsd-p12
SAM 3.1,traffic sign,grp9_561ba1c4-IMG_20251111_162044.jpg,E:\2. UM-Student\MSC Dissertation\Urban-Vision-Benchmark\Datasets\MTSD\Prepared\MTSD-Unaugmented\MTSD-YOLO\test\images\grp9_561ba1c4-IMG_20251111_162044.jpg,1421.25,2632.84,1441.46,2684.54,0.6484,traffic sign,True,True,646.0,mtsd-p12
SAM 3.1,traffic sign,grp9_561ba1c4-IMG_20251111_162044.jpg,E:\2. UM-Student\MSC Dissertation\Urban-Vision-Benchmark\Datasets\MTSD\Prepared\MTSD-Unaugmented\MTSD-YOLO\test\images\grp9_561ba1c4-IMG_20251111_162044.jpg,1159.3,2585.8,1189.04,2636.03,0.6953,traffic sign,True,True,646.0,mtsd-p12
SAM 3.1,traffic sign,grp9_561ba1c4-IMG_20251111_162044.jpg,E:\2. UM-Student\MSC Dissertation\Urban-Vision-Benchmark\Datasets\MTSD\Prepared\MTSD-Unaugmented\MTSD-YOLO\test\images\grp9_561ba1c4-IMG_20251111_162044.jpg,800.65,2609.33,824.64,2647.87,0.5391,traffic sign,True,True,646.0,mtsd-p12
SAM 3.1,traffic sign,grp9_561ba1c4-IMG_20251111_162044.jpg,E:\2. UM-Student\MSC Dissertation\Urban-Vision-Benchmark\Datasets\MTSD\Prepared\MTSD-Unaugmented\MTSD-YOLO\test\images\grp9_561ba1c4-IMG_20251111_162044.jpg,1222.58,1855.2,1585.03,2211.33,0.8984,traffic sign,True,True,646.0,mtsd-p12
SAM 3.1,traffic sign,grp9_58c8b920-IMG_20251106_153249.jpg,E:\2. UM-Student\MSC Dissertation\Urban-Vision-Benchmark\Datasets\MTSD\Prepared\MTSD-Unaugmented\MTSD-YOLO\test\images\grp9_58c8b920-IMG_20251106_153249.jpg,1383.29,1595.8,1818.76,1983.54,0.3164,traffic sign,True,True,194.0,mtsd-p12
SAM 3.1,traffic sign,grp9_5b67e831-IMG_20251106_155530.jpg,E:\2. UM-Student\MSC Dissertation\Urban-Vision-Benchmark\Datasets\MTSD\Prepared\MTSD-Unaugmented\MTSD-YOLO\test\images\grp9_5b67e831-IMG_20251106_155530.jpg,1098.6,2878.96,1327.59,3536.19,0.3086,traffic sign,True,True,223.3,mtsd-p12
SAM 3.1,traffic sign,grp9_5b67e831-IMG_20251106_155530.jpg,E:\2. UM-Student\MSC Dissertation\Urban-Vision-Benchmark\Datasets\MTSD\Prepared\MTSD-Unaugmented\MTSD-YOLO\test\images\grp9_5b67e831-IMG_20251106_155530.jpg,1097.1,2877.31,1682.49,3540.59,0.4258,traffic sign,True,True,223.3,mtsd-p12
SAM 3.1,traffic sign,grp9_5b67e831-IMG_20251106_155530.jpg,E:\2. UM-Student\MSC Dissertation\Urban-Vision-Benchmark\Datasets\MTSD\Prepared\MTSD-Unaugmented\MTSD-YOLO\test\images\grp9_5b67e831-IMG_20251106_155530.jpg,913.43,1006.72,1902.06,3991.42,0.416,traffic sign,True,True,223.3,mtsd-p12
SAM 3.1,traffic sign,grp9_5b67e831-IMG_20251106_155530.jpg,E:\2. UM-Student\MSC Dissertation\Urban-Vision-Benchmark\Datasets\MTSD\Prepared\MTSD-Unaugmented\MTSD-YOLO\test\images\grp9_5b67e831-IMG_20251106_155530.jpg,882.99,1803.29,1913.42,2796.75,0.5859,traffic sign,True,True,223.3,mtsd-p12
SAM 3.1,traffic sign,grp9_5b67e831-IMG_20251106_155530.jpg,E:\2. UM-Student\MSC Dissertation\Urban-Vision-Benchmark\Datasets\MTSD\Prepared\MTSD-Unaugmented\MTSD-YOLO\test\images\grp9_5b67e831-IMG_20251106_155530.jpg,999.33,1009.07,1887.51,1805.41,0.6641,traffic sign,True,True,223.3,mtsd-p12
SAM 3.1,traffic sign,grp9_636a2125-IMG_20251111_155635.jpg,E:\2. UM-Student\MSC Dissertation\Urban-Vision-Benchmark\Datasets\MTSD\Prepared\MTSD-Unaugmented\MTSD-YOLO\test\images\grp9_636a2125-IMG_20251111_155635.jpg,,,,,,<no detections>,False,True,155.4,mtsd-p12
SAM 3.1,traffic sign,grp9_673470fc-IMG_20251111_160954.jpg,E:\2. UM-Student\MSC Dissertation\Urban-Vision-Benchmark\Datasets\MTSD\Prepared\MTSD-Unaugmented\MTSD-YOLO\test\images\grp9_673470fc-IMG_20251111_160954.jpg,2642.79,2169.49,2740.96,2264.85,0.7148,traffic sign,True,True,770.4,mtsd-p12
SAM 3.1,traffic sign,grp9_673470fc-IMG_20251111_160954.jpg,E:\2. UM-Student\MSC Dissertation\Urban-Vision-Benchmark\Datasets\MTSD\Prepared\MTSD-Unaugmented\MTSD-YOLO\test\images\grp9_673470fc-IMG_20251111_160954.jpg,2659.84,2279.69,2733.55,2365.0,0.7969,traffic sign,True,True,770.4,mtsd-p12
SAM 3.1,traffic sign,grp9_673470fc-IMG_20251111_160954.jpg,E:\2. UM-Student\MSC Dissertation\Urban-Vision-Benchmark\Datasets\MTSD\Prepared\MTSD-Unaugmented\MTSD-YOLO\test\images\grp9_673470fc-IMG_20251111_160954.jpg,471.35,2180.24,506.44,2293.35,0.3008,traffic sign,True,True,770.4,mtsd-p12
SAM 3.1,traffic sign,grp9_673470fc-IMG_20251111_160954.jpg,E:\2. UM-Student\MSC Dissertation\Urban-Vision-Benchmark\Datasets\MTSD\Prepared\MTSD-Unaugmented\MTSD-YOLO\test\images\grp9_673470fc-IMG_20251111_160954.jpg,1367.81,2400.99,1415.01,2440.41,0.7852,traffic sign,True,True,770.4,mtsd-p12
SAM 3.1,traffic sign,grp9_673470fc-IMG_20251111_160954.jpg,E:\2. UM-Student\MSC Dissertation\Urban-Vision-Benchmark\Datasets\MTSD\Prepared\MTSD-Unaugmented\MTSD-YOLO\test\images\grp9_673470fc-IMG_20251111_160954.jpg,1664.37,2393.27,1714.97,2446.63,0.7773,traffic sign,True,True,770.4,mtsd-p12
SAM 3.1,traffic sign,grp9_673470fc-IMG_20251111_160954.jpg,E:\2. UM-Student\MSC Dissertation\Urban-Vision-Benchmark\Datasets\MTSD\Prepared\MTSD-Unaugmented\MTSD-YOLO\test\images\grp9_673470fc-IMG_20251111_160954.jpg,1367.05,2360.26,1412.59,2405.86,0.793,traffic sign,True,True,770.4,mtsd-p12
SAM 3.1,traffic sign,grp9_673470fc-IMG_20251111_160954.jpg,E:\2. UM-Student\MSC Dissertation\Urban-Vision-Benchmark\Datasets\MTSD\Prepared\MTSD-Unaugmented\MTSD-YOLO\test\images\grp9_673470fc-IMG_20251111_160954.jpg,1012.14,2309.84,1097.16,2395.65,0.8672,traffic sign,True,True,770.4,mtsd-p12
SAM 3.1,traffic sign,grp9_673470fc-IMG_20251111_160954.jpg,E:\2. UM-Student\MSC Dissertation\Urban-Vision-Benchmark\Datasets\MTSD\Prepared\MTSD-Unaugmented\MTSD-YOLO\test\images\grp9_673470fc-IMG_20251111_160954.jpg,2285.07,2372.3,2322.71,2427.15,0.3652,traffic sign,True,True,770.4,mtsd-p12
SAM 3.1,traffic sign,grp9_673470fc-IMG_20251111_160954.jpg,E:\2. UM-Student\MSC Dissertation\Urban-Vision-Benchmark\Datasets\MTSD\Prepared\MTSD-Unaugmented\MTSD-YOLO\test\images\grp9_673470fc-IMG_20251111_160954.jpg,2049.47,2312.56,2123.96,2392.03,0.6641,traffic sign,True,True,770.4,mtsd-p12
SAM 3.1,traffic sign,grp9_673470fc-IMG_20251111_160954.jpg,E:\2. UM-Student\MSC Dissertation\Urban-Vision-Benchmark\Datasets\MTSD\Prepared\MTSD-Unaugmented\MTSD-YOLO\test\images\grp9_673470fc-IMG_20251111_160954.jpg,2755.96,2286.08,2822.83,2360.44,0.6797,traffic sign,True,True,770.4,mtsd-p12
SAM 3.1,traffic sign,grp9_673470fc-IMG_20251111_160954.jpg,E:\2. UM-Student\MSC Dissertation\Urban-Vision-Benchmark\Datasets\MTSD\Prepared\MTSD-Unaugmented\MTSD-YOLO\test\images\grp9_673470fc-IMG_20251111_160954.jpg,1955.65,2408.53,1994.89,2459.78,0.6953,traffic sign,True,True,770.4,mtsd-p12
SAM 3.1,traffic sign,grp9_673470fc-IMG_20251111_160954.jpg,E:\2. UM-Student\MSC Dissertation\Urban-Vision-Benchmark\Datasets\MTSD\Prepared\MTSD-Unaugmented\MTSD-YOLO\test\images\grp9_673470fc-IMG_20251111_160954.jpg,2466.97,2367.12,2501.22,2403.35,0.3164,traffic sign,True,True,770.4,mtsd-p12
SAM 3.1,traffic sign,grp9_673470fc-IMG_20251111_160954.jpg,E:\2. UM-Student\MSC Dissertation\Urban-Vision-Benchmark\Datasets\MTSD\Prepared\MTSD-Unaugmented\MTSD-YOLO\test\images\grp9_673470fc-IMG_20251111_160954.jpg,1473.29,1740.69,1798.23,3140.06,0.3066,traffic sign,True,True,770.4,mtsd-p12
SAM 3.1,traffic sign,grp9_673470fc-IMG_20251111_160954.jpg,E:\2. UM-Student\MSC Dissertation\Urban-Vision-Benchmark\Datasets\MTSD\Prepared\MTSD-Unaugmented\MTSD-YOLO\test\images\grp9_673470fc-IMG_20251111_160954.jpg,1523.62,2044.43,1773.8,2301.86,0.9023,traffic sign,True,True,770.4,mtsd-p12
SAM 3.1,traffic sign,grp9_673470fc-IMG_20251111_160954.jpg,E:\2. UM-Student\MSC Dissertation\Urban-Vision-Benchmark\Datasets\MTSD\Prepared\MTSD-Unaugmented\MTSD-YOLO\test\images\grp9_673470fc-IMG_20251111_160954.jpg,2000.88,2519.64,2050.66,2643.42,0.625,traffic sign,True,True,770.4,mtsd-p12
SAM 3.1,traffic sign,grp9_673470fc-IMG_20251111_160954.jpg,E:\2. UM-Student\MSC Dissertation\Urban-Vision-Benchmark\Datasets\MTSD\Prepared\MTSD-Unaugmented\MTSD-YOLO\test\images\grp9_673470fc-IMG_20251111_160954.jpg,1472.1,1731.04,1804.14,2042.74,0.8945,traffic sign,True,True,770.4,mtsd-p12
SAM 3.1,traffic sign,grp9_673470fc-IMG_20251111_160954.jpg,E:\2. UM-Student\MSC Dissertation\Urban-Vision-Benchmark\Datasets\MTSD\Prepared\MTSD-Unaugmented\MTSD-YOLO\test\images\grp9_673470fc-IMG_20251111_160954.jpg,2158.76,2286.27,2239.55,2372.63,0.8555,traffic sign,True,True,770.4,mtsd-p12
SAM 3.1,traffic sign,grp9_6867b383-IMG_20251111_160020.jpg,E:\2. UM-Student\MSC Dissertation\Urban-Vision-Benchmark\Datasets\MTSD\Prepared\MTSD-Unaugmented\MTSD-YOLO\test\images\grp9_6867b383-IMG_20251111_160020.jpg,1272.38,1685.58,1730.73,2132.71,0.8633,traffic sign,True,True,211.7,mtsd-p12
SAM 3.1,traffic sign,grp9_6ad958e6-IMG_20251112_155635.jpg,E:\2. UM-Student\MSC Dissertation\Urban-Vision-Benchmark\Datasets\MTSD\Prepared\MTSD-Unaugmented\MTSD-YOLO\test\images\grp9_6ad958e6-IMG_20251112_155635.jpg,1232.55,1257.87,1705.05,2134.97,0.7148,traffic sign,True,True,187.9,mtsd-p12
SAM 3.1,traffic sign,grp9_6ad958e6-IMG_20251112_155635.jpg,E:\2. UM-Student\MSC Dissertation\Urban-Vision-Benchmark\Datasets\MTSD\Prepared\MTSD-Unaugmented\MTSD-YOLO\test\images\grp9_6ad958e6-IMG_20251112_155635.jpg,1277.08,1269.34,1704.6,4080.0,0.3125,traffic sign,True,True,187.9,mtsd-p12
SAM 3.1,traffic sign,grp9_6adfb65e-WhatsApp_Image_2026-01-01_at_18.13.00_2.jpeg,E:\2. UM-Student\MSC Dissertation\Urban-Vision-Benchmark\Datasets\MTSD\Prepared\MTSD-Unaugmented\MTSD-YOLO\test\images\grp9_6adfb65e-WhatsApp_Image_2026-01-01_at_18.13.00_2.jpeg,1114.49,1435.3,1206.83,1819.7,0.334,traffic sign,True,True,166.8,mtsd-p12
SAM 3.1,traffic sign,grp9_6adfb65e-WhatsApp_Image_2026-01-01_at_18.13.00_2.jpeg,E:\2. UM-Student\MSC Dissertation\Urban-Vision-Benchmark\Datasets\MTSD\Prepared\MTSD-Unaugmented\MTSD-YOLO\test\images\grp9_6adfb65e-WhatsApp_Image_2026-01-01_at_18.13.00_2.jpeg,802.87,1519.25,964.81,1591.2,0.3242,traffic sign,True,True,166.8,mtsd-p12
SAM 3.1,traffic sign,grp9_6adfb65e-WhatsApp_Image_2026-01-01_at_18.13.00_2.jpeg,E:\2. UM-Student\MSC Dissertation\Urban-Vision-Benchmark\Datasets\MTSD\Prepared\MTSD-Unaugmented\MTSD-YOLO\test\images\grp9_6adfb65e-WhatsApp_Image_2026-01-01_at_18.13.00_2.jpeg,153.63,0.0,248.14,72.38,0.3809,traffic sign,True,True,166.8,mtsd-p12
SAM 3.1,traffic sign,grp9_6adfb65e-WhatsApp_Image_2026-01-01_at_18.13.00_2.jpeg,E:\2. UM-Student\MSC Dissertation\Urban-Vision-Benchmark\Datasets\MTSD\Prepared\MTSD-Unaugmented\MTSD-YOLO\test\images\grp9_6adfb65e-WhatsApp_Image_2026-01-01_at_18.13.00_2.jpeg,330.85,1053.71,652.49,1357.42,0.9023,traffic sign,True,True,166.8,mtsd-p12
SAM 3.1,traffic sign,grp9_6adfb65e-WhatsApp_Image_2026-01-01_at_18.13.00_2.jpeg,E:\2. UM-Student\MSC Dissertation\Urban-Vision-Benchmark\Datasets\MTSD\Prepared\MTSD-Unaugmented\MTSD-YOLO\test\images\grp9_6adfb65e-WhatsApp_Image_2026-01-01_at_18.13.00_2.jpeg,1114.3,1437.88,1164.65,1508.5,0.6016,traffic sign,True,True,166.8,mtsd-p12
SAM 3.1,traffic sign,grp9_6adfb65e-WhatsApp_Image_2026-01-01_at_18.13.00_2.jpeg,E:\2. UM-Student\MSC Dissertation\Urban-Vision-Benchmark\Datasets\MTSD\Prepared\MTSD-Unaugmented\MTSD-YOLO\test\images\grp9_6adfb65e-WhatsApp_Image_2026-01-01_at_18.13.00_2.jpeg,913.89,1419.91,951.76,1487.35,0.6289,traffic sign,True,True,166.8,mtsd-p12
SAM 3.1,traffic sign,grp9_6adfb65e-WhatsApp_Image_2026-01-01_at_18.13.00_2.jpeg,E:\2. UM-Student\MSC Dissertation\Urban-Vision-Benchmark\Datasets\MTSD\Prepared\MTSD-Unaugmented\MTSD-YOLO\test\images\grp9_6adfb65e-WhatsApp_Image_2026-01-01_at_18.13.00_2.jpeg,269.66,0.0,301.09,47.7,0.3027,traffic sign,True,True,166.8,mtsd-p12
SAM 3.1,traffic sign,grp9_6e84abf6-IMG_20251106_145409.jpg,E:\2. UM-Student\MSC Dissertation\Urban-Vision-Benchmark\Datasets\MTSD\Prepared\MTSD-Unaugmented\MTSD-YOLO\test\images\grp9_6e84abf6-IMG_20251106_145409.jpg,1193.26,1925.58,2237.67,2929.44,0.9219,traffic sign,True,True,224.9,mtsd-p12
SAM 3.1,traffic sign,grp9_6e84abf6-IMG_20251106_145409.jpg,E:\2. UM-Student\MSC Dissertation\Urban-Vision-Benchmark\Datasets\MTSD\Prepared\MTSD-Unaugmented\MTSD-YOLO\test\images\grp9_6e84abf6-IMG_20251106_145409.jpg,1836.25,3367.05,2040.65,3501.31,0.4512,traffic sign,True,True,224.9,mtsd-p12
SAM 3.1,traffic sign,grp9_6e84abf6-IMG_20251106_145409.jpg,E:\2. UM-Student\MSC Dissertation\Urban-Vision-Benchmark\Datasets\MTSD\Prepared\MTSD-Unaugmented\MTSD-YOLO\test\images\grp9_6e84abf6-IMG_20251106_145409.jpg,1018.85,1060.8,2325.65,1943.27,0.9297,traffic sign,True,True,224.9,mtsd-p12
SAM 3.1,traffic sign,grp9_73c5c90a-IMG_20251106_152941.jpg,E:\2. UM-Student\MSC Dissertation\Urban-Vision-Benchmark\Datasets\MTSD\Prepared\MTSD-Unaugmented\MTSD-YOLO\test\images\grp9_73c5c90a-IMG_20251106_152941.jpg,1415.02,1644.03,1511.45,2229.98,0.334,traffic sign,True,True,184.7,mtsd-p12
SAM 3.1,traffic sign,grp9_76700fa1-IMG_20251111_162238.jpg,E:\2. UM-Student\MSC Dissertation\Urban-Vision-Benchmark\Datasets\MTSD\Prepared\MTSD-Unaugmented\MTSD-YOLO\test\images\grp9_76700fa1-IMG_20251111_162238.jpg,2139.46,2296.84,2244.2,2421.01,0.5273,traffic sign,True,True,647.3,mtsd-p12
SAM 3.1,traffic sign,grp9_76700fa1-IMG_20251111_162238.jpg,E:\2. UM-Student\MSC Dissertation\Urban-Vision-Benchmark\Datasets\MTSD\Prepared\MTSD-Unaugmented\MTSD-YOLO\test\images\grp9_76700fa1-IMG_20251111_162238.jpg,2654.08,2307.67,2699.46,2462.44,0.3613,traffic sign,True,True,647.3,mtsd-p12
SAM 3.1,traffic sign,grp9_76700fa1-IMG_20251111_162238.jpg,E:\2. UM-Student\MSC Dissertation\Urban-Vision-Benchmark\Datasets\MTSD\Prepared\MTSD-Unaugmented\MTSD-YOLO\test\images\grp9_76700fa1-IMG_20251111_162238.jpg,1460.16,2340.89,1534.85,2397.75,0.6719,traffic sign,True,True,647.3,mtsd-p12
SAM 3.1,traffic sign,grp9_76700fa1-IMG_20251111_162238.jpg,E:\2. UM-Student\MSC Dissertation\Urban-Vision-Benchmark\Datasets\MTSD\Prepared\MTSD-Unaugmented\MTSD-YOLO\test\images\grp9_76700fa1-IMG_20251111_162238.jpg,536.45,2117.73,640.84,2304.06,0.7383,traffic sign,True,True,647.3,mtsd-p12
SAM 3.1,traffic sign,grp9_76700fa1-IMG_20251111_162238.jpg,E:\2. UM-Student\MSC Dissertation\Urban-Vision-Benchmark\Datasets\MTSD\Prepared\MTSD-Unaugmented\MTSD-YOLO\test\images\grp9_76700fa1-IMG_20251111_162238.jpg,2114.1,2629.62,2181.35,2828.24,0.3691,traffic sign,True,True,647.3,mtsd-p12
SAM 3.1,traffic sign,grp9_76700fa1-IMG_20251111_162238.jpg,E:\2. UM-Student\MSC Dissertation\Urban-Vision-Benchmark\Datasets\MTSD\Prepared\MTSD-Unaugmented\MTSD-YOLO\test\images\grp9_76700fa1-IMG_20251111_162238.jpg,1508.11,1938.11,1814.97,3304.09,0.3066,traffic sign,True,True,647.3,mtsd-p12
SAM 3.1,traffic sign,grp9_76700fa1-IMG_20251111_162238.jpg,E:\2. UM-Student\MSC Dissertation\Urban-Vision-Benchmark\Datasets\MTSD\Prepared\MTSD-Unaugmented\MTSD-YOLO\test\images\grp9_76700fa1-IMG_20251111_162238.jpg,1512.82,1943.16,1814.38,2255.64,0.918,traffic sign,True,True,647.3,mtsd-p12
SAM 3.1,traffic sign,grp9_76700fa1-IMG_20251111_162238.jpg,E:\2. UM-Student\MSC Dissertation\Urban-Vision-Benchmark\Datasets\MTSD\Prepared\MTSD-Unaugmented\MTSD-YOLO\test\images\grp9_76700fa1-IMG_20251111_162238.jpg,1469.47,1559.03,1888.81,1937.24,0.8906,traffic sign,True,True,647.3,mtsd-p12
SAM 3.1,traffic sign,grp9_76700fa1-IMG_20251111_162238.jpg,E:\2. UM-Student\MSC Dissertation\Urban-Vision-Benchmark\Datasets\MTSD\Prepared\MTSD-Unaugmented\MTSD-YOLO\test\images\grp9_76700fa1-IMG_20251111_162238.jpg,1838.82,2137.32,1993.55,2307.02,0.8867,traffic sign,True,True,647.3,mtsd-p12
SAM 3.1,traffic sign,grp9_7b22f970-IMG_20251106_152243.jpg,E:\2. UM-Student\MSC Dissertation\Urban-Vision-Benchmark\Datasets\MTSD\Prepared\MTSD-Unaugmented\MTSD-YOLO\test\images\grp9_7b22f970-IMG_20251106_152243.jpg,1926.13,2567.35,2333.21,2725.99,0.3926,traffic sign,True,True,229.0,mtsd-p12
SAM 3.1,traffic sign,grp9_7b22f970-IMG_20251106_152243.jpg,E:\2. UM-Student\MSC Dissertation\Urban-Vision-Benchmark\Datasets\MTSD\Prepared\MTSD-Unaugmented\MTSD-YOLO\test\images\grp9_7b22f970-IMG_20251106_152243.jpg,1055.32,2054.33,1937.08,3058.25,0.9102,traffic sign,True,True,229.0,mtsd-p12
SAM 3.1,traffic sign,grp9_7b22f970-IMG_20251106_152243.jpg,E:\2. UM-Student\MSC Dissertation\Urban-Vision-Benchmark\Datasets\MTSD\Prepared\MTSD-Unaugmented\MTSD-YOLO\test\images\grp9_7b22f970-IMG_20251106_152243.jpg,1102.55,826.53,1925.72,1793.46,0.9258,traffic sign,True,True,229.0,mtsd-p12
SAM 3.1,traffic sign,grp9_7d690022-WhatsApp_Image_2026-01-03_at_18.45.17_5.jpeg,E:\2. UM-Student\MSC Dissertation\Urban-Vision-Benchmark\Datasets\MTSD\Prepared\MTSD-Unaugmented\MTSD-YOLO\test\images\grp9_7d690022-WhatsApp_Image_2026-01-03_at_18.45.17_5.jpeg,,,,,,<no detections>,False,True,116.8,mtsd-p12
SAM 3.1,traffic sign,grp9_815852c2-IMG_20251112_155220.jpg,E:\2. UM-Student\MSC Dissertation\Urban-Vision-Benchmark\Datasets\MTSD\Prepared\MTSD-Unaugmented\MTSD-YOLO\test\images\grp9_815852c2-IMG_20251112_155220.jpg,462.63,2366.32,738.32,2518.15,0.3574,traffic sign,True,True,418.4,mtsd-p12
SAM 3.1,traffic sign,grp9_815852c2-IMG_20251112_155220.jpg,E:\2. UM-Student\MSC Dissertation\Urban-Vision-Benchmark\Datasets\MTSD\Prepared\MTSD-Unaugmented\MTSD-YOLO\test\images\grp9_815852c2-IMG_20251112_155220.jpg,479.2,2115.35,756.15,2377.34,0.4941,traffic sign,True,True,418.4,mtsd-p12
SAM 3.1,traffic sign,grp9_815852c2-IMG_20251112_155220.jpg,E:\2. UM-Student\MSC Dissertation\Urban-Vision-Benchmark\Datasets\MTSD\Prepared\MTSD-Unaugmented\MTSD-YOLO\test\images\grp9_815852c2-IMG_20251112_155220.jpg,513.24,2572.51,556.95,2647.14,0.3477,traffic sign,True,True,418.4,mtsd-p12
SAM 3.1,traffic sign,grp9_91c9ea8f-IMG_20251112_162243.jpg,E:\2. UM-Student\MSC Dissertation\Urban-Vision-Benchmark\Datasets\MTSD\Prepared\MTSD-Unaugmented\MTSD-YOLO\test\images\grp9_91c9ea8f-IMG_20251112_162243.jpg,1803.92,614.24,1942.54,680.85,0.3652,traffic sign,True,True,220.1,mtsd-p12
SAM 3.1,traffic sign,grp9_91c9ea8f-IMG_20251112_162243.jpg,E:\2. UM-Student\MSC Dissertation\Urban-Vision-Benchmark\Datasets\MTSD\Prepared\MTSD-Unaugmented\MTSD-YOLO\test\images\grp9_91c9ea8f-IMG_20251112_162243.jpg,1223.29,2082.93,1650.34,2619.64,0.7578,traffic sign,True,True,220.1,mtsd-p12
SAM 3.1,traffic sign,grp9_91c9ea8f-IMG_20251112_162243.jpg,E:\2. UM-Student\MSC Dissertation\Urban-Vision-Benchmark\Datasets\MTSD\Prepared\MTSD-Unaugmented\MTSD-YOLO\test\images\grp9_91c9ea8f-IMG_20251112_162243.jpg,1179.25,1650.97,1657.29,2085.47,0.8906,traffic sign,True,True,220.1,mtsd-p12
SAM 3.1,traffic sign,grp9_93cceec3-IMG_20251112_162528.jpg,E:\2. UM-Student\MSC Dissertation\Urban-Vision-Benchmark\Datasets\MTSD\Prepared\MTSD-Unaugmented\MTSD-YOLO\test\images\grp9_93cceec3-IMG_20251112_162528.jpg,990.94,720.35,2654.43,2431.31,0.8359,traffic sign,True,True,234.9,mtsd-p12
SAM 3.1,traffic sign,grp9_a133d565-WhatsApp_Image_2026-01-01_at_18.13.09.jpeg,E:\2. UM-Student\MSC Dissertation\Urban-Vision-Benchmark\Datasets\MTSD\Prepared\MTSD-Unaugmented\MTSD-YOLO\test\images\grp9_a133d565-WhatsApp_Image_2026-01-01_at_18.13.09.jpeg,602.28,1059.96,785.2,1245.52,0.6484,traffic sign,True,True,126.4,mtsd-p12
SAM 3.1,traffic sign,grp9_a3c63c83-IMG_20251112_162857.jpg,E:\2. UM-Student\MSC Dissertation\Urban-Vision-Benchmark\Datasets\MTSD\Prepared\MTSD-Unaugmented\MTSD-YOLO\test\images\grp9_a3c63c83-IMG_20251112_162857.jpg,1389.12,1961.35,1664.55,2604.46,0.4121,traffic sign,True,True,219.0,mtsd-p12
SAM 3.1,traffic sign,grp9_a3c63c83-IMG_20251112_162857.jpg,E:\2. UM-Student\MSC Dissertation\Urban-Vision-Benchmark\Datasets\MTSD\Prepared\MTSD-Unaugmented\MTSD-YOLO\test\images\grp9_a3c63c83-IMG_20251112_162857.jpg,1323.91,2617.66,1809.19,3488.97,0.4219,traffic sign,True,True,219.0,mtsd-p12
SAM 3.1,traffic sign,grp9_a3c63c83-IMG_20251112_162857.jpg,E:\2. UM-Student\MSC Dissertation\Urban-Vision-Benchmark\Datasets\MTSD\Prepared\MTSD-Unaugmented\MTSD-YOLO\test\images\grp9_a3c63c83-IMG_20251112_162857.jpg,1292.38,1191.83,1755.66,4080.0,0.3652,traffic sign,True,True,219.0,mtsd-p12
SAM 3.1,traffic sign,grp9_a3c63c83-IMG_20251112_162857.jpg,E:\2. UM-Student\MSC Dissertation\Urban-Vision-Benchmark\Datasets\MTSD\Prepared\MTSD-Unaugmented\MTSD-YOLO\test\images\grp9_a3c63c83-IMG_20251112_162857.jpg,1292.96,1176.82,1722.36,2006.17,0.5625,traffic sign,True,True,219.0,mtsd-p12
SAM 3.1,traffic sign,grp9_a6b8460c-20251122_140515.jpg,E:\2. UM-Student\MSC Dissertation\Urban-Vision-Benchmark\Datasets\MTSD\Prepared\MTSD-Unaugmented\MTSD-YOLO\test\images\grp9_a6b8460c-20251122_140515.jpg,2955.03,1670.48,3000.0,1823.66,0.5977,traffic sign,True,True,190.1,mtsd-p12
SAM 3.1,traffic sign,grp9_a745c9e2-IMG_20251106_152554.jpg,E:\2. UM-Student\MSC Dissertation\Urban-Vision-Benchmark\Datasets\MTSD\Prepared\MTSD-Unaugmented\MTSD-YOLO\test\images\grp9_a745c9e2-IMG_20251106_152554.jpg,1385.12,2052.03,2168.52,2877.83,0.5547,traffic sign,True,True,225.4,mtsd-p12
SAM 3.1,traffic sign,grp9_a745c9e2-IMG_20251106_152554.jpg,E:\2. UM-Student\MSC Dissertation\Urban-Vision-Benchmark\Datasets\MTSD\Prepared\MTSD-Unaugmented\MTSD-YOLO\test\images\grp9_a745c9e2-IMG_20251106_152554.jpg,1989.28,3624.01,2069.74,3687.45,0.3438,traffic sign,True,True,225.4,mtsd-p12
SAM 3.1,traffic sign,grp9_a745c9e2-IMG_20251106_152554.jpg,E:\2. UM-Student\MSC Dissertation\Urban-Vision-Benchmark\Datasets\MTSD\Prepared\MTSD-Unaugmented\MTSD-YOLO\test\images\grp9_a745c9e2-IMG_20251106_152554.jpg,1382.67,2048.77,2160.52,4096.0,0.3145,traffic sign,True,True,225.4,mtsd-p12
SAM 3.1,traffic sign,grp9_a745c9e2-IMG_20251106_152554.jpg,E:\2. UM-Student\MSC Dissertation\Urban-Vision-Benchmark\Datasets\MTSD\Prepared\MTSD-Unaugmented\MTSD-YOLO\test\images\grp9_a745c9e2-IMG_20251106_152554.jpg,1991.31,3618.35,2070.86,3739.01,0.3359,traffic sign,True,True,225.4,mtsd-p12
SAM 3.1,traffic sign,grp9_a745c9e2-IMG_20251106_152554.jpg,E:\2. UM-Student\MSC Dissertation\Urban-Vision-Benchmark\Datasets\MTSD\Prepared\MTSD-Unaugmented\MTSD-YOLO\test\images\grp9_a745c9e2-IMG_20251106_152554.jpg,2033.7,3763.52,2099.73,3824.58,0.377,traffic sign,True,True,225.4,mtsd-p12
SAM 3.1,traffic sign,grp9_a745c9e2-IMG_20251106_152554.jpg,E:\2. UM-Student\MSC Dissertation\Urban-Vision-Benchmark\Datasets\MTSD\Prepared\MTSD-Unaugmented\MTSD-YOLO\test\images\grp9_a745c9e2-IMG_20251106_152554.jpg,1995.0,3677.67,2076.18,3746.0,0.3672,traffic sign,True,True,225.4,mtsd-p12
SAM 3.1,traffic sign,grp9_a745c9e2-IMG_20251106_152554.jpg,E:\2. UM-Student\MSC Dissertation\Urban-Vision-Benchmark\Datasets\MTSD\Prepared\MTSD-Unaugmented\MTSD-YOLO\test\images\grp9_a745c9e2-IMG_20251106_152554.jpg,1987.42,3535.72,2060.76,3617.78,0.416,traffic sign,True,True,225.4,mtsd-p12
SAM 3.1,traffic sign,grp9_a7e54ad2-IMG_20251210_141604.jpg,E:\2. UM-Student\MSC Dissertation\Urban-Vision-Benchmark\Datasets\MTSD\Prepared\MTSD-Unaugmented\MTSD-YOLO\test\images\grp9_a7e54ad2-IMG_20251210_141604.jpg,1073.01,3566.71,1828.15,4078.81,0.7734,traffic sign,True,True,241.4,mtsd-p12
SAM 3.1,traffic sign,grp9_a7e54ad2-IMG_20251210_141604.jpg,E:\2. UM-Student\MSC Dissertation\Urban-Vision-Benchmark\Datasets\MTSD\Prepared\MTSD-Unaugmented\MTSD-YOLO\test\images\grp9_a7e54ad2-IMG_20251210_141604.jpg,1397.67,1128.8,1597.79,2219.53,0.8672,traffic sign,True,True,241.4,mtsd-p12
SAM 3.1,traffic sign,grp9_ae723934-WhatsApp_Image_2026-01-03_at_18.45.36.jpeg,E:\2. UM-Student\MSC Dissertation\Urban-Vision-Benchmark\Datasets\MTSD\Prepared\MTSD-Unaugmented\MTSD-YOLO\test\images\grp9_ae723934-WhatsApp_Image_2026-01-03_at_18.45.36.jpeg,1137.62,595.6,1200.0,764.88,0.6875,traffic sign,True,True,129.0,mtsd-p12
SAM 3.1,traffic sign,grp9_ae723934-WhatsApp_Image_2026-01-03_at_18.45.36.jpeg,E:\2. UM-Student\MSC Dissertation\Urban-Vision-Benchmark\Datasets\MTSD\Prepared\MTSD-Unaugmented\MTSD-YOLO\test\images\grp9_ae723934-WhatsApp_Image_2026-01-03_at_18.45.36.jpeg,560.52,710.45,750.89,882.44,0.9375,traffic sign,True,True,129.0,mtsd-p12
SAM 3.1,traffic sign,grp9_b775d113-IMG_20251111_162326.jpg,E:\2. UM-Student\MSC Dissertation\Urban-Vision-Benchmark\Datasets\MTSD\Prepared\MTSD-Unaugmented\MTSD-YOLO\test\images\grp9_b775d113-IMG_20251111_162326.jpg,2291.66,1292.07,2415.65,2029.01,0.3516,traffic sign,True,True,250.4,mtsd-p12
SAM 3.1,traffic sign,grp9_b775d113-IMG_20251111_162326.jpg,E:\2. UM-Student\MSC Dissertation\Urban-Vision-Benchmark\Datasets\MTSD\Prepared\MTSD-Unaugmented\MTSD-YOLO\test\images\grp9_b775d113-IMG_20251111_162326.jpg,2771.23,2689.07,2848.54,2765.7,0.8398,traffic sign,True,True,250.4,mtsd-p12
SAM 3.1,traffic sign,grp9_b775d113-IMG_20251111_162326.jpg,E:\2. UM-Student\MSC Dissertation\Urban-Vision-Benchmark\Datasets\MTSD\Prepared\MTSD-Unaugmented\MTSD-YOLO\test\images\grp9_b775d113-IMG_20251111_162326.jpg,733.32,2366.55,822.73,2574.37,0.8711,traffic sign,True,True,250.4,mtsd-p12
SAM 3.1,traffic sign,grp9_b775d113-IMG_20251111_162326.jpg,E:\2. UM-Student\MSC Dissertation\Urban-Vision-Benchmark\Datasets\MTSD\Prepared\MTSD-Unaugmented\MTSD-YOLO\test\images\grp9_b775d113-IMG_20251111_162326.jpg,2771.43,2677.29,2852.29,2984.37,0.3301,traffic sign,True,True,250.4,mtsd-p12
SAM 3.1,traffic sign,grp9_b775d113-IMG_20251111_162326.jpg,E:\2. UM-Student\MSC Dissertation\Urban-Vision-Benchmark\Datasets\MTSD\Prepared\MTSD-Unaugmented\MTSD-YOLO\test\images\grp9_b775d113-IMG_20251111_162326.jpg,2757.87,2606.09,2847.68,2689.14,0.7617,traffic sign,True,True,250.4,mtsd-p12
SAM 3.1,traffic sign,grp9_b8de4d86-IMG_20251112_162741.jpg,E:\2. UM-Student\MSC Dissertation\Urban-Vision-Benchmark\Datasets\MTSD\Prepared\MTSD-Unaugmented\MTSD-YOLO\test\images\grp9_b8de4d86-IMG_20251112_162741.jpg,2121.25,2791.86,2192.57,2909.4,0.4004,traffic sign,True,True,459.7,mtsd-p12
SAM 3.1,traffic sign,grp9_b8de4d86-IMG_20251112_162741.jpg,E:\2. UM-Student\MSC Dissertation\Urban-Vision-Benchmark\Datasets\MTSD\Prepared\MTSD-Unaugmented\MTSD-YOLO\test\images\grp9_b8de4d86-IMG_20251112_162741.jpg,1456.71,2096.83,1637.87,2436.91,0.4473,traffic sign,True,True,459.7,mtsd-p12
SAM 3.1,traffic sign,grp9_b8de4d86-IMG_20251112_162741.jpg,E:\2. UM-Student\MSC Dissertation\Urban-Vision-Benchmark\Datasets\MTSD\Prepared\MTSD-Unaugmented\MTSD-YOLO\test\images\grp9_b8de4d86-IMG_20251112_162741.jpg,1305.72,1639.09,1621.4,1985.12,0.8242,traffic sign,True,True,459.7,mtsd-p12
SAM 3.1,traffic sign,grp9_b8edf87e-IMG_20251106_153308.jpg,E:\2. UM-Student\MSC Dissertation\Urban-Vision-Benchmark\Datasets\MTSD\Prepared\MTSD-Unaugmented\MTSD-YOLO\test\images\grp9_b8edf87e-IMG_20251106_153308.jpg,1262.97,2320.29,1546.16,2608.58,0.7812,traffic sign,True,True,423.4,mtsd-p12
SAM 3.1,traffic sign,grp9_b8edf87e-IMG_20251106_153308.jpg,E:\2. UM-Student\MSC Dissertation\Urban-Vision-Benchmark\Datasets\MTSD\Prepared\MTSD-Unaugmented\MTSD-YOLO\test\images\grp9_b8edf87e-IMG_20251106_153308.jpg,2622.3,2932.43,2748.89,3052.23,0.6602,traffic sign,True,True,423.4,mtsd-p12
SAM 3.1,traffic sign,grp9_b8edf87e-IMG_20251106_153308.jpg,E:\2. UM-Student\MSC Dissertation\Urban-Vision-Benchmark\Datasets\MTSD\Prepared\MTSD-Unaugmented\MTSD-YOLO\test\images\grp9_b8edf87e-IMG_20251106_153308.jpg,1213.82,1951.19,1582.81,3143.3,0.4473,traffic sign,True,True,423.4,mtsd-p12
SAM 3.1,traffic sign,grp9_b8edf87e-IMG_20251106_153308.jpg,E:\2. UM-Student\MSC Dissertation\Urban-Vision-Benchmark\Datasets\MTSD\Prepared\MTSD-Unaugmented\MTSD-YOLO\test\images\grp9_b8edf87e-IMG_20251106_153308.jpg,1208.54,1961.9,1585.0,2314.87,0.793,traffic sign,True,True,423.4,mtsd-p12
SAM 3.1,traffic sign,grp9_b8edf87e-IMG_20251106_153308.jpg,E:\2. UM-Student\MSC Dissertation\Urban-Vision-Benchmark\Datasets\MTSD\Prepared\MTSD-Unaugmented\MTSD-YOLO\test\images\grp9_b8edf87e-IMG_20251106_153308.jpg,1935.31,2536.23,1984.75,2908.21,0.3672,traffic sign,True,True,423.4,mtsd-p12
SAM 3.1,traffic sign,grp9_c7a4a215-20251122_140026.jpg,E:\2. UM-Student\MSC Dissertation\Urban-Vision-Benchmark\Datasets\MTSD\Prepared\MTSD-Unaugmented\MTSD-YOLO\test\images\grp9_c7a4a215-20251122_140026.jpg,1468.41,1946.39,2235.87,2245.72,0.5469,traffic sign,True,True,776.7,mtsd-p12
SAM 3.1,traffic sign,grp9_c7a4a215-20251122_140026.jpg,E:\2. UM-Student\MSC Dissertation\Urban-Vision-Benchmark\Datasets\MTSD\Prepared\MTSD-Unaugmented\MTSD-YOLO\test\images\grp9_c7a4a215-20251122_140026.jpg,1366.21,2512.71,1442.91,2825.6,0.4375,traffic sign,True,True,776.7,mtsd-p12
SAM 3.1,traffic sign,grp9_c7a4a215-20251122_140026.jpg,E:\2. UM-Student\MSC Dissertation\Urban-Vision-Benchmark\Datasets\MTSD\Prepared\MTSD-Unaugmented\MTSD-YOLO\test\images\grp9_c7a4a215-20251122_140026.jpg,2622.02,2290.17,2743.25,2670.12,0.4316,traffic sign,True,True,776.7,mtsd-p12
SAM 3.1,traffic sign,grp9_c7a4a215-20251122_140026.jpg,E:\2. UM-Student\MSC Dissertation\Urban-Vision-Benchmark\Datasets\MTSD\Prepared\MTSD-Unaugmented\MTSD-YOLO\test\images\grp9_c7a4a215-20251122_140026.jpg,1954.75,2325.77,2123.04,2916.72,0.377,traffic sign,True,True,776.7,mtsd-p12
SAM 3.1,traffic sign,grp9_c7a4a215-20251122_140026.jpg,E:\2. UM-Student\MSC Dissertation\Urban-Vision-Benchmark\Datasets\MTSD\Prepared\MTSD-Unaugmented\MTSD-YOLO\test\images\grp9_c7a4a215-20251122_140026.jpg,1661.47,2475.11,1753.79,2891.21,0.4844,traffic sign,True,True,776.7,mtsd-p12
SAM 3.1,traffic sign,grp9_c7a4a215-20251122_140026.jpg,E:\2. UM-Student\MSC Dissertation\Urban-Vision-Benchmark\Datasets\MTSD\Prepared\MTSD-Unaugmented\MTSD-YOLO\test\images\grp9_c7a4a215-20251122_140026.jpg,1362.39,2513.61,1445.71,2595.29,0.582,traffic sign,True,True,776.7,mtsd-p12
SAM 3.1,traffic sign,grp9_c7a4a215-20251122_140026.jpg,E:\2. UM-Student\MSC Dissertation\Urban-Vision-Benchmark\Datasets\MTSD\Prepared\MTSD-Unaugmented\MTSD-YOLO\test\images\grp9_c7a4a215-20251122_140026.jpg,1054.87,2551.75,1145.95,2650.0,0.4648,traffic sign,True,True,776.7,mtsd-p12
SAM 3.1,traffic sign,grp9_c7a4a215-20251122_140026.jpg,E:\2. UM-Student\MSC Dissertation\Urban-Vision-Benchmark\Datasets\MTSD\Prepared\MTSD-Unaugmented\MTSD-YOLO\test\images\grp9_c7a4a215-20251122_140026.jpg,1660.23,2476.46,1753.26,2566.22,0.6055,traffic sign,True,True,776.7,mtsd-p12
SAM 3.1,traffic sign,grp9_c7a4a215-20251122_140026.jpg,E:\2. UM-Student\MSC Dissertation\Urban-Vision-Benchmark\Datasets\MTSD\Prepared\MTSD-Unaugmented\MTSD-YOLO\test\images\grp9_c7a4a215-20251122_140026.jpg,1304.55,990.4,2372.2,4000.0,0.5977,traffic sign,True,True,776.7,mtsd-p12
SAM 3.1,traffic sign,grp9_c7a4a215-20251122_140026.jpg,E:\2. UM-Student\MSC Dissertation\Urban-Vision-Benchmark\Datasets\MTSD\Prepared\MTSD-Unaugmented\MTSD-YOLO\test\images\grp9_c7a4a215-20251122_140026.jpg,1315.92,991.82,2362.1,2253.35,0.3633,traffic sign,True,True,776.7,mtsd-p12
SAM 3.1,traffic sign,grp9_c7a4a215-20251122_140026.jpg,E:\2. UM-Student\MSC Dissertation\Urban-Vision-Benchmark\Datasets\MTSD\Prepared\MTSD-Unaugmented\MTSD-YOLO\test\images\grp9_c7a4a215-20251122_140026.jpg,2641.69,2298.88,2741.6,2445.71,0.582,traffic sign,True,True,776.7,mtsd-p12
SAM 3.1,traffic sign,grp9_c7a4a215-20251122_140026.jpg,E:\2. UM-Student\MSC Dissertation\Urban-Vision-Benchmark\Datasets\MTSD\Prepared\MTSD-Unaugmented\MTSD-YOLO\test\images\grp9_c7a4a215-20251122_140026.jpg,1546.14,2618.6,1622.31,2801.02,0.3242,traffic sign,True,True,776.7,mtsd-p12
SAM 3.1,traffic sign,grp9_c7a4a215-20251122_140026.jpg,E:\2. UM-Student\MSC Dissertation\Urban-Vision-Benchmark\Datasets\MTSD\Prepared\MTSD-Unaugmented\MTSD-YOLO\test\images\grp9_c7a4a215-20251122_140026.jpg,1954.33,2312.66,2128.9,2609.16,0.6484,traffic sign,True,True,776.7,mtsd-p12
SAM 3.1,traffic sign,grp9_c7a4a215-20251122_140026.jpg,E:\2. UM-Student\MSC Dissertation\Urban-Vision-Benchmark\Datasets\MTSD\Prepared\MTSD-Unaugmented\MTSD-YOLO\test\images\grp9_c7a4a215-20251122_140026.jpg,1311.78,990.32,2370.33,1986.79,0.6055,traffic sign,True,True,776.7,mtsd-p12
SAM 3.1,traffic sign,grp9_c8f9e8c2-M8_back.jpg,E:\2. UM-Student\MSC Dissertation\Urban-Vision-Benchmark\Datasets\MTSD\Prepared\MTSD-Unaugmented\MTSD-YOLO\test\images\grp9_c8f9e8c2-M8_back.jpg,,,,,,<no detections>,False,True,152.0,mtsd-p12
SAM 3.1,traffic sign,grp9_cedb2f14-NE3_front.jpg,E:\2. UM-Student\MSC Dissertation\Urban-Vision-Benchmark\Datasets\MTSD\Prepared\MTSD-Unaugmented\MTSD-YOLO\test\images\grp9_cedb2f14-NE3_front.jpg,1486.37,1687.61,1913.44,2125.6,0.7852,traffic sign,True,True,204.2,mtsd-p12
SAM 3.1,traffic sign,grp9_cedb2f14-NE3_front.jpg,E:\2. UM-Student\MSC Dissertation\Urban-Vision-Benchmark\Datasets\MTSD\Prepared\MTSD-Unaugmented\MTSD-YOLO\test\images\grp9_cedb2f14-NE3_front.jpg,1471.57,1681.95,1913.05,3942.44,0.4961,traffic sign,True,True,204.2,mtsd-p12
SAM 3.1,traffic sign,grp9_d09450b2-IMG_20251112_155615.jpg,E:\2. UM-Student\MSC Dissertation\Urban-Vision-Benchmark\Datasets\MTSD\Prepared\MTSD-Unaugmented\MTSD-YOLO\test\images\grp9_d09450b2-IMG_20251112_155615.jpg,1417.21,1518.18,2010.52,4080.0,0.3047,traffic sign,True,True,188.8,mtsd-p12
SAM 3.1,traffic sign,grp9_d09450b2-IMG_20251112_155615.jpg,E:\2. UM-Student\MSC Dissertation\Urban-Vision-Benchmark\Datasets\MTSD\Prepared\MTSD-Unaugmented\MTSD-YOLO\test\images\grp9_d09450b2-IMG_20251112_155615.jpg,1414.56,1523.59,1999.1,2146.13,0.5195,traffic sign,True,True,188.8,mtsd-p12
SAM 3.1,traffic sign,grp9_d09450b2-IMG_20251112_155615.jpg,E:\2. UM-Student\MSC Dissertation\Urban-Vision-Benchmark\Datasets\MTSD\Prepared\MTSD-Unaugmented\MTSD-YOLO\test\images\grp9_d09450b2-IMG_20251112_155615.jpg,1996.44,2419.68,2057.21,2676.02,0.3828,traffic sign,True,True,188.8,mtsd-p12
SAM 3.1,traffic sign,grp9_d4f4f35a-WhatsApp_Image_2026-01-01_at_18.12.59_1.jpeg,E:\2. UM-Student\MSC Dissertation\Urban-Vision-Benchmark\Datasets\MTSD\Prepared\MTSD-Unaugmented\MTSD-YOLO\test\images\grp9_d4f4f35a-WhatsApp_Image_2026-01-01_at_18.12.59_1.jpeg,554.21,798.85,683.96,1353.53,0.5938,traffic sign,True,True,132.9,mtsd-p12
SAM 3.1,traffic sign,grp9_d4f4f35a-WhatsApp_Image_2026-01-01_at_18.12.59_1.jpeg,E:\2. UM-Student\MSC Dissertation\Urban-Vision-Benchmark\Datasets\MTSD\Prepared\MTSD-Unaugmented\MTSD-YOLO\test\images\grp9_d4f4f35a-WhatsApp_Image_2026-01-01_at_18.12.59_1.jpeg,553.03,798.88,868.8,2045.12,0.334,traffic sign,True,True,132.9,mtsd-p12
SAM 3.1,traffic sign,grp9_d5f4aa18-20251122_140237.jpg,E:\2. UM-Student\MSC Dissertation\Urban-Vision-Benchmark\Datasets\MTSD\Prepared\MTSD-Unaugmented\MTSD-YOLO\test\images\grp9_d5f4aa18-20251122_140237.jpg,,,,,,<no detections>,False,True,145.3,mtsd-p12
SAM 3.1,traffic sign,grp9_d7c813cb-IMG_20251112_163545.jpg,E:\2. UM-Student\MSC Dissertation\Urban-Vision-Benchmark\Datasets\MTSD\Prepared\MTSD-Unaugmented\MTSD-YOLO\test\images\grp9_d7c813cb-IMG_20251112_163545.jpg,1009.47,1735.27,1583.73,4080.0,0.4219,traffic sign,True,True,229.8,mtsd-p12
SAM 3.1,traffic sign,grp9_d7c813cb-IMG_20251112_163545.jpg,E:\2. UM-Student\MSC Dissertation\Urban-Vision-Benchmark\Datasets\MTSD\Prepared\MTSD-Unaugmented\MTSD-YOLO\test\images\grp9_d7c813cb-IMG_20251112_163545.jpg,2131.98,2822.35,2192.24,2914.68,0.4922,traffic sign,True,True,229.8,mtsd-p12
SAM 3.1,traffic sign,grp9_d7c813cb-IMG_20251112_163545.jpg,E:\2. UM-Student\MSC Dissertation\Urban-Vision-Benchmark\Datasets\MTSD\Prepared\MTSD-Unaugmented\MTSD-YOLO\test\images\grp9_d7c813cb-IMG_20251112_163545.jpg,2019.17,2874.52,2071.19,2959.71,0.498,traffic sign,True,True,229.8,mtsd-p12
SAM 3.1,traffic sign,grp9_d7c813cb-IMG_20251112_163545.jpg,E:\2. UM-Student\MSC Dissertation\Urban-Vision-Benchmark\Datasets\MTSD\Prepared\MTSD-Unaugmented\MTSD-YOLO\test\images\grp9_d7c813cb-IMG_20251112_163545.jpg,1950.03,2603.8,2097.74,2759.9,0.5625,traffic sign,True,True,229.8,mtsd-p12
SAM 3.1,traffic sign,grp9_d7c813cb-IMG_20251112_163545.jpg,E:\2. UM-Student\MSC Dissertation\Urban-Vision-Benchmark\Datasets\MTSD\Prepared\MTSD-Unaugmented\MTSD-YOLO\test\images\grp9_d7c813cb-IMG_20251112_163545.jpg,1012.13,1736.88,1581.08,2635.98,0.5156,traffic sign,True,True,229.8,mtsd-p12
SAM 3.1,traffic sign,grp9_d7c813cb-IMG_20251112_163545.jpg,E:\2. UM-Student\MSC Dissertation\Urban-Vision-Benchmark\Datasets\MTSD\Prepared\MTSD-Unaugmented\MTSD-YOLO\test\images\grp9_d7c813cb-IMG_20251112_163545.jpg,1956.34,2599.1,2097.01,3285.38,0.3496,traffic sign,True,True,229.8,mtsd-p12
SAM 3.1,traffic sign,grp9_dbd6345f-IMG_20251106_155229.jpg,E:\2. UM-Student\MSC Dissertation\Urban-Vision-Benchmark\Datasets\MTSD\Prepared\MTSD-Unaugmented\MTSD-YOLO\test\images\grp9_dbd6345f-IMG_20251106_155229.jpg,1091.48,1003.39,2103.92,4094.71,0.373,traffic sign,True,True,176.3,mtsd-p12
SAM 3.1,traffic sign,grp9_dbd6345f-IMG_20251106_155229.jpg,E:\2. UM-Student\MSC Dissertation\Urban-Vision-Benchmark\Datasets\MTSD\Prepared\MTSD-Unaugmented\MTSD-YOLO\test\images\grp9_dbd6345f-IMG_20251106_155229.jpg,1092.08,999.92,2100.84,2089.54,0.4844,traffic sign,True,True,176.3,mtsd-p12
SAM 3.1,traffic sign,grp9_de518e6b-WhatsApp_Image_2026-01-03_at_18.46.56.jpeg,E:\2. UM-Student\MSC Dissertation\Urban-Vision-Benchmark\Datasets\MTSD\Prepared\MTSD-Unaugmented\MTSD-YOLO\test\images\grp9_de518e6b-WhatsApp_Image_2026-01-03_at_18.46.56.jpeg,473.95,758.59,836.14,1095.38,0.332,traffic sign,True,True,117.4,mtsd-p12
SAM 3.1,traffic sign,grp9_de518e6b-WhatsApp_Image_2026-01-03_at_18.46.56.jpeg,E:\2. UM-Student\MSC Dissertation\Urban-Vision-Benchmark\Datasets\MTSD\Prepared\MTSD-Unaugmented\MTSD-YOLO\test\images\grp9_de518e6b-WhatsApp_Image_2026-01-03_at_18.46.56.jpeg,490.07,594.45,739.69,782.98,0.3398,traffic sign,True,True,117.4,mtsd-p12
SAM 3.1,traffic sign,grp9_df847542-IMG_20251210_141936.jpg,E:\2. UM-Student\MSC Dissertation\Urban-Vision-Benchmark\Datasets\MTSD\Prepared\MTSD-Unaugmented\MTSD-YOLO\test\images\grp9_df847542-IMG_20251210_141936.jpg,1318.27,1141.4,2102.95,2270.2,0.4121,traffic sign,True,True,493.6,mtsd-p12
SAM 3.1,traffic sign,grp9_df847542-IMG_20251210_141936.jpg,E:\2. UM-Student\MSC Dissertation\Urban-Vision-Benchmark\Datasets\MTSD\Prepared\MTSD-Unaugmented\MTSD-YOLO\test\images\grp9_df847542-IMG_20251210_141936.jpg,2212.86,2988.45,2582.97,3334.81,0.9297,traffic sign,True,True,493.6,mtsd-p12
SAM 3.1,traffic sign,grp9_df847542-IMG_20251210_141936.jpg,E:\2. UM-Student\MSC Dissertation\Urban-Vision-Benchmark\Datasets\MTSD\Prepared\MTSD-Unaugmented\MTSD-YOLO\test\images\grp9_df847542-IMG_20251210_141936.jpg,2494.73,3403.64,2601.28,3486.52,0.3223,traffic sign,True,True,493.6,mtsd-p12
SAM 3.1,traffic sign,grp9_df847542-IMG_20251210_141936.jpg,E:\2. UM-Student\MSC Dissertation\Urban-Vision-Benchmark\Datasets\MTSD\Prepared\MTSD-Unaugmented\MTSD-YOLO\test\images\grp9_df847542-IMG_20251210_141936.jpg,2062.63,3028.2,2195.23,3220.23,0.5156,traffic sign,True,True,493.6,mtsd-p12
SAM 3.1,traffic sign,grp9_df847542-IMG_20251210_141936.jpg,E:\2. UM-Student\MSC Dissertation\Urban-Vision-Benchmark\Datasets\MTSD\Prepared\MTSD-Unaugmented\MTSD-YOLO\test\images\grp9_df847542-IMG_20251210_141936.jpg,843.16,2278.57,2130.98,3023.04,0.918,traffic sign,True,True,493.6,mtsd-p12
SAM 3.1,traffic sign,grp9_df847542-IMG_20251210_141936.jpg,E:\2. UM-Student\MSC Dissertation\Urban-Vision-Benchmark\Datasets\MTSD\Prepared\MTSD-Unaugmented\MTSD-YOLO\test\images\grp9_df847542-IMG_20251210_141936.jpg,984.13,971.24,1892.57,2256.63,0.9062,traffic sign,True,True,493.6,mtsd-p12
SAM 3.1,traffic sign,grp9_dfbf929f-IMG_20251106_154024.jpg,E:\2. UM-Student\MSC Dissertation\Urban-Vision-Benchmark\Datasets\MTSD\Prepared\MTSD-Unaugmented\MTSD-YOLO\test\images\grp9_dfbf929f-IMG_20251106_154024.jpg,2426.2,2745.58,2675.54,2838.81,0.334,traffic sign,True,True,518.6,mtsd-p12
SAM 3.1,traffic sign,grp9_dfbf929f-IMG_20251106_154024.jpg,E:\2. UM-Student\MSC Dissertation\Urban-Vision-Benchmark\Datasets\MTSD\Prepared\MTSD-Unaugmented\MTSD-YOLO\test\images\grp9_dfbf929f-IMG_20251106_154024.jpg,861.12,2278.16,1199.32,2460.47,0.4004,traffic sign,True,True,518.6,mtsd-p12
SAM 3.1,traffic sign,grp9_dfbf929f-IMG_20251106_154024.jpg,E:\2. UM-Student\MSC Dissertation\Urban-Vision-Benchmark\Datasets\MTSD\Prepared\MTSD-Unaugmented\MTSD-YOLO\test\images\grp9_dfbf929f-IMG_20251106_154024.jpg,1258.78,2259.44,1409.5,3761.52,0.5703,traffic sign,True,True,518.6,mtsd-p12
SAM 3.1,traffic sign,grp9_dfbf929f-IMG_20251106_154024.jpg,E:\2. UM-Student\MSC Dissertation\Urban-Vision-Benchmark\Datasets\MTSD\Prepared\MTSD-Unaugmented\MTSD-YOLO\test\images\grp9_dfbf929f-IMG_20251106_154024.jpg,723.55,1139.35,1839.38,2249.79,0.8242,traffic sign,True,True,518.6,mtsd-p12
SAM 3.1,traffic sign,grp9_e0e8c13e-IMG_20251113_163444.jpg,E:\2. UM-Student\MSC Dissertation\Urban-Vision-Benchmark\Datasets\MTSD\Prepared\MTSD-Unaugmented\MTSD-YOLO\test\images\grp9_e0e8c13e-IMG_20251113_163444.jpg,,,,,,<no detections>,False,True,149.5,mtsd-p12
SAM 3.1,traffic sign,grp9_e1897726-WhatsApp_Image_2026-01-03_at_18.45.38_3.jpeg,E:\2. UM-Student\MSC Dissertation\Urban-Vision-Benchmark\Datasets\MTSD\Prepared\MTSD-Unaugmented\MTSD-YOLO\test\images\grp9_e1897726-WhatsApp_Image_2026-01-03_at_18.45.38_3.jpeg,438.39,612.16,882.84,935.54,0.8477,traffic sign,True,True,136.0,mtsd-p12
SAM 3.1,traffic sign,grp9_e1897726-WhatsApp_Image_2026-01-03_at_18.45.38_3.jpeg,E:\2. UM-Student\MSC Dissertation\Urban-Vision-Benchmark\Datasets\MTSD\Prepared\MTSD-Unaugmented\MTSD-YOLO\test\images\grp9_e1897726-WhatsApp_Image_2026-01-03_at_18.45.38_3.jpeg,443.59,374.55,896.77,1600.0,0.4863,traffic sign,True,True,136.0,mtsd-p12
SAM 3.1,traffic sign,grp9_e1897726-WhatsApp_Image_2026-01-03_at_18.45.38_3.jpeg,E:\2. UM-Student\MSC Dissertation\Urban-Vision-Benchmark\Datasets\MTSD\Prepared\MTSD-Unaugmented\MTSD-YOLO\test\images\grp9_e1897726-WhatsApp_Image_2026-01-03_at_18.45.38_3.jpeg,440.53,908.67,903.32,1083.7,0.793,traffic sign,True,True,136.0,mtsd-p12
SAM 3.1,traffic sign,grp9_e1897726-WhatsApp_Image_2026-01-03_at_18.45.38_3.jpeg,E:\2. UM-Student\MSC Dissertation\Urban-Vision-Benchmark\Datasets\MTSD\Prepared\MTSD-Unaugmented\MTSD-YOLO\test\images\grp9_e1897726-WhatsApp_Image_2026-01-03_at_18.45.38_3.jpeg,452.65,370.86,828.0,625.95,0.8711,traffic sign,True,True,136.0,mtsd-p12
SAM 3.1,traffic sign,grp9_e1897726-WhatsApp_Image_2026-01-03_at_18.45.38_3.jpeg,E:\2. UM-Student\MSC Dissertation\Urban-Vision-Benchmark\Datasets\MTSD\Prepared\MTSD-Unaugmented\MTSD-YOLO\test\images\grp9_e1897726-WhatsApp_Image_2026-01-03_at_18.45.38_3.jpeg,622.14,1342.01,640.49,1358.89,0.4023,traffic sign,True,True,136.0,mtsd-p12
SAM 3.1,traffic sign,grp9_e2932f32-20251122_134050.jpg,E:\2. UM-Student\MSC Dissertation\Urban-Vision-Benchmark\Datasets\MTSD\Prepared\MTSD-Unaugmented\MTSD-YOLO\test\images\grp9_e2932f32-20251122_134050.jpg,1349.77,1858.45,1515.57,1974.46,0.4785,traffic sign,True,True,569.7,mtsd-p12
SAM 3.1,traffic sign,grp9_e2932f32-20251122_134050.jpg,E:\2. UM-Student\MSC Dissertation\Urban-Vision-Benchmark\Datasets\MTSD\Prepared\MTSD-Unaugmented\MTSD-YOLO\test\images\grp9_e2932f32-20251122_134050.jpg,462.82,2075.33,520.48,2302.7,0.4199,traffic sign,True,True,569.7,mtsd-p12
SAM 3.1,traffic sign,grp9_e2932f32-20251122_134050.jpg,E:\2. UM-Student\MSC Dissertation\Urban-Vision-Benchmark\Datasets\MTSD\Prepared\MTSD-Unaugmented\MTSD-YOLO\test\images\grp9_e2932f32-20251122_134050.jpg,1058.08,2156.28,1081.48,2183.59,0.4629,traffic sign,True,True,569.7,mtsd-p12
SAM 3.1,traffic sign,grp9_e2932f32-20251122_134050.jpg,E:\2. UM-Student\MSC Dissertation\Urban-Vision-Benchmark\Datasets\MTSD\Prepared\MTSD-Unaugmented\MTSD-YOLO\test\images\grp9_e2932f32-20251122_134050.jpg,954.78,2139.03,981.72,2167.01,0.3691,traffic sign,True,True,569.7,mtsd-p12
SAM 3.1,traffic sign,grp9_e2932f32-20251122_134050.jpg,E:\2. UM-Student\MSC Dissertation\Urban-Vision-Benchmark\Datasets\MTSD\Prepared\MTSD-Unaugmented\MTSD-YOLO\test\images\grp9_e2932f32-20251122_134050.jpg,464.0,2074.29,521.4,2129.36,0.7344,traffic sign,True,True,569.7,mtsd-p12
SAM 3.1,traffic sign,grp9_e2932f32-20251122_134050.jpg,E:\2. UM-Student\MSC Dissertation\Urban-Vision-Benchmark\Datasets\MTSD\Prepared\MTSD-Unaugmented\MTSD-YOLO\test\images\grp9_e2932f32-20251122_134050.jpg,1277.38,1560.3,1611.18,2978.25,0.4238,traffic sign,True,True,569.7,mtsd-p12
SAM 3.1,traffic sign,grp9_e2932f32-20251122_134050.jpg,E:\2. UM-Student\MSC Dissertation\Urban-Vision-Benchmark\Datasets\MTSD\Prepared\MTSD-Unaugmented\MTSD-YOLO\test\images\grp9_e2932f32-20251122_134050.jpg,1284.86,1560.62,1611.28,1876.94,0.8164,traffic sign,True,True,569.7,mtsd-p12
SAM 3.1,traffic sign,grp9_e2932f32-20251122_134050.jpg,E:\2. UM-Student\MSC Dissertation\Urban-Vision-Benchmark\Datasets\MTSD\Prepared\MTSD-Unaugmented\MTSD-YOLO\test\images\grp9_e2932f32-20251122_134050.jpg,1480.54,1973.77,1512.36,2005.91,0.4883,traffic sign,True,True,569.7,mtsd-p12
SAM 3.1,traffic sign,grp9_e2932f32-20251122_134050.jpg,E:\2. UM-Student\MSC Dissertation\Urban-Vision-Benchmark\Datasets\MTSD\Prepared\MTSD-Unaugmented\MTSD-YOLO\test\images\grp9_e2932f32-20251122_134050.jpg,779.34,2088.48,822.95,2129.25,0.7266,traffic sign,True,True,569.7,mtsd-p12
SAM 3.1,traffic sign,grp9_e65623ae-20251122_135723.jpg,E:\2. UM-Student\MSC Dissertation\Urban-Vision-Benchmark\Datasets\MTSD\Prepared\MTSD-Unaugmented\MTSD-YOLO\test\images\grp9_e65623ae-20251122_135723.jpg,1835.51,2027.92,2093.11,2344.78,0.7344,traffic sign,True,True,207.7,mtsd-p12
SAM 3.1,traffic sign,grp9_e65623ae-20251122_135723.jpg,E:\2. UM-Student\MSC Dissertation\Urban-Vision-Benchmark\Datasets\MTSD\Prepared\MTSD-Unaugmented\MTSD-YOLO\test\images\grp9_e65623ae-20251122_135723.jpg,1833.32,2026.9,2094.73,3285.44,0.3672,traffic sign,True,True,207.7,mtsd-p12
SAM 3.1,traffic sign,grp9_e65623ae-20251122_135723.jpg,E:\2. UM-Student\MSC Dissertation\Urban-Vision-Benchmark\Datasets\MTSD\Prepared\MTSD-Unaugmented\MTSD-YOLO\test\images\grp9_e65623ae-20251122_135723.jpg,1400.11,1856.18,1618.47,2160.69,0.8672,traffic sign,True,True,207.7,mtsd-p12
SAM 3.1,traffic sign,grp9_e65623ae-20251122_135723.jpg,E:\2. UM-Student\MSC Dissertation\Urban-Vision-Benchmark\Datasets\MTSD\Prepared\MTSD-Unaugmented\MTSD-YOLO\test\images\grp9_e65623ae-20251122_135723.jpg,1398.63,1848.39,1621.33,3516.33,0.5,traffic sign,True,True,207.7,mtsd-p12
SAM 3.1,traffic sign,grp9_e690fe37-IMG_20251111_162300.jpg,E:\2. UM-Student\MSC Dissertation\Urban-Vision-Benchmark\Datasets\MTSD\Prepared\MTSD-Unaugmented\MTSD-YOLO\test\images\grp9_e690fe37-IMG_20251111_162300.jpg,1263.79,2603.94,1302.57,2649.4,0.416,traffic sign,True,True,598.7,mtsd-p12
SAM 3.1,traffic sign,grp9_e690fe37-IMG_20251111_162300.jpg,E:\2. UM-Student\MSC Dissertation\Urban-Vision-Benchmark\Datasets\MTSD\Prepared\MTSD-Unaugmented\MTSD-YOLO\test\images\grp9_e690fe37-IMG_20251111_162300.jpg,2399.89,2762.77,2501.17,2872.43,0.8867,traffic sign,True,True,598.7,mtsd-p12
SAM 3.1,traffic sign,grp9_e690fe37-IMG_20251111_162300.jpg,E:\2. UM-Student\MSC Dissertation\Urban-Vision-Benchmark\Datasets\MTSD\Prepared\MTSD-Unaugmented\MTSD-YOLO\test\images\grp9_e690fe37-IMG_20251111_162300.jpg,1211.48,2705.46,1241.21,2752.62,0.3828,traffic sign,True,True,598.7,mtsd-p12
SAM 3.1,traffic sign,grp9_e690fe37-IMG_20251111_162300.jpg,E:\2. UM-Student\MSC Dissertation\Urban-Vision-Benchmark\Datasets\MTSD\Prepared\MTSD-Unaugmented\MTSD-YOLO\test\images\grp9_e690fe37-IMG_20251111_162300.jpg,1223.21,2601.49,1260.53,2654.7,0.6602,traffic sign,True,True,598.7,mtsd-p12
SAM 3.1,traffic sign,grp9_e690fe37-IMG_20251111_162300.jpg,E:\2. UM-Student\MSC Dissertation\Urban-Vision-Benchmark\Datasets\MTSD\Prepared\MTSD-Unaugmented\MTSD-YOLO\test\images\grp9_e690fe37-IMG_20251111_162300.jpg,700.34,2607.45,745.77,2655.15,0.7344,traffic sign,True,True,598.7,mtsd-p12
SAM 3.1,traffic sign,grp9_e690fe37-IMG_20251111_162300.jpg,E:\2. UM-Student\MSC Dissertation\Urban-Vision-Benchmark\Datasets\MTSD\Prepared\MTSD-Unaugmented\MTSD-YOLO\test\images\grp9_e690fe37-IMG_20251111_162300.jpg,1460.17,1940.08,1561.62,2399.73,0.8984,traffic sign,True,True,598.7,mtsd-p12
SAM 3.1,traffic sign,grp9_e690fe37-IMG_20251111_162300.jpg,E:\2. UM-Student\MSC Dissertation\Urban-Vision-Benchmark\Datasets\MTSD\Prepared\MTSD-Unaugmented\MTSD-YOLO\test\images\grp9_e690fe37-IMG_20251111_162300.jpg,1461.0,1307.28,1551.84,1950.24,0.793,traffic sign,True,True,598.7,mtsd-p12
SAM 3.1,traffic sign,grp9_e8541d39-IMG_20251106_145533.jpg,E:\2. UM-Student\MSC Dissertation\Urban-Vision-Benchmark\Datasets\MTSD\Prepared\MTSD-Unaugmented\MTSD-YOLO\test\images\grp9_e8541d39-IMG_20251106_145533.jpg,2702.63,3186.26,3000.0,3518.12,0.9141,traffic sign,True,True,425.8,mtsd-p12
SAM 3.1,traffic sign,grp9_e8541d39-IMG_20251106_145533.jpg,E:\2. UM-Student\MSC Dissertation\Urban-Vision-Benchmark\Datasets\MTSD\Prepared\MTSD-Unaugmented\MTSD-YOLO\test\images\grp9_e8541d39-IMG_20251106_145533.jpg,1026.58,1760.78,1991.45,2725.29,0.9531,traffic sign,True,True,425.8,mtsd-p12
SAM 3.1,traffic sign,grp9_e8541d39-IMG_20251106_145533.jpg,E:\2. UM-Student\MSC Dissertation\Urban-Vision-Benchmark\Datasets\MTSD\Prepared\MTSD-Unaugmented\MTSD-YOLO\test\images\grp9_e8541d39-IMG_20251106_145533.jpg,1021.71,861.93,1967.87,1762.01,0.9531,traffic sign,True,True,425.8,mtsd-p12
SAM 3.1,traffic sign,grp9_e8b17764-ZC8_front.jpg,E:\2. UM-Student\MSC Dissertation\Urban-Vision-Benchmark\Datasets\MTSD\Prepared\MTSD-Unaugmented\MTSD-YOLO\test\images\grp9_e8b17764-ZC8_front.jpg,1721.94,2535.6,1761.68,2582.9,0.4922,traffic sign,True,True,606.7,mtsd-p12
SAM 3.1,traffic sign,grp9_e8b17764-ZC8_front.jpg,E:\2. UM-Student\MSC Dissertation\Urban-Vision-Benchmark\Datasets\MTSD\Prepared\MTSD-Unaugmented\MTSD-YOLO\test\images\grp9_e8b17764-ZC8_front.jpg,1153.28,2216.07,1482.11,2549.68,0.9023,traffic sign,True,True,606.7,mtsd-p12
SAM 3.1,traffic sign,grp9_e8b17764-ZC8_front.jpg,E:\2. UM-Student\MSC Dissertation\Urban-Vision-Benchmark\Datasets\MTSD\Prepared\MTSD-Unaugmented\MTSD-YOLO\test\images\grp9_e8b17764-ZC8_front.jpg,1726.99,2565.8,1803.26,2613.87,0.3574,traffic sign,True,True,606.7,mtsd-p12
SAM 3.1,traffic sign,grp9_e8b17764-ZC8_front.jpg,E:\2. UM-Student\MSC Dissertation\Urban-Vision-Benchmark\Datasets\MTSD\Prepared\MTSD-Unaugmented\MTSD-YOLO\test\images\grp9_e8b17764-ZC8_front.jpg,2212.78,2563.62,2260.19,2608.09,0.3613,traffic sign,True,True,606.7,mtsd-p12
SAM 3.1,traffic sign,grp9_f109e3eb-IMG_20251111_144036.jpg,E:\2. UM-Student\MSC Dissertation\Urban-Vision-Benchmark\Datasets\MTSD\Prepared\MTSD-Unaugmented\MTSD-YOLO\test\images\grp9_f109e3eb-IMG_20251111_144036.jpg,1169.68,1332.37,1942.85,2225.9,0.332,traffic sign,True,True,159.3,mtsd-p12
SAM 3.1,traffic sign,grp9_f36aabf5-WhatsApp_Image_2026-01-03_at_18.45.21_2.jpeg,E:\2. UM-Student\MSC Dissertation\Urban-Vision-Benchmark\Datasets\MTSD\Prepared\MTSD-Unaugmented\MTSD-YOLO\test\images\grp9_f36aabf5-WhatsApp_Image_2026-01-03_at_18.45.21_2.jpeg,429.61,533.74,709.48,988.88,0.875,traffic sign,True,True,136.1,mtsd-p12
SAM 3.1,traffic sign,grp9_f456c0fd-IMG_20251106_153809.jpg,E:\2. UM-Student\MSC Dissertation\Urban-Vision-Benchmark\Datasets\MTSD\Prepared\MTSD-Unaugmented\MTSD-YOLO\test\images\grp9_f456c0fd-IMG_20251106_153809.jpg,20.98,2955.08,133.18,3042.29,0.6289,traffic sign,True,True,752.9,mtsd-p12
SAM 3.1,traffic sign,grp9_f456c0fd-IMG_20251106_153809.jpg,E:\2. UM-Student\MSC Dissertation\Urban-Vision-Benchmark\Datasets\MTSD\Prepared\MTSD-Unaugmented\MTSD-YOLO\test\images\grp9_f456c0fd-IMG_20251106_153809.jpg,572.84,2870.97,639.17,2981.29,0.4141,traffic sign,True,True,752.9,mtsd-p12
SAM 3.1,traffic sign,grp9_f456c0fd-IMG_20251106_153809.jpg,E:\2. UM-Student\MSC Dissertation\Urban-Vision-Benchmark\Datasets\MTSD\Prepared\MTSD-Unaugmented\MTSD-YOLO\test\images\grp9_f456c0fd-IMG_20251106_153809.jpg,545.53,2866.91,662.26,3173.01,0.3242,traffic sign,True,True,752.9,mtsd-p12
SAM 3.1,traffic sign,grp9_f456c0fd-IMG_20251106_153809.jpg,E:\2. UM-Student\MSC Dissertation\Urban-Vision-Benchmark\Datasets\MTSD\Prepared\MTSD-Unaugmented\MTSD-YOLO\test\images\grp9_f456c0fd-IMG_20251106_153809.jpg,540.53,2971.98,600.04,3012.76,0.3184,traffic sign,True,True,752.9,mtsd-p12
SAM 3.1,traffic sign,grp9_f456c0fd-IMG_20251106_153809.jpg,E:\2. UM-Student\MSC Dissertation\Urban-Vision-Benchmark\Datasets\MTSD\Prepared\MTSD-Unaugmented\MTSD-YOLO\test\images\grp9_f456c0fd-IMG_20251106_153809.jpg,544.69,2974.22,669.92,3019.14,0.3125,traffic sign,True,True,752.9,mtsd-p12
SAM 3.1,traffic sign,grp9_f456c0fd-IMG_20251106_153809.jpg,E:\2. UM-Student\MSC Dissertation\Urban-Vision-Benchmark\Datasets\MTSD\Prepared\MTSD-Unaugmented\MTSD-YOLO\test\images\grp9_f456c0fd-IMG_20251106_153809.jpg,1196.41,3115.11,1218.37,3157.46,0.3477,traffic sign,True,True,752.9,mtsd-p12
SAM 3.1,traffic sign,grp9_f456c0fd-IMG_20251106_153809.jpg,E:\2. UM-Student\MSC Dissertation\Urban-Vision-Benchmark\Datasets\MTSD\Prepared\MTSD-Unaugmented\MTSD-YOLO\test\images\grp9_f456c0fd-IMG_20251106_153809.jpg,1045.58,1152.33,2205.9,2222.9,0.9141,traffic sign,True,True,752.9,mtsd-p12
SAM 3.1,traffic sign,grp9_f456c0fd-IMG_20251106_153809.jpg,E:\2. UM-Student\MSC Dissertation\Urban-Vision-Benchmark\Datasets\MTSD\Prepared\MTSD-Unaugmented\MTSD-YOLO\test\images\grp9_f456c0fd-IMG_20251106_153809.jpg,557.4,3078.42,617.83,3171.79,0.3301,traffic sign,True,True,752.9,mtsd-p12
