model,prompt,image_id,image_path,x0,y0,x1,y1,score,predicted_label,has_mask,has_confidence,inference_ms,prompt_id
SAM 3,traffic sign,grp10_IMG_1495.jpg,E:\2. UM-Student\MSC Dissertation\Urban-Vision-Benchmark\Datasets\MTSD\Prepared\MTSD-Unaugmented\MTSD-YOLO\test\images\grp10_IMG_1495.jpg,3660.23,4604.17,4013.37,4746.72,0.4297,traffic sign,True,True,736.3,mtsd-p12
SAM 3,traffic sign,grp10_IMG_1495.jpg,E:\2. UM-Student\MSC Dissertation\Urban-Vision-Benchmark\Datasets\MTSD\Prepared\MTSD-Unaugmented\MTSD-YOLO\test\images\grp10_IMG_1495.jpg,2139.09,4305.77,2259.29,4742.84,0.418,traffic sign,True,True,736.3,mtsd-p12
SAM 3,traffic sign,grp10_IMG_1495.jpg,E:\2. UM-Student\MSC Dissertation\Urban-Vision-Benchmark\Datasets\MTSD\Prepared\MTSD-Unaugmented\MTSD-YOLO\test\images\grp10_IMG_1495.jpg,1388.17,2016.83,3012.0,3189.4,0.4121,traffic sign,True,True,736.3,mtsd-p12
SAM 3,traffic sign,grp10_IMG_1510.jpg,E:\2. UM-Student\MSC Dissertation\Urban-Vision-Benchmark\Datasets\MTSD\Prepared\MTSD-Unaugmented\MTSD-YOLO\test\images\grp10_IMG_1510.jpg,1754.13,897.77,2718.21,2670.28,0.8984,traffic sign,True,True,236.8,mtsd-p12
SAM 3,traffic sign,grp10_IMG_1510.jpg,E:\2. UM-Student\MSC Dissertation\Urban-Vision-Benchmark\Datasets\MTSD\Prepared\MTSD-Unaugmented\MTSD-YOLO\test\images\grp10_IMG_1510.jpg,1767.49,895.29,2724.86,5285.0,0.3223,traffic sign,True,True,236.8,mtsd-p12
SAM 3,traffic sign,grp10_IMG_1527.jpg,E:\2. UM-Student\MSC Dissertation\Urban-Vision-Benchmark\Datasets\MTSD\Prepared\MTSD-Unaugmented\MTSD-YOLO\test\images\grp10_IMG_1527.jpg,777.8,955.89,2387.23,2650.42,0.8281,traffic sign,True,True,511.1,mtsd-p12
SAM 3,traffic sign,grp10_IMG_1527.jpg,E:\2. UM-Student\MSC Dissertation\Urban-Vision-Benchmark\Datasets\MTSD\Prepared\MTSD-Unaugmented\MTSD-YOLO\test\images\grp10_IMG_1527.jpg,1517.34,2575.18,2346.35,4772.54,0.8125,traffic sign,True,True,511.1,mtsd-p12
SAM 3,traffic sign,grp10_IMG_1527.jpg,E:\2. UM-Student\MSC Dissertation\Urban-Vision-Benchmark\Datasets\MTSD\Prepared\MTSD-Unaugmented\MTSD-YOLO\test\images\grp10_IMG_1527.jpg,783.22,979.29,2380.12,5700.52,0.4219,traffic sign,True,True,511.1,mtsd-p12
SAM 3,traffic sign,grp10_IMG_1557.jpg,E:\2. UM-Student\MSC Dissertation\Urban-Vision-Benchmark\Datasets\MTSD\Prepared\MTSD-Unaugmented\MTSD-YOLO\test\images\grp10_IMG_1557.jpg,1376.97,2635.11,3062.87,4050.89,0.8945,traffic sign,True,True,323.2,mtsd-p12
SAM 3,traffic sign,grp10_IMG_1564.jpg,E:\2. UM-Student\MSC Dissertation\Urban-Vision-Benchmark\Datasets\MTSD\Prepared\MTSD-Unaugmented\MTSD-YOLO\test\images\grp10_IMG_1564.jpg,1629.66,3153.66,2809.85,4796.63,0.9492,traffic sign,True,True,332.6,mtsd-p12
SAM 3,traffic sign,grp10_IMG_1564.jpg,E:\2. UM-Student\MSC Dissertation\Urban-Vision-Benchmark\Datasets\MTSD\Prepared\MTSD-Unaugmented\MTSD-YOLO\test\images\grp10_IMG_1564.jpg,1818.58,2042.08,2485.1,3336.96,0.9492,traffic sign,True,True,332.6,mtsd-p12
SAM 3,traffic sign,grp10_IMG_1575.jpg,E:\2. UM-Student\MSC Dissertation\Urban-Vision-Benchmark\Datasets\MTSD\Prepared\MTSD-Unaugmented\MTSD-YOLO\test\images\grp10_IMG_1575.jpg,471.13,685.11,1077.75,1250.16,0.8984,traffic sign,True,True,141.7,mtsd-p12
SAM 3,traffic sign,grp10_IMG_1575.jpg,E:\2. UM-Student\MSC Dissertation\Urban-Vision-Benchmark\Datasets\MTSD\Prepared\MTSD-Unaugmented\MTSD-YOLO\test\images\grp10_IMG_1575.jpg,1012.04,1501.07,1062.97,1574.95,0.7812,traffic sign,True,True,141.7,mtsd-p12
SAM 3,traffic sign,grp10_IMG_1575.jpg,E:\2. UM-Student\MSC Dissertation\Urban-Vision-Benchmark\Datasets\MTSD\Prepared\MTSD-Unaugmented\MTSD-YOLO\test\images\grp10_IMG_1575.jpg,471.25,683.01,1075.97,2191.46,0.416,traffic sign,True,True,141.7,mtsd-p12
SAM 3,traffic sign,grp10_IMG_1593.jpg,E:\2. UM-Student\MSC Dissertation\Urban-Vision-Benchmark\Datasets\MTSD\Prepared\MTSD-Unaugmented\MTSD-YOLO\test\images\grp10_IMG_1593.jpg,519.27,1756.83,2476.32,3524.58,0.6133,traffic sign,True,True,268.0,mtsd-p12
SAM 3,traffic sign,grp10_IMG_1593.jpg,E:\2. UM-Student\MSC Dissertation\Urban-Vision-Benchmark\Datasets\MTSD\Prepared\MTSD-Unaugmented\MTSD-YOLO\test\images\grp10_IMG_1593.jpg,461.19,3031.05,2558.73,4219.94,0.5898,traffic sign,True,True,268.0,mtsd-p12
SAM 3,traffic sign,grp10_IMG_1593.jpg,E:\2. UM-Student\MSC Dissertation\Urban-Vision-Benchmark\Datasets\MTSD\Prepared\MTSD-Unaugmented\MTSD-YOLO\test\images\grp10_IMG_1593.jpg,460.82,1765.01,2569.69,5712.0,0.5273,traffic sign,True,True,268.0,mtsd-p12
SAM 3,traffic sign,grp10_IMG_1597.jpg,E:\2. UM-Student\MSC Dissertation\Urban-Vision-Benchmark\Datasets\MTSD\Prepared\MTSD-Unaugmented\MTSD-YOLO\test\images\grp10_IMG_1597.jpg,1145.01,2288.69,3044.24,4217.42,0.6094,traffic sign,True,True,313.4,mtsd-p12
SAM 3,traffic sign,grp10_IMG_1597.jpg,E:\2. UM-Student\MSC Dissertation\Urban-Vision-Benchmark\Datasets\MTSD\Prepared\MTSD-Unaugmented\MTSD-YOLO\test\images\grp10_IMG_1597.jpg,1307.46,5230.79,1506.8,5455.01,0.4219,traffic sign,True,True,313.4,mtsd-p12
SAM 3,traffic sign,grp10_IMG_1599.jpg,E:\2. UM-Student\MSC Dissertation\Urban-Vision-Benchmark\Datasets\MTSD\Prepared\MTSD-Unaugmented\MTSD-YOLO\test\images\grp10_IMG_1599.jpg,1400.2,2140.45,2769.53,3349.76,0.9023,traffic sign,True,True,381.9,mtsd-p12
SAM 3,traffic sign,grp10_IMG_1599.jpg,E:\2. UM-Student\MSC Dissertation\Urban-Vision-Benchmark\Datasets\MTSD\Prepared\MTSD-Unaugmented\MTSD-YOLO\test\images\grp10_IMG_1599.jpg,1825.57,4022.81,2349.4,4558.76,0.5781,traffic sign,True,True,381.9,mtsd-p12
SAM 3,traffic sign,grp10_IMG_1606.jpg,E:\2. UM-Student\MSC Dissertation\Urban-Vision-Benchmark\Datasets\MTSD\Prepared\MTSD-Unaugmented\MTSD-YOLO\test\images\grp10_IMG_1606.jpg,1432.01,2423.41,2366.8,3928.91,0.373,traffic sign,True,True,317.8,mtsd-p12
SAM 3,traffic sign,grp10_IMG_1612.jpg,E:\2. UM-Student\MSC Dissertation\Urban-Vision-Benchmark\Datasets\MTSD\Prepared\MTSD-Unaugmented\MTSD-YOLO\test\images\grp10_IMG_1612.jpg,1306.28,2942.03,2924.83,4683.28,0.7617,traffic sign,True,True,251.4,mtsd-p12
SAM 3,traffic sign,grp10_IMG_1612.jpg,E:\2. UM-Student\MSC Dissertation\Urban-Vision-Benchmark\Datasets\MTSD\Prepared\MTSD-Unaugmented\MTSD-YOLO\test\images\grp10_IMG_1612.jpg,1377.14,1372.23,2960.16,2957.2,0.7617,traffic sign,True,True,251.4,mtsd-p12
SAM 3,traffic sign,grp10_IMG_1612.jpg,E:\2. UM-Student\MSC Dissertation\Urban-Vision-Benchmark\Datasets\MTSD\Prepared\MTSD-Unaugmented\MTSD-YOLO\test\images\grp10_IMG_1612.jpg,1360.09,1390.7,2965.63,5712.0,0.3809,traffic sign,True,True,251.4,mtsd-p12
SAM 3,traffic sign,grp10_IMG_1645.jpg,E:\2. UM-Student\MSC Dissertation\Urban-Vision-Benchmark\Datasets\MTSD\Prepared\MTSD-Unaugmented\MTSD-YOLO\test\images\grp10_IMG_1645.jpg,1036.28,2347.94,2726.99,4209.67,0.4395,traffic sign,True,True,367.4,mtsd-p12
SAM 3,traffic sign,grp10_IMG_20251123_141219.jpg,E:\2. UM-Student\MSC Dissertation\Urban-Vision-Benchmark\Datasets\MTSD\Prepared\MTSD-Unaugmented\MTSD-YOLO\test\images\grp10_IMG_20251123_141219.jpg,852.38,1167.71,1115.19,1937.12,0.8984,traffic sign,True,True,171.0,mtsd-p12
SAM 3,traffic sign,grp10_IMG_20251123_141219.jpg,E:\2. UM-Student\MSC Dissertation\Urban-Vision-Benchmark\Datasets\MTSD\Prepared\MTSD-Unaugmented\MTSD-YOLO\test\images\grp10_IMG_20251123_141219.jpg,910.45,1766.73,1124.41,2483.78,0.5,traffic sign,True,True,171.0,mtsd-p12
SAM 3,traffic sign,grp10_IMG_20251123_141844.jpg,E:\2. UM-Student\MSC Dissertation\Urban-Vision-Benchmark\Datasets\MTSD\Prepared\MTSD-Unaugmented\MTSD-YOLO\test\images\grp10_IMG_20251123_141844.jpg,,,,,,<no detections>,False,True,155.1,mtsd-p12
SAM 3,traffic sign,grp10_IMG_20251123_143317.jpg,E:\2. UM-Student\MSC Dissertation\Urban-Vision-Benchmark\Datasets\MTSD\Prepared\MTSD-Unaugmented\MTSD-YOLO\test\images\grp10_IMG_20251123_143317.jpg,490.1,861.46,1471.51,1873.6,0.7461,traffic sign,True,True,166.0,mtsd-p12
SAM 3,traffic sign,grp10_IMG_20251123_143317.jpg,E:\2. UM-Student\MSC Dissertation\Urban-Vision-Benchmark\Datasets\MTSD\Prepared\MTSD-Unaugmented\MTSD-YOLO\test\images\grp10_IMG_20251123_143317.jpg,489.08,841.53,1476.24,4624.0,0.4414,traffic sign,True,True,166.0,mtsd-p12
SAM 3,traffic sign,grp10_IMG_20251123_150542.jpg,E:\2. UM-Student\MSC Dissertation\Urban-Vision-Benchmark\Datasets\MTSD\Prepared\MTSD-Unaugmented\MTSD-YOLO\test\images\grp10_IMG_20251123_150542.jpg,957.32,295.23,1297.78,1437.66,0.9414,traffic sign,True,True,184.1,mtsd-p12
SAM 3,traffic sign,grp10_IMG_20251123_150542.jpg,E:\2. UM-Student\MSC Dissertation\Urban-Vision-Benchmark\Datasets\MTSD\Prepared\MTSD-Unaugmented\MTSD-YOLO\test\images\grp10_IMG_20251123_150542.jpg,930.64,1171.34,1462.55,2290.7,0.9258,traffic sign,True,True,184.1,mtsd-p12
SAM 3,traffic sign,grp10_IMG_20251123_150542.jpg,E:\2. UM-Student\MSC Dissertation\Urban-Vision-Benchmark\Datasets\MTSD\Prepared\MTSD-Unaugmented\MTSD-YOLO\test\images\grp10_IMG_20251123_150542.jpg,947.47,359.25,1465.02,4617.39,0.3242,traffic sign,True,True,184.1,mtsd-p12
SAM 3,traffic sign,grp10_IMG_20251123_164433.jpg,E:\2. UM-Student\MSC Dissertation\Urban-Vision-Benchmark\Datasets\MTSD\Prepared\MTSD-Unaugmented\MTSD-YOLO\test\images\grp10_IMG_20251123_164433.jpg,589.8,1750.85,1305.49,2927.06,0.8633,traffic sign,True,True,170.6,mtsd-p12
SAM 3,traffic sign,grp10_IMG_20251123_164433.jpg,E:\2. UM-Student\MSC Dissertation\Urban-Vision-Benchmark\Datasets\MTSD\Prepared\MTSD-Unaugmented\MTSD-YOLO\test\images\grp10_IMG_20251123_164433.jpg,588.19,1743.52,1310.72,4624.0,0.4219,traffic sign,True,True,170.6,mtsd-p12
SAM 3,traffic sign,grp10_IMG_20251123_164446.jpg,E:\2. UM-Student\MSC Dissertation\Urban-Vision-Benchmark\Datasets\MTSD\Prepared\MTSD-Unaugmented\MTSD-YOLO\test\images\grp10_IMG_20251123_164446.jpg,384.8,1864.02,1744.56,3205.74,0.5469,traffic sign,True,True,156.5,mtsd-p12
SAM 3,traffic sign,grp10_IMG_20251123_165832.jpg,E:\2. UM-Student\MSC Dissertation\Urban-Vision-Benchmark\Datasets\MTSD\Prepared\MTSD-Unaugmented\MTSD-YOLO\test\images\grp10_IMG_20251123_165832.jpg,,,,,,<no detections>,False,True,142.7,mtsd-p12
SAM 3,traffic sign,grp10_IMG_20251125_112108.jpg,E:\2. UM-Student\MSC Dissertation\Urban-Vision-Benchmark\Datasets\MTSD\Prepared\MTSD-Unaugmented\MTSD-YOLO\test\images\grp10_IMG_20251125_112108.jpg,1029.35,526.46,2282.77,1668.03,0.8633,traffic sign,True,True,261.2,mtsd-p12
SAM 3,traffic sign,grp10_IMG_20251125_112108.jpg,E:\2. UM-Student\MSC Dissertation\Urban-Vision-Benchmark\Datasets\MTSD\Prepared\MTSD-Unaugmented\MTSD-YOLO\test\images\grp10_IMG_20251125_112108.jpg,1030.28,536.27,2279.45,4624.0,0.4766,traffic sign,True,True,261.2,mtsd-p12
SAM 3,traffic sign,grp10_IMG_20251125_112108.jpg,E:\2. UM-Student\MSC Dissertation\Urban-Vision-Benchmark\Datasets\MTSD\Prepared\MTSD-Unaugmented\MTSD-YOLO\test\images\grp10_IMG_20251125_112108.jpg,2007.42,2950.16,2136.09,3101.51,0.4551,traffic sign,True,True,261.2,mtsd-p12
SAM 3,traffic sign,grp10_IMG_20251125_112108.jpg,E:\2. UM-Student\MSC Dissertation\Urban-Vision-Benchmark\Datasets\MTSD\Prepared\MTSD-Unaugmented\MTSD-YOLO\test\images\grp10_IMG_20251125_112108.jpg,2003.58,2950.87,2137.41,3662.01,0.4102,traffic sign,True,True,261.2,mtsd-p12
SAM 3,traffic sign,grp10_IMG_20251125_113833.jpg,E:\2. UM-Student\MSC Dissertation\Urban-Vision-Benchmark\Datasets\MTSD\Prepared\MTSD-Unaugmented\MTSD-YOLO\test\images\grp10_IMG_20251125_113833.jpg,1374.93,576.84,2645.9,1815.49,0.9336,traffic sign,True,True,314.8,mtsd-p12
SAM 3,traffic sign,grp10_IMG_20251125_113833.jpg,E:\2. UM-Student\MSC Dissertation\Urban-Vision-Benchmark\Datasets\MTSD\Prepared\MTSD-Unaugmented\MTSD-YOLO\test\images\grp10_IMG_20251125_113833.jpg,926.39,1666.33,1120.79,2036.18,0.9102,traffic sign,True,True,314.8,mtsd-p12
SAM 3,traffic sign,grp10_IMG_20251125_113833.jpg,E:\2. UM-Student\MSC Dissertation\Urban-Vision-Benchmark\Datasets\MTSD\Prepared\MTSD-Unaugmented\MTSD-YOLO\test\images\grp10_IMG_20251125_113833.jpg,904.03,2024.28,1135.85,2289.58,0.6602,traffic sign,True,True,314.8,mtsd-p12
SAM 3,traffic sign,grp10_IMG_20251125_113833.jpg,E:\2. UM-Student\MSC Dissertation\Urban-Vision-Benchmark\Datasets\MTSD\Prepared\MTSD-Unaugmented\MTSD-YOLO\test\images\grp10_IMG_20251125_113833.jpg,2854.5,2521.19,2891.37,2555.93,0.4297,traffic sign,True,True,314.8,mtsd-p12
SAM 3,traffic sign,grp10_IMG_20251125_113844.jpg,E:\2. UM-Student\MSC Dissertation\Urban-Vision-Benchmark\Datasets\MTSD\Prepared\MTSD-Unaugmented\MTSD-YOLO\test\images\grp10_IMG_20251125_113844.jpg,873.26,909.42,2146.54,2207.53,0.8242,traffic sign,True,True,300.0,mtsd-p12
SAM 3,traffic sign,grp10_IMG_20251125_113844.jpg,E:\2. UM-Student\MSC Dissertation\Urban-Vision-Benchmark\Datasets\MTSD\Prepared\MTSD-Unaugmented\MTSD-YOLO\test\images\grp10_IMG_20251125_113844.jpg,872.66,890.25,2150.84,4512.59,0.4727,traffic sign,True,True,300.0,mtsd-p12
SAM 3,traffic sign,grp10_IMG_20251125_114450.jpg,E:\2. UM-Student\MSC Dissertation\Urban-Vision-Benchmark\Datasets\MTSD\Prepared\MTSD-Unaugmented\MTSD-YOLO\test\images\grp10_IMG_20251125_114450.jpg,1774.36,488.58,2688.18,1925.98,0.9297,traffic sign,True,True,255.1,mtsd-p12
SAM 3,traffic sign,grp10_IMG_20251125_114450.jpg,E:\2. UM-Student\MSC Dissertation\Urban-Vision-Benchmark\Datasets\MTSD\Prepared\MTSD-Unaugmented\MTSD-YOLO\test\images\grp10_IMG_20251125_114450.jpg,2547.54,665.2,3472.0,2074.67,0.6094,traffic sign,True,True,255.1,mtsd-p12
SAM 3,traffic sign,grp10_IMG_20251125_114450.jpg,E:\2. UM-Student\MSC Dissertation\Urban-Vision-Benchmark\Datasets\MTSD\Prepared\MTSD-Unaugmented\MTSD-YOLO\test\images\grp10_IMG_20251125_114450.jpg,1767.26,489.07,2689.66,4624.0,0.4043,traffic sign,True,True,255.1,mtsd-p12
SAM 3,traffic sign,grp10_IMG_20251125_114450.jpg,E:\2. UM-Student\MSC Dissertation\Urban-Vision-Benchmark\Datasets\MTSD\Prepared\MTSD-Unaugmented\MTSD-YOLO\test\images\grp10_IMG_20251125_114450.jpg,2534.32,669.85,3472.0,4611.94,0.3457,traffic sign,True,True,255.1,mtsd-p12
SAM 3,traffic sign,grp10_IMG_20251125_120326.jpg,E:\2. UM-Student\MSC Dissertation\Urban-Vision-Benchmark\Datasets\MTSD\Prepared\MTSD-Unaugmented\MTSD-YOLO\test\images\grp10_IMG_20251125_120326.jpg,1538.22,817.76,2980.57,2791.2,0.7656,traffic sign,True,True,230.0,mtsd-p12
SAM 3,traffic sign,grp10_IMG_20251125_120326.jpg,E:\2. UM-Student\MSC Dissertation\Urban-Vision-Benchmark\Datasets\MTSD\Prepared\MTSD-Unaugmented\MTSD-YOLO\test\images\grp10_IMG_20251125_120326.jpg,2915.12,0.0,3472.0,939.15,0.7461,traffic sign,True,True,230.0,mtsd-p12
SAM 3,traffic sign,grp10_IMG_20251125_120326.jpg,E:\2. UM-Student\MSC Dissertation\Urban-Vision-Benchmark\Datasets\MTSD\Prepared\MTSD-Unaugmented\MTSD-YOLO\test\images\grp10_IMG_20251125_120326.jpg,3.77,2738.86,456.51,2970.13,0.4004,traffic sign,True,True,230.0,mtsd-p12
SAM 3,traffic sign,grp10_IMG_20251125_121131.jpg,E:\2. UM-Student\MSC Dissertation\Urban-Vision-Benchmark\Datasets\MTSD\Prepared\MTSD-Unaugmented\MTSD-YOLO\test\images\grp10_IMG_20251125_121131.jpg,0.0,1955.4,516.13,3733.2,0.8984,traffic sign,True,True,228.1,mtsd-p12
SAM 3,traffic sign,grp10_IMG_20251125_121131.jpg,E:\2. UM-Student\MSC Dissertation\Urban-Vision-Benchmark\Datasets\MTSD\Prepared\MTSD-Unaugmented\MTSD-YOLO\test\images\grp10_IMG_20251125_121131.jpg,839.52,2259.45,1377.11,2896.72,0.6484,traffic sign,True,True,228.1,mtsd-p12
SAM 3,traffic sign,grp10_IMG_20251125_121131.jpg,E:\2. UM-Student\MSC Dissertation\Urban-Vision-Benchmark\Datasets\MTSD\Prepared\MTSD-Unaugmented\MTSD-YOLO\test\images\grp10_IMG_20251125_121131.jpg,1535.79,4462.12,1585.05,4542.0,0.4629,traffic sign,True,True,228.1,mtsd-p12
SAM 3,traffic sign,grp10_IMG_20251125_121131.jpg,E:\2. UM-Student\MSC Dissertation\Urban-Vision-Benchmark\Datasets\MTSD\Prepared\MTSD-Unaugmented\MTSD-YOLO\test\images\grp10_IMG_20251125_121131.jpg,811.37,2276.15,1378.5,4624.0,0.4512,traffic sign,True,True,228.1,mtsd-p12
SAM 3,traffic sign,grp10_IMG_20251125_121142.jpg,E:\2. UM-Student\MSC Dissertation\Urban-Vision-Benchmark\Datasets\MTSD\Prepared\MTSD-Unaugmented\MTSD-YOLO\test\images\grp10_IMG_20251125_121142.jpg,41.12,3654.83,303.53,4006.83,0.6953,traffic sign,True,True,165.8,mtsd-p12
SAM 3,traffic sign,grp10_IMG_20251125_121142.jpg,E:\2. UM-Student\MSC Dissertation\Urban-Vision-Benchmark\Datasets\MTSD\Prepared\MTSD-Unaugmented\MTSD-YOLO\test\images\grp10_IMG_20251125_121142.jpg,817.28,1852.91,1584.74,2601.3,0.3438,traffic sign,True,True,165.8,mtsd-p12
SAM 3,traffic sign,grp10_IMG_20251125_121142.jpg,E:\2. UM-Student\MSC Dissertation\Urban-Vision-Benchmark\Datasets\MTSD\Prepared\MTSD-Unaugmented\MTSD-YOLO\test\images\grp10_IMG_20251125_121142.jpg,818.36,1859.09,1584.97,4624.0,0.3379,traffic sign,True,True,165.8,mtsd-p12
SAM 3,traffic sign,grp10_IMG_20251125_121556.jpg,E:\2. UM-Student\MSC Dissertation\Urban-Vision-Benchmark\Datasets\MTSD\Prepared\MTSD-Unaugmented\MTSD-YOLO\test\images\grp10_IMG_20251125_121556.jpg,362.9,1635.52,1625.6,2812.75,0.8789,traffic sign,True,True,172.8,mtsd-p12
SAM 3,traffic sign,grp10_IMG_20251125_121556.jpg,E:\2. UM-Student\MSC Dissertation\Urban-Vision-Benchmark\Datasets\MTSD\Prepared\MTSD-Unaugmented\MTSD-YOLO\test\images\grp10_IMG_20251125_121556.jpg,363.2,1623.87,1626.61,4624.0,0.4199,traffic sign,True,True,172.8,mtsd-p12
SAM 3,traffic sign,grp10_IMG_20251125_121957.jpg,E:\2. UM-Student\MSC Dissertation\Urban-Vision-Benchmark\Datasets\MTSD\Prepared\MTSD-Unaugmented\MTSD-YOLO\test\images\grp10_IMG_20251125_121957.jpg,1706.9,2603.21,1824.22,2785.46,0.7656,traffic sign,True,True,303.4,mtsd-p12
SAM 3,traffic sign,grp10_IMG_20251125_121957.jpg,E:\2. UM-Student\MSC Dissertation\Urban-Vision-Benchmark\Datasets\MTSD\Prepared\MTSD-Unaugmented\MTSD-YOLO\test\images\grp10_IMG_20251125_121957.jpg,1795.09,610.76,2425.05,2141.61,0.7383,traffic sign,True,True,303.4,mtsd-p12
SAM 3,traffic sign,grp10_IMG_20251125_121957.jpg,E:\2. UM-Student\MSC Dissertation\Urban-Vision-Benchmark\Datasets\MTSD\Prepared\MTSD-Unaugmented\MTSD-YOLO\test\images\grp10_IMG_20251125_121957.jpg,1801.72,614.34,2429.37,4603.11,0.3418,traffic sign,True,True,303.4,mtsd-p12
SAM 3,traffic sign,grp10_IMG_20251125_122125.jpg,E:\2. UM-Student\MSC Dissertation\Urban-Vision-Benchmark\Datasets\MTSD\Prepared\MTSD-Unaugmented\MTSD-YOLO\test\images\grp10_IMG_20251125_122125.jpg,674.35,1745.37,1394.14,3163.3,0.8516,traffic sign,True,True,176.1,mtsd-p12
SAM 3,traffic sign,grp10_IMG_20251125_122125.jpg,E:\2. UM-Student\MSC Dissertation\Urban-Vision-Benchmark\Datasets\MTSD\Prepared\MTSD-Unaugmented\MTSD-YOLO\test\images\grp10_IMG_20251125_122125.jpg,670.78,1745.91,1395.82,4612.81,0.3086,traffic sign,True,True,176.1,mtsd-p12
SAM 3,traffic sign,grp10_IMG_20251125_122225.jpg,E:\2. UM-Student\MSC Dissertation\Urban-Vision-Benchmark\Datasets\MTSD\Prepared\MTSD-Unaugmented\MTSD-YOLO\test\images\grp10_IMG_20251125_122225.jpg,795.66,501.87,2910.91,2319.74,0.9219,traffic sign,True,True,226.6,mtsd-p12
SAM 3,traffic sign,grp10_IMG_20251125_122225.jpg,E:\2. UM-Student\MSC Dissertation\Urban-Vision-Benchmark\Datasets\MTSD\Prepared\MTSD-Unaugmented\MTSD-YOLO\test\images\grp10_IMG_20251125_122225.jpg,3219.68,2392.05,3394.28,2639.76,0.8203,traffic sign,True,True,226.6,mtsd-p12
SAM 3,traffic sign,grp10_IMG_20251125_122225.jpg,E:\2. UM-Student\MSC Dissertation\Urban-Vision-Benchmark\Datasets\MTSD\Prepared\MTSD-Unaugmented\MTSD-YOLO\test\images\grp10_IMG_20251125_122225.jpg,3221.24,2386.93,3440.8,3161.67,0.4023,traffic sign,True,True,226.6,mtsd-p12
SAM 3,traffic sign,grp10_IMG_20251125_122225.jpg,E:\2. UM-Student\MSC Dissertation\Urban-Vision-Benchmark\Datasets\MTSD\Prepared\MTSD-Unaugmented\MTSD-YOLO\test\images\grp10_IMG_20251125_122225.jpg,3267.66,2420.07,3337.04,2504.91,0.3477,traffic sign,True,True,226.6,mtsd-p12
SAM 3,traffic sign,grp10_IMG_20251125_122225.jpg,E:\2. UM-Student\MSC Dissertation\Urban-Vision-Benchmark\Datasets\MTSD\Prepared\MTSD-Unaugmented\MTSD-YOLO\test\images\grp10_IMG_20251125_122225.jpg,787.66,503.8,2921.68,4586.18,0.3203,traffic sign,True,True,226.6,mtsd-p12
SAM 3,traffic sign,grp10_IMG_20251125_122515.jpg,E:\2. UM-Student\MSC Dissertation\Urban-Vision-Benchmark\Datasets\MTSD\Prepared\MTSD-Unaugmented\MTSD-YOLO\test\images\grp10_IMG_20251125_122515.jpg,880.38,1558.96,1627.21,2862.19,0.9141,traffic sign,True,True,336.6,mtsd-p12
SAM 3,traffic sign,grp10_IMG_20251125_122515.jpg,E:\2. UM-Student\MSC Dissertation\Urban-Vision-Benchmark\Datasets\MTSD\Prepared\MTSD-Unaugmented\MTSD-YOLO\test\images\grp10_IMG_20251125_122515.jpg,1343.59,4241.89,1417.98,4379.8,0.7891,traffic sign,True,True,336.6,mtsd-p12
SAM 3,traffic sign,grp10_IMG_20251125_122515.jpg,E:\2. UM-Student\MSC Dissertation\Urban-Vision-Benchmark\Datasets\MTSD\Prepared\MTSD-Unaugmented\MTSD-YOLO\test\images\grp10_IMG_20251125_122515.jpg,576.58,4313.0,641.0,4410.27,0.7109,traffic sign,True,True,336.6,mtsd-p12
SAM 3,traffic sign,grp10_IMG_20251125_122515.jpg,E:\2. UM-Student\MSC Dissertation\Urban-Vision-Benchmark\Datasets\MTSD\Prepared\MTSD-Unaugmented\MTSD-YOLO\test\images\grp10_IMG_20251125_122515.jpg,1482.82,4418.19,1510.35,4465.47,0.5508,traffic sign,True,True,336.6,mtsd-p12
SAM 3,traffic sign,grp10_IMG_20251125_122515.jpg,E:\2. UM-Student\MSC Dissertation\Urban-Vision-Benchmark\Datasets\MTSD\Prepared\MTSD-Unaugmented\MTSD-YOLO\test\images\grp10_IMG_20251125_122515.jpg,1073.46,4432.06,1103.09,4522.73,0.4844,traffic sign,True,True,336.6,mtsd-p12
SAM 3,traffic sign,grp10_IMG_20251125_122515.jpg,E:\2. UM-Student\MSC Dissertation\Urban-Vision-Benchmark\Datasets\MTSD\Prepared\MTSD-Unaugmented\MTSD-YOLO\test\images\grp10_IMG_20251125_122515.jpg,1801.67,4454.81,1827.24,4486.64,0.4062,traffic sign,True,True,336.6,mtsd-p12
SAM 3,traffic sign,grp10_IMG_20251125_122515.jpg,E:\2. UM-Student\MSC Dissertation\Urban-Vision-Benchmark\Datasets\MTSD\Prepared\MTSD-Unaugmented\MTSD-YOLO\test\images\grp10_IMG_20251125_122515.jpg,579.48,4475.45,653.44,4624.0,0.4023,traffic sign,True,True,336.6,mtsd-p12
SAM 3,traffic sign,grp10_IMG_20251125_122515.jpg,E:\2. UM-Student\MSC Dissertation\Urban-Vision-Benchmark\Datasets\MTSD\Prepared\MTSD-Unaugmented\MTSD-YOLO\test\images\grp10_IMG_20251125_122515.jpg,1406.52,4041.5,1458.16,4211.8,0.377,traffic sign,True,True,336.6,mtsd-p12
SAM 3,traffic sign,grp10_IMG_20251125_122515.jpg,E:\2. UM-Student\MSC Dissertation\Urban-Vision-Benchmark\Datasets\MTSD\Prepared\MTSD-Unaugmented\MTSD-YOLO\test\images\grp10_IMG_20251125_122515.jpg,669.87,4478.54,748.11,4624.0,0.3262,traffic sign,True,True,336.6,mtsd-p12
SAM 3,traffic sign,grp10_IMG_20251125_122515.jpg,E:\2. UM-Student\MSC Dissertation\Urban-Vision-Benchmark\Datasets\MTSD\Prepared\MTSD-Unaugmented\MTSD-YOLO\test\images\grp10_IMG_20251125_122515.jpg,768.17,4483.92,858.87,4624.0,0.3086,traffic sign,True,True,336.6,mtsd-p12
SAM 3,traffic sign,grp10_IMG_20251125_122819+1.jpg,E:\2. UM-Student\MSC Dissertation\Urban-Vision-Benchmark\Datasets\MTSD\Prepared\MTSD-Unaugmented\MTSD-YOLO\test\images\grp10_IMG_20251125_122819+1.jpg,1288.22,1003.14,1779.99,2430.16,0.9336,traffic sign,True,True,341.2,mtsd-p12
SAM 3,traffic sign,grp10_IMG_20251125_122819+1.jpg,E:\2. UM-Student\MSC Dissertation\Urban-Vision-Benchmark\Datasets\MTSD\Prepared\MTSD-Unaugmented\MTSD-YOLO\test\images\grp10_IMG_20251125_122819+1.jpg,705.23,2286.71,2212.32,4343.05,0.9219,traffic sign,True,True,341.2,mtsd-p12
SAM 3,traffic sign,grp10_IMG_20251125_122819+1.jpg,E:\2. UM-Student\MSC Dissertation\Urban-Vision-Benchmark\Datasets\MTSD\Prepared\MTSD-Unaugmented\MTSD-YOLO\test\images\grp10_IMG_20251125_122819+1.jpg,584.96,3614.27,670.81,3754.31,0.3027,traffic sign,True,True,341.2,mtsd-p12
SAM 3,traffic sign,grp10_IMG_20251125_122826.jpg,E:\2. UM-Student\MSC Dissertation\Urban-Vision-Benchmark\Datasets\MTSD\Prepared\MTSD-Unaugmented\MTSD-YOLO\test\images\grp10_IMG_20251125_122826.jpg,829.2,1040.07,1561.79,2445.12,0.5977,traffic sign,True,True,195.5,mtsd-p12
SAM 3,traffic sign,grp10_IMG_20251125_122826.jpg,E:\2. UM-Student\MSC Dissertation\Urban-Vision-Benchmark\Datasets\MTSD\Prepared\MTSD-Unaugmented\MTSD-YOLO\test\images\grp10_IMG_20251125_122826.jpg,306.21,2351.03,2115.06,4544.61,0.5508,traffic sign,True,True,195.5,mtsd-p12
SAM 3,traffic sign,grp10_IMG_20251125_123112.jpg,E:\2. UM-Student\MSC Dissertation\Urban-Vision-Benchmark\Datasets\MTSD\Prepared\MTSD-Unaugmented\MTSD-YOLO\test\images\grp10_IMG_20251125_123112.jpg,242.8,1525.17,1542.55,2722.91,0.8828,traffic sign,True,True,236.0,mtsd-p12
SAM 3,traffic sign,grp10_IMG_20251125_123112.jpg,E:\2. UM-Student\MSC Dissertation\Urban-Vision-Benchmark\Datasets\MTSD\Prepared\MTSD-Unaugmented\MTSD-YOLO\test\images\grp10_IMG_20251125_123112.jpg,1140.24,2667.64,1264.33,2898.02,0.3613,traffic sign,True,True,236.0,mtsd-p12
SAM 3,traffic sign,grp10_IMG_20251125_123425.jpg,E:\2. UM-Student\MSC Dissertation\Urban-Vision-Benchmark\Datasets\MTSD\Prepared\MTSD-Unaugmented\MTSD-YOLO\test\images\grp10_IMG_20251125_123425.jpg,,,,,,<no detections>,False,True,138.7,mtsd-p12
SAM 3,traffic sign,grp10_IMG_20251125_124400.jpg,E:\2. UM-Student\MSC Dissertation\Urban-Vision-Benchmark\Datasets\MTSD\Prepared\MTSD-Unaugmented\MTSD-YOLO\test\images\grp10_IMG_20251125_124400.jpg,555.36,1540.97,1515.9,3281.52,0.8867,traffic sign,True,True,169.5,mtsd-p12
SAM 3,traffic sign,grp10_IMG_20251125_153252.jpg,E:\2. UM-Student\MSC Dissertation\Urban-Vision-Benchmark\Datasets\MTSD\Prepared\MTSD-Unaugmented\MTSD-YOLO\test\images\grp10_IMG_20251125_153252.jpg,1290.38,780.27,2160.71,1628.84,0.9102,traffic sign,True,True,335.0,mtsd-p12
SAM 3,traffic sign,grp10_IMG_20251125_153252.jpg,E:\2. UM-Student\MSC Dissertation\Urban-Vision-Benchmark\Datasets\MTSD\Prepared\MTSD-Unaugmented\MTSD-YOLO\test\images\grp10_IMG_20251125_153252.jpg,2526.43,2614.42,2595.6,2660.96,0.6445,traffic sign,True,True,335.0,mtsd-p12
SAM 3,traffic sign,grp10_IMG_20251125_153252.jpg,E:\2. UM-Student\MSC Dissertation\Urban-Vision-Benchmark\Datasets\MTSD\Prepared\MTSD-Unaugmented\MTSD-YOLO\test\images\grp10_IMG_20251125_153252.jpg,2146.0,2526.54,2224.17,2623.79,0.6211,traffic sign,True,True,335.0,mtsd-p12
SAM 3,traffic sign,grp10_IMG_20251125_153252.jpg,E:\2. UM-Student\MSC Dissertation\Urban-Vision-Benchmark\Datasets\MTSD\Prepared\MTSD-Unaugmented\MTSD-YOLO\test\images\grp10_IMG_20251125_153252.jpg,3410.08,2622.86,3438.76,2691.54,0.3242,traffic sign,True,True,335.0,mtsd-p12
SAM 3,traffic sign,grp10_IMG_20251125_153252.jpg,E:\2. UM-Student\MSC Dissertation\Urban-Vision-Benchmark\Datasets\MTSD\Prepared\MTSD-Unaugmented\MTSD-YOLO\test\images\grp10_IMG_20251125_153252.jpg,2479.4,2601.9,2519.3,2642.16,0.3086,traffic sign,True,True,335.0,mtsd-p12
SAM 3,traffic sign,grp10_IMG_20251125_153559.jpg,E:\2. UM-Student\MSC Dissertation\Urban-Vision-Benchmark\Datasets\MTSD\Prepared\MTSD-Unaugmented\MTSD-YOLO\test\images\grp10_IMG_20251125_153559.jpg,1624.39,710.75,1937.0,1880.24,0.8438,traffic sign,True,True,182.1,mtsd-p12
SAM 3,traffic sign,grp10_IMG_20251126_123510.jpg,E:\2. UM-Student\MSC Dissertation\Urban-Vision-Benchmark\Datasets\MTSD\Prepared\MTSD-Unaugmented\MTSD-YOLO\test\images\grp10_IMG_20251126_123510.jpg,718.22,2105.58,1399.58,2709.61,0.9219,traffic sign,True,True,191.4,mtsd-p12
SAM 3,traffic sign,grp10_IMG_20251126_123510.jpg,E:\2. UM-Student\MSC Dissertation\Urban-Vision-Benchmark\Datasets\MTSD\Prepared\MTSD-Unaugmented\MTSD-YOLO\test\images\grp10_IMG_20251126_123510.jpg,1664.7,3942.17,1716.67,4004.78,0.8281,traffic sign,True,True,191.4,mtsd-p12
SAM 3,traffic sign,grp10_IMG_20251126_123510.jpg,E:\2. UM-Student\MSC Dissertation\Urban-Vision-Benchmark\Datasets\MTSD\Prepared\MTSD-Unaugmented\MTSD-YOLO\test\images\grp10_IMG_20251126_123510.jpg,876.13,3761.1,978.49,3969.23,0.3262,traffic sign,True,True,191.4,mtsd-p12
SAM 3,traffic sign,grp10_IMG_20251126_123524.jpg,E:\2. UM-Student\MSC Dissertation\Urban-Vision-Benchmark\Datasets\MTSD\Prepared\MTSD-Unaugmented\MTSD-YOLO\test\images\grp10_IMG_20251126_123524.jpg,1863.2,3643.19,2080.0,4285.12,0.8555,traffic sign,True,True,238.3,mtsd-p12
SAM 3,traffic sign,grp10_IMG_20251126_123524.jpg,E:\2. UM-Student\MSC Dissertation\Urban-Vision-Benchmark\Datasets\MTSD\Prepared\MTSD-Unaugmented\MTSD-YOLO\test\images\grp10_IMG_20251126_123524.jpg,660.47,2069.93,1500.71,2739.0,0.7461,traffic sign,True,True,238.3,mtsd-p12
SAM 3,traffic sign,grp10_IMG_20251126_123524.jpg,E:\2. UM-Student\MSC Dissertation\Urban-Vision-Benchmark\Datasets\MTSD\Prepared\MTSD-Unaugmented\MTSD-YOLO\test\images\grp10_IMG_20251126_123524.jpg,1830.38,4203.5,2080.0,4617.56,0.4375,traffic sign,True,True,238.3,mtsd-p12
SAM 3,traffic sign,grp10_IMG_20251126_123524.jpg,E:\2. UM-Student\MSC Dissertation\Urban-Vision-Benchmark\Datasets\MTSD\Prepared\MTSD-Unaugmented\MTSD-YOLO\test\images\grp10_IMG_20251126_123524.jpg,668.67,1255.61,1492.63,4624.0,0.373,traffic sign,True,True,238.3,mtsd-p12
SAM 3,traffic sign,grp10_IMG_20251126_123910.jpg,E:\2. UM-Student\MSC Dissertation\Urban-Vision-Benchmark\Datasets\MTSD\Prepared\MTSD-Unaugmented\MTSD-YOLO\test\images\grp10_IMG_20251126_123910.jpg,633.05,1251.25,1524.85,2040.79,0.9414,traffic sign,True,True,235.9,mtsd-p12
SAM 3,traffic sign,grp10_IMG_20251126_123910.jpg,E:\2. UM-Student\MSC Dissertation\Urban-Vision-Benchmark\Datasets\MTSD\Prepared\MTSD-Unaugmented\MTSD-YOLO\test\images\grp10_IMG_20251126_123910.jpg,592.82,2039.4,1574.51,2975.13,0.9375,traffic sign,True,True,235.9,mtsd-p12
SAM 3,traffic sign,grp10_IMG_20251126_123910.jpg,E:\2. UM-Student\MSC Dissertation\Urban-Vision-Benchmark\Datasets\MTSD\Prepared\MTSD-Unaugmented\MTSD-YOLO\test\images\grp10_IMG_20251126_123910.jpg,1153.03,2927.4,1322.8,3170.01,0.3496,traffic sign,True,True,235.9,mtsd-p12
SAM 3,traffic sign,grp10_IMG_20260106_160010_253.jpg,E:\2. UM-Student\MSC Dissertation\Urban-Vision-Benchmark\Datasets\MTSD\Prepared\MTSD-Unaugmented\MTSD-YOLO\test\images\grp10_IMG_20260106_160010_253.jpg,1005.36,742.72,2071.95,1655.71,0.9336,traffic sign,True,True,251.9,mtsd-p12
SAM 3,traffic sign,grp10_IMG_20260106_160010_253.jpg,E:\2. UM-Student\MSC Dissertation\Urban-Vision-Benchmark\Datasets\MTSD\Prepared\MTSD-Unaugmented\MTSD-YOLO\test\images\grp10_IMG_20260106_160010_253.jpg,1022.94,1600.2,2049.6,2010.44,0.875,traffic sign,True,True,251.9,mtsd-p12
SAM 3,traffic sign,grp10_IMG_20260106_160010_253.jpg,E:\2. UM-Student\MSC Dissertation\Urban-Vision-Benchmark\Datasets\MTSD\Prepared\MTSD-Unaugmented\MTSD-YOLO\test\images\grp10_IMG_20260106_160010_253.jpg,1455.41,2491.26,1529.45,2551.66,0.7461,traffic sign,True,True,251.9,mtsd-p12
SAM 3,traffic sign,grp10_IMG_20260106_160010_253.jpg,E:\2. UM-Student\MSC Dissertation\Urban-Vision-Benchmark\Datasets\MTSD\Prepared\MTSD-Unaugmented\MTSD-YOLO\test\images\grp10_IMG_20260106_160010_253.jpg,1004.68,745.35,2078.06,4080.0,0.3828,traffic sign,True,True,251.9,mtsd-p12
SAM 3,traffic sign,grp10_IMG_20260106_160549_637.jpg,E:\2. UM-Student\MSC Dissertation\Urban-Vision-Benchmark\Datasets\MTSD\Prepared\MTSD-Unaugmented\MTSD-YOLO\test\images\grp10_IMG_20260106_160549_637.jpg,1031.03,948.88,2222.88,2087.23,0.8672,traffic sign,True,True,317.5,mtsd-p12
SAM 3,traffic sign,grp10_IMG_20260106_160549_637.jpg,E:\2. UM-Student\MSC Dissertation\Urban-Vision-Benchmark\Datasets\MTSD\Prepared\MTSD-Unaugmented\MTSD-YOLO\test\images\grp10_IMG_20260106_160549_637.jpg,1124.3,2668.17,1177.34,2747.75,0.5742,traffic sign,True,True,317.5,mtsd-p12
SAM 3,traffic sign,grp10_IMG_20260106_160549_637.jpg,E:\2. UM-Student\MSC Dissertation\Urban-Vision-Benchmark\Datasets\MTSD\Prepared\MTSD-Unaugmented\MTSD-YOLO\test\images\grp10_IMG_20260106_160549_637.jpg,1341.06,2698.05,1380.87,2757.72,0.5312,traffic sign,True,True,317.5,mtsd-p12
SAM 3,traffic sign,grp10_IMG_20260106_160549_637.jpg,E:\2. UM-Student\MSC Dissertation\Urban-Vision-Benchmark\Datasets\MTSD\Prepared\MTSD-Unaugmented\MTSD-YOLO\test\images\grp10_IMG_20260106_160549_637.jpg,374.15,2702.77,446.75,2773.21,0.4863,traffic sign,True,True,317.5,mtsd-p12
SAM 3,traffic sign,grp10_IMG_20260106_160549_637.jpg,E:\2. UM-Student\MSC Dissertation\Urban-Vision-Benchmark\Datasets\MTSD\Prepared\MTSD-Unaugmented\MTSD-YOLO\test\images\grp10_IMG_20260106_160549_637.jpg,1493.09,2082.54,1911.63,3030.23,0.4336,traffic sign,True,True,317.5,mtsd-p12
SAM 3,traffic sign,grp10_IMG_20260106_160549_637.jpg,E:\2. UM-Student\MSC Dissertation\Urban-Vision-Benchmark\Datasets\MTSD\Prepared\MTSD-Unaugmented\MTSD-YOLO\test\images\grp10_IMG_20260106_160549_637.jpg,334.56,2709.1,371.95,2767.13,0.3906,traffic sign,True,True,317.5,mtsd-p12
SAM 3,traffic sign,grp10_IMG_20260106_160549_637.jpg,E:\2. UM-Student\MSC Dissertation\Urban-Vision-Benchmark\Datasets\MTSD\Prepared\MTSD-Unaugmented\MTSD-YOLO\test\images\grp10_IMG_20260106_160549_637.jpg,964.18,2676.11,1025.77,2730.57,0.3711,traffic sign,True,True,317.5,mtsd-p12
SAM 3,traffic sign,grp10_IMG_20260106_160549_637.jpg,E:\2. UM-Student\MSC Dissertation\Urban-Vision-Benchmark\Datasets\MTSD\Prepared\MTSD-Unaugmented\MTSD-YOLO\test\images\grp10_IMG_20260106_160549_637.jpg,1037.07,944.51,2224.77,4080.0,0.3652,traffic sign,True,True,317.5,mtsd-p12
SAM 3,traffic sign,grp10_IMG_20260106_160608_331.jpg,E:\2. UM-Student\MSC Dissertation\Urban-Vision-Benchmark\Datasets\MTSD\Prepared\MTSD-Unaugmented\MTSD-YOLO\test\images\grp10_IMG_20260106_160608_331.jpg,989.24,936.3,2342.99,2280.87,0.8047,traffic sign,True,True,299.2,mtsd-p12
SAM 3,traffic sign,grp10_IMG_20260106_160608_331.jpg,E:\2. UM-Student\MSC Dissertation\Urban-Vision-Benchmark\Datasets\MTSD\Prepared\MTSD-Unaugmented\MTSD-YOLO\test\images\grp10_IMG_20260106_160608_331.jpg,1193.35,2103.47,1473.67,3485.68,0.3711,traffic sign,True,True,299.2,mtsd-p12
SAM 3,traffic sign,grp10_IMG_20260106_161746_914.jpg,E:\2. UM-Student\MSC Dissertation\Urban-Vision-Benchmark\Datasets\MTSD\Prepared\MTSD-Unaugmented\MTSD-YOLO\test\images\grp10_IMG_20260106_161746_914.jpg,995.13,538.3,2555.77,2100.27,0.9336,traffic sign,True,True,306.1,mtsd-p12
SAM 3,traffic sign,grp10_IMG_20260106_161746_914.jpg,E:\2. UM-Student\MSC Dissertation\Urban-Vision-Benchmark\Datasets\MTSD\Prepared\MTSD-Unaugmented\MTSD-YOLO\test\images\grp10_IMG_20260106_161746_914.jpg,169.13,2505.98,205.75,2541.86,0.3066,traffic sign,True,True,306.1,mtsd-p12
SAM 3,traffic sign,grp10_IMG_20260106_162304_258.jpg,E:\2. UM-Student\MSC Dissertation\Urban-Vision-Benchmark\Datasets\MTSD\Prepared\MTSD-Unaugmented\MTSD-YOLO\test\images\grp10_IMG_20260106_162304_258.jpg,,,,,,<no detections>,False,True,157.4,mtsd-p12
SAM 3,traffic sign,grp10_IMG_20260110_171243_436.jpg,E:\2. UM-Student\MSC Dissertation\Urban-Vision-Benchmark\Datasets\MTSD\Prepared\MTSD-Unaugmented\MTSD-YOLO\test\images\grp10_IMG_20260110_171243_436.jpg,971.83,1037.09,1937.1,1967.81,0.9102,traffic sign,True,True,203.9,mtsd-p12
SAM 3,traffic sign,grp10_IMG_20260110_171243_436.jpg,E:\2. UM-Student\MSC Dissertation\Urban-Vision-Benchmark\Datasets\MTSD\Prepared\MTSD-Unaugmented\MTSD-YOLO\test\images\grp10_IMG_20260110_171243_436.jpg,969.82,1031.77,1938.27,4080.0,0.377,traffic sign,True,True,203.9,mtsd-p12
SAM 3,traffic sign,grp10_IMG_20260110_172451_501.jpg,E:\2. UM-Student\MSC Dissertation\Urban-Vision-Benchmark\Datasets\MTSD\Prepared\MTSD-Unaugmented\MTSD-YOLO\test\images\grp10_IMG_20260110_172451_501.jpg,,,,,,<no detections>,False,True,148.1,mtsd-p12
SAM 3,traffic sign,grp10_IMG_20260110_172745_673.jpg,E:\2. UM-Student\MSC Dissertation\Urban-Vision-Benchmark\Datasets\MTSD\Prepared\MTSD-Unaugmented\MTSD-YOLO\test\images\grp10_IMG_20260110_172745_673.jpg,1298.96,1657.06,2532.66,3436.23,0.9258,traffic sign,True,True,193.8,mtsd-p12
SAM 3,traffic sign,grp10_IMG_20260110_173056_747.jpg,E:\2. UM-Student\MSC Dissertation\Urban-Vision-Benchmark\Datasets\MTSD\Prepared\MTSD-Unaugmented\MTSD-YOLO\test\images\grp10_IMG_20260110_173056_747.jpg,1003.92,841.54,2377.7,1600.22,0.875,traffic sign,True,True,244.1,mtsd-p12
SAM 3,traffic sign,grp10_IMG_20260110_173056_747.jpg,E:\2. UM-Student\MSC Dissertation\Urban-Vision-Benchmark\Datasets\MTSD\Prepared\MTSD-Unaugmented\MTSD-YOLO\test\images\grp10_IMG_20260110_173056_747.jpg,1166.68,1152.48,2391.87,1894.23,0.498,traffic sign,True,True,244.1,mtsd-p12
SAM 3,traffic sign,grp10_IMG_20260110_173056_747.jpg,E:\2. UM-Student\MSC Dissertation\Urban-Vision-Benchmark\Datasets\MTSD\Prepared\MTSD-Unaugmented\MTSD-YOLO\test\images\grp10_IMG_20260110_173056_747.jpg,992.83,816.97,4080.0,1896.53,0.3203,traffic sign,True,True,244.1,mtsd-p12
SAM 3,traffic sign,grp10_IMG_20260110_173308_202.jpg,E:\2. UM-Student\MSC Dissertation\Urban-Vision-Benchmark\Datasets\MTSD\Prepared\MTSD-Unaugmented\MTSD-YOLO\test\images\grp10_IMG_20260110_173308_202.jpg,,,,,,<no detections>,False,True,145.9,mtsd-p12
SAM 3,traffic sign,grp10_IMG_20260113_083600_409.jpg,E:\2. UM-Student\MSC Dissertation\Urban-Vision-Benchmark\Datasets\MTSD\Prepared\MTSD-Unaugmented\MTSD-YOLO\test\images\grp10_IMG_20260113_083600_409.jpg,731.19,830.35,2252.14,2620.76,0.6523,traffic sign,True,True,266.6,mtsd-p12
SAM 3,traffic sign,grp10_IMG_20260113_083600_409.jpg,E:\2. UM-Student\MSC Dissertation\Urban-Vision-Benchmark\Datasets\MTSD\Prepared\MTSD-Unaugmented\MTSD-YOLO\test\images\grp10_IMG_20260113_083600_409.jpg,733.63,824.77,4080.0,2625.04,0.4023,traffic sign,True,True,266.6,mtsd-p12
SAM 3,traffic sign,grp10_IMG_20260113_083728_516.jpg,E:\2. UM-Student\MSC Dissertation\Urban-Vision-Benchmark\Datasets\MTSD\Prepared\MTSD-Unaugmented\MTSD-YOLO\test\images\grp10_IMG_20260113_083728_516.jpg,685.49,695.33,1878.55,2586.69,0.6367,traffic sign,True,True,254.6,mtsd-p12
SAM 3,traffic sign,grp10_IMG_20260113_083728_516.jpg,E:\2. UM-Student\MSC Dissertation\Urban-Vision-Benchmark\Datasets\MTSD\Prepared\MTSD-Unaugmented\MTSD-YOLO\test\images\grp10_IMG_20260113_083728_516.jpg,1830.19,626.53,2464.01,2655.71,0.5938,traffic sign,True,True,254.6,mtsd-p12
SAM 3,traffic sign,grp10_IMG_20260113_083728_516.jpg,E:\2. UM-Student\MSC Dissertation\Urban-Vision-Benchmark\Datasets\MTSD\Prepared\MTSD-Unaugmented\MTSD-YOLO\test\images\grp10_IMG_20260113_083728_516.jpg,693.52,606.66,4078.01,2665.23,0.5078,traffic sign,True,True,254.6,mtsd-p12
SAM 3,traffic sign,grp10_IMG_20260113_083728_516.jpg,E:\2. UM-Student\MSC Dissertation\Urban-Vision-Benchmark\Datasets\MTSD\Prepared\MTSD-Unaugmented\MTSD-YOLO\test\images\grp10_IMG_20260113_083728_516.jpg,3356.92,2435.17,3427.59,2494.84,0.4844,traffic sign,True,True,254.6,mtsd-p12
SAM 3,traffic sign,grp10_IMG_20260113_083728_516.jpg,E:\2. UM-Student\MSC Dissertation\Urban-Vision-Benchmark\Datasets\MTSD\Prepared\MTSD-Unaugmented\MTSD-YOLO\test\images\grp10_IMG_20260113_083728_516.jpg,3516.01,2183.08,3560.61,2222.44,0.4141,traffic sign,True,True,254.6,mtsd-p12
SAM 3,traffic sign,grp10_IMG_20260113_083759_046.jpg,E:\2. UM-Student\MSC Dissertation\Urban-Vision-Benchmark\Datasets\MTSD\Prepared\MTSD-Unaugmented\MTSD-YOLO\test\images\grp10_IMG_20260113_083759_046.jpg,,,,,,<no detections>,False,True,199.9,mtsd-p12
SAM 3,traffic sign,grp10_IMG_20260113_083821_567.jpg,E:\2. UM-Student\MSC Dissertation\Urban-Vision-Benchmark\Datasets\MTSD\Prepared\MTSD-Unaugmented\MTSD-YOLO\test\images\grp10_IMG_20260113_083821_567.jpg,3413.83,582.65,3614.47,724.29,0.7578,traffic sign,True,True,216.5,mtsd-p12
SAM 3,traffic sign,grp10_IMG_20260113_083821_567.jpg,E:\2. UM-Student\MSC Dissertation\Urban-Vision-Benchmark\Datasets\MTSD\Prepared\MTSD-Unaugmented\MTSD-YOLO\test\images\grp10_IMG_20260113_083821_567.jpg,1019.88,941.76,2985.29,2362.82,0.3398,traffic sign,True,True,216.5,mtsd-p12
SAM 3,traffic sign,grp10_IMG_20260113_084856_622.jpg,E:\2. UM-Student\MSC Dissertation\Urban-Vision-Benchmark\Datasets\MTSD\Prepared\MTSD-Unaugmented\MTSD-YOLO\test\images\grp10_IMG_20260113_084856_622.jpg,,,,,,<no detections>,False,True,168.2,mtsd-p12
SAM 3,traffic sign,grp10_IMG_20260113_084947_261.jpg,E:\2. UM-Student\MSC Dissertation\Urban-Vision-Benchmark\Datasets\MTSD\Prepared\MTSD-Unaugmented\MTSD-YOLO\test\images\grp10_IMG_20260113_084947_261.jpg,1447.66,863.41,2365.22,1947.67,0.9062,traffic sign,True,True,235.1,mtsd-p12
SAM 3,traffic sign,grp10_IMG_20260113_085011_841.jpg,E:\2. UM-Student\MSC Dissertation\Urban-Vision-Benchmark\Datasets\MTSD\Prepared\MTSD-Unaugmented\MTSD-YOLO\test\images\grp10_IMG_20260113_085011_841.jpg,929.14,352.25,4080.0,2495.78,0.3848,traffic sign,True,True,213.8,mtsd-p12
SAM 3,traffic sign,grp10_IMG_20260113_085011_841.jpg,E:\2. UM-Student\MSC Dissertation\Urban-Vision-Benchmark\Datasets\MTSD\Prepared\MTSD-Unaugmented\MTSD-YOLO\test\images\grp10_IMG_20260113_085011_841.jpg,919.89,534.43,2232.39,2454.65,0.3652,traffic sign,True,True,213.8,mtsd-p12
SAM 3,traffic sign,grp10_IMG_20260113_085011_841.jpg,E:\2. UM-Student\MSC Dissertation\Urban-Vision-Benchmark\Datasets\MTSD\Prepared\MTSD-Unaugmented\MTSD-YOLO\test\images\grp10_IMG_20260113_085011_841.jpg,1838.26,364.21,2867.21,2491.1,0.3242,traffic sign,True,True,213.8,mtsd-p12
SAM 3,traffic sign,grp10_IMG_20260113_085024_440.jpg,E:\2. UM-Student\MSC Dissertation\Urban-Vision-Benchmark\Datasets\MTSD\Prepared\MTSD-Unaugmented\MTSD-YOLO\test\images\grp10_IMG_20260113_085024_440.jpg,2272.72,814.76,3360.11,1886.22,0.9609,traffic sign,True,True,278.7,mtsd-p12
SAM 3,traffic sign,grp10_IMG_20260113_085024_440.jpg,E:\2. UM-Student\MSC Dissertation\Urban-Vision-Benchmark\Datasets\MTSD\Prepared\MTSD-Unaugmented\MTSD-YOLO\test\images\grp10_IMG_20260113_085024_440.jpg,1307.54,883.07,2263.05,2018.02,0.9531,traffic sign,True,True,278.7,mtsd-p12
SAM 3,traffic sign,grp10_IMG_20260113_085024_440.jpg,E:\2. UM-Student\MSC Dissertation\Urban-Vision-Benchmark\Datasets\MTSD\Prepared\MTSD-Unaugmented\MTSD-YOLO\test\images\grp10_IMG_20260113_085024_440.jpg,3523.73,431.59,3645.68,574.69,0.7227,traffic sign,True,True,278.7,mtsd-p12
SAM 3,traffic sign,grp10_IMG_20260113_085024_440.jpg,E:\2. UM-Student\MSC Dissertation\Urban-Vision-Benchmark\Datasets\MTSD\Prepared\MTSD-Unaugmented\MTSD-YOLO\test\images\grp10_IMG_20260113_085024_440.jpg,3701.5,1040.41,3849.0,1101.48,0.582,traffic sign,True,True,278.7,mtsd-p12
SAM 3,traffic sign,grp10_IMG_20260113_085024_440.jpg,E:\2. UM-Student\MSC Dissertation\Urban-Vision-Benchmark\Datasets\MTSD\Prepared\MTSD-Unaugmented\MTSD-YOLO\test\images\grp10_IMG_20260113_085024_440.jpg,3427.67,565.95,3574.74,708.38,0.5625,traffic sign,True,True,278.7,mtsd-p12
SAM 3,traffic sign,grp10_IMG_20260113_085024_440.jpg,E:\2. UM-Student\MSC Dissertation\Urban-Vision-Benchmark\Datasets\MTSD\Prepared\MTSD-Unaugmented\MTSD-YOLO\test\images\grp10_IMG_20260113_085024_440.jpg,3214.46,2097.92,3352.73,2184.81,0.4414,traffic sign,True,True,278.7,mtsd-p12
SAM 3,traffic sign,grp10_IMG_8791.jpeg,E:\2. UM-Student\MSC Dissertation\Urban-Vision-Benchmark\Datasets\MTSD\Prepared\MTSD-Unaugmented\MTSD-YOLO\test\images\grp10_IMG_8791.jpeg,521.6,2052.77,2370.33,3959.62,0.9531,traffic sign,True,True,199.6,mtsd-p12
SAM 3,traffic sign,grp10_IMG_8791.jpeg,E:\2. UM-Student\MSC Dissertation\Urban-Vision-Benchmark\Datasets\MTSD\Prepared\MTSD-Unaugmented\MTSD-YOLO\test\images\grp10_IMG_8791.jpeg,604.18,413.15,2293.56,2038.88,0.9492,traffic sign,True,True,199.6,mtsd-p12
SAM 3,traffic sign,grp10_IMG_8810.jpeg,E:\2. UM-Student\MSC Dissertation\Urban-Vision-Benchmark\Datasets\MTSD\Prepared\MTSD-Unaugmented\MTSD-YOLO\test\images\grp10_IMG_8810.jpeg,,,,,,<no detections>,False,True,150.8,mtsd-p12
SAM 3,traffic sign,grp10_wall_stop.jpeg,E:\2. UM-Student\MSC Dissertation\Urban-Vision-Benchmark\Datasets\MTSD\Prepared\MTSD-Unaugmented\MTSD-YOLO\test\images\grp10_wall_stop.jpeg,844.88,566.05,2066.64,1729.57,0.9297,traffic sign,True,True,272.0,mtsd-p12
SAM 3,traffic sign,grp10_wall_stop.jpeg,E:\2. UM-Student\MSC Dissertation\Urban-Vision-Benchmark\Datasets\MTSD\Prepared\MTSD-Unaugmented\MTSD-YOLO\test\images\grp10_wall_stop.jpeg,705.65,1739.04,2122.63,3842.86,0.9102,traffic sign,True,True,272.0,mtsd-p12
SAM 3,traffic sign,grp10_WhatsApp Image 2025-11-16 at 17.52.23 (3).jpeg,E:\2. UM-Student\MSC Dissertation\Urban-Vision-Benchmark\Datasets\MTSD\Prepared\MTSD-Unaugmented\MTSD-YOLO\test\images\grp10_WhatsApp Image 2025-11-16 at 17.52.23 (3).jpeg,161.05,731.23,1281.92,1757.45,0.9258,traffic sign,True,True,127.6,mtsd-p12
SAM 3,traffic sign,grp10_WhatsApp Image 2025-11-16 at 17.52.25 (1).jpeg,E:\2. UM-Student\MSC Dissertation\Urban-Vision-Benchmark\Datasets\MTSD\Prepared\MTSD-Unaugmented\MTSD-YOLO\test\images\grp10_WhatsApp Image 2025-11-16 at 17.52.25 (1).jpeg,,,,,,<no detections>,False,True,123.1,mtsd-p12
SAM 3,traffic sign,grp10_WhatsApp Image 2025-11-16 at 17.52.27.jpeg,E:\2. UM-Student\MSC Dissertation\Urban-Vision-Benchmark\Datasets\MTSD\Prepared\MTSD-Unaugmented\MTSD-YOLO\test\images\grp10_WhatsApp Image 2025-11-16 at 17.52.27.jpeg,124.08,712.99,941.16,1452.27,0.957,traffic sign,True,True,159.6,mtsd-p12
SAM 3,traffic sign,grp10_WhatsApp Image 2025-11-16 at 17.52.27.jpeg,E:\2. UM-Student\MSC Dissertation\Urban-Vision-Benchmark\Datasets\MTSD\Prepared\MTSD-Unaugmented\MTSD-YOLO\test\images\grp10_WhatsApp Image 2025-11-16 at 17.52.27.jpeg,68.36,1566.29,174.76,1705.66,0.7188,traffic sign,True,True,159.6,mtsd-p12
SAM 3,traffic sign,grp10_WhatsApp Image 2025-11-16 at 17.52.27.jpeg,E:\2. UM-Student\MSC Dissertation\Urban-Vision-Benchmark\Datasets\MTSD\Prepared\MTSD-Unaugmented\MTSD-YOLO\test\images\grp10_WhatsApp Image 2025-11-16 at 17.52.27.jpeg,148.79,1730.21,186.07,1770.72,0.707,traffic sign,True,True,159.6,mtsd-p12
SAM 3,traffic sign,grp10_WhatsApp Image 2025-11-16 at 17.52.27.jpeg,E:\2. UM-Student\MSC Dissertation\Urban-Vision-Benchmark\Datasets\MTSD\Prepared\MTSD-Unaugmented\MTSD-YOLO\test\images\grp10_WhatsApp Image 2025-11-16 at 17.52.27.jpeg,146.84,1730.05,186.12,1858.66,0.3262,traffic sign,True,True,159.6,mtsd-p12
SAM 3,traffic sign,grp10_WhatsApp Image 2025-11-16 at 17.52.27.jpeg,E:\2. UM-Student\MSC Dissertation\Urban-Vision-Benchmark\Datasets\MTSD\Prepared\MTSD-Unaugmented\MTSD-YOLO\test\images\grp10_WhatsApp Image 2025-11-16 at 17.52.27.jpeg,84.95,1794.11,106.61,1821.02,0.3066,traffic sign,True,True,159.6,mtsd-p12
SAM 3,traffic sign,grp10_WhatsApp Image 2025-11-16 at 17.52.28 (3).jpeg,E:\2. UM-Student\MSC Dissertation\Urban-Vision-Benchmark\Datasets\MTSD\Prepared\MTSD-Unaugmented\MTSD-YOLO\test\images\grp10_WhatsApp Image 2025-11-16 at 17.52.28 (3).jpeg,344.23,587.25,963.32,1187.08,0.9375,traffic sign,True,True,176.6,mtsd-p12
SAM 3,traffic sign,grp10_WhatsApp Image 2025-11-16 at 17.52.28 (3).jpeg,E:\2. UM-Student\MSC Dissertation\Urban-Vision-Benchmark\Datasets\MTSD\Prepared\MTSD-Unaugmented\MTSD-YOLO\test\images\grp10_WhatsApp Image 2025-11-16 at 17.52.28 (3).jpeg,1355.82,1458.89,1382.9,1476.02,0.459,traffic sign,True,True,176.6,mtsd-p12
SAM 3,traffic sign,grp10_WhatsApp Image 2025-11-16 at 17.52.29.jpeg,E:\2. UM-Student\MSC Dissertation\Urban-Vision-Benchmark\Datasets\MTSD\Prepared\MTSD-Unaugmented\MTSD-YOLO\test\images\grp10_WhatsApp Image 2025-11-16 at 17.52.29.jpeg,379.48,633.14,1082.47,1310.72,0.918,traffic sign,True,True,124.8,mtsd-p12
SAM 3,traffic sign,grp10_WhatsApp Image 2025-11-17 at 12.38.32 (2).jpeg,E:\2. UM-Student\MSC Dissertation\Urban-Vision-Benchmark\Datasets\MTSD\Prepared\MTSD-Unaugmented\MTSD-YOLO\test\images\grp10_WhatsApp Image 2025-11-17 at 12.38.32 (2).jpeg,298.78,625.79,1071.29,1264.64,0.9258,traffic sign,True,True,163.8,mtsd-p12
SAM 3,traffic sign,grp10_WhatsApp Image 2025-11-17 at 12.38.34.jpeg,E:\2. UM-Student\MSC Dissertation\Urban-Vision-Benchmark\Datasets\MTSD\Prepared\MTSD-Unaugmented\MTSD-YOLO\test\images\grp10_WhatsApp Image 2025-11-17 at 12.38.34.jpeg,253.14,637.2,1276.4,1556.24,0.918,traffic sign,True,True,128.8,mtsd-p12
SAM 3,traffic sign,grp10_WhatsApp Image 2025-11-17 at 12.38.37 (2).jpeg,E:\2. UM-Student\MSC Dissertation\Urban-Vision-Benchmark\Datasets\MTSD\Prepared\MTSD-Unaugmented\MTSD-YOLO\test\images\grp10_WhatsApp Image 2025-11-17 at 12.38.37 (2).jpeg,1164.6,1807.2,1315.47,2040.0,0.8789,traffic sign,True,True,157.9,mtsd-p12
SAM 3,traffic sign,grp10_WhatsApp Image 2025-11-17 at 12.38.37 (2).jpeg,E:\2. UM-Student\MSC Dissertation\Urban-Vision-Benchmark\Datasets\MTSD\Prepared\MTSD-Unaugmented\MTSD-YOLO\test\images\grp10_WhatsApp Image 2025-11-17 at 12.38.37 (2).jpeg,934.71,1181.17,1072.15,1929.23,0.6055,traffic sign,True,True,157.9,mtsd-p12
SAM 3,traffic sign,grp10_WhatsApp Image 2025-11-17 at 12.38.37 (2).jpeg,E:\2. UM-Student\MSC Dissertation\Urban-Vision-Benchmark\Datasets\MTSD\Prepared\MTSD-Unaugmented\MTSD-YOLO\test\images\grp10_WhatsApp Image 2025-11-17 at 12.38.37 (2).jpeg,980.63,537.31,1054.76,1322.84,0.5859,traffic sign,True,True,157.9,mtsd-p12
SAM 3,traffic sign,grp10_WhatsApp Image 2025-11-17 at 12.38.37 (2).jpeg,E:\2. UM-Student\MSC Dissertation\Urban-Vision-Benchmark\Datasets\MTSD\Prepared\MTSD-Unaugmented\MTSD-YOLO\test\images\grp10_WhatsApp Image 2025-11-17 at 12.38.37 (2).jpeg,900.32,534.33,1071.13,2040.0,0.3438,traffic sign,True,True,157.9,mtsd-p12
SAM 3,traffic sign,grp10_WhatsApp Image 2025-11-17 at 15.01.27 - Edited.jpg,E:\2. UM-Student\MSC Dissertation\Urban-Vision-Benchmark\Datasets\MTSD\Prepared\MTSD-Unaugmented\MTSD-YOLO\test\images\grp10_WhatsApp Image 2025-11-17 at 15.01.27 - Edited.jpg,562.9,990.79,1163.77,1584.59,0.9648,traffic sign,True,True,145.7,mtsd-p12
SAM 3,traffic sign,grp10_WhatsApp Image 2025-11-17 at 15.01.27 - Edited.jpg,E:\2. UM-Student\MSC Dissertation\Urban-Vision-Benchmark\Datasets\MTSD\Prepared\MTSD-Unaugmented\MTSD-YOLO\test\images\grp10_WhatsApp Image 2025-11-17 at 15.01.27 - Edited.jpg,545.74,457.87,1191.6,985.87,0.957,traffic sign,True,True,145.7,mtsd-p12
SAM 3,traffic sign,grp10_WhatsApp Image 2025-11-17 at 15.01.27 - Edited.jpg,E:\2. UM-Student\MSC Dissertation\Urban-Vision-Benchmark\Datasets\MTSD\Prepared\MTSD-Unaugmented\MTSD-YOLO\test\images\grp10_WhatsApp Image 2025-11-17 at 15.01.27 - Edited.jpg,236.95,1579.11,265.92,1610.45,0.8281,traffic sign,True,True,145.7,mtsd-p12
SAM 3,traffic sign,grp10_WhatsApp Image 2025-11-17 at 15.01.27 - Edited.jpg,E:\2. UM-Student\MSC Dissertation\Urban-Vision-Benchmark\Datasets\MTSD\Prepared\MTSD-Unaugmented\MTSD-YOLO\test\images\grp10_WhatsApp Image 2025-11-17 at 15.01.27 - Edited.jpg,1050.32,1611.86,1067.27,1662.88,0.6992,traffic sign,True,True,145.7,mtsd-p12
SAM 3,traffic sign,grp10_WhatsApp Image 2025-11-17 at 15.01.27 - Edited.jpg,E:\2. UM-Student\MSC Dissertation\Urban-Vision-Benchmark\Datasets\MTSD\Prepared\MTSD-Unaugmented\MTSD-YOLO\test\images\grp10_WhatsApp Image 2025-11-17 at 15.01.27 - Edited.jpg,1055.03,1666.79,1067.36,1703.98,0.6094,traffic sign,True,True,145.7,mtsd-p12
SAM 3,traffic sign,grp10_WhatsApp Image 2025-11-17 at 15.01.44.jpeg,E:\2. UM-Student\MSC Dissertation\Urban-Vision-Benchmark\Datasets\MTSD\Prepared\MTSD-Unaugmented\MTSD-YOLO\test\images\grp10_WhatsApp Image 2025-11-17 at 15.01.44.jpeg,785.65,544.24,875.11,1467.66,0.75,traffic sign,True,True,150.3,mtsd-p12
SAM 3,traffic sign,grp10_WhatsApp Image 2025-11-17 at 15.01.44.jpeg,E:\2. UM-Student\MSC Dissertation\Urban-Vision-Benchmark\Datasets\MTSD\Prepared\MTSD-Unaugmented\MTSD-YOLO\test\images\grp10_WhatsApp Image 2025-11-17 at 15.01.44.jpeg,162.96,1953.47,195.62,1974.5,0.4785,traffic sign,True,True,150.3,mtsd-p12
SAM 3,traffic sign,grp10_WhatsApp Image 2025-11-17 at 15.01.44.jpeg,E:\2. UM-Student\MSC Dissertation\Urban-Vision-Benchmark\Datasets\MTSD\Prepared\MTSD-Unaugmented\MTSD-YOLO\test\images\grp10_WhatsApp Image 2025-11-17 at 15.01.44.jpeg,201.67,2014.25,214.56,2029.66,0.3867,traffic sign,True,True,150.3,mtsd-p12
SAM 3,traffic sign,grp10_WhatsApp Image 2025-11-17 at 15.01.45 (3).jpeg,E:\2. UM-Student\MSC Dissertation\Urban-Vision-Benchmark\Datasets\MTSD\Prepared\MTSD-Unaugmented\MTSD-YOLO\test\images\grp10_WhatsApp Image 2025-11-17 at 15.01.45 (3).jpeg,231.48,525.29,1227.26,1528.43,0.7539,traffic sign,True,True,137.6,mtsd-p12
SAM 3,traffic sign,grp10_WhatsApp Image 2025-11-17 at 15.01.45 (3).jpeg,E:\2. UM-Student\MSC Dissertation\Urban-Vision-Benchmark\Datasets\MTSD\Prepared\MTSD-Unaugmented\MTSD-YOLO\test\images\grp10_WhatsApp Image 2025-11-17 at 15.01.45 (3).jpeg,832.04,1397.63,955.18,2039.42,0.457,traffic sign,True,True,137.6,mtsd-p12
SAM 3,traffic sign,grp10_WhatsApp Image 2025-11-17 at 15.01.50 (1).jpeg,E:\2. UM-Student\MSC Dissertation\Urban-Vision-Benchmark\Datasets\MTSD\Prepared\MTSD-Unaugmented\MTSD-YOLO\test\images\grp10_WhatsApp Image 2025-11-17 at 15.01.50 (1).jpeg,853.64,458.62,968.11,1739.25,0.377,traffic sign,True,True,132.2,mtsd-p12
SAM 3,traffic sign,grp10_WhatsApp Image 2025-11-17 at 15.01.54.jpeg,E:\2. UM-Student\MSC Dissertation\Urban-Vision-Benchmark\Datasets\MTSD\Prepared\MTSD-Unaugmented\MTSD-YOLO\test\images\grp10_WhatsApp Image 2025-11-17 at 15.01.54.jpeg,263.75,192.17,1311.85,1191.5,0.8086,traffic sign,True,True,139.3,mtsd-p12
SAM 3,traffic sign,grp10_WhatsApp Image 2025-11-17 at 15.01.54.jpeg,E:\2. UM-Student\MSC Dissertation\Urban-Vision-Benchmark\Datasets\MTSD\Prepared\MTSD-Unaugmented\MTSD-YOLO\test\images\grp10_WhatsApp Image 2025-11-17 at 15.01.54.jpeg,29.63,1687.67,53.59,1715.16,0.668,traffic sign,True,True,139.3,mtsd-p12
SAM 3,traffic sign,grp10_WhatsApp Image 2025-11-17 at 15.01.54.jpeg,E:\2. UM-Student\MSC Dissertation\Urban-Vision-Benchmark\Datasets\MTSD\Prepared\MTSD-Unaugmented\MTSD-YOLO\test\images\grp10_WhatsApp Image 2025-11-17 at 15.01.54.jpeg,651.57,1189.99,975.85,1949.93,0.5273,traffic sign,True,True,139.3,mtsd-p12
SAM 3,traffic sign,grp10_WhatsApp Image 2025-11-17 at 15.01.54.jpeg,E:\2. UM-Student\MSC Dissertation\Urban-Vision-Benchmark\Datasets\MTSD\Prepared\MTSD-Unaugmented\MTSD-YOLO\test\images\grp10_WhatsApp Image 2025-11-17 at 15.01.54.jpeg,386.69,1693.55,421.93,1742.59,0.4453,traffic sign,True,True,139.3,mtsd-p12
SAM 3,traffic sign,grp10_WhatsApp Image 2025-11-17 at 15.01.56 (1).jpeg,E:\2. UM-Student\MSC Dissertation\Urban-Vision-Benchmark\Datasets\MTSD\Prepared\MTSD-Unaugmented\MTSD-YOLO\test\images\grp10_WhatsApp Image 2025-11-17 at 15.01.56 (1).jpeg,503.88,655.87,1317.05,1373.59,0.9297,traffic sign,True,True,127.8,mtsd-p12
SAM 3,traffic sign,grp10_WhatsApp Image 2025-11-17 at 15.01.56 (1).jpeg,E:\2. UM-Student\MSC Dissertation\Urban-Vision-Benchmark\Datasets\MTSD\Prepared\MTSD-Unaugmented\MTSD-YOLO\test\images\grp10_WhatsApp Image 2025-11-17 at 15.01.56 (1).jpeg,112.7,1342.6,389.68,1977.61,0.7383,traffic sign,True,True,127.8,mtsd-p12
SAM 3,traffic sign,grp10_WhatsApp Image 2025-11-17 at 15.02.00.jpeg,E:\2. UM-Student\MSC Dissertation\Urban-Vision-Benchmark\Datasets\MTSD\Prepared\MTSD-Unaugmented\MTSD-YOLO\test\images\grp10_WhatsApp Image 2025-11-17 at 15.02.00.jpeg,425.9,794.89,1206.7,1481.82,0.918,traffic sign,True,True,136.4,mtsd-p12
SAM 3,traffic sign,grp10_WhatsApp Image 2025-11-17 at 15.02.00.jpeg,E:\2. UM-Student\MSC Dissertation\Urban-Vision-Benchmark\Datasets\MTSD\Prepared\MTSD-Unaugmented\MTSD-YOLO\test\images\grp10_WhatsApp Image 2025-11-17 at 15.02.00.jpeg,115.72,2009.09,157.51,2040.0,0.5664,traffic sign,True,True,136.4,mtsd-p12
SAM 3,traffic sign,grp10_WhatsApp Image 2025-11-17 at 15.02.00.jpeg,E:\2. UM-Student\MSC Dissertation\Urban-Vision-Benchmark\Datasets\MTSD\Prepared\MTSD-Unaugmented\MTSD-YOLO\test\images\grp10_WhatsApp Image 2025-11-17 at 15.02.00.jpeg,960.56,1951.23,978.12,1981.34,0.5078,traffic sign,True,True,136.4,mtsd-p12
SAM 3,traffic sign,grp10_WhatsApp Image 2025-11-20 at 16.03.01 (1).jpeg,E:\2. UM-Student\MSC Dissertation\Urban-Vision-Benchmark\Datasets\MTSD\Prepared\MTSD-Unaugmented\MTSD-YOLO\test\images\grp10_WhatsApp Image 2025-11-20 at 16.03.01 (1).jpeg,671.62,1114.73,1022.85,1508.33,0.9297,traffic sign,True,True,137.8,mtsd-p12
SAM 3,traffic sign,grp10_WhatsApp Image 2025-11-20 at 16.03.01 (1).jpeg,E:\2. UM-Student\MSC Dissertation\Urban-Vision-Benchmark\Datasets\MTSD\Prepared\MTSD-Unaugmented\MTSD-YOLO\test\images\grp10_WhatsApp Image 2025-11-20 at 16.03.01 (1).jpeg,628.14,668.37,1080.09,1112.61,0.8984,traffic sign,True,True,137.8,mtsd-p12
SAM 3,traffic sign,grp10_WhatsApp Image 2025-11-20 at 16.03.01 (1).jpeg,E:\2. UM-Student\MSC Dissertation\Urban-Vision-Benchmark\Datasets\MTSD\Prepared\MTSD-Unaugmented\MTSD-YOLO\test\images\grp10_WhatsApp Image 2025-11-20 at 16.03.01 (1).jpeg,635.66,671.47,1062.93,2040.0,0.3633,traffic sign,True,True,137.8,mtsd-p12
SAM 3,traffic sign,grp11_00ffbbb0-IMG_20251125_195040.jpg,E:\2. UM-Student\MSC Dissertation\Urban-Vision-Benchmark\Datasets\MTSD\Prepared\MTSD-Unaugmented\MTSD-YOLO\test\images\grp11_00ffbbb0-IMG_20251125_195040.jpg,2143.72,1970.48,2222.78,2046.72,0.8555,traffic sign,True,True,467.1,mtsd-p12
SAM 3,traffic sign,grp11_00ffbbb0-IMG_20251125_195040.jpg,E:\2. UM-Student\MSC Dissertation\Urban-Vision-Benchmark\Datasets\MTSD\Prepared\MTSD-Unaugmented\MTSD-YOLO\test\images\grp11_00ffbbb0-IMG_20251125_195040.jpg,1122.59,1813.93,1187.79,1884.52,0.8281,traffic sign,True,True,467.1,mtsd-p12
SAM 3,traffic sign,grp11_00ffbbb0-IMG_20251125_195040.jpg,E:\2. UM-Student\MSC Dissertation\Urban-Vision-Benchmark\Datasets\MTSD\Prepared\MTSD-Unaugmented\MTSD-YOLO\test\images\grp11_00ffbbb0-IMG_20251125_195040.jpg,1182.59,1820.35,1246.31,1883.65,0.8203,traffic sign,True,True,467.1,mtsd-p12
SAM 3,traffic sign,grp11_00ffbbb0-IMG_20251125_195040.jpg,E:\2. UM-Student\MSC Dissertation\Urban-Vision-Benchmark\Datasets\MTSD\Prepared\MTSD-Unaugmented\MTSD-YOLO\test\images\grp11_00ffbbb0-IMG_20251125_195040.jpg,1755.6,1827.5,1802.97,1876.41,0.8047,traffic sign,True,True,467.1,mtsd-p12
SAM 3,traffic sign,grp11_00ffbbb0-IMG_20251125_195040.jpg,E:\2. UM-Student\MSC Dissertation\Urban-Vision-Benchmark\Datasets\MTSD\Prepared\MTSD-Unaugmented\MTSD-YOLO\test\images\grp11_00ffbbb0-IMG_20251125_195040.jpg,1097.73,1786.07,1151.79,1839.84,0.8008,traffic sign,True,True,467.1,mtsd-p12
SAM 3,traffic sign,grp11_00ffbbb0-IMG_20251125_195040.jpg,E:\2. UM-Student\MSC Dissertation\Urban-Vision-Benchmark\Datasets\MTSD\Prepared\MTSD-Unaugmented\MTSD-YOLO\test\images\grp11_00ffbbb0-IMG_20251125_195040.jpg,1121.13,1880.12,1194.81,1934.95,0.793,traffic sign,True,True,467.1,mtsd-p12
SAM 3,traffic sign,grp11_00ffbbb0-IMG_20251125_195040.jpg,E:\2. UM-Student\MSC Dissertation\Urban-Vision-Benchmark\Datasets\MTSD\Prepared\MTSD-Unaugmented\MTSD-YOLO\test\images\grp11_00ffbbb0-IMG_20251125_195040.jpg,1756.45,1784.24,1799.32,1830.14,0.7891,traffic sign,True,True,467.1,mtsd-p12
SAM 3,traffic sign,grp11_00ffbbb0-IMG_20251125_195040.jpg,E:\2. UM-Student\MSC Dissertation\Urban-Vision-Benchmark\Datasets\MTSD\Prepared\MTSD-Unaugmented\MTSD-YOLO\test\images\grp11_00ffbbb0-IMG_20251125_195040.jpg,1668.63,1830.31,1712.21,1883.15,0.75,traffic sign,True,True,467.1,mtsd-p12
SAM 3,traffic sign,grp11_00ffbbb0-IMG_20251125_195040.jpg,E:\2. UM-Student\MSC Dissertation\Urban-Vision-Benchmark\Datasets\MTSD\Prepared\MTSD-Unaugmented\MTSD-YOLO\test\images\grp11_00ffbbb0-IMG_20251125_195040.jpg,1098.3,1843.87,1132.56,1895.38,0.6992,traffic sign,True,True,467.1,mtsd-p12
SAM 3,traffic sign,grp11_00ffbbb0-IMG_20251125_195040.jpg,E:\2. UM-Student\MSC Dissertation\Urban-Vision-Benchmark\Datasets\MTSD\Prepared\MTSD-Unaugmented\MTSD-YOLO\test\images\grp11_00ffbbb0-IMG_20251125_195040.jpg,1244.34,1815.05,1334.94,1928.41,0.5195,traffic sign,True,True,467.1,mtsd-p12
SAM 3,traffic sign,grp11_00ffbbb0-IMG_20251125_195040.jpg,E:\2. UM-Student\MSC Dissertation\Urban-Vision-Benchmark\Datasets\MTSD\Prepared\MTSD-Unaugmented\MTSD-YOLO\test\images\grp11_00ffbbb0-IMG_20251125_195040.jpg,995.4,824.53,1907.06,1767.47,0.5195,traffic sign,True,True,467.1,mtsd-p12
SAM 3,traffic sign,grp11_089d4626-IMG_20251125_192354.jpg,E:\2. UM-Student\MSC Dissertation\Urban-Vision-Benchmark\Datasets\MTSD\Prepared\MTSD-Unaugmented\MTSD-YOLO\test\images\grp11_089d4626-IMG_20251125_192354.jpg,1436.19,996.98,2171.12,1773.86,0.918,traffic sign,True,True,168.0,mtsd-p12
SAM 3,traffic sign,grp11_08da688f-IMG_6393.jpeg,E:\2. UM-Student\MSC Dissertation\Urban-Vision-Benchmark\Datasets\MTSD\Prepared\MTSD-Unaugmented\MTSD-YOLO\test\images\grp11_08da688f-IMG_6393.jpeg,0.0,709.79,3483.24,2766.21,0.918,traffic sign,True,True,209.7,mtsd-p12
SAM 3,traffic sign,grp11_0ac2eda8-IMG_6412.jpeg,E:\2. UM-Student\MSC Dissertation\Urban-Vision-Benchmark\Datasets\MTSD\Prepared\MTSD-Unaugmented\MTSD-YOLO\test\images\grp11_0ac2eda8-IMG_6412.jpeg,,,,,,<no detections>,False,True,186.6,mtsd-p12
SAM 3,traffic sign,grp11_12031735-Pre_2026_6669.jpg,E:\2. UM-Student\MSC Dissertation\Urban-Vision-Benchmark\Datasets\MTSD\Prepared\MTSD-Unaugmented\MTSD-YOLO\test\images\grp11_12031735-Pre_2026_6669.jpg,643.48,909.58,1325.15,1567.15,0.918,traffic sign,True,True,194.7,mtsd-p12
SAM 3,traffic sign,grp11_12031735-Pre_2026_6669.jpg,E:\2. UM-Student\MSC Dissertation\Urban-Vision-Benchmark\Datasets\MTSD\Prepared\MTSD-Unaugmented\MTSD-YOLO\test\images\grp11_12031735-Pre_2026_6669.jpg,398.93,1548.19,1362.97,2388.23,0.6445,traffic sign,True,True,194.7,mtsd-p12
SAM 3,traffic sign,grp11_12031735-Pre_2026_6669.jpg,E:\2. UM-Student\MSC Dissertation\Urban-Vision-Benchmark\Datasets\MTSD\Prepared\MTSD-Unaugmented\MTSD-YOLO\test\images\grp11_12031735-Pre_2026_6669.jpg,88.77,2621.19,357.09,2869.87,0.5469,traffic sign,True,True,194.7,mtsd-p12
SAM 3,traffic sign,grp11_12031735-Pre_2026_6669.jpg,E:\2. UM-Student\MSC Dissertation\Urban-Vision-Benchmark\Datasets\MTSD\Prepared\MTSD-Unaugmented\MTSD-YOLO\test\images\grp11_12031735-Pre_2026_6669.jpg,604.81,2685.36,899.77,3071.49,0.4434,traffic sign,True,True,194.7,mtsd-p12
SAM 3,traffic sign,grp11_12031735-Pre_2026_6669.jpg,E:\2. UM-Student\MSC Dissertation\Urban-Vision-Benchmark\Datasets\MTSD\Prepared\MTSD-Unaugmented\MTSD-YOLO\test\images\grp11_12031735-Pre_2026_6669.jpg,100.68,2615.13,358.34,3923.96,0.3672,traffic sign,True,True,194.7,mtsd-p12
SAM 3,traffic sign,grp11_1346633a-IMG_20251125_195535.jpg,E:\2. UM-Student\MSC Dissertation\Urban-Vision-Benchmark\Datasets\MTSD\Prepared\MTSD-Unaugmented\MTSD-YOLO\test\images\grp11_1346633a-IMG_20251125_195535.jpg,893.96,1111.02,1524.84,1767.04,0.9492,traffic sign,True,True,228.0,mtsd-p12
SAM 3,traffic sign,grp11_1346633a-IMG_20251125_195535.jpg,E:\2. UM-Student\MSC Dissertation\Urban-Vision-Benchmark\Datasets\MTSD\Prepared\MTSD-Unaugmented\MTSD-YOLO\test\images\grp11_1346633a-IMG_20251125_195535.jpg,900.97,1781.76,1552.59,2420.01,0.9219,traffic sign,True,True,228.0,mtsd-p12
SAM 3,traffic sign,grp11_1346633a-IMG_20251125_195535.jpg,E:\2. UM-Student\MSC Dissertation\Urban-Vision-Benchmark\Datasets\MTSD\Prepared\MTSD-Unaugmented\MTSD-YOLO\test\images\grp11_1346633a-IMG_20251125_195535.jpg,262.3,1834.75,415.97,1976.79,0.9141,traffic sign,True,True,228.0,mtsd-p12
SAM 3,traffic sign,grp11_1346633a-IMG_20251125_195535.jpg,E:\2. UM-Student\MSC Dissertation\Urban-Vision-Benchmark\Datasets\MTSD\Prepared\MTSD-Unaugmented\MTSD-YOLO\test\images\grp11_1346633a-IMG_20251125_195535.jpg,273.06,1976.71,425.4,2112.31,0.9062,traffic sign,True,True,228.0,mtsd-p12
SAM 3,traffic sign,grp11_1346633a-IMG_20251125_195535.jpg,E:\2. UM-Student\MSC Dissertation\Urban-Vision-Benchmark\Datasets\MTSD\Prepared\MTSD-Unaugmented\MTSD-YOLO\test\images\grp11_1346633a-IMG_20251125_195535.jpg,900.13,1756.8,1554.1,3998.32,0.3945,traffic sign,True,True,228.0,mtsd-p12
SAM 3,traffic sign,grp11_1c6ec821-IMG_20251125_194942.jpg,E:\2. UM-Student\MSC Dissertation\Urban-Vision-Benchmark\Datasets\MTSD\Prepared\MTSD-Unaugmented\MTSD-YOLO\test\images\grp11_1c6ec821-IMG_20251125_194942.jpg,1056.53,1161.3,1820.29,1931.98,0.8828,traffic sign,True,True,296.8,mtsd-p12
SAM 3,traffic sign,grp11_1c6ec821-IMG_20251125_194942.jpg,E:\2. UM-Student\MSC Dissertation\Urban-Vision-Benchmark\Datasets\MTSD\Prepared\MTSD-Unaugmented\MTSD-YOLO\test\images\grp11_1c6ec821-IMG_20251125_194942.jpg,781.13,1043.06,864.93,1102.17,0.793,traffic sign,True,True,296.8,mtsd-p12
SAM 3,traffic sign,grp11_1c6ec821-IMG_20251125_194942.jpg,E:\2. UM-Student\MSC Dissertation\Urban-Vision-Benchmark\Datasets\MTSD\Prepared\MTSD-Unaugmented\MTSD-YOLO\test\images\grp11_1c6ec821-IMG_20251125_194942.jpg,623.22,981.13,693.93,1077.58,0.6641,traffic sign,True,True,296.8,mtsd-p12
SAM 3,traffic sign,grp11_1c6ec821-IMG_20251125_194942.jpg,E:\2. UM-Student\MSC Dissertation\Urban-Vision-Benchmark\Datasets\MTSD\Prepared\MTSD-Unaugmented\MTSD-YOLO\test\images\grp11_1c6ec821-IMG_20251125_194942.jpg,629.92,1077.53,696.0,1110.08,0.4609,traffic sign,True,True,296.8,mtsd-p12
SAM 3,traffic sign,grp11_1c6ec821-IMG_20251125_194942.jpg,E:\2. UM-Student\MSC Dissertation\Urban-Vision-Benchmark\Datasets\MTSD\Prepared\MTSD-Unaugmented\MTSD-YOLO\test\images\grp11_1c6ec821-IMG_20251125_194942.jpg,1059.26,1158.99,1822.18,2784.73,0.3438,traffic sign,True,True,296.8,mtsd-p12
SAM 3,traffic sign,grp11_1c6ec821-IMG_20251125_194942.jpg,E:\2. UM-Student\MSC Dissertation\Urban-Vision-Benchmark\Datasets\MTSD\Prepared\MTSD-Unaugmented\MTSD-YOLO\test\images\grp11_1c6ec821-IMG_20251125_194942.jpg,424.44,1076.56,448.2,1115.12,0.3066,traffic sign,True,True,296.8,mtsd-p12
SAM 3,traffic sign,grp11_1c6ec821-IMG_20251125_194942.jpg,E:\2. UM-Student\MSC Dissertation\Urban-Vision-Benchmark\Datasets\MTSD\Prepared\MTSD-Unaugmented\MTSD-YOLO\test\images\grp11_1c6ec821-IMG_20251125_194942.jpg,270.15,1008.12,360.91,1117.05,0.3027,traffic sign,True,True,296.8,mtsd-p12
SAM 3,traffic sign,grp11_1ff1325d-IMG_1333.jpg,E:\2. UM-Student\MSC Dissertation\Urban-Vision-Benchmark\Datasets\MTSD\Prepared\MTSD-Unaugmented\MTSD-YOLO\test\images\grp11_1ff1325d-IMG_1333.jpg,,,,,,<no detections>,False,True,156.5,mtsd-p12
SAM 3,traffic sign,grp11_217d0bb2-IMG_1445.jpg,E:\2. UM-Student\MSC Dissertation\Urban-Vision-Benchmark\Datasets\MTSD\Prepared\MTSD-Unaugmented\MTSD-YOLO\test\images\grp11_217d0bb2-IMG_1445.jpg,548.45,268.3,1552.36,1999.14,0.8906,traffic sign,True,True,165.1,mtsd-p12
SAM 3,traffic sign,grp11_243ba713-IMG_6313.jpg,E:\2. UM-Student\MSC Dissertation\Urban-Vision-Benchmark\Datasets\MTSD\Prepared\MTSD-Unaugmented\MTSD-YOLO\test\images\grp11_243ba713-IMG_6313.jpg,1730.67,2048.17,3624.28,3850.54,0.9141,traffic sign,True,True,1703.1,mtsd-p12
SAM 3,traffic sign,grp11_243ba713-IMG_6313.jpg,E:\2. UM-Student\MSC Dissertation\Urban-Vision-Benchmark\Datasets\MTSD\Prepared\MTSD-Unaugmented\MTSD-YOLO\test\images\grp11_243ba713-IMG_6313.jpg,3416.63,5385.98,3533.95,5568.38,0.8281,traffic sign,True,True,1703.1,mtsd-p12
SAM 3,traffic sign,grp11_243ba713-IMG_6313.jpg,E:\2. UM-Student\MSC Dissertation\Urban-Vision-Benchmark\Datasets\MTSD\Prepared\MTSD-Unaugmented\MTSD-YOLO\test\images\grp11_243ba713-IMG_6313.jpg,3914.03,5229.08,4023.59,5338.25,0.8008,traffic sign,True,True,1703.1,mtsd-p12
SAM 3,traffic sign,grp11_243ba713-IMG_6313.jpg,E:\2. UM-Student\MSC Dissertation\Urban-Vision-Benchmark\Datasets\MTSD\Prepared\MTSD-Unaugmented\MTSD-YOLO\test\images\grp11_243ba713-IMG_6313.jpg,3050.98,4501.65,3240.32,5028.57,0.4023,traffic sign,True,True,1703.1,mtsd-p12
SAM 3,traffic sign,grp11_243ba713-IMG_6313.jpg,E:\2. UM-Student\MSC Dissertation\Urban-Vision-Benchmark\Datasets\MTSD\Prepared\MTSD-Unaugmented\MTSD-YOLO\test\images\grp11_243ba713-IMG_6313.jpg,5087.68,5246.87,5190.13,5361.87,0.3672,traffic sign,True,True,1703.1,mtsd-p12
SAM 3,traffic sign,grp11_243ba713-IMG_6313.jpg,E:\2. UM-Student\MSC Dissertation\Urban-Vision-Benchmark\Datasets\MTSD\Prepared\MTSD-Unaugmented\MTSD-YOLO\test\images\grp11_243ba713-IMG_6313.jpg,1737.02,2059.95,3615.09,8064.0,0.332,traffic sign,True,True,1703.1,mtsd-p12
SAM 3,traffic sign,grp11_2960150f-Pre_2026_6705.jpg,E:\2. UM-Student\MSC Dissertation\Urban-Vision-Benchmark\Datasets\MTSD\Prepared\MTSD-Unaugmented\MTSD-YOLO\test\images\grp11_2960150f-Pre_2026_6705.jpg,,,,,,<no detections>,False,True,158.5,mtsd-p12
SAM 3,traffic sign,grp11_2a7d15c7-Pre_2026_6626.jpg,E:\2. UM-Student\MSC Dissertation\Urban-Vision-Benchmark\Datasets\MTSD\Prepared\MTSD-Unaugmented\MTSD-YOLO\test\images\grp11_2a7d15c7-Pre_2026_6626.jpg,676.14,687.28,1662.94,1663.52,0.9102,traffic sign,True,True,189.9,mtsd-p12
SAM 3,traffic sign,grp11_2a7d15c7-Pre_2026_6626.jpg,E:\2. UM-Student\MSC Dissertation\Urban-Vision-Benchmark\Datasets\MTSD\Prepared\MTSD-Unaugmented\MTSD-YOLO\test\images\grp11_2a7d15c7-Pre_2026_6626.jpg,668.42,686.72,1666.92,4000.0,0.3633,traffic sign,True,True,189.9,mtsd-p12
SAM 3,traffic sign,grp11_2d64dcc1-IMG_20251125_194650.jpg,E:\2. UM-Student\MSC Dissertation\Urban-Vision-Benchmark\Datasets\MTSD\Prepared\MTSD-Unaugmented\MTSD-YOLO\test\images\grp11_2d64dcc1-IMG_20251125_194650.jpg,1178.02,967.26,1957.97,1701.62,0.8711,traffic sign,True,True,181.5,mtsd-p12
SAM 3,traffic sign,grp11_2d64dcc1-IMG_20251125_194650.jpg,E:\2. UM-Student\MSC Dissertation\Urban-Vision-Benchmark\Datasets\MTSD\Prepared\MTSD-Unaugmented\MTSD-YOLO\test\images\grp11_2d64dcc1-IMG_20251125_194650.jpg,1169.61,958.97,1962.89,4000.0,0.4082,traffic sign,True,True,181.5,mtsd-p12
SAM 3,traffic sign,grp11_2dae9065-IMG_20251125_195604.jpg,E:\2. UM-Student\MSC Dissertation\Urban-Vision-Benchmark\Datasets\MTSD\Prepared\MTSD-Unaugmented\MTSD-YOLO\test\images\grp11_2dae9065-IMG_20251125_195604.jpg,1327.46,258.76,1756.17,1222.42,0.9453,traffic sign,True,True,197.2,mtsd-p12
SAM 3,traffic sign,grp11_2dae9065-IMG_20251125_195604.jpg,E:\2. UM-Student\MSC Dissertation\Urban-Vision-Benchmark\Datasets\MTSD\Prepared\MTSD-Unaugmented\MTSD-YOLO\test\images\grp11_2dae9065-IMG_20251125_195604.jpg,1339.62,1148.8,1808.0,2121.31,0.9219,traffic sign,True,True,197.2,mtsd-p12
SAM 3,traffic sign,grp11_2dae9065-IMG_20251125_195604.jpg,E:\2. UM-Student\MSC Dissertation\Urban-Vision-Benchmark\Datasets\MTSD\Prepared\MTSD-Unaugmented\MTSD-YOLO\test\images\grp11_2dae9065-IMG_20251125_195604.jpg,1329.42,274.33,1774.98,4000.0,0.3281,traffic sign,True,True,197.2,mtsd-p12
SAM 3,traffic sign,grp11_387a3e09-IMG_6403.jpeg,E:\2. UM-Student\MSC Dissertation\Urban-Vision-Benchmark\Datasets\MTSD\Prepared\MTSD-Unaugmented\MTSD-YOLO\test\images\grp11_387a3e09-IMG_6403.jpeg,1100.13,847.07,2586.74,2646.75,0.6836,traffic sign,True,True,303.3,mtsd-p12
SAM 3,traffic sign,grp11_387a3e09-IMG_6403.jpeg,E:\2. UM-Student\MSC Dissertation\Urban-Vision-Benchmark\Datasets\MTSD\Prepared\MTSD-Unaugmented\MTSD-YOLO\test\images\grp11_387a3e09-IMG_6403.jpeg,4205.16,1962.65,4253.51,2022.12,0.6016,traffic sign,True,True,303.3,mtsd-p12
SAM 3,traffic sign,grp11_387a3e09-IMG_6403.jpeg,E:\2. UM-Student\MSC Dissertation\Urban-Vision-Benchmark\Datasets\MTSD\Prepared\MTSD-Unaugmented\MTSD-YOLO\test\images\grp11_387a3e09-IMG_6403.jpeg,1398.02,2469.06,2677.64,3206.0,0.5586,traffic sign,True,True,303.3,mtsd-p12
SAM 3,traffic sign,grp11_3a5a4d41-Pre_2026_6633.jpg,E:\2. UM-Student\MSC Dissertation\Urban-Vision-Benchmark\Datasets\MTSD\Prepared\MTSD-Unaugmented\MTSD-YOLO\test\images\grp11_3a5a4d41-Pre_2026_6633.jpg,817.38,1287.05,905.62,1389.8,0.75,traffic sign,True,True,156.3,mtsd-p12
SAM 3,traffic sign,grp11_3a5a4d41-Pre_2026_6633.jpg,E:\2. UM-Student\MSC Dissertation\Urban-Vision-Benchmark\Datasets\MTSD\Prepared\MTSD-Unaugmented\MTSD-YOLO\test\images\grp11_3a5a4d41-Pre_2026_6633.jpg,641.32,789.5,1501.18,1655.26,0.4492,traffic sign,True,True,156.3,mtsd-p12
SAM 3,traffic sign,grp11_3a5a4d41-Pre_2026_6633.jpg,E:\2. UM-Student\MSC Dissertation\Urban-Vision-Benchmark\Datasets\MTSD\Prepared\MTSD-Unaugmented\MTSD-YOLO\test\images\grp11_3a5a4d41-Pre_2026_6633.jpg,637.99,788.92,1501.18,4000.0,0.4414,traffic sign,True,True,156.3,mtsd-p12
SAM 3,traffic sign,grp11_3f9be580-IMG_1323.jpg,E:\2. UM-Student\MSC Dissertation\Urban-Vision-Benchmark\Datasets\MTSD\Prepared\MTSD-Unaugmented\MTSD-YOLO\test\images\grp11_3f9be580-IMG_1323.jpg,1051.36,372.08,2282.63,1549.35,0.6016,traffic sign,True,True,187.5,mtsd-p12
SAM 3,traffic sign,grp11_3f9be580-IMG_1323.jpg,E:\2. UM-Student\MSC Dissertation\Urban-Vision-Benchmark\Datasets\MTSD\Prepared\MTSD-Unaugmented\MTSD-YOLO\test\images\grp11_3f9be580-IMG_1323.jpg,1402.0,2554.22,1538.7,2687.03,0.3828,traffic sign,True,True,187.5,mtsd-p12
SAM 3,traffic sign,grp11_3f9be580-IMG_1323.jpg,E:\2. UM-Student\MSC Dissertation\Urban-Vision-Benchmark\Datasets\MTSD\Prepared\MTSD-Unaugmented\MTSD-YOLO\test\images\grp11_3f9be580-IMG_1323.jpg,1057.61,332.14,2279.92,4032.0,0.3672,traffic sign,True,True,187.5,mtsd-p12
SAM 3,traffic sign,grp11_4029b5b7-Pre_2026_6760.jpg,E:\2. UM-Student\MSC Dissertation\Urban-Vision-Benchmark\Datasets\MTSD\Prepared\MTSD-Unaugmented\MTSD-YOLO\test\images\grp11_4029b5b7-Pre_2026_6760.jpg,2166.56,663.17,2695.16,1231.28,0.9141,traffic sign,True,True,170.0,mtsd-p12
SAM 3,traffic sign,grp11_41188dd2-IMG_1440.jpg,E:\2. UM-Student\MSC Dissertation\Urban-Vision-Benchmark\Datasets\MTSD\Prepared\MTSD-Unaugmented\MTSD-YOLO\test\images\grp11_41188dd2-IMG_1440.jpg,554.16,3078.81,923.49,3452.93,0.8438,traffic sign,True,True,277.3,mtsd-p12
SAM 3,traffic sign,grp11_41188dd2-IMG_1440.jpg,E:\2. UM-Student\MSC Dissertation\Urban-Vision-Benchmark\Datasets\MTSD\Prepared\MTSD-Unaugmented\MTSD-YOLO\test\images\grp11_41188dd2-IMG_1440.jpg,623.61,0.0,2100.78,1304.85,0.5078,traffic sign,True,True,277.3,mtsd-p12
SAM 3,traffic sign,grp11_41188dd2-IMG_1440.jpg,E:\2. UM-Student\MSC Dissertation\Urban-Vision-Benchmark\Datasets\MTSD\Prepared\MTSD-Unaugmented\MTSD-YOLO\test\images\grp11_41188dd2-IMG_1440.jpg,1490.04,0.0,2461.2,508.57,0.375,traffic sign,True,True,277.3,mtsd-p12
SAM 3,traffic sign,grp11_4a7fe027-Pre_2026_6682.jpg,E:\2. UM-Student\MSC Dissertation\Urban-Vision-Benchmark\Datasets\MTSD\Prepared\MTSD-Unaugmented\MTSD-YOLO\test\images\grp11_4a7fe027-Pre_2026_6682.jpg,,,,,,<no detections>,False,True,146.6,mtsd-p12
SAM 3,traffic sign,grp11_4a8ce21e-IMG_20251125_194252.jpg,E:\2. UM-Student\MSC Dissertation\Urban-Vision-Benchmark\Datasets\MTSD\Prepared\MTSD-Unaugmented\MTSD-YOLO\test\images\grp11_4a8ce21e-IMG_20251125_194252.jpg,2534.78,2315.18,2766.83,2444.57,0.8438,traffic sign,True,True,335.5,mtsd-p12
SAM 3,traffic sign,grp11_4a8ce21e-IMG_20251125_194252.jpg,E:\2. UM-Student\MSC Dissertation\Urban-Vision-Benchmark\Datasets\MTSD\Prepared\MTSD-Unaugmented\MTSD-YOLO\test\images\grp11_4a8ce21e-IMG_20251125_194252.jpg,1723.66,2482.4,1834.56,2578.52,0.7188,traffic sign,True,True,335.5,mtsd-p12
SAM 3,traffic sign,grp11_4a8ce21e-IMG_20251125_194252.jpg,E:\2. UM-Student\MSC Dissertation\Urban-Vision-Benchmark\Datasets\MTSD\Prepared\MTSD-Unaugmented\MTSD-YOLO\test\images\grp11_4a8ce21e-IMG_20251125_194252.jpg,134.38,1871.85,347.79,2103.98,0.7148,traffic sign,True,True,335.5,mtsd-p12
SAM 3,traffic sign,grp11_4a8ce21e-IMG_20251125_194252.jpg,E:\2. UM-Student\MSC Dissertation\Urban-Vision-Benchmark\Datasets\MTSD\Prepared\MTSD-Unaugmented\MTSD-YOLO\test\images\grp11_4a8ce21e-IMG_20251125_194252.jpg,2569.01,2098.05,2722.4,2260.99,0.6289,traffic sign,True,True,335.5,mtsd-p12
SAM 3,traffic sign,grp11_4a8ce21e-IMG_20251125_194252.jpg,E:\2. UM-Student\MSC Dissertation\Urban-Vision-Benchmark\Datasets\MTSD\Prepared\MTSD-Unaugmented\MTSD-YOLO\test\images\grp11_4a8ce21e-IMG_20251125_194252.jpg,1391.33,1169.19,1929.92,1822.16,0.5977,traffic sign,True,True,335.5,mtsd-p12
SAM 3,traffic sign,grp11_4a8ce21e-IMG_20251125_194252.jpg,E:\2. UM-Student\MSC Dissertation\Urban-Vision-Benchmark\Datasets\MTSD\Prepared\MTSD-Unaugmented\MTSD-YOLO\test\images\grp11_4a8ce21e-IMG_20251125_194252.jpg,2570.3,2433.56,2735.55,2549.73,0.5078,traffic sign,True,True,335.5,mtsd-p12
SAM 3,traffic sign,grp11_4a8ce21e-IMG_20251125_194252.jpg,E:\2. UM-Student\MSC Dissertation\Urban-Vision-Benchmark\Datasets\MTSD\Prepared\MTSD-Unaugmented\MTSD-YOLO\test\images\grp11_4a8ce21e-IMG_20251125_194252.jpg,2567.73,2259.53,2723.26,2315.16,0.4199,traffic sign,True,True,335.5,mtsd-p12
SAM 3,traffic sign,grp11_4a8ce21e-IMG_20251125_194252.jpg,E:\2. UM-Student\MSC Dissertation\Urban-Vision-Benchmark\Datasets\MTSD\Prepared\MTSD-Unaugmented\MTSD-YOLO\test\images\grp11_4a8ce21e-IMG_20251125_194252.jpg,1556.22,1158.88,1932.51,3996.38,0.3516,traffic sign,True,True,335.5,mtsd-p12
SAM 3,traffic sign,grp11_578f49cf-IMG_6367.jpeg,E:\2. UM-Student\MSC Dissertation\Urban-Vision-Benchmark\Datasets\MTSD\Prepared\MTSD-Unaugmented\MTSD-YOLO\test\images\grp11_578f49cf-IMG_6367.jpeg,342.52,1255.44,2042.27,1987.92,0.8828,traffic sign,True,True,187.7,mtsd-p12
SAM 3,traffic sign,grp11_59f96d19-IMG_6251.jpeg,E:\2. UM-Student\MSC Dissertation\Urban-Vision-Benchmark\Datasets\MTSD\Prepared\MTSD-Unaugmented\MTSD-YOLO\test\images\grp11_59f96d19-IMG_6251.jpeg,,,,,,<no detections>,False,True,137.8,mtsd-p12
SAM 3,traffic sign,grp11_5c71ae7e-IMG_6256.jpeg,E:\2. UM-Student\MSC Dissertation\Urban-Vision-Benchmark\Datasets\MTSD\Prepared\MTSD-Unaugmented\MTSD-YOLO\test\images\grp11_5c71ae7e-IMG_6256.jpeg,1971.01,3127.34,2103.46,3276.52,0.4238,traffic sign,True,True,192.6,mtsd-p12
SAM 3,traffic sign,grp11_5c71ae7e-IMG_6256.jpeg,E:\2. UM-Student\MSC Dissertation\Urban-Vision-Benchmark\Datasets\MTSD\Prepared\MTSD-Unaugmented\MTSD-YOLO\test\images\grp11_5c71ae7e-IMG_6256.jpeg,835.51,1023.06,2129.4,2076.6,0.3359,traffic sign,True,True,192.6,mtsd-p12
SAM 3,traffic sign,grp11_5c71ae7e-IMG_6256.jpeg,E:\2. UM-Student\MSC Dissertation\Urban-Vision-Benchmark\Datasets\MTSD\Prepared\MTSD-Unaugmented\MTSD-YOLO\test\images\grp11_5c71ae7e-IMG_6256.jpeg,629.98,3133.7,712.81,3230.04,0.3145,traffic sign,True,True,192.6,mtsd-p12
SAM 3,traffic sign,grp11_5cef4344-Pre_2026_6674.jpg,E:\2. UM-Student\MSC Dissertation\Urban-Vision-Benchmark\Datasets\MTSD\Prepared\MTSD-Unaugmented\MTSD-YOLO\test\images\grp11_5cef4344-Pre_2026_6674.jpg,567.98,151.05,1663.6,1009.25,0.8867,traffic sign,True,True,179.8,mtsd-p12
SAM 3,traffic sign,grp11_5cef4344-Pre_2026_6674.jpg,E:\2. UM-Student\MSC Dissertation\Urban-Vision-Benchmark\Datasets\MTSD\Prepared\MTSD-Unaugmented\MTSD-YOLO\test\images\grp11_5cef4344-Pre_2026_6674.jpg,59.72,943.33,1698.91,2473.24,0.7539,traffic sign,True,True,179.8,mtsd-p12
SAM 3,traffic sign,grp11_5cef4344-Pre_2026_6674.jpg,E:\2. UM-Student\MSC Dissertation\Urban-Vision-Benchmark\Datasets\MTSD\Prepared\MTSD-Unaugmented\MTSD-YOLO\test\images\grp11_5cef4344-Pre_2026_6674.jpg,761.65,2898.49,1204.03,3717.13,0.4512,traffic sign,True,True,179.8,mtsd-p12
SAM 3,traffic sign,grp11_5cef4344-Pre_2026_6674.jpg,E:\2. UM-Student\MSC Dissertation\Urban-Vision-Benchmark\Datasets\MTSD\Prepared\MTSD-Unaugmented\MTSD-YOLO\test\images\grp11_5cef4344-Pre_2026_6674.jpg,88.07,149.31,1683.86,4000.0,0.3887,traffic sign,True,True,179.8,mtsd-p12
SAM 3,traffic sign,grp11_6bd01c27-IMG_1442.jpg,E:\2. UM-Student\MSC Dissertation\Urban-Vision-Benchmark\Datasets\MTSD\Prepared\MTSD-Unaugmented\MTSD-YOLO\test\images\grp11_6bd01c27-IMG_1442.jpg,1078.82,425.73,1806.41,1642.75,0.9297,traffic sign,True,True,202.0,mtsd-p12
SAM 3,traffic sign,grp11_6d03b071-IMG_6395.jpeg,E:\2. UM-Student\MSC Dissertation\Urban-Vision-Benchmark\Datasets\MTSD\Prepared\MTSD-Unaugmented\MTSD-YOLO\test\images\grp11_6d03b071-IMG_6395.jpeg,1116.24,1151.42,2498.04,2396.16,0.9297,traffic sign,True,True,203.1,mtsd-p12
SAM 3,traffic sign,grp11_6d03b071-IMG_6395.jpeg,E:\2. UM-Student\MSC Dissertation\Urban-Vision-Benchmark\Datasets\MTSD\Prepared\MTSD-Unaugmented\MTSD-YOLO\test\images\grp11_6d03b071-IMG_6395.jpeg,1673.38,2389.72,2934.04,2845.64,0.4551,traffic sign,True,True,203.1,mtsd-p12
SAM 3,traffic sign,grp11_6d1c0888-IMG_20251125_191657.jpg,E:\2. UM-Student\MSC Dissertation\Urban-Vision-Benchmark\Datasets\MTSD\Prepared\MTSD-Unaugmented\MTSD-YOLO\test\images\grp11_6d1c0888-IMG_20251125_191657.jpg,1501.95,995.49,1617.57,1633.54,0.832,traffic sign,True,True,182.8,mtsd-p12
SAM 3,traffic sign,grp11_6d1c0888-IMG_20251125_191657.jpg,E:\2. UM-Student\MSC Dissertation\Urban-Vision-Benchmark\Datasets\MTSD\Prepared\MTSD-Unaugmented\MTSD-YOLO\test\images\grp11_6d1c0888-IMG_20251125_191657.jpg,1497.4,981.13,1656.76,3276.27,0.4863,traffic sign,True,True,182.8,mtsd-p12
SAM 3,traffic sign,grp11_7041f709-IMG_1379.jpg,E:\2. UM-Student\MSC Dissertation\Urban-Vision-Benchmark\Datasets\MTSD\Prepared\MTSD-Unaugmented\MTSD-YOLO\test\images\grp11_7041f709-IMG_1379.jpg,1109.64,858.67,1756.94,2250.81,0.8125,traffic sign,True,True,162.7,mtsd-p12
SAM 3,traffic sign,grp11_80f216ed-Pre_2026_6647.jpg,E:\2. UM-Student\MSC Dissertation\Urban-Vision-Benchmark\Datasets\MTSD\Prepared\MTSD-Unaugmented\MTSD-YOLO\test\images\grp11_80f216ed-Pre_2026_6647.jpg,,,,,,<no detections>,False,True,145.7,mtsd-p12
SAM 3,traffic sign,grp11_8297098a-IMG_6326.jpeg,E:\2. UM-Student\MSC Dissertation\Urban-Vision-Benchmark\Datasets\MTSD\Prepared\MTSD-Unaugmented\MTSD-YOLO\test\images\grp11_8297098a-IMG_6326.jpeg,,,,,,<no detections>,False,True,165.7,mtsd-p12
SAM 3,traffic sign,grp11_87a2a97d-IMG_6417.jpeg,E:\2. UM-Student\MSC Dissertation\Urban-Vision-Benchmark\Datasets\MTSD\Prepared\MTSD-Unaugmented\MTSD-YOLO\test\images\grp11_87a2a97d-IMG_6417.jpeg,1579.48,1886.52,4093.19,5452.22,0.8984,traffic sign,True,True,359.9,mtsd-p12
SAM 3,traffic sign,grp11_8d5205a5-IMG_6322.jpeg,E:\2. UM-Student\MSC Dissertation\Urban-Vision-Benchmark\Datasets\MTSD\Prepared\MTSD-Unaugmented\MTSD-YOLO\test\images\grp11_8d5205a5-IMG_6322.jpeg,861.26,1149.08,2142.62,2205.07,0.9336,traffic sign,True,True,233.8,mtsd-p12
SAM 3,traffic sign,grp11_8d5205a5-IMG_6322.jpeg,E:\2. UM-Student\MSC Dissertation\Urban-Vision-Benchmark\Datasets\MTSD\Prepared\MTSD-Unaugmented\MTSD-YOLO\test\images\grp11_8d5205a5-IMG_6322.jpeg,2161.83,963.01,2639.43,2308.13,0.8359,traffic sign,True,True,233.8,mtsd-p12
SAM 3,traffic sign,grp11_8da30211-IMG_1389.jpg,E:\2. UM-Student\MSC Dissertation\Urban-Vision-Benchmark\Datasets\MTSD\Prepared\MTSD-Unaugmented\MTSD-YOLO\test\images\grp11_8da30211-IMG_1389.jpg,984.07,320.62,2141.03,1557.26,0.7305,traffic sign,True,True,248.7,mtsd-p12
SAM 3,traffic sign,grp11_8da30211-IMG_1389.jpg,E:\2. UM-Student\MSC Dissertation\Urban-Vision-Benchmark\Datasets\MTSD\Prepared\MTSD-Unaugmented\MTSD-YOLO\test\images\grp11_8da30211-IMG_1389.jpg,981.54,325.06,2144.43,4032.0,0.4258,traffic sign,True,True,248.7,mtsd-p12
SAM 3,traffic sign,grp11_92113811-IMG_1371.jpg,E:\2. UM-Student\MSC Dissertation\Urban-Vision-Benchmark\Datasets\MTSD\Prepared\MTSD-Unaugmented\MTSD-YOLO\test\images\grp11_92113811-IMG_1371.jpg,724.56,0.0,2385.5,1565.24,0.8516,traffic sign,True,True,225.0,mtsd-p12
SAM 3,traffic sign,grp11_92113811-IMG_1371.jpg,E:\2. UM-Student\MSC Dissertation\Urban-Vision-Benchmark\Datasets\MTSD\Prepared\MTSD-Unaugmented\MTSD-YOLO\test\images\grp11_92113811-IMG_1371.jpg,1232.97,1672.98,2227.76,3501.65,0.8477,traffic sign,True,True,225.0,mtsd-p12
SAM 3,traffic sign,grp11_92113811-IMG_1371.jpg,E:\2. UM-Student\MSC Dissertation\Urban-Vision-Benchmark\Datasets\MTSD\Prepared\MTSD-Unaugmented\MTSD-YOLO\test\images\grp11_92113811-IMG_1371.jpg,2948.34,1969.03,3001.69,2274.02,0.7734,traffic sign,True,True,225.0,mtsd-p12
SAM 3,traffic sign,grp11_92113811-IMG_1371.jpg,E:\2. UM-Student\MSC Dissertation\Urban-Vision-Benchmark\Datasets\MTSD\Prepared\MTSD-Unaugmented\MTSD-YOLO\test\images\grp11_92113811-IMG_1371.jpg,2947.04,1960.05,3024.0,3396.35,0.5195,traffic sign,True,True,225.0,mtsd-p12
SAM 3,traffic sign,grp11_92113811-IMG_1371.jpg,E:\2. UM-Student\MSC Dissertation\Urban-Vision-Benchmark\Datasets\MTSD\Prepared\MTSD-Unaugmented\MTSD-YOLO\test\images\grp11_92113811-IMG_1371.jpg,735.8,14.99,2343.29,3984.68,0.3613,traffic sign,True,True,225.0,mtsd-p12
SAM 3,traffic sign,grp11_93c9acc6-Pre_2026_6752.jpg,E:\2. UM-Student\MSC Dissertation\Urban-Vision-Benchmark\Datasets\MTSD\Prepared\MTSD-Unaugmented\MTSD-YOLO\test\images\grp11_93c9acc6-Pre_2026_6752.jpg,2353.32,528.97,3283.61,1172.88,0.9141,traffic sign,True,True,159.9,mtsd-p12
SAM 3,traffic sign,grp11_94c2771c-IMG_1367.jpg,E:\2. UM-Student\MSC Dissertation\Urban-Vision-Benchmark\Datasets\MTSD\Prepared\MTSD-Unaugmented\MTSD-YOLO\test\images\grp11_94c2771c-IMG_1367.jpg,1092.13,359.6,1968.59,2034.09,0.9336,traffic sign,True,True,226.8,mtsd-p12
SAM 3,traffic sign,grp11_94c2771c-IMG_1367.jpg,E:\2. UM-Student\MSC Dissertation\Urban-Vision-Benchmark\Datasets\MTSD\Prepared\MTSD-Unaugmented\MTSD-YOLO\test\images\grp11_94c2771c-IMG_1367.jpg,1146.32,0.0,1890.14,312.34,0.8711,traffic sign,True,True,226.8,mtsd-p12
SAM 3,traffic sign,grp11_94c2771c-IMG_1367.jpg,E:\2. UM-Student\MSC Dissertation\Urban-Vision-Benchmark\Datasets\MTSD\Prepared\MTSD-Unaugmented\MTSD-YOLO\test\images\grp11_94c2771c-IMG_1367.jpg,1114.6,38.71,1936.82,4030.32,0.3164,traffic sign,True,True,226.8,mtsd-p12
SAM 3,traffic sign,grp11_9adb1ffc-IMG_1447.jpg,E:\2. UM-Student\MSC Dissertation\Urban-Vision-Benchmark\Datasets\MTSD\Prepared\MTSD-Unaugmented\MTSD-YOLO\test\images\grp11_9adb1ffc-IMG_1447.jpg,1065.01,493.26,2222.25,1746.11,0.9023,traffic sign,True,True,185.4,mtsd-p12
SAM 3,traffic sign,grp11_9aea0791-Pre_2026_6686.jpg,E:\2. UM-Student\MSC Dissertation\Urban-Vision-Benchmark\Datasets\MTSD\Prepared\MTSD-Unaugmented\MTSD-YOLO\test\images\grp11_9aea0791-Pre_2026_6686.jpg,652.01,690.7,1239.23,1687.95,0.8477,traffic sign,True,True,208.1,mtsd-p12
SAM 3,traffic sign,grp11_9aea0791-Pre_2026_6686.jpg,E:\2. UM-Student\MSC Dissertation\Urban-Vision-Benchmark\Datasets\MTSD\Prepared\MTSD-Unaugmented\MTSD-YOLO\test\images\grp11_9aea0791-Pre_2026_6686.jpg,545.8,698.53,1242.52,4000.0,0.4707,traffic sign,True,True,208.1,mtsd-p12
SAM 3,traffic sign,grp11_9aea0791-Pre_2026_6686.jpg,E:\2. UM-Student\MSC Dissertation\Urban-Vision-Benchmark\Datasets\MTSD\Prepared\MTSD-Unaugmented\MTSD-YOLO\test\images\grp11_9aea0791-Pre_2026_6686.jpg,545.03,753.13,838.04,1670.5,0.3301,traffic sign,True,True,208.1,mtsd-p12
SAM 3,traffic sign,grp11_9e3f1527-IMG_6303.jpeg,E:\2. UM-Student\MSC Dissertation\Urban-Vision-Benchmark\Datasets\MTSD\Prepared\MTSD-Unaugmented\MTSD-YOLO\test\images\grp11_9e3f1527-IMG_6303.jpeg,,,,,,<no detections>,False,True,153.5,mtsd-p12
SAM 3,traffic sign,grp11_a9ff1854-IMG_6408.jpeg,E:\2. UM-Student\MSC Dissertation\Urban-Vision-Benchmark\Datasets\MTSD\Prepared\MTSD-Unaugmented\MTSD-YOLO\test\images\grp11_a9ff1854-IMG_6408.jpeg,1841.46,668.59,3121.25,1835.47,0.9531,traffic sign,True,True,174.6,mtsd-p12
SAM 3,traffic sign,grp11_a9ff1854-IMG_6408.jpeg,E:\2. UM-Student\MSC Dissertation\Urban-Vision-Benchmark\Datasets\MTSD\Prepared\MTSD-Unaugmented\MTSD-YOLO\test\images\grp11_a9ff1854-IMG_6408.jpeg,595.3,575.18,1823.02,1826.09,0.9414,traffic sign,True,True,174.6,mtsd-p12
SAM 3,traffic sign,grp11_aff5c880-IMG_6324.jpeg,E:\2. UM-Student\MSC Dissertation\Urban-Vision-Benchmark\Datasets\MTSD\Prepared\MTSD-Unaugmented\MTSD-YOLO\test\images\grp11_aff5c880-IMG_6324.jpeg,1134.35,1257.33,1974.65,2152.29,0.9414,traffic sign,True,True,263.3,mtsd-p12
SAM 3,traffic sign,grp11_aff5c880-IMG_6324.jpeg,E:\2. UM-Student\MSC Dissertation\Urban-Vision-Benchmark\Datasets\MTSD\Prepared\MTSD-Unaugmented\MTSD-YOLO\test\images\grp11_aff5c880-IMG_6324.jpeg,2412.98,3450.54,2486.79,3576.28,0.6953,traffic sign,True,True,263.3,mtsd-p12
SAM 3,traffic sign,grp11_aff5c880-IMG_6324.jpeg,E:\2. UM-Student\MSC Dissertation\Urban-Vision-Benchmark\Datasets\MTSD\Prepared\MTSD-Unaugmented\MTSD-YOLO\test\images\grp11_aff5c880-IMG_6324.jpeg,1903.83,3505.21,1960.92,3587.82,0.668,traffic sign,True,True,263.3,mtsd-p12
SAM 3,traffic sign,grp11_aff5c880-IMG_6324.jpeg,E:\2. UM-Student\MSC Dissertation\Urban-Vision-Benchmark\Datasets\MTSD\Prepared\MTSD-Unaugmented\MTSD-YOLO\test\images\grp11_aff5c880-IMG_6324.jpeg,2424.13,3451.83,2480.15,3533.35,0.5586,traffic sign,True,True,263.3,mtsd-p12
SAM 3,traffic sign,grp11_aff5c880-IMG_6324.jpeg,E:\2. UM-Student\MSC Dissertation\Urban-Vision-Benchmark\Datasets\MTSD\Prepared\MTSD-Unaugmented\MTSD-YOLO\test\images\grp11_aff5c880-IMG_6324.jpeg,2412.6,3513.93,2490.34,3576.77,0.5039,traffic sign,True,True,263.3,mtsd-p12
SAM 3,traffic sign,grp11_b25d900c-Pre_2026_6648.jpg,E:\2. UM-Student\MSC Dissertation\Urban-Vision-Benchmark\Datasets\MTSD\Prepared\MTSD-Unaugmented\MTSD-YOLO\test\images\grp11_b25d900c-Pre_2026_6648.jpg,,,,,,<no detections>,False,True,142.6,mtsd-p12
SAM 3,traffic sign,grp11_b40e574e-IMG_1307.jpg,E:\2. UM-Student\MSC Dissertation\Urban-Vision-Benchmark\Datasets\MTSD\Prepared\MTSD-Unaugmented\MTSD-YOLO\test\images\grp11_b40e574e-IMG_1307.jpg,1226.15,272.78,1988.44,1059.25,0.9258,traffic sign,True,True,642.9,mtsd-p12
SAM 3,traffic sign,grp11_b40e574e-IMG_1307.jpg,E:\2. UM-Student\MSC Dissertation\Urban-Vision-Benchmark\Datasets\MTSD\Prepared\MTSD-Unaugmented\MTSD-YOLO\test\images\grp11_b40e574e-IMG_1307.jpg,1055.04,1852.27,1165.39,2007.64,0.7266,traffic sign,True,True,642.9,mtsd-p12
SAM 3,traffic sign,grp11_b40e574e-IMG_1307.jpg,E:\2. UM-Student\MSC Dissertation\Urban-Vision-Benchmark\Datasets\MTSD\Prepared\MTSD-Unaugmented\MTSD-YOLO\test\images\grp11_b40e574e-IMG_1307.jpg,1321.57,1025.22,1914.38,1248.5,0.6289,traffic sign,True,True,642.9,mtsd-p12
SAM 3,traffic sign,grp11_b40e574e-IMG_1307.jpg,E:\2. UM-Student\MSC Dissertation\Urban-Vision-Benchmark\Datasets\MTSD\Prepared\MTSD-Unaugmented\MTSD-YOLO\test\images\grp11_b40e574e-IMG_1307.jpg,712.07,0.0,1507.31,307.97,0.4648,traffic sign,True,True,642.9,mtsd-p12
SAM 3,traffic sign,grp11_b40e574e-IMG_1307.jpg,E:\2. UM-Student\MSC Dissertation\Urban-Vision-Benchmark\Datasets\MTSD\Prepared\MTSD-Unaugmented\MTSD-YOLO\test\images\grp11_b40e574e-IMG_1307.jpg,1653.2,1794.97,1689.45,1849.42,0.4414,traffic sign,True,True,642.9,mtsd-p12
SAM 3,traffic sign,grp11_b40e574e-IMG_1307.jpg,E:\2. UM-Student\MSC Dissertation\Urban-Vision-Benchmark\Datasets\MTSD\Prepared\MTSD-Unaugmented\MTSD-YOLO\test\images\grp11_b40e574e-IMG_1307.jpg,1500.94,1726.37,1545.7,1810.82,0.3984,traffic sign,True,True,642.9,mtsd-p12
SAM 3,traffic sign,grp11_b40e574e-IMG_1307.jpg,E:\2. UM-Student\MSC Dissertation\Urban-Vision-Benchmark\Datasets\MTSD\Prepared\MTSD-Unaugmented\MTSD-YOLO\test\images\grp11_b40e574e-IMG_1307.jpg,459.79,1787.27,500.97,1874.48,0.3887,traffic sign,True,True,642.9,mtsd-p12
SAM 3,traffic sign,grp11_b40e574e-IMG_1307.jpg,E:\2. UM-Student\MSC Dissertation\Urban-Vision-Benchmark\Datasets\MTSD\Prepared\MTSD-Unaugmented\MTSD-YOLO\test\images\grp11_b40e574e-IMG_1307.jpg,1060.46,1763.22,1101.63,1835.57,0.3613,traffic sign,True,True,642.9,mtsd-p12
SAM 3,traffic sign,grp11_b40e574e-IMG_1307.jpg,E:\2. UM-Student\MSC Dissertation\Urban-Vision-Benchmark\Datasets\MTSD\Prepared\MTSD-Unaugmented\MTSD-YOLO\test\images\grp11_b40e574e-IMG_1307.jpg,1930.75,1545.11,1963.83,1598.28,0.3027,traffic sign,True,True,642.9,mtsd-p12
SAM 3,traffic sign,grp11_b4a34518-Pre_2026_6659.jpg,E:\2. UM-Student\MSC Dissertation\Urban-Vision-Benchmark\Datasets\MTSD\Prepared\MTSD-Unaugmented\MTSD-YOLO\test\images\grp11_b4a34518-Pre_2026_6659.jpg,591.74,827.45,1302.86,1700.57,0.9141,traffic sign,True,True,209.5,mtsd-p12
SAM 3,traffic sign,grp11_b4a34518-Pre_2026_6659.jpg,E:\2. UM-Student\MSC Dissertation\Urban-Vision-Benchmark\Datasets\MTSD\Prepared\MTSD-Unaugmented\MTSD-YOLO\test\images\grp11_b4a34518-Pre_2026_6659.jpg,577.35,1599.6,1030.31,2348.91,0.7344,traffic sign,True,True,209.5,mtsd-p12
SAM 3,traffic sign,grp11_b4a34518-Pre_2026_6659.jpg,E:\2. UM-Student\MSC Dissertation\Urban-Vision-Benchmark\Datasets\MTSD\Prepared\MTSD-Unaugmented\MTSD-YOLO\test\images\grp11_b4a34518-Pre_2026_6659.jpg,2118.79,2192.78,2174.84,2260.8,0.4531,traffic sign,True,True,209.5,mtsd-p12
SAM 3,traffic sign,grp11_b4a34518-Pre_2026_6659.jpg,E:\2. UM-Student\MSC Dissertation\Urban-Vision-Benchmark\Datasets\MTSD\Prepared\MTSD-Unaugmented\MTSD-YOLO\test\images\grp11_b4a34518-Pre_2026_6659.jpg,580.03,833.19,1307.37,3998.12,0.3633,traffic sign,True,True,209.5,mtsd-p12
SAM 3,traffic sign,grp11_b4a34518-Pre_2026_6659.jpg,E:\2. UM-Student\MSC Dissertation\Urban-Vision-Benchmark\Datasets\MTSD\Prepared\MTSD-Unaugmented\MTSD-YOLO\test\images\grp11_b4a34518-Pre_2026_6659.jpg,2117.75,2193.07,2208.78,2494.65,0.332,traffic sign,True,True,209.5,mtsd-p12
SAM 3,traffic sign,grp11_bab711b8-IMG_20251125_192613.jpg,E:\2. UM-Student\MSC Dissertation\Urban-Vision-Benchmark\Datasets\MTSD\Prepared\MTSD-Unaugmented\MTSD-YOLO\test\images\grp11_bab711b8-IMG_20251125_192613.jpg,1123.06,783.07,1844.29,1683.26,0.8906,traffic sign,True,True,168.9,mtsd-p12
SAM 3,traffic sign,grp11_bab711b8-IMG_20251125_192613.jpg,E:\2. UM-Student\MSC Dissertation\Urban-Vision-Benchmark\Datasets\MTSD\Prepared\MTSD-Unaugmented\MTSD-YOLO\test\images\grp11_bab711b8-IMG_20251125_192613.jpg,1118.59,779.82,1847.05,4000.0,0.4316,traffic sign,True,True,168.9,mtsd-p12
SAM 3,traffic sign,grp11_badbe466-IMG_20251125_194752.jpg,E:\2. UM-Student\MSC Dissertation\Urban-Vision-Benchmark\Datasets\MTSD\Prepared\MTSD-Unaugmented\MTSD-YOLO\test\images\grp11_badbe466-IMG_20251125_194752.jpg,785.69,1366.79,1407.47,2074.96,0.4082,traffic sign,True,True,303.5,mtsd-p12
SAM 3,traffic sign,grp11_badbe466-IMG_20251125_194752.jpg,E:\2. UM-Student\MSC Dissertation\Urban-Vision-Benchmark\Datasets\MTSD\Prepared\MTSD-Unaugmented\MTSD-YOLO\test\images\grp11_badbe466-IMG_20251125_194752.jpg,2799.26,2344.58,2829.43,2420.86,0.3633,traffic sign,True,True,303.5,mtsd-p12
SAM 3,traffic sign,grp11_badbe466-IMG_20251125_194752.jpg,E:\2. UM-Student\MSC Dissertation\Urban-Vision-Benchmark\Datasets\MTSD\Prepared\MTSD-Unaugmented\MTSD-YOLO\test\images\grp11_badbe466-IMG_20251125_194752.jpg,815.32,1378.96,1411.35,4000.0,0.3184,traffic sign,True,True,303.5,mtsd-p12
SAM 3,traffic sign,grp11_bdad925f-IMG_20251125_194953.jpg,E:\2. UM-Student\MSC Dissertation\Urban-Vision-Benchmark\Datasets\MTSD\Prepared\MTSD-Unaugmented\MTSD-YOLO\test\images\grp11_bdad925f-IMG_20251125_194953.jpg,1099.92,1272.65,1859.38,2072.24,0.6289,traffic sign,True,True,250.1,mtsd-p12
SAM 3,traffic sign,grp11_bdad925f-IMG_20251125_194953.jpg,E:\2. UM-Student\MSC Dissertation\Urban-Vision-Benchmark\Datasets\MTSD\Prepared\MTSD-Unaugmented\MTSD-YOLO\test\images\grp11_bdad925f-IMG_20251125_194953.jpg,1098.75,1266.56,1859.53,3029.16,0.5391,traffic sign,True,True,250.1,mtsd-p12
SAM 3,traffic sign,grp11_cb23d6ca-IMG_20251125_190938.jpg,E:\2. UM-Student\MSC Dissertation\Urban-Vision-Benchmark\Datasets\MTSD\Prepared\MTSD-Unaugmented\MTSD-YOLO\test\images\grp11_cb23d6ca-IMG_20251125_190938.jpg,1373.08,2592.96,1674.36,3655.76,0.9414,traffic sign,True,True,263.4,mtsd-p12
SAM 3,traffic sign,grp11_cb23d6ca-IMG_20251125_190938.jpg,E:\2. UM-Student\MSC Dissertation\Urban-Vision-Benchmark\Datasets\MTSD\Prepared\MTSD-Unaugmented\MTSD-YOLO\test\images\grp11_cb23d6ca-IMG_20251125_190938.jpg,1353.24,1592.46,1655.3,2621.68,0.9414,traffic sign,True,True,263.4,mtsd-p12
SAM 3,traffic sign,grp11_cb23d6ca-IMG_20251125_190938.jpg,E:\2. UM-Student\MSC Dissertation\Urban-Vision-Benchmark\Datasets\MTSD\Prepared\MTSD-Unaugmented\MTSD-YOLO\test\images\grp11_cb23d6ca-IMG_20251125_190938.jpg,1358.0,681.73,1647.59,1611.11,0.9102,traffic sign,True,True,263.4,mtsd-p12
SAM 3,traffic sign,grp11_cb23d6ca-IMG_20251125_190938.jpg,E:\2. UM-Student\MSC Dissertation\Urban-Vision-Benchmark\Datasets\MTSD\Prepared\MTSD-Unaugmented\MTSD-YOLO\test\images\grp11_cb23d6ca-IMG_20251125_190938.jpg,999.76,2138.52,1172.09,2330.71,0.8633,traffic sign,True,True,263.4,mtsd-p12
SAM 3,traffic sign,grp11_cb23d6ca-IMG_20251125_190938.jpg,E:\2. UM-Student\MSC Dissertation\Urban-Vision-Benchmark\Datasets\MTSD\Prepared\MTSD-Unaugmented\MTSD-YOLO\test\images\grp11_cb23d6ca-IMG_20251125_190938.jpg,953.71,1351.61,1192.49,1555.34,0.7031,traffic sign,True,True,263.4,mtsd-p12
SAM 3,traffic sign,grp11_cb23d6ca-IMG_20251125_190938.jpg,E:\2. UM-Student\MSC Dissertation\Urban-Vision-Benchmark\Datasets\MTSD\Prepared\MTSD-Unaugmented\MTSD-YOLO\test\images\grp11_cb23d6ca-IMG_20251125_190938.jpg,2851.92,2072.49,3000.0,2553.18,0.6953,traffic sign,True,True,263.4,mtsd-p12
SAM 3,traffic sign,grp11_cb23d6ca-IMG_20251125_190938.jpg,E:\2. UM-Student\MSC Dissertation\Urban-Vision-Benchmark\Datasets\MTSD\Prepared\MTSD-Unaugmented\MTSD-YOLO\test\images\grp11_cb23d6ca-IMG_20251125_190938.jpg,951.48,1750.62,1204.55,1947.54,0.6758,traffic sign,True,True,263.4,mtsd-p12
SAM 3,traffic sign,grp11_cb23d6ca-IMG_20251125_190938.jpg,E:\2. UM-Student\MSC Dissertation\Urban-Vision-Benchmark\Datasets\MTSD\Prepared\MTSD-Unaugmented\MTSD-YOLO\test\images\grp11_cb23d6ca-IMG_20251125_190938.jpg,953.48,1945.22,1210.59,2143.19,0.6758,traffic sign,True,True,263.4,mtsd-p12
SAM 3,traffic sign,grp11_cb23d6ca-IMG_20251125_190938.jpg,E:\2. UM-Student\MSC Dissertation\Urban-Vision-Benchmark\Datasets\MTSD\Prepared\MTSD-Unaugmented\MTSD-YOLO\test\images\grp11_cb23d6ca-IMG_20251125_190938.jpg,952.88,1555.33,1196.52,1753.54,0.6719,traffic sign,True,True,263.4,mtsd-p12
SAM 3,traffic sign,grp11_cb23d6ca-IMG_20251125_190938.jpg,E:\2. UM-Student\MSC Dissertation\Urban-Vision-Benchmark\Datasets\MTSD\Prepared\MTSD-Unaugmented\MTSD-YOLO\test\images\grp11_cb23d6ca-IMG_20251125_190938.jpg,2923.69,1902.23,2999.12,2020.02,0.4297,traffic sign,True,True,263.4,mtsd-p12
SAM 3,traffic sign,grp11_cf483702-IMG_20251125_195623.jpg,E:\2. UM-Student\MSC Dissertation\Urban-Vision-Benchmark\Datasets\MTSD\Prepared\MTSD-Unaugmented\MTSD-YOLO\test\images\grp11_cf483702-IMG_20251125_195623.jpg,2583.9,2505.93,2798.31,2632.99,0.832,traffic sign,True,True,249.3,mtsd-p12
SAM 3,traffic sign,grp11_cf483702-IMG_20251125_195623.jpg,E:\2. UM-Student\MSC Dissertation\Urban-Vision-Benchmark\Datasets\MTSD\Prepared\MTSD-Unaugmented\MTSD-YOLO\test\images\grp11_cf483702-IMG_20251125_195623.jpg,2606.63,2406.47,2752.44,2505.77,0.7969,traffic sign,True,True,249.3,mtsd-p12
SAM 3,traffic sign,grp11_cf483702-IMG_20251125_195623.jpg,E:\2. UM-Student\MSC Dissertation\Urban-Vision-Benchmark\Datasets\MTSD\Prepared\MTSD-Unaugmented\MTSD-YOLO\test\images\grp11_cf483702-IMG_20251125_195623.jpg,1436.24,584.01,2133.7,1617.59,0.5273,traffic sign,True,True,249.3,mtsd-p12
SAM 3,traffic sign,grp11_cf483702-IMG_20251125_195623.jpg,E:\2. UM-Student\MSC Dissertation\Urban-Vision-Benchmark\Datasets\MTSD\Prepared\MTSD-Unaugmented\MTSD-YOLO\test\images\grp11_cf483702-IMG_20251125_195623.jpg,1474.67,1601.61,2110.11,2678.8,0.5234,traffic sign,True,True,249.3,mtsd-p12
SAM 3,traffic sign,grp11_cf483702-IMG_20251125_195623.jpg,E:\2. UM-Student\MSC Dissertation\Urban-Vision-Benchmark\Datasets\MTSD\Prepared\MTSD-Unaugmented\MTSD-YOLO\test\images\grp11_cf483702-IMG_20251125_195623.jpg,1441.73,592.45,2135.37,3989.17,0.3691,traffic sign,True,True,249.3,mtsd-p12
SAM 3,traffic sign,grp11_d9b50eb1-Pre_2026_6691.jpg,E:\2. UM-Student\MSC Dissertation\Urban-Vision-Benchmark\Datasets\MTSD\Prepared\MTSD-Unaugmented\MTSD-YOLO\test\images\grp11_d9b50eb1-Pre_2026_6691.jpg,801.53,1237.63,1147.83,1678.76,0.9336,traffic sign,True,True,176.2,mtsd-p12
SAM 3,traffic sign,grp11_d9b50eb1-Pre_2026_6691.jpg,E:\2. UM-Student\MSC Dissertation\Urban-Vision-Benchmark\Datasets\MTSD\Prepared\MTSD-Unaugmented\MTSD-YOLO\test\images\grp11_d9b50eb1-Pre_2026_6691.jpg,666.03,1666.92,1290.3,2208.71,0.8984,traffic sign,True,True,176.2,mtsd-p12
SAM 3,traffic sign,grp11_d9b50eb1-Pre_2026_6691.jpg,E:\2. UM-Student\MSC Dissertation\Urban-Vision-Benchmark\Datasets\MTSD\Prepared\MTSD-Unaugmented\MTSD-YOLO\test\images\grp11_d9b50eb1-Pre_2026_6691.jpg,656.46,2190.25,1288.27,2410.24,0.8164,traffic sign,True,True,176.2,mtsd-p12
SAM 3,traffic sign,grp11_d9b50eb1-Pre_2026_6691.jpg,E:\2. UM-Student\MSC Dissertation\Urban-Vision-Benchmark\Datasets\MTSD\Prepared\MTSD-Unaugmented\MTSD-YOLO\test\images\grp11_d9b50eb1-Pre_2026_6691.jpg,659.21,1639.29,1292.2,3978.4,0.4141,traffic sign,True,True,176.2,mtsd-p12
SAM 3,traffic sign,grp11_daaadabb-IMG_1451.jpg,E:\2. UM-Student\MSC Dissertation\Urban-Vision-Benchmark\Datasets\MTSD\Prepared\MTSD-Unaugmented\MTSD-YOLO\test\images\grp11_daaadabb-IMG_1451.jpg,921.63,0.0,1815.25,1384.8,0.8945,traffic sign,True,True,205.6,mtsd-p12
SAM 3,traffic sign,grp11_e27435a0-IMG_20251125_194217.jpg,E:\2. UM-Student\MSC Dissertation\Urban-Vision-Benchmark\Datasets\MTSD\Prepared\MTSD-Unaugmented\MTSD-YOLO\test\images\grp11_e27435a0-IMG_20251125_194217.jpg,812.09,1008.07,1634.35,1901.04,0.3594,traffic sign,True,True,164.8,mtsd-p12
SAM 3,traffic sign,grp11_ebb70ae4-Pre_2026_6672.jpg,E:\2. UM-Student\MSC Dissertation\Urban-Vision-Benchmark\Datasets\MTSD\Prepared\MTSD-Unaugmented\MTSD-YOLO\test\images\grp11_ebb70ae4-Pre_2026_6672.jpg,590.48,1164.64,2010.77,2253.36,0.9062,traffic sign,True,True,232.2,mtsd-p12
SAM 3,traffic sign,grp11_ebb70ae4-Pre_2026_6672.jpg,E:\2. UM-Student\MSC Dissertation\Urban-Vision-Benchmark\Datasets\MTSD\Prepared\MTSD-Unaugmented\MTSD-YOLO\test\images\grp11_ebb70ae4-Pre_2026_6672.jpg,413.7,2263.68,785.53,2372.64,0.8281,traffic sign,True,True,232.2,mtsd-p12
SAM 3,traffic sign,grp11_ebb70ae4-Pre_2026_6672.jpg,E:\2. UM-Student\MSC Dissertation\Urban-Vision-Benchmark\Datasets\MTSD\Prepared\MTSD-Unaugmented\MTSD-YOLO\test\images\grp11_ebb70ae4-Pre_2026_6672.jpg,913.59,588.95,1628.2,1352.08,0.7383,traffic sign,True,True,232.2,mtsd-p12
SAM 3,traffic sign,grp11_ebb70ae4-Pre_2026_6672.jpg,E:\2. UM-Student\MSC Dissertation\Urban-Vision-Benchmark\Datasets\MTSD\Prepared\MTSD-Unaugmented\MTSD-YOLO\test\images\grp11_ebb70ae4-Pre_2026_6672.jpg,162.77,2258.36,1024.93,3055.06,0.4414,traffic sign,True,True,232.2,mtsd-p12
SAM 3,traffic sign,grp11_ebb70ae4-Pre_2026_6672.jpg,E:\2. UM-Student\MSC Dissertation\Urban-Vision-Benchmark\Datasets\MTSD\Prepared\MTSD-Unaugmented\MTSD-YOLO\test\images\grp11_ebb70ae4-Pre_2026_6672.jpg,601.29,577.52,2004.03,4000.0,0.3633,traffic sign,True,True,232.2,mtsd-p12
SAM 3,traffic sign,grp11_ee2f066e-IMG_20251125_194701.jpg,E:\2. UM-Student\MSC Dissertation\Urban-Vision-Benchmark\Datasets\MTSD\Prepared\MTSD-Unaugmented\MTSD-YOLO\test\images\grp11_ee2f066e-IMG_20251125_194701.jpg,524.32,1001.06,1469.39,1892.27,0.9141,traffic sign,True,True,273.2,mtsd-p12
SAM 3,traffic sign,grp11_ee2f066e-IMG_20251125_194701.jpg,E:\2. UM-Student\MSC Dissertation\Urban-Vision-Benchmark\Datasets\MTSD\Prepared\MTSD-Unaugmented\MTSD-YOLO\test\images\grp11_ee2f066e-IMG_20251125_194701.jpg,1112.72,2593.89,1268.6,2762.79,0.8594,traffic sign,True,True,273.2,mtsd-p12
SAM 3,traffic sign,grp11_ee2f066e-IMG_20251125_194701.jpg,E:\2. UM-Student\MSC Dissertation\Urban-Vision-Benchmark\Datasets\MTSD\Prepared\MTSD-Unaugmented\MTSD-YOLO\test\images\grp11_ee2f066e-IMG_20251125_194701.jpg,1849.83,2403.91,1888.57,2463.94,0.7656,traffic sign,True,True,273.2,mtsd-p12
SAM 3,traffic sign,grp11_ee2f066e-IMG_20251125_194701.jpg,E:\2. UM-Student\MSC Dissertation\Urban-Vision-Benchmark\Datasets\MTSD\Prepared\MTSD-Unaugmented\MTSD-YOLO\test\images\grp11_ee2f066e-IMG_20251125_194701.jpg,1842.12,2342.46,1883.89,2400.53,0.7578,traffic sign,True,True,273.2,mtsd-p12
SAM 3,traffic sign,grp11_ee2f066e-IMG_20251125_194701.jpg,E:\2. UM-Student\MSC Dissertation\Urban-Vision-Benchmark\Datasets\MTSD\Prepared\MTSD-Unaugmented\MTSD-YOLO\test\images\grp11_ee2f066e-IMG_20251125_194701.jpg,584.01,2515.52,649.22,2600.28,0.5273,traffic sign,True,True,273.2,mtsd-p12
SAM 3,traffic sign,grp11_ee2f066e-IMG_20251125_194701.jpg,E:\2. UM-Student\MSC Dissertation\Urban-Vision-Benchmark\Datasets\MTSD\Prepared\MTSD-Unaugmented\MTSD-YOLO\test\images\grp11_ee2f066e-IMG_20251125_194701.jpg,584.19,2510.11,650.29,2681.95,0.416,traffic sign,True,True,273.2,mtsd-p12
SAM 3,traffic sign,grp11_ee2f066e-IMG_20251125_194701.jpg,E:\2. UM-Student\MSC Dissertation\Urban-Vision-Benchmark\Datasets\MTSD\Prepared\MTSD-Unaugmented\MTSD-YOLO\test\images\grp11_ee2f066e-IMG_20251125_194701.jpg,522.27,991.3,1445.89,3999.65,0.3027,traffic sign,True,True,273.2,mtsd-p12
SAM 3,traffic sign,grp11_f09e9bf4-Pre_2026_6657.jpg,E:\2. UM-Student\MSC Dissertation\Urban-Vision-Benchmark\Datasets\MTSD\Prepared\MTSD-Unaugmented\MTSD-YOLO\test\images\grp11_f09e9bf4-Pre_2026_6657.jpg,504.24,500.34,1646.66,1764.91,0.8906,traffic sign,True,True,170.3,mtsd-p12
SAM 3,traffic sign,grp11_f09e9bf4-Pre_2026_6657.jpg,E:\2. UM-Student\MSC Dissertation\Urban-Vision-Benchmark\Datasets\MTSD\Prepared\MTSD-Unaugmented\MTSD-YOLO\test\images\grp11_f09e9bf4-Pre_2026_6657.jpg,496.46,504.92,1650.72,4000.0,0.3262,traffic sign,True,True,170.3,mtsd-p12
SAM 3,traffic sign,grp11_f0c7f95a-IMG_6420.jpeg,E:\2. UM-Student\MSC Dissertation\Urban-Vision-Benchmark\Datasets\MTSD\Prepared\MTSD-Unaugmented\MTSD-YOLO\test\images\grp11_f0c7f95a-IMG_6420.jpeg,710.07,1140.31,3421.0,2082.52,0.9141,traffic sign,True,True,244.1,mtsd-p12
SAM 3,traffic sign,grp11_f3e6cd7a-IMG_6398.jpeg,E:\2. UM-Student\MSC Dissertation\Urban-Vision-Benchmark\Datasets\MTSD\Prepared\MTSD-Unaugmented\MTSD-YOLO\test\images\grp11_f3e6cd7a-IMG_6398.jpeg,1451.4,961.5,2384.61,3088.59,0.9062,traffic sign,True,True,370.2,mtsd-p12
SAM 3,traffic sign,grp11_f3e6cd7a-IMG_6398.jpeg,E:\2. UM-Student\MSC Dissertation\Urban-Vision-Benchmark\Datasets\MTSD\Prepared\MTSD-Unaugmented\MTSD-YOLO\test\images\grp11_f3e6cd7a-IMG_6398.jpeg,2642.25,4705.05,2750.01,4861.07,0.8086,traffic sign,True,True,370.2,mtsd-p12
SAM 3,traffic sign,grp11_f3e6cd7a-IMG_6398.jpeg,E:\2. UM-Student\MSC Dissertation\Urban-Vision-Benchmark\Datasets\MTSD\Prepared\MTSD-Unaugmented\MTSD-YOLO\test\images\grp11_f3e6cd7a-IMG_6398.jpeg,1131.03,4779.54,1204.96,4859.22,0.6914,traffic sign,True,True,370.2,mtsd-p12
SAM 3,traffic sign,grp11_f3e6cd7a-IMG_6398.jpeg,E:\2. UM-Student\MSC Dissertation\Urban-Vision-Benchmark\Datasets\MTSD\Prepared\MTSD-Unaugmented\MTSD-YOLO\test\images\grp11_f3e6cd7a-IMG_6398.jpeg,73.04,635.9,1598.8,2611.08,0.6445,traffic sign,True,True,370.2,mtsd-p12
SAM 3,traffic sign,grp11_f3e6cd7a-IMG_6398.jpeg,E:\2. UM-Student\MSC Dissertation\Urban-Vision-Benchmark\Datasets\MTSD\Prepared\MTSD-Unaugmented\MTSD-YOLO\test\images\grp11_f3e6cd7a-IMG_6398.jpeg,221.51,2592.62,435.2,2868.6,0.4844,traffic sign,True,True,370.2,mtsd-p12
SAM 3,traffic sign,grp11_f3e6cd7a-IMG_6398.jpeg,E:\2. UM-Student\MSC Dissertation\Urban-Vision-Benchmark\Datasets\MTSD\Prepared\MTSD-Unaugmented\MTSD-YOLO\test\images\grp11_f3e6cd7a-IMG_6398.jpeg,2638.35,4709.63,2739.67,5297.0,0.3242,traffic sign,True,True,370.2,mtsd-p12
SAM 3,traffic sign,grp11_f71868de-IMG_20251125_191832.jpg,E:\2. UM-Student\MSC Dissertation\Urban-Vision-Benchmark\Datasets\MTSD\Prepared\MTSD-Unaugmented\MTSD-YOLO\test\images\grp11_f71868de-IMG_20251125_191832.jpg,304.18,348.82,998.16,1326.76,0.4199,traffic sign,True,True,156.8,mtsd-p12
SAM 3,traffic sign,grp11_f71868de-IMG_20251125_191832.jpg,E:\2. UM-Student\MSC Dissertation\Urban-Vision-Benchmark\Datasets\MTSD\Prepared\MTSD-Unaugmented\MTSD-YOLO\test\images\grp11_f71868de-IMG_20251125_191832.jpg,300.94,351.39,961.67,3990.76,0.3496,traffic sign,True,True,156.8,mtsd-p12
SAM 3,traffic sign,grp11_fbaad6ff-IMG_1423.jpg,E:\2. UM-Student\MSC Dissertation\Urban-Vision-Benchmark\Datasets\MTSD\Prepared\MTSD-Unaugmented\MTSD-YOLO\test\images\grp11_fbaad6ff-IMG_1423.jpg,994.97,441.35,2001.68,1371.35,0.9102,traffic sign,True,True,194.4,mtsd-p12
SAM 3,traffic sign,grp11_fbaad6ff-IMG_1423.jpg,E:\2. UM-Student\MSC Dissertation\Urban-Vision-Benchmark\Datasets\MTSD\Prepared\MTSD-Unaugmented\MTSD-YOLO\test\images\grp11_fbaad6ff-IMG_1423.jpg,993.63,439.79,2004.47,4032.0,0.4707,traffic sign,True,True,194.4,mtsd-p12
SAM 3,traffic sign,grp1_02ac92f5-IMG20251123165127.jpg,E:\2. UM-Student\MSC Dissertation\Urban-Vision-Benchmark\Datasets\MTSD\Prepared\MTSD-Unaugmented\MTSD-YOLO\test\images\grp1_02ac92f5-IMG20251123165127.jpg,1442.82,1374.0,2002.22,2858.14,0.6289,traffic sign,True,True,237.0,mtsd-p12
SAM 3,traffic sign,grp1_02ac92f5-IMG20251123165127.jpg,E:\2. UM-Student\MSC Dissertation\Urban-Vision-Benchmark\Datasets\MTSD\Prepared\MTSD-Unaugmented\MTSD-YOLO\test\images\grp1_02ac92f5-IMG20251123165127.jpg,2053.43,3523.77,2652.86,4043.17,0.5547,traffic sign,True,True,237.0,mtsd-p12
SAM 3,traffic sign,grp1_0608acbd-IMG_4633.jpeg,E:\2. UM-Student\MSC Dissertation\Urban-Vision-Benchmark\Datasets\MTSD\Prepared\MTSD-Unaugmented\MTSD-YOLO\test\images\grp1_0608acbd-IMG_4633.jpeg,,,,,,<no detections>,False,True,156.5,mtsd-p12
SAM 3,traffic sign,grp1_072bd818-IMG_4648.jpeg,E:\2. UM-Student\MSC Dissertation\Urban-Vision-Benchmark\Datasets\MTSD\Prepared\MTSD-Unaugmented\MTSD-YOLO\test\images\grp1_072bd818-IMG_4648.jpeg,1122.74,1423.08,1773.94,3085.6,0.8203,traffic sign,True,True,244.1,mtsd-p12
SAM 3,traffic sign,grp1_072bd818-IMG_4648.jpeg,E:\2. UM-Student\MSC Dissertation\Urban-Vision-Benchmark\Datasets\MTSD\Prepared\MTSD-Unaugmented\MTSD-YOLO\test\images\grp1_072bd818-IMG_4648.jpeg,2585.33,2958.96,3024.0,3577.6,0.7539,traffic sign,True,True,244.1,mtsd-p12
SAM 3,traffic sign,grp1_072bd818-IMG_4648.jpeg,E:\2. UM-Student\MSC Dissertation\Urban-Vision-Benchmark\Datasets\MTSD\Prepared\MTSD-Unaugmented\MTSD-YOLO\test\images\grp1_072bd818-IMG_4648.jpeg,1496.02,3529.1,1662.92,3681.64,0.6719,traffic sign,True,True,244.1,mtsd-p12
SAM 3,traffic sign,grp1_091652b2-IMG20260105120954.jpg,E:\2. UM-Student\MSC Dissertation\Urban-Vision-Benchmark\Datasets\MTSD\Prepared\MTSD-Unaugmented\MTSD-YOLO\test\images\grp1_091652b2-IMG20260105120954.jpg,931.52,585.49,2402.64,1156.45,0.9062,traffic sign,True,True,241.1,mtsd-p12
SAM 3,traffic sign,grp1_091652b2-IMG20260105120954.jpg,E:\2. UM-Student\MSC Dissertation\Urban-Vision-Benchmark\Datasets\MTSD\Prepared\MTSD-Unaugmented\MTSD-YOLO\test\images\grp1_091652b2-IMG20260105120954.jpg,501.48,1036.83,2763.91,3070.46,0.8867,traffic sign,True,True,241.1,mtsd-p12
SAM 3,traffic sign,grp1_091652b2-IMG20260105120954.jpg,E:\2. UM-Student\MSC Dissertation\Urban-Vision-Benchmark\Datasets\MTSD\Prepared\MTSD-Unaugmented\MTSD-YOLO\test\images\grp1_091652b2-IMG20260105120954.jpg,1070.85,1204.21,2285.33,2321.89,0.5,traffic sign,True,True,241.1,mtsd-p12
SAM 3,traffic sign,grp1_094f8a9f-RV__2.jpeg,E:\2. UM-Student\MSC Dissertation\Urban-Vision-Benchmark\Datasets\MTSD\Prepared\MTSD-Unaugmented\MTSD-YOLO\test\images\grp1_094f8a9f-RV__2.jpeg,1061.3,591.86,1813.78,1260.15,0.9531,traffic sign,True,True,240.4,mtsd-p12
SAM 3,traffic sign,grp1_094f8a9f-RV__2.jpeg,E:\2. UM-Student\MSC Dissertation\Urban-Vision-Benchmark\Datasets\MTSD\Prepared\MTSD-Unaugmented\MTSD-YOLO\test\images\grp1_094f8a9f-RV__2.jpeg,1073.56,1204.76,1818.99,1996.07,0.9453,traffic sign,True,True,240.4,mtsd-p12
SAM 3,traffic sign,grp1_094f8a9f-RV__2.jpeg,E:\2. UM-Student\MSC Dissertation\Urban-Vision-Benchmark\Datasets\MTSD\Prepared\MTSD-Unaugmented\MTSD-YOLO\test\images\grp1_094f8a9f-RV__2.jpeg,1237.77,1861.39,1718.77,3080.62,0.9297,traffic sign,True,True,240.4,mtsd-p12
SAM 3,traffic sign,grp1_094f8a9f-RV__2.jpeg,E:\2. UM-Student\MSC Dissertation\Urban-Vision-Benchmark\Datasets\MTSD\Prepared\MTSD-Unaugmented\MTSD-YOLO\test\images\grp1_094f8a9f-RV__2.jpeg,175.04,2787.57,330.9,2994.63,0.8711,traffic sign,True,True,240.4,mtsd-p12
SAM 3,traffic sign,grp1_094f8a9f-RV__2.jpeg,E:\2. UM-Student\MSC Dissertation\Urban-Vision-Benchmark\Datasets\MTSD\Prepared\MTSD-Unaugmented\MTSD-YOLO\test\images\grp1_094f8a9f-RV__2.jpeg,102.12,2961.63,331.31,3145.37,0.7891,traffic sign,True,True,240.4,mtsd-p12
SAM 3,traffic sign,grp1_094f8a9f-RV__2.jpeg,E:\2. UM-Student\MSC Dissertation\Urban-Vision-Benchmark\Datasets\MTSD\Prepared\MTSD-Unaugmented\MTSD-YOLO\test\images\grp1_094f8a9f-RV__2.jpeg,1946.33,3299.49,2003.06,3355.1,0.3281,traffic sign,True,True,240.4,mtsd-p12
SAM 3,traffic sign,grp1_094f8a9f-RV__2.jpeg,E:\2. UM-Student\MSC Dissertation\Urban-Vision-Benchmark\Datasets\MTSD\Prepared\MTSD-Unaugmented\MTSD-YOLO\test\images\grp1_094f8a9f-RV__2.jpeg,1063.65,576.47,1817.48,4032.0,0.3223,traffic sign,True,True,240.4,mtsd-p12
SAM 3,traffic sign,grp1_0dd8c85f-RV_001_114.jpeg,E:\2. UM-Student\MSC Dissertation\Urban-Vision-Benchmark\Datasets\MTSD\Prepared\MTSD-Unaugmented\MTSD-YOLO\test\images\grp1_0dd8c85f-RV_001_114.jpeg,1926.06,3198.39,2051.96,3377.74,0.8555,traffic sign,True,True,261.5,mtsd-p12
SAM 3,traffic sign,grp1_0dd8c85f-RV_001_114.jpeg,E:\2. UM-Student\MSC Dissertation\Urban-Vision-Benchmark\Datasets\MTSD\Prepared\MTSD-Unaugmented\MTSD-YOLO\test\images\grp1_0dd8c85f-RV_001_114.jpeg,1909.69,3063.99,2034.95,3220.27,0.8398,traffic sign,True,True,261.5,mtsd-p12
SAM 3,traffic sign,grp1_0dd8c85f-RV_001_114.jpeg,E:\2. UM-Student\MSC Dissertation\Urban-Vision-Benchmark\Datasets\MTSD\Prepared\MTSD-Unaugmented\MTSD-YOLO\test\images\grp1_0dd8c85f-RV_001_114.jpeg,1713.38,3303.58,1768.29,3382.08,0.7773,traffic sign,True,True,261.5,mtsd-p12
SAM 3,traffic sign,grp1_0dd8c85f-RV_001_114.jpeg,E:\2. UM-Student\MSC Dissertation\Urban-Vision-Benchmark\Datasets\MTSD\Prepared\MTSD-Unaugmented\MTSD-YOLO\test\images\grp1_0dd8c85f-RV_001_114.jpeg,1050.66,1707.32,2047.13,2764.07,0.5859,traffic sign,True,True,261.5,mtsd-p12
SAM 3,traffic sign,grp1_0ea4c27e-RV_001_43.jpeg,E:\2. UM-Student\MSC Dissertation\Urban-Vision-Benchmark\Datasets\MTSD\Prepared\MTSD-Unaugmented\MTSD-YOLO\test\images\grp1_0ea4c27e-RV_001_43.jpeg,918.15,1869.63,2136.48,2944.46,0.8828,traffic sign,True,True,198.0,mtsd-p12
SAM 3,traffic sign,grp1_1bc3cf13-IMG_5516.jpeg,E:\2. UM-Student\MSC Dissertation\Urban-Vision-Benchmark\Datasets\MTSD\Prepared\MTSD-Unaugmented\MTSD-YOLO\test\images\grp1_1bc3cf13-IMG_5516.jpeg,552.9,882.76,1057.36,1362.12,0.8945,traffic sign,True,True,145.1,mtsd-p12
SAM 3,traffic sign,grp1_1bc3cf13-IMG_5516.jpeg,E:\2. UM-Student\MSC Dissertation\Urban-Vision-Benchmark\Datasets\MTSD\Prepared\MTSD-Unaugmented\MTSD-YOLO\test\images\grp1_1bc3cf13-IMG_5516.jpeg,853.28,1529.88,897.25,1603.04,0.8086,traffic sign,True,True,145.1,mtsd-p12
SAM 3,traffic sign,grp1_1bc3cf13-IMG_5516.jpeg,E:\2. UM-Student\MSC Dissertation\Urban-Vision-Benchmark\Datasets\MTSD\Prepared\MTSD-Unaugmented\MTSD-YOLO\test\images\grp1_1bc3cf13-IMG_5516.jpeg,847.45,1672.93,910.63,1712.25,0.7656,traffic sign,True,True,145.1,mtsd-p12
SAM 3,traffic sign,grp1_1bc3cf13-IMG_5516.jpeg,E:\2. UM-Student\MSC Dissertation\Urban-Vision-Benchmark\Datasets\MTSD\Prepared\MTSD-Unaugmented\MTSD-YOLO\test\images\grp1_1bc3cf13-IMG_5516.jpeg,841.53,1451.22,913.16,1534.09,0.7227,traffic sign,True,True,145.1,mtsd-p12
SAM 3,traffic sign,grp1_1e8d03ef-IMG_4745.jpeg,E:\2. UM-Student\MSC Dissertation\Urban-Vision-Benchmark\Datasets\MTSD\Prepared\MTSD-Unaugmented\MTSD-YOLO\test\images\grp1_1e8d03ef-IMG_4745.jpeg,1037.19,0.0,2084.02,736.76,0.8438,traffic sign,True,True,309.8,mtsd-p12
SAM 3,traffic sign,grp1_1e8d03ef-IMG_4745.jpeg,E:\2. UM-Student\MSC Dissertation\Urban-Vision-Benchmark\Datasets\MTSD\Prepared\MTSD-Unaugmented\MTSD-YOLO\test\images\grp1_1e8d03ef-IMG_4745.jpeg,788.46,762.55,2414.35,2359.02,0.8281,traffic sign,True,True,309.8,mtsd-p12
SAM 3,traffic sign,grp1_1e8d03ef-IMG_4745.jpeg,E:\2. UM-Student\MSC Dissertation\Urban-Vision-Benchmark\Datasets\MTSD\Prepared\MTSD-Unaugmented\MTSD-YOLO\test\images\grp1_1e8d03ef-IMG_4745.jpeg,2272.3,2222.6,2305.42,2253.37,0.4355,traffic sign,True,True,309.8,mtsd-p12
SAM 3,traffic sign,grp1_1e8d03ef-IMG_4745.jpeg,E:\2. UM-Student\MSC Dissertation\Urban-Vision-Benchmark\Datasets\MTSD\Prepared\MTSD-Unaugmented\MTSD-YOLO\test\images\grp1_1e8d03ef-IMG_4745.jpeg,2627.26,2221.25,2660.35,2254.25,0.4258,traffic sign,True,True,309.8,mtsd-p12
SAM 3,traffic sign,grp1_1e8d03ef-IMG_4745.jpeg,E:\2. UM-Student\MSC Dissertation\Urban-Vision-Benchmark\Datasets\MTSD\Prepared\MTSD-Unaugmented\MTSD-YOLO\test\images\grp1_1e8d03ef-IMG_4745.jpeg,813.38,20.88,2396.19,4002.94,0.4062,traffic sign,True,True,309.8,mtsd-p12
SAM 3,traffic sign,grp1_1ea7fc82-IMG_4719.jpeg,E:\2. UM-Student\MSC Dissertation\Urban-Vision-Benchmark\Datasets\MTSD\Prepared\MTSD-Unaugmented\MTSD-YOLO\test\images\grp1_1ea7fc82-IMG_4719.jpeg,601.29,1169.39,2381.83,3075.48,0.7383,traffic sign,True,True,223.9,mtsd-p12
SAM 3,traffic sign,grp1_213f8e9b-IMG20260105131202.jpg,E:\2. UM-Student\MSC Dissertation\Urban-Vision-Benchmark\Datasets\MTSD\Prepared\MTSD-Unaugmented\MTSD-YOLO\test\images\grp1_213f8e9b-IMG20260105131202.jpg,264.51,845.24,2511.28,2990.75,0.8984,traffic sign,True,True,214.2,mtsd-p12
SAM 3,traffic sign,grp1_213f8e9b-IMG20260105131202.jpg,E:\2. UM-Student\MSC Dissertation\Urban-Vision-Benchmark\Datasets\MTSD\Prepared\MTSD-Unaugmented\MTSD-YOLO\test\images\grp1_213f8e9b-IMG20260105131202.jpg,229.25,2812.81,493.17,2963.94,0.4707,traffic sign,True,True,214.2,mtsd-p12
SAM 3,traffic sign,grp1_22a1d833-RV_001_174.jpeg,E:\2. UM-Student\MSC Dissertation\Urban-Vision-Benchmark\Datasets\MTSD\Prepared\MTSD-Unaugmented\MTSD-YOLO\test\images\grp1_22a1d833-RV_001_174.jpeg,1054.96,992.29,2242.47,1993.01,0.8359,traffic sign,True,True,236.6,mtsd-p12
SAM 3,traffic sign,grp1_22a1d833-RV_001_174.jpeg,E:\2. UM-Student\MSC Dissertation\Urban-Vision-Benchmark\Datasets\MTSD\Prepared\MTSD-Unaugmented\MTSD-YOLO\test\images\grp1_22a1d833-RV_001_174.jpeg,1072.9,2002.82,2163.3,3070.5,0.8203,traffic sign,True,True,236.6,mtsd-p12
SAM 3,traffic sign,grp1_22a1d833-RV_001_174.jpeg,E:\2. UM-Student\MSC Dissertation\Urban-Vision-Benchmark\Datasets\MTSD\Prepared\MTSD-Unaugmented\MTSD-YOLO\test\images\grp1_22a1d833-RV_001_174.jpeg,2240.63,2226.44,2714.28,2410.7,0.6055,traffic sign,True,True,236.6,mtsd-p12
SAM 3,traffic sign,grp1_22a1d833-RV_001_174.jpeg,E:\2. UM-Student\MSC Dissertation\Urban-Vision-Benchmark\Datasets\MTSD\Prepared\MTSD-Unaugmented\MTSD-YOLO\test\images\grp1_22a1d833-RV_001_174.jpeg,1058.73,994.05,2239.45,4032.0,0.4277,traffic sign,True,True,236.6,mtsd-p12
SAM 3,traffic sign,grp1_22a1d833-RV_001_174.jpeg,E:\2. UM-Student\MSC Dissertation\Urban-Vision-Benchmark\Datasets\MTSD\Prepared\MTSD-Unaugmented\MTSD-YOLO\test\images\grp1_22a1d833-RV_001_174.jpeg,2550.63,3795.57,2736.66,4032.0,0.4023,traffic sign,True,True,236.6,mtsd-p12
SAM 3,traffic sign,grp1_22a1d833-RV_001_174.jpeg,E:\2. UM-Student\MSC Dissertation\Urban-Vision-Benchmark\Datasets\MTSD\Prepared\MTSD-Unaugmented\MTSD-YOLO\test\images\grp1_22a1d833-RV_001_174.jpeg,2246.47,2235.93,2795.86,4032.0,0.3887,traffic sign,True,True,236.6,mtsd-p12
SAM 3,traffic sign,grp1_22c68da3-IMG_4717.jpeg,E:\2. UM-Student\MSC Dissertation\Urban-Vision-Benchmark\Datasets\MTSD\Prepared\MTSD-Unaugmented\MTSD-YOLO\test\images\grp1_22c68da3-IMG_4717.jpeg,746.1,1149.15,2373.18,2462.41,0.8516,traffic sign,True,True,182.8,mtsd-p12
SAM 3,traffic sign,grp1_22c68da3-IMG_4717.jpeg,E:\2. UM-Student\MSC Dissertation\Urban-Vision-Benchmark\Datasets\MTSD\Prepared\MTSD-Unaugmented\MTSD-YOLO\test\images\grp1_22c68da3-IMG_4717.jpeg,743.86,1141.86,2375.37,4032.0,0.3203,traffic sign,True,True,182.8,mtsd-p12
SAM 3,traffic sign,grp1_2493a507-RV_001_172.jpeg,E:\2. UM-Student\MSC Dissertation\Urban-Vision-Benchmark\Datasets\MTSD\Prepared\MTSD-Unaugmented\MTSD-YOLO\test\images\grp1_2493a507-RV_001_172.jpeg,1023.91,2267.94,1974.29,3206.83,0.8867,traffic sign,True,True,300.2,mtsd-p12
SAM 3,traffic sign,grp1_2493a507-RV_001_172.jpeg,E:\2. UM-Student\MSC Dissertation\Urban-Vision-Benchmark\Datasets\MTSD\Prepared\MTSD-Unaugmented\MTSD-YOLO\test\images\grp1_2493a507-RV_001_172.jpeg,965.46,1431.97,1989.31,2266.32,0.7461,traffic sign,True,True,300.2,mtsd-p12
SAM 3,traffic sign,grp1_2493a507-RV_001_172.jpeg,E:\2. UM-Student\MSC Dissertation\Urban-Vision-Benchmark\Datasets\MTSD\Prepared\MTSD-Unaugmented\MTSD-YOLO\test\images\grp1_2493a507-RV_001_172.jpeg,1713.56,3976.85,1749.05,4030.92,0.5,traffic sign,True,True,300.2,mtsd-p12
SAM 3,traffic sign,grp1_2493a507-RV_001_172.jpeg,E:\2. UM-Student\MSC Dissertation\Urban-Vision-Benchmark\Datasets\MTSD\Prepared\MTSD-Unaugmented\MTSD-YOLO\test\images\grp1_2493a507-RV_001_172.jpeg,973.47,1431.05,1995.29,4032.0,0.3887,traffic sign,True,True,300.2,mtsd-p12
SAM 3,traffic sign,grp1_2493a507-RV_001_172.jpeg,E:\2. UM-Student\MSC Dissertation\Urban-Vision-Benchmark\Datasets\MTSD\Prepared\MTSD-Unaugmented\MTSD-YOLO\test\images\grp1_2493a507-RV_001_172.jpeg,1059.44,3809.09,1085.3,3859.66,0.3574,traffic sign,True,True,300.2,mtsd-p12
SAM 3,traffic sign,grp1_25ff97a8-IMG20260105132835.jpg,E:\2. UM-Student\MSC Dissertation\Urban-Vision-Benchmark\Datasets\MTSD\Prepared\MTSD-Unaugmented\MTSD-YOLO\test\images\grp1_25ff97a8-IMG20260105132835.jpg,475.35,858.65,2721.83,2793.12,0.9102,traffic sign,True,True,205.2,mtsd-p12
SAM 3,traffic sign,grp1_25ff97a8-IMG20260105132835.jpg,E:\2. UM-Student\MSC Dissertation\Urban-Vision-Benchmark\Datasets\MTSD\Prepared\MTSD-Unaugmented\MTSD-YOLO\test\images\grp1_25ff97a8-IMG20260105132835.jpg,728.49,87.46,2068.32,1028.89,0.8984,traffic sign,True,True,205.2,mtsd-p12
SAM 3,traffic sign,grp1_265aa6a6-IMG_5573.jpeg,E:\2. UM-Student\MSC Dissertation\Urban-Vision-Benchmark\Datasets\MTSD\Prepared\MTSD-Unaugmented\MTSD-YOLO\test\images\grp1_265aa6a6-IMG_5573.jpeg,1320.98,1964.05,1693.87,2759.82,0.8555,traffic sign,True,True,172.3,mtsd-p12
SAM 3,traffic sign,grp1_265aa6a6-IMG_5573.jpeg,E:\2. UM-Student\MSC Dissertation\Urban-Vision-Benchmark\Datasets\MTSD\Prepared\MTSD-Unaugmented\MTSD-YOLO\test\images\grp1_265aa6a6-IMG_5573.jpeg,1319.71,1964.9,1698.08,4031.27,0.543,traffic sign,True,True,172.3,mtsd-p12
SAM 3,traffic sign,grp1_2a767150-RV_001_64.jpeg,E:\2. UM-Student\MSC Dissertation\Urban-Vision-Benchmark\Datasets\MTSD\Prepared\MTSD-Unaugmented\MTSD-YOLO\test\images\grp1_2a767150-RV_001_64.jpeg,910.39,2601.62,1932.13,3646.93,0.9219,traffic sign,True,True,206.6,mtsd-p12
SAM 3,traffic sign,grp1_2f062204-IMG_5549.jpeg,E:\2. UM-Student\MSC Dissertation\Urban-Vision-Benchmark\Datasets\MTSD\Prepared\MTSD-Unaugmented\MTSD-YOLO\test\images\grp1_2f062204-IMG_5549.jpeg,1183.28,1779.25,1883.41,2481.81,0.9414,traffic sign,True,True,271.2,mtsd-p12
SAM 3,traffic sign,grp1_2f062204-IMG_5549.jpeg,E:\2. UM-Student\MSC Dissertation\Urban-Vision-Benchmark\Datasets\MTSD\Prepared\MTSD-Unaugmented\MTSD-YOLO\test\images\grp1_2f062204-IMG_5549.jpeg,1777.76,3496.57,1837.62,3580.64,0.8477,traffic sign,True,True,271.2,mtsd-p12
SAM 3,traffic sign,grp1_2f062204-IMG_5549.jpeg,E:\2. UM-Student\MSC Dissertation\Urban-Vision-Benchmark\Datasets\MTSD\Prepared\MTSD-Unaugmented\MTSD-YOLO\test\images\grp1_2f062204-IMG_5549.jpeg,2933.41,3585.7,2979.19,3636.27,0.7344,traffic sign,True,True,271.2,mtsd-p12
SAM 3,traffic sign,grp1_2f062204-IMG_5549.jpeg,E:\2. UM-Student\MSC Dissertation\Urban-Vision-Benchmark\Datasets\MTSD\Prepared\MTSD-Unaugmented\MTSD-YOLO\test\images\grp1_2f062204-IMG_5549.jpeg,2496.19,3528.29,2536.96,3656.23,0.6562,traffic sign,True,True,271.2,mtsd-p12
SAM 3,traffic sign,grp1_2f062204-IMG_5549.jpeg,E:\2. UM-Student\MSC Dissertation\Urban-Vision-Benchmark\Datasets\MTSD\Prepared\MTSD-Unaugmented\MTSD-YOLO\test\images\grp1_2f062204-IMG_5549.jpeg,2724.68,3570.88,2761.32,3624.49,0.6289,traffic sign,True,True,271.2,mtsd-p12
SAM 3,traffic sign,grp1_2f062204-IMG_5549.jpeg,E:\2. UM-Student\MSC Dissertation\Urban-Vision-Benchmark\Datasets\MTSD\Prepared\MTSD-Unaugmented\MTSD-YOLO\test\images\grp1_2f062204-IMG_5549.jpeg,2504.95,3594.18,2539.4,3653.41,0.5391,traffic sign,True,True,271.2,mtsd-p12
SAM 3,traffic sign,grp1_2f062204-IMG_5549.jpeg,E:\2. UM-Student\MSC Dissertation\Urban-Vision-Benchmark\Datasets\MTSD\Prepared\MTSD-Unaugmented\MTSD-YOLO\test\images\grp1_2f062204-IMG_5549.jpeg,2358.92,3536.13,2386.19,3618.23,0.3438,traffic sign,True,True,271.2,mtsd-p12
SAM 3,traffic sign,grp1_335c2601-IMG_4793.jpeg,E:\2. UM-Student\MSC Dissertation\Urban-Vision-Benchmark\Datasets\MTSD\Prepared\MTSD-Unaugmented\MTSD-YOLO\test\images\grp1_335c2601-IMG_4793.jpeg,748.96,789.52,2235.99,2245.79,0.8516,traffic sign,True,True,192.4,mtsd-p12
SAM 3,traffic sign,grp1_335c2601-IMG_4793.jpeg,E:\2. UM-Student\MSC Dissertation\Urban-Vision-Benchmark\Datasets\MTSD\Prepared\MTSD-Unaugmented\MTSD-YOLO\test\images\grp1_335c2601-IMG_4793.jpeg,570.33,3763.83,1274.77,4031.76,0.8047,traffic sign,True,True,192.4,mtsd-p12
SAM 3,traffic sign,grp1_335c2601-IMG_4793.jpeg,E:\2. UM-Student\MSC Dissertation\Urban-Vision-Benchmark\Datasets\MTSD\Prepared\MTSD-Unaugmented\MTSD-YOLO\test\images\grp1_335c2601-IMG_4793.jpeg,731.87,790.3,2242.82,4032.0,0.3867,traffic sign,True,True,192.4,mtsd-p12
SAM 3,traffic sign,grp1_37e4fc9d-RV_001_33.jpeg,E:\2. UM-Student\MSC Dissertation\Urban-Vision-Benchmark\Datasets\MTSD\Prepared\MTSD-Unaugmented\MTSD-YOLO\test\images\grp1_37e4fc9d-RV_001_33.jpeg,1011.29,1896.2,2112.84,2981.41,0.7969,traffic sign,True,True,295.4,mtsd-p12
SAM 3,traffic sign,grp1_37e4fc9d-RV_001_33.jpeg,E:\2. UM-Student\MSC Dissertation\Urban-Vision-Benchmark\Datasets\MTSD\Prepared\MTSD-Unaugmented\MTSD-YOLO\test\images\grp1_37e4fc9d-RV_001_33.jpeg,615.2,3808.83,657.45,3980.53,0.7188,traffic sign,True,True,295.4,mtsd-p12
SAM 3,traffic sign,grp1_37e4fc9d-RV_001_33.jpeg,E:\2. UM-Student\MSC Dissertation\Urban-Vision-Benchmark\Datasets\MTSD\Prepared\MTSD-Unaugmented\MTSD-YOLO\test\images\grp1_37e4fc9d-RV_001_33.jpeg,999.79,3593.73,1120.37,3730.35,0.6953,traffic sign,True,True,295.4,mtsd-p12
SAM 3,traffic sign,grp1_37e4fc9d-RV_001_33.jpeg,E:\2. UM-Student\MSC Dissertation\Urban-Vision-Benchmark\Datasets\MTSD\Prepared\MTSD-Unaugmented\MTSD-YOLO\test\images\grp1_37e4fc9d-RV_001_33.jpeg,1900.19,3843.58,1933.19,3887.15,0.5938,traffic sign,True,True,295.4,mtsd-p12
SAM 3,traffic sign,grp1_37e4fc9d-RV_001_33.jpeg,E:\2. UM-Student\MSC Dissertation\Urban-Vision-Benchmark\Datasets\MTSD\Prepared\MTSD-Unaugmented\MTSD-YOLO\test\images\grp1_37e4fc9d-RV_001_33.jpeg,2791.45,3783.25,2849.79,3863.84,0.5508,traffic sign,True,True,295.4,mtsd-p12
SAM 3,traffic sign,grp1_37e4fc9d-RV_001_33.jpeg,E:\2. UM-Student\MSC Dissertation\Urban-Vision-Benchmark\Datasets\MTSD\Prepared\MTSD-Unaugmented\MTSD-YOLO\test\images\grp1_37e4fc9d-RV_001_33.jpeg,578.7,3805.66,661.47,3992.56,0.4512,traffic sign,True,True,295.4,mtsd-p12
SAM 3,traffic sign,grp1_37e4fc9d-RV_001_33.jpeg,E:\2. UM-Student\MSC Dissertation\Urban-Vision-Benchmark\Datasets\MTSD\Prepared\MTSD-Unaugmented\MTSD-YOLO\test\images\grp1_37e4fc9d-RV_001_33.jpeg,1733.43,3879.12,1766.35,3928.78,0.4473,traffic sign,True,True,295.4,mtsd-p12
SAM 3,traffic sign,grp1_37e4fc9d-RV_001_33.jpeg,E:\2. UM-Student\MSC Dissertation\Urban-Vision-Benchmark\Datasets\MTSD\Prepared\MTSD-Unaugmented\MTSD-YOLO\test\images\grp1_37e4fc9d-RV_001_33.jpeg,1015.37,1867.56,2115.31,4032.0,0.4238,traffic sign,True,True,295.4,mtsd-p12
SAM 3,traffic sign,grp1_37e4fc9d-RV_001_33.jpeg,E:\2. UM-Student\MSC Dissertation\Urban-Vision-Benchmark\Datasets\MTSD\Prepared\MTSD-Unaugmented\MTSD-YOLO\test\images\grp1_37e4fc9d-RV_001_33.jpeg,601.68,3582.11,655.61,3798.3,0.418,traffic sign,True,True,295.4,mtsd-p12
SAM 3,traffic sign,grp1_37e4fc9d-RV_001_33.jpeg,E:\2. UM-Student\MSC Dissertation\Urban-Vision-Benchmark\Datasets\MTSD\Prepared\MTSD-Unaugmented\MTSD-YOLO\test\images\grp1_37e4fc9d-RV_001_33.jpeg,583.71,3575.79,661.13,4011.19,0.4102,traffic sign,True,True,295.4,mtsd-p12
SAM 3,traffic sign,grp1_37e4fc9d-RV_001_33.jpeg,E:\2. UM-Student\MSC Dissertation\Urban-Vision-Benchmark\Datasets\MTSD\Prepared\MTSD-Unaugmented\MTSD-YOLO\test\images\grp1_37e4fc9d-RV_001_33.jpeg,2790.75,3773.88,2856.11,4025.67,0.3066,traffic sign,True,True,295.4,mtsd-p12
SAM 3,traffic sign,grp1_37e4fc9d-RV_001_33.jpeg,E:\2. UM-Student\MSC Dissertation\Urban-Vision-Benchmark\Datasets\MTSD\Prepared\MTSD-Unaugmented\MTSD-YOLO\test\images\grp1_37e4fc9d-RV_001_33.jpeg,585.19,3646.81,890.16,3798.89,0.3008,traffic sign,True,True,295.4,mtsd-p12
SAM 3,traffic sign,grp1_39fe0c0b-IMG_4673.jpeg,E:\2. UM-Student\MSC Dissertation\Urban-Vision-Benchmark\Datasets\MTSD\Prepared\MTSD-Unaugmented\MTSD-YOLO\test\images\grp1_39fe0c0b-IMG_4673.jpeg,871.02,748.88,2069.33,2501.57,0.7969,traffic sign,True,True,220.0,mtsd-p12
SAM 3,traffic sign,grp1_39fe0c0b-IMG_4673.jpeg,E:\2. UM-Student\MSC Dissertation\Urban-Vision-Benchmark\Datasets\MTSD\Prepared\MTSD-Unaugmented\MTSD-YOLO\test\images\grp1_39fe0c0b-IMG_4673.jpeg,915.6,0.0,2538.96,954.59,0.7969,traffic sign,True,True,220.0,mtsd-p12
SAM 3,traffic sign,grp1_39fe0c0b-IMG_4673.jpeg,E:\2. UM-Student\MSC Dissertation\Urban-Vision-Benchmark\Datasets\MTSD\Prepared\MTSD-Unaugmented\MTSD-YOLO\test\images\grp1_39fe0c0b-IMG_4673.jpeg,876.96,20.38,2534.7,4032.0,0.4004,traffic sign,True,True,220.0,mtsd-p12
SAM 3,traffic sign,grp1_39fe0c0b-IMG_4673.jpeg,E:\2. UM-Student\MSC Dissertation\Urban-Vision-Benchmark\Datasets\MTSD\Prepared\MTSD-Unaugmented\MTSD-YOLO\test\images\grp1_39fe0c0b-IMG_4673.jpeg,2123.83,1328.07,2257.44,2349.95,0.3398,traffic sign,True,True,220.0,mtsd-p12
SAM 3,traffic sign,grp1_3b1bbe25-IMG_4677.jpeg,E:\2. UM-Student\MSC Dissertation\Urban-Vision-Benchmark\Datasets\MTSD\Prepared\MTSD-Unaugmented\MTSD-YOLO\test\images\grp1_3b1bbe25-IMG_4677.jpeg,479.68,1002.61,2519.43,3265.52,0.9023,traffic sign,True,True,164.8,mtsd-p12
SAM 3,traffic sign,grp1_46552970-IMG_5766.jpeg,E:\2. UM-Student\MSC Dissertation\Urban-Vision-Benchmark\Datasets\MTSD\Prepared\MTSD-Unaugmented\MTSD-YOLO\test\images\grp1_46552970-IMG_5766.jpeg,1049.7,1631.06,1944.47,2620.55,0.9062,traffic sign,True,True,215.3,mtsd-p12
SAM 3,traffic sign,grp1_46552970-IMG_5766.jpeg,E:\2. UM-Student\MSC Dissertation\Urban-Vision-Benchmark\Datasets\MTSD\Prepared\MTSD-Unaugmented\MTSD-YOLO\test\images\grp1_46552970-IMG_5766.jpeg,951.21,2620.45,2002.01,3359.9,0.8711,traffic sign,True,True,215.3,mtsd-p12
SAM 3,traffic sign,grp1_46552970-IMG_5766.jpeg,E:\2. UM-Student\MSC Dissertation\Urban-Vision-Benchmark\Datasets\MTSD\Prepared\MTSD-Unaugmented\MTSD-YOLO\test\images\grp1_46552970-IMG_5766.jpeg,0.0,3303.88,30.0,3493.8,0.4648,traffic sign,True,True,215.3,mtsd-p12
SAM 3,traffic sign,grp1_4b0be6d1-IMG20260105131256.jpg,E:\2. UM-Student\MSC Dissertation\Urban-Vision-Benchmark\Datasets\MTSD\Prepared\MTSD-Unaugmented\MTSD-YOLO\test\images\grp1_4b0be6d1-IMG20260105131256.jpg,779.03,393.24,2470.09,3291.83,0.8711,traffic sign,True,True,216.0,mtsd-p12
SAM 3,traffic sign,grp1_5068c583-IMG_4683.jpeg,E:\2. UM-Student\MSC Dissertation\Urban-Vision-Benchmark\Datasets\MTSD\Prepared\MTSD-Unaugmented\MTSD-YOLO\test\images\grp1_5068c583-IMG_4683.jpeg,768.94,1407.88,1995.32,3001.24,0.8867,traffic sign,True,True,186.8,mtsd-p12
SAM 3,traffic sign,grp1_52634fe4-IMG_20260108_180144.jpg,E:\2. UM-Student\MSC Dissertation\Urban-Vision-Benchmark\Datasets\MTSD\Prepared\MTSD-Unaugmented\MTSD-YOLO\test\images\grp1_52634fe4-IMG_20260108_180144.jpg,1285.06,856.01,1767.16,3226.07,0.8672,traffic sign,True,True,335.6,mtsd-p12
SAM 3,traffic sign,grp1_52634fe4-IMG_20260108_180144.jpg,E:\2. UM-Student\MSC Dissertation\Urban-Vision-Benchmark\Datasets\MTSD\Prepared\MTSD-Unaugmented\MTSD-YOLO\test\images\grp1_52634fe4-IMG_20260108_180144.jpg,1318.48,0.0,2281.57,1133.57,0.832,traffic sign,True,True,335.6,mtsd-p12
SAM 3,traffic sign,grp1_52634fe4-IMG_20260108_180144.jpg,E:\2. UM-Student\MSC Dissertation\Urban-Vision-Benchmark\Datasets\MTSD\Prepared\MTSD-Unaugmented\MTSD-YOLO\test\images\grp1_52634fe4-IMG_20260108_180144.jpg,2074.01,2209.38,2135.33,2272.91,0.8008,traffic sign,True,True,335.6,mtsd-p12
SAM 3,traffic sign,grp1_52634fe4-IMG_20260108_180144.jpg,E:\2. UM-Student\MSC Dissertation\Urban-Vision-Benchmark\Datasets\MTSD\Prepared\MTSD-Unaugmented\MTSD-YOLO\test\images\grp1_52634fe4-IMG_20260108_180144.jpg,2073.4,2145.59,2136.27,2212.09,0.7969,traffic sign,True,True,335.6,mtsd-p12
SAM 3,traffic sign,grp1_52634fe4-IMG_20260108_180144.jpg,E:\2. UM-Student\MSC Dissertation\Urban-Vision-Benchmark\Datasets\MTSD\Prepared\MTSD-Unaugmented\MTSD-YOLO\test\images\grp1_52634fe4-IMG_20260108_180144.jpg,1203.25,2107.34,1246.87,2189.65,0.7578,traffic sign,True,True,335.6,mtsd-p12
SAM 3,traffic sign,grp1_52634fe4-IMG_20260108_180144.jpg,E:\2. UM-Student\MSC Dissertation\Urban-Vision-Benchmark\Datasets\MTSD\Prepared\MTSD-Unaugmented\MTSD-YOLO\test\images\grp1_52634fe4-IMG_20260108_180144.jpg,1073.58,2112.68,1114.68,2205.69,0.4531,traffic sign,True,True,335.6,mtsd-p12
SAM 3,traffic sign,grp1_52634fe4-IMG_20260108_180144.jpg,E:\2. UM-Student\MSC Dissertation\Urban-Vision-Benchmark\Datasets\MTSD\Prepared\MTSD-Unaugmented\MTSD-YOLO\test\images\grp1_52634fe4-IMG_20260108_180144.jpg,1306.57,19.36,2277.01,4064.04,0.4297,traffic sign,True,True,335.6,mtsd-p12
SAM 3,traffic sign,grp1_52634fe4-IMG_20260108_180144.jpg,E:\2. UM-Student\MSC Dissertation\Urban-Vision-Benchmark\Datasets\MTSD\Prepared\MTSD-Unaugmented\MTSD-YOLO\test\images\grp1_52634fe4-IMG_20260108_180144.jpg,2172.5,2062.98,2273.08,2110.08,0.4121,traffic sign,True,True,335.6,mtsd-p12
SAM 3,traffic sign,grp1_52634fe4-IMG_20260108_180144.jpg,E:\2. UM-Student\MSC Dissertation\Urban-Vision-Benchmark\Datasets\MTSD\Prepared\MTSD-Unaugmented\MTSD-YOLO\test\images\grp1_52634fe4-IMG_20260108_180144.jpg,1205.27,2180.94,1250.17,2247.48,0.3301,traffic sign,True,True,335.6,mtsd-p12
SAM 3,traffic sign,grp1_531e767b-IMG_4685.jpeg,E:\2. UM-Student\MSC Dissertation\Urban-Vision-Benchmark\Datasets\MTSD\Prepared\MTSD-Unaugmented\MTSD-YOLO\test\images\grp1_531e767b-IMG_4685.jpeg,317.54,1319.65,1958.14,3473.54,0.6602,traffic sign,True,True,202.9,mtsd-p12
SAM 3,traffic sign,grp1_531e767b-IMG_4685.jpeg,E:\2. UM-Student\MSC Dissertation\Urban-Vision-Benchmark\Datasets\MTSD\Prepared\MTSD-Unaugmented\MTSD-YOLO\test\images\grp1_531e767b-IMG_4685.jpeg,0.0,3732.66,53.45,3977.91,0.4336,traffic sign,True,True,202.9,mtsd-p12
SAM 3,traffic sign,grp1_53e7c3c2-IMG_5568.jpeg,E:\2. UM-Student\MSC Dissertation\Urban-Vision-Benchmark\Datasets\MTSD\Prepared\MTSD-Unaugmented\MTSD-YOLO\test\images\grp1_53e7c3c2-IMG_5568.jpeg,1074.54,1701.8,1693.4,2781.19,0.8672,traffic sign,True,True,172.4,mtsd-p12
SAM 3,traffic sign,grp1_578dabe6-IMG_4802.jpeg,E:\2. UM-Student\MSC Dissertation\Urban-Vision-Benchmark\Datasets\MTSD\Prepared\MTSD-Unaugmented\MTSD-YOLO\test\images\grp1_578dabe6-IMG_4802.jpeg,796.74,964.2,2294.15,2197.78,0.9062,traffic sign,True,True,218.7,mtsd-p12
SAM 3,traffic sign,grp1_578dabe6-IMG_4802.jpeg,E:\2. UM-Student\MSC Dissertation\Urban-Vision-Benchmark\Datasets\MTSD\Prepared\MTSD-Unaugmented\MTSD-YOLO\test\images\grp1_578dabe6-IMG_4802.jpeg,404.93,3612.72,502.8,3682.15,0.7266,traffic sign,True,True,218.7,mtsd-p12
SAM 3,traffic sign,grp1_578dabe6-IMG_4802.jpeg,E:\2. UM-Student\MSC Dissertation\Urban-Vision-Benchmark\Datasets\MTSD\Prepared\MTSD-Unaugmented\MTSD-YOLO\test\images\grp1_578dabe6-IMG_4802.jpeg,778.37,963.06,2299.91,4022.49,0.3301,traffic sign,True,True,218.7,mtsd-p12
SAM 3,traffic sign,grp1_598f8dcc-IMG_5777.jpeg,E:\2. UM-Student\MSC Dissertation\Urban-Vision-Benchmark\Datasets\MTSD\Prepared\MTSD-Unaugmented\MTSD-YOLO\test\images\grp1_598f8dcc-IMG_5777.jpeg,380.9,750.92,999.91,1356.37,0.9062,traffic sign,True,True,132.5,mtsd-p12
SAM 3,traffic sign,grp1_598f8dcc-IMG_5777.jpeg,E:\2. UM-Student\MSC Dissertation\Urban-Vision-Benchmark\Datasets\MTSD\Prepared\MTSD-Unaugmented\MTSD-YOLO\test\images\grp1_598f8dcc-IMG_5777.jpeg,917.42,1423.11,983.77,1506.46,0.875,traffic sign,True,True,132.5,mtsd-p12
SAM 3,traffic sign,grp1_5eb024cb-IMG_20260108_180228.jpg,E:\2. UM-Student\MSC Dissertation\Urban-Vision-Benchmark\Datasets\MTSD\Prepared\MTSD-Unaugmented\MTSD-YOLO\test\images\grp1_5eb024cb-IMG_20260108_180228.jpg,665.12,0.0,2177.53,936.3,0.8086,traffic sign,True,True,298.6,mtsd-p12
SAM 3,traffic sign,grp1_5eb024cb-IMG_20260108_180228.jpg,E:\2. UM-Student\MSC Dissertation\Urban-Vision-Benchmark\Datasets\MTSD\Prepared\MTSD-Unaugmented\MTSD-YOLO\test\images\grp1_5eb024cb-IMG_20260108_180228.jpg,557.05,928.86,2561.84,2897.72,0.7969,traffic sign,True,True,298.6,mtsd-p12
SAM 3,traffic sign,grp1_5eb024cb-IMG_20260108_180228.jpg,E:\2. UM-Student\MSC Dissertation\Urban-Vision-Benchmark\Datasets\MTSD\Prepared\MTSD-Unaugmented\MTSD-YOLO\test\images\grp1_5eb024cb-IMG_20260108_180228.jpg,597.39,19.29,2501.53,4063.72,0.3418,traffic sign,True,True,298.6,mtsd-p12
SAM 3,traffic sign,grp1_64a36757-IMG20251230164429.jpg,E:\2. UM-Student\MSC Dissertation\Urban-Vision-Benchmark\Datasets\MTSD\Prepared\MTSD-Unaugmented\MTSD-YOLO\test\images\grp1_64a36757-IMG20251230164429.jpg,572.18,976.65,2257.74,2453.52,0.8828,traffic sign,True,True,223.6,mtsd-p12
SAM 3,traffic sign,grp1_64a36757-IMG20251230164429.jpg,E:\2. UM-Student\MSC Dissertation\Urban-Vision-Benchmark\Datasets\MTSD\Prepared\MTSD-Unaugmented\MTSD-YOLO\test\images\grp1_64a36757-IMG20251230164429.jpg,657.67,2544.52,1976.39,4060.83,0.5781,traffic sign,True,True,223.6,mtsd-p12
SAM 3,traffic sign,grp1_64a36757-IMG20251230164429.jpg,E:\2. UM-Student\MSC Dissertation\Urban-Vision-Benchmark\Datasets\MTSD\Prepared\MTSD-Unaugmented\MTSD-YOLO\test\images\grp1_64a36757-IMG20251230164429.jpg,578.47,977.03,2256.27,4095.76,0.3516,traffic sign,True,True,223.6,mtsd-p12
SAM 3,traffic sign,grp1_69e094db-IMG20260103164903.jpg,E:\2. UM-Student\MSC Dissertation\Urban-Vision-Benchmark\Datasets\MTSD\Prepared\MTSD-Unaugmented\MTSD-YOLO\test\images\grp1_69e094db-IMG20260103164903.jpg,418.4,648.56,2380.64,2722.41,0.8594,traffic sign,True,True,170.1,mtsd-p12
SAM 3,traffic sign,grp1_6ad1ae03-IMG_4778.jpeg,E:\2. UM-Student\MSC Dissertation\Urban-Vision-Benchmark\Datasets\MTSD\Prepared\MTSD-Unaugmented\MTSD-YOLO\test\images\grp1_6ad1ae03-IMG_4778.jpeg,582.96,224.26,2649.89,1957.07,0.918,traffic sign,True,True,201.4,mtsd-p12
SAM 3,traffic sign,grp1_6ad1ae03-IMG_4778.jpeg,E:\2. UM-Student\MSC Dissertation\Urban-Vision-Benchmark\Datasets\MTSD\Prepared\MTSD-Unaugmented\MTSD-YOLO\test\images\grp1_6ad1ae03-IMG_4778.jpeg,1459.52,0.0,2151.67,271.81,0.7891,traffic sign,True,True,201.4,mtsd-p12
SAM 3,traffic sign,grp1_7052b6a6-IMG_5704.jpeg,E:\2. UM-Student\MSC Dissertation\Urban-Vision-Benchmark\Datasets\MTSD\Prepared\MTSD-Unaugmented\MTSD-YOLO\test\images\grp1_7052b6a6-IMG_5704.jpeg,889.3,1489.24,1993.7,2488.26,0.6992,traffic sign,True,True,195.3,mtsd-p12
SAM 3,traffic sign,grp1_7052b6a6-IMG_5704.jpeg,E:\2. UM-Student\MSC Dissertation\Urban-Vision-Benchmark\Datasets\MTSD\Prepared\MTSD-Unaugmented\MTSD-YOLO\test\images\grp1_7052b6a6-IMG_5704.jpeg,891.26,1489.7,1998.66,4032.0,0.3711,traffic sign,True,True,195.3,mtsd-p12
SAM 3,traffic sign,grp1_71268279-IMG_4702.jpeg,E:\2. UM-Student\MSC Dissertation\Urban-Vision-Benchmark\Datasets\MTSD\Prepared\MTSD-Unaugmented\MTSD-YOLO\test\images\grp1_71268279-IMG_4702.jpeg,1040.84,1611.84,2017.26,2733.28,0.3262,traffic sign,True,True,163.8,mtsd-p12
SAM 3,traffic sign,grp1_7fcdb608-IMG_5767.jpeg,E:\2. UM-Student\MSC Dissertation\Urban-Vision-Benchmark\Datasets\MTSD\Prepared\MTSD-Unaugmented\MTSD-YOLO\test\images\grp1_7fcdb608-IMG_5767.jpeg,982.37,2564.62,1831.26,3591.49,0.8867,traffic sign,True,True,212.1,mtsd-p12
SAM 3,traffic sign,grp1_7fcdb608-IMG_5767.jpeg,E:\2. UM-Student\MSC Dissertation\Urban-Vision-Benchmark\Datasets\MTSD\Prepared\MTSD-Unaugmented\MTSD-YOLO\test\images\grp1_7fcdb608-IMG_5767.jpeg,1292.1,1346.64,1705.16,2668.04,0.8789,traffic sign,True,True,212.1,mtsd-p12
SAM 3,traffic sign,grp1_7fcdb608-IMG_5767.jpeg,E:\2. UM-Student\MSC Dissertation\Urban-Vision-Benchmark\Datasets\MTSD\Prepared\MTSD-Unaugmented\MTSD-YOLO\test\images\grp1_7fcdb608-IMG_5767.jpeg,2679.6,2974.73,2727.68,3021.53,0.3047,traffic sign,True,True,212.1,mtsd-p12
SAM 3,traffic sign,grp1_8135c353-IMG_4634.jpeg,E:\2. UM-Student\MSC Dissertation\Urban-Vision-Benchmark\Datasets\MTSD\Prepared\MTSD-Unaugmented\MTSD-YOLO\test\images\grp1_8135c353-IMG_4634.jpeg,1044.87,3811.73,1528.29,4032.0,0.3887,traffic sign,True,True,214.3,mtsd-p12
SAM 3,traffic sign,grp1_8135c353-IMG_4634.jpeg,E:\2. UM-Student\MSC Dissertation\Urban-Vision-Benchmark\Datasets\MTSD\Prepared\MTSD-Unaugmented\MTSD-YOLO\test\images\grp1_8135c353-IMG_4634.jpeg,1207.13,1546.42,2020.05,3869.06,0.3047,traffic sign,True,True,214.3,mtsd-p12
SAM 3,traffic sign,grp1_831c366a-IMG_5656.jpeg,E:\2. UM-Student\MSC Dissertation\Urban-Vision-Benchmark\Datasets\MTSD\Prepared\MTSD-Unaugmented\MTSD-YOLO\test\images\grp1_831c366a-IMG_5656.jpeg,395.9,716.98,1243.02,1493.28,0.75,traffic sign,True,True,124.4,mtsd-p12
SAM 3,traffic sign,grp1_831c366a-IMG_5656.jpeg,E:\2. UM-Student\MSC Dissertation\Urban-Vision-Benchmark\Datasets\MTSD\Prepared\MTSD-Unaugmented\MTSD-YOLO\test\images\grp1_831c366a-IMG_5656.jpeg,512.51,1537.27,1119.4,1960.78,0.4004,traffic sign,True,True,124.4,mtsd-p12
SAM 3,traffic sign,grp1_87d2eeb0-IMG20251124134318.jpg,E:\2. UM-Student\MSC Dissertation\Urban-Vision-Benchmark\Datasets\MTSD\Prepared\MTSD-Unaugmented\MTSD-YOLO\test\images\grp1_87d2eeb0-IMG20251124134318.jpg,,,,,,<no detections>,False,True,155.0,mtsd-p12
SAM 3,traffic sign,grp1_8941e841-RV_001_100.jpeg,E:\2. UM-Student\MSC Dissertation\Urban-Vision-Benchmark\Datasets\MTSD\Prepared\MTSD-Unaugmented\MTSD-YOLO\test\images\grp1_8941e841-RV_001_100.jpeg,,,,,,<no detections>,False,True,144.2,mtsd-p12
SAM 3,traffic sign,grp1_8b994555-IMG_5798.jpeg,E:\2. UM-Student\MSC Dissertation\Urban-Vision-Benchmark\Datasets\MTSD\Prepared\MTSD-Unaugmented\MTSD-YOLO\test\images\grp1_8b994555-IMG_5798.jpeg,58.28,2636.78,159.59,2755.5,0.8633,traffic sign,True,True,252.1,mtsd-p12
SAM 3,traffic sign,grp1_8b994555-IMG_5798.jpeg,E:\2. UM-Student\MSC Dissertation\Urban-Vision-Benchmark\Datasets\MTSD\Prepared\MTSD-Unaugmented\MTSD-YOLO\test\images\grp1_8b994555-IMG_5798.jpeg,798.51,449.36,2140.55,1535.34,0.8555,traffic sign,True,True,252.1,mtsd-p12
SAM 3,traffic sign,grp1_8b994555-IMG_5798.jpeg,E:\2. UM-Student\MSC Dissertation\Urban-Vision-Benchmark\Datasets\MTSD\Prepared\MTSD-Unaugmented\MTSD-YOLO\test\images\grp1_8b994555-IMG_5798.jpeg,925.06,1558.15,2015.5,2611.68,0.8125,traffic sign,True,True,252.1,mtsd-p12
SAM 3,traffic sign,grp1_8b994555-IMG_5798.jpeg,E:\2. UM-Student\MSC Dissertation\Urban-Vision-Benchmark\Datasets\MTSD\Prepared\MTSD-Unaugmented\MTSD-YOLO\test\images\grp1_8b994555-IMG_5798.jpeg,807.47,439.78,2130.91,4032.0,0.4824,traffic sign,True,True,252.1,mtsd-p12
SAM 3,traffic sign,grp1_8d820602-IMG_4687.jpeg,E:\2. UM-Student\MSC Dissertation\Urban-Vision-Benchmark\Datasets\MTSD\Prepared\MTSD-Unaugmented\MTSD-YOLO\test\images\grp1_8d820602-IMG_4687.jpeg,1277.99,1114.02,1840.42,3329.28,0.9023,traffic sign,True,True,169.5,mtsd-p12
SAM 3,traffic sign,grp1_8fe876b9-IMG_4754.jpeg,E:\2. UM-Student\MSC Dissertation\Urban-Vision-Benchmark\Datasets\MTSD\Prepared\MTSD-Unaugmented\MTSD-YOLO\test\images\grp1_8fe876b9-IMG_4754.jpeg,1633.59,849.01,2263.15,3125.03,0.9023,traffic sign,True,True,185.5,mtsd-p12
SAM 3,traffic sign,grp1_9082eb51-IMG20251230170110.jpg,E:\2. UM-Student\MSC Dissertation\Urban-Vision-Benchmark\Datasets\MTSD\Prepared\MTSD-Unaugmented\MTSD-YOLO\test\images\grp1_9082eb51-IMG20251230170110.jpg,1160.27,797.8,1966.38,3289.43,0.9141,traffic sign,True,True,324.7,mtsd-p12
SAM 3,traffic sign,grp1_9082eb51-IMG20251230170110.jpg,E:\2. UM-Student\MSC Dissertation\Urban-Vision-Benchmark\Datasets\MTSD\Prepared\MTSD-Unaugmented\MTSD-YOLO\test\images\grp1_9082eb51-IMG20251230170110.jpg,1552.76,0.0,1811.18,1123.56,0.8008,traffic sign,True,True,324.7,mtsd-p12
SAM 3,traffic sign,grp1_9082eb51-IMG20251230170110.jpg,E:\2. UM-Student\MSC Dissertation\Urban-Vision-Benchmark\Datasets\MTSD\Prepared\MTSD-Unaugmented\MTSD-YOLO\test\images\grp1_9082eb51-IMG20251230170110.jpg,898.55,3260.48,954.26,3328.95,0.3711,traffic sign,True,True,324.7,mtsd-p12
SAM 3,traffic sign,grp1_9dfbd54a-IMG_5537.jpeg,E:\2. UM-Student\MSC Dissertation\Urban-Vision-Benchmark\Datasets\MTSD\Prepared\MTSD-Unaugmented\MTSD-YOLO\test\images\grp1_9dfbd54a-IMG_5537.jpeg,529.68,803.27,1057.06,1347.04,0.4395,traffic sign,True,True,148.1,mtsd-p12
SAM 3,traffic sign,grp1_9f52d58a-IMG_5554.jpeg,E:\2. UM-Student\MSC Dissertation\Urban-Vision-Benchmark\Datasets\MTSD\Prepared\MTSD-Unaugmented\MTSD-YOLO\test\images\grp1_9f52d58a-IMG_5554.jpeg,968.33,1612.86,2187.52,2559.59,0.8594,traffic sign,True,True,250.7,mtsd-p12
SAM 3,traffic sign,grp1_9f52d58a-IMG_5554.jpeg,E:\2. UM-Student\MSC Dissertation\Urban-Vision-Benchmark\Datasets\MTSD\Prepared\MTSD-Unaugmented\MTSD-YOLO\test\images\grp1_9f52d58a-IMG_5554.jpeg,723.03,2545.25,2313.65,4032.0,0.8516,traffic sign,True,True,250.7,mtsd-p12
SAM 3,traffic sign,grp1_9f52d58a-IMG_5554.jpeg,E:\2. UM-Student\MSC Dissertation\Urban-Vision-Benchmark\Datasets\MTSD\Prepared\MTSD-Unaugmented\MTSD-YOLO\test\images\grp1_9f52d58a-IMG_5554.jpeg,0.0,429.74,491.82,2146.66,0.6797,traffic sign,True,True,250.7,mtsd-p12
SAM 3,traffic sign,grp1_9f52d58a-IMG_5554.jpeg,E:\2. UM-Student\MSC Dissertation\Urban-Vision-Benchmark\Datasets\MTSD\Prepared\MTSD-Unaugmented\MTSD-YOLO\test\images\grp1_9f52d58a-IMG_5554.jpeg,341.72,1383.28,699.8,2562.82,0.6562,traffic sign,True,True,250.7,mtsd-p12
SAM 3,traffic sign,grp1_9f52d58a-IMG_5554.jpeg,E:\2. UM-Student\MSC Dissertation\Urban-Vision-Benchmark\Datasets\MTSD\Prepared\MTSD-Unaugmented\MTSD-YOLO\test\images\grp1_9f52d58a-IMG_5554.jpeg,0.0,402.75,960.33,3690.94,0.3145,traffic sign,True,True,250.7,mtsd-p12
SAM 3,traffic sign,grp1_a7df285e-RV_001_147.jpeg,E:\2. UM-Student\MSC Dissertation\Urban-Vision-Benchmark\Datasets\MTSD\Prepared\MTSD-Unaugmented\MTSD-YOLO\test\images\grp1_a7df285e-RV_001_147.jpeg,1379.81,3296.99,1482.71,3448.23,0.8477,traffic sign,True,True,215.3,mtsd-p12
SAM 3,traffic sign,grp1_a7df285e-RV_001_147.jpeg,E:\2. UM-Student\MSC Dissertation\Urban-Vision-Benchmark\Datasets\MTSD\Prepared\MTSD-Unaugmented\MTSD-YOLO\test\images\grp1_a7df285e-RV_001_147.jpeg,1166.67,1953.73,1943.11,2672.68,0.4805,traffic sign,True,True,215.3,mtsd-p12
SAM 3,traffic sign,grp1_a7df285e-RV_001_147.jpeg,E:\2. UM-Student\MSC Dissertation\Urban-Vision-Benchmark\Datasets\MTSD\Prepared\MTSD-Unaugmented\MTSD-YOLO\test\images\grp1_a7df285e-RV_001_147.jpeg,1380.27,3298.91,1481.79,4032.0,0.3281,traffic sign,True,True,215.3,mtsd-p12
SAM 3,traffic sign,grp1_a9638634-IMG20260105131308.jpg,E:\2. UM-Student\MSC Dissertation\Urban-Vision-Benchmark\Datasets\MTSD\Prepared\MTSD-Unaugmented\MTSD-YOLO\test\images\grp1_a9638634-IMG20260105131308.jpg,991.74,728.64,2081.09,3244.61,0.9023,traffic sign,True,True,229.2,mtsd-p12
SAM 3,traffic sign,grp1_a9638634-IMG20260105131308.jpg,E:\2. UM-Student\MSC Dissertation\Urban-Vision-Benchmark\Datasets\MTSD\Prepared\MTSD-Unaugmented\MTSD-YOLO\test\images\grp1_a9638634-IMG20260105131308.jpg,1155.35,0.0,1853.44,1173.97,0.8516,traffic sign,True,True,229.2,mtsd-p12
SAM 3,traffic sign,grp1_aa406f9d-IMG_4615.jpeg,E:\2. UM-Student\MSC Dissertation\Urban-Vision-Benchmark\Datasets\MTSD\Prepared\MTSD-Unaugmented\MTSD-YOLO\test\images\grp1_aa406f9d-IMG_4615.jpeg,818.68,1586.92,2039.95,2940.18,0.9102,traffic sign,True,True,177.0,mtsd-p12
SAM 3,traffic sign,grp1_b82e20fa-IMG_4708.jpeg,E:\2. UM-Student\MSC Dissertation\Urban-Vision-Benchmark\Datasets\MTSD\Prepared\MTSD-Unaugmented\MTSD-YOLO\test\images\grp1_b82e20fa-IMG_4708.jpeg,,,,,,<no detections>,False,True,147.5,mtsd-p12
SAM 3,traffic sign,grp1_c74547eb-RV_001_38.jpeg,E:\2. UM-Student\MSC Dissertation\Urban-Vision-Benchmark\Datasets\MTSD\Prepared\MTSD-Unaugmented\MTSD-YOLO\test\images\grp1_c74547eb-RV_001_38.jpeg,1249.47,1634.7,1817.85,2630.49,0.9102,traffic sign,True,True,256.6,mtsd-p12
SAM 3,traffic sign,grp1_c74547eb-RV_001_38.jpeg,E:\2. UM-Student\MSC Dissertation\Urban-Vision-Benchmark\Datasets\MTSD\Prepared\MTSD-Unaugmented\MTSD-YOLO\test\images\grp1_c74547eb-RV_001_38.jpeg,2359.04,3238.23,2403.66,3419.14,0.8125,traffic sign,True,True,256.6,mtsd-p12
SAM 3,traffic sign,grp1_c74547eb-RV_001_38.jpeg,E:\2. UM-Student\MSC Dissertation\Urban-Vision-Benchmark\Datasets\MTSD\Prepared\MTSD-Unaugmented\MTSD-YOLO\test\images\grp1_c74547eb-RV_001_38.jpeg,705.5,3275.94,810.12,3650.77,0.457,traffic sign,True,True,256.6,mtsd-p12
SAM 3,traffic sign,grp1_c74547eb-RV_001_38.jpeg,E:\2. UM-Student\MSC Dissertation\Urban-Vision-Benchmark\Datasets\MTSD\Prepared\MTSD-Unaugmented\MTSD-YOLO\test\images\grp1_c74547eb-RV_001_38.jpeg,2352.99,3235.74,2413.59,3803.57,0.3809,traffic sign,True,True,256.6,mtsd-p12
SAM 3,traffic sign,grp1_ca48394e-RV_001_125.jpeg,E:\2. UM-Student\MSC Dissertation\Urban-Vision-Benchmark\Datasets\MTSD\Prepared\MTSD-Unaugmented\MTSD-YOLO\test\images\grp1_ca48394e-RV_001_125.jpeg,1307.7,1985.57,1680.51,2991.7,0.9023,traffic sign,True,True,249.8,mtsd-p12
SAM 3,traffic sign,grp1_ca48394e-RV_001_125.jpeg,E:\2. UM-Student\MSC Dissertation\Urban-Vision-Benchmark\Datasets\MTSD\Prepared\MTSD-Unaugmented\MTSD-YOLO\test\images\grp1_ca48394e-RV_001_125.jpeg,2269.96,3384.54,2326.27,3447.31,0.6602,traffic sign,True,True,249.8,mtsd-p12
SAM 3,traffic sign,grp1_ca48394e-RV_001_125.jpeg,E:\2. UM-Student\MSC Dissertation\Urban-Vision-Benchmark\Datasets\MTSD\Prepared\MTSD-Unaugmented\MTSD-YOLO\test\images\grp1_ca48394e-RV_001_125.jpeg,0.0,2760.01,46.22,3011.59,0.3906,traffic sign,True,True,249.8,mtsd-p12
SAM 3,traffic sign,grp1_ca48394e-RV_001_125.jpeg,E:\2. UM-Student\MSC Dissertation\Urban-Vision-Benchmark\Datasets\MTSD\Prepared\MTSD-Unaugmented\MTSD-YOLO\test\images\grp1_ca48394e-RV_001_125.jpeg,1385.95,1840.68,1702.47,4032.0,0.3066,traffic sign,True,True,249.8,mtsd-p12
SAM 3,traffic sign,grp1_cb282f25-RV_001_112.jpeg,E:\2. UM-Student\MSC Dissertation\Urban-Vision-Benchmark\Datasets\MTSD\Prepared\MTSD-Unaugmented\MTSD-YOLO\test\images\grp1_cb282f25-RV_001_112.jpeg,1043.76,2032.39,2055.17,2956.63,0.9297,traffic sign,True,True,194.9,mtsd-p12
SAM 3,traffic sign,grp1_cb282f25-RV_001_112.jpeg,E:\2. UM-Student\MSC Dissertation\Urban-Vision-Benchmark\Datasets\MTSD\Prepared\MTSD-Unaugmented\MTSD-YOLO\test\images\grp1_cb282f25-RV_001_112.jpeg,696.73,3544.19,748.76,3621.34,0.7969,traffic sign,True,True,194.9,mtsd-p12
SAM 3,traffic sign,grp1_cb282f25-RV_001_112.jpeg,E:\2. UM-Student\MSC Dissertation\Urban-Vision-Benchmark\Datasets\MTSD\Prepared\MTSD-Unaugmented\MTSD-YOLO\test\images\grp1_cb282f25-RV_001_112.jpeg,693.87,3539.75,750.46,3761.12,0.3477,traffic sign,True,True,194.9,mtsd-p12
SAM 3,traffic sign,grp1_ce09cd20-IMG_4692.jpeg,E:\2. UM-Student\MSC Dissertation\Urban-Vision-Benchmark\Datasets\MTSD\Prepared\MTSD-Unaugmented\MTSD-YOLO\test\images\grp1_ce09cd20-IMG_4692.jpeg,746.92,2220.52,2174.07,3639.46,0.8945,traffic sign,True,True,154.4,mtsd-p12
SAM 3,traffic sign,grp1_d341fc22-IMG20260105131647.jpg,E:\2. UM-Student\MSC Dissertation\Urban-Vision-Benchmark\Datasets\MTSD\Prepared\MTSD-Unaugmented\MTSD-YOLO\test\images\grp1_d341fc22-IMG20260105131647.jpg,634.18,1014.32,2535.4,3129.34,0.7695,traffic sign,True,True,221.8,mtsd-p12
SAM 3,traffic sign,grp1_d341fc22-IMG20260105131647.jpg,E:\2. UM-Student\MSC Dissertation\Urban-Vision-Benchmark\Datasets\MTSD\Prepared\MTSD-Unaugmented\MTSD-YOLO\test\images\grp1_d341fc22-IMG20260105131647.jpg,993.22,0.0,2368.6,1022.2,0.7617,traffic sign,True,True,221.8,mtsd-p12
SAM 3,traffic sign,grp1_d341fc22-IMG20260105131647.jpg,E:\2. UM-Student\MSC Dissertation\Urban-Vision-Benchmark\Datasets\MTSD\Prepared\MTSD-Unaugmented\MTSD-YOLO\test\images\grp1_d341fc22-IMG20260105131647.jpg,520.63,3442.23,973.11,4096.0,0.3242,traffic sign,True,True,221.8,mtsd-p12
SAM 3,traffic sign,grp1_d341fc22-IMG20260105131647.jpg,E:\2. UM-Student\MSC Dissertation\Urban-Vision-Benchmark\Datasets\MTSD\Prepared\MTSD-Unaugmented\MTSD-YOLO\test\images\grp1_d341fc22-IMG20260105131647.jpg,702.23,30.89,2439.22,4072.6,0.3105,traffic sign,True,True,221.8,mtsd-p12
SAM 3,traffic sign,grp1_d64c06cd-IMG20260103165218.jpg,E:\2. UM-Student\MSC Dissertation\Urban-Vision-Benchmark\Datasets\MTSD\Prepared\MTSD-Unaugmented\MTSD-YOLO\test\images\grp1_d64c06cd-IMG20260103165218.jpg,470.42,2754.09,3072.0,3988.43,0.9258,traffic sign,True,True,197.8,mtsd-p12
SAM 3,traffic sign,grp1_d64c06cd-IMG20260103165218.jpg,E:\2. UM-Student\MSC Dissertation\Urban-Vision-Benchmark\Datasets\MTSD\Prepared\MTSD-Unaugmented\MTSD-YOLO\test\images\grp1_d64c06cd-IMG20260103165218.jpg,688.67,881.28,2559.71,2849.97,0.918,traffic sign,True,True,197.8,mtsd-p12
SAM 3,traffic sign,grp1_d681b797-IMG20260105132903.jpg,E:\2. UM-Student\MSC Dissertation\Urban-Vision-Benchmark\Datasets\MTSD\Prepared\MTSD-Unaugmented\MTSD-YOLO\test\images\grp1_d681b797-IMG20260105132903.jpg,1023.06,483.55,2232.8,3274.86,0.8945,traffic sign,True,True,190.0,mtsd-p12
SAM 3,traffic sign,grp1_d681b797-IMG20260105132903.jpg,E:\2. UM-Student\MSC Dissertation\Urban-Vision-Benchmark\Datasets\MTSD\Prepared\MTSD-Unaugmented\MTSD-YOLO\test\images\grp1_d681b797-IMG20260105132903.jpg,2376.86,1232.99,3072.0,3463.55,0.793,traffic sign,True,True,190.0,mtsd-p12
SAM 3,traffic sign,grp1_d681b797-IMG20260105132903.jpg,E:\2. UM-Student\MSC Dissertation\Urban-Vision-Benchmark\Datasets\MTSD\Prepared\MTSD-Unaugmented\MTSD-YOLO\test\images\grp1_d681b797-IMG20260105132903.jpg,2887.19,2991.55,3072.0,3419.93,0.3438,traffic sign,True,True,190.0,mtsd-p12
SAM 3,traffic sign,grp1_db486299-IMG_5815.jpeg,E:\2. UM-Student\MSC Dissertation\Urban-Vision-Benchmark\Datasets\MTSD\Prepared\MTSD-Unaugmented\MTSD-YOLO\test\images\grp1_db486299-IMG_5815.jpeg,987.92,1465.3,2173.89,2505.37,0.8789,traffic sign,True,True,168.8,mtsd-p12
SAM 3,traffic sign,grp1_dbac3098-IMG_4803.jpeg,E:\2. UM-Student\MSC Dissertation\Urban-Vision-Benchmark\Datasets\MTSD\Prepared\MTSD-Unaugmented\MTSD-YOLO\test\images\grp1_dbac3098-IMG_4803.jpeg,1296.59,950.2,2221.84,2676.28,0.8867,traffic sign,True,True,187.5,mtsd-p12
SAM 3,traffic sign,grp1_e1306f94-IMG20251230164545.jpg,E:\2. UM-Student\MSC Dissertation\Urban-Vision-Benchmark\Datasets\MTSD\Prepared\MTSD-Unaugmented\MTSD-YOLO\test\images\grp1_e1306f94-IMG20251230164545.jpg,537.45,1044.27,2685.39,3015.0,0.9023,traffic sign,True,True,289.0,mtsd-p12
SAM 3,traffic sign,grp1_e1306f94-IMG20251230164545.jpg,E:\2. UM-Student\MSC Dissertation\Urban-Vision-Benchmark\Datasets\MTSD\Prepared\MTSD-Unaugmented\MTSD-YOLO\test\images\grp1_e1306f94-IMG20251230164545.jpg,590.39,3028.66,2290.11,4096.0,0.4746,traffic sign,True,True,289.0,mtsd-p12
SAM 3,traffic sign,grp1_e1306f94-IMG20251230164545.jpg,E:\2. UM-Student\MSC Dissertation\Urban-Vision-Benchmark\Datasets\MTSD\Prepared\MTSD-Unaugmented\MTSD-YOLO\test\images\grp1_e1306f94-IMG20251230164545.jpg,2009.63,3091.89,2246.93,3274.76,0.3867,traffic sign,True,True,289.0,mtsd-p12
SAM 3,traffic sign,grp1_e1306f94-IMG20251230164545.jpg,E:\2. UM-Student\MSC Dissertation\Urban-Vision-Benchmark\Datasets\MTSD\Prepared\MTSD-Unaugmented\MTSD-YOLO\test\images\grp1_e1306f94-IMG20251230164545.jpg,1919.19,3025.98,2060.68,3128.53,0.3809,traffic sign,True,True,289.0,mtsd-p12
SAM 3,traffic sign,grp1_e1306f94-IMG20251230164545.jpg,E:\2. UM-Student\MSC Dissertation\Urban-Vision-Benchmark\Datasets\MTSD\Prepared\MTSD-Unaugmented\MTSD-YOLO\test\images\grp1_e1306f94-IMG20251230164545.jpg,2033.96,3226.09,2251.87,3281.44,0.3262,traffic sign,True,True,289.0,mtsd-p12
SAM 3,traffic sign,grp1_e3c71733-IMG_5538.jpeg,E:\2. UM-Student\MSC Dissertation\Urban-Vision-Benchmark\Datasets\MTSD\Prepared\MTSD-Unaugmented\MTSD-YOLO\test\images\grp1_e3c71733-IMG_5538.jpeg,1310.54,1443.32,1863.65,2547.29,0.5312,traffic sign,True,True,162.3,mtsd-p12
SAM 3,traffic sign,grp1_e7b1a54d-IMG_5669.jpeg,E:\2. UM-Student\MSC Dissertation\Urban-Vision-Benchmark\Datasets\MTSD\Prepared\MTSD-Unaugmented\MTSD-YOLO\test\images\grp1_e7b1a54d-IMG_5669.jpeg,,,,,,<no detections>,False,True,150.6,mtsd-p12
SAM 3,traffic sign,grp1_e9043741-IMG_4709.jpeg,E:\2. UM-Student\MSC Dissertation\Urban-Vision-Benchmark\Datasets\MTSD\Prepared\MTSD-Unaugmented\MTSD-YOLO\test\images\grp1_e9043741-IMG_4709.jpeg,,,,,,<no detections>,False,True,164.6,mtsd-p12
SAM 3,traffic sign,grp1_ec712362-IMG_5803.jpeg,E:\2. UM-Student\MSC Dissertation\Urban-Vision-Benchmark\Datasets\MTSD\Prepared\MTSD-Unaugmented\MTSD-YOLO\test\images\grp1_ec712362-IMG_5803.jpeg,520.48,864.65,1062.39,1417.42,0.9336,traffic sign,True,True,166.4,mtsd-p12
SAM 3,traffic sign,grp1_ec712362-IMG_5803.jpeg,E:\2. UM-Student\MSC Dissertation\Urban-Vision-Benchmark\Datasets\MTSD\Prepared\MTSD-Unaugmented\MTSD-YOLO\test\images\grp1_ec712362-IMG_5803.jpeg,499.12,256.6,1115.74,864.13,0.9336,traffic sign,True,True,166.4,mtsd-p12
SAM 3,traffic sign,grp1_ec712362-IMG_5803.jpeg,E:\2. UM-Student\MSC Dissertation\Urban-Vision-Benchmark\Datasets\MTSD\Prepared\MTSD-Unaugmented\MTSD-YOLO\test\images\grp1_ec712362-IMG_5803.jpeg,841.13,1634.26,908.34,1709.03,0.8945,traffic sign,True,True,166.4,mtsd-p12
SAM 3,traffic sign,grp1_ec712362-IMG_5803.jpeg,E:\2. UM-Student\MSC Dissertation\Urban-Vision-Benchmark\Datasets\MTSD\Prepared\MTSD-Unaugmented\MTSD-YOLO\test\images\grp1_ec712362-IMG_5803.jpeg,344.62,1636.91,372.95,1703.92,0.7148,traffic sign,True,True,166.4,mtsd-p12
SAM 3,traffic sign,grp1_ec712362-IMG_5803.jpeg,E:\2. UM-Student\MSC Dissertation\Urban-Vision-Benchmark\Datasets\MTSD\Prepared\MTSD-Unaugmented\MTSD-YOLO\test\images\grp1_ec712362-IMG_5803.jpeg,467.25,1552.67,502.29,1590.33,0.7031,traffic sign,True,True,166.4,mtsd-p12
SAM 3,traffic sign,grp1_ec712362-IMG_5803.jpeg,E:\2. UM-Student\MSC Dissertation\Urban-Vision-Benchmark\Datasets\MTSD\Prepared\MTSD-Unaugmented\MTSD-YOLO\test\images\grp1_ec712362-IMG_5803.jpeg,467.44,1508.4,510.1,1552.16,0.6914,traffic sign,True,True,166.4,mtsd-p12
SAM 3,traffic sign,grp1_ec712362-IMG_5803.jpeg,E:\2. UM-Student\MSC Dissertation\Urban-Vision-Benchmark\Datasets\MTSD\Prepared\MTSD-Unaugmented\MTSD-YOLO\test\images\grp1_ec712362-IMG_5803.jpeg,310.87,1632.63,335.89,1687.59,0.6289,traffic sign,True,True,166.4,mtsd-p12
SAM 3,traffic sign,grp1_ec712362-IMG_5803.jpeg,E:\2. UM-Student\MSC Dissertation\Urban-Vision-Benchmark\Datasets\MTSD\Prepared\MTSD-Unaugmented\MTSD-YOLO\test\images\grp1_ec712362-IMG_5803.jpeg,660.56,1555.13,698.05,1592.2,0.5664,traffic sign,True,True,166.4,mtsd-p12
SAM 3,traffic sign,grp1_ec712362-IMG_5803.jpeg,E:\2. UM-Student\MSC Dissertation\Urban-Vision-Benchmark\Datasets\MTSD\Prepared\MTSD-Unaugmented\MTSD-YOLO\test\images\grp1_ec712362-IMG_5803.jpeg,1067.55,1647.3,1105.6,1688.53,0.4355,traffic sign,True,True,166.4,mtsd-p12
SAM 3,traffic sign,grp1_ec712362-IMG_5803.jpeg,E:\2. UM-Student\MSC Dissertation\Urban-Vision-Benchmark\Datasets\MTSD\Prepared\MTSD-Unaugmented\MTSD-YOLO\test\images\grp1_ec712362-IMG_5803.jpeg,678.1,1515.39,700.66,1556.14,0.4297,traffic sign,True,True,166.4,mtsd-p12
SAM 3,traffic sign,grp1_ec712362-IMG_5803.jpeg,E:\2. UM-Student\MSC Dissertation\Urban-Vision-Benchmark\Datasets\MTSD\Prepared\MTSD-Unaugmented\MTSD-YOLO\test\images\grp1_ec712362-IMG_5803.jpeg,661.85,1536.89,686.95,1566.36,0.3965,traffic sign,True,True,166.4,mtsd-p12
SAM 3,traffic sign,grp1_ec712362-IMG_5803.jpeg,E:\2. UM-Student\MSC Dissertation\Urban-Vision-Benchmark\Datasets\MTSD\Prepared\MTSD-Unaugmented\MTSD-YOLO\test\images\grp1_ec712362-IMG_5803.jpeg,462.31,1515.62,507.07,1709.21,0.3379,traffic sign,True,True,166.4,mtsd-p12
SAM 3,traffic sign,grp1_f28bdb6c-RV_001_29.jpeg,E:\2. UM-Student\MSC Dissertation\Urban-Vision-Benchmark\Datasets\MTSD\Prepared\MTSD-Unaugmented\MTSD-YOLO\test\images\grp1_f28bdb6c-RV_001_29.jpeg,1451.67,1262.35,2102.23,2437.43,0.9062,traffic sign,True,True,237.6,mtsd-p12
SAM 3,traffic sign,grp1_f28bdb6c-RV_001_29.jpeg,E:\2. UM-Student\MSC Dissertation\Urban-Vision-Benchmark\Datasets\MTSD\Prepared\MTSD-Unaugmented\MTSD-YOLO\test\images\grp1_f28bdb6c-RV_001_29.jpeg,2690.51,3311.63,2815.36,3410.24,0.4219,traffic sign,True,True,237.6,mtsd-p12
SAM 3,traffic sign,grp1_f28bdb6c-RV_001_29.jpeg,E:\2. UM-Student\MSC Dissertation\Urban-Vision-Benchmark\Datasets\MTSD\Prepared\MTSD-Unaugmented\MTSD-YOLO\test\images\grp1_f28bdb6c-RV_001_29.jpeg,1449.86,1262.55,2105.79,4032.0,0.418,traffic sign,True,True,237.6,mtsd-p12
SAM 3,traffic sign,grp1_f28bdb6c-RV_001_29.jpeg,E:\2. UM-Student\MSC Dissertation\Urban-Vision-Benchmark\Datasets\MTSD\Prepared\MTSD-Unaugmented\MTSD-YOLO\test\images\grp1_f28bdb6c-RV_001_29.jpeg,2565.54,3320.99,2657.89,3403.45,0.4062,traffic sign,True,True,237.6,mtsd-p12
SAM 3,traffic sign,grp1_f28bdb6c-RV_001_29.jpeg,E:\2. UM-Student\MSC Dissertation\Urban-Vision-Benchmark\Datasets\MTSD\Prepared\MTSD-Unaugmented\MTSD-YOLO\test\images\grp1_f28bdb6c-RV_001_29.jpeg,2922.31,3342.26,2979.56,3427.82,0.4043,traffic sign,True,True,237.6,mtsd-p12
SAM 3,traffic sign,grp1_f3f0450d-IMG20260105132606.jpg,E:\2. UM-Student\MSC Dissertation\Urban-Vision-Benchmark\Datasets\MTSD\Prepared\MTSD-Unaugmented\MTSD-YOLO\test\images\grp1_f3f0450d-IMG20260105132606.jpg,643.19,1006.14,2272.46,2107.64,0.7383,traffic sign,True,True,176.4,mtsd-p12
SAM 3,traffic sign,grp1_f3f0450d-IMG20260105132606.jpg,E:\2. UM-Student\MSC Dissertation\Urban-Vision-Benchmark\Datasets\MTSD\Prepared\MTSD-Unaugmented\MTSD-YOLO\test\images\grp1_f3f0450d-IMG20260105132606.jpg,646.13,988.7,2272.83,4096.0,0.5312,traffic sign,True,True,176.4,mtsd-p12
SAM 3,traffic sign,grp1_f4371c23-IMG_5562.jpeg,E:\2. UM-Student\MSC Dissertation\Urban-Vision-Benchmark\Datasets\MTSD\Prepared\MTSD-Unaugmented\MTSD-YOLO\test\images\grp1_f4371c23-IMG_5562.jpeg,1044.51,1480.18,1602.96,2708.14,0.9062,traffic sign,True,True,203.3,mtsd-p12
SAM 3,traffic sign,grp1_f468f4a5-IMG_5772.jpeg,E:\2. UM-Student\MSC Dissertation\Urban-Vision-Benchmark\Datasets\MTSD\Prepared\MTSD-Unaugmented\MTSD-YOLO\test\images\grp1_f468f4a5-IMG_5772.jpeg,835.67,1330.35,1994.27,2863.78,0.9062,traffic sign,True,True,178.1,mtsd-p12
SAM 3,traffic sign,grp1_fa18c1a9-IMG_5810.jpeg,E:\2. UM-Student\MSC Dissertation\Urban-Vision-Benchmark\Datasets\MTSD\Prepared\MTSD-Unaugmented\MTSD-YOLO\test\images\grp1_fa18c1a9-IMG_5810.jpeg,1270.36,1556.31,1707.81,2982.28,0.9258,traffic sign,True,True,244.9,mtsd-p12
SAM 3,traffic sign,grp1_fa18c1a9-IMG_5810.jpeg,E:\2. UM-Student\MSC Dissertation\Urban-Vision-Benchmark\Datasets\MTSD\Prepared\MTSD-Unaugmented\MTSD-YOLO\test\images\grp1_fa18c1a9-IMG_5810.jpeg,1202.46,0.0,1645.63,1629.7,0.8945,traffic sign,True,True,244.9,mtsd-p12
SAM 3,traffic sign,grp1_fa18c1a9-IMG_5810.jpeg,E:\2. UM-Student\MSC Dissertation\Urban-Vision-Benchmark\Datasets\MTSD\Prepared\MTSD-Unaugmented\MTSD-YOLO\test\images\grp1_fa18c1a9-IMG_5810.jpeg,2008.25,3352.39,2069.09,3443.49,0.8438,traffic sign,True,True,244.9,mtsd-p12
SAM 3,traffic sign,grp1_fa18c1a9-IMG_5810.jpeg,E:\2. UM-Student\MSC Dissertation\Urban-Vision-Benchmark\Datasets\MTSD\Prepared\MTSD-Unaugmented\MTSD-YOLO\test\images\grp1_fa18c1a9-IMG_5810.jpeg,1921.8,3323.57,1963.87,3409.53,0.5156,traffic sign,True,True,244.9,mtsd-p12
SAM 3,traffic sign,grp1_fb9922e7-IMG_4700.jpeg,E:\2. UM-Student\MSC Dissertation\Urban-Vision-Benchmark\Datasets\MTSD\Prepared\MTSD-Unaugmented\MTSD-YOLO\test\images\grp1_fb9922e7-IMG_4700.jpeg,1087.16,3632.71,1397.57,4032.0,0.4297,traffic sign,True,True,185.7,mtsd-p12
SAM 3,traffic sign,grp1_fb9922e7-IMG_4700.jpeg,E:\2. UM-Student\MSC Dissertation\Urban-Vision-Benchmark\Datasets\MTSD\Prepared\MTSD-Unaugmented\MTSD-YOLO\test\images\grp1_fb9922e7-IMG_4700.jpeg,1029.98,1461.91,2164.63,2813.12,0.4238,traffic sign,True,True,185.7,mtsd-p12
SAM 3,traffic sign,grp1_fd97d901-IMG20260105125535.jpg,E:\2. UM-Student\MSC Dissertation\Urban-Vision-Benchmark\Datasets\MTSD\Prepared\MTSD-Unaugmented\MTSD-YOLO\test\images\grp1_fd97d901-IMG20260105125535.jpg,1268.99,1223.86,1794.34,2658.88,0.8789,traffic sign,True,True,197.1,mtsd-p12
SAM 3,traffic sign,grp1_fd97d901-IMG20260105125535.jpg,E:\2. UM-Student\MSC Dissertation\Urban-Vision-Benchmark\Datasets\MTSD\Prepared\MTSD-Unaugmented\MTSD-YOLO\test\images\grp1_fd97d901-IMG20260105125535.jpg,814.21,2836.61,874.74,2983.03,0.3672,traffic sign,True,True,197.1,mtsd-p12
SAM 3,traffic sign,grp1_fd97d901-IMG20260105125535.jpg,E:\2. UM-Student\MSC Dissertation\Urban-Vision-Benchmark\Datasets\MTSD\Prepared\MTSD-Unaugmented\MTSD-YOLO\test\images\grp1_fd97d901-IMG20260105125535.jpg,768.29,3041.3,883.13,3255.56,0.334,traffic sign,True,True,197.1,mtsd-p12
SAM 3,traffic sign,grp1_fdedfd29-IMG_4737.jpeg,E:\2. UM-Student\MSC Dissertation\Urban-Vision-Benchmark\Datasets\MTSD\Prepared\MTSD-Unaugmented\MTSD-YOLO\test\images\grp1_fdedfd29-IMG_4737.jpeg,1174.96,576.21,1985.4,3303.78,0.8867,traffic sign,True,True,180.8,mtsd-p12
SAM 3,traffic sign,grp2_0cd46f17-MP_0097.jpg,E:\2. UM-Student\MSC Dissertation\Urban-Vision-Benchmark\Datasets\MTSD\Prepared\MTSD-Unaugmented\MTSD-YOLO\test\images\grp2_0cd46f17-MP_0097.jpg,1092.14,1172.72,2039.84,2362.53,0.8242,traffic sign,True,True,184.5,mtsd-p12
SAM 3,traffic sign,grp2_0cd46f17-MP_0097.jpg,E:\2. UM-Student\MSC Dissertation\Urban-Vision-Benchmark\Datasets\MTSD\Prepared\MTSD-Unaugmented\MTSD-YOLO\test\images\grp2_0cd46f17-MP_0097.jpg,977.02,562.6,1224.43,1428.86,0.8242,traffic sign,True,True,184.5,mtsd-p12
SAM 3,traffic sign,grp2_0cd46f17-MP_0097.jpg,E:\2. UM-Student\MSC Dissertation\Urban-Vision-Benchmark\Datasets\MTSD\Prepared\MTSD-Unaugmented\MTSD-YOLO\test\images\grp2_0cd46f17-MP_0097.jpg,981.23,552.47,2043.46,4029.71,0.3535,traffic sign,True,True,184.5,mtsd-p12
SAM 3,traffic sign,grp2_1a942391-IMG_20251224_114123.jpg,E:\2. UM-Student\MSC Dissertation\Urban-Vision-Benchmark\Datasets\MTSD\Prepared\MTSD-Unaugmented\MTSD-YOLO\test\images\grp2_1a942391-IMG_20251224_114123.jpg,1548.63,1126.1,1613.98,1574.65,0.6094,traffic sign,True,True,177.9,mtsd-p12
SAM 3,traffic sign,grp2_1a942391-IMG_20251224_114123.jpg,E:\2. UM-Student\MSC Dissertation\Urban-Vision-Benchmark\Datasets\MTSD\Prepared\MTSD-Unaugmented\MTSD-YOLO\test\images\grp2_1a942391-IMG_20251224_114123.jpg,1547.34,1556.73,1627.02,1802.57,0.4863,traffic sign,True,True,177.9,mtsd-p12
SAM 3,traffic sign,grp2_1a942391-IMG_20251224_114123.jpg,E:\2. UM-Student\MSC Dissertation\Urban-Vision-Benchmark\Datasets\MTSD\Prepared\MTSD-Unaugmented\MTSD-YOLO\test\images\grp2_1a942391-IMG_20251224_114123.jpg,1542.12,1123.98,1654.55,3309.02,0.3496,traffic sign,True,True,177.9,mtsd-p12
SAM 3,traffic sign,grp2_1cd6f44d-20251223_152650.jpg,E:\2. UM-Student\MSC Dissertation\Urban-Vision-Benchmark\Datasets\MTSD\Prepared\MTSD-Unaugmented\MTSD-YOLO\test\images\grp2_1cd6f44d-20251223_152650.jpg,,,,,,<no detections>,False,True,175.2,mtsd-p12
SAM 3,traffic sign,grp2_1d09be1b-MP_0034.jpg,E:\2. UM-Student\MSC Dissertation\Urban-Vision-Benchmark\Datasets\MTSD\Prepared\MTSD-Unaugmented\MTSD-YOLO\test\images\grp2_1d09be1b-MP_0034.jpg,1422.2,341.04,1535.88,1228.39,0.8828,traffic sign,True,True,337.0,mtsd-p12
SAM 3,traffic sign,grp2_1d09be1b-MP_0034.jpg,E:\2. UM-Student\MSC Dissertation\Urban-Vision-Benchmark\Datasets\MTSD\Prepared\MTSD-Unaugmented\MTSD-YOLO\test\images\grp2_1d09be1b-MP_0034.jpg,990.17,1209.33,1805.71,1639.62,0.8672,traffic sign,True,True,337.0,mtsd-p12
SAM 3,traffic sign,grp2_1d09be1b-MP_0034.jpg,E:\2. UM-Student\MSC Dissertation\Urban-Vision-Benchmark\Datasets\MTSD\Prepared\MTSD-Unaugmented\MTSD-YOLO\test\images\grp2_1d09be1b-MP_0034.jpg,1225.72,383.5,1361.66,1222.38,0.8281,traffic sign,True,True,337.0,mtsd-p12
SAM 3,traffic sign,grp2_1d09be1b-MP_0034.jpg,E:\2. UM-Student\MSC Dissertation\Urban-Vision-Benchmark\Datasets\MTSD\Prepared\MTSD-Unaugmented\MTSD-YOLO\test\images\grp2_1d09be1b-MP_0034.jpg,491.43,1805.21,712.92,2022.64,0.7773,traffic sign,True,True,337.0,mtsd-p12
SAM 3,traffic sign,grp2_1d09be1b-MP_0034.jpg,E:\2. UM-Student\MSC Dissertation\Urban-Vision-Benchmark\Datasets\MTSD\Prepared\MTSD-Unaugmented\MTSD-YOLO\test\images\grp2_1d09be1b-MP_0034.jpg,2699.85,1948.87,2756.26,2013.88,0.6445,traffic sign,True,True,337.0,mtsd-p12
SAM 3,traffic sign,grp2_1d09be1b-MP_0034.jpg,E:\2. UM-Student\MSC Dissertation\Urban-Vision-Benchmark\Datasets\MTSD\Prepared\MTSD-Unaugmented\MTSD-YOLO\test\images\grp2_1d09be1b-MP_0034.jpg,2428.43,1777.05,2528.51,1939.5,0.5938,traffic sign,True,True,337.0,mtsd-p12
SAM 3,traffic sign,grp2_1d09be1b-MP_0034.jpg,E:\2. UM-Student\MSC Dissertation\Urban-Vision-Benchmark\Datasets\MTSD\Prepared\MTSD-Unaugmented\MTSD-YOLO\test\images\grp2_1d09be1b-MP_0034.jpg,488.35,1802.51,714.08,2748.48,0.5195,traffic sign,True,True,337.0,mtsd-p12
SAM 3,traffic sign,grp2_1d09be1b-MP_0034.jpg,E:\2. UM-Student\MSC Dissertation\Urban-Vision-Benchmark\Datasets\MTSD\Prepared\MTSD-Unaugmented\MTSD-YOLO\test\images\grp2_1d09be1b-MP_0034.jpg,181.76,2214.88,228.7,2272.74,0.5039,traffic sign,True,True,337.0,mtsd-p12
SAM 3,traffic sign,grp2_1f7e1b10-20251224_132557.jpg,E:\2. UM-Student\MSC Dissertation\Urban-Vision-Benchmark\Datasets\MTSD\Prepared\MTSD-Unaugmented\MTSD-YOLO\test\images\grp2_1f7e1b10-20251224_132557.jpg,1063.15,1484.6,1977.25,2221.92,0.9219,traffic sign,True,True,277.6,mtsd-p12
SAM 3,traffic sign,grp2_1f7e1b10-20251224_132557.jpg,E:\2. UM-Student\MSC Dissertation\Urban-Vision-Benchmark\Datasets\MTSD\Prepared\MTSD-Unaugmented\MTSD-YOLO\test\images\grp2_1f7e1b10-20251224_132557.jpg,1073.66,2173.51,1981.99,2563.06,0.9062,traffic sign,True,True,277.6,mtsd-p12
SAM 3,traffic sign,grp2_1f7e1b10-20251224_132557.jpg,E:\2. UM-Student\MSC Dissertation\Urban-Vision-Benchmark\Datasets\MTSD\Prepared\MTSD-Unaugmented\MTSD-YOLO\test\images\grp2_1f7e1b10-20251224_132557.jpg,661.09,2019.37,1155.4,3069.89,0.8867,traffic sign,True,True,277.6,mtsd-p12
SAM 3,traffic sign,grp2_1f7e1b10-20251224_132557.jpg,E:\2. UM-Student\MSC Dissertation\Urban-Vision-Benchmark\Datasets\MTSD\Prepared\MTSD-Unaugmented\MTSD-YOLO\test\images\grp2_1f7e1b10-20251224_132557.jpg,1925.76,1525.65,2057.62,1807.0,0.5352,traffic sign,True,True,277.6,mtsd-p12
SAM 3,traffic sign,grp2_21220c6f-IMG_20251223_114958.jpg,E:\2. UM-Student\MSC Dissertation\Urban-Vision-Benchmark\Datasets\MTSD\Prepared\MTSD-Unaugmented\MTSD-YOLO\test\images\grp2_21220c6f-IMG_20251223_114958.jpg,1299.81,1094.43,1895.42,1594.03,0.8555,traffic sign,True,True,581.8,mtsd-p12
SAM 3,traffic sign,grp2_21220c6f-IMG_20251223_114958.jpg,E:\2. UM-Student\MSC Dissertation\Urban-Vision-Benchmark\Datasets\MTSD\Prepared\MTSD-Unaugmented\MTSD-YOLO\test\images\grp2_21220c6f-IMG_20251223_114958.jpg,1310.29,1589.76,1857.71,2124.72,0.8477,traffic sign,True,True,581.8,mtsd-p12
SAM 3,traffic sign,grp2_21220c6f-IMG_20251223_114958.jpg,E:\2. UM-Student\MSC Dissertation\Urban-Vision-Benchmark\Datasets\MTSD\Prepared\MTSD-Unaugmented\MTSD-YOLO\test\images\grp2_21220c6f-IMG_20251223_114958.jpg,423.56,2495.57,504.19,2575.86,0.8125,traffic sign,True,True,581.8,mtsd-p12
SAM 3,traffic sign,grp2_21220c6f-IMG_20251223_114958.jpg,E:\2. UM-Student\MSC Dissertation\Urban-Vision-Benchmark\Datasets\MTSD\Prepared\MTSD-Unaugmented\MTSD-YOLO\test\images\grp2_21220c6f-IMG_20251223_114958.jpg,1303.89,2073.78,1845.12,2319.82,0.7969,traffic sign,True,True,581.8,mtsd-p12
SAM 3,traffic sign,grp2_21220c6f-IMG_20251223_114958.jpg,E:\2. UM-Student\MSC Dissertation\Urban-Vision-Benchmark\Datasets\MTSD\Prepared\MTSD-Unaugmented\MTSD-YOLO\test\images\grp2_21220c6f-IMG_20251223_114958.jpg,1029.17,2558.16,1061.46,2596.99,0.6875,traffic sign,True,True,581.8,mtsd-p12
SAM 3,traffic sign,grp2_21220c6f-IMG_20251223_114958.jpg,E:\2. UM-Student\MSC Dissertation\Urban-Vision-Benchmark\Datasets\MTSD\Prepared\MTSD-Unaugmented\MTSD-YOLO\test\images\grp2_21220c6f-IMG_20251223_114958.jpg,1698.99,2443.98,1795.41,2503.62,0.543,traffic sign,True,True,581.8,mtsd-p12
SAM 3,traffic sign,grp2_21220c6f-IMG_20251223_114958.jpg,E:\2. UM-Student\MSC Dissertation\Urban-Vision-Benchmark\Datasets\MTSD\Prepared\MTSD-Unaugmented\MTSD-YOLO\test\images\grp2_21220c6f-IMG_20251223_114958.jpg,1298.16,1100.88,1888.26,3992.6,0.4648,traffic sign,True,True,581.8,mtsd-p12
SAM 3,traffic sign,grp2_21220c6f-IMG_20251223_114958.jpg,E:\2. UM-Student\MSC Dissertation\Urban-Vision-Benchmark\Datasets\MTSD\Prepared\MTSD-Unaugmented\MTSD-YOLO\test\images\grp2_21220c6f-IMG_20251223_114958.jpg,697.28,2531.09,716.47,2562.64,0.4395,traffic sign,True,True,581.8,mtsd-p12
SAM 3,traffic sign,grp2_21220c6f-IMG_20251223_114958.jpg,E:\2. UM-Student\MSC Dissertation\Urban-Vision-Benchmark\Datasets\MTSD\Prepared\MTSD-Unaugmented\MTSD-YOLO\test\images\grp2_21220c6f-IMG_20251223_114958.jpg,1505.6,2542.49,1558.36,2690.97,0.3438,traffic sign,True,True,581.8,mtsd-p12
SAM 3,traffic sign,grp2_24c5c7cd-20251223_155820.jpg,E:\2. UM-Student\MSC Dissertation\Urban-Vision-Benchmark\Datasets\MTSD\Prepared\MTSD-Unaugmented\MTSD-YOLO\test\images\grp2_24c5c7cd-20251223_155820.jpg,1352.5,1017.2,2167.48,1858.43,0.9141,traffic sign,True,True,223.4,mtsd-p12
SAM 3,traffic sign,grp2_24c5c7cd-20251223_155820.jpg,E:\2. UM-Student\MSC Dissertation\Urban-Vision-Benchmark\Datasets\MTSD\Prepared\MTSD-Unaugmented\MTSD-YOLO\test\images\grp2_24c5c7cd-20251223_155820.jpg,1978.74,1569.26,2292.98,2085.39,0.8945,traffic sign,True,True,223.4,mtsd-p12
SAM 3,traffic sign,grp2_24c5c7cd-20251223_155820.jpg,E:\2. UM-Student\MSC Dissertation\Urban-Vision-Benchmark\Datasets\MTSD\Prepared\MTSD-Unaugmented\MTSD-YOLO\test\images\grp2_24c5c7cd-20251223_155820.jpg,1977.56,1558.51,2292.14,3999.37,0.4727,traffic sign,True,True,223.4,mtsd-p12
SAM 3,traffic sign,grp2_24fcf1af-MP_0080.jpg,E:\2. UM-Student\MSC Dissertation\Urban-Vision-Benchmark\Datasets\MTSD\Prepared\MTSD-Unaugmented\MTSD-YOLO\test\images\grp2_24fcf1af-MP_0080.jpg,752.87,1614.33,870.02,1755.92,0.8828,traffic sign,True,True,228.2,mtsd-p12
SAM 3,traffic sign,grp2_24fcf1af-MP_0080.jpg,E:\2. UM-Student\MSC Dissertation\Urban-Vision-Benchmark\Datasets\MTSD\Prepared\MTSD-Unaugmented\MTSD-YOLO\test\images\grp2_24fcf1af-MP_0080.jpg,807.77,95.95,1547.02,852.04,0.8164,traffic sign,True,True,228.2,mtsd-p12
SAM 3,traffic sign,grp2_24fcf1af-MP_0080.jpg,E:\2. UM-Student\MSC Dissertation\Urban-Vision-Benchmark\Datasets\MTSD\Prepared\MTSD-Unaugmented\MTSD-YOLO\test\images\grp2_24fcf1af-MP_0080.jpg,919.85,856.57,1400.64,1347.73,0.8086,traffic sign,True,True,228.2,mtsd-p12
SAM 3,traffic sign,grp2_24fcf1af-MP_0080.jpg,E:\2. UM-Student\MSC Dissertation\Urban-Vision-Benchmark\Datasets\MTSD\Prepared\MTSD-Unaugmented\MTSD-YOLO\test\images\grp2_24fcf1af-MP_0080.jpg,1074.72,1756.17,1116.8,1804.51,0.6992,traffic sign,True,True,228.2,mtsd-p12
SAM 3,traffic sign,grp2_24fcf1af-MP_0080.jpg,E:\2. UM-Student\MSC Dissertation\Urban-Vision-Benchmark\Datasets\MTSD\Prepared\MTSD-Unaugmented\MTSD-YOLO\test\images\grp2_24fcf1af-MP_0080.jpg,1080.73,1733.8,1114.56,1769.51,0.5586,traffic sign,True,True,228.2,mtsd-p12
SAM 3,traffic sign,grp2_24fcf1af-MP_0080.jpg,E:\2. UM-Student\MSC Dissertation\Urban-Vision-Benchmark\Datasets\MTSD\Prepared\MTSD-Unaugmented\MTSD-YOLO\test\images\grp2_24fcf1af-MP_0080.jpg,809.07,96.6,1546.63,3543.53,0.4551,traffic sign,True,True,228.2,mtsd-p12
SAM 3,traffic sign,grp2_31ecc6f6-20251230_124942.jpg,E:\2. UM-Student\MSC Dissertation\Urban-Vision-Benchmark\Datasets\MTSD\Prepared\MTSD-Unaugmented\MTSD-YOLO\test\images\grp2_31ecc6f6-20251230_124942.jpg,989.04,1062.28,2221.35,2140.19,0.7148,traffic sign,True,True,156.7,mtsd-p12
SAM 3,traffic sign,grp2_31ecc6f6-20251230_124942.jpg,E:\2. UM-Student\MSC Dissertation\Urban-Vision-Benchmark\Datasets\MTSD\Prepared\MTSD-Unaugmented\MTSD-YOLO\test\images\grp2_31ecc6f6-20251230_124942.jpg,989.44,1059.68,2227.6,4080.0,0.4238,traffic sign,True,True,156.7,mtsd-p12
SAM 3,traffic sign,grp2_32305793-MP_0024.jpg,E:\2. UM-Student\MSC Dissertation\Urban-Vision-Benchmark\Datasets\MTSD\Prepared\MTSD-Unaugmented\MTSD-YOLO\test\images\grp2_32305793-MP_0024.jpg,950.0,1157.72,1921.76,2078.21,0.9414,traffic sign,True,True,337.2,mtsd-p12
SAM 3,traffic sign,grp2_32305793-MP_0024.jpg,E:\2. UM-Student\MSC Dissertation\Urban-Vision-Benchmark\Datasets\MTSD\Prepared\MTSD-Unaugmented\MTSD-YOLO\test\images\grp2_32305793-MP_0024.jpg,831.65,188.91,2042.24,1151.2,0.9297,traffic sign,True,True,337.2,mtsd-p12
SAM 3,traffic sign,grp2_32305793-MP_0024.jpg,E:\2. UM-Student\MSC Dissertation\Urban-Vision-Benchmark\Datasets\MTSD\Prepared\MTSD-Unaugmented\MTSD-YOLO\test\images\grp2_32305793-MP_0024.jpg,1208.39,2252.27,1651.01,2624.35,0.7109,traffic sign,True,True,337.2,mtsd-p12
SAM 3,traffic sign,grp2_32305793-MP_0024.jpg,E:\2. UM-Student\MSC Dissertation\Urban-Vision-Benchmark\Datasets\MTSD\Prepared\MTSD-Unaugmented\MTSD-YOLO\test\images\grp2_32305793-MP_0024.jpg,2060.52,2458.59,2126.13,2612.32,0.6758,traffic sign,True,True,337.2,mtsd-p12
SAM 3,traffic sign,grp2_32305793-MP_0024.jpg,E:\2. UM-Student\MSC Dissertation\Urban-Vision-Benchmark\Datasets\MTSD\Prepared\MTSD-Unaugmented\MTSD-YOLO\test\images\grp2_32305793-MP_0024.jpg,2060.49,2560.82,2126.08,2615.92,0.4219,traffic sign,True,True,337.2,mtsd-p12
SAM 3,traffic sign,grp2_32305793-MP_0024.jpg,E:\2. UM-Student\MSC Dissertation\Urban-Vision-Benchmark\Datasets\MTSD\Prepared\MTSD-Unaugmented\MTSD-YOLO\test\images\grp2_32305793-MP_0024.jpg,2107.8,1938.07,2379.2,4082.4,0.416,traffic sign,True,True,337.2,mtsd-p12
SAM 3,traffic sign,grp2_32305793-MP_0024.jpg,E:\2. UM-Student\MSC Dissertation\Urban-Vision-Benchmark\Datasets\MTSD\Prepared\MTSD-Unaugmented\MTSD-YOLO\test\images\grp2_32305793-MP_0024.jpg,2802.94,2603.83,2845.39,2669.21,0.377,traffic sign,True,True,337.2,mtsd-p12
SAM 3,traffic sign,grp2_32305793-MP_0024.jpg,E:\2. UM-Student\MSC Dissertation\Urban-Vision-Benchmark\Datasets\MTSD\Prepared\MTSD-Unaugmented\MTSD-YOLO\test\images\grp2_32305793-MP_0024.jpg,2795.37,2526.38,2845.36,2664.37,0.375,traffic sign,True,True,337.2,mtsd-p12
SAM 3,traffic sign,grp2_32305793-MP_0024.jpg,E:\2. UM-Student\MSC Dissertation\Urban-Vision-Benchmark\Datasets\MTSD\Prepared\MTSD-Unaugmented\MTSD-YOLO\test\images\grp2_32305793-MP_0024.jpg,2790.59,2523.25,2841.84,2601.46,0.334,traffic sign,True,True,337.2,mtsd-p12
SAM 3,traffic sign,grp2_32305793-MP_0024.jpg,E:\2. UM-Student\MSC Dissertation\Urban-Vision-Benchmark\Datasets\MTSD\Prepared\MTSD-Unaugmented\MTSD-YOLO\test\images\grp2_32305793-MP_0024.jpg,1634.57,2553.39,1736.08,2899.49,0.3027,traffic sign,True,True,337.2,mtsd-p12
SAM 3,traffic sign,grp2_331688ad-20251223_152821.jpg,E:\2. UM-Student\MSC Dissertation\Urban-Vision-Benchmark\Datasets\MTSD\Prepared\MTSD-Unaugmented\MTSD-YOLO\test\images\grp2_331688ad-20251223_152821.jpg,1599.45,1048.77,1850.86,1991.23,0.832,traffic sign,True,True,223.0,mtsd-p12
SAM 3,traffic sign,grp2_331688ad-20251223_152821.jpg,E:\2. UM-Student\MSC Dissertation\Urban-Vision-Benchmark\Datasets\MTSD\Prepared\MTSD-Unaugmented\MTSD-YOLO\test\images\grp2_331688ad-20251223_152821.jpg,1596.71,1061.2,1848.14,4068.93,0.3535,traffic sign,True,True,223.0,mtsd-p12
SAM 3,traffic sign,grp2_339c8d04-26.side.jpg,E:\2. UM-Student\MSC Dissertation\Urban-Vision-Benchmark\Datasets\MTSD\Prepared\MTSD-Unaugmented\MTSD-YOLO\test\images\grp2_339c8d04-26.side.jpg,998.15,510.25,1175.7,1232.47,0.8984,traffic sign,True,True,295.8,mtsd-p12
SAM 3,traffic sign,grp2_339c8d04-26.side.jpg,E:\2. UM-Student\MSC Dissertation\Urban-Vision-Benchmark\Datasets\MTSD\Prepared\MTSD-Unaugmented\MTSD-YOLO\test\images\grp2_339c8d04-26.side.jpg,2131.34,1912.59,2227.82,1947.21,0.8125,traffic sign,True,True,295.8,mtsd-p12
SAM 3,traffic sign,grp2_339c8d04-26.side.jpg,E:\2. UM-Student\MSC Dissertation\Urban-Vision-Benchmark\Datasets\MTSD\Prepared\MTSD-Unaugmented\MTSD-YOLO\test\images\grp2_339c8d04-26.side.jpg,901.5,1149.44,1283.82,1482.23,0.7109,traffic sign,True,True,295.8,mtsd-p12
SAM 3,traffic sign,grp2_339c8d04-26.side.jpg,E:\2. UM-Student\MSC Dissertation\Urban-Vision-Benchmark\Datasets\MTSD\Prepared\MTSD-Unaugmented\MTSD-YOLO\test\images\grp2_339c8d04-26.side.jpg,344.92,2036.0,382.0,2075.04,0.5742,traffic sign,True,True,295.8,mtsd-p12
SAM 3,traffic sign,grp2_339c8d04-26.side.jpg,E:\2. UM-Student\MSC Dissertation\Urban-Vision-Benchmark\Datasets\MTSD\Prepared\MTSD-Unaugmented\MTSD-YOLO\test\images\grp2_339c8d04-26.side.jpg,900.74,1146.21,1058.12,1435.69,0.4102,traffic sign,True,True,295.8,mtsd-p12
SAM 3,traffic sign,grp2_339c8d04-26.side.jpg,E:\2. UM-Student\MSC Dissertation\Urban-Vision-Benchmark\Datasets\MTSD\Prepared\MTSD-Unaugmented\MTSD-YOLO\test\images\grp2_339c8d04-26.side.jpg,1109.64,1246.49,1283.55,1483.13,0.4102,traffic sign,True,True,295.8,mtsd-p12
SAM 3,traffic sign,grp2_339c8d04-26.side.jpg,E:\2. UM-Student\MSC Dissertation\Urban-Vision-Benchmark\Datasets\MTSD\Prepared\MTSD-Unaugmented\MTSD-YOLO\test\images\grp2_339c8d04-26.side.jpg,918.44,506.96,1237.18,3559.72,0.375,traffic sign,True,True,295.8,mtsd-p12
SAM 3,traffic sign,grp2_33c8250b-MP_0150.jpeg,E:\2. UM-Student\MSC Dissertation\Urban-Vision-Benchmark\Datasets\MTSD\Prepared\MTSD-Unaugmented\MTSD-YOLO\test\images\grp2_33c8250b-MP_0150.jpeg,381.99,772.53,1401.02,1034.64,0.3828,traffic sign,True,True,167.5,mtsd-p12
SAM 3,traffic sign,grp2_3855fec5-20251223_150427.jpg,E:\2. UM-Student\MSC Dissertation\Urban-Vision-Benchmark\Datasets\MTSD\Prepared\MTSD-Unaugmented\MTSD-YOLO\test\images\grp2_3855fec5-20251223_150427.jpg,1502.46,698.63,1807.17,2211.47,0.7969,traffic sign,True,True,201.1,mtsd-p12
SAM 3,traffic sign,grp2_3855fec5-20251223_150427.jpg,E:\2. UM-Student\MSC Dissertation\Urban-Vision-Benchmark\Datasets\MTSD\Prepared\MTSD-Unaugmented\MTSD-YOLO\test\images\grp2_3855fec5-20251223_150427.jpg,1115.68,2149.14,2116.45,4066.2,0.7656,traffic sign,True,True,201.1,mtsd-p12
SAM 3,traffic sign,grp2_3d2ae4e7-IMG_20251223_114602.jpg,E:\2. UM-Student\MSC Dissertation\Urban-Vision-Benchmark\Datasets\MTSD\Prepared\MTSD-Unaugmented\MTSD-YOLO\test\images\grp2_3d2ae4e7-IMG_20251223_114602.jpg,,,,,,<no detections>,False,True,145.6,mtsd-p12
SAM 3,traffic sign,grp2_3e9d99d7-IMG_20251223_122636.jpg,E:\2. UM-Student\MSC Dissertation\Urban-Vision-Benchmark\Datasets\MTSD\Prepared\MTSD-Unaugmented\MTSD-YOLO\test\images\grp2_3e9d99d7-IMG_20251223_122636.jpg,1204.19,863.59,1858.87,1503.37,0.8477,traffic sign,True,True,223.1,mtsd-p12
SAM 3,traffic sign,grp2_3e9d99d7-IMG_20251223_122636.jpg,E:\2. UM-Student\MSC Dissertation\Urban-Vision-Benchmark\Datasets\MTSD\Prepared\MTSD-Unaugmented\MTSD-YOLO\test\images\grp2_3e9d99d7-IMG_20251223_122636.jpg,1225.25,1518.29,1743.35,2028.63,0.8359,traffic sign,True,True,223.1,mtsd-p12
SAM 3,traffic sign,grp2_3e9d99d7-IMG_20251223_122636.jpg,E:\2. UM-Student\MSC Dissertation\Urban-Vision-Benchmark\Datasets\MTSD\Prepared\MTSD-Unaugmented\MTSD-YOLO\test\images\grp2_3e9d99d7-IMG_20251223_122636.jpg,1202.69,870.19,1855.78,3478.57,0.4805,traffic sign,True,True,223.1,mtsd-p12
SAM 3,traffic sign,grp2_4155f545-MP_0066.jpg,E:\2. UM-Student\MSC Dissertation\Urban-Vision-Benchmark\Datasets\MTSD\Prepared\MTSD-Unaugmented\MTSD-YOLO\test\images\grp2_4155f545-MP_0066.jpg,,,,,,<no detections>,False,True,134.9,mtsd-p12
SAM 3,traffic sign,grp2_421f593e-20251224_132616.jpg,E:\2. UM-Student\MSC Dissertation\Urban-Vision-Benchmark\Datasets\MTSD\Prepared\MTSD-Unaugmented\MTSD-YOLO\test\images\grp2_421f593e-20251224_132616.jpg,837.67,938.74,2327.69,2699.91,0.6562,traffic sign,True,True,289.3,mtsd-p12
SAM 3,traffic sign,grp2_421f593e-20251224_132616.jpg,E:\2. UM-Student\MSC Dissertation\Urban-Vision-Benchmark\Datasets\MTSD\Prepared\MTSD-Unaugmented\MTSD-YOLO\test\images\grp2_421f593e-20251224_132616.jpg,2443.06,3897.12,2493.58,3962.58,0.5312,traffic sign,True,True,289.3,mtsd-p12
SAM 3,traffic sign,grp2_421f593e-20251224_132616.jpg,E:\2. UM-Student\MSC Dissertation\Urban-Vision-Benchmark\Datasets\MTSD\Prepared\MTSD-Unaugmented\MTSD-YOLO\test\images\grp2_421f593e-20251224_132616.jpg,625.08,3577.06,706.75,3779.84,0.375,traffic sign,True,True,289.3,mtsd-p12
SAM 3,traffic sign,grp2_477681c7-21.front.jpg,E:\2. UM-Student\MSC Dissertation\Urban-Vision-Benchmark\Datasets\MTSD\Prepared\MTSD-Unaugmented\MTSD-YOLO\test\images\grp2_477681c7-21.front.jpg,867.78,1037.43,1342.17,1509.47,0.9102,traffic sign,True,True,155.8,mtsd-p12
SAM 3,traffic sign,grp2_477681c7-21.front.jpg,E:\2. UM-Student\MSC Dissertation\Urban-Vision-Benchmark\Datasets\MTSD\Prepared\MTSD-Unaugmented\MTSD-YOLO\test\images\grp2_477681c7-21.front.jpg,865.75,1032.22,1341.81,3239.34,0.3984,traffic sign,True,True,155.8,mtsd-p12
SAM 3,traffic sign,grp2_4acb7340-20251223_155105.jpg,E:\2. UM-Student\MSC Dissertation\Urban-Vision-Benchmark\Datasets\MTSD\Prepared\MTSD-Unaugmented\MTSD-YOLO\test\images\grp2_4acb7340-20251223_155105.jpg,38.93,2754.0,87.58,2873.07,0.6836,traffic sign,True,True,224.2,mtsd-p12
SAM 3,traffic sign,grp2_4acb7340-20251223_155105.jpg,E:\2. UM-Student\MSC Dissertation\Urban-Vision-Benchmark\Datasets\MTSD\Prepared\MTSD-Unaugmented\MTSD-YOLO\test\images\grp2_4acb7340-20251223_155105.jpg,1165.28,1188.45,1938.91,1967.85,0.6758,traffic sign,True,True,224.2,mtsd-p12
SAM 3,traffic sign,grp2_4acb7340-20251223_155105.jpg,E:\2. UM-Student\MSC Dissertation\Urban-Vision-Benchmark\Datasets\MTSD\Prepared\MTSD-Unaugmented\MTSD-YOLO\test\images\grp2_4acb7340-20251223_155105.jpg,1169.51,1193.1,1937.31,4080.0,0.6328,traffic sign,True,True,224.2,mtsd-p12
SAM 3,traffic sign,grp2_4acb7340-20251223_155105.jpg,E:\2. UM-Student\MSC Dissertation\Urban-Vision-Benchmark\Datasets\MTSD\Prepared\MTSD-Unaugmented\MTSD-YOLO\test\images\grp2_4acb7340-20251223_155105.jpg,28.55,2753.46,89.63,3274.13,0.4258,traffic sign,True,True,224.2,mtsd-p12
SAM 3,traffic sign,grp2_5061299f-MP_0130.jpg,E:\2. UM-Student\MSC Dissertation\Urban-Vision-Benchmark\Datasets\MTSD\Prepared\MTSD-Unaugmented\MTSD-YOLO\test\images\grp2_5061299f-MP_0130.jpg,771.76,573.17,1585.35,1572.53,0.6953,traffic sign,True,True,196.9,mtsd-p12
SAM 3,traffic sign,grp2_5061299f-MP_0130.jpg,E:\2. UM-Student\MSC Dissertation\Urban-Vision-Benchmark\Datasets\MTSD\Prepared\MTSD-Unaugmented\MTSD-YOLO\test\images\grp2_5061299f-MP_0130.jpg,772.73,575.75,1584.88,3801.96,0.4375,traffic sign,True,True,196.9,mtsd-p12
SAM 3,traffic sign,grp2_5061299f-MP_0130.jpg,E:\2. UM-Student\MSC Dissertation\Urban-Vision-Benchmark\Datasets\MTSD\Prepared\MTSD-Unaugmented\MTSD-YOLO\test\images\grp2_5061299f-MP_0130.jpg,932.45,2488.2,969.63,2530.01,0.4043,traffic sign,True,True,196.9,mtsd-p12
SAM 3,traffic sign,grp2_5dd50184-MP_0013.jpg,E:\2. UM-Student\MSC Dissertation\Urban-Vision-Benchmark\Datasets\MTSD\Prepared\MTSD-Unaugmented\MTSD-YOLO\test\images\grp2_5dd50184-MP_0013.jpg,1262.34,781.98,1407.53,1613.76,0.7227,traffic sign,True,True,306.2,mtsd-p12
SAM 3,traffic sign,grp2_5dd50184-MP_0013.jpg,E:\2. UM-Student\MSC Dissertation\Urban-Vision-Benchmark\Datasets\MTSD\Prepared\MTSD-Unaugmented\MTSD-YOLO\test\images\grp2_5dd50184-MP_0013.jpg,1121.88,695.34,1422.86,4096.0,0.3027,traffic sign,True,True,306.2,mtsd-p12
SAM 3,traffic sign,grp2_5e8f002c-IMG_20251223_132013.jpg,E:\2. UM-Student\MSC Dissertation\Urban-Vision-Benchmark\Datasets\MTSD\Prepared\MTSD-Unaugmented\MTSD-YOLO\test\images\grp2_5e8f002c-IMG_20251223_132013.jpg,1253.61,1197.1,1782.08,1728.6,0.8828,traffic sign,True,True,271.4,mtsd-p12
SAM 3,traffic sign,grp2_5e8f002c-IMG_20251223_132013.jpg,E:\2. UM-Student\MSC Dissertation\Urban-Vision-Benchmark\Datasets\MTSD\Prepared\MTSD-Unaugmented\MTSD-YOLO\test\images\grp2_5e8f002c-IMG_20251223_132013.jpg,2654.07,1908.2,2763.47,2194.85,0.5742,traffic sign,True,True,271.4,mtsd-p12
SAM 3,traffic sign,grp2_5e8f002c-IMG_20251223_132013.jpg,E:\2. UM-Student\MSC Dissertation\Urban-Vision-Benchmark\Datasets\MTSD\Prepared\MTSD-Unaugmented\MTSD-YOLO\test\images\grp2_5e8f002c-IMG_20251223_132013.jpg,2662.3,2106.6,2762.35,2197.92,0.4355,traffic sign,True,True,271.4,mtsd-p12
SAM 3,traffic sign,grp2_5e8f002c-IMG_20251223_132013.jpg,E:\2. UM-Student\MSC Dissertation\Urban-Vision-Benchmark\Datasets\MTSD\Prepared\MTSD-Unaugmented\MTSD-YOLO\test\images\grp2_5e8f002c-IMG_20251223_132013.jpg,2668.97,2012.61,2755.63,2108.59,0.4297,traffic sign,True,True,271.4,mtsd-p12
SAM 3,traffic sign,grp2_5e8f002c-IMG_20251223_132013.jpg,E:\2. UM-Student\MSC Dissertation\Urban-Vision-Benchmark\Datasets\MTSD\Prepared\MTSD-Unaugmented\MTSD-YOLO\test\images\grp2_5e8f002c-IMG_20251223_132013.jpg,2653.76,1918.47,2754.21,2028.87,0.4258,traffic sign,True,True,271.4,mtsd-p12
SAM 3,traffic sign,grp2_5e8f002c-IMG_20251223_132013.jpg,E:\2. UM-Student\MSC Dissertation\Urban-Vision-Benchmark\Datasets\MTSD\Prepared\MTSD-Unaugmented\MTSD-YOLO\test\images\grp2_5e8f002c-IMG_20251223_132013.jpg,1250.12,1190.19,1782.17,3538.6,0.4199,traffic sign,True,True,271.4,mtsd-p12
SAM 3,traffic sign,grp2_62c50d8e-20251230_121740.jpg,E:\2. UM-Student\MSC Dissertation\Urban-Vision-Benchmark\Datasets\MTSD\Prepared\MTSD-Unaugmented\MTSD-YOLO\test\images\grp2_62c50d8e-20251230_121740.jpg,1469.24,1027.84,1792.5,2069.71,0.8906,traffic sign,True,True,176.4,mtsd-p12
SAM 3,traffic sign,grp2_62c50d8e-20251230_121740.jpg,E:\2. UM-Student\MSC Dissertation\Urban-Vision-Benchmark\Datasets\MTSD\Prepared\MTSD-Unaugmented\MTSD-YOLO\test\images\grp2_62c50d8e-20251230_121740.jpg,1473.67,1037.34,1869.79,4053.65,0.418,traffic sign,True,True,176.4,mtsd-p12
SAM 3,traffic sign,grp2_76c73962-MP_0139.jpg,E:\2. UM-Student\MSC Dissertation\Urban-Vision-Benchmark\Datasets\MTSD\Prepared\MTSD-Unaugmented\MTSD-YOLO\test\images\grp2_76c73962-MP_0139.jpg,,,,,,<no detections>,False,True,139.6,mtsd-p12
SAM 3,traffic sign,grp2_797d9987-MP_0038.jpg,E:\2. UM-Student\MSC Dissertation\Urban-Vision-Benchmark\Datasets\MTSD\Prepared\MTSD-Unaugmented\MTSD-YOLO\test\images\grp2_797d9987-MP_0038.jpg,786.86,187.14,1861.74,1260.22,0.8516,traffic sign,True,True,202.4,mtsd-p12
SAM 3,traffic sign,grp2_7ad50d73-MP_0075.jpg,E:\2. UM-Student\MSC Dissertation\Urban-Vision-Benchmark\Datasets\MTSD\Prepared\MTSD-Unaugmented\MTSD-YOLO\test\images\grp2_7ad50d73-MP_0075.jpg,587.12,142.24,1562.56,1081.32,0.5039,traffic sign,True,True,171.4,mtsd-p12
SAM 3,traffic sign,grp2_7bccf907-IMG_20251223_114643.jpg,E:\2. UM-Student\MSC Dissertation\Urban-Vision-Benchmark\Datasets\MTSD\Prepared\MTSD-Unaugmented\MTSD-YOLO\test\images\grp2_7bccf907-IMG_20251223_114643.jpg,1132.23,1647.9,1438.75,2026.33,0.8828,traffic sign,True,True,223.0,mtsd-p12
SAM 3,traffic sign,grp2_7bccf907-IMG_20251223_114643.jpg,E:\2. UM-Student\MSC Dissertation\Urban-Vision-Benchmark\Datasets\MTSD\Prepared\MTSD-Unaugmented\MTSD-YOLO\test\images\grp2_7bccf907-IMG_20251223_114643.jpg,720.94,1646.43,914.85,1833.31,0.6406,traffic sign,True,True,223.0,mtsd-p12
SAM 3,traffic sign,grp2_8042282f-20251223_150231.jpg,E:\2. UM-Student\MSC Dissertation\Urban-Vision-Benchmark\Datasets\MTSD\Prepared\MTSD-Unaugmented\MTSD-YOLO\test\images\grp2_8042282f-20251223_150231.jpg,1159.24,0.0,1752.74,1978.37,0.8906,traffic sign,True,True,237.4,mtsd-p12
SAM 3,traffic sign,grp2_85bab424-IMG_20251223_120632.jpg,E:\2. UM-Student\MSC Dissertation\Urban-Vision-Benchmark\Datasets\MTSD\Prepared\MTSD-Unaugmented\MTSD-YOLO\test\images\grp2_85bab424-IMG_20251223_120632.jpg,1341.81,1195.21,1798.23,1699.9,0.75,traffic sign,True,True,187.8,mtsd-p12
SAM 3,traffic sign,grp2_85bab424-IMG_20251223_120632.jpg,E:\2. UM-Student\MSC Dissertation\Urban-Vision-Benchmark\Datasets\MTSD\Prepared\MTSD-Unaugmented\MTSD-YOLO\test\images\grp2_85bab424-IMG_20251223_120632.jpg,1339.71,1191.27,1798.01,3626.94,0.6523,traffic sign,True,True,187.8,mtsd-p12
SAM 3,traffic sign,grp2_86560763-IMG_20251223_113000.jpg,E:\2. UM-Student\MSC Dissertation\Urban-Vision-Benchmark\Datasets\MTSD\Prepared\MTSD-Unaugmented\MTSD-YOLO\test\images\grp2_86560763-IMG_20251223_113000.jpg,147.19,2068.9,248.99,2192.81,0.7969,traffic sign,True,True,339.7,mtsd-p12
SAM 3,traffic sign,grp2_86560763-IMG_20251223_113000.jpg,E:\2. UM-Student\MSC Dissertation\Urban-Vision-Benchmark\Datasets\MTSD\Prepared\MTSD-Unaugmented\MTSD-YOLO\test\images\grp2_86560763-IMG_20251223_113000.jpg,835.69,2170.35,870.44,2208.86,0.6562,traffic sign,True,True,339.7,mtsd-p12
SAM 3,traffic sign,grp2_86560763-IMG_20251223_113000.jpg,E:\2. UM-Student\MSC Dissertation\Urban-Vision-Benchmark\Datasets\MTSD\Prepared\MTSD-Unaugmented\MTSD-YOLO\test\images\grp2_86560763-IMG_20251223_113000.jpg,1465.29,2106.14,1532.59,2201.55,0.5625,traffic sign,True,True,339.7,mtsd-p12
SAM 3,traffic sign,grp2_86560763-IMG_20251223_113000.jpg,E:\2. UM-Student\MSC Dissertation\Urban-Vision-Benchmark\Datasets\MTSD\Prepared\MTSD-Unaugmented\MTSD-YOLO\test\images\grp2_86560763-IMG_20251223_113000.jpg,1680.78,1951.3,1833.48,2019.15,0.5156,traffic sign,True,True,339.7,mtsd-p12
SAM 3,traffic sign,grp2_86560763-IMG_20251223_113000.jpg,E:\2. UM-Student\MSC Dissertation\Urban-Vision-Benchmark\Datasets\MTSD\Prepared\MTSD-Unaugmented\MTSD-YOLO\test\images\grp2_86560763-IMG_20251223_113000.jpg,1009.14,1390.27,1627.3,2007.56,0.3535,traffic sign,True,True,339.7,mtsd-p12
SAM 3,traffic sign,grp2_888b1f4f-MP_0074.jpg,E:\2. UM-Student\MSC Dissertation\Urban-Vision-Benchmark\Datasets\MTSD\Prepared\MTSD-Unaugmented\MTSD-YOLO\test\images\grp2_888b1f4f-MP_0074.jpg,479.24,865.77,1177.24,1493.91,0.9336,traffic sign,True,True,192.3,mtsd-p12
SAM 3,traffic sign,grp2_888b1f4f-MP_0074.jpg,E:\2. UM-Student\MSC Dissertation\Urban-Vision-Benchmark\Datasets\MTSD\Prepared\MTSD-Unaugmented\MTSD-YOLO\test\images\grp2_888b1f4f-MP_0074.jpg,2615.02,223.86,2965.09,544.78,0.3105,traffic sign,True,True,192.3,mtsd-p12
SAM 3,traffic sign,grp2_920c4f4e-20251223_152507.jpg,E:\2. UM-Student\MSC Dissertation\Urban-Vision-Benchmark\Datasets\MTSD\Prepared\MTSD-Unaugmented\MTSD-YOLO\test\images\grp2_920c4f4e-20251223_152507.jpg,,,,,,<no detections>,False,True,143.9,mtsd-p12
SAM 3,traffic sign,grp2_9272e80b-20251230_124926.jpg,E:\2. UM-Student\MSC Dissertation\Urban-Vision-Benchmark\Datasets\MTSD\Prepared\MTSD-Unaugmented\MTSD-YOLO\test\images\grp2_9272e80b-20251230_124926.jpg,1066.95,1189.05,2354.95,2495.21,0.8945,traffic sign,True,True,202.4,mtsd-p12
SAM 3,traffic sign,grp2_9288cb02-IMG_20251223_114539.jpg,E:\2. UM-Student\MSC Dissertation\Urban-Vision-Benchmark\Datasets\MTSD\Prepared\MTSD-Unaugmented\MTSD-YOLO\test\images\grp2_9288cb02-IMG_20251223_114539.jpg,1353.21,1463.47,1894.48,2012.67,0.4688,traffic sign,True,True,250.8,mtsd-p12
SAM 3,traffic sign,grp2_9288cb02-IMG_20251223_114539.jpg,E:\2. UM-Student\MSC Dissertation\Urban-Vision-Benchmark\Datasets\MTSD\Prepared\MTSD-Unaugmented\MTSD-YOLO\test\images\grp2_9288cb02-IMG_20251223_114539.jpg,7.13,1937.15,91.81,2056.42,0.4492,traffic sign,True,True,250.8,mtsd-p12
SAM 3,traffic sign,grp2_983dc626-30.side.jpg,E:\2. UM-Student\MSC Dissertation\Urban-Vision-Benchmark\Datasets\MTSD\Prepared\MTSD-Unaugmented\MTSD-YOLO\test\images\grp2_983dc626-30.side.jpg,1291.61,1065.72,1377.8,1593.73,0.6641,traffic sign,True,True,171.9,mtsd-p12
SAM 3,traffic sign,grp2_98bbb72b-IMG_20251224_113143.jpg,E:\2. UM-Student\MSC Dissertation\Urban-Vision-Benchmark\Datasets\MTSD\Prepared\MTSD-Unaugmented\MTSD-YOLO\test\images\grp2_98bbb72b-IMG_20251224_113143.jpg,,,,,,<no detections>,False,True,146.3,mtsd-p12
SAM 3,traffic sign,grp2_9c71fd6a-20251223_153024.jpg,E:\2. UM-Student\MSC Dissertation\Urban-Vision-Benchmark\Datasets\MTSD\Prepared\MTSD-Unaugmented\MTSD-YOLO\test\images\grp2_9c71fd6a-20251223_153024.jpg,,,,,,<no detections>,False,True,151.6,mtsd-p12
SAM 3,traffic sign,grp2_a8531ee5-IMG_20251223_131712.jpg,E:\2. UM-Student\MSC Dissertation\Urban-Vision-Benchmark\Datasets\MTSD\Prepared\MTSD-Unaugmented\MTSD-YOLO\test\images\grp2_a8531ee5-IMG_20251223_131712.jpg,,,,,,<no detections>,False,True,167.5,mtsd-p12
SAM 3,traffic sign,grp2_ab84ff33-MP_0056.jpg,E:\2. UM-Student\MSC Dissertation\Urban-Vision-Benchmark\Datasets\MTSD\Prepared\MTSD-Unaugmented\MTSD-YOLO\test\images\grp2_ab84ff33-MP_0056.jpg,966.33,202.5,1856.05,1095.61,0.9141,traffic sign,True,True,230.5,mtsd-p12
SAM 3,traffic sign,grp2_ab84ff33-MP_0056.jpg,E:\2. UM-Student\MSC Dissertation\Urban-Vision-Benchmark\Datasets\MTSD\Prepared\MTSD-Unaugmented\MTSD-YOLO\test\images\grp2_ab84ff33-MP_0056.jpg,962.53,209.19,1855.47,4092.04,0.4062,traffic sign,True,True,230.5,mtsd-p12
SAM 3,traffic sign,grp2_ab9b17dd-34.back.jpg,E:\2. UM-Student\MSC Dissertation\Urban-Vision-Benchmark\Datasets\MTSD\Prepared\MTSD-Unaugmented\MTSD-YOLO\test\images\grp2_ab9b17dd-34.back.jpg,1418.71,2128.14,1500.53,2210.78,0.8164,traffic sign,True,True,284.0,mtsd-p12
SAM 3,traffic sign,grp2_ab9b17dd-34.back.jpg,E:\2. UM-Student\MSC Dissertation\Urban-Vision-Benchmark\Datasets\MTSD\Prepared\MTSD-Unaugmented\MTSD-YOLO\test\images\grp2_ab9b17dd-34.back.jpg,2042.93,2232.0,2096.72,2286.41,0.6992,traffic sign,True,True,284.0,mtsd-p12
SAM 3,traffic sign,grp2_ab9b17dd-34.back.jpg,E:\2. UM-Student\MSC Dissertation\Urban-Vision-Benchmark\Datasets\MTSD\Prepared\MTSD-Unaugmented\MTSD-YOLO\test\images\grp2_ab9b17dd-34.back.jpg,933.38,1379.04,1022.2,1866.49,0.6094,traffic sign,True,True,284.0,mtsd-p12
SAM 3,traffic sign,grp2_ab9b17dd-34.back.jpg,E:\2. UM-Student\MSC Dissertation\Urban-Vision-Benchmark\Datasets\MTSD\Prepared\MTSD-Unaugmented\MTSD-YOLO\test\images\grp2_ab9b17dd-34.back.jpg,1712.43,2242.36,1738.83,2272.97,0.5859,traffic sign,True,True,284.0,mtsd-p12
SAM 3,traffic sign,grp2_ab9b17dd-34.back.jpg,E:\2. UM-Student\MSC Dissertation\Urban-Vision-Benchmark\Datasets\MTSD\Prepared\MTSD-Unaugmented\MTSD-YOLO\test\images\grp2_ab9b17dd-34.back.jpg,889.89,757.43,1370.46,1268.13,0.3926,traffic sign,True,True,284.0,mtsd-p12
SAM 3,traffic sign,grp2_ab9b17dd-34.back.jpg,E:\2. UM-Student\MSC Dissertation\Urban-Vision-Benchmark\Datasets\MTSD\Prepared\MTSD-Unaugmented\MTSD-YOLO\test\images\grp2_ab9b17dd-34.back.jpg,1666.45,2277.04,1687.27,2307.26,0.3828,traffic sign,True,True,284.0,mtsd-p12
SAM 3,traffic sign,grp2_b430b918-IMG_20251223_132103.jpg,E:\2. UM-Student\MSC Dissertation\Urban-Vision-Benchmark\Datasets\MTSD\Prepared\MTSD-Unaugmented\MTSD-YOLO\test\images\grp2_b430b918-IMG_20251223_132103.jpg,,,,,,<no detections>,False,True,141.3,mtsd-p12
SAM 3,traffic sign,grp2_b7da3d82-20251230_123417.jpg,E:\2. UM-Student\MSC Dissertation\Urban-Vision-Benchmark\Datasets\MTSD\Prepared\MTSD-Unaugmented\MTSD-YOLO\test\images\grp2_b7da3d82-20251230_123417.jpg,1217.35,969.17,2061.87,1818.72,0.918,traffic sign,True,True,223.1,mtsd-p12
SAM 3,traffic sign,grp2_b7da3d82-20251230_123417.jpg,E:\2. UM-Student\MSC Dissertation\Urban-Vision-Benchmark\Datasets\MTSD\Prepared\MTSD-Unaugmented\MTSD-YOLO\test\images\grp2_b7da3d82-20251230_123417.jpg,1734.56,1604.42,2278.19,2148.18,0.334,traffic sign,True,True,223.1,mtsd-p12
SAM 3,traffic sign,grp2_b9e760b0-IMG_20251223_125447.jpg,E:\2. UM-Student\MSC Dissertation\Urban-Vision-Benchmark\Datasets\MTSD\Prepared\MTSD-Unaugmented\MTSD-YOLO\test\images\grp2_b9e760b0-IMG_20251223_125447.jpg,1447.0,2280.12,1521.57,2360.08,0.8789,traffic sign,True,True,278.1,mtsd-p12
SAM 3,traffic sign,grp2_b9e760b0-IMG_20251223_125447.jpg,E:\2. UM-Student\MSC Dissertation\Urban-Vision-Benchmark\Datasets\MTSD\Prepared\MTSD-Unaugmented\MTSD-YOLO\test\images\grp2_b9e760b0-IMG_20251223_125447.jpg,882.73,2251.28,965.49,2331.87,0.875,traffic sign,True,True,278.1,mtsd-p12
SAM 3,traffic sign,grp2_b9e760b0-IMG_20251223_125447.jpg,E:\2. UM-Student\MSC Dissertation\Urban-Vision-Benchmark\Datasets\MTSD\Prepared\MTSD-Unaugmented\MTSD-YOLO\test\images\grp2_b9e760b0-IMG_20251223_125447.jpg,1221.81,2292.06,1249.3,2323.13,0.7344,traffic sign,True,True,278.1,mtsd-p12
SAM 3,traffic sign,grp2_b9e760b0-IMG_20251223_125447.jpg,E:\2. UM-Student\MSC Dissertation\Urban-Vision-Benchmark\Datasets\MTSD\Prepared\MTSD-Unaugmented\MTSD-YOLO\test\images\grp2_b9e760b0-IMG_20251223_125447.jpg,991.14,2269.04,1025.73,2319.56,0.6875,traffic sign,True,True,278.1,mtsd-p12
SAM 3,traffic sign,grp2_b9e760b0-IMG_20251223_125447.jpg,E:\2. UM-Student\MSC Dissertation\Urban-Vision-Benchmark\Datasets\MTSD\Prepared\MTSD-Unaugmented\MTSD-YOLO\test\images\grp2_b9e760b0-IMG_20251223_125447.jpg,893.48,878.99,1991.31,1945.06,0.5391,traffic sign,True,True,278.1,mtsd-p12
SAM 3,traffic sign,grp2_b9e760b0-IMG_20251223_125447.jpg,E:\2. UM-Student\MSC Dissertation\Urban-Vision-Benchmark\Datasets\MTSD\Prepared\MTSD-Unaugmented\MTSD-YOLO\test\images\grp2_b9e760b0-IMG_20251223_125447.jpg,1449.05,2276.06,1521.88,2594.68,0.3965,traffic sign,True,True,278.1,mtsd-p12
SAM 3,traffic sign,grp2_bf4582b0-IMG_20251223_113056.jpg,E:\2. UM-Student\MSC Dissertation\Urban-Vision-Benchmark\Datasets\MTSD\Prepared\MTSD-Unaugmented\MTSD-YOLO\test\images\grp2_bf4582b0-IMG_20251223_113056.jpg,,,,,,<no detections>,False,True,158.0,mtsd-p12
SAM 3,traffic sign,grp2_bf551d52-MP_0136.jpg,E:\2. UM-Student\MSC Dissertation\Urban-Vision-Benchmark\Datasets\MTSD\Prepared\MTSD-Unaugmented\MTSD-YOLO\test\images\grp2_bf551d52-MP_0136.jpg,608.58,1333.11,2452.15,1611.86,0.8086,traffic sign,True,True,172.7,mtsd-p12
SAM 3,traffic sign,grp2_bf551d52-MP_0136.jpg,E:\2. UM-Student\MSC Dissertation\Urban-Vision-Benchmark\Datasets\MTSD\Prepared\MTSD-Unaugmented\MTSD-YOLO\test\images\grp2_bf551d52-MP_0136.jpg,0.0,1884.85,1204.41,2268.0,0.3281,traffic sign,True,True,172.7,mtsd-p12
SAM 3,traffic sign,grp2_c39d026a-IMG_20251223_125605.jpg,E:\2. UM-Student\MSC Dissertation\Urban-Vision-Benchmark\Datasets\MTSD\Prepared\MTSD-Unaugmented\MTSD-YOLO\test\images\grp2_c39d026a-IMG_20251223_125605.jpg,,,,,,<no detections>,False,True,155.0,mtsd-p12
SAM 3,traffic sign,grp2_c96ca64e-MP_0098.jpg,E:\2. UM-Student\MSC Dissertation\Urban-Vision-Benchmark\Datasets\MTSD\Prepared\MTSD-Unaugmented\MTSD-YOLO\test\images\grp2_c96ca64e-MP_0098.jpg,99.82,819.49,881.68,1600.26,0.9297,traffic sign,True,True,169.4,mtsd-p12
SAM 3,traffic sign,grp2_c96ca64e-MP_0098.jpg,E:\2. UM-Student\MSC Dissertation\Urban-Vision-Benchmark\Datasets\MTSD\Prepared\MTSD-Unaugmented\MTSD-YOLO\test\images\grp2_c96ca64e-MP_0098.jpg,90.84,820.21,3965.15,1605.43,0.418,traffic sign,True,True,169.4,mtsd-p12
SAM 3,traffic sign,grp2_ccff3003-MP_0047.jpg,E:\2. UM-Student\MSC Dissertation\Urban-Vision-Benchmark\Datasets\MTSD\Prepared\MTSD-Unaugmented\MTSD-YOLO\test\images\grp2_ccff3003-MP_0047.jpg,2707.01,1633.0,2956.96,1871.43,0.8867,traffic sign,True,True,231.4,mtsd-p12
SAM 3,traffic sign,grp2_ccff3003-MP_0047.jpg,E:\2. UM-Student\MSC Dissertation\Urban-Vision-Benchmark\Datasets\MTSD\Prepared\MTSD-Unaugmented\MTSD-YOLO\test\images\grp2_ccff3003-MP_0047.jpg,1005.96,771.38,1162.15,1534.9,0.8047,traffic sign,True,True,231.4,mtsd-p12
SAM 3,traffic sign,grp2_ccff3003-MP_0047.jpg,E:\2. UM-Student\MSC Dissertation\Urban-Vision-Benchmark\Datasets\MTSD\Prepared\MTSD-Unaugmented\MTSD-YOLO\test\images\grp2_ccff3003-MP_0047.jpg,2703.08,1875.78,2946.71,2111.16,0.7695,traffic sign,True,True,231.4,mtsd-p12
SAM 3,traffic sign,grp2_ccff3003-MP_0047.jpg,E:\2. UM-Student\MSC Dissertation\Urban-Vision-Benchmark\Datasets\MTSD\Prepared\MTSD-Unaugmented\MTSD-YOLO\test\images\grp2_ccff3003-MP_0047.jpg,979.69,766.79,1466.38,4076.57,0.4023,traffic sign,True,True,231.4,mtsd-p12
SAM 3,traffic sign,grp2_ccff3003-MP_0047.jpg,E:\2. UM-Student\MSC Dissertation\Urban-Vision-Benchmark\Datasets\MTSD\Prepared\MTSD-Unaugmented\MTSD-YOLO\test\images\grp2_ccff3003-MP_0047.jpg,2696.65,1631.13,2956.37,2376.0,0.3965,traffic sign,True,True,231.4,mtsd-p12
SAM 3,traffic sign,grp2_ced8bffa-14.front.jpg,E:\2. UM-Student\MSC Dissertation\Urban-Vision-Benchmark\Datasets\MTSD\Prepared\MTSD-Unaugmented\MTSD-YOLO\test\images\grp2_ced8bffa-14.front.jpg,636.42,1035.08,1253.91,1651.93,0.9336,traffic sign,True,True,184.9,mtsd-p12
SAM 3,traffic sign,grp2_d1fa2493-20251230_123128.jpg,E:\2. UM-Student\MSC Dissertation\Urban-Vision-Benchmark\Datasets\MTSD\Prepared\MTSD-Unaugmented\MTSD-YOLO\test\images\grp2_d1fa2493-20251230_123128.jpg,763.9,537.16,2102.25,1898.14,0.8867,traffic sign,True,True,163.4,mtsd-p12
SAM 3,traffic sign,grp2_d1fa2493-20251230_123128.jpg,E:\2. UM-Student\MSC Dissertation\Urban-Vision-Benchmark\Datasets\MTSD\Prepared\MTSD-Unaugmented\MTSD-YOLO\test\images\grp2_d1fa2493-20251230_123128.jpg,764.56,540.83,2113.21,4080.0,0.3496,traffic sign,True,True,163.4,mtsd-p12
SAM 3,traffic sign,grp2_d201b393-MP_0004.jpg,E:\2. UM-Student\MSC Dissertation\Urban-Vision-Benchmark\Datasets\MTSD\Prepared\MTSD-Unaugmented\MTSD-YOLO\test\images\grp2_d201b393-MP_0004.jpg,889.49,1083.18,1893.65,2066.47,0.9141,traffic sign,True,True,270.7,mtsd-p12
SAM 3,traffic sign,grp2_d201b393-MP_0004.jpg,E:\2. UM-Student\MSC Dissertation\Urban-Vision-Benchmark\Datasets\MTSD\Prepared\MTSD-Unaugmented\MTSD-YOLO\test\images\grp2_d201b393-MP_0004.jpg,2856.38,1094.77,3072.0,1895.7,0.875,traffic sign,True,True,270.7,mtsd-p12
SAM 3,traffic sign,grp2_d201b393-MP_0004.jpg,E:\2. UM-Student\MSC Dissertation\Urban-Vision-Benchmark\Datasets\MTSD\Prepared\MTSD-Unaugmented\MTSD-YOLO\test\images\grp2_d201b393-MP_0004.jpg,513.65,2345.79,552.12,2391.26,0.7578,traffic sign,True,True,270.7,mtsd-p12
SAM 3,traffic sign,grp2_d201b393-MP_0004.jpg,E:\2. UM-Student\MSC Dissertation\Urban-Vision-Benchmark\Datasets\MTSD\Prepared\MTSD-Unaugmented\MTSD-YOLO\test\images\grp2_d201b393-MP_0004.jpg,714.95,1774.64,960.06,1985.25,0.582,traffic sign,True,True,270.7,mtsd-p12
SAM 3,traffic sign,grp2_d201b393-MP_0004.jpg,E:\2. UM-Student\MSC Dissertation\Urban-Vision-Benchmark\Datasets\MTSD\Prepared\MTSD-Unaugmented\MTSD-YOLO\test\images\grp2_d201b393-MP_0004.jpg,553.45,2358.24,588.87,2397.61,0.5,traffic sign,True,True,270.7,mtsd-p12
SAM 3,traffic sign,grp2_d201b393-MP_0004.jpg,E:\2. UM-Student\MSC Dissertation\Urban-Vision-Benchmark\Datasets\MTSD\Prepared\MTSD-Unaugmented\MTSD-YOLO\test\images\grp2_d201b393-MP_0004.jpg,889.2,1078.98,1897.26,4096.0,0.4785,traffic sign,True,True,270.7,mtsd-p12
SAM 3,traffic sign,grp2_d3fe8c38-MP_0046.jpg,E:\2. UM-Student\MSC Dissertation\Urban-Vision-Benchmark\Datasets\MTSD\Prepared\MTSD-Unaugmented\MTSD-YOLO\test\images\grp2_d3fe8c38-MP_0046.jpg,960.25,340.08,1854.92,1287.47,0.6016,traffic sign,True,True,214.8,mtsd-p12
SAM 3,traffic sign,grp2_d3fe8c38-MP_0046.jpg,E:\2. UM-Student\MSC Dissertation\Urban-Vision-Benchmark\Datasets\MTSD\Prepared\MTSD-Unaugmented\MTSD-YOLO\test\images\grp2_d3fe8c38-MP_0046.jpg,959.16,344.52,1855.37,4023.19,0.3613,traffic sign,True,True,214.8,mtsd-p12
SAM 3,traffic sign,grp2_d71e8065-MP_0021.jpg,E:\2. UM-Student\MSC Dissertation\Urban-Vision-Benchmark\Datasets\MTSD\Prepared\MTSD-Unaugmented\MTSD-YOLO\test\images\grp2_d71e8065-MP_0021.jpg,818.03,237.54,1819.92,1245.56,0.7891,traffic sign,True,True,682.0,mtsd-p12
SAM 3,traffic sign,grp2_d71e8065-MP_0021.jpg,E:\2. UM-Student\MSC Dissertation\Urban-Vision-Benchmark\Datasets\MTSD\Prepared\MTSD-Unaugmented\MTSD-YOLO\test\images\grp2_d71e8065-MP_0021.jpg,2970.59,2061.79,3069.18,2153.33,0.7656,traffic sign,True,True,682.0,mtsd-p12
SAM 3,traffic sign,grp2_d71e8065-MP_0021.jpg,E:\2. UM-Student\MSC Dissertation\Urban-Vision-Benchmark\Datasets\MTSD\Prepared\MTSD-Unaugmented\MTSD-YOLO\test\images\grp2_d71e8065-MP_0021.jpg,845.73,1117.64,1819.27,1566.37,0.7578,traffic sign,True,True,682.0,mtsd-p12
SAM 3,traffic sign,grp2_d71e8065-MP_0021.jpg,E:\2. UM-Student\MSC Dissertation\Urban-Vision-Benchmark\Datasets\MTSD\Prepared\MTSD-Unaugmented\MTSD-YOLO\test\images\grp2_d71e8065-MP_0021.jpg,38.46,2366.58,142.03,2467.03,0.7539,traffic sign,True,True,682.0,mtsd-p12
SAM 3,traffic sign,grp2_d71e8065-MP_0021.jpg,E:\2. UM-Student\MSC Dissertation\Urban-Vision-Benchmark\Datasets\MTSD\Prepared\MTSD-Unaugmented\MTSD-YOLO\test\images\grp2_d71e8065-MP_0021.jpg,2947.54,1946.24,3068.45,2054.88,0.7383,traffic sign,True,True,682.0,mtsd-p12
SAM 3,traffic sign,grp2_d71e8065-MP_0021.jpg,E:\2. UM-Student\MSC Dissertation\Urban-Vision-Benchmark\Datasets\MTSD\Prepared\MTSD-Unaugmented\MTSD-YOLO\test\images\grp2_d71e8065-MP_0021.jpg,0.0,2227.48,34.67,2317.99,0.6641,traffic sign,True,True,682.0,mtsd-p12
SAM 3,traffic sign,grp2_d71e8065-MP_0021.jpg,E:\2. UM-Student\MSC Dissertation\Urban-Vision-Benchmark\Datasets\MTSD\Prepared\MTSD-Unaugmented\MTSD-YOLO\test\images\grp2_d71e8065-MP_0021.jpg,1339.77,2173.58,1377.09,2267.52,0.6484,traffic sign,True,True,682.0,mtsd-p12
SAM 3,traffic sign,grp2_d71e8065-MP_0021.jpg,E:\2. UM-Student\MSC Dissertation\Urban-Vision-Benchmark\Datasets\MTSD\Prepared\MTSD-Unaugmented\MTSD-YOLO\test\images\grp2_d71e8065-MP_0021.jpg,1080.17,2165.27,1152.95,2237.08,0.5938,traffic sign,True,True,682.0,mtsd-p12
SAM 3,traffic sign,grp2_d71e8065-MP_0021.jpg,E:\2. UM-Student\MSC Dissertation\Urban-Vision-Benchmark\Datasets\MTSD\Prepared\MTSD-Unaugmented\MTSD-YOLO\test\images\grp2_d71e8065-MP_0021.jpg,449.17,2332.96,484.34,2387.04,0.5156,traffic sign,True,True,682.0,mtsd-p12
SAM 3,traffic sign,grp2_d71e8065-MP_0021.jpg,E:\2. UM-Student\MSC Dissertation\Urban-Vision-Benchmark\Datasets\MTSD\Prepared\MTSD-Unaugmented\MTSD-YOLO\test\images\grp2_d71e8065-MP_0021.jpg,822.81,236.04,1850.82,4060.71,0.4551,traffic sign,True,True,682.0,mtsd-p12
SAM 3,traffic sign,grp2_d71e8065-MP_0021.jpg,E:\2. UM-Student\MSC Dissertation\Urban-Vision-Benchmark\Datasets\MTSD\Prepared\MTSD-Unaugmented\MTSD-YOLO\test\images\grp2_d71e8065-MP_0021.jpg,2331.3,1753.75,2512.13,2582.52,0.4141,traffic sign,True,True,682.0,mtsd-p12
SAM 3,traffic sign,grp2_d71e8065-MP_0021.jpg,E:\2. UM-Student\MSC Dissertation\Urban-Vision-Benchmark\Datasets\MTSD\Prepared\MTSD-Unaugmented\MTSD-YOLO\test\images\grp2_d71e8065-MP_0021.jpg,678.1,2277.66,705.11,2314.92,0.4102,traffic sign,True,True,682.0,mtsd-p12
SAM 3,traffic sign,grp2_d71e8065-MP_0021.jpg,E:\2. UM-Student\MSC Dissertation\Urban-Vision-Benchmark\Datasets\MTSD\Prepared\MTSD-Unaugmented\MTSD-YOLO\test\images\grp2_d71e8065-MP_0021.jpg,2951.26,1949.78,3070.45,2270.22,0.4004,traffic sign,True,True,682.0,mtsd-p12
SAM 3,traffic sign,grp2_d71e8065-MP_0021.jpg,E:\2. UM-Student\MSC Dissertation\Urban-Vision-Benchmark\Datasets\MTSD\Prepared\MTSD-Unaugmented\MTSD-YOLO\test\images\grp2_d71e8065-MP_0021.jpg,2868.86,2046.29,2934.86,2286.93,0.4004,traffic sign,True,True,682.0,mtsd-p12
SAM 3,traffic sign,grp2_d71e8065-MP_0021.jpg,E:\2. UM-Student\MSC Dissertation\Urban-Vision-Benchmark\Datasets\MTSD\Prepared\MTSD-Unaugmented\MTSD-YOLO\test\images\grp2_d71e8065-MP_0021.jpg,1182.02,3974.61,1360.82,4096.0,0.3984,traffic sign,True,True,682.0,mtsd-p12
SAM 3,traffic sign,grp2_d71e8065-MP_0021.jpg,E:\2. UM-Student\MSC Dissertation\Urban-Vision-Benchmark\Datasets\MTSD\Prepared\MTSD-Unaugmented\MTSD-YOLO\test\images\grp2_d71e8065-MP_0021.jpg,2540.61,2149.05,2594.06,2204.0,0.3887,traffic sign,True,True,682.0,mtsd-p12
SAM 3,traffic sign,grp2_d71e8065-MP_0021.jpg,E:\2. UM-Student\MSC Dissertation\Urban-Vision-Benchmark\Datasets\MTSD\Prepared\MTSD-Unaugmented\MTSD-YOLO\test\images\grp2_d71e8065-MP_0021.jpg,2607.84,2162.83,2657.63,2265.45,0.373,traffic sign,True,True,682.0,mtsd-p12
SAM 3,traffic sign,grp2_d71e8065-MP_0021.jpg,E:\2. UM-Student\MSC Dissertation\Urban-Vision-Benchmark\Datasets\MTSD\Prepared\MTSD-Unaugmented\MTSD-YOLO\test\images\grp2_d71e8065-MP_0021.jpg,1080.87,2166.63,1153.81,2352.49,0.3438,traffic sign,True,True,682.0,mtsd-p12
SAM 3,traffic sign,grp2_e074406f-IMG_20251223_115520.jpg,E:\2. UM-Student\MSC Dissertation\Urban-Vision-Benchmark\Datasets\MTSD\Prepared\MTSD-Unaugmented\MTSD-YOLO\test\images\grp2_e074406f-IMG_20251223_115520.jpg,1815.46,3022.47,1879.81,3130.0,0.668,traffic sign,True,True,352.1,mtsd-p12
SAM 3,traffic sign,grp2_e074406f-IMG_20251223_115520.jpg,E:\2. UM-Student\MSC Dissertation\Urban-Vision-Benchmark\Datasets\MTSD\Prepared\MTSD-Unaugmented\MTSD-YOLO\test\images\grp2_e074406f-IMG_20251223_115520.jpg,458.14,3086.96,521.7,3145.8,0.6484,traffic sign,True,True,352.1,mtsd-p12
SAM 3,traffic sign,grp2_e074406f-IMG_20251223_115520.jpg,E:\2. UM-Student\MSC Dissertation\Urban-Vision-Benchmark\Datasets\MTSD\Prepared\MTSD-Unaugmented\MTSD-YOLO\test\images\grp2_e074406f-IMG_20251223_115520.jpg,806.26,3118.37,874.32,3177.04,0.6055,traffic sign,True,True,352.1,mtsd-p12
SAM 3,traffic sign,grp2_e074406f-IMG_20251223_115520.jpg,E:\2. UM-Student\MSC Dissertation\Urban-Vision-Benchmark\Datasets\MTSD\Prepared\MTSD-Unaugmented\MTSD-YOLO\test\images\grp2_e074406f-IMG_20251223_115520.jpg,1236.27,1435.35,1764.75,1964.87,0.3965,traffic sign,True,True,352.1,mtsd-p12
SAM 3,traffic sign,grp2_e074406f-IMG_20251223_115520.jpg,E:\2. UM-Student\MSC Dissertation\Urban-Vision-Benchmark\Datasets\MTSD\Prepared\MTSD-Unaugmented\MTSD-YOLO\test\images\grp2_e074406f-IMG_20251223_115520.jpg,900.53,3114.98,930.01,3143.93,0.3359,traffic sign,True,True,352.1,mtsd-p12
SAM 3,traffic sign,grp2_e074406f-IMG_20251223_115520.jpg,E:\2. UM-Student\MSC Dissertation\Urban-Vision-Benchmark\Datasets\MTSD\Prepared\MTSD-Unaugmented\MTSD-YOLO\test\images\grp2_e074406f-IMG_20251223_115520.jpg,1707.04,2874.94,1741.25,3035.38,0.332,traffic sign,True,True,352.1,mtsd-p12
SAM 3,traffic sign,grp2_e074406f-IMG_20251223_115520.jpg,E:\2. UM-Student\MSC Dissertation\Urban-Vision-Benchmark\Datasets\MTSD\Prepared\MTSD-Unaugmented\MTSD-YOLO\test\images\grp2_e074406f-IMG_20251223_115520.jpg,1778.66,3236.22,1828.17,3325.97,0.3262,traffic sign,True,True,352.1,mtsd-p12
SAM 3,traffic sign,grp2_e44be02a-MP_0116.jpg,E:\2. UM-Student\MSC Dissertation\Urban-Vision-Benchmark\Datasets\MTSD\Prepared\MTSD-Unaugmented\MTSD-YOLO\test\images\grp2_e44be02a-MP_0116.jpg,,,,,,<no detections>,False,True,140.4,mtsd-p12
SAM 3,traffic sign,grp2_e46067a0-MP_0166.jpg,E:\2. UM-Student\MSC Dissertation\Urban-Vision-Benchmark\Datasets\MTSD\Prepared\MTSD-Unaugmented\MTSD-YOLO\test\images\grp2_e46067a0-MP_0166.jpg,,,,,,<no detections>,False,True,151.5,mtsd-p12
SAM 3,traffic sign,grp2_e55dea8e-MP_0157.jpg,E:\2. UM-Student\MSC Dissertation\Urban-Vision-Benchmark\Datasets\MTSD\Prepared\MTSD-Unaugmented\MTSD-YOLO\test\images\grp2_e55dea8e-MP_0157.jpg,1283.95,1302.08,2014.98,2020.68,0.918,traffic sign,True,True,172.9,mtsd-p12
SAM 3,traffic sign,grp2_e55dea8e-MP_0157.jpg,E:\2. UM-Student\MSC Dissertation\Urban-Vision-Benchmark\Datasets\MTSD\Prepared\MTSD-Unaugmented\MTSD-YOLO\test\images\grp2_e55dea8e-MP_0157.jpg,1282.21,2026.06,2032.89,2408.1,0.8711,traffic sign,True,True,172.9,mtsd-p12
SAM 3,traffic sign,grp2_ed201818-17.back.jpg,E:\2. UM-Student\MSC Dissertation\Urban-Vision-Benchmark\Datasets\MTSD\Prepared\MTSD-Unaugmented\MTSD-YOLO\test\images\grp2_ed201818-17.back.jpg,865.41,1512.88,1417.81,2070.42,0.9375,traffic sign,True,True,200.2,mtsd-p12
SAM 3,traffic sign,grp2_ed201818-17.back.jpg,E:\2. UM-Student\MSC Dissertation\Urban-Vision-Benchmark\Datasets\MTSD\Prepared\MTSD-Unaugmented\MTSD-YOLO\test\images\grp2_ed201818-17.back.jpg,707.75,833.37,1465.55,1505.74,0.9336,traffic sign,True,True,200.2,mtsd-p12
SAM 3,traffic sign,grp2_ed201818-17.back.jpg,E:\2. UM-Student\MSC Dissertation\Urban-Vision-Benchmark\Datasets\MTSD\Prepared\MTSD-Unaugmented\MTSD-YOLO\test\images\grp2_ed201818-17.back.jpg,825.71,1092.35,1369.38,1410.83,0.3926,traffic sign,True,True,200.2,mtsd-p12
SAM 3,traffic sign,grp2_ee20554d-MP_0115.jpg,E:\2. UM-Student\MSC Dissertation\Urban-Vision-Benchmark\Datasets\MTSD\Prepared\MTSD-Unaugmented\MTSD-YOLO\test\images\grp2_ee20554d-MP_0115.jpg,,,,,,<no detections>,False,True,140.2,mtsd-p12
SAM 3,traffic sign,grp2_f082e9d0-02.side.jpg,E:\2. UM-Student\MSC Dissertation\Urban-Vision-Benchmark\Datasets\MTSD\Prepared\MTSD-Unaugmented\MTSD-YOLO\test\images\grp2_f082e9d0-02.side.jpg,,,,,,<no detections>,False,True,171.3,mtsd-p12
SAM 3,traffic sign,grp2_f69ebb76-IMG_20251227_110428.jpg,E:\2. UM-Student\MSC Dissertation\Urban-Vision-Benchmark\Datasets\MTSD\Prepared\MTSD-Unaugmented\MTSD-YOLO\test\images\grp2_f69ebb76-IMG_20251227_110428.jpg,1053.51,1388.32,1683.51,1995.45,0.5039,traffic sign,True,True,584.2,mtsd-p12
SAM 3,traffic sign,grp2_f69ebb76-IMG_20251227_110428.jpg,E:\2. UM-Student\MSC Dissertation\Urban-Vision-Benchmark\Datasets\MTSD\Prepared\MTSD-Unaugmented\MTSD-YOLO\test\images\grp2_f69ebb76-IMG_20251227_110428.jpg,920.85,2013.81,952.5,2048.46,0.3633,traffic sign,True,True,584.2,mtsd-p12
SAM 3,traffic sign,grp2_f69ebb76-IMG_20251227_110428.jpg,E:\2. UM-Student\MSC Dissertation\Urban-Vision-Benchmark\Datasets\MTSD\Prepared\MTSD-Unaugmented\MTSD-YOLO\test\images\grp2_f69ebb76-IMG_20251227_110428.jpg,1755.56,1932.74,1840.13,2002.92,0.3359,traffic sign,True,True,584.2,mtsd-p12
SAM 3,traffic sign,grp2_f69ebb76-IMG_20251227_110428.jpg,E:\2. UM-Student\MSC Dissertation\Urban-Vision-Benchmark\Datasets\MTSD\Prepared\MTSD-Unaugmented\MTSD-YOLO\test\images\grp2_f69ebb76-IMG_20251227_110428.jpg,1848.65,1951.16,1898.89,2022.38,0.3281,traffic sign,True,True,584.2,mtsd-p12
SAM 3,traffic sign,grp2_f6e60d8b-33.front.back.jpg,E:\2. UM-Student\MSC Dissertation\Urban-Vision-Benchmark\Datasets\MTSD\Prepared\MTSD-Unaugmented\MTSD-YOLO\test\images\grp2_f6e60d8b-33.front.back.jpg,902.22,1524.76,1356.76,1965.33,0.8867,traffic sign,True,True,221.9,mtsd-p12
SAM 3,traffic sign,grp3_09e3faa9-IMG_20251203_121602.jpg,E:\2. UM-Student\MSC Dissertation\Urban-Vision-Benchmark\Datasets\MTSD\Prepared\MTSD-Unaugmented\MTSD-YOLO\test\images\grp3_09e3faa9-IMG_20251203_121602.jpg,1203.36,882.39,2229.61,1735.6,0.9219,traffic sign,True,True,219.6,mtsd-p12
SAM 3,traffic sign,grp3_09e3faa9-IMG_20251203_121602.jpg,E:\2. UM-Student\MSC Dissertation\Urban-Vision-Benchmark\Datasets\MTSD\Prepared\MTSD-Unaugmented\MTSD-YOLO\test\images\grp3_09e3faa9-IMG_20251203_121602.jpg,833.96,1244.68,1275.37,2693.82,0.3613,traffic sign,True,True,219.6,mtsd-p12
SAM 3,traffic sign,grp3_09e3faa9-IMG_20251203_121602.jpg,E:\2. UM-Student\MSC Dissertation\Urban-Vision-Benchmark\Datasets\MTSD\Prepared\MTSD-Unaugmented\MTSD-YOLO\test\images\grp3_09e3faa9-IMG_20251203_121602.jpg,2521.21,3055.33,2549.3,3097.87,0.3223,traffic sign,True,True,219.6,mtsd-p12
SAM 3,traffic sign,grp3_13fcb840-IMG_20251203_093318.jpg,E:\2. UM-Student\MSC Dissertation\Urban-Vision-Benchmark\Datasets\MTSD\Prepared\MTSD-Unaugmented\MTSD-YOLO\test\images\grp3_13fcb840-IMG_20251203_093318.jpg,1144.95,316.17,2011.65,1371.62,0.7422,traffic sign,True,True,201.7,mtsd-p12
SAM 3,traffic sign,grp3_13fcb840-IMG_20251203_093318.jpg,E:\2. UM-Student\MSC Dissertation\Urban-Vision-Benchmark\Datasets\MTSD\Prepared\MTSD-Unaugmented\MTSD-YOLO\test\images\grp3_13fcb840-IMG_20251203_093318.jpg,467.29,2098.27,519.87,2146.62,0.625,traffic sign,True,True,201.7,mtsd-p12
SAM 3,traffic sign,grp3_13fcb840-IMG_20251203_093318.jpg,E:\2. UM-Student\MSC Dissertation\Urban-Vision-Benchmark\Datasets\MTSD\Prepared\MTSD-Unaugmented\MTSD-YOLO\test\images\grp3_13fcb840-IMG_20251203_093318.jpg,1150.44,306.58,2008.25,4080.0,0.5391,traffic sign,True,True,201.7,mtsd-p12
SAM 3,traffic sign,grp3_16b18930-IMG_4415.jpeg,E:\2. UM-Student\MSC Dissertation\Urban-Vision-Benchmark\Datasets\MTSD\Prepared\MTSD-Unaugmented\MTSD-YOLO\test\images\grp3_16b18930-IMG_4415.jpeg,1310.6,1446.55,1832.45,1951.49,0.8984,traffic sign,True,True,179.5,mtsd-p12
SAM 3,traffic sign,grp3_16b18930-IMG_4415.jpeg,E:\2. UM-Student\MSC Dissertation\Urban-Vision-Benchmark\Datasets\MTSD\Prepared\MTSD-Unaugmented\MTSD-YOLO\test\images\grp3_16b18930-IMG_4415.jpeg,1306.91,1441.42,1833.08,3674.87,0.3555,traffic sign,True,True,179.5,mtsd-p12
SAM 3,traffic sign,grp3_17e38feb-20251129_115024.jpg,E:\2. UM-Student\MSC Dissertation\Urban-Vision-Benchmark\Datasets\MTSD\Prepared\MTSD-Unaugmented\MTSD-YOLO\test\images\grp3_17e38feb-20251129_115024.jpg,884.87,1699.46,1668.42,2539.29,0.8906,traffic sign,True,True,329.7,mtsd-p12
SAM 3,traffic sign,grp3_17e38feb-20251129_115024.jpg,E:\2. UM-Student\MSC Dissertation\Urban-Vision-Benchmark\Datasets\MTSD\Prepared\MTSD-Unaugmented\MTSD-YOLO\test\images\grp3_17e38feb-20251129_115024.jpg,2755.14,3113.95,2810.98,3177.26,0.8242,traffic sign,True,True,329.7,mtsd-p12
SAM 3,traffic sign,grp3_17e38feb-20251129_115024.jpg,E:\2. UM-Student\MSC Dissertation\Urban-Vision-Benchmark\Datasets\MTSD\Prepared\MTSD-Unaugmented\MTSD-YOLO\test\images\grp3_17e38feb-20251129_115024.jpg,1822.51,3224.03,1872.71,3286.99,0.793,traffic sign,True,True,329.7,mtsd-p12
SAM 3,traffic sign,grp3_17e38feb-20251129_115024.jpg,E:\2. UM-Student\MSC Dissertation\Urban-Vision-Benchmark\Datasets\MTSD\Prepared\MTSD-Unaugmented\MTSD-YOLO\test\images\grp3_17e38feb-20251129_115024.jpg,883.31,1698.26,1669.16,4080.0,0.4707,traffic sign,True,True,329.7,mtsd-p12
SAM 3,traffic sign,grp3_17e38feb-20251129_115024.jpg,E:\2. UM-Student\MSC Dissertation\Urban-Vision-Benchmark\Datasets\MTSD\Prepared\MTSD-Unaugmented\MTSD-YOLO\test\images\grp3_17e38feb-20251129_115024.jpg,2291.97,3204.19,2315.83,3239.05,0.3262,traffic sign,True,True,329.7,mtsd-p12
SAM 3,traffic sign,grp3_19cc8708-IMG_20251203_095416.jpg,E:\2. UM-Student\MSC Dissertation\Urban-Vision-Benchmark\Datasets\MTSD\Prepared\MTSD-Unaugmented\MTSD-YOLO\test\images\grp3_19cc8708-IMG_20251203_095416.jpg,1155.3,1071.84,1822.36,1647.67,0.9062,traffic sign,True,True,173.1,mtsd-p12
SAM 3,traffic sign,grp3_22c38c39-IMG_4293.jpeg,E:\2. UM-Student\MSC Dissertation\Urban-Vision-Benchmark\Datasets\MTSD\Prepared\MTSD-Unaugmented\MTSD-YOLO\test\images\grp3_22c38c39-IMG_4293.jpeg,1320.24,1657.47,2096.92,2511.26,0.9375,traffic sign,True,True,169.3,mtsd-p12
SAM 3,traffic sign,grp3_22c38c39-IMG_4293.jpeg,E:\2. UM-Student\MSC Dissertation\Urban-Vision-Benchmark\Datasets\MTSD\Prepared\MTSD-Unaugmented\MTSD-YOLO\test\images\grp3_22c38c39-IMG_4293.jpeg,1848.87,1080.75,2400.23,1728.28,0.5039,traffic sign,True,True,169.3,mtsd-p12
SAM 3,traffic sign,grp3_25e08496-IMG_9116.jpg,E:\2. UM-Student\MSC Dissertation\Urban-Vision-Benchmark\Datasets\MTSD\Prepared\MTSD-Unaugmented\MTSD-YOLO\test\images\grp3_25e08496-IMG_9116.jpg,,,,,,<no detections>,False,True,243.8,mtsd-p12
SAM 3,traffic sign,grp3_2b9ed5a1-IMG_4416.jpeg,E:\2. UM-Student\MSC Dissertation\Urban-Vision-Benchmark\Datasets\MTSD\Prepared\MTSD-Unaugmented\MTSD-YOLO\test\images\grp3_2b9ed5a1-IMG_4416.jpeg,1376.0,1030.27,1996.55,2028.3,0.8984,traffic sign,True,True,194.3,mtsd-p12
SAM 3,traffic sign,grp3_2b9ed5a1-IMG_4416.jpeg,E:\2. UM-Student\MSC Dissertation\Urban-Vision-Benchmark\Datasets\MTSD\Prepared\MTSD-Unaugmented\MTSD-YOLO\test\images\grp3_2b9ed5a1-IMG_4416.jpeg,1376.55,1026.11,1991.29,4032.0,0.4707,traffic sign,True,True,194.3,mtsd-p12
SAM 3,traffic sign,grp3_3cee3d85-IMG_4285.jpeg,E:\2. UM-Student\MSC Dissertation\Urban-Vision-Benchmark\Datasets\MTSD\Prepared\MTSD-Unaugmented\MTSD-YOLO\test\images\grp3_3cee3d85-IMG_4285.jpeg,1194.09,1821.38,1936.66,2548.41,0.8945,traffic sign,True,True,243.9,mtsd-p12
SAM 3,traffic sign,grp3_3cee3d85-IMG_4285.jpeg,E:\2. UM-Student\MSC Dissertation\Urban-Vision-Benchmark\Datasets\MTSD\Prepared\MTSD-Unaugmented\MTSD-YOLO\test\images\grp3_3cee3d85-IMG_4285.jpeg,1384.2,2906.99,1496.29,3029.74,0.8359,traffic sign,True,True,243.9,mtsd-p12
SAM 3,traffic sign,grp3_3cee3d85-IMG_4285.jpeg,E:\2. UM-Student\MSC Dissertation\Urban-Vision-Benchmark\Datasets\MTSD\Prepared\MTSD-Unaugmented\MTSD-YOLO\test\images\grp3_3cee3d85-IMG_4285.jpeg,1227.85,1292.35,1896.04,1872.09,0.6836,traffic sign,True,True,243.9,mtsd-p12
SAM 3,traffic sign,grp3_3cee3d85-IMG_4285.jpeg,E:\2. UM-Student\MSC Dissertation\Urban-Vision-Benchmark\Datasets\MTSD\Prepared\MTSD-Unaugmented\MTSD-YOLO\test\images\grp3_3cee3d85-IMG_4285.jpeg,1379.93,2794.11,1520.33,2947.72,0.668,traffic sign,True,True,243.9,mtsd-p12
SAM 3,traffic sign,grp3_458db4bf-IMG_9314.jpg,E:\2. UM-Student\MSC Dissertation\Urban-Vision-Benchmark\Datasets\MTSD\Prepared\MTSD-Unaugmented\MTSD-YOLO\test\images\grp3_458db4bf-IMG_9314.jpg,,,,,,<no detections>,False,True,216.6,mtsd-p12
SAM 3,traffic sign,grp3_4d14c289-20251129_122448.jpg,E:\2. UM-Student\MSC Dissertation\Urban-Vision-Benchmark\Datasets\MTSD\Prepared\MTSD-Unaugmented\MTSD-YOLO\test\images\grp3_4d14c289-20251129_122448.jpg,1325.43,1152.55,1809.21,1766.58,0.8984,traffic sign,True,True,288.5,mtsd-p12
SAM 3,traffic sign,grp3_4d14c289-20251129_122448.jpg,E:\2. UM-Student\MSC Dissertation\Urban-Vision-Benchmark\Datasets\MTSD\Prepared\MTSD-Unaugmented\MTSD-YOLO\test\images\grp3_4d14c289-20251129_122448.jpg,1399.2,2545.43,1506.69,2690.14,0.8359,traffic sign,True,True,288.5,mtsd-p12
SAM 3,traffic sign,grp3_4d14c289-20251129_122448.jpg,E:\2. UM-Student\MSC Dissertation\Urban-Vision-Benchmark\Datasets\MTSD\Prepared\MTSD-Unaugmented\MTSD-YOLO\test\images\grp3_4d14c289-20251129_122448.jpg,1263.47,1922.99,1796.65,2599.51,0.7031,traffic sign,True,True,288.5,mtsd-p12
SAM 3,traffic sign,grp3_4d14c289-20251129_122448.jpg,E:\2. UM-Student\MSC Dissertation\Urban-Vision-Benchmark\Datasets\MTSD\Prepared\MTSD-Unaugmented\MTSD-YOLO\test\images\grp3_4d14c289-20251129_122448.jpg,1537.09,3822.58,1863.09,4079.57,0.5547,traffic sign,True,True,288.5,mtsd-p12
SAM 3,traffic sign,grp3_4d14c289-20251129_122448.jpg,E:\2. UM-Student\MSC Dissertation\Urban-Vision-Benchmark\Datasets\MTSD\Prepared\MTSD-Unaugmented\MTSD-YOLO\test\images\grp3_4d14c289-20251129_122448.jpg,1126.99,1084.2,1612.52,1929.05,0.5273,traffic sign,True,True,288.5,mtsd-p12
SAM 3,traffic sign,grp3_4d14c289-20251129_122448.jpg,E:\2. UM-Student\MSC Dissertation\Urban-Vision-Benchmark\Datasets\MTSD\Prepared\MTSD-Unaugmented\MTSD-YOLO\test\images\grp3_4d14c289-20251129_122448.jpg,1144.85,1077.15,1811.5,4073.24,0.3848,traffic sign,True,True,288.5,mtsd-p12
SAM 3,traffic sign,grp3_4d14c289-20251129_122448.jpg,E:\2. UM-Student\MSC Dissertation\Urban-Vision-Benchmark\Datasets\MTSD\Prepared\MTSD-Unaugmented\MTSD-YOLO\test\images\grp3_4d14c289-20251129_122448.jpg,1398.33,2534.27,1490.9,3473.55,0.3633,traffic sign,True,True,288.5,mtsd-p12
SAM 3,traffic sign,grp3_4d14c289-20251129_122448.jpg,E:\2. UM-Student\MSC Dissertation\Urban-Vision-Benchmark\Datasets\MTSD\Prepared\MTSD-Unaugmented\MTSD-YOLO\test\images\grp3_4d14c289-20251129_122448.jpg,1403.02,2730.25,1460.98,2894.64,0.3184,traffic sign,True,True,288.5,mtsd-p12
SAM 3,traffic sign,grp3_4daf8454-IMG_4356.jpeg,E:\2. UM-Student\MSC Dissertation\Urban-Vision-Benchmark\Datasets\MTSD\Prepared\MTSD-Unaugmented\MTSD-YOLO\test\images\grp3_4daf8454-IMG_4356.jpeg,735.29,3080.98,893.29,3246.13,0.8984,traffic sign,True,True,356.0,mtsd-p12
SAM 3,traffic sign,grp3_4daf8454-IMG_4356.jpeg,E:\2. UM-Student\MSC Dissertation\Urban-Vision-Benchmark\Datasets\MTSD\Prepared\MTSD-Unaugmented\MTSD-YOLO\test\images\grp3_4daf8454-IMG_4356.jpeg,1290.08,1713.84,1889.02,2307.67,0.8672,traffic sign,True,True,356.0,mtsd-p12
SAM 3,traffic sign,grp3_4daf8454-IMG_4356.jpeg,E:\2. UM-Student\MSC Dissertation\Urban-Vision-Benchmark\Datasets\MTSD\Prepared\MTSD-Unaugmented\MTSD-YOLO\test\images\grp3_4daf8454-IMG_4356.jpeg,1295.85,2982.91,1363.86,3063.02,0.8359,traffic sign,True,True,356.0,mtsd-p12
SAM 3,traffic sign,grp3_4daf8454-IMG_4356.jpeg,E:\2. UM-Student\MSC Dissertation\Urban-Vision-Benchmark\Datasets\MTSD\Prepared\MTSD-Unaugmented\MTSD-YOLO\test\images\grp3_4daf8454-IMG_4356.jpeg,294.77,2957.6,338.96,3039.31,0.8125,traffic sign,True,True,356.0,mtsd-p12
SAM 3,traffic sign,grp3_4daf8454-IMG_4356.jpeg,E:\2. UM-Student\MSC Dissertation\Urban-Vision-Benchmark\Datasets\MTSD\Prepared\MTSD-Unaugmented\MTSD-YOLO\test\images\grp3_4daf8454-IMG_4356.jpeg,754.64,2925.66,904.31,3085.3,0.8125,traffic sign,True,True,356.0,mtsd-p12
SAM 3,traffic sign,grp3_4daf8454-IMG_4356.jpeg,E:\2. UM-Student\MSC Dissertation\Urban-Vision-Benchmark\Datasets\MTSD\Prepared\MTSD-Unaugmented\MTSD-YOLO\test\images\grp3_4daf8454-IMG_4356.jpeg,752.14,2732.67,951.08,2917.03,0.7852,traffic sign,True,True,356.0,mtsd-p12
SAM 3,traffic sign,grp3_4daf8454-IMG_4356.jpeg,E:\2. UM-Student\MSC Dissertation\Urban-Vision-Benchmark\Datasets\MTSD\Prepared\MTSD-Unaugmented\MTSD-YOLO\test\images\grp3_4daf8454-IMG_4356.jpeg,2187.36,3025.08,2232.34,3079.05,0.7539,traffic sign,True,True,356.0,mtsd-p12
SAM 3,traffic sign,grp3_4daf8454-IMG_4356.jpeg,E:\2. UM-Student\MSC Dissertation\Urban-Vision-Benchmark\Datasets\MTSD\Prepared\MTSD-Unaugmented\MTSD-YOLO\test\images\grp3_4daf8454-IMG_4356.jpeg,1666.84,2965.24,1716.68,3075.34,0.6172,traffic sign,True,True,356.0,mtsd-p12
SAM 3,traffic sign,grp3_4daf8454-IMG_4356.jpeg,E:\2. UM-Student\MSC Dissertation\Urban-Vision-Benchmark\Datasets\MTSD\Prepared\MTSD-Unaugmented\MTSD-YOLO\test\images\grp3_4daf8454-IMG_4356.jpeg,1287.74,1711.7,1886.86,4032.0,0.4883,traffic sign,True,True,356.0,mtsd-p12
SAM 3,traffic sign,grp3_4daf8454-IMG_4356.jpeg,E:\2. UM-Student\MSC Dissertation\Urban-Vision-Benchmark\Datasets\MTSD\Prepared\MTSD-Unaugmented\MTSD-YOLO\test\images\grp3_4daf8454-IMG_4356.jpeg,742.91,2730.75,945.02,3663.52,0.459,traffic sign,True,True,356.0,mtsd-p12
SAM 3,traffic sign,grp3_4daf8454-IMG_4356.jpeg,E:\2. UM-Student\MSC Dissertation\Urban-Vision-Benchmark\Datasets\MTSD\Prepared\MTSD-Unaugmented\MTSD-YOLO\test\images\grp3_4daf8454-IMG_4356.jpeg,2705.03,3023.85,2773.81,3096.91,0.4551,traffic sign,True,True,356.0,mtsd-p12
SAM 3,traffic sign,grp3_4daf8454-IMG_4356.jpeg,E:\2. UM-Student\MSC Dissertation\Urban-Vision-Benchmark\Datasets\MTSD\Prepared\MTSD-Unaugmented\MTSD-YOLO\test\images\grp3_4daf8454-IMG_4356.jpeg,277.2,3301.96,329.48,3475.67,0.4551,traffic sign,True,True,356.0,mtsd-p12
SAM 3,traffic sign,grp3_4daf8454-IMG_4356.jpeg,E:\2. UM-Student\MSC Dissertation\Urban-Vision-Benchmark\Datasets\MTSD\Prepared\MTSD-Unaugmented\MTSD-YOLO\test\images\grp3_4daf8454-IMG_4356.jpeg,266.41,2965.12,342.2,3370.96,0.4277,traffic sign,True,True,356.0,mtsd-p12
SAM 3,traffic sign,grp3_5881a320-IMG_9141.jpg,E:\2. UM-Student\MSC Dissertation\Urban-Vision-Benchmark\Datasets\MTSD\Prepared\MTSD-Unaugmented\MTSD-YOLO\test\images\grp3_5881a320-IMG_9141.jpg,0.0,5256.94,73.26,5366.83,0.6445,traffic sign,True,True,276.1,mtsd-p12
SAM 3,traffic sign,grp3_5881a320-IMG_9141.jpg,E:\2. UM-Student\MSC Dissertation\Urban-Vision-Benchmark\Datasets\MTSD\Prepared\MTSD-Unaugmented\MTSD-YOLO\test\images\grp3_5881a320-IMG_9141.jpg,2083.67,3205.91,2856.85,4557.94,0.4727,traffic sign,True,True,276.1,mtsd-p12
SAM 3,traffic sign,grp3_5881a320-IMG_9141.jpg,E:\2. UM-Student\MSC Dissertation\Urban-Vision-Benchmark\Datasets\MTSD\Prepared\MTSD-Unaugmented\MTSD-YOLO\test\images\grp3_5881a320-IMG_9141.jpg,1545.8,2013.51,2770.97,5712.0,0.3672,traffic sign,True,True,276.1,mtsd-p12
SAM 3,traffic sign,grp3_5881a320-IMG_9141.jpg,E:\2. UM-Student\MSC Dissertation\Urban-Vision-Benchmark\Datasets\MTSD\Prepared\MTSD-Unaugmented\MTSD-YOLO\test\images\grp3_5881a320-IMG_9141.jpg,1527.24,1996.69,2771.22,3157.78,0.3633,traffic sign,True,True,276.1,mtsd-p12
SAM 3,traffic sign,grp3_5a350ee3-IMG_9144.jpg,E:\2. UM-Student\MSC Dissertation\Urban-Vision-Benchmark\Datasets\MTSD\Prepared\MTSD-Unaugmented\MTSD-YOLO\test\images\grp3_5a350ee3-IMG_9144.jpg,1527.08,1913.35,2598.21,2915.79,0.8984,traffic sign,True,True,357.7,mtsd-p12
SAM 3,traffic sign,grp3_5a350ee3-IMG_9144.jpg,E:\2. UM-Student\MSC Dissertation\Urban-Vision-Benchmark\Datasets\MTSD\Prepared\MTSD-Unaugmented\MTSD-YOLO\test\images\grp3_5a350ee3-IMG_9144.jpg,1763.48,3235.4,1885.21,3845.52,0.8438,traffic sign,True,True,357.7,mtsd-p12
SAM 3,traffic sign,grp3_5a350ee3-IMG_9144.jpg,E:\2. UM-Student\MSC Dissertation\Urban-Vision-Benchmark\Datasets\MTSD\Prepared\MTSD-Unaugmented\MTSD-YOLO\test\images\grp3_5a350ee3-IMG_9144.jpg,1790.75,2888.05,1900.67,3239.19,0.8125,traffic sign,True,True,357.7,mtsd-p12
SAM 3,traffic sign,grp3_5a350ee3-IMG_9144.jpg,E:\2. UM-Student\MSC Dissertation\Urban-Vision-Benchmark\Datasets\MTSD\Prepared\MTSD-Unaugmented\MTSD-YOLO\test\images\grp3_5a350ee3-IMG_9144.jpg,2911.28,3569.21,2960.61,3794.79,0.5234,traffic sign,True,True,357.7,mtsd-p12
SAM 3,traffic sign,grp3_5a350ee3-IMG_9144.jpg,E:\2. UM-Student\MSC Dissertation\Urban-Vision-Benchmark\Datasets\MTSD\Prepared\MTSD-Unaugmented\MTSD-YOLO\test\images\grp3_5a350ee3-IMG_9144.jpg,2904.38,3567.98,2978.84,4638.53,0.4395,traffic sign,True,True,357.7,mtsd-p12
SAM 3,traffic sign,grp3_5a350ee3-IMG_9144.jpg,E:\2. UM-Student\MSC Dissertation\Urban-Vision-Benchmark\Datasets\MTSD\Prepared\MTSD-Unaugmented\MTSD-YOLO\test\images\grp3_5a350ee3-IMG_9144.jpg,1561.27,1912.4,2599.92,5712.0,0.3398,traffic sign,True,True,357.7,mtsd-p12
SAM 3,traffic sign,grp3_5a5ec99c-IMG_4369.jpeg,E:\2. UM-Student\MSC Dissertation\Urban-Vision-Benchmark\Datasets\MTSD\Prepared\MTSD-Unaugmented\MTSD-YOLO\test\images\grp3_5a5ec99c-IMG_4369.jpeg,1128.18,1334.58,2108.99,2244.65,0.9062,traffic sign,True,True,202.6,mtsd-p12
SAM 3,traffic sign,grp3_5a5ec99c-IMG_4369.jpeg,E:\2. UM-Student\MSC Dissertation\Urban-Vision-Benchmark\Datasets\MTSD\Prepared\MTSD-Unaugmented\MTSD-YOLO\test\images\grp3_5a5ec99c-IMG_4369.jpeg,1261.13,2893.27,1388.17,3059.25,0.7891,traffic sign,True,True,202.6,mtsd-p12
SAM 3,traffic sign,grp3_5a5ec99c-IMG_4369.jpeg,E:\2. UM-Student\MSC Dissertation\Urban-Vision-Benchmark\Datasets\MTSD\Prepared\MTSD-Unaugmented\MTSD-YOLO\test\images\grp3_5a5ec99c-IMG_4369.jpeg,1127.05,1322.79,2111.78,4032.0,0.3379,traffic sign,True,True,202.6,mtsd-p12
SAM 3,traffic sign,grp3_5a849df3-20251129_113801.jpg,E:\2. UM-Student\MSC Dissertation\Urban-Vision-Benchmark\Datasets\MTSD\Prepared\MTSD-Unaugmented\MTSD-YOLO\test\images\grp3_5a849df3-20251129_113801.jpg,1098.94,725.16,1831.24,1450.82,0.918,traffic sign,True,True,315.5,mtsd-p12
SAM 3,traffic sign,grp3_5a849df3-20251129_113801.jpg,E:\2. UM-Student\MSC Dissertation\Urban-Vision-Benchmark\Datasets\MTSD\Prepared\MTSD-Unaugmented\MTSD-YOLO\test\images\grp3_5a849df3-20251129_113801.jpg,1190.49,1462.57,1776.59,2018.81,0.9141,traffic sign,True,True,315.5,mtsd-p12
SAM 3,traffic sign,grp3_5a849df3-20251129_113801.jpg,E:\2. UM-Student\MSC Dissertation\Urban-Vision-Benchmark\Datasets\MTSD\Prepared\MTSD-Unaugmented\MTSD-YOLO\test\images\grp3_5a849df3-20251129_113801.jpg,2576.91,2580.22,2634.16,2653.92,0.7578,traffic sign,True,True,315.5,mtsd-p12
SAM 3,traffic sign,grp3_5a849df3-20251129_113801.jpg,E:\2. UM-Student\MSC Dissertation\Urban-Vision-Benchmark\Datasets\MTSD\Prepared\MTSD-Unaugmented\MTSD-YOLO\test\images\grp3_5a849df3-20251129_113801.jpg,2165.92,2667.42,2213.38,2731.33,0.5664,traffic sign,True,True,315.5,mtsd-p12
SAM 3,traffic sign,grp3_5a849df3-20251129_113801.jpg,E:\2. UM-Student\MSC Dissertation\Urban-Vision-Benchmark\Datasets\MTSD\Prepared\MTSD-Unaugmented\MTSD-YOLO\test\images\grp3_5a849df3-20251129_113801.jpg,2148.41,2585.19,2197.2,2667.86,0.5078,traffic sign,True,True,315.5,mtsd-p12
SAM 3,traffic sign,grp3_5a849df3-20251129_113801.jpg,E:\2. UM-Student\MSC Dissertation\Urban-Vision-Benchmark\Datasets\MTSD\Prepared\MTSD-Unaugmented\MTSD-YOLO\test\images\grp3_5a849df3-20251129_113801.jpg,1116.39,725.27,1827.89,4080.0,0.4082,traffic sign,True,True,315.5,mtsd-p12
SAM 3,traffic sign,grp3_5a849df3-20251129_113801.jpg,E:\2. UM-Student\MSC Dissertation\Urban-Vision-Benchmark\Datasets\MTSD\Prepared\MTSD-Unaugmented\MTSD-YOLO\test\images\grp3_5a849df3-20251129_113801.jpg,2146.37,2585.9,2230.72,2975.16,0.4043,traffic sign,True,True,315.5,mtsd-p12
SAM 3,traffic sign,grp3_5e7ebbc1-IMG_4337.jpeg,E:\2. UM-Student\MSC Dissertation\Urban-Vision-Benchmark\Datasets\MTSD\Prepared\MTSD-Unaugmented\MTSD-YOLO\test\images\grp3_5e7ebbc1-IMG_4337.jpeg,2099.99,1468.34,2659.11,1680.28,0.9258,traffic sign,True,True,197.5,mtsd-p12
SAM 3,traffic sign,grp3_5e7ebbc1-IMG_4337.jpeg,E:\2. UM-Student\MSC Dissertation\Urban-Vision-Benchmark\Datasets\MTSD\Prepared\MTSD-Unaugmented\MTSD-YOLO\test\images\grp3_5e7ebbc1-IMG_4337.jpeg,1583.16,1469.59,2136.65,1697.8,0.9258,traffic sign,True,True,197.5,mtsd-p12
SAM 3,traffic sign,grp3_5e84f6fa-20251129_114532.jpg,E:\2. UM-Student\MSC Dissertation\Urban-Vision-Benchmark\Datasets\MTSD\Prepared\MTSD-Unaugmented\MTSD-YOLO\test\images\grp3_5e84f6fa-20251129_114532.jpg,782.04,1262.5,1842.37,2247.07,0.9102,traffic sign,True,True,184.2,mtsd-p12
SAM 3,traffic sign,grp3_5e84f6fa-20251129_114532.jpg,E:\2. UM-Student\MSC Dissertation\Urban-Vision-Benchmark\Datasets\MTSD\Prepared\MTSD-Unaugmented\MTSD-YOLO\test\images\grp3_5e84f6fa-20251129_114532.jpg,2904.13,2767.3,2949.07,2812.54,0.7734,traffic sign,True,True,184.2,mtsd-p12
SAM 3,traffic sign,grp3_5e84f6fa-20251129_114532.jpg,E:\2. UM-Student\MSC Dissertation\Urban-Vision-Benchmark\Datasets\MTSD\Prepared\MTSD-Unaugmented\MTSD-YOLO\test\images\grp3_5e84f6fa-20251129_114532.jpg,780.18,1254.87,1844.55,4080.0,0.4043,traffic sign,True,True,184.2,mtsd-p12
SAM 3,traffic sign,grp3_62bcab50-IMG_20251203_121207.jpg,E:\2. UM-Student\MSC Dissertation\Urban-Vision-Benchmark\Datasets\MTSD\Prepared\MTSD-Unaugmented\MTSD-YOLO\test\images\grp3_62bcab50-IMG_20251203_121207.jpg,1056.04,494.26,2223.54,1697.98,0.6562,traffic sign,True,True,232.6,mtsd-p12
SAM 3,traffic sign,grp3_62bcab50-IMG_20251203_121207.jpg,E:\2. UM-Student\MSC Dissertation\Urban-Vision-Benchmark\Datasets\MTSD\Prepared\MTSD-Unaugmented\MTSD-YOLO\test\images\grp3_62bcab50-IMG_20251203_121207.jpg,1056.26,467.62,2234.63,4079.38,0.3359,traffic sign,True,True,232.6,mtsd-p12
SAM 3,traffic sign,grp3_64c9c943-IMG_20251203_121935.jpg,E:\2. UM-Student\MSC Dissertation\Urban-Vision-Benchmark\Datasets\MTSD\Prepared\MTSD-Unaugmented\MTSD-YOLO\test\images\grp3_64c9c943-IMG_20251203_121935.jpg,1309.72,494.35,1895.06,1244.49,0.5391,traffic sign,True,True,176.5,mtsd-p12
SAM 3,traffic sign,grp3_64c9c943-IMG_20251203_121935.jpg,E:\2. UM-Student\MSC Dissertation\Urban-Vision-Benchmark\Datasets\MTSD\Prepared\MTSD-Unaugmented\MTSD-YOLO\test\images\grp3_64c9c943-IMG_20251203_121935.jpg,1333.43,1227.85,1891.97,1989.52,0.5312,traffic sign,True,True,176.5,mtsd-p12
SAM 3,traffic sign,grp3_64c9c943-IMG_20251203_121935.jpg,E:\2. UM-Student\MSC Dissertation\Urban-Vision-Benchmark\Datasets\MTSD\Prepared\MTSD-Unaugmented\MTSD-YOLO\test\images\grp3_64c9c943-IMG_20251203_121935.jpg,1927.49,2484.4,1994.02,2583.83,0.4004,traffic sign,True,True,176.5,mtsd-p12
SAM 3,traffic sign,grp3_64c9c943-IMG_20251203_121935.jpg,E:\2. UM-Student\MSC Dissertation\Urban-Vision-Benchmark\Datasets\MTSD\Prepared\MTSD-Unaugmented\MTSD-YOLO\test\images\grp3_64c9c943-IMG_20251203_121935.jpg,1307.21,500.26,1896.22,3590.62,0.3555,traffic sign,True,True,176.5,mtsd-p12
SAM 3,traffic sign,grp3_66257b80-IMG_9242.jpg,E:\2. UM-Student\MSC Dissertation\Urban-Vision-Benchmark\Datasets\MTSD\Prepared\MTSD-Unaugmented\MTSD-YOLO\test\images\grp3_66257b80-IMG_9242.jpg,2023.53,584.62,2493.69,1909.08,0.8398,traffic sign,True,True,382.0,mtsd-p12
SAM 3,traffic sign,grp3_66257b80-IMG_9242.jpg,E:\2. UM-Student\MSC Dissertation\Urban-Vision-Benchmark\Datasets\MTSD\Prepared\MTSD-Unaugmented\MTSD-YOLO\test\images\grp3_66257b80-IMG_9242.jpg,2026.2,577.69,2520.3,5686.56,0.3086,traffic sign,True,True,382.0,mtsd-p12
SAM 3,traffic sign,grp3_6a5c994c-IMG_9361.jpg,E:\2. UM-Student\MSC Dissertation\Urban-Vision-Benchmark\Datasets\MTSD\Prepared\MTSD-Unaugmented\MTSD-YOLO\test\images\grp3_6a5c994c-IMG_9361.jpg,1832.76,1149.58,2523.0,2735.08,0.9297,traffic sign,True,True,388.2,mtsd-p12
SAM 3,traffic sign,grp3_6a5c994c-IMG_9361.jpg,E:\2. UM-Student\MSC Dissertation\Urban-Vision-Benchmark\Datasets\MTSD\Prepared\MTSD-Unaugmented\MTSD-YOLO\test\images\grp3_6a5c994c-IMG_9361.jpg,1613.32,3878.11,2736.64,4984.2,0.9258,traffic sign,True,True,388.2,mtsd-p12
SAM 3,traffic sign,grp3_6a5c994c-IMG_9361.jpg,E:\2. UM-Student\MSC Dissertation\Urban-Vision-Benchmark\Datasets\MTSD\Prepared\MTSD-Unaugmented\MTSD-YOLO\test\images\grp3_6a5c994c-IMG_9361.jpg,1920.27,2636.81,2423.33,3968.79,0.918,traffic sign,True,True,388.2,mtsd-p12
SAM 3,traffic sign,grp3_729363da-IMG_4319.jpeg,E:\2. UM-Student\MSC Dissertation\Urban-Vision-Benchmark\Datasets\MTSD\Prepared\MTSD-Unaugmented\MTSD-YOLO\test\images\grp3_729363da-IMG_4319.jpeg,1385.18,1507.32,1980.63,2156.85,0.8594,traffic sign,True,True,195.0,mtsd-p12
SAM 3,traffic sign,grp3_729363da-IMG_4319.jpeg,E:\2. UM-Student\MSC Dissertation\Urban-Vision-Benchmark\Datasets\MTSD\Prepared\MTSD-Unaugmented\MTSD-YOLO\test\images\grp3_729363da-IMG_4319.jpeg,1384.92,1503.04,1982.61,4032.0,0.5469,traffic sign,True,True,195.0,mtsd-p12
SAM 3,traffic sign,grp3_72ce7bb8-IMG_20251203_121930.jpg,E:\2. UM-Student\MSC Dissertation\Urban-Vision-Benchmark\Datasets\MTSD\Prepared\MTSD-Unaugmented\MTSD-YOLO\test\images\grp3_72ce7bb8-IMG_20251203_121930.jpg,1344.19,290.41,1873.96,939.88,0.9531,traffic sign,True,True,212.7,mtsd-p12
SAM 3,traffic sign,grp3_72ce7bb8-IMG_20251203_121930.jpg,E:\2. UM-Student\MSC Dissertation\Urban-Vision-Benchmark\Datasets\MTSD\Prepared\MTSD-Unaugmented\MTSD-YOLO\test\images\grp3_72ce7bb8-IMG_20251203_121930.jpg,1344.09,922.0,1922.78,1590.45,0.9414,traffic sign,True,True,212.7,mtsd-p12
SAM 3,traffic sign,grp3_72ce7bb8-IMG_20251203_121930.jpg,E:\2. UM-Student\MSC Dissertation\Urban-Vision-Benchmark\Datasets\MTSD\Prepared\MTSD-Unaugmented\MTSD-YOLO\test\images\grp3_72ce7bb8-IMG_20251203_121930.jpg,1334.6,300.16,1915.33,4080.0,0.3652,traffic sign,True,True,212.7,mtsd-p12
SAM 3,traffic sign,grp3_733addec-IMG_9083.jpg,E:\2. UM-Student\MSC Dissertation\Urban-Vision-Benchmark\Datasets\MTSD\Prepared\MTSD-Unaugmented\MTSD-YOLO\test\images\grp3_733addec-IMG_9083.jpg,,,,,,<no detections>,False,True,214.2,mtsd-p12
SAM 3,traffic sign,grp3_76fb906e-20251129_122552.jpg,E:\2. UM-Student\MSC Dissertation\Urban-Vision-Benchmark\Datasets\MTSD\Prepared\MTSD-Unaugmented\MTSD-YOLO\test\images\grp3_76fb906e-20251129_122552.jpg,556.98,555.46,1970.0,1857.81,0.8359,traffic sign,True,True,222.0,mtsd-p12
SAM 3,traffic sign,grp3_76fb906e-20251129_122552.jpg,E:\2. UM-Student\MSC Dissertation\Urban-Vision-Benchmark\Datasets\MTSD\Prepared\MTSD-Unaugmented\MTSD-YOLO\test\images\grp3_76fb906e-20251129_122552.jpg,780.6,1878.31,1964.77,3112.29,0.8047,traffic sign,True,True,222.0,mtsd-p12
SAM 3,traffic sign,grp3_76fb906e-20251129_122552.jpg,E:\2. UM-Student\MSC Dissertation\Urban-Vision-Benchmark\Datasets\MTSD\Prepared\MTSD-Unaugmented\MTSD-YOLO\test\images\grp3_76fb906e-20251129_122552.jpg,2100.7,2635.58,2186.86,2743.76,0.5898,traffic sign,True,True,222.0,mtsd-p12
SAM 3,traffic sign,grp3_76fb906e-20251129_122552.jpg,E:\2. UM-Student\MSC Dissertation\Urban-Vision-Benchmark\Datasets\MTSD\Prepared\MTSD-Unaugmented\MTSD-YOLO\test\images\grp3_76fb906e-20251129_122552.jpg,558.77,559.04,1969.8,4080.0,0.5508,traffic sign,True,True,222.0,mtsd-p12
SAM 3,traffic sign,grp3_7b58307a-IMG_20251203_094229.jpg,E:\2. UM-Student\MSC Dissertation\Urban-Vision-Benchmark\Datasets\MTSD\Prepared\MTSD-Unaugmented\MTSD-YOLO\test\images\grp3_7b58307a-IMG_20251203_094229.jpg,1093.42,338.5,2252.88,1512.09,0.5898,traffic sign,True,True,173.0,mtsd-p12
SAM 3,traffic sign,grp3_7b58307a-IMG_20251203_094229.jpg,E:\2. UM-Student\MSC Dissertation\Urban-Vision-Benchmark\Datasets\MTSD\Prepared\MTSD-Unaugmented\MTSD-YOLO\test\images\grp3_7b58307a-IMG_20251203_094229.jpg,1093.13,295.61,2249.75,4080.0,0.4609,traffic sign,True,True,173.0,mtsd-p12
SAM 3,traffic sign,grp3_81a84d18-IMG_9109.jpg,E:\2. UM-Student\MSC Dissertation\Urban-Vision-Benchmark\Datasets\MTSD\Prepared\MTSD-Unaugmented\MTSD-YOLO\test\images\grp3_81a84d18-IMG_9109.jpg,1614.1,1358.43,2871.97,2585.37,0.7773,traffic sign,True,True,356.4,mtsd-p12
SAM 3,traffic sign,grp3_81a84d18-IMG_9109.jpg,E:\2. UM-Student\MSC Dissertation\Urban-Vision-Benchmark\Datasets\MTSD\Prepared\MTSD-Unaugmented\MTSD-YOLO\test\images\grp3_81a84d18-IMG_9109.jpg,1937.8,407.79,2324.02,1379.69,0.7539,traffic sign,True,True,356.4,mtsd-p12
SAM 3,traffic sign,grp3_81a84d18-IMG_9109.jpg,E:\2. UM-Student\MSC Dissertation\Urban-Vision-Benchmark\Datasets\MTSD\Prepared\MTSD-Unaugmented\MTSD-YOLO\test\images\grp3_81a84d18-IMG_9109.jpg,1723.54,400.46,2878.73,5712.0,0.3789,traffic sign,True,True,356.4,mtsd-p12
SAM 3,traffic sign,grp3_874592da-20251129_122245.jpg,E:\2. UM-Student\MSC Dissertation\Urban-Vision-Benchmark\Datasets\MTSD\Prepared\MTSD-Unaugmented\MTSD-YOLO\test\images\grp3_874592da-20251129_122245.jpg,1049.23,1269.99,1833.63,1966.18,0.8203,traffic sign,True,True,197.4,mtsd-p12
SAM 3,traffic sign,grp3_874592da-20251129_122245.jpg,E:\2. UM-Student\MSC Dissertation\Urban-Vision-Benchmark\Datasets\MTSD\Prepared\MTSD-Unaugmented\MTSD-YOLO\test\images\grp3_874592da-20251129_122245.jpg,1019.42,1966.27,1871.39,2805.52,0.7969,traffic sign,True,True,197.4,mtsd-p12
SAM 3,traffic sign,grp3_874592da-20251129_122245.jpg,E:\2. UM-Student\MSC Dissertation\Urban-Vision-Benchmark\Datasets\MTSD\Prepared\MTSD-Unaugmented\MTSD-YOLO\test\images\grp3_874592da-20251129_122245.jpg,1029.28,1277.61,1848.69,4080.0,0.4922,traffic sign,True,True,197.4,mtsd-p12
SAM 3,traffic sign,grp3_87ee400a-IMG_9122.jpg,E:\2. UM-Student\MSC Dissertation\Urban-Vision-Benchmark\Datasets\MTSD\Prepared\MTSD-Unaugmented\MTSD-YOLO\test\images\grp3_87ee400a-IMG_9122.jpg,1933.56,1324.93,2250.11,2681.49,0.8711,traffic sign,True,True,260.6,mtsd-p12
SAM 3,traffic sign,grp3_8c6aa47e-IMG_20251203_121607.jpg,E:\2. UM-Student\MSC Dissertation\Urban-Vision-Benchmark\Datasets\MTSD\Prepared\MTSD-Unaugmented\MTSD-YOLO\test\images\grp3_8c6aa47e-IMG_20251203_121607.jpg,1162.26,432.33,1706.74,1580.57,0.9062,traffic sign,True,True,189.3,mtsd-p12
SAM 3,traffic sign,grp3_8c6aa47e-IMG_20251203_121607.jpg,E:\2. UM-Student\MSC Dissertation\Urban-Vision-Benchmark\Datasets\MTSD\Prepared\MTSD-Unaugmented\MTSD-YOLO\test\images\grp3_8c6aa47e-IMG_20251203_121607.jpg,568.54,1465.82,1649.04,2591.84,0.4941,traffic sign,True,True,189.3,mtsd-p12
SAM 3,traffic sign,grp3_8c6aa47e-IMG_20251203_121607.jpg,E:\2. UM-Student\MSC Dissertation\Urban-Vision-Benchmark\Datasets\MTSD\Prepared\MTSD-Unaugmented\MTSD-YOLO\test\images\grp3_8c6aa47e-IMG_20251203_121607.jpg,671.5,2233.28,898.66,2421.85,0.3125,traffic sign,True,True,189.3,mtsd-p12
SAM 3,traffic sign,grp3_8d66655f-IMG_4305.jpeg,E:\2. UM-Student\MSC Dissertation\Urban-Vision-Benchmark\Datasets\MTSD\Prepared\MTSD-Unaugmented\MTSD-YOLO\test\images\grp3_8d66655f-IMG_4305.jpeg,1426.9,1304.08,1952.48,1866.17,0.6211,traffic sign,True,True,283.5,mtsd-p12
SAM 3,traffic sign,grp3_8d66655f-IMG_4305.jpeg,E:\2. UM-Student\MSC Dissertation\Urban-Vision-Benchmark\Datasets\MTSD\Prepared\MTSD-Unaugmented\MTSD-YOLO\test\images\grp3_8d66655f-IMG_4305.jpeg,1494.41,1795.99,1818.23,2439.75,0.5273,traffic sign,True,True,283.5,mtsd-p12
SAM 3,traffic sign,grp3_8d66655f-IMG_4305.jpeg,E:\2. UM-Student\MSC Dissertation\Urban-Vision-Benchmark\Datasets\MTSD\Prepared\MTSD-Unaugmented\MTSD-YOLO\test\images\grp3_8d66655f-IMG_4305.jpeg,2479.17,2483.48,2575.16,2574.61,0.4668,traffic sign,True,True,283.5,mtsd-p12
SAM 3,traffic sign,grp3_8d66655f-IMG_4305.jpeg,E:\2. UM-Student\MSC Dissertation\Urban-Vision-Benchmark\Datasets\MTSD\Prepared\MTSD-Unaugmented\MTSD-YOLO\test\images\grp3_8d66655f-IMG_4305.jpeg,2417.19,2508.93,2483.14,2569.86,0.3984,traffic sign,True,True,283.5,mtsd-p12
SAM 3,traffic sign,grp3_8d66655f-IMG_4305.jpeg,E:\2. UM-Student\MSC Dissertation\Urban-Vision-Benchmark\Datasets\MTSD\Prepared\MTSD-Unaugmented\MTSD-YOLO\test\images\grp3_8d66655f-IMG_4305.jpeg,1917.38,2581.58,1956.36,2653.91,0.3867,traffic sign,True,True,283.5,mtsd-p12
SAM 3,traffic sign,grp3_8d66655f-IMG_4305.jpeg,E:\2. UM-Student\MSC Dissertation\Urban-Vision-Benchmark\Datasets\MTSD\Prepared\MTSD-Unaugmented\MTSD-YOLO\test\images\grp3_8d66655f-IMG_4305.jpeg,1431.15,1299.36,1950.23,4028.9,0.375,traffic sign,True,True,283.5,mtsd-p12
SAM 3,traffic sign,grp3_913cab50-IMG_20251204_094538.jpg,E:\2. UM-Student\MSC Dissertation\Urban-Vision-Benchmark\Datasets\MTSD\Prepared\MTSD-Unaugmented\MTSD-YOLO\test\images\grp3_913cab50-IMG_20251204_094538.jpg,754.89,1526.58,2134.63,2946.04,0.9258,traffic sign,True,True,179.4,mtsd-p12
SAM 3,traffic sign,grp3_913cab50-IMG_20251204_094538.jpg,E:\2. UM-Student\MSC Dissertation\Urban-Vision-Benchmark\Datasets\MTSD\Prepared\MTSD-Unaugmented\MTSD-YOLO\test\images\grp3_913cab50-IMG_20251204_094538.jpg,752.77,295.7,2123.47,1681.82,0.5625,traffic sign,True,True,179.4,mtsd-p12
SAM 3,traffic sign,grp3_915b758c-IMG_4287.jpeg,E:\2. UM-Student\MSC Dissertation\Urban-Vision-Benchmark\Datasets\MTSD\Prepared\MTSD-Unaugmented\MTSD-YOLO\test\images\grp3_915b758c-IMG_4287.jpeg,1360.45,1428.7,1845.08,1984.24,0.8828,traffic sign,True,True,204.2,mtsd-p12
SAM 3,traffic sign,grp3_915b758c-IMG_4287.jpeg,E:\2. UM-Student\MSC Dissertation\Urban-Vision-Benchmark\Datasets\MTSD\Prepared\MTSD-Unaugmented\MTSD-YOLO\test\images\grp3_915b758c-IMG_4287.jpeg,1366.28,1919.83,1829.56,2558.62,0.7617,traffic sign,True,True,204.2,mtsd-p12
SAM 3,traffic sign,grp3_915b758c-IMG_4287.jpeg,E:\2. UM-Student\MSC Dissertation\Urban-Vision-Benchmark\Datasets\MTSD\Prepared\MTSD-Unaugmented\MTSD-YOLO\test\images\grp3_915b758c-IMG_4287.jpeg,1357.19,1422.25,1853.9,4032.0,0.5,traffic sign,True,True,204.2,mtsd-p12
SAM 3,traffic sign,grp3_940c99a8-IMG_9166.jpg,E:\2. UM-Student\MSC Dissertation\Urban-Vision-Benchmark\Datasets\MTSD\Prepared\MTSD-Unaugmented\MTSD-YOLO\test\images\grp3_940c99a8-IMG_9166.jpg,2138.37,1734.01,2461.86,2915.28,0.9062,traffic sign,True,True,297.5,mtsd-p12
SAM 3,traffic sign,grp3_940c99a8-IMG_9166.jpg,E:\2. UM-Student\MSC Dissertation\Urban-Vision-Benchmark\Datasets\MTSD\Prepared\MTSD-Unaugmented\MTSD-YOLO\test\images\grp3_940c99a8-IMG_9166.jpg,2071.63,2822.69,2520.86,4071.75,0.9023,traffic sign,True,True,297.5,mtsd-p12
SAM 3,traffic sign,grp3_940c99a8-IMG_9166.jpg,E:\2. UM-Student\MSC Dissertation\Urban-Vision-Benchmark\Datasets\MTSD\Prepared\MTSD-Unaugmented\MTSD-YOLO\test\images\grp3_940c99a8-IMG_9166.jpg,2094.46,1726.83,2498.68,5712.0,0.3789,traffic sign,True,True,297.5,mtsd-p12
SAM 3,traffic sign,grp3_9e3990fa-20251129_124245.jpg,E:\2. UM-Student\MSC Dissertation\Urban-Vision-Benchmark\Datasets\MTSD\Prepared\MTSD-Unaugmented\MTSD-YOLO\test\images\grp3_9e3990fa-20251129_124245.jpg,621.09,1393.32,2339.66,2958.44,0.3652,traffic sign,True,True,165.9,mtsd-p12
SAM 3,traffic sign,grp3_9eaf77cf-IMG_4402.jpeg,E:\2. UM-Student\MSC Dissertation\Urban-Vision-Benchmark\Datasets\MTSD\Prepared\MTSD-Unaugmented\MTSD-YOLO\test\images\grp3_9eaf77cf-IMG_4402.jpeg,1340.3,1109.67,2047.51,1827.56,0.5117,traffic sign,True,True,205.5,mtsd-p12
SAM 3,traffic sign,grp3_9ff54512-IMG_20251203_093925.jpg,E:\2. UM-Student\MSC Dissertation\Urban-Vision-Benchmark\Datasets\MTSD\Prepared\MTSD-Unaugmented\MTSD-YOLO\test\images\grp3_9ff54512-IMG_20251203_093925.jpg,1020.31,194.83,2025.75,1184.46,0.8633,traffic sign,True,True,213.5,mtsd-p12
SAM 3,traffic sign,grp3_9ff54512-IMG_20251203_093925.jpg,E:\2. UM-Student\MSC Dissertation\Urban-Vision-Benchmark\Datasets\MTSD\Prepared\MTSD-Unaugmented\MTSD-YOLO\test\images\grp3_9ff54512-IMG_20251203_093925.jpg,1019.9,199.4,2027.21,4080.0,0.5234,traffic sign,True,True,213.5,mtsd-p12
SAM 3,traffic sign,grp3_9ff54512-IMG_20251203_093925.jpg,E:\2. UM-Student\MSC Dissertation\Urban-Vision-Benchmark\Datasets\MTSD\Prepared\MTSD-Unaugmented\MTSD-YOLO\test\images\grp3_9ff54512-IMG_20251203_093925.jpg,1193.17,2146.3,1228.89,2185.36,0.5117,traffic sign,True,True,213.5,mtsd-p12
SAM 3,traffic sign,grp3_9ff54512-IMG_20251203_093925.jpg,E:\2. UM-Student\MSC Dissertation\Urban-Vision-Benchmark\Datasets\MTSD\Prepared\MTSD-Unaugmented\MTSD-YOLO\test\images\grp3_9ff54512-IMG_20251203_093925.jpg,2796.3,2124.73,2840.9,2225.14,0.4023,traffic sign,True,True,213.5,mtsd-p12
SAM 3,traffic sign,grp3_a2b6698c-IMG_4431.jpeg,E:\2. UM-Student\MSC Dissertation\Urban-Vision-Benchmark\Datasets\MTSD\Prepared\MTSD-Unaugmented\MTSD-YOLO\test\images\grp3_a2b6698c-IMG_4431.jpeg,,,,,,<no detections>,False,True,149.0,mtsd-p12
SAM 3,traffic sign,grp3_a5739f60-IMG_20251203_120925.jpg,E:\2. UM-Student\MSC Dissertation\Urban-Vision-Benchmark\Datasets\MTSD\Prepared\MTSD-Unaugmented\MTSD-YOLO\test\images\grp3_a5739f60-IMG_20251203_120925.jpg,,,,,,<no detections>,False,True,178.9,mtsd-p12
SAM 3,traffic sign,grp3_a9724b83-20251129_122439.jpg,E:\2. UM-Student\MSC Dissertation\Urban-Vision-Benchmark\Datasets\MTSD\Prepared\MTSD-Unaugmented\MTSD-YOLO\test\images\grp3_a9724b83-20251129_122439.jpg,1267.48,1951.41,1465.22,2643.44,0.8867,traffic sign,True,True,378.2,mtsd-p12
SAM 3,traffic sign,grp3_a9724b83-20251129_122439.jpg,E:\2. UM-Student\MSC Dissertation\Urban-Vision-Benchmark\Datasets\MTSD\Prepared\MTSD-Unaugmented\MTSD-YOLO\test\images\grp3_a9724b83-20251129_122439.jpg,1187.56,1006.14,1465.62,1967.11,0.8789,traffic sign,True,True,378.2,mtsd-p12
SAM 3,traffic sign,grp3_a9724b83-20251129_122439.jpg,E:\2. UM-Student\MSC Dissertation\Urban-Vision-Benchmark\Datasets\MTSD\Prepared\MTSD-Unaugmented\MTSD-YOLO\test\images\grp3_a9724b83-20251129_122439.jpg,979.4,3878.39,1193.3,4080.0,0.7656,traffic sign,True,True,378.2,mtsd-p12
SAM 3,traffic sign,grp3_a9724b83-20251129_122439.jpg,E:\2. UM-Student\MSC Dissertation\Urban-Vision-Benchmark\Datasets\MTSD\Prepared\MTSD-Unaugmented\MTSD-YOLO\test\images\grp3_a9724b83-20251129_122439.jpg,0.0,0.0,1820.35,675.29,0.7383,traffic sign,True,True,378.2,mtsd-p12
SAM 3,traffic sign,grp3_a9724b83-20251129_122439.jpg,E:\2. UM-Student\MSC Dissertation\Urban-Vision-Benchmark\Datasets\MTSD\Prepared\MTSD-Unaugmented\MTSD-YOLO\test\images\grp3_a9724b83-20251129_122439.jpg,1402.77,1215.96,1577.64,1857.13,0.707,traffic sign,True,True,378.2,mtsd-p12
SAM 3,traffic sign,grp3_a9724b83-20251129_122439.jpg,E:\2. UM-Student\MSC Dissertation\Urban-Vision-Benchmark\Datasets\MTSD\Prepared\MTSD-Unaugmented\MTSD-YOLO\test\images\grp3_a9724b83-20251129_122439.jpg,1763.56,2966.48,1816.29,3100.29,0.6914,traffic sign,True,True,378.2,mtsd-p12
SAM 3,traffic sign,grp3_a9724b83-20251129_122439.jpg,E:\2. UM-Student\MSC Dissertation\Urban-Vision-Benchmark\Datasets\MTSD\Prepared\MTSD-Unaugmented\MTSD-YOLO\test\images\grp3_a9724b83-20251129_122439.jpg,0.0,328.36,1479.63,1160.6,0.5703,traffic sign,True,True,378.2,mtsd-p12
SAM 3,traffic sign,grp3_a9724b83-20251129_122439.jpg,E:\2. UM-Student\MSC Dissertation\Urban-Vision-Benchmark\Datasets\MTSD\Prepared\MTSD-Unaugmented\MTSD-YOLO\test\images\grp3_a9724b83-20251129_122439.jpg,0.0,16.56,1820.56,4060.11,0.4102,traffic sign,True,True,378.2,mtsd-p12
SAM 3,traffic sign,grp3_ae42a8a0-20251129_121839.jpg,E:\2. UM-Student\MSC Dissertation\Urban-Vision-Benchmark\Datasets\MTSD\Prepared\MTSD-Unaugmented\MTSD-YOLO\test\images\grp3_ae42a8a0-20251129_121839.jpg,1107.55,1139.99,1821.72,1815.38,0.9453,traffic sign,True,True,191.5,mtsd-p12
SAM 3,traffic sign,grp3_ae42a8a0-20251129_121839.jpg,E:\2. UM-Student\MSC Dissertation\Urban-Vision-Benchmark\Datasets\MTSD\Prepared\MTSD-Unaugmented\MTSD-YOLO\test\images\grp3_ae42a8a0-20251129_121839.jpg,1122.5,1795.96,1882.73,2541.24,0.9297,traffic sign,True,True,191.5,mtsd-p12
SAM 3,traffic sign,grp3_ae42a8a0-20251129_121839.jpg,E:\2. UM-Student\MSC Dissertation\Urban-Vision-Benchmark\Datasets\MTSD\Prepared\MTSD-Unaugmented\MTSD-YOLO\test\images\grp3_ae42a8a0-20251129_121839.jpg,1109.31,1146.72,1854.19,4080.0,0.332,traffic sign,True,True,191.5,mtsd-p12
SAM 3,traffic sign,grp3_aebbbcad-IMG_9204.jpg,E:\2. UM-Student\MSC Dissertation\Urban-Vision-Benchmark\Datasets\MTSD\Prepared\MTSD-Unaugmented\MTSD-YOLO\test\images\grp3_aebbbcad-IMG_9204.jpg,1635.62,1051.74,2739.58,2158.21,0.8906,traffic sign,True,True,465.1,mtsd-p12
SAM 3,traffic sign,grp3_aebbbcad-IMG_9204.jpg,E:\2. UM-Student\MSC Dissertation\Urban-Vision-Benchmark\Datasets\MTSD\Prepared\MTSD-Unaugmented\MTSD-YOLO\test\images\grp3_aebbbcad-IMG_9204.jpg,2428.44,3576.31,2631.35,3785.69,0.8672,traffic sign,True,True,465.1,mtsd-p12
SAM 3,traffic sign,grp3_aebbbcad-IMG_9204.jpg,E:\2. UM-Student\MSC Dissertation\Urban-Vision-Benchmark\Datasets\MTSD\Prepared\MTSD-Unaugmented\MTSD-YOLO\test\images\grp3_aebbbcad-IMG_9204.jpg,1318.18,3656.23,1575.61,3853.61,0.6562,traffic sign,True,True,465.1,mtsd-p12
SAM 3,traffic sign,grp3_aebbbcad-IMG_9204.jpg,E:\2. UM-Student\MSC Dissertation\Urban-Vision-Benchmark\Datasets\MTSD\Prepared\MTSD-Unaugmented\MTSD-YOLO\test\images\grp3_aebbbcad-IMG_9204.jpg,1115.99,3740.83,1200.89,3856.81,0.3672,traffic sign,True,True,465.1,mtsd-p12
SAM 3,traffic sign,grp3_aebbbcad-IMG_9204.jpg,E:\2. UM-Student\MSC Dissertation\Urban-Vision-Benchmark\Datasets\MTSD\Prepared\MTSD-Unaugmented\MTSD-YOLO\test\images\grp3_aebbbcad-IMG_9204.jpg,1636.18,1042.75,2739.81,5712.0,0.3633,traffic sign,True,True,465.1,mtsd-p12
SAM 3,traffic sign,grp3_aebbbcad-IMG_9204.jpg,E:\2. UM-Student\MSC Dissertation\Urban-Vision-Benchmark\Datasets\MTSD\Prepared\MTSD-Unaugmented\MTSD-YOLO\test\images\grp3_aebbbcad-IMG_9204.jpg,2481.34,3333.99,2641.58,3572.96,0.3223,traffic sign,True,True,465.1,mtsd-p12
SAM 3,traffic sign,grp3_b05e6955-IMG_4433.jpeg,E:\2. UM-Student\MSC Dissertation\Urban-Vision-Benchmark\Datasets\MTSD\Prepared\MTSD-Unaugmented\MTSD-YOLO\test\images\grp3_b05e6955-IMG_4433.jpeg,,,,,,<no detections>,False,True,173.2,mtsd-p12
SAM 3,traffic sign,grp3_c0cc3ce0-IMG_20251203_115646.jpg,E:\2. UM-Student\MSC Dissertation\Urban-Vision-Benchmark\Datasets\MTSD\Prepared\MTSD-Unaugmented\MTSD-YOLO\test\images\grp3_c0cc3ce0-IMG_20251203_115646.jpg,1151.28,535.85,2040.25,1589.57,0.9453,traffic sign,True,True,197.5,mtsd-p12
SAM 3,traffic sign,grp3_c0cc3ce0-IMG_20251203_115646.jpg,E:\2. UM-Student\MSC Dissertation\Urban-Vision-Benchmark\Datasets\MTSD\Prepared\MTSD-Unaugmented\MTSD-YOLO\test\images\grp3_c0cc3ce0-IMG_20251203_115646.jpg,1286.48,1510.93,1941.24,2344.2,0.9336,traffic sign,True,True,197.5,mtsd-p12
SAM 3,traffic sign,grp3_c7a58be8-IMG_20251203_121028.jpg,E:\2. UM-Student\MSC Dissertation\Urban-Vision-Benchmark\Datasets\MTSD\Prepared\MTSD-Unaugmented\MTSD-YOLO\test\images\grp3_c7a58be8-IMG_20251203_121028.jpg,,,,,,<no detections>,False,True,153.8,mtsd-p12
SAM 3,traffic sign,grp3_ca162d3e-20251129_114653.jpg,E:\2. UM-Student\MSC Dissertation\Urban-Vision-Benchmark\Datasets\MTSD\Prepared\MTSD-Unaugmented\MTSD-YOLO\test\images\grp3_ca162d3e-20251129_114653.jpg,940.6,1389.42,1852.41,2317.85,0.8711,traffic sign,True,True,248.0,mtsd-p12
SAM 3,traffic sign,grp3_ca162d3e-20251129_114653.jpg,E:\2. UM-Student\MSC Dissertation\Urban-Vision-Benchmark\Datasets\MTSD\Prepared\MTSD-Unaugmented\MTSD-YOLO\test\images\grp3_ca162d3e-20251129_114653.jpg,2171.74,2591.63,2250.6,2712.29,0.8477,traffic sign,True,True,248.0,mtsd-p12
SAM 3,traffic sign,grp3_ca162d3e-20251129_114653.jpg,E:\2. UM-Student\MSC Dissertation\Urban-Vision-Benchmark\Datasets\MTSD\Prepared\MTSD-Unaugmented\MTSD-YOLO\test\images\grp3_ca162d3e-20251129_114653.jpg,0.0,2390.05,68.93,2465.81,0.6055,traffic sign,True,True,248.0,mtsd-p12
SAM 3,traffic sign,grp3_ca162d3e-20251129_114653.jpg,E:\2. UM-Student\MSC Dissertation\Urban-Vision-Benchmark\Datasets\MTSD\Prepared\MTSD-Unaugmented\MTSD-YOLO\test\images\grp3_ca162d3e-20251129_114653.jpg,2172.36,2590.1,2254.99,3076.06,0.5195,traffic sign,True,True,248.0,mtsd-p12
SAM 3,traffic sign,grp3_ca162d3e-20251129_114653.jpg,E:\2. UM-Student\MSC Dissertation\Urban-Vision-Benchmark\Datasets\MTSD\Prepared\MTSD-Unaugmented\MTSD-YOLO\test\images\grp3_ca162d3e-20251129_114653.jpg,939.57,1383.72,1857.62,4080.0,0.498,traffic sign,True,True,248.0,mtsd-p12
SAM 3,traffic sign,grp3_ca162d3e-20251129_114653.jpg,E:\2. UM-Student\MSC Dissertation\Urban-Vision-Benchmark\Datasets\MTSD\Prepared\MTSD-Unaugmented\MTSD-YOLO\test\images\grp3_ca162d3e-20251129_114653.jpg,0.0,2537.07,38.06,2576.88,0.4746,traffic sign,True,True,248.0,mtsd-p12
SAM 3,traffic sign,grp3_cb90b89e-IMG_9211.jpg,E:\2. UM-Student\MSC Dissertation\Urban-Vision-Benchmark\Datasets\MTSD\Prepared\MTSD-Unaugmented\MTSD-YOLO\test\images\grp3_cb90b89e-IMG_9211.jpg,,,,,,<no detections>,False,True,253.7,mtsd-p12
SAM 3,traffic sign,grp3_d3cfa1f7-IMG_20251204_133658.jpg,E:\2. UM-Student\MSC Dissertation\Urban-Vision-Benchmark\Datasets\MTSD\Prepared\MTSD-Unaugmented\MTSD-YOLO\test\images\grp3_d3cfa1f7-IMG_20251204_133658.jpg,,,,,,<no detections>,False,True,152.1,mtsd-p12
SAM 3,traffic sign,grp3_def908c3-IMG_4315.jpeg,E:\2. UM-Student\MSC Dissertation\Urban-Vision-Benchmark\Datasets\MTSD\Prepared\MTSD-Unaugmented\MTSD-YOLO\test\images\grp3_def908c3-IMG_4315.jpeg,1246.26,1387.35,1918.49,2019.51,0.5469,traffic sign,True,True,257.1,mtsd-p12
SAM 3,traffic sign,grp3_def908c3-IMG_4315.jpeg,E:\2. UM-Student\MSC Dissertation\Urban-Vision-Benchmark\Datasets\MTSD\Prepared\MTSD-Unaugmented\MTSD-YOLO\test\images\grp3_def908c3-IMG_4315.jpeg,2291.41,2612.46,2369.95,2715.59,0.5078,traffic sign,True,True,257.1,mtsd-p12
SAM 3,traffic sign,grp3_def908c3-IMG_4315.jpeg,E:\2. UM-Student\MSC Dissertation\Urban-Vision-Benchmark\Datasets\MTSD\Prepared\MTSD-Unaugmented\MTSD-YOLO\test\images\grp3_def908c3-IMG_4315.jpeg,1246.22,1395.67,1916.57,4032.0,0.4512,traffic sign,True,True,257.1,mtsd-p12
SAM 3,traffic sign,grp3_e0a623d6-IMG_9293.jpg,E:\2. UM-Student\MSC Dissertation\Urban-Vision-Benchmark\Datasets\MTSD\Prepared\MTSD-Unaugmented\MTSD-YOLO\test\images\grp3_e0a623d6-IMG_9293.jpg,2013.77,1452.77,2512.84,2814.66,0.8828,traffic sign,True,True,255.0,mtsd-p12
SAM 3,traffic sign,grp3_e0a623d6-IMG_9293.jpg,E:\2. UM-Student\MSC Dissertation\Urban-Vision-Benchmark\Datasets\MTSD\Prepared\MTSD-Unaugmented\MTSD-YOLO\test\images\grp3_e0a623d6-IMG_9293.jpg,2004.99,1442.85,2584.2,5712.0,0.4824,traffic sign,True,True,255.0,mtsd-p12
SAM 3,traffic sign,grp3_e17ffb83-20251129_115005.jpg,E:\2. UM-Student\MSC Dissertation\Urban-Vision-Benchmark\Datasets\MTSD\Prepared\MTSD-Unaugmented\MTSD-YOLO\test\images\grp3_e17ffb83-20251129_115005.jpg,1212.49,1465.46,1547.71,2367.17,0.918,traffic sign,True,True,175.8,mtsd-p12
SAM 3,traffic sign,grp3_e337de9a-IMG_4362.jpeg,E:\2. UM-Student\MSC Dissertation\Urban-Vision-Benchmark\Datasets\MTSD\Prepared\MTSD-Unaugmented\MTSD-YOLO\test\images\grp3_e337de9a-IMG_4362.jpeg,980.13,657.87,2144.52,1627.51,0.9219,traffic sign,True,True,355.3,mtsd-p12
SAM 3,traffic sign,grp3_e337de9a-IMG_4362.jpeg,E:\2. UM-Student\MSC Dissertation\Urban-Vision-Benchmark\Datasets\MTSD\Prepared\MTSD-Unaugmented\MTSD-YOLO\test\images\grp3_e337de9a-IMG_4362.jpeg,1145.99,1586.42,1997.28,1892.57,0.8867,traffic sign,True,True,355.3,mtsd-p12
SAM 3,traffic sign,grp3_e337de9a-IMG_4362.jpeg,E:\2. UM-Student\MSC Dissertation\Urban-Vision-Benchmark\Datasets\MTSD\Prepared\MTSD-Unaugmented\MTSD-YOLO\test\images\grp3_e337de9a-IMG_4362.jpeg,1127.46,1868.37,1990.08,2697.75,0.7695,traffic sign,True,True,355.3,mtsd-p12
SAM 3,traffic sign,grp3_e337de9a-IMG_4362.jpeg,E:\2. UM-Student\MSC Dissertation\Urban-Vision-Benchmark\Datasets\MTSD\Prepared\MTSD-Unaugmented\MTSD-YOLO\test\images\grp3_e337de9a-IMG_4362.jpeg,2114.19,2923.28,2152.74,3010.45,0.6797,traffic sign,True,True,355.3,mtsd-p12
SAM 3,traffic sign,grp3_e337de9a-IMG_4362.jpeg,E:\2. UM-Student\MSC Dissertation\Urban-Vision-Benchmark\Datasets\MTSD\Prepared\MTSD-Unaugmented\MTSD-YOLO\test\images\grp3_e337de9a-IMG_4362.jpeg,2198.3,2776.27,2219.1,2837.81,0.4492,traffic sign,True,True,355.3,mtsd-p12
SAM 3,traffic sign,grp3_e337de9a-IMG_4362.jpeg,E:\2. UM-Student\MSC Dissertation\Urban-Vision-Benchmark\Datasets\MTSD\Prepared\MTSD-Unaugmented\MTSD-YOLO\test\images\grp3_e337de9a-IMG_4362.jpeg,391.56,2570.5,441.91,2649.07,0.3535,traffic sign,True,True,355.3,mtsd-p12
SAM 3,traffic sign,grp3_e337de9a-IMG_4362.jpeg,E:\2. UM-Student\MSC Dissertation\Urban-Vision-Benchmark\Datasets\MTSD\Prepared\MTSD-Unaugmented\MTSD-YOLO\test\images\grp3_e337de9a-IMG_4362.jpeg,999.52,654.85,2138.42,4032.0,0.3184,traffic sign,True,True,355.3,mtsd-p12
SAM 3,traffic sign,grp3_eb512649-IMG_4353.jpeg,E:\2. UM-Student\MSC Dissertation\Urban-Vision-Benchmark\Datasets\MTSD\Prepared\MTSD-Unaugmented\MTSD-YOLO\test\images\grp3_eb512649-IMG_4353.jpeg,1265.44,1514.24,1868.29,2028.92,0.7539,traffic sign,True,True,201.2,mtsd-p12
SAM 3,traffic sign,grp3_eb512649-IMG_4353.jpeg,E:\2. UM-Student\MSC Dissertation\Urban-Vision-Benchmark\Datasets\MTSD\Prepared\MTSD-Unaugmented\MTSD-YOLO\test\images\grp3_eb512649-IMG_4353.jpeg,1249.71,2022.35,1885.56,2636.45,0.7305,traffic sign,True,True,201.2,mtsd-p12
SAM 3,traffic sign,grp3_eb512649-IMG_4353.jpeg,E:\2. UM-Student\MSC Dissertation\Urban-Vision-Benchmark\Datasets\MTSD\Prepared\MTSD-Unaugmented\MTSD-YOLO\test\images\grp3_eb512649-IMG_4353.jpeg,1254.75,1513.61,1872.76,4032.0,0.4648,traffic sign,True,True,201.2,mtsd-p12
SAM 3,traffic sign,grp3_eb95b9a8-IMG_9119.jpg,E:\2. UM-Student\MSC Dissertation\Urban-Vision-Benchmark\Datasets\MTSD\Prepared\MTSD-Unaugmented\MTSD-YOLO\test\images\grp3_eb95b9a8-IMG_9119.jpg,,,,,,<no detections>,False,True,205.3,mtsd-p12
SAM 3,traffic sign,grp3_ec385cc7-IMG_20251203_121353.jpg,E:\2. UM-Student\MSC Dissertation\Urban-Vision-Benchmark\Datasets\MTSD\Prepared\MTSD-Unaugmented\MTSD-YOLO\test\images\grp3_ec385cc7-IMG_20251203_121353.jpg,,,,,,<no detections>,False,True,153.0,mtsd-p12
SAM 3,traffic sign,grp3_ecbe9be3-IMG_20251204_100152.jpg,E:\2. UM-Student\MSC Dissertation\Urban-Vision-Benchmark\Datasets\MTSD\Prepared\MTSD-Unaugmented\MTSD-YOLO\test\images\grp3_ecbe9be3-IMG_20251204_100152.jpg,,,,,,<no detections>,False,True,166.7,mtsd-p12
SAM 3,traffic sign,grp3_f2a7e32a-IMG_4334.jpeg,E:\2. UM-Student\MSC Dissertation\Urban-Vision-Benchmark\Datasets\MTSD\Prepared\MTSD-Unaugmented\MTSD-YOLO\test\images\grp3_f2a7e32a-IMG_4334.jpeg,1253.82,1770.81,1835.48,2345.76,0.4043,traffic sign,True,True,184.5,mtsd-p12
SAM 3,traffic sign,grp3_f2a7e32a-IMG_4334.jpeg,E:\2. UM-Student\MSC Dissertation\Urban-Vision-Benchmark\Datasets\MTSD\Prepared\MTSD-Unaugmented\MTSD-YOLO\test\images\grp3_f2a7e32a-IMG_4334.jpeg,1253.93,1772.27,1834.04,4032.0,0.3457,traffic sign,True,True,184.5,mtsd-p12
SAM 3,traffic sign,grp3_f6ba6aba-IMG_4397.jpeg,E:\2. UM-Student\MSC Dissertation\Urban-Vision-Benchmark\Datasets\MTSD\Prepared\MTSD-Unaugmented\MTSD-YOLO\test\images\grp3_f6ba6aba-IMG_4397.jpeg,1168.05,1483.36,1900.1,2176.72,0.8984,traffic sign,True,True,209.1,mtsd-p12
SAM 3,traffic sign,grp3_f6ba6aba-IMG_4397.jpeg,E:\2. UM-Student\MSC Dissertation\Urban-Vision-Benchmark\Datasets\MTSD\Prepared\MTSD-Unaugmented\MTSD-YOLO\test\images\grp3_f6ba6aba-IMG_4397.jpeg,1164.76,1476.85,1900.55,4032.0,0.4531,traffic sign,True,True,209.1,mtsd-p12
SAM 3,traffic sign,grp3_f6ba6aba-IMG_4397.jpeg,E:\2. UM-Student\MSC Dissertation\Urban-Vision-Benchmark\Datasets\MTSD\Prepared\MTSD-Unaugmented\MTSD-YOLO\test\images\grp3_f6ba6aba-IMG_4397.jpeg,1814.37,2775.63,1899.01,2854.43,0.4531,traffic sign,True,True,209.1,mtsd-p12
SAM 3,traffic sign,grp3_facbf33e-IMG_9197.jpg,E:\2. UM-Student\MSC Dissertation\Urban-Vision-Benchmark\Datasets\MTSD\Prepared\MTSD-Unaugmented\MTSD-YOLO\test\images\grp3_facbf33e-IMG_9197.jpg,1833.2,2076.34,2084.52,3057.24,0.7852,traffic sign,True,True,357.1,mtsd-p12
SAM 3,traffic sign,grp3_facbf33e-IMG_9197.jpg,E:\2. UM-Student\MSC Dissertation\Urban-Vision-Benchmark\Datasets\MTSD\Prepared\MTSD-Unaugmented\MTSD-YOLO\test\images\grp3_facbf33e-IMG_9197.jpg,1850.81,2072.9,2230.67,5706.44,0.3828,traffic sign,True,True,357.1,mtsd-p12
SAM 3,traffic sign,grp3_facbf33e-IMG_9197.jpg,E:\2. UM-Student\MSC Dissertation\Urban-Vision-Benchmark\Datasets\MTSD\Prepared\MTSD-Unaugmented\MTSD-YOLO\test\images\grp3_facbf33e-IMG_9197.jpg,2072.42,4721.06,2159.58,4939.16,0.3633,traffic sign,True,True,357.1,mtsd-p12
SAM 3,traffic sign,grp3_faf213d1-IMG_20251203_120236.jpg,E:\2. UM-Student\MSC Dissertation\Urban-Vision-Benchmark\Datasets\MTSD\Prepared\MTSD-Unaugmented\MTSD-YOLO\test\images\grp3_faf213d1-IMG_20251203_120236.jpg,826.81,3178.51,852.75,3213.17,0.459,traffic sign,True,True,218.5,mtsd-p12
SAM 3,traffic sign,grp4_0da97af9-20251222_133337.jpg,E:\2. UM-Student\MSC Dissertation\Urban-Vision-Benchmark\Datasets\MTSD\Prepared\MTSD-Unaugmented\MTSD-YOLO\test\images\grp4_0da97af9-20251222_133337.jpg,541.64,985.3,1908.45,2317.32,0.8398,traffic sign,True,True,171.0,mtsd-p12
SAM 3,traffic sign,grp4_0da97af9-20251222_133337.jpg,E:\2. UM-Student\MSC Dissertation\Urban-Vision-Benchmark\Datasets\MTSD\Prepared\MTSD-Unaugmented\MTSD-YOLO\test\images\grp4_0da97af9-20251222_133337.jpg,538.61,974.29,1916.07,4000.0,0.3008,traffic sign,True,True,171.0,mtsd-p12
SAM 3,traffic sign,grp4_11d8a182-WhatsApp_Image_2026-01-14_at_11.12.01.jpeg,E:\2. UM-Student\MSC Dissertation\Urban-Vision-Benchmark\Datasets\MTSD\Prepared\MTSD-Unaugmented\MTSD-YOLO\test\images\grp4_11d8a182-WhatsApp_Image_2026-01-14_at_11.12.01.jpeg,305.86,1100.04,457.0,1267.01,0.8984,traffic sign,True,True,138.7,mtsd-p12
SAM 3,traffic sign,grp4_11d8a182-WhatsApp_Image_2026-01-14_at_11.12.01.jpeg,E:\2. UM-Student\MSC Dissertation\Urban-Vision-Benchmark\Datasets\MTSD\Prepared\MTSD-Unaugmented\MTSD-YOLO\test\images\grp4_11d8a182-WhatsApp_Image_2026-01-14_at_11.12.01.jpeg,296.49,1684.5,371.58,1826.58,0.793,traffic sign,True,True,138.7,mtsd-p12
SAM 3,traffic sign,grp4_11d8a182-WhatsApp_Image_2026-01-14_at_11.12.01.jpeg,E:\2. UM-Student\MSC Dissertation\Urban-Vision-Benchmark\Datasets\MTSD\Prepared\MTSD-Unaugmented\MTSD-YOLO\test\images\grp4_11d8a182-WhatsApp_Image_2026-01-14_at_11.12.01.jpeg,304.92,1100.52,456.95,1710.16,0.377,traffic sign,True,True,138.7,mtsd-p12
SAM 3,traffic sign,grp4_11d8a182-WhatsApp_Image_2026-01-14_at_11.12.01.jpeg,E:\2. UM-Student\MSC Dissertation\Urban-Vision-Benchmark\Datasets\MTSD\Prepared\MTSD-Unaugmented\MTSD-YOLO\test\images\grp4_11d8a182-WhatsApp_Image_2026-01-14_at_11.12.01.jpeg,631.2,878.31,829.29,2000.0,0.3691,traffic sign,True,True,138.7,mtsd-p12
SAM 3,traffic sign,grp4_1d0747c0-20260107_105907.jpg,E:\2. UM-Student\MSC Dissertation\Urban-Vision-Benchmark\Datasets\MTSD\Prepared\MTSD-Unaugmented\MTSD-YOLO\test\images\grp4_1d0747c0-20260107_105907.jpg,462.93,1570.19,1307.8,2394.61,0.9336,traffic sign,True,True,201.7,mtsd-p12
SAM 3,traffic sign,grp4_1d0747c0-20260107_105907.jpg,E:\2. UM-Student\MSC Dissertation\Urban-Vision-Benchmark\Datasets\MTSD\Prepared\MTSD-Unaugmented\MTSD-YOLO\test\images\grp4_1d0747c0-20260107_105907.jpg,350.93,594.48,1343.48,1559.8,0.9336,traffic sign,True,True,201.7,mtsd-p12
SAM 3,traffic sign,grp4_1d0747c0-20260107_105907.jpg,E:\2. UM-Student\MSC Dissertation\Urban-Vision-Benchmark\Datasets\MTSD\Prepared\MTSD-Unaugmented\MTSD-YOLO\test\images\grp4_1d0747c0-20260107_105907.jpg,666.06,2412.63,1016.46,2671.64,0.5312,traffic sign,True,True,201.7,mtsd-p12
SAM 3,traffic sign,grp4_20251115_125732.jpg,E:\2. UM-Student\MSC Dissertation\Urban-Vision-Benchmark\Datasets\MTSD\Prepared\MTSD-Unaugmented\MTSD-YOLO\test\images\grp4_20251115_125732.jpg,,,,,,<no detections>,False,True,149.4,mtsd-p12
SAM 3,traffic sign,grp4_20251130_114937.jpg,E:\2. UM-Student\MSC Dissertation\Urban-Vision-Benchmark\Datasets\MTSD\Prepared\MTSD-Unaugmented\MTSD-YOLO\test\images\grp4_20251130_114937.jpg,996.31,2013.75,1829.92,3457.6,0.7852,traffic sign,True,True,172.3,mtsd-p12
SAM 3,traffic sign,grp4_20251130_114937.jpg,E:\2. UM-Student\MSC Dissertation\Urban-Vision-Benchmark\Datasets\MTSD\Prepared\MTSD-Unaugmented\MTSD-YOLO\test\images\grp4_20251130_114937.jpg,590.59,3641.13,691.04,3729.38,0.3672,traffic sign,True,True,172.3,mtsd-p12
SAM 3,traffic sign,grp4_20251130_115129.jpg,E:\2. UM-Student\MSC Dissertation\Urban-Vision-Benchmark\Datasets\MTSD\Prepared\MTSD-Unaugmented\MTSD-YOLO\test\images\grp4_20251130_115129.jpg,864.56,2225.17,2083.02,3490.4,0.9375,traffic sign,True,True,315.9,mtsd-p12
SAM 3,traffic sign,grp4_20251130_115129.jpg,E:\2. UM-Student\MSC Dissertation\Urban-Vision-Benchmark\Datasets\MTSD\Prepared\MTSD-Unaugmented\MTSD-YOLO\test\images\grp4_20251130_115129.jpg,703.6,3406.98,761.88,3486.87,0.8398,traffic sign,True,True,315.9,mtsd-p12
SAM 3,traffic sign,grp4_20251130_115129.jpg,E:\2. UM-Student\MSC Dissertation\Urban-Vision-Benchmark\Datasets\MTSD\Prepared\MTSD-Unaugmented\MTSD-YOLO\test\images\grp4_20251130_115129.jpg,218.76,3419.43,259.55,3513.75,0.707,traffic sign,True,True,315.9,mtsd-p12
SAM 3,traffic sign,grp4_20251130_115129.jpg,E:\2. UM-Student\MSC Dissertation\Urban-Vision-Benchmark\Datasets\MTSD\Prepared\MTSD-Unaugmented\MTSD-YOLO\test\images\grp4_20251130_115129.jpg,1098.59,3414.95,1130.82,3502.54,0.5703,traffic sign,True,True,315.9,mtsd-p12
SAM 3,traffic sign,grp4_20251130_115129.jpg,E:\2. UM-Student\MSC Dissertation\Urban-Vision-Benchmark\Datasets\MTSD\Prepared\MTSD-Unaugmented\MTSD-YOLO\test\images\grp4_20251130_115129.jpg,2349.73,3310.96,2380.9,3340.21,0.4512,traffic sign,True,True,315.9,mtsd-p12
SAM 3,traffic sign,grp4_20251130_115129.jpg,E:\2. UM-Student\MSC Dissertation\Urban-Vision-Benchmark\Datasets\MTSD\Prepared\MTSD-Unaugmented\MTSD-YOLO\test\images\grp4_20251130_115129.jpg,1181.1,3495.39,1218.8,3544.42,0.3672,traffic sign,True,True,315.9,mtsd-p12
SAM 3,traffic sign,grp4_20251130_115129.jpg,E:\2. UM-Student\MSC Dissertation\Urban-Vision-Benchmark\Datasets\MTSD\Prepared\MTSD-Unaugmented\MTSD-YOLO\test\images\grp4_20251130_115129.jpg,1931.19,3328.86,1968.49,3381.44,0.332,traffic sign,True,True,315.9,mtsd-p12
SAM 3,traffic sign,grp4_20251130_115523.jpg,E:\2. UM-Student\MSC Dissertation\Urban-Vision-Benchmark\Datasets\MTSD\Prepared\MTSD-Unaugmented\MTSD-YOLO\test\images\grp4_20251130_115523.jpg,996.72,1422.95,2031.17,2499.85,0.7539,traffic sign,True,True,308.2,mtsd-p12
SAM 3,traffic sign,grp4_20251130_115523.jpg,E:\2. UM-Student\MSC Dissertation\Urban-Vision-Benchmark\Datasets\MTSD\Prepared\MTSD-Unaugmented\MTSD-YOLO\test\images\grp4_20251130_115523.jpg,1731.31,2927.64,1795.17,2995.06,0.7305,traffic sign,True,True,308.2,mtsd-p12
SAM 3,traffic sign,grp4_20251130_115523.jpg,E:\2. UM-Student\MSC Dissertation\Urban-Vision-Benchmark\Datasets\MTSD\Prepared\MTSD-Unaugmented\MTSD-YOLO\test\images\grp4_20251130_115523.jpg,2231.86,2862.4,2349.18,2974.68,0.6953,traffic sign,True,True,308.2,mtsd-p12
SAM 3,traffic sign,grp4_20251130_115523.jpg,E:\2. UM-Student\MSC Dissertation\Urban-Vision-Benchmark\Datasets\MTSD\Prepared\MTSD-Unaugmented\MTSD-YOLO\test\images\grp4_20251130_115523.jpg,2431.27,2968.66,2456.85,3004.12,0.4961,traffic sign,True,True,308.2,mtsd-p12
SAM 3,traffic sign,grp4_20251130_115523.jpg,E:\2. UM-Student\MSC Dissertation\Urban-Vision-Benchmark\Datasets\MTSD\Prepared\MTSD-Unaugmented\MTSD-YOLO\test\images\grp4_20251130_115523.jpg,2426.97,2916.38,2462.13,2961.17,0.4648,traffic sign,True,True,308.2,mtsd-p12
SAM 3,traffic sign,grp4_20251130_115523.jpg,E:\2. UM-Student\MSC Dissertation\Urban-Vision-Benchmark\Datasets\MTSD\Prepared\MTSD-Unaugmented\MTSD-YOLO\test\images\grp4_20251130_115523.jpg,2151.46,2954.63,2198.7,3008.06,0.4531,traffic sign,True,True,308.2,mtsd-p12
SAM 3,traffic sign,grp4_20251130_115523.jpg,E:\2. UM-Student\MSC Dissertation\Urban-Vision-Benchmark\Datasets\MTSD\Prepared\MTSD-Unaugmented\MTSD-YOLO\test\images\grp4_20251130_115523.jpg,1916.09,2857.5,1952.91,2955.76,0.4043,traffic sign,True,True,308.2,mtsd-p12
SAM 3,traffic sign,grp4_20251130_115523.jpg,E:\2. UM-Student\MSC Dissertation\Urban-Vision-Benchmark\Datasets\MTSD\Prepared\MTSD-Unaugmented\MTSD-YOLO\test\images\grp4_20251130_115523.jpg,1008.84,1430.04,2029.77,3985.87,0.3848,traffic sign,True,True,308.2,mtsd-p12
SAM 3,traffic sign,grp4_20251130_115532.jpg,E:\2. UM-Student\MSC Dissertation\Urban-Vision-Benchmark\Datasets\MTSD\Prepared\MTSD-Unaugmented\MTSD-YOLO\test\images\grp4_20251130_115532.jpg,731.55,1425.95,1956.07,2396.18,0.8984,traffic sign,True,True,202.6,mtsd-p12
SAM 3,traffic sign,grp4_20251130_115532.jpg,E:\2. UM-Student\MSC Dissertation\Urban-Vision-Benchmark\Datasets\MTSD\Prepared\MTSD-Unaugmented\MTSD-YOLO\test\images\grp4_20251130_115532.jpg,1661.82,1486.85,2593.38,3250.89,0.8633,traffic sign,True,True,202.6,mtsd-p12
SAM 3,traffic sign,grp4_20251130_115532.jpg,E:\2. UM-Student\MSC Dissertation\Urban-Vision-Benchmark\Datasets\MTSD\Prepared\MTSD-Unaugmented\MTSD-YOLO\test\images\grp4_20251130_115532.jpg,1252.6,2828.21,1576.34,3776.84,0.4668,traffic sign,True,True,202.6,mtsd-p12
SAM 3,traffic sign,grp4_20251130_115613.jpg,E:\2. UM-Student\MSC Dissertation\Urban-Vision-Benchmark\Datasets\MTSD\Prepared\MTSD-Unaugmented\MTSD-YOLO\test\images\grp4_20251130_115613.jpg,1182.78,1475.43,1442.04,3056.17,0.8203,traffic sign,True,True,189.1,mtsd-p12
SAM 3,traffic sign,grp4_20251130_115807.jpg,E:\2. UM-Student\MSC Dissertation\Urban-Vision-Benchmark\Datasets\MTSD\Prepared\MTSD-Unaugmented\MTSD-YOLO\test\images\grp4_20251130_115807.jpg,727.18,2470.37,1328.5,3726.59,0.6641,traffic sign,True,True,204.6,mtsd-p12
SAM 3,traffic sign,grp4_20251130_120143.jpg,E:\2. UM-Student\MSC Dissertation\Urban-Vision-Benchmark\Datasets\MTSD\Prepared\MTSD-Unaugmented\MTSD-YOLO\test\images\grp4_20251130_120143.jpg,1523.16,1685.83,1719.62,3064.79,0.8125,traffic sign,True,True,168.7,mtsd-p12
SAM 3,traffic sign,grp4_20251130_120206.jpg,E:\2. UM-Student\MSC Dissertation\Urban-Vision-Benchmark\Datasets\MTSD\Prepared\MTSD-Unaugmented\MTSD-YOLO\test\images\grp4_20251130_120206.jpg,1041.7,1525.24,2192.51,2798.67,0.5508,traffic sign,True,True,187.3,mtsd-p12
SAM 3,traffic sign,grp4_20251130_120206.jpg,E:\2. UM-Student\MSC Dissertation\Urban-Vision-Benchmark\Datasets\MTSD\Prepared\MTSD-Unaugmented\MTSD-YOLO\test\images\grp4_20251130_120206.jpg,311.68,3922.62,347.72,3964.82,0.4121,traffic sign,True,True,187.3,mtsd-p12
SAM 3,traffic sign,grp4_20251219_134240.jpg,E:\2. UM-Student\MSC Dissertation\Urban-Vision-Benchmark\Datasets\MTSD\Prepared\MTSD-Unaugmented\MTSD-YOLO\test\images\grp4_20251219_134240.jpg,934.46,2000.53,2071.19,3193.98,0.3691,traffic sign,True,True,219.8,mtsd-p12
SAM 3,traffic sign,grp4_20251219_134240.jpg,E:\2. UM-Student\MSC Dissertation\Urban-Vision-Benchmark\Datasets\MTSD\Prepared\MTSD-Unaugmented\MTSD-YOLO\test\images\grp4_20251219_134240.jpg,2588.7,3511.27,2636.94,3598.27,0.3008,traffic sign,True,True,219.8,mtsd-p12
SAM 3,traffic sign,grp4_20251229_142249.jpg,E:\2. UM-Student\MSC Dissertation\Urban-Vision-Benchmark\Datasets\MTSD\Prepared\MTSD-Unaugmented\MTSD-YOLO\test\images\grp4_20251229_142249.jpg,717.81,2030.81,1848.47,3107.93,0.5078,traffic sign,True,True,189.7,mtsd-p12
SAM 3,traffic sign,grp4_20251229_142249.jpg,E:\2. UM-Student\MSC Dissertation\Urban-Vision-Benchmark\Datasets\MTSD\Prepared\MTSD-Unaugmented\MTSD-YOLO\test\images\grp4_20251229_142249.jpg,913.08,1604.97,1126.82,1944.46,0.3008,traffic sign,True,True,189.7,mtsd-p12
SAM 3,traffic sign,grp4_20251229_144322.jpg,E:\2. UM-Student\MSC Dissertation\Urban-Vision-Benchmark\Datasets\MTSD\Prepared\MTSD-Unaugmented\MTSD-YOLO\test\images\grp4_20251229_144322.jpg,913.13,1672.94,2216.6,2875.86,0.5547,traffic sign,True,True,189.8,mtsd-p12
SAM 3,traffic sign,grp4_20251229_144322.jpg,E:\2. UM-Student\MSC Dissertation\Urban-Vision-Benchmark\Datasets\MTSD\Prepared\MTSD-Unaugmented\MTSD-YOLO\test\images\grp4_20251229_144322.jpg,725.04,525.26,2156.72,1628.13,0.5156,traffic sign,True,True,189.8,mtsd-p12
SAM 3,traffic sign,grp4_20251229_144322.jpg,E:\2. UM-Student\MSC Dissertation\Urban-Vision-Benchmark\Datasets\MTSD\Prepared\MTSD-Unaugmented\MTSD-YOLO\test\images\grp4_20251229_144322.jpg,2124.24,2982.25,2272.06,3410.14,0.3613,traffic sign,True,True,189.8,mtsd-p12
SAM 3,traffic sign,grp4_20251229_145129.jpg,E:\2. UM-Student\MSC Dissertation\Urban-Vision-Benchmark\Datasets\MTSD\Prepared\MTSD-Unaugmented\MTSD-YOLO\test\images\grp4_20251229_145129.jpg,290.92,1444.8,2181.46,3007.55,0.7734,traffic sign,True,True,206.4,mtsd-p12
SAM 3,traffic sign,grp4_20251229_145129.jpg,E:\2. UM-Student\MSC Dissertation\Urban-Vision-Benchmark\Datasets\MTSD\Prepared\MTSD-Unaugmented\MTSD-YOLO\test\images\grp4_20251229_145129.jpg,228.72,2744.47,2174.2,3721.26,0.7617,traffic sign,True,True,206.4,mtsd-p12
SAM 3,traffic sign,grp4_20251229_145129.jpg,E:\2. UM-Student\MSC Dissertation\Urban-Vision-Benchmark\Datasets\MTSD\Prepared\MTSD-Unaugmented\MTSD-YOLO\test\images\grp4_20251229_145129.jpg,1.28,0.0,376.41,1105.89,0.5,traffic sign,True,True,206.4,mtsd-p12
SAM 3,traffic sign,grp4_20251229_150136.jpg,E:\2. UM-Student\MSC Dissertation\Urban-Vision-Benchmark\Datasets\MTSD\Prepared\MTSD-Unaugmented\MTSD-YOLO\test\images\grp4_20251229_150136.jpg,0.71,1382.85,460.77,2630.19,0.8359,traffic sign,True,True,269.9,mtsd-p12
SAM 3,traffic sign,grp4_20251229_150136.jpg,E:\2. UM-Student\MSC Dissertation\Urban-Vision-Benchmark\Datasets\MTSD\Prepared\MTSD-Unaugmented\MTSD-YOLO\test\images\grp4_20251229_150136.jpg,624.44,1143.43,1936.31,2044.67,0.8242,traffic sign,True,True,269.9,mtsd-p12
SAM 3,traffic sign,grp4_20251229_150136.jpg,E:\2. UM-Student\MSC Dissertation\Urban-Vision-Benchmark\Datasets\MTSD\Prepared\MTSD-Unaugmented\MTSD-YOLO\test\images\grp4_20251229_150136.jpg,443.6,2059.18,1853.37,3366.17,0.8086,traffic sign,True,True,269.9,mtsd-p12
SAM 3,traffic sign,grp4_20251229_150136.jpg,E:\2. UM-Student\MSC Dissertation\Urban-Vision-Benchmark\Datasets\MTSD\Prepared\MTSD-Unaugmented\MTSD-YOLO\test\images\grp4_20251229_150136.jpg,454.74,1113.23,1938.15,4000.0,0.4316,traffic sign,True,True,269.9,mtsd-p12
SAM 3,traffic sign,grp4_20251229_150338.jpg,E:\2. UM-Student\MSC Dissertation\Urban-Vision-Benchmark\Datasets\MTSD\Prepared\MTSD-Unaugmented\MTSD-YOLO\test\images\grp4_20251229_150338.jpg,722.02,2467.67,1882.07,3670.08,0.957,traffic sign,True,True,321.7,mtsd-p12
SAM 3,traffic sign,grp4_20251229_150338.jpg,E:\2. UM-Student\MSC Dissertation\Urban-Vision-Benchmark\Datasets\MTSD\Prepared\MTSD-Unaugmented\MTSD-YOLO\test\images\grp4_20251229_150338.jpg,725.85,1458.01,1945.15,2453.25,0.9492,traffic sign,True,True,321.7,mtsd-p12
SAM 3,traffic sign,grp4_20251229_150338.jpg,E:\2. UM-Student\MSC Dissertation\Urban-Vision-Benchmark\Datasets\MTSD\Prepared\MTSD-Unaugmented\MTSD-YOLO\test\images\grp4_20251229_150338.jpg,1842.93,3821.45,1905.21,3914.39,0.8125,traffic sign,True,True,321.7,mtsd-p12
SAM 3,traffic sign,grp4_20251229_150338.jpg,E:\2. UM-Student\MSC Dissertation\Urban-Vision-Benchmark\Datasets\MTSD\Prepared\MTSD-Unaugmented\MTSD-YOLO\test\images\grp4_20251229_150338.jpg,1829.59,3709.49,1899.71,3815.6,0.793,traffic sign,True,True,321.7,mtsd-p12
SAM 3,traffic sign,grp4_20251229_150338.jpg,E:\2. UM-Student\MSC Dissertation\Urban-Vision-Benchmark\Datasets\MTSD\Prepared\MTSD-Unaugmented\MTSD-YOLO\test\images\grp4_20251229_150338.jpg,516.2,3827.84,564.98,3909.12,0.7461,traffic sign,True,True,321.7,mtsd-p12
SAM 3,traffic sign,grp4_20251229_150338.jpg,E:\2. UM-Student\MSC Dissertation\Urban-Vision-Benchmark\Datasets\MTSD\Prepared\MTSD-Unaugmented\MTSD-YOLO\test\images\grp4_20251229_150338.jpg,2499.88,3876.37,2542.7,3928.64,0.5742,traffic sign,True,True,321.7,mtsd-p12
SAM 3,traffic sign,grp4_20251229_150338.jpg,E:\2. UM-Student\MSC Dissertation\Urban-Vision-Benchmark\Datasets\MTSD\Prepared\MTSD-Unaugmented\MTSD-YOLO\test\images\grp4_20251229_150338.jpg,1841.94,3920.32,1918.56,3982.26,0.5703,traffic sign,True,True,321.7,mtsd-p12
SAM 3,traffic sign,grp4_20251229_150338.jpg,E:\2. UM-Student\MSC Dissertation\Urban-Vision-Benchmark\Datasets\MTSD\Prepared\MTSD-Unaugmented\MTSD-YOLO\test\images\grp4_20251229_150338.jpg,2604.14,3907.12,2640.69,3947.39,0.5234,traffic sign,True,True,321.7,mtsd-p12
SAM 3,traffic sign,grp4_20251229_150338.jpg,E:\2. UM-Student\MSC Dissertation\Urban-Vision-Benchmark\Datasets\MTSD\Prepared\MTSD-Unaugmented\MTSD-YOLO\test\images\grp4_20251229_150338.jpg,2488.74,3849.16,2521.79,3889.85,0.3594,traffic sign,True,True,321.7,mtsd-p12
SAM 3,traffic sign,grp4_20251229_151051.jpg,E:\2. UM-Student\MSC Dissertation\Urban-Vision-Benchmark\Datasets\MTSD\Prepared\MTSD-Unaugmented\MTSD-YOLO\test\images\grp4_20251229_151051.jpg,1227.3,2404.98,2355.0,3653.82,0.9414,traffic sign,True,True,244.4,mtsd-p12
SAM 3,traffic sign,grp4_20251229_151051.jpg,E:\2. UM-Student\MSC Dissertation\Urban-Vision-Benchmark\Datasets\MTSD\Prepared\MTSD-Unaugmented\MTSD-YOLO\test\images\grp4_20251229_151051.jpg,1024.3,1151.93,2386.52,2380.91,0.918,traffic sign,True,True,244.4,mtsd-p12
SAM 3,traffic sign,grp4_20251229_151051.jpg,E:\2. UM-Student\MSC Dissertation\Urban-Vision-Benchmark\Datasets\MTSD\Prepared\MTSD-Unaugmented\MTSD-YOLO\test\images\grp4_20251229_151051.jpg,2391.62,3006.9,2429.66,3069.19,0.5586,traffic sign,True,True,244.4,mtsd-p12
SAM 3,traffic sign,grp4_20251229_152158.jpg,E:\2. UM-Student\MSC Dissertation\Urban-Vision-Benchmark\Datasets\MTSD\Prepared\MTSD-Unaugmented\MTSD-YOLO\test\images\grp4_20251229_152158.jpg,456.72,1305.95,2504.25,3291.06,0.8047,traffic sign,True,True,222.6,mtsd-p12
SAM 3,traffic sign,grp4_20251231_160526.jpg,E:\2. UM-Student\MSC Dissertation\Urban-Vision-Benchmark\Datasets\MTSD\Prepared\MTSD-Unaugmented\MTSD-YOLO\test\images\grp4_20251231_160526.jpg,992.23,1496.8,2010.39,2434.9,0.9102,traffic sign,True,True,161.4,mtsd-p12
SAM 3,traffic sign,grp4_20251231_160545.jpg,E:\2. UM-Student\MSC Dissertation\Urban-Vision-Benchmark\Datasets\MTSD\Prepared\MTSD-Unaugmented\MTSD-YOLO\test\images\grp4_20251231_160545.jpg,1231.78,1422.01,1571.66,2419.28,0.707,traffic sign,True,True,161.8,mtsd-p12
SAM 3,traffic sign,grp4_20251231_160556.jpg,E:\2. UM-Student\MSC Dissertation\Urban-Vision-Benchmark\Datasets\MTSD\Prepared\MTSD-Unaugmented\MTSD-YOLO\test\images\grp4_20251231_160556.jpg,1846.77,1933.36,2038.38,2507.51,0.3926,traffic sign,True,True,148.5,mtsd-p12
SAM 3,traffic sign,grp4_219a5ac5-20251116_164504.jpg,E:\2. UM-Student\MSC Dissertation\Urban-Vision-Benchmark\Datasets\MTSD\Prepared\MTSD-Unaugmented\MTSD-YOLO\test\images\grp4_219a5ac5-20251116_164504.jpg,667.45,1176.62,1308.15,2506.73,0.9375,traffic sign,True,True,176.0,mtsd-p12
SAM 3,traffic sign,grp4_219a5ac5-20251116_164504.jpg,E:\2. UM-Student\MSC Dissertation\Urban-Vision-Benchmark\Datasets\MTSD\Prepared\MTSD-Unaugmented\MTSD-YOLO\test\images\grp4_219a5ac5-20251116_164504.jpg,774.03,2412.65,1153.71,4030.06,0.9219,traffic sign,True,True,176.0,mtsd-p12
SAM 3,traffic sign,grp4_219a5ac5-20251116_164504.jpg,E:\2. UM-Student\MSC Dissertation\Urban-Vision-Benchmark\Datasets\MTSD\Prepared\MTSD-Unaugmented\MTSD-YOLO\test\images\grp4_219a5ac5-20251116_164504.jpg,809.45,2559.37,1077.56,3307.11,0.3457,traffic sign,True,True,176.0,mtsd-p12
SAM 3,traffic sign,grp4_21c64815-20251116_163111.jpg,E:\2. UM-Student\MSC Dissertation\Urban-Vision-Benchmark\Datasets\MTSD\Prepared\MTSD-Unaugmented\MTSD-YOLO\test\images\grp4_21c64815-20251116_163111.jpg,561.64,1171.36,1765.63,2170.8,0.8633,traffic sign,True,True,148.6,mtsd-p12
SAM 3,traffic sign,grp4_22bb020a-20251222_131805.jpg,E:\2. UM-Student\MSC Dissertation\Urban-Vision-Benchmark\Datasets\MTSD\Prepared\MTSD-Unaugmented\MTSD-YOLO\test\images\grp4_22bb020a-20251222_131805.jpg,495.14,680.3,2377.01,2694.8,0.6367,traffic sign,True,True,173.4,mtsd-p12
SAM 3,traffic sign,grp4_22bb020a-20251222_131805.jpg,E:\2. UM-Student\MSC Dissertation\Urban-Vision-Benchmark\Datasets\MTSD\Prepared\MTSD-Unaugmented\MTSD-YOLO\test\images\grp4_22bb020a-20251222_131805.jpg,2884.41,3657.48,2998.86,3755.39,0.5234,traffic sign,True,True,173.4,mtsd-p12
SAM 3,traffic sign,grp4_25671e9a-WhatsApp_Image_2026-01-14_at_11.11.43_3.jpeg,E:\2. UM-Student\MSC Dissertation\Urban-Vision-Benchmark\Datasets\MTSD\Prepared\MTSD-Unaugmented\MTSD-YOLO\test\images\grp4_25671e9a-WhatsApp_Image_2026-01-14_at_11.11.43_3.jpeg,541.62,770.74,876.68,1108.9,0.9609,traffic sign,True,True,150.4,mtsd-p12
SAM 3,traffic sign,grp4_25671e9a-WhatsApp_Image_2026-01-14_at_11.11.43_3.jpeg,E:\2. UM-Student\MSC Dissertation\Urban-Vision-Benchmark\Datasets\MTSD\Prepared\MTSD-Unaugmented\MTSD-YOLO\test\images\grp4_25671e9a-WhatsApp_Image_2026-01-14_at_11.11.43_3.jpeg,456.87,319.34,945.91,764.3,0.9492,traffic sign,True,True,150.4,mtsd-p12
SAM 3,traffic sign,grp4_25671e9a-WhatsApp_Image_2026-01-14_at_11.11.43_3.jpeg,E:\2. UM-Student\MSC Dissertation\Urban-Vision-Benchmark\Datasets\MTSD\Prepared\MTSD-Unaugmented\MTSD-YOLO\test\images\grp4_25671e9a-WhatsApp_Image_2026-01-14_at_11.11.43_3.jpeg,1092.01,960.38,1113.36,986.69,0.7227,traffic sign,True,True,150.4,mtsd-p12
SAM 3,traffic sign,grp4_25671e9a-WhatsApp_Image_2026-01-14_at_11.11.43_3.jpeg,E:\2. UM-Student\MSC Dissertation\Urban-Vision-Benchmark\Datasets\MTSD\Prepared\MTSD-Unaugmented\MTSD-YOLO\test\images\grp4_25671e9a-WhatsApp_Image_2026-01-14_at_11.11.43_3.jpeg,1344.36,856.48,1500.0,1064.28,0.707,traffic sign,True,True,150.4,mtsd-p12
SAM 3,traffic sign,grp4_2659e726-20260107_105845.jpg,E:\2. UM-Student\MSC Dissertation\Urban-Vision-Benchmark\Datasets\MTSD\Prepared\MTSD-Unaugmented\MTSD-YOLO\test\images\grp4_2659e726-20260107_105845.jpg,477.02,1101.54,1630.26,2663.7,0.9492,traffic sign,True,True,172.8,mtsd-p12
SAM 3,traffic sign,grp4_2659e726-20260107_105845.jpg,E:\2. UM-Student\MSC Dissertation\Urban-Vision-Benchmark\Datasets\MTSD\Prepared\MTSD-Unaugmented\MTSD-YOLO\test\images\grp4_2659e726-20260107_105845.jpg,508.01,0.0,1586.79,1216.58,0.9336,traffic sign,True,True,172.8,mtsd-p12
SAM 3,traffic sign,grp4_27645844-20260107_151619.jpg,E:\2. UM-Student\MSC Dissertation\Urban-Vision-Benchmark\Datasets\MTSD\Prepared\MTSD-Unaugmented\MTSD-YOLO\test\images\grp4_27645844-20260107_151619.jpg,148.21,629.81,465.94,1066.2,0.9492,traffic sign,True,True,147.3,mtsd-p12
SAM 3,traffic sign,grp4_27645844-20260107_151619.jpg,E:\2. UM-Student\MSC Dissertation\Urban-Vision-Benchmark\Datasets\MTSD\Prepared\MTSD-Unaugmented\MTSD-YOLO\test\images\grp4_27645844-20260107_151619.jpg,88.57,36.76,530.04,627.85,0.9375,traffic sign,True,True,147.3,mtsd-p12
SAM 3,traffic sign,grp4_27645844-20260107_151619.jpg,E:\2. UM-Student\MSC Dissertation\Urban-Vision-Benchmark\Datasets\MTSD\Prepared\MTSD-Unaugmented\MTSD-YOLO\test\images\grp4_27645844-20260107_151619.jpg,630.24,1215.71,681.3,1275.92,0.6992,traffic sign,True,True,147.3,mtsd-p12
SAM 3,traffic sign,grp4_27645844-20260107_151619.jpg,E:\2. UM-Student\MSC Dissertation\Urban-Vision-Benchmark\Datasets\MTSD\Prepared\MTSD-Unaugmented\MTSD-YOLO\test\images\grp4_27645844-20260107_151619.jpg,618.56,1139.09,683.91,1205.0,0.6875,traffic sign,True,True,147.3,mtsd-p12
SAM 3,traffic sign,grp4_27645844-20260107_151619.jpg,E:\2. UM-Student\MSC Dissertation\Urban-Vision-Benchmark\Datasets\MTSD\Prepared\MTSD-Unaugmented\MTSD-YOLO\test\images\grp4_27645844-20260107_151619.jpg,890.38,1214.04,916.66,1264.6,0.6445,traffic sign,True,True,147.3,mtsd-p12
SAM 3,traffic sign,grp4_27645844-20260107_151619.jpg,E:\2. UM-Student\MSC Dissertation\Urban-Vision-Benchmark\Datasets\MTSD\Prepared\MTSD-Unaugmented\MTSD-YOLO\test\images\grp4_27645844-20260107_151619.jpg,554.8,1366.22,593.33,1463.36,0.6211,traffic sign,True,True,147.3,mtsd-p12
SAM 3,traffic sign,grp4_27645844-20260107_151619.jpg,E:\2. UM-Student\MSC Dissertation\Urban-Vision-Benchmark\Datasets\MTSD\Prepared\MTSD-Unaugmented\MTSD-YOLO\test\images\grp4_27645844-20260107_151619.jpg,1055.73,1168.49,1116.0,1273.4,0.5977,traffic sign,True,True,147.3,mtsd-p12
SAM 3,traffic sign,grp4_27645844-20260107_151619.jpg,E:\2. UM-Student\MSC Dissertation\Urban-Vision-Benchmark\Datasets\MTSD\Prepared\MTSD-Unaugmented\MTSD-YOLO\test\images\grp4_27645844-20260107_151619.jpg,485.56,1363.26,520.74,1457.04,0.5586,traffic sign,True,True,147.3,mtsd-p12
SAM 3,traffic sign,grp4_27645844-20260107_151619.jpg,E:\2. UM-Student\MSC Dissertation\Urban-Vision-Benchmark\Datasets\MTSD\Prepared\MTSD-Unaugmented\MTSD-YOLO\test\images\grp4_27645844-20260107_151619.jpg,973.85,1176.23,1023.89,1247.1,0.5234,traffic sign,True,True,147.3,mtsd-p12
SAM 3,traffic sign,grp4_27645844-20260107_151619.jpg,E:\2. UM-Student\MSC Dissertation\Urban-Vision-Benchmark\Datasets\MTSD\Prepared\MTSD-Unaugmented\MTSD-YOLO\test\images\grp4_27645844-20260107_151619.jpg,885.76,1155.38,914.81,1200.7,0.5039,traffic sign,True,True,147.3,mtsd-p12
SAM 3,traffic sign,grp4_27645844-20260107_151619.jpg,E:\2. UM-Student\MSC Dissertation\Urban-Vision-Benchmark\Datasets\MTSD\Prepared\MTSD-Unaugmented\MTSD-YOLO\test\images\grp4_27645844-20260107_151619.jpg,617.74,1137.71,682.98,1464.13,0.4375,traffic sign,True,True,147.3,mtsd-p12
SAM 3,traffic sign,grp4_27645844-20260107_151619.jpg,E:\2. UM-Student\MSC Dissertation\Urban-Vision-Benchmark\Datasets\MTSD\Prepared\MTSD-Unaugmented\MTSD-YOLO\test\images\grp4_27645844-20260107_151619.jpg,973.43,1176.08,1024.7,1424.9,0.4062,traffic sign,True,True,147.3,mtsd-p12
SAM 3,traffic sign,grp4_27645844-20260107_151619.jpg,E:\2. UM-Student\MSC Dissertation\Urban-Vision-Benchmark\Datasets\MTSD\Prepared\MTSD-Unaugmented\MTSD-YOLO\test\images\grp4_27645844-20260107_151619.jpg,887.0,1153.85,920.4,1420.61,0.4043,traffic sign,True,True,147.3,mtsd-p12
SAM 3,traffic sign,grp4_27645844-20260107_151619.jpg,E:\2. UM-Student\MSC Dissertation\Urban-Vision-Benchmark\Datasets\MTSD\Prepared\MTSD-Unaugmented\MTSD-YOLO\test\images\grp4_27645844-20260107_151619.jpg,1080.54,1248.97,1115.85,1272.03,0.3535,traffic sign,True,True,147.3,mtsd-p12
SAM 3,traffic sign,grp4_27645844-20260107_151619.jpg,E:\2. UM-Student\MSC Dissertation\Urban-Vision-Benchmark\Datasets\MTSD\Prepared\MTSD-Unaugmented\MTSD-YOLO\test\images\grp4_27645844-20260107_151619.jpg,97.25,42.91,524.75,1981.67,0.3047,traffic sign,True,True,147.3,mtsd-p12
SAM 3,traffic sign,grp4_27f66596-20260109_125516.jpg,E:\2. UM-Student\MSC Dissertation\Urban-Vision-Benchmark\Datasets\MTSD\Prepared\MTSD-Unaugmented\MTSD-YOLO\test\images\grp4_27f66596-20260109_125516.jpg,1033.2,975.72,1100.64,1087.41,0.7383,traffic sign,True,True,216.7,mtsd-p12
SAM 3,traffic sign,grp4_27f66596-20260109_125516.jpg,E:\2. UM-Student\MSC Dissertation\Urban-Vision-Benchmark\Datasets\MTSD\Prepared\MTSD-Unaugmented\MTSD-YOLO\test\images\grp4_27f66596-20260109_125516.jpg,1649.19,878.7,1698.83,951.55,0.5234,traffic sign,True,True,216.7,mtsd-p12
SAM 3,traffic sign,grp4_27f66596-20260109_125516.jpg,E:\2. UM-Student\MSC Dissertation\Urban-Vision-Benchmark\Datasets\MTSD\Prepared\MTSD-Unaugmented\MTSD-YOLO\test\images\grp4_27f66596-20260109_125516.jpg,596.15,155.2,1884.48,1916.55,0.457,traffic sign,True,True,216.7,mtsd-p12
SAM 3,traffic sign,grp4_27f66596-20260109_125516.jpg,E:\2. UM-Student\MSC Dissertation\Urban-Vision-Benchmark\Datasets\MTSD\Prepared\MTSD-Unaugmented\MTSD-YOLO\test\images\grp4_27f66596-20260109_125516.jpg,1219.76,488.07,2072.94,2046.5,0.4062,traffic sign,True,True,216.7,mtsd-p12
SAM 3,traffic sign,grp4_27f66596-20260109_125516.jpg,E:\2. UM-Student\MSC Dissertation\Urban-Vision-Benchmark\Datasets\MTSD\Prepared\MTSD-Unaugmented\MTSD-YOLO\test\images\grp4_27f66596-20260109_125516.jpg,593.52,163.8,2057.1,3429.0,0.3047,traffic sign,True,True,216.7,mtsd-p12
SAM 3,traffic sign,grp4_303a684b-WhatsApp_Image_2026-01-14_at_11.12.36_1.jpeg,E:\2. UM-Student\MSC Dissertation\Urban-Vision-Benchmark\Datasets\MTSD\Prepared\MTSD-Unaugmented\MTSD-YOLO\test\images\grp4_303a684b-WhatsApp_Image_2026-01-14_at_11.12.36_1.jpeg,,,,,,<no detections>,False,True,119.4,mtsd-p12
SAM 3,traffic sign,grp4_3a0abdfb-20251116_161259.jpg,E:\2. UM-Student\MSC Dissertation\Urban-Vision-Benchmark\Datasets\MTSD\Prepared\MTSD-Unaugmented\MTSD-YOLO\test\images\grp4_3a0abdfb-20251116_161259.jpg,839.89,880.22,1348.95,1917.63,0.9375,traffic sign,True,True,156.2,mtsd-p12
SAM 3,traffic sign,grp4_3a0abdfb-20251116_161259.jpg,E:\2. UM-Student\MSC Dissertation\Urban-Vision-Benchmark\Datasets\MTSD\Prepared\MTSD-Unaugmented\MTSD-YOLO\test\images\grp4_3a0abdfb-20251116_161259.jpg,816.49,1574.96,1452.8,2232.49,0.9336,traffic sign,True,True,156.2,mtsd-p12
SAM 3,traffic sign,grp4_3a5008ad-20251222_141011.jpg,E:\2. UM-Student\MSC Dissertation\Urban-Vision-Benchmark\Datasets\MTSD\Prepared\MTSD-Unaugmented\MTSD-YOLO\test\images\grp4_3a5008ad-20251222_141011.jpg,1023.35,422.58,2163.0,2120.92,0.8359,traffic sign,True,True,192.7,mtsd-p12
SAM 3,traffic sign,grp4_3a5008ad-20251222_141011.jpg,E:\2. UM-Student\MSC Dissertation\Urban-Vision-Benchmark\Datasets\MTSD\Prepared\MTSD-Unaugmented\MTSD-YOLO\test\images\grp4_3a5008ad-20251222_141011.jpg,672.45,498.18,1727.59,2183.77,0.6328,traffic sign,True,True,192.7,mtsd-p12
SAM 3,traffic sign,grp4_3a5008ad-20251222_141011.jpg,E:\2. UM-Student\MSC Dissertation\Urban-Vision-Benchmark\Datasets\MTSD\Prepared\MTSD-Unaugmented\MTSD-YOLO\test\images\grp4_3a5008ad-20251222_141011.jpg,677.62,419.66,2166.07,4000.0,0.4766,traffic sign,True,True,192.7,mtsd-p12
SAM 3,traffic sign,grp4_420a4dea-20251222_131729.jpg,E:\2. UM-Student\MSC Dissertation\Urban-Vision-Benchmark\Datasets\MTSD\Prepared\MTSD-Unaugmented\MTSD-YOLO\test\images\grp4_420a4dea-20251222_131729.jpg,822.64,717.74,2363.27,2471.69,0.918,traffic sign,True,True,228.0,mtsd-p12
SAM 3,traffic sign,grp4_420a4dea-20251222_131729.jpg,E:\2. UM-Student\MSC Dissertation\Urban-Vision-Benchmark\Datasets\MTSD\Prepared\MTSD-Unaugmented\MTSD-YOLO\test\images\grp4_420a4dea-20251222_131729.jpg,287.44,0.0,995.76,1690.42,0.4824,traffic sign,True,True,228.0,mtsd-p12
SAM 3,traffic sign,grp4_53b94993-WhatsApp_Image_2026-01-14_at_11.10.30_2.jpeg,E:\2. UM-Student\MSC Dissertation\Urban-Vision-Benchmark\Datasets\MTSD\Prepared\MTSD-Unaugmented\MTSD-YOLO\test\images\grp4_53b94993-WhatsApp_Image_2026-01-14_at_11.10.30_2.jpeg,593.7,768.35,854.9,1199.77,0.9297,traffic sign,True,True,134.0,mtsd-p12
SAM 3,traffic sign,grp4_53b94993-WhatsApp_Image_2026-01-14_at_11.10.30_2.jpeg,E:\2. UM-Student\MSC Dissertation\Urban-Vision-Benchmark\Datasets\MTSD\Prepared\MTSD-Unaugmented\MTSD-YOLO\test\images\grp4_53b94993-WhatsApp_Image_2026-01-14_at_11.10.30_2.jpeg,559.25,1171.62,836.01,1510.55,0.9102,traffic sign,True,True,134.0,mtsd-p12
SAM 3,traffic sign,grp4_53b94993-WhatsApp_Image_2026-01-14_at_11.10.30_2.jpeg,E:\2. UM-Student\MSC Dissertation\Urban-Vision-Benchmark\Datasets\MTSD\Prepared\MTSD-Unaugmented\MTSD-YOLO\test\images\grp4_53b94993-WhatsApp_Image_2026-01-14_at_11.10.30_2.jpeg,887.46,1552.1,930.7,1600.86,0.3789,traffic sign,True,True,134.0,mtsd-p12
SAM 3,traffic sign,grp4_53b94993-WhatsApp_Image_2026-01-14_at_11.10.30_2.jpeg,E:\2. UM-Student\MSC Dissertation\Urban-Vision-Benchmark\Datasets\MTSD\Prepared\MTSD-Unaugmented\MTSD-YOLO\test\images\grp4_53b94993-WhatsApp_Image_2026-01-14_at_11.10.30_2.jpeg,577.68,767.31,855.54,2000.0,0.332,traffic sign,True,True,134.0,mtsd-p12
SAM 3,traffic sign,grp4_5886bc7f-20251116_161202.jpg,E:\2. UM-Student\MSC Dissertation\Urban-Vision-Benchmark\Datasets\MTSD\Prepared\MTSD-Unaugmented\MTSD-YOLO\test\images\grp4_5886bc7f-20251116_161202.jpg,1243.67,1405.86,1400.14,1884.43,0.9062,traffic sign,True,True,154.4,mtsd-p12
SAM 3,traffic sign,grp4_5996dfea-20251116_163330.jpg,E:\2. UM-Student\MSC Dissertation\Urban-Vision-Benchmark\Datasets\MTSD\Prepared\MTSD-Unaugmented\MTSD-YOLO\test\images\grp4_5996dfea-20251116_163330.jpg,1034.76,1559.1,1162.89,2148.94,0.832,traffic sign,True,True,169.2,mtsd-p12
SAM 3,traffic sign,grp4_5996dfea-20251116_163330.jpg,E:\2. UM-Student\MSC Dissertation\Urban-Vision-Benchmark\Datasets\MTSD\Prepared\MTSD-Unaugmented\MTSD-YOLO\test\images\grp4_5996dfea-20251116_163330.jpg,1488.91,935.77,1666.09,1947.19,0.7773,traffic sign,True,True,169.2,mtsd-p12
SAM 3,traffic sign,grp4_5996dfea-20251116_163330.jpg,E:\2. UM-Student\MSC Dissertation\Urban-Vision-Benchmark\Datasets\MTSD\Prepared\MTSD-Unaugmented\MTSD-YOLO\test\images\grp4_5996dfea-20251116_163330.jpg,275.47,2333.4,332.19,2522.3,0.4414,traffic sign,True,True,169.2,mtsd-p12
SAM 3,traffic sign,grp4_5c62b2f6-20251117_104837.jpg,E:\2. UM-Student\MSC Dissertation\Urban-Vision-Benchmark\Datasets\MTSD\Prepared\MTSD-Unaugmented\MTSD-YOLO\test\images\grp4_5c62b2f6-20251117_104837.jpg,426.56,1315.18,1642.34,2352.31,0.9414,traffic sign,True,True,240.7,mtsd-p12
SAM 3,traffic sign,grp4_5c62b2f6-20251117_104837.jpg,E:\2. UM-Student\MSC Dissertation\Urban-Vision-Benchmark\Datasets\MTSD\Prepared\MTSD-Unaugmented\MTSD-YOLO\test\images\grp4_5c62b2f6-20251117_104837.jpg,640.11,577.65,1448.05,1397.4,0.9414,traffic sign,True,True,240.7,mtsd-p12
SAM 3,traffic sign,grp4_5c62b2f6-20251117_104837.jpg,E:\2. UM-Student\MSC Dissertation\Urban-Vision-Benchmark\Datasets\MTSD\Prepared\MTSD-Unaugmented\MTSD-YOLO\test\images\grp4_5c62b2f6-20251117_104837.jpg,845.25,2685.88,885.32,2735.07,0.4883,traffic sign,True,True,240.7,mtsd-p12
SAM 3,traffic sign,grp4_5c62b2f6-20251117_104837.jpg,E:\2. UM-Student\MSC Dissertation\Urban-Vision-Benchmark\Datasets\MTSD\Prepared\MTSD-Unaugmented\MTSD-YOLO\test\images\grp4_5c62b2f6-20251117_104837.jpg,2031.19,2708.58,2075.74,2785.42,0.4277,traffic sign,True,True,240.7,mtsd-p12
SAM 3,traffic sign,grp4_5c62b2f6-20251117_104837.jpg,E:\2. UM-Student\MSC Dissertation\Urban-Vision-Benchmark\Datasets\MTSD\Prepared\MTSD-Unaugmented\MTSD-YOLO\test\images\grp4_5c62b2f6-20251117_104837.jpg,1759.7,2734.83,1786.36,2771.79,0.3887,traffic sign,True,True,240.7,mtsd-p12
SAM 3,traffic sign,grp4_5e204826-WhatsApp_Image_2026-01-14_at_11.11.36.jpeg,E:\2. UM-Student\MSC Dissertation\Urban-Vision-Benchmark\Datasets\MTSD\Prepared\MTSD-Unaugmented\MTSD-YOLO\test\images\grp4_5e204826-WhatsApp_Image_2026-01-14_at_11.11.36.jpeg,586.48,791.29,777.32,978.57,0.8828,traffic sign,True,True,136.1,mtsd-p12
SAM 3,traffic sign,grp4_5e204826-WhatsApp_Image_2026-01-14_at_11.11.36.jpeg,E:\2. UM-Student\MSC Dissertation\Urban-Vision-Benchmark\Datasets\MTSD\Prepared\MTSD-Unaugmented\MTSD-YOLO\test\images\grp4_5e204826-WhatsApp_Image_2026-01-14_at_11.11.36.jpeg,582.93,788.66,780.01,1778.93,0.5391,traffic sign,True,True,136.1,mtsd-p12
SAM 3,traffic sign,grp4_5e204826-WhatsApp_Image_2026-01-14_at_11.11.36.jpeg,E:\2. UM-Student\MSC Dissertation\Urban-Vision-Benchmark\Datasets\MTSD\Prepared\MTSD-Unaugmented\MTSD-YOLO\test\images\grp4_5e204826-WhatsApp_Image_2026-01-14_at_11.11.36.jpeg,1487.74,1239.13,1500.0,1318.43,0.3359,traffic sign,True,True,136.1,mtsd-p12
SAM 3,traffic sign,grp4_63c4320e-WhatsApp_Image_2026-01-14_at_11.10.32_3.jpeg,E:\2. UM-Student\MSC Dissertation\Urban-Vision-Benchmark\Datasets\MTSD\Prepared\MTSD-Unaugmented\MTSD-YOLO\test\images\grp4_63c4320e-WhatsApp_Image_2026-01-14_at_11.10.32_3.jpeg,585.49,683.61,826.75,914.37,0.7695,traffic sign,True,True,139.3,mtsd-p12
SAM 3,traffic sign,grp4_66eacd8c-20260109_124456.jpg,E:\2. UM-Student\MSC Dissertation\Urban-Vision-Benchmark\Datasets\MTSD\Prepared\MTSD-Unaugmented\MTSD-YOLO\test\images\grp4_66eacd8c-20260109_124456.jpg,842.58,851.89,1895.81,2655.23,0.8789,traffic sign,True,True,225.4,mtsd-p12
SAM 3,traffic sign,grp4_763f17c4-20260107_150842.jpg,E:\2. UM-Student\MSC Dissertation\Urban-Vision-Benchmark\Datasets\MTSD\Prepared\MTSD-Unaugmented\MTSD-YOLO\test\images\grp4_763f17c4-20260107_150842.jpg,520.73,1477.65,1358.02,2283.18,0.9492,traffic sign,True,True,206.0,mtsd-p12
SAM 3,traffic sign,grp4_763f17c4-20260107_150842.jpg,E:\2. UM-Student\MSC Dissertation\Urban-Vision-Benchmark\Datasets\MTSD\Prepared\MTSD-Unaugmented\MTSD-YOLO\test\images\grp4_763f17c4-20260107_150842.jpg,484.03,548.54,1393.2,1480.41,0.9414,traffic sign,True,True,206.0,mtsd-p12
SAM 3,traffic sign,grp4_763f17c4-20260107_150842.jpg,E:\2. UM-Student\MSC Dissertation\Urban-Vision-Benchmark\Datasets\MTSD\Prepared\MTSD-Unaugmented\MTSD-YOLO\test\images\grp4_763f17c4-20260107_150842.jpg,1648.53,2888.89,1755.55,3006.8,0.8984,traffic sign,True,True,206.0,mtsd-p12
SAM 3,traffic sign,grp4_763f17c4-20260107_150842.jpg,E:\2. UM-Student\MSC Dissertation\Urban-Vision-Benchmark\Datasets\MTSD\Prepared\MTSD-Unaugmented\MTSD-YOLO\test\images\grp4_763f17c4-20260107_150842.jpg,127.02,2745.2,165.21,2776.53,0.4668,traffic sign,True,True,206.0,mtsd-p12
SAM 3,traffic sign,grp4_763f17c4-20260107_150842.jpg,E:\2. UM-Student\MSC Dissertation\Urban-Vision-Benchmark\Datasets\MTSD\Prepared\MTSD-Unaugmented\MTSD-YOLO\test\images\grp4_763f17c4-20260107_150842.jpg,64.99,2831.55,110.0,2887.08,0.3105,traffic sign,True,True,206.0,mtsd-p12
SAM 3,traffic sign,grp4_763f17c4-20260107_150842.jpg,E:\2. UM-Student\MSC Dissertation\Urban-Vision-Benchmark\Datasets\MTSD\Prepared\MTSD-Unaugmented\MTSD-YOLO\test\images\grp4_763f17c4-20260107_150842.jpg,1681.15,3008.63,1740.43,3117.57,0.3027,traffic sign,True,True,206.0,mtsd-p12
SAM 3,traffic sign,grp4_7af17460-WhatsApp_Image_2026-01-14_at_11.11.40_2.jpeg,E:\2. UM-Student\MSC Dissertation\Urban-Vision-Benchmark\Datasets\MTSD\Prepared\MTSD-Unaugmented\MTSD-YOLO\test\images\grp4_7af17460-WhatsApp_Image_2026-01-14_at_11.11.40_2.jpeg,563.02,609.86,860.63,884.65,0.9453,traffic sign,True,True,159.4,mtsd-p12
SAM 3,traffic sign,grp4_7af17460-WhatsApp_Image_2026-01-14_at_11.11.40_2.jpeg,E:\2. UM-Student\MSC Dissertation\Urban-Vision-Benchmark\Datasets\MTSD\Prepared\MTSD-Unaugmented\MTSD-YOLO\test\images\grp4_7af17460-WhatsApp_Image_2026-01-14_at_11.11.40_2.jpeg,598.12,888.28,818.87,1110.63,0.9258,traffic sign,True,True,159.4,mtsd-p12
SAM 3,traffic sign,grp4_7af17460-WhatsApp_Image_2026-01-14_at_11.11.40_2.jpeg,E:\2. UM-Student\MSC Dissertation\Urban-Vision-Benchmark\Datasets\MTSD\Prepared\MTSD-Unaugmented\MTSD-YOLO\test\images\grp4_7af17460-WhatsApp_Image_2026-01-14_at_11.11.40_2.jpeg,1172.75,952.61,1239.25,1016.86,0.8867,traffic sign,True,True,159.4,mtsd-p12
SAM 3,traffic sign,grp4_7af17460-WhatsApp_Image_2026-01-14_at_11.11.40_2.jpeg,E:\2. UM-Student\MSC Dissertation\Urban-Vision-Benchmark\Datasets\MTSD\Prepared\MTSD-Unaugmented\MTSD-YOLO\test\images\grp4_7af17460-WhatsApp_Image_2026-01-14_at_11.11.40_2.jpeg,1383.0,1023.35,1405.85,1047.75,0.8125,traffic sign,True,True,159.4,mtsd-p12
SAM 3,traffic sign,grp4_7af17460-WhatsApp_Image_2026-01-14_at_11.11.40_2.jpeg,E:\2. UM-Student\MSC Dissertation\Urban-Vision-Benchmark\Datasets\MTSD\Prepared\MTSD-Unaugmented\MTSD-YOLO\test\images\grp4_7af17460-WhatsApp_Image_2026-01-14_at_11.11.40_2.jpeg,1390.62,1045.47,1413.86,1069.16,0.793,traffic sign,True,True,159.4,mtsd-p12
SAM 3,traffic sign,grp4_7af17460-WhatsApp_Image_2026-01-14_at_11.11.40_2.jpeg,E:\2. UM-Student\MSC Dissertation\Urban-Vision-Benchmark\Datasets\MTSD\Prepared\MTSD-Unaugmented\MTSD-YOLO\test\images\grp4_7af17460-WhatsApp_Image_2026-01-14_at_11.11.40_2.jpeg,953.57,1052.99,971.76,1080.54,0.793,traffic sign,True,True,159.4,mtsd-p12
SAM 3,traffic sign,grp4_7af17460-WhatsApp_Image_2026-01-14_at_11.11.40_2.jpeg,E:\2. UM-Student\MSC Dissertation\Urban-Vision-Benchmark\Datasets\MTSD\Prepared\MTSD-Unaugmented\MTSD-YOLO\test\images\grp4_7af17460-WhatsApp_Image_2026-01-14_at_11.11.40_2.jpeg,1479.42,1006.81,1498.78,1028.98,0.7148,traffic sign,True,True,159.4,mtsd-p12
SAM 3,traffic sign,grp4_7af17460-WhatsApp_Image_2026-01-14_at_11.11.40_2.jpeg,E:\2. UM-Student\MSC Dissertation\Urban-Vision-Benchmark\Datasets\MTSD\Prepared\MTSD-Unaugmented\MTSD-YOLO\test\images\grp4_7af17460-WhatsApp_Image_2026-01-14_at_11.11.40_2.jpeg,954.48,1034.88,967.23,1057.43,0.6523,traffic sign,True,True,159.4,mtsd-p12
SAM 3,traffic sign,grp4_7af17460-WhatsApp_Image_2026-01-14_at_11.11.40_2.jpeg,E:\2. UM-Student\MSC Dissertation\Urban-Vision-Benchmark\Datasets\MTSD\Prepared\MTSD-Unaugmented\MTSD-YOLO\test\images\grp4_7af17460-WhatsApp_Image_2026-01-14_at_11.11.40_2.jpeg,874.78,623.91,1089.7,849.31,0.5859,traffic sign,True,True,159.4,mtsd-p12
SAM 3,traffic sign,grp4_7af17460-WhatsApp_Image_2026-01-14_at_11.11.40_2.jpeg,E:\2. UM-Student\MSC Dissertation\Urban-Vision-Benchmark\Datasets\MTSD\Prepared\MTSD-Unaugmented\MTSD-YOLO\test\images\grp4_7af17460-WhatsApp_Image_2026-01-14_at_11.11.40_2.jpeg,596.45,885.09,821.77,1695.6,0.5078,traffic sign,True,True,159.4,mtsd-p12
SAM 3,traffic sign,grp4_7af17460-WhatsApp_Image_2026-01-14_at_11.11.40_2.jpeg,E:\2. UM-Student\MSC Dissertation\Urban-Vision-Benchmark\Datasets\MTSD\Prepared\MTSD-Unaugmented\MTSD-YOLO\test\images\grp4_7af17460-WhatsApp_Image_2026-01-14_at_11.11.40_2.jpeg,1173.48,951.36,1239.59,1234.8,0.4941,traffic sign,True,True,159.4,mtsd-p12
SAM 3,traffic sign,grp4_7af17460-WhatsApp_Image_2026-01-14_at_11.11.40_2.jpeg,E:\2. UM-Student\MSC Dissertation\Urban-Vision-Benchmark\Datasets\MTSD\Prepared\MTSD-Unaugmented\MTSD-YOLO\test\images\grp4_7af17460-WhatsApp_Image_2026-01-14_at_11.11.40_2.jpeg,953.27,1047.73,972.14,1150.73,0.3066,traffic sign,True,True,159.4,mtsd-p12
SAM 3,traffic sign,grp4_7b6a28a6-WhatsApp_Image_2026-01-14_at_11.10.25_4.jpeg,E:\2. UM-Student\MSC Dissertation\Urban-Vision-Benchmark\Datasets\MTSD\Prepared\MTSD-Unaugmented\MTSD-YOLO\test\images\grp4_7b6a28a6-WhatsApp_Image_2026-01-14_at_11.10.25_4.jpeg,571.28,670.47,882.43,977.15,0.9258,traffic sign,True,True,136.4,mtsd-p12
SAM 3,traffic sign,grp4_7b6a28a6-WhatsApp_Image_2026-01-14_at_11.10.25_4.jpeg,E:\2. UM-Student\MSC Dissertation\Urban-Vision-Benchmark\Datasets\MTSD\Prepared\MTSD-Unaugmented\MTSD-YOLO\test\images\grp4_7b6a28a6-WhatsApp_Image_2026-01-14_at_11.10.25_4.jpeg,571.3,667.01,886.14,1995.56,0.4043,traffic sign,True,True,136.4,mtsd-p12
SAM 3,traffic sign,grp4_81d58d34-20251222_132612.jpg,E:\2. UM-Student\MSC Dissertation\Urban-Vision-Benchmark\Datasets\MTSD\Prepared\MTSD-Unaugmented\MTSD-YOLO\test\images\grp4_81d58d34-20251222_132612.jpg,691.32,885.32,2016.39,2190.68,0.9258,traffic sign,True,True,216.8,mtsd-p12
SAM 3,traffic sign,grp4_82399059-20251116_165140.jpg,E:\2. UM-Student\MSC Dissertation\Urban-Vision-Benchmark\Datasets\MTSD\Prepared\MTSD-Unaugmented\MTSD-YOLO\test\images\grp4_82399059-20251116_165140.jpg,326.41,2010.78,1978.87,3536.21,0.7031,traffic sign,True,True,220.9,mtsd-p12
SAM 3,traffic sign,grp4_82399059-20251116_165140.jpg,E:\2. UM-Student\MSC Dissertation\Urban-Vision-Benchmark\Datasets\MTSD\Prepared\MTSD-Unaugmented\MTSD-YOLO\test\images\grp4_82399059-20251116_165140.jpg,679.46,1308.53,705.1,1376.49,0.5352,traffic sign,True,True,220.9,mtsd-p12
SAM 3,traffic sign,grp4_82399059-20251116_165140.jpg,E:\2. UM-Student\MSC Dissertation\Urban-Vision-Benchmark\Datasets\MTSD\Prepared\MTSD-Unaugmented\MTSD-YOLO\test\images\grp4_82399059-20251116_165140.jpg,622.87,754.22,1731.47,2123.79,0.373,traffic sign,True,True,220.9,mtsd-p12
SAM 3,traffic sign,grp4_82399059-20251116_165140.jpg,E:\2. UM-Student\MSC Dissertation\Urban-Vision-Benchmark\Datasets\MTSD\Prepared\MTSD-Unaugmented\MTSD-YOLO\test\images\grp4_82399059-20251116_165140.jpg,793.38,2249.72,1630.84,3354.42,0.3008,traffic sign,True,True,220.9,mtsd-p12
SAM 3,traffic sign,grp4_83705e8e-WhatsApp_Image_2026-01-14_at_11.10.28_3.jpeg,E:\2. UM-Student\MSC Dissertation\Urban-Vision-Benchmark\Datasets\MTSD\Prepared\MTSD-Unaugmented\MTSD-YOLO\test\images\grp4_83705e8e-WhatsApp_Image_2026-01-14_at_11.10.28_3.jpeg,410.43,1205.9,439.98,1256.05,0.793,traffic sign,True,True,172.4,mtsd-p12
SAM 3,traffic sign,grp4_83705e8e-WhatsApp_Image_2026-01-14_at_11.10.28_3.jpeg,E:\2. UM-Student\MSC Dissertation\Urban-Vision-Benchmark\Datasets\MTSD\Prepared\MTSD-Unaugmented\MTSD-YOLO\test\images\grp4_83705e8e-WhatsApp_Image_2026-01-14_at_11.10.28_3.jpeg,259.27,1200.05,280.67,1231.31,0.7188,traffic sign,True,True,172.4,mtsd-p12
SAM 3,traffic sign,grp4_83705e8e-WhatsApp_Image_2026-01-14_at_11.10.28_3.jpeg,E:\2. UM-Student\MSC Dissertation\Urban-Vision-Benchmark\Datasets\MTSD\Prepared\MTSD-Unaugmented\MTSD-YOLO\test\images\grp4_83705e8e-WhatsApp_Image_2026-01-14_at_11.10.28_3.jpeg,261.9,1162.45,281.59,1202.76,0.6758,traffic sign,True,True,172.4,mtsd-p12
SAM 3,traffic sign,grp4_83705e8e-WhatsApp_Image_2026-01-14_at_11.10.28_3.jpeg,E:\2. UM-Student\MSC Dissertation\Urban-Vision-Benchmark\Datasets\MTSD\Prepared\MTSD-Unaugmented\MTSD-YOLO\test\images\grp4_83705e8e-WhatsApp_Image_2026-01-14_at_11.10.28_3.jpeg,931.99,1236.09,953.03,1261.15,0.6641,traffic sign,True,True,172.4,mtsd-p12
SAM 3,traffic sign,grp4_83705e8e-WhatsApp_Image_2026-01-14_at_11.10.28_3.jpeg,E:\2. UM-Student\MSC Dissertation\Urban-Vision-Benchmark\Datasets\MTSD\Prepared\MTSD-Unaugmented\MTSD-YOLO\test\images\grp4_83705e8e-WhatsApp_Image_2026-01-14_at_11.10.28_3.jpeg,932.83,1262.85,956.79,1296.71,0.6406,traffic sign,True,True,172.4,mtsd-p12
SAM 3,traffic sign,grp4_83705e8e-WhatsApp_Image_2026-01-14_at_11.10.28_3.jpeg,E:\2. UM-Student\MSC Dissertation\Urban-Vision-Benchmark\Datasets\MTSD\Prepared\MTSD-Unaugmented\MTSD-YOLO\test\images\grp4_83705e8e-WhatsApp_Image_2026-01-14_at_11.10.28_3.jpeg,916.65,1128.51,967.77,1235.5,0.6367,traffic sign,True,True,172.4,mtsd-p12
SAM 3,traffic sign,grp4_83705e8e-WhatsApp_Image_2026-01-14_at_11.10.28_3.jpeg,E:\2. UM-Student\MSC Dissertation\Urban-Vision-Benchmark\Datasets\MTSD\Prepared\MTSD-Unaugmented\MTSD-YOLO\test\images\grp4_83705e8e-WhatsApp_Image_2026-01-14_at_11.10.28_3.jpeg,547.17,635.63,939.87,1026.84,0.6328,traffic sign,True,True,172.4,mtsd-p12
SAM 3,traffic sign,grp4_83705e8e-WhatsApp_Image_2026-01-14_at_11.10.28_3.jpeg,E:\2. UM-Student\MSC Dissertation\Urban-Vision-Benchmark\Datasets\MTSD\Prepared\MTSD-Unaugmented\MTSD-YOLO\test\images\grp4_83705e8e-WhatsApp_Image_2026-01-14_at_11.10.28_3.jpeg,417.31,1170.06,436.05,1203.97,0.6289,traffic sign,True,True,172.4,mtsd-p12
SAM 3,traffic sign,grp4_83705e8e-WhatsApp_Image_2026-01-14_at_11.10.28_3.jpeg,E:\2. UM-Student\MSC Dissertation\Urban-Vision-Benchmark\Datasets\MTSD\Prepared\MTSD-Unaugmented\MTSD-YOLO\test\images\grp4_83705e8e-WhatsApp_Image_2026-01-14_at_11.10.28_3.jpeg,919.84,1200.53,968.44,1235.77,0.6133,traffic sign,True,True,172.4,mtsd-p12
SAM 3,traffic sign,grp4_83705e8e-WhatsApp_Image_2026-01-14_at_11.10.28_3.jpeg,E:\2. UM-Student\MSC Dissertation\Urban-Vision-Benchmark\Datasets\MTSD\Prepared\MTSD-Unaugmented\MTSD-YOLO\test\images\grp4_83705e8e-WhatsApp_Image_2026-01-14_at_11.10.28_3.jpeg,928.24,1133.31,952.59,1158.87,0.5469,traffic sign,True,True,172.4,mtsd-p12
SAM 3,traffic sign,grp4_83705e8e-WhatsApp_Image_2026-01-14_at_11.10.28_3.jpeg,E:\2. UM-Student\MSC Dissertation\Urban-Vision-Benchmark\Datasets\MTSD\Prepared\MTSD-Unaugmented\MTSD-YOLO\test\images\grp4_83705e8e-WhatsApp_Image_2026-01-14_at_11.10.28_3.jpeg,545.94,633.48,939.9,1990.94,0.5352,traffic sign,True,True,172.4,mtsd-p12
SAM 3,traffic sign,grp4_83705e8e-WhatsApp_Image_2026-01-14_at_11.10.28_3.jpeg,E:\2. UM-Student\MSC Dissertation\Urban-Vision-Benchmark\Datasets\MTSD\Prepared\MTSD-Unaugmented\MTSD-YOLO\test\images\grp4_83705e8e-WhatsApp_Image_2026-01-14_at_11.10.28_3.jpeg,410.85,1202.03,439.28,1391.77,0.3828,traffic sign,True,True,172.4,mtsd-p12
SAM 3,traffic sign,grp4_83705e8e-WhatsApp_Image_2026-01-14_at_11.10.28_3.jpeg,E:\2. UM-Student\MSC Dissertation\Urban-Vision-Benchmark\Datasets\MTSD\Prepared\MTSD-Unaugmented\MTSD-YOLO\test\images\grp4_83705e8e-WhatsApp_Image_2026-01-14_at_11.10.28_3.jpeg,699.74,1223.32,725.67,1246.2,0.3477,traffic sign,True,True,172.4,mtsd-p12
SAM 3,traffic sign,grp4_83705e8e-WhatsApp_Image_2026-01-14_at_11.10.28_3.jpeg,E:\2. UM-Student\MSC Dissertation\Urban-Vision-Benchmark\Datasets\MTSD\Prepared\MTSD-Unaugmented\MTSD-YOLO\test\images\grp4_83705e8e-WhatsApp_Image_2026-01-14_at_11.10.28_3.jpeg,257.4,1186.77,281.42,1330.43,0.3418,traffic sign,True,True,172.4,mtsd-p12
SAM 3,traffic sign,grp4_83705e8e-WhatsApp_Image_2026-01-14_at_11.10.28_3.jpeg,E:\2. UM-Student\MSC Dissertation\Urban-Vision-Benchmark\Datasets\MTSD\Prepared\MTSD-Unaugmented\MTSD-YOLO\test\images\grp4_83705e8e-WhatsApp_Image_2026-01-14_at_11.10.28_3.jpeg,863.37,1273.47,883.99,1300.19,0.332,traffic sign,True,True,172.4,mtsd-p12
SAM 3,traffic sign,grp4_83705e8e-WhatsApp_Image_2026-01-14_at_11.10.28_3.jpeg,E:\2. UM-Student\MSC Dissertation\Urban-Vision-Benchmark\Datasets\MTSD\Prepared\MTSD-Unaugmented\MTSD-YOLO\test\images\grp4_83705e8e-WhatsApp_Image_2026-01-14_at_11.10.28_3.jpeg,101.09,1155.75,145.4,1187.45,0.3066,traffic sign,True,True,172.4,mtsd-p12
SAM 3,traffic sign,grp4_86e58e1e-WhatsApp_Image_2026-01-14_at_11.10.21.jpeg,E:\2. UM-Student\MSC Dissertation\Urban-Vision-Benchmark\Datasets\MTSD\Prepared\MTSD-Unaugmented\MTSD-YOLO\test\images\grp4_86e58e1e-WhatsApp_Image_2026-01-14_at_11.10.21.jpeg,643.66,751.85,815.35,1199.19,0.8164,traffic sign,True,True,127.0,mtsd-p12
SAM 3,traffic sign,grp4_86e58e1e-WhatsApp_Image_2026-01-14_at_11.10.21.jpeg,E:\2. UM-Student\MSC Dissertation\Urban-Vision-Benchmark\Datasets\MTSD\Prepared\MTSD-Unaugmented\MTSD-YOLO\test\images\grp4_86e58e1e-WhatsApp_Image_2026-01-14_at_11.10.21.jpeg,762.45,338.08,956.4,792.0,0.7773,traffic sign,True,True,127.0,mtsd-p12
SAM 3,traffic sign,grp4_86e58e1e-WhatsApp_Image_2026-01-14_at_11.10.21.jpeg,E:\2. UM-Student\MSC Dissertation\Urban-Vision-Benchmark\Datasets\MTSD\Prepared\MTSD-Unaugmented\MTSD-YOLO\test\images\grp4_86e58e1e-WhatsApp_Image_2026-01-14_at_11.10.21.jpeg,662.19,344.01,953.22,2000.0,0.3984,traffic sign,True,True,127.0,mtsd-p12
SAM 3,traffic sign,grp4_87ae19f5-WhatsApp_Image_2026-01-14_at_11.11.37.jpeg,E:\2. UM-Student\MSC Dissertation\Urban-Vision-Benchmark\Datasets\MTSD\Prepared\MTSD-Unaugmented\MTSD-YOLO\test\images\grp4_87ae19f5-WhatsApp_Image_2026-01-14_at_11.11.37.jpeg,587.79,950.16,822.53,1182.64,0.9414,traffic sign,True,True,159.6,mtsd-p12
SAM 3,traffic sign,grp4_87ae19f5-WhatsApp_Image_2026-01-14_at_11.11.37.jpeg,E:\2. UM-Student\MSC Dissertation\Urban-Vision-Benchmark\Datasets\MTSD\Prepared\MTSD-Unaugmented\MTSD-YOLO\test\images\grp4_87ae19f5-WhatsApp_Image_2026-01-14_at_11.11.37.jpeg,584.39,722.24,816.11,947.34,0.9062,traffic sign,True,True,159.6,mtsd-p12
SAM 3,traffic sign,grp4_87ae19f5-WhatsApp_Image_2026-01-14_at_11.11.37.jpeg,E:\2. UM-Student\MSC Dissertation\Urban-Vision-Benchmark\Datasets\MTSD\Prepared\MTSD-Unaugmented\MTSD-YOLO\test\images\grp4_87ae19f5-WhatsApp_Image_2026-01-14_at_11.11.37.jpeg,118.64,1169.58,191.32,1240.59,0.8984,traffic sign,True,True,159.6,mtsd-p12
SAM 3,traffic sign,grp4_87ae19f5-WhatsApp_Image_2026-01-14_at_11.11.37.jpeg,E:\2. UM-Student\MSC Dissertation\Urban-Vision-Benchmark\Datasets\MTSD\Prepared\MTSD-Unaugmented\MTSD-YOLO\test\images\grp4_87ae19f5-WhatsApp_Image_2026-01-14_at_11.11.37.jpeg,652.63,1208.03,681.44,1247.63,0.8516,traffic sign,True,True,159.6,mtsd-p12
SAM 3,traffic sign,grp4_87ae19f5-WhatsApp_Image_2026-01-14_at_11.11.37.jpeg,E:\2. UM-Student\MSC Dissertation\Urban-Vision-Benchmark\Datasets\MTSD\Prepared\MTSD-Unaugmented\MTSD-YOLO\test\images\grp4_87ae19f5-WhatsApp_Image_2026-01-14_at_11.11.37.jpeg,654.6,1207.58,682.84,1397.39,0.3965,traffic sign,True,True,159.6,mtsd-p12
SAM 3,traffic sign,grp4_87ae19f5-WhatsApp_Image_2026-01-14_at_11.11.37.jpeg,E:\2. UM-Student\MSC Dissertation\Urban-Vision-Benchmark\Datasets\MTSD\Prepared\MTSD-Unaugmented\MTSD-YOLO\test\images\grp4_87ae19f5-WhatsApp_Image_2026-01-14_at_11.11.37.jpeg,119.66,1170.0,190.43,1439.52,0.3086,traffic sign,True,True,159.6,mtsd-p12
SAM 3,traffic sign,grp4_8b497905-20260107_150756.jpg,E:\2. UM-Student\MSC Dissertation\Urban-Vision-Benchmark\Datasets\MTSD\Prepared\MTSD-Unaugmented\MTSD-YOLO\test\images\grp4_8b497905-20260107_150756.jpg,707.58,800.94,1441.28,1506.57,0.9531,traffic sign,True,True,214.4,mtsd-p12
SAM 3,traffic sign,grp4_8b497905-20260107_150756.jpg,E:\2. UM-Student\MSC Dissertation\Urban-Vision-Benchmark\Datasets\MTSD\Prepared\MTSD-Unaugmented\MTSD-YOLO\test\images\grp4_8b497905-20260107_150756.jpg,831.01,1515.88,1368.29,2062.77,0.9492,traffic sign,True,True,214.4,mtsd-p12
SAM 3,traffic sign,grp4_8b497905-20260107_150756.jpg,E:\2. UM-Student\MSC Dissertation\Urban-Vision-Benchmark\Datasets\MTSD\Prepared\MTSD-Unaugmented\MTSD-YOLO\test\images\grp4_8b497905-20260107_150756.jpg,174.41,2630.06,271.44,2733.98,0.8984,traffic sign,True,True,214.4,mtsd-p12
SAM 3,traffic sign,grp4_8b497905-20260107_150756.jpg,E:\2. UM-Student\MSC Dissertation\Urban-Vision-Benchmark\Datasets\MTSD\Prepared\MTSD-Unaugmented\MTSD-YOLO\test\images\grp4_8b497905-20260107_150756.jpg,873.07,2035.12,1399.36,2347.08,0.4258,traffic sign,True,True,214.4,mtsd-p12
SAM 3,traffic sign,grp4_8bd079ee-20260107_105937.jpg,E:\2. UM-Student\MSC Dissertation\Urban-Vision-Benchmark\Datasets\MTSD\Prepared\MTSD-Unaugmented\MTSD-YOLO\test\images\grp4_8bd079ee-20260107_105937.jpg,542.49,1110.29,1063.68,1643.42,0.9062,traffic sign,True,True,123.4,mtsd-p12
SAM 3,traffic sign,grp4_91f6056a-20251116_163806.jpg,E:\2. UM-Student\MSC Dissertation\Urban-Vision-Benchmark\Datasets\MTSD\Prepared\MTSD-Unaugmented\MTSD-YOLO\test\images\grp4_91f6056a-20251116_163806.jpg,,,,,,<no detections>,False,True,141.4,mtsd-p12
SAM 3,traffic sign,grp4_935db33c-20260107_105737.jpg,E:\2. UM-Student\MSC Dissertation\Urban-Vision-Benchmark\Datasets\MTSD\Prepared\MTSD-Unaugmented\MTSD-YOLO\test\images\grp4_935db33c-20260107_105737.jpg,646.67,1064.53,1571.14,1820.5,0.9531,traffic sign,True,True,195.3,mtsd-p12
SAM 3,traffic sign,grp4_935db33c-20260107_105737.jpg,E:\2. UM-Student\MSC Dissertation\Urban-Vision-Benchmark\Datasets\MTSD\Prepared\MTSD-Unaugmented\MTSD-YOLO\test\images\grp4_935db33c-20260107_105737.jpg,750.53,1829.41,1536.58,2575.7,0.9492,traffic sign,True,True,195.3,mtsd-p12
SAM 3,traffic sign,grp4_94287dbf-20260113_132935.jpg,E:\2. UM-Student\MSC Dissertation\Urban-Vision-Benchmark\Datasets\MTSD\Prepared\MTSD-Unaugmented\MTSD-YOLO\test\images\grp4_94287dbf-20260113_132935.jpg,941.88,1333.93,1779.87,2823.22,0.8711,traffic sign,True,True,199.4,mtsd-p12
SAM 3,traffic sign,grp4_9a8f607e-20251222_141532.jpg,E:\2. UM-Student\MSC Dissertation\Urban-Vision-Benchmark\Datasets\MTSD\Prepared\MTSD-Unaugmented\MTSD-YOLO\test\images\grp4_9a8f607e-20251222_141532.jpg,379.64,686.64,2119.69,2302.63,0.7734,traffic sign,True,True,187.1,mtsd-p12
SAM 3,traffic sign,grp4_9a8f607e-20251222_141532.jpg,E:\2. UM-Student\MSC Dissertation\Urban-Vision-Benchmark\Datasets\MTSD\Prepared\MTSD-Unaugmented\MTSD-YOLO\test\images\grp4_9a8f607e-20251222_141532.jpg,678.65,2131.32,2006.76,2732.22,0.7461,traffic sign,True,True,187.1,mtsd-p12
SAM 3,traffic sign,grp4_9a8f607e-20251222_141532.jpg,E:\2. UM-Student\MSC Dissertation\Urban-Vision-Benchmark\Datasets\MTSD\Prepared\MTSD-Unaugmented\MTSD-YOLO\test\images\grp4_9a8f607e-20251222_141532.jpg,376.78,708.69,2128.82,4000.0,0.4395,traffic sign,True,True,187.1,mtsd-p12
SAM 3,traffic sign,grp4_9c4db066-WhatsApp_Image_2026-01-14_at_10.34.44_2.jpeg,E:\2. UM-Student\MSC Dissertation\Urban-Vision-Benchmark\Datasets\MTSD\Prepared\MTSD-Unaugmented\MTSD-YOLO\test\images\grp4_9c4db066-WhatsApp_Image_2026-01-14_at_10.34.44_2.jpeg,157.88,417.37,405.08,672.6,0.8594,traffic sign,True,True,127.0,mtsd-p12
SAM 3,traffic sign,grp4_9c4db066-WhatsApp_Image_2026-01-14_at_10.34.44_2.jpeg,E:\2. UM-Student\MSC Dissertation\Urban-Vision-Benchmark\Datasets\MTSD\Prepared\MTSD-Unaugmented\MTSD-YOLO\test\images\grp4_9c4db066-WhatsApp_Image_2026-01-14_at_10.34.44_2.jpeg,528.55,822.34,545.93,837.54,0.6719,traffic sign,True,True,127.0,mtsd-p12
SAM 3,traffic sign,grp4_9c4db066-WhatsApp_Image_2026-01-14_at_10.34.44_2.jpeg,E:\2. UM-Student\MSC Dissertation\Urban-Vision-Benchmark\Datasets\MTSD\Prepared\MTSD-Unaugmented\MTSD-YOLO\test\images\grp4_9c4db066-WhatsApp_Image_2026-01-14_at_10.34.44_2.jpeg,134.78,872.69,149.18,904.38,0.668,traffic sign,True,True,127.0,mtsd-p12
SAM 3,traffic sign,grp4_9c4db066-WhatsApp_Image_2026-01-14_at_10.34.44_2.jpeg,E:\2. UM-Student\MSC Dissertation\Urban-Vision-Benchmark\Datasets\MTSD\Prepared\MTSD-Unaugmented\MTSD-YOLO\test\images\grp4_9c4db066-WhatsApp_Image_2026-01-14_at_10.34.44_2.jpeg,157.82,416.82,404.76,1427.45,0.5859,traffic sign,True,True,127.0,mtsd-p12
SAM 3,traffic sign,grp4_9c4db066-WhatsApp_Image_2026-01-14_at_10.34.44_2.jpeg,E:\2. UM-Student\MSC Dissertation\Urban-Vision-Benchmark\Datasets\MTSD\Prepared\MTSD-Unaugmented\MTSD-YOLO\test\images\grp4_9c4db066-WhatsApp_Image_2026-01-14_at_10.34.44_2.jpeg,150.4,855.97,158.9,868.78,0.418,traffic sign,True,True,127.0,mtsd-p12
SAM 3,traffic sign,grp4_a3952dcd-20251116_170721.jpg,E:\2. UM-Student\MSC Dissertation\Urban-Vision-Benchmark\Datasets\MTSD\Prepared\MTSD-Unaugmented\MTSD-YOLO\test\images\grp4_a3952dcd-20251116_170721.jpg,486.15,740.83,1190.22,2167.47,0.9062,traffic sign,True,True,150.3,mtsd-p12
SAM 3,traffic sign,grp4_a59df063-20251116_165440.jpg,E:\2. UM-Student\MSC Dissertation\Urban-Vision-Benchmark\Datasets\MTSD\Prepared\MTSD-Unaugmented\MTSD-YOLO\test\images\grp4_a59df063-20251116_165440.jpg,224.5,882.58,1320.11,2239.96,0.9453,traffic sign,True,True,183.5,mtsd-p12
SAM 3,traffic sign,grp4_a59df063-20251116_165440.jpg,E:\2. UM-Student\MSC Dissertation\Urban-Vision-Benchmark\Datasets\MTSD\Prepared\MTSD-Unaugmented\MTSD-YOLO\test\images\grp4_a59df063-20251116_165440.jpg,1809.25,3074.96,1883.33,3153.32,0.8672,traffic sign,True,True,183.5,mtsd-p12
SAM 3,traffic sign,grp4_a59df063-20251116_165440.jpg,E:\2. UM-Student\MSC Dissertation\Urban-Vision-Benchmark\Datasets\MTSD\Prepared\MTSD-Unaugmented\MTSD-YOLO\test\images\grp4_a59df063-20251116_165440.jpg,469.65,3138.38,516.97,3226.09,0.3223,traffic sign,True,True,183.5,mtsd-p12
SAM 3,traffic sign,grp4_a59df063-20251116_165440.jpg,E:\2. UM-Student\MSC Dissertation\Urban-Vision-Benchmark\Datasets\MTSD\Prepared\MTSD-Unaugmented\MTSD-YOLO\test\images\grp4_a59df063-20251116_165440.jpg,1813.64,3074.62,1881.97,3448.99,0.3184,traffic sign,True,True,183.5,mtsd-p12
SAM 3,traffic sign,grp4_abe76f20-20260109_124535.jpg,E:\2. UM-Student\MSC Dissertation\Urban-Vision-Benchmark\Datasets\MTSD\Prepared\MTSD-Unaugmented\MTSD-YOLO\test\images\grp4_abe76f20-20260109_124535.jpg,750.89,286.52,2096.2,2612.3,0.9023,traffic sign,True,True,181.5,mtsd-p12
SAM 3,traffic sign,grp4_b3745e21-20251222_142059.jpg,E:\2. UM-Student\MSC Dissertation\Urban-Vision-Benchmark\Datasets\MTSD\Prepared\MTSD-Unaugmented\MTSD-YOLO\test\images\grp4_b3745e21-20251222_142059.jpg,807.74,573.44,1729.12,2233.03,0.8711,traffic sign,True,True,185.7,mtsd-p12
SAM 3,traffic sign,grp4_b3d0eaa4-20251116_163427.jpg,E:\2. UM-Student\MSC Dissertation\Urban-Vision-Benchmark\Datasets\MTSD\Prepared\MTSD-Unaugmented\MTSD-YOLO\test\images\grp4_b3d0eaa4-20251116_163427.jpg,29.08,467.48,918.97,2500.97,0.9219,traffic sign,True,True,190.1,mtsd-p12
SAM 3,traffic sign,grp4_b3d0eaa4-20251116_163427.jpg,E:\2. UM-Student\MSC Dissertation\Urban-Vision-Benchmark\Datasets\MTSD\Prepared\MTSD-Unaugmented\MTSD-YOLO\test\images\grp4_b3d0eaa4-20251116_163427.jpg,891.18,1239.47,1424.2,2331.09,0.5898,traffic sign,True,True,190.1,mtsd-p12
SAM 3,traffic sign,grp4_b3d0eaa4-20251116_163427.jpg,E:\2. UM-Student\MSC Dissertation\Urban-Vision-Benchmark\Datasets\MTSD\Prepared\MTSD-Unaugmented\MTSD-YOLO\test\images\grp4_b3d0eaa4-20251116_163427.jpg,288.27,836.58,663.67,1384.79,0.418,traffic sign,True,True,190.1,mtsd-p12
SAM 3,traffic sign,grp4_bdef9845-20260109_130552.jpg,E:\2. UM-Student\MSC Dissertation\Urban-Vision-Benchmark\Datasets\MTSD\Prepared\MTSD-Unaugmented\MTSD-YOLO\test\images\grp4_bdef9845-20260109_130552.jpg,741.8,1269.08,1974.31,2349.25,0.5078,traffic sign,True,True,165.8,mtsd-p12
SAM 3,traffic sign,grp4_bdef9845-20260109_130552.jpg,E:\2. UM-Student\MSC Dissertation\Urban-Vision-Benchmark\Datasets\MTSD\Prepared\MTSD-Unaugmented\MTSD-YOLO\test\images\grp4_bdef9845-20260109_130552.jpg,680.96,2422.17,1798.4,3648.53,0.4902,traffic sign,True,True,165.8,mtsd-p12
SAM 3,traffic sign,grp4_c3a633b2-20251116_162903.jpg,E:\2. UM-Student\MSC Dissertation\Urban-Vision-Benchmark\Datasets\MTSD\Prepared\MTSD-Unaugmented\MTSD-YOLO\test\images\grp4_c3a633b2-20251116_162903.jpg,296.53,1161.62,494.04,1776.8,0.8164,traffic sign,True,True,194.3,mtsd-p12
SAM 3,traffic sign,grp4_c3a633b2-20251116_162903.jpg,E:\2. UM-Student\MSC Dissertation\Urban-Vision-Benchmark\Datasets\MTSD\Prepared\MTSD-Unaugmented\MTSD-YOLO\test\images\grp4_c3a633b2-20251116_162903.jpg,296.65,1162.82,562.79,3317.99,0.4453,traffic sign,True,True,194.3,mtsd-p12
SAM 3,traffic sign,grp4_c3a633b2-20251116_162903.jpg,E:\2. UM-Student\MSC Dissertation\Urban-Vision-Benchmark\Datasets\MTSD\Prepared\MTSD-Unaugmented\MTSD-YOLO\test\images\grp4_c3a633b2-20251116_162903.jpg,1582.76,711.36,1948.29,1234.84,0.3633,traffic sign,True,True,194.3,mtsd-p12
SAM 3,traffic sign,grp4_c909a40a-20251222_142239.jpg,E:\2. UM-Student\MSC Dissertation\Urban-Vision-Benchmark\Datasets\MTSD\Prepared\MTSD-Unaugmented\MTSD-YOLO\test\images\grp4_c909a40a-20251222_142239.jpg,528.55,562.65,2031.79,2011.46,0.8945,traffic sign,True,True,181.4,mtsd-p12
SAM 3,traffic sign,grp4_cbb400e9-WhatsApp_Image_2026-01-14_at_11.10.25.jpeg,E:\2. UM-Student\MSC Dissertation\Urban-Vision-Benchmark\Datasets\MTSD\Prepared\MTSD-Unaugmented\MTSD-YOLO\test\images\grp4_cbb400e9-WhatsApp_Image_2026-01-14_at_11.10.25.jpeg,,,,,,<no detections>,False,True,118.6,mtsd-p12
SAM 3,traffic sign,grp4_cdcb1057-WhatsApp_Image_2026-01-14_at_11.11.40_1.jpeg,E:\2. UM-Student\MSC Dissertation\Urban-Vision-Benchmark\Datasets\MTSD\Prepared\MTSD-Unaugmented\MTSD-YOLO\test\images\grp4_cdcb1057-WhatsApp_Image_2026-01-14_at_11.11.40_1.jpeg,1320.11,695.03,1372.14,747.32,0.8984,traffic sign,True,True,168.9,mtsd-p12
SAM 3,traffic sign,grp4_cdcb1057-WhatsApp_Image_2026-01-14_at_11.11.40_1.jpeg,E:\2. UM-Student\MSC Dissertation\Urban-Vision-Benchmark\Datasets\MTSD\Prepared\MTSD-Unaugmented\MTSD-YOLO\test\images\grp4_cdcb1057-WhatsApp_Image_2026-01-14_at_11.11.40_1.jpeg,525.52,846.29,571.37,890.17,0.8789,traffic sign,True,True,168.9,mtsd-p12
SAM 3,traffic sign,grp4_cdcb1057-WhatsApp_Image_2026-01-14_at_11.11.40_1.jpeg,E:\2. UM-Student\MSC Dissertation\Urban-Vision-Benchmark\Datasets\MTSD\Prepared\MTSD-Unaugmented\MTSD-YOLO\test\images\grp4_cdcb1057-WhatsApp_Image_2026-01-14_at_11.11.40_1.jpeg,349.61,841.09,398.56,884.6,0.8711,traffic sign,True,True,168.9,mtsd-p12
SAM 3,traffic sign,grp4_cdcb1057-WhatsApp_Image_2026-01-14_at_11.11.40_1.jpeg,E:\2. UM-Student\MSC Dissertation\Urban-Vision-Benchmark\Datasets\MTSD\Prepared\MTSD-Unaugmented\MTSD-YOLO\test\images\grp4_cdcb1057-WhatsApp_Image_2026-01-14_at_11.11.40_1.jpeg,234.53,744.01,261.23,769.55,0.7422,traffic sign,True,True,168.9,mtsd-p12
SAM 3,traffic sign,grp4_cdcb1057-WhatsApp_Image_2026-01-14_at_11.11.40_1.jpeg,E:\2. UM-Student\MSC Dissertation\Urban-Vision-Benchmark\Datasets\MTSD\Prepared\MTSD-Unaugmented\MTSD-YOLO\test\images\grp4_cdcb1057-WhatsApp_Image_2026-01-14_at_11.11.40_1.jpeg,969.99,772.01,980.9,783.32,0.6094,traffic sign,True,True,168.9,mtsd-p12
SAM 3,traffic sign,grp4_cdcb1057-WhatsApp_Image_2026-01-14_at_11.11.40_1.jpeg,E:\2. UM-Student\MSC Dissertation\Urban-Vision-Benchmark\Datasets\MTSD\Prepared\MTSD-Unaugmented\MTSD-YOLO\test\images\grp4_cdcb1057-WhatsApp_Image_2026-01-14_at_11.11.40_1.jpeg,1321.49,696.42,1373.16,951.75,0.4395,traffic sign,True,True,168.9,mtsd-p12
SAM 3,traffic sign,grp4_cdcb1057-WhatsApp_Image_2026-01-14_at_11.11.40_1.jpeg,E:\2. UM-Student\MSC Dissertation\Urban-Vision-Benchmark\Datasets\MTSD\Prepared\MTSD-Unaugmented\MTSD-YOLO\test\images\grp4_cdcb1057-WhatsApp_Image_2026-01-14_at_11.11.40_1.jpeg,656.28,732.76,670.54,765.37,0.4199,traffic sign,True,True,168.9,mtsd-p12
SAM 3,traffic sign,grp4_d1c1ed24-20260113_130204.jpg,E:\2. UM-Student\MSC Dissertation\Urban-Vision-Benchmark\Datasets\MTSD\Prepared\MTSD-Unaugmented\MTSD-YOLO\test\images\grp4_d1c1ed24-20260113_130204.jpg,1055.52,1573.73,1834.67,2330.76,0.8984,traffic sign,True,True,165.6,mtsd-p12
SAM 3,traffic sign,grp4_d2b85a88-20251116_163522.jpg,E:\2. UM-Student\MSC Dissertation\Urban-Vision-Benchmark\Datasets\MTSD\Prepared\MTSD-Unaugmented\MTSD-YOLO\test\images\grp4_d2b85a88-20251116_163522.jpg,,,,,,<no detections>,False,True,145.0,mtsd-p12
SAM 3,traffic sign,grp4_d3d2c193-20260109_124357.jpg,E:\2. UM-Student\MSC Dissertation\Urban-Vision-Benchmark\Datasets\MTSD\Prepared\MTSD-Unaugmented\MTSD-YOLO\test\images\grp4_d3d2c193-20260109_124357.jpg,385.95,589.72,1933.8,2520.62,0.5234,traffic sign,True,True,145.2,mtsd-p12
SAM 3,traffic sign,grp4_d4ed28aa-20251222_141346.jpg,E:\2. UM-Student\MSC Dissertation\Urban-Vision-Benchmark\Datasets\MTSD\Prepared\MTSD-Unaugmented\MTSD-YOLO\test\images\grp4_d4ed28aa-20251222_141346.jpg,589.04,522.8,2174.61,2302.3,0.6055,traffic sign,True,True,156.9,mtsd-p12
SAM 3,traffic sign,grp4_d5aaacb6-20251116_165125.jpg,E:\2. UM-Student\MSC Dissertation\Urban-Vision-Benchmark\Datasets\MTSD\Prepared\MTSD-Unaugmented\MTSD-YOLO\test\images\grp4_d5aaacb6-20251116_165125.jpg,269.42,3098.55,497.12,3353.52,0.8477,traffic sign,True,True,192.4,mtsd-p12
SAM 3,traffic sign,grp4_d5aaacb6-20251116_165125.jpg,E:\2. UM-Student\MSC Dissertation\Urban-Vision-Benchmark\Datasets\MTSD\Prepared\MTSD-Unaugmented\MTSD-YOLO\test\images\grp4_d5aaacb6-20251116_165125.jpg,584.0,882.77,1569.85,1889.07,0.7695,traffic sign,True,True,192.4,mtsd-p12
SAM 3,traffic sign,grp4_d5aaacb6-20251116_165125.jpg,E:\2. UM-Student\MSC Dissertation\Urban-Vision-Benchmark\Datasets\MTSD\Prepared\MTSD-Unaugmented\MTSD-YOLO\test\images\grp4_d5aaacb6-20251116_165125.jpg,293.84,1614.5,1817.17,3151.86,0.7305,traffic sign,True,True,192.4,mtsd-p12
SAM 3,traffic sign,grp4_d5aaacb6-20251116_165125.jpg,E:\2. UM-Student\MSC Dissertation\Urban-Vision-Benchmark\Datasets\MTSD\Prepared\MTSD-Unaugmented\MTSD-YOLO\test\images\grp4_d5aaacb6-20251116_165125.jpg,269.71,3097.29,498.6,4080.0,0.3457,traffic sign,True,True,192.4,mtsd-p12
SAM 3,traffic sign,grp4_d78448ea-20251117_105829.jpg,E:\2. UM-Student\MSC Dissertation\Urban-Vision-Benchmark\Datasets\MTSD\Prepared\MTSD-Unaugmented\MTSD-YOLO\test\images\grp4_d78448ea-20251117_105829.jpg,12.95,3246.12,226.61,3459.5,0.8359,traffic sign,True,True,181.1,mtsd-p12
SAM 3,traffic sign,grp4_d78448ea-20251117_105829.jpg,E:\2. UM-Student\MSC Dissertation\Urban-Vision-Benchmark\Datasets\MTSD\Prepared\MTSD-Unaugmented\MTSD-YOLO\test\images\grp4_d78448ea-20251117_105829.jpg,439.81,844.78,2131.98,2637.57,0.6875,traffic sign,True,True,181.1,mtsd-p12
SAM 3,traffic sign,grp4_d8a007d5-20260109_123932.jpg,E:\2. UM-Student\MSC Dissertation\Urban-Vision-Benchmark\Datasets\MTSD\Prepared\MTSD-Unaugmented\MTSD-YOLO\test\images\grp4_d8a007d5-20260109_123932.jpg,530.92,2155.99,1895.28,3999.87,0.9492,traffic sign,True,True,183.0,mtsd-p12
SAM 3,traffic sign,grp4_d8a007d5-20260109_123932.jpg,E:\2. UM-Student\MSC Dissertation\Urban-Vision-Benchmark\Datasets\MTSD\Prepared\MTSD-Unaugmented\MTSD-YOLO\test\images\grp4_d8a007d5-20260109_123932.jpg,713.48,131.28,1706.36,2296.22,0.9414,traffic sign,True,True,183.0,mtsd-p12
SAM 3,traffic sign,grp4_db6dffba-WhatsApp_Image_2026-01-14_at_11.12.35_1.jpeg,E:\2. UM-Student\MSC Dissertation\Urban-Vision-Benchmark\Datasets\MTSD\Prepared\MTSD-Unaugmented\MTSD-YOLO\test\images\grp4_db6dffba-WhatsApp_Image_2026-01-14_at_11.12.35_1.jpeg,480.86,938.64,633.64,1230.79,0.6914,traffic sign,True,True,135.0,mtsd-p12
SAM 3,traffic sign,grp4_db6dffba-WhatsApp_Image_2026-01-14_at_11.12.35_1.jpeg,E:\2. UM-Student\MSC Dissertation\Urban-Vision-Benchmark\Datasets\MTSD\Prepared\MTSD-Unaugmented\MTSD-YOLO\test\images\grp4_db6dffba-WhatsApp_Image_2026-01-14_at_11.12.35_1.jpeg,1210.03,1176.73,1267.15,1334.68,0.6094,traffic sign,True,True,135.0,mtsd-p12
SAM 3,traffic sign,grp4_db6dffba-WhatsApp_Image_2026-01-14_at_11.12.35_1.jpeg,E:\2. UM-Student\MSC Dissertation\Urban-Vision-Benchmark\Datasets\MTSD\Prepared\MTSD-Unaugmented\MTSD-YOLO\test\images\grp4_db6dffba-WhatsApp_Image_2026-01-14_at_11.12.35_1.jpeg,1289.19,1304.37,1340.35,1342.02,0.4922,traffic sign,True,True,135.0,mtsd-p12
SAM 3,traffic sign,grp4_db6dffba-WhatsApp_Image_2026-01-14_at_11.12.35_1.jpeg,E:\2. UM-Student\MSC Dissertation\Urban-Vision-Benchmark\Datasets\MTSD\Prepared\MTSD-Unaugmented\MTSD-YOLO\test\images\grp4_db6dffba-WhatsApp_Image_2026-01-14_at_11.12.35_1.jpeg,1143.54,1156.27,1193.86,1319.91,0.4551,traffic sign,True,True,135.0,mtsd-p12
SAM 3,traffic sign,grp4_dd2a03a9-20251222_132847.jpg,E:\2. UM-Student\MSC Dissertation\Urban-Vision-Benchmark\Datasets\MTSD\Prepared\MTSD-Unaugmented\MTSD-YOLO\test\images\grp4_dd2a03a9-20251222_132847.jpg,,,,,,<no detections>,False,True,154.5,mtsd-p12
SAM 3,traffic sign,grp4_ddd42f22-20251116_162542.jpg,E:\2. UM-Student\MSC Dissertation\Urban-Vision-Benchmark\Datasets\MTSD\Prepared\MTSD-Unaugmented\MTSD-YOLO\test\images\grp4_ddd42f22-20251116_162542.jpg,922.0,1805.98,1391.98,2294.04,0.9102,traffic sign,True,True,171.9,mtsd-p12
SAM 3,traffic sign,grp4_ddd42f22-20251116_162542.jpg,E:\2. UM-Student\MSC Dissertation\Urban-Vision-Benchmark\Datasets\MTSD\Prepared\MTSD-Unaugmented\MTSD-YOLO\test\images\grp4_ddd42f22-20251116_162542.jpg,906.87,2116.56,1426.12,2525.57,0.5664,traffic sign,True,True,171.9,mtsd-p12
SAM 3,traffic sign,grp4_dddb030d-20251230_104127.jpg,E:\2. UM-Student\MSC Dissertation\Urban-Vision-Benchmark\Datasets\MTSD\Prepared\MTSD-Unaugmented\MTSD-YOLO\test\images\grp4_dddb030d-20251230_104127.jpg,2744.59,2330.34,2816.88,2403.04,0.7695,traffic sign,True,True,257.6,mtsd-p12
SAM 3,traffic sign,grp4_dddb030d-20251230_104127.jpg,E:\2. UM-Student\MSC Dissertation\Urban-Vision-Benchmark\Datasets\MTSD\Prepared\MTSD-Unaugmented\MTSD-YOLO\test\images\grp4_dddb030d-20251230_104127.jpg,415.48,906.57,2199.07,2672.08,0.625,traffic sign,True,True,257.6,mtsd-p12
SAM 3,traffic sign,grp4_dddb030d-20251230_104127.jpg,E:\2. UM-Student\MSC Dissertation\Urban-Vision-Benchmark\Datasets\MTSD\Prepared\MTSD-Unaugmented\MTSD-YOLO\test\images\grp4_dddb030d-20251230_104127.jpg,738.93,0.0,1918.38,845.36,0.543,traffic sign,True,True,257.6,mtsd-p12
SAM 3,traffic sign,grp4_dddb030d-20251230_104127.jpg,E:\2. UM-Student\MSC Dissertation\Urban-Vision-Benchmark\Datasets\MTSD\Prepared\MTSD-Unaugmented\MTSD-YOLO\test\images\grp4_dddb030d-20251230_104127.jpg,403.2,9.57,2188.18,3982.25,0.4043,traffic sign,True,True,257.6,mtsd-p12
SAM 3,traffic sign,grp4_dddb030d-20251230_104127.jpg,E:\2. UM-Student\MSC Dissertation\Urban-Vision-Benchmark\Datasets\MTSD\Prepared\MTSD-Unaugmented\MTSD-YOLO\test\images\grp4_dddb030d-20251230_104127.jpg,2777.52,2224.52,2853.45,2329.28,0.334,traffic sign,True,True,257.6,mtsd-p12
SAM 3,traffic sign,grp4_dddb030d-20251230_104127.jpg,E:\2. UM-Student\MSC Dissertation\Urban-Vision-Benchmark\Datasets\MTSD\Prepared\MTSD-Unaugmented\MTSD-YOLO\test\images\grp4_dddb030d-20251230_104127.jpg,2717.55,2398.79,2777.94,2555.69,0.3184,traffic sign,True,True,257.6,mtsd-p12
SAM 3,traffic sign,grp4_df0bccf2-WhatsApp_Image_2026-01-14_at_11.12.00.jpeg,E:\2. UM-Student\MSC Dissertation\Urban-Vision-Benchmark\Datasets\MTSD\Prepared\MTSD-Unaugmented\MTSD-YOLO\test\images\grp4_df0bccf2-WhatsApp_Image_2026-01-14_at_11.12.00.jpeg,368.39,699.8,457.34,783.3,0.9297,traffic sign,True,True,138.3,mtsd-p12
SAM 3,traffic sign,grp4_df0bccf2-WhatsApp_Image_2026-01-14_at_11.12.00.jpeg,E:\2. UM-Student\MSC Dissertation\Urban-Vision-Benchmark\Datasets\MTSD\Prepared\MTSD-Unaugmented\MTSD-YOLO\test\images\grp4_df0bccf2-WhatsApp_Image_2026-01-14_at_11.12.00.jpeg,1587.31,649.46,1709.77,764.01,0.9258,traffic sign,True,True,138.3,mtsd-p12
SAM 3,traffic sign,grp4_df0bccf2-WhatsApp_Image_2026-01-14_at_11.12.00.jpeg,E:\2. UM-Student\MSC Dissertation\Urban-Vision-Benchmark\Datasets\MTSD\Prepared\MTSD-Unaugmented\MTSD-YOLO\test\images\grp4_df0bccf2-WhatsApp_Image_2026-01-14_at_11.12.00.jpeg,697.99,821.1,723.62,847.59,0.8242,traffic sign,True,True,138.3,mtsd-p12
SAM 3,traffic sign,grp4_df0bccf2-WhatsApp_Image_2026-01-14_at_11.12.00.jpeg,E:\2. UM-Student\MSC Dissertation\Urban-Vision-Benchmark\Datasets\MTSD\Prepared\MTSD-Unaugmented\MTSD-YOLO\test\images\grp4_df0bccf2-WhatsApp_Image_2026-01-14_at_11.12.00.jpeg,1061.13,814.0,1082.38,839.23,0.8242,traffic sign,True,True,138.3,mtsd-p12
SAM 3,traffic sign,grp4_df0bccf2-WhatsApp_Image_2026-01-14_at_11.12.00.jpeg,E:\2. UM-Student\MSC Dissertation\Urban-Vision-Benchmark\Datasets\MTSD\Prepared\MTSD-Unaugmented\MTSD-YOLO\test\images\grp4_df0bccf2-WhatsApp_Image_2026-01-14_at_11.12.00.jpeg,1586.08,648.54,1711.9,1180.02,0.4551,traffic sign,True,True,138.3,mtsd-p12
SAM 3,traffic sign,grp4_df0bccf2-WhatsApp_Image_2026-01-14_at_11.12.00.jpeg,E:\2. UM-Student\MSC Dissertation\Urban-Vision-Benchmark\Datasets\MTSD\Prepared\MTSD-Unaugmented\MTSD-YOLO\test\images\grp4_df0bccf2-WhatsApp_Image_2026-01-14_at_11.12.00.jpeg,368.01,698.75,456.77,1075.99,0.3984,traffic sign,True,True,138.3,mtsd-p12
SAM 3,traffic sign,grp4_df0bccf2-WhatsApp_Image_2026-01-14_at_11.12.00.jpeg,E:\2. UM-Student\MSC Dissertation\Urban-Vision-Benchmark\Datasets\MTSD\Prepared\MTSD-Unaugmented\MTSD-YOLO\test\images\grp4_df0bccf2-WhatsApp_Image_2026-01-14_at_11.12.00.jpeg,1060.81,812.04,1084.61,923.22,0.377,traffic sign,True,True,138.3,mtsd-p12
SAM 3,traffic sign,grp4_dfec1b25-20260107_105532.jpg,E:\2. UM-Student\MSC Dissertation\Urban-Vision-Benchmark\Datasets\MTSD\Prepared\MTSD-Unaugmented\MTSD-YOLO\test\images\grp4_dfec1b25-20260107_105532.jpg,239.44,305.66,1254.03,1096.16,0.793,traffic sign,True,True,128.9,mtsd-p12
SAM 3,traffic sign,grp4_dfec1b25-20260107_105532.jpg,E:\2. UM-Student\MSC Dissertation\Urban-Vision-Benchmark\Datasets\MTSD\Prepared\MTSD-Unaugmented\MTSD-YOLO\test\images\grp4_dfec1b25-20260107_105532.jpg,348.9,1101.96,1199.24,1885.6,0.7812,traffic sign,True,True,128.9,mtsd-p12
SAM 3,traffic sign,grp4_dfec1b25-20260107_105532.jpg,E:\2. UM-Student\MSC Dissertation\Urban-Vision-Benchmark\Datasets\MTSD\Prepared\MTSD-Unaugmented\MTSD-YOLO\test\images\grp4_dfec1b25-20260107_105532.jpg,242.39,301.8,1246.11,2438.0,0.4473,traffic sign,True,True,128.9,mtsd-p12
SAM 3,traffic sign,grp4_e3a6bacf-20251222_140739.jpg,E:\2. UM-Student\MSC Dissertation\Urban-Vision-Benchmark\Datasets\MTSD\Prepared\MTSD-Unaugmented\MTSD-YOLO\test\images\grp4_e3a6bacf-20251222_140739.jpg,860.14,790.23,1744.82,2099.83,0.8984,traffic sign,True,True,246.0,mtsd-p12
SAM 3,traffic sign,grp4_e3a6bacf-20251222_140739.jpg,E:\2. UM-Student\MSC Dissertation\Urban-Vision-Benchmark\Datasets\MTSD\Prepared\MTSD-Unaugmented\MTSD-YOLO\test\images\grp4_e3a6bacf-20251222_140739.jpg,2172.37,3216.36,2208.93,3264.57,0.6602,traffic sign,True,True,246.0,mtsd-p12
SAM 3,traffic sign,grp4_e3a6bacf-20251222_140739.jpg,E:\2. UM-Student\MSC Dissertation\Urban-Vision-Benchmark\Datasets\MTSD\Prepared\MTSD-Unaugmented\MTSD-YOLO\test\images\grp4_e3a6bacf-20251222_140739.jpg,2853.85,3080.32,2892.03,3131.25,0.6562,traffic sign,True,True,246.0,mtsd-p12
SAM 3,traffic sign,grp4_e3a6bacf-20251222_140739.jpg,E:\2. UM-Student\MSC Dissertation\Urban-Vision-Benchmark\Datasets\MTSD\Prepared\MTSD-Unaugmented\MTSD-YOLO\test\images\grp4_e3a6bacf-20251222_140739.jpg,858.17,791.77,1745.57,4000.0,0.4922,traffic sign,True,True,246.0,mtsd-p12
SAM 3,traffic sign,grp4_e3a6bacf-20251222_140739.jpg,E:\2. UM-Student\MSC Dissertation\Urban-Vision-Benchmark\Datasets\MTSD\Prepared\MTSD-Unaugmented\MTSD-YOLO\test\images\grp4_e3a6bacf-20251222_140739.jpg,2077.38,3084.39,2112.61,3137.91,0.3926,traffic sign,True,True,246.0,mtsd-p12
SAM 3,traffic sign,grp4_e3a6bacf-20251222_140739.jpg,E:\2. UM-Student\MSC Dissertation\Urban-Vision-Benchmark\Datasets\MTSD\Prepared\MTSD-Unaugmented\MTSD-YOLO\test\images\grp4_e3a6bacf-20251222_140739.jpg,2591.6,3028.82,2626.77,3067.55,0.3086,traffic sign,True,True,246.0,mtsd-p12
SAM 3,traffic sign,grp4_e47a8d80-20251116_163051.jpg,E:\2. UM-Student\MSC Dissertation\Urban-Vision-Benchmark\Datasets\MTSD\Prepared\MTSD-Unaugmented\MTSD-YOLO\test\images\grp4_e47a8d80-20251116_163051.jpg,989.13,1225.53,1365.92,2916.68,0.5781,traffic sign,True,True,148.1,mtsd-p12
SAM 3,traffic sign,grp4_e63ad5ed-WhatsApp_Image_2026-01-14_at_11.10.19_1.jpeg,E:\2. UM-Student\MSC Dissertation\Urban-Vision-Benchmark\Datasets\MTSD\Prepared\MTSD-Unaugmented\MTSD-YOLO\test\images\grp4_e63ad5ed-WhatsApp_Image_2026-01-14_at_11.10.19_1.jpeg,535.44,758.67,902.49,1120.77,0.8711,traffic sign,True,True,147.1,mtsd-p12
SAM 3,traffic sign,grp4_e63ad5ed-WhatsApp_Image_2026-01-14_at_11.10.19_1.jpeg,E:\2. UM-Student\MSC Dissertation\Urban-Vision-Benchmark\Datasets\MTSD\Prepared\MTSD-Unaugmented\MTSD-YOLO\test\images\grp4_e63ad5ed-WhatsApp_Image_2026-01-14_at_11.10.19_1.jpeg,536.36,755.52,895.73,1992.85,0.4043,traffic sign,True,True,147.1,mtsd-p12
SAM 3,traffic sign,grp4_e63ad5ed-WhatsApp_Image_2026-01-14_at_11.10.19_1.jpeg,E:\2. UM-Student\MSC Dissertation\Urban-Vision-Benchmark\Datasets\MTSD\Prepared\MTSD-Unaugmented\MTSD-YOLO\test\images\grp4_e63ad5ed-WhatsApp_Image_2026-01-14_at_11.10.19_1.jpeg,249.2,1322.41,308.32,1374.82,0.3633,traffic sign,True,True,147.1,mtsd-p12
SAM 3,traffic sign,grp4_f171227c-20251222_132239.jpg,E:\2. UM-Student\MSC Dissertation\Urban-Vision-Benchmark\Datasets\MTSD\Prepared\MTSD-Unaugmented\MTSD-YOLO\test\images\grp4_f171227c-20251222_132239.jpg,0.0,0.0,1438.12,1182.79,0.8984,traffic sign,True,True,231.1,mtsd-p12
SAM 3,traffic sign,grp4_f171227c-20251222_132239.jpg,E:\2. UM-Student\MSC Dissertation\Urban-Vision-Benchmark\Datasets\MTSD\Prepared\MTSD-Unaugmented\MTSD-YOLO\test\images\grp4_f171227c-20251222_132239.jpg,0.0,877.78,1192.56,1618.32,0.8398,traffic sign,True,True,231.1,mtsd-p12
SAM 3,traffic sign,grp4_f171227c-20251222_132239.jpg,E:\2. UM-Student\MSC Dissertation\Urban-Vision-Benchmark\Datasets\MTSD\Prepared\MTSD-Unaugmented\MTSD-YOLO\test\images\grp4_f171227c-20251222_132239.jpg,1001.1,941.44,1633.41,2203.96,0.5117,traffic sign,True,True,231.1,mtsd-p12
SAM 3,traffic sign,grp4_f1d0d896-WhatsApp_Image_2026-01-14_at_11.12.20.jpeg,E:\2. UM-Student\MSC Dissertation\Urban-Vision-Benchmark\Datasets\MTSD\Prepared\MTSD-Unaugmented\MTSD-YOLO\test\images\grp4_f1d0d896-WhatsApp_Image_2026-01-14_at_11.12.20.jpeg,543.86,835.66,828.4,1224.29,0.8867,traffic sign,True,True,135.4,mtsd-p12
SAM 3,traffic sign,grp4_f1d0d896-WhatsApp_Image_2026-01-14_at_11.12.20.jpeg,E:\2. UM-Student\MSC Dissertation\Urban-Vision-Benchmark\Datasets\MTSD\Prepared\MTSD-Unaugmented\MTSD-YOLO\test\images\grp4_f1d0d896-WhatsApp_Image_2026-01-14_at_11.12.20.jpeg,543.68,832.97,830.74,2000.0,0.3418,traffic sign,True,True,135.4,mtsd-p12
SAM 3,traffic sign,grp4_fa665131-WhatsApp_Image_2026-01-14_at_11.12.04.jpeg,E:\2. UM-Student\MSC Dissertation\Urban-Vision-Benchmark\Datasets\MTSD\Prepared\MTSD-Unaugmented\MTSD-YOLO\test\images\grp4_fa665131-WhatsApp_Image_2026-01-14_at_11.12.04.jpeg,572.01,556.47,787.68,1134.57,0.8633,traffic sign,True,True,126.6,mtsd-p12
SAM 3,traffic sign,grp4_fa665131-WhatsApp_Image_2026-01-14_at_11.12.04.jpeg,E:\2. UM-Student\MSC Dissertation\Urban-Vision-Benchmark\Datasets\MTSD\Prepared\MTSD-Unaugmented\MTSD-YOLO\test\images\grp4_fa665131-WhatsApp_Image_2026-01-14_at_11.12.04.jpeg,569.33,556.13,790.94,2000.0,0.5742,traffic sign,True,True,126.6,mtsd-p12
SAM 3,traffic sign,grp4_fe8b41fc-WhatsApp_Image_2026-01-14_at_11.10.21_3.jpeg,E:\2. UM-Student\MSC Dissertation\Urban-Vision-Benchmark\Datasets\MTSD\Prepared\MTSD-Unaugmented\MTSD-YOLO\test\images\grp4_fe8b41fc-WhatsApp_Image_2026-01-14_at_11.10.21_3.jpeg,645.2,1079.43,1092.29,1556.55,0.5117,traffic sign,True,True,131.1,mtsd-p12
SAM 3,traffic sign,grp4_fe8b41fc-WhatsApp_Image_2026-01-14_at_11.10.21_3.jpeg,E:\2. UM-Student\MSC Dissertation\Urban-Vision-Benchmark\Datasets\MTSD\Prepared\MTSD-Unaugmented\MTSD-YOLO\test\images\grp4_fe8b41fc-WhatsApp_Image_2026-01-14_at_11.10.21_3.jpeg,623.48,588.12,905.93,1087.85,0.4277,traffic sign,True,True,131.1,mtsd-p12
SAM 3,traffic sign,grp4_ffdc6f75-WhatsApp_Image_2026-01-14_at_11.10.20.jpeg,E:\2. UM-Student\MSC Dissertation\Urban-Vision-Benchmark\Datasets\MTSD\Prepared\MTSD-Unaugmented\MTSD-YOLO\test\images\grp4_ffdc6f75-WhatsApp_Image_2026-01-14_at_11.10.20.jpeg,717.29,1153.86,881.9,1386.92,0.918,traffic sign,True,True,125.6,mtsd-p12
SAM 3,traffic sign,grp4_ffdc6f75-WhatsApp_Image_2026-01-14_at_11.10.20.jpeg,E:\2. UM-Student\MSC Dissertation\Urban-Vision-Benchmark\Datasets\MTSD\Prepared\MTSD-Unaugmented\MTSD-YOLO\test\images\grp4_ffdc6f75-WhatsApp_Image_2026-01-14_at_11.10.20.jpeg,600.64,719.66,800.02,1163.72,0.3613,traffic sign,True,True,125.6,mtsd-p12
SAM 3,traffic sign,grp4_ffdc6f75-WhatsApp_Image_2026-01-14_at_11.10.20.jpeg,E:\2. UM-Student\MSC Dissertation\Urban-Vision-Benchmark\Datasets\MTSD\Prepared\MTSD-Unaugmented\MTSD-YOLO\test\images\grp4_ffdc6f75-WhatsApp_Image_2026-01-14_at_11.10.20.jpeg,604.75,719.37,815.76,2000.0,0.3359,traffic sign,True,True,125.6,mtsd-p12
SAM 3,traffic sign,grp5_05facbdc-BenTaliana_23_Front.jpeg,E:\2. UM-Student\MSC Dissertation\Urban-Vision-Benchmark\Datasets\MTSD\Prepared\MTSD-Unaugmented\MTSD-YOLO\test\images\grp5_05facbdc-BenTaliana_23_Front.jpeg,733.45,6795.47,804.61,6871.06,0.6562,traffic sign,True,True,3664.2,mtsd-p12
SAM 3,traffic sign,grp5_05facbdc-BenTaliana_23_Front.jpeg,E:\2. UM-Student\MSC Dissertation\Urban-Vision-Benchmark\Datasets\MTSD\Prepared\MTSD-Unaugmented\MTSD-YOLO\test\images\grp5_05facbdc-BenTaliana_23_Front.jpeg,2024.07,3133.88,2103.02,3223.67,0.6484,traffic sign,True,True,3664.2,mtsd-p12
SAM 3,traffic sign,grp5_05facbdc-BenTaliana_23_Front.jpeg,E:\2. UM-Student\MSC Dissertation\Urban-Vision-Benchmark\Datasets\MTSD\Prepared\MTSD-Unaugmented\MTSD-YOLO\test\images\grp5_05facbdc-BenTaliana_23_Front.jpeg,1217.97,3638.59,1265.08,3743.77,0.459,traffic sign,True,True,3664.2,mtsd-p12
SAM 3,traffic sign,grp5_05facbdc-BenTaliana_23_Front.jpeg,E:\2. UM-Student\MSC Dissertation\Urban-Vision-Benchmark\Datasets\MTSD\Prepared\MTSD-Unaugmented\MTSD-YOLO\test\images\grp5_05facbdc-BenTaliana_23_Front.jpeg,961.67,1743.13,3118.35,4239.45,0.3613,traffic sign,True,True,3664.2,mtsd-p12
SAM 3,traffic sign,grp5_05facbdc-BenTaliana_23_Front.jpeg,E:\2. UM-Student\MSC Dissertation\Urban-Vision-Benchmark\Datasets\MTSD\Prepared\MTSD-Unaugmented\MTSD-YOLO\test\images\grp5_05facbdc-BenTaliana_23_Front.jpeg,950.89,1738.42,3122.57,8064.0,0.3203,traffic sign,True,True,3664.2,mtsd-p12
SAM 3,traffic sign,grp5_0f660dba-MichaelFarrugia_49_Back.jpg,E:\2. UM-Student\MSC Dissertation\Urban-Vision-Benchmark\Datasets\MTSD\Prepared\MTSD-Unaugmented\MTSD-YOLO\test\images\grp5_0f660dba-MichaelFarrugia_49_Back.jpg,,,,,,<no detections>,False,True,170.1,mtsd-p12
SAM 3,traffic sign,grp5_13ab0dbb-BenTaliana_59_Front.jpeg,E:\2. UM-Student\MSC Dissertation\Urban-Vision-Benchmark\Datasets\MTSD\Prepared\MTSD-Unaugmented\MTSD-YOLO\test\images\grp5_13ab0dbb-BenTaliana_59_Front.jpeg,1149.69,1605.57,3521.57,3803.85,0.8398,traffic sign,True,True,813.0,mtsd-p12
SAM 3,traffic sign,grp5_13ab0dbb-BenTaliana_59_Front.jpeg,E:\2. UM-Student\MSC Dissertation\Urban-Vision-Benchmark\Datasets\MTSD\Prepared\MTSD-Unaugmented\MTSD-YOLO\test\images\grp5_13ab0dbb-BenTaliana_59_Front.jpeg,919.43,3822.49,3779.95,6511.57,0.8047,traffic sign,True,True,813.0,mtsd-p12
SAM 3,traffic sign,grp5_13ab0dbb-BenTaliana_59_Front.jpeg,E:\2. UM-Student\MSC Dissertation\Urban-Vision-Benchmark\Datasets\MTSD\Prepared\MTSD-Unaugmented\MTSD-YOLO\test\images\grp5_13ab0dbb-BenTaliana_59_Front.jpeg,1107.62,1602.43,3573.32,8064.0,0.3574,traffic sign,True,True,813.0,mtsd-p12
SAM 3,traffic sign,grp5_1a462468-MichaelFarrugia_24_Back.jpg,E:\2. UM-Student\MSC Dissertation\Urban-Vision-Benchmark\Datasets\MTSD\Prepared\MTSD-Unaugmented\MTSD-YOLO\test\images\grp5_1a462468-MichaelFarrugia_24_Back.jpg,1295.65,1213.73,2054.65,2683.51,0.3281,traffic sign,True,True,181.8,mtsd-p12
SAM 3,traffic sign,grp5_1f171b80-MelatAssefa_5_Front.jpg,E:\2. UM-Student\MSC Dissertation\Urban-Vision-Benchmark\Datasets\MTSD\Prepared\MTSD-Unaugmented\MTSD-YOLO\test\images\grp5_1f171b80-MelatAssefa_5_Front.jpg,1577.82,530.69,2379.86,1264.93,0.9336,traffic sign,True,True,188.9,mtsd-p12
SAM 3,traffic sign,grp5_2141c95b-MelatAssefa_28_Side.jpg,E:\2. UM-Student\MSC Dissertation\Urban-Vision-Benchmark\Datasets\MTSD\Prepared\MTSD-Unaugmented\MTSD-YOLO\test\images\grp5_2141c95b-MelatAssefa_28_Side.jpg,676.99,330.24,1649.55,1742.57,0.75,traffic sign,True,True,236.2,mtsd-p12
SAM 3,traffic sign,grp5_2141c95b-MelatAssefa_28_Side.jpg,E:\2. UM-Student\MSC Dissertation\Urban-Vision-Benchmark\Datasets\MTSD\Prepared\MTSD-Unaugmented\MTSD-YOLO\test\images\grp5_2141c95b-MelatAssefa_28_Side.jpg,664.41,336.27,1874.11,4032.0,0.4355,traffic sign,True,True,236.2,mtsd-p12
SAM 3,traffic sign,grp5_2141c95b-MelatAssefa_28_Side.jpg,E:\2. UM-Student\MSC Dissertation\Urban-Vision-Benchmark\Datasets\MTSD\Prepared\MTSD-Unaugmented\MTSD-YOLO\test\images\grp5_2141c95b-MelatAssefa_28_Side.jpg,0.0,2454.98,82.09,2774.07,0.3457,traffic sign,True,True,236.2,mtsd-p12
SAM 3,traffic sign,grp5_2141c95b-MelatAssefa_28_Side.jpg,E:\2. UM-Student\MSC Dissertation\Urban-Vision-Benchmark\Datasets\MTSD\Prepared\MTSD-Unaugmented\MTSD-YOLO\test\images\grp5_2141c95b-MelatAssefa_28_Side.jpg,1075.67,501.03,1878.41,1762.51,0.3281,traffic sign,True,True,236.2,mtsd-p12
SAM 3,traffic sign,grp5_27622289-BenTaliana_10_Front.jpeg,E:\2. UM-Student\MSC Dissertation\Urban-Vision-Benchmark\Datasets\MTSD\Prepared\MTSD-Unaugmented\MTSD-YOLO\test\images\grp5_27622289-BenTaliana_10_Front.jpeg,743.56,1828.03,3674.88,4636.41,0.7617,traffic sign,True,True,544.5,mtsd-p12
SAM 3,traffic sign,grp5_27622289-BenTaliana_10_Front.jpeg,E:\2. UM-Student\MSC Dissertation\Urban-Vision-Benchmark\Datasets\MTSD\Prepared\MTSD-Unaugmented\MTSD-YOLO\test\images\grp5_27622289-BenTaliana_10_Front.jpeg,134.79,4681.65,411.54,4851.11,0.3906,traffic sign,True,True,544.5,mtsd-p12
SAM 3,traffic sign,grp5_28809400-MelatAssefa_23_Front.jpg,E:\2. UM-Student\MSC Dissertation\Urban-Vision-Benchmark\Datasets\MTSD\Prepared\MTSD-Unaugmented\MTSD-YOLO\test\images\grp5_28809400-MelatAssefa_23_Front.jpg,1051.75,537.24,1835.03,1345.84,0.9219,traffic sign,True,True,199.1,mtsd-p12
SAM 3,traffic sign,grp5_29252be9-MichaelFarrugia_29_Front.jpg,E:\2. UM-Student\MSC Dissertation\Urban-Vision-Benchmark\Datasets\MTSD\Prepared\MTSD-Unaugmented\MTSD-YOLO\test\images\grp5_29252be9-MichaelFarrugia_29_Front.jpg,1270.92,1246.05,2020.34,1939.68,0.9062,traffic sign,True,True,261.7,mtsd-p12
SAM 3,traffic sign,grp5_29252be9-MichaelFarrugia_29_Front.jpg,E:\2. UM-Student\MSC Dissertation\Urban-Vision-Benchmark\Datasets\MTSD\Prepared\MTSD-Unaugmented\MTSD-YOLO\test\images\grp5_29252be9-MichaelFarrugia_29_Front.jpg,1066.37,2731.73,1184.65,2856.5,0.8398,traffic sign,True,True,261.7,mtsd-p12
SAM 3,traffic sign,grp5_29252be9-MichaelFarrugia_29_Front.jpg,E:\2. UM-Student\MSC Dissertation\Urban-Vision-Benchmark\Datasets\MTSD\Prepared\MTSD-Unaugmented\MTSD-YOLO\test\images\grp5_29252be9-MichaelFarrugia_29_Front.jpg,711.23,2690.64,831.38,2864.25,0.7148,traffic sign,True,True,261.7,mtsd-p12
SAM 3,traffic sign,grp5_29252be9-MichaelFarrugia_29_Front.jpg,E:\2. UM-Student\MSC Dissertation\Urban-Vision-Benchmark\Datasets\MTSD\Prepared\MTSD-Unaugmented\MTSD-YOLO\test\images\grp5_29252be9-MichaelFarrugia_29_Front.jpg,2278.33,2906.87,2419.0,2947.67,0.5039,traffic sign,True,True,261.7,mtsd-p12
SAM 3,traffic sign,grp5_29252be9-MichaelFarrugia_29_Front.jpg,E:\2. UM-Student\MSC Dissertation\Urban-Vision-Benchmark\Datasets\MTSD\Prepared\MTSD-Unaugmented\MTSD-YOLO\test\images\grp5_29252be9-MichaelFarrugia_29_Front.jpg,705.84,2683.02,830.7,3587.15,0.5,traffic sign,True,True,261.7,mtsd-p12
SAM 3,traffic sign,grp5_29252be9-MichaelFarrugia_29_Front.jpg,E:\2. UM-Student\MSC Dissertation\Urban-Vision-Benchmark\Datasets\MTSD\Prepared\MTSD-Unaugmented\MTSD-YOLO\test\images\grp5_29252be9-MichaelFarrugia_29_Front.jpg,1068.85,2731.23,1182.52,3244.14,0.4551,traffic sign,True,True,261.7,mtsd-p12
SAM 3,traffic sign,grp5_29252be9-MichaelFarrugia_29_Front.jpg,E:\2. UM-Student\MSC Dissertation\Urban-Vision-Benchmark\Datasets\MTSD\Prepared\MTSD-Unaugmented\MTSD-YOLO\test\images\grp5_29252be9-MichaelFarrugia_29_Front.jpg,1480.54,2982.94,1560.91,3092.71,0.4375,traffic sign,True,True,261.7,mtsd-p12
SAM 3,traffic sign,grp5_29252be9-MichaelFarrugia_29_Front.jpg,E:\2. UM-Student\MSC Dissertation\Urban-Vision-Benchmark\Datasets\MTSD\Prepared\MTSD-Unaugmented\MTSD-YOLO\test\images\grp5_29252be9-MichaelFarrugia_29_Front.jpg,1268.77,1245.36,2020.48,4077.86,0.3965,traffic sign,True,True,261.7,mtsd-p12
SAM 3,traffic sign,grp5_2da1aa64-AlisonAttard_27_Front.jpeg,E:\2. UM-Student\MSC Dissertation\Urban-Vision-Benchmark\Datasets\MTSD\Prepared\MTSD-Unaugmented\MTSD-YOLO\test\images\grp5_2da1aa64-AlisonAttard_27_Front.jpeg,1967.36,1310.36,2472.93,1804.66,0.8828,traffic sign,True,True,247.3,mtsd-p12
SAM 3,traffic sign,grp5_30980873-BenTaliana_12_Front.jpeg,E:\2. UM-Student\MSC Dissertation\Urban-Vision-Benchmark\Datasets\MTSD\Prepared\MTSD-Unaugmented\MTSD-YOLO\test\images\grp5_30980873-BenTaliana_12_Front.jpeg,1177.05,2149.42,3420.56,4146.15,0.9141,traffic sign,True,True,796.8,mtsd-p12
SAM 3,traffic sign,grp5_30980873-BenTaliana_12_Front.jpeg,E:\2. UM-Student\MSC Dissertation\Urban-Vision-Benchmark\Datasets\MTSD\Prepared\MTSD-Unaugmented\MTSD-YOLO\test\images\grp5_30980873-BenTaliana_12_Front.jpeg,4094.57,6057.08,4163.97,6138.33,0.3457,traffic sign,True,True,796.8,mtsd-p12
SAM 3,traffic sign,grp5_32b2eadc-AlisonAttard_7_Side.jpeg,E:\2. UM-Student\MSC Dissertation\Urban-Vision-Benchmark\Datasets\MTSD\Prepared\MTSD-Unaugmented\MTSD-YOLO\test\images\grp5_32b2eadc-AlisonAttard_7_Side.jpeg,3268.62,2577.34,3543.53,2840.52,0.5977,traffic sign,True,True,212.8,mtsd-p12
SAM 3,traffic sign,grp5_32b2eadc-AlisonAttard_7_Side.jpeg,E:\2. UM-Student\MSC Dissertation\Urban-Vision-Benchmark\Datasets\MTSD\Prepared\MTSD-Unaugmented\MTSD-YOLO\test\images\grp5_32b2eadc-AlisonAttard_7_Side.jpeg,1684.34,0.0,3549.08,1220.29,0.4824,traffic sign,True,True,212.8,mtsd-p12
SAM 3,traffic sign,grp5_3cd9a2bc-MelatAssefa_45_Side.jpg,E:\2. UM-Student\MSC Dissertation\Urban-Vision-Benchmark\Datasets\MTSD\Prepared\MTSD-Unaugmented\MTSD-YOLO\test\images\grp5_3cd9a2bc-MelatAssefa_45_Side.jpg,912.58,813.79,2065.81,2917.39,0.9102,traffic sign,True,True,160.2,mtsd-p12
SAM 3,traffic sign,grp5_3d564b26-AlisonAttard_15_Back.jpeg,E:\2. UM-Student\MSC Dissertation\Urban-Vision-Benchmark\Datasets\MTSD\Prepared\MTSD-Unaugmented\MTSD-YOLO\test\images\grp5_3d564b26-AlisonAttard_15_Back.jpeg,1509.58,924.42,2680.24,1961.36,0.9023,traffic sign,True,True,257.2,mtsd-p12
SAM 3,traffic sign,grp5_3d564b26-AlisonAttard_15_Back.jpeg,E:\2. UM-Student\MSC Dissertation\Urban-Vision-Benchmark\Datasets\MTSD\Prepared\MTSD-Unaugmented\MTSD-YOLO\test\images\grp5_3d564b26-AlisonAttard_15_Back.jpeg,2772.08,1124.69,4032.0,1646.17,0.8281,traffic sign,True,True,257.2,mtsd-p12
SAM 3,traffic sign,grp5_3d564b26-AlisonAttard_15_Back.jpeg,E:\2. UM-Student\MSC Dissertation\Urban-Vision-Benchmark\Datasets\MTSD\Prepared\MTSD-Unaugmented\MTSD-YOLO\test\images\grp5_3d564b26-AlisonAttard_15_Back.jpeg,2871.06,1252.75,3270.42,1477.69,0.6055,traffic sign,True,True,257.2,mtsd-p12
SAM 3,traffic sign,grp5_3d564b26-AlisonAttard_15_Back.jpeg,E:\2. UM-Student\MSC Dissertation\Urban-Vision-Benchmark\Datasets\MTSD\Prepared\MTSD-Unaugmented\MTSD-YOLO\test\images\grp5_3d564b26-AlisonAttard_15_Back.jpeg,2714.98,1176.45,2806.01,1283.39,0.3223,traffic sign,True,True,257.2,mtsd-p12
SAM 3,traffic sign,grp5_3db24e6b-AlisonAttard_31_Side.jpeg,E:\2. UM-Student\MSC Dissertation\Urban-Vision-Benchmark\Datasets\MTSD\Prepared\MTSD-Unaugmented\MTSD-YOLO\test\images\grp5_3db24e6b-AlisonAttard_31_Side.jpeg,1371.36,1073.22,2154.92,1388.06,0.75,traffic sign,True,True,278.6,mtsd-p12
SAM 3,traffic sign,grp5_3db24e6b-AlisonAttard_31_Side.jpeg,E:\2. UM-Student\MSC Dissertation\Urban-Vision-Benchmark\Datasets\MTSD\Prepared\MTSD-Unaugmented\MTSD-YOLO\test\images\grp5_3db24e6b-AlisonAttard_31_Side.jpeg,884.24,708.25,1351.64,1262.68,0.3711,traffic sign,True,True,278.6,mtsd-p12
SAM 3,traffic sign,grp5_44ccc0f3-MichaelFarrugia_54_Front.jpg,E:\2. UM-Student\MSC Dissertation\Urban-Vision-Benchmark\Datasets\MTSD\Prepared\MTSD-Unaugmented\MTSD-YOLO\test\images\grp5_44ccc0f3-MichaelFarrugia_54_Front.jpg,1230.75,1608.97,1932.1,2292.09,0.8594,traffic sign,True,True,197.7,mtsd-p12
SAM 3,traffic sign,grp5_44ccc0f3-MichaelFarrugia_54_Front.jpg,E:\2. UM-Student\MSC Dissertation\Urban-Vision-Benchmark\Datasets\MTSD\Prepared\MTSD-Unaugmented\MTSD-YOLO\test\images\grp5_44ccc0f3-MichaelFarrugia_54_Front.jpg,1538.39,2660.06,1644.37,2774.65,0.6562,traffic sign,True,True,197.7,mtsd-p12
SAM 3,traffic sign,grp5_44ccc0f3-MichaelFarrugia_54_Front.jpg,E:\2. UM-Student\MSC Dissertation\Urban-Vision-Benchmark\Datasets\MTSD\Prepared\MTSD-Unaugmented\MTSD-YOLO\test\images\grp5_44ccc0f3-MichaelFarrugia_54_Front.jpg,1225.89,1602.34,1936.38,4080.0,0.3809,traffic sign,True,True,197.7,mtsd-p12
SAM 3,traffic sign,grp5_48cba720-BenTaliana_30_Front.jpeg,E:\2. UM-Student\MSC Dissertation\Urban-Vision-Benchmark\Datasets\MTSD\Prepared\MTSD-Unaugmented\MTSD-YOLO\test\images\grp5_48cba720-BenTaliana_30_Front.jpeg,975.8,1753.99,3141.04,3660.91,0.9219,traffic sign,True,True,917.9,mtsd-p12
SAM 3,traffic sign,grp5_48cba720-BenTaliana_30_Front.jpeg,E:\2. UM-Student\MSC Dissertation\Urban-Vision-Benchmark\Datasets\MTSD\Prepared\MTSD-Unaugmented\MTSD-YOLO\test\images\grp5_48cba720-BenTaliana_30_Front.jpeg,3326.94,5361.8,3407.81,5462.51,0.7695,traffic sign,True,True,917.9,mtsd-p12
SAM 3,traffic sign,grp5_48cba720-BenTaliana_30_Front.jpeg,E:\2. UM-Student\MSC Dissertation\Urban-Vision-Benchmark\Datasets\MTSD\Prepared\MTSD-Unaugmented\MTSD-YOLO\test\images\grp5_48cba720-BenTaliana_30_Front.jpeg,1223.38,3462.95,3684.36,5455.03,0.5703,traffic sign,True,True,917.9,mtsd-p12
SAM 3,traffic sign,grp5_48cba720-BenTaliana_30_Front.jpeg,E:\2. UM-Student\MSC Dissertation\Urban-Vision-Benchmark\Datasets\MTSD\Prepared\MTSD-Unaugmented\MTSD-YOLO\test\images\grp5_48cba720-BenTaliana_30_Front.jpeg,3473.78,5418.73,3542.98,5507.8,0.4551,traffic sign,True,True,917.9,mtsd-p12
SAM 3,traffic sign,grp5_50e6a3c4-MichaelFarrugia_55_Front.jpg,E:\2. UM-Student\MSC Dissertation\Urban-Vision-Benchmark\Datasets\MTSD\Prepared\MTSD-Unaugmented\MTSD-YOLO\test\images\grp5_50e6a3c4-MichaelFarrugia_55_Front.jpg,1385.46,1416.32,2034.88,2048.72,0.9141,traffic sign,True,True,405.4,mtsd-p12
SAM 3,traffic sign,grp5_50e6a3c4-MichaelFarrugia_55_Front.jpg,E:\2. UM-Student\MSC Dissertation\Urban-Vision-Benchmark\Datasets\MTSD\Prepared\MTSD-Unaugmented\MTSD-YOLO\test\images\grp5_50e6a3c4-MichaelFarrugia_55_Front.jpg,1942.88,2226.54,2116.47,2400.34,0.9023,traffic sign,True,True,405.4,mtsd-p12
SAM 3,traffic sign,grp5_50e6a3c4-MichaelFarrugia_55_Front.jpg,E:\2. UM-Student\MSC Dissertation\Urban-Vision-Benchmark\Datasets\MTSD\Prepared\MTSD-Unaugmented\MTSD-YOLO\test\images\grp5_50e6a3c4-MichaelFarrugia_55_Front.jpg,2900.61,2387.55,2974.37,2495.54,0.6406,traffic sign,True,True,405.4,mtsd-p12
SAM 3,traffic sign,grp5_50e6a3c4-MichaelFarrugia_55_Front.jpg,E:\2. UM-Student\MSC Dissertation\Urban-Vision-Benchmark\Datasets\MTSD\Prepared\MTSD-Unaugmented\MTSD-YOLO\test\images\grp5_50e6a3c4-MichaelFarrugia_55_Front.jpg,1871.38,2476.14,1914.57,2538.91,0.6172,traffic sign,True,True,405.4,mtsd-p12
SAM 3,traffic sign,grp5_50e6a3c4-MichaelFarrugia_55_Front.jpg,E:\2. UM-Student\MSC Dissertation\Urban-Vision-Benchmark\Datasets\MTSD\Prepared\MTSD-Unaugmented\MTSD-YOLO\test\images\grp5_50e6a3c4-MichaelFarrugia_55_Front.jpg,1468.73,2381.79,1522.7,2460.33,0.5625,traffic sign,True,True,405.4,mtsd-p12
SAM 3,traffic sign,grp5_50e6a3c4-MichaelFarrugia_55_Front.jpg,E:\2. UM-Student\MSC Dissertation\Urban-Vision-Benchmark\Datasets\MTSD\Prepared\MTSD-Unaugmented\MTSD-YOLO\test\images\grp5_50e6a3c4-MichaelFarrugia_55_Front.jpg,1558.11,2502.88,1589.21,2545.24,0.5352,traffic sign,True,True,405.4,mtsd-p12
SAM 3,traffic sign,grp5_50e6a3c4-MichaelFarrugia_55_Front.jpg,E:\2. UM-Student\MSC Dissertation\Urban-Vision-Benchmark\Datasets\MTSD\Prepared\MTSD-Unaugmented\MTSD-YOLO\test\images\grp5_50e6a3c4-MichaelFarrugia_55_Front.jpg,2918.06,2486.87,2964.41,2535.16,0.5312,traffic sign,True,True,405.4,mtsd-p12
SAM 3,traffic sign,grp5_50e6a3c4-MichaelFarrugia_55_Front.jpg,E:\2. UM-Student\MSC Dissertation\Urban-Vision-Benchmark\Datasets\MTSD\Prepared\MTSD-Unaugmented\MTSD-YOLO\test\images\grp5_50e6a3c4-MichaelFarrugia_55_Front.jpg,2533.71,2455.25,2588.69,2535.96,0.4961,traffic sign,True,True,405.4,mtsd-p12
SAM 3,traffic sign,grp5_50e6a3c4-MichaelFarrugia_55_Front.jpg,E:\2. UM-Student\MSC Dissertation\Urban-Vision-Benchmark\Datasets\MTSD\Prepared\MTSD-Unaugmented\MTSD-YOLO\test\images\grp5_50e6a3c4-MichaelFarrugia_55_Front.jpg,2036.98,2469.97,2066.47,2510.9,0.4609,traffic sign,True,True,405.4,mtsd-p12
SAM 3,traffic sign,grp5_559514d7-AlisonAttard_13_Side.jpeg,E:\2. UM-Student\MSC Dissertation\Urban-Vision-Benchmark\Datasets\MTSD\Prepared\MTSD-Unaugmented\MTSD-YOLO\test\images\grp5_559514d7-AlisonAttard_13_Side.jpeg,,,,,,<no detections>,False,True,152.0,mtsd-p12
SAM 3,traffic sign,grp5_57e0ac5f-AlisonAttard_27_Back.jpeg,E:\2. UM-Student\MSC Dissertation\Urban-Vision-Benchmark\Datasets\MTSD\Prepared\MTSD-Unaugmented\MTSD-YOLO\test\images\grp5_57e0ac5f-AlisonAttard_27_Back.jpeg,,,,,,<no detections>,False,True,147.4,mtsd-p12
SAM 3,traffic sign,grp5_6325b5ff-MelatAssefa_21_Front.jpg,E:\2. UM-Student\MSC Dissertation\Urban-Vision-Benchmark\Datasets\MTSD\Prepared\MTSD-Unaugmented\MTSD-YOLO\test\images\grp5_6325b5ff-MelatAssefa_21_Front.jpg,1321.53,752.39,1923.94,1374.14,0.8594,traffic sign,True,True,256.2,mtsd-p12
SAM 3,traffic sign,grp5_6325b5ff-MelatAssefa_21_Front.jpg,E:\2. UM-Student\MSC Dissertation\Urban-Vision-Benchmark\Datasets\MTSD\Prepared\MTSD-Unaugmented\MTSD-YOLO\test\images\grp5_6325b5ff-MelatAssefa_21_Front.jpg,1312.32,744.0,1929.21,4032.0,0.4727,traffic sign,True,True,256.2,mtsd-p12
SAM 3,traffic sign,grp5_6325b5ff-MelatAssefa_21_Front.jpg,E:\2. UM-Student\MSC Dissertation\Urban-Vision-Benchmark\Datasets\MTSD\Prepared\MTSD-Unaugmented\MTSD-YOLO\test\images\grp5_6325b5ff-MelatAssefa_21_Front.jpg,1632.28,2273.51,1667.57,2313.82,0.3008,traffic sign,True,True,256.2,mtsd-p12
SAM 3,traffic sign,grp5_6bb6fe17-BenTaliana_15_Back.jpeg,E:\2. UM-Student\MSC Dissertation\Urban-Vision-Benchmark\Datasets\MTSD\Prepared\MTSD-Unaugmented\MTSD-YOLO\test\images\grp5_6bb6fe17-BenTaliana_15_Back.jpeg,842.26,2329.88,2519.29,4374.81,0.5703,traffic sign,True,True,385.2,mtsd-p12
SAM 3,traffic sign,grp5_6bb6fe17-BenTaliana_15_Back.jpeg,E:\2. UM-Student\MSC Dissertation\Urban-Vision-Benchmark\Datasets\MTSD\Prepared\MTSD-Unaugmented\MTSD-YOLO\test\images\grp5_6bb6fe17-BenTaliana_15_Back.jpeg,415.89,6868.66,481.88,7034.5,0.4395,traffic sign,True,True,385.2,mtsd-p12
SAM 3,traffic sign,grp5_6cdcc943-AlisonAttard_14_Back.jpeg,E:\2. UM-Student\MSC Dissertation\Urban-Vision-Benchmark\Datasets\MTSD\Prepared\MTSD-Unaugmented\MTSD-YOLO\test\images\grp5_6cdcc943-AlisonAttard_14_Back.jpeg,1165.67,976.15,2379.1,2221.62,0.8984,traffic sign,True,True,218.9,mtsd-p12
SAM 3,traffic sign,grp5_704b34ba-BenTaliana_38_Side.jpeg,E:\2. UM-Student\MSC Dissertation\Urban-Vision-Benchmark\Datasets\MTSD\Prepared\MTSD-Unaugmented\MTSD-YOLO\test\images\grp5_704b34ba-BenTaliana_38_Side.jpeg,637.49,1320.28,1281.37,2596.13,0.8984,traffic sign,True,True,166.5,mtsd-p12
SAM 3,traffic sign,grp5_770e5bfc-BenTaliana_60_Side.jpeg,E:\2. UM-Student\MSC Dissertation\Urban-Vision-Benchmark\Datasets\MTSD\Prepared\MTSD-Unaugmented\MTSD-YOLO\test\images\grp5_770e5bfc-BenTaliana_60_Side.jpeg,1089.3,809.07,1564.06,1742.89,0.9258,traffic sign,True,True,232.8,mtsd-p12
SAM 3,traffic sign,grp5_770e5bfc-BenTaliana_60_Side.jpeg,E:\2. UM-Student\MSC Dissertation\Urban-Vision-Benchmark\Datasets\MTSD\Prepared\MTSD-Unaugmented\MTSD-YOLO\test\images\grp5_770e5bfc-BenTaliana_60_Side.jpeg,1081.53,1609.29,1555.43,2920.0,0.8984,traffic sign,True,True,232.8,mtsd-p12
SAM 3,traffic sign,grp5_770e5bfc-BenTaliana_60_Side.jpeg,E:\2. UM-Student\MSC Dissertation\Urban-Vision-Benchmark\Datasets\MTSD\Prepared\MTSD-Unaugmented\MTSD-YOLO\test\images\grp5_770e5bfc-BenTaliana_60_Side.jpeg,1117.01,2569.0,1168.42,2643.27,0.6758,traffic sign,True,True,232.8,mtsd-p12
SAM 3,traffic sign,grp5_770e5bfc-BenTaliana_60_Side.jpeg,E:\2. UM-Student\MSC Dissertation\Urban-Vision-Benchmark\Datasets\MTSD\Prepared\MTSD-Unaugmented\MTSD-YOLO\test\images\grp5_770e5bfc-BenTaliana_60_Side.jpeg,2117.79,2575.47,2202.34,2635.21,0.3789,traffic sign,True,True,232.8,mtsd-p12
SAM 3,traffic sign,grp5_770e5bfc-BenTaliana_60_Side.jpeg,E:\2. UM-Student\MSC Dissertation\Urban-Vision-Benchmark\Datasets\MTSD\Prepared\MTSD-Unaugmented\MTSD-YOLO\test\images\grp5_770e5bfc-BenTaliana_60_Side.jpeg,840.87,767.56,1567.05,4012.3,0.3242,traffic sign,True,True,232.8,mtsd-p12
SAM 3,traffic sign,grp5_7ae28afa-MelatAssefa_15_Front.jpg,E:\2. UM-Student\MSC Dissertation\Urban-Vision-Benchmark\Datasets\MTSD\Prepared\MTSD-Unaugmented\MTSD-YOLO\test\images\grp5_7ae28afa-MelatAssefa_15_Front.jpg,1191.26,619.98,2010.25,1260.21,0.9219,traffic sign,True,True,197.2,mtsd-p12
SAM 3,traffic sign,grp5_82a1216f-AlisonAttard_27_Side.jpeg,E:\2. UM-Student\MSC Dissertation\Urban-Vision-Benchmark\Datasets\MTSD\Prepared\MTSD-Unaugmented\MTSD-YOLO\test\images\grp5_82a1216f-AlisonAttard_27_Side.jpeg,,,,,,<no detections>,False,True,155.5,mtsd-p12
SAM 3,traffic sign,grp5_85f27713-MelatAssefa_35_Side.jpg,E:\2. UM-Student\MSC Dissertation\Urban-Vision-Benchmark\Datasets\MTSD\Prepared\MTSD-Unaugmented\MTSD-YOLO\test\images\grp5_85f27713-MelatAssefa_35_Side.jpg,1412.39,1794.96,2043.26,3210.82,0.9141,traffic sign,True,True,407.9,mtsd-p12
SAM 3,traffic sign,grp5_85f27713-MelatAssefa_35_Side.jpg,E:\2. UM-Student\MSC Dissertation\Urban-Vision-Benchmark\Datasets\MTSD\Prepared\MTSD-Unaugmented\MTSD-YOLO\test\images\grp5_85f27713-MelatAssefa_35_Side.jpg,1369.71,3034.79,1842.25,4330.53,0.7305,traffic sign,True,True,407.9,mtsd-p12
SAM 3,traffic sign,grp5_85f27713-MelatAssefa_35_Side.jpg,E:\2. UM-Student\MSC Dissertation\Urban-Vision-Benchmark\Datasets\MTSD\Prepared\MTSD-Unaugmented\MTSD-YOLO\test\images\grp5_85f27713-MelatAssefa_35_Side.jpg,3455.89,3170.32,4284.0,4743.95,0.5898,traffic sign,True,True,407.9,mtsd-p12
SAM 3,traffic sign,grp5_85f27713-MelatAssefa_35_Side.jpg,E:\2. UM-Student\MSC Dissertation\Urban-Vision-Benchmark\Datasets\MTSD\Prepared\MTSD-Unaugmented\MTSD-YOLO\test\images\grp5_85f27713-MelatAssefa_35_Side.jpg,1393.33,1796.86,2036.8,5710.01,0.3086,traffic sign,True,True,407.9,mtsd-p12
SAM 3,traffic sign,grp5_8e2aa9fc-AlisonAttard_30_Back.jpeg,E:\2. UM-Student\MSC Dissertation\Urban-Vision-Benchmark\Datasets\MTSD\Prepared\MTSD-Unaugmented\MTSD-YOLO\test\images\grp5_8e2aa9fc-AlisonAttard_30_Back.jpeg,,,,,,<no detections>,False,True,152.0,mtsd-p12
SAM 3,traffic sign,grp5_9c857801-BenTaliana_43_Side.jpeg,E:\2. UM-Student\MSC Dissertation\Urban-Vision-Benchmark\Datasets\MTSD\Prepared\MTSD-Unaugmented\MTSD-YOLO\test\images\grp5_9c857801-BenTaliana_43_Side.jpeg,4286.82,6383.31,4459.57,6713.69,0.9062,traffic sign,True,True,897.3,mtsd-p12
SAM 3,traffic sign,grp5_9c857801-BenTaliana_43_Side.jpeg,E:\2. UM-Student\MSC Dissertation\Urban-Vision-Benchmark\Datasets\MTSD\Prepared\MTSD-Unaugmented\MTSD-YOLO\test\images\grp5_9c857801-BenTaliana_43_Side.jpeg,1711.19,2304.65,2619.52,5359.11,0.9023,traffic sign,True,True,897.3,mtsd-p12
SAM 3,traffic sign,grp5_9c857801-BenTaliana_43_Side.jpeg,E:\2. UM-Student\MSC Dissertation\Urban-Vision-Benchmark\Datasets\MTSD\Prepared\MTSD-Unaugmented\MTSD-YOLO\test\images\grp5_9c857801-BenTaliana_43_Side.jpeg,126.05,7074.48,257.04,7236.74,0.8438,traffic sign,True,True,897.3,mtsd-p12
SAM 3,traffic sign,grp5_9c857801-BenTaliana_43_Side.jpeg,E:\2. UM-Student\MSC Dissertation\Urban-Vision-Benchmark\Datasets\MTSD\Prepared\MTSD-Unaugmented\MTSD-YOLO\test\images\grp5_9c857801-BenTaliana_43_Side.jpeg,546.24,7179.55,621.59,7269.86,0.7305,traffic sign,True,True,897.3,mtsd-p12
SAM 3,traffic sign,grp5_9c857801-BenTaliana_43_Side.jpeg,E:\2. UM-Student\MSC Dissertation\Urban-Vision-Benchmark\Datasets\MTSD\Prepared\MTSD-Unaugmented\MTSD-YOLO\test\images\grp5_9c857801-BenTaliana_43_Side.jpeg,2773.04,7071.0,2822.49,7202.3,0.3125,traffic sign,True,True,897.3,mtsd-p12
SAM 3,traffic sign,grp5_9c857801-BenTaliana_43_Side.jpeg,E:\2. UM-Student\MSC Dissertation\Urban-Vision-Benchmark\Datasets\MTSD\Prepared\MTSD-Unaugmented\MTSD-YOLO\test\images\grp5_9c857801-BenTaliana_43_Side.jpeg,1637.52,4022.58,1838.99,4508.15,0.3086,traffic sign,True,True,897.3,mtsd-p12
SAM 3,traffic sign,grp5_9f2af180-AlisonAttard_30_Side.jpeg,E:\2. UM-Student\MSC Dissertation\Urban-Vision-Benchmark\Datasets\MTSD\Prepared\MTSD-Unaugmented\MTSD-YOLO\test\images\grp5_9f2af180-AlisonAttard_30_Side.jpeg,,,,,,<no detections>,False,True,146.3,mtsd-p12
SAM 3,traffic sign,grp5_9fd3af21-MichaelFarrugia_11_Back.jpg,E:\2. UM-Student\MSC Dissertation\Urban-Vision-Benchmark\Datasets\MTSD\Prepared\MTSD-Unaugmented\MTSD-YOLO\test\images\grp5_9fd3af21-MichaelFarrugia_11_Back.jpg,1233.9,1403.23,1836.33,2185.74,0.5703,traffic sign,True,True,265.9,mtsd-p12
SAM 3,traffic sign,grp5_9fd3af21-MichaelFarrugia_11_Back.jpg,E:\2. UM-Student\MSC Dissertation\Urban-Vision-Benchmark\Datasets\MTSD\Prepared\MTSD-Unaugmented\MTSD-YOLO\test\images\grp5_9fd3af21-MichaelFarrugia_11_Back.jpg,1236.94,1400.57,1839.68,4080.0,0.3711,traffic sign,True,True,265.9,mtsd-p12
SAM 3,traffic sign,grp5_a1a873a2-MichaelFarrugia_21_Side.jpg,E:\2. UM-Student\MSC Dissertation\Urban-Vision-Benchmark\Datasets\MTSD\Prepared\MTSD-Unaugmented\MTSD-YOLO\test\images\grp5_a1a873a2-MichaelFarrugia_21_Side.jpg,1196.1,975.29,1760.45,1736.55,0.8906,traffic sign,True,True,208.4,mtsd-p12
SAM 3,traffic sign,grp5_a1a873a2-MichaelFarrugia_21_Side.jpg,E:\2. UM-Student\MSC Dissertation\Urban-Vision-Benchmark\Datasets\MTSD\Prepared\MTSD-Unaugmented\MTSD-YOLO\test\images\grp5_a1a873a2-MichaelFarrugia_21_Side.jpg,1195.14,974.1,2131.75,4078.6,0.5156,traffic sign,True,True,208.4,mtsd-p12
SAM 3,traffic sign,grp5_a1ced4bc-BenTaliana_22_Front.jpeg,E:\2. UM-Student\MSC Dissertation\Urban-Vision-Benchmark\Datasets\MTSD\Prepared\MTSD-Unaugmented\MTSD-YOLO\test\images\grp5_a1ced4bc-BenTaliana_22_Front.jpeg,560.88,1038.61,2643.62,2741.66,0.9102,traffic sign,True,True,382.3,mtsd-p12
SAM 3,traffic sign,grp5_a1ced4bc-BenTaliana_22_Front.jpeg,E:\2. UM-Student\MSC Dissertation\Urban-Vision-Benchmark\Datasets\MTSD\Prepared\MTSD-Unaugmented\MTSD-YOLO\test\images\grp5_a1ced4bc-BenTaliana_22_Front.jpeg,0.0,695.96,154.47,2287.99,0.8594,traffic sign,True,True,382.3,mtsd-p12
SAM 3,traffic sign,grp5_a1ced4bc-BenTaliana_22_Front.jpeg,E:\2. UM-Student\MSC Dissertation\Urban-Vision-Benchmark\Datasets\MTSD\Prepared\MTSD-Unaugmented\MTSD-YOLO\test\images\grp5_a1ced4bc-BenTaliana_22_Front.jpeg,2076.52,3130.67,3128.92,4240.04,0.8242,traffic sign,True,True,382.3,mtsd-p12
SAM 3,traffic sign,grp5_a1ced4bc-BenTaliana_22_Front.jpeg,E:\2. UM-Student\MSC Dissertation\Urban-Vision-Benchmark\Datasets\MTSD\Prepared\MTSD-Unaugmented\MTSD-YOLO\test\images\grp5_a1ced4bc-BenTaliana_22_Front.jpeg,2110.03,4201.7,3240.19,5282.04,0.707,traffic sign,True,True,382.3,mtsd-p12
SAM 3,traffic sign,grp5_a1ced4bc-BenTaliana_22_Front.jpeg,E:\2. UM-Student\MSC Dissertation\Urban-Vision-Benchmark\Datasets\MTSD\Prepared\MTSD-Unaugmented\MTSD-YOLO\test\images\grp5_a1ced4bc-BenTaliana_22_Front.jpeg,2083.71,3073.41,3114.27,5953.19,0.3926,traffic sign,True,True,382.3,mtsd-p12
SAM 3,traffic sign,grp5_a1ced4bc-BenTaliana_22_Front.jpeg,E:\2. UM-Student\MSC Dissertation\Urban-Vision-Benchmark\Datasets\MTSD\Prepared\MTSD-Unaugmented\MTSD-YOLO\test\images\grp5_a1ced4bc-BenTaliana_22_Front.jpeg,43.11,1536.65,681.93,2517.9,0.3848,traffic sign,True,True,382.3,mtsd-p12
SAM 3,traffic sign,grp5_a1ced4bc-BenTaliana_22_Front.jpeg,E:\2. UM-Student\MSC Dissertation\Urban-Vision-Benchmark\Datasets\MTSD\Prepared\MTSD-Unaugmented\MTSD-YOLO\test\images\grp5_a1ced4bc-BenTaliana_22_Front.jpeg,554.75,1076.73,2660.63,5988.0,0.373,traffic sign,True,True,382.3,mtsd-p12
SAM 3,traffic sign,grp5_a5ec0025-BenTaliana_11_Front.jpeg,E:\2. UM-Student\MSC Dissertation\Urban-Vision-Benchmark\Datasets\MTSD\Prepared\MTSD-Unaugmented\MTSD-YOLO\test\images\grp5_a5ec0025-BenTaliana_11_Front.jpeg,309.29,1817.0,3596.0,4366.57,0.9609,traffic sign,True,True,502.6,mtsd-p12
SAM 3,traffic sign,grp5_a5ec0025-BenTaliana_11_Front.jpeg,E:\2. UM-Student\MSC Dissertation\Urban-Vision-Benchmark\Datasets\MTSD\Prepared\MTSD-Unaugmented\MTSD-YOLO\test\images\grp5_a5ec0025-BenTaliana_11_Front.jpeg,920.23,6648.51,1043.11,6798.7,0.8281,traffic sign,True,True,502.6,mtsd-p12
SAM 3,traffic sign,grp5_a5ec0025-BenTaliana_11_Front.jpeg,E:\2. UM-Student\MSC Dissertation\Urban-Vision-Benchmark\Datasets\MTSD\Prepared\MTSD-Unaugmented\MTSD-YOLO\test\images\grp5_a5ec0025-BenTaliana_11_Front.jpeg,928.84,6481.84,1067.33,6642.0,0.6758,traffic sign,True,True,502.6,mtsd-p12
SAM 3,traffic sign,grp5_a5ec0025-BenTaliana_11_Front.jpeg,E:\2. UM-Student\MSC Dissertation\Urban-Vision-Benchmark\Datasets\MTSD\Prepared\MTSD-Unaugmented\MTSD-YOLO\test\images\grp5_a5ec0025-BenTaliana_11_Front.jpeg,2760.38,6483.27,2893.08,6586.95,0.4023,traffic sign,True,True,502.6,mtsd-p12
SAM 3,traffic sign,grp5_a6a28dc5-MichaelFarrugia_34_Side.jpg,E:\2. UM-Student\MSC Dissertation\Urban-Vision-Benchmark\Datasets\MTSD\Prepared\MTSD-Unaugmented\MTSD-YOLO\test\images\grp5_a6a28dc5-MichaelFarrugia_34_Side.jpg,1211.09,1049.08,1856.97,2191.35,0.8516,traffic sign,True,True,175.1,mtsd-p12
SAM 3,traffic sign,grp5_a6a28dc5-MichaelFarrugia_34_Side.jpg,E:\2. UM-Student\MSC Dissertation\Urban-Vision-Benchmark\Datasets\MTSD\Prepared\MTSD-Unaugmented\MTSD-YOLO\test\images\grp5_a6a28dc5-MichaelFarrugia_34_Side.jpg,1208.54,1045.1,1860.9,4080.0,0.3926,traffic sign,True,True,175.1,mtsd-p12
SAM 3,traffic sign,grp5_a7e73d18-AlisonAttard_29_Back.jpeg,E:\2. UM-Student\MSC Dissertation\Urban-Vision-Benchmark\Datasets\MTSD\Prepared\MTSD-Unaugmented\MTSD-YOLO\test\images\grp5_a7e73d18-AlisonAttard_29_Back.jpeg,,,,,,<no detections>,False,True,152.6,mtsd-p12
SAM 3,traffic sign,grp5_a7f0ea8c-BenTaliana_9_Side.jpeg,E:\2. UM-Student\MSC Dissertation\Urban-Vision-Benchmark\Datasets\MTSD\Prepared\MTSD-Unaugmented\MTSD-YOLO\test\images\grp5_a7f0ea8c-BenTaliana_9_Side.jpeg,819.0,1008.93,1384.62,2002.49,0.9336,traffic sign,True,True,166.5,mtsd-p12
SAM 3,traffic sign,grp5_a7f0ea8c-BenTaliana_9_Side.jpeg,E:\2. UM-Student\MSC Dissertation\Urban-Vision-Benchmark\Datasets\MTSD\Prepared\MTSD-Unaugmented\MTSD-YOLO\test\images\grp5_a7f0ea8c-BenTaliana_9_Side.jpeg,1930.85,2520.54,1987.33,2677.97,0.832,traffic sign,True,True,166.5,mtsd-p12
SAM 3,traffic sign,grp5_a7f0ea8c-BenTaliana_9_Side.jpeg,E:\2. UM-Student\MSC Dissertation\Urban-Vision-Benchmark\Datasets\MTSD\Prepared\MTSD-Unaugmented\MTSD-YOLO\test\images\grp5_a7f0ea8c-BenTaliana_9_Side.jpeg,821.52,1005.64,1375.47,4032.0,0.4219,traffic sign,True,True,166.5,mtsd-p12
SAM 3,traffic sign,grp5_a8752ff5-MelatAssefa_56_Side.jpg,E:\2. UM-Student\MSC Dissertation\Urban-Vision-Benchmark\Datasets\MTSD\Prepared\MTSD-Unaugmented\MTSD-YOLO\test\images\grp5_a8752ff5-MelatAssefa_56_Side.jpg,1361.09,586.1,1987.87,1703.83,0.9102,traffic sign,True,True,201.2,mtsd-p12
SAM 3,traffic sign,grp5_a8752ff5-MelatAssefa_56_Side.jpg,E:\2. UM-Student\MSC Dissertation\Urban-Vision-Benchmark\Datasets\MTSD\Prepared\MTSD-Unaugmented\MTSD-YOLO\test\images\grp5_a8752ff5-MelatAssefa_56_Side.jpg,0.0,0.0,1067.61,359.64,0.3867,traffic sign,True,True,201.2,mtsd-p12
SAM 3,traffic sign,grp5_ab2f9697-MichaelFarrugia_48_Side.jpg,E:\2. UM-Student\MSC Dissertation\Urban-Vision-Benchmark\Datasets\MTSD\Prepared\MTSD-Unaugmented\MTSD-YOLO\test\images\grp5_ab2f9697-MichaelFarrugia_48_Side.jpg,1169.62,1357.8,1514.86,1988.52,0.9219,traffic sign,True,True,179.6,mtsd-p12
SAM 3,traffic sign,grp5_ab2f9697-MichaelFarrugia_48_Side.jpg,E:\2. UM-Student\MSC Dissertation\Urban-Vision-Benchmark\Datasets\MTSD\Prepared\MTSD-Unaugmented\MTSD-YOLO\test\images\grp5_ab2f9697-MichaelFarrugia_48_Side.jpg,1162.42,1944.45,1512.26,2584.25,0.9023,traffic sign,True,True,179.6,mtsd-p12
SAM 3,traffic sign,grp5_ab2f9697-MichaelFarrugia_48_Side.jpg,E:\2. UM-Student\MSC Dissertation\Urban-Vision-Benchmark\Datasets\MTSD\Prepared\MTSD-Unaugmented\MTSD-YOLO\test\images\grp5_ab2f9697-MichaelFarrugia_48_Side.jpg,1158.44,1356.99,1521.08,4080.0,0.3945,traffic sign,True,True,179.6,mtsd-p12
SAM 3,traffic sign,grp5_afdc6e4d-MelatAssefa_1_Side.jpg,E:\2. UM-Student\MSC Dissertation\Urban-Vision-Benchmark\Datasets\MTSD\Prepared\MTSD-Unaugmented\MTSD-YOLO\test\images\grp5_afdc6e4d-MelatAssefa_1_Side.jpg,1156.66,306.96,1611.26,1032.22,0.8008,traffic sign,True,True,200.2,mtsd-p12
SAM 3,traffic sign,grp5_afdc6e4d-MelatAssefa_1_Side.jpg,E:\2. UM-Student\MSC Dissertation\Urban-Vision-Benchmark\Datasets\MTSD\Prepared\MTSD-Unaugmented\MTSD-YOLO\test\images\grp5_afdc6e4d-MelatAssefa_1_Side.jpg,1006.92,365.8,1450.11,1103.0,0.4297,traffic sign,True,True,200.2,mtsd-p12
SAM 3,traffic sign,grp5_afdc6e4d-MelatAssefa_1_Side.jpg,E:\2. UM-Student\MSC Dissertation\Urban-Vision-Benchmark\Datasets\MTSD\Prepared\MTSD-Unaugmented\MTSD-YOLO\test\images\grp5_afdc6e4d-MelatAssefa_1_Side.jpg,845.06,904.55,1197.17,1241.55,0.3906,traffic sign,True,True,200.2,mtsd-p12
SAM 3,traffic sign,grp5_b5c4d0ea-BenTaliana_31_Side.jpeg,E:\2. UM-Student\MSC Dissertation\Urban-Vision-Benchmark\Datasets\MTSD\Prepared\MTSD-Unaugmented\MTSD-YOLO\test\images\grp5_b5c4d0ea-BenTaliana_31_Side.jpeg,1265.93,1641.44,2666.33,4702.63,0.8945,traffic sign,True,True,384.9,mtsd-p12
SAM 3,traffic sign,grp5_bbdd8a43-BenTaliana_44_Front.jpeg,E:\2. UM-Student\MSC Dissertation\Urban-Vision-Benchmark\Datasets\MTSD\Prepared\MTSD-Unaugmented\MTSD-YOLO\test\images\grp5_bbdd8a43-BenTaliana_44_Front.jpeg,973.07,2317.67,3548.23,4708.61,0.9258,traffic sign,True,True,463.6,mtsd-p12
SAM 3,traffic sign,grp5_bc59500b-AlisonAttard_47_Side.jpeg,E:\2. UM-Student\MSC Dissertation\Urban-Vision-Benchmark\Datasets\MTSD\Prepared\MTSD-Unaugmented\MTSD-YOLO\test\images\grp5_bc59500b-AlisonAttard_47_Side.jpeg,2641.11,1168.96,3175.89,2264.22,0.9219,traffic sign,True,True,216.7,mtsd-p12
SAM 3,traffic sign,grp5_bc59500b-AlisonAttard_47_Side.jpeg,E:\2. UM-Student\MSC Dissertation\Urban-Vision-Benchmark\Datasets\MTSD\Prepared\MTSD-Unaugmented\MTSD-YOLO\test\images\grp5_bc59500b-AlisonAttard_47_Side.jpeg,1394.61,1693.21,2522.41,1861.83,0.8867,traffic sign,True,True,216.7,mtsd-p12
SAM 3,traffic sign,grp5_c5c3aa2b-BenTaliana_19_Side.jpeg,E:\2. UM-Student\MSC Dissertation\Urban-Vision-Benchmark\Datasets\MTSD\Prepared\MTSD-Unaugmented\MTSD-YOLO\test\images\grp5_c5c3aa2b-BenTaliana_19_Side.jpeg,742.27,1111.82,1543.72,2266.19,0.9023,traffic sign,True,True,153.5,mtsd-p12
SAM 3,traffic sign,grp5_cc1fcae2-AlisonAttard_9_Back.jpeg,E:\2. UM-Student\MSC Dissertation\Urban-Vision-Benchmark\Datasets\MTSD\Prepared\MTSD-Unaugmented\MTSD-YOLO\test\images\grp5_cc1fcae2-AlisonAttard_9_Back.jpeg,938.07,803.63,1964.5,1945.43,0.8516,traffic sign,True,True,223.1,mtsd-p12
SAM 3,traffic sign,grp5_cc1fcae2-AlisonAttard_9_Back.jpeg,E:\2. UM-Student\MSC Dissertation\Urban-Vision-Benchmark\Datasets\MTSD\Prepared\MTSD-Unaugmented\MTSD-YOLO\test\images\grp5_cc1fcae2-AlisonAttard_9_Back.jpeg,869.74,1928.27,2004.68,3152.94,0.8438,traffic sign,True,True,223.1,mtsd-p12
SAM 3,traffic sign,grp5_cc1fcae2-AlisonAttard_9_Back.jpeg,E:\2. UM-Student\MSC Dissertation\Urban-Vision-Benchmark\Datasets\MTSD\Prepared\MTSD-Unaugmented\MTSD-YOLO\test\images\grp5_cc1fcae2-AlisonAttard_9_Back.jpeg,2382.43,2970.67,2427.92,3004.35,0.4824,traffic sign,True,True,223.1,mtsd-p12
SAM 3,traffic sign,grp5_cc1fcae2-AlisonAttard_9_Back.jpeg,E:\2. UM-Student\MSC Dissertation\Urban-Vision-Benchmark\Datasets\MTSD\Prepared\MTSD-Unaugmented\MTSD-YOLO\test\images\grp5_cc1fcae2-AlisonAttard_9_Back.jpeg,906.99,817.59,1984.68,4032.0,0.418,traffic sign,True,True,223.1,mtsd-p12
SAM 3,traffic sign,grp5_cc77abda-MelatAssefa_34_Side.jpg,E:\2. UM-Student\MSC Dissertation\Urban-Vision-Benchmark\Datasets\MTSD\Prepared\MTSD-Unaugmented\MTSD-YOLO\test\images\grp5_cc77abda-MelatAssefa_34_Side.jpg,1498.88,899.02,2676.2,2556.66,0.9023,traffic sign,True,True,263.5,mtsd-p12
SAM 3,traffic sign,grp5_cc77abda-MelatAssefa_34_Side.jpg,E:\2. UM-Student\MSC Dissertation\Urban-Vision-Benchmark\Datasets\MTSD\Prepared\MTSD-Unaugmented\MTSD-YOLO\test\images\grp5_cc77abda-MelatAssefa_34_Side.jpg,1449.78,918.05,2664.7,5672.26,0.4004,traffic sign,True,True,263.5,mtsd-p12
SAM 3,traffic sign,grp5_cdd70210-BenTaliana_10_Side.jpeg,E:\2. UM-Student\MSC Dissertation\Urban-Vision-Benchmark\Datasets\MTSD\Prepared\MTSD-Unaugmented\MTSD-YOLO\test\images\grp5_cdd70210-BenTaliana_10_Side.jpeg,1495.69,1542.78,3361.11,4813.96,0.8789,traffic sign,True,True,491.5,mtsd-p12
SAM 3,traffic sign,grp5_d29347ca-MelatAssefa_51_Side.jpg,E:\2. UM-Student\MSC Dissertation\Urban-Vision-Benchmark\Datasets\MTSD\Prepared\MTSD-Unaugmented\MTSD-YOLO\test\images\grp5_d29347ca-MelatAssefa_51_Side.jpg,1275.74,236.6,1804.15,2050.52,0.9062,traffic sign,True,True,262.6,mtsd-p12
SAM 3,traffic sign,grp5_d29347ca-MelatAssefa_51_Side.jpg,E:\2. UM-Student\MSC Dissertation\Urban-Vision-Benchmark\Datasets\MTSD\Prepared\MTSD-Unaugmented\MTSD-YOLO\test\images\grp5_d29347ca-MelatAssefa_51_Side.jpg,1652.7,2823.29,1699.71,3403.87,0.7969,traffic sign,True,True,262.6,mtsd-p12
SAM 3,traffic sign,grp5_d29347ca-MelatAssefa_51_Side.jpg,E:\2. UM-Student\MSC Dissertation\Urban-Vision-Benchmark\Datasets\MTSD\Prepared\MTSD-Unaugmented\MTSD-YOLO\test\images\grp5_d29347ca-MelatAssefa_51_Side.jpg,2757.73,3349.35,3024.0,3624.02,0.6836,traffic sign,True,True,262.6,mtsd-p12
SAM 3,traffic sign,grp5_d29347ca-MelatAssefa_51_Side.jpg,E:\2. UM-Student\MSC Dissertation\Urban-Vision-Benchmark\Datasets\MTSD\Prepared\MTSD-Unaugmented\MTSD-YOLO\test\images\grp5_d29347ca-MelatAssefa_51_Side.jpg,2898.58,3882.44,3024.0,4032.0,0.5742,traffic sign,True,True,262.6,mtsd-p12
SAM 3,traffic sign,grp5_dad74922-BenTaliana_41_Front.jpeg,E:\2. UM-Student\MSC Dissertation\Urban-Vision-Benchmark\Datasets\MTSD\Prepared\MTSD-Unaugmented\MTSD-YOLO\test\images\grp5_dad74922-BenTaliana_41_Front.jpeg,707.21,1890.49,3276.66,3940.11,0.8516,traffic sign,True,True,352.5,mtsd-p12
SAM 3,traffic sign,grp5_dad74922-BenTaliana_41_Front.jpeg,E:\2. UM-Student\MSC Dissertation\Urban-Vision-Benchmark\Datasets\MTSD\Prepared\MTSD-Unaugmented\MTSD-YOLO\test\images\grp5_dad74922-BenTaliana_41_Front.jpeg,690.16,1884.83,3280.57,7584.0,0.4258,traffic sign,True,True,352.5,mtsd-p12
SAM 3,traffic sign,grp5_dad74922-BenTaliana_41_Front.jpeg,E:\2. UM-Student\MSC Dissertation\Urban-Vision-Benchmark\Datasets\MTSD\Prepared\MTSD-Unaugmented\MTSD-YOLO\test\images\grp5_dad74922-BenTaliana_41_Front.jpeg,683.11,3139.28,3170.6,4241.2,0.3945,traffic sign,True,True,352.5,mtsd-p12
SAM 3,traffic sign,grp5_dcad2b9b-MichaelFarrugia_64_Side.jpg,E:\2. UM-Student\MSC Dissertation\Urban-Vision-Benchmark\Datasets\MTSD\Prepared\MTSD-Unaugmented\MTSD-YOLO\test\images\grp5_dcad2b9b-MichaelFarrugia_64_Side.jpg,1159.55,1413.17,1718.26,2602.38,0.8516,traffic sign,True,True,175.0,mtsd-p12
SAM 3,traffic sign,grp5_dcad2b9b-MichaelFarrugia_64_Side.jpg,E:\2. UM-Student\MSC Dissertation\Urban-Vision-Benchmark\Datasets\MTSD\Prepared\MTSD-Unaugmented\MTSD-YOLO\test\images\grp5_dcad2b9b-MichaelFarrugia_64_Side.jpg,1153.12,1410.45,1718.1,4080.0,0.4707,traffic sign,True,True,175.0,mtsd-p12
SAM 3,traffic sign,grp5_e0bfe536-MelatAssefa_22_Front.jpg,E:\2. UM-Student\MSC Dissertation\Urban-Vision-Benchmark\Datasets\MTSD\Prepared\MTSD-Unaugmented\MTSD-YOLO\test\images\grp5_e0bfe536-MelatAssefa_22_Front.jpg,1074.9,989.46,1859.1,1718.82,0.8633,traffic sign,True,True,203.5,mtsd-p12
SAM 3,traffic sign,grp5_e0bfe536-MelatAssefa_22_Front.jpg,E:\2. UM-Student\MSC Dissertation\Urban-Vision-Benchmark\Datasets\MTSD\Prepared\MTSD-Unaugmented\MTSD-YOLO\test\images\grp5_e0bfe536-MelatAssefa_22_Front.jpg,1074.91,989.4,1858.72,4032.0,0.4531,traffic sign,True,True,203.5,mtsd-p12
SAM 3,traffic sign,grp5_e0bfe536-MelatAssefa_22_Front.jpg,E:\2. UM-Student\MSC Dissertation\Urban-Vision-Benchmark\Datasets\MTSD\Prepared\MTSD-Unaugmented\MTSD-YOLO\test\images\grp5_e0bfe536-MelatAssefa_22_Front.jpg,1747.18,2972.51,1787.13,3019.17,0.4355,traffic sign,True,True,203.5,mtsd-p12
SAM 3,traffic sign,grp5_e2a22cf0-BenTaliana_9_Front.jpeg,E:\2. UM-Student\MSC Dissertation\Urban-Vision-Benchmark\Datasets\MTSD\Prepared\MTSD-Unaugmented\MTSD-YOLO\test\images\grp5_e2a22cf0-BenTaliana_9_Front.jpeg,456.24,1049.55,1772.22,2123.77,0.9062,traffic sign,True,True,265.5,mtsd-p12
SAM 3,traffic sign,grp5_e2a22cf0-BenTaliana_9_Front.jpeg,E:\2. UM-Student\MSC Dissertation\Urban-Vision-Benchmark\Datasets\MTSD\Prepared\MTSD-Unaugmented\MTSD-YOLO\test\images\grp5_e2a22cf0-BenTaliana_9_Front.jpeg,1375.91,2667.89,1474.81,2742.34,0.5,traffic sign,True,True,265.5,mtsd-p12
SAM 3,traffic sign,grp5_e2a22cf0-BenTaliana_9_Front.jpeg,E:\2. UM-Student\MSC Dissertation\Urban-Vision-Benchmark\Datasets\MTSD\Prepared\MTSD-Unaugmented\MTSD-YOLO\test\images\grp5_e2a22cf0-BenTaliana_9_Front.jpeg,760.59,3088.57,802.27,3149.19,0.4941,traffic sign,True,True,265.5,mtsd-p12
SAM 3,traffic sign,grp5_e2a22cf0-BenTaliana_9_Front.jpeg,E:\2. UM-Student\MSC Dissertation\Urban-Vision-Benchmark\Datasets\MTSD\Prepared\MTSD-Unaugmented\MTSD-YOLO\test\images\grp5_e2a22cf0-BenTaliana_9_Front.jpeg,453.19,1052.04,1776.62,4032.0,0.3184,traffic sign,True,True,265.5,mtsd-p12
SAM 3,traffic sign,grp5_e390d90e-MelatAssefa_55_Side.jpg,E:\2. UM-Student\MSC Dissertation\Urban-Vision-Benchmark\Datasets\MTSD\Prepared\MTSD-Unaugmented\MTSD-YOLO\test\images\grp5_e390d90e-MelatAssefa_55_Side.jpg,1599.22,957.53,2205.24,2091.85,0.918,traffic sign,True,True,277.8,mtsd-p12
SAM 3,traffic sign,grp5_e3df78e1-MichaelFarrugia_48_Back.jpg,E:\2. UM-Student\MSC Dissertation\Urban-Vision-Benchmark\Datasets\MTSD\Prepared\MTSD-Unaugmented\MTSD-YOLO\test\images\grp5_e3df78e1-MichaelFarrugia_48_Back.jpg,1321.02,1611.22,1811.01,2194.59,0.5469,traffic sign,True,True,208.1,mtsd-p12
SAM 3,traffic sign,grp5_e3df78e1-MichaelFarrugia_48_Back.jpg,E:\2. UM-Student\MSC Dissertation\Urban-Vision-Benchmark\Datasets\MTSD\Prepared\MTSD-Unaugmented\MTSD-YOLO\test\images\grp5_e3df78e1-MichaelFarrugia_48_Back.jpg,1285.06,2157.96,1825.65,2787.19,0.5352,traffic sign,True,True,208.1,mtsd-p12
SAM 3,traffic sign,grp5_e43a48bc-BenTaliana_53_Side.jpeg,E:\2. UM-Student\MSC Dissertation\Urban-Vision-Benchmark\Datasets\MTSD\Prepared\MTSD-Unaugmented\MTSD-YOLO\test\images\grp5_e43a48bc-BenTaliana_53_Side.jpeg,898.45,1216.15,1345.51,2169.05,0.918,traffic sign,True,True,192.4,mtsd-p12
SAM 3,traffic sign,grp5_e64b6a10-AlisonAttard_20_Side.jpeg,E:\2. UM-Student\MSC Dissertation\Urban-Vision-Benchmark\Datasets\MTSD\Prepared\MTSD-Unaugmented\MTSD-YOLO\test\images\grp5_e64b6a10-AlisonAttard_20_Side.jpeg,,,,,,<no detections>,False,True,146.5,mtsd-p12
SAM 3,traffic sign,grp5_e7eb8734-MichaelFarrugia_52_Front.jpg,E:\2. UM-Student\MSC Dissertation\Urban-Vision-Benchmark\Datasets\MTSD\Prepared\MTSD-Unaugmented\MTSD-YOLO\test\images\grp5_e7eb8734-MichaelFarrugia_52_Front.jpg,1300.3,1552.1,2083.3,2319.75,0.8477,traffic sign,True,True,186.4,mtsd-p12
SAM 3,traffic sign,grp5_e7eb8734-MichaelFarrugia_52_Front.jpg,E:\2. UM-Student\MSC Dissertation\Urban-Vision-Benchmark\Datasets\MTSD\Prepared\MTSD-Unaugmented\MTSD-YOLO\test\images\grp5_e7eb8734-MichaelFarrugia_52_Front.jpg,1294.92,1544.92,2085.46,4080.0,0.4473,traffic sign,True,True,186.4,mtsd-p12
SAM 3,traffic sign,grp5_e897b21c-MelatAssefa_52_Front.jpg,E:\2. UM-Student\MSC Dissertation\Urban-Vision-Benchmark\Datasets\MTSD\Prepared\MTSD-Unaugmented\MTSD-YOLO\test\images\grp5_e897b21c-MelatAssefa_52_Front.jpg,1515.24,2681.31,2526.72,3658.46,0.8633,traffic sign,True,True,655.7,mtsd-p12
SAM 3,traffic sign,grp5_e897b21c-MelatAssefa_52_Front.jpg,E:\2. UM-Student\MSC Dissertation\Urban-Vision-Benchmark\Datasets\MTSD\Prepared\MTSD-Unaugmented\MTSD-YOLO\test\images\grp5_e897b21c-MelatAssefa_52_Front.jpg,3275.64,5105.75,3517.75,5369.56,0.8594,traffic sign,True,True,655.7,mtsd-p12
SAM 3,traffic sign,grp5_e897b21c-MelatAssefa_52_Front.jpg,E:\2. UM-Student\MSC Dissertation\Urban-Vision-Benchmark\Datasets\MTSD\Prepared\MTSD-Unaugmented\MTSD-YOLO\test\images\grp5_e897b21c-MelatAssefa_52_Front.jpg,1514.19,2676.62,2519.74,5712.0,0.5,traffic sign,True,True,655.7,mtsd-p12
SAM 3,traffic sign,grp5_e897b21c-MelatAssefa_52_Front.jpg,E:\2. UM-Student\MSC Dissertation\Urban-Vision-Benchmark\Datasets\MTSD\Prepared\MTSD-Unaugmented\MTSD-YOLO\test\images\grp5_e897b21c-MelatAssefa_52_Front.jpg,2147.0,5281.31,2315.76,5524.29,0.3633,traffic sign,True,True,655.7,mtsd-p12
SAM 3,traffic sign,grp5_ec52a808-MichaelFarrugia_58_Side.jpg,E:\2. UM-Student\MSC Dissertation\Urban-Vision-Benchmark\Datasets\MTSD\Prepared\MTSD-Unaugmented\MTSD-YOLO\test\images\grp5_ec52a808-MichaelFarrugia_58_Side.jpg,1241.25,1468.07,1774.53,2436.59,0.9336,traffic sign,True,True,656.2,mtsd-p12
SAM 3,traffic sign,grp5_ec52a808-MichaelFarrugia_58_Side.jpg,E:\2. UM-Student\MSC Dissertation\Urban-Vision-Benchmark\Datasets\MTSD\Prepared\MTSD-Unaugmented\MTSD-YOLO\test\images\grp5_ec52a808-MichaelFarrugia_58_Side.jpg,1239.52,2225.56,1758.9,2769.62,0.8633,traffic sign,True,True,656.2,mtsd-p12
SAM 3,traffic sign,grp5_ec52a808-MichaelFarrugia_58_Side.jpg,E:\2. UM-Student\MSC Dissertation\Urban-Vision-Benchmark\Datasets\MTSD\Prepared\MTSD-Unaugmented\MTSD-YOLO\test\images\grp5_ec52a808-MichaelFarrugia_58_Side.jpg,873.82,3140.71,939.76,3225.43,0.582,traffic sign,True,True,656.2,mtsd-p12
SAM 3,traffic sign,grp5_ec52a808-MichaelFarrugia_58_Side.jpg,E:\2. UM-Student\MSC Dissertation\Urban-Vision-Benchmark\Datasets\MTSD\Prepared\MTSD-Unaugmented\MTSD-YOLO\test\images\grp5_ec52a808-MichaelFarrugia_58_Side.jpg,473.81,3237.82,497.46,3277.2,0.5039,traffic sign,True,True,656.2,mtsd-p12
SAM 3,traffic sign,grp5_ec52a808-MichaelFarrugia_58_Side.jpg,E:\2. UM-Student\MSC Dissertation\Urban-Vision-Benchmark\Datasets\MTSD\Prepared\MTSD-Unaugmented\MTSD-YOLO\test\images\grp5_ec52a808-MichaelFarrugia_58_Side.jpg,424.8,3224.15,452.55,3261.4,0.4902,traffic sign,True,True,656.2,mtsd-p12
SAM 3,traffic sign,grp5_ec52a808-MichaelFarrugia_58_Side.jpg,E:\2. UM-Student\MSC Dissertation\Urban-Vision-Benchmark\Datasets\MTSD\Prepared\MTSD-Unaugmented\MTSD-YOLO\test\images\grp5_ec52a808-MichaelFarrugia_58_Side.jpg,290.07,3240.81,314.96,3277.06,0.457,traffic sign,True,True,656.2,mtsd-p12
SAM 3,traffic sign,grp5_ec52a808-MichaelFarrugia_58_Side.jpg,E:\2. UM-Student\MSC Dissertation\Urban-Vision-Benchmark\Datasets\MTSD\Prepared\MTSD-Unaugmented\MTSD-YOLO\test\images\grp5_ec52a808-MichaelFarrugia_58_Side.jpg,83.26,3313.93,109.86,3352.95,0.4375,traffic sign,True,True,656.2,mtsd-p12
SAM 3,traffic sign,grp5_ec52a808-MichaelFarrugia_58_Side.jpg,E:\2. UM-Student\MSC Dissertation\Urban-Vision-Benchmark\Datasets\MTSD\Prepared\MTSD-Unaugmented\MTSD-YOLO\test\images\grp5_ec52a808-MichaelFarrugia_58_Side.jpg,7.35,3362.03,35.92,3393.39,0.3887,traffic sign,True,True,656.2,mtsd-p12
SAM 3,traffic sign,grp5_ec52a808-MichaelFarrugia_58_Side.jpg,E:\2. UM-Student\MSC Dissertation\Urban-Vision-Benchmark\Datasets\MTSD\Prepared\MTSD-Unaugmented\MTSD-YOLO\test\images\grp5_ec52a808-MichaelFarrugia_58_Side.jpg,704.88,3179.26,792.44,3245.36,0.3672,traffic sign,True,True,656.2,mtsd-p12
SAM 3,traffic sign,grp5_ec52a808-MichaelFarrugia_58_Side.jpg,E:\2. UM-Student\MSC Dissertation\Urban-Vision-Benchmark\Datasets\MTSD\Prepared\MTSD-Unaugmented\MTSD-YOLO\test\images\grp5_ec52a808-MichaelFarrugia_58_Side.jpg,751.2,3121.3,786.23,3160.98,0.3613,traffic sign,True,True,656.2,mtsd-p12
SAM 3,traffic sign,grp5_ec52a808-MichaelFarrugia_58_Side.jpg,E:\2. UM-Student\MSC Dissertation\Urban-Vision-Benchmark\Datasets\MTSD\Prepared\MTSD-Unaugmented\MTSD-YOLO\test\images\grp5_ec52a808-MichaelFarrugia_58_Side.jpg,601.52,3234.32,619.98,3274.24,0.3359,traffic sign,True,True,656.2,mtsd-p12
SAM 3,traffic sign,grp5_ec52a808-MichaelFarrugia_58_Side.jpg,E:\2. UM-Student\MSC Dissertation\Urban-Vision-Benchmark\Datasets\MTSD\Prepared\MTSD-Unaugmented\MTSD-YOLO\test\images\grp5_ec52a808-MichaelFarrugia_58_Side.jpg,872.31,3142.19,939.52,3488.92,0.3203,traffic sign,True,True,656.2,mtsd-p12
SAM 3,traffic sign,grp5_ec52a808-MichaelFarrugia_58_Side.jpg,E:\2. UM-Student\MSC Dissertation\Urban-Vision-Benchmark\Datasets\MTSD\Prepared\MTSD-Unaugmented\MTSD-YOLO\test\images\grp5_ec52a808-MichaelFarrugia_58_Side.jpg,695.52,3241.33,716.51,3286.44,0.3066,traffic sign,True,True,656.2,mtsd-p12
SAM 3,traffic sign,grp5_f3d53558-BenTaliana_52_Front.jpeg,E:\2. UM-Student\MSC Dissertation\Urban-Vision-Benchmark\Datasets\MTSD\Prepared\MTSD-Unaugmented\MTSD-YOLO\test\images\grp5_f3d53558-BenTaliana_52_Front.jpeg,756.4,1993.29,3432.69,4093.2,0.875,traffic sign,True,True,475.9,mtsd-p12
SAM 3,traffic sign,grp5_f3d53558-BenTaliana_52_Front.jpeg,E:\2. UM-Student\MSC Dissertation\Urban-Vision-Benchmark\Datasets\MTSD\Prepared\MTSD-Unaugmented\MTSD-YOLO\test\images\grp5_f3d53558-BenTaliana_52_Front.jpeg,737.77,3753.75,3504.81,4942.67,0.75,traffic sign,True,True,475.9,mtsd-p12
SAM 3,traffic sign,grp5_f3d53558-BenTaliana_52_Front.jpeg,E:\2. UM-Student\MSC Dissertation\Urban-Vision-Benchmark\Datasets\MTSD\Prepared\MTSD-Unaugmented\MTSD-YOLO\test\images\grp5_f3d53558-BenTaliana_52_Front.jpeg,735.34,1994.71,3506.29,8064.0,0.4805,traffic sign,True,True,475.9,mtsd-p12
SAM 3,traffic sign,grp5_f7db29c0-MichaelFarrugia_35_Front.jpg,E:\2. UM-Student\MSC Dissertation\Urban-Vision-Benchmark\Datasets\MTSD\Prepared\MTSD-Unaugmented\MTSD-YOLO\test\images\grp5_f7db29c0-MichaelFarrugia_35_Front.jpg,1076.44,1670.14,1872.82,2399.45,0.918,traffic sign,True,True,203.8,mtsd-p12
SAM 3,traffic sign,grp5_f7db29c0-MichaelFarrugia_35_Front.jpg,E:\2. UM-Student\MSC Dissertation\Urban-Vision-Benchmark\Datasets\MTSD\Prepared\MTSD-Unaugmented\MTSD-YOLO\test\images\grp5_f7db29c0-MichaelFarrugia_35_Front.jpg,855.38,3198.18,896.59,3241.82,0.6992,traffic sign,True,True,203.8,mtsd-p12
SAM 3,traffic sign,grp5_fc84e1fb-BenTaliana_3_Back.jpeg,E:\2. UM-Student\MSC Dissertation\Urban-Vision-Benchmark\Datasets\MTSD\Prepared\MTSD-Unaugmented\MTSD-YOLO\test\images\grp5_fc84e1fb-BenTaliana_3_Back.jpeg,818.81,1795.5,1693.28,3932.78,0.7734,traffic sign,True,True,190.3,mtsd-p12
SAM 3,traffic sign,grp5_fc84e1fb-BenTaliana_3_Back.jpeg,E:\2. UM-Student\MSC Dissertation\Urban-Vision-Benchmark\Datasets\MTSD\Prepared\MTSD-Unaugmented\MTSD-YOLO\test\images\grp5_fc84e1fb-BenTaliana_3_Back.jpeg,413.19,981.17,1779.2,2133.25,0.6016,traffic sign,True,True,190.3,mtsd-p12
SAM 3,traffic sign,grp5_fea9ceb6-MichaelFarrugia_19_Back.jpg,E:\2. UM-Student\MSC Dissertation\Urban-Vision-Benchmark\Datasets\MTSD\Prepared\MTSD-Unaugmented\MTSD-YOLO\test\images\grp5_fea9ceb6-MichaelFarrugia_19_Back.jpg,1453.91,2005.08,2231.16,2975.25,0.8516,traffic sign,True,True,249.5,mtsd-p12
SAM 3,traffic sign,grp5_fea9ceb6-MichaelFarrugia_19_Back.jpg,E:\2. UM-Student\MSC Dissertation\Urban-Vision-Benchmark\Datasets\MTSD\Prepared\MTSD-Unaugmented\MTSD-YOLO\test\images\grp5_fea9ceb6-MichaelFarrugia_19_Back.jpg,1217.91,1220.43,2124.55,2265.02,0.8477,traffic sign,True,True,249.5,mtsd-p12
SAM 3,traffic sign,grp5_fea9ceb6-MichaelFarrugia_19_Back.jpg,E:\2. UM-Student\MSC Dissertation\Urban-Vision-Benchmark\Datasets\MTSD\Prepared\MTSD-Unaugmented\MTSD-YOLO\test\images\grp5_fea9ceb6-MichaelFarrugia_19_Back.jpg,1874.37,370.7,2422.32,838.06,0.6875,traffic sign,True,True,249.5,mtsd-p12
SAM 3,traffic sign,grp5_ff6aaac1-MichaelFarrugia_43_Front.jpg,E:\2. UM-Student\MSC Dissertation\Urban-Vision-Benchmark\Datasets\MTSD\Prepared\MTSD-Unaugmented\MTSD-YOLO\test\images\grp5_ff6aaac1-MichaelFarrugia_43_Front.jpg,1243.93,1656.72,1955.37,2335.73,0.9102,traffic sign,True,True,218.6,mtsd-p12
SAM 3,traffic sign,grp6_0126954d-IMG_0235.JPG,E:\2. UM-Student\MSC Dissertation\Urban-Vision-Benchmark\Datasets\MTSD\Prepared\MTSD-Unaugmented\MTSD-YOLO\test\images\grp6_0126954d-IMG_0235.JPG,721.11,1237.11,2363.18,2099.46,0.6562,traffic sign,True,True,183.7,mtsd-p12
SAM 3,traffic sign,grp6_0126954d-IMG_0235.JPG,E:\2. UM-Student\MSC Dissertation\Urban-Vision-Benchmark\Datasets\MTSD\Prepared\MTSD-Unaugmented\MTSD-YOLO\test\images\grp6_0126954d-IMG_0235.JPG,730.9,1234.37,4032.0,2102.6,0.332,traffic sign,True,True,183.7,mtsd-p12
SAM 3,traffic sign,grp6_0d61ecda-IMG_6112.JPG,E:\2. UM-Student\MSC Dissertation\Urban-Vision-Benchmark\Datasets\MTSD\Prepared\MTSD-Unaugmented\MTSD-YOLO\test\images\grp6_0d61ecda-IMG_6112.JPG,835.96,57.33,1988.04,1234.62,0.9023,traffic sign,True,True,215.7,mtsd-p12
SAM 3,traffic sign,grp6_0dbbcef1-IMG_6167.JPG,E:\2. UM-Student\MSC Dissertation\Urban-Vision-Benchmark\Datasets\MTSD\Prepared\MTSD-Unaugmented\MTSD-YOLO\test\images\grp6_0dbbcef1-IMG_6167.JPG,1177.3,580.94,1463.81,2525.83,0.7461,traffic sign,True,True,210.1,mtsd-p12
SAM 3,traffic sign,grp6_0dbbcef1-IMG_6167.JPG,E:\2. UM-Student\MSC Dissertation\Urban-Vision-Benchmark\Datasets\MTSD\Prepared\MTSD-Unaugmented\MTSD-YOLO\test\images\grp6_0dbbcef1-IMG_6167.JPG,48.21,3076.24,245.94,3363.15,0.5703,traffic sign,True,True,210.1,mtsd-p12
SAM 3,traffic sign,grp6_1fffe58c-IMG_6250.JPG,E:\2. UM-Student\MSC Dissertation\Urban-Vision-Benchmark\Datasets\MTSD\Prepared\MTSD-Unaugmented\MTSD-YOLO\test\images\grp6_1fffe58c-IMG_6250.JPG,1017.42,860.71,2058.62,1797.67,0.9297,traffic sign,True,True,230.3,mtsd-p12
SAM 3,traffic sign,grp6_1fffe58c-IMG_6250.JPG,E:\2. UM-Student\MSC Dissertation\Urban-Vision-Benchmark\Datasets\MTSD\Prepared\MTSD-Unaugmented\MTSD-YOLO\test\images\grp6_1fffe58c-IMG_6250.JPG,831.18,1768.05,2107.87,2597.43,0.8789,traffic sign,True,True,230.3,mtsd-p12
SAM 3,traffic sign,grp6_1fffe58c-IMG_6250.JPG,E:\2. UM-Student\MSC Dissertation\Urban-Vision-Benchmark\Datasets\MTSD\Prepared\MTSD-Unaugmented\MTSD-YOLO\test\images\grp6_1fffe58c-IMG_6250.JPG,0.63,0.0,473.88,185.32,0.6523,traffic sign,True,True,230.3,mtsd-p12
SAM 3,traffic sign,grp6_205fffc2-Screenshot_2025-12-05_135424.png,E:\2. UM-Student\MSC Dissertation\Urban-Vision-Benchmark\Datasets\MTSD\Prepared\MTSD-Unaugmented\MTSD-YOLO\test\images\grp6_205fffc2-Screenshot_2025-12-05_135424.png,123.09,177.74,157.68,318.83,0.8828,traffic sign,True,True,110.6,mtsd-p12
SAM 3,traffic sign,grp6_205fffc2-Screenshot_2025-12-05_135424.png,E:\2. UM-Student\MSC Dissertation\Urban-Vision-Benchmark\Datasets\MTSD\Prepared\MTSD-Unaugmented\MTSD-YOLO\test\images\grp6_205fffc2-Screenshot_2025-12-05_135424.png,92.29,34.37,222.49,173.06,0.6914,traffic sign,True,True,110.6,mtsd-p12
SAM 3,traffic sign,grp6_205fffc2-Screenshot_2025-12-05_135424.png,E:\2. UM-Student\MSC Dissertation\Urban-Vision-Benchmark\Datasets\MTSD\Prepared\MTSD-Unaugmented\MTSD-YOLO\test\images\grp6_205fffc2-Screenshot_2025-12-05_135424.png,125.22,316.62,147.78,389.32,0.6602,traffic sign,True,True,110.6,mtsd-p12
SAM 3,traffic sign,grp6_205fffc2-Screenshot_2025-12-05_135424.png,E:\2. UM-Student\MSC Dissertation\Urban-Vision-Benchmark\Datasets\MTSD\Prepared\MTSD-Unaugmented\MTSD-YOLO\test\images\grp6_205fffc2-Screenshot_2025-12-05_135424.png,92.41,34.03,222.74,738.64,0.5117,traffic sign,True,True,110.6,mtsd-p12
SAM 3,traffic sign,grp6_255dc793-IMG_0327.JPG,E:\2. UM-Student\MSC Dissertation\Urban-Vision-Benchmark\Datasets\MTSD\Prepared\MTSD-Unaugmented\MTSD-YOLO\test\images\grp6_255dc793-IMG_0327.JPG,903.68,1570.44,3541.48,2065.27,0.9062,traffic sign,True,True,184.0,mtsd-p12
SAM 3,traffic sign,grp6_264240ca-IMG_0303.JPG,E:\2. UM-Student\MSC Dissertation\Urban-Vision-Benchmark\Datasets\MTSD\Prepared\MTSD-Unaugmented\MTSD-YOLO\test\images\grp6_264240ca-IMG_0303.JPG,1204.22,738.85,3645.86,2066.69,0.918,traffic sign,True,True,187.9,mtsd-p12
SAM 3,traffic sign,grp6_280e9cbc-IMG_0220.JPG,E:\2. UM-Student\MSC Dissertation\Urban-Vision-Benchmark\Datasets\MTSD\Prepared\MTSD-Unaugmented\MTSD-YOLO\test\images\grp6_280e9cbc-IMG_0220.JPG,,,,,,<no detections>,False,True,146.8,mtsd-p12
SAM 3,traffic sign,grp6_34078a23-Screenshot_2025-12-05_144602.png,E:\2. UM-Student\MSC Dissertation\Urban-Vision-Benchmark\Datasets\MTSD\Prepared\MTSD-Unaugmented\MTSD-YOLO\test\images\grp6_34078a23-Screenshot_2025-12-05_144602.png,89.57,44.64,210.93,163.42,0.8359,traffic sign,True,True,110.1,mtsd-p12
SAM 3,traffic sign,grp6_34078a23-Screenshot_2025-12-05_144602.png,E:\2. UM-Student\MSC Dissertation\Urban-Vision-Benchmark\Datasets\MTSD\Prepared\MTSD-Unaugmented\MTSD-YOLO\test\images\grp6_34078a23-Screenshot_2025-12-05_144602.png,89.25,44.3,211.02,587.29,0.5547,traffic sign,True,True,110.1,mtsd-p12
SAM 3,traffic sign,grp6_344c75b8-Screenshot_2025-12-05_150942.png,E:\2. UM-Student\MSC Dissertation\Urban-Vision-Benchmark\Datasets\MTSD\Prepared\MTSD-Unaugmented\MTSD-YOLO\test\images\grp6_344c75b8-Screenshot_2025-12-05_150942.png,87.48,40.65,192.11,144.24,0.7891,traffic sign,True,True,108.1,mtsd-p12
SAM 3,traffic sign,grp6_344c75b8-Screenshot_2025-12-05_150942.png,E:\2. UM-Student\MSC Dissertation\Urban-Vision-Benchmark\Datasets\MTSD\Prepared\MTSD-Unaugmented\MTSD-YOLO\test\images\grp6_344c75b8-Screenshot_2025-12-05_150942.png,86.99,40.24,192.17,554.37,0.4316,traffic sign,True,True,108.1,mtsd-p12
SAM 3,traffic sign,grp6_3721037e-IMG_0363.JPG,E:\2. UM-Student\MSC Dissertation\Urban-Vision-Benchmark\Datasets\MTSD\Prepared\MTSD-Unaugmented\MTSD-YOLO\test\images\grp6_3721037e-IMG_0363.JPG,2290.33,1242.1,4025.76,1789.84,0.3086,traffic sign,True,True,165.0,mtsd-p12
SAM 3,traffic sign,grp6_3721037e-IMG_0363.JPG,E:\2. UM-Student\MSC Dissertation\Urban-Vision-Benchmark\Datasets\MTSD\Prepared\MTSD-Unaugmented\MTSD-YOLO\test\images\grp6_3721037e-IMG_0363.JPG,1720.74,1394.74,3087.78,1655.14,0.3027,traffic sign,True,True,165.0,mtsd-p12
SAM 3,traffic sign,grp6_37c705bd-IMG_6247.JPG,E:\2. UM-Student\MSC Dissertation\Urban-Vision-Benchmark\Datasets\MTSD\Prepared\MTSD-Unaugmented\MTSD-YOLO\test\images\grp6_37c705bd-IMG_6247.JPG,940.74,991.27,1815.46,1675.27,0.9453,traffic sign,True,True,213.3,mtsd-p12
SAM 3,traffic sign,grp6_37c705bd-IMG_6247.JPG,E:\2. UM-Student\MSC Dissertation\Urban-Vision-Benchmark\Datasets\MTSD\Prepared\MTSD-Unaugmented\MTSD-YOLO\test\images\grp6_37c705bd-IMG_6247.JPG,827.4,1610.14,1850.5,2272.25,0.918,traffic sign,True,True,213.3,mtsd-p12
SAM 3,traffic sign,grp6_386a5fef-IMG_6231.JPG,E:\2. UM-Student\MSC Dissertation\Urban-Vision-Benchmark\Datasets\MTSD\Prepared\MTSD-Unaugmented\MTSD-YOLO\test\images\grp6_386a5fef-IMG_6231.JPG,897.49,973.55,2028.75,2444.1,0.8125,traffic sign,True,True,206.3,mtsd-p12
SAM 3,traffic sign,grp6_3ce4063d-IMG_0217.JPG,E:\2. UM-Student\MSC Dissertation\Urban-Vision-Benchmark\Datasets\MTSD\Prepared\MTSD-Unaugmented\MTSD-YOLO\test\images\grp6_3ce4063d-IMG_0217.JPG,1544.94,1397.35,2126.96,1732.38,0.8203,traffic sign,True,True,202.7,mtsd-p12
SAM 3,traffic sign,grp6_4c7d6d30-IMG_6226.JPG,E:\2. UM-Student\MSC Dissertation\Urban-Vision-Benchmark\Datasets\MTSD\Prepared\MTSD-Unaugmented\MTSD-YOLO\test\images\grp6_4c7d6d30-IMG_6226.JPG,1086.17,913.07,2110.49,1759.49,0.9102,traffic sign,True,True,218.8,mtsd-p12
SAM 3,traffic sign,grp6_4c7d6d30-IMG_6226.JPG,E:\2. UM-Student\MSC Dissertation\Urban-Vision-Benchmark\Datasets\MTSD\Prepared\MTSD-Unaugmented\MTSD-YOLO\test\images\grp6_4c7d6d30-IMG_6226.JPG,1078.8,907.16,2113.09,4032.0,0.4297,traffic sign,True,True,218.8,mtsd-p12
SAM 3,traffic sign,grp6_5dd0fd95-IMG_6225.JPG,E:\2. UM-Student\MSC Dissertation\Urban-Vision-Benchmark\Datasets\MTSD\Prepared\MTSD-Unaugmented\MTSD-YOLO\test\images\grp6_5dd0fd95-IMG_6225.JPG,,,,,,<no detections>,False,True,158.5,mtsd-p12
SAM 3,traffic sign,grp6_674b294f-Screenshot_2025-12-05_140949.png,E:\2. UM-Student\MSC Dissertation\Urban-Vision-Benchmark\Datasets\MTSD\Prepared\MTSD-Unaugmented\MTSD-YOLO\test\images\grp6_674b294f-Screenshot_2025-12-05_140949.png,49.29,111.43,142.85,237.71,0.8555,traffic sign,True,True,110.7,mtsd-p12
SAM 3,traffic sign,grp6_674b294f-Screenshot_2025-12-05_140949.png,E:\2. UM-Student\MSC Dissertation\Urban-Vision-Benchmark\Datasets\MTSD\Prepared\MTSD-Unaugmented\MTSD-YOLO\test\images\grp6_674b294f-Screenshot_2025-12-05_140949.png,111.19,112.2,160.45,239.7,0.5391,traffic sign,True,True,110.7,mtsd-p12
SAM 3,traffic sign,grp6_674b294f-Screenshot_2025-12-05_140949.png,E:\2. UM-Student\MSC Dissertation\Urban-Vision-Benchmark\Datasets\MTSD\Prepared\MTSD-Unaugmented\MTSD-YOLO\test\images\grp6_674b294f-Screenshot_2025-12-05_140949.png,365.79,41.91,530.32,202.14,0.5391,traffic sign,True,True,110.7,mtsd-p12
SAM 3,traffic sign,grp6_674b294f-Screenshot_2025-12-05_140949.png,E:\2. UM-Student\MSC Dissertation\Urban-Vision-Benchmark\Datasets\MTSD\Prepared\MTSD-Unaugmented\MTSD-YOLO\test\images\grp6_674b294f-Screenshot_2025-12-05_140949.png,48.39,110.57,159.8,372.08,0.3203,traffic sign,True,True,110.7,mtsd-p12
SAM 3,traffic sign,grp6_6b4047ef-IMG_6230.JPG,E:\2. UM-Student\MSC Dissertation\Urban-Vision-Benchmark\Datasets\MTSD\Prepared\MTSD-Unaugmented\MTSD-YOLO\test\images\grp6_6b4047ef-IMG_6230.JPG,,,,,,<no detections>,False,True,151.5,mtsd-p12
SAM 3,traffic sign,grp6_6f66549b-IMG_0289.JPG,E:\2. UM-Student\MSC Dissertation\Urban-Vision-Benchmark\Datasets\MTSD\Prepared\MTSD-Unaugmented\MTSD-YOLO\test\images\grp6_6f66549b-IMG_0289.JPG,,,,,,<no detections>,False,True,173.2,mtsd-p12
SAM 3,traffic sign,grp6_7608155e-Screenshot_2025-12-05_135221.png,E:\2. UM-Student\MSC Dissertation\Urban-Vision-Benchmark\Datasets\MTSD\Prepared\MTSD-Unaugmented\MTSD-YOLO\test\images\grp6_7608155e-Screenshot_2025-12-05_135221.png,250.59,61.04,316.11,126.64,0.9102,traffic sign,True,True,110.5,mtsd-p12
SAM 3,traffic sign,grp6_7608155e-Screenshot_2025-12-05_135221.png,E:\2. UM-Student\MSC Dissertation\Urban-Vision-Benchmark\Datasets\MTSD\Prepared\MTSD-Unaugmented\MTSD-YOLO\test\images\grp6_7608155e-Screenshot_2025-12-05_135221.png,46.91,44.81,134.75,150.35,0.9062,traffic sign,True,True,110.5,mtsd-p12
SAM 3,traffic sign,grp6_7608155e-Screenshot_2025-12-05_135221.png,E:\2. UM-Student\MSC Dissertation\Urban-Vision-Benchmark\Datasets\MTSD\Prepared\MTSD-Unaugmented\MTSD-YOLO\test\images\grp6_7608155e-Screenshot_2025-12-05_135221.png,135.51,90.41,156.56,116.52,0.4551,traffic sign,True,True,110.5,mtsd-p12
SAM 3,traffic sign,grp6_7608155e-Screenshot_2025-12-05_135221.png,E:\2. UM-Student\MSC Dissertation\Urban-Vision-Benchmark\Datasets\MTSD\Prepared\MTSD-Unaugmented\MTSD-YOLO\test\images\grp6_7608155e-Screenshot_2025-12-05_135221.png,46.72,44.29,135.52,499.36,0.3555,traffic sign,True,True,110.5,mtsd-p12
SAM 3,traffic sign,grp6_7a1ad0b4-IMG_0319.JPG,E:\2. UM-Student\MSC Dissertation\Urban-Vision-Benchmark\Datasets\MTSD\Prepared\MTSD-Unaugmented\MTSD-YOLO\test\images\grp6_7a1ad0b4-IMG_0319.JPG,,,,,,<no detections>,False,True,148.1,mtsd-p12
SAM 3,traffic sign,grp6_8387f659-Screenshot_2025-12-05_134458.png,E:\2. UM-Student\MSC Dissertation\Urban-Vision-Benchmark\Datasets\MTSD\Prepared\MTSD-Unaugmented\MTSD-YOLO\test\images\grp6_8387f659-Screenshot_2025-12-05_134458.png,84.03,27.38,120.59,123.08,0.8945,traffic sign,True,True,108.7,mtsd-p12
SAM 3,traffic sign,grp6_8387f659-Screenshot_2025-12-05_134458.png,E:\2. UM-Student\MSC Dissertation\Urban-Vision-Benchmark\Datasets\MTSD\Prepared\MTSD-Unaugmented\MTSD-YOLO\test\images\grp6_8387f659-Screenshot_2025-12-05_134458.png,103.38,123.94,136.76,173.81,0.6328,traffic sign,True,True,108.7,mtsd-p12
SAM 3,traffic sign,grp6_8387f659-Screenshot_2025-12-05_134458.png,E:\2. UM-Student\MSC Dissertation\Urban-Vision-Benchmark\Datasets\MTSD\Prepared\MTSD-Unaugmented\MTSD-YOLO\test\images\grp6_8387f659-Screenshot_2025-12-05_134458.png,84.67,32.09,189.87,435.48,0.3652,traffic sign,True,True,108.7,mtsd-p12
SAM 3,traffic sign,grp6_8be98e2c-IMG_6200.JPG,E:\2. UM-Student\MSC Dissertation\Urban-Vision-Benchmark\Datasets\MTSD\Prepared\MTSD-Unaugmented\MTSD-YOLO\test\images\grp6_8be98e2c-IMG_6200.JPG,1138.51,834.71,1441.58,2267.8,0.8945,traffic sign,True,True,233.2,mtsd-p12
SAM 3,traffic sign,grp6_8be98e2c-IMG_6200.JPG,E:\2. UM-Student\MSC Dissertation\Urban-Vision-Benchmark\Datasets\MTSD\Prepared\MTSD-Unaugmented\MTSD-YOLO\test\images\grp6_8be98e2c-IMG_6200.JPG,1071.75,838.99,1440.84,4032.0,0.4102,traffic sign,True,True,233.2,mtsd-p12
SAM 3,traffic sign,grp6_8be98e2c-IMG_6200.JPG,E:\2. UM-Student\MSC Dissertation\Urban-Vision-Benchmark\Datasets\MTSD\Prepared\MTSD-Unaugmented\MTSD-YOLO\test\images\grp6_8be98e2c-IMG_6200.JPG,2556.02,3768.67,2691.06,3885.37,0.3125,traffic sign,True,True,233.2,mtsd-p12
SAM 3,traffic sign,grp6_8d7bc213-IMG_0237.JPG,E:\2. UM-Student\MSC Dissertation\Urban-Vision-Benchmark\Datasets\MTSD\Prepared\MTSD-Unaugmented\MTSD-YOLO\test\images\grp6_8d7bc213-IMG_0237.JPG,881.37,1282.29,2537.69,2284.15,0.9297,traffic sign,True,True,176.0,mtsd-p12
SAM 3,traffic sign,grp6_8dee1009-IMG_6205.JPG,E:\2. UM-Student\MSC Dissertation\Urban-Vision-Benchmark\Datasets\MTSD\Prepared\MTSD-Unaugmented\MTSD-YOLO\test\images\grp6_8dee1009-IMG_6205.JPG,1046.42,1317.11,1768.56,2186.64,0.8867,traffic sign,True,True,260.5,mtsd-p12
SAM 3,traffic sign,grp6_8dee1009-IMG_6205.JPG,E:\2. UM-Student\MSC Dissertation\Urban-Vision-Benchmark\Datasets\MTSD\Prepared\MTSD-Unaugmented\MTSD-YOLO\test\images\grp6_8dee1009-IMG_6205.JPG,276.48,3378.48,615.12,3748.87,0.6445,traffic sign,True,True,260.5,mtsd-p12
SAM 3,traffic sign,grp6_8dee1009-IMG_6205.JPG,E:\2. UM-Student\MSC Dissertation\Urban-Vision-Benchmark\Datasets\MTSD\Prepared\MTSD-Unaugmented\MTSD-YOLO\test\images\grp6_8dee1009-IMG_6205.JPG,60.36,3512.21,126.81,3743.29,0.4883,traffic sign,True,True,260.5,mtsd-p12
SAM 3,traffic sign,grp6_8dee1009-IMG_6205.JPG,E:\2. UM-Student\MSC Dissertation\Urban-Vision-Benchmark\Datasets\MTSD\Prepared\MTSD-Unaugmented\MTSD-YOLO\test\images\grp6_8dee1009-IMG_6205.JPG,1041.21,2013.61,1334.76,3386.36,0.4609,traffic sign,True,True,260.5,mtsd-p12
SAM 3,traffic sign,grp6_8dee1009-IMG_6205.JPG,E:\2. UM-Student\MSC Dissertation\Urban-Vision-Benchmark\Datasets\MTSD\Prepared\MTSD-Unaugmented\MTSD-YOLO\test\images\grp6_8dee1009-IMG_6205.JPG,1041.08,1307.67,1766.48,4032.0,0.4102,traffic sign,True,True,260.5,mtsd-p12
SAM 3,traffic sign,grp6_8dee1009-IMG_6205.JPG,E:\2. UM-Student\MSC Dissertation\Urban-Vision-Benchmark\Datasets\MTSD\Prepared\MTSD-Unaugmented\MTSD-YOLO\test\images\grp6_8dee1009-IMG_6205.JPG,33.83,3513.5,131.55,4030.03,0.3984,traffic sign,True,True,260.5,mtsd-p12
SAM 3,traffic sign,grp6_92b4ef64-IMG_6151.JPG,E:\2. UM-Student\MSC Dissertation\Urban-Vision-Benchmark\Datasets\MTSD\Prepared\MTSD-Unaugmented\MTSD-YOLO\test\images\grp6_92b4ef64-IMG_6151.JPG,985.6,2524.55,2109.34,3779.45,0.9609,traffic sign,True,True,237.4,mtsd-p12
SAM 3,traffic sign,grp6_92b4ef64-IMG_6151.JPG,E:\2. UM-Student\MSC Dissertation\Urban-Vision-Benchmark\Datasets\MTSD\Prepared\MTSD-Unaugmented\MTSD-YOLO\test\images\grp6_92b4ef64-IMG_6151.JPG,833.54,1226.56,2262.97,2506.07,0.9492,traffic sign,True,True,237.4,mtsd-p12
SAM 3,traffic sign,grp6_92b4ef64-IMG_6151.JPG,E:\2. UM-Student\MSC Dissertation\Urban-Vision-Benchmark\Datasets\MTSD\Prepared\MTSD-Unaugmented\MTSD-YOLO\test\images\grp6_92b4ef64-IMG_6151.JPG,2095.76,3095.63,2325.65,3342.53,0.3633,traffic sign,True,True,237.4,mtsd-p12
SAM 3,traffic sign,grp6_98681b01-IMG_6123_2.JPG,E:\2. UM-Student\MSC Dissertation\Urban-Vision-Benchmark\Datasets\MTSD\Prepared\MTSD-Unaugmented\MTSD-YOLO\test\images\grp6_98681b01-IMG_6123_2.JPG,1135.34,231.02,2662.51,1850.87,0.8633,traffic sign,True,True,241.0,mtsd-p12
SAM 3,traffic sign,grp6_98681b01-IMG_6123_2.JPG,E:\2. UM-Student\MSC Dissertation\Urban-Vision-Benchmark\Datasets\MTSD\Prepared\MTSD-Unaugmented\MTSD-YOLO\test\images\grp6_98681b01-IMG_6123_2.JPG,2681.13,0.0,3024.0,826.86,0.7773,traffic sign,True,True,241.0,mtsd-p12
SAM 3,traffic sign,grp6_9c79fb63-Screenshot_2025-12-05_143920.png,E:\2. UM-Student\MSC Dissertation\Urban-Vision-Benchmark\Datasets\MTSD\Prepared\MTSD-Unaugmented\MTSD-YOLO\test\images\grp6_9c79fb63-Screenshot_2025-12-05_143920.png,47.57,56.12,77.88,113.13,0.8906,traffic sign,True,True,109.3,mtsd-p12
SAM 3,traffic sign,grp6_9c79fb63-Screenshot_2025-12-05_143920.png,E:\2. UM-Student\MSC Dissertation\Urban-Vision-Benchmark\Datasets\MTSD\Prepared\MTSD-Unaugmented\MTSD-YOLO\test\images\grp6_9c79fb63-Screenshot_2025-12-05_143920.png,127.98,34.21,190.01,104.25,0.582,traffic sign,True,True,109.3,mtsd-p12
SAM 3,traffic sign,grp6_9c79fb63-Screenshot_2025-12-05_143920.png,E:\2. UM-Student\MSC Dissertation\Urban-Vision-Benchmark\Datasets\MTSD\Prepared\MTSD-Unaugmented\MTSD-YOLO\test\images\grp6_9c79fb63-Screenshot_2025-12-05_143920.png,10.84,228.35,57.4,267.27,0.5586,traffic sign,True,True,109.3,mtsd-p12
SAM 3,traffic sign,grp6_9c79fb63-Screenshot_2025-12-05_143920.png,E:\2. UM-Student\MSC Dissertation\Urban-Vision-Benchmark\Datasets\MTSD\Prepared\MTSD-Unaugmented\MTSD-YOLO\test\images\grp6_9c79fb63-Screenshot_2025-12-05_143920.png,47.11,56.23,76.88,275.07,0.3848,traffic sign,True,True,109.3,mtsd-p12
SAM 3,traffic sign,grp6_9c79fb63-Screenshot_2025-12-05_143920.png,E:\2. UM-Student\MSC Dissertation\Urban-Vision-Benchmark\Datasets\MTSD\Prepared\MTSD-Unaugmented\MTSD-YOLO\test\images\grp6_9c79fb63-Screenshot_2025-12-05_143920.png,127.83,33.58,190.27,315.51,0.3359,traffic sign,True,True,109.3,mtsd-p12
SAM 3,traffic sign,grp6_9e084d7c-IMG_0221.JPG,E:\2. UM-Student\MSC Dissertation\Urban-Vision-Benchmark\Datasets\MTSD\Prepared\MTSD-Unaugmented\MTSD-YOLO\test\images\grp6_9e084d7c-IMG_0221.JPG,1536.36,1512.23,1938.05,1936.82,0.8828,traffic sign,True,True,230.0,mtsd-p12
SAM 3,traffic sign,grp6_9e084d7c-IMG_0221.JPG,E:\2. UM-Student\MSC Dissertation\Urban-Vision-Benchmark\Datasets\MTSD\Prepared\MTSD-Unaugmented\MTSD-YOLO\test\images\grp6_9e084d7c-IMG_0221.JPG,2881.14,2620.54,3024.0,2819.58,0.5664,traffic sign,True,True,230.0,mtsd-p12
SAM 3,traffic sign,grp6_9e084d7c-IMG_0221.JPG,E:\2. UM-Student\MSC Dissertation\Urban-Vision-Benchmark\Datasets\MTSD\Prepared\MTSD-Unaugmented\MTSD-YOLO\test\images\grp6_9e084d7c-IMG_0221.JPG,1530.94,1508.2,1940.97,3216.08,0.543,traffic sign,True,True,230.0,mtsd-p12
SAM 3,traffic sign,grp6_9e256948-IMG_0275.JPG,E:\2. UM-Student\MSC Dissertation\Urban-Vision-Benchmark\Datasets\MTSD\Prepared\MTSD-Unaugmented\MTSD-YOLO\test\images\grp6_9e256948-IMG_0275.JPG,1681.13,1301.77,2122.52,1884.12,0.8711,traffic sign,True,True,223.0,mtsd-p12
SAM 3,traffic sign,grp6_9e256948-IMG_0275.JPG,E:\2. UM-Student\MSC Dissertation\Urban-Vision-Benchmark\Datasets\MTSD\Prepared\MTSD-Unaugmented\MTSD-YOLO\test\images\grp6_9e256948-IMG_0275.JPG,2246.54,488.11,2650.31,1820.74,0.8008,traffic sign,True,True,223.0,mtsd-p12
SAM 3,traffic sign,grp6_9e256948-IMG_0275.JPG,E:\2. UM-Student\MSC Dissertation\Urban-Vision-Benchmark\Datasets\MTSD\Prepared\MTSD-Unaugmented\MTSD-YOLO\test\images\grp6_9e256948-IMG_0275.JPG,1366.66,857.07,1653.62,1621.73,0.7656,traffic sign,True,True,223.0,mtsd-p12
SAM 3,traffic sign,grp6_a1b61997-Screenshot_2025-12-05_133641.png,E:\2. UM-Student\MSC Dissertation\Urban-Vision-Benchmark\Datasets\MTSD\Prepared\MTSD-Unaugmented\MTSD-YOLO\test\images\grp6_a1b61997-Screenshot_2025-12-05_133641.png,147.67,48.27,249.63,219.7,0.918,traffic sign,True,True,109.5,mtsd-p12
SAM 3,traffic sign,grp6_a1b61997-Screenshot_2025-12-05_133641.png,E:\2. UM-Student\MSC Dissertation\Urban-Vision-Benchmark\Datasets\MTSD\Prepared\MTSD-Unaugmented\MTSD-YOLO\test\images\grp6_a1b61997-Screenshot_2025-12-05_133641.png,148.23,49.36,250.27,681.53,0.5195,traffic sign,True,True,109.5,mtsd-p12
SAM 3,traffic sign,grp6_a7041b20-IMG_6175.JPG,E:\2. UM-Student\MSC Dissertation\Urban-Vision-Benchmark\Datasets\MTSD\Prepared\MTSD-Unaugmented\MTSD-YOLO\test\images\grp6_a7041b20-IMG_6175.JPG,945.01,894.16,2109.94,1893.03,0.9141,traffic sign,True,True,314.9,mtsd-p12
SAM 3,traffic sign,grp6_a7041b20-IMG_6175.JPG,E:\2. UM-Student\MSC Dissertation\Urban-Vision-Benchmark\Datasets\MTSD\Prepared\MTSD-Unaugmented\MTSD-YOLO\test\images\grp6_a7041b20-IMG_6175.JPG,2870.59,3254.65,2945.12,3337.45,0.7461,traffic sign,True,True,314.9,mtsd-p12
SAM 3,traffic sign,grp6_a7041b20-IMG_6175.JPG,E:\2. UM-Student\MSC Dissertation\Urban-Vision-Benchmark\Datasets\MTSD\Prepared\MTSD-Unaugmented\MTSD-YOLO\test\images\grp6_a7041b20-IMG_6175.JPG,1098.63,3193.07,1198.8,3316.63,0.4805,traffic sign,True,True,314.9,mtsd-p12
SAM 3,traffic sign,grp6_a7041b20-IMG_6175.JPG,E:\2. UM-Student\MSC Dissertation\Urban-Vision-Benchmark\Datasets\MTSD\Prepared\MTSD-Unaugmented\MTSD-YOLO\test\images\grp6_a7041b20-IMG_6175.JPG,1110.32,3308.65,1195.37,3407.42,0.4199,traffic sign,True,True,314.9,mtsd-p12
SAM 3,traffic sign,grp6_a7041b20-IMG_6175.JPG,E:\2. UM-Student\MSC Dissertation\Urban-Vision-Benchmark\Datasets\MTSD\Prepared\MTSD-Unaugmented\MTSD-YOLO\test\images\grp6_a7041b20-IMG_6175.JPG,392.41,3021.25,568.46,3183.78,0.4023,traffic sign,True,True,314.9,mtsd-p12
SAM 3,traffic sign,grp6_a7041b20-IMG_6175.JPG,E:\2. UM-Student\MSC Dissertation\Urban-Vision-Benchmark\Datasets\MTSD\Prepared\MTSD-Unaugmented\MTSD-YOLO\test\images\grp6_a7041b20-IMG_6175.JPG,941.17,892.5,2115.59,4022.79,0.4004,traffic sign,True,True,314.9,mtsd-p12
SAM 3,traffic sign,grp6_ad8b6cea-IMG_0342.JPG,E:\2. UM-Student\MSC Dissertation\Urban-Vision-Benchmark\Datasets\MTSD\Prepared\MTSD-Unaugmented\MTSD-YOLO\test\images\grp6_ad8b6cea-IMG_0342.JPG,1475.48,316.93,3135.6,2294.59,0.8438,traffic sign,True,True,172.8,mtsd-p12
SAM 3,traffic sign,grp6_ad8b6cea-IMG_0342.JPG,E:\2. UM-Student\MSC Dissertation\Urban-Vision-Benchmark\Datasets\MTSD\Prepared\MTSD-Unaugmented\MTSD-YOLO\test\images\grp6_ad8b6cea-IMG_0342.JPG,2388.01,0.0,4032.0,2312.97,0.8398,traffic sign,True,True,172.8,mtsd-p12
SAM 3,traffic sign,grp6_b1f0ac5c-IMG_0227.JPG,E:\2. UM-Student\MSC Dissertation\Urban-Vision-Benchmark\Datasets\MTSD\Prepared\MTSD-Unaugmented\MTSD-YOLO\test\images\grp6_b1f0ac5c-IMG_0227.JPG,1034.22,692.55,2343.48,2111.2,0.9414,traffic sign,True,True,292.3,mtsd-p12
SAM 3,traffic sign,grp6_b1f0ac5c-IMG_0227.JPG,E:\2. UM-Student\MSC Dissertation\Urban-Vision-Benchmark\Datasets\MTSD\Prepared\MTSD-Unaugmented\MTSD-YOLO\test\images\grp6_b1f0ac5c-IMG_0227.JPG,2290.47,316.81,2896.38,674.21,0.9219,traffic sign,True,True,292.3,mtsd-p12
SAM 3,traffic sign,grp6_b1f0ac5c-IMG_0227.JPG,E:\2. UM-Student\MSC Dissertation\Urban-Vision-Benchmark\Datasets\MTSD\Prepared\MTSD-Unaugmented\MTSD-YOLO\test\images\grp6_b1f0ac5c-IMG_0227.JPG,2899.45,0.0,3006.48,69.86,0.8438,traffic sign,True,True,292.3,mtsd-p12
SAM 3,traffic sign,grp6_b1f0ac5c-IMG_0227.JPG,E:\2. UM-Student\MSC Dissertation\Urban-Vision-Benchmark\Datasets\MTSD\Prepared\MTSD-Unaugmented\MTSD-YOLO\test\images\grp6_b1f0ac5c-IMG_0227.JPG,1792.24,263.58,2325.66,720.22,0.6055,traffic sign,True,True,292.3,mtsd-p12
SAM 3,traffic sign,grp6_b1f0ac5c-IMG_0227.JPG,E:\2. UM-Student\MSC Dissertation\Urban-Vision-Benchmark\Datasets\MTSD\Prepared\MTSD-Unaugmented\MTSD-YOLO\test\images\grp6_b1f0ac5c-IMG_0227.JPG,2114.05,843.3,2760.73,1968.47,0.5742,traffic sign,True,True,292.3,mtsd-p12
SAM 3,traffic sign,grp6_b1f0ac5c-IMG_0227.JPG,E:\2. UM-Student\MSC Dissertation\Urban-Vision-Benchmark\Datasets\MTSD\Prepared\MTSD-Unaugmented\MTSD-YOLO\test\images\grp6_b1f0ac5c-IMG_0227.JPG,1778.9,264.59,4032.0,712.39,0.3633,traffic sign,True,True,292.3,mtsd-p12
SAM 3,traffic sign,grp6_ba6a303c-IMG_0314.JPG,E:\2. UM-Student\MSC Dissertation\Urban-Vision-Benchmark\Datasets\MTSD\Prepared\MTSD-Unaugmented\MTSD-YOLO\test\images\grp6_ba6a303c-IMG_0314.JPG,279.23,846.7,2152.76,2103.35,0.9453,traffic sign,True,True,261.9,mtsd-p12
SAM 3,traffic sign,grp6_ba6a303c-IMG_0314.JPG,E:\2. UM-Student\MSC Dissertation\Urban-Vision-Benchmark\Datasets\MTSD\Prepared\MTSD-Unaugmented\MTSD-YOLO\test\images\grp6_ba6a303c-IMG_0314.JPG,196.19,2001.67,2219.31,2717.55,0.8867,traffic sign,True,True,261.9,mtsd-p12
SAM 3,traffic sign,grp6_ba6a303c-IMG_0314.JPG,E:\2. UM-Student\MSC Dissertation\Urban-Vision-Benchmark\Datasets\MTSD\Prepared\MTSD-Unaugmented\MTSD-YOLO\test\images\grp6_ba6a303c-IMG_0314.JPG,2431.15,3483.71,2497.12,3551.4,0.8203,traffic sign,True,True,261.9,mtsd-p12
SAM 3,traffic sign,grp6_ba6a303c-IMG_0314.JPG,E:\2. UM-Student\MSC Dissertation\Urban-Vision-Benchmark\Datasets\MTSD\Prepared\MTSD-Unaugmented\MTSD-YOLO\test\images\grp6_ba6a303c-IMG_0314.JPG,2450.2,3550.79,2503.33,3605.23,0.7617,traffic sign,True,True,261.9,mtsd-p12
SAM 3,traffic sign,grp6_ba6a303c-IMG_0314.JPG,E:\2. UM-Student\MSC Dissertation\Urban-Vision-Benchmark\Datasets\MTSD\Prepared\MTSD-Unaugmented\MTSD-YOLO\test\images\grp6_ba6a303c-IMG_0314.JPG,2646.82,3558.45,2683.61,3599.76,0.707,traffic sign,True,True,261.9,mtsd-p12
SAM 3,traffic sign,grp6_ba6a303c-IMG_0314.JPG,E:\2. UM-Student\MSC Dissertation\Urban-Vision-Benchmark\Datasets\MTSD\Prepared\MTSD-Unaugmented\MTSD-YOLO\test\images\grp6_ba6a303c-IMG_0314.JPG,2490.86,3497.26,2513.21,3560.22,0.3281,traffic sign,True,True,261.9,mtsd-p12
SAM 3,traffic sign,grp6_bf61cf6e-Screenshot_2025-12-05_142746.png,E:\2. UM-Student\MSC Dissertation\Urban-Vision-Benchmark\Datasets\MTSD\Prepared\MTSD-Unaugmented\MTSD-YOLO\test\images\grp6_bf61cf6e-Screenshot_2025-12-05_142746.png,,,,,,<no detections>,False,True,108.5,mtsd-p12
SAM 3,traffic sign,grp6_c2b7f6e2-IMG_0300.JPG,E:\2. UM-Student\MSC Dissertation\Urban-Vision-Benchmark\Datasets\MTSD\Prepared\MTSD-Unaugmented\MTSD-YOLO\test\images\grp6_c2b7f6e2-IMG_0300.JPG,1209.07,563.92,2955.42,2582.06,0.8672,traffic sign,True,True,196.9,mtsd-p12
SAM 3,traffic sign,grp6_c2b7f6e2-IMG_0300.JPG,E:\2. UM-Student\MSC Dissertation\Urban-Vision-Benchmark\Datasets\MTSD\Prepared\MTSD-Unaugmented\MTSD-YOLO\test\images\grp6_c2b7f6e2-IMG_0300.JPG,2206.17,0.0,4032.0,2694.28,0.8555,traffic sign,True,True,196.9,mtsd-p12
SAM 3,traffic sign,grp6_c8db20f0-IMG_6257.JPG,E:\2. UM-Student\MSC Dissertation\Urban-Vision-Benchmark\Datasets\MTSD\Prepared\MTSD-Unaugmented\MTSD-YOLO\test\images\grp6_c8db20f0-IMG_6257.JPG,1494.25,752.1,1716.46,1856.3,0.8555,traffic sign,True,True,191.5,mtsd-p12
SAM 3,traffic sign,grp6_cebbcc7c-Screenshot_2025-12-05_141232.png,E:\2. UM-Student\MSC Dissertation\Urban-Vision-Benchmark\Datasets\MTSD\Prepared\MTSD-Unaugmented\MTSD-YOLO\test\images\grp6_cebbcc7c-Screenshot_2025-12-05_141232.png,81.89,85.47,106.92,136.47,0.9023,traffic sign,True,True,109.6,mtsd-p12
SAM 3,traffic sign,grp6_cebbcc7c-Screenshot_2025-12-05_141232.png,E:\2. UM-Student\MSC Dissertation\Urban-Vision-Benchmark\Datasets\MTSD\Prepared\MTSD-Unaugmented\MTSD-YOLO\test\images\grp6_cebbcc7c-Screenshot_2025-12-05_141232.png,77.76,20.75,113.92,86.65,0.9023,traffic sign,True,True,109.6,mtsd-p12
SAM 3,traffic sign,grp6_cebbcc7c-Screenshot_2025-12-05_141232.png,E:\2. UM-Student\MSC Dissertation\Urban-Vision-Benchmark\Datasets\MTSD\Prepared\MTSD-Unaugmented\MTSD-YOLO\test\images\grp6_cebbcc7c-Screenshot_2025-12-05_141232.png,77.95,20.47,112.77,283.79,0.3516,traffic sign,True,True,109.6,mtsd-p12
SAM 3,traffic sign,grp6_d2cebd4f-Screenshot_2025-12-05_145955.png,E:\2. UM-Student\MSC Dissertation\Urban-Vision-Benchmark\Datasets\MTSD\Prepared\MTSD-Unaugmented\MTSD-YOLO\test\images\grp6_d2cebd4f-Screenshot_2025-12-05_145955.png,68.52,35.92,165.72,119.64,0.75,traffic sign,True,True,109.3,mtsd-p12
SAM 3,traffic sign,grp6_d2cebd4f-Screenshot_2025-12-05_145955.png,E:\2. UM-Student\MSC Dissertation\Urban-Vision-Benchmark\Datasets\MTSD\Prepared\MTSD-Unaugmented\MTSD-YOLO\test\images\grp6_d2cebd4f-Screenshot_2025-12-05_145955.png,86.16,127.71,147.68,196.42,0.6836,traffic sign,True,True,109.3,mtsd-p12
SAM 3,traffic sign,grp6_d2cebd4f-Screenshot_2025-12-05_145955.png,E:\2. UM-Student\MSC Dissertation\Urban-Vision-Benchmark\Datasets\MTSD\Prepared\MTSD-Unaugmented\MTSD-YOLO\test\images\grp6_d2cebd4f-Screenshot_2025-12-05_145955.png,68.33,35.4,165.04,427.01,0.4395,traffic sign,True,True,109.3,mtsd-p12
SAM 3,traffic sign,grp6_d33c21c3-IMG_6246.JPG,E:\2. UM-Student\MSC Dissertation\Urban-Vision-Benchmark\Datasets\MTSD\Prepared\MTSD-Unaugmented\MTSD-YOLO\test\images\grp6_d33c21c3-IMG_6246.JPG,,,,,,<no detections>,False,True,161.4,mtsd-p12
SAM 3,traffic sign,grp6_e18d6d29-IMG_0313.JPG,E:\2. UM-Student\MSC Dissertation\Urban-Vision-Benchmark\Datasets\MTSD\Prepared\MTSD-Unaugmented\MTSD-YOLO\test\images\grp6_e18d6d29-IMG_0313.JPG,3413.19,2220.27,3651.76,2435.2,0.8945,traffic sign,True,True,247.5,mtsd-p12
SAM 3,traffic sign,grp6_e18d6d29-IMG_0313.JPG,E:\2. UM-Student\MSC Dissertation\Urban-Vision-Benchmark\Datasets\MTSD\Prepared\MTSD-Unaugmented\MTSD-YOLO\test\images\grp6_e18d6d29-IMG_0313.JPG,3653.51,2234.75,3786.46,2469.49,0.6406,traffic sign,True,True,247.5,mtsd-p12
SAM 3,traffic sign,grp6_e18d6d29-IMG_0313.JPG,E:\2. UM-Student\MSC Dissertation\Urban-Vision-Benchmark\Datasets\MTSD\Prepared\MTSD-Unaugmented\MTSD-YOLO\test\images\grp6_e18d6d29-IMG_0313.JPG,2317.49,1152.56,3553.65,2315.85,0.5156,traffic sign,True,True,247.5,mtsd-p12
SAM 3,traffic sign,grp6_e18d6d29-IMG_0313.JPG,E:\2. UM-Student\MSC Dissertation\Urban-Vision-Benchmark\Datasets\MTSD\Prepared\MTSD-Unaugmented\MTSD-YOLO\test\images\grp6_e18d6d29-IMG_0313.JPG,1176.53,1103.01,3556.44,2310.49,0.4512,traffic sign,True,True,247.5,mtsd-p12
SAM 3,traffic sign,grp6_e18d6d29-IMG_0313.JPG,E:\2. UM-Student\MSC Dissertation\Urban-Vision-Benchmark\Datasets\MTSD\Prepared\MTSD-Unaugmented\MTSD-YOLO\test\images\grp6_e18d6d29-IMG_0313.JPG,1170.68,1090.21,2299.99,2295.19,0.4434,traffic sign,True,True,247.5,mtsd-p12
SAM 3,traffic sign,grp6_e4194181-Screenshot_2025-12-05_124458.png,E:\2. UM-Student\MSC Dissertation\Urban-Vision-Benchmark\Datasets\MTSD\Prepared\MTSD-Unaugmented\MTSD-YOLO\test\images\grp6_e4194181-Screenshot_2025-12-05_124458.png,518.58,76.56,634.07,213.33,0.8828,traffic sign,True,True,116.8,mtsd-p12
SAM 3,traffic sign,grp6_e4194181-Screenshot_2025-12-05_124458.png,E:\2. UM-Student\MSC Dissertation\Urban-Vision-Benchmark\Datasets\MTSD\Prepared\MTSD-Unaugmented\MTSD-YOLO\test\images\grp6_e4194181-Screenshot_2025-12-05_124458.png,504.88,297.42,528.58,358.8,0.6641,traffic sign,True,True,116.8,mtsd-p12
SAM 3,traffic sign,grp6_e4194181-Screenshot_2025-12-05_124458.png,E:\2. UM-Student\MSC Dissertation\Urban-Vision-Benchmark\Datasets\MTSD\Prepared\MTSD-Unaugmented\MTSD-YOLO\test\images\grp6_e4194181-Screenshot_2025-12-05_124458.png,517.83,77.05,635.51,711.05,0.4609,traffic sign,True,True,116.8,mtsd-p12
SAM 3,traffic sign,grp6_e4194181-Screenshot_2025-12-05_124458.png,E:\2. UM-Student\MSC Dissertation\Urban-Vision-Benchmark\Datasets\MTSD\Prepared\MTSD-Unaugmented\MTSD-YOLO\test\images\grp6_e4194181-Screenshot_2025-12-05_124458.png,232.24,269.19,252.7,326.61,0.4453,traffic sign,True,True,116.8,mtsd-p12
SAM 3,traffic sign,grp6_e4194181-Screenshot_2025-12-05_124458.png,E:\2. UM-Student\MSC Dissertation\Urban-Vision-Benchmark\Datasets\MTSD\Prepared\MTSD-Unaugmented\MTSD-YOLO\test\images\grp6_e4194181-Screenshot_2025-12-05_124458.png,52.06,28.38,225.83,673.37,0.3184,traffic sign,True,True,116.8,mtsd-p12
SAM 3,traffic sign,grp6_e4766ab1-Screenshot_2025-12-05_134942.png,E:\2. UM-Student\MSC Dissertation\Urban-Vision-Benchmark\Datasets\MTSD\Prepared\MTSD-Unaugmented\MTSD-YOLO\test\images\grp6_e4766ab1-Screenshot_2025-12-05_134942.png,,,,,,<no detections>,False,True,107.5,mtsd-p12
SAM 3,traffic sign,grp6_ec035947-IMG_6142.JPG,E:\2. UM-Student\MSC Dissertation\Urban-Vision-Benchmark\Datasets\MTSD\Prepared\MTSD-Unaugmented\MTSD-YOLO\test\images\grp6_ec035947-IMG_6142.JPG,425.0,301.93,2547.18,2026.5,0.9102,traffic sign,True,True,242.8,mtsd-p12
SAM 3,traffic sign,grp6_f6200360-IMG_6254.JPG,E:\2. UM-Student\MSC Dissertation\Urban-Vision-Benchmark\Datasets\MTSD\Prepared\MTSD-Unaugmented\MTSD-YOLO\test\images\grp6_f6200360-IMG_6254.JPG,1375.49,740.26,1765.26,2200.02,0.8945,traffic sign,True,True,211.7,mtsd-p12
SAM 3,traffic sign,grp6_fb7a099a-Screenshot_2025-12-05_134245.png,E:\2. UM-Student\MSC Dissertation\Urban-Vision-Benchmark\Datasets\MTSD\Prepared\MTSD-Unaugmented\MTSD-YOLO\test\images\grp6_fb7a099a-Screenshot_2025-12-05_134245.png,,,,,,<no detections>,False,True,108.0,mtsd-p12
SAM 3,traffic sign,grp7_01ba126c-IMG_1741.jpg,E:\2. UM-Student\MSC Dissertation\Urban-Vision-Benchmark\Datasets\MTSD\Prepared\MTSD-Unaugmented\MTSD-YOLO\test\images\grp7_01ba126c-IMG_1741.jpg,925.98,96.29,3405.48,2449.37,0.8945,traffic sign,True,True,200.2,mtsd-p12
SAM 3,traffic sign,grp7_0c242d9c-IMG_1860.jpg,E:\2. UM-Student\MSC Dissertation\Urban-Vision-Benchmark\Datasets\MTSD\Prepared\MTSD-Unaugmented\MTSD-YOLO\test\images\grp7_0c242d9c-IMG_1860.jpg,,,,,,<no detections>,False,True,148.6,mtsd-p12
SAM 3,traffic sign,grp7_0c807ae1-IMG_1804.jpg,E:\2. UM-Student\MSC Dissertation\Urban-Vision-Benchmark\Datasets\MTSD\Prepared\MTSD-Unaugmented\MTSD-YOLO\test\images\grp7_0c807ae1-IMG_1804.jpg,1242.97,146.25,3397.36,2768.81,0.9219,traffic sign,True,True,165.4,mtsd-p12
SAM 3,traffic sign,grp7_0cc91b71-IMG_2114.JPG,E:\2. UM-Student\MSC Dissertation\Urban-Vision-Benchmark\Datasets\MTSD\Prepared\MTSD-Unaugmented\MTSD-YOLO\test\images\grp7_0cc91b71-IMG_2114.JPG,374.19,126.17,2991.53,2767.62,0.9297,traffic sign,True,True,212.3,mtsd-p12
SAM 3,traffic sign,grp7_0d0b2421-20251215_151900.jpg,E:\2. UM-Student\MSC Dissertation\Urban-Vision-Benchmark\Datasets\MTSD\Prepared\MTSD-Unaugmented\MTSD-YOLO\test\images\grp7_0d0b2421-20251215_151900.jpg,,,,,,<no detections>,False,True,142.4,mtsd-p12
SAM 3,traffic sign,grp7_133305c1-IMG_6701.jpeg,E:\2. UM-Student\MSC Dissertation\Urban-Vision-Benchmark\Datasets\MTSD\Prepared\MTSD-Unaugmented\MTSD-YOLO\test\images\grp7_133305c1-IMG_6701.jpeg,1106.07,1365.05,1278.11,1869.01,0.8828,traffic sign,True,True,208.9,mtsd-p12
SAM 3,traffic sign,grp7_133305c1-IMG_6701.jpeg,E:\2. UM-Student\MSC Dissertation\Urban-Vision-Benchmark\Datasets\MTSD\Prepared\MTSD-Unaugmented\MTSD-YOLO\test\images\grp7_133305c1-IMG_6701.jpeg,1102.73,1364.34,1280.74,3606.72,0.5039,traffic sign,True,True,208.9,mtsd-p12
SAM 3,traffic sign,grp7_17ffbc31-IMG_6632.jpeg,E:\2. UM-Student\MSC Dissertation\Urban-Vision-Benchmark\Datasets\MTSD\Prepared\MTSD-Unaugmented\MTSD-YOLO\test\images\grp7_17ffbc31-IMG_6632.jpeg,1330.14,940.17,1460.48,1491.65,0.8164,traffic sign,True,True,216.4,mtsd-p12
SAM 3,traffic sign,grp7_17ffbc31-IMG_6632.jpeg,E:\2. UM-Student\MSC Dissertation\Urban-Vision-Benchmark\Datasets\MTSD\Prepared\MTSD-Unaugmented\MTSD-YOLO\test\images\grp7_17ffbc31-IMG_6632.jpeg,1337.32,1445.21,1462.17,1662.6,0.6797,traffic sign,True,True,216.4,mtsd-p12
SAM 3,traffic sign,grp7_17ffbc31-IMG_6632.jpeg,E:\2. UM-Student\MSC Dissertation\Urban-Vision-Benchmark\Datasets\MTSD\Prepared\MTSD-Unaugmented\MTSD-YOLO\test\images\grp7_17ffbc31-IMG_6632.jpeg,1323.06,933.38,1466.44,3129.09,0.4395,traffic sign,True,True,216.4,mtsd-p12
SAM 3,traffic sign,grp7_18034905-IMG_6798.jpeg,E:\2. UM-Student\MSC Dissertation\Urban-Vision-Benchmark\Datasets\MTSD\Prepared\MTSD-Unaugmented\MTSD-YOLO\test\images\grp7_18034905-IMG_6798.jpeg,1296.75,1804.34,1388.63,2068.78,0.8828,traffic sign,True,True,205.7,mtsd-p12
SAM 3,traffic sign,grp7_18034905-IMG_6798.jpeg,E:\2. UM-Student\MSC Dissertation\Urban-Vision-Benchmark\Datasets\MTSD\Prepared\MTSD-Unaugmented\MTSD-YOLO\test\images\grp7_18034905-IMG_6798.jpeg,0.0,2388.27,68.84,2689.15,0.3496,traffic sign,True,True,205.7,mtsd-p12
SAM 3,traffic sign,grp7_21763d41-IMG_1815.jpg,E:\2. UM-Student\MSC Dissertation\Urban-Vision-Benchmark\Datasets\MTSD\Prepared\MTSD-Unaugmented\MTSD-YOLO\test\images\grp7_21763d41-IMG_1815.jpg,,,,,,<no detections>,False,True,157.9,mtsd-p12
SAM 3,traffic sign,grp7_27403473-IMG_2301.JPG,E:\2. UM-Student\MSC Dissertation\Urban-Vision-Benchmark\Datasets\MTSD\Prepared\MTSD-Unaugmented\MTSD-YOLO\test\images\grp7_27403473-IMG_2301.JPG,916.1,1878.93,1133.03,2754.48,0.3477,traffic sign,True,True,227.2,mtsd-p12
SAM 3,traffic sign,grp7_3199d5af-IMG_6619.jpeg,E:\2. UM-Student\MSC Dissertation\Urban-Vision-Benchmark\Datasets\MTSD\Prepared\MTSD-Unaugmented\MTSD-YOLO\test\images\grp7_3199d5af-IMG_6619.jpeg,1221.83,1336.13,1368.06,1807.67,0.8867,traffic sign,True,True,299.7,mtsd-p12
SAM 3,traffic sign,grp7_3199d5af-IMG_6619.jpeg,E:\2. UM-Student\MSC Dissertation\Urban-Vision-Benchmark\Datasets\MTSD\Prepared\MTSD-Unaugmented\MTSD-YOLO\test\images\grp7_3199d5af-IMG_6619.jpeg,392.01,2123.95,509.56,2276.28,0.8594,traffic sign,True,True,299.7,mtsd-p12
SAM 3,traffic sign,grp7_3199d5af-IMG_6619.jpeg,E:\2. UM-Student\MSC Dissertation\Urban-Vision-Benchmark\Datasets\MTSD\Prepared\MTSD-Unaugmented\MTSD-YOLO\test\images\grp7_3199d5af-IMG_6619.jpeg,1659.95,2176.89,1707.42,2239.93,0.8086,traffic sign,True,True,299.7,mtsd-p12
SAM 3,traffic sign,grp7_3199d5af-IMG_6619.jpeg,E:\2. UM-Student\MSC Dissertation\Urban-Vision-Benchmark\Datasets\MTSD\Prepared\MTSD-Unaugmented\MTSD-YOLO\test\images\grp7_3199d5af-IMG_6619.jpeg,1230.77,1755.63,1367.96,1963.95,0.7188,traffic sign,True,True,299.7,mtsd-p12
SAM 3,traffic sign,grp7_3199d5af-IMG_6619.jpeg,E:\2. UM-Student\MSC Dissertation\Urban-Vision-Benchmark\Datasets\MTSD\Prepared\MTSD-Unaugmented\MTSD-YOLO\test\images\grp7_3199d5af-IMG_6619.jpeg,2853.53,2147.77,2920.16,2217.49,0.5664,traffic sign,True,True,299.7,mtsd-p12
SAM 3,traffic sign,grp7_3199d5af-IMG_6619.jpeg,E:\2. UM-Student\MSC Dissertation\Urban-Vision-Benchmark\Datasets\MTSD\Prepared\MTSD-Unaugmented\MTSD-YOLO\test\images\grp7_3199d5af-IMG_6619.jpeg,1216.87,1336.47,1371.06,3312.75,0.4473,traffic sign,True,True,299.7,mtsd-p12
SAM 3,traffic sign,grp7_3199d5af-IMG_6619.jpeg,E:\2. UM-Student\MSC Dissertation\Urban-Vision-Benchmark\Datasets\MTSD\Prepared\MTSD-Unaugmented\MTSD-YOLO\test\images\grp7_3199d5af-IMG_6619.jpeg,3007.72,2246.87,3024.0,2284.67,0.3867,traffic sign,True,True,299.7,mtsd-p12
SAM 3,traffic sign,grp7_3199d5af-IMG_6619.jpeg,E:\2. UM-Student\MSC Dissertation\Urban-Vision-Benchmark\Datasets\MTSD\Prepared\MTSD-Unaugmented\MTSD-YOLO\test\images\grp7_3199d5af-IMG_6619.jpeg,1662.21,2171.65,1708.77,2572.54,0.3477,traffic sign,True,True,299.7,mtsd-p12
SAM 3,traffic sign,grp7_3335816b-IMG_1863.jpg,E:\2. UM-Student\MSC Dissertation\Urban-Vision-Benchmark\Datasets\MTSD\Prepared\MTSD-Unaugmented\MTSD-YOLO\test\images\grp7_3335816b-IMG_1863.jpg,0.0,1.34,1336.96,1389.79,0.8008,traffic sign,True,True,262.7,mtsd-p12
SAM 3,traffic sign,grp7_3335816b-IMG_1863.jpg,E:\2. UM-Student\MSC Dissertation\Urban-Vision-Benchmark\Datasets\MTSD\Prepared\MTSD-Unaugmented\MTSD-YOLO\test\images\grp7_3335816b-IMG_1863.jpg,1039.9,229.88,3091.51,2880.34,0.4082,traffic sign,True,True,262.7,mtsd-p12
SAM 3,traffic sign,grp7_3335816b-IMG_1863.jpg,E:\2. UM-Student\MSC Dissertation\Urban-Vision-Benchmark\Datasets\MTSD\Prepared\MTSD-Unaugmented\MTSD-YOLO\test\images\grp7_3335816b-IMG_1863.jpg,2517.22,492.01,3806.25,2464.75,0.3535,traffic sign,True,True,262.7,mtsd-p12
SAM 3,traffic sign,grp7_36174e45-IMG_6745.jpeg,E:\2. UM-Student\MSC Dissertation\Urban-Vision-Benchmark\Datasets\MTSD\Prepared\MTSD-Unaugmented\MTSD-YOLO\test\images\grp7_36174e45-IMG_6745.jpeg,,,,,,<no detections>,False,True,174.7,mtsd-p12
SAM 3,traffic sign,grp7_3acb0651-IMG_1793.jpg,E:\2. UM-Student\MSC Dissertation\Urban-Vision-Benchmark\Datasets\MTSD\Prepared\MTSD-Unaugmented\MTSD-YOLO\test\images\grp7_3acb0651-IMG_1793.jpg,,,,,,<no detections>,False,True,146.3,mtsd-p12
SAM 3,traffic sign,grp7_3dfa77dc-20251215_142747.jpg,E:\2. UM-Student\MSC Dissertation\Urban-Vision-Benchmark\Datasets\MTSD\Prepared\MTSD-Unaugmented\MTSD-YOLO\test\images\grp7_3dfa77dc-20251215_142747.jpg,686.17,1110.37,1495.27,1880.36,0.8867,traffic sign,True,True,163.2,mtsd-p12
SAM 3,traffic sign,grp7_3dfa77dc-20251215_142747.jpg,E:\2. UM-Student\MSC Dissertation\Urban-Vision-Benchmark\Datasets\MTSD\Prepared\MTSD-Unaugmented\MTSD-YOLO\test\images\grp7_3dfa77dc-20251215_142747.jpg,683.03,1105.98,1490.23,4032.0,0.6133,traffic sign,True,True,163.2,mtsd-p12
SAM 3,traffic sign,grp7_40a131c0-20251215_144819.jpg,E:\2. UM-Student\MSC Dissertation\Urban-Vision-Benchmark\Datasets\MTSD\Prepared\MTSD-Unaugmented\MTSD-YOLO\test\images\grp7_40a131c0-20251215_144819.jpg,1059.01,1220.83,1129.63,2278.24,0.7188,traffic sign,True,True,171.5,mtsd-p12
SAM 3,traffic sign,grp7_40a131c0-20251215_144819.jpg,E:\2. UM-Student\MSC Dissertation\Urban-Vision-Benchmark\Datasets\MTSD\Prepared\MTSD-Unaugmented\MTSD-YOLO\test\images\grp7_40a131c0-20251215_144819.jpg,1124.41,3620.54,1361.56,4032.0,0.6289,traffic sign,True,True,171.5,mtsd-p12
SAM 3,traffic sign,grp7_41dd064f-IMG_2332.JPG,E:\2. UM-Student\MSC Dissertation\Urban-Vision-Benchmark\Datasets\MTSD\Prepared\MTSD-Unaugmented\MTSD-YOLO\test\images\grp7_41dd064f-IMG_2332.JPG,1573.9,1343.95,1948.95,1542.45,0.6914,traffic sign,True,True,308.7,mtsd-p12
SAM 3,traffic sign,grp7_41dd064f-IMG_2332.JPG,E:\2. UM-Student\MSC Dissertation\Urban-Vision-Benchmark\Datasets\MTSD\Prepared\MTSD-Unaugmented\MTSD-YOLO\test\images\grp7_41dd064f-IMG_2332.JPG,1543.35,928.19,2019.78,1386.08,0.6562,traffic sign,True,True,308.7,mtsd-p12
SAM 3,traffic sign,grp7_41dd064f-IMG_2332.JPG,E:\2. UM-Student\MSC Dissertation\Urban-Vision-Benchmark\Datasets\MTSD\Prepared\MTSD-Unaugmented\MTSD-YOLO\test\images\grp7_41dd064f-IMG_2332.JPG,2543.3,1468.59,2628.55,1556.56,0.6211,traffic sign,True,True,308.7,mtsd-p12
SAM 3,traffic sign,grp7_41dd064f-IMG_2332.JPG,E:\2. UM-Student\MSC Dissertation\Urban-Vision-Benchmark\Datasets\MTSD\Prepared\MTSD-Unaugmented\MTSD-YOLO\test\images\grp7_41dd064f-IMG_2332.JPG,1537.54,931.3,2020.23,2812.97,0.5039,traffic sign,True,True,308.7,mtsd-p12
SAM 3,traffic sign,grp7_46129e9c-IMG_6657.jpeg,E:\2. UM-Student\MSC Dissertation\Urban-Vision-Benchmark\Datasets\MTSD\Prepared\MTSD-Unaugmented\MTSD-YOLO\test\images\grp7_46129e9c-IMG_6657.jpeg,1143.06,1309.46,1437.23,1609.32,0.8906,traffic sign,True,True,233.5,mtsd-p12
SAM 3,traffic sign,grp7_46129e9c-IMG_6657.jpeg,E:\2. UM-Student\MSC Dissertation\Urban-Vision-Benchmark\Datasets\MTSD\Prepared\MTSD-Unaugmented\MTSD-YOLO\test\images\grp7_46129e9c-IMG_6657.jpeg,940.44,1650.4,992.58,1760.99,0.4023,traffic sign,True,True,233.5,mtsd-p12
SAM 3,traffic sign,grp7_46129e9c-IMG_6657.jpeg,E:\2. UM-Student\MSC Dissertation\Urban-Vision-Benchmark\Datasets\MTSD\Prepared\MTSD-Unaugmented\MTSD-YOLO\test\images\grp7_46129e9c-IMG_6657.jpeg,1139.21,1303.79,1435.06,2591.99,0.377,traffic sign,True,True,233.5,mtsd-p12
SAM 3,traffic sign,grp7_46129e9c-IMG_6657.jpeg,E:\2. UM-Student\MSC Dissertation\Urban-Vision-Benchmark\Datasets\MTSD\Prepared\MTSD-Unaugmented\MTSD-YOLO\test\images\grp7_46129e9c-IMG_6657.jpeg,941.74,1650.62,994.27,2158.65,0.3672,traffic sign,True,True,233.5,mtsd-p12
SAM 3,traffic sign,grp7_4c22ebaa-IMG_6807.jpeg,E:\2. UM-Student\MSC Dissertation\Urban-Vision-Benchmark\Datasets\MTSD\Prepared\MTSD-Unaugmented\MTSD-YOLO\test\images\grp7_4c22ebaa-IMG_6807.jpeg,1498.32,1980.45,1929.7,2463.98,0.7109,traffic sign,True,True,229.4,mtsd-p12
SAM 3,traffic sign,grp7_4c22ebaa-IMG_6807.jpeg,E:\2. UM-Student\MSC Dissertation\Urban-Vision-Benchmark\Datasets\MTSD\Prepared\MTSD-Unaugmented\MTSD-YOLO\test\images\grp7_4c22ebaa-IMG_6807.jpeg,1072.85,2155.89,1214.7,2405.38,0.6328,traffic sign,True,True,229.4,mtsd-p12
SAM 3,traffic sign,grp7_4c22ebaa-IMG_6807.jpeg,E:\2. UM-Student\MSC Dissertation\Urban-Vision-Benchmark\Datasets\MTSD\Prepared\MTSD-Unaugmented\MTSD-YOLO\test\images\grp7_4c22ebaa-IMG_6807.jpeg,787.37,2031.47,824.45,2087.48,0.5742,traffic sign,True,True,229.4,mtsd-p12
SAM 3,traffic sign,grp7_4c22ebaa-IMG_6807.jpeg,E:\2. UM-Student\MSC Dissertation\Urban-Vision-Benchmark\Datasets\MTSD\Prepared\MTSD-Unaugmented\MTSD-YOLO\test\images\grp7_4c22ebaa-IMG_6807.jpeg,1493.08,1971.83,1931.3,3670.86,0.4922,traffic sign,True,True,229.4,mtsd-p12
SAM 3,traffic sign,grp7_4c22ebaa-IMG_6807.jpeg,E:\2. UM-Student\MSC Dissertation\Urban-Vision-Benchmark\Datasets\MTSD\Prepared\MTSD-Unaugmented\MTSD-YOLO\test\images\grp7_4c22ebaa-IMG_6807.jpeg,1075.56,2141.81,1211.95,2855.02,0.4238,traffic sign,True,True,229.4,mtsd-p12
SAM 3,traffic sign,grp7_4f01ce86-IMG_1927.jpg,E:\2. UM-Student\MSC Dissertation\Urban-Vision-Benchmark\Datasets\MTSD\Prepared\MTSD-Unaugmented\MTSD-YOLO\test\images\grp7_4f01ce86-IMG_1927.jpg,,,,,,<no detections>,False,True,146.8,mtsd-p12
SAM 3,traffic sign,grp7_50fb19de-IMG_1779.jpg,E:\2. UM-Student\MSC Dissertation\Urban-Vision-Benchmark\Datasets\MTSD\Prepared\MTSD-Unaugmented\MTSD-YOLO\test\images\grp7_50fb19de-IMG_1779.jpg,771.3,1438.71,3789.47,1737.13,0.7461,traffic sign,True,True,197.0,mtsd-p12
SAM 3,traffic sign,grp7_51efaffb-IMG_2323.JPG,E:\2. UM-Student\MSC Dissertation\Urban-Vision-Benchmark\Datasets\MTSD\Prepared\MTSD-Unaugmented\MTSD-YOLO\test\images\grp7_51efaffb-IMG_2323.JPG,1599.19,1609.87,1901.59,1948.62,0.4941,traffic sign,True,True,191.5,mtsd-p12
SAM 3,traffic sign,grp7_51efaffb-IMG_2323.JPG,E:\2. UM-Student\MSC Dissertation\Urban-Vision-Benchmark\Datasets\MTSD\Prepared\MTSD-Unaugmented\MTSD-YOLO\test\images\grp7_51efaffb-IMG_2323.JPG,1577.26,1237.44,1857.89,1569.68,0.3105,traffic sign,True,True,191.5,mtsd-p12
SAM 3,traffic sign,grp7_55fe17bd-IMG_6660.jpeg,E:\2. UM-Student\MSC Dissertation\Urban-Vision-Benchmark\Datasets\MTSD\Prepared\MTSD-Unaugmented\MTSD-YOLO\test\images\grp7_55fe17bd-IMG_6660.jpeg,1261.09,1018.7,1614.08,1408.44,0.9453,traffic sign,True,True,201.7,mtsd-p12
SAM 3,traffic sign,grp7_55fe17bd-IMG_6660.jpeg,E:\2. UM-Student\MSC Dissertation\Urban-Vision-Benchmark\Datasets\MTSD\Prepared\MTSD-Unaugmented\MTSD-YOLO\test\images\grp7_55fe17bd-IMG_6660.jpeg,2896.56,1586.54,2946.81,1669.96,0.8594,traffic sign,True,True,201.7,mtsd-p12
SAM 3,traffic sign,grp7_55fe17bd-IMG_6660.jpeg,E:\2. UM-Student\MSC Dissertation\Urban-Vision-Benchmark\Datasets\MTSD\Prepared\MTSD-Unaugmented\MTSD-YOLO\test\images\grp7_55fe17bd-IMG_6660.jpeg,2363.58,1684.57,2395.54,1740.46,0.375,traffic sign,True,True,201.7,mtsd-p12
SAM 3,traffic sign,grp7_579cc71b-IMG_1928.jpg,E:\2. UM-Student\MSC Dissertation\Urban-Vision-Benchmark\Datasets\MTSD\Prepared\MTSD-Unaugmented\MTSD-YOLO\test\images\grp7_579cc71b-IMG_1928.jpg,,,,,,<no detections>,False,True,148.1,mtsd-p12
SAM 3,traffic sign,grp7_57ce1f54-20251215_150337.jpg,E:\2. UM-Student\MSC Dissertation\Urban-Vision-Benchmark\Datasets\MTSD\Prepared\MTSD-Unaugmented\MTSD-YOLO\test\images\grp7_57ce1f54-20251215_150337.jpg,1062.4,1093.35,1270.3,2065.14,0.8867,traffic sign,True,True,153.1,mtsd-p12
SAM 3,traffic sign,grp7_57ce1f54-20251215_150337.jpg,E:\2. UM-Student\MSC Dissertation\Urban-Vision-Benchmark\Datasets\MTSD\Prepared\MTSD-Unaugmented\MTSD-YOLO\test\images\grp7_57ce1f54-20251215_150337.jpg,1060.59,1091.82,1315.07,4032.0,0.5156,traffic sign,True,True,153.1,mtsd-p12
SAM 3,traffic sign,grp7_5fe0adac-IMG_2351.JPG,E:\2. UM-Student\MSC Dissertation\Urban-Vision-Benchmark\Datasets\MTSD\Prepared\MTSD-Unaugmented\MTSD-YOLO\test\images\grp7_5fe0adac-IMG_2351.JPG,1101.45,971.72,1805.5,1779.19,0.625,traffic sign,True,True,290.1,mtsd-p12
SAM 3,traffic sign,grp7_5fe0adac-IMG_2351.JPG,E:\2. UM-Student\MSC Dissertation\Urban-Vision-Benchmark\Datasets\MTSD\Prepared\MTSD-Unaugmented\MTSD-YOLO\test\images\grp7_5fe0adac-IMG_2351.JPG,794.57,2436.42,911.46,2553.95,0.5195,traffic sign,True,True,290.1,mtsd-p12
SAM 3,traffic sign,grp7_5fe0adac-IMG_2351.JPG,E:\2. UM-Student\MSC Dissertation\Urban-Vision-Benchmark\Datasets\MTSD\Prepared\MTSD-Unaugmented\MTSD-YOLO\test\images\grp7_5fe0adac-IMG_2351.JPG,0.0,3307.85,647.31,4030.64,0.5,traffic sign,True,True,290.1,mtsd-p12
SAM 3,traffic sign,grp7_5fe0adac-IMG_2351.JPG,E:\2. UM-Student\MSC Dissertation\Urban-Vision-Benchmark\Datasets\MTSD\Prepared\MTSD-Unaugmented\MTSD-YOLO\test\images\grp7_5fe0adac-IMG_2351.JPG,398.26,2231.67,497.29,2380.2,0.4766,traffic sign,True,True,290.1,mtsd-p12
SAM 3,traffic sign,grp7_5fe0adac-IMG_2351.JPG,E:\2. UM-Student\MSC Dissertation\Urban-Vision-Benchmark\Datasets\MTSD\Prepared\MTSD-Unaugmented\MTSD-YOLO\test\images\grp7_5fe0adac-IMG_2351.JPG,1103.94,972.16,1806.76,4024.34,0.373,traffic sign,True,True,290.1,mtsd-p12
SAM 3,traffic sign,grp7_65ce4c26-IMG_1752.jpg,E:\2. UM-Student\MSC Dissertation\Urban-Vision-Benchmark\Datasets\MTSD\Prepared\MTSD-Unaugmented\MTSD-YOLO\test\images\grp7_65ce4c26-IMG_1752.jpg,,,,,,<no detections>,False,True,145.5,mtsd-p12
SAM 3,traffic sign,grp7_66312f27-IMG_1789.jpg,E:\2. UM-Student\MSC Dissertation\Urban-Vision-Benchmark\Datasets\MTSD\Prepared\MTSD-Unaugmented\MTSD-YOLO\test\images\grp7_66312f27-IMG_1789.jpg,,,,,,<no detections>,False,True,145.8,mtsd-p12
SAM 3,traffic sign,grp7_6dd51e97-IMG_6617.jpeg,E:\2. UM-Student\MSC Dissertation\Urban-Vision-Benchmark\Datasets\MTSD\Prepared\MTSD-Unaugmented\MTSD-YOLO\test\images\grp7_6dd51e97-IMG_6617.jpeg,1240.57,1487.96,1295.82,1791.68,0.75,traffic sign,True,True,190.0,mtsd-p12
SAM 3,traffic sign,grp7_6dd51e97-IMG_6617.jpeg,E:\2. UM-Student\MSC Dissertation\Urban-Vision-Benchmark\Datasets\MTSD\Prepared\MTSD-Unaugmented\MTSD-YOLO\test\images\grp7_6dd51e97-IMG_6617.jpeg,1233.75,1482.14,1300.67,2803.63,0.3926,traffic sign,True,True,190.0,mtsd-p12
SAM 3,traffic sign,grp7_70806c3a-20251206_161309.jpg,E:\2. UM-Student\MSC Dissertation\Urban-Vision-Benchmark\Datasets\MTSD\Prepared\MTSD-Unaugmented\MTSD-YOLO\test\images\grp7_70806c3a-20251206_161309.jpg,850.44,1188.59,1618.17,1906.84,0.8008,traffic sign,True,True,167.5,mtsd-p12
SAM 3,traffic sign,grp7_70806c3a-20251206_161309.jpg,E:\2. UM-Student\MSC Dissertation\Urban-Vision-Benchmark\Datasets\MTSD\Prepared\MTSD-Unaugmented\MTSD-YOLO\test\images\grp7_70806c3a-20251206_161309.jpg,847.83,1188.71,1619.19,4032.0,0.543,traffic sign,True,True,167.5,mtsd-p12
SAM 3,traffic sign,grp7_70806c3a-20251206_161309.jpg,E:\2. UM-Student\MSC Dissertation\Urban-Vision-Benchmark\Datasets\MTSD\Prepared\MTSD-Unaugmented\MTSD-YOLO\test\images\grp7_70806c3a-20251206_161309.jpg,1744.67,2259.5,1822.95,3212.99,0.3086,traffic sign,True,True,167.5,mtsd-p12
SAM 3,traffic sign,grp7_81ace7bd-IMG_1823.jpg,E:\2. UM-Student\MSC Dissertation\Urban-Vision-Benchmark\Datasets\MTSD\Prepared\MTSD-Unaugmented\MTSD-YOLO\test\images\grp7_81ace7bd-IMG_1823.jpg,1666.58,689.05,3330.87,2788.37,0.9297,traffic sign,True,True,194.8,mtsd-p12
SAM 3,traffic sign,grp7_85e21f65-IMG_1888.jpg,E:\2. UM-Student\MSC Dissertation\Urban-Vision-Benchmark\Datasets\MTSD\Prepared\MTSD-Unaugmented\MTSD-YOLO\test\images\grp7_85e21f65-IMG_1888.jpg,,,,,,<no detections>,False,True,152.4,mtsd-p12
SAM 3,traffic sign,grp7_87ab4012-IMG_1929.jpg,E:\2. UM-Student\MSC Dissertation\Urban-Vision-Benchmark\Datasets\MTSD\Prepared\MTSD-Unaugmented\MTSD-YOLO\test\images\grp7_87ab4012-IMG_1929.jpg,1839.74,142.51,3473.55,2339.91,0.9141,traffic sign,True,True,181.6,mtsd-p12
SAM 3,traffic sign,grp7_897df19a-IMG_2311.JPG,E:\2. UM-Student\MSC Dissertation\Urban-Vision-Benchmark\Datasets\MTSD\Prepared\MTSD-Unaugmented\MTSD-YOLO\test\images\grp7_897df19a-IMG_2311.JPG,359.85,1916.04,494.71,2045.17,0.8711,traffic sign,True,True,229.6,mtsd-p12
SAM 3,traffic sign,grp7_897df19a-IMG_2311.JPG,E:\2. UM-Student\MSC Dissertation\Urban-Vision-Benchmark\Datasets\MTSD\Prepared\MTSD-Unaugmented\MTSD-YOLO\test\images\grp7_897df19a-IMG_2311.JPG,2213.74,1343.37,2462.67,1756.68,0.7266,traffic sign,True,True,229.6,mtsd-p12
SAM 3,traffic sign,grp7_897df19a-IMG_2311.JPG,E:\2. UM-Student\MSC Dissertation\Urban-Vision-Benchmark\Datasets\MTSD\Prepared\MTSD-Unaugmented\MTSD-YOLO\test\images\grp7_897df19a-IMG_2311.JPG,556.16,1665.25,657.27,1794.2,0.5703,traffic sign,True,True,229.6,mtsd-p12
SAM 3,traffic sign,grp7_897df19a-IMG_2311.JPG,E:\2. UM-Student\MSC Dissertation\Urban-Vision-Benchmark\Datasets\MTSD\Prepared\MTSD-Unaugmented\MTSD-YOLO\test\images\grp7_897df19a-IMG_2311.JPG,2212.11,1338.52,2473.08,3137.06,0.4004,traffic sign,True,True,229.6,mtsd-p12
SAM 3,traffic sign,grp7_8a80058d-20251215_151420.jpg,E:\2. UM-Student\MSC Dissertation\Urban-Vision-Benchmark\Datasets\MTSD\Prepared\MTSD-Unaugmented\MTSD-YOLO\test\images\grp7_8a80058d-20251215_151420.jpg,,,,,,<no detections>,False,True,145.1,mtsd-p12
SAM 3,traffic sign,grp7_8b5130c3-IMG_1856.jpg,E:\2. UM-Student\MSC Dissertation\Urban-Vision-Benchmark\Datasets\MTSD\Prepared\MTSD-Unaugmented\MTSD-YOLO\test\images\grp7_8b5130c3-IMG_1856.jpg,,,,,,<no detections>,False,True,145.3,mtsd-p12
SAM 3,traffic sign,grp7_8c70ced7-IMG_6778.jpeg,E:\2. UM-Student\MSC Dissertation\Urban-Vision-Benchmark\Datasets\MTSD\Prepared\MTSD-Unaugmented\MTSD-YOLO\test\images\grp7_8c70ced7-IMG_6778.jpeg,1183.88,1389.36,1534.95,1746.47,0.8516,traffic sign,True,True,180.7,mtsd-p12
SAM 3,traffic sign,grp7_8c70ced7-IMG_6778.jpeg,E:\2. UM-Student\MSC Dissertation\Urban-Vision-Benchmark\Datasets\MTSD\Prepared\MTSD-Unaugmented\MTSD-YOLO\test\images\grp7_8c70ced7-IMG_6778.jpeg,1180.17,1386.36,1537.1,2958.7,0.6094,traffic sign,True,True,180.7,mtsd-p12
SAM 3,traffic sign,grp7_8e1e7992-IMG_6659.jpeg,E:\2. UM-Student\MSC Dissertation\Urban-Vision-Benchmark\Datasets\MTSD\Prepared\MTSD-Unaugmented\MTSD-YOLO\test\images\grp7_8e1e7992-IMG_6659.jpeg,1740.57,1722.27,1849.24,1866.33,0.8906,traffic sign,True,True,748.1,mtsd-p12
SAM 3,traffic sign,grp7_8e1e7992-IMG_6659.jpeg,E:\2. UM-Student\MSC Dissertation\Urban-Vision-Benchmark\Datasets\MTSD\Prepared\MTSD-Unaugmented\MTSD-YOLO\test\images\grp7_8e1e7992-IMG_6659.jpeg,1374.15,1168.61,1525.01,1637.75,0.8906,traffic sign,True,True,748.1,mtsd-p12
SAM 3,traffic sign,grp7_8e1e7992-IMG_6659.jpeg,E:\2. UM-Student\MSC Dissertation\Urban-Vision-Benchmark\Datasets\MTSD\Prepared\MTSD-Unaugmented\MTSD-YOLO\test\images\grp7_8e1e7992-IMG_6659.jpeg,2058.93,1802.19,2150.73,1894.84,0.8359,traffic sign,True,True,748.1,mtsd-p12
SAM 3,traffic sign,grp7_8e1e7992-IMG_6659.jpeg,E:\2. UM-Student\MSC Dissertation\Urban-Vision-Benchmark\Datasets\MTSD\Prepared\MTSD-Unaugmented\MTSD-YOLO\test\images\grp7_8e1e7992-IMG_6659.jpeg,2969.36,1829.26,3024.0,1930.19,0.6484,traffic sign,True,True,748.1,mtsd-p12
SAM 3,traffic sign,grp7_8e1e7992-IMG_6659.jpeg,E:\2. UM-Student\MSC Dissertation\Urban-Vision-Benchmark\Datasets\MTSD\Prepared\MTSD-Unaugmented\MTSD-YOLO\test\images\grp7_8e1e7992-IMG_6659.jpeg,1990.79,1833.76,2038.87,1892.05,0.6133,traffic sign,True,True,748.1,mtsd-p12
SAM 3,traffic sign,grp7_8e1e7992-IMG_6659.jpeg,E:\2. UM-Student\MSC Dissertation\Urban-Vision-Benchmark\Datasets\MTSD\Prepared\MTSD-Unaugmented\MTSD-YOLO\test\images\grp7_8e1e7992-IMG_6659.jpeg,1371.12,1167.88,1530.63,3201.83,0.5273,traffic sign,True,True,748.1,mtsd-p12
SAM 3,traffic sign,grp7_8e1e7992-IMG_6659.jpeg,E:\2. UM-Student\MSC Dissertation\Urban-Vision-Benchmark\Datasets\MTSD\Prepared\MTSD-Unaugmented\MTSD-YOLO\test\images\grp7_8e1e7992-IMG_6659.jpeg,601.04,1334.07,653.01,1542.25,0.5117,traffic sign,True,True,748.1,mtsd-p12
SAM 3,traffic sign,grp7_8e1e7992-IMG_6659.jpeg,E:\2. UM-Student\MSC Dissertation\Urban-Vision-Benchmark\Datasets\MTSD\Prepared\MTSD-Unaugmented\MTSD-YOLO\test\images\grp7_8e1e7992-IMG_6659.jpeg,1733.55,1727.24,1845.92,2339.22,0.4473,traffic sign,True,True,748.1,mtsd-p12
SAM 3,traffic sign,grp7_8e1e7992-IMG_6659.jpeg,E:\2. UM-Student\MSC Dissertation\Urban-Vision-Benchmark\Datasets\MTSD\Prepared\MTSD-Unaugmented\MTSD-YOLO\test\images\grp7_8e1e7992-IMG_6659.jpeg,2038.41,1852.31,2063.91,1917.35,0.3613,traffic sign,True,True,748.1,mtsd-p12
SAM 3,traffic sign,grp7_8e1e7992-IMG_6659.jpeg,E:\2. UM-Student\MSC Dissertation\Urban-Vision-Benchmark\Datasets\MTSD\Prepared\MTSD-Unaugmented\MTSD-YOLO\test\images\grp7_8e1e7992-IMG_6659.jpeg,2979.11,1833.44,3024.0,2143.99,0.3594,traffic sign,True,True,748.1,mtsd-p12
SAM 3,traffic sign,grp7_90de2b4a-IMG_6620.jpeg,E:\2. UM-Student\MSC Dissertation\Urban-Vision-Benchmark\Datasets\MTSD\Prepared\MTSD-Unaugmented\MTSD-YOLO\test\images\grp7_90de2b4a-IMG_6620.jpeg,1711.7,1639.03,1759.97,1816.59,0.7383,traffic sign,True,True,318.3,mtsd-p12
SAM 3,traffic sign,grp7_90de2b4a-IMG_6620.jpeg,E:\2. UM-Student\MSC Dissertation\Urban-Vision-Benchmark\Datasets\MTSD\Prepared\MTSD-Unaugmented\MTSD-YOLO\test\images\grp7_90de2b4a-IMG_6620.jpeg,266.72,1810.5,366.5,1932.94,0.6484,traffic sign,True,True,318.3,mtsd-p12
SAM 3,traffic sign,grp7_90de2b4a-IMG_6620.jpeg,E:\2. UM-Student\MSC Dissertation\Urban-Vision-Benchmark\Datasets\MTSD\Prepared\MTSD-Unaugmented\MTSD-YOLO\test\images\grp7_90de2b4a-IMG_6620.jpeg,1086.27,1060.76,1559.31,1665.93,0.582,traffic sign,True,True,318.3,mtsd-p12
SAM 3,traffic sign,grp7_90de2b4a-IMG_6620.jpeg,E:\2. UM-Student\MSC Dissertation\Urban-Vision-Benchmark\Datasets\MTSD\Prepared\MTSD-Unaugmented\MTSD-YOLO\test\images\grp7_90de2b4a-IMG_6620.jpeg,1082.88,1046.68,1567.08,3027.34,0.5586,traffic sign,True,True,318.3,mtsd-p12
SAM 3,traffic sign,grp7_90de2b4a-IMG_6620.jpeg,E:\2. UM-Student\MSC Dissertation\Urban-Vision-Benchmark\Datasets\MTSD\Prepared\MTSD-Unaugmented\MTSD-YOLO\test\images\grp7_90de2b4a-IMG_6620.jpeg,1084.85,1482.42,1557.47,1662.74,0.3105,traffic sign,True,True,318.3,mtsd-p12
SAM 3,traffic sign,grp7_917e5bd8-IMG_2117.JPG,E:\2. UM-Student\MSC Dissertation\Urban-Vision-Benchmark\Datasets\MTSD\Prepared\MTSD-Unaugmented\MTSD-YOLO\test\images\grp7_917e5bd8-IMG_2117.JPG,1033.55,194.48,3590.93,2748.71,0.8984,traffic sign,True,True,160.0,mtsd-p12
SAM 3,traffic sign,grp7_93d54be7-IMG_6607.jpeg,E:\2. UM-Student\MSC Dissertation\Urban-Vision-Benchmark\Datasets\MTSD\Prepared\MTSD-Unaugmented\MTSD-YOLO\test\images\grp7_93d54be7-IMG_6607.jpeg,1001.4,1215.84,1101.17,1535.42,0.8438,traffic sign,True,True,194.5,mtsd-p12
SAM 3,traffic sign,grp7_93d54be7-IMG_6607.jpeg,E:\2. UM-Student\MSC Dissertation\Urban-Vision-Benchmark\Datasets\MTSD\Prepared\MTSD-Unaugmented\MTSD-YOLO\test\images\grp7_93d54be7-IMG_6607.jpeg,1191.73,1406.87,1313.1,1605.4,0.6875,traffic sign,True,True,194.5,mtsd-p12
SAM 3,traffic sign,grp7_998eacf2-IMG_6613.jpeg,E:\2. UM-Student\MSC Dissertation\Urban-Vision-Benchmark\Datasets\MTSD\Prepared\MTSD-Unaugmented\MTSD-YOLO\test\images\grp7_998eacf2-IMG_6613.jpeg,1575.66,1329.35,1657.89,1624.74,0.7891,traffic sign,True,True,180.4,mtsd-p12
SAM 3,traffic sign,grp7_998eacf2-IMG_6613.jpeg,E:\2. UM-Student\MSC Dissertation\Urban-Vision-Benchmark\Datasets\MTSD\Prepared\MTSD-Unaugmented\MTSD-YOLO\test\images\grp7_998eacf2-IMG_6613.jpeg,1573.06,1324.77,1658.75,2581.52,0.4238,traffic sign,True,True,180.4,mtsd-p12
SAM 3,traffic sign,grp7_9ceccc7e-IMG_2183.JPG,E:\2. UM-Student\MSC Dissertation\Urban-Vision-Benchmark\Datasets\MTSD\Prepared\MTSD-Unaugmented\MTSD-YOLO\test\images\grp7_9ceccc7e-IMG_2183.JPG,160.92,699.04,1412.37,2063.68,0.4512,traffic sign,True,True,201.2,mtsd-p12
SAM 3,traffic sign,grp7_9ceccc7e-IMG_2183.JPG,E:\2. UM-Student\MSC Dissertation\Urban-Vision-Benchmark\Datasets\MTSD\Prepared\MTSD-Unaugmented\MTSD-YOLO\test\images\grp7_9ceccc7e-IMG_2183.JPG,1407.05,708.73,2772.16,2096.99,0.4141,traffic sign,True,True,201.2,mtsd-p12
SAM 3,traffic sign,grp7_9ceccc7e-IMG_2183.JPG,E:\2. UM-Student\MSC Dissertation\Urban-Vision-Benchmark\Datasets\MTSD\Prepared\MTSD-Unaugmented\MTSD-YOLO\test\images\grp7_9ceccc7e-IMG_2183.JPG,155.24,695.23,4032.0,2102.83,0.3691,traffic sign,True,True,201.2,mtsd-p12
SAM 3,traffic sign,grp7_9ceccc7e-IMG_2183.JPG,E:\2. UM-Student\MSC Dissertation\Urban-Vision-Benchmark\Datasets\MTSD\Prepared\MTSD-Unaugmented\MTSD-YOLO\test\images\grp7_9ceccc7e-IMG_2183.JPG,2772.14,1245.63,3701.97,1646.79,0.3164,traffic sign,True,True,201.2,mtsd-p12
SAM 3,traffic sign,grp7_a685cd57-IMG_2291.JPG,E:\2. UM-Student\MSC Dissertation\Urban-Vision-Benchmark\Datasets\MTSD\Prepared\MTSD-Unaugmented\MTSD-YOLO\test\images\grp7_a685cd57-IMG_2291.JPG,1680.67,1618.32,1717.06,2011.0,0.3945,traffic sign,True,True,186.7,mtsd-p12
SAM 3,traffic sign,grp7_ab2ec440-IMG_2148.JPG,E:\2. UM-Student\MSC Dissertation\Urban-Vision-Benchmark\Datasets\MTSD\Prepared\MTSD-Unaugmented\MTSD-YOLO\test\images\grp7_ab2ec440-IMG_2148.JPG,,,,,,<no detections>,False,True,163.9,mtsd-p12
SAM 3,traffic sign,grp7_b1489edd-IMG_1891.jpg,E:\2. UM-Student\MSC Dissertation\Urban-Vision-Benchmark\Datasets\MTSD\Prepared\MTSD-Unaugmented\MTSD-YOLO\test\images\grp7_b1489edd-IMG_1891.jpg,,,,,,<no detections>,False,True,148.9,mtsd-p12
SAM 3,traffic sign,grp7_b3afe886-IMG_1875.jpg,E:\2. UM-Student\MSC Dissertation\Urban-Vision-Benchmark\Datasets\MTSD\Prepared\MTSD-Unaugmented\MTSD-YOLO\test\images\grp7_b3afe886-IMG_1875.jpg,,,,,,<no detections>,False,True,150.7,mtsd-p12
SAM 3,traffic sign,grp7_b45f5f31-IMG_2274.JPG,E:\2. UM-Student\MSC Dissertation\Urban-Vision-Benchmark\Datasets\MTSD\Prepared\MTSD-Unaugmented\MTSD-YOLO\test\images\grp7_b45f5f31-IMG_2274.JPG,1046.05,1048.65,1492.87,1517.03,0.8789,traffic sign,True,True,236.9,mtsd-p12
SAM 3,traffic sign,grp7_b45f5f31-IMG_2274.JPG,E:\2. UM-Student\MSC Dissertation\Urban-Vision-Benchmark\Datasets\MTSD\Prepared\MTSD-Unaugmented\MTSD-YOLO\test\images\grp7_b45f5f31-IMG_2274.JPG,1055.53,1512.76,1502.72,1966.67,0.8516,traffic sign,True,True,236.9,mtsd-p12
SAM 3,traffic sign,grp7_b45f5f31-IMG_2274.JPG,E:\2. UM-Student\MSC Dissertation\Urban-Vision-Benchmark\Datasets\MTSD\Prepared\MTSD-Unaugmented\MTSD-YOLO\test\images\grp7_b45f5f31-IMG_2274.JPG,1043.08,1052.06,1498.0,3834.92,0.4199,traffic sign,True,True,236.9,mtsd-p12
SAM 3,traffic sign,grp7_b552bf33-20251215_150109.jpg,E:\2. UM-Student\MSC Dissertation\Urban-Vision-Benchmark\Datasets\MTSD\Prepared\MTSD-Unaugmented\MTSD-YOLO\test\images\grp7_b552bf33-20251215_150109.jpg,1014.7,1040.87,1191.42,1921.71,0.9102,traffic sign,True,True,174.8,mtsd-p12
SAM 3,traffic sign,grp7_b552bf33-20251215_150109.jpg,E:\2. UM-Student\MSC Dissertation\Urban-Vision-Benchmark\Datasets\MTSD\Prepared\MTSD-Unaugmented\MTSD-YOLO\test\images\grp7_b552bf33-20251215_150109.jpg,1015.77,1041.21,1278.91,4030.62,0.498,traffic sign,True,True,174.8,mtsd-p12
SAM 3,traffic sign,grp7_b65b2b8e-20251215_143141.jpg,E:\2. UM-Student\MSC Dissertation\Urban-Vision-Benchmark\Datasets\MTSD\Prepared\MTSD-Unaugmented\MTSD-YOLO\test\images\grp7_b65b2b8e-20251215_143141.jpg,798.46,1013.88,1637.36,1407.72,0.8516,traffic sign,True,True,183.3,mtsd-p12
SAM 3,traffic sign,grp7_b65b2b8e-20251215_143141.jpg,E:\2. UM-Student\MSC Dissertation\Urban-Vision-Benchmark\Datasets\MTSD\Prepared\MTSD-Unaugmented\MTSD-YOLO\test\images\grp7_b65b2b8e-20251215_143141.jpg,1097.19,1265.93,1287.56,2317.13,0.7891,traffic sign,True,True,183.3,mtsd-p12
SAM 3,traffic sign,grp7_b65b2b8e-20251215_143141.jpg,E:\2. UM-Student\MSC Dissertation\Urban-Vision-Benchmark\Datasets\MTSD\Prepared\MTSD-Unaugmented\MTSD-YOLO\test\images\grp7_b65b2b8e-20251215_143141.jpg,797.33,946.49,1647.6,4032.0,0.3613,traffic sign,True,True,183.3,mtsd-p12
SAM 3,traffic sign,grp7_bd29943d-IMG_1733.jpg,E:\2. UM-Student\MSC Dissertation\Urban-Vision-Benchmark\Datasets\MTSD\Prepared\MTSD-Unaugmented\MTSD-YOLO\test\images\grp7_bd29943d-IMG_1733.jpg,,,,,,<no detections>,False,True,148.9,mtsd-p12
SAM 3,traffic sign,grp7_c1a8ff54-IMG_1721.jpg,E:\2. UM-Student\MSC Dissertation\Urban-Vision-Benchmark\Datasets\MTSD\Prepared\MTSD-Unaugmented\MTSD-YOLO\test\images\grp7_c1a8ff54-IMG_1721.jpg,,,,,,<no detections>,False,True,154.2,mtsd-p12
SAM 3,traffic sign,grp7_c1d05649-IMG_2109.JPG,E:\2. UM-Student\MSC Dissertation\Urban-Vision-Benchmark\Datasets\MTSD\Prepared\MTSD-Unaugmented\MTSD-YOLO\test\images\grp7_c1d05649-IMG_2109.JPG,454.35,301.53,2817.01,2775.97,0.832,traffic sign,True,True,196.7,mtsd-p12
SAM 3,traffic sign,grp7_c1e32eff-IMG_1769.jpg,E:\2. UM-Student\MSC Dissertation\Urban-Vision-Benchmark\Datasets\MTSD\Prepared\MTSD-Unaugmented\MTSD-YOLO\test\images\grp7_c1e32eff-IMG_1769.jpg,,,,,,<no detections>,False,True,152.4,mtsd-p12
SAM 3,traffic sign,grp7_c21d51bf-IMG_6622.jpeg,E:\2. UM-Student\MSC Dissertation\Urban-Vision-Benchmark\Datasets\MTSD\Prepared\MTSD-Unaugmented\MTSD-YOLO\test\images\grp7_c21d51bf-IMG_6622.jpeg,1797.44,1772.61,1848.55,1833.86,0.8164,traffic sign,True,True,311.2,mtsd-p12
SAM 3,traffic sign,grp7_c21d51bf-IMG_6622.jpeg,E:\2. UM-Student\MSC Dissertation\Urban-Vision-Benchmark\Datasets\MTSD\Prepared\MTSD-Unaugmented\MTSD-YOLO\test\images\grp7_c21d51bf-IMG_6622.jpeg,1015.77,1732.24,1066.79,1791.47,0.7773,traffic sign,True,True,311.2,mtsd-p12
SAM 3,traffic sign,grp7_c21d51bf-IMG_6622.jpeg,E:\2. UM-Student\MSC Dissertation\Urban-Vision-Benchmark\Datasets\MTSD\Prepared\MTSD-Unaugmented\MTSD-YOLO\test\images\grp7_c21d51bf-IMG_6622.jpeg,1089.78,1748.16,1130.3,1800.76,0.6953,traffic sign,True,True,311.2,mtsd-p12
SAM 3,traffic sign,grp7_c21d51bf-IMG_6622.jpeg,E:\2. UM-Student\MSC Dissertation\Urban-Vision-Benchmark\Datasets\MTSD\Prepared\MTSD-Unaugmented\MTSD-YOLO\test\images\grp7_c21d51bf-IMG_6622.jpeg,1213.24,939.02,1705.57,1562.2,0.6758,traffic sign,True,True,311.2,mtsd-p12
SAM 3,traffic sign,grp7_c21d51bf-IMG_6622.jpeg,E:\2. UM-Student\MSC Dissertation\Urban-Vision-Benchmark\Datasets\MTSD\Prepared\MTSD-Unaugmented\MTSD-YOLO\test\images\grp7_c21d51bf-IMG_6622.jpeg,1362.88,1771.88,1385.13,1796.64,0.5664,traffic sign,True,True,311.2,mtsd-p12
SAM 3,traffic sign,grp7_c21d51bf-IMG_6622.jpeg,E:\2. UM-Student\MSC Dissertation\Urban-Vision-Benchmark\Datasets\MTSD\Prepared\MTSD-Unaugmented\MTSD-YOLO\test\images\grp7_c21d51bf-IMG_6622.jpeg,1208.7,941.6,1709.67,2806.91,0.5625,traffic sign,True,True,311.2,mtsd-p12
SAM 3,traffic sign,grp7_c21d51bf-IMG_6622.jpeg,E:\2. UM-Student\MSC Dissertation\Urban-Vision-Benchmark\Datasets\MTSD\Prepared\MTSD-Unaugmented\MTSD-YOLO\test\images\grp7_c21d51bf-IMG_6622.jpeg,725.16,1704.38,799.12,1735.59,0.3535,traffic sign,True,True,311.2,mtsd-p12
SAM 3,traffic sign,grp7_c3ab6f98-IMG_2186.JPG,E:\2. UM-Student\MSC Dissertation\Urban-Vision-Benchmark\Datasets\MTSD\Prepared\MTSD-Unaugmented\MTSD-YOLO\test\images\grp7_c3ab6f98-IMG_2186.JPG,609.52,104.48,3231.92,2869.74,0.7695,traffic sign,True,True,212.3,mtsd-p12
SAM 3,traffic sign,grp7_cddeeb7f-IMG_6636.jpeg,E:\2. UM-Student\MSC Dissertation\Urban-Vision-Benchmark\Datasets\MTSD\Prepared\MTSD-Unaugmented\MTSD-YOLO\test\images\grp7_cddeeb7f-IMG_6636.jpeg,1252.46,1409.66,1427.77,1590.05,0.8945,traffic sign,True,True,245.2,mtsd-p12
SAM 3,traffic sign,grp7_cddeeb7f-IMG_6636.jpeg,E:\2. UM-Student\MSC Dissertation\Urban-Vision-Benchmark\Datasets\MTSD\Prepared\MTSD-Unaugmented\MTSD-YOLO\test\images\grp7_cddeeb7f-IMG_6636.jpeg,1245.93,1855.25,1308.53,1919.85,0.8242,traffic sign,True,True,245.2,mtsd-p12
SAM 3,traffic sign,grp7_cddeeb7f-IMG_6636.jpeg,E:\2. UM-Student\MSC Dissertation\Urban-Vision-Benchmark\Datasets\MTSD\Prepared\MTSD-Unaugmented\MTSD-YOLO\test\images\grp7_cddeeb7f-IMG_6636.jpeg,1936.82,1896.01,1973.25,1965.04,0.3066,traffic sign,True,True,245.2,mtsd-p12
SAM 3,traffic sign,grp7_d36e330f-20251215_150902.jpg,E:\2. UM-Student\MSC Dissertation\Urban-Vision-Benchmark\Datasets\MTSD\Prepared\MTSD-Unaugmented\MTSD-YOLO\test\images\grp7_d36e330f-20251215_150902.jpg,738.89,1080.21,1660.71,1936.47,0.8984,traffic sign,True,True,166.5,mtsd-p12
SAM 3,traffic sign,grp7_d36e330f-20251215_150902.jpg,E:\2. UM-Student\MSC Dissertation\Urban-Vision-Benchmark\Datasets\MTSD\Prepared\MTSD-Unaugmented\MTSD-YOLO\test\images\grp7_d36e330f-20251215_150902.jpg,736.13,1071.44,1664.94,4025.62,0.3438,traffic sign,True,True,166.5,mtsd-p12
SAM 3,traffic sign,grp7_d5464bd2-IMG_6729.jpeg,E:\2. UM-Student\MSC Dissertation\Urban-Vision-Benchmark\Datasets\MTSD\Prepared\MTSD-Unaugmented\MTSD-YOLO\test\images\grp7_d5464bd2-IMG_6729.jpeg,1651.41,1422.8,1884.44,2018.01,0.8945,traffic sign,True,True,685.0,mtsd-p12
SAM 3,traffic sign,grp7_d5464bd2-IMG_6729.jpeg,E:\2. UM-Student\MSC Dissertation\Urban-Vision-Benchmark\Datasets\MTSD\Prepared\MTSD-Unaugmented\MTSD-YOLO\test\images\grp7_d5464bd2-IMG_6729.jpeg,2640.98,2136.67,2692.54,2191.41,0.5703,traffic sign,True,True,685.0,mtsd-p12
SAM 3,traffic sign,grp7_d5464bd2-IMG_6729.jpeg,E:\2. UM-Student\MSC Dissertation\Urban-Vision-Benchmark\Datasets\MTSD\Prepared\MTSD-Unaugmented\MTSD-YOLO\test\images\grp7_d5464bd2-IMG_6729.jpeg,2636.84,2090.05,2689.22,2144.97,0.5625,traffic sign,True,True,685.0,mtsd-p12
SAM 3,traffic sign,grp7_d5464bd2-IMG_6729.jpeg,E:\2. UM-Student\MSC Dissertation\Urban-Vision-Benchmark\Datasets\MTSD\Prepared\MTSD-Unaugmented\MTSD-YOLO\test\images\grp7_d5464bd2-IMG_6729.jpeg,1650.11,1418.35,1895.73,4021.7,0.5508,traffic sign,True,True,685.0,mtsd-p12
SAM 3,traffic sign,grp7_d5464bd2-IMG_6729.jpeg,E:\2. UM-Student\MSC Dissertation\Urban-Vision-Benchmark\Datasets\MTSD\Prepared\MTSD-Unaugmented\MTSD-YOLO\test\images\grp7_d5464bd2-IMG_6729.jpeg,2890.75,2124.02,2932.16,2175.18,0.4609,traffic sign,True,True,685.0,mtsd-p12
SAM 3,traffic sign,grp7_d5464bd2-IMG_6729.jpeg,E:\2. UM-Student\MSC Dissertation\Urban-Vision-Benchmark\Datasets\MTSD\Prepared\MTSD-Unaugmented\MTSD-YOLO\test\images\grp7_d5464bd2-IMG_6729.jpeg,56.08,2200.79,219.61,2434.75,0.4531,traffic sign,True,True,685.0,mtsd-p12
SAM 3,traffic sign,grp7_d5464bd2-IMG_6729.jpeg,E:\2. UM-Student\MSC Dissertation\Urban-Vision-Benchmark\Datasets\MTSD\Prepared\MTSD-Unaugmented\MTSD-YOLO\test\images\grp7_d5464bd2-IMG_6729.jpeg,2359.0,2132.66,2431.04,2178.69,0.4141,traffic sign,True,True,685.0,mtsd-p12
SAM 3,traffic sign,grp7_d7ded33c-IMG_6742.jpeg,E:\2. UM-Student\MSC Dissertation\Urban-Vision-Benchmark\Datasets\MTSD\Prepared\MTSD-Unaugmented\MTSD-YOLO\test\images\grp7_d7ded33c-IMG_6742.jpeg,1853.2,2059.62,1907.68,2123.21,0.8008,traffic sign,True,True,676.0,mtsd-p12
SAM 3,traffic sign,grp7_d7ded33c-IMG_6742.jpeg,E:\2. UM-Student\MSC Dissertation\Urban-Vision-Benchmark\Datasets\MTSD\Prepared\MTSD-Unaugmented\MTSD-YOLO\test\images\grp7_d7ded33c-IMG_6742.jpeg,1868.73,2119.21,1897.14,2178.23,0.7344,traffic sign,True,True,676.0,mtsd-p12
SAM 3,traffic sign,grp7_d7ded33c-IMG_6742.jpeg,E:\2. UM-Student\MSC Dissertation\Urban-Vision-Benchmark\Datasets\MTSD\Prepared\MTSD-Unaugmented\MTSD-YOLO\test\images\grp7_d7ded33c-IMG_6742.jpeg,1447.57,2134.45,1476.92,2200.32,0.7031,traffic sign,True,True,676.0,mtsd-p12
SAM 3,traffic sign,grp7_d7ded33c-IMG_6742.jpeg,E:\2. UM-Student\MSC Dissertation\Urban-Vision-Benchmark\Datasets\MTSD\Prepared\MTSD-Unaugmented\MTSD-YOLO\test\images\grp7_d7ded33c-IMG_6742.jpeg,1239.72,1442.37,1637.26,1850.97,0.5273,traffic sign,True,True,676.0,mtsd-p12
SAM 3,traffic sign,grp7_d7ded33c-IMG_6742.jpeg,E:\2. UM-Student\MSC Dissertation\Urban-Vision-Benchmark\Datasets\MTSD\Prepared\MTSD-Unaugmented\MTSD-YOLO\test\images\grp7_d7ded33c-IMG_6742.jpeg,1220.61,1830.09,1601.46,2101.55,0.5117,traffic sign,True,True,676.0,mtsd-p12
SAM 3,traffic sign,grp7_d7ded33c-IMG_6742.jpeg,E:\2. UM-Student\MSC Dissertation\Urban-Vision-Benchmark\Datasets\MTSD\Prepared\MTSD-Unaugmented\MTSD-YOLO\test\images\grp7_d7ded33c-IMG_6742.jpeg,1985.32,2132.21,2020.88,2168.53,0.4922,traffic sign,True,True,676.0,mtsd-p12
SAM 3,traffic sign,grp7_d7ded33c-IMG_6742.jpeg,E:\2. UM-Student\MSC Dissertation\Urban-Vision-Benchmark\Datasets\MTSD\Prepared\MTSD-Unaugmented\MTSD-YOLO\test\images\grp7_d7ded33c-IMG_6742.jpeg,1977.41,2112.28,2006.11,2149.73,0.4355,traffic sign,True,True,676.0,mtsd-p12
SAM 3,traffic sign,grp7_d7ded33c-IMG_6742.jpeg,E:\2. UM-Student\MSC Dissertation\Urban-Vision-Benchmark\Datasets\MTSD\Prepared\MTSD-Unaugmented\MTSD-YOLO\test\images\grp7_d7ded33c-IMG_6742.jpeg,2937.43,2022.89,2962.07,2094.68,0.4355,traffic sign,True,True,676.0,mtsd-p12
SAM 3,traffic sign,grp7_d7ded33c-IMG_6742.jpeg,E:\2. UM-Student\MSC Dissertation\Urban-Vision-Benchmark\Datasets\MTSD\Prepared\MTSD-Unaugmented\MTSD-YOLO\test\images\grp7_d7ded33c-IMG_6742.jpeg,1222.61,1436.84,1634.93,3339.58,0.3633,traffic sign,True,True,676.0,mtsd-p12
SAM 3,traffic sign,grp7_d7ded33c-IMG_6742.jpeg,E:\2. UM-Student\MSC Dissertation\Urban-Vision-Benchmark\Datasets\MTSD\Prepared\MTSD-Unaugmented\MTSD-YOLO\test\images\grp7_d7ded33c-IMG_6742.jpeg,2399.61,2104.75,2431.88,2157.05,0.334,traffic sign,True,True,676.0,mtsd-p12
SAM 3,traffic sign,grp7_db87303d-20251215_144613.jpg,E:\2. UM-Student\MSC Dissertation\Urban-Vision-Benchmark\Datasets\MTSD\Prepared\MTSD-Unaugmented\MTSD-YOLO\test\images\grp7_db87303d-20251215_144613.jpg,1084.75,728.75,1244.69,2036.77,0.7617,traffic sign,True,True,172.5,mtsd-p12
SAM 3,traffic sign,grp7_db87303d-20251215_144613.jpg,E:\2. UM-Student\MSC Dissertation\Urban-Vision-Benchmark\Datasets\MTSD\Prepared\MTSD-Unaugmented\MTSD-YOLO\test\images\grp7_db87303d-20251215_144613.jpg,1183.67,2121.42,1644.01,3188.72,0.6172,traffic sign,True,True,172.5,mtsd-p12
SAM 3,traffic sign,grp7_dfd0a665-IMG_2360.JPG,E:\2. UM-Student\MSC Dissertation\Urban-Vision-Benchmark\Datasets\MTSD\Prepared\MTSD-Unaugmented\MTSD-YOLO\test\images\grp7_dfd0a665-IMG_2360.JPG,536.79,2223.98,571.82,2264.2,0.416,traffic sign,True,True,211.0,mtsd-p12
SAM 3,traffic sign,grp7_e16f743b-IMG_1838.jpg,E:\2. UM-Student\MSC Dissertation\Urban-Vision-Benchmark\Datasets\MTSD\Prepared\MTSD-Unaugmented\MTSD-YOLO\test\images\grp7_e16f743b-IMG_1838.jpg,906.37,1455.62,3642.78,1793.36,0.5781,traffic sign,True,True,202.7,mtsd-p12
SAM 3,traffic sign,grp7_ef1c0521-IMG_1930.jpg,E:\2. UM-Student\MSC Dissertation\Urban-Vision-Benchmark\Datasets\MTSD\Prepared\MTSD-Unaugmented\MTSD-YOLO\test\images\grp7_ef1c0521-IMG_1930.jpg,,,,,,<no detections>,False,True,150.1,mtsd-p12
SAM 3,traffic sign,grp7_ef873d66-20251215_143818.jpg,E:\2. UM-Student\MSC Dissertation\Urban-Vision-Benchmark\Datasets\MTSD\Prepared\MTSD-Unaugmented\MTSD-YOLO\test\images\grp7_ef873d66-20251215_143818.jpg,945.31,1170.7,1150.57,1967.93,0.9297,traffic sign,True,True,199.6,mtsd-p12
SAM 3,traffic sign,grp7_ef873d66-20251215_143818.jpg,E:\2. UM-Student\MSC Dissertation\Urban-Vision-Benchmark\Datasets\MTSD\Prepared\MTSD-Unaugmented\MTSD-YOLO\test\images\grp7_ef873d66-20251215_143818.jpg,1597.55,2269.28,1971.24,2638.31,0.8398,traffic sign,True,True,199.6,mtsd-p12
SAM 3,traffic sign,grp7_ef873d66-20251215_143818.jpg,E:\2. UM-Student\MSC Dissertation\Urban-Vision-Benchmark\Datasets\MTSD\Prepared\MTSD-Unaugmented\MTSD-YOLO\test\images\grp7_ef873d66-20251215_143818.jpg,1793.48,2628.41,1879.42,2856.45,0.5625,traffic sign,True,True,199.6,mtsd-p12
SAM 3,traffic sign,grp7_ef873d66-20251215_143818.jpg,E:\2. UM-Student\MSC Dissertation\Urban-Vision-Benchmark\Datasets\MTSD\Prepared\MTSD-Unaugmented\MTSD-YOLO\test\images\grp7_ef873d66-20251215_143818.jpg,1600.69,2296.6,2004.29,4032.0,0.416,traffic sign,True,True,199.6,mtsd-p12
SAM 3,traffic sign,grp7_f5c11235-IMG_2319.JPG,E:\2. UM-Student\MSC Dissertation\Urban-Vision-Benchmark\Datasets\MTSD\Prepared\MTSD-Unaugmented\MTSD-YOLO\test\images\grp7_f5c11235-IMG_2319.JPG,1536.11,770.17,1803.94,887.55,0.9062,traffic sign,True,True,268.5,mtsd-p12
SAM 3,traffic sign,grp7_f5c11235-IMG_2319.JPG,E:\2. UM-Student\MSC Dissertation\Urban-Vision-Benchmark\Datasets\MTSD\Prepared\MTSD-Unaugmented\MTSD-YOLO\test\images\grp7_f5c11235-IMG_2319.JPG,2049.13,2742.66,2182.1,2788.95,0.8086,traffic sign,True,True,268.5,mtsd-p12
SAM 3,traffic sign,grp7_f5c11235-IMG_2319.JPG,E:\2. UM-Student\MSC Dissertation\Urban-Vision-Benchmark\Datasets\MTSD\Prepared\MTSD-Unaugmented\MTSD-YOLO\test\images\grp7_f5c11235-IMG_2319.JPG,1911.24,2733.97,2024.06,2773.43,0.5742,traffic sign,True,True,268.5,mtsd-p12
SAM 3,traffic sign,grp7_f5c11235-IMG_2319.JPG,E:\2. UM-Student\MSC Dissertation\Urban-Vision-Benchmark\Datasets\MTSD\Prepared\MTSD-Unaugmented\MTSD-YOLO\test\images\grp7_f5c11235-IMG_2319.JPG,2265.39,1331.43,2383.45,1440.0,0.4688,traffic sign,True,True,268.5,mtsd-p12
SAM 3,traffic sign,grp7_f6c47dc2-IMG_2182.JPG,E:\2. UM-Student\MSC Dissertation\Urban-Vision-Benchmark\Datasets\MTSD\Prepared\MTSD-Unaugmented\MTSD-YOLO\test\images\grp7_f6c47dc2-IMG_2182.JPG,1526.21,1487.56,2857.63,1733.38,0.6133,traffic sign,True,True,246.3,mtsd-p12
SAM 3,traffic sign,grp7_f6c47dc2-IMG_2182.JPG,E:\2. UM-Student\MSC Dissertation\Urban-Vision-Benchmark\Datasets\MTSD\Prepared\MTSD-Unaugmented\MTSD-YOLO\test\images\grp7_f6c47dc2-IMG_2182.JPG,132.36,1548.81,1584.74,1700.07,0.5469,traffic sign,True,True,246.3,mtsd-p12
SAM 3,traffic sign,grp7_f6c47dc2-IMG_2182.JPG,E:\2. UM-Student\MSC Dissertation\Urban-Vision-Benchmark\Datasets\MTSD\Prepared\MTSD-Unaugmented\MTSD-YOLO\test\images\grp7_f6c47dc2-IMG_2182.JPG,2843.98,1420.96,3793.85,1546.87,0.4102,traffic sign,True,True,246.3,mtsd-p12
SAM 3,traffic sign,grp7_f6c47dc2-IMG_2182.JPG,E:\2. UM-Student\MSC Dissertation\Urban-Vision-Benchmark\Datasets\MTSD\Prepared\MTSD-Unaugmented\MTSD-YOLO\test\images\grp7_f6c47dc2-IMG_2182.JPG,3845.24,24.46,3957.66,104.98,0.3105,traffic sign,True,True,246.3,mtsd-p12
SAM 3,traffic sign,grp7_f74b48d8-IMG_1768.jpg,E:\2. UM-Student\MSC Dissertation\Urban-Vision-Benchmark\Datasets\MTSD\Prepared\MTSD-Unaugmented\MTSD-YOLO\test\images\grp7_f74b48d8-IMG_1768.jpg,1529.1,0.0,3656.9,2840.16,0.7695,traffic sign,True,True,176.3,mtsd-p12
SAM 3,traffic sign,grp7_f7f0f5bb-IMG_6628.jpeg,E:\2. UM-Student\MSC Dissertation\Urban-Vision-Benchmark\Datasets\MTSD\Prepared\MTSD-Unaugmented\MTSD-YOLO\test\images\grp7_f7f0f5bb-IMG_6628.jpeg,1235.71,1076.13,1710.22,1594.4,0.7891,traffic sign,True,True,195.6,mtsd-p12
SAM 3,traffic sign,grp7_fb3a590f-IMG_6793.jpeg,E:\2. UM-Student\MSC Dissertation\Urban-Vision-Benchmark\Datasets\MTSD\Prepared\MTSD-Unaugmented\MTSD-YOLO\test\images\grp7_fb3a590f-IMG_6793.jpeg,1282.98,1553.78,1654.43,1925.73,0.9023,traffic sign,True,True,245.1,mtsd-p12
SAM 3,traffic sign,grp7_fb3a590f-IMG_6793.jpeg,E:\2. UM-Student\MSC Dissertation\Urban-Vision-Benchmark\Datasets\MTSD\Prepared\MTSD-Unaugmented\MTSD-YOLO\test\images\grp7_fb3a590f-IMG_6793.jpeg,2274.24,2156.63,2328.35,2275.08,0.8398,traffic sign,True,True,245.1,mtsd-p12
SAM 3,traffic sign,grp7_fb3a590f-IMG_6793.jpeg,E:\2. UM-Student\MSC Dissertation\Urban-Vision-Benchmark\Datasets\MTSD\Prepared\MTSD-Unaugmented\MTSD-YOLO\test\images\grp7_fb3a590f-IMG_6793.jpeg,1030.88,1930.32,1126.08,2051.57,0.7344,traffic sign,True,True,245.1,mtsd-p12
SAM 3,traffic sign,grp7_fb3a590f-IMG_6793.jpeg,E:\2. UM-Student\MSC Dissertation\Urban-Vision-Benchmark\Datasets\MTSD\Prepared\MTSD-Unaugmented\MTSD-YOLO\test\images\grp7_fb3a590f-IMG_6793.jpeg,1281.66,1547.73,1655.79,3177.23,0.4668,traffic sign,True,True,245.1,mtsd-p12
SAM 3,traffic sign,grp7_fb3a590f-IMG_6793.jpeg,E:\2. UM-Student\MSC Dissertation\Urban-Vision-Benchmark\Datasets\MTSD\Prepared\MTSD-Unaugmented\MTSD-YOLO\test\images\grp7_fb3a590f-IMG_6793.jpeg,1007.26,1926.69,1127.12,2666.04,0.3242,traffic sign,True,True,245.1,mtsd-p12
SAM 3,traffic sign,grp7_ffcca6e4-IMG_6603.jpeg,E:\2. UM-Student\MSC Dissertation\Urban-Vision-Benchmark\Datasets\MTSD\Prepared\MTSD-Unaugmented\MTSD-YOLO\test\images\grp7_ffcca6e4-IMG_6603.jpeg,1422.18,1841.79,1738.45,2177.35,0.8555,traffic sign,True,True,181.2,mtsd-p12
SAM 3,traffic sign,grp7_ffcca6e4-IMG_6603.jpeg,E:\2. UM-Student\MSC Dissertation\Urban-Vision-Benchmark\Datasets\MTSD\Prepared\MTSD-Unaugmented\MTSD-YOLO\test\images\grp7_ffcca6e4-IMG_6603.jpeg,1417.11,1836.06,1736.18,3072.17,0.457,traffic sign,True,True,181.2,mtsd-p12
SAM 3,traffic sign,grp8_04258956-back.jpg,E:\2. UM-Student\MSC Dissertation\Urban-Vision-Benchmark\Datasets\MTSD\Prepared\MTSD-Unaugmented\MTSD-YOLO\test\images\grp8_04258956-back.jpg,1507.55,880.87,2322.19,1602.58,0.7344,traffic sign,True,True,232.6,mtsd-p12
SAM 3,traffic sign,grp8_04258956-back.jpg,E:\2. UM-Student\MSC Dissertation\Urban-Vision-Benchmark\Datasets\MTSD\Prepared\MTSD-Unaugmented\MTSD-YOLO\test\images\grp8_04258956-back.jpg,1715.08,1387.81,2013.94,2134.21,0.6836,traffic sign,True,True,232.6,mtsd-p12
SAM 3,traffic sign,grp8_04258956-back.jpg,E:\2. UM-Student\MSC Dissertation\Urban-Vision-Benchmark\Datasets\MTSD\Prepared\MTSD-Unaugmented\MTSD-YOLO\test\images\grp8_04258956-back.jpg,1513.18,890.99,2321.74,3024.0,0.4316,traffic sign,True,True,232.6,mtsd-p12
SAM 3,traffic sign,grp8_0487e0f7-front.jpg,E:\2. UM-Student\MSC Dissertation\Urban-Vision-Benchmark\Datasets\MTSD\Prepared\MTSD-Unaugmented\MTSD-YOLO\test\images\grp8_0487e0f7-front.jpg,1409.49,696.89,2531.28,1765.3,0.8516,traffic sign,True,True,187.1,mtsd-p12
SAM 3,traffic sign,grp8_0487e0f7-front.jpg,E:\2. UM-Student\MSC Dissertation\Urban-Vision-Benchmark\Datasets\MTSD\Prepared\MTSD-Unaugmented\MTSD-YOLO\test\images\grp8_0487e0f7-front.jpg,1411.16,695.69,2530.41,3024.0,0.3223,traffic sign,True,True,187.1,mtsd-p12
SAM 3,traffic sign,grp8_06980edd-front.jpg,E:\2. UM-Student\MSC Dissertation\Urban-Vision-Benchmark\Datasets\MTSD\Prepared\MTSD-Unaugmented\MTSD-YOLO\test\images\grp8_06980edd-front.jpg,1336.11,895.52,2604.26,2094.62,0.9453,traffic sign,True,True,604.5,mtsd-p12
SAM 3,traffic sign,grp8_06980edd-front.jpg,E:\2. UM-Student\MSC Dissertation\Urban-Vision-Benchmark\Datasets\MTSD\Prepared\MTSD-Unaugmented\MTSD-YOLO\test\images\grp8_06980edd-front.jpg,1376.38,0.75,2632.84,885.99,0.9336,traffic sign,True,True,604.5,mtsd-p12
SAM 3,traffic sign,grp8_06980edd-front.jpg,E:\2. UM-Student\MSC Dissertation\Urban-Vision-Benchmark\Datasets\MTSD\Prepared\MTSD-Unaugmented\MTSD-YOLO\test\images\grp8_06980edd-front.jpg,1721.45,2537.17,1798.21,2618.6,0.8477,traffic sign,True,True,604.5,mtsd-p12
SAM 3,traffic sign,grp8_06980edd-front.jpg,E:\2. UM-Student\MSC Dissertation\Urban-Vision-Benchmark\Datasets\MTSD\Prepared\MTSD-Unaugmented\MTSD-YOLO\test\images\grp8_06980edd-front.jpg,2779.54,2513.5,2860.29,2595.16,0.8438,traffic sign,True,True,604.5,mtsd-p12
SAM 3,traffic sign,grp8_06980edd-front.jpg,E:\2. UM-Student\MSC Dissertation\Urban-Vision-Benchmark\Datasets\MTSD\Prepared\MTSD-Unaugmented\MTSD-YOLO\test\images\grp8_06980edd-front.jpg,2336.22,2611.07,2378.64,2662.76,0.7891,traffic sign,True,True,604.5,mtsd-p12
SAM 3,traffic sign,grp8_06980edd-front.jpg,E:\2. UM-Student\MSC Dissertation\Urban-Vision-Benchmark\Datasets\MTSD\Prepared\MTSD-Unaugmented\MTSD-YOLO\test\images\grp8_06980edd-front.jpg,3160.22,2738.06,3243.05,2904.65,0.75,traffic sign,True,True,604.5,mtsd-p12
SAM 3,traffic sign,grp8_06980edd-front.jpg,E:\2. UM-Student\MSC Dissertation\Urban-Vision-Benchmark\Datasets\MTSD\Prepared\MTSD-Unaugmented\MTSD-YOLO\test\images\grp8_06980edd-front.jpg,3279.51,2504.39,3364.66,2588.49,0.7422,traffic sign,True,True,604.5,mtsd-p12
SAM 3,traffic sign,grp8_06980edd-front.jpg,E:\2. UM-Student\MSC Dissertation\Urban-Vision-Benchmark\Datasets\MTSD\Prepared\MTSD-Unaugmented\MTSD-YOLO\test\images\grp8_06980edd-front.jpg,2094.75,2588.2,2134.93,2630.96,0.7344,traffic sign,True,True,604.5,mtsd-p12
SAM 3,traffic sign,grp8_06980edd-front.jpg,E:\2. UM-Student\MSC Dissertation\Urban-Vision-Benchmark\Datasets\MTSD\Prepared\MTSD-Unaugmented\MTSD-YOLO\test\images\grp8_06980edd-front.jpg,3746.59,2511.3,3791.44,2589.18,0.7148,traffic sign,True,True,604.5,mtsd-p12
SAM 3,traffic sign,grp8_06980edd-front.jpg,E:\2. UM-Student\MSC Dissertation\Urban-Vision-Benchmark\Datasets\MTSD\Prepared\MTSD-Unaugmented\MTSD-YOLO\test\images\grp8_06980edd-front.jpg,2552.1,2626.54,2585.31,2666.79,0.7031,traffic sign,True,True,604.5,mtsd-p12
SAM 3,traffic sign,grp8_06980edd-front.jpg,E:\2. UM-Student\MSC Dissertation\Urban-Vision-Benchmark\Datasets\MTSD\Prepared\MTSD-Unaugmented\MTSD-YOLO\test\images\grp8_06980edd-front.jpg,3245.99,2395.45,3342.93,2495.49,0.6836,traffic sign,True,True,604.5,mtsd-p12
SAM 3,traffic sign,grp8_06980edd-front.jpg,E:\2. UM-Student\MSC Dissertation\Urban-Vision-Benchmark\Datasets\MTSD\Prepared\MTSD-Unaugmented\MTSD-YOLO\test\images\grp8_06980edd-front.jpg,2096.86,2624.17,2137.08,2657.32,0.6797,traffic sign,True,True,604.5,mtsd-p12
SAM 3,traffic sign,grp8_06980edd-front.jpg,E:\2. UM-Student\MSC Dissertation\Urban-Vision-Benchmark\Datasets\MTSD\Prepared\MTSD-Unaugmented\MTSD-YOLO\test\images\grp8_06980edd-front.jpg,2667.47,2536.66,2741.99,2615.63,0.6172,traffic sign,True,True,604.5,mtsd-p12
SAM 3,traffic sign,grp8_06980edd-front.jpg,E:\2. UM-Student\MSC Dissertation\Urban-Vision-Benchmark\Datasets\MTSD\Prepared\MTSD-Unaugmented\MTSD-YOLO\test\images\grp8_06980edd-front.jpg,3719.33,2422.44,3775.9,2498.38,0.5273,traffic sign,True,True,604.5,mtsd-p12
SAM 3,traffic sign,grp8_06980edd-front.jpg,E:\2. UM-Student\MSC Dissertation\Urban-Vision-Benchmark\Datasets\MTSD\Prepared\MTSD-Unaugmented\MTSD-YOLO\test\images\grp8_06980edd-front.jpg,2821.62,2601.5,2852.4,2648.69,0.3848,traffic sign,True,True,604.5,mtsd-p12
SAM 3,traffic sign,grp8_0ce3445a-front.jpg,E:\2. UM-Student\MSC Dissertation\Urban-Vision-Benchmark\Datasets\MTSD\Prepared\MTSD-Unaugmented\MTSD-YOLO\test\images\grp8_0ce3445a-front.jpg,,,,,,<no detections>,False,True,167.6,mtsd-p12
SAM 3,traffic sign,grp8_0d18b07a-IMG_0224.JPG,E:\2. UM-Student\MSC Dissertation\Urban-Vision-Benchmark\Datasets\MTSD\Prepared\MTSD-Unaugmented\MTSD-YOLO\test\images\grp8_0d18b07a-IMG_0224.JPG,1272.74,1928.48,4000.16,2958.86,0.5898,traffic sign,True,True,239.9,mtsd-p12
SAM 3,traffic sign,grp8_1023d97f-front.jpg,E:\2. UM-Student\MSC Dissertation\Urban-Vision-Benchmark\Datasets\MTSD\Prepared\MTSD-Unaugmented\MTSD-YOLO\test\images\grp8_1023d97f-front.jpg,1176.09,909.53,2750.62,2410.69,0.9727,traffic sign,True,True,325.0,mtsd-p12
SAM 3,traffic sign,grp8_1023d97f-front.jpg,E:\2. UM-Student\MSC Dissertation\Urban-Vision-Benchmark\Datasets\MTSD\Prepared\MTSD-Unaugmented\MTSD-YOLO\test\images\grp8_1023d97f-front.jpg,1495.79,0.0,2650.59,915.54,0.9492,traffic sign,True,True,325.0,mtsd-p12
SAM 3,traffic sign,grp8_1023d97f-front.jpg,E:\2. UM-Student\MSC Dissertation\Urban-Vision-Benchmark\Datasets\MTSD\Prepared\MTSD-Unaugmented\MTSD-YOLO\test\images\grp8_1023d97f-front.jpg,2756.9,2909.77,2840.25,2996.24,0.8555,traffic sign,True,True,325.0,mtsd-p12
SAM 3,traffic sign,grp8_1023d97f-front.jpg,E:\2. UM-Student\MSC Dissertation\Urban-Vision-Benchmark\Datasets\MTSD\Prepared\MTSD-Unaugmented\MTSD-YOLO\test\images\grp8_1023d97f-front.jpg,3792.78,2936.11,3838.42,3003.71,0.7969,traffic sign,True,True,325.0,mtsd-p12
SAM 3,traffic sign,grp8_1023d97f-front.jpg,E:\2. UM-Student\MSC Dissertation\Urban-Vision-Benchmark\Datasets\MTSD\Prepared\MTSD-Unaugmented\MTSD-YOLO\test\images\grp8_1023d97f-front.jpg,3766.16,2859.17,3825.76,2937.39,0.7695,traffic sign,True,True,325.0,mtsd-p12
SAM 3,traffic sign,grp8_1023d97f-front.jpg,E:\2. UM-Student\MSC Dissertation\Urban-Vision-Benchmark\Datasets\MTSD\Prepared\MTSD-Unaugmented\MTSD-YOLO\test\images\grp8_1023d97f-front.jpg,3024.81,2940.15,3094.37,3024.0,0.4785,traffic sign,True,True,325.0,mtsd-p12
SAM 3,traffic sign,grp8_1023d97f-front.jpg,E:\2. UM-Student\MSC Dissertation\Urban-Vision-Benchmark\Datasets\MTSD\Prepared\MTSD-Unaugmented\MTSD-YOLO\test\images\grp8_1023d97f-front.jpg,3003.36,2829.02,3081.49,2928.11,0.4102,traffic sign,True,True,325.0,mtsd-p12
SAM 3,traffic sign,grp8_1023d97f-front.jpg,E:\2. UM-Student\MSC Dissertation\Urban-Vision-Benchmark\Datasets\MTSD\Prepared\MTSD-Unaugmented\MTSD-YOLO\test\images\grp8_1023d97f-front.jpg,3005.25,2828.9,3090.61,3020.17,0.4062,traffic sign,True,True,325.0,mtsd-p12
SAM 3,traffic sign,grp8_14aaa44c-IMG_0211.JPG,E:\2. UM-Student\MSC Dissertation\Urban-Vision-Benchmark\Datasets\MTSD\Prepared\MTSD-Unaugmented\MTSD-YOLO\test\images\grp8_14aaa44c-IMG_0211.JPG,1750.55,1049.06,3478.79,3074.91,0.9102,traffic sign,True,True,323.7,mtsd-p12
SAM 3,traffic sign,grp8_15b9a2f4-Back.jpg,E:\2. UM-Student\MSC Dissertation\Urban-Vision-Benchmark\Datasets\MTSD\Prepared\MTSD-Unaugmented\MTSD-YOLO\test\images\grp8_15b9a2f4-Back.jpg,561.49,663.1,1725.06,1875.09,0.8398,traffic sign,True,True,290.3,mtsd-p12
SAM 3,traffic sign,grp8_15b9a2f4-Back.jpg,E:\2. UM-Student\MSC Dissertation\Urban-Vision-Benchmark\Datasets\MTSD\Prepared\MTSD-Unaugmented\MTSD-YOLO\test\images\grp8_15b9a2f4-Back.jpg,1756.12,1897.06,1776.16,1928.09,0.6094,traffic sign,True,True,290.3,mtsd-p12
SAM 3,traffic sign,grp8_15b9a2f4-Back.jpg,E:\2. UM-Student\MSC Dissertation\Urban-Vision-Benchmark\Datasets\MTSD\Prepared\MTSD-Unaugmented\MTSD-YOLO\test\images\grp8_15b9a2f4-Back.jpg,776.62,1986.56,852.13,2039.44,0.582,traffic sign,True,True,290.3,mtsd-p12
SAM 3,traffic sign,grp8_15b9a2f4-Back.jpg,E:\2. UM-Student\MSC Dissertation\Urban-Vision-Benchmark\Datasets\MTSD\Prepared\MTSD-Unaugmented\MTSD-YOLO\test\images\grp8_15b9a2f4-Back.jpg,1794.33,1876.85,1821.89,1907.0,0.4746,traffic sign,True,True,290.3,mtsd-p12
SAM 3,traffic sign,grp8_15b9a2f4-Back.jpg,E:\2. UM-Student\MSC Dissertation\Urban-Vision-Benchmark\Datasets\MTSD\Prepared\MTSD-Unaugmented\MTSD-YOLO\test\images\grp8_15b9a2f4-Back.jpg,1699.48,1902.48,1715.99,1935.8,0.4531,traffic sign,True,True,290.3,mtsd-p12
SAM 3,traffic sign,grp8_15b9a2f4-Back.jpg,E:\2. UM-Student\MSC Dissertation\Urban-Vision-Benchmark\Datasets\MTSD\Prepared\MTSD-Unaugmented\MTSD-YOLO\test\images\grp8_15b9a2f4-Back.jpg,562.04,594.15,1730.22,4096.0,0.4102,traffic sign,True,True,290.3,mtsd-p12
SAM 3,traffic sign,grp8_15b9a2f4-Back.jpg,E:\2. UM-Student\MSC Dissertation\Urban-Vision-Benchmark\Datasets\MTSD\Prepared\MTSD-Unaugmented\MTSD-YOLO\test\images\grp8_15b9a2f4-Back.jpg,1441.3,1914.27,1478.55,1945.95,0.3457,traffic sign,True,True,290.3,mtsd-p12
SAM 3,traffic sign,grp8_1b5dcc93-back.jpg,E:\2. UM-Student\MSC Dissertation\Urban-Vision-Benchmark\Datasets\MTSD\Prepared\MTSD-Unaugmented\MTSD-YOLO\test\images\grp8_1b5dcc93-back.jpg,576.17,816.68,1676.09,1659.73,0.8164,traffic sign,True,True,220.1,mtsd-p12
SAM 3,traffic sign,grp8_1b5dcc93-back.jpg,E:\2. UM-Student\MSC Dissertation\Urban-Vision-Benchmark\Datasets\MTSD\Prepared\MTSD-Unaugmented\MTSD-YOLO\test\images\grp8_1b5dcc93-back.jpg,572.96,1684.91,1536.13,2577.67,0.8086,traffic sign,True,True,220.1,mtsd-p12
SAM 3,traffic sign,grp8_1b5dcc93-back.jpg,E:\2. UM-Student\MSC Dissertation\Urban-Vision-Benchmark\Datasets\MTSD\Prepared\MTSD-Unaugmented\MTSD-YOLO\test\images\grp8_1b5dcc93-back.jpg,689.74,2820.82,1433.99,3128.06,0.7461,traffic sign,True,True,220.1,mtsd-p12
SAM 3,traffic sign,grp8_1b5dcc93-back.jpg,E:\2. UM-Student\MSC Dissertation\Urban-Vision-Benchmark\Datasets\MTSD\Prepared\MTSD-Unaugmented\MTSD-YOLO\test\images\grp8_1b5dcc93-back.jpg,1690.56,3182.47,1716.75,3209.89,0.5273,traffic sign,True,True,220.1,mtsd-p12
SAM 3,traffic sign,grp8_1b5dcc93-back.jpg,E:\2. UM-Student\MSC Dissertation\Urban-Vision-Benchmark\Datasets\MTSD\Prepared\MTSD-Unaugmented\MTSD-YOLO\test\images\grp8_1b5dcc93-back.jpg,575.63,813.84,1673.92,4096.0,0.4863,traffic sign,True,True,220.1,mtsd-p12
SAM 3,traffic sign,grp8_1e3225cd-IMG_0085.jpg,E:\2. UM-Student\MSC Dissertation\Urban-Vision-Benchmark\Datasets\MTSD\Prepared\MTSD-Unaugmented\MTSD-YOLO\test\images\grp8_1e3225cd-IMG_0085.jpg,1276.0,917.01,2246.04,2795.61,0.9062,traffic sign,True,True,251.5,mtsd-p12
SAM 3,traffic sign,grp8_244bea95-back.jpg,E:\2. UM-Student\MSC Dissertation\Urban-Vision-Benchmark\Datasets\MTSD\Prepared\MTSD-Unaugmented\MTSD-YOLO\test\images\grp8_244bea95-back.jpg,1666.72,727.25,2694.56,1786.55,0.4492,traffic sign,True,True,188.3,mtsd-p12
SAM 3,traffic sign,grp8_2aed70e2-front.jpg,E:\2. UM-Student\MSC Dissertation\Urban-Vision-Benchmark\Datasets\MTSD\Prepared\MTSD-Unaugmented\MTSD-YOLO\test\images\grp8_2aed70e2-front.jpg,395.45,825.47,1856.8,1883.48,0.8789,traffic sign,True,True,181.8,mtsd-p12
SAM 3,traffic sign,grp8_2aed70e2-front.jpg,E:\2. UM-Student\MSC Dissertation\Urban-Vision-Benchmark\Datasets\MTSD\Prepared\MTSD-Unaugmented\MTSD-YOLO\test\images\grp8_2aed70e2-front.jpg,13.73,2272.58,1872.84,3057.88,0.8281,traffic sign,True,True,181.8,mtsd-p12
SAM 3,traffic sign,grp8_2d237c79-side.jpg,E:\2. UM-Student\MSC Dissertation\Urban-Vision-Benchmark\Datasets\MTSD\Prepared\MTSD-Unaugmented\MTSD-YOLO\test\images\grp8_2d237c79-side.jpg,1903.44,955.63,2134.6,1846.87,0.8555,traffic sign,True,True,280.1,mtsd-p12
SAM 3,traffic sign,grp8_2d237c79-side.jpg,E:\2. UM-Student\MSC Dissertation\Urban-Vision-Benchmark\Datasets\MTSD\Prepared\MTSD-Unaugmented\MTSD-YOLO\test\images\grp8_2d237c79-side.jpg,1821.8,2036.05,2504.35,2444.93,0.7383,traffic sign,True,True,280.1,mtsd-p12
SAM 3,traffic sign,grp8_2d237c79-side.jpg,E:\2. UM-Student\MSC Dissertation\Urban-Vision-Benchmark\Datasets\MTSD\Prepared\MTSD-Unaugmented\MTSD-YOLO\test\images\grp8_2d237c79-side.jpg,3039.52,2074.44,3245.28,2724.55,0.5469,traffic sign,True,True,280.1,mtsd-p12
SAM 3,traffic sign,grp8_2d237c79-side.jpg,E:\2. UM-Student\MSC Dissertation\Urban-Vision-Benchmark\Datasets\MTSD\Prepared\MTSD-Unaugmented\MTSD-YOLO\test\images\grp8_2d237c79-side.jpg,1892.05,957.65,2250.49,3019.38,0.3262,traffic sign,True,True,280.1,mtsd-p12
SAM 3,traffic sign,grp8_2d73c181-back.jpg,E:\2. UM-Student\MSC Dissertation\Urban-Vision-Benchmark\Datasets\MTSD\Prepared\MTSD-Unaugmented\MTSD-YOLO\test\images\grp8_2d73c181-back.jpg,1456.1,828.39,2382.04,1833.77,0.3633,traffic sign,True,True,169.1,mtsd-p12
SAM 3,traffic sign,grp8_2e0ed656-front.jpg,E:\2. UM-Student\MSC Dissertation\Urban-Vision-Benchmark\Datasets\MTSD\Prepared\MTSD-Unaugmented\MTSD-YOLO\test\images\grp8_2e0ed656-front.jpg,1304.76,852.05,2670.7,2064.98,0.8594,traffic sign,True,True,199.4,mtsd-p12
SAM 3,traffic sign,grp8_2e0ed656-front.jpg,E:\2. UM-Student\MSC Dissertation\Urban-Vision-Benchmark\Datasets\MTSD\Prepared\MTSD-Unaugmented\MTSD-YOLO\test\images\grp8_2e0ed656-front.jpg,1217.52,1949.96,2555.69,3024.0,0.7227,traffic sign,True,True,199.4,mtsd-p12
SAM 3,traffic sign,grp8_3799bcb2-side.jpg,E:\2. UM-Student\MSC Dissertation\Urban-Vision-Benchmark\Datasets\MTSD\Prepared\MTSD-Unaugmented\MTSD-YOLO\test\images\grp8_3799bcb2-side.jpg,676.55,1349.68,1169.91,2347.8,0.9531,traffic sign,True,True,280.8,mtsd-p12
SAM 3,traffic sign,grp8_3799bcb2-side.jpg,E:\2. UM-Student\MSC Dissertation\Urban-Vision-Benchmark\Datasets\MTSD\Prepared\MTSD-Unaugmented\MTSD-YOLO\test\images\grp8_3799bcb2-side.jpg,1124.85,2562.73,1405.24,2775.81,0.9062,traffic sign,True,True,280.8,mtsd-p12
SAM 3,traffic sign,grp8_3799bcb2-side.jpg,E:\2. UM-Student\MSC Dissertation\Urban-Vision-Benchmark\Datasets\MTSD\Prepared\MTSD-Unaugmented\MTSD-YOLO\test\images\grp8_3799bcb2-side.jpg,120.13,2858.03,231.24,3007.75,0.8945,traffic sign,True,True,280.8,mtsd-p12
SAM 3,traffic sign,grp8_3799bcb2-side.jpg,E:\2. UM-Student\MSC Dissertation\Urban-Vision-Benchmark\Datasets\MTSD\Prepared\MTSD-Unaugmented\MTSD-YOLO\test\images\grp8_3799bcb2-side.jpg,202.96,3051.94,236.98,3155.79,0.6641,traffic sign,True,True,280.8,mtsd-p12
SAM 3,traffic sign,grp8_3799bcb2-side.jpg,E:\2. UM-Student\MSC Dissertation\Urban-Vision-Benchmark\Datasets\MTSD\Prepared\MTSD-Unaugmented\MTSD-YOLO\test\images\grp8_3799bcb2-side.jpg,1072.95,3086.37,1157.52,3174.93,0.3477,traffic sign,True,True,280.8,mtsd-p12
SAM 3,traffic sign,grp8_3ab29317-front.jpg,E:\2. UM-Student\MSC Dissertation\Urban-Vision-Benchmark\Datasets\MTSD\Prepared\MTSD-Unaugmented\MTSD-YOLO\test\images\grp8_3ab29317-front.jpg,657.25,1356.29,1672.47,2439.67,0.8438,traffic sign,True,True,172.8,mtsd-p12
SAM 3,traffic sign,grp8_3ab29317-front.jpg,E:\2. UM-Student\MSC Dissertation\Urban-Vision-Benchmark\Datasets\MTSD\Prepared\MTSD-Unaugmented\MTSD-YOLO\test\images\grp8_3ab29317-front.jpg,655.06,1349.45,1672.92,4096.0,0.416,traffic sign,True,True,172.8,mtsd-p12
SAM 3,traffic sign,grp8_3b4e798b-front.jpg,E:\2. UM-Student\MSC Dissertation\Urban-Vision-Benchmark\Datasets\MTSD\Prepared\MTSD-Unaugmented\MTSD-YOLO\test\images\grp8_3b4e798b-front.jpg,999.27,1710.05,1794.16,2579.34,0.9375,traffic sign,True,True,217.0,mtsd-p12
SAM 3,traffic sign,grp8_3b4e798b-front.jpg,E:\2. UM-Student\MSC Dissertation\Urban-Vision-Benchmark\Datasets\MTSD\Prepared\MTSD-Unaugmented\MTSD-YOLO\test\images\grp8_3b4e798b-front.jpg,1835.48,3518.53,1907.54,3603.06,0.8359,traffic sign,True,True,217.0,mtsd-p12
SAM 3,traffic sign,grp8_3b4e798b-front.jpg,E:\2. UM-Student\MSC Dissertation\Urban-Vision-Benchmark\Datasets\MTSD\Prepared\MTSD-Unaugmented\MTSD-YOLO\test\images\grp8_3b4e798b-front.jpg,1858.27,3621.02,1884.12,3710.9,0.5547,traffic sign,True,True,217.0,mtsd-p12
SAM 3,traffic sign,grp8_3b4e798b-front.jpg,E:\2. UM-Student\MSC Dissertation\Urban-Vision-Benchmark\Datasets\MTSD\Prepared\MTSD-Unaugmented\MTSD-YOLO\test\images\grp8_3b4e798b-front.jpg,371.67,3442.59,473.94,3559.85,0.5312,traffic sign,True,True,217.0,mtsd-p12
SAM 3,traffic sign,grp8_3b4e798b-front.jpg,E:\2. UM-Student\MSC Dissertation\Urban-Vision-Benchmark\Datasets\MTSD\Prepared\MTSD-Unaugmented\MTSD-YOLO\test\images\grp8_3b4e798b-front.jpg,584.53,3606.67,661.67,3688.14,0.4902,traffic sign,True,True,217.0,mtsd-p12
SAM 3,traffic sign,grp8_3e16c892-IMG_0188.JPG,E:\2. UM-Student\MSC Dissertation\Urban-Vision-Benchmark\Datasets\MTSD\Prepared\MTSD-Unaugmented\MTSD-YOLO\test\images\grp8_3e16c892-IMG_0188.JPG,,,,,,<no detections>,False,True,215.0,mtsd-p12
SAM 3,traffic sign,grp8_41de0558-Side.jpg,E:\2. UM-Student\MSC Dissertation\Urban-Vision-Benchmark\Datasets\MTSD\Prepared\MTSD-Unaugmented\MTSD-YOLO\test\images\grp8_41de0558-Side.jpg,,,,,,<no detections>,False,True,147.9,mtsd-p12
SAM 3,traffic sign,grp8_4682619f-back.jpg,E:\2. UM-Student\MSC Dissertation\Urban-Vision-Benchmark\Datasets\MTSD\Prepared\MTSD-Unaugmented\MTSD-YOLO\test\images\grp8_4682619f-back.jpg,1436.47,753.4,2661.64,1846.95,0.7344,traffic sign,True,True,641.6,mtsd-p12
SAM 3,traffic sign,grp8_4682619f-back.jpg,E:\2. UM-Student\MSC Dissertation\Urban-Vision-Benchmark\Datasets\MTSD\Prepared\MTSD-Unaugmented\MTSD-YOLO\test\images\grp8_4682619f-back.jpg,2929.19,2891.16,3018.51,2978.97,0.7227,traffic sign,True,True,641.6,mtsd-p12
SAM 3,traffic sign,grp8_4682619f-back.jpg,E:\2. UM-Student\MSC Dissertation\Urban-Vision-Benchmark\Datasets\MTSD\Prepared\MTSD-Unaugmented\MTSD-YOLO\test\images\grp8_4682619f-back.jpg,2905.95,2777.57,3012.94,2880.96,0.7031,traffic sign,True,True,641.6,mtsd-p12
SAM 3,traffic sign,grp8_4682619f-back.jpg,E:\2. UM-Student\MSC Dissertation\Urban-Vision-Benchmark\Datasets\MTSD\Prepared\MTSD-Unaugmented\MTSD-YOLO\test\images\grp8_4682619f-back.jpg,2212.81,2798.02,2278.45,2873.61,0.6797,traffic sign,True,True,641.6,mtsd-p12
SAM 3,traffic sign,grp8_4682619f-back.jpg,E:\2. UM-Student\MSC Dissertation\Urban-Vision-Benchmark\Datasets\MTSD\Prepared\MTSD-Unaugmented\MTSD-YOLO\test\images\grp8_4682619f-back.jpg,2222.09,2885.84,2278.35,2952.63,0.6641,traffic sign,True,True,641.6,mtsd-p12
SAM 3,traffic sign,grp8_4682619f-back.jpg,E:\2. UM-Student\MSC Dissertation\Urban-Vision-Benchmark\Datasets\MTSD\Prepared\MTSD-Unaugmented\MTSD-YOLO\test\images\grp8_4682619f-back.jpg,2123.28,2866.33,2170.87,2929.44,0.6523,traffic sign,True,True,641.6,mtsd-p12
SAM 3,traffic sign,grp8_4682619f-back.jpg,E:\2. UM-Student\MSC Dissertation\Urban-Vision-Benchmark\Datasets\MTSD\Prepared\MTSD-Unaugmented\MTSD-YOLO\test\images\grp8_4682619f-back.jpg,3134.44,2868.47,3184.91,2966.35,0.4453,traffic sign,True,True,641.6,mtsd-p12
SAM 3,traffic sign,grp8_4682619f-back.jpg,E:\2. UM-Student\MSC Dissertation\Urban-Vision-Benchmark\Datasets\MTSD\Prepared\MTSD-Unaugmented\MTSD-YOLO\test\images\grp8_4682619f-back.jpg,1755.08,59.71,2271.11,553.51,0.4102,traffic sign,True,True,641.6,mtsd-p12
SAM 3,traffic sign,grp8_4682619f-back.jpg,E:\2. UM-Student\MSC Dissertation\Urban-Vision-Benchmark\Datasets\MTSD\Prepared\MTSD-Unaugmented\MTSD-YOLO\test\images\grp8_4682619f-back.jpg,1077.71,2912.92,1109.14,3021.84,0.3262,traffic sign,True,True,641.6,mtsd-p12
SAM 3,traffic sign,grp8_4682619f-back.jpg,E:\2. UM-Student\MSC Dissertation\Urban-Vision-Benchmark\Datasets\MTSD\Prepared\MTSD-Unaugmented\MTSD-YOLO\test\images\grp8_4682619f-back.jpg,3137.76,2842.29,3170.8,2880.5,0.3203,traffic sign,True,True,641.6,mtsd-p12
SAM 3,traffic sign,grp8_4802289d-side.jpg,E:\2. UM-Student\MSC Dissertation\Urban-Vision-Benchmark\Datasets\MTSD\Prepared\MTSD-Unaugmented\MTSD-YOLO\test\images\grp8_4802289d-side.jpg,1322.22,1388.38,1651.26,2584.21,0.8906,traffic sign,True,True,214.2,mtsd-p12
SAM 3,traffic sign,grp8_4802289d-side.jpg,E:\2. UM-Student\MSC Dissertation\Urban-Vision-Benchmark\Datasets\MTSD\Prepared\MTSD-Unaugmented\MTSD-YOLO\test\images\grp8_4802289d-side.jpg,2971.57,3155.41,3000.0,3274.89,0.3008,traffic sign,True,True,214.2,mtsd-p12
SAM 3,traffic sign,grp8_4c496fb4-side.jpg,E:\2. UM-Student\MSC Dissertation\Urban-Vision-Benchmark\Datasets\MTSD\Prepared\MTSD-Unaugmented\MTSD-YOLO\test\images\grp8_4c496fb4-side.jpg,728.77,1274.59,973.1,2294.55,0.9297,traffic sign,True,True,201.1,mtsd-p12
SAM 3,traffic sign,grp8_4fe75feb-IMG_0243.JPG,E:\2. UM-Student\MSC Dissertation\Urban-Vision-Benchmark\Datasets\MTSD\Prepared\MTSD-Unaugmented\MTSD-YOLO\test\images\grp8_4fe75feb-IMG_0243.JPG,4919.01,3793.4,5188.3,4068.49,0.8828,traffic sign,True,True,715.7,mtsd-p12
SAM 3,traffic sign,grp8_4fe75feb-IMG_0243.JPG,E:\2. UM-Student\MSC Dissertation\Urban-Vision-Benchmark\Datasets\MTSD\Prepared\MTSD-Unaugmented\MTSD-YOLO\test\images\grp8_4fe75feb-IMG_0243.JPG,5203.64,3860.7,5434.45,4086.2,0.8789,traffic sign,True,True,715.7,mtsd-p12
SAM 3,traffic sign,grp8_4fe75feb-IMG_0243.JPG,E:\2. UM-Student\MSC Dissertation\Urban-Vision-Benchmark\Datasets\MTSD\Prepared\MTSD-Unaugmented\MTSD-YOLO\test\images\grp8_4fe75feb-IMG_0243.JPG,5383.0,117.83,5442.79,175.1,0.6172,traffic sign,True,True,715.7,mtsd-p12
SAM 3,traffic sign,grp8_4fe75feb-IMG_0243.JPG,E:\2. UM-Student\MSC Dissertation\Urban-Vision-Benchmark\Datasets\MTSD\Prepared\MTSD-Unaugmented\MTSD-YOLO\test\images\grp8_4fe75feb-IMG_0243.JPG,875.88,775.84,3463.26,3344.3,0.5195,traffic sign,True,True,715.7,mtsd-p12
SAM 3,traffic sign,grp8_4fe75feb-IMG_0243.JPG,E:\2. UM-Student\MSC Dissertation\Urban-Vision-Benchmark\Datasets\MTSD\Prepared\MTSD-Unaugmented\MTSD-YOLO\test\images\grp8_4fe75feb-IMG_0243.JPG,4622.55,4227.24,4876.2,4284.0,0.3027,traffic sign,True,True,715.7,mtsd-p12
SAM 3,traffic sign,grp8_5043579c-side.jpg,E:\2. UM-Student\MSC Dissertation\Urban-Vision-Benchmark\Datasets\MTSD\Prepared\MTSD-Unaugmented\MTSD-YOLO\test\images\grp8_5043579c-side.jpg,1388.71,842.55,1926.56,2384.69,0.8516,traffic sign,True,True,174.0,mtsd-p12
SAM 3,traffic sign,grp8_555bcf3a-front.jpg,E:\2. UM-Student\MSC Dissertation\Urban-Vision-Benchmark\Datasets\MTSD\Prepared\MTSD-Unaugmented\MTSD-YOLO\test\images\grp8_555bcf3a-front.jpg,,,,,,<no detections>,False,True,146.4,mtsd-p12
SAM 3,traffic sign,grp8_562e48f6-front.jpg,E:\2. UM-Student\MSC Dissertation\Urban-Vision-Benchmark\Datasets\MTSD\Prepared\MTSD-Unaugmented\MTSD-YOLO\test\images\grp8_562e48f6-front.jpg,1431.9,937.1,2560.57,1685.7,0.8984,traffic sign,True,True,197.1,mtsd-p12
SAM 3,traffic sign,grp8_562e48f6-front.jpg,E:\2. UM-Student\MSC Dissertation\Urban-Vision-Benchmark\Datasets\MTSD\Prepared\MTSD-Unaugmented\MTSD-YOLO\test\images\grp8_562e48f6-front.jpg,1347.13,1690.04,2627.33,2788.79,0.8477,traffic sign,True,True,197.1,mtsd-p12
SAM 3,traffic sign,grp8_58176912-front.jpg,E:\2. UM-Student\MSC Dissertation\Urban-Vision-Benchmark\Datasets\MTSD\Prepared\MTSD-Unaugmented\MTSD-YOLO\test\images\grp8_58176912-front.jpg,2316.39,1263.91,2351.77,1296.1,0.3945,traffic sign,True,True,162.6,mtsd-p12
SAM 3,traffic sign,grp8_58621eda-IMG_0203.JPG,E:\2. UM-Student\MSC Dissertation\Urban-Vision-Benchmark\Datasets\MTSD\Prepared\MTSD-Unaugmented\MTSD-YOLO\test\images\grp8_58621eda-IMG_0203.JPG,1439.72,1163.41,3766.36,2765.39,0.7812,traffic sign,True,True,298.0,mtsd-p12
SAM 3,traffic sign,grp8_59dbbf2e-side.jpg,E:\2. UM-Student\MSC Dissertation\Urban-Vision-Benchmark\Datasets\MTSD\Prepared\MTSD-Unaugmented\MTSD-YOLO\test\images\grp8_59dbbf2e-side.jpg,526.65,2484.61,678.89,2682.06,0.7578,traffic sign,True,True,230.6,mtsd-p12
SAM 3,traffic sign,grp8_59dbbf2e-side.jpg,E:\2. UM-Student\MSC Dissertation\Urban-Vision-Benchmark\Datasets\MTSD\Prepared\MTSD-Unaugmented\MTSD-YOLO\test\images\grp8_59dbbf2e-side.jpg,531.37,2679.24,603.33,2780.82,0.543,traffic sign,True,True,230.6,mtsd-p12
SAM 3,traffic sign,grp8_59dbbf2e-side.jpg,E:\2. UM-Student\MSC Dissertation\Urban-Vision-Benchmark\Datasets\MTSD\Prepared\MTSD-Unaugmented\MTSD-YOLO\test\images\grp8_59dbbf2e-side.jpg,1822.44,1137.42,2103.15,1884.1,0.4512,traffic sign,True,True,230.6,mtsd-p12
SAM 3,traffic sign,grp8_59dbbf2e-side.jpg,E:\2. UM-Student\MSC Dissertation\Urban-Vision-Benchmark\Datasets\MTSD\Prepared\MTSD-Unaugmented\MTSD-YOLO\test\images\grp8_59dbbf2e-side.jpg,494.7,2482.76,681.17,3024.0,0.418,traffic sign,True,True,230.6,mtsd-p12
SAM 3,traffic sign,grp8_5abf970a-side.jpg,E:\2. UM-Student\MSC Dissertation\Urban-Vision-Benchmark\Datasets\MTSD\Prepared\MTSD-Unaugmented\MTSD-YOLO\test\images\grp8_5abf970a-side.jpg,1874.16,725.59,2260.03,2090.43,0.8906,traffic sign,True,True,188.8,mtsd-p12
SAM 3,traffic sign,grp8_5f257ae9-IMG_0112.jpg,E:\2. UM-Student\MSC Dissertation\Urban-Vision-Benchmark\Datasets\MTSD\Prepared\MTSD-Unaugmented\MTSD-YOLO\test\images\grp8_5f257ae9-IMG_0112.jpg,1202.84,1148.43,3841.93,3903.13,0.7148,traffic sign,True,True,306.8,mtsd-p12
SAM 3,traffic sign,grp8_646a4174-side.jpg,E:\2. UM-Student\MSC Dissertation\Urban-Vision-Benchmark\Datasets\MTSD\Prepared\MTSD-Unaugmented\MTSD-YOLO\test\images\grp8_646a4174-side.jpg,908.61,990.47,1809.79,2826.39,0.8203,traffic sign,True,True,192.3,mtsd-p12
SAM 3,traffic sign,grp8_6b72502b-back.jpg,E:\2. UM-Student\MSC Dissertation\Urban-Vision-Benchmark\Datasets\MTSD\Prepared\MTSD-Unaugmented\MTSD-YOLO\test\images\grp8_6b72502b-back.jpg,511.33,861.88,1842.93,2262.14,0.4434,traffic sign,True,True,154.5,mtsd-p12
SAM 3,traffic sign,grp8_6b72502b-back.jpg,E:\2. UM-Student\MSC Dissertation\Urban-Vision-Benchmark\Datasets\MTSD\Prepared\MTSD-Unaugmented\MTSD-YOLO\test\images\grp8_6b72502b-back.jpg,507.31,866.24,1845.22,4096.0,0.3594,traffic sign,True,True,154.5,mtsd-p12
SAM 3,traffic sign,grp8_70a9ea7f-side.jpg,E:\2. UM-Student\MSC Dissertation\Urban-Vision-Benchmark\Datasets\MTSD\Prepared\MTSD-Unaugmented\MTSD-YOLO\test\images\grp8_70a9ea7f-side.jpg,982.59,515.21,1668.17,1548.19,0.9492,traffic sign,True,True,170.1,mtsd-p12
SAM 3,traffic sign,grp8_70a9ea7f-side.jpg,E:\2. UM-Student\MSC Dissertation\Urban-Vision-Benchmark\Datasets\MTSD\Prepared\MTSD-Unaugmented\MTSD-YOLO\test\images\grp8_70a9ea7f-side.jpg,99.2,3698.36,301.97,3932.01,0.918,traffic sign,True,True,170.1,mtsd-p12
SAM 3,traffic sign,grp8_73e17aa1-back.jpg,E:\2. UM-Student\MSC Dissertation\Urban-Vision-Benchmark\Datasets\MTSD\Prepared\MTSD-Unaugmented\MTSD-YOLO\test\images\grp8_73e17aa1-back.jpg,,,,,,<no detections>,False,True,148.9,mtsd-p12
SAM 3,traffic sign,grp8_74a729c2-IMG_0138.jpg,E:\2. UM-Student\MSC Dissertation\Urban-Vision-Benchmark\Datasets\MTSD\Prepared\MTSD-Unaugmented\MTSD-YOLO\test\images\grp8_74a729c2-IMG_0138.jpg,1161.6,2639.77,3419.38,4904.33,0.7852,traffic sign,True,True,286.2,mtsd-p12
SAM 3,traffic sign,grp8_74a729c2-IMG_0138.jpg,E:\2. UM-Student\MSC Dissertation\Urban-Vision-Benchmark\Datasets\MTSD\Prepared\MTSD-Unaugmented\MTSD-YOLO\test\images\grp8_74a729c2-IMG_0138.jpg,1165.1,861.47,3221.29,2665.37,0.7812,traffic sign,True,True,286.2,mtsd-p12
SAM 3,traffic sign,grp8_74a729c2-IMG_0138.jpg,E:\2. UM-Student\MSC Dissertation\Urban-Vision-Benchmark\Datasets\MTSD\Prepared\MTSD-Unaugmented\MTSD-YOLO\test\images\grp8_74a729c2-IMG_0138.jpg,916.96,5198.49,1077.6,5326.85,0.5547,traffic sign,True,True,286.2,mtsd-p12
SAM 3,traffic sign,grp8_74a729c2-IMG_0138.jpg,E:\2. UM-Student\MSC Dissertation\Urban-Vision-Benchmark\Datasets\MTSD\Prepared\MTSD-Unaugmented\MTSD-YOLO\test\images\grp8_74a729c2-IMG_0138.jpg,1161.39,879.32,3321.79,5712.0,0.3262,traffic sign,True,True,286.2,mtsd-p12
SAM 3,traffic sign,grp8_74a729c2-IMG_0138.jpg,E:\2. UM-Student\MSC Dissertation\Urban-Vision-Benchmark\Datasets\MTSD\Prepared\MTSD-Unaugmented\MTSD-YOLO\test\images\grp8_74a729c2-IMG_0138.jpg,910.17,5191.68,1079.5,5712.0,0.3164,traffic sign,True,True,286.2,mtsd-p12
SAM 3,traffic sign,grp8_77233a9d-IMG_0190_Blurred.JPG,E:\2. UM-Student\MSC Dissertation\Urban-Vision-Benchmark\Datasets\MTSD\Prepared\MTSD-Unaugmented\MTSD-YOLO\test\images\grp8_77233a9d-IMG_0190_Blurred.JPG,1031.05,1342.53,2275.17,4333.03,0.8945,traffic sign,True,True,759.1,mtsd-p12
SAM 3,traffic sign,grp8_77233a9d-IMG_0190_Blurred.JPG,E:\2. UM-Student\MSC Dissertation\Urban-Vision-Benchmark\Datasets\MTSD\Prepared\MTSD-Unaugmented\MTSD-YOLO\test\images\grp8_77233a9d-IMG_0190_Blurred.JPG,3916.86,4698.95,3993.1,4798.75,0.7969,traffic sign,True,True,759.1,mtsd-p12
SAM 3,traffic sign,grp8_77233a9d-IMG_0190_Blurred.JPG,E:\2. UM-Student\MSC Dissertation\Urban-Vision-Benchmark\Datasets\MTSD\Prepared\MTSD-Unaugmented\MTSD-YOLO\test\images\grp8_77233a9d-IMG_0190_Blurred.JPG,581.85,4614.39,707.18,4691.0,0.7578,traffic sign,True,True,759.1,mtsd-p12
SAM 3,traffic sign,grp8_77233a9d-IMG_0190_Blurred.JPG,E:\2. UM-Student\MSC Dissertation\Urban-Vision-Benchmark\Datasets\MTSD\Prepared\MTSD-Unaugmented\MTSD-YOLO\test\images\grp8_77233a9d-IMG_0190_Blurred.JPG,778.78,4645.93,930.38,4710.41,0.7422,traffic sign,True,True,759.1,mtsd-p12
SAM 3,traffic sign,grp8_77233a9d-IMG_0190_Blurred.JPG,E:\2. UM-Student\MSC Dissertation\Urban-Vision-Benchmark\Datasets\MTSD\Prepared\MTSD-Unaugmented\MTSD-YOLO\test\images\grp8_77233a9d-IMG_0190_Blurred.JPG,1822.12,1547.91,2947.92,4408.58,0.6875,traffic sign,True,True,759.1,mtsd-p12
SAM 3,traffic sign,grp8_77233a9d-IMG_0190_Blurred.JPG,E:\2. UM-Student\MSC Dissertation\Urban-Vision-Benchmark\Datasets\MTSD\Prepared\MTSD-Unaugmented\MTSD-YOLO\test\images\grp8_77233a9d-IMG_0190_Blurred.JPG,774.08,4698.6,929.14,4764.51,0.6797,traffic sign,True,True,759.1,mtsd-p12
SAM 3,traffic sign,grp8_77233a9d-IMG_0190_Blurred.JPG,E:\2. UM-Student\MSC Dissertation\Urban-Vision-Benchmark\Datasets\MTSD\Prepared\MTSD-Unaugmented\MTSD-YOLO\test\images\grp8_77233a9d-IMG_0190_Blurred.JPG,1506.04,4205.35,1562.62,4372.78,0.4531,traffic sign,True,True,759.1,mtsd-p12
SAM 3,traffic sign,grp8_77233a9d-IMG_0190_Blurred.JPG,E:\2. UM-Student\MSC Dissertation\Urban-Vision-Benchmark\Datasets\MTSD\Prepared\MTSD-Unaugmented\MTSD-YOLO\test\images\grp8_77233a9d-IMG_0190_Blurred.JPG,398.73,4706.91,492.35,4786.24,0.4219,traffic sign,True,True,759.1,mtsd-p12
SAM 3,traffic sign,grp8_77233a9d-IMG_0190_Blurred.JPG,E:\2. UM-Student\MSC Dissertation\Urban-Vision-Benchmark\Datasets\MTSD\Prepared\MTSD-Unaugmented\MTSD-YOLO\test\images\grp8_77233a9d-IMG_0190_Blurred.JPG,1138.94,1397.29,2956.24,5712.0,0.3027,traffic sign,True,True,759.1,mtsd-p12
SAM 3,traffic sign,grp8_7cc436b9-Back.jpg,E:\2. UM-Student\MSC Dissertation\Urban-Vision-Benchmark\Datasets\MTSD\Prepared\MTSD-Unaugmented\MTSD-YOLO\test\images\grp8_7cc436b9-Back.jpg,669.45,1002.98,1748.64,1990.8,0.4629,traffic sign,True,True,170.5,mtsd-p12
SAM 3,traffic sign,grp8_838e07cd-IMG_0097.jpg,E:\2. UM-Student\MSC Dissertation\Urban-Vision-Benchmark\Datasets\MTSD\Prepared\MTSD-Unaugmented\MTSD-YOLO\test\images\grp8_838e07cd-IMG_0097.jpg,1005.26,1152.76,2973.3,2769.07,0.8164,traffic sign,True,True,302.0,mtsd-p12
SAM 3,traffic sign,grp8_838e07cd-IMG_0097.jpg,E:\2. UM-Student\MSC Dissertation\Urban-Vision-Benchmark\Datasets\MTSD\Prepared\MTSD-Unaugmented\MTSD-YOLO\test\images\grp8_838e07cd-IMG_0097.jpg,940.18,2738.69,3298.66,5110.29,0.793,traffic sign,True,True,302.0,mtsd-p12
SAM 3,traffic sign,grp8_87d39243-IMG_0210.JPG,E:\2. UM-Student\MSC Dissertation\Urban-Vision-Benchmark\Datasets\MTSD\Prepared\MTSD-Unaugmented\MTSD-YOLO\test\images\grp8_87d39243-IMG_0210.JPG,,,,,,<no detections>,False,True,221.5,mtsd-p12
SAM 3,traffic sign,grp8_8bd74996-side.jpg,E:\2. UM-Student\MSC Dissertation\Urban-Vision-Benchmark\Datasets\MTSD\Prepared\MTSD-Unaugmented\MTSD-YOLO\test\images\grp8_8bd74996-side.jpg,1890.4,955.63,2161.95,1808.78,0.8633,traffic sign,True,True,211.0,mtsd-p12
SAM 3,traffic sign,grp8_8bd74996-side.jpg,E:\2. UM-Student\MSC Dissertation\Urban-Vision-Benchmark\Datasets\MTSD\Prepared\MTSD-Unaugmented\MTSD-YOLO\test\images\grp8_8bd74996-side.jpg,1895.76,952.73,2160.44,3024.0,0.4492,traffic sign,True,True,211.0,mtsd-p12
SAM 3,traffic sign,grp8_8bd74996-side.jpg,E:\2. UM-Student\MSC Dissertation\Urban-Vision-Benchmark\Datasets\MTSD\Prepared\MTSD-Unaugmented\MTSD-YOLO\test\images\grp8_8bd74996-side.jpg,2447.51,2588.36,2621.14,2622.47,0.3164,traffic sign,True,True,211.0,mtsd-p12
SAM 3,traffic sign,grp8_8dc5354c-IMG_0141.JPG,E:\2. UM-Student\MSC Dissertation\Urban-Vision-Benchmark\Datasets\MTSD\Prepared\MTSD-Unaugmented\MTSD-YOLO\test\images\grp8_8dc5354c-IMG_0141.JPG,1415.62,1160.58,2991.33,3089.39,0.918,traffic sign,True,True,238.6,mtsd-p12
SAM 3,traffic sign,grp8_8e544be4-side.jpg,E:\2. UM-Student\MSC Dissertation\Urban-Vision-Benchmark\Datasets\MTSD\Prepared\MTSD-Unaugmented\MTSD-YOLO\test\images\grp8_8e544be4-side.jpg,1547.04,1029.61,1950.45,2123.37,0.9062,traffic sign,True,True,217.2,mtsd-p12
SAM 3,traffic sign,grp8_8e544be4-side.jpg,E:\2. UM-Student\MSC Dissertation\Urban-Vision-Benchmark\Datasets\MTSD\Prepared\MTSD-Unaugmented\MTSD-YOLO\test\images\grp8_8e544be4-side.jpg,1356.69,2631.08,2255.84,3321.07,0.3926,traffic sign,True,True,217.2,mtsd-p12
SAM 3,traffic sign,grp8_8edb630b-IMG_0208.JPG,E:\2. UM-Student\MSC Dissertation\Urban-Vision-Benchmark\Datasets\MTSD\Prepared\MTSD-Unaugmented\MTSD-YOLO\test\images\grp8_8edb630b-IMG_0208.JPG,1904.34,1135.11,3365.31,3009.76,0.9375,traffic sign,True,True,279.0,mtsd-p12
SAM 3,traffic sign,grp8_8ff667a0-IMG_0209.JPG,E:\2. UM-Student\MSC Dissertation\Urban-Vision-Benchmark\Datasets\MTSD\Prepared\MTSD-Unaugmented\MTSD-YOLO\test\images\grp8_8ff667a0-IMG_0209.JPG,1709.82,1790.26,3743.95,2773.49,0.8242,traffic sign,True,True,308.3,mtsd-p12
SAM 3,traffic sign,grp8_9a101d8f-side.jpg,E:\2. UM-Student\MSC Dissertation\Urban-Vision-Benchmark\Datasets\MTSD\Prepared\MTSD-Unaugmented\MTSD-YOLO\test\images\grp8_9a101d8f-side.jpg,1302.28,413.76,1707.92,2199.64,0.8984,traffic sign,True,True,176.7,mtsd-p12
SAM 3,traffic sign,grp8_9a101d8f-side.jpg,E:\2. UM-Student\MSC Dissertation\Urban-Vision-Benchmark\Datasets\MTSD\Prepared\MTSD-Unaugmented\MTSD-YOLO\test\images\grp8_9a101d8f-side.jpg,1228.23,412.72,1708.48,4000.0,0.3184,traffic sign,True,True,176.7,mtsd-p12
SAM 3,traffic sign,grp8_9f69e083-Front.jpg,E:\2. UM-Student\MSC Dissertation\Urban-Vision-Benchmark\Datasets\MTSD\Prepared\MTSD-Unaugmented\MTSD-YOLO\test\images\grp8_9f69e083-Front.jpg,947.66,1680.96,1424.9,2155.4,0.8047,traffic sign,True,True,215.0,mtsd-p12
SAM 3,traffic sign,grp8_a27e76cc-back.jpg,E:\2. UM-Student\MSC Dissertation\Urban-Vision-Benchmark\Datasets\MTSD\Prepared\MTSD-Unaugmented\MTSD-YOLO\test\images\grp8_a27e76cc-back.jpg,948.94,1330.56,2081.85,2250.72,0.3066,traffic sign,True,True,163.1,mtsd-p12
SAM 3,traffic sign,grp8_aa3bff09-side.jpg,E:\2. UM-Student\MSC Dissertation\Urban-Vision-Benchmark\Datasets\MTSD\Prepared\MTSD-Unaugmented\MTSD-YOLO\test\images\grp8_aa3bff09-side.jpg,1026.83,1026.76,1363.74,2037.5,0.8906,traffic sign,True,True,169.6,mtsd-p12
SAM 3,traffic sign,grp8_aa3bff09-side.jpg,E:\2. UM-Student\MSC Dissertation\Urban-Vision-Benchmark\Datasets\MTSD\Prepared\MTSD-Unaugmented\MTSD-YOLO\test\images\grp8_aa3bff09-side.jpg,1391.48,1503.44,2043.77,1895.5,0.4688,traffic sign,True,True,169.6,mtsd-p12
SAM 3,traffic sign,grp8_aafe9a1b-front.jpg,E:\2. UM-Student\MSC Dissertation\Urban-Vision-Benchmark\Datasets\MTSD\Prepared\MTSD-Unaugmented\MTSD-YOLO\test\images\grp8_aafe9a1b-front.jpg,1102.49,787.72,2053.31,1710.05,0.9219,traffic sign,True,True,179.9,mtsd-p12
SAM 3,traffic sign,grp8_ad4861cb-back.jpg,E:\2. UM-Student\MSC Dissertation\Urban-Vision-Benchmark\Datasets\MTSD\Prepared\MTSD-Unaugmented\MTSD-YOLO\test\images\grp8_ad4861cb-back.jpg,1538.35,823.45,2607.76,1809.13,0.8203,traffic sign,True,True,209.8,mtsd-p12
SAM 3,traffic sign,grp8_ad4861cb-back.jpg,E:\2. UM-Student\MSC Dissertation\Urban-Vision-Benchmark\Datasets\MTSD\Prepared\MTSD-Unaugmented\MTSD-YOLO\test\images\grp8_ad4861cb-back.jpg,1564.14,1651.9,2304.43,2442.43,0.7031,traffic sign,True,True,209.8,mtsd-p12
SAM 3,traffic sign,grp8_ad4861cb-back.jpg,E:\2. UM-Student\MSC Dissertation\Urban-Vision-Benchmark\Datasets\MTSD\Prepared\MTSD-Unaugmented\MTSD-YOLO\test\images\grp8_ad4861cb-back.jpg,1545.86,837.52,2593.81,3024.0,0.3008,traffic sign,True,True,209.8,mtsd-p12
SAM 3,traffic sign,grp8_aeadaf7d-Side.jpg,E:\2. UM-Student\MSC Dissertation\Urban-Vision-Benchmark\Datasets\MTSD\Prepared\MTSD-Unaugmented\MTSD-YOLO\test\images\grp8_aeadaf7d-Side.jpg,762.63,717.86,1430.06,2171.32,0.8945,traffic sign,True,True,276.5,mtsd-p12
SAM 3,traffic sign,grp8_aeadaf7d-Side.jpg,E:\2. UM-Student\MSC Dissertation\Urban-Vision-Benchmark\Datasets\MTSD\Prepared\MTSD-Unaugmented\MTSD-YOLO\test\images\grp8_aeadaf7d-Side.jpg,1183.63,2808.87,1224.27,2874.51,0.4473,traffic sign,True,True,276.5,mtsd-p12
SAM 3,traffic sign,grp8_aeadaf7d-Side.jpg,E:\2. UM-Student\MSC Dissertation\Urban-Vision-Benchmark\Datasets\MTSD\Prepared\MTSD-Unaugmented\MTSD-YOLO\test\images\grp8_aeadaf7d-Side.jpg,761.89,2802.97,812.16,2884.75,0.3359,traffic sign,True,True,276.5,mtsd-p12
SAM 3,traffic sign,grp8_aec35ad8-back.jpg,E:\2. UM-Student\MSC Dissertation\Urban-Vision-Benchmark\Datasets\MTSD\Prepared\MTSD-Unaugmented\MTSD-YOLO\test\images\grp8_aec35ad8-back.jpg,1215.14,0.0,2625.21,702.75,0.8867,traffic sign,True,True,282.4,mtsd-p12
SAM 3,traffic sign,grp8_aec35ad8-back.jpg,E:\2. UM-Student\MSC Dissertation\Urban-Vision-Benchmark\Datasets\MTSD\Prepared\MTSD-Unaugmented\MTSD-YOLO\test\images\grp8_aec35ad8-back.jpg,1068.56,711.92,2800.18,1875.57,0.875,traffic sign,True,True,282.4,mtsd-p12
SAM 3,traffic sign,grp8_aec35ad8-back.jpg,E:\2. UM-Student\MSC Dissertation\Urban-Vision-Benchmark\Datasets\MTSD\Prepared\MTSD-Unaugmented\MTSD-YOLO\test\images\grp8_aec35ad8-back.jpg,1020.51,1848.61,2858.39,2486.53,0.8594,traffic sign,True,True,282.4,mtsd-p12
SAM 3,traffic sign,grp8_aec35ad8-back.jpg,E:\2. UM-Student\MSC Dissertation\Urban-Vision-Benchmark\Datasets\MTSD\Prepared\MTSD-Unaugmented\MTSD-YOLO\test\images\grp8_aec35ad8-back.jpg,643.82,2970.44,728.57,3024.0,0.6055,traffic sign,True,True,282.4,mtsd-p12
SAM 3,traffic sign,grp8_aec35ad8-back.jpg,E:\2. UM-Student\MSC Dissertation\Urban-Vision-Benchmark\Datasets\MTSD\Prepared\MTSD-Unaugmented\MTSD-YOLO\test\images\grp8_aec35ad8-back.jpg,1084.8,10.1,2836.38,3012.21,0.4043,traffic sign,True,True,282.4,mtsd-p12
SAM 3,traffic sign,grp8_b1123daa-front.jpg,E:\2. UM-Student\MSC Dissertation\Urban-Vision-Benchmark\Datasets\MTSD\Prepared\MTSD-Unaugmented\MTSD-YOLO\test\images\grp8_b1123daa-front.jpg,610.81,1392.16,1779.04,2424.29,0.8516,traffic sign,True,True,177.8,mtsd-p12
SAM 3,traffic sign,grp8_b1123daa-front.jpg,E:\2. UM-Student\MSC Dissertation\Urban-Vision-Benchmark\Datasets\MTSD\Prepared\MTSD-Unaugmented\MTSD-YOLO\test\images\grp8_b1123daa-front.jpg,1485.9,3937.85,1576.62,4096.0,0.5625,traffic sign,True,True,177.8,mtsd-p12
SAM 3,traffic sign,grp8_b6ae6e3d-back.jpg,E:\2. UM-Student\MSC Dissertation\Urban-Vision-Benchmark\Datasets\MTSD\Prepared\MTSD-Unaugmented\MTSD-YOLO\test\images\grp8_b6ae6e3d-back.jpg,948.8,1525.8,2087.57,2646.59,0.8242,traffic sign,True,True,244.2,mtsd-p12
SAM 3,traffic sign,grp8_b6ae6e3d-back.jpg,E:\2. UM-Student\MSC Dissertation\Urban-Vision-Benchmark\Datasets\MTSD\Prepared\MTSD-Unaugmented\MTSD-YOLO\test\images\grp8_b6ae6e3d-back.jpg,1131.12,2982.25,1207.79,3058.43,0.793,traffic sign,True,True,244.2,mtsd-p12
SAM 3,traffic sign,grp8_b6ae6e3d-back.jpg,E:\2. UM-Student\MSC Dissertation\Urban-Vision-Benchmark\Datasets\MTSD\Prepared\MTSD-Unaugmented\MTSD-YOLO\test\images\grp8_b6ae6e3d-back.jpg,951.52,1524.41,2085.15,4000.0,0.582,traffic sign,True,True,244.2,mtsd-p12
SAM 3,traffic sign,grp8_b6ae6e3d-back.jpg,E:\2. UM-Student\MSC Dissertation\Urban-Vision-Benchmark\Datasets\MTSD\Prepared\MTSD-Unaugmented\MTSD-YOLO\test\images\grp8_b6ae6e3d-back.jpg,1142.8,3043.3,1195.71,3102.48,0.5312,traffic sign,True,True,244.2,mtsd-p12
SAM 3,traffic sign,grp8_b6ae6e3d-back.jpg,E:\2. UM-Student\MSC Dissertation\Urban-Vision-Benchmark\Datasets\MTSD\Prepared\MTSD-Unaugmented\MTSD-YOLO\test\images\grp8_b6ae6e3d-back.jpg,1142.29,3073.25,1185.46,3139.08,0.4824,traffic sign,True,True,244.2,mtsd-p12
SAM 3,traffic sign,grp8_b9028e28-side.jpg,E:\2. UM-Student\MSC Dissertation\Urban-Vision-Benchmark\Datasets\MTSD\Prepared\MTSD-Unaugmented\MTSD-YOLO\test\images\grp8_b9028e28-side.jpg,807.98,1547.86,1768.96,2630.7,0.8867,traffic sign,True,True,289.0,mtsd-p12
SAM 3,traffic sign,grp8_b9028e28-side.jpg,E:\2. UM-Student\MSC Dissertation\Urban-Vision-Benchmark\Datasets\MTSD\Prepared\MTSD-Unaugmented\MTSD-YOLO\test\images\grp8_b9028e28-side.jpg,587.44,432.76,1608.52,1950.64,0.8633,traffic sign,True,True,289.0,mtsd-p12
SAM 3,traffic sign,grp8_b9028e28-side.jpg,E:\2. UM-Student\MSC Dissertation\Urban-Vision-Benchmark\Datasets\MTSD\Prepared\MTSD-Unaugmented\MTSD-YOLO\test\images\grp8_b9028e28-side.jpg,1582.76,3055.69,1701.44,3163.21,0.8047,traffic sign,True,True,289.0,mtsd-p12
SAM 3,traffic sign,grp8_b9028e28-side.jpg,E:\2. UM-Student\MSC Dissertation\Urban-Vision-Benchmark\Datasets\MTSD\Prepared\MTSD-Unaugmented\MTSD-YOLO\test\images\grp8_b9028e28-side.jpg,1627.09,3210.06,1677.35,3311.53,0.5352,traffic sign,True,True,289.0,mtsd-p12
SAM 3,traffic sign,grp8_b9028e28-side.jpg,E:\2. UM-Student\MSC Dissertation\Urban-Vision-Benchmark\Datasets\MTSD\Prepared\MTSD-Unaugmented\MTSD-YOLO\test\images\grp8_b9028e28-side.jpg,587.73,434.95,1764.59,4094.59,0.4199,traffic sign,True,True,289.0,mtsd-p12
SAM 3,traffic sign,grp8_b9028e28-side.jpg,E:\2. UM-Student\MSC Dissertation\Urban-Vision-Benchmark\Datasets\MTSD\Prepared\MTSD-Unaugmented\MTSD-YOLO\test\images\grp8_b9028e28-side.jpg,467.94,3320.02,568.76,3491.43,0.416,traffic sign,True,True,289.0,mtsd-p12
SAM 3,traffic sign,grp8_b9028e28-side.jpg,E:\2. UM-Student\MSC Dissertation\Urban-Vision-Benchmark\Datasets\MTSD\Prepared\MTSD-Unaugmented\MTSD-YOLO\test\images\grp8_b9028e28-side.jpg,688.29,3314.9,753.8,3422.25,0.3379,traffic sign,True,True,289.0,mtsd-p12
SAM 3,traffic sign,grp8_c01f5341-IMG_0123.jpg,E:\2. UM-Student\MSC Dissertation\Urban-Vision-Benchmark\Datasets\MTSD\Prepared\MTSD-Unaugmented\MTSD-YOLO\test\images\grp8_c01f5341-IMG_0123.jpg,1818.87,953.58,2813.47,2947.78,0.9141,traffic sign,True,True,257.2,mtsd-p12
SAM 3,traffic sign,grp8_c01f5341-IMG_0123.jpg,E:\2. UM-Student\MSC Dissertation\Urban-Vision-Benchmark\Datasets\MTSD\Prepared\MTSD-Unaugmented\MTSD-YOLO\test\images\grp8_c01f5341-IMG_0123.jpg,1679.44,4594.68,1812.69,4911.2,0.8555,traffic sign,True,True,257.2,mtsd-p12
SAM 3,traffic sign,grp8_c01f5341-IMG_0123.jpg,E:\2. UM-Student\MSC Dissertation\Urban-Vision-Benchmark\Datasets\MTSD\Prepared\MTSD-Unaugmented\MTSD-YOLO\test\images\grp8_c01f5341-IMG_0123.jpg,1663.05,4597.9,1813.92,5709.7,0.416,traffic sign,True,True,257.2,mtsd-p12
SAM 3,traffic sign,grp8_c01f5341-IMG_0123.jpg,E:\2. UM-Student\MSC Dissertation\Urban-Vision-Benchmark\Datasets\MTSD\Prepared\MTSD-Unaugmented\MTSD-YOLO\test\images\grp8_c01f5341-IMG_0123.jpg,1811.51,950.74,2816.73,5712.0,0.3145,traffic sign,True,True,257.2,mtsd-p12
SAM 3,traffic sign,grp8_c89fb86b-IMG_0117.jpg,E:\2. UM-Student\MSC Dissertation\Urban-Vision-Benchmark\Datasets\MTSD\Prepared\MTSD-Unaugmented\MTSD-YOLO\test\images\grp8_c89fb86b-IMG_0117.jpg,1881.75,1447.22,2501.3,3397.53,0.8906,traffic sign,True,True,224.2,mtsd-p12
SAM 3,traffic sign,grp8_c96fcc1a-IMG_0217.JPG,E:\2. UM-Student\MSC Dissertation\Urban-Vision-Benchmark\Datasets\MTSD\Prepared\MTSD-Unaugmented\MTSD-YOLO\test\images\grp8_c96fcc1a-IMG_0217.JPG,2023.85,1452.62,3259.41,2610.57,0.9336,traffic sign,True,True,283.7,mtsd-p12
SAM 3,traffic sign,grp8_d8a4fa9b-front.jpg,E:\2. UM-Student\MSC Dissertation\Urban-Vision-Benchmark\Datasets\MTSD\Prepared\MTSD-Unaugmented\MTSD-YOLO\test\images\grp8_d8a4fa9b-front.jpg,,,,,,<no detections>,False,True,156.1,mtsd-p12
SAM 3,traffic sign,grp8_d8e91d56-side.jpg,E:\2. UM-Student\MSC Dissertation\Urban-Vision-Benchmark\Datasets\MTSD\Prepared\MTSD-Unaugmented\MTSD-YOLO\test\images\grp8_d8e91d56-side.jpg,1789.5,871.33,2054.34,1772.07,0.9414,traffic sign,True,True,245.0,mtsd-p12
SAM 3,traffic sign,grp8_d8e91d56-side.jpg,E:\2. UM-Student\MSC Dissertation\Urban-Vision-Benchmark\Datasets\MTSD\Prepared\MTSD-Unaugmented\MTSD-YOLO\test\images\grp8_d8e91d56-side.jpg,3464.57,2359.5,3737.89,2617.2,0.9219,traffic sign,True,True,245.0,mtsd-p12
SAM 3,traffic sign,grp8_d8e91d56-side.jpg,E:\2. UM-Student\MSC Dissertation\Urban-Vision-Benchmark\Datasets\MTSD\Prepared\MTSD-Unaugmented\MTSD-YOLO\test\images\grp8_d8e91d56-side.jpg,3483.44,2179.89,3593.71,2436.24,0.9023,traffic sign,True,True,245.0,mtsd-p12
SAM 3,traffic sign,grp8_d8e91d56-side.jpg,E:\2. UM-Student\MSC Dissertation\Urban-Vision-Benchmark\Datasets\MTSD\Prepared\MTSD-Unaugmented\MTSD-YOLO\test\images\grp8_d8e91d56-side.jpg,2202.43,2516.37,2295.05,2740.32,0.5312,traffic sign,True,True,245.0,mtsd-p12
SAM 3,traffic sign,grp8_dd88f02c-IMG_0092.jpg,E:\2. UM-Student\MSC Dissertation\Urban-Vision-Benchmark\Datasets\MTSD\Prepared\MTSD-Unaugmented\MTSD-YOLO\test\images\grp8_dd88f02c-IMG_0092.jpg,1683.32,1571.94,2734.53,3661.13,0.8867,traffic sign,True,True,268.6,mtsd-p12
SAM 3,traffic sign,grp8_ea4926f3-side.jpg,E:\2. UM-Student\MSC Dissertation\Urban-Vision-Benchmark\Datasets\MTSD\Prepared\MTSD-Unaugmented\MTSD-YOLO\test\images\grp8_ea4926f3-side.jpg,1130.9,749.85,1962.78,2456.16,0.9102,traffic sign,True,True,193.7,mtsd-p12
SAM 3,traffic sign,grp8_ebf4ab1a-IMG_0198.JPG,E:\2. UM-Student\MSC Dissertation\Urban-Vision-Benchmark\Datasets\MTSD\Prepared\MTSD-Unaugmented\MTSD-YOLO\test\images\grp8_ebf4ab1a-IMG_0198.JPG,,,,,,<no detections>,False,True,211.7,mtsd-p12
SAM 3,traffic sign,grp8_edb6fab3-IMG_0189.JPG,E:\2. UM-Student\MSC Dissertation\Urban-Vision-Benchmark\Datasets\MTSD\Prepared\MTSD-Unaugmented\MTSD-YOLO\test\images\grp8_edb6fab3-IMG_0189.JPG,2112.68,989.69,4493.55,3594.74,0.8906,traffic sign,True,True,422.5,mtsd-p12
SAM 3,traffic sign,grp8_edb6fab3-IMG_0189.JPG,E:\2. UM-Student\MSC Dissertation\Urban-Vision-Benchmark\Datasets\MTSD\Prepared\MTSD-Unaugmented\MTSD-YOLO\test\images\grp8_edb6fab3-IMG_0189.JPG,5527.82,3340.17,5596.18,3408.93,0.5664,traffic sign,True,True,422.5,mtsd-p12
SAM 3,traffic sign,grp8_edb6fab3-IMG_0189.JPG,E:\2. UM-Student\MSC Dissertation\Urban-Vision-Benchmark\Datasets\MTSD\Prepared\MTSD-Unaugmented\MTSD-YOLO\test\images\grp8_edb6fab3-IMG_0189.JPG,5512.71,3583.12,5590.61,3637.05,0.3262,traffic sign,True,True,422.5,mtsd-p12
SAM 3,traffic sign,grp8_f07ed5ce-Side.jpg,E:\2. UM-Student\MSC Dissertation\Urban-Vision-Benchmark\Datasets\MTSD\Prepared\MTSD-Unaugmented\MTSD-YOLO\test\images\grp8_f07ed5ce-Side.jpg,910.1,1127.87,1454.08,2351.16,0.875,traffic sign,True,True,181.1,mtsd-p12
SAM 3,traffic sign,grp8_f3e45a2c-front.jpg,E:\2. UM-Student\MSC Dissertation\Urban-Vision-Benchmark\Datasets\MTSD\Prepared\MTSD-Unaugmented\MTSD-YOLO\test\images\grp8_f3e45a2c-front.jpg,1013.23,1492.67,1486.2,2208.86,0.8398,traffic sign,True,True,162.7,mtsd-p12
SAM 3,traffic sign,grp8_f5d48b4c-front.jpg,E:\2. UM-Student\MSC Dissertation\Urban-Vision-Benchmark\Datasets\MTSD\Prepared\MTSD-Unaugmented\MTSD-YOLO\test\images\grp8_f5d48b4c-front.jpg,3479.48,2551.03,3598.94,2667.11,0.875,traffic sign,True,True,217.8,mtsd-p12
SAM 3,traffic sign,grp8_f5d48b4c-front.jpg,E:\2. UM-Student\MSC Dissertation\Urban-Vision-Benchmark\Datasets\MTSD\Prepared\MTSD-Unaugmented\MTSD-YOLO\test\images\grp8_f5d48b4c-front.jpg,1566.77,1013.67,2621.4,1986.19,0.8633,traffic sign,True,True,217.8,mtsd-p12
SAM 3,traffic sign,grp8_f5d48b4c-front.jpg,E:\2. UM-Student\MSC Dissertation\Urban-Vision-Benchmark\Datasets\MTSD\Prepared\MTSD-Unaugmented\MTSD-YOLO\test\images\grp8_f5d48b4c-front.jpg,3488.68,2550.39,3628.16,3024.0,0.4941,traffic sign,True,True,217.8,mtsd-p12
SAM 3,traffic sign,grp8_f5d48b4c-front.jpg,E:\2. UM-Student\MSC Dissertation\Urban-Vision-Benchmark\Datasets\MTSD\Prepared\MTSD-Unaugmented\MTSD-YOLO\test\images\grp8_f5d48b4c-front.jpg,1564.7,1011.73,2623.36,3024.0,0.457,traffic sign,True,True,217.8,mtsd-p12
SAM 3,traffic sign,grp8_fc124a5b-Back.jpg,E:\2. UM-Student\MSC Dissertation\Urban-Vision-Benchmark\Datasets\MTSD\Prepared\MTSD-Unaugmented\MTSD-YOLO\test\images\grp8_fc124a5b-Back.jpg,463.92,39.3,1648.19,1365.14,0.9336,traffic sign,True,True,230.4,mtsd-p12
SAM 3,traffic sign,grp8_fc124a5b-Back.jpg,E:\2. UM-Student\MSC Dissertation\Urban-Vision-Benchmark\Datasets\MTSD\Prepared\MTSD-Unaugmented\MTSD-YOLO\test\images\grp8_fc124a5b-Back.jpg,528.11,2321.55,1689.17,3009.84,0.9219,traffic sign,True,True,230.4,mtsd-p12
SAM 3,traffic sign,grp8_fc124a5b-Back.jpg,E:\2. UM-Student\MSC Dissertation\Urban-Vision-Benchmark\Datasets\MTSD\Prepared\MTSD-Unaugmented\MTSD-YOLO\test\images\grp8_fc124a5b-Back.jpg,771.37,1347.41,1762.55,2343.39,0.8555,traffic sign,True,True,230.4,mtsd-p12
SAM 3,traffic sign,grp8_fc124a5b-Back.jpg,E:\2. UM-Student\MSC Dissertation\Urban-Vision-Benchmark\Datasets\MTSD\Prepared\MTSD-Unaugmented\MTSD-YOLO\test\images\grp8_fc124a5b-Back.jpg,475.7,56.6,1668.24,4072.74,0.3223,traffic sign,True,True,230.4,mtsd-p12
SAM 3,traffic sign,grp8_fc6650ab-front.jpg,E:\2. UM-Student\MSC Dissertation\Urban-Vision-Benchmark\Datasets\MTSD\Prepared\MTSD-Unaugmented\MTSD-YOLO\test\images\grp8_fc6650ab-front.jpg,114.36,851.25,1767.5,2036.9,0.9102,traffic sign,True,True,178.8,mtsd-p12
SAM 3,traffic sign,grp8_fc6650ab-front.jpg,E:\2. UM-Student\MSC Dissertation\Urban-Vision-Benchmark\Datasets\MTSD\Prepared\MTSD-Unaugmented\MTSD-YOLO\test\images\grp8_fc6650ab-front.jpg,356.94,2912.03,484.32,3077.14,0.4141,traffic sign,True,True,178.8,mtsd-p12
SAM 3,traffic sign,grp9_00e70ac4-IMG_20251111_140913.jpg,E:\2. UM-Student\MSC Dissertation\Urban-Vision-Benchmark\Datasets\MTSD\Prepared\MTSD-Unaugmented\MTSD-YOLO\test\images\grp9_00e70ac4-IMG_20251111_140913.jpg,0.0,2726.25,342.0,3485.11,0.8711,traffic sign,True,True,236.0,mtsd-p12
SAM 3,traffic sign,grp9_00e70ac4-IMG_20251111_140913.jpg,E:\2. UM-Student\MSC Dissertation\Urban-Vision-Benchmark\Datasets\MTSD\Prepared\MTSD-Unaugmented\MTSD-YOLO\test\images\grp9_00e70ac4-IMG_20251111_140913.jpg,0.0,42.5,331.82,497.24,0.4746,traffic sign,True,True,236.0,mtsd-p12
SAM 3,traffic sign,grp9_00e70ac4-IMG_20251111_140913.jpg,E:\2. UM-Student\MSC Dissertation\Urban-Vision-Benchmark\Datasets\MTSD\Prepared\MTSD-Unaugmented\MTSD-YOLO\test\images\grp9_00e70ac4-IMG_20251111_140913.jpg,0.55,33.86,886.42,504.12,0.3281,traffic sign,True,True,236.0,mtsd-p12
SAM 3,traffic sign,grp9_00e70ac4-IMG_20251111_140913.jpg,E:\2. UM-Student\MSC Dissertation\Urban-Vision-Benchmark\Datasets\MTSD\Prepared\MTSD-Unaugmented\MTSD-YOLO\test\images\grp9_00e70ac4-IMG_20251111_140913.jpg,1488.66,1370.05,1700.68,2486.16,0.3027,traffic sign,True,True,236.0,mtsd-p12
SAM 3,traffic sign,grp9_01e24ee9-IMG_20251106_145403.jpg,E:\2. UM-Student\MSC Dissertation\Urban-Vision-Benchmark\Datasets\MTSD\Prepared\MTSD-Unaugmented\MTSD-YOLO\test\images\grp9_01e24ee9-IMG_20251106_145403.jpg,1373.71,852.28,1804.1,2094.41,0.7734,traffic sign,True,True,367.5,mtsd-p12
SAM 3,traffic sign,grp9_01e24ee9-IMG_20251106_145403.jpg,E:\2. UM-Student\MSC Dissertation\Urban-Vision-Benchmark\Datasets\MTSD\Prepared\MTSD-Unaugmented\MTSD-YOLO\test\images\grp9_01e24ee9-IMG_20251106_145403.jpg,1359.3,1733.06,1716.03,2951.82,0.7656,traffic sign,True,True,367.5,mtsd-p12
SAM 3,traffic sign,grp9_01e24ee9-IMG_20251106_145403.jpg,E:\2. UM-Student\MSC Dissertation\Urban-Vision-Benchmark\Datasets\MTSD\Prepared\MTSD-Unaugmented\MTSD-YOLO\test\images\grp9_01e24ee9-IMG_20251106_145403.jpg,1926.98,3203.24,1992.34,3389.55,0.4824,traffic sign,True,True,367.5,mtsd-p12
SAM 3,traffic sign,grp9_01e24ee9-IMG_20251106_145403.jpg,E:\2. UM-Student\MSC Dissertation\Urban-Vision-Benchmark\Datasets\MTSD\Prepared\MTSD-Unaugmented\MTSD-YOLO\test\images\grp9_01e24ee9-IMG_20251106_145403.jpg,397.7,3347.09,423.09,3411.27,0.4414,traffic sign,True,True,367.5,mtsd-p12
SAM 3,traffic sign,grp9_01e24ee9-IMG_20251106_145403.jpg,E:\2. UM-Student\MSC Dissertation\Urban-Vision-Benchmark\Datasets\MTSD\Prepared\MTSD-Unaugmented\MTSD-YOLO\test\images\grp9_01e24ee9-IMG_20251106_145403.jpg,1316.97,858.71,1795.29,4096.0,0.4141,traffic sign,True,True,367.5,mtsd-p12
SAM 3,traffic sign,grp9_01e24ee9-IMG_20251106_145403.jpg,E:\2. UM-Student\MSC Dissertation\Urban-Vision-Benchmark\Datasets\MTSD\Prepared\MTSD-Unaugmented\MTSD-YOLO\test\images\grp9_01e24ee9-IMG_20251106_145403.jpg,1539.65,857.13,1809.78,1761.58,0.4062,traffic sign,True,True,367.5,mtsd-p12
SAM 3,traffic sign,grp9_01ed8620-IMG_20251111_162316.jpg,E:\2. UM-Student\MSC Dissertation\Urban-Vision-Benchmark\Datasets\MTSD\Prepared\MTSD-Unaugmented\MTSD-YOLO\test\images\grp9_01ed8620-IMG_20251111_162316.jpg,859.97,1588.44,1205.79,2046.14,0.918,traffic sign,True,True,305.6,mtsd-p12
SAM 3,traffic sign,grp9_01ed8620-IMG_20251111_162316.jpg,E:\2. UM-Student\MSC Dissertation\Urban-Vision-Benchmark\Datasets\MTSD\Prepared\MTSD-Unaugmented\MTSD-YOLO\test\images\grp9_01ed8620-IMG_20251111_162316.jpg,2084.37,2206.77,2218.08,2390.52,0.8984,traffic sign,True,True,305.6,mtsd-p12
SAM 3,traffic sign,grp9_01ed8620-IMG_20251111_162316.jpg,E:\2. UM-Student\MSC Dissertation\Urban-Vision-Benchmark\Datasets\MTSD\Prepared\MTSD-Unaugmented\MTSD-YOLO\test\images\grp9_01ed8620-IMG_20251111_162316.jpg,44.47,2371.59,116.13,2420.57,0.7773,traffic sign,True,True,305.6,mtsd-p12
SAM 3,traffic sign,grp9_04c8a7cf-IMG_20251211_162331.jpg,E:\2. UM-Student\MSC Dissertation\Urban-Vision-Benchmark\Datasets\MTSD\Prepared\MTSD-Unaugmented\MTSD-YOLO\test\images\grp9_04c8a7cf-IMG_20251211_162331.jpg,1407.35,2055.88,2043.77,2673.85,0.6914,traffic sign,True,True,185.3,mtsd-p12
SAM 3,traffic sign,grp9_04c8a7cf-IMG_20251211_162331.jpg,E:\2. UM-Student\MSC Dissertation\Urban-Vision-Benchmark\Datasets\MTSD\Prepared\MTSD-Unaugmented\MTSD-YOLO\test\images\grp9_04c8a7cf-IMG_20251211_162331.jpg,1406.72,2053.17,2043.17,4080.0,0.4863,traffic sign,True,True,185.3,mtsd-p12
SAM 3,traffic sign,grp9_0ee59f09-M8_side.jpg,E:\2. UM-Student\MSC Dissertation\Urban-Vision-Benchmark\Datasets\MTSD\Prepared\MTSD-Unaugmented\MTSD-YOLO\test\images\grp9_0ee59f09-M8_side.jpg,,,,,,<no detections>,False,True,146.8,mtsd-p12
SAM 3,traffic sign,grp9_109ae844-20251122_134645.jpg,E:\2. UM-Student\MSC Dissertation\Urban-Vision-Benchmark\Datasets\MTSD\Prepared\MTSD-Unaugmented\MTSD-YOLO\test\images\grp9_109ae844-20251122_134645.jpg,,,,,,<no detections>,False,True,160.6,mtsd-p12
SAM 3,traffic sign,grp9_10b6edc4-IMG_20251112_160648.jpg,E:\2. UM-Student\MSC Dissertation\Urban-Vision-Benchmark\Datasets\MTSD\Prepared\MTSD-Unaugmented\MTSD-YOLO\test\images\grp9_10b6edc4-IMG_20251112_160648.jpg,1378.0,3273.88,1540.2,3481.58,0.8164,traffic sign,True,True,191.8,mtsd-p12
SAM 3,traffic sign,grp9_10b6edc4-IMG_20251112_160648.jpg,E:\2. UM-Student\MSC Dissertation\Urban-Vision-Benchmark\Datasets\MTSD\Prepared\MTSD-Unaugmented\MTSD-YOLO\test\images\grp9_10b6edc4-IMG_20251112_160648.jpg,1374.88,3271.4,1546.64,4080.0,0.5039,traffic sign,True,True,191.8,mtsd-p12
SAM 3,traffic sign,grp9_10b6edc4-IMG_20251112_160648.jpg,E:\2. UM-Student\MSC Dissertation\Urban-Vision-Benchmark\Datasets\MTSD\Prepared\MTSD-Unaugmented\MTSD-YOLO\test\images\grp9_10b6edc4-IMG_20251112_160648.jpg,1142.83,1149.23,2643.8,2546.03,0.4512,traffic sign,True,True,191.8,mtsd-p12
SAM 3,traffic sign,grp9_10b6edc4-IMG_20251112_160648.jpg,E:\2. UM-Student\MSC Dissertation\Urban-Vision-Benchmark\Datasets\MTSD\Prepared\MTSD-Unaugmented\MTSD-YOLO\test\images\grp9_10b6edc4-IMG_20251112_160648.jpg,1150.43,1122.45,2580.51,4072.25,0.3789,traffic sign,True,True,191.8,mtsd-p12
SAM 3,traffic sign,grp9_14b6af7e-IMG_20251106_142858.jpg,E:\2. UM-Student\MSC Dissertation\Urban-Vision-Benchmark\Datasets\MTSD\Prepared\MTSD-Unaugmented\MTSD-YOLO\test\images\grp9_14b6af7e-IMG_20251106_142858.jpg,1090.48,992.64,4167.55,4034.65,0.6797,traffic sign,True,True,352.0,mtsd-p12
SAM 3,traffic sign,grp9_1792c5c3-WhatsApp_Image_2026-01-03_at_18.45.37.jpeg,E:\2. UM-Student\MSC Dissertation\Urban-Vision-Benchmark\Datasets\MTSD\Prepared\MTSD-Unaugmented\MTSD-YOLO\test\images\grp9_1792c5c3-WhatsApp_Image_2026-01-03_at_18.45.37.jpeg,490.59,804.1,859.23,1141.33,0.3066,traffic sign,True,True,117.9,mtsd-p12
SAM 3,traffic sign,grp9_1f50c9e9-WhatsApp_Image_2026-01-01_at_18.13.18.jpeg,E:\2. UM-Student\MSC Dissertation\Urban-Vision-Benchmark\Datasets\MTSD\Prepared\MTSD-Unaugmented\MTSD-YOLO\test\images\grp9_1f50c9e9-WhatsApp_Image_2026-01-01_at_18.13.18.jpeg,,,,,,<no detections>,False,True,116.1,mtsd-p12
SAM 3,traffic sign,grp9_21d58e17-S3_back.jpg,E:\2. UM-Student\MSC Dissertation\Urban-Vision-Benchmark\Datasets\MTSD\Prepared\MTSD-Unaugmented\MTSD-YOLO\test\images\grp9_21d58e17-S3_back.jpg,673.75,1265.64,1142.83,1718.77,0.7539,traffic sign,True,True,250.2,mtsd-p12
SAM 3,traffic sign,grp9_21d58e17-S3_back.jpg,E:\2. UM-Student\MSC Dissertation\Urban-Vision-Benchmark\Datasets\MTSD\Prepared\MTSD-Unaugmented\MTSD-YOLO\test\images\grp9_21d58e17-S3_back.jpg,673.06,1263.56,1146.18,3477.52,0.3984,traffic sign,True,True,250.2,mtsd-p12
SAM 3,traffic sign,grp9_21d58e17-S3_back.jpg,E:\2. UM-Student\MSC Dissertation\Urban-Vision-Benchmark\Datasets\MTSD\Prepared\MTSD-Unaugmented\MTSD-YOLO\test\images\grp9_21d58e17-S3_back.jpg,301.0,2052.04,365.69,2137.88,0.3809,traffic sign,True,True,250.2,mtsd-p12
SAM 3,traffic sign,grp9_24a6f4e2-20251122_141915.jpg,E:\2. UM-Student\MSC Dissertation\Urban-Vision-Benchmark\Datasets\MTSD\Prepared\MTSD-Unaugmented\MTSD-YOLO\test\images\grp9_24a6f4e2-20251122_141915.jpg,,,,,,<no detections>,False,True,150.7,mtsd-p12
SAM 3,traffic sign,grp9_29bd496f-IMG_20251106_153126.jpg,E:\2. UM-Student\MSC Dissertation\Urban-Vision-Benchmark\Datasets\MTSD\Prepared\MTSD-Unaugmented\MTSD-YOLO\test\images\grp9_29bd496f-IMG_20251106_153126.jpg,1068.02,2211.33,1680.76,3109.26,0.832,traffic sign,True,True,309.6,mtsd-p12
SAM 3,traffic sign,grp9_29bd496f-IMG_20251106_153126.jpg,E:\2. UM-Student\MSC Dissertation\Urban-Vision-Benchmark\Datasets\MTSD\Prepared\MTSD-Unaugmented\MTSD-YOLO\test\images\grp9_29bd496f-IMG_20251106_153126.jpg,10.06,2655.93,334.42,2848.47,0.7617,traffic sign,True,True,309.6,mtsd-p12
SAM 3,traffic sign,grp9_29bd496f-IMG_20251106_153126.jpg,E:\2. UM-Student\MSC Dissertation\Urban-Vision-Benchmark\Datasets\MTSD\Prepared\MTSD-Unaugmented\MTSD-YOLO\test\images\grp9_29bd496f-IMG_20251106_153126.jpg,1309.63,1483.37,1434.62,2221.57,0.6367,traffic sign,True,True,309.6,mtsd-p12
SAM 3,traffic sign,grp9_2c12e74f-IMG_20251106_141727.jpg,E:\2. UM-Student\MSC Dissertation\Urban-Vision-Benchmark\Datasets\MTSD\Prepared\MTSD-Unaugmented\MTSD-YOLO\test\images\grp9_2c12e74f-IMG_20251106_141727.jpg,,,,,,<no detections>,False,True,148.7,mtsd-p12
SAM 3,traffic sign,grp9_31a93fb3-20251122_141601.jpg,E:\2. UM-Student\MSC Dissertation\Urban-Vision-Benchmark\Datasets\MTSD\Prepared\MTSD-Unaugmented\MTSD-YOLO\test\images\grp9_31a93fb3-20251122_141601.jpg,,,,,,<no detections>,False,True,145.5,mtsd-p12
SAM 3,traffic sign,grp9_3724af9d-IMG_20251106_144506.jpg,E:\2. UM-Student\MSC Dissertation\Urban-Vision-Benchmark\Datasets\MTSD\Prepared\MTSD-Unaugmented\MTSD-YOLO\test\images\grp9_3724af9d-IMG_20251106_144506.jpg,1059.97,1157.11,2385.52,2967.72,0.6172,traffic sign,True,True,201.9,mtsd-p12
SAM 3,traffic sign,grp9_37f0c8a3-IMG_20251111_162207.jpg,E:\2. UM-Student\MSC Dissertation\Urban-Vision-Benchmark\Datasets\MTSD\Prepared\MTSD-Unaugmented\MTSD-YOLO\test\images\grp9_37f0c8a3-IMG_20251111_162207.jpg,1876.93,2663.94,1962.0,2791.54,0.8906,traffic sign,True,True,389.5,mtsd-p12
SAM 3,traffic sign,grp9_37f0c8a3-IMG_20251111_162207.jpg,E:\2. UM-Student\MSC Dissertation\Urban-Vision-Benchmark\Datasets\MTSD\Prepared\MTSD-Unaugmented\MTSD-YOLO\test\images\grp9_37f0c8a3-IMG_20251111_162207.jpg,751.09,2650.03,817.72,2712.23,0.832,traffic sign,True,True,389.5,mtsd-p12
SAM 3,traffic sign,grp9_37f0c8a3-IMG_20251111_162207.jpg,E:\2. UM-Student\MSC Dissertation\Urban-Vision-Benchmark\Datasets\MTSD\Prepared\MTSD-Unaugmented\MTSD-YOLO\test\images\grp9_37f0c8a3-IMG_20251111_162207.jpg,1537.76,1828.0,1621.68,2407.35,0.8008,traffic sign,True,True,389.5,mtsd-p12
SAM 3,traffic sign,grp9_37f0c8a3-IMG_20251111_162207.jpg,E:\2. UM-Student\MSC Dissertation\Urban-Vision-Benchmark\Datasets\MTSD\Prepared\MTSD-Unaugmented\MTSD-YOLO\test\images\grp9_37f0c8a3-IMG_20251111_162207.jpg,653.15,2611.56,693.15,2654.93,0.7695,traffic sign,True,True,389.5,mtsd-p12
SAM 3,traffic sign,grp9_37f0c8a3-IMG_20251111_162207.jpg,E:\2. UM-Student\MSC Dissertation\Urban-Vision-Benchmark\Datasets\MTSD\Prepared\MTSD-Unaugmented\MTSD-YOLO\test\images\grp9_37f0c8a3-IMG_20251111_162207.jpg,557.36,2614.75,591.93,2663.5,0.4121,traffic sign,True,True,389.5,mtsd-p12
SAM 3,traffic sign,grp9_37f0c8a3-IMG_20251111_162207.jpg,E:\2. UM-Student\MSC Dissertation\Urban-Vision-Benchmark\Datasets\MTSD\Prepared\MTSD-Unaugmented\MTSD-YOLO\test\images\grp9_37f0c8a3-IMG_20251111_162207.jpg,624.24,2710.97,649.38,2782.24,0.3086,traffic sign,True,True,389.5,mtsd-p12
SAM 3,traffic sign,grp9_3cb31cc9-IMG_20251106_141426.jpg,E:\2. UM-Student\MSC Dissertation\Urban-Vision-Benchmark\Datasets\MTSD\Prepared\MTSD-Unaugmented\MTSD-YOLO\test\images\grp9_3cb31cc9-IMG_20251106_141426.jpg,661.12,95.47,2528.71,1578.05,0.9258,traffic sign,True,True,234.4,mtsd-p12
SAM 3,traffic sign,grp9_3cb31cc9-IMG_20251106_141426.jpg,E:\2. UM-Student\MSC Dissertation\Urban-Vision-Benchmark\Datasets\MTSD\Prepared\MTSD-Unaugmented\MTSD-YOLO\test\images\grp9_3cb31cc9-IMG_20251106_141426.jpg,834.37,1547.3,2325.92,2981.01,0.9141,traffic sign,True,True,234.4,mtsd-p12
SAM 3,traffic sign,grp9_3cb31cc9-IMG_20251106_141426.jpg,E:\2. UM-Student\MSC Dissertation\Urban-Vision-Benchmark\Datasets\MTSD\Prepared\MTSD-Unaugmented\MTSD-YOLO\test\images\grp9_3cb31cc9-IMG_20251106_141426.jpg,2312.73,2451.2,2370.46,2506.65,0.7617,traffic sign,True,True,234.4,mtsd-p12
SAM 3,traffic sign,grp9_3cb31cc9-IMG_20251106_141426.jpg,E:\2. UM-Student\MSC Dissertation\Urban-Vision-Benchmark\Datasets\MTSD\Prepared\MTSD-Unaugmented\MTSD-YOLO\test\images\grp9_3cb31cc9-IMG_20251106_141426.jpg,2777.84,2467.66,2962.82,2564.63,0.3086,traffic sign,True,True,234.4,mtsd-p12
SAM 3,traffic sign,grp9_42edbee1-IMG_20251210_142157.jpg,E:\2. UM-Student\MSC Dissertation\Urban-Vision-Benchmark\Datasets\MTSD\Prepared\MTSD-Unaugmented\MTSD-YOLO\test\images\grp9_42edbee1-IMG_20251210_142157.jpg,1285.13,1997.3,1870.12,2495.92,0.9297,traffic sign,True,True,326.0,mtsd-p12
SAM 3,traffic sign,grp9_42edbee1-IMG_20251210_142157.jpg,E:\2. UM-Student\MSC Dissertation\Urban-Vision-Benchmark\Datasets\MTSD\Prepared\MTSD-Unaugmented\MTSD-YOLO\test\images\grp9_42edbee1-IMG_20251210_142157.jpg,2399.44,2716.77,2472.27,2792.73,0.8633,traffic sign,True,True,326.0,mtsd-p12
SAM 3,traffic sign,grp9_42edbee1-IMG_20251210_142157.jpg,E:\2. UM-Student\MSC Dissertation\Urban-Vision-Benchmark\Datasets\MTSD\Prepared\MTSD-Unaugmented\MTSD-YOLO\test\images\grp9_42edbee1-IMG_20251210_142157.jpg,2402.94,2788.6,2481.16,2835.89,0.8047,traffic sign,True,True,326.0,mtsd-p12
SAM 3,traffic sign,grp9_42edbee1-IMG_20251210_142157.jpg,E:\2. UM-Student\MSC Dissertation\Urban-Vision-Benchmark\Datasets\MTSD\Prepared\MTSD-Unaugmented\MTSD-YOLO\test\images\grp9_42edbee1-IMG_20251210_142157.jpg,2037.89,2799.31,2071.57,2842.63,0.6836,traffic sign,True,True,326.0,mtsd-p12
SAM 3,traffic sign,grp9_42edbee1-IMG_20251210_142157.jpg,E:\2. UM-Student\MSC Dissertation\Urban-Vision-Benchmark\Datasets\MTSD\Prepared\MTSD-Unaugmented\MTSD-YOLO\test\images\grp9_42edbee1-IMG_20251210_142157.jpg,1845.6,2802.4,1876.43,2840.95,0.6328,traffic sign,True,True,326.0,mtsd-p12
SAM 3,traffic sign,grp9_42edbee1-IMG_20251210_142157.jpg,E:\2. UM-Student\MSC Dissertation\Urban-Vision-Benchmark\Datasets\MTSD\Prepared\MTSD-Unaugmented\MTSD-YOLO\test\images\grp9_42edbee1-IMG_20251210_142157.jpg,1283.67,1997.05,1864.89,4080.0,0.3613,traffic sign,True,True,326.0,mtsd-p12
SAM 3,traffic sign,grp9_4319ca3a-WhatsApp_Image_2026-01-03_at_18.45.41.jpeg,E:\2. UM-Student\MSC Dissertation\Urban-Vision-Benchmark\Datasets\MTSD\Prepared\MTSD-Unaugmented\MTSD-YOLO\test\images\grp9_4319ca3a-WhatsApp_Image_2026-01-03_at_18.45.41.jpeg,646.45,871.92,755.24,1158.23,0.9141,traffic sign,True,True,119.6,mtsd-p12
SAM 3,traffic sign,grp9_4319ca3a-WhatsApp_Image_2026-01-03_at_18.45.41.jpeg,E:\2. UM-Student\MSC Dissertation\Urban-Vision-Benchmark\Datasets\MTSD\Prepared\MTSD-Unaugmented\MTSD-YOLO\test\images\grp9_4319ca3a-WhatsApp_Image_2026-01-03_at_18.45.41.jpeg,674.53,540.05,768.91,883.62,0.8672,traffic sign,True,True,119.6,mtsd-p12
SAM 3,traffic sign,grp9_4319ca3a-WhatsApp_Image_2026-01-03_at_18.45.41.jpeg,E:\2. UM-Student\MSC Dissertation\Urban-Vision-Benchmark\Datasets\MTSD\Prepared\MTSD-Unaugmented\MTSD-YOLO\test\images\grp9_4319ca3a-WhatsApp_Image_2026-01-03_at_18.45.41.jpeg,660.9,543.33,768.46,1600.0,0.3438,traffic sign,True,True,119.6,mtsd-p12
SAM 3,traffic sign,grp9_441ca6d9-WhatsApp_Image_2026-01-03_at_18.45.36_2.jpeg,E:\2. UM-Student\MSC Dissertation\Urban-Vision-Benchmark\Datasets\MTSD\Prepared\MTSD-Unaugmented\MTSD-YOLO\test\images\grp9_441ca6d9-WhatsApp_Image_2026-01-03_at_18.45.36_2.jpeg,,,,,,<no detections>,False,True,118.8,mtsd-p12
SAM 3,traffic sign,grp9_44654df9-WhatsApp_Image_2026-01-03_at_18.45.36_3.jpeg,E:\2. UM-Student\MSC Dissertation\Urban-Vision-Benchmark\Datasets\MTSD\Prepared\MTSD-Unaugmented\MTSD-YOLO\test\images\grp9_44654df9-WhatsApp_Image_2026-01-03_at_18.45.36_3.jpeg,533.02,713.54,829.61,962.99,0.9375,traffic sign,True,True,122.3,mtsd-p12
SAM 3,traffic sign,grp9_44654df9-WhatsApp_Image_2026-01-03_at_18.45.36_3.jpeg,E:\2. UM-Student\MSC Dissertation\Urban-Vision-Benchmark\Datasets\MTSD\Prepared\MTSD-Unaugmented\MTSD-YOLO\test\images\grp9_44654df9-WhatsApp_Image_2026-01-03_at_18.45.36_3.jpeg,534.26,712.94,832.37,1600.0,0.3535,traffic sign,True,True,122.3,mtsd-p12
SAM 3,traffic sign,grp9_48f9d230-IMG_20251112_155513.jpg,E:\2. UM-Student\MSC Dissertation\Urban-Vision-Benchmark\Datasets\MTSD\Prepared\MTSD-Unaugmented\MTSD-YOLO\test\images\grp9_48f9d230-IMG_20251112_155513.jpg,845.39,2654.92,931.43,2770.42,0.7617,traffic sign,True,True,228.5,mtsd-p12
SAM 3,traffic sign,grp9_48f9d230-IMG_20251112_155513.jpg,E:\2. UM-Student\MSC Dissertation\Urban-Vision-Benchmark\Datasets\MTSD\Prepared\MTSD-Unaugmented\MTSD-YOLO\test\images\grp9_48f9d230-IMG_20251112_155513.jpg,1789.48,2762.71,1875.4,2824.78,0.7461,traffic sign,True,True,228.5,mtsd-p12
SAM 3,traffic sign,grp9_48f9d230-IMG_20251112_155513.jpg,E:\2. UM-Student\MSC Dissertation\Urban-Vision-Benchmark\Datasets\MTSD\Prepared\MTSD-Unaugmented\MTSD-YOLO\test\images\grp9_48f9d230-IMG_20251112_155513.jpg,752.61,1851.91,1280.8,2360.68,0.7266,traffic sign,True,True,228.5,mtsd-p12
SAM 3,traffic sign,grp9_48f9d230-IMG_20251112_155513.jpg,E:\2. UM-Student\MSC Dissertation\Urban-Vision-Benchmark\Datasets\MTSD\Prepared\MTSD-Unaugmented\MTSD-YOLO\test\images\grp9_48f9d230-IMG_20251112_155513.jpg,1812.72,2820.3,1858.0,2884.06,0.668,traffic sign,True,True,228.5,mtsd-p12
SAM 3,traffic sign,grp9_48f9d230-IMG_20251112_155513.jpg,E:\2. UM-Student\MSC Dissertation\Urban-Vision-Benchmark\Datasets\MTSD\Prepared\MTSD-Unaugmented\MTSD-YOLO\test\images\grp9_48f9d230-IMG_20251112_155513.jpg,754.0,1847.93,1276.25,4080.0,0.5664,traffic sign,True,True,228.5,mtsd-p12
SAM 3,traffic sign,grp9_48f9d230-IMG_20251112_155513.jpg,E:\2. UM-Student\MSC Dissertation\Urban-Vision-Benchmark\Datasets\MTSD\Prepared\MTSD-Unaugmented\MTSD-YOLO\test\images\grp9_48f9d230-IMG_20251112_155513.jpg,843.82,2657.62,932.51,3199.31,0.3066,traffic sign,True,True,228.5,mtsd-p12
SAM 3,traffic sign,grp9_4a9c7d83-IMG_20251111_143857.jpg,E:\2. UM-Student\MSC Dissertation\Urban-Vision-Benchmark\Datasets\MTSD\Prepared\MTSD-Unaugmented\MTSD-YOLO\test\images\grp9_4a9c7d83-IMG_20251111_143857.jpg,1399.09,2067.32,1814.31,2436.71,0.8906,traffic sign,True,True,204.3,mtsd-p12
SAM 3,traffic sign,grp9_4a9c7d83-IMG_20251111_143857.jpg,E:\2. UM-Student\MSC Dissertation\Urban-Vision-Benchmark\Datasets\MTSD\Prepared\MTSD-Unaugmented\MTSD-YOLO\test\images\grp9_4a9c7d83-IMG_20251111_143857.jpg,1393.33,1651.96,1739.33,2075.9,0.4082,traffic sign,True,True,204.3,mtsd-p12
SAM 3,traffic sign,grp9_4a9c7d83-IMG_20251111_143857.jpg,E:\2. UM-Student\MSC Dissertation\Urban-Vision-Benchmark\Datasets\MTSD\Prepared\MTSD-Unaugmented\MTSD-YOLO\test\images\grp9_4a9c7d83-IMG_20251111_143857.jpg,1387.36,1662.18,1768.64,3691.43,0.3301,traffic sign,True,True,204.3,mtsd-p12
SAM 3,traffic sign,grp9_4d9da647-IMG_20251112_160636.jpg,E:\2. UM-Student\MSC Dissertation\Urban-Vision-Benchmark\Datasets\MTSD\Prepared\MTSD-Unaugmented\MTSD-YOLO\test\images\grp9_4d9da647-IMG_20251112_160636.jpg,865.41,1442.26,1737.33,2285.64,0.8672,traffic sign,True,True,161.0,mtsd-p12
SAM 3,traffic sign,grp9_4d9da647-IMG_20251112_160636.jpg,E:\2. UM-Student\MSC Dissertation\Urban-Vision-Benchmark\Datasets\MTSD\Prepared\MTSD-Unaugmented\MTSD-YOLO\test\images\grp9_4d9da647-IMG_20251112_160636.jpg,861.82,1433.69,1741.12,4075.03,0.3359,traffic sign,True,True,161.0,mtsd-p12
SAM 3,traffic sign,grp9_561ba1c4-IMG_20251111_162044.jpg,E:\2. UM-Student\MSC Dissertation\Urban-Vision-Benchmark\Datasets\MTSD\Prepared\MTSD-Unaugmented\MTSD-YOLO\test\images\grp9_561ba1c4-IMG_20251111_162044.jpg,1223.71,1854.74,1584.62,2211.48,0.8945,traffic sign,True,True,374.6,mtsd-p12
SAM 3,traffic sign,grp9_561ba1c4-IMG_20251111_162044.jpg,E:\2. UM-Student\MSC Dissertation\Urban-Vision-Benchmark\Datasets\MTSD\Prepared\MTSD-Unaugmented\MTSD-YOLO\test\images\grp9_561ba1c4-IMG_20251111_162044.jpg,1899.96,2470.82,1978.06,2552.9,0.8594,traffic sign,True,True,374.6,mtsd-p12
SAM 3,traffic sign,grp9_561ba1c4-IMG_20251111_162044.jpg,E:\2. UM-Student\MSC Dissertation\Urban-Vision-Benchmark\Datasets\MTSD\Prepared\MTSD-Unaugmented\MTSD-YOLO\test\images\grp9_561ba1c4-IMG_20251111_162044.jpg,1883.43,2371.25,1984.72,2469.35,0.8594,traffic sign,True,True,374.6,mtsd-p12
SAM 3,traffic sign,grp9_561ba1c4-IMG_20251111_162044.jpg,E:\2. UM-Student\MSC Dissertation\Urban-Vision-Benchmark\Datasets\MTSD\Prepared\MTSD-Unaugmented\MTSD-YOLO\test\images\grp9_561ba1c4-IMG_20251111_162044.jpg,1158.88,2586.24,1189.17,2636.99,0.6953,traffic sign,True,True,374.6,mtsd-p12
SAM 3,traffic sign,grp9_561ba1c4-IMG_20251111_162044.jpg,E:\2. UM-Student\MSC Dissertation\Urban-Vision-Benchmark\Datasets\MTSD\Prepared\MTSD-Unaugmented\MTSD-YOLO\test\images\grp9_561ba1c4-IMG_20251111_162044.jpg,1420.78,2633.57,1441.4,2685.62,0.6484,traffic sign,True,True,374.6,mtsd-p12
SAM 3,traffic sign,grp9_561ba1c4-IMG_20251111_162044.jpg,E:\2. UM-Student\MSC Dissertation\Urban-Vision-Benchmark\Datasets\MTSD\Prepared\MTSD-Unaugmented\MTSD-YOLO\test\images\grp9_561ba1c4-IMG_20251111_162044.jpg,800.22,2609.44,824.82,2648.24,0.5352,traffic sign,True,True,374.6,mtsd-p12
SAM 3,traffic sign,grp9_561ba1c4-IMG_20251111_162044.jpg,E:\2. UM-Student\MSC Dissertation\Urban-Vision-Benchmark\Datasets\MTSD\Prepared\MTSD-Unaugmented\MTSD-YOLO\test\images\grp9_561ba1c4-IMG_20251111_162044.jpg,1178.58,2654.8,1203.21,2705.53,0.4707,traffic sign,True,True,374.6,mtsd-p12
SAM 3,traffic sign,grp9_58c8b920-IMG_20251106_153249.jpg,E:\2. UM-Student\MSC Dissertation\Urban-Vision-Benchmark\Datasets\MTSD\Prepared\MTSD-Unaugmented\MTSD-YOLO\test\images\grp9_58c8b920-IMG_20251106_153249.jpg,1383.03,1597.05,1819.13,1984.43,0.3145,traffic sign,True,True,201.3,mtsd-p12
SAM 3,traffic sign,grp9_5b67e831-IMG_20251106_155530.jpg,E:\2. UM-Student\MSC Dissertation\Urban-Vision-Benchmark\Datasets\MTSD\Prepared\MTSD-Unaugmented\MTSD-YOLO\test\images\grp9_5b67e831-IMG_20251106_155530.jpg,999.25,1009.74,1887.14,1804.61,0.6719,traffic sign,True,True,216.6,mtsd-p12
SAM 3,traffic sign,grp9_5b67e831-IMG_20251106_155530.jpg,E:\2. UM-Student\MSC Dissertation\Urban-Vision-Benchmark\Datasets\MTSD\Prepared\MTSD-Unaugmented\MTSD-YOLO\test\images\grp9_5b67e831-IMG_20251106_155530.jpg,882.93,1803.41,1912.72,2796.38,0.5938,traffic sign,True,True,216.6,mtsd-p12
SAM 3,traffic sign,grp9_5b67e831-IMG_20251106_155530.jpg,E:\2. UM-Student\MSC Dissertation\Urban-Vision-Benchmark\Datasets\MTSD\Prepared\MTSD-Unaugmented\MTSD-YOLO\test\images\grp9_5b67e831-IMG_20251106_155530.jpg,907.21,1008.84,1899.81,3994.51,0.4375,traffic sign,True,True,216.6,mtsd-p12
SAM 3,traffic sign,grp9_5b67e831-IMG_20251106_155530.jpg,E:\2. UM-Student\MSC Dissertation\Urban-Vision-Benchmark\Datasets\MTSD\Prepared\MTSD-Unaugmented\MTSD-YOLO\test\images\grp9_5b67e831-IMG_20251106_155530.jpg,1095.71,2878.76,1682.2,3537.8,0.4102,traffic sign,True,True,216.6,mtsd-p12
SAM 3,traffic sign,grp9_5b67e831-IMG_20251106_155530.jpg,E:\2. UM-Student\MSC Dissertation\Urban-Vision-Benchmark\Datasets\MTSD\Prepared\MTSD-Unaugmented\MTSD-YOLO\test\images\grp9_5b67e831-IMG_20251106_155530.jpg,1099.02,2878.37,1330.24,3535.28,0.3008,traffic sign,True,True,216.6,mtsd-p12
SAM 3,traffic sign,grp9_636a2125-IMG_20251111_155635.jpg,E:\2. UM-Student\MSC Dissertation\Urban-Vision-Benchmark\Datasets\MTSD\Prepared\MTSD-Unaugmented\MTSD-YOLO\test\images\grp9_636a2125-IMG_20251111_155635.jpg,,,,,,<no detections>,False,True,151.6,mtsd-p12
SAM 3,traffic sign,grp9_673470fc-IMG_20251111_160954.jpg,E:\2. UM-Student\MSC Dissertation\Urban-Vision-Benchmark\Datasets\MTSD\Prepared\MTSD-Unaugmented\MTSD-YOLO\test\images\grp9_673470fc-IMG_20251111_160954.jpg,1523.45,2045.76,1773.45,2302.38,0.9141,traffic sign,True,True,620.4,mtsd-p12
SAM 3,traffic sign,grp9_673470fc-IMG_20251111_160954.jpg,E:\2. UM-Student\MSC Dissertation\Urban-Vision-Benchmark\Datasets\MTSD\Prepared\MTSD-Unaugmented\MTSD-YOLO\test\images\grp9_673470fc-IMG_20251111_160954.jpg,1471.94,1729.69,1804.06,2043.17,0.8984,traffic sign,True,True,620.4,mtsd-p12
SAM 3,traffic sign,grp9_673470fc-IMG_20251111_160954.jpg,E:\2. UM-Student\MSC Dissertation\Urban-Vision-Benchmark\Datasets\MTSD\Prepared\MTSD-Unaugmented\MTSD-YOLO\test\images\grp9_673470fc-IMG_20251111_160954.jpg,1012.1,2308.5,1096.85,2395.92,0.875,traffic sign,True,True,620.4,mtsd-p12
SAM 3,traffic sign,grp9_673470fc-IMG_20251111_160954.jpg,E:\2. UM-Student\MSC Dissertation\Urban-Vision-Benchmark\Datasets\MTSD\Prepared\MTSD-Unaugmented\MTSD-YOLO\test\images\grp9_673470fc-IMG_20251111_160954.jpg,2158.91,2286.33,2239.11,2371.75,0.8672,traffic sign,True,True,620.4,mtsd-p12
SAM 3,traffic sign,grp9_673470fc-IMG_20251111_160954.jpg,E:\2. UM-Student\MSC Dissertation\Urban-Vision-Benchmark\Datasets\MTSD\Prepared\MTSD-Unaugmented\MTSD-YOLO\test\images\grp9_673470fc-IMG_20251111_160954.jpg,2659.68,2279.26,2733.37,2365.31,0.8008,traffic sign,True,True,620.4,mtsd-p12
SAM 3,traffic sign,grp9_673470fc-IMG_20251111_160954.jpg,E:\2. UM-Student\MSC Dissertation\Urban-Vision-Benchmark\Datasets\MTSD\Prepared\MTSD-Unaugmented\MTSD-YOLO\test\images\grp9_673470fc-IMG_20251111_160954.jpg,1366.76,2361.0,1412.44,2406.33,0.7969,traffic sign,True,True,620.4,mtsd-p12
SAM 3,traffic sign,grp9_673470fc-IMG_20251111_160954.jpg,E:\2. UM-Student\MSC Dissertation\Urban-Vision-Benchmark\Datasets\MTSD\Prepared\MTSD-Unaugmented\MTSD-YOLO\test\images\grp9_673470fc-IMG_20251111_160954.jpg,1367.73,2400.37,1414.93,2440.01,0.793,traffic sign,True,True,620.4,mtsd-p12
SAM 3,traffic sign,grp9_673470fc-IMG_20251111_160954.jpg,E:\2. UM-Student\MSC Dissertation\Urban-Vision-Benchmark\Datasets\MTSD\Prepared\MTSD-Unaugmented\MTSD-YOLO\test\images\grp9_673470fc-IMG_20251111_160954.jpg,1664.76,2392.28,1714.98,2445.39,0.7852,traffic sign,True,True,620.4,mtsd-p12
SAM 3,traffic sign,grp9_673470fc-IMG_20251111_160954.jpg,E:\2. UM-Student\MSC Dissertation\Urban-Vision-Benchmark\Datasets\MTSD\Prepared\MTSD-Unaugmented\MTSD-YOLO\test\images\grp9_673470fc-IMG_20251111_160954.jpg,2643.24,2169.22,2741.47,2266.54,0.7109,traffic sign,True,True,620.4,mtsd-p12
SAM 3,traffic sign,grp9_673470fc-IMG_20251111_160954.jpg,E:\2. UM-Student\MSC Dissertation\Urban-Vision-Benchmark\Datasets\MTSD\Prepared\MTSD-Unaugmented\MTSD-YOLO\test\images\grp9_673470fc-IMG_20251111_160954.jpg,1954.82,2409.18,1994.49,2461.07,0.6875,traffic sign,True,True,620.4,mtsd-p12
SAM 3,traffic sign,grp9_673470fc-IMG_20251111_160954.jpg,E:\2. UM-Student\MSC Dissertation\Urban-Vision-Benchmark\Datasets\MTSD\Prepared\MTSD-Unaugmented\MTSD-YOLO\test\images\grp9_673470fc-IMG_20251111_160954.jpg,2757.18,2286.22,2822.51,2360.04,0.6719,traffic sign,True,True,620.4,mtsd-p12
SAM 3,traffic sign,grp9_673470fc-IMG_20251111_160954.jpg,E:\2. UM-Student\MSC Dissertation\Urban-Vision-Benchmark\Datasets\MTSD\Prepared\MTSD-Unaugmented\MTSD-YOLO\test\images\grp9_673470fc-IMG_20251111_160954.jpg,2048.76,2313.87,2123.24,2391.76,0.6484,traffic sign,True,True,620.4,mtsd-p12
SAM 3,traffic sign,grp9_673470fc-IMG_20251111_160954.jpg,E:\2. UM-Student\MSC Dissertation\Urban-Vision-Benchmark\Datasets\MTSD\Prepared\MTSD-Unaugmented\MTSD-YOLO\test\images\grp9_673470fc-IMG_20251111_160954.jpg,2001.95,2521.14,2050.71,2641.48,0.6133,traffic sign,True,True,620.4,mtsd-p12
SAM 3,traffic sign,grp9_673470fc-IMG_20251111_160954.jpg,E:\2. UM-Student\MSC Dissertation\Urban-Vision-Benchmark\Datasets\MTSD\Prepared\MTSD-Unaugmented\MTSD-YOLO\test\images\grp9_673470fc-IMG_20251111_160954.jpg,2285.23,2372.82,2322.73,2427.5,0.334,traffic sign,True,True,620.4,mtsd-p12
SAM 3,traffic sign,grp9_673470fc-IMG_20251111_160954.jpg,E:\2. UM-Student\MSC Dissertation\Urban-Vision-Benchmark\Datasets\MTSD\Prepared\MTSD-Unaugmented\MTSD-YOLO\test\images\grp9_673470fc-IMG_20251111_160954.jpg,1474.32,1741.89,1799.55,3140.46,0.3027,traffic sign,True,True,620.4,mtsd-p12
SAM 3,traffic sign,grp9_6867b383-IMG_20251111_160020.jpg,E:\2. UM-Student\MSC Dissertation\Urban-Vision-Benchmark\Datasets\MTSD\Prepared\MTSD-Unaugmented\MTSD-YOLO\test\images\grp9_6867b383-IMG_20251111_160020.jpg,1272.72,1685.56,1731.37,2132.95,0.875,traffic sign,True,True,208.2,mtsd-p12
SAM 3,traffic sign,grp9_6ad958e6-IMG_20251112_155635.jpg,E:\2. UM-Student\MSC Dissertation\Urban-Vision-Benchmark\Datasets\MTSD\Prepared\MTSD-Unaugmented\MTSD-YOLO\test\images\grp9_6ad958e6-IMG_20251112_155635.jpg,1233.24,1258.97,1705.42,2135.21,0.7305,traffic sign,True,True,198.1,mtsd-p12
SAM 3,traffic sign,grp9_6ad958e6-IMG_20251112_155635.jpg,E:\2. UM-Student\MSC Dissertation\Urban-Vision-Benchmark\Datasets\MTSD\Prepared\MTSD-Unaugmented\MTSD-YOLO\test\images\grp9_6ad958e6-IMG_20251112_155635.jpg,1266.05,1268.66,1703.64,4078.47,0.3301,traffic sign,True,True,198.1,mtsd-p12
SAM 3,traffic sign,grp9_6adfb65e-WhatsApp_Image_2026-01-01_at_18.13.00_2.jpeg,E:\2. UM-Student\MSC Dissertation\Urban-Vision-Benchmark\Datasets\MTSD\Prepared\MTSD-Unaugmented\MTSD-YOLO\test\images\grp9_6adfb65e-WhatsApp_Image_2026-01-01_at_18.13.00_2.jpeg,330.91,1053.9,652.48,1357.83,0.9062,traffic sign,True,True,156.8,mtsd-p12
SAM 3,traffic sign,grp9_6adfb65e-WhatsApp_Image_2026-01-01_at_18.13.00_2.jpeg,E:\2. UM-Student\MSC Dissertation\Urban-Vision-Benchmark\Datasets\MTSD\Prepared\MTSD-Unaugmented\MTSD-YOLO\test\images\grp9_6adfb65e-WhatsApp_Image_2026-01-01_at_18.13.00_2.jpeg,914.13,1419.76,952.08,1487.45,0.5977,traffic sign,True,True,156.8,mtsd-p12
SAM 3,traffic sign,grp9_6adfb65e-WhatsApp_Image_2026-01-01_at_18.13.00_2.jpeg,E:\2. UM-Student\MSC Dissertation\Urban-Vision-Benchmark\Datasets\MTSD\Prepared\MTSD-Unaugmented\MTSD-YOLO\test\images\grp9_6adfb65e-WhatsApp_Image_2026-01-01_at_18.13.00_2.jpeg,1114.52,1437.32,1164.86,1508.5,0.5664,traffic sign,True,True,156.8,mtsd-p12
SAM 3,traffic sign,grp9_6adfb65e-WhatsApp_Image_2026-01-01_at_18.13.00_2.jpeg,E:\2. UM-Student\MSC Dissertation\Urban-Vision-Benchmark\Datasets\MTSD\Prepared\MTSD-Unaugmented\MTSD-YOLO\test\images\grp9_6adfb65e-WhatsApp_Image_2026-01-01_at_18.13.00_2.jpeg,153.45,0.0,247.97,73.17,0.3711,traffic sign,True,True,156.8,mtsd-p12
SAM 3,traffic sign,grp9_6adfb65e-WhatsApp_Image_2026-01-01_at_18.13.00_2.jpeg,E:\2. UM-Student\MSC Dissertation\Urban-Vision-Benchmark\Datasets\MTSD\Prepared\MTSD-Unaugmented\MTSD-YOLO\test\images\grp9_6adfb65e-WhatsApp_Image_2026-01-01_at_18.13.00_2.jpeg,1113.87,1434.91,1207.88,1820.45,0.3281,traffic sign,True,True,156.8,mtsd-p12
SAM 3,traffic sign,grp9_6adfb65e-WhatsApp_Image_2026-01-01_at_18.13.00_2.jpeg,E:\2. UM-Student\MSC Dissertation\Urban-Vision-Benchmark\Datasets\MTSD\Prepared\MTSD-Unaugmented\MTSD-YOLO\test\images\grp9_6adfb65e-WhatsApp_Image_2026-01-01_at_18.13.00_2.jpeg,803.44,1519.67,964.43,1591.08,0.3008,traffic sign,True,True,156.8,mtsd-p12
SAM 3,traffic sign,grp9_6e84abf6-IMG_20251106_145409.jpg,E:\2. UM-Student\MSC Dissertation\Urban-Vision-Benchmark\Datasets\MTSD\Prepared\MTSD-Unaugmented\MTSD-YOLO\test\images\grp9_6e84abf6-IMG_20251106_145409.jpg,1193.46,1925.18,2236.55,2929.89,0.9297,traffic sign,True,True,223.7,mtsd-p12
SAM 3,traffic sign,grp9_6e84abf6-IMG_20251106_145409.jpg,E:\2. UM-Student\MSC Dissertation\Urban-Vision-Benchmark\Datasets\MTSD\Prepared\MTSD-Unaugmented\MTSD-YOLO\test\images\grp9_6e84abf6-IMG_20251106_145409.jpg,1017.51,1061.64,2326.0,1944.49,0.9297,traffic sign,True,True,223.7,mtsd-p12
SAM 3,traffic sign,grp9_6e84abf6-IMG_20251106_145409.jpg,E:\2. UM-Student\MSC Dissertation\Urban-Vision-Benchmark\Datasets\MTSD\Prepared\MTSD-Unaugmented\MTSD-YOLO\test\images\grp9_6e84abf6-IMG_20251106_145409.jpg,1837.12,3367.22,2040.4,3501.17,0.4023,traffic sign,True,True,223.7,mtsd-p12
SAM 3,traffic sign,grp9_73c5c90a-IMG_20251106_152941.jpg,E:\2. UM-Student\MSC Dissertation\Urban-Vision-Benchmark\Datasets\MTSD\Prepared\MTSD-Unaugmented\MTSD-YOLO\test\images\grp9_73c5c90a-IMG_20251106_152941.jpg,1415.09,1643.58,1511.24,2229.58,0.3516,traffic sign,True,True,181.0,mtsd-p12
SAM 3,traffic sign,grp9_76700fa1-IMG_20251111_162238.jpg,E:\2. UM-Student\MSC Dissertation\Urban-Vision-Benchmark\Datasets\MTSD\Prepared\MTSD-Unaugmented\MTSD-YOLO\test\images\grp9_76700fa1-IMG_20251111_162238.jpg,1512.99,1941.91,1814.18,2256.38,0.9219,traffic sign,True,True,340.5,mtsd-p12
SAM 3,traffic sign,grp9_76700fa1-IMG_20251111_162238.jpg,E:\2. UM-Student\MSC Dissertation\Urban-Vision-Benchmark\Datasets\MTSD\Prepared\MTSD-Unaugmented\MTSD-YOLO\test\images\grp9_76700fa1-IMG_20251111_162238.jpg,1468.8,1559.46,1887.85,1938.12,0.8945,traffic sign,True,True,340.5,mtsd-p12
SAM 3,traffic sign,grp9_76700fa1-IMG_20251111_162238.jpg,E:\2. UM-Student\MSC Dissertation\Urban-Vision-Benchmark\Datasets\MTSD\Prepared\MTSD-Unaugmented\MTSD-YOLO\test\images\grp9_76700fa1-IMG_20251111_162238.jpg,1839.06,2136.11,1993.41,2306.19,0.8945,traffic sign,True,True,340.5,mtsd-p12
SAM 3,traffic sign,grp9_76700fa1-IMG_20251111_162238.jpg,E:\2. UM-Student\MSC Dissertation\Urban-Vision-Benchmark\Datasets\MTSD\Prepared\MTSD-Unaugmented\MTSD-YOLO\test\images\grp9_76700fa1-IMG_20251111_162238.jpg,536.17,2118.14,640.72,2304.69,0.7422,traffic sign,True,True,340.5,mtsd-p12
SAM 3,traffic sign,grp9_76700fa1-IMG_20251111_162238.jpg,E:\2. UM-Student\MSC Dissertation\Urban-Vision-Benchmark\Datasets\MTSD\Prepared\MTSD-Unaugmented\MTSD-YOLO\test\images\grp9_76700fa1-IMG_20251111_162238.jpg,1460.37,2340.9,1534.63,2398.83,0.668,traffic sign,True,True,340.5,mtsd-p12
SAM 3,traffic sign,grp9_76700fa1-IMG_20251111_162238.jpg,E:\2. UM-Student\MSC Dissertation\Urban-Vision-Benchmark\Datasets\MTSD\Prepared\MTSD-Unaugmented\MTSD-YOLO\test\images\grp9_76700fa1-IMG_20251111_162238.jpg,2139.54,2296.47,2244.25,2421.69,0.5039,traffic sign,True,True,340.5,mtsd-p12
SAM 3,traffic sign,grp9_76700fa1-IMG_20251111_162238.jpg,E:\2. UM-Student\MSC Dissertation\Urban-Vision-Benchmark\Datasets\MTSD\Prepared\MTSD-Unaugmented\MTSD-YOLO\test\images\grp9_76700fa1-IMG_20251111_162238.jpg,2114.17,2629.69,2181.65,2826.89,0.3535,traffic sign,True,True,340.5,mtsd-p12
SAM 3,traffic sign,grp9_76700fa1-IMG_20251111_162238.jpg,E:\2. UM-Student\MSC Dissertation\Urban-Vision-Benchmark\Datasets\MTSD\Prepared\MTSD-Unaugmented\MTSD-YOLO\test\images\grp9_76700fa1-IMG_20251111_162238.jpg,2654.68,2307.64,2699.58,2460.54,0.3398,traffic sign,True,True,340.5,mtsd-p12
SAM 3,traffic sign,grp9_7b22f970-IMG_20251106_152243.jpg,E:\2. UM-Student\MSC Dissertation\Urban-Vision-Benchmark\Datasets\MTSD\Prepared\MTSD-Unaugmented\MTSD-YOLO\test\images\grp9_7b22f970-IMG_20251106_152243.jpg,1102.67,824.86,1925.59,1792.75,0.9297,traffic sign,True,True,217.7,mtsd-p12
SAM 3,traffic sign,grp9_7b22f970-IMG_20251106_152243.jpg,E:\2. UM-Student\MSC Dissertation\Urban-Vision-Benchmark\Datasets\MTSD\Prepared\MTSD-Unaugmented\MTSD-YOLO\test\images\grp9_7b22f970-IMG_20251106_152243.jpg,1055.4,2053.41,1936.82,3057.89,0.9141,traffic sign,True,True,217.7,mtsd-p12
SAM 3,traffic sign,grp9_7b22f970-IMG_20251106_152243.jpg,E:\2. UM-Student\MSC Dissertation\Urban-Vision-Benchmark\Datasets\MTSD\Prepared\MTSD-Unaugmented\MTSD-YOLO\test\images\grp9_7b22f970-IMG_20251106_152243.jpg,1926.78,2568.12,2333.1,2724.57,0.373,traffic sign,True,True,217.7,mtsd-p12
SAM 3,traffic sign,grp9_7d690022-WhatsApp_Image_2026-01-03_at_18.45.17_5.jpeg,E:\2. UM-Student\MSC Dissertation\Urban-Vision-Benchmark\Datasets\MTSD\Prepared\MTSD-Unaugmented\MTSD-YOLO\test\images\grp9_7d690022-WhatsApp_Image_2026-01-03_at_18.45.17_5.jpeg,,,,,,<no detections>,False,True,124.4,mtsd-p12
SAM 3,traffic sign,grp9_815852c2-IMG_20251112_155220.jpg,E:\2. UM-Student\MSC Dissertation\Urban-Vision-Benchmark\Datasets\MTSD\Prepared\MTSD-Unaugmented\MTSD-YOLO\test\images\grp9_815852c2-IMG_20251112_155220.jpg,479.51,2114.4,755.88,2376.61,0.459,traffic sign,True,True,241.5,mtsd-p12
SAM 3,traffic sign,grp9_815852c2-IMG_20251112_155220.jpg,E:\2. UM-Student\MSC Dissertation\Urban-Vision-Benchmark\Datasets\MTSD\Prepared\MTSD-Unaugmented\MTSD-YOLO\test\images\grp9_815852c2-IMG_20251112_155220.jpg,462.21,2367.83,736.51,2518.36,0.3418,traffic sign,True,True,241.5,mtsd-p12
SAM 3,traffic sign,grp9_815852c2-IMG_20251112_155220.jpg,E:\2. UM-Student\MSC Dissertation\Urban-Vision-Benchmark\Datasets\MTSD\Prepared\MTSD-Unaugmented\MTSD-YOLO\test\images\grp9_815852c2-IMG_20251112_155220.jpg,513.19,2573.14,556.94,2645.86,0.3145,traffic sign,True,True,241.5,mtsd-p12
SAM 3,traffic sign,grp9_91c9ea8f-IMG_20251112_162243.jpg,E:\2. UM-Student\MSC Dissertation\Urban-Vision-Benchmark\Datasets\MTSD\Prepared\MTSD-Unaugmented\MTSD-YOLO\test\images\grp9_91c9ea8f-IMG_20251112_162243.jpg,1178.78,1651.65,1657.26,2085.81,0.9023,traffic sign,True,True,206.1,mtsd-p12
SAM 3,traffic sign,grp9_91c9ea8f-IMG_20251112_162243.jpg,E:\2. UM-Student\MSC Dissertation\Urban-Vision-Benchmark\Datasets\MTSD\Prepared\MTSD-Unaugmented\MTSD-YOLO\test\images\grp9_91c9ea8f-IMG_20251112_162243.jpg,1222.8,2084.02,1650.01,2619.63,0.7656,traffic sign,True,True,206.1,mtsd-p12
SAM 3,traffic sign,grp9_91c9ea8f-IMG_20251112_162243.jpg,E:\2. UM-Student\MSC Dissertation\Urban-Vision-Benchmark\Datasets\MTSD\Prepared\MTSD-Unaugmented\MTSD-YOLO\test\images\grp9_91c9ea8f-IMG_20251112_162243.jpg,1803.81,614.45,1941.84,680.81,0.3281,traffic sign,True,True,206.1,mtsd-p12
SAM 3,traffic sign,grp9_93cceec3-IMG_20251112_162528.jpg,E:\2. UM-Student\MSC Dissertation\Urban-Vision-Benchmark\Datasets\MTSD\Prepared\MTSD-Unaugmented\MTSD-YOLO\test\images\grp9_93cceec3-IMG_20251112_162528.jpg,991.14,719.36,2654.12,2431.59,0.8516,traffic sign,True,True,224.5,mtsd-p12
SAM 3,traffic sign,grp9_a133d565-WhatsApp_Image_2026-01-01_at_18.13.09.jpeg,E:\2. UM-Student\MSC Dissertation\Urban-Vision-Benchmark\Datasets\MTSD\Prepared\MTSD-Unaugmented\MTSD-YOLO\test\images\grp9_a133d565-WhatsApp_Image_2026-01-01_at_18.13.09.jpeg,602.7,1058.76,784.87,1244.82,0.6133,traffic sign,True,True,124.8,mtsd-p12
SAM 3,traffic sign,grp9_a3c63c83-IMG_20251112_162857.jpg,E:\2. UM-Student\MSC Dissertation\Urban-Vision-Benchmark\Datasets\MTSD\Prepared\MTSD-Unaugmented\MTSD-YOLO\test\images\grp9_a3c63c83-IMG_20251112_162857.jpg,1293.24,1177.2,1721.69,2006.71,0.5781,traffic sign,True,True,229.7,mtsd-p12
SAM 3,traffic sign,grp9_a3c63c83-IMG_20251112_162857.jpg,E:\2. UM-Student\MSC Dissertation\Urban-Vision-Benchmark\Datasets\MTSD\Prepared\MTSD-Unaugmented\MTSD-YOLO\test\images\grp9_a3c63c83-IMG_20251112_162857.jpg,1323.87,2619.22,1810.13,3488.02,0.4238,traffic sign,True,True,229.7,mtsd-p12
SAM 3,traffic sign,grp9_a3c63c83-IMG_20251112_162857.jpg,E:\2. UM-Student\MSC Dissertation\Urban-Vision-Benchmark\Datasets\MTSD\Prepared\MTSD-Unaugmented\MTSD-YOLO\test\images\grp9_a3c63c83-IMG_20251112_162857.jpg,1390.08,1964.04,1664.62,2603.43,0.4121,traffic sign,True,True,229.7,mtsd-p12
SAM 3,traffic sign,grp9_a3c63c83-IMG_20251112_162857.jpg,E:\2. UM-Student\MSC Dissertation\Urban-Vision-Benchmark\Datasets\MTSD\Prepared\MTSD-Unaugmented\MTSD-YOLO\test\images\grp9_a3c63c83-IMG_20251112_162857.jpg,1291.49,1190.64,1755.76,4080.0,0.3926,traffic sign,True,True,229.7,mtsd-p12
SAM 3,traffic sign,grp9_a6b8460c-20251122_140515.jpg,E:\2. UM-Student\MSC Dissertation\Urban-Vision-Benchmark\Datasets\MTSD\Prepared\MTSD-Unaugmented\MTSD-YOLO\test\images\grp9_a6b8460c-20251122_140515.jpg,2953.38,1668.95,3000.0,1821.83,0.6406,traffic sign,True,True,190.7,mtsd-p12
SAM 3,traffic sign,grp9_a745c9e2-IMG_20251106_152554.jpg,E:\2. UM-Student\MSC Dissertation\Urban-Vision-Benchmark\Datasets\MTSD\Prepared\MTSD-Unaugmented\MTSD-YOLO\test\images\grp9_a745c9e2-IMG_20251106_152554.jpg,1386.67,2053.45,2167.93,2878.05,0.5273,traffic sign,True,True,212.6,mtsd-p12
SAM 3,traffic sign,grp9_a745c9e2-IMG_20251106_152554.jpg,E:\2. UM-Student\MSC Dissertation\Urban-Vision-Benchmark\Datasets\MTSD\Prepared\MTSD-Unaugmented\MTSD-YOLO\test\images\grp9_a745c9e2-IMG_20251106_152554.jpg,1988.42,3535.97,2060.16,3617.14,0.3906,traffic sign,True,True,212.6,mtsd-p12
SAM 3,traffic sign,grp9_a745c9e2-IMG_20251106_152554.jpg,E:\2. UM-Student\MSC Dissertation\Urban-Vision-Benchmark\Datasets\MTSD\Prepared\MTSD-Unaugmented\MTSD-YOLO\test\images\grp9_a745c9e2-IMG_20251106_152554.jpg,2034.4,3764.36,2099.44,3824.86,0.3594,traffic sign,True,True,212.6,mtsd-p12
SAM 3,traffic sign,grp9_a745c9e2-IMG_20251106_152554.jpg,E:\2. UM-Student\MSC Dissertation\Urban-Vision-Benchmark\Datasets\MTSD\Prepared\MTSD-Unaugmented\MTSD-YOLO\test\images\grp9_a745c9e2-IMG_20251106_152554.jpg,1996.31,3678.18,2075.87,3745.79,0.3418,traffic sign,True,True,212.6,mtsd-p12
SAM 3,traffic sign,grp9_a745c9e2-IMG_20251106_152554.jpg,E:\2. UM-Student\MSC Dissertation\Urban-Vision-Benchmark\Datasets\MTSD\Prepared\MTSD-Unaugmented\MTSD-YOLO\test\images\grp9_a745c9e2-IMG_20251106_152554.jpg,1383.8,2049.85,2161.24,4096.0,0.3203,traffic sign,True,True,212.6,mtsd-p12
SAM 3,traffic sign,grp9_a745c9e2-IMG_20251106_152554.jpg,E:\2. UM-Student\MSC Dissertation\Urban-Vision-Benchmark\Datasets\MTSD\Prepared\MTSD-Unaugmented\MTSD-YOLO\test\images\grp9_a745c9e2-IMG_20251106_152554.jpg,1990.82,3621.83,2070.54,3687.41,0.3164,traffic sign,True,True,212.6,mtsd-p12
SAM 3,traffic sign,grp9_a7e54ad2-IMG_20251210_141604.jpg,E:\2. UM-Student\MSC Dissertation\Urban-Vision-Benchmark\Datasets\MTSD\Prepared\MTSD-Unaugmented\MTSD-YOLO\test\images\grp9_a7e54ad2-IMG_20251210_141604.jpg,1397.75,1128.43,1597.26,2218.0,0.8789,traffic sign,True,True,242.7,mtsd-p12
SAM 3,traffic sign,grp9_a7e54ad2-IMG_20251210_141604.jpg,E:\2. UM-Student\MSC Dissertation\Urban-Vision-Benchmark\Datasets\MTSD\Prepared\MTSD-Unaugmented\MTSD-YOLO\test\images\grp9_a7e54ad2-IMG_20251210_141604.jpg,1073.2,3567.71,1828.21,4079.7,0.7695,traffic sign,True,True,242.7,mtsd-p12
SAM 3,traffic sign,grp9_ae723934-WhatsApp_Image_2026-01-03_at_18.45.36.jpeg,E:\2. UM-Student\MSC Dissertation\Urban-Vision-Benchmark\Datasets\MTSD\Prepared\MTSD-Unaugmented\MTSD-YOLO\test\images\grp9_ae723934-WhatsApp_Image_2026-01-03_at_18.45.36.jpeg,560.52,710.5,750.91,882.47,0.9492,traffic sign,True,True,130.1,mtsd-p12
SAM 3,traffic sign,grp9_ae723934-WhatsApp_Image_2026-01-03_at_18.45.36.jpeg,E:\2. UM-Student\MSC Dissertation\Urban-Vision-Benchmark\Datasets\MTSD\Prepared\MTSD-Unaugmented\MTSD-YOLO\test\images\grp9_ae723934-WhatsApp_Image_2026-01-03_at_18.45.36.jpeg,1137.73,594.99,1200.0,764.87,0.668,traffic sign,True,True,130.1,mtsd-p12
SAM 3,traffic sign,grp9_b775d113-IMG_20251111_162326.jpg,E:\2. UM-Student\MSC Dissertation\Urban-Vision-Benchmark\Datasets\MTSD\Prepared\MTSD-Unaugmented\MTSD-YOLO\test\images\grp9_b775d113-IMG_20251111_162326.jpg,733.24,2366.42,822.58,2575.28,0.8672,traffic sign,True,True,235.0,mtsd-p12
SAM 3,traffic sign,grp9_b775d113-IMG_20251111_162326.jpg,E:\2. UM-Student\MSC Dissertation\Urban-Vision-Benchmark\Datasets\MTSD\Prepared\MTSD-Unaugmented\MTSD-YOLO\test\images\grp9_b775d113-IMG_20251111_162326.jpg,2772.14,2687.99,2848.82,2764.96,0.8398,traffic sign,True,True,235.0,mtsd-p12
SAM 3,traffic sign,grp9_b775d113-IMG_20251111_162326.jpg,E:\2. UM-Student\MSC Dissertation\Urban-Vision-Benchmark\Datasets\MTSD\Prepared\MTSD-Unaugmented\MTSD-YOLO\test\images\grp9_b775d113-IMG_20251111_162326.jpg,2758.01,2606.27,2847.22,2688.55,0.7383,traffic sign,True,True,235.0,mtsd-p12
SAM 3,traffic sign,grp9_b775d113-IMG_20251111_162326.jpg,E:\2. UM-Student\MSC Dissertation\Urban-Vision-Benchmark\Datasets\MTSD\Prepared\MTSD-Unaugmented\MTSD-YOLO\test\images\grp9_b775d113-IMG_20251111_162326.jpg,2292.52,1290.63,2415.54,2027.74,0.3438,traffic sign,True,True,235.0,mtsd-p12
SAM 3,traffic sign,grp9_b775d113-IMG_20251111_162326.jpg,E:\2. UM-Student\MSC Dissertation\Urban-Vision-Benchmark\Datasets\MTSD\Prepared\MTSD-Unaugmented\MTSD-YOLO\test\images\grp9_b775d113-IMG_20251111_162326.jpg,2769.7,2673.01,2852.74,2986.95,0.3086,traffic sign,True,True,235.0,mtsd-p12
SAM 3,traffic sign,grp9_b8de4d86-IMG_20251112_162741.jpg,E:\2. UM-Student\MSC Dissertation\Urban-Vision-Benchmark\Datasets\MTSD\Prepared\MTSD-Unaugmented\MTSD-YOLO\test\images\grp9_b8de4d86-IMG_20251112_162741.jpg,1306.59,1639.22,1621.47,1984.3,0.8438,traffic sign,True,True,278.0,mtsd-p12
SAM 3,traffic sign,grp9_b8de4d86-IMG_20251112_162741.jpg,E:\2. UM-Student\MSC Dissertation\Urban-Vision-Benchmark\Datasets\MTSD\Prepared\MTSD-Unaugmented\MTSD-YOLO\test\images\grp9_b8de4d86-IMG_20251112_162741.jpg,1457.2,2096.61,1637.54,2436.07,0.4219,traffic sign,True,True,278.0,mtsd-p12
SAM 3,traffic sign,grp9_b8de4d86-IMG_20251112_162741.jpg,E:\2. UM-Student\MSC Dissertation\Urban-Vision-Benchmark\Datasets\MTSD\Prepared\MTSD-Unaugmented\MTSD-YOLO\test\images\grp9_b8de4d86-IMG_20251112_162741.jpg,2120.57,2793.55,2192.32,2910.35,0.3789,traffic sign,True,True,278.0,mtsd-p12
SAM 3,traffic sign,grp9_b8edf87e-IMG_20251106_153308.jpg,E:\2. UM-Student\MSC Dissertation\Urban-Vision-Benchmark\Datasets\MTSD\Prepared\MTSD-Unaugmented\MTSD-YOLO\test\images\grp9_b8edf87e-IMG_20251106_153308.jpg,1208.12,1962.33,1585.18,2316.2,0.7852,traffic sign,True,True,278.1,mtsd-p12
SAM 3,traffic sign,grp9_b8edf87e-IMG_20251106_153308.jpg,E:\2. UM-Student\MSC Dissertation\Urban-Vision-Benchmark\Datasets\MTSD\Prepared\MTSD-Unaugmented\MTSD-YOLO\test\images\grp9_b8edf87e-IMG_20251106_153308.jpg,1263.36,2321.11,1546.21,2608.19,0.7734,traffic sign,True,True,278.1,mtsd-p12
SAM 3,traffic sign,grp9_b8edf87e-IMG_20251106_153308.jpg,E:\2. UM-Student\MSC Dissertation\Urban-Vision-Benchmark\Datasets\MTSD\Prepared\MTSD-Unaugmented\MTSD-YOLO\test\images\grp9_b8edf87e-IMG_20251106_153308.jpg,2622.63,2932.11,2749.17,3051.9,0.6562,traffic sign,True,True,278.1,mtsd-p12
SAM 3,traffic sign,grp9_b8edf87e-IMG_20251106_153308.jpg,E:\2. UM-Student\MSC Dissertation\Urban-Vision-Benchmark\Datasets\MTSD\Prepared\MTSD-Unaugmented\MTSD-YOLO\test\images\grp9_b8edf87e-IMG_20251106_153308.jpg,1213.46,1952.91,1581.54,3145.53,0.4551,traffic sign,True,True,278.1,mtsd-p12
SAM 3,traffic sign,grp9_b8edf87e-IMG_20251106_153308.jpg,E:\2. UM-Student\MSC Dissertation\Urban-Vision-Benchmark\Datasets\MTSD\Prepared\MTSD-Unaugmented\MTSD-YOLO\test\images\grp9_b8edf87e-IMG_20251106_153308.jpg,1934.92,2536.97,1983.63,2907.33,0.3457,traffic sign,True,True,278.1,mtsd-p12
SAM 3,traffic sign,grp9_c7a4a215-20251122_140026.jpg,E:\2. UM-Student\MSC Dissertation\Urban-Vision-Benchmark\Datasets\MTSD\Prepared\MTSD-Unaugmented\MTSD-YOLO\test\images\grp9_c7a4a215-20251122_140026.jpg,1955.08,2313.15,2129.07,2611.03,0.6602,traffic sign,True,True,644.1,mtsd-p12
SAM 3,traffic sign,grp9_c7a4a215-20251122_140026.jpg,E:\2. UM-Student\MSC Dissertation\Urban-Vision-Benchmark\Datasets\MTSD\Prepared\MTSD-Unaugmented\MTSD-YOLO\test\images\grp9_c7a4a215-20251122_140026.jpg,1304.55,991.6,2371.75,4000.0,0.6328,traffic sign,True,True,644.1,mtsd-p12
SAM 3,traffic sign,grp9_c7a4a215-20251122_140026.jpg,E:\2. UM-Student\MSC Dissertation\Urban-Vision-Benchmark\Datasets\MTSD\Prepared\MTSD-Unaugmented\MTSD-YOLO\test\images\grp9_c7a4a215-20251122_140026.jpg,1311.73,991.78,2370.6,1986.89,0.5938,traffic sign,True,True,644.1,mtsd-p12
SAM 3,traffic sign,grp9_c7a4a215-20251122_140026.jpg,E:\2. UM-Student\MSC Dissertation\Urban-Vision-Benchmark\Datasets\MTSD\Prepared\MTSD-Unaugmented\MTSD-YOLO\test\images\grp9_c7a4a215-20251122_140026.jpg,1659.87,2476.28,1752.56,2567.21,0.5898,traffic sign,True,True,644.1,mtsd-p12
SAM 3,traffic sign,grp9_c7a4a215-20251122_140026.jpg,E:\2. UM-Student\MSC Dissertation\Urban-Vision-Benchmark\Datasets\MTSD\Prepared\MTSD-Unaugmented\MTSD-YOLO\test\images\grp9_c7a4a215-20251122_140026.jpg,2641.6,2299.89,2742.23,2446.28,0.5898,traffic sign,True,True,644.1,mtsd-p12
SAM 3,traffic sign,grp9_c7a4a215-20251122_140026.jpg,E:\2. UM-Student\MSC Dissertation\Urban-Vision-Benchmark\Datasets\MTSD\Prepared\MTSD-Unaugmented\MTSD-YOLO\test\images\grp9_c7a4a215-20251122_140026.jpg,1362.43,2514.36,1445.11,2593.87,0.5742,traffic sign,True,True,644.1,mtsd-p12
SAM 3,traffic sign,grp9_c7a4a215-20251122_140026.jpg,E:\2. UM-Student\MSC Dissertation\Urban-Vision-Benchmark\Datasets\MTSD\Prepared\MTSD-Unaugmented\MTSD-YOLO\test\images\grp9_c7a4a215-20251122_140026.jpg,1468.13,1945.19,2236.07,2246.38,0.5273,traffic sign,True,True,644.1,mtsd-p12
SAM 3,traffic sign,grp9_c7a4a215-20251122_140026.jpg,E:\2. UM-Student\MSC Dissertation\Urban-Vision-Benchmark\Datasets\MTSD\Prepared\MTSD-Unaugmented\MTSD-YOLO\test\images\grp9_c7a4a215-20251122_140026.jpg,1661.19,2474.53,1753.06,2890.16,0.5156,traffic sign,True,True,644.1,mtsd-p12
SAM 3,traffic sign,grp9_c7a4a215-20251122_140026.jpg,E:\2. UM-Student\MSC Dissertation\Urban-Vision-Benchmark\Datasets\MTSD\Prepared\MTSD-Unaugmented\MTSD-YOLO\test\images\grp9_c7a4a215-20251122_140026.jpg,1365.92,2513.64,1442.98,2822.35,0.4512,traffic sign,True,True,644.1,mtsd-p12
SAM 3,traffic sign,grp9_c7a4a215-20251122_140026.jpg,E:\2. UM-Student\MSC Dissertation\Urban-Vision-Benchmark\Datasets\MTSD\Prepared\MTSD-Unaugmented\MTSD-YOLO\test\images\grp9_c7a4a215-20251122_140026.jpg,1054.24,2551.27,1145.56,2648.63,0.4492,traffic sign,True,True,644.1,mtsd-p12
SAM 3,traffic sign,grp9_c7a4a215-20251122_140026.jpg,E:\2. UM-Student\MSC Dissertation\Urban-Vision-Benchmark\Datasets\MTSD\Prepared\MTSD-Unaugmented\MTSD-YOLO\test\images\grp9_c7a4a215-20251122_140026.jpg,1955.28,2319.35,2124.72,2921.05,0.3984,traffic sign,True,True,644.1,mtsd-p12
SAM 3,traffic sign,grp9_c7a4a215-20251122_140026.jpg,E:\2. UM-Student\MSC Dissertation\Urban-Vision-Benchmark\Datasets\MTSD\Prepared\MTSD-Unaugmented\MTSD-YOLO\test\images\grp9_c7a4a215-20251122_140026.jpg,2622.05,2294.02,2743.99,2670.13,0.3848,traffic sign,True,True,644.1,mtsd-p12
SAM 3,traffic sign,grp9_c7a4a215-20251122_140026.jpg,E:\2. UM-Student\MSC Dissertation\Urban-Vision-Benchmark\Datasets\MTSD\Prepared\MTSD-Unaugmented\MTSD-YOLO\test\images\grp9_c7a4a215-20251122_140026.jpg,1546.41,2618.06,1623.07,2801.06,0.3184,traffic sign,True,True,644.1,mtsd-p12
SAM 3,traffic sign,grp9_c8f9e8c2-M8_back.jpg,E:\2. UM-Student\MSC Dissertation\Urban-Vision-Benchmark\Datasets\MTSD\Prepared\MTSD-Unaugmented\MTSD-YOLO\test\images\grp9_c8f9e8c2-M8_back.jpg,,,,,,<no detections>,False,True,152.6,mtsd-p12
SAM 3,traffic sign,grp9_cedb2f14-NE3_front.jpg,E:\2. UM-Student\MSC Dissertation\Urban-Vision-Benchmark\Datasets\MTSD\Prepared\MTSD-Unaugmented\MTSD-YOLO\test\images\grp9_cedb2f14-NE3_front.jpg,1489.19,1687.78,1914.64,2124.76,0.7891,traffic sign,True,True,204.9,mtsd-p12
SAM 3,traffic sign,grp9_cedb2f14-NE3_front.jpg,E:\2. UM-Student\MSC Dissertation\Urban-Vision-Benchmark\Datasets\MTSD\Prepared\MTSD-Unaugmented\MTSD-YOLO\test\images\grp9_cedb2f14-NE3_front.jpg,1469.98,1681.68,1912.63,3942.3,0.5078,traffic sign,True,True,204.9,mtsd-p12
SAM 3,traffic sign,grp9_d09450b2-IMG_20251112_155615.jpg,E:\2. UM-Student\MSC Dissertation\Urban-Vision-Benchmark\Datasets\MTSD\Prepared\MTSD-Unaugmented\MTSD-YOLO\test\images\grp9_d09450b2-IMG_20251112_155615.jpg,1414.13,1520.73,1999.11,2146.76,0.5078,traffic sign,True,True,189.8,mtsd-p12
SAM 3,traffic sign,grp9_d09450b2-IMG_20251112_155615.jpg,E:\2. UM-Student\MSC Dissertation\Urban-Vision-Benchmark\Datasets\MTSD\Prepared\MTSD-Unaugmented\MTSD-YOLO\test\images\grp9_d09450b2-IMG_20251112_155615.jpg,1996.42,2418.98,2057.18,2678.66,0.3691,traffic sign,True,True,189.8,mtsd-p12
SAM 3,traffic sign,grp9_d09450b2-IMG_20251112_155615.jpg,E:\2. UM-Student\MSC Dissertation\Urban-Vision-Benchmark\Datasets\MTSD\Prepared\MTSD-Unaugmented\MTSD-YOLO\test\images\grp9_d09450b2-IMG_20251112_155615.jpg,1418.32,1518.07,2009.8,4080.0,0.3086,traffic sign,True,True,189.8,mtsd-p12
SAM 3,traffic sign,grp9_d4f4f35a-WhatsApp_Image_2026-01-01_at_18.12.59_1.jpeg,E:\2. UM-Student\MSC Dissertation\Urban-Vision-Benchmark\Datasets\MTSD\Prepared\MTSD-Unaugmented\MTSD-YOLO\test\images\grp9_d4f4f35a-WhatsApp_Image_2026-01-01_at_18.12.59_1.jpeg,554.18,799.27,683.58,1353.18,0.582,traffic sign,True,True,126.9,mtsd-p12
SAM 3,traffic sign,grp9_d4f4f35a-WhatsApp_Image_2026-01-01_at_18.12.59_1.jpeg,E:\2. UM-Student\MSC Dissertation\Urban-Vision-Benchmark\Datasets\MTSD\Prepared\MTSD-Unaugmented\MTSD-YOLO\test\images\grp9_d4f4f35a-WhatsApp_Image_2026-01-01_at_18.12.59_1.jpeg,553.38,798.35,868.43,2044.2,0.3301,traffic sign,True,True,126.9,mtsd-p12
SAM 3,traffic sign,grp9_d5f4aa18-20251122_140237.jpg,E:\2. UM-Student\MSC Dissertation\Urban-Vision-Benchmark\Datasets\MTSD\Prepared\MTSD-Unaugmented\MTSD-YOLO\test\images\grp9_d5f4aa18-20251122_140237.jpg,,,,,,<no detections>,False,True,147.1,mtsd-p12
SAM 3,traffic sign,grp9_d7c813cb-IMG_20251112_163545.jpg,E:\2. UM-Student\MSC Dissertation\Urban-Vision-Benchmark\Datasets\MTSD\Prepared\MTSD-Unaugmented\MTSD-YOLO\test\images\grp9_d7c813cb-IMG_20251112_163545.jpg,1950.04,2603.93,2096.44,2759.02,0.5391,traffic sign,True,True,219.9,mtsd-p12
SAM 3,traffic sign,grp9_d7c813cb-IMG_20251112_163545.jpg,E:\2. UM-Student\MSC Dissertation\Urban-Vision-Benchmark\Datasets\MTSD\Prepared\MTSD-Unaugmented\MTSD-YOLO\test\images\grp9_d7c813cb-IMG_20251112_163545.jpg,1012.31,1737.68,1581.99,2635.57,0.4844,traffic sign,True,True,219.9,mtsd-p12
SAM 3,traffic sign,grp9_d7c813cb-IMG_20251112_163545.jpg,E:\2. UM-Student\MSC Dissertation\Urban-Vision-Benchmark\Datasets\MTSD\Prepared\MTSD-Unaugmented\MTSD-YOLO\test\images\grp9_d7c813cb-IMG_20251112_163545.jpg,2019.31,2874.22,2070.53,2957.91,0.4824,traffic sign,True,True,219.9,mtsd-p12
SAM 3,traffic sign,grp9_d7c813cb-IMG_20251112_163545.jpg,E:\2. UM-Student\MSC Dissertation\Urban-Vision-Benchmark\Datasets\MTSD\Prepared\MTSD-Unaugmented\MTSD-YOLO\test\images\grp9_d7c813cb-IMG_20251112_163545.jpg,2132.29,2822.95,2192.08,2913.86,0.4766,traffic sign,True,True,219.9,mtsd-p12
SAM 3,traffic sign,grp9_d7c813cb-IMG_20251112_163545.jpg,E:\2. UM-Student\MSC Dissertation\Urban-Vision-Benchmark\Datasets\MTSD\Prepared\MTSD-Unaugmented\MTSD-YOLO\test\images\grp9_d7c813cb-IMG_20251112_163545.jpg,1009.26,1735.61,1583.62,4080.0,0.4238,traffic sign,True,True,219.9,mtsd-p12
SAM 3,traffic sign,grp9_d7c813cb-IMG_20251112_163545.jpg,E:\2. UM-Student\MSC Dissertation\Urban-Vision-Benchmark\Datasets\MTSD\Prepared\MTSD-Unaugmented\MTSD-YOLO\test\images\grp9_d7c813cb-IMG_20251112_163545.jpg,1953.96,2600.07,2096.84,3290.64,0.334,traffic sign,True,True,219.9,mtsd-p12
SAM 3,traffic sign,grp9_dbd6345f-IMG_20251106_155229.jpg,E:\2. UM-Student\MSC Dissertation\Urban-Vision-Benchmark\Datasets\MTSD\Prepared\MTSD-Unaugmented\MTSD-YOLO\test\images\grp9_dbd6345f-IMG_20251106_155229.jpg,1092.66,999.17,2100.74,2089.28,0.4609,traffic sign,True,True,173.1,mtsd-p12
SAM 3,traffic sign,grp9_dbd6345f-IMG_20251106_155229.jpg,E:\2. UM-Student\MSC Dissertation\Urban-Vision-Benchmark\Datasets\MTSD\Prepared\MTSD-Unaugmented\MTSD-YOLO\test\images\grp9_dbd6345f-IMG_20251106_155229.jpg,1092.01,1003.04,2102.52,4094.09,0.3691,traffic sign,True,True,173.1,mtsd-p12
SAM 3,traffic sign,grp9_de518e6b-WhatsApp_Image_2026-01-03_at_18.46.56.jpeg,E:\2. UM-Student\MSC Dissertation\Urban-Vision-Benchmark\Datasets\MTSD\Prepared\MTSD-Unaugmented\MTSD-YOLO\test\images\grp9_de518e6b-WhatsApp_Image_2026-01-03_at_18.46.56.jpeg,490.01,594.04,739.92,782.93,0.3262,traffic sign,True,True,116.5,mtsd-p12
SAM 3,traffic sign,grp9_de518e6b-WhatsApp_Image_2026-01-03_at_18.46.56.jpeg,E:\2. UM-Student\MSC Dissertation\Urban-Vision-Benchmark\Datasets\MTSD\Prepared\MTSD-Unaugmented\MTSD-YOLO\test\images\grp9_de518e6b-WhatsApp_Image_2026-01-03_at_18.46.56.jpeg,474.18,759.02,836.32,1095.29,0.3145,traffic sign,True,True,116.5,mtsd-p12
SAM 3,traffic sign,grp9_df847542-IMG_20251210_141936.jpg,E:\2. UM-Student\MSC Dissertation\Urban-Vision-Benchmark\Datasets\MTSD\Prepared\MTSD-Unaugmented\MTSD-YOLO\test\images\grp9_df847542-IMG_20251210_141936.jpg,2213.94,2988.92,2582.77,3334.12,0.9336,traffic sign,True,True,266.3,mtsd-p12
SAM 3,traffic sign,grp9_df847542-IMG_20251210_141936.jpg,E:\2. UM-Student\MSC Dissertation\Urban-Vision-Benchmark\Datasets\MTSD\Prepared\MTSD-Unaugmented\MTSD-YOLO\test\images\grp9_df847542-IMG_20251210_141936.jpg,843.31,2278.79,2130.35,3022.15,0.918,traffic sign,True,True,266.3,mtsd-p12
SAM 3,traffic sign,grp9_df847542-IMG_20251210_141936.jpg,E:\2. UM-Student\MSC Dissertation\Urban-Vision-Benchmark\Datasets\MTSD\Prepared\MTSD-Unaugmented\MTSD-YOLO\test\images\grp9_df847542-IMG_20251210_141936.jpg,983.98,971.03,1892.83,2255.06,0.9102,traffic sign,True,True,266.3,mtsd-p12
SAM 3,traffic sign,grp9_df847542-IMG_20251210_141936.jpg,E:\2. UM-Student\MSC Dissertation\Urban-Vision-Benchmark\Datasets\MTSD\Prepared\MTSD-Unaugmented\MTSD-YOLO\test\images\grp9_df847542-IMG_20251210_141936.jpg,2062.82,3028.2,2195.21,3219.59,0.4922,traffic sign,True,True,266.3,mtsd-p12
SAM 3,traffic sign,grp9_df847542-IMG_20251210_141936.jpg,E:\2. UM-Student\MSC Dissertation\Urban-Vision-Benchmark\Datasets\MTSD\Prepared\MTSD-Unaugmented\MTSD-YOLO\test\images\grp9_df847542-IMG_20251210_141936.jpg,1316.05,1142.37,2102.93,2271.79,0.4023,traffic sign,True,True,266.3,mtsd-p12
SAM 3,traffic sign,grp9_df847542-IMG_20251210_141936.jpg,E:\2. UM-Student\MSC Dissertation\Urban-Vision-Benchmark\Datasets\MTSD\Prepared\MTSD-Unaugmented\MTSD-YOLO\test\images\grp9_df847542-IMG_20251210_141936.jpg,2495.05,3403.13,2601.61,3485.62,0.3145,traffic sign,True,True,266.3,mtsd-p12
SAM 3,traffic sign,grp9_dfbf929f-IMG_20251106_154024.jpg,E:\2. UM-Student\MSC Dissertation\Urban-Vision-Benchmark\Datasets\MTSD\Prepared\MTSD-Unaugmented\MTSD-YOLO\test\images\grp9_dfbf929f-IMG_20251106_154024.jpg,724.29,1139.66,1839.5,2235.49,0.8438,traffic sign,True,True,299.0,mtsd-p12
SAM 3,traffic sign,grp9_dfbf929f-IMG_20251106_154024.jpg,E:\2. UM-Student\MSC Dissertation\Urban-Vision-Benchmark\Datasets\MTSD\Prepared\MTSD-Unaugmented\MTSD-YOLO\test\images\grp9_dfbf929f-IMG_20251106_154024.jpg,1259.97,2258.72,1409.78,3757.46,0.5547,traffic sign,True,True,299.0,mtsd-p12
SAM 3,traffic sign,grp9_dfbf929f-IMG_20251106_154024.jpg,E:\2. UM-Student\MSC Dissertation\Urban-Vision-Benchmark\Datasets\MTSD\Prepared\MTSD-Unaugmented\MTSD-YOLO\test\images\grp9_dfbf929f-IMG_20251106_154024.jpg,861.81,2279.05,1199.6,2459.41,0.3867,traffic sign,True,True,299.0,mtsd-p12
SAM 3,traffic sign,grp9_dfbf929f-IMG_20251106_154024.jpg,E:\2. UM-Student\MSC Dissertation\Urban-Vision-Benchmark\Datasets\MTSD\Prepared\MTSD-Unaugmented\MTSD-YOLO\test\images\grp9_dfbf929f-IMG_20251106_154024.jpg,2425.54,2745.85,2675.51,2839.14,0.3105,traffic sign,True,True,299.0,mtsd-p12
SAM 3,traffic sign,grp9_e0e8c13e-IMG_20251113_163444.jpg,E:\2. UM-Student\MSC Dissertation\Urban-Vision-Benchmark\Datasets\MTSD\Prepared\MTSD-Unaugmented\MTSD-YOLO\test\images\grp9_e0e8c13e-IMG_20251113_163444.jpg,,,,,,<no detections>,False,True,150.4,mtsd-p12
SAM 3,traffic sign,grp9_e1897726-WhatsApp_Image_2026-01-03_at_18.45.38_3.jpeg,E:\2. UM-Student\MSC Dissertation\Urban-Vision-Benchmark\Datasets\MTSD\Prepared\MTSD-Unaugmented\MTSD-YOLO\test\images\grp9_e1897726-WhatsApp_Image_2026-01-03_at_18.45.38_3.jpeg,452.68,371.35,827.74,625.55,0.8711,traffic sign,True,True,132.7,mtsd-p12
SAM 3,traffic sign,grp9_e1897726-WhatsApp_Image_2026-01-03_at_18.45.38_3.jpeg,E:\2. UM-Student\MSC Dissertation\Urban-Vision-Benchmark\Datasets\MTSD\Prepared\MTSD-Unaugmented\MTSD-YOLO\test\images\grp9_e1897726-WhatsApp_Image_2026-01-03_at_18.45.38_3.jpeg,438.21,612.31,883.03,935.81,0.8477,traffic sign,True,True,132.7,mtsd-p12
SAM 3,traffic sign,grp9_e1897726-WhatsApp_Image_2026-01-03_at_18.45.38_3.jpeg,E:\2. UM-Student\MSC Dissertation\Urban-Vision-Benchmark\Datasets\MTSD\Prepared\MTSD-Unaugmented\MTSD-YOLO\test\images\grp9_e1897726-WhatsApp_Image_2026-01-03_at_18.45.38_3.jpeg,440.76,908.45,903.5,1084.42,0.7891,traffic sign,True,True,132.7,mtsd-p12
SAM 3,traffic sign,grp9_e1897726-WhatsApp_Image_2026-01-03_at_18.45.38_3.jpeg,E:\2. UM-Student\MSC Dissertation\Urban-Vision-Benchmark\Datasets\MTSD\Prepared\MTSD-Unaugmented\MTSD-YOLO\test\images\grp9_e1897726-WhatsApp_Image_2026-01-03_at_18.45.38_3.jpeg,443.84,376.32,893.38,1600.0,0.498,traffic sign,True,True,132.7,mtsd-p12
SAM 3,traffic sign,grp9_e1897726-WhatsApp_Image_2026-01-03_at_18.45.38_3.jpeg,E:\2. UM-Student\MSC Dissertation\Urban-Vision-Benchmark\Datasets\MTSD\Prepared\MTSD-Unaugmented\MTSD-YOLO\test\images\grp9_e1897726-WhatsApp_Image_2026-01-03_at_18.45.38_3.jpeg,621.81,1341.96,640.59,1358.89,0.375,traffic sign,True,True,132.7,mtsd-p12
SAM 3,traffic sign,grp9_e2932f32-20251122_134050.jpg,E:\2. UM-Student\MSC Dissertation\Urban-Vision-Benchmark\Datasets\MTSD\Prepared\MTSD-Unaugmented\MTSD-YOLO\test\images\grp9_e2932f32-20251122_134050.jpg,1284.93,1560.6,1610.85,1876.59,0.8242,traffic sign,True,True,327.2,mtsd-p12
SAM 3,traffic sign,grp9_e2932f32-20251122_134050.jpg,E:\2. UM-Student\MSC Dissertation\Urban-Vision-Benchmark\Datasets\MTSD\Prepared\MTSD-Unaugmented\MTSD-YOLO\test\images\grp9_e2932f32-20251122_134050.jpg,464.43,2074.04,521.55,2128.94,0.7344,traffic sign,True,True,327.2,mtsd-p12
SAM 3,traffic sign,grp9_e2932f32-20251122_134050.jpg,E:\2. UM-Student\MSC Dissertation\Urban-Vision-Benchmark\Datasets\MTSD\Prepared\MTSD-Unaugmented\MTSD-YOLO\test\images\grp9_e2932f32-20251122_134050.jpg,779.77,2087.33,823.24,2129.03,0.7266,traffic sign,True,True,327.2,mtsd-p12
SAM 3,traffic sign,grp9_e2932f32-20251122_134050.jpg,E:\2. UM-Student\MSC Dissertation\Urban-Vision-Benchmark\Datasets\MTSD\Prepared\MTSD-Unaugmented\MTSD-YOLO\test\images\grp9_e2932f32-20251122_134050.jpg,1479.03,1975.12,1511.76,2007.29,0.4766,traffic sign,True,True,327.2,mtsd-p12
SAM 3,traffic sign,grp9_e2932f32-20251122_134050.jpg,E:\2. UM-Student\MSC Dissertation\Urban-Vision-Benchmark\Datasets\MTSD\Prepared\MTSD-Unaugmented\MTSD-YOLO\test\images\grp9_e2932f32-20251122_134050.jpg,1348.82,1858.95,1516.66,1974.17,0.459,traffic sign,True,True,327.2,mtsd-p12
SAM 3,traffic sign,grp9_e2932f32-20251122_134050.jpg,E:\2. UM-Student\MSC Dissertation\Urban-Vision-Benchmark\Datasets\MTSD\Prepared\MTSD-Unaugmented\MTSD-YOLO\test\images\grp9_e2932f32-20251122_134050.jpg,1057.36,2155.09,1081.24,2182.98,0.4512,traffic sign,True,True,327.2,mtsd-p12
SAM 3,traffic sign,grp9_e2932f32-20251122_134050.jpg,E:\2. UM-Student\MSC Dissertation\Urban-Vision-Benchmark\Datasets\MTSD\Prepared\MTSD-Unaugmented\MTSD-YOLO\test\images\grp9_e2932f32-20251122_134050.jpg,1278.87,1560.75,1611.57,2978.42,0.4238,traffic sign,True,True,327.2,mtsd-p12
SAM 3,traffic sign,grp9_e2932f32-20251122_134050.jpg,E:\2. UM-Student\MSC Dissertation\Urban-Vision-Benchmark\Datasets\MTSD\Prepared\MTSD-Unaugmented\MTSD-YOLO\test\images\grp9_e2932f32-20251122_134050.jpg,463.06,2072.61,521.05,2305.05,0.418,traffic sign,True,True,327.2,mtsd-p12
SAM 3,traffic sign,grp9_e2932f32-20251122_134050.jpg,E:\2. UM-Student\MSC Dissertation\Urban-Vision-Benchmark\Datasets\MTSD\Prepared\MTSD-Unaugmented\MTSD-YOLO\test\images\grp9_e2932f32-20251122_134050.jpg,953.97,2139.88,981.76,2168.09,0.3555,traffic sign,True,True,327.2,mtsd-p12
SAM 3,traffic sign,grp9_e65623ae-20251122_135723.jpg,E:\2. UM-Student\MSC Dissertation\Urban-Vision-Benchmark\Datasets\MTSD\Prepared\MTSD-Unaugmented\MTSD-YOLO\test\images\grp9_e65623ae-20251122_135723.jpg,1400.6,1855.69,1618.37,2160.05,0.875,traffic sign,True,True,208.0,mtsd-p12
SAM 3,traffic sign,grp9_e65623ae-20251122_135723.jpg,E:\2. UM-Student\MSC Dissertation\Urban-Vision-Benchmark\Datasets\MTSD\Prepared\MTSD-Unaugmented\MTSD-YOLO\test\images\grp9_e65623ae-20251122_135723.jpg,1835.91,2028.24,2093.12,2344.57,0.7422,traffic sign,True,True,208.0,mtsd-p12
SAM 3,traffic sign,grp9_e65623ae-20251122_135723.jpg,E:\2. UM-Student\MSC Dissertation\Urban-Vision-Benchmark\Datasets\MTSD\Prepared\MTSD-Unaugmented\MTSD-YOLO\test\images\grp9_e65623ae-20251122_135723.jpg,1398.95,1847.5,1621.36,3519.18,0.5078,traffic sign,True,True,208.0,mtsd-p12
SAM 3,traffic sign,grp9_e65623ae-20251122_135723.jpg,E:\2. UM-Student\MSC Dissertation\Urban-Vision-Benchmark\Datasets\MTSD\Prepared\MTSD-Unaugmented\MTSD-YOLO\test\images\grp9_e65623ae-20251122_135723.jpg,1833.64,2027.67,2092.45,3312.48,0.332,traffic sign,True,True,208.0,mtsd-p12
SAM 3,traffic sign,grp9_e690fe37-IMG_20251111_162300.jpg,E:\2. UM-Student\MSC Dissertation\Urban-Vision-Benchmark\Datasets\MTSD\Prepared\MTSD-Unaugmented\MTSD-YOLO\test\images\grp9_e690fe37-IMG_20251111_162300.jpg,1460.38,1939.33,1561.79,2400.15,0.9023,traffic sign,True,True,360.3,mtsd-p12
SAM 3,traffic sign,grp9_e690fe37-IMG_20251111_162300.jpg,E:\2. UM-Student\MSC Dissertation\Urban-Vision-Benchmark\Datasets\MTSD\Prepared\MTSD-Unaugmented\MTSD-YOLO\test\images\grp9_e690fe37-IMG_20251111_162300.jpg,2399.39,2762.58,2500.64,2873.34,0.8984,traffic sign,True,True,360.3,mtsd-p12
SAM 3,traffic sign,grp9_e690fe37-IMG_20251111_162300.jpg,E:\2. UM-Student\MSC Dissertation\Urban-Vision-Benchmark\Datasets\MTSD\Prepared\MTSD-Unaugmented\MTSD-YOLO\test\images\grp9_e690fe37-IMG_20251111_162300.jpg,1460.56,1307.15,1551.51,1950.97,0.7891,traffic sign,True,True,360.3,mtsd-p12
SAM 3,traffic sign,grp9_e690fe37-IMG_20251111_162300.jpg,E:\2. UM-Student\MSC Dissertation\Urban-Vision-Benchmark\Datasets\MTSD\Prepared\MTSD-Unaugmented\MTSD-YOLO\test\images\grp9_e690fe37-IMG_20251111_162300.jpg,700.3,2607.28,745.45,2655.17,0.7344,traffic sign,True,True,360.3,mtsd-p12
SAM 3,traffic sign,grp9_e690fe37-IMG_20251111_162300.jpg,E:\2. UM-Student\MSC Dissertation\Urban-Vision-Benchmark\Datasets\MTSD\Prepared\MTSD-Unaugmented\MTSD-YOLO\test\images\grp9_e690fe37-IMG_20251111_162300.jpg,1222.48,2602.18,1260.49,2655.64,0.6562,traffic sign,True,True,360.3,mtsd-p12
SAM 3,traffic sign,grp9_e690fe37-IMG_20251111_162300.jpg,E:\2. UM-Student\MSC Dissertation\Urban-Vision-Benchmark\Datasets\MTSD\Prepared\MTSD-Unaugmented\MTSD-YOLO\test\images\grp9_e690fe37-IMG_20251111_162300.jpg,1264.19,2601.96,1302.72,2649.5,0.3945,traffic sign,True,True,360.3,mtsd-p12
SAM 3,traffic sign,grp9_e690fe37-IMG_20251111_162300.jpg,E:\2. UM-Student\MSC Dissertation\Urban-Vision-Benchmark\Datasets\MTSD\Prepared\MTSD-Unaugmented\MTSD-YOLO\test\images\grp9_e690fe37-IMG_20251111_162300.jpg,1211.29,2705.29,1240.8,2751.94,0.3652,traffic sign,True,True,360.3,mtsd-p12
SAM 3,traffic sign,grp9_e8541d39-IMG_20251106_145533.jpg,E:\2. UM-Student\MSC Dissertation\Urban-Vision-Benchmark\Datasets\MTSD\Prepared\MTSD-Unaugmented\MTSD-YOLO\test\images\grp9_e8541d39-IMG_20251106_145533.jpg,1026.66,1759.19,1990.44,2724.37,0.957,traffic sign,True,True,251.3,mtsd-p12
SAM 3,traffic sign,grp9_e8541d39-IMG_20251106_145533.jpg,E:\2. UM-Student\MSC Dissertation\Urban-Vision-Benchmark\Datasets\MTSD\Prepared\MTSD-Unaugmented\MTSD-YOLO\test\images\grp9_e8541d39-IMG_20251106_145533.jpg,1021.32,859.27,1968.23,1761.5,0.957,traffic sign,True,True,251.3,mtsd-p12
SAM 3,traffic sign,grp9_e8541d39-IMG_20251106_145533.jpg,E:\2. UM-Student\MSC Dissertation\Urban-Vision-Benchmark\Datasets\MTSD\Prepared\MTSD-Unaugmented\MTSD-YOLO\test\images\grp9_e8541d39-IMG_20251106_145533.jpg,2702.8,3187.1,3000.0,3517.98,0.9219,traffic sign,True,True,251.3,mtsd-p12
SAM 3,traffic sign,grp9_e8b17764-ZC8_front.jpg,E:\2. UM-Student\MSC Dissertation\Urban-Vision-Benchmark\Datasets\MTSD\Prepared\MTSD-Unaugmented\MTSD-YOLO\test\images\grp9_e8b17764-ZC8_front.jpg,1153.6,2214.37,1482.25,2549.09,0.9102,traffic sign,True,True,323.8,mtsd-p12
SAM 3,traffic sign,grp9_e8b17764-ZC8_front.jpg,E:\2. UM-Student\MSC Dissertation\Urban-Vision-Benchmark\Datasets\MTSD\Prepared\MTSD-Unaugmented\MTSD-YOLO\test\images\grp9_e8b17764-ZC8_front.jpg,1721.46,2535.84,1762.06,2583.45,0.4668,traffic sign,True,True,323.8,mtsd-p12
SAM 3,traffic sign,grp9_e8b17764-ZC8_front.jpg,E:\2. UM-Student\MSC Dissertation\Urban-Vision-Benchmark\Datasets\MTSD\Prepared\MTSD-Unaugmented\MTSD-YOLO\test\images\grp9_e8b17764-ZC8_front.jpg,1726.31,2565.19,1803.29,2614.09,0.334,traffic sign,True,True,323.8,mtsd-p12
SAM 3,traffic sign,grp9_e8b17764-ZC8_front.jpg,E:\2. UM-Student\MSC Dissertation\Urban-Vision-Benchmark\Datasets\MTSD\Prepared\MTSD-Unaugmented\MTSD-YOLO\test\images\grp9_e8b17764-ZC8_front.jpg,2213.19,2561.63,2261.33,2607.09,0.3242,traffic sign,True,True,323.8,mtsd-p12
SAM 3,traffic sign,grp9_f109e3eb-IMG_20251111_144036.jpg,E:\2. UM-Student\MSC Dissertation\Urban-Vision-Benchmark\Datasets\MTSD\Prepared\MTSD-Unaugmented\MTSD-YOLO\test\images\grp9_f109e3eb-IMG_20251111_144036.jpg,1170.07,1328.29,1943.86,2225.96,0.3223,traffic sign,True,True,156.3,mtsd-p12
SAM 3,traffic sign,grp9_f36aabf5-WhatsApp_Image_2026-01-03_at_18.45.21_2.jpeg,E:\2. UM-Student\MSC Dissertation\Urban-Vision-Benchmark\Datasets\MTSD\Prepared\MTSD-Unaugmented\MTSD-YOLO\test\images\grp9_f36aabf5-WhatsApp_Image_2026-01-03_at_18.45.21_2.jpeg,429.72,533.54,709.75,987.89,0.8867,traffic sign,True,True,132.0,mtsd-p12
SAM 3,traffic sign,grp9_f456c0fd-IMG_20251106_153809.jpg,E:\2. UM-Student\MSC Dissertation\Urban-Vision-Benchmark\Datasets\MTSD\Prepared\MTSD-Unaugmented\MTSD-YOLO\test\images\grp9_f456c0fd-IMG_20251106_153809.jpg,1046.46,1153.75,2205.64,2221.08,0.918,traffic sign,True,True,375.4,mtsd-p12
SAM 3,traffic sign,grp9_f456c0fd-IMG_20251106_153809.jpg,E:\2. UM-Student\MSC Dissertation\Urban-Vision-Benchmark\Datasets\MTSD\Prepared\MTSD-Unaugmented\MTSD-YOLO\test\images\grp9_f456c0fd-IMG_20251106_153809.jpg,20.97,2955.18,133.32,3043.62,0.6055,traffic sign,True,True,375.4,mtsd-p12
SAM 3,traffic sign,grp9_f456c0fd-IMG_20251106_153809.jpg,E:\2. UM-Student\MSC Dissertation\Urban-Vision-Benchmark\Datasets\MTSD\Prepared\MTSD-Unaugmented\MTSD-YOLO\test\images\grp9_f456c0fd-IMG_20251106_153809.jpg,572.56,2871.06,639.42,2981.96,0.3965,traffic sign,True,True,375.4,mtsd-p12
SAM 3,traffic sign,grp9_f456c0fd-IMG_20251106_153809.jpg,E:\2. UM-Student\MSC Dissertation\Urban-Vision-Benchmark\Datasets\MTSD\Prepared\MTSD-Unaugmented\MTSD-YOLO\test\images\grp9_f456c0fd-IMG_20251106_153809.jpg,546.02,2868.95,662.5,3174.41,0.3164,traffic sign,True,True,375.4,mtsd-p12
SAM 3,traffic sign,grp9_f456c0fd-IMG_20251106_153809.jpg,E:\2. UM-Student\MSC Dissertation\Urban-Vision-Benchmark\Datasets\MTSD\Prepared\MTSD-Unaugmented\MTSD-YOLO\test\images\grp9_f456c0fd-IMG_20251106_153809.jpg,1195.92,3115.54,1218.22,3158.31,0.3086,traffic sign,True,True,375.4,mtsd-p12
SAM 3,traffic sign,grp9_f456c0fd-IMG_20251106_153809.jpg,E:\2. UM-Student\MSC Dissertation\Urban-Vision-Benchmark\Datasets\MTSD\Prepared\MTSD-Unaugmented\MTSD-YOLO\test\images\grp9_f456c0fd-IMG_20251106_153809.jpg,557.67,3078.67,617.45,3172.05,0.3008,traffic sign,True,True,375.4,mtsd-p12
