model,prompt,image_id,image_path,x0,y0,x1,y1,score,predicted_label,has_mask,has_confidence,inference_ms,prompt_id
SAM 3,one way sign,grp10_IMG_1495.jpg,E:\2. UM-Student\MSC Dissertation\Urban-Vision-Benchmark\Datasets\MTSD\Prepared\MTSD-Unaugmented\MTSD-YOLO\test\images\grp10_IMG_1495.jpg,,,,,,<no detections>,False,True,210.8,mtsd-p4
SAM 3,one way sign,grp10_IMG_1510.jpg,E:\2. UM-Student\MSC Dissertation\Urban-Vision-Benchmark\Datasets\MTSD\Prepared\MTSD-Unaugmented\MTSD-YOLO\test\images\grp10_IMG_1510.jpg,1752.68,896.97,2718.02,2668.77,0.3887,one way sign,True,True,202.5,mtsd-p4
SAM 3,one way sign,grp10_IMG_1527.jpg,E:\2. UM-Student\MSC Dissertation\Urban-Vision-Benchmark\Datasets\MTSD\Prepared\MTSD-Unaugmented\MTSD-YOLO\test\images\grp10_IMG_1527.jpg,,,,,,<no detections>,False,True,200.9,mtsd-p4
SAM 3,one way sign,grp10_IMG_1557.jpg,E:\2. UM-Student\MSC Dissertation\Urban-Vision-Benchmark\Datasets\MTSD\Prepared\MTSD-Unaugmented\MTSD-YOLO\test\images\grp10_IMG_1557.jpg,1377.72,2636.75,3064.59,4052.63,0.9219,one way sign,True,True,241.0,mtsd-p4
SAM 3,one way sign,grp10_IMG_1564.jpg,E:\2. UM-Student\MSC Dissertation\Urban-Vision-Benchmark\Datasets\MTSD\Prepared\MTSD-Unaugmented\MTSD-YOLO\test\images\grp10_IMG_1564.jpg,1629.56,3152.79,2810.53,4796.71,0.7422,one way sign,True,True,260.2,mtsd-p4
SAM 3,one way sign,grp10_IMG_1564.jpg,E:\2. UM-Student\MSC Dissertation\Urban-Vision-Benchmark\Datasets\MTSD\Prepared\MTSD-Unaugmented\MTSD-YOLO\test\images\grp10_IMG_1564.jpg,1819.11,2040.68,2484.45,3336.21,0.5195,one way sign,True,True,260.2,mtsd-p4
SAM 3,one way sign,grp10_IMG_1575.jpg,E:\2. UM-Student\MSC Dissertation\Urban-Vision-Benchmark\Datasets\MTSD\Prepared\MTSD-Unaugmented\MTSD-YOLO\test\images\grp10_IMG_1575.jpg,1011.37,1502.01,1062.41,1575.44,0.8047,one way sign,True,True,130.6,mtsd-p4
SAM 3,one way sign,grp10_IMG_1575.jpg,E:\2. UM-Student\MSC Dissertation\Urban-Vision-Benchmark\Datasets\MTSD\Prepared\MTSD-Unaugmented\MTSD-YOLO\test\images\grp10_IMG_1575.jpg,470.12,684.71,1077.25,1249.36,0.3301,one way sign,True,True,130.6,mtsd-p4
SAM 3,one way sign,grp10_IMG_1593.jpg,E:\2. UM-Student\MSC Dissertation\Urban-Vision-Benchmark\Datasets\MTSD\Prepared\MTSD-Unaugmented\MTSD-YOLO\test\images\grp10_IMG_1593.jpg,459.88,1758.13,2563.88,4227.43,0.4141,one way sign,True,True,224.7,mtsd-p4
SAM 3,one way sign,grp10_IMG_1597.jpg,E:\2. UM-Student\MSC Dissertation\Urban-Vision-Benchmark\Datasets\MTSD\Prepared\MTSD-Unaugmented\MTSD-YOLO\test\images\grp10_IMG_1597.jpg,1142.1,2285.26,3042.83,4220.54,0.6445,one way sign,True,True,235.7,mtsd-p4
SAM 3,one way sign,grp10_IMG_1599.jpg,E:\2. UM-Student\MSC Dissertation\Urban-Vision-Benchmark\Datasets\MTSD\Prepared\MTSD-Unaugmented\MTSD-YOLO\test\images\grp10_IMG_1599.jpg,1399.99,2140.81,2770.84,3350.88,0.9258,one way sign,True,True,253.6,mtsd-p4
SAM 3,one way sign,grp10_IMG_1606.jpg,E:\2. UM-Student\MSC Dissertation\Urban-Vision-Benchmark\Datasets\MTSD\Prepared\MTSD-Unaugmented\MTSD-YOLO\test\images\grp10_IMG_1606.jpg,,,,,,<no detections>,False,True,192.0,mtsd-p4
SAM 3,one way sign,grp10_IMG_1612.jpg,E:\2. UM-Student\MSC Dissertation\Urban-Vision-Benchmark\Datasets\MTSD\Prepared\MTSD-Unaugmented\MTSD-YOLO\test\images\grp10_IMG_1612.jpg,,,,,,<no detections>,False,True,209.9,mtsd-p4
SAM 3,one way sign,grp10_IMG_1645.jpg,E:\2. UM-Student\MSC Dissertation\Urban-Vision-Benchmark\Datasets\MTSD\Prepared\MTSD-Unaugmented\MTSD-YOLO\test\images\grp10_IMG_1645.jpg,,,,,,<no detections>,False,True,193.2,mtsd-p4
SAM 3,one way sign,grp10_IMG_20251123_141219.jpg,E:\2. UM-Student\MSC Dissertation\Urban-Vision-Benchmark\Datasets\MTSD\Prepared\MTSD-Unaugmented\MTSD-YOLO\test\images\grp10_IMG_20251123_141219.jpg,852.35,1165.99,1115.41,1936.66,0.6797,one way sign,True,True,167.2,mtsd-p4
SAM 3,one way sign,grp10_IMG_20251123_141844.jpg,E:\2. UM-Student\MSC Dissertation\Urban-Vision-Benchmark\Datasets\MTSD\Prepared\MTSD-Unaugmented\MTSD-YOLO\test\images\grp10_IMG_20251123_141844.jpg,,,,,,<no detections>,False,True,143.9,mtsd-p4
SAM 3,one way sign,grp10_IMG_20251123_143317.jpg,E:\2. UM-Student\MSC Dissertation\Urban-Vision-Benchmark\Datasets\MTSD\Prepared\MTSD-Unaugmented\MTSD-YOLO\test\images\grp10_IMG_20251123_143317.jpg,,,,,,<no detections>,False,True,145.4,mtsd-p4
SAM 3,one way sign,grp10_IMG_20251123_150542.jpg,E:\2. UM-Student\MSC Dissertation\Urban-Vision-Benchmark\Datasets\MTSD\Prepared\MTSD-Unaugmented\MTSD-YOLO\test\images\grp10_IMG_20251123_150542.jpg,930.71,1173.47,1462.05,2289.9,0.7188,one way sign,True,True,174.3,mtsd-p4
SAM 3,one way sign,grp10_IMG_20251123_150542.jpg,E:\2. UM-Student\MSC Dissertation\Urban-Vision-Benchmark\Datasets\MTSD\Prepared\MTSD-Unaugmented\MTSD-YOLO\test\images\grp10_IMG_20251123_150542.jpg,956.59,293.3,1296.52,1436.4,0.7617,one way sign,True,True,174.3,mtsd-p4
SAM 3,one way sign,grp10_IMG_20251123_164433.jpg,E:\2. UM-Student\MSC Dissertation\Urban-Vision-Benchmark\Datasets\MTSD\Prepared\MTSD-Unaugmented\MTSD-YOLO\test\images\grp10_IMG_20251123_164433.jpg,590.13,1752.83,1305.85,2925.07,0.3574,one way sign,True,True,167.1,mtsd-p4
SAM 3,one way sign,grp10_IMG_20251123_164446.jpg,E:\2. UM-Student\MSC Dissertation\Urban-Vision-Benchmark\Datasets\MTSD\Prepared\MTSD-Unaugmented\MTSD-YOLO\test\images\grp10_IMG_20251123_164446.jpg,,,,,,<no detections>,False,True,138.0,mtsd-p4
SAM 3,one way sign,grp10_IMG_20251123_165832.jpg,E:\2. UM-Student\MSC Dissertation\Urban-Vision-Benchmark\Datasets\MTSD\Prepared\MTSD-Unaugmented\MTSD-YOLO\test\images\grp10_IMG_20251123_165832.jpg,,,,,,<no detections>,False,True,140.4,mtsd-p4
SAM 3,one way sign,grp10_IMG_20251125_112108.jpg,E:\2. UM-Student\MSC Dissertation\Urban-Vision-Benchmark\Datasets\MTSD\Prepared\MTSD-Unaugmented\MTSD-YOLO\test\images\grp10_IMG_20251125_112108.jpg,1028.39,523.98,2283.55,1669.79,0.4062,one way sign,True,True,171.6,mtsd-p4
SAM 3,one way sign,grp10_IMG_20251125_113833.jpg,E:\2. UM-Student\MSC Dissertation\Urban-Vision-Benchmark\Datasets\MTSD\Prepared\MTSD-Unaugmented\MTSD-YOLO\test\images\grp10_IMG_20251125_113833.jpg,926.57,1667.32,1120.86,2038.52,0.4355,one way sign,True,True,194.4,mtsd-p4
SAM 3,one way sign,grp10_IMG_20251125_113844.jpg,E:\2. UM-Student\MSC Dissertation\Urban-Vision-Benchmark\Datasets\MTSD\Prepared\MTSD-Unaugmented\MTSD-YOLO\test\images\grp10_IMG_20251125_113844.jpg,,,,,,<no detections>,False,True,164.1,mtsd-p4
SAM 3,one way sign,grp10_IMG_20251125_114450.jpg,E:\2. UM-Student\MSC Dissertation\Urban-Vision-Benchmark\Datasets\MTSD\Prepared\MTSD-Unaugmented\MTSD-YOLO\test\images\grp10_IMG_20251125_114450.jpg,1773.74,488.83,2687.94,1927.77,0.5195,one way sign,True,True,183.1,mtsd-p4
SAM 3,one way sign,grp10_IMG_20251125_120326.jpg,E:\2. UM-Student\MSC Dissertation\Urban-Vision-Benchmark\Datasets\MTSD\Prepared\MTSD-Unaugmented\MTSD-YOLO\test\images\grp10_IMG_20251125_120326.jpg,,,,,,<no detections>,False,True,174.1,mtsd-p4
SAM 3,one way sign,grp10_IMG_20251125_121131.jpg,E:\2. UM-Student\MSC Dissertation\Urban-Vision-Benchmark\Datasets\MTSD\Prepared\MTSD-Unaugmented\MTSD-YOLO\test\images\grp10_IMG_20251125_121131.jpg,,,,,,<no detections>,False,True,172.5,mtsd-p4
SAM 3,one way sign,grp10_IMG_20251125_121142.jpg,E:\2. UM-Student\MSC Dissertation\Urban-Vision-Benchmark\Datasets\MTSD\Prepared\MTSD-Unaugmented\MTSD-YOLO\test\images\grp10_IMG_20251125_121142.jpg,,,,,,<no detections>,False,True,142.1,mtsd-p4
SAM 3,one way sign,grp10_IMG_20251125_121556.jpg,E:\2. UM-Student\MSC Dissertation\Urban-Vision-Benchmark\Datasets\MTSD\Prepared\MTSD-Unaugmented\MTSD-YOLO\test\images\grp10_IMG_20251125_121556.jpg,,,,,,<no detections>,False,True,149.7,mtsd-p4
SAM 3,one way sign,grp10_IMG_20251125_121957.jpg,E:\2. UM-Student\MSC Dissertation\Urban-Vision-Benchmark\Datasets\MTSD\Prepared\MTSD-Unaugmented\MTSD-YOLO\test\images\grp10_IMG_20251125_121957.jpg,,,,,,<no detections>,False,True,184.7,mtsd-p4
SAM 3,one way sign,grp10_IMG_20251125_122125.jpg,E:\2. UM-Student\MSC Dissertation\Urban-Vision-Benchmark\Datasets\MTSD\Prepared\MTSD-Unaugmented\MTSD-YOLO\test\images\grp10_IMG_20251125_122125.jpg,672.18,1751.16,1393.95,3160.59,0.9062,one way sign,True,True,159.1,mtsd-p4
SAM 3,one way sign,grp10_IMG_20251125_122225.jpg,E:\2. UM-Student\MSC Dissertation\Urban-Vision-Benchmark\Datasets\MTSD\Prepared\MTSD-Unaugmented\MTSD-YOLO\test\images\grp10_IMG_20251125_122225.jpg,3219.98,2390.76,3395.06,2641.22,0.3047,one way sign,True,True,196.0,mtsd-p4
SAM 3,one way sign,grp10_IMG_20251125_122225.jpg,E:\2. UM-Student\MSC Dissertation\Urban-Vision-Benchmark\Datasets\MTSD\Prepared\MTSD-Unaugmented\MTSD-YOLO\test\images\grp10_IMG_20251125_122225.jpg,796.03,497.55,2910.0,2317.56,0.3887,one way sign,True,True,196.0,mtsd-p4
SAM 3,one way sign,grp10_IMG_20251125_122515.jpg,E:\2. UM-Student\MSC Dissertation\Urban-Vision-Benchmark\Datasets\MTSD\Prepared\MTSD-Unaugmented\MTSD-YOLO\test\images\grp10_IMG_20251125_122515.jpg,1342.36,4242.48,1418.44,4379.71,0.7812,one way sign,True,True,188.5,mtsd-p4
SAM 3,one way sign,grp10_IMG_20251125_122819+1.jpg,E:\2. UM-Student\MSC Dissertation\Urban-Vision-Benchmark\Datasets\MTSD\Prepared\MTSD-Unaugmented\MTSD-YOLO\test\images\grp10_IMG_20251125_122819+1.jpg,,,,,,<no detections>,False,True,165.9,mtsd-p4
SAM 3,one way sign,grp10_IMG_20251125_122826.jpg,E:\2. UM-Student\MSC Dissertation\Urban-Vision-Benchmark\Datasets\MTSD\Prepared\MTSD-Unaugmented\MTSD-YOLO\test\images\grp10_IMG_20251125_122826.jpg,,,,,,<no detections>,False,True,162.2,mtsd-p4
SAM 3,one way sign,grp10_IMG_20251125_123112.jpg,E:\2. UM-Student\MSC Dissertation\Urban-Vision-Benchmark\Datasets\MTSD\Prepared\MTSD-Unaugmented\MTSD-YOLO\test\images\grp10_IMG_20251125_123112.jpg,242.48,1523.78,1543.04,2722.28,0.6211,one way sign,True,True,150.2,mtsd-p4
SAM 3,one way sign,grp10_IMG_20251125_123425.jpg,E:\2. UM-Student\MSC Dissertation\Urban-Vision-Benchmark\Datasets\MTSD\Prepared\MTSD-Unaugmented\MTSD-YOLO\test\images\grp10_IMG_20251125_123425.jpg,,,,,,<no detections>,False,True,138.9,mtsd-p4
SAM 3,one way sign,grp10_IMG_20251125_124400.jpg,E:\2. UM-Student\MSC Dissertation\Urban-Vision-Benchmark\Datasets\MTSD\Prepared\MTSD-Unaugmented\MTSD-YOLO\test\images\grp10_IMG_20251125_124400.jpg,554.7,1544.0,1515.81,3281.22,0.8633,one way sign,True,True,149.1,mtsd-p4
SAM 3,one way sign,grp10_IMG_20251125_153252.jpg,E:\2. UM-Student\MSC Dissertation\Urban-Vision-Benchmark\Datasets\MTSD\Prepared\MTSD-Unaugmented\MTSD-YOLO\test\images\grp10_IMG_20251125_153252.jpg,1402.34,923.7,2060.53,1485.15,0.4023,one way sign,True,True,239.4,mtsd-p4
SAM 3,one way sign,grp10_IMG_20251125_153252.jpg,E:\2. UM-Student\MSC Dissertation\Urban-Vision-Benchmark\Datasets\MTSD\Prepared\MTSD-Unaugmented\MTSD-YOLO\test\images\grp10_IMG_20251125_153252.jpg,1290.11,781.86,2160.89,1630.11,0.918,one way sign,True,True,239.4,mtsd-p4
SAM 3,one way sign,grp10_IMG_20251125_153559.jpg,E:\2. UM-Student\MSC Dissertation\Urban-Vision-Benchmark\Datasets\MTSD\Prepared\MTSD-Unaugmented\MTSD-YOLO\test\images\grp10_IMG_20251125_153559.jpg,1624.81,710.86,1938.8,1880.88,0.5977,one way sign,True,True,189.5,mtsd-p4
SAM 3,one way sign,grp10_IMG_20251126_123510.jpg,E:\2. UM-Student\MSC Dissertation\Urban-Vision-Benchmark\Datasets\MTSD\Prepared\MTSD-Unaugmented\MTSD-YOLO\test\images\grp10_IMG_20251126_123510.jpg,717.56,2107.27,1400.9,2710.97,0.9336,one way sign,True,True,168.1,mtsd-p4
SAM 3,one way sign,grp10_IMG_20251126_123524.jpg,E:\2. UM-Student\MSC Dissertation\Urban-Vision-Benchmark\Datasets\MTSD\Prepared\MTSD-Unaugmented\MTSD-YOLO\test\images\grp10_IMG_20251126_123524.jpg,1863.4,3640.74,2080.0,4285.39,0.5898,one way sign,True,True,162.9,mtsd-p4
SAM 3,one way sign,grp10_IMG_20251126_123910.jpg,E:\2. UM-Student\MSC Dissertation\Urban-Vision-Benchmark\Datasets\MTSD\Prepared\MTSD-Unaugmented\MTSD-YOLO\test\images\grp10_IMG_20251126_123910.jpg,593.08,2039.55,1575.7,2976.24,0.8398,one way sign,True,True,174.0,mtsd-p4
SAM 3,one way sign,grp10_IMG_20260106_160010_253.jpg,E:\2. UM-Student\MSC Dissertation\Urban-Vision-Benchmark\Datasets\MTSD\Prepared\MTSD-Unaugmented\MTSD-YOLO\test\images\grp10_IMG_20260106_160010_253.jpg,1455.09,2491.25,1529.66,2551.66,0.4863,one way sign,True,True,208.0,mtsd-p4
SAM 3,one way sign,grp10_IMG_20260106_160010_253.jpg,E:\2. UM-Student\MSC Dissertation\Urban-Vision-Benchmark\Datasets\MTSD\Prepared\MTSD-Unaugmented\MTSD-YOLO\test\images\grp10_IMG_20260106_160010_253.jpg,1006.67,744.85,2072.15,1655.47,0.832,one way sign,True,True,208.0,mtsd-p4
SAM 3,one way sign,grp10_IMG_20260106_160549_637.jpg,E:\2. UM-Student\MSC Dissertation\Urban-Vision-Benchmark\Datasets\MTSD\Prepared\MTSD-Unaugmented\MTSD-YOLO\test\images\grp10_IMG_20260106_160549_637.jpg,,,,,,<no detections>,False,True,182.4,mtsd-p4
SAM 3,one way sign,grp10_IMG_20260106_160608_331.jpg,E:\2. UM-Student\MSC Dissertation\Urban-Vision-Benchmark\Datasets\MTSD\Prepared\MTSD-Unaugmented\MTSD-YOLO\test\images\grp10_IMG_20260106_160608_331.jpg,988.46,934.83,2342.93,2274.62,0.5547,one way sign,True,True,160.6,mtsd-p4
SAM 3,one way sign,grp10_IMG_20260106_161746_914.jpg,E:\2. UM-Student\MSC Dissertation\Urban-Vision-Benchmark\Datasets\MTSD\Prepared\MTSD-Unaugmented\MTSD-YOLO\test\images\grp10_IMG_20260106_161746_914.jpg,994.85,538.27,2556.92,2102.0,0.6445,one way sign,True,True,226.4,mtsd-p4
SAM 3,one way sign,grp10_IMG_20260106_162304_258.jpg,E:\2. UM-Student\MSC Dissertation\Urban-Vision-Benchmark\Datasets\MTSD\Prepared\MTSD-Unaugmented\MTSD-YOLO\test\images\grp10_IMG_20260106_162304_258.jpg,,,,,,<no detections>,False,True,154.0,mtsd-p4
SAM 3,one way sign,grp10_IMG_20260110_171243_436.jpg,E:\2. UM-Student\MSC Dissertation\Urban-Vision-Benchmark\Datasets\MTSD\Prepared\MTSD-Unaugmented\MTSD-YOLO\test\images\grp10_IMG_20260110_171243_436.jpg,1307.41,1328.87,1787.32,1802.57,0.3418,one way sign,True,True,177.0,mtsd-p4
SAM 3,one way sign,grp10_IMG_20260110_171243_436.jpg,E:\2. UM-Student\MSC Dissertation\Urban-Vision-Benchmark\Datasets\MTSD\Prepared\MTSD-Unaugmented\MTSD-YOLO\test\images\grp10_IMG_20260110_171243_436.jpg,971.35,1035.96,1939.33,1968.32,0.8203,one way sign,True,True,177.0,mtsd-p4
SAM 3,one way sign,grp10_IMG_20260110_172451_501.jpg,E:\2. UM-Student\MSC Dissertation\Urban-Vision-Benchmark\Datasets\MTSD\Prepared\MTSD-Unaugmented\MTSD-YOLO\test\images\grp10_IMG_20260110_172451_501.jpg,,,,,,<no detections>,False,True,147.8,mtsd-p4
SAM 3,one way sign,grp10_IMG_20260110_172745_673.jpg,E:\2. UM-Student\MSC Dissertation\Urban-Vision-Benchmark\Datasets\MTSD\Prepared\MTSD-Unaugmented\MTSD-YOLO\test\images\grp10_IMG_20260110_172745_673.jpg,1298.64,1658.65,2533.61,3438.09,0.9336,one way sign,True,True,172.0,mtsd-p4
SAM 3,one way sign,grp10_IMG_20260110_173056_747.jpg,E:\2. UM-Student\MSC Dissertation\Urban-Vision-Benchmark\Datasets\MTSD\Prepared\MTSD-Unaugmented\MTSD-YOLO\test\images\grp10_IMG_20260110_173056_747.jpg,,,,,,<no detections>,False,True,148.3,mtsd-p4
SAM 3,one way sign,grp10_IMG_20260110_173308_202.jpg,E:\2. UM-Student\MSC Dissertation\Urban-Vision-Benchmark\Datasets\MTSD\Prepared\MTSD-Unaugmented\MTSD-YOLO\test\images\grp10_IMG_20260110_173308_202.jpg,,,,,,<no detections>,False,True,148.7,mtsd-p4
SAM 3,one way sign,grp10_IMG_20260113_083600_409.jpg,E:\2. UM-Student\MSC Dissertation\Urban-Vision-Benchmark\Datasets\MTSD\Prepared\MTSD-Unaugmented\MTSD-YOLO\test\images\grp10_IMG_20260113_083600_409.jpg,,,,,,<no detections>,False,True,147.9,mtsd-p4
SAM 3,one way sign,grp10_IMG_20260113_083728_516.jpg,E:\2. UM-Student\MSC Dissertation\Urban-Vision-Benchmark\Datasets\MTSD\Prepared\MTSD-Unaugmented\MTSD-YOLO\test\images\grp10_IMG_20260113_083728_516.jpg,686.29,622.87,2469.36,2655.55,0.6328,one way sign,True,True,193.6,mtsd-p4
SAM 3,one way sign,grp10_IMG_20260113_083759_046.jpg,E:\2. UM-Student\MSC Dissertation\Urban-Vision-Benchmark\Datasets\MTSD\Prepared\MTSD-Unaugmented\MTSD-YOLO\test\images\grp10_IMG_20260113_083759_046.jpg,,,,,,<no detections>,False,True,159.2,mtsd-p4
SAM 3,one way sign,grp10_IMG_20260113_083821_567.jpg,E:\2. UM-Student\MSC Dissertation\Urban-Vision-Benchmark\Datasets\MTSD\Prepared\MTSD-Unaugmented\MTSD-YOLO\test\images\grp10_IMG_20260113_083821_567.jpg,3411.36,582.41,3613.38,724.7,0.8242,one way sign,True,True,183.3,mtsd-p4
SAM 3,one way sign,grp10_IMG_20260113_084856_622.jpg,E:\2. UM-Student\MSC Dissertation\Urban-Vision-Benchmark\Datasets\MTSD\Prepared\MTSD-Unaugmented\MTSD-YOLO\test\images\grp10_IMG_20260113_084856_622.jpg,,,,,,<no detections>,False,True,149.8,mtsd-p4
SAM 3,one way sign,grp10_IMG_20260113_084947_261.jpg,E:\2. UM-Student\MSC Dissertation\Urban-Vision-Benchmark\Datasets\MTSD\Prepared\MTSD-Unaugmented\MTSD-YOLO\test\images\grp10_IMG_20260113_084947_261.jpg,1448.24,863.56,2364.85,1948.21,0.9023,one way sign,True,True,184.7,mtsd-p4
SAM 3,one way sign,grp10_IMG_20260113_085011_841.jpg,E:\2. UM-Student\MSC Dissertation\Urban-Vision-Benchmark\Datasets\MTSD\Prepared\MTSD-Unaugmented\MTSD-YOLO\test\images\grp10_IMG_20260113_085011_841.jpg,,,,,,<no detections>,False,True,158.5,mtsd-p4
SAM 3,one way sign,grp10_IMG_20260113_085024_440.jpg,E:\2. UM-Student\MSC Dissertation\Urban-Vision-Benchmark\Datasets\MTSD\Prepared\MTSD-Unaugmented\MTSD-YOLO\test\images\grp10_IMG_20260113_085024_440.jpg,1306.39,883.75,2262.49,2018.78,0.582,one way sign,True,True,216.6,mtsd-p4
SAM 3,one way sign,grp10_IMG_8791.jpeg,E:\2. UM-Student\MSC Dissertation\Urban-Vision-Benchmark\Datasets\MTSD\Prepared\MTSD-Unaugmented\MTSD-YOLO\test\images\grp10_IMG_8791.jpeg,928.37,2487.74,2038.16,3463.32,0.4238,one way sign,True,True,182.8,mtsd-p4
SAM 3,one way sign,grp10_IMG_8791.jpeg,E:\2. UM-Student\MSC Dissertation\Urban-Vision-Benchmark\Datasets\MTSD\Prepared\MTSD-Unaugmented\MTSD-YOLO\test\images\grp10_IMG_8791.jpeg,520.75,2054.49,2368.85,3962.96,0.8086,one way sign,True,True,182.8,mtsd-p4
SAM 3,one way sign,grp10_IMG_8791.jpeg,E:\2. UM-Student\MSC Dissertation\Urban-Vision-Benchmark\Datasets\MTSD\Prepared\MTSD-Unaugmented\MTSD-YOLO\test\images\grp10_IMG_8791.jpeg,599.37,413.45,2292.59,2041.72,0.3887,one way sign,True,True,182.8,mtsd-p4
SAM 3,one way sign,grp10_IMG_8810.jpeg,E:\2. UM-Student\MSC Dissertation\Urban-Vision-Benchmark\Datasets\MTSD\Prepared\MTSD-Unaugmented\MTSD-YOLO\test\images\grp10_IMG_8810.jpeg,,,,,,<no detections>,False,True,146.9,mtsd-p4
SAM 3,one way sign,grp10_wall_stop.jpeg,E:\2. UM-Student\MSC Dissertation\Urban-Vision-Benchmark\Datasets\MTSD\Prepared\MTSD-Unaugmented\MTSD-YOLO\test\images\grp10_wall_stop.jpeg,705.01,1740.3,2124.11,3843.61,0.9336,one way sign,True,True,192.9,mtsd-p4
SAM 3,one way sign,grp10_WhatsApp Image 2025-11-16 at 17.52.23 (3).jpeg,E:\2. UM-Student\MSC Dissertation\Urban-Vision-Benchmark\Datasets\MTSD\Prepared\MTSD-Unaugmented\MTSD-YOLO\test\images\grp10_WhatsApp Image 2025-11-16 at 17.52.23 (3).jpeg,,,,,,<no detections>,False,True,119.7,mtsd-p4
SAM 3,one way sign,grp10_WhatsApp Image 2025-11-16 at 17.52.25 (1).jpeg,E:\2. UM-Student\MSC Dissertation\Urban-Vision-Benchmark\Datasets\MTSD\Prepared\MTSD-Unaugmented\MTSD-YOLO\test\images\grp10_WhatsApp Image 2025-11-16 at 17.52.25 (1).jpeg,,,,,,<no detections>,False,True,115.9,mtsd-p4
SAM 3,one way sign,grp10_WhatsApp Image 2025-11-16 at 17.52.27.jpeg,E:\2. UM-Student\MSC Dissertation\Urban-Vision-Benchmark\Datasets\MTSD\Prepared\MTSD-Unaugmented\MTSD-YOLO\test\images\grp10_WhatsApp Image 2025-11-16 at 17.52.27.jpeg,123.84,713.05,941.03,1453.72,0.6797,one way sign,True,True,135.2,mtsd-p4
SAM 3,one way sign,grp10_WhatsApp Image 2025-11-16 at 17.52.28 (3).jpeg,E:\2. UM-Student\MSC Dissertation\Urban-Vision-Benchmark\Datasets\MTSD\Prepared\MTSD-Unaugmented\MTSD-YOLO\test\images\grp10_WhatsApp Image 2025-11-16 at 17.52.28 (3).jpeg,424.72,705.07,883.58,1082.03,0.4668,one way sign,True,True,130.6,mtsd-p4
SAM 3,one way sign,grp10_WhatsApp Image 2025-11-16 at 17.52.28 (3).jpeg,E:\2. UM-Student\MSC Dissertation\Urban-Vision-Benchmark\Datasets\MTSD\Prepared\MTSD-Unaugmented\MTSD-YOLO\test\images\grp10_WhatsApp Image 2025-11-16 at 17.52.28 (3).jpeg,344.1,586.78,964.52,1187.17,0.9297,one way sign,True,True,130.6,mtsd-p4
SAM 3,one way sign,grp10_WhatsApp Image 2025-11-16 at 17.52.29.jpeg,E:\2. UM-Student\MSC Dissertation\Urban-Vision-Benchmark\Datasets\MTSD\Prepared\MTSD-Unaugmented\MTSD-YOLO\test\images\grp10_WhatsApp Image 2025-11-16 at 17.52.29.jpeg,474.99,749.41,1004.05,1194.94,0.375,one way sign,True,True,125.5,mtsd-p4
SAM 3,one way sign,grp10_WhatsApp Image 2025-11-16 at 17.52.29.jpeg,E:\2. UM-Student\MSC Dissertation\Urban-Vision-Benchmark\Datasets\MTSD\Prepared\MTSD-Unaugmented\MTSD-YOLO\test\images\grp10_WhatsApp Image 2025-11-16 at 17.52.29.jpeg,379.8,633.43,1082.57,1311.09,0.9258,one way sign,True,True,125.5,mtsd-p4
SAM 3,one way sign,grp10_WhatsApp Image 2025-11-17 at 12.38.32 (2).jpeg,E:\2. UM-Student\MSC Dissertation\Urban-Vision-Benchmark\Datasets\MTSD\Prepared\MTSD-Unaugmented\MTSD-YOLO\test\images\grp10_WhatsApp Image 2025-11-17 at 12.38.32 (2).jpeg,297.35,625.07,1070.85,1265.97,0.3516,one way sign,True,True,124.7,mtsd-p4
SAM 3,one way sign,grp10_WhatsApp Image 2025-11-17 at 12.38.34.jpeg,E:\2. UM-Student\MSC Dissertation\Urban-Vision-Benchmark\Datasets\MTSD\Prepared\MTSD-Unaugmented\MTSD-YOLO\test\images\grp10_WhatsApp Image 2025-11-17 at 12.38.34.jpeg,253.13,637.24,1276.63,1557.65,0.5547,one way sign,True,True,122.5,mtsd-p4
SAM 3,one way sign,grp10_WhatsApp Image 2025-11-17 at 12.38.37 (2).jpeg,E:\2. UM-Student\MSC Dissertation\Urban-Vision-Benchmark\Datasets\MTSD\Prepared\MTSD-Unaugmented\MTSD-YOLO\test\images\grp10_WhatsApp Image 2025-11-17 at 12.38.37 (2).jpeg,1164.48,1807.92,1315.25,2040.0,0.8789,one way sign,True,True,123.2,mtsd-p4
SAM 3,one way sign,grp10_WhatsApp Image 2025-11-17 at 15.01.27 - Edited.jpg,E:\2. UM-Student\MSC Dissertation\Urban-Vision-Benchmark\Datasets\MTSD\Prepared\MTSD-Unaugmented\MTSD-YOLO\test\images\grp10_WhatsApp Image 2025-11-17 at 15.01.27 - Edited.jpg,562.58,990.32,1164.46,1585.13,0.4336,one way sign,True,True,132.8,mtsd-p4
SAM 3,one way sign,grp10_WhatsApp Image 2025-11-17 at 15.01.27 - Edited.jpg,E:\2. UM-Student\MSC Dissertation\Urban-Vision-Benchmark\Datasets\MTSD\Prepared\MTSD-Unaugmented\MTSD-YOLO\test\images\grp10_WhatsApp Image 2025-11-17 at 15.01.27 - Edited.jpg,546.42,455.67,1191.82,984.54,0.8398,one way sign,True,True,132.8,mtsd-p4
SAM 3,one way sign,grp10_WhatsApp Image 2025-11-17 at 15.01.44.jpeg,E:\2. UM-Student\MSC Dissertation\Urban-Vision-Benchmark\Datasets\MTSD\Prepared\MTSD-Unaugmented\MTSD-YOLO\test\images\grp10_WhatsApp Image 2025-11-17 at 15.01.44.jpeg,,,,,,<no detections>,False,True,118.6,mtsd-p4
SAM 3,one way sign,grp10_WhatsApp Image 2025-11-17 at 15.01.45 (3).jpeg,E:\2. UM-Student\MSC Dissertation\Urban-Vision-Benchmark\Datasets\MTSD\Prepared\MTSD-Unaugmented\MTSD-YOLO\test\images\grp10_WhatsApp Image 2025-11-17 at 15.01.45 (3).jpeg,,,,,,<no detections>,False,True,118.0,mtsd-p4
SAM 3,one way sign,grp10_WhatsApp Image 2025-11-17 at 15.01.50 (1).jpeg,E:\2. UM-Student\MSC Dissertation\Urban-Vision-Benchmark\Datasets\MTSD\Prepared\MTSD-Unaugmented\MTSD-YOLO\test\images\grp10_WhatsApp Image 2025-11-17 at 15.01.50 (1).jpeg,,,,,,<no detections>,False,True,118.1,mtsd-p4
SAM 3,one way sign,grp10_WhatsApp Image 2025-11-17 at 15.01.54.jpeg,E:\2. UM-Student\MSC Dissertation\Urban-Vision-Benchmark\Datasets\MTSD\Prepared\MTSD-Unaugmented\MTSD-YOLO\test\images\grp10_WhatsApp Image 2025-11-17 at 15.01.54.jpeg,,,,,,<no detections>,False,True,120.1,mtsd-p4
SAM 3,one way sign,grp10_WhatsApp Image 2025-11-17 at 15.01.56 (1).jpeg,E:\2. UM-Student\MSC Dissertation\Urban-Vision-Benchmark\Datasets\MTSD\Prepared\MTSD-Unaugmented\MTSD-YOLO\test\images\grp10_WhatsApp Image 2025-11-17 at 15.01.56 (1).jpeg,,,,,,<no detections>,False,True,117.7,mtsd-p4
SAM 3,one way sign,grp10_WhatsApp Image 2025-11-17 at 15.02.00.jpeg,E:\2. UM-Student\MSC Dissertation\Urban-Vision-Benchmark\Datasets\MTSD\Prepared\MTSD-Unaugmented\MTSD-YOLO\test\images\grp10_WhatsApp Image 2025-11-17 at 15.02.00.jpeg,,,,,,<no detections>,False,True,118.8,mtsd-p4
SAM 3,one way sign,grp10_WhatsApp Image 2025-11-20 at 16.03.01 (1).jpeg,E:\2. UM-Student\MSC Dissertation\Urban-Vision-Benchmark\Datasets\MTSD\Prepared\MTSD-Unaugmented\MTSD-YOLO\test\images\grp10_WhatsApp Image 2025-11-20 at 16.03.01 (1).jpeg,671.95,1114.67,1022.29,1508.39,0.5469,one way sign,True,True,134.2,mtsd-p4
SAM 3,one way sign,grp10_WhatsApp Image 2025-11-20 at 16.03.01 (1).jpeg,E:\2. UM-Student\MSC Dissertation\Urban-Vision-Benchmark\Datasets\MTSD\Prepared\MTSD-Unaugmented\MTSD-YOLO\test\images\grp10_WhatsApp Image 2025-11-20 at 16.03.01 (1).jpeg,628.17,668.13,1080.33,1113.2,0.5938,one way sign,True,True,134.2,mtsd-p4
SAM 3,one way sign,grp11_00ffbbb0-IMG_20251125_195040.jpg,E:\2. UM-Student\MSC Dissertation\Urban-Vision-Benchmark\Datasets\MTSD\Prepared\MTSD-Unaugmented\MTSD-YOLO\test\images\grp11_00ffbbb0-IMG_20251125_195040.jpg,2142.03,1970.0,2221.85,2047.11,0.5508,one way sign,True,True,208.3,mtsd-p4
SAM 3,one way sign,grp11_00ffbbb0-IMG_20251125_195040.jpg,E:\2. UM-Student\MSC Dissertation\Urban-Vision-Benchmark\Datasets\MTSD\Prepared\MTSD-Unaugmented\MTSD-YOLO\test\images\grp11_00ffbbb0-IMG_20251125_195040.jpg,1669.52,1829.6,1712.3,1882.73,0.3281,one way sign,True,True,208.3,mtsd-p4
SAM 3,one way sign,grp11_00ffbbb0-IMG_20251125_195040.jpg,E:\2. UM-Student\MSC Dissertation\Urban-Vision-Benchmark\Datasets\MTSD\Prepared\MTSD-Unaugmented\MTSD-YOLO\test\images\grp11_00ffbbb0-IMG_20251125_195040.jpg,1182.81,1819.86,1245.98,1882.41,0.7383,one way sign,True,True,208.3,mtsd-p4
SAM 3,one way sign,grp11_089d4626-IMG_20251125_192354.jpg,E:\2. UM-Student\MSC Dissertation\Urban-Vision-Benchmark\Datasets\MTSD\Prepared\MTSD-Unaugmented\MTSD-YOLO\test\images\grp11_089d4626-IMG_20251125_192354.jpg,1435.61,995.6,2172.87,1773.35,0.5156,one way sign,True,True,164.1,mtsd-p4
SAM 3,one way sign,grp11_08da688f-IMG_6393.jpeg,E:\2. UM-Student\MSC Dissertation\Urban-Vision-Benchmark\Datasets\MTSD\Prepared\MTSD-Unaugmented\MTSD-YOLO\test\images\grp11_08da688f-IMG_6393.jpeg,0.0,709.36,3483.46,2767.58,0.9062,one way sign,True,True,189.4,mtsd-p4
SAM 3,one way sign,grp11_0ac2eda8-IMG_6412.jpeg,E:\2. UM-Student\MSC Dissertation\Urban-Vision-Benchmark\Datasets\MTSD\Prepared\MTSD-Unaugmented\MTSD-YOLO\test\images\grp11_0ac2eda8-IMG_6412.jpeg,,,,,,<no detections>,False,True,172.5,mtsd-p4
SAM 3,one way sign,grp11_12031735-Pre_2026_6669.jpg,E:\2. UM-Student\MSC Dissertation\Urban-Vision-Benchmark\Datasets\MTSD\Prepared\MTSD-Unaugmented\MTSD-YOLO\test\images\grp11_12031735-Pre_2026_6669.jpg,399.29,1548.32,1362.26,2388.37,0.4531,one way sign,True,True,161.7,mtsd-p4
SAM 3,one way sign,grp11_12031735-Pre_2026_6669.jpg,E:\2. UM-Student\MSC Dissertation\Urban-Vision-Benchmark\Datasets\MTSD\Prepared\MTSD-Unaugmented\MTSD-YOLO\test\images\grp11_12031735-Pre_2026_6669.jpg,642.87,909.29,1325.94,1570.77,0.4688,one way sign,True,True,161.7,mtsd-p4
SAM 3,one way sign,grp11_1346633a-IMG_20251125_195535.jpg,E:\2. UM-Student\MSC Dissertation\Urban-Vision-Benchmark\Datasets\MTSD\Prepared\MTSD-Unaugmented\MTSD-YOLO\test\images\grp11_1346633a-IMG_20251125_195535.jpg,272.57,1976.83,425.91,2112.09,0.6445,one way sign,True,True,221.6,mtsd-p4
SAM 3,one way sign,grp11_1346633a-IMG_20251125_195535.jpg,E:\2. UM-Student\MSC Dissertation\Urban-Vision-Benchmark\Datasets\MTSD\Prepared\MTSD-Unaugmented\MTSD-YOLO\test\images\grp11_1346633a-IMG_20251125_195535.jpg,900.42,1776.93,1550.92,2420.64,0.4238,one way sign,True,True,221.6,mtsd-p4
SAM 3,one way sign,grp11_1346633a-IMG_20251125_195535.jpg,E:\2. UM-Student\MSC Dissertation\Urban-Vision-Benchmark\Datasets\MTSD\Prepared\MTSD-Unaugmented\MTSD-YOLO\test\images\grp11_1346633a-IMG_20251125_195535.jpg,893.31,1112.65,1524.16,1766.72,0.5234,one way sign,True,True,221.6,mtsd-p4
SAM 3,one way sign,grp11_1c6ec821-IMG_20251125_194942.jpg,E:\2. UM-Student\MSC Dissertation\Urban-Vision-Benchmark\Datasets\MTSD\Prepared\MTSD-Unaugmented\MTSD-YOLO\test\images\grp11_1c6ec821-IMG_20251125_194942.jpg,1055.7,1162.58,1820.39,1926.67,0.832,one way sign,True,True,185.5,mtsd-p4
SAM 3,one way sign,grp11_1ff1325d-IMG_1333.jpg,E:\2. UM-Student\MSC Dissertation\Urban-Vision-Benchmark\Datasets\MTSD\Prepared\MTSD-Unaugmented\MTSD-YOLO\test\images\grp11_1ff1325d-IMG_1333.jpg,270.92,0.0,1013.02,314.06,0.3672,one way sign,True,True,157.5,mtsd-p4
SAM 3,one way sign,grp11_217d0bb2-IMG_1445.jpg,E:\2. UM-Student\MSC Dissertation\Urban-Vision-Benchmark\Datasets\MTSD\Prepared\MTSD-Unaugmented\MTSD-YOLO\test\images\grp11_217d0bb2-IMG_1445.jpg,549.0,269.77,1553.04,1998.78,0.9453,one way sign,True,True,175.3,mtsd-p4
SAM 3,one way sign,grp11_243ba713-IMG_6313.jpg,E:\2. UM-Student\MSC Dissertation\Urban-Vision-Benchmark\Datasets\MTSD\Prepared\MTSD-Unaugmented\MTSD-YOLO\test\images\grp11_243ba713-IMG_6313.jpg,1730.4,2045.83,3624.46,3855.15,0.5,one way sign,True,True,588.9,mtsd-p4
SAM 3,one way sign,grp11_2960150f-Pre_2026_6705.jpg,E:\2. UM-Student\MSC Dissertation\Urban-Vision-Benchmark\Datasets\MTSD\Prepared\MTSD-Unaugmented\MTSD-YOLO\test\images\grp11_2960150f-Pre_2026_6705.jpg,,,,,,<no detections>,False,True,145.4,mtsd-p4
SAM 3,one way sign,grp11_2a7d15c7-Pre_2026_6626.jpg,E:\2. UM-Student\MSC Dissertation\Urban-Vision-Benchmark\Datasets\MTSD\Prepared\MTSD-Unaugmented\MTSD-YOLO\test\images\grp11_2a7d15c7-Pre_2026_6626.jpg,800.63,864.04,1551.79,1506.44,0.334,one way sign,True,True,152.9,mtsd-p4
SAM 3,one way sign,grp11_2a7d15c7-Pre_2026_6626.jpg,E:\2. UM-Student\MSC Dissertation\Urban-Vision-Benchmark\Datasets\MTSD\Prepared\MTSD-Unaugmented\MTSD-YOLO\test\images\grp11_2a7d15c7-Pre_2026_6626.jpg,675.88,688.06,1661.84,1661.34,0.9219,one way sign,True,True,152.9,mtsd-p4
SAM 3,one way sign,grp11_2d64dcc1-IMG_20251125_194650.jpg,E:\2. UM-Student\MSC Dissertation\Urban-Vision-Benchmark\Datasets\MTSD\Prepared\MTSD-Unaugmented\MTSD-YOLO\test\images\grp11_2d64dcc1-IMG_20251125_194650.jpg,1177.91,968.92,1957.53,1702.59,0.6641,one way sign,True,True,163.6,mtsd-p4
SAM 3,one way sign,grp11_2dae9065-IMG_20251125_195604.jpg,E:\2. UM-Student\MSC Dissertation\Urban-Vision-Benchmark\Datasets\MTSD\Prepared\MTSD-Unaugmented\MTSD-YOLO\test\images\grp11_2dae9065-IMG_20251125_195604.jpg,1371.27,1438.16,1722.8,1838.21,0.4746,one way sign,True,True,188.3,mtsd-p4
SAM 3,one way sign,grp11_2dae9065-IMG_20251125_195604.jpg,E:\2. UM-Student\MSC Dissertation\Urban-Vision-Benchmark\Datasets\MTSD\Prepared\MTSD-Unaugmented\MTSD-YOLO\test\images\grp11_2dae9065-IMG_20251125_195604.jpg,1339.15,1148.44,1808.85,2124.12,0.7656,one way sign,True,True,188.3,mtsd-p4
SAM 3,one way sign,grp11_387a3e09-IMG_6403.jpeg,E:\2. UM-Student\MSC Dissertation\Urban-Vision-Benchmark\Datasets\MTSD\Prepared\MTSD-Unaugmented\MTSD-YOLO\test\images\grp11_387a3e09-IMG_6403.jpeg,,,,,,<no detections>,False,True,159.3,mtsd-p4
SAM 3,one way sign,grp11_3a5a4d41-Pre_2026_6633.jpg,E:\2. UM-Student\MSC Dissertation\Urban-Vision-Benchmark\Datasets\MTSD\Prepared\MTSD-Unaugmented\MTSD-YOLO\test\images\grp11_3a5a4d41-Pre_2026_6633.jpg,816.66,1286.3,905.59,1390.28,0.8906,one way sign,True,True,150.6,mtsd-p4
SAM 3,one way sign,grp11_3f9be580-IMG_1323.jpg,E:\2. UM-Student\MSC Dissertation\Urban-Vision-Benchmark\Datasets\MTSD\Prepared\MTSD-Unaugmented\MTSD-YOLO\test\images\grp11_3f9be580-IMG_1323.jpg,,,,,,<no detections>,False,True,160.0,mtsd-p4
SAM 3,one way sign,grp11_4029b5b7-Pre_2026_6760.jpg,E:\2. UM-Student\MSC Dissertation\Urban-Vision-Benchmark\Datasets\MTSD\Prepared\MTSD-Unaugmented\MTSD-YOLO\test\images\grp11_4029b5b7-Pre_2026_6760.jpg,2166.66,662.31,2696.18,1230.19,0.5977,one way sign,True,True,144.5,mtsd-p4
SAM 3,one way sign,grp11_41188dd2-IMG_1440.jpg,E:\2. UM-Student\MSC Dissertation\Urban-Vision-Benchmark\Datasets\MTSD\Prepared\MTSD-Unaugmented\MTSD-YOLO\test\images\grp11_41188dd2-IMG_1440.jpg,,,,,,<no detections>,False,True,172.0,mtsd-p4
SAM 3,one way sign,grp11_4a7fe027-Pre_2026_6682.jpg,E:\2. UM-Student\MSC Dissertation\Urban-Vision-Benchmark\Datasets\MTSD\Prepared\MTSD-Unaugmented\MTSD-YOLO\test\images\grp11_4a7fe027-Pre_2026_6682.jpg,,,,,,<no detections>,False,True,138.5,mtsd-p4
SAM 3,one way sign,grp11_4a8ce21e-IMG_20251125_194252.jpg,E:\2. UM-Student\MSC Dissertation\Urban-Vision-Benchmark\Datasets\MTSD\Prepared\MTSD-Unaugmented\MTSD-YOLO\test\images\grp11_4a8ce21e-IMG_20251125_194252.jpg,1722.62,2484.37,1833.32,2579.49,0.3105,one way sign,True,True,225.0,mtsd-p4
SAM 3,one way sign,grp11_4a8ce21e-IMG_20251125_194252.jpg,E:\2. UM-Student\MSC Dissertation\Urban-Vision-Benchmark\Datasets\MTSD\Prepared\MTSD-Unaugmented\MTSD-YOLO\test\images\grp11_4a8ce21e-IMG_20251125_194252.jpg,2533.45,2316.88,2768.38,2445.02,0.8164,one way sign,True,True,225.0,mtsd-p4
SAM 3,one way sign,grp11_578f49cf-IMG_6367.jpeg,E:\2. UM-Student\MSC Dissertation\Urban-Vision-Benchmark\Datasets\MTSD\Prepared\MTSD-Unaugmented\MTSD-YOLO\test\images\grp11_578f49cf-IMG_6367.jpeg,344.36,1255.39,2041.99,1987.46,0.4824,one way sign,True,True,166.9,mtsd-p4
SAM 3,one way sign,grp11_59f96d19-IMG_6251.jpeg,E:\2. UM-Student\MSC Dissertation\Urban-Vision-Benchmark\Datasets\MTSD\Prepared\MTSD-Unaugmented\MTSD-YOLO\test\images\grp11_59f96d19-IMG_6251.jpeg,,,,,,<no detections>,False,True,118.8,mtsd-p4
SAM 3,one way sign,grp11_5c71ae7e-IMG_6256.jpeg,E:\2. UM-Student\MSC Dissertation\Urban-Vision-Benchmark\Datasets\MTSD\Prepared\MTSD-Unaugmented\MTSD-YOLO\test\images\grp11_5c71ae7e-IMG_6256.jpeg,,,,,,<no detections>,False,True,168.3,mtsd-p4
SAM 3,one way sign,grp11_5cef4344-Pre_2026_6674.jpg,E:\2. UM-Student\MSC Dissertation\Urban-Vision-Benchmark\Datasets\MTSD\Prepared\MTSD-Unaugmented\MTSD-YOLO\test\images\grp11_5cef4344-Pre_2026_6674.jpg,60.8,945.07,1699.37,2472.96,0.3086,one way sign,True,True,163.4,mtsd-p4
SAM 3,one way sign,grp11_5cef4344-Pre_2026_6674.jpg,E:\2. UM-Student\MSC Dissertation\Urban-Vision-Benchmark\Datasets\MTSD\Prepared\MTSD-Unaugmented\MTSD-YOLO\test\images\grp11_5cef4344-Pre_2026_6674.jpg,568.52,150.06,1664.64,1008.98,0.3867,one way sign,True,True,163.4,mtsd-p4
SAM 3,one way sign,grp11_6bd01c27-IMG_1442.jpg,E:\2. UM-Student\MSC Dissertation\Urban-Vision-Benchmark\Datasets\MTSD\Prepared\MTSD-Unaugmented\MTSD-YOLO\test\images\grp11_6bd01c27-IMG_1442.jpg,1078.41,425.56,1806.22,1642.65,0.9492,one way sign,True,True,161.2,mtsd-p4
SAM 3,one way sign,grp11_6d03b071-IMG_6395.jpeg,E:\2. UM-Student\MSC Dissertation\Urban-Vision-Benchmark\Datasets\MTSD\Prepared\MTSD-Unaugmented\MTSD-YOLO\test\images\grp11_6d03b071-IMG_6395.jpeg,1117.03,1151.93,2499.08,2396.65,0.9414,one way sign,True,True,197.4,mtsd-p4
SAM 3,one way sign,grp11_6d1c0888-IMG_20251125_191657.jpg,E:\2. UM-Student\MSC Dissertation\Urban-Vision-Benchmark\Datasets\MTSD\Prepared\MTSD-Unaugmented\MTSD-YOLO\test\images\grp11_6d1c0888-IMG_20251125_191657.jpg,1501.62,994.72,1617.06,1633.46,0.5664,one way sign,True,True,159.9,mtsd-p4
SAM 3,one way sign,grp11_7041f709-IMG_1379.jpg,E:\2. UM-Student\MSC Dissertation\Urban-Vision-Benchmark\Datasets\MTSD\Prepared\MTSD-Unaugmented\MTSD-YOLO\test\images\grp11_7041f709-IMG_1379.jpg,1110.35,859.43,1756.44,2252.17,0.7852,one way sign,True,True,165.8,mtsd-p4
SAM 3,one way sign,grp11_7041f709-IMG_1379.jpg,E:\2. UM-Student\MSC Dissertation\Urban-Vision-Benchmark\Datasets\MTSD\Prepared\MTSD-Unaugmented\MTSD-YOLO\test\images\grp11_7041f709-IMG_1379.jpg,1107.28,853.91,1758.72,3539.89,0.377,one way sign,True,True,165.8,mtsd-p4
SAM 3,one way sign,grp11_80f216ed-Pre_2026_6647.jpg,E:\2. UM-Student\MSC Dissertation\Urban-Vision-Benchmark\Datasets\MTSD\Prepared\MTSD-Unaugmented\MTSD-YOLO\test\images\grp11_80f216ed-Pre_2026_6647.jpg,,,,,,<no detections>,False,True,137.8,mtsd-p4
SAM 3,one way sign,grp11_8297098a-IMG_6326.jpeg,E:\2. UM-Student\MSC Dissertation\Urban-Vision-Benchmark\Datasets\MTSD\Prepared\MTSD-Unaugmented\MTSD-YOLO\test\images\grp11_8297098a-IMG_6326.jpeg,,,,,,<no detections>,False,True,148.9,mtsd-p4
SAM 3,one way sign,grp11_87a2a97d-IMG_6417.jpeg,E:\2. UM-Student\MSC Dissertation\Urban-Vision-Benchmark\Datasets\MTSD\Prepared\MTSD-Unaugmented\MTSD-YOLO\test\images\grp11_87a2a97d-IMG_6417.jpeg,1578.54,1889.02,4092.53,5450.69,0.9102,one way sign,True,True,311.9,mtsd-p4
SAM 3,one way sign,grp11_8d5205a5-IMG_6322.jpeg,E:\2. UM-Student\MSC Dissertation\Urban-Vision-Benchmark\Datasets\MTSD\Prepared\MTSD-Unaugmented\MTSD-YOLO\test\images\grp11_8d5205a5-IMG_6322.jpeg,,,,,,<no detections>,False,True,173.7,mtsd-p4
SAM 3,one way sign,grp11_8da30211-IMG_1389.jpg,E:\2. UM-Student\MSC Dissertation\Urban-Vision-Benchmark\Datasets\MTSD\Prepared\MTSD-Unaugmented\MTSD-YOLO\test\images\grp11_8da30211-IMG_1389.jpg,,,,,,<no detections>,False,True,156.3,mtsd-p4
SAM 3,one way sign,grp11_92113811-IMG_1371.jpg,E:\2. UM-Student\MSC Dissertation\Urban-Vision-Benchmark\Datasets\MTSD\Prepared\MTSD-Unaugmented\MTSD-YOLO\test\images\grp11_92113811-IMG_1371.jpg,,,,,,<no detections>,False,True,159.9,mtsd-p4
SAM 3,one way sign,grp11_93c9acc6-Pre_2026_6752.jpg,E:\2. UM-Student\MSC Dissertation\Urban-Vision-Benchmark\Datasets\MTSD\Prepared\MTSD-Unaugmented\MTSD-YOLO\test\images\grp11_93c9acc6-Pre_2026_6752.jpg,2353.8,528.9,3282.95,1172.23,0.9336,one way sign,True,True,154.3,mtsd-p4
SAM 3,one way sign,grp11_94c2771c-IMG_1367.jpg,E:\2. UM-Student\MSC Dissertation\Urban-Vision-Benchmark\Datasets\MTSD\Prepared\MTSD-Unaugmented\MTSD-YOLO\test\images\grp11_94c2771c-IMG_1367.jpg,1211.13,914.68,1899.17,1555.28,0.4492,one way sign,True,True,173.3,mtsd-p4
SAM 3,one way sign,grp11_94c2771c-IMG_1367.jpg,E:\2. UM-Student\MSC Dissertation\Urban-Vision-Benchmark\Datasets\MTSD\Prepared\MTSD-Unaugmented\MTSD-YOLO\test\images\grp11_94c2771c-IMG_1367.jpg,1091.78,363.53,1969.28,2032.31,0.8828,one way sign,True,True,173.3,mtsd-p4
SAM 3,one way sign,grp11_9adb1ffc-IMG_1447.jpg,E:\2. UM-Student\MSC Dissertation\Urban-Vision-Benchmark\Datasets\MTSD\Prepared\MTSD-Unaugmented\MTSD-YOLO\test\images\grp11_9adb1ffc-IMG_1447.jpg,1188.98,770.44,2073.23,1561.89,0.3516,one way sign,True,True,173.6,mtsd-p4
SAM 3,one way sign,grp11_9adb1ffc-IMG_1447.jpg,E:\2. UM-Student\MSC Dissertation\Urban-Vision-Benchmark\Datasets\MTSD\Prepared\MTSD-Unaugmented\MTSD-YOLO\test\images\grp11_9adb1ffc-IMG_1447.jpg,1065.35,495.27,2224.38,1744.99,0.9102,one way sign,True,True,173.6,mtsd-p4
SAM 3,one way sign,grp11_9aea0791-Pre_2026_6686.jpg,E:\2. UM-Student\MSC Dissertation\Urban-Vision-Benchmark\Datasets\MTSD\Prepared\MTSD-Unaugmented\MTSD-YOLO\test\images\grp11_9aea0791-Pre_2026_6686.jpg,,,,,,<no detections>,False,True,145.1,mtsd-p4
SAM 3,one way sign,grp11_9e3f1527-IMG_6303.jpeg,E:\2. UM-Student\MSC Dissertation\Urban-Vision-Benchmark\Datasets\MTSD\Prepared\MTSD-Unaugmented\MTSD-YOLO\test\images\grp11_9e3f1527-IMG_6303.jpeg,,,,,,<no detections>,False,True,150.3,mtsd-p4
SAM 3,one way sign,grp11_a9ff1854-IMG_6408.jpeg,E:\2. UM-Student\MSC Dissertation\Urban-Vision-Benchmark\Datasets\MTSD\Prepared\MTSD-Unaugmented\MTSD-YOLO\test\images\grp11_a9ff1854-IMG_6408.jpeg,1841.23,668.58,3124.08,1837.09,0.8633,one way sign,True,True,170.2,mtsd-p4
SAM 3,one way sign,grp11_aff5c880-IMG_6324.jpeg,E:\2. UM-Student\MSC Dissertation\Urban-Vision-Benchmark\Datasets\MTSD\Prepared\MTSD-Unaugmented\MTSD-YOLO\test\images\grp11_aff5c880-IMG_6324.jpeg,2412.98,3449.8,2486.59,3576.57,0.3398,one way sign,True,True,186.5,mtsd-p4
SAM 3,one way sign,grp11_aff5c880-IMG_6324.jpeg,E:\2. UM-Student\MSC Dissertation\Urban-Vision-Benchmark\Datasets\MTSD\Prepared\MTSD-Unaugmented\MTSD-YOLO\test\images\grp11_aff5c880-IMG_6324.jpeg,2425.39,3451.54,2479.81,3535.8,0.3242,one way sign,True,True,186.5,mtsd-p4
SAM 3,one way sign,grp11_b25d900c-Pre_2026_6648.jpg,E:\2. UM-Student\MSC Dissertation\Urban-Vision-Benchmark\Datasets\MTSD\Prepared\MTSD-Unaugmented\MTSD-YOLO\test\images\grp11_b25d900c-Pre_2026_6648.jpg,,,,,,<no detections>,False,True,136.8,mtsd-p4
SAM 3,one way sign,grp11_b40e574e-IMG_1307.jpg,E:\2. UM-Student\MSC Dissertation\Urban-Vision-Benchmark\Datasets\MTSD\Prepared\MTSD-Unaugmented\MTSD-YOLO\test\images\grp11_b40e574e-IMG_1307.jpg,1227.02,272.08,1988.26,1058.25,0.5117,one way sign,True,True,228.1,mtsd-p4
SAM 3,one way sign,grp11_b4a34518-Pre_2026_6659.jpg,E:\2. UM-Student\MSC Dissertation\Urban-Vision-Benchmark\Datasets\MTSD\Prepared\MTSD-Unaugmented\MTSD-YOLO\test\images\grp11_b4a34518-Pre_2026_6659.jpg,689.04,1059.72,1209.15,1576.46,0.3574,one way sign,True,True,154.9,mtsd-p4
SAM 3,one way sign,grp11_b4a34518-Pre_2026_6659.jpg,E:\2. UM-Student\MSC Dissertation\Urban-Vision-Benchmark\Datasets\MTSD\Prepared\MTSD-Unaugmented\MTSD-YOLO\test\images\grp11_b4a34518-Pre_2026_6659.jpg,591.92,829.22,1302.68,1697.33,0.9297,one way sign,True,True,154.9,mtsd-p4
SAM 3,one way sign,grp11_bab711b8-IMG_20251125_192613.jpg,E:\2. UM-Student\MSC Dissertation\Urban-Vision-Benchmark\Datasets\MTSD\Prepared\MTSD-Unaugmented\MTSD-YOLO\test\images\grp11_bab711b8-IMG_20251125_192613.jpg,1218.3,996.68,1763.61,1553.0,0.3691,one way sign,True,True,163.5,mtsd-p4
SAM 3,one way sign,grp11_bab711b8-IMG_20251125_192613.jpg,E:\2. UM-Student\MSC Dissertation\Urban-Vision-Benchmark\Datasets\MTSD\Prepared\MTSD-Unaugmented\MTSD-YOLO\test\images\grp11_bab711b8-IMG_20251125_192613.jpg,1122.18,783.74,1843.2,1681.92,0.9062,one way sign,True,True,163.5,mtsd-p4
SAM 3,one way sign,grp11_badbe466-IMG_20251125_194752.jpg,E:\2. UM-Student\MSC Dissertation\Urban-Vision-Benchmark\Datasets\MTSD\Prepared\MTSD-Unaugmented\MTSD-YOLO\test\images\grp11_badbe466-IMG_20251125_194752.jpg,,,,,,<no detections>,False,True,151.6,mtsd-p4
SAM 3,one way sign,grp11_bdad925f-IMG_20251125_194953.jpg,E:\2. UM-Student\MSC Dissertation\Urban-Vision-Benchmark\Datasets\MTSD\Prepared\MTSD-Unaugmented\MTSD-YOLO\test\images\grp11_bdad925f-IMG_20251125_194953.jpg,,,,,,<no detections>,False,True,161.5,mtsd-p4
SAM 3,one way sign,grp11_cb23d6ca-IMG_20251125_190938.jpg,E:\2. UM-Student\MSC Dissertation\Urban-Vision-Benchmark\Datasets\MTSD\Prepared\MTSD-Unaugmented\MTSD-YOLO\test\images\grp11_cb23d6ca-IMG_20251125_190938.jpg,1393.09,1799.23,1551.61,2322.55,0.3359,one way sign,True,True,209.9,mtsd-p4
SAM 3,one way sign,grp11_cb23d6ca-IMG_20251125_190938.jpg,E:\2. UM-Student\MSC Dissertation\Urban-Vision-Benchmark\Datasets\MTSD\Prepared\MTSD-Unaugmented\MTSD-YOLO\test\images\grp11_cb23d6ca-IMG_20251125_190938.jpg,1000.15,2138.08,1171.94,2333.43,0.4512,one way sign,True,True,209.9,mtsd-p4
SAM 3,one way sign,grp11_cb23d6ca-IMG_20251125_190938.jpg,E:\2. UM-Student\MSC Dissertation\Urban-Vision-Benchmark\Datasets\MTSD\Prepared\MTSD-Unaugmented\MTSD-YOLO\test\images\grp11_cb23d6ca-IMG_20251125_190938.jpg,1353.85,1593.14,1654.66,2619.69,0.8906,one way sign,True,True,209.9,mtsd-p4
SAM 3,one way sign,grp11_cf483702-IMG_20251125_195623.jpg,E:\2. UM-Student\MSC Dissertation\Urban-Vision-Benchmark\Datasets\MTSD\Prepared\MTSD-Unaugmented\MTSD-YOLO\test\images\grp11_cf483702-IMG_20251125_195623.jpg,2583.49,2506.79,2799.64,2634.14,0.8398,one way sign,True,True,171.4,mtsd-p4
SAM 3,one way sign,grp11_d9b50eb1-Pre_2026_6691.jpg,E:\2. UM-Student\MSC Dissertation\Urban-Vision-Benchmark\Datasets\MTSD\Prepared\MTSD-Unaugmented\MTSD-YOLO\test\images\grp11_d9b50eb1-Pre_2026_6691.jpg,665.26,1669.18,1290.59,2210.26,0.6172,one way sign,True,True,161.1,mtsd-p4
SAM 3,one way sign,grp11_d9b50eb1-Pre_2026_6691.jpg,E:\2. UM-Student\MSC Dissertation\Urban-Vision-Benchmark\Datasets\MTSD\Prepared\MTSD-Unaugmented\MTSD-YOLO\test\images\grp11_d9b50eb1-Pre_2026_6691.jpg,655.96,2190.14,1288.48,2411.15,0.3613,one way sign,True,True,161.1,mtsd-p4
SAM 3,one way sign,grp11_daaadabb-IMG_1451.jpg,E:\2. UM-Student\MSC Dissertation\Urban-Vision-Benchmark\Datasets\MTSD\Prepared\MTSD-Unaugmented\MTSD-YOLO\test\images\grp11_daaadabb-IMG_1451.jpg,1009.16,316.19,1669.84,1186.07,0.3906,one way sign,True,True,168.9,mtsd-p4
SAM 3,one way sign,grp11_daaadabb-IMG_1451.jpg,E:\2. UM-Student\MSC Dissertation\Urban-Vision-Benchmark\Datasets\MTSD\Prepared\MTSD-Unaugmented\MTSD-YOLO\test\images\grp11_daaadabb-IMG_1451.jpg,921.21,0.0,1814.02,1383.52,0.9336,one way sign,True,True,168.9,mtsd-p4
SAM 3,one way sign,grp11_e27435a0-IMG_20251125_194217.jpg,E:\2. UM-Student\MSC Dissertation\Urban-Vision-Benchmark\Datasets\MTSD\Prepared\MTSD-Unaugmented\MTSD-YOLO\test\images\grp11_e27435a0-IMG_20251125_194217.jpg,,,,,,<no detections>,False,True,151.8,mtsd-p4
SAM 3,one way sign,grp11_ebb70ae4-Pre_2026_6672.jpg,E:\2. UM-Student\MSC Dissertation\Urban-Vision-Benchmark\Datasets\MTSD\Prepared\MTSD-Unaugmented\MTSD-YOLO\test\images\grp11_ebb70ae4-Pre_2026_6672.jpg,591.43,1167.01,2010.6,2249.79,0.9258,one way sign,True,True,172.8,mtsd-p4
SAM 3,one way sign,grp11_ee2f066e-IMG_20251125_194701.jpg,E:\2. UM-Student\MSC Dissertation\Urban-Vision-Benchmark\Datasets\MTSD\Prepared\MTSD-Unaugmented\MTSD-YOLO\test\images\grp11_ee2f066e-IMG_20251125_194701.jpg,1113.32,2593.94,1267.67,2762.31,0.3711,one way sign,True,True,208.8,mtsd-p4
SAM 3,one way sign,grp11_ee2f066e-IMG_20251125_194701.jpg,E:\2. UM-Student\MSC Dissertation\Urban-Vision-Benchmark\Datasets\MTSD\Prepared\MTSD-Unaugmented\MTSD-YOLO\test\images\grp11_ee2f066e-IMG_20251125_194701.jpg,644.15,1144.7,1360.37,1743.53,0.4453,one way sign,True,True,208.8,mtsd-p4
SAM 3,one way sign,grp11_ee2f066e-IMG_20251125_194701.jpg,E:\2. UM-Student\MSC Dissertation\Urban-Vision-Benchmark\Datasets\MTSD\Prepared\MTSD-Unaugmented\MTSD-YOLO\test\images\grp11_ee2f066e-IMG_20251125_194701.jpg,525.42,999.5,1468.78,1889.34,0.8477,one way sign,True,True,208.8,mtsd-p4
SAM 3,one way sign,grp11_f09e9bf4-Pre_2026_6657.jpg,E:\2. UM-Student\MSC Dissertation\Urban-Vision-Benchmark\Datasets\MTSD\Prepared\MTSD-Unaugmented\MTSD-YOLO\test\images\grp11_f09e9bf4-Pre_2026_6657.jpg,503.32,500.82,1648.45,1763.29,0.9219,one way sign,True,True,157.3,mtsd-p4
SAM 3,one way sign,grp11_f0c7f95a-IMG_6420.jpeg,E:\2. UM-Student\MSC Dissertation\Urban-Vision-Benchmark\Datasets\MTSD\Prepared\MTSD-Unaugmented\MTSD-YOLO\test\images\grp11_f0c7f95a-IMG_6420.jpeg,709.99,1139.85,3420.07,2082.92,0.8867,one way sign,True,True,204.7,mtsd-p4
SAM 3,one way sign,grp11_f3e6cd7a-IMG_6398.jpeg,E:\2. UM-Student\MSC Dissertation\Urban-Vision-Benchmark\Datasets\MTSD\Prepared\MTSD-Unaugmented\MTSD-YOLO\test\images\grp11_f3e6cd7a-IMG_6398.jpeg,2642.98,4705.22,2750.02,4860.03,0.7812,one way sign,True,True,273.9,mtsd-p4
SAM 3,one way sign,grp11_f71868de-IMG_20251125_191832.jpg,E:\2. UM-Student\MSC Dissertation\Urban-Vision-Benchmark\Datasets\MTSD\Prepared\MTSD-Unaugmented\MTSD-YOLO\test\images\grp11_f71868de-IMG_20251125_191832.jpg,,,,,,<no detections>,False,True,147.1,mtsd-p4
SAM 3,one way sign,grp11_fbaad6ff-IMG_1423.jpg,E:\2. UM-Student\MSC Dissertation\Urban-Vision-Benchmark\Datasets\MTSD\Prepared\MTSD-Unaugmented\MTSD-YOLO\test\images\grp11_fbaad6ff-IMG_1423.jpg,994.52,440.6,2002.09,1374.67,0.6641,one way sign,True,True,175.1,mtsd-p4
SAM 3,one way sign,grp1_02ac92f5-IMG20251123165127.jpg,E:\2. UM-Student\MSC Dissertation\Urban-Vision-Benchmark\Datasets\MTSD\Prepared\MTSD-Unaugmented\MTSD-YOLO\test\images\grp1_02ac92f5-IMG20251123165127.jpg,,,,,,<no detections>,False,True,156.3,mtsd-p4
SAM 3,one way sign,grp1_0608acbd-IMG_4633.jpeg,E:\2. UM-Student\MSC Dissertation\Urban-Vision-Benchmark\Datasets\MTSD\Prepared\MTSD-Unaugmented\MTSD-YOLO\test\images\grp1_0608acbd-IMG_4633.jpeg,,,,,,<no detections>,False,True,149.9,mtsd-p4
SAM 3,one way sign,grp1_072bd818-IMG_4648.jpeg,E:\2. UM-Student\MSC Dissertation\Urban-Vision-Benchmark\Datasets\MTSD\Prepared\MTSD-Unaugmented\MTSD-YOLO\test\images\grp1_072bd818-IMG_4648.jpeg,1121.57,1417.67,1775.25,3084.22,0.7656,one way sign,True,True,179.3,mtsd-p4
SAM 3,one way sign,grp1_091652b2-IMG20260105120954.jpg,E:\2. UM-Student\MSC Dissertation\Urban-Vision-Benchmark\Datasets\MTSD\Prepared\MTSD-Unaugmented\MTSD-YOLO\test\images\grp1_091652b2-IMG20260105120954.jpg,501.37,1038.86,2762.35,3071.01,0.5352,one way sign,True,True,191.3,mtsd-p4
SAM 3,one way sign,grp1_091652b2-IMG20260105120954.jpg,E:\2. UM-Student\MSC Dissertation\Urban-Vision-Benchmark\Datasets\MTSD\Prepared\MTSD-Unaugmented\MTSD-YOLO\test\images\grp1_091652b2-IMG20260105120954.jpg,933.47,582.41,2403.71,1157.34,0.8516,one way sign,True,True,191.3,mtsd-p4
SAM 3,one way sign,grp1_094f8a9f-RV__2.jpeg,E:\2. UM-Student\MSC Dissertation\Urban-Vision-Benchmark\Datasets\MTSD\Prepared\MTSD-Unaugmented\MTSD-YOLO\test\images\grp1_094f8a9f-RV__2.jpeg,1337.62,2196.12,1687.21,2908.93,0.4512,one way sign,True,True,215.5,mtsd-p4
SAM 3,one way sign,grp1_094f8a9f-RV__2.jpeg,E:\2. UM-Student\MSC Dissertation\Urban-Vision-Benchmark\Datasets\MTSD\Prepared\MTSD-Unaugmented\MTSD-YOLO\test\images\grp1_094f8a9f-RV__2.jpeg,1239.0,1863.9,1718.21,3079.42,0.8477,one way sign,True,True,215.5,mtsd-p4
SAM 3,one way sign,grp1_094f8a9f-RV__2.jpeg,E:\2. UM-Student\MSC Dissertation\Urban-Vision-Benchmark\Datasets\MTSD\Prepared\MTSD-Unaugmented\MTSD-YOLO\test\images\grp1_094f8a9f-RV__2.jpeg,1073.64,1202.75,1818.18,2000.38,0.5938,one way sign,True,True,215.5,mtsd-p4
SAM 3,one way sign,grp1_0dd8c85f-RV_001_114.jpeg,E:\2. UM-Student\MSC Dissertation\Urban-Vision-Benchmark\Datasets\MTSD\Prepared\MTSD-Unaugmented\MTSD-YOLO\test\images\grp1_0dd8c85f-RV_001_114.jpeg,1925.1,3196.6,2052.93,3377.19,0.3164,one way sign,True,True,176.0,mtsd-p4
SAM 3,one way sign,grp1_0ea4c27e-RV_001_43.jpeg,E:\2. UM-Student\MSC Dissertation\Urban-Vision-Benchmark\Datasets\MTSD\Prepared\MTSD-Unaugmented\MTSD-YOLO\test\images\grp1_0ea4c27e-RV_001_43.jpeg,918.98,1869.0,2137.37,2946.05,0.6406,one way sign,True,True,152.8,mtsd-p4
SAM 3,one way sign,grp1_1bc3cf13-IMG_5516.jpeg,E:\2. UM-Student\MSC Dissertation\Urban-Vision-Benchmark\Datasets\MTSD\Prepared\MTSD-Unaugmented\MTSD-YOLO\test\images\grp1_1bc3cf13-IMG_5516.jpeg,601.24,946.39,1011.27,1290.08,0.3691,one way sign,True,True,130.0,mtsd-p4
SAM 3,one way sign,grp1_1bc3cf13-IMG_5516.jpeg,E:\2. UM-Student\MSC Dissertation\Urban-Vision-Benchmark\Datasets\MTSD\Prepared\MTSD-Unaugmented\MTSD-YOLO\test\images\grp1_1bc3cf13-IMG_5516.jpeg,552.51,883.02,1057.67,1362.46,0.8945,one way sign,True,True,130.0,mtsd-p4
SAM 3,one way sign,grp1_1e8d03ef-IMG_4745.jpeg,E:\2. UM-Student\MSC Dissertation\Urban-Vision-Benchmark\Datasets\MTSD\Prepared\MTSD-Unaugmented\MTSD-YOLO\test\images\grp1_1e8d03ef-IMG_4745.jpeg,,,,,,<no detections>,False,True,165.1,mtsd-p4
SAM 3,one way sign,grp1_1ea7fc82-IMG_4719.jpeg,E:\2. UM-Student\MSC Dissertation\Urban-Vision-Benchmark\Datasets\MTSD\Prepared\MTSD-Unaugmented\MTSD-YOLO\test\images\grp1_1ea7fc82-IMG_4719.jpeg,,,,,,<no detections>,False,True,153.8,mtsd-p4
SAM 3,one way sign,grp1_213f8e9b-IMG20260105131202.jpg,E:\2. UM-Student\MSC Dissertation\Urban-Vision-Benchmark\Datasets\MTSD\Prepared\MTSD-Unaugmented\MTSD-YOLO\test\images\grp1_213f8e9b-IMG20260105131202.jpg,264.71,846.04,2510.78,2990.8,0.3203,one way sign,True,True,160.7,mtsd-p4
SAM 3,one way sign,grp1_22a1d833-RV_001_174.jpeg,E:\2. UM-Student\MSC Dissertation\Urban-Vision-Benchmark\Datasets\MTSD\Prepared\MTSD-Unaugmented\MTSD-YOLO\test\images\grp1_22a1d833-RV_001_174.jpeg,1054.75,988.2,2243.28,1991.66,0.3223,one way sign,True,True,164.2,mtsd-p4
SAM 3,one way sign,grp1_22c68da3-IMG_4717.jpeg,E:\2. UM-Student\MSC Dissertation\Urban-Vision-Benchmark\Datasets\MTSD\Prepared\MTSD-Unaugmented\MTSD-YOLO\test\images\grp1_22c68da3-IMG_4717.jpeg,744.84,1149.98,2374.28,2462.21,0.4746,one way sign,True,True,170.1,mtsd-p4
SAM 3,one way sign,grp1_2493a507-RV_001_172.jpeg,E:\2. UM-Student\MSC Dissertation\Urban-Vision-Benchmark\Datasets\MTSD\Prepared\MTSD-Unaugmented\MTSD-YOLO\test\images\grp1_2493a507-RV_001_172.jpeg,,,,,,<no detections>,False,True,188.8,mtsd-p4
SAM 3,one way sign,grp1_25ff97a8-IMG20260105132835.jpg,E:\2. UM-Student\MSC Dissertation\Urban-Vision-Benchmark\Datasets\MTSD\Prepared\MTSD-Unaugmented\MTSD-YOLO\test\images\grp1_25ff97a8-IMG20260105132835.jpg,1061.77,1070.83,1970.96,2505.48,0.3691,one way sign,True,True,182.3,mtsd-p4
SAM 3,one way sign,grp1_25ff97a8-IMG20260105132835.jpg,E:\2. UM-Student\MSC Dissertation\Urban-Vision-Benchmark\Datasets\MTSD\Prepared\MTSD-Unaugmented\MTSD-YOLO\test\images\grp1_25ff97a8-IMG20260105132835.jpg,476.09,859.83,2723.6,2792.28,0.8594,one way sign,True,True,182.3,mtsd-p4
SAM 3,one way sign,grp1_265aa6a6-IMG_5573.jpeg,E:\2. UM-Student\MSC Dissertation\Urban-Vision-Benchmark\Datasets\MTSD\Prepared\MTSD-Unaugmented\MTSD-YOLO\test\images\grp1_265aa6a6-IMG_5573.jpeg,1320.65,1965.29,1692.83,2760.0,0.5625,one way sign,True,True,161.6,mtsd-p4
SAM 3,one way sign,grp1_2a767150-RV_001_64.jpeg,E:\2. UM-Student\MSC Dissertation\Urban-Vision-Benchmark\Datasets\MTSD\Prepared\MTSD-Unaugmented\MTSD-YOLO\test\images\grp1_2a767150-RV_001_64.jpeg,1011.05,2829.82,1856.78,3305.99,0.3301,one way sign,True,True,160.5,mtsd-p4
SAM 3,one way sign,grp1_2a767150-RV_001_64.jpeg,E:\2. UM-Student\MSC Dissertation\Urban-Vision-Benchmark\Datasets\MTSD\Prepared\MTSD-Unaugmented\MTSD-YOLO\test\images\grp1_2a767150-RV_001_64.jpeg,911.61,2602.38,1931.21,3647.76,0.8164,one way sign,True,True,160.5,mtsd-p4
SAM 3,one way sign,grp1_2f062204-IMG_5549.jpeg,E:\2. UM-Student\MSC Dissertation\Urban-Vision-Benchmark\Datasets\MTSD\Prepared\MTSD-Unaugmented\MTSD-YOLO\test\images\grp1_2f062204-IMG_5549.jpeg,1183.51,1777.17,1882.87,2481.3,0.6602,one way sign,True,True,197.9,mtsd-p4
SAM 3,one way sign,grp1_335c2601-IMG_4793.jpeg,E:\2. UM-Student\MSC Dissertation\Urban-Vision-Benchmark\Datasets\MTSD\Prepared\MTSD-Unaugmented\MTSD-YOLO\test\images\grp1_335c2601-IMG_4793.jpeg,,,,,,<no detections>,False,True,158.5,mtsd-p4
SAM 3,one way sign,grp1_37e4fc9d-RV_001_33.jpeg,E:\2. UM-Student\MSC Dissertation\Urban-Vision-Benchmark\Datasets\MTSD\Prepared\MTSD-Unaugmented\MTSD-YOLO\test\images\grp1_37e4fc9d-RV_001_33.jpeg,,,,,,<no detections>,False,True,168.6,mtsd-p4
SAM 3,one way sign,grp1_39fe0c0b-IMG_4673.jpeg,E:\2. UM-Student\MSC Dissertation\Urban-Vision-Benchmark\Datasets\MTSD\Prepared\MTSD-Unaugmented\MTSD-YOLO\test\images\grp1_39fe0c0b-IMG_4673.jpeg,,,,,,<no detections>,False,True,162.9,mtsd-p4
SAM 3,one way sign,grp1_3b1bbe25-IMG_4677.jpeg,E:\2. UM-Student\MSC Dissertation\Urban-Vision-Benchmark\Datasets\MTSD\Prepared\MTSD-Unaugmented\MTSD-YOLO\test\images\grp1_3b1bbe25-IMG_4677.jpeg,479.6,1004.06,2519.56,3266.09,0.9414,one way sign,True,True,166.9,mtsd-p4
SAM 3,one way sign,grp1_46552970-IMG_5766.jpeg,E:\2. UM-Student\MSC Dissertation\Urban-Vision-Benchmark\Datasets\MTSD\Prepared\MTSD-Unaugmented\MTSD-YOLO\test\images\grp1_46552970-IMG_5766.jpeg,1049.12,1631.08,1943.5,2622.09,0.9297,one way sign,True,True,179.1,mtsd-p4
SAM 3,one way sign,grp1_4b0be6d1-IMG20260105131256.jpg,E:\2. UM-Student\MSC Dissertation\Urban-Vision-Benchmark\Datasets\MTSD\Prepared\MTSD-Unaugmented\MTSD-YOLO\test\images\grp1_4b0be6d1-IMG20260105131256.jpg,780.04,396.7,2471.55,3291.55,0.8203,one way sign,True,True,168.4,mtsd-p4
SAM 3,one way sign,grp1_5068c583-IMG_4683.jpeg,E:\2. UM-Student\MSC Dissertation\Urban-Vision-Benchmark\Datasets\MTSD\Prepared\MTSD-Unaugmented\MTSD-YOLO\test\images\grp1_5068c583-IMG_4683.jpeg,902.23,1810.38,1797.89,2744.59,0.4551,one way sign,True,True,168.5,mtsd-p4
SAM 3,one way sign,grp1_5068c583-IMG_4683.jpeg,E:\2. UM-Student\MSC Dissertation\Urban-Vision-Benchmark\Datasets\MTSD\Prepared\MTSD-Unaugmented\MTSD-YOLO\test\images\grp1_5068c583-IMG_4683.jpeg,770.08,1410.24,1996.49,3000.95,0.9141,one way sign,True,True,168.5,mtsd-p4
SAM 3,one way sign,grp1_52634fe4-IMG_20260108_180144.jpg,E:\2. UM-Student\MSC Dissertation\Urban-Vision-Benchmark\Datasets\MTSD\Prepared\MTSD-Unaugmented\MTSD-YOLO\test\images\grp1_52634fe4-IMG_20260108_180144.jpg,,,,,,<no detections>,False,True,150.9,mtsd-p4
SAM 3,one way sign,grp1_531e767b-IMG_4685.jpeg,E:\2. UM-Student\MSC Dissertation\Urban-Vision-Benchmark\Datasets\MTSD\Prepared\MTSD-Unaugmented\MTSD-YOLO\test\images\grp1_531e767b-IMG_4685.jpeg,,,,,,<no detections>,False,True,157.9,mtsd-p4
SAM 3,one way sign,grp1_53e7c3c2-IMG_5568.jpeg,E:\2. UM-Student\MSC Dissertation\Urban-Vision-Benchmark\Datasets\MTSD\Prepared\MTSD-Unaugmented\MTSD-YOLO\test\images\grp1_53e7c3c2-IMG_5568.jpeg,1074.24,1702.76,1693.87,2781.37,0.4434,one way sign,True,True,162.2,mtsd-p4
SAM 3,one way sign,grp1_578dabe6-IMG_4802.jpeg,E:\2. UM-Student\MSC Dissertation\Urban-Vision-Benchmark\Datasets\MTSD\Prepared\MTSD-Unaugmented\MTSD-YOLO\test\images\grp1_578dabe6-IMG_4802.jpeg,796.03,966.36,2294.2,2201.91,0.5547,one way sign,True,True,169.4,mtsd-p4
SAM 3,one way sign,grp1_598f8dcc-IMG_5777.jpeg,E:\2. UM-Student\MSC Dissertation\Urban-Vision-Benchmark\Datasets\MTSD\Prepared\MTSD-Unaugmented\MTSD-YOLO\test\images\grp1_598f8dcc-IMG_5777.jpeg,380.54,751.95,1000.02,1356.66,0.793,one way sign,True,True,129.1,mtsd-p4
SAM 3,one way sign,grp1_598f8dcc-IMG_5777.jpeg,E:\2. UM-Student\MSC Dissertation\Urban-Vision-Benchmark\Datasets\MTSD\Prepared\MTSD-Unaugmented\MTSD-YOLO\test\images\grp1_598f8dcc-IMG_5777.jpeg,917.17,1423.84,983.86,1506.0,0.498,one way sign,True,True,129.1,mtsd-p4
SAM 3,one way sign,grp1_5eb024cb-IMG_20260108_180228.jpg,E:\2. UM-Student\MSC Dissertation\Urban-Vision-Benchmark\Datasets\MTSD\Prepared\MTSD-Unaugmented\MTSD-YOLO\test\images\grp1_5eb024cb-IMG_20260108_180228.jpg,,,,,,<no detections>,False,True,155.9,mtsd-p4
SAM 3,one way sign,grp1_64a36757-IMG20251230164429.jpg,E:\2. UM-Student\MSC Dissertation\Urban-Vision-Benchmark\Datasets\MTSD\Prepared\MTSD-Unaugmented\MTSD-YOLO\test\images\grp1_64a36757-IMG20251230164429.jpg,570.86,975.88,2258.02,2453.29,0.7344,one way sign,True,True,181.4,mtsd-p4
SAM 3,one way sign,grp1_69e094db-IMG20260103164903.jpg,E:\2. UM-Student\MSC Dissertation\Urban-Vision-Benchmark\Datasets\MTSD\Prepared\MTSD-Unaugmented\MTSD-YOLO\test\images\grp1_69e094db-IMG20260103164903.jpg,1099.79,994.22,2006.22,2309.08,0.3242,one way sign,True,True,182.5,mtsd-p4
SAM 3,one way sign,grp1_69e094db-IMG20260103164903.jpg,E:\2. UM-Student\MSC Dissertation\Urban-Vision-Benchmark\Datasets\MTSD\Prepared\MTSD-Unaugmented\MTSD-YOLO\test\images\grp1_69e094db-IMG20260103164903.jpg,418.3,647.1,2381.72,2720.28,0.875,one way sign,True,True,182.5,mtsd-p4
SAM 3,one way sign,grp1_6ad1ae03-IMG_4778.jpeg,E:\2. UM-Student\MSC Dissertation\Urban-Vision-Benchmark\Datasets\MTSD\Prepared\MTSD-Unaugmented\MTSD-YOLO\test\images\grp1_6ad1ae03-IMG_4778.jpeg,1459.88,0.0,2149.08,273.29,0.7617,one way sign,True,True,188.2,mtsd-p4
SAM 3,one way sign,grp1_7052b6a6-IMG_5704.jpeg,E:\2. UM-Student\MSC Dissertation\Urban-Vision-Benchmark\Datasets\MTSD\Prepared\MTSD-Unaugmented\MTSD-YOLO\test\images\grp1_7052b6a6-IMG_5704.jpeg,,,,,,<no detections>,False,True,148.1,mtsd-p4
SAM 3,one way sign,grp1_71268279-IMG_4702.jpeg,E:\2. UM-Student\MSC Dissertation\Urban-Vision-Benchmark\Datasets\MTSD\Prepared\MTSD-Unaugmented\MTSD-YOLO\test\images\grp1_71268279-IMG_4702.jpeg,,,,,,<no detections>,False,True,149.6,mtsd-p4
SAM 3,one way sign,grp1_7fcdb608-IMG_5767.jpeg,E:\2. UM-Student\MSC Dissertation\Urban-Vision-Benchmark\Datasets\MTSD\Prepared\MTSD-Unaugmented\MTSD-YOLO\test\images\grp1_7fcdb608-IMG_5767.jpeg,1292.27,1346.85,1704.05,2667.57,0.8125,one way sign,True,True,198.2,mtsd-p4
SAM 3,one way sign,grp1_8135c353-IMG_4634.jpeg,E:\2. UM-Student\MSC Dissertation\Urban-Vision-Benchmark\Datasets\MTSD\Prepared\MTSD-Unaugmented\MTSD-YOLO\test\images\grp1_8135c353-IMG_4634.jpeg,1046.9,3813.6,1528.79,4032.0,0.5078,one way sign,True,True,168.5,mtsd-p4
SAM 3,one way sign,grp1_831c366a-IMG_5656.jpeg,E:\2. UM-Student\MSC Dissertation\Urban-Vision-Benchmark\Datasets\MTSD\Prepared\MTSD-Unaugmented\MTSD-YOLO\test\images\grp1_831c366a-IMG_5656.jpeg,,,,,,<no detections>,False,True,118.1,mtsd-p4
SAM 3,one way sign,grp1_87d2eeb0-IMG20251124134318.jpg,E:\2. UM-Student\MSC Dissertation\Urban-Vision-Benchmark\Datasets\MTSD\Prepared\MTSD-Unaugmented\MTSD-YOLO\test\images\grp1_87d2eeb0-IMG20251124134318.jpg,,,,,,<no detections>,False,True,151.9,mtsd-p4
SAM 3,one way sign,grp1_8941e841-RV_001_100.jpeg,E:\2. UM-Student\MSC Dissertation\Urban-Vision-Benchmark\Datasets\MTSD\Prepared\MTSD-Unaugmented\MTSD-YOLO\test\images\grp1_8941e841-RV_001_100.jpeg,,,,,,<no detections>,False,True,148.9,mtsd-p4
SAM 3,one way sign,grp1_8b994555-IMG_5798.jpeg,E:\2. UM-Student\MSC Dissertation\Urban-Vision-Benchmark\Datasets\MTSD\Prepared\MTSD-Unaugmented\MTSD-YOLO\test\images\grp1_8b994555-IMG_5798.jpeg,58.48,2636.89,159.63,2755.21,0.8789,one way sign,True,True,192.2,mtsd-p4
SAM 3,one way sign,grp1_8d820602-IMG_4687.jpeg,E:\2. UM-Student\MSC Dissertation\Urban-Vision-Benchmark\Datasets\MTSD\Prepared\MTSD-Unaugmented\MTSD-YOLO\test\images\grp1_8d820602-IMG_4687.jpeg,1408.0,1851.21,1793.45,3026.51,0.5195,one way sign,True,True,161.4,mtsd-p4
SAM 3,one way sign,grp1_8d820602-IMG_4687.jpeg,E:\2. UM-Student\MSC Dissertation\Urban-Vision-Benchmark\Datasets\MTSD\Prepared\MTSD-Unaugmented\MTSD-YOLO\test\images\grp1_8d820602-IMG_4687.jpeg,1278.41,1115.69,1840.61,3328.35,0.8164,one way sign,True,True,161.4,mtsd-p4
SAM 3,one way sign,grp1_8fe876b9-IMG_4754.jpeg,E:\2. UM-Student\MSC Dissertation\Urban-Vision-Benchmark\Datasets\MTSD\Prepared\MTSD-Unaugmented\MTSD-YOLO\test\images\grp1_8fe876b9-IMG_4754.jpeg,1632.68,848.06,2262.14,3121.58,0.8203,one way sign,True,True,165.7,mtsd-p4
SAM 3,one way sign,grp1_8fe876b9-IMG_4754.jpeg,E:\2. UM-Student\MSC Dissertation\Urban-Vision-Benchmark\Datasets\MTSD\Prepared\MTSD-Unaugmented\MTSD-YOLO\test\images\grp1_8fe876b9-IMG_4754.jpeg,1777.19,1636.4,2183.4,2778.62,0.543,one way sign,True,True,165.7,mtsd-p4
SAM 3,one way sign,grp1_9082eb51-IMG20251230170110.jpg,E:\2. UM-Student\MSC Dissertation\Urban-Vision-Benchmark\Datasets\MTSD\Prepared\MTSD-Unaugmented\MTSD-YOLO\test\images\grp1_9082eb51-IMG20251230170110.jpg,,,,,,<no detections>,False,True,177.9,mtsd-p4
SAM 3,one way sign,grp1_9dfbd54a-IMG_5537.jpeg,E:\2. UM-Student\MSC Dissertation\Urban-Vision-Benchmark\Datasets\MTSD\Prepared\MTSD-Unaugmented\MTSD-YOLO\test\images\grp1_9dfbd54a-IMG_5537.jpeg,,,,,,<no detections>,False,True,117.7,mtsd-p4
SAM 3,one way sign,grp1_9f52d58a-IMG_5554.jpeg,E:\2. UM-Student\MSC Dissertation\Urban-Vision-Benchmark\Datasets\MTSD\Prepared\MTSD-Unaugmented\MTSD-YOLO\test\images\grp1_9f52d58a-IMG_5554.jpeg,,,,,,<no detections>,False,True,148.3,mtsd-p4
SAM 3,one way sign,grp1_a7df285e-RV_001_147.jpeg,E:\2. UM-Student\MSC Dissertation\Urban-Vision-Benchmark\Datasets\MTSD\Prepared\MTSD-Unaugmented\MTSD-YOLO\test\images\grp1_a7df285e-RV_001_147.jpeg,,,,,,<no detections>,False,True,166.5,mtsd-p4
SAM 3,one way sign,grp1_a9638634-IMG20260105131308.jpg,E:\2. UM-Student\MSC Dissertation\Urban-Vision-Benchmark\Datasets\MTSD\Prepared\MTSD-Unaugmented\MTSD-YOLO\test\images\grp1_a9638634-IMG20260105131308.jpg,1154.01,0.0,1852.88,1173.15,0.6953,one way sign,True,True,200.8,mtsd-p4
SAM 3,one way sign,grp1_aa406f9d-IMG_4615.jpeg,E:\2. UM-Student\MSC Dissertation\Urban-Vision-Benchmark\Datasets\MTSD\Prepared\MTSD-Unaugmented\MTSD-YOLO\test\images\grp1_aa406f9d-IMG_4615.jpeg,819.12,1587.67,2040.53,2941.7,0.6328,one way sign,True,True,158.5,mtsd-p4
SAM 3,one way sign,grp1_b82e20fa-IMG_4708.jpeg,E:\2. UM-Student\MSC Dissertation\Urban-Vision-Benchmark\Datasets\MTSD\Prepared\MTSD-Unaugmented\MTSD-YOLO\test\images\grp1_b82e20fa-IMG_4708.jpeg,,,,,,<no detections>,False,True,149.5,mtsd-p4
SAM 3,one way sign,grp1_c74547eb-RV_001_38.jpeg,E:\2. UM-Student\MSC Dissertation\Urban-Vision-Benchmark\Datasets\MTSD\Prepared\MTSD-Unaugmented\MTSD-YOLO\test\images\grp1_c74547eb-RV_001_38.jpeg,1251.2,1632.96,1817.16,2629.81,0.3105,one way sign,True,True,188.7,mtsd-p4
SAM 3,one way sign,grp1_ca48394e-RV_001_125.jpeg,E:\2. UM-Student\MSC Dissertation\Urban-Vision-Benchmark\Datasets\MTSD\Prepared\MTSD-Unaugmented\MTSD-YOLO\test\images\grp1_ca48394e-RV_001_125.jpeg,1307.29,1989.79,1681.08,2992.39,0.4023,one way sign,True,True,163.4,mtsd-p4
SAM 3,one way sign,grp1_cb282f25-RV_001_112.jpeg,E:\2. UM-Student\MSC Dissertation\Urban-Vision-Benchmark\Datasets\MTSD\Prepared\MTSD-Unaugmented\MTSD-YOLO\test\images\grp1_cb282f25-RV_001_112.jpeg,1042.04,2033.21,2056.58,2957.98,0.8828,one way sign,True,True,191.0,mtsd-p4
SAM 3,one way sign,grp1_ce09cd20-IMG_4692.jpeg,E:\2. UM-Student\MSC Dissertation\Urban-Vision-Benchmark\Datasets\MTSD\Prepared\MTSD-Unaugmented\MTSD-YOLO\test\images\grp1_ce09cd20-IMG_4692.jpeg,,,,,,<no detections>,False,True,155.6,mtsd-p4
SAM 3,one way sign,grp1_d341fc22-IMG20260105131647.jpg,E:\2. UM-Student\MSC Dissertation\Urban-Vision-Benchmark\Datasets\MTSD\Prepared\MTSD-Unaugmented\MTSD-YOLO\test\images\grp1_d341fc22-IMG20260105131647.jpg,,,,,,<no detections>,False,True,150.0,mtsd-p4
SAM 3,one way sign,grp1_d64c06cd-IMG20260103165218.jpg,E:\2. UM-Student\MSC Dissertation\Urban-Vision-Benchmark\Datasets\MTSD\Prepared\MTSD-Unaugmented\MTSD-YOLO\test\images\grp1_d64c06cd-IMG20260103165218.jpg,686.53,879.86,2561.18,2851.61,0.7422,one way sign,True,True,185.6,mtsd-p4
SAM 3,one way sign,grp1_d64c06cd-IMG20260103165218.jpg,E:\2. UM-Student\MSC Dissertation\Urban-Vision-Benchmark\Datasets\MTSD\Prepared\MTSD-Unaugmented\MTSD-YOLO\test\images\grp1_d64c06cd-IMG20260103165218.jpg,471.39,2755.79,3072.0,3986.48,0.7539,one way sign,True,True,185.6,mtsd-p4
SAM 3,one way sign,grp1_d681b797-IMG20260105132903.jpg,E:\2. UM-Student\MSC Dissertation\Urban-Vision-Benchmark\Datasets\MTSD\Prepared\MTSD-Unaugmented\MTSD-YOLO\test\images\grp1_d681b797-IMG20260105132903.jpg,1021.67,482.47,2233.34,3274.07,0.6875,one way sign,True,True,164.6,mtsd-p4
SAM 3,one way sign,grp1_db486299-IMG_5815.jpeg,E:\2. UM-Student\MSC Dissertation\Urban-Vision-Benchmark\Datasets\MTSD\Prepared\MTSD-Unaugmented\MTSD-YOLO\test\images\grp1_db486299-IMG_5815.jpeg,987.33,1466.17,2173.5,2503.74,0.9023,one way sign,True,True,174.3,mtsd-p4
SAM 3,one way sign,grp1_dbac3098-IMG_4803.jpeg,E:\2. UM-Student\MSC Dissertation\Urban-Vision-Benchmark\Datasets\MTSD\Prepared\MTSD-Unaugmented\MTSD-YOLO\test\images\grp1_dbac3098-IMG_4803.jpeg,1295.71,950.28,2222.01,2676.29,0.7773,one way sign,True,True,159.8,mtsd-p4
SAM 3,one way sign,grp1_e1306f94-IMG20251230164545.jpg,E:\2. UM-Student\MSC Dissertation\Urban-Vision-Benchmark\Datasets\MTSD\Prepared\MTSD-Unaugmented\MTSD-YOLO\test\images\grp1_e1306f94-IMG20251230164545.jpg,,,,,,<no detections>,False,True,165.0,mtsd-p4
SAM 3,one way sign,grp1_e3c71733-IMG_5538.jpeg,E:\2. UM-Student\MSC Dissertation\Urban-Vision-Benchmark\Datasets\MTSD\Prepared\MTSD-Unaugmented\MTSD-YOLO\test\images\grp1_e3c71733-IMG_5538.jpeg,,,,,,<no detections>,False,True,148.3,mtsd-p4
SAM 3,one way sign,grp1_e7b1a54d-IMG_5669.jpeg,E:\2. UM-Student\MSC Dissertation\Urban-Vision-Benchmark\Datasets\MTSD\Prepared\MTSD-Unaugmented\MTSD-YOLO\test\images\grp1_e7b1a54d-IMG_5669.jpeg,,,,,,<no detections>,False,True,158.4,mtsd-p4
SAM 3,one way sign,grp1_e9043741-IMG_4709.jpeg,E:\2. UM-Student\MSC Dissertation\Urban-Vision-Benchmark\Datasets\MTSD\Prepared\MTSD-Unaugmented\MTSD-YOLO\test\images\grp1_e9043741-IMG_4709.jpeg,,,,,,<no detections>,False,True,149.1,mtsd-p4
SAM 3,one way sign,grp1_ec712362-IMG_5803.jpeg,E:\2. UM-Student\MSC Dissertation\Urban-Vision-Benchmark\Datasets\MTSD\Prepared\MTSD-Unaugmented\MTSD-YOLO\test\images\grp1_ec712362-IMG_5803.jpeg,840.92,1633.55,908.9,1709.71,0.6953,one way sign,True,True,143.1,mtsd-p4
SAM 3,one way sign,grp1_ec712362-IMG_5803.jpeg,E:\2. UM-Student\MSC Dissertation\Urban-Vision-Benchmark\Datasets\MTSD\Prepared\MTSD-Unaugmented\MTSD-YOLO\test\images\grp1_ec712362-IMG_5803.jpeg,518.75,862.91,1061.71,1417.49,0.3047,one way sign,True,True,143.1,mtsd-p4
SAM 3,one way sign,grp1_ec712362-IMG_5803.jpeg,E:\2. UM-Student\MSC Dissertation\Urban-Vision-Benchmark\Datasets\MTSD\Prepared\MTSD-Unaugmented\MTSD-YOLO\test\images\grp1_ec712362-IMG_5803.jpeg,498.93,256.16,1115.43,863.91,0.5859,one way sign,True,True,143.1,mtsd-p4
SAM 3,one way sign,grp1_f28bdb6c-RV_001_29.jpeg,E:\2. UM-Student\MSC Dissertation\Urban-Vision-Benchmark\Datasets\MTSD\Prepared\MTSD-Unaugmented\MTSD-YOLO\test\images\grp1_f28bdb6c-RV_001_29.jpeg,1451.7,1265.2,2102.5,2435.92,0.6133,one way sign,True,True,199.5,mtsd-p4
SAM 3,one way sign,grp1_f3f0450d-IMG20260105132606.jpg,E:\2. UM-Student\MSC Dissertation\Urban-Vision-Benchmark\Datasets\MTSD\Prepared\MTSD-Unaugmented\MTSD-YOLO\test\images\grp1_f3f0450d-IMG20260105132606.jpg,,,,,,<no detections>,False,True,151.7,mtsd-p4
SAM 3,one way sign,grp1_f4371c23-IMG_5562.jpeg,E:\2. UM-Student\MSC Dissertation\Urban-Vision-Benchmark\Datasets\MTSD\Prepared\MTSD-Unaugmented\MTSD-YOLO\test\images\grp1_f4371c23-IMG_5562.jpeg,1044.21,1483.6,1602.04,2706.28,0.8945,one way sign,True,True,170.9,mtsd-p4
SAM 3,one way sign,grp1_f4371c23-IMG_5562.jpeg,E:\2. UM-Student\MSC Dissertation\Urban-Vision-Benchmark\Datasets\MTSD\Prepared\MTSD-Unaugmented\MTSD-YOLO\test\images\grp1_f4371c23-IMG_5562.jpeg,1132.83,1835.83,1558.37,2554.24,0.4648,one way sign,True,True,170.9,mtsd-p4
SAM 3,one way sign,grp1_f468f4a5-IMG_5772.jpeg,E:\2. UM-Student\MSC Dissertation\Urban-Vision-Benchmark\Datasets\MTSD\Prepared\MTSD-Unaugmented\MTSD-YOLO\test\images\grp1_f468f4a5-IMG_5772.jpeg,835.36,1332.63,1994.22,2863.07,0.8984,one way sign,True,True,166.6,mtsd-p4
SAM 3,one way sign,grp1_fa18c1a9-IMG_5810.jpeg,E:\2. UM-Student\MSC Dissertation\Urban-Vision-Benchmark\Datasets\MTSD\Prepared\MTSD-Unaugmented\MTSD-YOLO\test\images\grp1_fa18c1a9-IMG_5810.jpeg,2007.27,3353.25,2068.98,3443.6,0.8047,one way sign,True,True,227.3,mtsd-p4
SAM 3,one way sign,grp1_fa18c1a9-IMG_5810.jpeg,E:\2. UM-Student\MSC Dissertation\Urban-Vision-Benchmark\Datasets\MTSD\Prepared\MTSD-Unaugmented\MTSD-YOLO\test\images\grp1_fa18c1a9-IMG_5810.jpeg,1200.99,0.0,1645.37,1626.81,0.3945,one way sign,True,True,227.3,mtsd-p4
SAM 3,one way sign,grp1_fb9922e7-IMG_4700.jpeg,E:\2. UM-Student\MSC Dissertation\Urban-Vision-Benchmark\Datasets\MTSD\Prepared\MTSD-Unaugmented\MTSD-YOLO\test\images\grp1_fb9922e7-IMG_4700.jpeg,1088.29,3632.48,1397.5,4032.0,0.416,one way sign,True,True,163.1,mtsd-p4
SAM 3,one way sign,grp1_fd97d901-IMG20260105125535.jpg,E:\2. UM-Student\MSC Dissertation\Urban-Vision-Benchmark\Datasets\MTSD\Prepared\MTSD-Unaugmented\MTSD-YOLO\test\images\grp1_fd97d901-IMG20260105125535.jpg,1268.19,1224.96,1793.76,2658.93,0.8867,one way sign,True,True,180.8,mtsd-p4
SAM 3,one way sign,grp1_fdedfd29-IMG_4737.jpeg,E:\2. UM-Student\MSC Dissertation\Urban-Vision-Benchmark\Datasets\MTSD\Prepared\MTSD-Unaugmented\MTSD-YOLO\test\images\grp1_fdedfd29-IMG_4737.jpeg,1174.52,574.93,1985.29,3302.86,0.7695,one way sign,True,True,167.9,mtsd-p4
SAM 3,one way sign,grp2_0cd46f17-MP_0097.jpg,E:\2. UM-Student\MSC Dissertation\Urban-Vision-Benchmark\Datasets\MTSD\Prepared\MTSD-Unaugmented\MTSD-YOLO\test\images\grp2_0cd46f17-MP_0097.jpg,,,,,,<no detections>,False,True,143.8,mtsd-p4
SAM 3,one way sign,grp2_1a942391-IMG_20251224_114123.jpg,E:\2. UM-Student\MSC Dissertation\Urban-Vision-Benchmark\Datasets\MTSD\Prepared\MTSD-Unaugmented\MTSD-YOLO\test\images\grp2_1a942391-IMG_20251224_114123.jpg,,,,,,<no detections>,False,True,163.1,mtsd-p4
SAM 3,one way sign,grp2_1cd6f44d-20251223_152650.jpg,E:\2. UM-Student\MSC Dissertation\Urban-Vision-Benchmark\Datasets\MTSD\Prepared\MTSD-Unaugmented\MTSD-YOLO\test\images\grp2_1cd6f44d-20251223_152650.jpg,,,,,,<no detections>,False,True,152.5,mtsd-p4
SAM 3,one way sign,grp2_1d09be1b-MP_0034.jpg,E:\2. UM-Student\MSC Dissertation\Urban-Vision-Benchmark\Datasets\MTSD\Prepared\MTSD-Unaugmented\MTSD-YOLO\test\images\grp2_1d09be1b-MP_0034.jpg,,,,,,<no detections>,False,True,162.8,mtsd-p4
SAM 3,one way sign,grp2_1f7e1b10-20251224_132557.jpg,E:\2. UM-Student\MSC Dissertation\Urban-Vision-Benchmark\Datasets\MTSD\Prepared\MTSD-Unaugmented\MTSD-YOLO\test\images\grp2_1f7e1b10-20251224_132557.jpg,1074.39,2177.32,1981.53,2563.51,0.5273,one way sign,True,True,217.2,mtsd-p4
SAM 3,one way sign,grp2_1f7e1b10-20251224_132557.jpg,E:\2. UM-Student\MSC Dissertation\Urban-Vision-Benchmark\Datasets\MTSD\Prepared\MTSD-Unaugmented\MTSD-YOLO\test\images\grp2_1f7e1b10-20251224_132557.jpg,1063.13,1483.82,1976.88,2220.49,0.6953,one way sign,True,True,217.2,mtsd-p4
SAM 3,one way sign,grp2_21220c6f-IMG_20251223_114958.jpg,E:\2. UM-Student\MSC Dissertation\Urban-Vision-Benchmark\Datasets\MTSD\Prepared\MTSD-Unaugmented\MTSD-YOLO\test\images\grp2_21220c6f-IMG_20251223_114958.jpg,1308.81,1586.96,1857.61,2127.62,0.4023,one way sign,True,True,222.9,mtsd-p4
SAM 3,one way sign,grp2_21220c6f-IMG_20251223_114958.jpg,E:\2. UM-Student\MSC Dissertation\Urban-Vision-Benchmark\Datasets\MTSD\Prepared\MTSD-Unaugmented\MTSD-YOLO\test\images\grp2_21220c6f-IMG_20251223_114958.jpg,1301.86,1091.65,1888.0,2336.64,0.3613,one way sign,True,True,222.9,mtsd-p4
SAM 3,one way sign,grp2_21220c6f-IMG_20251223_114958.jpg,E:\2. UM-Student\MSC Dissertation\Urban-Vision-Benchmark\Datasets\MTSD\Prepared\MTSD-Unaugmented\MTSD-YOLO\test\images\grp2_21220c6f-IMG_20251223_114958.jpg,422.06,2495.37,504.55,2576.81,0.5117,one way sign,True,True,222.9,mtsd-p4
SAM 3,one way sign,grp2_21220c6f-IMG_20251223_114958.jpg,E:\2. UM-Student\MSC Dissertation\Urban-Vision-Benchmark\Datasets\MTSD\Prepared\MTSD-Unaugmented\MTSD-YOLO\test\images\grp2_21220c6f-IMG_20251223_114958.jpg,1296.76,1090.75,1889.64,3995.78,0.4082,one way sign,True,True,222.9,mtsd-p4
SAM 3,one way sign,grp2_21220c6f-IMG_20251223_114958.jpg,E:\2. UM-Student\MSC Dissertation\Urban-Vision-Benchmark\Datasets\MTSD\Prepared\MTSD-Unaugmented\MTSD-YOLO\test\images\grp2_21220c6f-IMG_20251223_114958.jpg,1300.57,1093.02,1893.13,1594.36,0.3379,one way sign,True,True,222.9,mtsd-p4
SAM 3,one way sign,grp2_24c5c7cd-20251223_155820.jpg,E:\2. UM-Student\MSC Dissertation\Urban-Vision-Benchmark\Datasets\MTSD\Prepared\MTSD-Unaugmented\MTSD-YOLO\test\images\grp2_24c5c7cd-20251223_155820.jpg,1351.48,1016.39,2168.43,1858.45,0.4102,one way sign,True,True,168.1,mtsd-p4
SAM 3,one way sign,grp2_24fcf1af-MP_0080.jpg,E:\2. UM-Student\MSC Dissertation\Urban-Vision-Benchmark\Datasets\MTSD\Prepared\MTSD-Unaugmented\MTSD-YOLO\test\images\grp2_24fcf1af-MP_0080.jpg,752.11,1613.27,870.61,1755.04,0.459,one way sign,True,True,163.5,mtsd-p4
SAM 3,one way sign,grp2_31ecc6f6-20251230_124942.jpg,E:\2. UM-Student\MSC Dissertation\Urban-Vision-Benchmark\Datasets\MTSD\Prepared\MTSD-Unaugmented\MTSD-YOLO\test\images\grp2_31ecc6f6-20251230_124942.jpg,,,,,,<no detections>,False,True,149.8,mtsd-p4
SAM 3,one way sign,grp2_32305793-MP_0024.jpg,E:\2. UM-Student\MSC Dissertation\Urban-Vision-Benchmark\Datasets\MTSD\Prepared\MTSD-Unaugmented\MTSD-YOLO\test\images\grp2_32305793-MP_0024.jpg,1208.93,2252.38,1651.3,2620.17,0.3281,one way sign,True,True,250.4,mtsd-p4
SAM 3,one way sign,grp2_32305793-MP_0024.jpg,E:\2. UM-Student\MSC Dissertation\Urban-Vision-Benchmark\Datasets\MTSD\Prepared\MTSD-Unaugmented\MTSD-YOLO\test\images\grp2_32305793-MP_0024.jpg,2060.29,2460.0,2125.71,2613.44,0.6719,one way sign,True,True,250.4,mtsd-p4
SAM 3,one way sign,grp2_32305793-MP_0024.jpg,E:\2. UM-Student\MSC Dissertation\Urban-Vision-Benchmark\Datasets\MTSD\Prepared\MTSD-Unaugmented\MTSD-YOLO\test\images\grp2_32305793-MP_0024.jpg,831.33,188.77,2041.33,1150.83,0.6914,one way sign,True,True,250.4,mtsd-p4
SAM 3,one way sign,grp2_331688ad-20251223_152821.jpg,E:\2. UM-Student\MSC Dissertation\Urban-Vision-Benchmark\Datasets\MTSD\Prepared\MTSD-Unaugmented\MTSD-YOLO\test\images\grp2_331688ad-20251223_152821.jpg,1598.39,1048.25,1850.88,1991.28,0.3398,one way sign,True,True,161.2,mtsd-p4
SAM 3,one way sign,grp2_339c8d04-26.side.jpg,E:\2. UM-Student\MSC Dissertation\Urban-Vision-Benchmark\Datasets\MTSD\Prepared\MTSD-Unaugmented\MTSD-YOLO\test\images\grp2_339c8d04-26.side.jpg,900.66,1148.13,1284.58,1484.4,0.3887,one way sign,True,True,190.9,mtsd-p4
SAM 3,one way sign,grp2_339c8d04-26.side.jpg,E:\2. UM-Student\MSC Dissertation\Urban-Vision-Benchmark\Datasets\MTSD\Prepared\MTSD-Unaugmented\MTSD-YOLO\test\images\grp2_339c8d04-26.side.jpg,2130.87,1911.14,2228.5,1947.07,0.3457,one way sign,True,True,190.9,mtsd-p4
SAM 3,one way sign,grp2_339c8d04-26.side.jpg,E:\2. UM-Student\MSC Dissertation\Urban-Vision-Benchmark\Datasets\MTSD\Prepared\MTSD-Unaugmented\MTSD-YOLO\test\images\grp2_339c8d04-26.side.jpg,923.54,501.49,1271.42,3558.27,0.3105,one way sign,True,True,190.9,mtsd-p4
SAM 3,one way sign,grp2_339c8d04-26.side.jpg,E:\2. UM-Student\MSC Dissertation\Urban-Vision-Benchmark\Datasets\MTSD\Prepared\MTSD-Unaugmented\MTSD-YOLO\test\images\grp2_339c8d04-26.side.jpg,998.32,509.84,1175.93,1231.99,0.7344,one way sign,True,True,190.9,mtsd-p4
SAM 3,one way sign,grp2_33c8250b-MP_0150.jpeg,E:\2. UM-Student\MSC Dissertation\Urban-Vision-Benchmark\Datasets\MTSD\Prepared\MTSD-Unaugmented\MTSD-YOLO\test\images\grp2_33c8250b-MP_0150.jpeg,,,,,,<no detections>,False,True,142.8,mtsd-p4
SAM 3,one way sign,grp2_3855fec5-20251223_150427.jpg,E:\2. UM-Student\MSC Dissertation\Urban-Vision-Benchmark\Datasets\MTSD\Prepared\MTSD-Unaugmented\MTSD-YOLO\test\images\grp2_3855fec5-20251223_150427.jpg,1114.15,2150.58,2115.25,4065.66,0.6992,one way sign,True,True,198.6,mtsd-p4
SAM 3,one way sign,grp2_3d2ae4e7-IMG_20251223_114602.jpg,E:\2. UM-Student\MSC Dissertation\Urban-Vision-Benchmark\Datasets\MTSD\Prepared\MTSD-Unaugmented\MTSD-YOLO\test\images\grp2_3d2ae4e7-IMG_20251223_114602.jpg,,,,,,<no detections>,False,True,148.0,mtsd-p4
SAM 3,one way sign,grp2_3e9d99d7-IMG_20251223_122636.jpg,E:\2. UM-Student\MSC Dissertation\Urban-Vision-Benchmark\Datasets\MTSD\Prepared\MTSD-Unaugmented\MTSD-YOLO\test\images\grp2_3e9d99d7-IMG_20251223_122636.jpg,,,,,,<no detections>,False,True,160.9,mtsd-p4
SAM 3,one way sign,grp2_4155f545-MP_0066.jpg,E:\2. UM-Student\MSC Dissertation\Urban-Vision-Benchmark\Datasets\MTSD\Prepared\MTSD-Unaugmented\MTSD-YOLO\test\images\grp2_4155f545-MP_0066.jpg,,,,,,<no detections>,False,True,137.1,mtsd-p4
SAM 3,one way sign,grp2_421f593e-20251224_132616.jpg,E:\2. UM-Student\MSC Dissertation\Urban-Vision-Benchmark\Datasets\MTSD\Prepared\MTSD-Unaugmented\MTSD-YOLO\test\images\grp2_421f593e-20251224_132616.jpg,,,,,,<no detections>,False,True,165.7,mtsd-p4
SAM 3,one way sign,grp2_477681c7-21.front.jpg,E:\2. UM-Student\MSC Dissertation\Urban-Vision-Benchmark\Datasets\MTSD\Prepared\MTSD-Unaugmented\MTSD-YOLO\test\images\grp2_477681c7-21.front.jpg,,,,,,<no detections>,False,True,153.5,mtsd-p4
SAM 3,one way sign,grp2_4acb7340-20251223_155105.jpg,E:\2. UM-Student\MSC Dissertation\Urban-Vision-Benchmark\Datasets\MTSD\Prepared\MTSD-Unaugmented\MTSD-YOLO\test\images\grp2_4acb7340-20251223_155105.jpg,38.72,2754.93,88.41,2872.33,0.3301,one way sign,True,True,164.0,mtsd-p4
SAM 3,one way sign,grp2_5061299f-MP_0130.jpg,E:\2. UM-Student\MSC Dissertation\Urban-Vision-Benchmark\Datasets\MTSD\Prepared\MTSD-Unaugmented\MTSD-YOLO\test\images\grp2_5061299f-MP_0130.jpg,,,,,,<no detections>,False,True,138.9,mtsd-p4
SAM 3,one way sign,grp2_5dd50184-MP_0013.jpg,E:\2. UM-Student\MSC Dissertation\Urban-Vision-Benchmark\Datasets\MTSD\Prepared\MTSD-Unaugmented\MTSD-YOLO\test\images\grp2_5dd50184-MP_0013.jpg,1272.73,1142.79,1368.65,1598.52,0.4316,one way sign,True,True,203.8,mtsd-p4
SAM 3,one way sign,grp2_5dd50184-MP_0013.jpg,E:\2. UM-Student\MSC Dissertation\Urban-Vision-Benchmark\Datasets\MTSD\Prepared\MTSD-Unaugmented\MTSD-YOLO\test\images\grp2_5dd50184-MP_0013.jpg,1259.89,784.06,1404.29,1613.75,0.7227,one way sign,True,True,203.8,mtsd-p4
SAM 3,one way sign,grp2_5e8f002c-IMG_20251223_132013.jpg,E:\2. UM-Student\MSC Dissertation\Urban-Vision-Benchmark\Datasets\MTSD\Prepared\MTSD-Unaugmented\MTSD-YOLO\test\images\grp2_5e8f002c-IMG_20251223_132013.jpg,2655.52,1915.25,2761.78,2143.68,0.3438,one way sign,True,True,189.3,mtsd-p4
SAM 3,one way sign,grp2_5e8f002c-IMG_20251223_132013.jpg,E:\2. UM-Student\MSC Dissertation\Urban-Vision-Benchmark\Datasets\MTSD\Prepared\MTSD-Unaugmented\MTSD-YOLO\test\images\grp2_5e8f002c-IMG_20251223_132013.jpg,2669.1,2011.02,2756.05,2106.57,0.4062,one way sign,True,True,189.3,mtsd-p4
SAM 3,one way sign,grp2_5e8f002c-IMG_20251223_132013.jpg,E:\2. UM-Student\MSC Dissertation\Urban-Vision-Benchmark\Datasets\MTSD\Prepared\MTSD-Unaugmented\MTSD-YOLO\test\images\grp2_5e8f002c-IMG_20251223_132013.jpg,1253.97,1196.85,1782.02,1728.98,0.7578,one way sign,True,True,189.3,mtsd-p4
SAM 3,one way sign,grp2_5e8f002c-IMG_20251223_132013.jpg,E:\2. UM-Student\MSC Dissertation\Urban-Vision-Benchmark\Datasets\MTSD\Prepared\MTSD-Unaugmented\MTSD-YOLO\test\images\grp2_5e8f002c-IMG_20251223_132013.jpg,2683.52,2015.39,2739.42,2072.5,0.3047,one way sign,True,True,189.3,mtsd-p4
SAM 3,one way sign,grp2_62c50d8e-20251230_121740.jpg,E:\2. UM-Student\MSC Dissertation\Urban-Vision-Benchmark\Datasets\MTSD\Prepared\MTSD-Unaugmented\MTSD-YOLO\test\images\grp2_62c50d8e-20251230_121740.jpg,1468.06,1027.65,1792.61,2069.52,0.4688,one way sign,True,True,161.1,mtsd-p4
SAM 3,one way sign,grp2_76c73962-MP_0139.jpg,E:\2. UM-Student\MSC Dissertation\Urban-Vision-Benchmark\Datasets\MTSD\Prepared\MTSD-Unaugmented\MTSD-YOLO\test\images\grp2_76c73962-MP_0139.jpg,,,,,,<no detections>,False,True,136.8,mtsd-p4
SAM 3,one way sign,grp2_797d9987-MP_0038.jpg,E:\2. UM-Student\MSC Dissertation\Urban-Vision-Benchmark\Datasets\MTSD\Prepared\MTSD-Unaugmented\MTSD-YOLO\test\images\grp2_797d9987-MP_0038.jpg,,,,,,<no detections>,False,True,155.8,mtsd-p4
SAM 3,one way sign,grp2_7ad50d73-MP_0075.jpg,E:\2. UM-Student\MSC Dissertation\Urban-Vision-Benchmark\Datasets\MTSD\Prepared\MTSD-Unaugmented\MTSD-YOLO\test\images\grp2_7ad50d73-MP_0075.jpg,,,,,,<no detections>,False,True,139.0,mtsd-p4
SAM 3,one way sign,grp2_7bccf907-IMG_20251223_114643.jpg,E:\2. UM-Student\MSC Dissertation\Urban-Vision-Benchmark\Datasets\MTSD\Prepared\MTSD-Unaugmented\MTSD-YOLO\test\images\grp2_7bccf907-IMG_20251223_114643.jpg,1131.39,1648.12,1439.71,2028.08,0.9062,one way sign,True,True,174.8,mtsd-p4
SAM 3,one way sign,grp2_8042282f-20251223_150231.jpg,E:\2. UM-Student\MSC Dissertation\Urban-Vision-Benchmark\Datasets\MTSD\Prepared\MTSD-Unaugmented\MTSD-YOLO\test\images\grp2_8042282f-20251223_150231.jpg,1159.12,0.0,1752.9,1979.67,0.7617,one way sign,True,True,176.7,mtsd-p4
SAM 3,one way sign,grp2_85bab424-IMG_20251223_120632.jpg,E:\2. UM-Student\MSC Dissertation\Urban-Vision-Benchmark\Datasets\MTSD\Prepared\MTSD-Unaugmented\MTSD-YOLO\test\images\grp2_85bab424-IMG_20251223_120632.jpg,,,,,,<no detections>,False,True,158.4,mtsd-p4
SAM 3,one way sign,grp2_86560763-IMG_20251223_113000.jpg,E:\2. UM-Student\MSC Dissertation\Urban-Vision-Benchmark\Datasets\MTSD\Prepared\MTSD-Unaugmented\MTSD-YOLO\test\images\grp2_86560763-IMG_20251223_113000.jpg,147.78,2068.96,249.66,2192.78,0.8008,one way sign,True,True,210.2,mtsd-p4
SAM 3,one way sign,grp2_86560763-IMG_20251223_113000.jpg,E:\2. UM-Student\MSC Dissertation\Urban-Vision-Benchmark\Datasets\MTSD\Prepared\MTSD-Unaugmented\MTSD-YOLO\test\images\grp2_86560763-IMG_20251223_113000.jpg,1465.22,2106.98,1532.68,2202.72,0.3145,one way sign,True,True,210.2,mtsd-p4
SAM 3,one way sign,grp2_888b1f4f-MP_0074.jpg,E:\2. UM-Student\MSC Dissertation\Urban-Vision-Benchmark\Datasets\MTSD\Prepared\MTSD-Unaugmented\MTSD-YOLO\test\images\grp2_888b1f4f-MP_0074.jpg,479.65,866.01,1176.9,1493.35,0.6719,one way sign,True,True,161.3,mtsd-p4
SAM 3,one way sign,grp2_920c4f4e-20251223_152507.jpg,E:\2. UM-Student\MSC Dissertation\Urban-Vision-Benchmark\Datasets\MTSD\Prepared\MTSD-Unaugmented\MTSD-YOLO\test\images\grp2_920c4f4e-20251223_152507.jpg,,,,,,<no detections>,False,True,149.6,mtsd-p4
SAM 3,one way sign,grp2_9272e80b-20251230_124926.jpg,E:\2. UM-Student\MSC Dissertation\Urban-Vision-Benchmark\Datasets\MTSD\Prepared\MTSD-Unaugmented\MTSD-YOLO\test\images\grp2_9272e80b-20251230_124926.jpg,1065.42,1189.16,2356.33,2496.31,0.7461,one way sign,True,True,165.9,mtsd-p4
SAM 3,one way sign,grp2_9288cb02-IMG_20251223_114539.jpg,E:\2. UM-Student\MSC Dissertation\Urban-Vision-Benchmark\Datasets\MTSD\Prepared\MTSD-Unaugmented\MTSD-YOLO\test\images\grp2_9288cb02-IMG_20251223_114539.jpg,,,,,,<no detections>,False,True,156.8,mtsd-p4
SAM 3,one way sign,grp2_983dc626-30.side.jpg,E:\2. UM-Student\MSC Dissertation\Urban-Vision-Benchmark\Datasets\MTSD\Prepared\MTSD-Unaugmented\MTSD-YOLO\test\images\grp2_983dc626-30.side.jpg,1291.21,1066.4,1377.96,1594.44,0.3359,one way sign,True,True,140.7,mtsd-p4
SAM 3,one way sign,grp2_98bbb72b-IMG_20251224_113143.jpg,E:\2. UM-Student\MSC Dissertation\Urban-Vision-Benchmark\Datasets\MTSD\Prepared\MTSD-Unaugmented\MTSD-YOLO\test\images\grp2_98bbb72b-IMG_20251224_113143.jpg,,,,,,<no detections>,False,True,146.5,mtsd-p4
SAM 3,one way sign,grp2_9c71fd6a-20251223_153024.jpg,E:\2. UM-Student\MSC Dissertation\Urban-Vision-Benchmark\Datasets\MTSD\Prepared\MTSD-Unaugmented\MTSD-YOLO\test\images\grp2_9c71fd6a-20251223_153024.jpg,,,,,,<no detections>,False,True,149.3,mtsd-p4
SAM 3,one way sign,grp2_a8531ee5-IMG_20251223_131712.jpg,E:\2. UM-Student\MSC Dissertation\Urban-Vision-Benchmark\Datasets\MTSD\Prepared\MTSD-Unaugmented\MTSD-YOLO\test\images\grp2_a8531ee5-IMG_20251223_131712.jpg,,,,,,<no detections>,False,True,148.7,mtsd-p4
SAM 3,one way sign,grp2_ab84ff33-MP_0056.jpg,E:\2. UM-Student\MSC Dissertation\Urban-Vision-Benchmark\Datasets\MTSD\Prepared\MTSD-Unaugmented\MTSD-YOLO\test\images\grp2_ab84ff33-MP_0056.jpg,965.82,201.28,1857.14,1097.45,0.4492,one way sign,True,True,169.4,mtsd-p4
SAM 3,one way sign,grp2_ab9b17dd-34.back.jpg,E:\2. UM-Student\MSC Dissertation\Urban-Vision-Benchmark\Datasets\MTSD\Prepared\MTSD-Unaugmented\MTSD-YOLO\test\images\grp2_ab9b17dd-34.back.jpg,,,,,,<no detections>,False,True,150.8,mtsd-p4
SAM 3,one way sign,grp2_b430b918-IMG_20251223_132103.jpg,E:\2. UM-Student\MSC Dissertation\Urban-Vision-Benchmark\Datasets\MTSD\Prepared\MTSD-Unaugmented\MTSD-YOLO\test\images\grp2_b430b918-IMG_20251223_132103.jpg,,,,,,<no detections>,False,True,150.4,mtsd-p4
SAM 3,one way sign,grp2_b7da3d82-20251230_123417.jpg,E:\2. UM-Student\MSC Dissertation\Urban-Vision-Benchmark\Datasets\MTSD\Prepared\MTSD-Unaugmented\MTSD-YOLO\test\images\grp2_b7da3d82-20251230_123417.jpg,1216.55,970.27,2062.69,1819.72,0.4141,one way sign,True,True,161.0,mtsd-p4
SAM 3,one way sign,grp2_b9e760b0-IMG_20251223_125447.jpg,E:\2. UM-Student\MSC Dissertation\Urban-Vision-Benchmark\Datasets\MTSD\Prepared\MTSD-Unaugmented\MTSD-YOLO\test\images\grp2_b9e760b0-IMG_20251223_125447.jpg,,,,,,<no detections>,False,True,157.6,mtsd-p4
SAM 3,one way sign,grp2_bf4582b0-IMG_20251223_113056.jpg,E:\2. UM-Student\MSC Dissertation\Urban-Vision-Benchmark\Datasets\MTSD\Prepared\MTSD-Unaugmented\MTSD-YOLO\test\images\grp2_bf4582b0-IMG_20251223_113056.jpg,,,,,,<no detections>,False,True,154.7,mtsd-p4
SAM 3,one way sign,grp2_bf551d52-MP_0136.jpg,E:\2. UM-Student\MSC Dissertation\Urban-Vision-Benchmark\Datasets\MTSD\Prepared\MTSD-Unaugmented\MTSD-YOLO\test\images\grp2_bf551d52-MP_0136.jpg,,,,,,<no detections>,False,True,150.0,mtsd-p4
SAM 3,one way sign,grp2_c39d026a-IMG_20251223_125605.jpg,E:\2. UM-Student\MSC Dissertation\Urban-Vision-Benchmark\Datasets\MTSD\Prepared\MTSD-Unaugmented\MTSD-YOLO\test\images\grp2_c39d026a-IMG_20251223_125605.jpg,1307.8,1087.37,1581.75,1798.95,0.6367,one way sign,True,True,180.9,mtsd-p4
SAM 3,one way sign,grp2_c96ca64e-MP_0098.jpg,E:\2. UM-Student\MSC Dissertation\Urban-Vision-Benchmark\Datasets\MTSD\Prepared\MTSD-Unaugmented\MTSD-YOLO\test\images\grp2_c96ca64e-MP_0098.jpg,99.11,819.99,882.09,1600.31,0.6094,one way sign,True,True,149.8,mtsd-p4
SAM 3,one way sign,grp2_ccff3003-MP_0047.jpg,E:\2. UM-Student\MSC Dissertation\Urban-Vision-Benchmark\Datasets\MTSD\Prepared\MTSD-Unaugmented\MTSD-YOLO\test\images\grp2_ccff3003-MP_0047.jpg,2707.86,1632.37,2958.21,1872.35,0.4023,one way sign,True,True,185.2,mtsd-p4
SAM 3,one way sign,grp2_ccff3003-MP_0047.jpg,E:\2. UM-Student\MSC Dissertation\Urban-Vision-Benchmark\Datasets\MTSD\Prepared\MTSD-Unaugmented\MTSD-YOLO\test\images\grp2_ccff3003-MP_0047.jpg,2260.55,2759.87,2321.17,2871.82,0.457,one way sign,True,True,185.2,mtsd-p4
SAM 3,one way sign,grp2_ced8bffa-14.front.jpg,E:\2. UM-Student\MSC Dissertation\Urban-Vision-Benchmark\Datasets\MTSD\Prepared\MTSD-Unaugmented\MTSD-YOLO\test\images\grp2_ced8bffa-14.front.jpg,635.73,1036.47,1254.71,1652.88,0.9414,one way sign,True,True,153.6,mtsd-p4
SAM 3,one way sign,grp2_d1fa2493-20251230_123128.jpg,E:\2. UM-Student\MSC Dissertation\Urban-Vision-Benchmark\Datasets\MTSD\Prepared\MTSD-Unaugmented\MTSD-YOLO\test\images\grp2_d1fa2493-20251230_123128.jpg,764.24,537.91,2104.22,1897.91,0.4297,one way sign,True,True,164.2,mtsd-p4
SAM 3,one way sign,grp2_d201b393-MP_0004.jpg,E:\2. UM-Student\MSC Dissertation\Urban-Vision-Benchmark\Datasets\MTSD\Prepared\MTSD-Unaugmented\MTSD-YOLO\test\images\grp2_d201b393-MP_0004.jpg,886.68,1084.56,1891.82,2065.03,0.3008,one way sign,True,True,200.6,mtsd-p4
SAM 3,one way sign,grp2_d201b393-MP_0004.jpg,E:\2. UM-Student\MSC Dissertation\Urban-Vision-Benchmark\Datasets\MTSD\Prepared\MTSD-Unaugmented\MTSD-YOLO\test\images\grp2_d201b393-MP_0004.jpg,713.56,1776.69,958.46,1984.88,0.6602,one way sign,True,True,200.6,mtsd-p4
SAM 3,one way sign,grp2_d3fe8c38-MP_0046.jpg,E:\2. UM-Student\MSC Dissertation\Urban-Vision-Benchmark\Datasets\MTSD\Prepared\MTSD-Unaugmented\MTSD-YOLO\test\images\grp2_d3fe8c38-MP_0046.jpg,,,,,,<no detections>,False,True,149.0,mtsd-p4
SAM 3,one way sign,grp2_d71e8065-MP_0021.jpg,E:\2. UM-Student\MSC Dissertation\Urban-Vision-Benchmark\Datasets\MTSD\Prepared\MTSD-Unaugmented\MTSD-YOLO\test\images\grp2_d71e8065-MP_0021.jpg,0.0,2228.39,35.32,2318.71,0.332,one way sign,True,True,251.9,mtsd-p4
SAM 3,one way sign,grp2_d71e8065-MP_0021.jpg,E:\2. UM-Student\MSC Dissertation\Urban-Vision-Benchmark\Datasets\MTSD\Prepared\MTSD-Unaugmented\MTSD-YOLO\test\images\grp2_d71e8065-MP_0021.jpg,817.85,235.78,1819.82,1244.45,0.4141,one way sign,True,True,251.9,mtsd-p4
SAM 3,one way sign,grp2_d71e8065-MP_0021.jpg,E:\2. UM-Student\MSC Dissertation\Urban-Vision-Benchmark\Datasets\MTSD\Prepared\MTSD-Unaugmented\MTSD-YOLO\test\images\grp2_d71e8065-MP_0021.jpg,811.79,233.79,1820.79,4070.08,0.4238,one way sign,True,True,251.9,mtsd-p4
SAM 3,one way sign,grp2_d71e8065-MP_0021.jpg,E:\2. UM-Student\MSC Dissertation\Urban-Vision-Benchmark\Datasets\MTSD\Prepared\MTSD-Unaugmented\MTSD-YOLO\test\images\grp2_d71e8065-MP_0021.jpg,823.01,235.19,1820.19,1569.88,0.5469,one way sign,True,True,251.9,mtsd-p4
SAM 3,one way sign,grp2_e074406f-IMG_20251223_115520.jpg,E:\2. UM-Student\MSC Dissertation\Urban-Vision-Benchmark\Datasets\MTSD\Prepared\MTSD-Unaugmented\MTSD-YOLO\test\images\grp2_e074406f-IMG_20251223_115520.jpg,806.84,3118.58,873.99,3176.46,0.4863,one way sign,True,True,206.6,mtsd-p4
SAM 3,one way sign,grp2_e44be02a-MP_0116.jpg,E:\2. UM-Student\MSC Dissertation\Urban-Vision-Benchmark\Datasets\MTSD\Prepared\MTSD-Unaugmented\MTSD-YOLO\test\images\grp2_e44be02a-MP_0116.jpg,,,,,,<no detections>,False,True,139.1,mtsd-p4
SAM 3,one way sign,grp2_e46067a0-MP_0166.jpg,E:\2. UM-Student\MSC Dissertation\Urban-Vision-Benchmark\Datasets\MTSD\Prepared\MTSD-Unaugmented\MTSD-YOLO\test\images\grp2_e46067a0-MP_0166.jpg,,,,,,<no detections>,False,True,154.5,mtsd-p4
SAM 3,one way sign,grp2_e55dea8e-MP_0157.jpg,E:\2. UM-Student\MSC Dissertation\Urban-Vision-Benchmark\Datasets\MTSD\Prepared\MTSD-Unaugmented\MTSD-YOLO\test\images\grp2_e55dea8e-MP_0157.jpg,1283.67,1301.48,2014.81,2020.99,0.8984,one way sign,True,True,181.5,mtsd-p4
SAM 3,one way sign,grp2_ed201818-17.back.jpg,E:\2. UM-Student\MSC Dissertation\Urban-Vision-Benchmark\Datasets\MTSD\Prepared\MTSD-Unaugmented\MTSD-YOLO\test\images\grp2_ed201818-17.back.jpg,865.45,1510.27,1417.0,2068.22,0.4004,one way sign,True,True,184.8,mtsd-p4
SAM 3,one way sign,grp2_ed201818-17.back.jpg,E:\2. UM-Student\MSC Dissertation\Urban-Vision-Benchmark\Datasets\MTSD\Prepared\MTSD-Unaugmented\MTSD-YOLO\test\images\grp2_ed201818-17.back.jpg,706.79,833.17,1465.42,1503.84,0.8359,one way sign,True,True,184.8,mtsd-p4
SAM 3,one way sign,grp2_ee20554d-MP_0115.jpg,E:\2. UM-Student\MSC Dissertation\Urban-Vision-Benchmark\Datasets\MTSD\Prepared\MTSD-Unaugmented\MTSD-YOLO\test\images\grp2_ee20554d-MP_0115.jpg,,,,,,<no detections>,False,True,140.4,mtsd-p4
SAM 3,one way sign,grp2_f082e9d0-02.side.jpg,E:\2. UM-Student\MSC Dissertation\Urban-Vision-Benchmark\Datasets\MTSD\Prepared\MTSD-Unaugmented\MTSD-YOLO\test\images\grp2_f082e9d0-02.side.jpg,,,,,,<no detections>,False,True,143.7,mtsd-p4
SAM 3,one way sign,grp2_f69ebb76-IMG_20251227_110428.jpg,E:\2. UM-Student\MSC Dissertation\Urban-Vision-Benchmark\Datasets\MTSD\Prepared\MTSD-Unaugmented\MTSD-YOLO\test\images\grp2_f69ebb76-IMG_20251227_110428.jpg,,,,,,<no detections>,False,True,155.7,mtsd-p4
SAM 3,one way sign,grp2_f6e60d8b-33.front.back.jpg,E:\2. UM-Student\MSC Dissertation\Urban-Vision-Benchmark\Datasets\MTSD\Prepared\MTSD-Unaugmented\MTSD-YOLO\test\images\grp2_f6e60d8b-33.front.back.jpg,902.5,1522.23,1356.81,1965.8,0.377,one way sign,True,True,145.5,mtsd-p4
SAM 3,one way sign,grp3_09e3faa9-IMG_20251203_121602.jpg,E:\2. UM-Student\MSC Dissertation\Urban-Vision-Benchmark\Datasets\MTSD\Prepared\MTSD-Unaugmented\MTSD-YOLO\test\images\grp3_09e3faa9-IMG_20251203_121602.jpg,904.85,2157.99,1009.56,2397.93,0.4023,one way sign,True,True,184.6,mtsd-p4
SAM 3,one way sign,grp3_09e3faa9-IMG_20251203_121602.jpg,E:\2. UM-Student\MSC Dissertation\Urban-Vision-Benchmark\Datasets\MTSD\Prepared\MTSD-Unaugmented\MTSD-YOLO\test\images\grp3_09e3faa9-IMG_20251203_121602.jpg,1203.68,882.09,2230.36,1737.25,0.4941,one way sign,True,True,184.6,mtsd-p4
SAM 3,one way sign,grp3_13fcb840-IMG_20251203_093318.jpg,E:\2. UM-Student\MSC Dissertation\Urban-Vision-Benchmark\Datasets\MTSD\Prepared\MTSD-Unaugmented\MTSD-YOLO\test\images\grp3_13fcb840-IMG_20251203_093318.jpg,,,,,,<no detections>,False,True,148.4,mtsd-p4
SAM 3,one way sign,grp3_16b18930-IMG_4415.jpeg,E:\2. UM-Student\MSC Dissertation\Urban-Vision-Benchmark\Datasets\MTSD\Prepared\MTSD-Unaugmented\MTSD-YOLO\test\images\grp3_16b18930-IMG_4415.jpeg,1311.94,1446.44,1833.42,1950.97,0.6328,one way sign,True,True,166.1,mtsd-p4
SAM 3,one way sign,grp3_17e38feb-20251129_115024.jpg,E:\2. UM-Student\MSC Dissertation\Urban-Vision-Benchmark\Datasets\MTSD\Prepared\MTSD-Unaugmented\MTSD-YOLO\test\images\grp3_17e38feb-20251129_115024.jpg,,,,,,<no detections>,False,True,155.5,mtsd-p4
SAM 3,one way sign,grp3_19cc8708-IMG_20251203_095416.jpg,E:\2. UM-Student\MSC Dissertation\Urban-Vision-Benchmark\Datasets\MTSD\Prepared\MTSD-Unaugmented\MTSD-YOLO\test\images\grp3_19cc8708-IMG_20251203_095416.jpg,,,,,,<no detections>,False,True,157.1,mtsd-p4
SAM 3,one way sign,grp3_22c38c39-IMG_4293.jpeg,E:\2. UM-Student\MSC Dissertation\Urban-Vision-Benchmark\Datasets\MTSD\Prepared\MTSD-Unaugmented\MTSD-YOLO\test\images\grp3_22c38c39-IMG_4293.jpeg,1320.2,1658.63,2096.23,2511.08,0.8633,one way sign,True,True,174.4,mtsd-p4
SAM 3,one way sign,grp3_25e08496-IMG_9116.jpg,E:\2. UM-Student\MSC Dissertation\Urban-Vision-Benchmark\Datasets\MTSD\Prepared\MTSD-Unaugmented\MTSD-YOLO\test\images\grp3_25e08496-IMG_9116.jpg,,,,,,<no detections>,False,True,194.3,mtsd-p4
SAM 3,one way sign,grp3_2b9ed5a1-IMG_4416.jpeg,E:\2. UM-Student\MSC Dissertation\Urban-Vision-Benchmark\Datasets\MTSD\Prepared\MTSD-Unaugmented\MTSD-YOLO\test\images\grp3_2b9ed5a1-IMG_4416.jpeg,1376.46,1030.49,1996.33,2026.19,0.707,one way sign,True,True,179.4,mtsd-p4
SAM 3,one way sign,grp3_3cee3d85-IMG_4285.jpeg,E:\2. UM-Student\MSC Dissertation\Urban-Vision-Benchmark\Datasets\MTSD\Prepared\MTSD-Unaugmented\MTSD-YOLO\test\images\grp3_3cee3d85-IMG_4285.jpeg,1193.63,1823.77,1936.92,2548.59,0.5742,one way sign,True,True,163.9,mtsd-p4
SAM 3,one way sign,grp3_458db4bf-IMG_9314.jpg,E:\2. UM-Student\MSC Dissertation\Urban-Vision-Benchmark\Datasets\MTSD\Prepared\MTSD-Unaugmented\MTSD-YOLO\test\images\grp3_458db4bf-IMG_9314.jpg,,,,,,<no detections>,False,True,205.3,mtsd-p4
SAM 3,one way sign,grp3_4d14c289-20251129_122448.jpg,E:\2. UM-Student\MSC Dissertation\Urban-Vision-Benchmark\Datasets\MTSD\Prepared\MTSD-Unaugmented\MTSD-YOLO\test\images\grp3_4d14c289-20251129_122448.jpg,1327.32,1151.99,1808.08,1765.57,0.4746,one way sign,True,True,192.0,mtsd-p4
SAM 3,one way sign,grp3_4daf8454-IMG_4356.jpeg,E:\2. UM-Student\MSC Dissertation\Urban-Vision-Benchmark\Datasets\MTSD\Prepared\MTSD-Unaugmented\MTSD-YOLO\test\images\grp3_4daf8454-IMG_4356.jpeg,2186.62,3025.36,2232.1,3079.06,0.5273,one way sign,True,True,245.7,mtsd-p4
SAM 3,one way sign,grp3_4daf8454-IMG_4356.jpeg,E:\2. UM-Student\MSC Dissertation\Urban-Vision-Benchmark\Datasets\MTSD\Prepared\MTSD-Unaugmented\MTSD-YOLO\test\images\grp3_4daf8454-IMG_4356.jpeg,1295.88,2984.27,1363.67,3062.65,0.7266,one way sign,True,True,245.7,mtsd-p4
SAM 3,one way sign,grp3_5881a320-IMG_9141.jpg,E:\2. UM-Student\MSC Dissertation\Urban-Vision-Benchmark\Datasets\MTSD\Prepared\MTSD-Unaugmented\MTSD-YOLO\test\images\grp3_5881a320-IMG_9141.jpg,,,,,,<no detections>,False,True,192.9,mtsd-p4
SAM 3,one way sign,grp3_5a350ee3-IMG_9144.jpg,E:\2. UM-Student\MSC Dissertation\Urban-Vision-Benchmark\Datasets\MTSD\Prepared\MTSD-Unaugmented\MTSD-YOLO\test\images\grp3_5a350ee3-IMG_9144.jpg,1764.51,3236.46,1884.49,3846.13,0.7812,one way sign,True,True,300.3,mtsd-p4
SAM 3,one way sign,grp3_5a5ec99c-IMG_4369.jpeg,E:\2. UM-Student\MSC Dissertation\Urban-Vision-Benchmark\Datasets\MTSD\Prepared\MTSD-Unaugmented\MTSD-YOLO\test\images\grp3_5a5ec99c-IMG_4369.jpeg,1127.47,1333.46,2109.88,2245.32,0.6094,one way sign,True,True,192.8,mtsd-p4
SAM 3,one way sign,grp3_5a849df3-20251129_113801.jpg,E:\2. UM-Student\MSC Dissertation\Urban-Vision-Benchmark\Datasets\MTSD\Prepared\MTSD-Unaugmented\MTSD-YOLO\test\images\grp3_5a849df3-20251129_113801.jpg,2576.18,2580.96,2634.3,2655.5,0.4902,one way sign,True,True,228.3,mtsd-p4
SAM 3,one way sign,grp3_5a849df3-20251129_113801.jpg,E:\2. UM-Student\MSC Dissertation\Urban-Vision-Benchmark\Datasets\MTSD\Prepared\MTSD-Unaugmented\MTSD-YOLO\test\images\grp3_5a849df3-20251129_113801.jpg,1098.76,724.81,1830.04,1449.76,0.5781,one way sign,True,True,228.3,mtsd-p4
SAM 3,one way sign,grp3_5e7ebbc1-IMG_4337.jpeg,E:\2. UM-Student\MSC Dissertation\Urban-Vision-Benchmark\Datasets\MTSD\Prepared\MTSD-Unaugmented\MTSD-YOLO\test\images\grp3_5e7ebbc1-IMG_4337.jpeg,2099.3,1468.24,2658.97,1679.79,0.4102,one way sign,True,True,172.1,mtsd-p4
SAM 3,one way sign,grp3_5e84f6fa-20251129_114532.jpg,E:\2. UM-Student\MSC Dissertation\Urban-Vision-Benchmark\Datasets\MTSD\Prepared\MTSD-Unaugmented\MTSD-YOLO\test\images\grp3_5e84f6fa-20251129_114532.jpg,781.01,1261.62,1843.43,2250.07,0.6719,one way sign,True,True,165.6,mtsd-p4
SAM 3,one way sign,grp3_62bcab50-IMG_20251203_121207.jpg,E:\2. UM-Student\MSC Dissertation\Urban-Vision-Benchmark\Datasets\MTSD\Prepared\MTSD-Unaugmented\MTSD-YOLO\test\images\grp3_62bcab50-IMG_20251203_121207.jpg,,,,,,<no detections>,False,True,155.7,mtsd-p4
SAM 3,one way sign,grp3_64c9c943-IMG_20251203_121935.jpg,E:\2. UM-Student\MSC Dissertation\Urban-Vision-Benchmark\Datasets\MTSD\Prepared\MTSD-Unaugmented\MTSD-YOLO\test\images\grp3_64c9c943-IMG_20251203_121935.jpg,,,,,,<no detections>,False,True,155.7,mtsd-p4
SAM 3,one way sign,grp3_66257b80-IMG_9242.jpg,E:\2. UM-Student\MSC Dissertation\Urban-Vision-Benchmark\Datasets\MTSD\Prepared\MTSD-Unaugmented\MTSD-YOLO\test\images\grp3_66257b80-IMG_9242.jpg,,,,,,<no detections>,False,True,219.6,mtsd-p4
SAM 3,one way sign,grp3_6a5c994c-IMG_9361.jpg,E:\2. UM-Student\MSC Dissertation\Urban-Vision-Benchmark\Datasets\MTSD\Prepared\MTSD-Unaugmented\MTSD-YOLO\test\images\grp3_6a5c994c-IMG_9361.jpg,1612.1,3876.27,2733.84,4983.4,0.9258,one way sign,True,True,254.7,mtsd-p4
SAM 3,one way sign,grp3_6a5c994c-IMG_9361.jpg,E:\2. UM-Student\MSC Dissertation\Urban-Vision-Benchmark\Datasets\MTSD\Prepared\MTSD-Unaugmented\MTSD-YOLO\test\images\grp3_6a5c994c-IMG_9361.jpg,1831.25,1150.88,2521.72,2735.18,0.5938,one way sign,True,True,254.7,mtsd-p4
SAM 3,one way sign,grp3_729363da-IMG_4319.jpeg,E:\2. UM-Student\MSC Dissertation\Urban-Vision-Benchmark\Datasets\MTSD\Prepared\MTSD-Unaugmented\MTSD-YOLO\test\images\grp3_729363da-IMG_4319.jpeg,1383.78,1508.88,1980.1,2156.92,0.3027,one way sign,True,True,166.0,mtsd-p4
SAM 3,one way sign,grp3_72ce7bb8-IMG_20251203_121930.jpg,E:\2. UM-Student\MSC Dissertation\Urban-Vision-Benchmark\Datasets\MTSD\Prepared\MTSD-Unaugmented\MTSD-YOLO\test\images\grp3_72ce7bb8-IMG_20251203_121930.jpg,1344.33,923.01,1924.41,1590.97,0.7422,one way sign,True,True,202.3,mtsd-p4
SAM 3,one way sign,grp3_72ce7bb8-IMG_20251203_121930.jpg,E:\2. UM-Student\MSC Dissertation\Urban-Vision-Benchmark\Datasets\MTSD\Prepared\MTSD-Unaugmented\MTSD-YOLO\test\images\grp3_72ce7bb8-IMG_20251203_121930.jpg,1345.98,287.64,1875.16,939.1,0.5547,one way sign,True,True,202.3,mtsd-p4
SAM 3,one way sign,grp3_733addec-IMG_9083.jpg,E:\2. UM-Student\MSC Dissertation\Urban-Vision-Benchmark\Datasets\MTSD\Prepared\MTSD-Unaugmented\MTSD-YOLO\test\images\grp3_733addec-IMG_9083.jpg,,,,,,<no detections>,False,True,191.9,mtsd-p4
SAM 3,one way sign,grp3_76fb906e-20251129_122552.jpg,E:\2. UM-Student\MSC Dissertation\Urban-Vision-Benchmark\Datasets\MTSD\Prepared\MTSD-Unaugmented\MTSD-YOLO\test\images\grp3_76fb906e-20251129_122552.jpg,,,,,,<no detections>,False,True,181.1,mtsd-p4
SAM 3,one way sign,grp3_7b58307a-IMG_20251203_094229.jpg,E:\2. UM-Student\MSC Dissertation\Urban-Vision-Benchmark\Datasets\MTSD\Prepared\MTSD-Unaugmented\MTSD-YOLO\test\images\grp3_7b58307a-IMG_20251203_094229.jpg,,,,,,<no detections>,False,True,148.8,mtsd-p4
SAM 3,one way sign,grp3_81a84d18-IMG_9109.jpg,E:\2. UM-Student\MSC Dissertation\Urban-Vision-Benchmark\Datasets\MTSD\Prepared\MTSD-Unaugmented\MTSD-YOLO\test\images\grp3_81a84d18-IMG_9109.jpg,,,,,,<no detections>,False,True,192.5,mtsd-p4
SAM 3,one way sign,grp3_874592da-20251129_122245.jpg,E:\2. UM-Student\MSC Dissertation\Urban-Vision-Benchmark\Datasets\MTSD\Prepared\MTSD-Unaugmented\MTSD-YOLO\test\images\grp3_874592da-20251129_122245.jpg,,,,,,<no detections>,False,True,149.6,mtsd-p4
SAM 3,one way sign,grp3_87ee400a-IMG_9122.jpg,E:\2. UM-Student\MSC Dissertation\Urban-Vision-Benchmark\Datasets\MTSD\Prepared\MTSD-Unaugmented\MTSD-YOLO\test\images\grp3_87ee400a-IMG_9122.jpg,,,,,,<no detections>,False,True,201.8,mtsd-p4
SAM 3,one way sign,grp3_8c6aa47e-IMG_20251203_121607.jpg,E:\2. UM-Student\MSC Dissertation\Urban-Vision-Benchmark\Datasets\MTSD\Prepared\MTSD-Unaugmented\MTSD-YOLO\test\images\grp3_8c6aa47e-IMG_20251203_121607.jpg,672.62,2232.85,899.99,2420.83,0.498,one way sign,True,True,185.8,mtsd-p4
SAM 3,one way sign,grp3_8c6aa47e-IMG_20251203_121607.jpg,E:\2. UM-Student\MSC Dissertation\Urban-Vision-Benchmark\Datasets\MTSD\Prepared\MTSD-Unaugmented\MTSD-YOLO\test\images\grp3_8c6aa47e-IMG_20251203_121607.jpg,1163.57,430.4,1705.82,1580.49,0.4883,one way sign,True,True,185.8,mtsd-p4
SAM 3,one way sign,grp3_8d66655f-IMG_4305.jpeg,E:\2. UM-Student\MSC Dissertation\Urban-Vision-Benchmark\Datasets\MTSD\Prepared\MTSD-Unaugmented\MTSD-YOLO\test\images\grp3_8d66655f-IMG_4305.jpeg,,,,,,<no detections>,False,True,162.9,mtsd-p4
SAM 3,one way sign,grp3_913cab50-IMG_20251204_094538.jpg,E:\2. UM-Student\MSC Dissertation\Urban-Vision-Benchmark\Datasets\MTSD\Prepared\MTSD-Unaugmented\MTSD-YOLO\test\images\grp3_913cab50-IMG_20251204_094538.jpg,754.87,1527.26,2134.2,2947.12,0.5391,one way sign,True,True,168.0,mtsd-p4
SAM 3,one way sign,grp3_915b758c-IMG_4287.jpeg,E:\2. UM-Student\MSC Dissertation\Urban-Vision-Benchmark\Datasets\MTSD\Prepared\MTSD-Unaugmented\MTSD-YOLO\test\images\grp3_915b758c-IMG_4287.jpeg,1358.93,1427.49,1844.65,1981.85,0.4727,one way sign,True,True,173.3,mtsd-p4
SAM 3,one way sign,grp3_940c99a8-IMG_9166.jpg,E:\2. UM-Student\MSC Dissertation\Urban-Vision-Benchmark\Datasets\MTSD\Prepared\MTSD-Unaugmented\MTSD-YOLO\test\images\grp3_940c99a8-IMG_9166.jpg,2071.71,2824.51,2520.36,4069.36,0.5781,one way sign,True,True,261.7,mtsd-p4
SAM 3,one way sign,grp3_9e3990fa-20251129_124245.jpg,E:\2. UM-Student\MSC Dissertation\Urban-Vision-Benchmark\Datasets\MTSD\Prepared\MTSD-Unaugmented\MTSD-YOLO\test\images\grp3_9e3990fa-20251129_124245.jpg,,,,,,<no detections>,False,True,148.7,mtsd-p4
SAM 3,one way sign,grp3_9eaf77cf-IMG_4402.jpeg,E:\2. UM-Student\MSC Dissertation\Urban-Vision-Benchmark\Datasets\MTSD\Prepared\MTSD-Unaugmented\MTSD-YOLO\test\images\grp3_9eaf77cf-IMG_4402.jpeg,,,,,,<no detections>,False,True,148.1,mtsd-p4
SAM 3,one way sign,grp3_9ff54512-IMG_20251203_093925.jpg,E:\2. UM-Student\MSC Dissertation\Urban-Vision-Benchmark\Datasets\MTSD\Prepared\MTSD-Unaugmented\MTSD-YOLO\test\images\grp3_9ff54512-IMG_20251203_093925.jpg,,,,,,<no detections>,False,True,158.5,mtsd-p4
SAM 3,one way sign,grp3_a2b6698c-IMG_4431.jpeg,E:\2. UM-Student\MSC Dissertation\Urban-Vision-Benchmark\Datasets\MTSD\Prepared\MTSD-Unaugmented\MTSD-YOLO\test\images\grp3_a2b6698c-IMG_4431.jpeg,,,,,,<no detections>,False,True,149.6,mtsd-p4
SAM 3,one way sign,grp3_a5739f60-IMG_20251203_120925.jpg,E:\2. UM-Student\MSC Dissertation\Urban-Vision-Benchmark\Datasets\MTSD\Prepared\MTSD-Unaugmented\MTSD-YOLO\test\images\grp3_a5739f60-IMG_20251203_120925.jpg,,,,,,<no detections>,False,True,172.3,mtsd-p4
SAM 3,one way sign,grp3_a9724b83-20251129_122439.jpg,E:\2. UM-Student\MSC Dissertation\Urban-Vision-Benchmark\Datasets\MTSD\Prepared\MTSD-Unaugmented\MTSD-YOLO\test\images\grp3_a9724b83-20251129_122439.jpg,1184.78,1001.59,1464.49,1964.25,0.582,one way sign,True,True,244.7,mtsd-p4
SAM 3,one way sign,grp3_ae42a8a0-20251129_121839.jpg,E:\2. UM-Student\MSC Dissertation\Urban-Vision-Benchmark\Datasets\MTSD\Prepared\MTSD-Unaugmented\MTSD-YOLO\test\images\grp3_ae42a8a0-20251129_121839.jpg,1376.74,2009.64,1754.84,2411.63,0.3203,one way sign,True,True,187.8,mtsd-p4
SAM 3,one way sign,grp3_ae42a8a0-20251129_121839.jpg,E:\2. UM-Student\MSC Dissertation\Urban-Vision-Benchmark\Datasets\MTSD\Prepared\MTSD-Unaugmented\MTSD-YOLO\test\images\grp3_ae42a8a0-20251129_121839.jpg,1122.67,1795.14,1884.63,2541.05,0.8203,one way sign,True,True,187.8,mtsd-p4
SAM 3,one way sign,grp3_ae42a8a0-20251129_121839.jpg,E:\2. UM-Student\MSC Dissertation\Urban-Vision-Benchmark\Datasets\MTSD\Prepared\MTSD-Unaugmented\MTSD-YOLO\test\images\grp3_ae42a8a0-20251129_121839.jpg,1107.14,1140.33,1823.18,1814.52,0.3242,one way sign,True,True,187.8,mtsd-p4
SAM 3,one way sign,grp3_aebbbcad-IMG_9204.jpg,E:\2. UM-Student\MSC Dissertation\Urban-Vision-Benchmark\Datasets\MTSD\Prepared\MTSD-Unaugmented\MTSD-YOLO\test\images\grp3_aebbbcad-IMG_9204.jpg,2428.37,3575.95,2630.97,3786.22,0.8672,one way sign,True,True,280.1,mtsd-p4
SAM 3,one way sign,grp3_b05e6955-IMG_4433.jpeg,E:\2. UM-Student\MSC Dissertation\Urban-Vision-Benchmark\Datasets\MTSD\Prepared\MTSD-Unaugmented\MTSD-YOLO\test\images\grp3_b05e6955-IMG_4433.jpeg,,,,,,<no detections>,False,True,147.5,mtsd-p4
SAM 3,one way sign,grp3_c0cc3ce0-IMG_20251203_115646.jpg,E:\2. UM-Student\MSC Dissertation\Urban-Vision-Benchmark\Datasets\MTSD\Prepared\MTSD-Unaugmented\MTSD-YOLO\test\images\grp3_c0cc3ce0-IMG_20251203_115646.jpg,1145.28,534.48,2040.17,1587.58,0.9062,one way sign,True,True,190.3,mtsd-p4
SAM 3,one way sign,grp3_c7a58be8-IMG_20251203_121028.jpg,E:\2. UM-Student\MSC Dissertation\Urban-Vision-Benchmark\Datasets\MTSD\Prepared\MTSD-Unaugmented\MTSD-YOLO\test\images\grp3_c7a58be8-IMG_20251203_121028.jpg,,,,,,<no detections>,False,True,151.1,mtsd-p4
SAM 3,one way sign,grp3_ca162d3e-20251129_114653.jpg,E:\2. UM-Student\MSC Dissertation\Urban-Vision-Benchmark\Datasets\MTSD\Prepared\MTSD-Unaugmented\MTSD-YOLO\test\images\grp3_ca162d3e-20251129_114653.jpg,939.17,1388.67,1852.96,2317.82,0.4219,one way sign,True,True,190.9,mtsd-p4
SAM 3,one way sign,grp3_cb90b89e-IMG_9211.jpg,E:\2. UM-Student\MSC Dissertation\Urban-Vision-Benchmark\Datasets\MTSD\Prepared\MTSD-Unaugmented\MTSD-YOLO\test\images\grp3_cb90b89e-IMG_9211.jpg,,,,,,<no detections>,False,True,194.8,mtsd-p4
SAM 3,one way sign,grp3_d3cfa1f7-IMG_20251204_133658.jpg,E:\2. UM-Student\MSC Dissertation\Urban-Vision-Benchmark\Datasets\MTSD\Prepared\MTSD-Unaugmented\MTSD-YOLO\test\images\grp3_d3cfa1f7-IMG_20251204_133658.jpg,,,,,,<no detections>,False,True,148.2,mtsd-p4
SAM 3,one way sign,grp3_def908c3-IMG_4315.jpeg,E:\2. UM-Student\MSC Dissertation\Urban-Vision-Benchmark\Datasets\MTSD\Prepared\MTSD-Unaugmented\MTSD-YOLO\test\images\grp3_def908c3-IMG_4315.jpeg,,,,,,<no detections>,False,True,153.6,mtsd-p4
SAM 3,one way sign,grp3_e0a623d6-IMG_9293.jpg,E:\2. UM-Student\MSC Dissertation\Urban-Vision-Benchmark\Datasets\MTSD\Prepared\MTSD-Unaugmented\MTSD-YOLO\test\images\grp3_e0a623d6-IMG_9293.jpg,2013.42,1449.81,2511.78,2814.3,0.8945,one way sign,True,True,236.0,mtsd-p4
SAM 3,one way sign,grp3_e17ffb83-20251129_115005.jpg,E:\2. UM-Student\MSC Dissertation\Urban-Vision-Benchmark\Datasets\MTSD\Prepared\MTSD-Unaugmented\MTSD-YOLO\test\images\grp3_e17ffb83-20251129_115005.jpg,1210.8,1465.17,1547.18,2366.78,0.5352,one way sign,True,True,161.1,mtsd-p4
SAM 3,one way sign,grp3_e337de9a-IMG_4362.jpeg,E:\2. UM-Student\MSC Dissertation\Urban-Vision-Benchmark\Datasets\MTSD\Prepared\MTSD-Unaugmented\MTSD-YOLO\test\images\grp3_e337de9a-IMG_4362.jpeg,1146.25,1587.66,1996.16,1892.87,0.3594,one way sign,True,True,201.3,mtsd-p4
SAM 3,one way sign,grp3_e337de9a-IMG_4362.jpeg,E:\2. UM-Student\MSC Dissertation\Urban-Vision-Benchmark\Datasets\MTSD\Prepared\MTSD-Unaugmented\MTSD-YOLO\test\images\grp3_e337de9a-IMG_4362.jpeg,979.6,656.82,2143.03,1629.56,0.7227,one way sign,True,True,201.3,mtsd-p4
SAM 3,one way sign,grp3_eb512649-IMG_4353.jpeg,E:\2. UM-Student\MSC Dissertation\Urban-Vision-Benchmark\Datasets\MTSD\Prepared\MTSD-Unaugmented\MTSD-YOLO\test\images\grp3_eb512649-IMG_4353.jpeg,,,,,,<no detections>,False,True,149.4,mtsd-p4
SAM 3,one way sign,grp3_eb95b9a8-IMG_9119.jpg,E:\2. UM-Student\MSC Dissertation\Urban-Vision-Benchmark\Datasets\MTSD\Prepared\MTSD-Unaugmented\MTSD-YOLO\test\images\grp3_eb95b9a8-IMG_9119.jpg,,,,,,<no detections>,False,True,190.8,mtsd-p4
SAM 3,one way sign,grp3_ec385cc7-IMG_20251203_121353.jpg,E:\2. UM-Student\MSC Dissertation\Urban-Vision-Benchmark\Datasets\MTSD\Prepared\MTSD-Unaugmented\MTSD-YOLO\test\images\grp3_ec385cc7-IMG_20251203_121353.jpg,,,,,,<no detections>,False,True,153.6,mtsd-p4
SAM 3,one way sign,grp3_ecbe9be3-IMG_20251204_100152.jpg,E:\2. UM-Student\MSC Dissertation\Urban-Vision-Benchmark\Datasets\MTSD\Prepared\MTSD-Unaugmented\MTSD-YOLO\test\images\grp3_ecbe9be3-IMG_20251204_100152.jpg,,,,,,<no detections>,False,True,149.6,mtsd-p4
SAM 3,one way sign,grp3_f2a7e32a-IMG_4334.jpeg,E:\2. UM-Student\MSC Dissertation\Urban-Vision-Benchmark\Datasets\MTSD\Prepared\MTSD-Unaugmented\MTSD-YOLO\test\images\grp3_f2a7e32a-IMG_4334.jpeg,,,,,,<no detections>,False,True,148.4,mtsd-p4
SAM 3,one way sign,grp3_f6ba6aba-IMG_4397.jpeg,E:\2. UM-Student\MSC Dissertation\Urban-Vision-Benchmark\Datasets\MTSD\Prepared\MTSD-Unaugmented\MTSD-YOLO\test\images\grp3_f6ba6aba-IMG_4397.jpeg,,,,,,<no detections>,False,True,166.1,mtsd-p4
SAM 3,one way sign,grp3_facbf33e-IMG_9197.jpg,E:\2. UM-Student\MSC Dissertation\Urban-Vision-Benchmark\Datasets\MTSD\Prepared\MTSD-Unaugmented\MTSD-YOLO\test\images\grp3_facbf33e-IMG_9197.jpg,,,,,,<no detections>,False,True,201.4,mtsd-p4
SAM 3,one way sign,grp3_faf213d1-IMG_20251203_120236.jpg,E:\2. UM-Student\MSC Dissertation\Urban-Vision-Benchmark\Datasets\MTSD\Prepared\MTSD-Unaugmented\MTSD-YOLO\test\images\grp3_faf213d1-IMG_20251203_120236.jpg,,,,,,<no detections>,False,True,150.6,mtsd-p4
SAM 3,one way sign,grp4_0da97af9-20251222_133337.jpg,E:\2. UM-Student\MSC Dissertation\Urban-Vision-Benchmark\Datasets\MTSD\Prepared\MTSD-Unaugmented\MTSD-YOLO\test\images\grp4_0da97af9-20251222_133337.jpg,,,,,,<no detections>,False,True,155.9,mtsd-p4
SAM 3,one way sign,grp4_11d8a182-WhatsApp_Image_2026-01-14_at_11.12.01.jpeg,E:\2. UM-Student\MSC Dissertation\Urban-Vision-Benchmark\Datasets\MTSD\Prepared\MTSD-Unaugmented\MTSD-YOLO\test\images\grp4_11d8a182-WhatsApp_Image_2026-01-14_at_11.12.01.jpeg,306.11,1100.11,457.35,1267.26,0.8906,one way sign,True,True,122.9,mtsd-p4
SAM 3,one way sign,grp4_1d0747c0-20260107_105907.jpg,E:\2. UM-Student\MSC Dissertation\Urban-Vision-Benchmark\Datasets\MTSD\Prepared\MTSD-Unaugmented\MTSD-YOLO\test\images\grp4_1d0747c0-20260107_105907.jpg,351.97,595.38,1342.66,1558.18,0.8359,one way sign,True,True,148.6,mtsd-p4
SAM 3,one way sign,grp4_20251115_125732.jpg,E:\2. UM-Student\MSC Dissertation\Urban-Vision-Benchmark\Datasets\MTSD\Prepared\MTSD-Unaugmented\MTSD-YOLO\test\images\grp4_20251115_125732.jpg,,,,,,<no detections>,False,True,148.4,mtsd-p4
SAM 3,one way sign,grp4_20251130_114937.jpg,E:\2. UM-Student\MSC Dissertation\Urban-Vision-Benchmark\Datasets\MTSD\Prepared\MTSD-Unaugmented\MTSD-YOLO\test\images\grp4_20251130_114937.jpg,,,,,,<no detections>,False,True,171.7,mtsd-p4
SAM 3,one way sign,grp4_20251130_115129.jpg,E:\2. UM-Student\MSC Dissertation\Urban-Vision-Benchmark\Datasets\MTSD\Prepared\MTSD-Unaugmented\MTSD-YOLO\test\images\grp4_20251130_115129.jpg,703.61,3408.04,761.31,3486.65,0.582,one way sign,True,True,223.1,mtsd-p4
SAM 3,one way sign,grp4_20251130_115129.jpg,E:\2. UM-Student\MSC Dissertation\Urban-Vision-Benchmark\Datasets\MTSD\Prepared\MTSD-Unaugmented\MTSD-YOLO\test\images\grp4_20251130_115129.jpg,863.88,2223.07,2083.04,3493.53,0.4414,one way sign,True,True,223.1,mtsd-p4
SAM 3,one way sign,grp4_20251130_115523.jpg,E:\2. UM-Student\MSC Dissertation\Urban-Vision-Benchmark\Datasets\MTSD\Prepared\MTSD-Unaugmented\MTSD-YOLO\test\images\grp4_20251130_115523.jpg,1730.51,2929.38,1794.32,2994.54,0.6641,one way sign,True,True,185.7,mtsd-p4
SAM 3,one way sign,grp4_20251130_115532.jpg,E:\2. UM-Student\MSC Dissertation\Urban-Vision-Benchmark\Datasets\MTSD\Prepared\MTSD-Unaugmented\MTSD-YOLO\test\images\grp4_20251130_115532.jpg,,,,,,<no detections>,False,True,159.5,mtsd-p4
SAM 3,one way sign,grp4_20251130_115613.jpg,E:\2. UM-Student\MSC Dissertation\Urban-Vision-Benchmark\Datasets\MTSD\Prepared\MTSD-Unaugmented\MTSD-YOLO\test\images\grp4_20251130_115613.jpg,1182.25,1475.52,1442.72,3055.53,0.5039,one way sign,True,True,163.7,mtsd-p4
SAM 3,one way sign,grp4_20251130_115807.jpg,E:\2. UM-Student\MSC Dissertation\Urban-Vision-Benchmark\Datasets\MTSD\Prepared\MTSD-Unaugmented\MTSD-YOLO\test\images\grp4_20251130_115807.jpg,726.79,2469.38,1328.41,3727.9,0.4961,one way sign,True,True,161.8,mtsd-p4
SAM 3,one way sign,grp4_20251130_120143.jpg,E:\2. UM-Student\MSC Dissertation\Urban-Vision-Benchmark\Datasets\MTSD\Prepared\MTSD-Unaugmented\MTSD-YOLO\test\images\grp4_20251130_120143.jpg,1522.32,1686.26,1719.72,3064.4,0.5391,one way sign,True,True,165.0,mtsd-p4
SAM 3,one way sign,grp4_20251130_120206.jpg,E:\2. UM-Student\MSC Dissertation\Urban-Vision-Benchmark\Datasets\MTSD\Prepared\MTSD-Unaugmented\MTSD-YOLO\test\images\grp4_20251130_120206.jpg,,,,,,<no detections>,False,True,146.1,mtsd-p4
SAM 3,one way sign,grp4_20251219_134240.jpg,E:\2. UM-Student\MSC Dissertation\Urban-Vision-Benchmark\Datasets\MTSD\Prepared\MTSD-Unaugmented\MTSD-YOLO\test\images\grp4_20251219_134240.jpg,,,,,,<no detections>,False,True,155.2,mtsd-p4
SAM 3,one way sign,grp4_20251229_142249.jpg,E:\2. UM-Student\MSC Dissertation\Urban-Vision-Benchmark\Datasets\MTSD\Prepared\MTSD-Unaugmented\MTSD-YOLO\test\images\grp4_20251229_142249.jpg,,,,,,<no detections>,False,True,148.6,mtsd-p4
SAM 3,one way sign,grp4_20251229_144322.jpg,E:\2. UM-Student\MSC Dissertation\Urban-Vision-Benchmark\Datasets\MTSD\Prepared\MTSD-Unaugmented\MTSD-YOLO\test\images\grp4_20251229_144322.jpg,,,,,,<no detections>,False,True,159.1,mtsd-p4
SAM 3,one way sign,grp4_20251229_145129.jpg,E:\2. UM-Student\MSC Dissertation\Urban-Vision-Benchmark\Datasets\MTSD\Prepared\MTSD-Unaugmented\MTSD-YOLO\test\images\grp4_20251229_145129.jpg,,,,,,<no detections>,False,True,166.4,mtsd-p4
SAM 3,one way sign,grp4_20251229_150136.jpg,E:\2. UM-Student\MSC Dissertation\Urban-Vision-Benchmark\Datasets\MTSD\Prepared\MTSD-Unaugmented\MTSD-YOLO\test\images\grp4_20251229_150136.jpg,0.0,1381.51,459.56,2634.37,0.6328,one way sign,True,True,189.9,mtsd-p4
SAM 3,one way sign,grp4_20251229_150338.jpg,E:\2. UM-Student\MSC Dissertation\Urban-Vision-Benchmark\Datasets\MTSD\Prepared\MTSD-Unaugmented\MTSD-YOLO\test\images\grp4_20251229_150338.jpg,515.88,3826.27,564.73,3908.19,0.4336,one way sign,True,True,232.4,mtsd-p4
SAM 3,one way sign,grp4_20251229_150338.jpg,E:\2. UM-Student\MSC Dissertation\Urban-Vision-Benchmark\Datasets\MTSD\Prepared\MTSD-Unaugmented\MTSD-YOLO\test\images\grp4_20251229_150338.jpg,723.95,2465.47,1881.48,3670.26,0.3672,one way sign,True,True,232.4,mtsd-p4
SAM 3,one way sign,grp4_20251229_150338.jpg,E:\2. UM-Student\MSC Dissertation\Urban-Vision-Benchmark\Datasets\MTSD\Prepared\MTSD-Unaugmented\MTSD-YOLO\test\images\grp4_20251229_150338.jpg,727.42,1457.17,1944.13,2453.35,0.6133,one way sign,True,True,232.4,mtsd-p4
SAM 3,one way sign,grp4_20251229_151051.jpg,E:\2. UM-Student\MSC Dissertation\Urban-Vision-Benchmark\Datasets\MTSD\Prepared\MTSD-Unaugmented\MTSD-YOLO\test\images\grp4_20251229_151051.jpg,1023.78,1152.13,2385.71,2379.56,0.9141,one way sign,True,True,204.2,mtsd-p4
SAM 3,one way sign,grp4_20251229_152158.jpg,E:\2. UM-Student\MSC Dissertation\Urban-Vision-Benchmark\Datasets\MTSD\Prepared\MTSD-Unaugmented\MTSD-YOLO\test\images\grp4_20251229_152158.jpg,,,,,,<no detections>,False,True,149.5,mtsd-p4
SAM 3,one way sign,grp4_20251231_160526.jpg,E:\2. UM-Student\MSC Dissertation\Urban-Vision-Benchmark\Datasets\MTSD\Prepared\MTSD-Unaugmented\MTSD-YOLO\test\images\grp4_20251231_160526.jpg,992.05,1496.5,2010.91,2435.06,0.9219,one way sign,True,True,164.3,mtsd-p4
SAM 3,one way sign,grp4_20251231_160545.jpg,E:\2. UM-Student\MSC Dissertation\Urban-Vision-Benchmark\Datasets\MTSD\Prepared\MTSD-Unaugmented\MTSD-YOLO\test\images\grp4_20251231_160545.jpg,1230.56,1422.01,1571.53,2419.59,0.8438,one way sign,True,True,164.1,mtsd-p4
SAM 3,one way sign,grp4_20251231_160556.jpg,E:\2. UM-Student\MSC Dissertation\Urban-Vision-Benchmark\Datasets\MTSD\Prepared\MTSD-Unaugmented\MTSD-YOLO\test\images\grp4_20251231_160556.jpg,1846.51,1932.78,2038.49,2508.04,0.7695,one way sign,True,True,167.4,mtsd-p4
SAM 3,one way sign,grp4_219a5ac5-20251116_164504.jpg,E:\2. UM-Student\MSC Dissertation\Urban-Vision-Benchmark\Datasets\MTSD\Prepared\MTSD-Unaugmented\MTSD-YOLO\test\images\grp4_219a5ac5-20251116_164504.jpg,773.03,2411.61,1154.29,4032.33,0.6602,one way sign,True,True,161.9,mtsd-p4
SAM 3,one way sign,grp4_219a5ac5-20251116_164504.jpg,E:\2. UM-Student\MSC Dissertation\Urban-Vision-Benchmark\Datasets\MTSD\Prepared\MTSD-Unaugmented\MTSD-YOLO\test\images\grp4_219a5ac5-20251116_164504.jpg,665.47,1176.56,1307.31,2509.38,0.6133,one way sign,True,True,161.9,mtsd-p4
SAM 3,one way sign,grp4_21c64815-20251116_163111.jpg,E:\2. UM-Student\MSC Dissertation\Urban-Vision-Benchmark\Datasets\MTSD\Prepared\MTSD-Unaugmented\MTSD-YOLO\test\images\grp4_21c64815-20251116_163111.jpg,,,,,,<no detections>,False,True,141.3,mtsd-p4
SAM 3,one way sign,grp4_22bb020a-20251222_131805.jpg,E:\2. UM-Student\MSC Dissertation\Urban-Vision-Benchmark\Datasets\MTSD\Prepared\MTSD-Unaugmented\MTSD-YOLO\test\images\grp4_22bb020a-20251222_131805.jpg,,,,,,<no detections>,False,True,151.5,mtsd-p4
SAM 3,one way sign,grp4_25671e9a-WhatsApp_Image_2026-01-14_at_11.11.43_3.jpeg,E:\2. UM-Student\MSC Dissertation\Urban-Vision-Benchmark\Datasets\MTSD\Prepared\MTSD-Unaugmented\MTSD-YOLO\test\images\grp4_25671e9a-WhatsApp_Image_2026-01-14_at_11.11.43_3.jpeg,541.53,770.33,876.54,1108.6,0.5391,one way sign,True,True,129.8,mtsd-p4
SAM 3,one way sign,grp4_25671e9a-WhatsApp_Image_2026-01-14_at_11.11.43_3.jpeg,E:\2. UM-Student\MSC Dissertation\Urban-Vision-Benchmark\Datasets\MTSD\Prepared\MTSD-Unaugmented\MTSD-YOLO\test\images\grp4_25671e9a-WhatsApp_Image_2026-01-14_at_11.11.43_3.jpeg,457.2,318.5,945.34,764.36,0.6484,one way sign,True,True,129.8,mtsd-p4
SAM 3,one way sign,grp4_2659e726-20260107_105845.jpg,E:\2. UM-Student\MSC Dissertation\Urban-Vision-Benchmark\Datasets\MTSD\Prepared\MTSD-Unaugmented\MTSD-YOLO\test\images\grp4_2659e726-20260107_105845.jpg,476.98,1101.4,1630.41,2661.08,0.4043,one way sign,True,True,185.3,mtsd-p4
SAM 3,one way sign,grp4_2659e726-20260107_105845.jpg,E:\2. UM-Student\MSC Dissertation\Urban-Vision-Benchmark\Datasets\MTSD\Prepared\MTSD-Unaugmented\MTSD-YOLO\test\images\grp4_2659e726-20260107_105845.jpg,510.11,0.0,1586.67,1215.82,0.8867,one way sign,True,True,185.3,mtsd-p4
SAM 3,one way sign,grp4_27645844-20260107_151619.jpg,E:\2. UM-Student\MSC Dissertation\Urban-Vision-Benchmark\Datasets\MTSD\Prepared\MTSD-Unaugmented\MTSD-YOLO\test\images\grp4_27645844-20260107_151619.jpg,1082.4,1249.63,1114.63,1271.33,0.3164,one way sign,True,True,129.5,mtsd-p4
SAM 3,one way sign,grp4_27645844-20260107_151619.jpg,E:\2. UM-Student\MSC Dissertation\Urban-Vision-Benchmark\Datasets\MTSD\Prepared\MTSD-Unaugmented\MTSD-YOLO\test\images\grp4_27645844-20260107_151619.jpg,88.95,37.1,529.24,626.88,0.7461,one way sign,True,True,129.5,mtsd-p4
SAM 3,one way sign,grp4_27f66596-20260109_125516.jpg,E:\2. UM-Student\MSC Dissertation\Urban-Vision-Benchmark\Datasets\MTSD\Prepared\MTSD-Unaugmented\MTSD-YOLO\test\images\grp4_27f66596-20260109_125516.jpg,,,,,,<no detections>,False,True,142.3,mtsd-p4
SAM 3,one way sign,grp4_303a684b-WhatsApp_Image_2026-01-14_at_11.12.36_1.jpeg,E:\2. UM-Student\MSC Dissertation\Urban-Vision-Benchmark\Datasets\MTSD\Prepared\MTSD-Unaugmented\MTSD-YOLO\test\images\grp4_303a684b-WhatsApp_Image_2026-01-14_at_11.12.36_1.jpeg,,,,,,<no detections>,False,True,117.9,mtsd-p4
SAM 3,one way sign,grp4_3a0abdfb-20251116_161259.jpg,E:\2. UM-Student\MSC Dissertation\Urban-Vision-Benchmark\Datasets\MTSD\Prepared\MTSD-Unaugmented\MTSD-YOLO\test\images\grp4_3a0abdfb-20251116_161259.jpg,817.27,1576.28,1452.16,2230.16,0.4121,one way sign,True,True,169.6,mtsd-p4
SAM 3,one way sign,grp4_3a0abdfb-20251116_161259.jpg,E:\2. UM-Student\MSC Dissertation\Urban-Vision-Benchmark\Datasets\MTSD\Prepared\MTSD-Unaugmented\MTSD-YOLO\test\images\grp4_3a0abdfb-20251116_161259.jpg,840.03,881.13,1347.9,1916.38,0.9062,one way sign,True,True,169.6,mtsd-p4
SAM 3,one way sign,grp4_3a5008ad-20251222_141011.jpg,E:\2. UM-Student\MSC Dissertation\Urban-Vision-Benchmark\Datasets\MTSD\Prepared\MTSD-Unaugmented\MTSD-YOLO\test\images\grp4_3a5008ad-20251222_141011.jpg,1025.45,423.26,2162.3,2113.47,0.582,one way sign,True,True,181.2,mtsd-p4
SAM 3,one way sign,grp4_420a4dea-20251222_131729.jpg,E:\2. UM-Student\MSC Dissertation\Urban-Vision-Benchmark\Datasets\MTSD\Prepared\MTSD-Unaugmented\MTSD-YOLO\test\images\grp4_420a4dea-20251222_131729.jpg,821.87,718.55,2363.76,2472.72,0.6055,one way sign,True,True,180.8,mtsd-p4
SAM 3,one way sign,grp4_53b94993-WhatsApp_Image_2026-01-14_at_11.10.30_2.jpeg,E:\2. UM-Student\MSC Dissertation\Urban-Vision-Benchmark\Datasets\MTSD\Prepared\MTSD-Unaugmented\MTSD-YOLO\test\images\grp4_53b94993-WhatsApp_Image_2026-01-14_at_11.10.30_2.jpeg,559.17,1173.13,836.23,1510.43,0.7773,one way sign,True,True,125.8,mtsd-p4
SAM 3,one way sign,grp4_53b94993-WhatsApp_Image_2026-01-14_at_11.10.30_2.jpeg,E:\2. UM-Student\MSC Dissertation\Urban-Vision-Benchmark\Datasets\MTSD\Prepared\MTSD-Unaugmented\MTSD-YOLO\test\images\grp4_53b94993-WhatsApp_Image_2026-01-14_at_11.10.30_2.jpeg,593.34,767.45,854.37,1199.35,0.457,one way sign,True,True,125.8,mtsd-p4
SAM 3,one way sign,grp4_5886bc7f-20251116_161202.jpg,E:\2. UM-Student\MSC Dissertation\Urban-Vision-Benchmark\Datasets\MTSD\Prepared\MTSD-Unaugmented\MTSD-YOLO\test\images\grp4_5886bc7f-20251116_161202.jpg,1243.77,1405.36,1399.87,1884.46,0.377,one way sign,True,True,141.0,mtsd-p4
SAM 3,one way sign,grp4_5996dfea-20251116_163330.jpg,E:\2. UM-Student\MSC Dissertation\Urban-Vision-Benchmark\Datasets\MTSD\Prepared\MTSD-Unaugmented\MTSD-YOLO\test\images\grp4_5996dfea-20251116_163330.jpg,,,,,,<no detections>,False,True,142.9,mtsd-p4
SAM 3,one way sign,grp4_5c62b2f6-20251117_104837.jpg,E:\2. UM-Student\MSC Dissertation\Urban-Vision-Benchmark\Datasets\MTSD\Prepared\MTSD-Unaugmented\MTSD-YOLO\test\images\grp4_5c62b2f6-20251117_104837.jpg,426.52,1314.82,1644.58,2350.86,0.9219,one way sign,True,True,189.9,mtsd-p4
SAM 3,one way sign,grp4_5e204826-WhatsApp_Image_2026-01-14_at_11.11.36.jpeg,E:\2. UM-Student\MSC Dissertation\Urban-Vision-Benchmark\Datasets\MTSD\Prepared\MTSD-Unaugmented\MTSD-YOLO\test\images\grp4_5e204826-WhatsApp_Image_2026-01-14_at_11.11.36.jpeg,586.48,791.06,777.27,979.07,0.5156,one way sign,True,True,125.3,mtsd-p4
SAM 3,one way sign,grp4_63c4320e-WhatsApp_Image_2026-01-14_at_11.10.32_3.jpeg,E:\2. UM-Student\MSC Dissertation\Urban-Vision-Benchmark\Datasets\MTSD\Prepared\MTSD-Unaugmented\MTSD-YOLO\test\images\grp4_63c4320e-WhatsApp_Image_2026-01-14_at_11.10.32_3.jpeg,585.4,683.68,827.17,914.51,0.7812,one way sign,True,True,124.3,mtsd-p4
SAM 3,one way sign,grp4_66eacd8c-20260109_124456.jpg,E:\2. UM-Student\MSC Dissertation\Urban-Vision-Benchmark\Datasets\MTSD\Prepared\MTSD-Unaugmented\MTSD-YOLO\test\images\grp4_66eacd8c-20260109_124456.jpg,842.17,852.74,1894.38,2655.31,0.6602,one way sign,True,True,198.4,mtsd-p4
SAM 3,one way sign,grp4_763f17c4-20260107_150842.jpg,E:\2. UM-Student\MSC Dissertation\Urban-Vision-Benchmark\Datasets\MTSD\Prepared\MTSD-Unaugmented\MTSD-YOLO\test\images\grp4_763f17c4-20260107_150842.jpg,1648.36,2887.58,1755.87,3006.19,0.7305,one way sign,True,True,178.6,mtsd-p4
SAM 3,one way sign,grp4_763f17c4-20260107_150842.jpg,E:\2. UM-Student\MSC Dissertation\Urban-Vision-Benchmark\Datasets\MTSD\Prepared\MTSD-Unaugmented\MTSD-YOLO\test\images\grp4_763f17c4-20260107_150842.jpg,519.44,1475.34,1356.97,2282.49,0.3164,one way sign,True,True,178.6,mtsd-p4
SAM 3,one way sign,grp4_763f17c4-20260107_150842.jpg,E:\2. UM-Student\MSC Dissertation\Urban-Vision-Benchmark\Datasets\MTSD\Prepared\MTSD-Unaugmented\MTSD-YOLO\test\images\grp4_763f17c4-20260107_150842.jpg,483.23,546.64,1392.6,1479.34,0.5898,one way sign,True,True,178.6,mtsd-p4
SAM 3,one way sign,grp4_7af17460-WhatsApp_Image_2026-01-14_at_11.11.40_2.jpeg,E:\2. UM-Student\MSC Dissertation\Urban-Vision-Benchmark\Datasets\MTSD\Prepared\MTSD-Unaugmented\MTSD-YOLO\test\images\grp4_7af17460-WhatsApp_Image_2026-01-14_at_11.11.40_2.jpeg,598.55,886.67,819.69,1109.97,0.3906,one way sign,True,True,143.1,mtsd-p4
SAM 3,one way sign,grp4_7af17460-WhatsApp_Image_2026-01-14_at_11.11.40_2.jpeg,E:\2. UM-Student\MSC Dissertation\Urban-Vision-Benchmark\Datasets\MTSD\Prepared\MTSD-Unaugmented\MTSD-YOLO\test\images\grp4_7af17460-WhatsApp_Image_2026-01-14_at_11.11.40_2.jpeg,1390.25,1045.14,1413.95,1069.67,0.4766,one way sign,True,True,143.1,mtsd-p4
SAM 3,one way sign,grp4_7af17460-WhatsApp_Image_2026-01-14_at_11.11.40_2.jpeg,E:\2. UM-Student\MSC Dissertation\Urban-Vision-Benchmark\Datasets\MTSD\Prepared\MTSD-Unaugmented\MTSD-YOLO\test\images\grp4_7af17460-WhatsApp_Image_2026-01-14_at_11.11.40_2.jpeg,953.6,1052.99,971.66,1080.92,0.4453,one way sign,True,True,143.1,mtsd-p4
SAM 3,one way sign,grp4_7af17460-WhatsApp_Image_2026-01-14_at_11.11.40_2.jpeg,E:\2. UM-Student\MSC Dissertation\Urban-Vision-Benchmark\Datasets\MTSD\Prepared\MTSD-Unaugmented\MTSD-YOLO\test\images\grp4_7af17460-WhatsApp_Image_2026-01-14_at_11.11.40_2.jpeg,1173.13,952.25,1239.58,1017.95,0.5234,one way sign,True,True,143.1,mtsd-p4
SAM 3,one way sign,grp4_7af17460-WhatsApp_Image_2026-01-14_at_11.11.40_2.jpeg,E:\2. UM-Student\MSC Dissertation\Urban-Vision-Benchmark\Datasets\MTSD\Prepared\MTSD-Unaugmented\MTSD-YOLO\test\images\grp4_7af17460-WhatsApp_Image_2026-01-14_at_11.11.40_2.jpeg,562.99,609.27,860.39,884.23,0.5039,one way sign,True,True,143.1,mtsd-p4
SAM 3,one way sign,grp4_7b6a28a6-WhatsApp_Image_2026-01-14_at_11.10.25_4.jpeg,E:\2. UM-Student\MSC Dissertation\Urban-Vision-Benchmark\Datasets\MTSD\Prepared\MTSD-Unaugmented\MTSD-YOLO\test\images\grp4_7b6a28a6-WhatsApp_Image_2026-01-14_at_11.10.25_4.jpeg,571.11,670.92,882.58,977.3,0.9219,one way sign,True,True,123.2,mtsd-p4
SAM 3,one way sign,grp4_81d58d34-20251222_132612.jpg,E:\2. UM-Student\MSC Dissertation\Urban-Vision-Benchmark\Datasets\MTSD\Prepared\MTSD-Unaugmented\MTSD-YOLO\test\images\grp4_81d58d34-20251222_132612.jpg,690.3,886.62,2017.45,2191.4,0.707,one way sign,True,True,171.3,mtsd-p4
SAM 3,one way sign,grp4_82399059-20251116_165140.jpg,E:\2. UM-Student\MSC Dissertation\Urban-Vision-Benchmark\Datasets\MTSD\Prepared\MTSD-Unaugmented\MTSD-YOLO\test\images\grp4_82399059-20251116_165140.jpg,324.5,2018.12,1977.58,3538.67,0.6445,one way sign,True,True,170.9,mtsd-p4
SAM 3,one way sign,grp4_82399059-20251116_165140.jpg,E:\2. UM-Student\MSC Dissertation\Urban-Vision-Benchmark\Datasets\MTSD\Prepared\MTSD-Unaugmented\MTSD-YOLO\test\images\grp4_82399059-20251116_165140.jpg,584.33,2105.37,1889.46,3484.99,0.5195,one way sign,True,True,170.9,mtsd-p4
SAM 3,one way sign,grp4_83705e8e-WhatsApp_Image_2026-01-14_at_11.10.28_3.jpeg,E:\2. UM-Student\MSC Dissertation\Urban-Vision-Benchmark\Datasets\MTSD\Prepared\MTSD-Unaugmented\MTSD-YOLO\test\images\grp4_83705e8e-WhatsApp_Image_2026-01-14_at_11.10.28_3.jpeg,410.42,1206.02,440.27,1255.78,0.793,one way sign,True,True,137.6,mtsd-p4
SAM 3,one way sign,grp4_86e58e1e-WhatsApp_Image_2026-01-14_at_11.10.21.jpeg,E:\2. UM-Student\MSC Dissertation\Urban-Vision-Benchmark\Datasets\MTSD\Prepared\MTSD-Unaugmented\MTSD-YOLO\test\images\grp4_86e58e1e-WhatsApp_Image_2026-01-14_at_11.10.21.jpeg,643.73,753.42,815.17,1198.47,0.582,one way sign,True,True,121.7,mtsd-p4
SAM 3,one way sign,grp4_87ae19f5-WhatsApp_Image_2026-01-14_at_11.11.37.jpeg,E:\2. UM-Student\MSC Dissertation\Urban-Vision-Benchmark\Datasets\MTSD\Prepared\MTSD-Unaugmented\MTSD-YOLO\test\images\grp4_87ae19f5-WhatsApp_Image_2026-01-14_at_11.11.37.jpeg,584.27,722.14,815.85,946.66,0.8359,one way sign,True,True,125.7,mtsd-p4
SAM 3,one way sign,grp4_8b497905-20260107_150756.jpg,E:\2. UM-Student\MSC Dissertation\Urban-Vision-Benchmark\Datasets\MTSD\Prepared\MTSD-Unaugmented\MTSD-YOLO\test\images\grp4_8b497905-20260107_150756.jpg,173.73,2629.54,272.29,2733.68,0.4043,one way sign,True,True,198.8,mtsd-p4
SAM 3,one way sign,grp4_8b497905-20260107_150756.jpg,E:\2. UM-Student\MSC Dissertation\Urban-Vision-Benchmark\Datasets\MTSD\Prepared\MTSD-Unaugmented\MTSD-YOLO\test\images\grp4_8b497905-20260107_150756.jpg,830.92,1515.96,1368.25,2062.14,0.6953,one way sign,True,True,198.8,mtsd-p4
SAM 3,one way sign,grp4_8b497905-20260107_150756.jpg,E:\2. UM-Student\MSC Dissertation\Urban-Vision-Benchmark\Datasets\MTSD\Prepared\MTSD-Unaugmented\MTSD-YOLO\test\images\grp4_8b497905-20260107_150756.jpg,707.96,801.17,1440.7,1505.31,0.5898,one way sign,True,True,198.8,mtsd-p4
SAM 3,one way sign,grp4_8bd079ee-20260107_105937.jpg,E:\2. UM-Student\MSC Dissertation\Urban-Vision-Benchmark\Datasets\MTSD\Prepared\MTSD-Unaugmented\MTSD-YOLO\test\images\grp4_8bd079ee-20260107_105937.jpg,541.99,1111.96,1064.25,1644.39,0.8906,one way sign,True,True,125.6,mtsd-p4
SAM 3,one way sign,grp4_8bd079ee-20260107_105937.jpg,E:\2. UM-Student\MSC Dissertation\Urban-Vision-Benchmark\Datasets\MTSD\Prepared\MTSD-Unaugmented\MTSD-YOLO\test\images\grp4_8bd079ee-20260107_105937.jpg,601.78,1238.21,986.34,1573.88,0.3984,one way sign,True,True,125.6,mtsd-p4
SAM 3,one way sign,grp4_91f6056a-20251116_163806.jpg,E:\2. UM-Student\MSC Dissertation\Urban-Vision-Benchmark\Datasets\MTSD\Prepared\MTSD-Unaugmented\MTSD-YOLO\test\images\grp4_91f6056a-20251116_163806.jpg,,,,,,<no detections>,False,True,150.3,mtsd-p4
SAM 3,one way sign,grp4_935db33c-20260107_105737.jpg,E:\2. UM-Student\MSC Dissertation\Urban-Vision-Benchmark\Datasets\MTSD\Prepared\MTSD-Unaugmented\MTSD-YOLO\test\images\grp4_935db33c-20260107_105737.jpg,750.82,1826.99,1536.7,2572.59,0.3281,one way sign,True,True,178.7,mtsd-p4
SAM 3,one way sign,grp4_935db33c-20260107_105737.jpg,E:\2. UM-Student\MSC Dissertation\Urban-Vision-Benchmark\Datasets\MTSD\Prepared\MTSD-Unaugmented\MTSD-YOLO\test\images\grp4_935db33c-20260107_105737.jpg,645.08,1062.83,1570.72,1819.32,0.8477,one way sign,True,True,178.7,mtsd-p4
SAM 3,one way sign,grp4_94287dbf-20260113_132935.jpg,E:\2. UM-Student\MSC Dissertation\Urban-Vision-Benchmark\Datasets\MTSD\Prepared\MTSD-Unaugmented\MTSD-YOLO\test\images\grp4_94287dbf-20260113_132935.jpg,942.43,1335.1,1780.15,2821.86,0.8164,one way sign,True,True,178.1,mtsd-p4
SAM 3,one way sign,grp4_9a8f607e-20251222_141532.jpg,E:\2. UM-Student\MSC Dissertation\Urban-Vision-Benchmark\Datasets\MTSD\Prepared\MTSD-Unaugmented\MTSD-YOLO\test\images\grp4_9a8f607e-20251222_141532.jpg,376.94,686.45,2124.69,4000.0,0.4648,one way sign,True,True,176.0,mtsd-p4
SAM 3,one way sign,grp4_9a8f607e-20251222_141532.jpg,E:\2. UM-Student\MSC Dissertation\Urban-Vision-Benchmark\Datasets\MTSD\Prepared\MTSD-Unaugmented\MTSD-YOLO\test\images\grp4_9a8f607e-20251222_141532.jpg,380.36,681.96,2119.36,2305.44,0.6016,one way sign,True,True,176.0,mtsd-p4
SAM 3,one way sign,grp4_9c4db066-WhatsApp_Image_2026-01-14_at_10.34.44_2.jpeg,E:\2. UM-Student\MSC Dissertation\Urban-Vision-Benchmark\Datasets\MTSD\Prepared\MTSD-Unaugmented\MTSD-YOLO\test\images\grp4_9c4db066-WhatsApp_Image_2026-01-14_at_10.34.44_2.jpeg,,,,,,<no detections>,False,True,112.0,mtsd-p4
SAM 3,one way sign,grp4_a3952dcd-20251116_170721.jpg,E:\2. UM-Student\MSC Dissertation\Urban-Vision-Benchmark\Datasets\MTSD\Prepared\MTSD-Unaugmented\MTSD-YOLO\test\images\grp4_a3952dcd-20251116_170721.jpg,486.06,741.0,1190.71,2169.19,0.7812,one way sign,True,True,145.1,mtsd-p4
SAM 3,one way sign,grp4_a59df063-20251116_165440.jpg,E:\2. UM-Student\MSC Dissertation\Urban-Vision-Benchmark\Datasets\MTSD\Prepared\MTSD-Unaugmented\MTSD-YOLO\test\images\grp4_a59df063-20251116_165440.jpg,224.63,880.99,1320.21,2241.87,0.6055,one way sign,True,True,149.7,mtsd-p4
SAM 3,one way sign,grp4_abe76f20-20260109_124535.jpg,E:\2. UM-Student\MSC Dissertation\Urban-Vision-Benchmark\Datasets\MTSD\Prepared\MTSD-Unaugmented\MTSD-YOLO\test\images\grp4_abe76f20-20260109_124535.jpg,1204.16,763.96,1778.6,2293.66,0.3613,one way sign,True,True,176.9,mtsd-p4
SAM 3,one way sign,grp4_abe76f20-20260109_124535.jpg,E:\2. UM-Student\MSC Dissertation\Urban-Vision-Benchmark\Datasets\MTSD\Prepared\MTSD-Unaugmented\MTSD-YOLO\test\images\grp4_abe76f20-20260109_124535.jpg,750.79,287.02,2095.82,2611.88,0.9023,one way sign,True,True,176.9,mtsd-p4
SAM 3,one way sign,grp4_b3745e21-20251222_142059.jpg,E:\2. UM-Student\MSC Dissertation\Urban-Vision-Benchmark\Datasets\MTSD\Prepared\MTSD-Unaugmented\MTSD-YOLO\test\images\grp4_b3745e21-20251222_142059.jpg,808.05,575.62,1730.28,2232.98,0.6367,one way sign,True,True,167.9,mtsd-p4
SAM 3,one way sign,grp4_b3d0eaa4-20251116_163427.jpg,E:\2. UM-Student\MSC Dissertation\Urban-Vision-Benchmark\Datasets\MTSD\Prepared\MTSD-Unaugmented\MTSD-YOLO\test\images\grp4_b3d0eaa4-20251116_163427.jpg,30.77,466.86,918.4,2500.61,0.5781,one way sign,True,True,159.5,mtsd-p4
SAM 3,one way sign,grp4_bdef9845-20260109_130552.jpg,E:\2. UM-Student\MSC Dissertation\Urban-Vision-Benchmark\Datasets\MTSD\Prepared\MTSD-Unaugmented\MTSD-YOLO\test\images\grp4_bdef9845-20260109_130552.jpg,,,,,,<no detections>,False,True,146.6,mtsd-p4
SAM 3,one way sign,grp4_c3a633b2-20251116_162903.jpg,E:\2. UM-Student\MSC Dissertation\Urban-Vision-Benchmark\Datasets\MTSD\Prepared\MTSD-Unaugmented\MTSD-YOLO\test\images\grp4_c3a633b2-20251116_162903.jpg,,,,,,<no detections>,False,True,133.9,mtsd-p4
SAM 3,one way sign,grp4_c909a40a-20251222_142239.jpg,E:\2. UM-Student\MSC Dissertation\Urban-Vision-Benchmark\Datasets\MTSD\Prepared\MTSD-Unaugmented\MTSD-YOLO\test\images\grp4_c909a40a-20251222_142239.jpg,727.63,823.18,1854.34,1760.52,0.3398,one way sign,True,True,168.5,mtsd-p4
SAM 3,one way sign,grp4_c909a40a-20251222_142239.jpg,E:\2. UM-Student\MSC Dissertation\Urban-Vision-Benchmark\Datasets\MTSD\Prepared\MTSD-Unaugmented\MTSD-YOLO\test\images\grp4_c909a40a-20251222_142239.jpg,529.65,563.46,2031.47,2013.22,0.9102,one way sign,True,True,168.5,mtsd-p4
SAM 3,one way sign,grp4_cbb400e9-WhatsApp_Image_2026-01-14_at_11.10.25.jpeg,E:\2. UM-Student\MSC Dissertation\Urban-Vision-Benchmark\Datasets\MTSD\Prepared\MTSD-Unaugmented\MTSD-YOLO\test\images\grp4_cbb400e9-WhatsApp_Image_2026-01-14_at_11.10.25.jpeg,,,,,,<no detections>,False,True,117.2,mtsd-p4
SAM 3,one way sign,grp4_cdcb1057-WhatsApp_Image_2026-01-14_at_11.11.40_1.jpeg,E:\2. UM-Student\MSC Dissertation\Urban-Vision-Benchmark\Datasets\MTSD\Prepared\MTSD-Unaugmented\MTSD-YOLO\test\images\grp4_cdcb1057-WhatsApp_Image_2026-01-14_at_11.11.40_1.jpeg,349.67,841.08,399.04,884.21,0.5703,one way sign,True,True,133.6,mtsd-p4
SAM 3,one way sign,grp4_cdcb1057-WhatsApp_Image_2026-01-14_at_11.11.40_1.jpeg,E:\2. UM-Student\MSC Dissertation\Urban-Vision-Benchmark\Datasets\MTSD\Prepared\MTSD-Unaugmented\MTSD-YOLO\test\images\grp4_cdcb1057-WhatsApp_Image_2026-01-14_at_11.11.40_1.jpeg,1319.84,695.45,1371.49,747.33,0.3262,one way sign,True,True,133.6,mtsd-p4
SAM 3,one way sign,grp4_d1c1ed24-20260113_130204.jpg,E:\2. UM-Student\MSC Dissertation\Urban-Vision-Benchmark\Datasets\MTSD\Prepared\MTSD-Unaugmented\MTSD-YOLO\test\images\grp4_d1c1ed24-20260113_130204.jpg,1055.95,1572.9,1834.64,2331.38,0.8945,one way sign,True,True,167.4,mtsd-p4
SAM 3,one way sign,grp4_d2b85a88-20251116_163522.jpg,E:\2. UM-Student\MSC Dissertation\Urban-Vision-Benchmark\Datasets\MTSD\Prepared\MTSD-Unaugmented\MTSD-YOLO\test\images\grp4_d2b85a88-20251116_163522.jpg,418.27,956.5,567.02,1166.71,0.6328,one way sign,True,True,143.6,mtsd-p4
SAM 3,one way sign,grp4_d3d2c193-20260109_124357.jpg,E:\2. UM-Student\MSC Dissertation\Urban-Vision-Benchmark\Datasets\MTSD\Prepared\MTSD-Unaugmented\MTSD-YOLO\test\images\grp4_d3d2c193-20260109_124357.jpg,,,,,,<no detections>,False,True,132.3,mtsd-p4
SAM 3,one way sign,grp4_d4ed28aa-20251222_141346.jpg,E:\2. UM-Student\MSC Dissertation\Urban-Vision-Benchmark\Datasets\MTSD\Prepared\MTSD-Unaugmented\MTSD-YOLO\test\images\grp4_d4ed28aa-20251222_141346.jpg,,,,,,<no detections>,False,True,145.4,mtsd-p4
SAM 3,one way sign,grp4_d5aaacb6-20251116_165125.jpg,E:\2. UM-Student\MSC Dissertation\Urban-Vision-Benchmark\Datasets\MTSD\Prepared\MTSD-Unaugmented\MTSD-YOLO\test\images\grp4_d5aaacb6-20251116_165125.jpg,,,,,,<no detections>,False,True,145.2,mtsd-p4
SAM 3,one way sign,grp4_d78448ea-20251117_105829.jpg,E:\2. UM-Student\MSC Dissertation\Urban-Vision-Benchmark\Datasets\MTSD\Prepared\MTSD-Unaugmented\MTSD-YOLO\test\images\grp4_d78448ea-20251117_105829.jpg,12.94,3246.22,226.82,3458.71,0.3027,one way sign,True,True,153.0,mtsd-p4
SAM 3,one way sign,grp4_d8a007d5-20260109_123932.jpg,E:\2. UM-Student\MSC Dissertation\Urban-Vision-Benchmark\Datasets\MTSD\Prepared\MTSD-Unaugmented\MTSD-YOLO\test\images\grp4_d8a007d5-20260109_123932.jpg,908.44,573.19,1361.75,1960.73,0.3281,one way sign,True,True,178.8,mtsd-p4
SAM 3,one way sign,grp4_d8a007d5-20260109_123932.jpg,E:\2. UM-Student\MSC Dissertation\Urban-Vision-Benchmark\Datasets\MTSD\Prepared\MTSD-Unaugmented\MTSD-YOLO\test\images\grp4_d8a007d5-20260109_123932.jpg,712.8,134.21,1704.11,2298.01,0.8867,one way sign,True,True,178.8,mtsd-p4
SAM 3,one way sign,grp4_db6dffba-WhatsApp_Image_2026-01-14_at_11.12.35_1.jpeg,E:\2. UM-Student\MSC Dissertation\Urban-Vision-Benchmark\Datasets\MTSD\Prepared\MTSD-Unaugmented\MTSD-YOLO\test\images\grp4_db6dffba-WhatsApp_Image_2026-01-14_at_11.12.35_1.jpeg,528.08,1175.65,605.61,1215.62,0.3281,one way sign,True,True,121.7,mtsd-p4
SAM 3,one way sign,grp4_db6dffba-WhatsApp_Image_2026-01-14_at_11.12.35_1.jpeg,E:\2. UM-Student\MSC Dissertation\Urban-Vision-Benchmark\Datasets\MTSD\Prepared\MTSD-Unaugmented\MTSD-YOLO\test\images\grp4_db6dffba-WhatsApp_Image_2026-01-14_at_11.12.35_1.jpeg,480.98,937.61,633.98,1231.01,0.5391,one way sign,True,True,121.7,mtsd-p4
SAM 3,one way sign,grp4_dd2a03a9-20251222_132847.jpg,E:\2. UM-Student\MSC Dissertation\Urban-Vision-Benchmark\Datasets\MTSD\Prepared\MTSD-Unaugmented\MTSD-YOLO\test\images\grp4_dd2a03a9-20251222_132847.jpg,,,,,,<no detections>,False,True,146.0,mtsd-p4
SAM 3,one way sign,grp4_ddd42f22-20251116_162542.jpg,E:\2. UM-Student\MSC Dissertation\Urban-Vision-Benchmark\Datasets\MTSD\Prepared\MTSD-Unaugmented\MTSD-YOLO\test\images\grp4_ddd42f22-20251116_162542.jpg,922.18,1806.44,1392.68,2292.8,0.6836,one way sign,True,True,164.0,mtsd-p4
SAM 3,one way sign,grp4_dddb030d-20251230_104127.jpg,E:\2. UM-Student\MSC Dissertation\Urban-Vision-Benchmark\Datasets\MTSD\Prepared\MTSD-Unaugmented\MTSD-YOLO\test\images\grp4_dddb030d-20251230_104127.jpg,2745.26,2330.64,2817.39,2402.78,0.8242,one way sign,True,True,203.6,mtsd-p4
SAM 3,one way sign,grp4_df0bccf2-WhatsApp_Image_2026-01-14_at_11.12.00.jpeg,E:\2. UM-Student\MSC Dissertation\Urban-Vision-Benchmark\Datasets\MTSD\Prepared\MTSD-Unaugmented\MTSD-YOLO\test\images\grp4_df0bccf2-WhatsApp_Image_2026-01-14_at_11.12.00.jpeg,,,,,,<no detections>,False,True,121.0,mtsd-p4
SAM 3,one way sign,grp4_dfec1b25-20260107_105532.jpg,E:\2. UM-Student\MSC Dissertation\Urban-Vision-Benchmark\Datasets\MTSD\Prepared\MTSD-Unaugmented\MTSD-YOLO\test\images\grp4_dfec1b25-20260107_105532.jpg,,,,,,<no detections>,False,True,119.5,mtsd-p4
SAM 3,one way sign,grp4_e3a6bacf-20251222_140739.jpg,E:\2. UM-Student\MSC Dissertation\Urban-Vision-Benchmark\Datasets\MTSD\Prepared\MTSD-Unaugmented\MTSD-YOLO\test\images\grp4_e3a6bacf-20251222_140739.jpg,859.24,789.61,1742.66,2099.0,0.3594,one way sign,True,True,167.8,mtsd-p4
SAM 3,one way sign,grp4_e47a8d80-20251116_163051.jpg,E:\2. UM-Student\MSC Dissertation\Urban-Vision-Benchmark\Datasets\MTSD\Prepared\MTSD-Unaugmented\MTSD-YOLO\test\images\grp4_e47a8d80-20251116_163051.jpg,,,,,,<no detections>,False,True,136.8,mtsd-p4
SAM 3,one way sign,grp4_e63ad5ed-WhatsApp_Image_2026-01-14_at_11.10.19_1.jpeg,E:\2. UM-Student\MSC Dissertation\Urban-Vision-Benchmark\Datasets\MTSD\Prepared\MTSD-Unaugmented\MTSD-YOLO\test\images\grp4_e63ad5ed-WhatsApp_Image_2026-01-14_at_11.10.19_1.jpeg,535.68,759.01,902.9,1119.86,0.8984,one way sign,True,True,122.8,mtsd-p4
SAM 3,one way sign,grp4_f171227c-20251222_132239.jpg,E:\2. UM-Student\MSC Dissertation\Urban-Vision-Benchmark\Datasets\MTSD\Prepared\MTSD-Unaugmented\MTSD-YOLO\test\images\grp4_f171227c-20251222_132239.jpg,0.0,0.0,1438.59,1183.42,0.8711,one way sign,True,True,182.9,mtsd-p4
SAM 3,one way sign,grp4_f1d0d896-WhatsApp_Image_2026-01-14_at_11.12.20.jpeg,E:\2. UM-Student\MSC Dissertation\Urban-Vision-Benchmark\Datasets\MTSD\Prepared\MTSD-Unaugmented\MTSD-YOLO\test\images\grp4_f1d0d896-WhatsApp_Image_2026-01-14_at_11.12.20.jpeg,543.73,836.0,828.2,1224.18,0.8789,one way sign,True,True,124.3,mtsd-p4
SAM 3,one way sign,grp4_fa665131-WhatsApp_Image_2026-01-14_at_11.12.04.jpeg,E:\2. UM-Student\MSC Dissertation\Urban-Vision-Benchmark\Datasets\MTSD\Prepared\MTSD-Unaugmented\MTSD-YOLO\test\images\grp4_fa665131-WhatsApp_Image_2026-01-14_at_11.12.04.jpeg,571.26,557.63,787.39,1132.37,0.9219,one way sign,True,True,122.1,mtsd-p4
SAM 3,one way sign,grp4_fe8b41fc-WhatsApp_Image_2026-01-14_at_11.10.21_3.jpeg,E:\2. UM-Student\MSC Dissertation\Urban-Vision-Benchmark\Datasets\MTSD\Prepared\MTSD-Unaugmented\MTSD-YOLO\test\images\grp4_fe8b41fc-WhatsApp_Image_2026-01-14_at_11.10.21_3.jpeg,,,,,,<no detections>,False,True,116.8,mtsd-p4
SAM 3,one way sign,grp4_ffdc6f75-WhatsApp_Image_2026-01-14_at_11.10.20.jpeg,E:\2. UM-Student\MSC Dissertation\Urban-Vision-Benchmark\Datasets\MTSD\Prepared\MTSD-Unaugmented\MTSD-YOLO\test\images\grp4_ffdc6f75-WhatsApp_Image_2026-01-14_at_11.10.20.jpeg,716.99,1154.27,882.13,1386.74,0.8477,one way sign,True,True,121.8,mtsd-p4
SAM 3,one way sign,grp5_05facbdc-BenTaliana_23_Front.jpeg,E:\2. UM-Student\MSC Dissertation\Urban-Vision-Benchmark\Datasets\MTSD\Prepared\MTSD-Unaugmented\MTSD-YOLO\test\images\grp5_05facbdc-BenTaliana_23_Front.jpeg,,,,,,<no detections>,False,True,267.1,mtsd-p4
SAM 3,one way sign,grp5_0f660dba-MichaelFarrugia_49_Back.jpg,E:\2. UM-Student\MSC Dissertation\Urban-Vision-Benchmark\Datasets\MTSD\Prepared\MTSD-Unaugmented\MTSD-YOLO\test\images\grp5_0f660dba-MichaelFarrugia_49_Back.jpg,,,,,,<no detections>,False,True,150.5,mtsd-p4
SAM 3,one way sign,grp5_13ab0dbb-BenTaliana_59_Front.jpeg,E:\2. UM-Student\MSC Dissertation\Urban-Vision-Benchmark\Datasets\MTSD\Prepared\MTSD-Unaugmented\MTSD-YOLO\test\images\grp5_13ab0dbb-BenTaliana_59_Front.jpeg,1674.83,1887.34,2914.84,3294.15,0.3027,one way sign,True,True,333.1,mtsd-p4
SAM 3,one way sign,grp5_13ab0dbb-BenTaliana_59_Front.jpeg,E:\2. UM-Student\MSC Dissertation\Urban-Vision-Benchmark\Datasets\MTSD\Prepared\MTSD-Unaugmented\MTSD-YOLO\test\images\grp5_13ab0dbb-BenTaliana_59_Front.jpeg,1153.82,1599.09,3521.58,3780.13,0.8594,one way sign,True,True,333.1,mtsd-p4
SAM 3,one way sign,grp5_1a462468-MichaelFarrugia_24_Back.jpg,E:\2. UM-Student\MSC Dissertation\Urban-Vision-Benchmark\Datasets\MTSD\Prepared\MTSD-Unaugmented\MTSD-YOLO\test\images\grp5_1a462468-MichaelFarrugia_24_Back.jpg,,,,,,<no detections>,False,True,150.4,mtsd-p4
SAM 3,one way sign,grp5_1f171b80-MelatAssefa_5_Front.jpg,E:\2. UM-Student\MSC Dissertation\Urban-Vision-Benchmark\Datasets\MTSD\Prepared\MTSD-Unaugmented\MTSD-YOLO\test\images\grp5_1f171b80-MelatAssefa_5_Front.jpg,1578.2,529.97,2378.94,1264.01,0.8281,one way sign,True,True,165.9,mtsd-p4
SAM 3,one way sign,grp5_2141c95b-MelatAssefa_28_Side.jpg,E:\2. UM-Student\MSC Dissertation\Urban-Vision-Benchmark\Datasets\MTSD\Prepared\MTSD-Unaugmented\MTSD-YOLO\test\images\grp5_2141c95b-MelatAssefa_28_Side.jpg,,,,,,<no detections>,False,True,155.4,mtsd-p4
SAM 3,one way sign,grp5_27622289-BenTaliana_10_Front.jpeg,E:\2. UM-Student\MSC Dissertation\Urban-Vision-Benchmark\Datasets\MTSD\Prepared\MTSD-Unaugmented\MTSD-YOLO\test\images\grp5_27622289-BenTaliana_10_Front.jpeg,,,,,,<no detections>,False,True,282.9,mtsd-p4
SAM 3,one way sign,grp5_28809400-MelatAssefa_23_Front.jpg,E:\2. UM-Student\MSC Dissertation\Urban-Vision-Benchmark\Datasets\MTSD\Prepared\MTSD-Unaugmented\MTSD-YOLO\test\images\grp5_28809400-MelatAssefa_23_Front.jpg,1052.49,536.81,1835.5,1345.93,0.6562,one way sign,True,True,186.7,mtsd-p4
SAM 3,one way sign,grp5_29252be9-MichaelFarrugia_29_Front.jpg,E:\2. UM-Student\MSC Dissertation\Urban-Vision-Benchmark\Datasets\MTSD\Prepared\MTSD-Unaugmented\MTSD-YOLO\test\images\grp5_29252be9-MichaelFarrugia_29_Front.jpg,1064.47,2732.49,1182.91,2856.22,0.6602,one way sign,True,True,193.6,mtsd-p4
SAM 3,one way sign,grp5_29252be9-MichaelFarrugia_29_Front.jpg,E:\2. UM-Student\MSC Dissertation\Urban-Vision-Benchmark\Datasets\MTSD\Prepared\MTSD-Unaugmented\MTSD-YOLO\test\images\grp5_29252be9-MichaelFarrugia_29_Front.jpg,1271.0,1247.04,2019.83,1941.23,0.8516,one way sign,True,True,193.6,mtsd-p4
SAM 3,one way sign,grp5_2da1aa64-AlisonAttard_27_Front.jpeg,E:\2. UM-Student\MSC Dissertation\Urban-Vision-Benchmark\Datasets\MTSD\Prepared\MTSD-Unaugmented\MTSD-YOLO\test\images\grp5_2da1aa64-AlisonAttard_27_Front.jpeg,1967.82,1311.04,2471.97,1804.87,0.9375,one way sign,True,True,162.9,mtsd-p4
SAM 3,one way sign,grp5_30980873-BenTaliana_12_Front.jpeg,E:\2. UM-Student\MSC Dissertation\Urban-Vision-Benchmark\Datasets\MTSD\Prepared\MTSD-Unaugmented\MTSD-YOLO\test\images\grp5_30980873-BenTaliana_12_Front.jpeg,,,,,,<no detections>,False,True,293.8,mtsd-p4
SAM 3,one way sign,grp5_32b2eadc-AlisonAttard_7_Side.jpeg,E:\2. UM-Student\MSC Dissertation\Urban-Vision-Benchmark\Datasets\MTSD\Prepared\MTSD-Unaugmented\MTSD-YOLO\test\images\grp5_32b2eadc-AlisonAttard_7_Side.jpeg,,,,,,<no detections>,False,True,160.3,mtsd-p4
SAM 3,one way sign,grp5_3cd9a2bc-MelatAssefa_45_Side.jpg,E:\2. UM-Student\MSC Dissertation\Urban-Vision-Benchmark\Datasets\MTSD\Prepared\MTSD-Unaugmented\MTSD-YOLO\test\images\grp5_3cd9a2bc-MelatAssefa_45_Side.jpg,912.59,813.04,2066.17,2917.19,0.5078,one way sign,True,True,152.1,mtsd-p4
SAM 3,one way sign,grp5_3d564b26-AlisonAttard_15_Back.jpeg,E:\2. UM-Student\MSC Dissertation\Urban-Vision-Benchmark\Datasets\MTSD\Prepared\MTSD-Unaugmented\MTSD-YOLO\test\images\grp5_3d564b26-AlisonAttard_15_Back.jpeg,1512.1,924.07,2684.75,1961.75,0.3691,one way sign,True,True,197.7,mtsd-p4
SAM 3,one way sign,grp5_3d564b26-AlisonAttard_15_Back.jpeg,E:\2. UM-Student\MSC Dissertation\Urban-Vision-Benchmark\Datasets\MTSD\Prepared\MTSD-Unaugmented\MTSD-YOLO\test\images\grp5_3d564b26-AlisonAttard_15_Back.jpeg,2771.15,1123.53,4032.0,1646.96,0.4141,one way sign,True,True,197.7,mtsd-p4
SAM 3,one way sign,grp5_3db24e6b-AlisonAttard_31_Side.jpeg,E:\2. UM-Student\MSC Dissertation\Urban-Vision-Benchmark\Datasets\MTSD\Prepared\MTSD-Unaugmented\MTSD-YOLO\test\images\grp5_3db24e6b-AlisonAttard_31_Side.jpeg,1370.71,1069.28,2156.15,1389.54,0.8398,one way sign,True,True,171.8,mtsd-p4
SAM 3,one way sign,grp5_44ccc0f3-MichaelFarrugia_54_Front.jpg,E:\2. UM-Student\MSC Dissertation\Urban-Vision-Benchmark\Datasets\MTSD\Prepared\MTSD-Unaugmented\MTSD-YOLO\test\images\grp5_44ccc0f3-MichaelFarrugia_54_Front.jpg,1229.69,1607.65,1931.99,2293.71,0.8906,one way sign,True,True,171.3,mtsd-p4
SAM 3,one way sign,grp5_48cba720-BenTaliana_30_Front.jpeg,E:\2. UM-Student\MSC Dissertation\Urban-Vision-Benchmark\Datasets\MTSD\Prepared\MTSD-Unaugmented\MTSD-YOLO\test\images\grp5_48cba720-BenTaliana_30_Front.jpeg,,,,,,<no detections>,False,True,346.3,mtsd-p4
SAM 3,one way sign,grp5_50e6a3c4-MichaelFarrugia_55_Front.jpg,E:\2. UM-Student\MSC Dissertation\Urban-Vision-Benchmark\Datasets\MTSD\Prepared\MTSD-Unaugmented\MTSD-YOLO\test\images\grp5_50e6a3c4-MichaelFarrugia_55_Front.jpg,1384.3,1415.56,2034.75,2049.18,0.8828,one way sign,True,True,214.0,mtsd-p4
SAM 3,one way sign,grp5_559514d7-AlisonAttard_13_Side.jpeg,E:\2. UM-Student\MSC Dissertation\Urban-Vision-Benchmark\Datasets\MTSD\Prepared\MTSD-Unaugmented\MTSD-YOLO\test\images\grp5_559514d7-AlisonAttard_13_Side.jpeg,,,,,,<no detections>,False,True,147.6,mtsd-p4
SAM 3,one way sign,grp5_57e0ac5f-AlisonAttard_27_Back.jpeg,E:\2. UM-Student\MSC Dissertation\Urban-Vision-Benchmark\Datasets\MTSD\Prepared\MTSD-Unaugmented\MTSD-YOLO\test\images\grp5_57e0ac5f-AlisonAttard_27_Back.jpeg,,,,,,<no detections>,False,True,148.9,mtsd-p4
SAM 3,one way sign,grp5_6325b5ff-MelatAssefa_21_Front.jpg,E:\2. UM-Student\MSC Dissertation\Urban-Vision-Benchmark\Datasets\MTSD\Prepared\MTSD-Unaugmented\MTSD-YOLO\test\images\grp5_6325b5ff-MelatAssefa_21_Front.jpg,1320.48,751.84,1923.9,1372.72,0.5078,one way sign,True,True,174.2,mtsd-p4
SAM 3,one way sign,grp5_6bb6fe17-BenTaliana_15_Back.jpeg,E:\2. UM-Student\MSC Dissertation\Urban-Vision-Benchmark\Datasets\MTSD\Prepared\MTSD-Unaugmented\MTSD-YOLO\test\images\grp5_6bb6fe17-BenTaliana_15_Back.jpeg,,,,,,<no detections>,False,True,253.0,mtsd-p4
SAM 3,one way sign,grp5_6cdcc943-AlisonAttard_14_Back.jpeg,E:\2. UM-Student\MSC Dissertation\Urban-Vision-Benchmark\Datasets\MTSD\Prepared\MTSD-Unaugmented\MTSD-YOLO\test\images\grp5_6cdcc943-AlisonAttard_14_Back.jpeg,,,,,,<no detections>,False,True,147.4,mtsd-p4
SAM 3,one way sign,grp5_704b34ba-BenTaliana_38_Side.jpeg,E:\2. UM-Student\MSC Dissertation\Urban-Vision-Benchmark\Datasets\MTSD\Prepared\MTSD-Unaugmented\MTSD-YOLO\test\images\grp5_704b34ba-BenTaliana_38_Side.jpeg,637.88,1322.97,1282.63,2597.07,0.9102,one way sign,True,True,161.2,mtsd-p4
SAM 3,one way sign,grp5_704b34ba-BenTaliana_38_Side.jpeg,E:\2. UM-Student\MSC Dissertation\Urban-Vision-Benchmark\Datasets\MTSD\Prepared\MTSD-Unaugmented\MTSD-YOLO\test\images\grp5_704b34ba-BenTaliana_38_Side.jpeg,709.04,1734.94,1148.59,2401.53,0.3555,one way sign,True,True,161.2,mtsd-p4
SAM 3,one way sign,grp5_770e5bfc-BenTaliana_60_Side.jpeg,E:\2. UM-Student\MSC Dissertation\Urban-Vision-Benchmark\Datasets\MTSD\Prepared\MTSD-Unaugmented\MTSD-YOLO\test\images\grp5_770e5bfc-BenTaliana_60_Side.jpeg,1077.54,1608.73,1555.59,2923.15,0.3809,one way sign,True,True,167.9,mtsd-p4
SAM 3,one way sign,grp5_7ae28afa-MelatAssefa_15_Front.jpg,E:\2. UM-Student\MSC Dissertation\Urban-Vision-Benchmark\Datasets\MTSD\Prepared\MTSD-Unaugmented\MTSD-YOLO\test\images\grp5_7ae28afa-MelatAssefa_15_Front.jpg,1192.28,618.26,2010.35,1260.82,0.4648,one way sign,True,True,170.1,mtsd-p4
SAM 3,one way sign,grp5_82a1216f-AlisonAttard_27_Side.jpeg,E:\2. UM-Student\MSC Dissertation\Urban-Vision-Benchmark\Datasets\MTSD\Prepared\MTSD-Unaugmented\MTSD-YOLO\test\images\grp5_82a1216f-AlisonAttard_27_Side.jpeg,2054.31,1491.39,3091.1,1709.81,0.6094,one way sign,True,True,158.1,mtsd-p4
SAM 3,one way sign,grp5_85f27713-MelatAssefa_35_Side.jpg,E:\2. UM-Student\MSC Dissertation\Urban-Vision-Benchmark\Datasets\MTSD\Prepared\MTSD-Unaugmented\MTSD-YOLO\test\images\grp5_85f27713-MelatAssefa_35_Side.jpg,1411.21,1794.01,2043.97,3209.68,0.7891,one way sign,True,True,301.0,mtsd-p4
SAM 3,one way sign,grp5_8e2aa9fc-AlisonAttard_30_Back.jpeg,E:\2. UM-Student\MSC Dissertation\Urban-Vision-Benchmark\Datasets\MTSD\Prepared\MTSD-Unaugmented\MTSD-YOLO\test\images\grp5_8e2aa9fc-AlisonAttard_30_Back.jpeg,,,,,,<no detections>,False,True,148.6,mtsd-p4
SAM 3,one way sign,grp5_9c857801-BenTaliana_43_Side.jpeg,E:\2. UM-Student\MSC Dissertation\Urban-Vision-Benchmark\Datasets\MTSD\Prepared\MTSD-Unaugmented\MTSD-YOLO\test\images\grp5_9c857801-BenTaliana_43_Side.jpeg,2071.51,3306.29,2582.61,4941.64,0.5586,one way sign,True,True,673.6,mtsd-p4
SAM 3,one way sign,grp5_9c857801-BenTaliana_43_Side.jpeg,E:\2. UM-Student\MSC Dissertation\Urban-Vision-Benchmark\Datasets\MTSD\Prepared\MTSD-Unaugmented\MTSD-YOLO\test\images\grp5_9c857801-BenTaliana_43_Side.jpeg,4285.49,6382.67,4460.43,6714.02,0.5469,one way sign,True,True,673.6,mtsd-p4
SAM 3,one way sign,grp5_9c857801-BenTaliana_43_Side.jpeg,E:\2. UM-Student\MSC Dissertation\Urban-Vision-Benchmark\Datasets\MTSD\Prepared\MTSD-Unaugmented\MTSD-YOLO\test\images\grp5_9c857801-BenTaliana_43_Side.jpeg,1703.32,2298.71,2621.11,5363.17,0.7773,one way sign,True,True,673.6,mtsd-p4
SAM 3,one way sign,grp5_9f2af180-AlisonAttard_30_Side.jpeg,E:\2. UM-Student\MSC Dissertation\Urban-Vision-Benchmark\Datasets\MTSD\Prepared\MTSD-Unaugmented\MTSD-YOLO\test\images\grp5_9f2af180-AlisonAttard_30_Side.jpeg,,,,,,<no detections>,False,True,149.2,mtsd-p4
SAM 3,one way sign,grp5_9fd3af21-MichaelFarrugia_11_Back.jpg,E:\2. UM-Student\MSC Dissertation\Urban-Vision-Benchmark\Datasets\MTSD\Prepared\MTSD-Unaugmented\MTSD-YOLO\test\images\grp5_9fd3af21-MichaelFarrugia_11_Back.jpg,,,,,,<no detections>,False,True,148.7,mtsd-p4
SAM 3,one way sign,grp5_a1a873a2-MichaelFarrugia_21_Side.jpg,E:\2. UM-Student\MSC Dissertation\Urban-Vision-Benchmark\Datasets\MTSD\Prepared\MTSD-Unaugmented\MTSD-YOLO\test\images\grp5_a1a873a2-MichaelFarrugia_21_Side.jpg,1196.73,974.73,1760.77,1736.39,0.3711,one way sign,True,True,157.9,mtsd-p4
SAM 3,one way sign,grp5_a1ced4bc-BenTaliana_22_Front.jpeg,E:\2. UM-Student\MSC Dissertation\Urban-Vision-Benchmark\Datasets\MTSD\Prepared\MTSD-Unaugmented\MTSD-YOLO\test\images\grp5_a1ced4bc-BenTaliana_22_Front.jpeg,0.0,692.42,154.86,2290.42,0.3105,one way sign,True,True,209.1,mtsd-p4
SAM 3,one way sign,grp5_a5ec0025-BenTaliana_11_Front.jpeg,E:\2. UM-Student\MSC Dissertation\Urban-Vision-Benchmark\Datasets\MTSD\Prepared\MTSD-Unaugmented\MTSD-YOLO\test\images\grp5_a5ec0025-BenTaliana_11_Front.jpeg,309.76,1808.18,3594.55,4370.95,0.5273,one way sign,True,True,552.9,mtsd-p4
SAM 3,one way sign,grp5_a6a28dc5-MichaelFarrugia_34_Side.jpg,E:\2. UM-Student\MSC Dissertation\Urban-Vision-Benchmark\Datasets\MTSD\Prepared\MTSD-Unaugmented\MTSD-YOLO\test\images\grp5_a6a28dc5-MichaelFarrugia_34_Side.jpg,1211.67,1048.94,1856.58,2193.57,0.6953,one way sign,True,True,168.6,mtsd-p4
SAM 3,one way sign,grp5_a7e73d18-AlisonAttard_29_Back.jpeg,E:\2. UM-Student\MSC Dissertation\Urban-Vision-Benchmark\Datasets\MTSD\Prepared\MTSD-Unaugmented\MTSD-YOLO\test\images\grp5_a7e73d18-AlisonAttard_29_Back.jpeg,,,,,,<no detections>,False,True,150.2,mtsd-p4
SAM 3,one way sign,grp5_a7f0ea8c-BenTaliana_9_Side.jpeg,E:\2. UM-Student\MSC Dissertation\Urban-Vision-Benchmark\Datasets\MTSD\Prepared\MTSD-Unaugmented\MTSD-YOLO\test\images\grp5_a7f0ea8c-BenTaliana_9_Side.jpeg,819.77,1008.95,1384.08,2001.32,0.8438,one way sign,True,True,152.7,mtsd-p4
SAM 3,one way sign,grp5_a8752ff5-MelatAssefa_56_Side.jpg,E:\2. UM-Student\MSC Dissertation\Urban-Vision-Benchmark\Datasets\MTSD\Prepared\MTSD-Unaugmented\MTSD-YOLO\test\images\grp5_a8752ff5-MelatAssefa_56_Side.jpg,1362.21,586.08,1987.18,1703.87,0.4219,one way sign,True,True,161.5,mtsd-p4
SAM 3,one way sign,grp5_ab2f9697-MichaelFarrugia_48_Side.jpg,E:\2. UM-Student\MSC Dissertation\Urban-Vision-Benchmark\Datasets\MTSD\Prepared\MTSD-Unaugmented\MTSD-YOLO\test\images\grp5_ab2f9697-MichaelFarrugia_48_Side.jpg,1161.21,1944.58,1511.85,2583.71,0.373,one way sign,True,True,168.4,mtsd-p4
SAM 3,one way sign,grp5_ab2f9697-MichaelFarrugia_48_Side.jpg,E:\2. UM-Student\MSC Dissertation\Urban-Vision-Benchmark\Datasets\MTSD\Prepared\MTSD-Unaugmented\MTSD-YOLO\test\images\grp5_ab2f9697-MichaelFarrugia_48_Side.jpg,1168.61,1357.89,1514.94,1988.48,0.3438,one way sign,True,True,168.4,mtsd-p4
SAM 3,one way sign,grp5_afdc6e4d-MelatAssefa_1_Side.jpg,E:\2. UM-Student\MSC Dissertation\Urban-Vision-Benchmark\Datasets\MTSD\Prepared\MTSD-Unaugmented\MTSD-YOLO\test\images\grp5_afdc6e4d-MelatAssefa_1_Side.jpg,1005.45,305.69,1611.94,1098.77,0.5352,one way sign,True,True,171.1,mtsd-p4
SAM 3,one way sign,grp5_afdc6e4d-MelatAssefa_1_Side.jpg,E:\2. UM-Student\MSC Dissertation\Urban-Vision-Benchmark\Datasets\MTSD\Prepared\MTSD-Unaugmented\MTSD-YOLO\test\images\grp5_afdc6e4d-MelatAssefa_1_Side.jpg,1161.35,304.67,1611.72,1032.43,0.4883,one way sign,True,True,171.1,mtsd-p4
SAM 3,one way sign,grp5_b5c4d0ea-BenTaliana_31_Side.jpeg,E:\2. UM-Student\MSC Dissertation\Urban-Vision-Benchmark\Datasets\MTSD\Prepared\MTSD-Unaugmented\MTSD-YOLO\test\images\grp5_b5c4d0ea-BenTaliana_31_Side.jpeg,1265.03,1643.01,2665.22,4700.07,0.8984,one way sign,True,True,333.2,mtsd-p4
SAM 3,one way sign,grp5_bbdd8a43-BenTaliana_44_Front.jpeg,E:\2. UM-Student\MSC Dissertation\Urban-Vision-Benchmark\Datasets\MTSD\Prepared\MTSD-Unaugmented\MTSD-YOLO\test\images\grp5_bbdd8a43-BenTaliana_44_Front.jpeg,974.2,2317.15,3549.73,4711.12,0.6562,one way sign,True,True,311.1,mtsd-p4
SAM 3,one way sign,grp5_bc59500b-AlisonAttard_47_Side.jpeg,E:\2. UM-Student\MSC Dissertation\Urban-Vision-Benchmark\Datasets\MTSD\Prepared\MTSD-Unaugmented\MTSD-YOLO\test\images\grp5_bc59500b-AlisonAttard_47_Side.jpeg,2640.41,1169.21,3176.86,2265.49,0.8984,one way sign,True,True,164.8,mtsd-p4
SAM 3,one way sign,grp5_c5c3aa2b-BenTaliana_19_Side.jpeg,E:\2. UM-Student\MSC Dissertation\Urban-Vision-Benchmark\Datasets\MTSD\Prepared\MTSD-Unaugmented\MTSD-YOLO\test\images\grp5_c5c3aa2b-BenTaliana_19_Side.jpeg,1010.05,1871.84,1152.52,2048.22,0.3711,one way sign,True,True,150.1,mtsd-p4
SAM 3,one way sign,grp5_c5c3aa2b-BenTaliana_19_Side.jpeg,E:\2. UM-Student\MSC Dissertation\Urban-Vision-Benchmark\Datasets\MTSD\Prepared\MTSD-Unaugmented\MTSD-YOLO\test\images\grp5_c5c3aa2b-BenTaliana_19_Side.jpeg,742.83,1111.23,1544.32,2267.43,0.7539,one way sign,True,True,150.1,mtsd-p4
SAM 3,one way sign,grp5_cc1fcae2-AlisonAttard_9_Back.jpeg,E:\2. UM-Student\MSC Dissertation\Urban-Vision-Benchmark\Datasets\MTSD\Prepared\MTSD-Unaugmented\MTSD-YOLO\test\images\grp5_cc1fcae2-AlisonAttard_9_Back.jpeg,,,,,,<no detections>,False,True,147.8,mtsd-p4
SAM 3,one way sign,grp5_cc77abda-MelatAssefa_34_Side.jpg,E:\2. UM-Student\MSC Dissertation\Urban-Vision-Benchmark\Datasets\MTSD\Prepared\MTSD-Unaugmented\MTSD-YOLO\test\images\grp5_cc77abda-MelatAssefa_34_Side.jpg,1500.44,903.22,2675.46,2557.31,0.75,one way sign,True,True,220.3,mtsd-p4
SAM 3,one way sign,grp5_cdd70210-BenTaliana_10_Side.jpeg,E:\2. UM-Student\MSC Dissertation\Urban-Vision-Benchmark\Datasets\MTSD\Prepared\MTSD-Unaugmented\MTSD-YOLO\test\images\grp5_cdd70210-BenTaliana_10_Side.jpeg,,,,,,<no detections>,False,True,252.8,mtsd-p4
SAM 3,one way sign,grp5_d29347ca-MelatAssefa_51_Side.jpg,E:\2. UM-Student\MSC Dissertation\Urban-Vision-Benchmark\Datasets\MTSD\Prepared\MTSD-Unaugmented\MTSD-YOLO\test\images\grp5_d29347ca-MelatAssefa_51_Side.jpg,1275.46,237.47,1804.45,2051.02,0.5938,one way sign,True,True,175.7,mtsd-p4
SAM 3,one way sign,grp5_dad74922-BenTaliana_41_Front.jpeg,E:\2. UM-Student\MSC Dissertation\Urban-Vision-Benchmark\Datasets\MTSD\Prepared\MTSD-Unaugmented\MTSD-YOLO\test\images\grp5_dad74922-BenTaliana_41_Front.jpeg,707.5,1886.86,3275.91,3939.76,0.5508,one way sign,True,True,285.9,mtsd-p4
SAM 3,one way sign,grp5_dcad2b9b-MichaelFarrugia_64_Side.jpg,E:\2. UM-Student\MSC Dissertation\Urban-Vision-Benchmark\Datasets\MTSD\Prepared\MTSD-Unaugmented\MTSD-YOLO\test\images\grp5_dcad2b9b-MichaelFarrugia_64_Side.jpg,1269.61,1772.6,1661.89,2434.35,0.3379,one way sign,True,True,167.4,mtsd-p4
SAM 3,one way sign,grp5_dcad2b9b-MichaelFarrugia_64_Side.jpg,E:\2. UM-Student\MSC Dissertation\Urban-Vision-Benchmark\Datasets\MTSD\Prepared\MTSD-Unaugmented\MTSD-YOLO\test\images\grp5_dcad2b9b-MichaelFarrugia_64_Side.jpg,1158.77,1417.04,1716.29,2600.05,0.8711,one way sign,True,True,167.4,mtsd-p4
SAM 3,one way sign,grp5_e0bfe536-MelatAssefa_22_Front.jpg,E:\2. UM-Student\MSC Dissertation\Urban-Vision-Benchmark\Datasets\MTSD\Prepared\MTSD-Unaugmented\MTSD-YOLO\test\images\grp5_e0bfe536-MelatAssefa_22_Front.jpg,1074.37,989.53,1860.93,1719.26,0.4961,one way sign,True,True,178.2,mtsd-p4
SAM 3,one way sign,grp5_e2a22cf0-BenTaliana_9_Front.jpeg,E:\2. UM-Student\MSC Dissertation\Urban-Vision-Benchmark\Datasets\MTSD\Prepared\MTSD-Unaugmented\MTSD-YOLO\test\images\grp5_e2a22cf0-BenTaliana_9_Front.jpeg,456.04,1049.3,1772.85,2123.88,0.6719,one way sign,True,True,168.2,mtsd-p4
SAM 3,one way sign,grp5_e2a22cf0-BenTaliana_9_Front.jpeg,E:\2. UM-Student\MSC Dissertation\Urban-Vision-Benchmark\Datasets\MTSD\Prepared\MTSD-Unaugmented\MTSD-YOLO\test\images\grp5_e2a22cf0-BenTaliana_9_Front.jpeg,1375.91,2669.24,1476.44,2742.4,0.4375,one way sign,True,True,168.2,mtsd-p4
SAM 3,one way sign,grp5_e390d90e-MelatAssefa_55_Side.jpg,E:\2. UM-Student\MSC Dissertation\Urban-Vision-Benchmark\Datasets\MTSD\Prepared\MTSD-Unaugmented\MTSD-YOLO\test\images\grp5_e390d90e-MelatAssefa_55_Side.jpg,1600.2,956.38,2206.11,2093.28,0.8438,one way sign,True,True,243.2,mtsd-p4
SAM 3,one way sign,grp5_e3df78e1-MichaelFarrugia_48_Back.jpg,E:\2. UM-Student\MSC Dissertation\Urban-Vision-Benchmark\Datasets\MTSD\Prepared\MTSD-Unaugmented\MTSD-YOLO\test\images\grp5_e3df78e1-MichaelFarrugia_48_Back.jpg,,,,,,<no detections>,False,True,154.1,mtsd-p4
SAM 3,one way sign,grp5_e43a48bc-BenTaliana_53_Side.jpeg,E:\2. UM-Student\MSC Dissertation\Urban-Vision-Benchmark\Datasets\MTSD\Prepared\MTSD-Unaugmented\MTSD-YOLO\test\images\grp5_e43a48bc-BenTaliana_53_Side.jpeg,898.23,1218.62,1345.47,2168.04,0.9102,one way sign,True,True,170.1,mtsd-p4
SAM 3,one way sign,grp5_e64b6a10-AlisonAttard_20_Side.jpeg,E:\2. UM-Student\MSC Dissertation\Urban-Vision-Benchmark\Datasets\MTSD\Prepared\MTSD-Unaugmented\MTSD-YOLO\test\images\grp5_e64b6a10-AlisonAttard_20_Side.jpeg,,,,,,<no detections>,False,True,149.1,mtsd-p4
SAM 3,one way sign,grp5_e7eb8734-MichaelFarrugia_52_Front.jpg,E:\2. UM-Student\MSC Dissertation\Urban-Vision-Benchmark\Datasets\MTSD\Prepared\MTSD-Unaugmented\MTSD-YOLO\test\images\grp5_e7eb8734-MichaelFarrugia_52_Front.jpg,1299.7,1553.39,2082.55,2319.55,0.9062,one way sign,True,True,173.1,mtsd-p4
SAM 3,one way sign,grp5_e897b21c-MelatAssefa_52_Front.jpg,E:\2. UM-Student\MSC Dissertation\Urban-Vision-Benchmark\Datasets\MTSD\Prepared\MTSD-Unaugmented\MTSD-YOLO\test\images\grp5_e897b21c-MelatAssefa_52_Front.jpg,3274.97,5105.86,3518.31,5369.2,0.8047,one way sign,True,True,480.6,mtsd-p4
SAM 3,one way sign,grp5_ec52a808-MichaelFarrugia_58_Side.jpg,E:\2. UM-Student\MSC Dissertation\Urban-Vision-Benchmark\Datasets\MTSD\Prepared\MTSD-Unaugmented\MTSD-YOLO\test\images\grp5_ec52a808-MichaelFarrugia_58_Side.jpg,1241.54,1468.62,1774.31,2436.28,0.9141,one way sign,True,True,218.0,mtsd-p4
SAM 3,one way sign,grp5_f3d53558-BenTaliana_52_Front.jpeg,E:\2. UM-Student\MSC Dissertation\Urban-Vision-Benchmark\Datasets\MTSD\Prepared\MTSD-Unaugmented\MTSD-YOLO\test\images\grp5_f3d53558-BenTaliana_52_Front.jpeg,740.54,3769.45,3499.36,4936.72,0.332,one way sign,True,True,328.0,mtsd-p4
SAM 3,one way sign,grp5_f3d53558-BenTaliana_52_Front.jpeg,E:\2. UM-Student\MSC Dissertation\Urban-Vision-Benchmark\Datasets\MTSD\Prepared\MTSD-Unaugmented\MTSD-YOLO\test\images\grp5_f3d53558-BenTaliana_52_Front.jpeg,734.02,1990.84,3499.28,8064.0,0.3535,one way sign,True,True,328.0,mtsd-p4
SAM 3,one way sign,grp5_f3d53558-BenTaliana_52_Front.jpeg,E:\2. UM-Student\MSC Dissertation\Urban-Vision-Benchmark\Datasets\MTSD\Prepared\MTSD-Unaugmented\MTSD-YOLO\test\images\grp5_f3d53558-BenTaliana_52_Front.jpeg,740.86,1991.79,3503.84,4940.41,0.4629,one way sign,True,True,328.0,mtsd-p4
SAM 3,one way sign,grp5_f3d53558-BenTaliana_52_Front.jpeg,E:\2. UM-Student\MSC Dissertation\Urban-Vision-Benchmark\Datasets\MTSD\Prepared\MTSD-Unaugmented\MTSD-YOLO\test\images\grp5_f3d53558-BenTaliana_52_Front.jpeg,755.96,1989.07,3436.42,4094.62,0.7188,one way sign,True,True,328.0,mtsd-p4
SAM 3,one way sign,grp5_f7db29c0-MichaelFarrugia_35_Front.jpg,E:\2. UM-Student\MSC Dissertation\Urban-Vision-Benchmark\Datasets\MTSD\Prepared\MTSD-Unaugmented\MTSD-YOLO\test\images\grp5_f7db29c0-MichaelFarrugia_35_Front.jpg,1075.42,1668.84,1872.71,2400.21,0.9062,one way sign,True,True,170.9,mtsd-p4
SAM 3,one way sign,grp5_fc84e1fb-BenTaliana_3_Back.jpeg,E:\2. UM-Student\MSC Dissertation\Urban-Vision-Benchmark\Datasets\MTSD\Prepared\MTSD-Unaugmented\MTSD-YOLO\test\images\grp5_fc84e1fb-BenTaliana_3_Back.jpeg,,,,,,<no detections>,False,True,137.0,mtsd-p4
SAM 3,one way sign,grp5_fea9ceb6-MichaelFarrugia_19_Back.jpg,E:\2. UM-Student\MSC Dissertation\Urban-Vision-Benchmark\Datasets\MTSD\Prepared\MTSD-Unaugmented\MTSD-YOLO\test\images\grp5_fea9ceb6-MichaelFarrugia_19_Back.jpg,1875.23,370.3,2422.99,836.88,0.332,one way sign,True,True,166.2,mtsd-p4
SAM 3,one way sign,grp5_ff6aaac1-MichaelFarrugia_43_Front.jpg,E:\2. UM-Student\MSC Dissertation\Urban-Vision-Benchmark\Datasets\MTSD\Prepared\MTSD-Unaugmented\MTSD-YOLO\test\images\grp5_ff6aaac1-MichaelFarrugia_43_Front.jpg,1244.17,1655.19,1956.05,2335.6,0.5586,one way sign,True,True,164.3,mtsd-p4
SAM 3,one way sign,grp6_0126954d-IMG_0235.JPG,E:\2. UM-Student\MSC Dissertation\Urban-Vision-Benchmark\Datasets\MTSD\Prepared\MTSD-Unaugmented\MTSD-YOLO\test\images\grp6_0126954d-IMG_0235.JPG,,,,,,<no detections>,False,True,151.4,mtsd-p4
SAM 3,one way sign,grp6_0d61ecda-IMG_6112.JPG,E:\2. UM-Student\MSC Dissertation\Urban-Vision-Benchmark\Datasets\MTSD\Prepared\MTSD-Unaugmented\MTSD-YOLO\test\images\grp6_0d61ecda-IMG_6112.JPG,836.06,55.96,1987.1,1234.14,0.3613,one way sign,True,True,175.6,mtsd-p4
SAM 3,one way sign,grp6_0dbbcef1-IMG_6167.JPG,E:\2. UM-Student\MSC Dissertation\Urban-Vision-Benchmark\Datasets\MTSD\Prepared\MTSD-Unaugmented\MTSD-YOLO\test\images\grp6_0dbbcef1-IMG_6167.JPG,,,,,,<no detections>,False,True,154.9,mtsd-p4
SAM 3,one way sign,grp6_1fffe58c-IMG_6250.JPG,E:\2. UM-Student\MSC Dissertation\Urban-Vision-Benchmark\Datasets\MTSD\Prepared\MTSD-Unaugmented\MTSD-YOLO\test\images\grp6_1fffe58c-IMG_6250.JPG,1018.11,858.33,2059.44,1798.1,0.4785,one way sign,True,True,170.6,mtsd-p4
SAM 3,one way sign,grp6_205fffc2-Screenshot_2025-12-05_135424.png,E:\2. UM-Student\MSC Dissertation\Urban-Vision-Benchmark\Datasets\MTSD\Prepared\MTSD-Unaugmented\MTSD-YOLO\test\images\grp6_205fffc2-Screenshot_2025-12-05_135424.png,122.79,178.2,157.81,319.04,0.875,one way sign,True,True,107.6,mtsd-p4
SAM 3,one way sign,grp6_255dc793-IMG_0327.JPG,E:\2. UM-Student\MSC Dissertation\Urban-Vision-Benchmark\Datasets\MTSD\Prepared\MTSD-Unaugmented\MTSD-YOLO\test\images\grp6_255dc793-IMG_0327.JPG,904.1,1570.35,3540.64,2065.77,0.8594,one way sign,True,True,169.1,mtsd-p4
SAM 3,one way sign,grp6_255dc793-IMG_0327.JPG,E:\2. UM-Student\MSC Dissertation\Urban-Vision-Benchmark\Datasets\MTSD\Prepared\MTSD-Unaugmented\MTSD-YOLO\test\images\grp6_255dc793-IMG_0327.JPG,1768.73,1699.2,3188.49,1946.42,0.3945,one way sign,True,True,169.1,mtsd-p4
SAM 3,one way sign,grp6_264240ca-IMG_0303.JPG,E:\2. UM-Student\MSC Dissertation\Urban-Vision-Benchmark\Datasets\MTSD\Prepared\MTSD-Unaugmented\MTSD-YOLO\test\images\grp6_264240ca-IMG_0303.JPG,1203.51,737.04,3645.72,2065.93,0.7734,one way sign,True,True,156.8,mtsd-p4
SAM 3,one way sign,grp6_280e9cbc-IMG_0220.JPG,E:\2. UM-Student\MSC Dissertation\Urban-Vision-Benchmark\Datasets\MTSD\Prepared\MTSD-Unaugmented\MTSD-YOLO\test\images\grp6_280e9cbc-IMG_0220.JPG,,,,,,<no detections>,False,True,149.0,mtsd-p4
SAM 3,one way sign,grp6_34078a23-Screenshot_2025-12-05_144602.png,E:\2. UM-Student\MSC Dissertation\Urban-Vision-Benchmark\Datasets\MTSD\Prepared\MTSD-Unaugmented\MTSD-YOLO\test\images\grp6_34078a23-Screenshot_2025-12-05_144602.png,,,,,,<no detections>,False,True,107.8,mtsd-p4
SAM 3,one way sign,grp6_344c75b8-Screenshot_2025-12-05_150942.png,E:\2. UM-Student\MSC Dissertation\Urban-Vision-Benchmark\Datasets\MTSD\Prepared\MTSD-Unaugmented\MTSD-YOLO\test\images\grp6_344c75b8-Screenshot_2025-12-05_150942.png,,,,,,<no detections>,False,True,107.5,mtsd-p4
SAM 3,one way sign,grp6_3721037e-IMG_0363.JPG,E:\2. UM-Student\MSC Dissertation\Urban-Vision-Benchmark\Datasets\MTSD\Prepared\MTSD-Unaugmented\MTSD-YOLO\test\images\grp6_3721037e-IMG_0363.JPG,,,,,,<no detections>,False,True,165.0,mtsd-p4
SAM 3,one way sign,grp6_37c705bd-IMG_6247.JPG,E:\2. UM-Student\MSC Dissertation\Urban-Vision-Benchmark\Datasets\MTSD\Prepared\MTSD-Unaugmented\MTSD-YOLO\test\images\grp6_37c705bd-IMG_6247.JPG,940.28,989.57,1815.4,1674.78,0.7891,one way sign,True,True,176.8,mtsd-p4
SAM 3,one way sign,grp6_386a5fef-IMG_6231.JPG,E:\2. UM-Student\MSC Dissertation\Urban-Vision-Benchmark\Datasets\MTSD\Prepared\MTSD-Unaugmented\MTSD-YOLO\test\images\grp6_386a5fef-IMG_6231.JPG,,,,,,<no detections>,False,True,151.7,mtsd-p4
SAM 3,one way sign,grp6_3ce4063d-IMG_0217.JPG,E:\2. UM-Student\MSC Dissertation\Urban-Vision-Benchmark\Datasets\MTSD\Prepared\MTSD-Unaugmented\MTSD-YOLO\test\images\grp6_3ce4063d-IMG_0217.JPG,1545.37,1398.12,2126.65,1732.74,0.8125,one way sign,True,True,167.1,mtsd-p4
SAM 3,one way sign,grp6_4c7d6d30-IMG_6226.JPG,E:\2. UM-Student\MSC Dissertation\Urban-Vision-Benchmark\Datasets\MTSD\Prepared\MTSD-Unaugmented\MTSD-YOLO\test\images\grp6_4c7d6d30-IMG_6226.JPG,,,,,,<no detections>,False,True,165.2,mtsd-p4
SAM 3,one way sign,grp6_5dd0fd95-IMG_6225.JPG,E:\2. UM-Student\MSC Dissertation\Urban-Vision-Benchmark\Datasets\MTSD\Prepared\MTSD-Unaugmented\MTSD-YOLO\test\images\grp6_5dd0fd95-IMG_6225.JPG,,,,,,<no detections>,False,True,147.6,mtsd-p4
SAM 3,one way sign,grp6_674b294f-Screenshot_2025-12-05_140949.png,E:\2. UM-Student\MSC Dissertation\Urban-Vision-Benchmark\Datasets\MTSD\Prepared\MTSD-Unaugmented\MTSD-YOLO\test\images\grp6_674b294f-Screenshot_2025-12-05_140949.png,,,,,,<no detections>,False,True,122.1,mtsd-p4
SAM 3,one way sign,grp6_6b4047ef-IMG_6230.JPG,E:\2. UM-Student\MSC Dissertation\Urban-Vision-Benchmark\Datasets\MTSD\Prepared\MTSD-Unaugmented\MTSD-YOLO\test\images\grp6_6b4047ef-IMG_6230.JPG,,,,,,<no detections>,False,True,148.6,mtsd-p4
SAM 3,one way sign,grp6_6f66549b-IMG_0289.JPG,E:\2. UM-Student\MSC Dissertation\Urban-Vision-Benchmark\Datasets\MTSD\Prepared\MTSD-Unaugmented\MTSD-YOLO\test\images\grp6_6f66549b-IMG_0289.JPG,,,,,,<no detections>,False,True,149.6,mtsd-p4
SAM 3,one way sign,grp6_7608155e-Screenshot_2025-12-05_135221.png,E:\2. UM-Student\MSC Dissertation\Urban-Vision-Benchmark\Datasets\MTSD\Prepared\MTSD-Unaugmented\MTSD-YOLO\test\images\grp6_7608155e-Screenshot_2025-12-05_135221.png,250.64,61.23,316.12,126.22,0.8359,one way sign,True,True,108.2,mtsd-p4
SAM 3,one way sign,grp6_7a1ad0b4-IMG_0319.JPG,E:\2. UM-Student\MSC Dissertation\Urban-Vision-Benchmark\Datasets\MTSD\Prepared\MTSD-Unaugmented\MTSD-YOLO\test\images\grp6_7a1ad0b4-IMG_0319.JPG,,,,,,<no detections>,False,True,147.2,mtsd-p4
SAM 3,one way sign,grp6_8387f659-Screenshot_2025-12-05_134458.png,E:\2. UM-Student\MSC Dissertation\Urban-Vision-Benchmark\Datasets\MTSD\Prepared\MTSD-Unaugmented\MTSD-YOLO\test\images\grp6_8387f659-Screenshot_2025-12-05_134458.png,,,,,,<no detections>,False,True,113.4,mtsd-p4
SAM 3,one way sign,grp6_8be98e2c-IMG_6200.JPG,E:\2. UM-Student\MSC Dissertation\Urban-Vision-Benchmark\Datasets\MTSD\Prepared\MTSD-Unaugmented\MTSD-YOLO\test\images\grp6_8be98e2c-IMG_6200.JPG,1138.13,838.25,1441.49,2266.52,0.3027,one way sign,True,True,162.3,mtsd-p4
SAM 3,one way sign,grp6_8d7bc213-IMG_0237.JPG,E:\2. UM-Student\MSC Dissertation\Urban-Vision-Benchmark\Datasets\MTSD\Prepared\MTSD-Unaugmented\MTSD-YOLO\test\images\grp6_8d7bc213-IMG_0237.JPG,881.05,1281.75,2535.03,2284.91,0.8047,one way sign,True,True,163.6,mtsd-p4
SAM 3,one way sign,grp6_8dee1009-IMG_6205.JPG,E:\2. UM-Student\MSC Dissertation\Urban-Vision-Benchmark\Datasets\MTSD\Prepared\MTSD-Unaugmented\MTSD-YOLO\test\images\grp6_8dee1009-IMG_6205.JPG,1046.2,1314.5,1769.79,2188.41,0.5039,one way sign,True,True,187.7,mtsd-p4
SAM 3,one way sign,grp6_92b4ef64-IMG_6151.JPG,E:\2. UM-Student\MSC Dissertation\Urban-Vision-Benchmark\Datasets\MTSD\Prepared\MTSD-Unaugmented\MTSD-YOLO\test\images\grp6_92b4ef64-IMG_6151.JPG,1181.35,2731.91,1887.34,3445.23,0.3184,one way sign,True,True,196.2,mtsd-p4
SAM 3,one way sign,grp6_92b4ef64-IMG_6151.JPG,E:\2. UM-Student\MSC Dissertation\Urban-Vision-Benchmark\Datasets\MTSD\Prepared\MTSD-Unaugmented\MTSD-YOLO\test\images\grp6_92b4ef64-IMG_6151.JPG,986.76,2526.84,2109.22,3779.47,0.8867,one way sign,True,True,196.2,mtsd-p4
SAM 3,one way sign,grp6_92b4ef64-IMG_6151.JPG,E:\2. UM-Student\MSC Dissertation\Urban-Vision-Benchmark\Datasets\MTSD\Prepared\MTSD-Unaugmented\MTSD-YOLO\test\images\grp6_92b4ef64-IMG_6151.JPG,833.85,1226.49,2261.63,2511.43,0.5117,one way sign,True,True,196.2,mtsd-p4
SAM 3,one way sign,grp6_98681b01-IMG_6123_2.JPG,E:\2. UM-Student\MSC Dissertation\Urban-Vision-Benchmark\Datasets\MTSD\Prepared\MTSD-Unaugmented\MTSD-YOLO\test\images\grp6_98681b01-IMG_6123_2.JPG,,,,,,<no detections>,False,True,160.1,mtsd-p4
SAM 3,one way sign,grp6_9c79fb63-Screenshot_2025-12-05_143920.png,E:\2. UM-Student\MSC Dissertation\Urban-Vision-Benchmark\Datasets\MTSD\Prepared\MTSD-Unaugmented\MTSD-YOLO\test\images\grp6_9c79fb63-Screenshot_2025-12-05_143920.png,,,,,,<no detections>,False,True,108.6,mtsd-p4
SAM 3,one way sign,grp6_9e084d7c-IMG_0221.JPG,E:\2. UM-Student\MSC Dissertation\Urban-Vision-Benchmark\Datasets\MTSD\Prepared\MTSD-Unaugmented\MTSD-YOLO\test\images\grp6_9e084d7c-IMG_0221.JPG,1535.24,1509.41,1939.7,1935.14,0.3379,one way sign,True,True,167.0,mtsd-p4
SAM 3,one way sign,grp6_9e256948-IMG_0275.JPG,E:\2. UM-Student\MSC Dissertation\Urban-Vision-Benchmark\Datasets\MTSD\Prepared\MTSD-Unaugmented\MTSD-YOLO\test\images\grp6_9e256948-IMG_0275.JPG,2246.8,486.07,2649.98,1822.8,0.5352,one way sign,True,True,183.0,mtsd-p4
SAM 3,one way sign,grp6_9e256948-IMG_0275.JPG,E:\2. UM-Student\MSC Dissertation\Urban-Vision-Benchmark\Datasets\MTSD\Prepared\MTSD-Unaugmented\MTSD-YOLO\test\images\grp6_9e256948-IMG_0275.JPG,1683.01,1301.58,2122.58,1883.9,0.8203,one way sign,True,True,183.0,mtsd-p4
SAM 3,one way sign,grp6_a1b61997-Screenshot_2025-12-05_133641.png,E:\2. UM-Student\MSC Dissertation\Urban-Vision-Benchmark\Datasets\MTSD\Prepared\MTSD-Unaugmented\MTSD-YOLO\test\images\grp6_a1b61997-Screenshot_2025-12-05_133641.png,146.72,48.48,250.16,678.39,0.3203,one way sign,True,True,107.3,mtsd-p4
SAM 3,one way sign,grp6_a1b61997-Screenshot_2025-12-05_133641.png,E:\2. UM-Student\MSC Dissertation\Urban-Vision-Benchmark\Datasets\MTSD\Prepared\MTSD-Unaugmented\MTSD-YOLO\test\images\grp6_a1b61997-Screenshot_2025-12-05_133641.png,147.65,48.13,249.7,220.03,0.6602,one way sign,True,True,107.3,mtsd-p4
SAM 3,one way sign,grp6_a7041b20-IMG_6175.JPG,E:\2. UM-Student\MSC Dissertation\Urban-Vision-Benchmark\Datasets\MTSD\Prepared\MTSD-Unaugmented\MTSD-YOLO\test\images\grp6_a7041b20-IMG_6175.JPG,2869.51,3255.0,2945.16,3338.57,0.5547,one way sign,True,True,209.9,mtsd-p4
SAM 3,one way sign,grp6_a7041b20-IMG_6175.JPG,E:\2. UM-Student\MSC Dissertation\Urban-Vision-Benchmark\Datasets\MTSD\Prepared\MTSD-Unaugmented\MTSD-YOLO\test\images\grp6_a7041b20-IMG_6175.JPG,944.86,893.28,2108.89,1891.65,0.3867,one way sign,True,True,209.9,mtsd-p4
SAM 3,one way sign,grp6_ad8b6cea-IMG_0342.JPG,E:\2. UM-Student\MSC Dissertation\Urban-Vision-Benchmark\Datasets\MTSD\Prepared\MTSD-Unaugmented\MTSD-YOLO\test\images\grp6_ad8b6cea-IMG_0342.JPG,1474.1,315.91,3135.26,2293.86,0.7422,one way sign,True,True,166.1,mtsd-p4
SAM 3,one way sign,grp6_b1f0ac5c-IMG_0227.JPG,E:\2. UM-Student\MSC Dissertation\Urban-Vision-Benchmark\Datasets\MTSD\Prepared\MTSD-Unaugmented\MTSD-YOLO\test\images\grp6_b1f0ac5c-IMG_0227.JPG,1034.33,693.44,2343.37,2107.31,0.9453,one way sign,True,True,197.4,mtsd-p4
SAM 3,one way sign,grp6_ba6a303c-IMG_0314.JPG,E:\2. UM-Student\MSC Dissertation\Urban-Vision-Benchmark\Datasets\MTSD\Prepared\MTSD-Unaugmented\MTSD-YOLO\test\images\grp6_ba6a303c-IMG_0314.JPG,284.2,846.51,2153.03,2101.08,0.875,one way sign,True,True,196.5,mtsd-p4
SAM 3,one way sign,grp6_bf61cf6e-Screenshot_2025-12-05_142746.png,E:\2. UM-Student\MSC Dissertation\Urban-Vision-Benchmark\Datasets\MTSD\Prepared\MTSD-Unaugmented\MTSD-YOLO\test\images\grp6_bf61cf6e-Screenshot_2025-12-05_142746.png,,,,,,<no detections>,False,True,106.8,mtsd-p4
SAM 3,one way sign,grp6_c2b7f6e2-IMG_0300.JPG,E:\2. UM-Student\MSC Dissertation\Urban-Vision-Benchmark\Datasets\MTSD\Prepared\MTSD-Unaugmented\MTSD-YOLO\test\images\grp6_c2b7f6e2-IMG_0300.JPG,1207.25,564.33,2953.26,2580.95,0.8438,one way sign,True,True,179.8,mtsd-p4
SAM 3,one way sign,grp6_c8db20f0-IMG_6257.JPG,E:\2. UM-Student\MSC Dissertation\Urban-Vision-Benchmark\Datasets\MTSD\Prepared\MTSD-Unaugmented\MTSD-YOLO\test\images\grp6_c8db20f0-IMG_6257.JPG,1493.44,752.28,1715.73,1855.25,0.6289,one way sign,True,True,170.9,mtsd-p4
SAM 3,one way sign,grp6_cebbcc7c-Screenshot_2025-12-05_141232.png,E:\2. UM-Student\MSC Dissertation\Urban-Vision-Benchmark\Datasets\MTSD\Prepared\MTSD-Unaugmented\MTSD-YOLO\test\images\grp6_cebbcc7c-Screenshot_2025-12-05_141232.png,77.7,20.57,114.02,86.83,0.6719,one way sign,True,True,109.9,mtsd-p4
SAM 3,one way sign,grp6_d2cebd4f-Screenshot_2025-12-05_145955.png,E:\2. UM-Student\MSC Dissertation\Urban-Vision-Benchmark\Datasets\MTSD\Prepared\MTSD-Unaugmented\MTSD-YOLO\test\images\grp6_d2cebd4f-Screenshot_2025-12-05_145955.png,,,,,,<no detections>,False,True,107.7,mtsd-p4
SAM 3,one way sign,grp6_d33c21c3-IMG_6246.JPG,E:\2. UM-Student\MSC Dissertation\Urban-Vision-Benchmark\Datasets\MTSD\Prepared\MTSD-Unaugmented\MTSD-YOLO\test\images\grp6_d33c21c3-IMG_6246.JPG,,,,,,<no detections>,False,True,155.1,mtsd-p4
SAM 3,one way sign,grp6_e18d6d29-IMG_0313.JPG,E:\2. UM-Student\MSC Dissertation\Urban-Vision-Benchmark\Datasets\MTSD\Prepared\MTSD-Unaugmented\MTSD-YOLO\test\images\grp6_e18d6d29-IMG_0313.JPG,3412.65,2219.94,3650.77,2436.06,0.4297,one way sign,True,True,185.7,mtsd-p4
SAM 3,one way sign,grp6_e18d6d29-IMG_0313.JPG,E:\2. UM-Student\MSC Dissertation\Urban-Vision-Benchmark\Datasets\MTSD\Prepared\MTSD-Unaugmented\MTSD-YOLO\test\images\grp6_e18d6d29-IMG_0313.JPG,3653.13,2234.84,3786.07,2471.25,0.3965,one way sign,True,True,185.7,mtsd-p4
SAM 3,one way sign,grp6_e4194181-Screenshot_2025-12-05_124458.png,E:\2. UM-Student\MSC Dissertation\Urban-Vision-Benchmark\Datasets\MTSD\Prepared\MTSD-Unaugmented\MTSD-YOLO\test\images\grp6_e4194181-Screenshot_2025-12-05_124458.png,,,,,,<no detections>,False,True,110.2,mtsd-p4
SAM 3,one way sign,grp6_e4766ab1-Screenshot_2025-12-05_134942.png,E:\2. UM-Student\MSC Dissertation\Urban-Vision-Benchmark\Datasets\MTSD\Prepared\MTSD-Unaugmented\MTSD-YOLO\test\images\grp6_e4766ab1-Screenshot_2025-12-05_134942.png,,,,,,<no detections>,False,True,107.1,mtsd-p4
SAM 3,one way sign,grp6_ec035947-IMG_6142.JPG,E:\2. UM-Student\MSC Dissertation\Urban-Vision-Benchmark\Datasets\MTSD\Prepared\MTSD-Unaugmented\MTSD-YOLO\test\images\grp6_ec035947-IMG_6142.JPG,426.23,300.92,2548.08,2021.73,0.9414,one way sign,True,True,171.3,mtsd-p4
SAM 3,one way sign,grp6_f6200360-IMG_6254.JPG,E:\2. UM-Student\MSC Dissertation\Urban-Vision-Benchmark\Datasets\MTSD\Prepared\MTSD-Unaugmented\MTSD-YOLO\test\images\grp6_f6200360-IMG_6254.JPG,1376.12,740.82,1764.38,2200.37,0.8438,one way sign,True,True,187.7,mtsd-p4
SAM 3,one way sign,grp6_fb7a099a-Screenshot_2025-12-05_134245.png,E:\2. UM-Student\MSC Dissertation\Urban-Vision-Benchmark\Datasets\MTSD\Prepared\MTSD-Unaugmented\MTSD-YOLO\test\images\grp6_fb7a099a-Screenshot_2025-12-05_134245.png,,,,,,<no detections>,False,True,108.0,mtsd-p4
SAM 3,one way sign,grp7_01ba126c-IMG_1741.jpg,E:\2. UM-Student\MSC Dissertation\Urban-Vision-Benchmark\Datasets\MTSD\Prepared\MTSD-Unaugmented\MTSD-YOLO\test\images\grp7_01ba126c-IMG_1741.jpg,926.61,97.52,3409.1,2450.43,0.9141,one way sign,True,True,175.6,mtsd-p4
SAM 3,one way sign,grp7_01ba126c-IMG_1741.jpg,E:\2. UM-Student\MSC Dissertation\Urban-Vision-Benchmark\Datasets\MTSD\Prepared\MTSD-Unaugmented\MTSD-YOLO\test\images\grp7_01ba126c-IMG_1741.jpg,1329.76,380.1,2990.32,2187.06,0.4648,one way sign,True,True,175.6,mtsd-p4
SAM 3,one way sign,grp7_0c242d9c-IMG_1860.jpg,E:\2. UM-Student\MSC Dissertation\Urban-Vision-Benchmark\Datasets\MTSD\Prepared\MTSD-Unaugmented\MTSD-YOLO\test\images\grp7_0c242d9c-IMG_1860.jpg,,,,,,<no detections>,False,True,150.7,mtsd-p4
SAM 3,one way sign,grp7_0c807ae1-IMG_1804.jpg,E:\2. UM-Student\MSC Dissertation\Urban-Vision-Benchmark\Datasets\MTSD\Prepared\MTSD-Unaugmented\MTSD-YOLO\test\images\grp7_0c807ae1-IMG_1804.jpg,1242.9,144.75,3397.14,2770.41,0.5586,one way sign,True,True,159.7,mtsd-p4
SAM 3,one way sign,grp7_0cc91b71-IMG_2114.JPG,E:\2. UM-Student\MSC Dissertation\Urban-Vision-Benchmark\Datasets\MTSD\Prepared\MTSD-Unaugmented\MTSD-YOLO\test\images\grp7_0cc91b71-IMG_2114.JPG,374.77,125.67,2989.34,2767.77,0.3164,one way sign,True,True,157.7,mtsd-p4
SAM 3,one way sign,grp7_0d0b2421-20251215_151900.jpg,E:\2. UM-Student\MSC Dissertation\Urban-Vision-Benchmark\Datasets\MTSD\Prepared\MTSD-Unaugmented\MTSD-YOLO\test\images\grp7_0d0b2421-20251215_151900.jpg,,,,,,<no detections>,False,True,139.5,mtsd-p4
SAM 3,one way sign,grp7_133305c1-IMG_6701.jpeg,E:\2. UM-Student\MSC Dissertation\Urban-Vision-Benchmark\Datasets\MTSD\Prepared\MTSD-Unaugmented\MTSD-YOLO\test\images\grp7_133305c1-IMG_6701.jpeg,,,,,,<no detections>,False,True,158.0,mtsd-p4
SAM 3,one way sign,grp7_17ffbc31-IMG_6632.jpeg,E:\2. UM-Student\MSC Dissertation\Urban-Vision-Benchmark\Datasets\MTSD\Prepared\MTSD-Unaugmented\MTSD-YOLO\test\images\grp7_17ffbc31-IMG_6632.jpeg,1330.22,940.25,1460.04,1492.37,0.6953,one way sign,True,True,171.9,mtsd-p4
SAM 3,one way sign,grp7_18034905-IMG_6798.jpeg,E:\2. UM-Student\MSC Dissertation\Urban-Vision-Benchmark\Datasets\MTSD\Prepared\MTSD-Unaugmented\MTSD-YOLO\test\images\grp7_18034905-IMG_6798.jpeg,1296.13,1803.01,1388.37,2069.33,0.3789,one way sign,True,True,167.6,mtsd-p4
SAM 3,one way sign,grp7_21763d41-IMG_1815.jpg,E:\2. UM-Student\MSC Dissertation\Urban-Vision-Benchmark\Datasets\MTSD\Prepared\MTSD-Unaugmented\MTSD-YOLO\test\images\grp7_21763d41-IMG_1815.jpg,,,,,,<no detections>,False,True,149.9,mtsd-p4
SAM 3,one way sign,grp7_27403473-IMG_2301.JPG,E:\2. UM-Student\MSC Dissertation\Urban-Vision-Benchmark\Datasets\MTSD\Prepared\MTSD-Unaugmented\MTSD-YOLO\test\images\grp7_27403473-IMG_2301.JPG,1034.71,1906.93,1091.39,1981.9,0.4531,one way sign,True,True,208.4,mtsd-p4
SAM 3,one way sign,grp7_27403473-IMG_2301.JPG,E:\2. UM-Student\MSC Dissertation\Urban-Vision-Benchmark\Datasets\MTSD\Prepared\MTSD-Unaugmented\MTSD-YOLO\test\images\grp7_27403473-IMG_2301.JPG,915.26,1878.94,1131.32,2757.53,0.6055,one way sign,True,True,208.4,mtsd-p4
SAM 3,one way sign,grp7_3199d5af-IMG_6619.jpeg,E:\2. UM-Student\MSC Dissertation\Urban-Vision-Benchmark\Datasets\MTSD\Prepared\MTSD-Unaugmented\MTSD-YOLO\test\images\grp7_3199d5af-IMG_6619.jpeg,391.69,2124.52,510.46,2275.72,0.7344,one way sign,True,True,214.9,mtsd-p4
SAM 3,one way sign,grp7_3199d5af-IMG_6619.jpeg,E:\2. UM-Student\MSC Dissertation\Urban-Vision-Benchmark\Datasets\MTSD\Prepared\MTSD-Unaugmented\MTSD-YOLO\test\images\grp7_3199d5af-IMG_6619.jpeg,1659.16,2177.16,1706.83,2240.35,0.5,one way sign,True,True,214.9,mtsd-p4
SAM 3,one way sign,grp7_3199d5af-IMG_6619.jpeg,E:\2. UM-Student\MSC Dissertation\Urban-Vision-Benchmark\Datasets\MTSD\Prepared\MTSD-Unaugmented\MTSD-YOLO\test\images\grp7_3199d5af-IMG_6619.jpeg,1221.03,1336.08,1367.26,1806.53,0.4727,one way sign,True,True,214.9,mtsd-p4
SAM 3,one way sign,grp7_3335816b-IMG_1863.jpg,E:\2. UM-Student\MSC Dissertation\Urban-Vision-Benchmark\Datasets\MTSD\Prepared\MTSD-Unaugmented\MTSD-YOLO\test\images\grp7_3335816b-IMG_1863.jpg,0.0,0.0,1348.77,1390.17,0.6055,one way sign,True,True,181.5,mtsd-p4
SAM 3,one way sign,grp7_36174e45-IMG_6745.jpeg,E:\2. UM-Student\MSC Dissertation\Urban-Vision-Benchmark\Datasets\MTSD\Prepared\MTSD-Unaugmented\MTSD-YOLO\test\images\grp7_36174e45-IMG_6745.jpeg,,,,,,<no detections>,False,True,148.0,mtsd-p4
SAM 3,one way sign,grp7_3acb0651-IMG_1793.jpg,E:\2. UM-Student\MSC Dissertation\Urban-Vision-Benchmark\Datasets\MTSD\Prepared\MTSD-Unaugmented\MTSD-YOLO\test\images\grp7_3acb0651-IMG_1793.jpg,,,,,,<no detections>,False,True,149.1,mtsd-p4
SAM 3,one way sign,grp7_3dfa77dc-20251215_142747.jpg,E:\2. UM-Student\MSC Dissertation\Urban-Vision-Benchmark\Datasets\MTSD\Prepared\MTSD-Unaugmented\MTSD-YOLO\test\images\grp7_3dfa77dc-20251215_142747.jpg,686.14,1108.91,1495.32,1881.65,0.416,one way sign,True,True,149.5,mtsd-p4
SAM 3,one way sign,grp7_40a131c0-20251215_144819.jpg,E:\2. UM-Student\MSC Dissertation\Urban-Vision-Benchmark\Datasets\MTSD\Prepared\MTSD-Unaugmented\MTSD-YOLO\test\images\grp7_40a131c0-20251215_144819.jpg,,,,,,<no detections>,False,True,148.8,mtsd-p4
SAM 3,one way sign,grp7_41dd064f-IMG_2332.JPG,E:\2. UM-Student\MSC Dissertation\Urban-Vision-Benchmark\Datasets\MTSD\Prepared\MTSD-Unaugmented\MTSD-YOLO\test\images\grp7_41dd064f-IMG_2332.JPG,1544.39,929.69,2017.61,1541.36,0.373,one way sign,True,True,194.8,mtsd-p4
SAM 3,one way sign,grp7_46129e9c-IMG_6657.jpeg,E:\2. UM-Student\MSC Dissertation\Urban-Vision-Benchmark\Datasets\MTSD\Prepared\MTSD-Unaugmented\MTSD-YOLO\test\images\grp7_46129e9c-IMG_6657.jpeg,,,,,,<no detections>,False,True,160.7,mtsd-p4
SAM 3,one way sign,grp7_4c22ebaa-IMG_6807.jpeg,E:\2. UM-Student\MSC Dissertation\Urban-Vision-Benchmark\Datasets\MTSD\Prepared\MTSD-Unaugmented\MTSD-YOLO\test\images\grp7_4c22ebaa-IMG_6807.jpeg,,,,,,<no detections>,False,True,147.9,mtsd-p4
SAM 3,one way sign,grp7_4f01ce86-IMG_1927.jpg,E:\2. UM-Student\MSC Dissertation\Urban-Vision-Benchmark\Datasets\MTSD\Prepared\MTSD-Unaugmented\MTSD-YOLO\test\images\grp7_4f01ce86-IMG_1927.jpg,,,,,,<no detections>,False,True,147.5,mtsd-p4
SAM 3,one way sign,grp7_50fb19de-IMG_1779.jpg,E:\2. UM-Student\MSC Dissertation\Urban-Vision-Benchmark\Datasets\MTSD\Prepared\MTSD-Unaugmented\MTSD-YOLO\test\images\grp7_50fb19de-IMG_1779.jpg,,,,,,<no detections>,False,True,153.0,mtsd-p4
SAM 3,one way sign,grp7_51efaffb-IMG_2323.JPG,E:\2. UM-Student\MSC Dissertation\Urban-Vision-Benchmark\Datasets\MTSD\Prepared\MTSD-Unaugmented\MTSD-YOLO\test\images\grp7_51efaffb-IMG_2323.JPG,,,,,,<no detections>,False,True,153.8,mtsd-p4
SAM 3,one way sign,grp7_55fe17bd-IMG_6660.jpeg,E:\2. UM-Student\MSC Dissertation\Urban-Vision-Benchmark\Datasets\MTSD\Prepared\MTSD-Unaugmented\MTSD-YOLO\test\images\grp7_55fe17bd-IMG_6660.jpeg,1260.92,1017.91,1614.78,1409.34,0.459,one way sign,True,True,166.1,mtsd-p4
SAM 3,one way sign,grp7_579cc71b-IMG_1928.jpg,E:\2. UM-Student\MSC Dissertation\Urban-Vision-Benchmark\Datasets\MTSD\Prepared\MTSD-Unaugmented\MTSD-YOLO\test\images\grp7_579cc71b-IMG_1928.jpg,,,,,,<no detections>,False,True,148.5,mtsd-p4
SAM 3,one way sign,grp7_57ce1f54-20251215_150337.jpg,E:\2. UM-Student\MSC Dissertation\Urban-Vision-Benchmark\Datasets\MTSD\Prepared\MTSD-Unaugmented\MTSD-YOLO\test\images\grp7_57ce1f54-20251215_150337.jpg,1060.95,1093.19,1270.33,2063.7,0.6875,one way sign,True,True,149.1,mtsd-p4
SAM 3,one way sign,grp7_57ce1f54-20251215_150337.jpg,E:\2. UM-Student\MSC Dissertation\Urban-Vision-Benchmark\Datasets\MTSD\Prepared\MTSD-Unaugmented\MTSD-YOLO\test\images\grp7_57ce1f54-20251215_150337.jpg,1059.33,1096.0,1314.54,4032.0,0.3301,one way sign,True,True,149.1,mtsd-p4
SAM 3,one way sign,grp7_5fe0adac-IMG_2351.JPG,E:\2. UM-Student\MSC Dissertation\Urban-Vision-Benchmark\Datasets\MTSD\Prepared\MTSD-Unaugmented\MTSD-YOLO\test\images\grp7_5fe0adac-IMG_2351.JPG,,,,,,<no detections>,False,True,160.5,mtsd-p4
SAM 3,one way sign,grp7_65ce4c26-IMG_1752.jpg,E:\2. UM-Student\MSC Dissertation\Urban-Vision-Benchmark\Datasets\MTSD\Prepared\MTSD-Unaugmented\MTSD-YOLO\test\images\grp7_65ce4c26-IMG_1752.jpg,,,,,,<no detections>,False,True,156.5,mtsd-p4
SAM 3,one way sign,grp7_66312f27-IMG_1789.jpg,E:\2. UM-Student\MSC Dissertation\Urban-Vision-Benchmark\Datasets\MTSD\Prepared\MTSD-Unaugmented\MTSD-YOLO\test\images\grp7_66312f27-IMG_1789.jpg,,,,,,<no detections>,False,True,147.7,mtsd-p4
SAM 3,one way sign,grp7_6dd51e97-IMG_6617.jpeg,E:\2. UM-Student\MSC Dissertation\Urban-Vision-Benchmark\Datasets\MTSD\Prepared\MTSD-Unaugmented\MTSD-YOLO\test\images\grp7_6dd51e97-IMG_6617.jpeg,1239.81,1487.33,1295.7,1791.14,0.7305,one way sign,True,True,178.2,mtsd-p4
SAM 3,one way sign,grp7_70806c3a-20251206_161309.jpg,E:\2. UM-Student\MSC Dissertation\Urban-Vision-Benchmark\Datasets\MTSD\Prepared\MTSD-Unaugmented\MTSD-YOLO\test\images\grp7_70806c3a-20251206_161309.jpg,,,,,,<no detections>,False,True,136.9,mtsd-p4
SAM 3,one way sign,grp7_81ace7bd-IMG_1823.jpg,E:\2. UM-Student\MSC Dissertation\Urban-Vision-Benchmark\Datasets\MTSD\Prepared\MTSD-Unaugmented\MTSD-YOLO\test\images\grp7_81ace7bd-IMG_1823.jpg,1667.48,689.96,3331.54,2788.47,0.5,one way sign,True,True,166.8,mtsd-p4
SAM 3,one way sign,grp7_85e21f65-IMG_1888.jpg,E:\2. UM-Student\MSC Dissertation\Urban-Vision-Benchmark\Datasets\MTSD\Prepared\MTSD-Unaugmented\MTSD-YOLO\test\images\grp7_85e21f65-IMG_1888.jpg,,,,,,<no detections>,False,True,148.0,mtsd-p4
SAM 3,one way sign,grp7_87ab4012-IMG_1929.jpg,E:\2. UM-Student\MSC Dissertation\Urban-Vision-Benchmark\Datasets\MTSD\Prepared\MTSD-Unaugmented\MTSD-YOLO\test\images\grp7_87ab4012-IMG_1929.jpg,1841.19,140.73,3473.5,2336.93,0.4004,one way sign,True,True,157.3,mtsd-p4
SAM 3,one way sign,grp7_897df19a-IMG_2311.JPG,E:\2. UM-Student\MSC Dissertation\Urban-Vision-Benchmark\Datasets\MTSD\Prepared\MTSD-Unaugmented\MTSD-YOLO\test\images\grp7_897df19a-IMG_2311.JPG,358.41,1915.61,494.83,2045.31,0.793,one way sign,True,True,188.5,mtsd-p4
SAM 3,one way sign,grp7_8a80058d-20251215_151420.jpg,E:\2. UM-Student\MSC Dissertation\Urban-Vision-Benchmark\Datasets\MTSD\Prepared\MTSD-Unaugmented\MTSD-YOLO\test\images\grp7_8a80058d-20251215_151420.jpg,,,,,,<no detections>,False,True,137.1,mtsd-p4
SAM 3,one way sign,grp7_8b5130c3-IMG_1856.jpg,E:\2. UM-Student\MSC Dissertation\Urban-Vision-Benchmark\Datasets\MTSD\Prepared\MTSD-Unaugmented\MTSD-YOLO\test\images\grp7_8b5130c3-IMG_1856.jpg,,,,,,<no detections>,False,True,152.7,mtsd-p4
SAM 3,one way sign,grp7_8c70ced7-IMG_6778.jpeg,E:\2. UM-Student\MSC Dissertation\Urban-Vision-Benchmark\Datasets\MTSD\Prepared\MTSD-Unaugmented\MTSD-YOLO\test\images\grp7_8c70ced7-IMG_6778.jpeg,,,,,,<no detections>,False,True,155.8,mtsd-p4
SAM 3,one way sign,grp7_8e1e7992-IMG_6659.jpeg,E:\2. UM-Student\MSC Dissertation\Urban-Vision-Benchmark\Datasets\MTSD\Prepared\MTSD-Unaugmented\MTSD-YOLO\test\images\grp7_8e1e7992-IMG_6659.jpeg,2058.51,1804.09,2151.1,1895.3,0.7148,one way sign,True,True,260.4,mtsd-p4
SAM 3,one way sign,grp7_8e1e7992-IMG_6659.jpeg,E:\2. UM-Student\MSC Dissertation\Urban-Vision-Benchmark\Datasets\MTSD\Prepared\MTSD-Unaugmented\MTSD-YOLO\test\images\grp7_8e1e7992-IMG_6659.jpeg,2967.93,1829.2,3024.0,1930.5,0.3242,one way sign,True,True,260.4,mtsd-p4
SAM 3,one way sign,grp7_90de2b4a-IMG_6620.jpeg,E:\2. UM-Student\MSC Dissertation\Urban-Vision-Benchmark\Datasets\MTSD\Prepared\MTSD-Unaugmented\MTSD-YOLO\test\images\grp7_90de2b4a-IMG_6620.jpeg,266.17,1808.2,366.86,1933.85,0.3828,one way sign,True,True,194.8,mtsd-p4
SAM 3,one way sign,grp7_90de2b4a-IMG_6620.jpeg,E:\2. UM-Student\MSC Dissertation\Urban-Vision-Benchmark\Datasets\MTSD\Prepared\MTSD-Unaugmented\MTSD-YOLO\test\images\grp7_90de2b4a-IMG_6620.jpeg,1079.92,1047.06,1561.39,3036.15,0.3887,one way sign,True,True,194.8,mtsd-p4
SAM 3,one way sign,grp7_90de2b4a-IMG_6620.jpeg,E:\2. UM-Student\MSC Dissertation\Urban-Vision-Benchmark\Datasets\MTSD\Prepared\MTSD-Unaugmented\MTSD-YOLO\test\images\grp7_90de2b4a-IMG_6620.jpeg,1083.74,1064.26,1558.93,1664.2,0.5391,one way sign,True,True,194.8,mtsd-p4
SAM 3,one way sign,grp7_917e5bd8-IMG_2117.JPG,E:\2. UM-Student\MSC Dissertation\Urban-Vision-Benchmark\Datasets\MTSD\Prepared\MTSD-Unaugmented\MTSD-YOLO\test\images\grp7_917e5bd8-IMG_2117.JPG,1033.53,193.61,3591.68,2749.7,0.5898,one way sign,True,True,160.5,mtsd-p4
SAM 3,one way sign,grp7_93d54be7-IMG_6607.jpeg,E:\2. UM-Student\MSC Dissertation\Urban-Vision-Benchmark\Datasets\MTSD\Prepared\MTSD-Unaugmented\MTSD-YOLO\test\images\grp7_93d54be7-IMG_6607.jpeg,1189.98,1407.94,1312.46,1609.86,0.4434,one way sign,True,True,172.3,mtsd-p4
SAM 3,one way sign,grp7_998eacf2-IMG_6613.jpeg,E:\2. UM-Student\MSC Dissertation\Urban-Vision-Benchmark\Datasets\MTSD\Prepared\MTSD-Unaugmented\MTSD-YOLO\test\images\grp7_998eacf2-IMG_6613.jpeg,1575.03,1327.81,1657.69,1624.6,0.8438,one way sign,True,True,170.9,mtsd-p4
SAM 3,one way sign,grp7_9ceccc7e-IMG_2183.JPG,E:\2. UM-Student\MSC Dissertation\Urban-Vision-Benchmark\Datasets\MTSD\Prepared\MTSD-Unaugmented\MTSD-YOLO\test\images\grp7_9ceccc7e-IMG_2183.JPG,,,,,,<no detections>,False,True,147.8,mtsd-p4
SAM 3,one way sign,grp7_a685cd57-IMG_2291.JPG,E:\2. UM-Student\MSC Dissertation\Urban-Vision-Benchmark\Datasets\MTSD\Prepared\MTSD-Unaugmented\MTSD-YOLO\test\images\grp7_a685cd57-IMG_2291.JPG,,,,,,<no detections>,False,True,157.1,mtsd-p4
SAM 3,one way sign,grp7_ab2ec440-IMG_2148.JPG,E:\2. UM-Student\MSC Dissertation\Urban-Vision-Benchmark\Datasets\MTSD\Prepared\MTSD-Unaugmented\MTSD-YOLO\test\images\grp7_ab2ec440-IMG_2148.JPG,,,,,,<no detections>,False,True,148.0,mtsd-p4
SAM 3,one way sign,grp7_b1489edd-IMG_1891.jpg,E:\2. UM-Student\MSC Dissertation\Urban-Vision-Benchmark\Datasets\MTSD\Prepared\MTSD-Unaugmented\MTSD-YOLO\test\images\grp7_b1489edd-IMG_1891.jpg,,,,,,<no detections>,False,True,149.1,mtsd-p4
SAM 3,one way sign,grp7_b3afe886-IMG_1875.jpg,E:\2. UM-Student\MSC Dissertation\Urban-Vision-Benchmark\Datasets\MTSD\Prepared\MTSD-Unaugmented\MTSD-YOLO\test\images\grp7_b3afe886-IMG_1875.jpg,,,,,,<no detections>,False,True,148.8,mtsd-p4
SAM 3,one way sign,grp7_b45f5f31-IMG_2274.JPG,E:\2. UM-Student\MSC Dissertation\Urban-Vision-Benchmark\Datasets\MTSD\Prepared\MTSD-Unaugmented\MTSD-YOLO\test\images\grp7_b45f5f31-IMG_2274.JPG,,,,,,<no detections>,False,True,154.0,mtsd-p4
SAM 3,one way sign,grp7_b552bf33-20251215_150109.jpg,E:\2. UM-Student\MSC Dissertation\Urban-Vision-Benchmark\Datasets\MTSD\Prepared\MTSD-Unaugmented\MTSD-YOLO\test\images\grp7_b552bf33-20251215_150109.jpg,1014.03,1040.31,1191.75,1922.28,0.4258,one way sign,True,True,145.1,mtsd-p4
SAM 3,one way sign,grp7_b65b2b8e-20251215_143141.jpg,E:\2. UM-Student\MSC Dissertation\Urban-Vision-Benchmark\Datasets\MTSD\Prepared\MTSD-Unaugmented\MTSD-YOLO\test\images\grp7_b65b2b8e-20251215_143141.jpg,,,,,,<no detections>,False,True,157.1,mtsd-p4
SAM 3,one way sign,grp7_bd29943d-IMG_1733.jpg,E:\2. UM-Student\MSC Dissertation\Urban-Vision-Benchmark\Datasets\MTSD\Prepared\MTSD-Unaugmented\MTSD-YOLO\test\images\grp7_bd29943d-IMG_1733.jpg,,,,,,<no detections>,False,True,152.2,mtsd-p4
SAM 3,one way sign,grp7_c1a8ff54-IMG_1721.jpg,E:\2. UM-Student\MSC Dissertation\Urban-Vision-Benchmark\Datasets\MTSD\Prepared\MTSD-Unaugmented\MTSD-YOLO\test\images\grp7_c1a8ff54-IMG_1721.jpg,,,,,,<no detections>,False,True,152.0,mtsd-p4
SAM 3,one way sign,grp7_c1d05649-IMG_2109.JPG,E:\2. UM-Student\MSC Dissertation\Urban-Vision-Benchmark\Datasets\MTSD\Prepared\MTSD-Unaugmented\MTSD-YOLO\test\images\grp7_c1d05649-IMG_2109.JPG,,,,,,<no detections>,False,True,157.0,mtsd-p4
SAM 3,one way sign,grp7_c1e32eff-IMG_1769.jpg,E:\2. UM-Student\MSC Dissertation\Urban-Vision-Benchmark\Datasets\MTSD\Prepared\MTSD-Unaugmented\MTSD-YOLO\test\images\grp7_c1e32eff-IMG_1769.jpg,1999.37,2736.07,2364.86,3022.32,0.4355,one way sign,True,True,161.4,mtsd-p4
SAM 3,one way sign,grp7_c21d51bf-IMG_6622.jpeg,E:\2. UM-Student\MSC Dissertation\Urban-Vision-Benchmark\Datasets\MTSD\Prepared\MTSD-Unaugmented\MTSD-YOLO\test\images\grp7_c21d51bf-IMG_6622.jpeg,,,,,,<no detections>,False,True,182.6,mtsd-p4
SAM 3,one way sign,grp7_c3ab6f98-IMG_2186.JPG,E:\2. UM-Student\MSC Dissertation\Urban-Vision-Benchmark\Datasets\MTSD\Prepared\MTSD-Unaugmented\MTSD-YOLO\test\images\grp7_c3ab6f98-IMG_2186.JPG,,,,,,<no detections>,False,True,155.3,mtsd-p4
SAM 3,one way sign,grp7_cddeeb7f-IMG_6636.jpeg,E:\2. UM-Student\MSC Dissertation\Urban-Vision-Benchmark\Datasets\MTSD\Prepared\MTSD-Unaugmented\MTSD-YOLO\test\images\grp7_cddeeb7f-IMG_6636.jpeg,1251.32,1410.12,1428.69,1591.03,0.8945,one way sign,True,True,184.6,mtsd-p4
SAM 3,one way sign,grp7_d36e330f-20251215_150902.jpg,E:\2. UM-Student\MSC Dissertation\Urban-Vision-Benchmark\Datasets\MTSD\Prepared\MTSD-Unaugmented\MTSD-YOLO\test\images\grp7_d36e330f-20251215_150902.jpg,,,,,,<no detections>,False,True,145.4,mtsd-p4
SAM 3,one way sign,grp7_d5464bd2-IMG_6729.jpeg,E:\2. UM-Student\MSC Dissertation\Urban-Vision-Benchmark\Datasets\MTSD\Prepared\MTSD-Unaugmented\MTSD-YOLO\test\images\grp7_d5464bd2-IMG_6729.jpeg,2636.66,2087.83,2689.53,2144.38,0.4609,one way sign,True,True,219.9,mtsd-p4
SAM 3,one way sign,grp7_d5464bd2-IMG_6729.jpeg,E:\2. UM-Student\MSC Dissertation\Urban-Vision-Benchmark\Datasets\MTSD\Prepared\MTSD-Unaugmented\MTSD-YOLO\test\images\grp7_d5464bd2-IMG_6729.jpeg,2640.98,2137.41,2692.37,2192.4,0.3145,one way sign,True,True,219.9,mtsd-p4
SAM 3,one way sign,grp7_d7ded33c-IMG_6742.jpeg,E:\2. UM-Student\MSC Dissertation\Urban-Vision-Benchmark\Datasets\MTSD\Prepared\MTSD-Unaugmented\MTSD-YOLO\test\images\grp7_d7ded33c-IMG_6742.jpeg,,,,,,<no detections>,False,True,182.9,mtsd-p4
SAM 3,one way sign,grp7_db87303d-20251215_144613.jpg,E:\2. UM-Student\MSC Dissertation\Urban-Vision-Benchmark\Datasets\MTSD\Prepared\MTSD-Unaugmented\MTSD-YOLO\test\images\grp7_db87303d-20251215_144613.jpg,1083.66,727.98,1244.57,2037.62,0.3535,one way sign,True,True,156.3,mtsd-p4
SAM 3,one way sign,grp7_dfd0a665-IMG_2360.JPG,E:\2. UM-Student\MSC Dissertation\Urban-Vision-Benchmark\Datasets\MTSD\Prepared\MTSD-Unaugmented\MTSD-YOLO\test\images\grp7_dfd0a665-IMG_2360.JPG,,,,,,<no detections>,False,True,157.6,mtsd-p4
SAM 3,one way sign,grp7_e16f743b-IMG_1838.jpg,E:\2. UM-Student\MSC Dissertation\Urban-Vision-Benchmark\Datasets\MTSD\Prepared\MTSD-Unaugmented\MTSD-YOLO\test\images\grp7_e16f743b-IMG_1838.jpg,,,,,,<no detections>,False,True,155.4,mtsd-p4
SAM 3,one way sign,grp7_ef1c0521-IMG_1930.jpg,E:\2. UM-Student\MSC Dissertation\Urban-Vision-Benchmark\Datasets\MTSD\Prepared\MTSD-Unaugmented\MTSD-YOLO\test\images\grp7_ef1c0521-IMG_1930.jpg,,,,,,<no detections>,False,True,150.1,mtsd-p4
SAM 3,one way sign,grp7_ef873d66-20251215_143818.jpg,E:\2. UM-Student\MSC Dissertation\Urban-Vision-Benchmark\Datasets\MTSD\Prepared\MTSD-Unaugmented\MTSD-YOLO\test\images\grp7_ef873d66-20251215_143818.jpg,945.07,1170.95,1149.98,1966.06,0.4102,one way sign,True,True,148.1,mtsd-p4
SAM 3,one way sign,grp7_f5c11235-IMG_2319.JPG,E:\2. UM-Student\MSC Dissertation\Urban-Vision-Benchmark\Datasets\MTSD\Prepared\MTSD-Unaugmented\MTSD-YOLO\test\images\grp7_f5c11235-IMG_2319.JPG,1534.98,770.11,1803.52,887.82,0.7188,one way sign,True,True,203.0,mtsd-p4
SAM 3,one way sign,grp7_f5c11235-IMG_2319.JPG,E:\2. UM-Student\MSC Dissertation\Urban-Vision-Benchmark\Datasets\MTSD\Prepared\MTSD-Unaugmented\MTSD-YOLO\test\images\grp7_f5c11235-IMG_2319.JPG,2048.2,2743.11,2181.56,2789.34,0.6953,one way sign,True,True,203.0,mtsd-p4
SAM 3,one way sign,grp7_f6c47dc2-IMG_2182.JPG,E:\2. UM-Student\MSC Dissertation\Urban-Vision-Benchmark\Datasets\MTSD\Prepared\MTSD-Unaugmented\MTSD-YOLO\test\images\grp7_f6c47dc2-IMG_2182.JPG,,,,,,<no detections>,False,True,147.4,mtsd-p4
SAM 3,one way sign,grp7_f74b48d8-IMG_1768.jpg,E:\2. UM-Student\MSC Dissertation\Urban-Vision-Benchmark\Datasets\MTSD\Prepared\MTSD-Unaugmented\MTSD-YOLO\test\images\grp7_f74b48d8-IMG_1768.jpg,,,,,,<no detections>,False,True,152.6,mtsd-p4
SAM 3,one way sign,grp7_f7f0f5bb-IMG_6628.jpeg,E:\2. UM-Student\MSC Dissertation\Urban-Vision-Benchmark\Datasets\MTSD\Prepared\MTSD-Unaugmented\MTSD-YOLO\test\images\grp7_f7f0f5bb-IMG_6628.jpeg,,,,,,<no detections>,False,True,152.2,mtsd-p4
SAM 3,one way sign,grp7_fb3a590f-IMG_6793.jpeg,E:\2. UM-Student\MSC Dissertation\Urban-Vision-Benchmark\Datasets\MTSD\Prepared\MTSD-Unaugmented\MTSD-YOLO\test\images\grp7_fb3a590f-IMG_6793.jpeg,1283.28,1554.28,1654.78,1925.35,0.3066,one way sign,True,True,164.8,mtsd-p4
SAM 3,one way sign,grp7_ffcca6e4-IMG_6603.jpeg,E:\2. UM-Student\MSC Dissertation\Urban-Vision-Benchmark\Datasets\MTSD\Prepared\MTSD-Unaugmented\MTSD-YOLO\test\images\grp7_ffcca6e4-IMG_6603.jpeg,,,,,,<no detections>,False,True,156.1,mtsd-p4
SAM 3,one way sign,grp8_04258956-back.jpg,E:\2. UM-Student\MSC Dissertation\Urban-Vision-Benchmark\Datasets\MTSD\Prepared\MTSD-Unaugmented\MTSD-YOLO\test\images\grp8_04258956-back.jpg,,,,,,<no detections>,False,True,148.0,mtsd-p4
SAM 3,one way sign,grp8_0487e0f7-front.jpg,E:\2. UM-Student\MSC Dissertation\Urban-Vision-Benchmark\Datasets\MTSD\Prepared\MTSD-Unaugmented\MTSD-YOLO\test\images\grp8_0487e0f7-front.jpg,,,,,,<no detections>,False,True,154.0,mtsd-p4
SAM 3,one way sign,grp8_06980edd-front.jpg,E:\2. UM-Student\MSC Dissertation\Urban-Vision-Benchmark\Datasets\MTSD\Prepared\MTSD-Unaugmented\MTSD-YOLO\test\images\grp8_06980edd-front.jpg,2778.42,2512.37,2860.64,2594.73,0.7344,one way sign,True,True,254.8,mtsd-p4
SAM 3,one way sign,grp8_06980edd-front.jpg,E:\2. UM-Student\MSC Dissertation\Urban-Vision-Benchmark\Datasets\MTSD\Prepared\MTSD-Unaugmented\MTSD-YOLO\test\images\grp8_06980edd-front.jpg,1720.71,2537.91,1797.76,2619.5,0.7188,one way sign,True,True,254.8,mtsd-p4
SAM 3,one way sign,grp8_06980edd-front.jpg,E:\2. UM-Student\MSC Dissertation\Urban-Vision-Benchmark\Datasets\MTSD\Prepared\MTSD-Unaugmented\MTSD-YOLO\test\images\grp8_06980edd-front.jpg,1379.8,0.0,2631.38,886.47,0.7031,one way sign,True,True,254.8,mtsd-p4
SAM 3,one way sign,grp8_0ce3445a-front.jpg,E:\2. UM-Student\MSC Dissertation\Urban-Vision-Benchmark\Datasets\MTSD\Prepared\MTSD-Unaugmented\MTSD-YOLO\test\images\grp8_0ce3445a-front.jpg,,,,,,<no detections>,False,True,154.2,mtsd-p4
SAM 3,one way sign,grp8_0d18b07a-IMG_0224.JPG,E:\2. UM-Student\MSC Dissertation\Urban-Vision-Benchmark\Datasets\MTSD\Prepared\MTSD-Unaugmented\MTSD-YOLO\test\images\grp8_0d18b07a-IMG_0224.JPG,,,,,,<no detections>,False,True,207.8,mtsd-p4
SAM 3,one way sign,grp8_1023d97f-front.jpg,E:\2. UM-Student\MSC Dissertation\Urban-Vision-Benchmark\Datasets\MTSD\Prepared\MTSD-Unaugmented\MTSD-YOLO\test\images\grp8_1023d97f-front.jpg,3764.05,2858.92,3823.79,2936.24,0.3828,one way sign,True,True,228.6,mtsd-p4
SAM 3,one way sign,grp8_1023d97f-front.jpg,E:\2. UM-Student\MSC Dissertation\Urban-Vision-Benchmark\Datasets\MTSD\Prepared\MTSD-Unaugmented\MTSD-YOLO\test\images\grp8_1023d97f-front.jpg,2759.8,2907.43,2842.08,2994.95,0.6758,one way sign,True,True,228.6,mtsd-p4
SAM 3,one way sign,grp8_1023d97f-front.jpg,E:\2. UM-Student\MSC Dissertation\Urban-Vision-Benchmark\Datasets\MTSD\Prepared\MTSD-Unaugmented\MTSD-YOLO\test\images\grp8_1023d97f-front.jpg,1503.52,0.0,2650.0,915.01,0.8281,one way sign,True,True,228.6,mtsd-p4
SAM 3,one way sign,grp8_14aaa44c-IMG_0211.JPG,E:\2. UM-Student\MSC Dissertation\Urban-Vision-Benchmark\Datasets\MTSD\Prepared\MTSD-Unaugmented\MTSD-YOLO\test\images\grp8_14aaa44c-IMG_0211.JPG,2126.29,1301.42,3202.82,2902.89,0.3223,one way sign,True,True,225.4,mtsd-p4
SAM 3,one way sign,grp8_14aaa44c-IMG_0211.JPG,E:\2. UM-Student\MSC Dissertation\Urban-Vision-Benchmark\Datasets\MTSD\Prepared\MTSD-Unaugmented\MTSD-YOLO\test\images\grp8_14aaa44c-IMG_0211.JPG,1750.66,1048.08,3477.37,3072.83,0.9375,one way sign,True,True,225.4,mtsd-p4
SAM 3,one way sign,grp8_15b9a2f4-Back.jpg,E:\2. UM-Student\MSC Dissertation\Urban-Vision-Benchmark\Datasets\MTSD\Prepared\MTSD-Unaugmented\MTSD-YOLO\test\images\grp8_15b9a2f4-Back.jpg,,,,,,<no detections>,False,True,145.6,mtsd-p4
SAM 3,one way sign,grp8_1b5dcc93-back.jpg,E:\2. UM-Student\MSC Dissertation\Urban-Vision-Benchmark\Datasets\MTSD\Prepared\MTSD-Unaugmented\MTSD-YOLO\test\images\grp8_1b5dcc93-back.jpg,688.98,2819.47,1435.45,3132.45,0.8633,one way sign,True,True,168.9,mtsd-p4
SAM 3,one way sign,grp8_1e3225cd-IMG_0085.jpg,E:\2. UM-Student\MSC Dissertation\Urban-Vision-Benchmark\Datasets\MTSD\Prepared\MTSD-Unaugmented\MTSD-YOLO\test\images\grp8_1e3225cd-IMG_0085.jpg,1276.76,918.09,2246.02,2794.98,0.7578,one way sign,True,True,220.7,mtsd-p4
SAM 3,one way sign,grp8_244bea95-back.jpg,E:\2. UM-Student\MSC Dissertation\Urban-Vision-Benchmark\Datasets\MTSD\Prepared\MTSD-Unaugmented\MTSD-YOLO\test\images\grp8_244bea95-back.jpg,,,,,,<no detections>,False,True,151.4,mtsd-p4
SAM 3,one way sign,grp8_2aed70e2-front.jpg,E:\2. UM-Student\MSC Dissertation\Urban-Vision-Benchmark\Datasets\MTSD\Prepared\MTSD-Unaugmented\MTSD-YOLO\test\images\grp8_2aed70e2-front.jpg,396.58,822.86,1855.47,1884.11,0.6172,one way sign,True,True,151.8,mtsd-p4
SAM 3,one way sign,grp8_2d237c79-side.jpg,E:\2. UM-Student\MSC Dissertation\Urban-Vision-Benchmark\Datasets\MTSD\Prepared\MTSD-Unaugmented\MTSD-YOLO\test\images\grp8_2d237c79-side.jpg,1903.84,955.57,2134.01,1848.28,0.8789,one way sign,True,True,198.0,mtsd-p4
SAM 3,one way sign,grp8_2d73c181-back.jpg,E:\2. UM-Student\MSC Dissertation\Urban-Vision-Benchmark\Datasets\MTSD\Prepared\MTSD-Unaugmented\MTSD-YOLO\test\images\grp8_2d73c181-back.jpg,,,,,,<no detections>,False,True,150.3,mtsd-p4
SAM 3,one way sign,grp8_2e0ed656-front.jpg,E:\2. UM-Student\MSC Dissertation\Urban-Vision-Benchmark\Datasets\MTSD\Prepared\MTSD-Unaugmented\MTSD-YOLO\test\images\grp8_2e0ed656-front.jpg,,,,,,<no detections>,False,True,158.3,mtsd-p4
SAM 3,one way sign,grp8_3799bcb2-side.jpg,E:\2. UM-Student\MSC Dissertation\Urban-Vision-Benchmark\Datasets\MTSD\Prepared\MTSD-Unaugmented\MTSD-YOLO\test\images\grp8_3799bcb2-side.jpg,677.34,1348.55,1170.22,2347.18,0.8477,one way sign,True,True,169.5,mtsd-p4
SAM 3,one way sign,grp8_3799bcb2-side.jpg,E:\2. UM-Student\MSC Dissertation\Urban-Vision-Benchmark\Datasets\MTSD\Prepared\MTSD-Unaugmented\MTSD-YOLO\test\images\grp8_3799bcb2-side.jpg,120.57,2856.96,231.86,3007.22,0.4844,one way sign,True,True,169.5,mtsd-p4
SAM 3,one way sign,grp8_3799bcb2-side.jpg,E:\2. UM-Student\MSC Dissertation\Urban-Vision-Benchmark\Datasets\MTSD\Prepared\MTSD-Unaugmented\MTSD-YOLO\test\images\grp8_3799bcb2-side.jpg,716.06,1626.3,1102.96,2222.79,0.3691,one way sign,True,True,169.5,mtsd-p4
SAM 3,one way sign,grp8_3ab29317-front.jpg,E:\2. UM-Student\MSC Dissertation\Urban-Vision-Benchmark\Datasets\MTSD\Prepared\MTSD-Unaugmented\MTSD-YOLO\test\images\grp8_3ab29317-front.jpg,656.94,1355.33,1672.76,2441.33,0.7539,one way sign,True,True,153.9,mtsd-p4
SAM 3,one way sign,grp8_3b4e798b-front.jpg,E:\2. UM-Student\MSC Dissertation\Urban-Vision-Benchmark\Datasets\MTSD\Prepared\MTSD-Unaugmented\MTSD-YOLO\test\images\grp8_3b4e798b-front.jpg,1130.23,1907.41,1714.3,2425.38,0.3945,one way sign,True,True,182.6,mtsd-p4
SAM 3,one way sign,grp8_3b4e798b-front.jpg,E:\2. UM-Student\MSC Dissertation\Urban-Vision-Benchmark\Datasets\MTSD\Prepared\MTSD-Unaugmented\MTSD-YOLO\test\images\grp8_3b4e798b-front.jpg,997.65,1711.29,1793.93,2578.56,0.8984,one way sign,True,True,182.6,mtsd-p4
SAM 3,one way sign,grp8_3e16c892-IMG_0188.JPG,E:\2. UM-Student\MSC Dissertation\Urban-Vision-Benchmark\Datasets\MTSD\Prepared\MTSD-Unaugmented\MTSD-YOLO\test\images\grp8_3e16c892-IMG_0188.JPG,,,,,,<no detections>,False,True,200.3,mtsd-p4
SAM 3,one way sign,grp8_41de0558-Side.jpg,E:\2. UM-Student\MSC Dissertation\Urban-Vision-Benchmark\Datasets\MTSD\Prepared\MTSD-Unaugmented\MTSD-YOLO\test\images\grp8_41de0558-Side.jpg,,,,,,<no detections>,False,True,140.7,mtsd-p4
SAM 3,one way sign,grp8_4682619f-back.jpg,E:\2. UM-Student\MSC Dissertation\Urban-Vision-Benchmark\Datasets\MTSD\Prepared\MTSD-Unaugmented\MTSD-YOLO\test\images\grp8_4682619f-back.jpg,2905.6,2778.53,3013.56,2880.68,0.3984,one way sign,True,True,197.1,mtsd-p4
SAM 3,one way sign,grp8_4802289d-side.jpg,E:\2. UM-Student\MSC Dissertation\Urban-Vision-Benchmark\Datasets\MTSD\Prepared\MTSD-Unaugmented\MTSD-YOLO\test\images\grp8_4802289d-side.jpg,1411.12,1775.75,1625.97,2399.75,0.5078,one way sign,True,True,168.0,mtsd-p4
SAM 3,one way sign,grp8_4802289d-side.jpg,E:\2. UM-Student\MSC Dissertation\Urban-Vision-Benchmark\Datasets\MTSD\Prepared\MTSD-Unaugmented\MTSD-YOLO\test\images\grp8_4802289d-side.jpg,1321.96,1388.7,1650.82,2582.82,0.8555,one way sign,True,True,168.0,mtsd-p4
SAM 3,one way sign,grp8_4c496fb4-side.jpg,E:\2. UM-Student\MSC Dissertation\Urban-Vision-Benchmark\Datasets\MTSD\Prepared\MTSD-Unaugmented\MTSD-YOLO\test\images\grp8_4c496fb4-side.jpg,728.31,1275.1,972.69,2294.76,0.8438,one way sign,True,True,149.8,mtsd-p4
SAM 3,one way sign,grp8_4fe75feb-IMG_0243.JPG,E:\2. UM-Student\MSC Dissertation\Urban-Vision-Benchmark\Datasets\MTSD\Prepared\MTSD-Unaugmented\MTSD-YOLO\test\images\grp8_4fe75feb-IMG_0243.JPG,4919.25,3791.78,5189.39,4068.15,0.8086,one way sign,True,True,305.7,mtsd-p4
SAM 3,one way sign,grp8_4fe75feb-IMG_0243.JPG,E:\2. UM-Student\MSC Dissertation\Urban-Vision-Benchmark\Datasets\MTSD\Prepared\MTSD-Unaugmented\MTSD-YOLO\test\images\grp8_4fe75feb-IMG_0243.JPG,5201.57,3857.67,5434.76,4086.09,0.4746,one way sign,True,True,305.7,mtsd-p4
SAM 3,one way sign,grp8_5043579c-side.jpg,E:\2. UM-Student\MSC Dissertation\Urban-Vision-Benchmark\Datasets\MTSD\Prepared\MTSD-Unaugmented\MTSD-YOLO\test\images\grp8_5043579c-side.jpg,1388.92,844.34,1927.51,2384.4,0.4785,one way sign,True,True,158.2,mtsd-p4
SAM 3,one way sign,grp8_555bcf3a-front.jpg,E:\2. UM-Student\MSC Dissertation\Urban-Vision-Benchmark\Datasets\MTSD\Prepared\MTSD-Unaugmented\MTSD-YOLO\test\images\grp8_555bcf3a-front.jpg,,,,,,<no detections>,False,True,149.0,mtsd-p4
SAM 3,one way sign,grp8_562e48f6-front.jpg,E:\2. UM-Student\MSC Dissertation\Urban-Vision-Benchmark\Datasets\MTSD\Prepared\MTSD-Unaugmented\MTSD-YOLO\test\images\grp8_562e48f6-front.jpg,1431.46,934.75,2558.04,1684.54,0.9297,one way sign,True,True,175.4,mtsd-p4
SAM 3,one way sign,grp8_58176912-front.jpg,E:\2. UM-Student\MSC Dissertation\Urban-Vision-Benchmark\Datasets\MTSD\Prepared\MTSD-Unaugmented\MTSD-YOLO\test\images\grp8_58176912-front.jpg,2316.5,1264.97,2352.8,1296.12,0.5664,one way sign,True,True,158.8,mtsd-p4
SAM 3,one way sign,grp8_58621eda-IMG_0203.JPG,E:\2. UM-Student\MSC Dissertation\Urban-Vision-Benchmark\Datasets\MTSD\Prepared\MTSD-Unaugmented\MTSD-YOLO\test\images\grp8_58621eda-IMG_0203.JPG,2153.52,1348.91,3428.11,2540.37,0.3594,one way sign,True,True,230.7,mtsd-p4
SAM 3,one way sign,grp8_58621eda-IMG_0203.JPG,E:\2. UM-Student\MSC Dissertation\Urban-Vision-Benchmark\Datasets\MTSD\Prepared\MTSD-Unaugmented\MTSD-YOLO\test\images\grp8_58621eda-IMG_0203.JPG,1440.89,1165.49,3765.45,2768.08,0.8633,one way sign,True,True,230.7,mtsd-p4
SAM 3,one way sign,grp8_59dbbf2e-side.jpg,E:\2. UM-Student\MSC Dissertation\Urban-Vision-Benchmark\Datasets\MTSD\Prepared\MTSD-Unaugmented\MTSD-YOLO\test\images\grp8_59dbbf2e-side.jpg,,,,,,<no detections>,False,True,166.6,mtsd-p4
SAM 3,one way sign,grp8_5abf970a-side.jpg,E:\2. UM-Student\MSC Dissertation\Urban-Vision-Benchmark\Datasets\MTSD\Prepared\MTSD-Unaugmented\MTSD-YOLO\test\images\grp8_5abf970a-side.jpg,1912.33,1166.92,2174.96,1898.65,0.3105,one way sign,True,True,170.2,mtsd-p4
SAM 3,one way sign,grp8_5abf970a-side.jpg,E:\2. UM-Student\MSC Dissertation\Urban-Vision-Benchmark\Datasets\MTSD\Prepared\MTSD-Unaugmented\MTSD-YOLO\test\images\grp8_5abf970a-side.jpg,1874.16,724.8,2259.81,2091.06,0.8984,one way sign,True,True,170.2,mtsd-p4
SAM 3,one way sign,grp8_5f257ae9-IMG_0112.jpg,E:\2. UM-Student\MSC Dissertation\Urban-Vision-Benchmark\Datasets\MTSD\Prepared\MTSD-Unaugmented\MTSD-YOLO\test\images\grp8_5f257ae9-IMG_0112.jpg,,,,,,<no detections>,False,True,199.0,mtsd-p4
SAM 3,one way sign,grp8_646a4174-side.jpg,E:\2. UM-Student\MSC Dissertation\Urban-Vision-Benchmark\Datasets\MTSD\Prepared\MTSD-Unaugmented\MTSD-YOLO\test\images\grp8_646a4174-side.jpg,907.57,863.23,1806.9,2824.32,0.4492,one way sign,True,True,181.2,mtsd-p4
SAM 3,one way sign,grp8_646a4174-side.jpg,E:\2. UM-Student\MSC Dissertation\Urban-Vision-Benchmark\Datasets\MTSD\Prepared\MTSD-Unaugmented\MTSD-YOLO\test\images\grp8_646a4174-side.jpg,1002.16,860.38,1781.13,2316.21,0.5508,one way sign,True,True,181.2,mtsd-p4
SAM 3,one way sign,grp8_6b72502b-back.jpg,E:\2. UM-Student\MSC Dissertation\Urban-Vision-Benchmark\Datasets\MTSD\Prepared\MTSD-Unaugmented\MTSD-YOLO\test\images\grp8_6b72502b-back.jpg,,,,,,<no detections>,False,True,144.2,mtsd-p4
SAM 3,one way sign,grp8_70a9ea7f-side.jpg,E:\2. UM-Student\MSC Dissertation\Urban-Vision-Benchmark\Datasets\MTSD\Prepared\MTSD-Unaugmented\MTSD-YOLO\test\images\grp8_70a9ea7f-side.jpg,984.09,514.24,1667.88,1548.52,0.5508,one way sign,True,True,165.0,mtsd-p4
SAM 3,one way sign,grp8_73e17aa1-back.jpg,E:\2. UM-Student\MSC Dissertation\Urban-Vision-Benchmark\Datasets\MTSD\Prepared\MTSD-Unaugmented\MTSD-YOLO\test\images\grp8_73e17aa1-back.jpg,,,,,,<no detections>,False,True,148.1,mtsd-p4
SAM 3,one way sign,grp8_74a729c2-IMG_0138.jpg,E:\2. UM-Student\MSC Dissertation\Urban-Vision-Benchmark\Datasets\MTSD\Prepared\MTSD-Unaugmented\MTSD-YOLO\test\images\grp8_74a729c2-IMG_0138.jpg,,,,,,<no detections>,False,True,222.6,mtsd-p4
SAM 3,one way sign,grp8_77233a9d-IMG_0190_Blurred.JPG,E:\2. UM-Student\MSC Dissertation\Urban-Vision-Benchmark\Datasets\MTSD\Prepared\MTSD-Unaugmented\MTSD-YOLO\test\images\grp8_77233a9d-IMG_0190_Blurred.JPG,1028.98,1342.4,2273.84,4339.88,0.5273,one way sign,True,True,300.9,mtsd-p4
SAM 3,one way sign,grp8_77233a9d-IMG_0190_Blurred.JPG,E:\2. UM-Student\MSC Dissertation\Urban-Vision-Benchmark\Datasets\MTSD\Prepared\MTSD-Unaugmented\MTSD-YOLO\test\images\grp8_77233a9d-IMG_0190_Blurred.JPG,778.53,4645.5,930.04,4710.53,0.3945,one way sign,True,True,300.9,mtsd-p4
SAM 3,one way sign,grp8_7cc436b9-Back.jpg,E:\2. UM-Student\MSC Dissertation\Urban-Vision-Benchmark\Datasets\MTSD\Prepared\MTSD-Unaugmented\MTSD-YOLO\test\images\grp8_7cc436b9-Back.jpg,,,,,,<no detections>,False,True,138.0,mtsd-p4
SAM 3,one way sign,grp8_838e07cd-IMG_0097.jpg,E:\2. UM-Student\MSC Dissertation\Urban-Vision-Benchmark\Datasets\MTSD\Prepared\MTSD-Unaugmented\MTSD-YOLO\test\images\grp8_838e07cd-IMG_0097.jpg,,,,,,<no detections>,False,True,191.5,mtsd-p4
SAM 3,one way sign,grp8_87d39243-IMG_0210.JPG,E:\2. UM-Student\MSC Dissertation\Urban-Vision-Benchmark\Datasets\MTSD\Prepared\MTSD-Unaugmented\MTSD-YOLO\test\images\grp8_87d39243-IMG_0210.JPG,,,,,,<no detections>,False,True,200.8,mtsd-p4
SAM 3,one way sign,grp8_8bd74996-side.jpg,E:\2. UM-Student\MSC Dissertation\Urban-Vision-Benchmark\Datasets\MTSD\Prepared\MTSD-Unaugmented\MTSD-YOLO\test\images\grp8_8bd74996-side.jpg,1889.49,955.78,2162.14,1809.63,0.6875,one way sign,True,True,169.8,mtsd-p4
SAM 3,one way sign,grp8_8dc5354c-IMG_0141.JPG,E:\2. UM-Student\MSC Dissertation\Urban-Vision-Benchmark\Datasets\MTSD\Prepared\MTSD-Unaugmented\MTSD-YOLO\test\images\grp8_8dc5354c-IMG_0141.JPG,,,,,,<no detections>,False,True,208.0,mtsd-p4
SAM 3,one way sign,grp8_8e544be4-side.jpg,E:\2. UM-Student\MSC Dissertation\Urban-Vision-Benchmark\Datasets\MTSD\Prepared\MTSD-Unaugmented\MTSD-YOLO\test\images\grp8_8e544be4-side.jpg,1546.63,1027.82,1950.9,2122.92,0.6562,one way sign,True,True,178.3,mtsd-p4
SAM 3,one way sign,grp8_8edb630b-IMG_0208.JPG,E:\2. UM-Student\MSC Dissertation\Urban-Vision-Benchmark\Datasets\MTSD\Prepared\MTSD-Unaugmented\MTSD-YOLO\test\images\grp8_8edb630b-IMG_0208.JPG,1904.05,1134.51,3365.61,3009.1,0.3594,one way sign,True,True,208.0,mtsd-p4
SAM 3,one way sign,grp8_8ff667a0-IMG_0209.JPG,E:\2. UM-Student\MSC Dissertation\Urban-Vision-Benchmark\Datasets\MTSD\Prepared\MTSD-Unaugmented\MTSD-YOLO\test\images\grp8_8ff667a0-IMG_0209.JPG,1709.29,1790.98,3739.93,2774.12,0.3242,one way sign,True,True,210.4,mtsd-p4
SAM 3,one way sign,grp8_9a101d8f-side.jpg,E:\2. UM-Student\MSC Dissertation\Urban-Vision-Benchmark\Datasets\MTSD\Prepared\MTSD-Unaugmented\MTSD-YOLO\test\images\grp8_9a101d8f-side.jpg,1301.51,412.93,1708.11,2200.08,0.3867,one way sign,True,True,159.7,mtsd-p4
SAM 3,one way sign,grp8_9f69e083-Front.jpg,E:\2. UM-Student\MSC Dissertation\Urban-Vision-Benchmark\Datasets\MTSD\Prepared\MTSD-Unaugmented\MTSD-YOLO\test\images\grp8_9f69e083-Front.jpg,947.01,1680.89,1424.73,2156.86,0.3926,one way sign,True,True,157.5,mtsd-p4
SAM 3,one way sign,grp8_a27e76cc-back.jpg,E:\2. UM-Student\MSC Dissertation\Urban-Vision-Benchmark\Datasets\MTSD\Prepared\MTSD-Unaugmented\MTSD-YOLO\test\images\grp8_a27e76cc-back.jpg,,,,,,<no detections>,False,True,148.4,mtsd-p4
SAM 3,one way sign,grp8_aa3bff09-side.jpg,E:\2. UM-Student\MSC Dissertation\Urban-Vision-Benchmark\Datasets\MTSD\Prepared\MTSD-Unaugmented\MTSD-YOLO\test\images\grp8_aa3bff09-side.jpg,,,,,,<no detections>,False,True,146.0,mtsd-p4
SAM 3,one way sign,grp8_aafe9a1b-front.jpg,E:\2. UM-Student\MSC Dissertation\Urban-Vision-Benchmark\Datasets\MTSD\Prepared\MTSD-Unaugmented\MTSD-YOLO\test\images\grp8_aafe9a1b-front.jpg,,,,,,<no detections>,False,True,155.2,mtsd-p4
SAM 3,one way sign,grp8_ad4861cb-back.jpg,E:\2. UM-Student\MSC Dissertation\Urban-Vision-Benchmark\Datasets\MTSD\Prepared\MTSD-Unaugmented\MTSD-YOLO\test\images\grp8_ad4861cb-back.jpg,,,,,,<no detections>,False,True,149.3,mtsd-p4
SAM 3,one way sign,grp8_aeadaf7d-Side.jpg,E:\2. UM-Student\MSC Dissertation\Urban-Vision-Benchmark\Datasets\MTSD\Prepared\MTSD-Unaugmented\MTSD-YOLO\test\images\grp8_aeadaf7d-Side.jpg,,,,,,<no detections>,False,True,163.1,mtsd-p4
SAM 3,one way sign,grp8_aec35ad8-back.jpg,E:\2. UM-Student\MSC Dissertation\Urban-Vision-Benchmark\Datasets\MTSD\Prepared\MTSD-Unaugmented\MTSD-YOLO\test\images\grp8_aec35ad8-back.jpg,643.33,2968.18,729.78,3024.0,0.3242,one way sign,True,True,199.4,mtsd-p4
SAM 3,one way sign,grp8_b1123daa-front.jpg,E:\2. UM-Student\MSC Dissertation\Urban-Vision-Benchmark\Datasets\MTSD\Prepared\MTSD-Unaugmented\MTSD-YOLO\test\images\grp8_b1123daa-front.jpg,,,,,,<no detections>,False,True,149.7,mtsd-p4
SAM 3,one way sign,grp8_b6ae6e3d-back.jpg,E:\2. UM-Student\MSC Dissertation\Urban-Vision-Benchmark\Datasets\MTSD\Prepared\MTSD-Unaugmented\MTSD-YOLO\test\images\grp8_b6ae6e3d-back.jpg,1132.05,2981.63,1208.4,3058.63,0.7227,one way sign,True,True,178.6,mtsd-p4
SAM 3,one way sign,grp8_b9028e28-side.jpg,E:\2. UM-Student\MSC Dissertation\Urban-Vision-Benchmark\Datasets\MTSD\Prepared\MTSD-Unaugmented\MTSD-YOLO\test\images\grp8_b9028e28-side.jpg,808.18,1548.69,1768.48,2628.75,0.8594,one way sign,True,True,181.3,mtsd-p4
SAM 3,one way sign,grp8_b9028e28-side.jpg,E:\2. UM-Student\MSC Dissertation\Urban-Vision-Benchmark\Datasets\MTSD\Prepared\MTSD-Unaugmented\MTSD-YOLO\test\images\grp8_b9028e28-side.jpg,587.41,434.0,1609.43,1953.03,0.6836,one way sign,True,True,181.3,mtsd-p4
SAM 3,one way sign,grp8_b9028e28-side.jpg,E:\2. UM-Student\MSC Dissertation\Urban-Vision-Benchmark\Datasets\MTSD\Prepared\MTSD-Unaugmented\MTSD-YOLO\test\images\grp8_b9028e28-side.jpg,913.06,696.47,1551.21,1818.25,0.3789,one way sign,True,True,181.3,mtsd-p4
SAM 3,one way sign,grp8_c01f5341-IMG_0123.jpg,E:\2. UM-Student\MSC Dissertation\Urban-Vision-Benchmark\Datasets\MTSD\Prepared\MTSD-Unaugmented\MTSD-YOLO\test\images\grp8_c01f5341-IMG_0123.jpg,1818.06,952.71,2812.42,2946.14,0.6914,one way sign,True,True,237.5,mtsd-p4
SAM 3,one way sign,grp8_c89fb86b-IMG_0117.jpg,E:\2. UM-Student\MSC Dissertation\Urban-Vision-Benchmark\Datasets\MTSD\Prepared\MTSD-Unaugmented\MTSD-YOLO\test\images\grp8_c89fb86b-IMG_0117.jpg,1881.31,1448.77,2501.76,3397.8,0.7969,one way sign,True,True,217.1,mtsd-p4
SAM 3,one way sign,grp8_c96fcc1a-IMG_0217.JPG,E:\2. UM-Student\MSC Dissertation\Urban-Vision-Benchmark\Datasets\MTSD\Prepared\MTSD-Unaugmented\MTSD-YOLO\test\images\grp8_c96fcc1a-IMG_0217.JPG,2023.19,1450.08,3257.91,2611.02,0.7461,one way sign,True,True,235.7,mtsd-p4
SAM 3,one way sign,grp8_d8a4fa9b-front.jpg,E:\2. UM-Student\MSC Dissertation\Urban-Vision-Benchmark\Datasets\MTSD\Prepared\MTSD-Unaugmented\MTSD-YOLO\test\images\grp8_d8a4fa9b-front.jpg,,,,,,<no detections>,False,True,149.0,mtsd-p4
SAM 3,one way sign,grp8_d8e91d56-side.jpg,E:\2. UM-Student\MSC Dissertation\Urban-Vision-Benchmark\Datasets\MTSD\Prepared\MTSD-Unaugmented\MTSD-YOLO\test\images\grp8_d8e91d56-side.jpg,1788.58,870.75,2056.01,1772.44,0.6758,one way sign,True,True,192.9,mtsd-p4
SAM 3,one way sign,grp8_dd88f02c-IMG_0092.jpg,E:\2. UM-Student\MSC Dissertation\Urban-Vision-Benchmark\Datasets\MTSD\Prepared\MTSD-Unaugmented\MTSD-YOLO\test\images\grp8_dd88f02c-IMG_0092.jpg,1683.26,1572.17,2734.31,3663.02,0.7773,one way sign,True,True,229.4,mtsd-p4
SAM 3,one way sign,grp8_ea4926f3-side.jpg,E:\2. UM-Student\MSC Dissertation\Urban-Vision-Benchmark\Datasets\MTSD\Prepared\MTSD-Unaugmented\MTSD-YOLO\test\images\grp8_ea4926f3-side.jpg,1131.9,751.32,1960.98,2455.43,0.9297,one way sign,True,True,201.9,mtsd-p4
SAM 3,one way sign,grp8_ebf4ab1a-IMG_0198.JPG,E:\2. UM-Student\MSC Dissertation\Urban-Vision-Benchmark\Datasets\MTSD\Prepared\MTSD-Unaugmented\MTSD-YOLO\test\images\grp8_ebf4ab1a-IMG_0198.JPG,,,,,,<no detections>,False,True,200.4,mtsd-p4
SAM 3,one way sign,grp8_edb6fab3-IMG_0189.JPG,E:\2. UM-Student\MSC Dissertation\Urban-Vision-Benchmark\Datasets\MTSD\Prepared\MTSD-Unaugmented\MTSD-YOLO\test\images\grp8_edb6fab3-IMG_0189.JPG,2112.56,990.88,4451.6,3596.01,0.4375,one way sign,True,True,237.9,mtsd-p4
SAM 3,one way sign,grp8_f07ed5ce-Side.jpg,E:\2. UM-Student\MSC Dissertation\Urban-Vision-Benchmark\Datasets\MTSD\Prepared\MTSD-Unaugmented\MTSD-YOLO\test\images\grp8_f07ed5ce-Side.jpg,909.89,1128.38,1453.73,2351.66,0.4316,one way sign,True,True,149.8,mtsd-p4
SAM 3,one way sign,grp8_f3e45a2c-front.jpg,E:\2. UM-Student\MSC Dissertation\Urban-Vision-Benchmark\Datasets\MTSD\Prepared\MTSD-Unaugmented\MTSD-YOLO\test\images\grp8_f3e45a2c-front.jpg,1012.29,1489.85,1487.21,2208.73,0.4336,one way sign,True,True,141.0,mtsd-p4
SAM 3,one way sign,grp8_f5d48b4c-front.jpg,E:\2. UM-Student\MSC Dissertation\Urban-Vision-Benchmark\Datasets\MTSD\Prepared\MTSD-Unaugmented\MTSD-YOLO\test\images\grp8_f5d48b4c-front.jpg,3482.63,2549.74,3632.03,3024.0,0.3262,one way sign,True,True,193.2,mtsd-p4
SAM 3,one way sign,grp8_f5d48b4c-front.jpg,E:\2. UM-Student\MSC Dissertation\Urban-Vision-Benchmark\Datasets\MTSD\Prepared\MTSD-Unaugmented\MTSD-YOLO\test\images\grp8_f5d48b4c-front.jpg,3478.37,2551.21,3598.17,2667.09,0.7773,one way sign,True,True,193.2,mtsd-p4
SAM 3,one way sign,grp8_fc124a5b-Back.jpg,E:\2. UM-Student\MSC Dissertation\Urban-Vision-Benchmark\Datasets\MTSD\Prepared\MTSD-Unaugmented\MTSD-YOLO\test\images\grp8_fc124a5b-Back.jpg,528.16,2324.59,1688.59,3006.35,0.4121,one way sign,True,True,171.9,mtsd-p4
SAM 3,one way sign,grp8_fc124a5b-Back.jpg,E:\2. UM-Student\MSC Dissertation\Urban-Vision-Benchmark\Datasets\MTSD\Prepared\MTSD-Unaugmented\MTSD-YOLO\test\images\grp8_fc124a5b-Back.jpg,465.81,37.59,1648.4,1365.75,0.8789,one way sign,True,True,171.9,mtsd-p4
SAM 3,one way sign,grp8_fc6650ab-front.jpg,E:\2. UM-Student\MSC Dissertation\Urban-Vision-Benchmark\Datasets\MTSD\Prepared\MTSD-Unaugmented\MTSD-YOLO\test\images\grp8_fc6650ab-front.jpg,114.99,849.49,1768.33,2038.28,0.9336,one way sign,True,True,155.4,mtsd-p4
SAM 3,one way sign,grp9_00e70ac4-IMG_20251111_140913.jpg,E:\2. UM-Student\MSC Dissertation\Urban-Vision-Benchmark\Datasets\MTSD\Prepared\MTSD-Unaugmented\MTSD-YOLO\test\images\grp9_00e70ac4-IMG_20251111_140913.jpg,0.0,2724.32,341.42,3484.0,0.4961,one way sign,True,True,154.9,mtsd-p4
SAM 3,one way sign,grp9_01e24ee9-IMG_20251106_145403.jpg,E:\2. UM-Student\MSC Dissertation\Urban-Vision-Benchmark\Datasets\MTSD\Prepared\MTSD-Unaugmented\MTSD-YOLO\test\images\grp9_01e24ee9-IMG_20251106_145403.jpg,,,,,,<no detections>,False,True,150.4,mtsd-p4
SAM 3,one way sign,grp9_01ed8620-IMG_20251111_162316.jpg,E:\2. UM-Student\MSC Dissertation\Urban-Vision-Benchmark\Datasets\MTSD\Prepared\MTSD-Unaugmented\MTSD-YOLO\test\images\grp9_01ed8620-IMG_20251111_162316.jpg,2084.32,2205.49,2218.68,2391.19,0.7656,one way sign,True,True,192.2,mtsd-p4
SAM 3,one way sign,grp9_01ed8620-IMG_20251111_162316.jpg,E:\2. UM-Student\MSC Dissertation\Urban-Vision-Benchmark\Datasets\MTSD\Prepared\MTSD-Unaugmented\MTSD-YOLO\test\images\grp9_01ed8620-IMG_20251111_162316.jpg,859.55,1587.21,1205.43,2045.85,0.6094,one way sign,True,True,192.2,mtsd-p4
SAM 3,one way sign,grp9_04c8a7cf-IMG_20251211_162331.jpg,E:\2. UM-Student\MSC Dissertation\Urban-Vision-Benchmark\Datasets\MTSD\Prepared\MTSD-Unaugmented\MTSD-YOLO\test\images\grp9_04c8a7cf-IMG_20251211_162331.jpg,,,,,,<no detections>,False,True,160.7,mtsd-p4
SAM 3,one way sign,grp9_0ee59f09-M8_side.jpg,E:\2. UM-Student\MSC Dissertation\Urban-Vision-Benchmark\Datasets\MTSD\Prepared\MTSD-Unaugmented\MTSD-YOLO\test\images\grp9_0ee59f09-M8_side.jpg,,,,,,<no detections>,False,True,149.8,mtsd-p4
SAM 3,one way sign,grp9_109ae844-20251122_134645.jpg,E:\2. UM-Student\MSC Dissertation\Urban-Vision-Benchmark\Datasets\MTSD\Prepared\MTSD-Unaugmented\MTSD-YOLO\test\images\grp9_109ae844-20251122_134645.jpg,,,,,,<no detections>,False,True,149.9,mtsd-p4
SAM 3,one way sign,grp9_10b6edc4-IMG_20251112_160648.jpg,E:\2. UM-Student\MSC Dissertation\Urban-Vision-Benchmark\Datasets\MTSD\Prepared\MTSD-Unaugmented\MTSD-YOLO\test\images\grp9_10b6edc4-IMG_20251112_160648.jpg,,,,,,<no detections>,False,True,160.3,mtsd-p4
SAM 3,one way sign,grp9_14b6af7e-IMG_20251106_142858.jpg,E:\2. UM-Student\MSC Dissertation\Urban-Vision-Benchmark\Datasets\MTSD\Prepared\MTSD-Unaugmented\MTSD-YOLO\test\images\grp9_14b6af7e-IMG_20251106_142858.jpg,,,,,,<no detections>,False,True,228.5,mtsd-p4
SAM 3,one way sign,grp9_1792c5c3-WhatsApp_Image_2026-01-03_at_18.45.37.jpeg,E:\2. UM-Student\MSC Dissertation\Urban-Vision-Benchmark\Datasets\MTSD\Prepared\MTSD-Unaugmented\MTSD-YOLO\test\images\grp9_1792c5c3-WhatsApp_Image_2026-01-03_at_18.45.37.jpeg,,,,,,<no detections>,False,True,113.9,mtsd-p4
SAM 3,one way sign,grp9_1f50c9e9-WhatsApp_Image_2026-01-01_at_18.13.18.jpeg,E:\2. UM-Student\MSC Dissertation\Urban-Vision-Benchmark\Datasets\MTSD\Prepared\MTSD-Unaugmented\MTSD-YOLO\test\images\grp9_1f50c9e9-WhatsApp_Image_2026-01-01_at_18.13.18.jpeg,,,,,,<no detections>,False,True,115.9,mtsd-p4
SAM 3,one way sign,grp9_21d58e17-S3_back.jpg,E:\2. UM-Student\MSC Dissertation\Urban-Vision-Benchmark\Datasets\MTSD\Prepared\MTSD-Unaugmented\MTSD-YOLO\test\images\grp9_21d58e17-S3_back.jpg,,,,,,<no detections>,False,True,160.4,mtsd-p4
SAM 3,one way sign,grp9_24a6f4e2-20251122_141915.jpg,E:\2. UM-Student\MSC Dissertation\Urban-Vision-Benchmark\Datasets\MTSD\Prepared\MTSD-Unaugmented\MTSD-YOLO\test\images\grp9_24a6f4e2-20251122_141915.jpg,,,,,,<no detections>,False,True,151.5,mtsd-p4
SAM 3,one way sign,grp9_29bd496f-IMG_20251106_153126.jpg,E:\2. UM-Student\MSC Dissertation\Urban-Vision-Benchmark\Datasets\MTSD\Prepared\MTSD-Unaugmented\MTSD-YOLO\test\images\grp9_29bd496f-IMG_20251106_153126.jpg,,,,,,<no detections>,False,True,181.4,mtsd-p4
SAM 3,one way sign,grp9_2c12e74f-IMG_20251106_141727.jpg,E:\2. UM-Student\MSC Dissertation\Urban-Vision-Benchmark\Datasets\MTSD\Prepared\MTSD-Unaugmented\MTSD-YOLO\test\images\grp9_2c12e74f-IMG_20251106_141727.jpg,,,,,,<no detections>,False,True,147.5,mtsd-p4
SAM 3,one way sign,grp9_31a93fb3-20251122_141601.jpg,E:\2. UM-Student\MSC Dissertation\Urban-Vision-Benchmark\Datasets\MTSD\Prepared\MTSD-Unaugmented\MTSD-YOLO\test\images\grp9_31a93fb3-20251122_141601.jpg,,,,,,<no detections>,False,True,152.0,mtsd-p4
SAM 3,one way sign,grp9_3724af9d-IMG_20251106_144506.jpg,E:\2. UM-Student\MSC Dissertation\Urban-Vision-Benchmark\Datasets\MTSD\Prepared\MTSD-Unaugmented\MTSD-YOLO\test\images\grp9_3724af9d-IMG_20251106_144506.jpg,,,,,,<no detections>,False,True,147.5,mtsd-p4
SAM 3,one way sign,grp9_37f0c8a3-IMG_20251111_162207.jpg,E:\2. UM-Student\MSC Dissertation\Urban-Vision-Benchmark\Datasets\MTSD\Prepared\MTSD-Unaugmented\MTSD-YOLO\test\images\grp9_37f0c8a3-IMG_20251111_162207.jpg,1876.54,2664.48,1962.28,2788.84,0.5156,one way sign,True,True,189.1,mtsd-p4
SAM 3,one way sign,grp9_3cb31cc9-IMG_20251106_141426.jpg,E:\2. UM-Student\MSC Dissertation\Urban-Vision-Benchmark\Datasets\MTSD\Prepared\MTSD-Unaugmented\MTSD-YOLO\test\images\grp9_3cb31cc9-IMG_20251106_141426.jpg,1022.3,1773.92,2150.03,2740.51,0.4336,one way sign,True,True,214.9,mtsd-p4
SAM 3,one way sign,grp9_3cb31cc9-IMG_20251106_141426.jpg,E:\2. UM-Student\MSC Dissertation\Urban-Vision-Benchmark\Datasets\MTSD\Prepared\MTSD-Unaugmented\MTSD-YOLO\test\images\grp9_3cb31cc9-IMG_20251106_141426.jpg,835.87,1550.71,2322.5,2982.71,0.7852,one way sign,True,True,214.9,mtsd-p4
SAM 3,one way sign,grp9_3cb31cc9-IMG_20251106_141426.jpg,E:\2. UM-Student\MSC Dissertation\Urban-Vision-Benchmark\Datasets\MTSD\Prepared\MTSD-Unaugmented\MTSD-YOLO\test\images\grp9_3cb31cc9-IMG_20251106_141426.jpg,658.95,94.29,2528.06,1574.92,0.7148,one way sign,True,True,214.9,mtsd-p4
SAM 3,one way sign,grp9_3cb31cc9-IMG_20251106_141426.jpg,E:\2. UM-Student\MSC Dissertation\Urban-Vision-Benchmark\Datasets\MTSD\Prepared\MTSD-Unaugmented\MTSD-YOLO\test\images\grp9_3cb31cc9-IMG_20251106_141426.jpg,2312.78,2451.44,2370.53,2507.52,0.3379,one way sign,True,True,214.9,mtsd-p4
SAM 3,one way sign,grp9_42edbee1-IMG_20251210_142157.jpg,E:\2. UM-Student\MSC Dissertation\Urban-Vision-Benchmark\Datasets\MTSD\Prepared\MTSD-Unaugmented\MTSD-YOLO\test\images\grp9_42edbee1-IMG_20251210_142157.jpg,1284.51,1998.02,1870.1,2496.57,0.9258,one way sign,True,True,202.0,mtsd-p4
SAM 3,one way sign,grp9_4319ca3a-WhatsApp_Image_2026-01-03_at_18.45.41.jpeg,E:\2. UM-Student\MSC Dissertation\Urban-Vision-Benchmark\Datasets\MTSD\Prepared\MTSD-Unaugmented\MTSD-YOLO\test\images\grp9_4319ca3a-WhatsApp_Image_2026-01-03_at_18.45.41.jpeg,646.09,871.62,755.05,1157.86,0.7188,one way sign,True,True,122.0,mtsd-p4
SAM 3,one way sign,grp9_4319ca3a-WhatsApp_Image_2026-01-03_at_18.45.41.jpeg,E:\2. UM-Student\MSC Dissertation\Urban-Vision-Benchmark\Datasets\MTSD\Prepared\MTSD-Unaugmented\MTSD-YOLO\test\images\grp9_4319ca3a-WhatsApp_Image_2026-01-03_at_18.45.41.jpeg,674.63,540.01,768.86,883.62,0.4902,one way sign,True,True,122.0,mtsd-p4
SAM 3,one way sign,grp9_441ca6d9-WhatsApp_Image_2026-01-03_at_18.45.36_2.jpeg,E:\2. UM-Student\MSC Dissertation\Urban-Vision-Benchmark\Datasets\MTSD\Prepared\MTSD-Unaugmented\MTSD-YOLO\test\images\grp9_441ca6d9-WhatsApp_Image_2026-01-03_at_18.45.36_2.jpeg,,,,,,<no detections>,False,True,116.3,mtsd-p4
SAM 3,one way sign,grp9_44654df9-WhatsApp_Image_2026-01-03_at_18.45.36_3.jpeg,E:\2. UM-Student\MSC Dissertation\Urban-Vision-Benchmark\Datasets\MTSD\Prepared\MTSD-Unaugmented\MTSD-YOLO\test\images\grp9_44654df9-WhatsApp_Image_2026-01-03_at_18.45.36_3.jpeg,532.6,714.09,830.14,963.07,0.9141,one way sign,True,True,115.8,mtsd-p4
SAM 3,one way sign,grp9_48f9d230-IMG_20251112_155513.jpg,E:\2. UM-Student\MSC Dissertation\Urban-Vision-Benchmark\Datasets\MTSD\Prepared\MTSD-Unaugmented\MTSD-YOLO\test\images\grp9_48f9d230-IMG_20251112_155513.jpg,,,,,,<no detections>,False,True,162.3,mtsd-p4
SAM 3,one way sign,grp9_4a9c7d83-IMG_20251111_143857.jpg,E:\2. UM-Student\MSC Dissertation\Urban-Vision-Benchmark\Datasets\MTSD\Prepared\MTSD-Unaugmented\MTSD-YOLO\test\images\grp9_4a9c7d83-IMG_20251111_143857.jpg,1399.15,2069.15,1815.26,2437.27,0.9062,one way sign,True,True,163.5,mtsd-p4
SAM 3,one way sign,grp9_4d9da647-IMG_20251112_160636.jpg,E:\2. UM-Student\MSC Dissertation\Urban-Vision-Benchmark\Datasets\MTSD\Prepared\MTSD-Unaugmented\MTSD-YOLO\test\images\grp9_4d9da647-IMG_20251112_160636.jpg,,,,,,<no detections>,False,True,154.5,mtsd-p4
SAM 3,one way sign,grp9_561ba1c4-IMG_20251111_162044.jpg,E:\2. UM-Student\MSC Dissertation\Urban-Vision-Benchmark\Datasets\MTSD\Prepared\MTSD-Unaugmented\MTSD-YOLO\test\images\grp9_561ba1c4-IMG_20251111_162044.jpg,1882.85,2369.73,1985.3,2467.66,0.6445,one way sign,True,True,204.5,mtsd-p4
SAM 3,one way sign,grp9_561ba1c4-IMG_20251111_162044.jpg,E:\2. UM-Student\MSC Dissertation\Urban-Vision-Benchmark\Datasets\MTSD\Prepared\MTSD-Unaugmented\MTSD-YOLO\test\images\grp9_561ba1c4-IMG_20251111_162044.jpg,1224.25,1854.88,1584.73,2211.79,0.6367,one way sign,True,True,204.5,mtsd-p4
SAM 3,one way sign,grp9_58c8b920-IMG_20251106_153249.jpg,E:\2. UM-Student\MSC Dissertation\Urban-Vision-Benchmark\Datasets\MTSD\Prepared\MTSD-Unaugmented\MTSD-YOLO\test\images\grp9_58c8b920-IMG_20251106_153249.jpg,,,,,,<no detections>,False,True,156.1,mtsd-p4
SAM 3,one way sign,grp9_5b67e831-IMG_20251106_155530.jpg,E:\2. UM-Student\MSC Dissertation\Urban-Vision-Benchmark\Datasets\MTSD\Prepared\MTSD-Unaugmented\MTSD-YOLO\test\images\grp9_5b67e831-IMG_20251106_155530.jpg,,,,,,<no detections>,False,True,159.0,mtsd-p4
SAM 3,one way sign,grp9_636a2125-IMG_20251111_155635.jpg,E:\2. UM-Student\MSC Dissertation\Urban-Vision-Benchmark\Datasets\MTSD\Prepared\MTSD-Unaugmented\MTSD-YOLO\test\images\grp9_636a2125-IMG_20251111_155635.jpg,,,,,,<no detections>,False,True,147.2,mtsd-p4
SAM 3,one way sign,grp9_673470fc-IMG_20251111_160954.jpg,E:\2. UM-Student\MSC Dissertation\Urban-Vision-Benchmark\Datasets\MTSD\Prepared\MTSD-Unaugmented\MTSD-YOLO\test\images\grp9_673470fc-IMG_20251111_160954.jpg,2157.52,2286.43,2238.7,2371.76,0.8008,one way sign,True,True,252.4,mtsd-p4
SAM 3,one way sign,grp9_673470fc-IMG_20251111_160954.jpg,E:\2. UM-Student\MSC Dissertation\Urban-Vision-Benchmark\Datasets\MTSD\Prepared\MTSD-Unaugmented\MTSD-YOLO\test\images\grp9_673470fc-IMG_20251111_160954.jpg,1664.37,2393.63,1714.55,2446.56,0.4141,one way sign,True,True,252.4,mtsd-p4
SAM 3,one way sign,grp9_673470fc-IMG_20251111_160954.jpg,E:\2. UM-Student\MSC Dissertation\Urban-Vision-Benchmark\Datasets\MTSD\Prepared\MTSD-Unaugmented\MTSD-YOLO\test\images\grp9_673470fc-IMG_20251111_160954.jpg,1012.11,2309.42,1096.83,2396.68,0.8008,one way sign,True,True,252.4,mtsd-p4
SAM 3,one way sign,grp9_6867b383-IMG_20251111_160020.jpg,E:\2. UM-Student\MSC Dissertation\Urban-Vision-Benchmark\Datasets\MTSD\Prepared\MTSD-Unaugmented\MTSD-YOLO\test\images\grp9_6867b383-IMG_20251111_160020.jpg,1271.91,1685.36,1731.0,2133.19,0.8594,one way sign,True,True,169.0,mtsd-p4
SAM 3,one way sign,grp9_6ad958e6-IMG_20251112_155635.jpg,E:\2. UM-Student\MSC Dissertation\Urban-Vision-Benchmark\Datasets\MTSD\Prepared\MTSD-Unaugmented\MTSD-YOLO\test\images\grp9_6ad958e6-IMG_20251112_155635.jpg,,,,,,<no detections>,False,True,151.3,mtsd-p4
SAM 3,one way sign,grp9_6adfb65e-WhatsApp_Image_2026-01-01_at_18.13.00_2.jpeg,E:\2. UM-Student\MSC Dissertation\Urban-Vision-Benchmark\Datasets\MTSD\Prepared\MTSD-Unaugmented\MTSD-YOLO\test\images\grp9_6adfb65e-WhatsApp_Image_2026-01-01_at_18.13.00_2.jpeg,,,,,,<no detections>,False,True,123.9,mtsd-p4
SAM 3,one way sign,grp9_6e84abf6-IMG_20251106_145409.jpg,E:\2. UM-Student\MSC Dissertation\Urban-Vision-Benchmark\Datasets\MTSD\Prepared\MTSD-Unaugmented\MTSD-YOLO\test\images\grp9_6e84abf6-IMG_20251106_145409.jpg,1013.77,1058.69,2326.3,1943.51,0.6719,one way sign,True,True,204.6,mtsd-p4
SAM 3,one way sign,grp9_73c5c90a-IMG_20251106_152941.jpg,E:\2. UM-Student\MSC Dissertation\Urban-Vision-Benchmark\Datasets\MTSD\Prepared\MTSD-Unaugmented\MTSD-YOLO\test\images\grp9_73c5c90a-IMG_20251106_152941.jpg,,,,,,<no detections>,False,True,150.8,mtsd-p4
SAM 3,one way sign,grp9_76700fa1-IMG_20251111_162238.jpg,E:\2. UM-Student\MSC Dissertation\Urban-Vision-Benchmark\Datasets\MTSD\Prepared\MTSD-Unaugmented\MTSD-YOLO\test\images\grp9_76700fa1-IMG_20251111_162238.jpg,1839.13,2137.79,1993.7,2306.77,0.8438,one way sign,True,True,229.3,mtsd-p4
SAM 3,one way sign,grp9_7b22f970-IMG_20251106_152243.jpg,E:\2. UM-Student\MSC Dissertation\Urban-Vision-Benchmark\Datasets\MTSD\Prepared\MTSD-Unaugmented\MTSD-YOLO\test\images\grp9_7b22f970-IMG_20251106_152243.jpg,1055.87,2054.18,1936.96,3059.76,0.6406,one way sign,True,True,187.1,mtsd-p4
SAM 3,one way sign,grp9_7b22f970-IMG_20251106_152243.jpg,E:\2. UM-Student\MSC Dissertation\Urban-Vision-Benchmark\Datasets\MTSD\Prepared\MTSD-Unaugmented\MTSD-YOLO\test\images\grp9_7b22f970-IMG_20251106_152243.jpg,1101.7,824.71,1925.53,1793.39,0.3652,one way sign,True,True,187.1,mtsd-p4
SAM 3,one way sign,grp9_7d690022-WhatsApp_Image_2026-01-03_at_18.45.17_5.jpeg,E:\2. UM-Student\MSC Dissertation\Urban-Vision-Benchmark\Datasets\MTSD\Prepared\MTSD-Unaugmented\MTSD-YOLO\test\images\grp9_7d690022-WhatsApp_Image_2026-01-03_at_18.45.17_5.jpeg,,,,,,<no detections>,False,True,114.8,mtsd-p4
SAM 3,one way sign,grp9_815852c2-IMG_20251112_155220.jpg,E:\2. UM-Student\MSC Dissertation\Urban-Vision-Benchmark\Datasets\MTSD\Prepared\MTSD-Unaugmented\MTSD-YOLO\test\images\grp9_815852c2-IMG_20251112_155220.jpg,,,,,,<no detections>,False,True,153.7,mtsd-p4
SAM 3,one way sign,grp9_91c9ea8f-IMG_20251112_162243.jpg,E:\2. UM-Student\MSC Dissertation\Urban-Vision-Benchmark\Datasets\MTSD\Prepared\MTSD-Unaugmented\MTSD-YOLO\test\images\grp9_91c9ea8f-IMG_20251112_162243.jpg,1222.35,2081.91,1651.01,2621.87,0.498,one way sign,True,True,172.3,mtsd-p4
SAM 3,one way sign,grp9_93cceec3-IMG_20251112_162528.jpg,E:\2. UM-Student\MSC Dissertation\Urban-Vision-Benchmark\Datasets\MTSD\Prepared\MTSD-Unaugmented\MTSD-YOLO\test\images\grp9_93cceec3-IMG_20251112_162528.jpg,,,,,,<no detections>,False,True,152.8,mtsd-p4
SAM 3,one way sign,grp9_a133d565-WhatsApp_Image_2026-01-01_at_18.13.09.jpeg,E:\2. UM-Student\MSC Dissertation\Urban-Vision-Benchmark\Datasets\MTSD\Prepared\MTSD-Unaugmented\MTSD-YOLO\test\images\grp9_a133d565-WhatsApp_Image_2026-01-01_at_18.13.09.jpeg,,,,,,<no detections>,False,True,119.2,mtsd-p4
SAM 3,one way sign,grp9_a3c63c83-IMG_20251112_162857.jpg,E:\2. UM-Student\MSC Dissertation\Urban-Vision-Benchmark\Datasets\MTSD\Prepared\MTSD-Unaugmented\MTSD-YOLO\test\images\grp9_a3c63c83-IMG_20251112_162857.jpg,,,,,,<no detections>,False,True,161.8,mtsd-p4
SAM 3,one way sign,grp9_a6b8460c-20251122_140515.jpg,E:\2. UM-Student\MSC Dissertation\Urban-Vision-Benchmark\Datasets\MTSD\Prepared\MTSD-Unaugmented\MTSD-YOLO\test\images\grp9_a6b8460c-20251122_140515.jpg,2954.55,1667.96,3000.0,1820.74,0.7109,one way sign,True,True,161.0,mtsd-p4
SAM 3,one way sign,grp9_a745c9e2-IMG_20251106_152554.jpg,E:\2. UM-Student\MSC Dissertation\Urban-Vision-Benchmark\Datasets\MTSD\Prepared\MTSD-Unaugmented\MTSD-YOLO\test\images\grp9_a745c9e2-IMG_20251106_152554.jpg,,,,,,<no detections>,False,True,172.2,mtsd-p4
SAM 3,one way sign,grp9_a7e54ad2-IMG_20251210_141604.jpg,E:\2. UM-Student\MSC Dissertation\Urban-Vision-Benchmark\Datasets\MTSD\Prepared\MTSD-Unaugmented\MTSD-YOLO\test\images\grp9_a7e54ad2-IMG_20251210_141604.jpg,1396.71,1124.0,1598.05,2216.84,0.5117,one way sign,True,True,185.1,mtsd-p4
SAM 3,one way sign,grp9_ae723934-WhatsApp_Image_2026-01-03_at_18.45.36.jpeg,E:\2. UM-Student\MSC Dissertation\Urban-Vision-Benchmark\Datasets\MTSD\Prepared\MTSD-Unaugmented\MTSD-YOLO\test\images\grp9_ae723934-WhatsApp_Image_2026-01-03_at_18.45.36.jpeg,1138.16,595.05,1200.0,765.12,0.4492,one way sign,True,True,118.6,mtsd-p4
SAM 3,one way sign,grp9_ae723934-WhatsApp_Image_2026-01-03_at_18.45.36.jpeg,E:\2. UM-Student\MSC Dissertation\Urban-Vision-Benchmark\Datasets\MTSD\Prepared\MTSD-Unaugmented\MTSD-YOLO\test\images\grp9_ae723934-WhatsApp_Image_2026-01-03_at_18.45.36.jpeg,560.51,710.48,750.56,882.6,0.875,one way sign,True,True,118.6,mtsd-p4
SAM 3,one way sign,grp9_b775d113-IMG_20251111_162326.jpg,E:\2. UM-Student\MSC Dissertation\Urban-Vision-Benchmark\Datasets\MTSD\Prepared\MTSD-Unaugmented\MTSD-YOLO\test\images\grp9_b775d113-IMG_20251111_162326.jpg,732.76,2368.18,823.1,2575.86,0.8828,one way sign,True,True,198.8,mtsd-p4
SAM 3,one way sign,grp9_b8de4d86-IMG_20251112_162741.jpg,E:\2. UM-Student\MSC Dissertation\Urban-Vision-Benchmark\Datasets\MTSD\Prepared\MTSD-Unaugmented\MTSD-YOLO\test\images\grp9_b8de4d86-IMG_20251112_162741.jpg,1306.06,1638.76,1621.67,1984.71,0.9062,one way sign,True,True,180.4,mtsd-p4
SAM 3,one way sign,grp9_b8edf87e-IMG_20251106_153308.jpg,E:\2. UM-Student\MSC Dissertation\Urban-Vision-Benchmark\Datasets\MTSD\Prepared\MTSD-Unaugmented\MTSD-YOLO\test\images\grp9_b8edf87e-IMG_20251106_153308.jpg,,,,,,<no detections>,False,True,167.8,mtsd-p4
SAM 3,one way sign,grp9_c7a4a215-20251122_140026.jpg,E:\2. UM-Student\MSC Dissertation\Urban-Vision-Benchmark\Datasets\MTSD\Prepared\MTSD-Unaugmented\MTSD-YOLO\test\images\grp9_c7a4a215-20251122_140026.jpg,1305.26,990.16,2370.36,4000.0,0.4434,one way sign,True,True,216.4,mtsd-p4
SAM 3,one way sign,grp9_c7a4a215-20251122_140026.jpg,E:\2. UM-Student\MSC Dissertation\Urban-Vision-Benchmark\Datasets\MTSD\Prepared\MTSD-Unaugmented\MTSD-YOLO\test\images\grp9_c7a4a215-20251122_140026.jpg,1312.85,993.33,2370.4,2251.37,0.3867,one way sign,True,True,216.4,mtsd-p4
SAM 3,one way sign,grp9_c7a4a215-20251122_140026.jpg,E:\2. UM-Student\MSC Dissertation\Urban-Vision-Benchmark\Datasets\MTSD\Prepared\MTSD-Unaugmented\MTSD-YOLO\test\images\grp9_c7a4a215-20251122_140026.jpg,1310.1,991.47,2370.47,1984.04,0.3301,one way sign,True,True,216.4,mtsd-p4
SAM 3,one way sign,grp9_c8f9e8c2-M8_back.jpg,E:\2. UM-Student\MSC Dissertation\Urban-Vision-Benchmark\Datasets\MTSD\Prepared\MTSD-Unaugmented\MTSD-YOLO\test\images\grp9_c8f9e8c2-M8_back.jpg,,,,,,<no detections>,False,True,149.7,mtsd-p4
SAM 3,one way sign,grp9_cedb2f14-NE3_front.jpg,E:\2. UM-Student\MSC Dissertation\Urban-Vision-Benchmark\Datasets\MTSD\Prepared\MTSD-Unaugmented\MTSD-YOLO\test\images\grp9_cedb2f14-NE3_front.jpg,1481.05,1687.38,1914.65,2131.81,0.582,one way sign,True,True,169.3,mtsd-p4
SAM 3,one way sign,grp9_cedb2f14-NE3_front.jpg,E:\2. UM-Student\MSC Dissertation\Urban-Vision-Benchmark\Datasets\MTSD\Prepared\MTSD-Unaugmented\MTSD-YOLO\test\images\grp9_cedb2f14-NE3_front.jpg,1472.07,1677.31,1915.91,3945.08,0.3145,one way sign,True,True,169.3,mtsd-p4
SAM 3,one way sign,grp9_d09450b2-IMG_20251112_155615.jpg,E:\2. UM-Student\MSC Dissertation\Urban-Vision-Benchmark\Datasets\MTSD\Prepared\MTSD-Unaugmented\MTSD-YOLO\test\images\grp9_d09450b2-IMG_20251112_155615.jpg,,,,,,<no detections>,False,True,152.7,mtsd-p4
SAM 3,one way sign,grp9_d4f4f35a-WhatsApp_Image_2026-01-01_at_18.12.59_1.jpeg,E:\2. UM-Student\MSC Dissertation\Urban-Vision-Benchmark\Datasets\MTSD\Prepared\MTSD-Unaugmented\MTSD-YOLO\test\images\grp9_d4f4f35a-WhatsApp_Image_2026-01-01_at_18.12.59_1.jpeg,,,,,,<no detections>,False,True,116.2,mtsd-p4
SAM 3,one way sign,grp9_d5f4aa18-20251122_140237.jpg,E:\2. UM-Student\MSC Dissertation\Urban-Vision-Benchmark\Datasets\MTSD\Prepared\MTSD-Unaugmented\MTSD-YOLO\test\images\grp9_d5f4aa18-20251122_140237.jpg,,,,,,<no detections>,False,True,149.2,mtsd-p4
SAM 3,one way sign,grp9_d7c813cb-IMG_20251112_163545.jpg,E:\2. UM-Student\MSC Dissertation\Urban-Vision-Benchmark\Datasets\MTSD\Prepared\MTSD-Unaugmented\MTSD-YOLO\test\images\grp9_d7c813cb-IMG_20251112_163545.jpg,,,,,,<no detections>,False,True,147.9,mtsd-p4
SAM 3,one way sign,grp9_dbd6345f-IMG_20251106_155229.jpg,E:\2. UM-Student\MSC Dissertation\Urban-Vision-Benchmark\Datasets\MTSD\Prepared\MTSD-Unaugmented\MTSD-YOLO\test\images\grp9_dbd6345f-IMG_20251106_155229.jpg,,,,,,<no detections>,False,True,150.4,mtsd-p4
SAM 3,one way sign,grp9_de518e6b-WhatsApp_Image_2026-01-03_at_18.46.56.jpeg,E:\2. UM-Student\MSC Dissertation\Urban-Vision-Benchmark\Datasets\MTSD\Prepared\MTSD-Unaugmented\MTSD-YOLO\test\images\grp9_de518e6b-WhatsApp_Image_2026-01-03_at_18.46.56.jpeg,,,,,,<no detections>,False,True,114.0,mtsd-p4
SAM 3,one way sign,grp9_df847542-IMG_20251210_141936.jpg,E:\2. UM-Student\MSC Dissertation\Urban-Vision-Benchmark\Datasets\MTSD\Prepared\MTSD-Unaugmented\MTSD-YOLO\test\images\grp9_df847542-IMG_20251210_141936.jpg,945.31,2441.62,1268.24,2752.6,0.3867,one way sign,True,True,195.4,mtsd-p4
SAM 3,one way sign,grp9_df847542-IMG_20251210_141936.jpg,E:\2. UM-Student\MSC Dissertation\Urban-Vision-Benchmark\Datasets\MTSD\Prepared\MTSD-Unaugmented\MTSD-YOLO\test\images\grp9_df847542-IMG_20251210_141936.jpg,2213.74,2987.79,2582.81,3333.42,0.5938,one way sign,True,True,195.4,mtsd-p4
SAM 3,one way sign,grp9_df847542-IMG_20251210_141936.jpg,E:\2. UM-Student\MSC Dissertation\Urban-Vision-Benchmark\Datasets\MTSD\Prepared\MTSD-Unaugmented\MTSD-YOLO\test\images\grp9_df847542-IMG_20251210_141936.jpg,843.83,2276.84,2132.66,3023.37,0.793,one way sign,True,True,195.4,mtsd-p4
SAM 3,one way sign,grp9_dfbf929f-IMG_20251106_154024.jpg,E:\2. UM-Student\MSC Dissertation\Urban-Vision-Benchmark\Datasets\MTSD\Prepared\MTSD-Unaugmented\MTSD-YOLO\test\images\grp9_dfbf929f-IMG_20251106_154024.jpg,724.45,1137.63,1839.95,2227.3,0.6641,one way sign,True,True,201.0,mtsd-p4
SAM 3,one way sign,grp9_e0e8c13e-IMG_20251113_163444.jpg,E:\2. UM-Student\MSC Dissertation\Urban-Vision-Benchmark\Datasets\MTSD\Prepared\MTSD-Unaugmented\MTSD-YOLO\test\images\grp9_e0e8c13e-IMG_20251113_163444.jpg,,,,,,<no detections>,False,True,147.9,mtsd-p4
SAM 3,one way sign,grp9_e1897726-WhatsApp_Image_2026-01-03_at_18.45.38_3.jpeg,E:\2. UM-Student\MSC Dissertation\Urban-Vision-Benchmark\Datasets\MTSD\Prepared\MTSD-Unaugmented\MTSD-YOLO\test\images\grp9_e1897726-WhatsApp_Image_2026-01-03_at_18.45.38_3.jpeg,438.45,610.27,883.35,934.07,0.3164,one way sign,True,True,118.6,mtsd-p4
SAM 3,one way sign,grp9_e1897726-WhatsApp_Image_2026-01-03_at_18.45.38_3.jpeg,E:\2. UM-Student\MSC Dissertation\Urban-Vision-Benchmark\Datasets\MTSD\Prepared\MTSD-Unaugmented\MTSD-YOLO\test\images\grp9_e1897726-WhatsApp_Image_2026-01-03_at_18.45.38_3.jpeg,438.62,370.55,903.39,1093.38,0.377,one way sign,True,True,118.6,mtsd-p4
SAM 3,one way sign,grp9_e1897726-WhatsApp_Image_2026-01-03_at_18.45.38_3.jpeg,E:\2. UM-Student\MSC Dissertation\Urban-Vision-Benchmark\Datasets\MTSD\Prepared\MTSD-Unaugmented\MTSD-YOLO\test\images\grp9_e1897726-WhatsApp_Image_2026-01-03_at_18.45.38_3.jpeg,438.87,371.05,902.5,1600.0,0.3965,one way sign,True,True,118.6,mtsd-p4
SAM 3,one way sign,grp9_e1897726-WhatsApp_Image_2026-01-03_at_18.45.38_3.jpeg,E:\2. UM-Student\MSC Dissertation\Urban-Vision-Benchmark\Datasets\MTSD\Prepared\MTSD-Unaugmented\MTSD-YOLO\test\images\grp9_e1897726-WhatsApp_Image_2026-01-03_at_18.45.38_3.jpeg,452.97,370.37,828.93,624.01,0.3496,one way sign,True,True,118.6,mtsd-p4
SAM 3,one way sign,grp9_e2932f32-20251122_134050.jpg,E:\2. UM-Student\MSC Dissertation\Urban-Vision-Benchmark\Datasets\MTSD\Prepared\MTSD-Unaugmented\MTSD-YOLO\test\images\grp9_e2932f32-20251122_134050.jpg,,,,,,<no detections>,False,True,157.7,mtsd-p4
SAM 3,one way sign,grp9_e65623ae-20251122_135723.jpg,E:\2. UM-Student\MSC Dissertation\Urban-Vision-Benchmark\Datasets\MTSD\Prepared\MTSD-Unaugmented\MTSD-YOLO\test\images\grp9_e65623ae-20251122_135723.jpg,1400.18,1856.04,1618.64,2160.32,0.3496,one way sign,True,True,166.1,mtsd-p4
SAM 3,one way sign,grp9_e690fe37-IMG_20251111_162300.jpg,E:\2. UM-Student\MSC Dissertation\Urban-Vision-Benchmark\Datasets\MTSD\Prepared\MTSD-Unaugmented\MTSD-YOLO\test\images\grp9_e690fe37-IMG_20251111_162300.jpg,1223.84,2601.06,1261.16,2655.33,0.3262,one way sign,True,True,201.5,mtsd-p4
SAM 3,one way sign,grp9_e690fe37-IMG_20251111_162300.jpg,E:\2. UM-Student\MSC Dissertation\Urban-Vision-Benchmark\Datasets\MTSD\Prepared\MTSD-Unaugmented\MTSD-YOLO\test\images\grp9_e690fe37-IMG_20251111_162300.jpg,2398.02,2762.72,2500.84,2874.07,0.6914,one way sign,True,True,201.5,mtsd-p4
SAM 3,one way sign,grp9_e8541d39-IMG_20251106_145533.jpg,E:\2. UM-Student\MSC Dissertation\Urban-Vision-Benchmark\Datasets\MTSD\Prepared\MTSD-Unaugmented\MTSD-YOLO\test\images\grp9_e8541d39-IMG_20251106_145533.jpg,2703.68,3186.36,3000.0,3515.81,0.5742,one way sign,True,True,196.0,mtsd-p4
SAM 3,one way sign,grp9_e8541d39-IMG_20251106_145533.jpg,E:\2. UM-Student\MSC Dissertation\Urban-Vision-Benchmark\Datasets\MTSD\Prepared\MTSD-Unaugmented\MTSD-YOLO\test\images\grp9_e8541d39-IMG_20251106_145533.jpg,1027.3,1759.93,1991.53,2726.47,0.7852,one way sign,True,True,196.0,mtsd-p4
SAM 3,one way sign,grp9_e8b17764-ZC8_front.jpg,E:\2. UM-Student\MSC Dissertation\Urban-Vision-Benchmark\Datasets\MTSD\Prepared\MTSD-Unaugmented\MTSD-YOLO\test\images\grp9_e8b17764-ZC8_front.jpg,1197.25,2274.32,1433.51,2504.66,0.3105,one way sign,True,True,174.7,mtsd-p4
SAM 3,one way sign,grp9_e8b17764-ZC8_front.jpg,E:\2. UM-Student\MSC Dissertation\Urban-Vision-Benchmark\Datasets\MTSD\Prepared\MTSD-Unaugmented\MTSD-YOLO\test\images\grp9_e8b17764-ZC8_front.jpg,1152.96,2214.1,1482.44,2549.08,0.9102,one way sign,True,True,174.7,mtsd-p4
SAM 3,one way sign,grp9_f109e3eb-IMG_20251111_144036.jpg,E:\2. UM-Student\MSC Dissertation\Urban-Vision-Benchmark\Datasets\MTSD\Prepared\MTSD-Unaugmented\MTSD-YOLO\test\images\grp9_f109e3eb-IMG_20251111_144036.jpg,,,,,,<no detections>,False,True,146.7,mtsd-p4
SAM 3,one way sign,grp9_f36aabf5-WhatsApp_Image_2026-01-03_at_18.45.21_2.jpeg,E:\2. UM-Student\MSC Dissertation\Urban-Vision-Benchmark\Datasets\MTSD\Prepared\MTSD-Unaugmented\MTSD-YOLO\test\images\grp9_f36aabf5-WhatsApp_Image_2026-01-03_at_18.45.21_2.jpeg,476.44,654.04,679.83,822.24,0.4258,one way sign,True,True,125.7,mtsd-p4
SAM 3,one way sign,grp9_f36aabf5-WhatsApp_Image_2026-01-03_at_18.45.21_2.jpeg,E:\2. UM-Student\MSC Dissertation\Urban-Vision-Benchmark\Datasets\MTSD\Prepared\MTSD-Unaugmented\MTSD-YOLO\test\images\grp9_f36aabf5-WhatsApp_Image_2026-01-03_at_18.45.21_2.jpeg,429.66,534.07,709.63,988.8,0.7109,one way sign,True,True,125.7,mtsd-p4
SAM 3,one way sign,grp9_f456c0fd-IMG_20251106_153809.jpg,E:\2. UM-Student\MSC Dissertation\Urban-Vision-Benchmark\Datasets\MTSD\Prepared\MTSD-Unaugmented\MTSD-YOLO\test\images\grp9_f456c0fd-IMG_20251106_153809.jpg,1047.36,1148.04,2205.01,2223.28,0.4941,one way sign,True,True,226.0,mtsd-p4
