model,prompt,image_id,image_path,x0,y0,x1,y1,score,predicted_label,has_mask,has_confidence,inference_ms,prompt_id
Cosmos Reason2 8B,white organic-waste bag,14_jpeg.rf.8214c51f9c25dea0e54007991c4e3666.jpg,E:\2. UM-Student\MSC Dissertation\Urban-Vision-Benchmark\Datasets\MDWD\MDWD-YOLO26\test\images\14_jpeg.rf.8214c51f9c25dea0e54007991c4e3666.jpg,229.12,181.12,451.2,375.04,1.0,white organic-waste bag,False,False,2006.8,mdwd-p3
Cosmos Reason2 8B,white organic-waste bag,20241213_080403_jpg.rf.3dcbef4810d284601796c30ae5e851ed.jpg,E:\2. UM-Student\MSC Dissertation\Urban-Vision-Benchmark\Datasets\MDWD\MDWD-YOLO26\test\images\20241213_080403_jpg.rf.3dcbef4810d284601796c30ae5e851ed.jpg,200.96,305.28,302.72,445.44,1.0,white organic-waste bag,False,False,5195.9,mdwd-p3
Cosmos Reason2 8B,white organic-waste bag,20241213_080403_jpg.rf.3dcbef4810d284601796c30ae5e851ed.jpg,E:\2. UM-Student\MSC Dissertation\Urban-Vision-Benchmark\Datasets\MDWD\MDWD-YOLO26\test\images\20241213_080403_jpg.rf.3dcbef4810d284601796c30ae5e851ed.jpg,266.88,265.6,376.32,376.96,1.0,white organic-waste bag,False,False,5195.9,mdwd-p3
Cosmos Reason2 8B,white organic-waste bag,20241213_080403_jpg.rf.3dcbef4810d284601796c30ae5e851ed.jpg,E:\2. UM-Student\MSC Dissertation\Urban-Vision-Benchmark\Datasets\MDWD\MDWD-YOLO26\test\images\20241213_080403_jpg.rf.3dcbef4810d284601796c30ae5e851ed.jpg,307.2,339.84,425.6,448.0,1.0,white organic-waste bag,False,False,5195.9,mdwd-p3
Cosmos Reason2 8B,white organic-waste bag,20241213_082745_jpg.rf.96486ae40adc356b948caf5f75b61f88.jpg,E:\2. UM-Student\MSC Dissertation\Urban-Vision-Benchmark\Datasets\MDWD\MDWD-YOLO26\test\images\20241213_082745_jpg.rf.96486ae40adc356b948caf5f75b61f88.jpg,293.12,203.52,394.24,309.12,1.0,white organic-waste bag,False,False,1991.1,mdwd-p3
Cosmos Reason2 8B,white organic-waste bag,20241214_075842_jpg.rf.1891b8867310eeface2f0bc74a0dc490.jpg,E:\2. UM-Student\MSC Dissertation\Urban-Vision-Benchmark\Datasets\MDWD\MDWD-YOLO26\test\images\20241214_075842_jpg.rf.1891b8867310eeface2f0bc74a0dc490.jpg,241.28,224.64,362.24,393.6,1.0,white organic-waste bag,False,False,1987.5,mdwd-p3
Cosmos Reason2 8B,white organic-waste bag,20241214_080005_jpg.rf.8f62c5b3603421b99194e2142efb05e1.jpg,E:\2. UM-Student\MSC Dissertation\Urban-Vision-Benchmark\Datasets\MDWD\MDWD-YOLO26\test\images\20241214_080005_jpg.rf.8f62c5b3603421b99194e2142efb05e1.jpg,333.44,193.92,506.88,411.52,1.0,white organic-waste bag,False,False,1988.6,mdwd-p3
Cosmos Reason2 8B,white organic-waste bag,20241214_080220_jpg.rf.234574b4eb8647a6c3ed82f22a62b812.jpg,E:\2. UM-Student\MSC Dissertation\Urban-Vision-Benchmark\Datasets\MDWD\MDWD-YOLO26\test\images\20241214_080220_jpg.rf.234574b4eb8647a6c3ed82f22a62b812.jpg,419.2,137.6,498.56,258.56,1.0,white organic-waste bag,False,False,1984.8,mdwd-p3
Cosmos Reason2 8B,white organic-waste bag,20241214_080238_jpg.rf.d135463be32b902dab5265e4564ae485.jpg,E:\2. UM-Student\MSC Dissertation\Urban-Vision-Benchmark\Datasets\MDWD\MDWD-YOLO26\test\images\20241214_080238_jpg.rf.d135463be32b902dab5265e4564ae485.jpg,205.44,195.2,436.48,500.48,1.0,white organic-waste bag,False,False,1983.5,mdwd-p3
Cosmos Reason2 8B,white organic-waste bag,20241214_080317_jpg.rf.17f03c2e6a52857573a93ef9530fa3ab.jpg,E:\2. UM-Student\MSC Dissertation\Urban-Vision-Benchmark\Datasets\MDWD\MDWD-YOLO26\test\images\20241214_080317_jpg.rf.17f03c2e6a52857573a93ef9530fa3ab.jpg,357.12,143.36,517.76,327.04,1.0,white organic-waste bag,False,False,1988.2,mdwd-p3
Cosmos Reason2 8B,white organic-waste bag,20241214_081052_jpg.rf.3d0f98abbde837ea01a63e4c1b0226ac.jpg,E:\2. UM-Student\MSC Dissertation\Urban-Vision-Benchmark\Datasets\MDWD\MDWD-YOLO26\test\images\20241214_081052_jpg.rf.3d0f98abbde837ea01a63e4c1b0226ac.jpg,428.8,330.24,519.68,411.52,1.0,white organic-waste bag,False,False,1987.0,mdwd-p3
Cosmos Reason2 8B,white organic-waste bag,20241214_081356_jpg.rf.02e17c975083c58891221feb0367bd36.jpg,E:\2. UM-Student\MSC Dissertation\Urban-Vision-Benchmark\Datasets\MDWD\MDWD-YOLO26\test\images\20241214_081356_jpg.rf.02e17c975083c58891221feb0367bd36.jpg,198.4,123.52,388.48,302.08,1.0,white organic-waste bag,False,False,3581.5,mdwd-p3
Cosmos Reason2 8B,white organic-waste bag,20241214_081356_jpg.rf.02e17c975083c58891221feb0367bd36.jpg,E:\2. UM-Student\MSC Dissertation\Urban-Vision-Benchmark\Datasets\MDWD\MDWD-YOLO26\test\images\20241214_081356_jpg.rf.02e17c975083c58891221feb0367bd36.jpg,198.4,272.64,483.2,456.32,1.0,white organic-waste bag,False,False,3581.5,mdwd-p3
Cosmos Reason2 8B,white organic-waste bag,20241214_081623_jpg.rf.f7aaa00411197af17d610f3891d8f207.jpg,E:\2. UM-Student\MSC Dissertation\Urban-Vision-Benchmark\Datasets\MDWD\MDWD-YOLO26\test\images\20241214_081623_jpg.rf.f7aaa00411197af17d610f3891d8f207.jpg,226.56,165.76,357.12,264.32,1.0,white organic-waste bag,False,False,1997.3,mdwd-p3
Cosmos Reason2 8B,white organic-waste bag,20241219_083844_jpg.rf.70488e50bbe5f99b85b0719729f32064.jpg,E:\2. UM-Student\MSC Dissertation\Urban-Vision-Benchmark\Datasets\MDWD\MDWD-YOLO26\test\images\20241219_083844_jpg.rf.70488e50bbe5f99b85b0719729f32064.jpg,198.4,102.4,492.8,348.8,1.0,white organic-waste bag,False,False,1994.9,mdwd-p3
Cosmos Reason2 8B,white organic-waste bag,20241219_083857_jpg.rf.e2a67912dc7cbc8de22df1a74b7104f5.jpg,E:\2. UM-Student\MSC Dissertation\Urban-Vision-Benchmark\Datasets\MDWD\MDWD-YOLO26\test\images\20241219_083857_jpg.rf.e2a67912dc7cbc8de22df1a74b7104f5.jpg,122.24,195.2,320.0,364.16,1.0,white organic-waste bag,False,False,1981.2,mdwd-p3
Cosmos Reason2 8B,white organic-waste bag,20241219_084037_jpg.rf.1c07ac48ce84b63b6b95419e78d4802f.jpg,E:\2. UM-Student\MSC Dissertation\Urban-Vision-Benchmark\Datasets\MDWD\MDWD-YOLO26\test\images\20241219_084037_jpg.rf.1c07ac48ce84b63b6b95419e78d4802f.jpg,323.84,164.48,556.8,339.84,1.0,white organic-waste bag,False,False,1989.5,mdwd-p3
Cosmos Reason2 8B,white organic-waste bag,20241226_071944_blurred_jpg.rf.875ac11a52e9589aa0d86ffc63b1b280.jpg,E:\2. UM-Student\MSC Dissertation\Urban-Vision-Benchmark\Datasets\MDWD\MDWD-YOLO26\test\images\20241226_071944_blurred_jpg.rf.875ac11a52e9589aa0d86ffc63b1b280.jpg,48.0,218.88,165.12,371.2,1.0,white organic-waste bag,False,False,5136.7,mdwd-p3
Cosmos Reason2 8B,white organic-waste bag,20241226_071944_blurred_jpg.rf.875ac11a52e9589aa0d86ffc63b1b280.jpg,E:\2. UM-Student\MSC Dissertation\Urban-Vision-Benchmark\Datasets\MDWD\MDWD-YOLO26\test\images\20241226_071944_blurred_jpg.rf.875ac11a52e9589aa0d86ffc63b1b280.jpg,247.04,213.76,362.24,362.24,1.0,white organic-waste bag,False,False,5136.7,mdwd-p3
Cosmos Reason2 8B,white organic-waste bag,20241226_071944_blurred_jpg.rf.875ac11a52e9589aa0d86ffc63b1b280.jpg,E:\2. UM-Student\MSC Dissertation\Urban-Vision-Benchmark\Datasets\MDWD\MDWD-YOLO26\test\images\20241226_071944_blurred_jpg.rf.875ac11a52e9589aa0d86ffc63b1b280.jpg,128.0,298.24,230.4,424.32,1.0,white organic-waste bag,False,False,5136.7,mdwd-p3
Cosmos Reason2 8B,white organic-waste bag,20241226_072523_jpg.rf.d523877028b40b2d009a12baa218dc34.jpg,E:\2. UM-Student\MSC Dissertation\Urban-Vision-Benchmark\Datasets\MDWD\MDWD-YOLO26\test\images\20241226_072523_jpg.rf.d523877028b40b2d009a12baa218dc34.jpg,198.4,362.24,375.04,540.8,1.0,white organic-waste bag,False,False,1981.1,mdwd-p3
Cosmos Reason2 8B,white organic-waste bag,20250103_070701_jpg.rf.f79de11afa2be131b82013f0e8eb6b7b.jpg,E:\2. UM-Student\MSC Dissertation\Urban-Vision-Benchmark\Datasets\MDWD\MDWD-YOLO26\test\images\20250103_070701_jpg.rf.f79de11afa2be131b82013f0e8eb6b7b.jpg,292.48,282.24,358.4,404.48,1.0,white organic-waste bag,False,False,3628.8,mdwd-p3
Cosmos Reason2 8B,white organic-waste bag,20250103_070701_jpg.rf.f79de11afa2be131b82013f0e8eb6b7b.jpg,E:\2. UM-Student\MSC Dissertation\Urban-Vision-Benchmark\Datasets\MDWD\MDWD-YOLO26\test\images\20250103_070701_jpg.rf.f79de11afa2be131b82013f0e8eb6b7b.jpg,350.08,285.44,400.64,382.08,1.0,white organic-waste bag,False,False,3628.8,mdwd-p3
Cosmos Reason2 8B,white organic-waste bag,20250103_071247_jpg.rf.060ff2375b4767885bf75a27408ed282.jpg,E:\2. UM-Student\MSC Dissertation\Urban-Vision-Benchmark\Datasets\MDWD\MDWD-YOLO26\test\images\20250103_071247_jpg.rf.060ff2375b4767885bf75a27408ed282.jpg,243.2,343.04,341.76,455.04,1.0,white organic-waste bag,False,False,1991.6,mdwd-p3
Cosmos Reason2 8B,white organic-waste bag,20250103_071358-0-_jpg.rf.551125884a7ee52b32bb69b2998e461e.jpg,E:\2. UM-Student\MSC Dissertation\Urban-Vision-Benchmark\Datasets\MDWD\MDWD-YOLO26\test\images\20250103_071358-0-_jpg.rf.551125884a7ee52b32bb69b2998e461e.jpg,220.8,317.44,272.64,386.56,1.0,white organic-waste bag,False,False,8431.6,mdwd-p3
Cosmos Reason2 8B,white organic-waste bag,20250103_071358-0-_jpg.rf.551125884a7ee52b32bb69b2998e461e.jpg,E:\2. UM-Student\MSC Dissertation\Urban-Vision-Benchmark\Datasets\MDWD\MDWD-YOLO26\test\images\20250103_071358-0-_jpg.rf.551125884a7ee52b32bb69b2998e461e.jpg,224.64,337.28,273.28,470.4,1.0,white organic-waste bag,False,False,8431.6,mdwd-p3
Cosmos Reason2 8B,white organic-waste bag,20250103_071358-0-_jpg.rf.551125884a7ee52b32bb69b2998e461e.jpg,E:\2. UM-Student\MSC Dissertation\Urban-Vision-Benchmark\Datasets\MDWD\MDWD-YOLO26\test\images\20250103_071358-0-_jpg.rf.551125884a7ee52b32bb69b2998e461e.jpg,122.24,339.84,213.76,451.2,1.0,white organic-waste bag,False,False,8431.6,mdwd-p3
Cosmos Reason2 8B,white organic-waste bag,20250103_071358-0-_jpg.rf.551125884a7ee52b32bb69b2998e461e.jpg,E:\2. UM-Student\MSC Dissertation\Urban-Vision-Benchmark\Datasets\MDWD\MDWD-YOLO26\test\images\20250103_071358-0-_jpg.rf.551125884a7ee52b32bb69b2998e461e.jpg,263.04,339.84,318.72,384.64,1.0,white organic-waste bag,False,False,8431.6,mdwd-p3
Cosmos Reason2 8B,white organic-waste bag,20250103_071358-0-_jpg.rf.551125884a7ee52b32bb69b2998e461e.jpg,E:\2. UM-Student\MSC Dissertation\Urban-Vision-Benchmark\Datasets\MDWD\MDWD-YOLO26\test\images\20250103_071358-0-_jpg.rf.551125884a7ee52b32bb69b2998e461e.jpg,165.12,341.12,224.64,386.56,1.0,white organic-waste bag,False,False,8431.6,mdwd-p3
Cosmos Reason2 8B,white organic-waste bag,20250103_071930_jpg.rf.29e9cac27c91c8a969957adaaa8be611.jpg,E:\2. UM-Student\MSC Dissertation\Urban-Vision-Benchmark\Datasets\MDWD\MDWD-YOLO26\test\images\20250103_071930_jpg.rf.29e9cac27c91c8a969957adaaa8be611.jpg,250.24,290.56,353.92,398.72,1.0,white organic-waste bag,False,False,1990.0,mdwd-p3
Cosmos Reason2 8B,white organic-waste bag,20250103_072230_jpg.rf.07b75bf6dc49626b0cfb84621cbad626.jpg,E:\2. UM-Student\MSC Dissertation\Urban-Vision-Benchmark\Datasets\MDWD\MDWD-YOLO26\test\images\20250103_072230_jpg.rf.07b75bf6dc49626b0cfb84621cbad626.jpg,238.08,309.12,334.72,441.6,1.0,white organic-waste bag,False,False,8356.9,mdwd-p3
Cosmos Reason2 8B,white organic-waste bag,20250103_072230_jpg.rf.07b75bf6dc49626b0cfb84621cbad626.jpg,E:\2. UM-Student\MSC Dissertation\Urban-Vision-Benchmark\Datasets\MDWD\MDWD-YOLO26\test\images\20250103_072230_jpg.rf.07b75bf6dc49626b0cfb84621cbad626.jpg,109.44,275.2,250.24,435.84,1.0,white organic-waste bag,False,False,8356.9,mdwd-p3
Cosmos Reason2 8B,white organic-waste bag,20250103_072230_jpg.rf.07b75bf6dc49626b0cfb84621cbad626.jpg,E:\2. UM-Student\MSC Dissertation\Urban-Vision-Benchmark\Datasets\MDWD\MDWD-YOLO26\test\images\20250103_072230_jpg.rf.07b75bf6dc49626b0cfb84621cbad626.jpg,236.8,220.8,307.2,330.24,1.0,white organic-waste bag,False,False,8356.9,mdwd-p3
Cosmos Reason2 8B,white organic-waste bag,20250103_072230_jpg.rf.07b75bf6dc49626b0cfb84621cbad626.jpg,E:\2. UM-Student\MSC Dissertation\Urban-Vision-Benchmark\Datasets\MDWD\MDWD-YOLO26\test\images\20250103_072230_jpg.rf.07b75bf6dc49626b0cfb84621cbad626.jpg,283.52,230.4,350.08,337.28,1.0,white organic-waste bag,False,False,8356.9,mdwd-p3
Cosmos Reason2 8B,white organic-waste bag,20250103_072230_jpg.rf.07b75bf6dc49626b0cfb84621cbad626.jpg,E:\2. UM-Student\MSC Dissertation\Urban-Vision-Benchmark\Datasets\MDWD\MDWD-YOLO26\test\images\20250103_072230_jpg.rf.07b75bf6dc49626b0cfb84621cbad626.jpg,189.44,232.96,243.2,327.04,1.0,white organic-waste bag,False,False,8356.9,mdwd-p3
Cosmos Reason2 8B,white organic-waste bag,20250103_072437_jpg.rf.32a5c27d896f98da28bbf508ef38adf2.jpg,E:\2. UM-Student\MSC Dissertation\Urban-Vision-Benchmark\Datasets\MDWD\MDWD-YOLO26\test\images\20250103_072437_jpg.rf.32a5c27d896f98da28bbf508ef38adf2.jpg,131.84,309.12,218.88,418.56,1.0,white organic-waste bag,False,False,1977.6,mdwd-p3
Cosmos Reason2 8B,white organic-waste bag,20250114_102320_jpg.rf.979c53863883cd0861956f0a494251dd.jpg,E:\2. UM-Student\MSC Dissertation\Urban-Vision-Benchmark\Datasets\MDWD\MDWD-YOLO26\test\images\20250114_102320_jpg.rf.979c53863883cd0861956f0a494251dd.jpg,209.92,291.2,382.72,400.64,1.0,white organic-waste bag,False,False,2000.4,mdwd-p3
Cosmos Reason2 8B,white organic-waste bag,20250114_102537_jpg.rf.9438a50a3fbf2a1b9d70923a8fcde7b3.jpg,E:\2. UM-Student\MSC Dissertation\Urban-Vision-Benchmark\Datasets\MDWD\MDWD-YOLO26\test\images\20250114_102537_jpg.rf.9438a50a3fbf2a1b9d70923a8fcde7b3.jpg,323.84,341.12,559.36,496.0,1.0,white organic-waste bag,False,False,1973.2,mdwd-p3
Cosmos Reason2 8B,white organic-waste bag,20250114_102613_jpg.rf.83447af29c6413aa1b9372ac635283f4.jpg,E:\2. UM-Student\MSC Dissertation\Urban-Vision-Benchmark\Datasets\MDWD\MDWD-YOLO26\test\images\20250114_102613_jpg.rf.83447af29c6413aa1b9372ac635283f4.jpg,244.48,298.24,417.28,406.4,1.0,white organic-waste bag,False,False,1996.3,mdwd-p3
Cosmos Reason2 8B,white organic-waste bag,20250124_115555_jpg.rf.d9cd5b950662bca69f8c4f49336d7ca1.jpg,E:\2. UM-Student\MSC Dissertation\Urban-Vision-Benchmark\Datasets\MDWD\MDWD-YOLO26\test\images\20250124_115555_jpg.rf.d9cd5b950662bca69f8c4f49336d7ca1.jpg,327.04,232.96,427.52,359.68,1.0,white organic-waste bag,False,False,1984.7,mdwd-p3
Cosmos Reason2 8B,white organic-waste bag,20250124_115754_jpg.rf.f09908763acae851d2c8ed30353256db.jpg,E:\2. UM-Student\MSC Dissertation\Urban-Vision-Benchmark\Datasets\MDWD\MDWD-YOLO26\test\images\20250124_115754_jpg.rf.f09908763acae851d2c8ed30353256db.jpg,,,,,,<no detections>,False,False,387.7,mdwd-p3
Cosmos Reason2 8B,white organic-waste bag,20250124_120044_jpg.rf.ed15b7e8b6f34f4267218a56a3723d60.jpg,E:\2. UM-Student\MSC Dissertation\Urban-Vision-Benchmark\Datasets\MDWD\MDWD-YOLO26\test\images\20250124_120044_jpg.rf.ed15b7e8b6f34f4267218a56a3723d60.jpg,328.96,318.72,436.48,403.2,1.0,white organic-waste bag,False,False,1991.1,mdwd-p3
Cosmos Reason2 8B,white organic-waste bag,20250124_120520_jpg.rf.c987ae9fb81418ff52771c2a335bd188.jpg,E:\2. UM-Student\MSC Dissertation\Urban-Vision-Benchmark\Datasets\MDWD\MDWD-YOLO26\test\images\20250124_120520_jpg.rf.c987ae9fb81418ff52771c2a335bd188.jpg,218.88,200.96,338.56,334.08,1.0,white organic-waste bag,False,False,1975.4,mdwd-p3
Cosmos Reason2 8B,white organic-waste bag,20250124_120930_jpg.rf.dacac006271855d5f5dec24e24c95585.jpg,E:\2. UM-Student\MSC Dissertation\Urban-Vision-Benchmark\Datasets\MDWD\MDWD-YOLO26\test\images\20250124_120930_jpg.rf.dacac006271855d5f5dec24e24c95585.jpg,220.8,248.32,413.44,362.88,1.0,white organic-waste bag,False,False,1980.9,mdwd-p3
Cosmos Reason2 8B,white organic-waste bag,20250124_121125_jpg.rf.cfc4084ec5d934eac7c719fb1006ba95.jpg,E:\2. UM-Student\MSC Dissertation\Urban-Vision-Benchmark\Datasets\MDWD\MDWD-YOLO26\test\images\20250124_121125_jpg.rf.cfc4084ec5d934eac7c719fb1006ba95.jpg,243.2,223.36,420.48,355.2,1.0,white organic-waste bag,False,False,1975.9,mdwd-p3
Cosmos Reason2 8B,white organic-waste bag,26_jpeg.rf.9461f25b898f83e1991fbcc6fc5cc83c.jpg,E:\2. UM-Student\MSC Dissertation\Urban-Vision-Benchmark\Datasets\MDWD\MDWD-YOLO26\test\images\26_jpeg.rf.9461f25b898f83e1991fbcc6fc5cc83c.jpg,209.28,282.24,398.72,483.2,1.0,white organic-waste bag,False,False,1968.9,mdwd-p3
Cosmos Reason2 8B,white organic-waste bag,28_jpeg.rf.b635e58847049badf03fdabb0f0b5f58.jpg,E:\2. UM-Student\MSC Dissertation\Urban-Vision-Benchmark\Datasets\MDWD\MDWD-YOLO26\test\images\28_jpeg.rf.b635e58847049badf03fdabb0f0b5f58.jpg,226.56,39.68,339.84,133.12,1.0,white organic-waste bag,False,False,1954.5,mdwd-p3
Cosmos Reason2 8B,white organic-waste bag,2_jpeg.rf.210ca76552cf22b6ae5128cd5eb1a637.jpg,E:\2. UM-Student\MSC Dissertation\Urban-Vision-Benchmark\Datasets\MDWD\MDWD-YOLO26\test\images\2_jpeg.rf.210ca76552cf22b6ae5128cd5eb1a637.jpg,260.48,337.28,325.76,366.72,1.0,white organic-waste bag,False,False,1991.5,mdwd-p3
Cosmos Reason2 8B,white organic-waste bag,30_jpeg.rf.b5cf601d6f44e0addb177394ba5d4b99.jpg,E:\2. UM-Student\MSC Dissertation\Urban-Vision-Benchmark\Datasets\MDWD\MDWD-YOLO26\test\images\30_jpeg.rf.b5cf601d6f44e0addb177394ba5d4b99.jpg,218.88,229.12,436.48,365.44,1.0,white organic-waste bag,False,False,1969.8,mdwd-p3
Cosmos Reason2 8B,white organic-waste bag,31_jpeg.rf.fda6c54a3034426eb0971b712b284ac9.jpg,E:\2. UM-Student\MSC Dissertation\Urban-Vision-Benchmark\Datasets\MDWD\MDWD-YOLO26\test\images\31_jpeg.rf.fda6c54a3034426eb0971b712b284ac9.jpg,200.96,230.4,394.24,359.68,1.0,white organic-waste bag,False,False,1978.4,mdwd-p3
Cosmos Reason2 8B,white organic-waste bag,462550919_472395952520841_3814266194193640989_n_jpg.rf.fc306e80f8b545c1d4d71d3b6076ffaa.jpg,E:\2. UM-Student\MSC Dissertation\Urban-Vision-Benchmark\Datasets\MDWD\MDWD-YOLO26\test\images\462550919_472395952520841_3814266194193640989_n_jpg.rf.fc306e80f8b545c1d4d71d3b6076ffaa.jpg,83.2,108.16,504.32,398.72,1.0,white organic-waste bag,False,False,1996.1,mdwd-p3
Cosmos Reason2 8B,white organic-waste bag,462558199_1001990671958199_4561658825687510846_n_jpg.rf.4c287ea0dd3e02a8648b0d41ec1d3d83.jpg,E:\2. UM-Student\MSC Dissertation\Urban-Vision-Benchmark\Datasets\MDWD\MDWD-YOLO26\test\images\462558199_1001990671958199_4561658825687510846_n_jpg.rf.4c287ea0dd3e02a8648b0d41ec1d3d83.jpg,0.0,371.2,218.88,638.72,1.0,white organic-waste bag,False,False,1908.1,mdwd-p3
Cosmos Reason2 8B,white organic-waste bag,472129425_1345249006899593_1932127883326922457_n_jpg.rf.03069b893f513bced6e53fce77c8d53c.jpg,E:\2. UM-Student\MSC Dissertation\Urban-Vision-Benchmark\Datasets\MDWD\MDWD-YOLO26\test\images\472129425_1345249006899593_1932127883326922457_n_jpg.rf.03069b893f513bced6e53fce77c8d53c.jpg,285.44,149.12,404.48,299.52,1.0,white organic-waste bag,False,False,1992.6,mdwd-p3
Cosmos Reason2 8B,white organic-waste bag,472786813_628965022887679_5248188576436768956_n_jpg.rf.defa0e5e9d1fb44d9baf104b73f3b587.jpg,E:\2. UM-Student\MSC Dissertation\Urban-Vision-Benchmark\Datasets\MDWD\MDWD-YOLO26\test\images\472786813_628965022887679_5248188576436768956_n_jpg.rf.defa0e5e9d1fb44d9baf104b73f3b587.jpg,157.44,298.24,411.52,462.08,1.0,white organic-waste bag,False,False,1996.3,mdwd-p3
Cosmos Reason2 8B,white organic-waste bag,472788297_879958087384265_8846214687047667235_n_jpg.rf.90b70971ab4cbf4a8c8d3d540b858ddf.jpg,E:\2. UM-Student\MSC Dissertation\Urban-Vision-Benchmark\Datasets\MDWD\MDWD-YOLO26\test\images\472788297_879958087384265_8846214687047667235_n_jpg.rf.90b70971ab4cbf4a8c8d3d540b858ddf.jpg,238.08,108.16,414.72,320.0,1.0,white organic-waste bag,False,False,2000.3,mdwd-p3
Cosmos Reason2 8B,white organic-waste bag,472788698_622065090352046_1816579885785418215_n_jpg.rf.1d8addc784634320240b247b8793081e.jpg,E:\2. UM-Student\MSC Dissertation\Urban-Vision-Benchmark\Datasets\MDWD\MDWD-YOLO26\test\images\472788698_622065090352046_1816579885785418215_n_jpg.rf.1d8addc784634320240b247b8793081e.jpg,272.64,135.04,427.52,250.24,1.0,white organic-waste bag,False,False,13128.8,mdwd-p3
Cosmos Reason2 8B,white organic-waste bag,472788698_622065090352046_1816579885785418215_n_jpg.rf.1d8addc784634320240b247b8793081e.jpg,E:\2. UM-Student\MSC Dissertation\Urban-Vision-Benchmark\Datasets\MDWD\MDWD-YOLO26\test\images\472788698_622065090352046_1816579885785418215_n_jpg.rf.1d8addc784634320240b247b8793081e.jpg,446.72,96.64,597.12,215.04,1.0,white organic-waste bag,False,False,13128.8,mdwd-p3
Cosmos Reason2 8B,white organic-waste bag,472788698_622065090352046_1816579885785418215_n_jpg.rf.1d8addc784634320240b247b8793081e.jpg,E:\2. UM-Student\MSC Dissertation\Urban-Vision-Benchmark\Datasets\MDWD\MDWD-YOLO26\test\images\472788698_622065090352046_1816579885785418215_n_jpg.rf.1d8addc784634320240b247b8793081e.jpg,420.48,185.6,547.84,359.68,1.0,white organic-waste bag,False,False,13128.8,mdwd-p3
Cosmos Reason2 8B,white organic-waste bag,472788698_622065090352046_1816579885785418215_n_jpg.rf.1d8addc784634320240b247b8793081e.jpg,E:\2. UM-Student\MSC Dissertation\Urban-Vision-Benchmark\Datasets\MDWD\MDWD-YOLO26\test\images\472788698_622065090352046_1816579885785418215_n_jpg.rf.1d8addc784634320240b247b8793081e.jpg,229.12,247.04,378.88,376.96,1.0,white organic-waste bag,False,False,13128.8,mdwd-p3
Cosmos Reason2 8B,white organic-waste bag,472788698_622065090352046_1816579885785418215_n_jpg.rf.1d8addc784634320240b247b8793081e.jpg,E:\2. UM-Student\MSC Dissertation\Urban-Vision-Benchmark\Datasets\MDWD\MDWD-YOLO26\test\images\472788698_622065090352046_1816579885785418215_n_jpg.rf.1d8addc784634320240b247b8793081e.jpg,357.12,289.28,449.92,411.52,1.0,white organic-waste bag,False,False,13128.8,mdwd-p3
Cosmos Reason2 8B,white organic-waste bag,472788698_622065090352046_1816579885785418215_n_jpg.rf.1d8addc784634320240b247b8793081e.jpg,E:\2. UM-Student\MSC Dissertation\Urban-Vision-Benchmark\Datasets\MDWD\MDWD-YOLO26\test\images\472788698_622065090352046_1816579885785418215_n_jpg.rf.1d8addc784634320240b247b8793081e.jpg,455.04,256.0,636.8,438.4,1.0,white organic-waste bag,False,False,13128.8,mdwd-p3
Cosmos Reason2 8B,white organic-waste bag,472788698_622065090352046_1816579885785418215_n_jpg.rf.1d8addc784634320240b247b8793081e.jpg,E:\2. UM-Student\MSC Dissertation\Urban-Vision-Benchmark\Datasets\MDWD\MDWD-YOLO26\test\images\472788698_622065090352046_1816579885785418215_n_jpg.rf.1d8addc784634320240b247b8793081e.jpg,291.2,386.56,427.52,500.48,1.0,white organic-waste bag,False,False,13128.8,mdwd-p3
Cosmos Reason2 8B,white organic-waste bag,472788698_622065090352046_1816579885785418215_n_jpg.rf.1d8addc784634320240b247b8793081e.jpg,E:\2. UM-Student\MSC Dissertation\Urban-Vision-Benchmark\Datasets\MDWD\MDWD-YOLO26\test\images\472788698_622065090352046_1816579885785418215_n_jpg.rf.1d8addc784634320240b247b8793081e.jpg,547.84,411.52,638.72,522.88,1.0,white organic-waste bag,False,False,13128.8,mdwd-p3
Cosmos Reason2 8B,white organic-waste bag,472788921_926424869626524_3476579744422356093_n_jpg.rf.86dd0cc6ba30706b135525031dbeb1a6.jpg,E:\2. UM-Student\MSC Dissertation\Urban-Vision-Benchmark\Datasets\MDWD\MDWD-YOLO26\test\images\472788921_926424869626524_3476579744422356093_n_jpg.rf.86dd0cc6ba30706b135525031dbeb1a6.jpg,37.76,279.68,295.68,499.2,1.0,white organic-waste bag,False,False,1934.2,mdwd-p3
Cosmos Reason2 8B,white organic-waste bag,473055810_1017914696762987_4178034688130709660_n_jpg.rf.f03f6b9a9f959d7dce7512e0d31dc6a1.jpg,E:\2. UM-Student\MSC Dissertation\Urban-Vision-Benchmark\Datasets\MDWD\MDWD-YOLO26\test\images\473055810_1017914696762987_4178034688130709660_n_jpg.rf.f03f6b9a9f959d7dce7512e0d31dc6a1.jpg,268.16,327.04,398.72,430.08,1.0,white organic-waste bag,False,False,1966.4,mdwd-p3
Cosmos Reason2 8B,white organic-waste bag,473288918_1030220488909269_3010825870718583729_n_jpg.rf.1e0886d3aa27cfa4e22d06ead559dc80.jpg,E:\2. UM-Student\MSC Dissertation\Urban-Vision-Benchmark\Datasets\MDWD\MDWD-YOLO26\test\images\473288918_1030220488909269_3010825870718583729_n_jpg.rf.1e0886d3aa27cfa4e22d06ead559dc80.jpg,198.4,237.44,381.44,353.92,1.0,white organic-waste bag,False,False,5152.2,mdwd-p3
Cosmos Reason2 8B,white organic-waste bag,473288918_1030220488909269_3010825870718583729_n_jpg.rf.1e0886d3aa27cfa4e22d06ead559dc80.jpg,E:\2. UM-Student\MSC Dissertation\Urban-Vision-Benchmark\Datasets\MDWD\MDWD-YOLO26\test\images\473288918_1030220488909269_3010825870718583729_n_jpg.rf.1e0886d3aa27cfa4e22d06ead559dc80.jpg,350.08,189.44,494.08,307.84,1.0,white organic-waste bag,False,False,5152.2,mdwd-p3
Cosmos Reason2 8B,white organic-waste bag,473288918_1030220488909269_3010825870718583729_n_jpg.rf.1e0886d3aa27cfa4e22d06ead559dc80.jpg,E:\2. UM-Student\MSC Dissertation\Urban-Vision-Benchmark\Datasets\MDWD\MDWD-YOLO26\test\images\473288918_1030220488909269_3010825870718583729_n_jpg.rf.1e0886d3aa27cfa4e22d06ead559dc80.jpg,440.96,140.8,583.04,275.2,1.0,white organic-waste bag,False,False,5152.2,mdwd-p3
Cosmos Reason2 8B,white organic-waste bag,473314797_639061222116244_5729195119363315525_n_jpg.rf.d6671b2a7547d3b8eafb61831882cbdd.jpg,E:\2. UM-Student\MSC Dissertation\Urban-Vision-Benchmark\Datasets\MDWD\MDWD-YOLO26\test\images\473314797_639061222116244_5729195119363315525_n_jpg.rf.d6671b2a7547d3b8eafb61831882cbdd.jpg,360.96,64.64,593.28,330.24,1.0,white organic-waste bag,False,False,1999.2,mdwd-p3
Cosmos Reason2 8B,white organic-waste bag,473335634_1330416017834380_2456722514621744875_n_jpg.rf.e96eeb945ac6a6e8115f8e46c98c8b34.jpg,E:\2. UM-Student\MSC Dissertation\Urban-Vision-Benchmark\Datasets\MDWD\MDWD-YOLO26\test\images\473335634_1330416017834380_2456722514621744875_n_jpg.rf.e96eeb945ac6a6e8115f8e46c98c8b34.jpg,323.84,3.84,406.4,88.32,1.0,white organic-waste bag,False,False,1945.9,mdwd-p3
Cosmos Reason2 8B,white organic-waste bag,473437598_1044987534334740_1719468698253840100_n_jpg.rf.93fb6945fd13b28776a738d10ab1fc88.jpg,E:\2. UM-Student\MSC Dissertation\Urban-Vision-Benchmark\Datasets\MDWD\MDWD-YOLO26\test\images\473437598_1044987534334740_1719468698253840100_n_jpg.rf.93fb6945fd13b28776a738d10ab1fc88.jpg,291.2,154.88,439.04,277.12,1.0,white organic-waste bag,False,False,1992.1,mdwd-p3
Cosmos Reason2 8B,white organic-waste bag,473764930_2003884826785638_3797710432300444076_n_jpg.rf.b78b76a2233d502467294d18b977d11a.jpg,E:\2. UM-Student\MSC Dissertation\Urban-Vision-Benchmark\Datasets\MDWD\MDWD-YOLO26\test\images\473764930_2003884826785638_3797710432300444076_n_jpg.rf.b78b76a2233d502467294d18b977d11a.jpg,174.72,212.48,394.24,384.64,1.0,white organic-waste bag,False,False,1968.3,mdwd-p3
Cosmos Reason2 8B,white organic-waste bag,474711682_567011309667599_6264000997239717913_n_jpg.rf.c5242ab97b3bb14b447b2963dc40bc88.jpg,E:\2. UM-Student\MSC Dissertation\Urban-Vision-Benchmark\Datasets\MDWD\MDWD-YOLO26\test\images\474711682_567011309667599_6264000997239717913_n_jpg.rf.c5242ab97b3bb14b447b2963dc40bc88.jpg,466.56,313.6,603.52,411.52,1.0,white organic-waste bag,False,False,1971.2,mdwd-p3
Cosmos Reason2 8B,white organic-waste bag,AFL-NewBatch5_13_jpeg.rf.bcc3cbdfd5c1dfc063c7825a0a55a90a.jpg,E:\2. UM-Student\MSC Dissertation\Urban-Vision-Benchmark\Datasets\MDWD\MDWD-YOLO26\test\images\AFL-NewBatch5_13_jpeg.rf.bcc3cbdfd5c1dfc063c7825a0a55a90a.jpg,200.96,154.24,371.2,283.52,1.0,white organic-waste bag,False,False,1990.6,mdwd-p3
Cosmos Reason2 8B,white organic-waste bag,AFL-NewBatch5_15_jpeg.rf.5dc21330fd6004b5fe9c6cdcf1a1732c.jpg,E:\2. UM-Student\MSC Dissertation\Urban-Vision-Benchmark\Datasets\MDWD\MDWD-YOLO26\test\images\AFL-NewBatch5_15_jpeg.rf.5dc21330fd6004b5fe9c6cdcf1a1732c.jpg,272.64,411.52,355.84,480.0,1.0,white organic-waste bag,False,False,1989.0,mdwd-p3
Cosmos Reason2 8B,white organic-waste bag,AFL-NewBatch5_2_jpeg.rf.4f2a1b9b6b2271796a0eb20e8001ce93.jpg,E:\2. UM-Student\MSC Dissertation\Urban-Vision-Benchmark\Datasets\MDWD\MDWD-YOLO26\test\images\AFL-NewBatch5_2_jpeg.rf.4f2a1b9b6b2271796a0eb20e8001ce93.jpg,24.96,357.12,154.24,526.72,1.0,white organic-waste bag,False,False,1928.6,mdwd-p3
Cosmos Reason2 8B,white organic-waste bag,AFL-NewBatch6_1_13_jpeg.rf.8c727f8067b82177be353ac5ebeca4f1.jpg,E:\2. UM-Student\MSC Dissertation\Urban-Vision-Benchmark\Datasets\MDWD\MDWD-YOLO26\test\images\AFL-NewBatch6_1_13_jpeg.rf.8c727f8067b82177be353ac5ebeca4f1.jpg,212.48,147.84,384.0,251.52,1.0,white organic-waste bag,False,False,1965.8,mdwd-p3
Cosmos Reason2 8B,white organic-waste bag,AFL-NewBatch6_30_jpeg.rf.399e64bccb44d80fa05c2372ef8a2a0d.jpg,E:\2. UM-Student\MSC Dissertation\Urban-Vision-Benchmark\Datasets\MDWD\MDWD-YOLO26\test\images\AFL-NewBatch6_30_jpeg.rf.399e64bccb44d80fa05c2372ef8a2a0d.jpg,285.44,435.84,529.28,506.24,1.0,white organic-waste bag,False,False,1996.2,mdwd-p3
Cosmos Reason2 8B,white organic-waste bag,AFL-NewBatch6_36_jpeg.rf.bbdedbb8ba216b5178969e02bdc8fb0b.jpg,E:\2. UM-Student\MSC Dissertation\Urban-Vision-Benchmark\Datasets\MDWD\MDWD-YOLO26\test\images\AFL-NewBatch6_36_jpeg.rf.bbdedbb8ba216b5178969e02bdc8fb0b.jpg,263.04,424.32,373.76,484.48,1.0,white organic-waste bag,False,False,1987.7,mdwd-p3
Cosmos Reason2 8B,white organic-waste bag,AFL-NewBatch6_40_jpeg.rf.41584ad8be2654c6380775654da6238a.jpg,E:\2. UM-Student\MSC Dissertation\Urban-Vision-Benchmark\Datasets\MDWD\MDWD-YOLO26\test\images\AFL-NewBatch6_40_jpeg.rf.41584ad8be2654c6380775654da6238a.jpg,98.56,218.88,332.8,373.76,1.0,white organic-waste bag,False,False,1979.2,mdwd-p3
Cosmos Reason2 8B,white organic-waste bag,AFL-NewBatch6_41_jpeg.rf.62380990d4cb7b48d4ffab37e6a4512e.jpg,E:\2. UM-Student\MSC Dissertation\Urban-Vision-Benchmark\Datasets\MDWD\MDWD-YOLO26\test\images\AFL-NewBatch6_41_jpeg.rf.62380990d4cb7b48d4ffab37e6a4512e.jpg,296.32,305.28,622.08,553.6,1.0,white organic-waste bag,False,False,1963.0,mdwd-p3
Cosmos Reason2 8B,white organic-waste bag,AFL-NewBatch6_66_jpeg.rf.75f4585faca68c0a3642fbce04ca3ec7.jpg,E:\2. UM-Student\MSC Dissertation\Urban-Vision-Benchmark\Datasets\MDWD\MDWD-YOLO26\test\images\AFL-NewBatch6_66_jpeg.rf.75f4585faca68c0a3642fbce04ca3ec7.jpg,212.48,205.44,305.28,264.32,1.0,white organic-waste bag,False,False,1997.0,mdwd-p3
Cosmos Reason2 8B,white organic-waste bag,AFL-NewBatch6_78_jpeg.rf.4b9e3ec13a417da31dc0abac0ff06069.jpg,E:\2. UM-Student\MSC Dissertation\Urban-Vision-Benchmark\Datasets\MDWD\MDWD-YOLO26\test\images\AFL-NewBatch6_78_jpeg.rf.4b9e3ec13a417da31dc0abac0ff06069.jpg,154.88,296.32,427.52,549.76,1.0,white organic-waste bag,False,False,1963.2,mdwd-p3
Cosmos Reason2 8B,white organic-waste bag,AFL-NewBatch6_82_jpeg.rf.4b59b3179a198ea33d5840967544bdb3.jpg,E:\2. UM-Student\MSC Dissertation\Urban-Vision-Benchmark\Datasets\MDWD\MDWD-YOLO26\test\images\AFL-NewBatch6_82_jpeg.rf.4b59b3179a198ea33d5840967544bdb3.jpg,122.24,317.44,353.92,416.0,1.0,white organic-waste bag,False,False,1990.0,mdwd-p3
Cosmos Reason2 8B,white organic-waste bag,AFL-NewBatch6_83_jpeg.rf.6cc13ff41089668352f07368d32ec054.jpg,E:\2. UM-Student\MSC Dissertation\Urban-Vision-Benchmark\Datasets\MDWD\MDWD-YOLO26\test\images\AFL-NewBatch6_83_jpeg.rf.6cc13ff41089668352f07368d32ec054.jpg,505.6,330.24,563.2,384.64,1.0,white organic-waste bag,False,False,1986.9,mdwd-p3
Cosmos Reason2 8B,white organic-waste bag,AFL-NewBatch6_85_jpeg.rf.79aae13eef022dd2d7d90c4d0182f7f7.jpg,E:\2. UM-Student\MSC Dissertation\Urban-Vision-Benchmark\Datasets\MDWD\MDWD-YOLO26\test\images\AFL-NewBatch6_85_jpeg.rf.79aae13eef022dd2d7d90c4d0182f7f7.jpg,391.68,365.44,471.04,441.6,1.0,white organic-waste bag,False,False,1971.2,mdwd-p3
Cosmos Reason2 8B,white organic-waste bag,AFL-NewBatch6_94_jpeg.rf.e15471f4e2b9f13849cd1f70018d6ac9.jpg,E:\2. UM-Student\MSC Dissertation\Urban-Vision-Benchmark\Datasets\MDWD\MDWD-YOLO26\test\images\AFL-NewBatch6_94_jpeg.rf.e15471f4e2b9f13849cd1f70018d6ac9.jpg,250.24,277.12,491.52,536.96,1.0,white organic-waste bag,False,False,1981.0,mdwd-p3
Cosmos Reason2 8B,white organic-waste bag,AFL-NewBatch7_11_jpeg.rf.d848c42464f5f2c5bb033028b8fc592d.jpg,E:\2. UM-Student\MSC Dissertation\Urban-Vision-Benchmark\Datasets\MDWD\MDWD-YOLO26\test\images\AFL-NewBatch7_11_jpeg.rf.d848c42464f5f2c5bb033028b8fc592d.jpg,378.24,88.32,427.52,119.68,1.0,white organic-waste bag,False,False,10026.4,mdwd-p3
Cosmos Reason2 8B,white organic-waste bag,AFL-NewBatch7_11_jpeg.rf.d848c42464f5f2c5bb033028b8fc592d.jpg,E:\2. UM-Student\MSC Dissertation\Urban-Vision-Benchmark\Datasets\MDWD\MDWD-YOLO26\test\images\AFL-NewBatch7_11_jpeg.rf.d848c42464f5f2c5bb033028b8fc592d.jpg,427.52,88.32,458.24,113.92,1.0,white organic-waste bag,False,False,10026.4,mdwd-p3
Cosmos Reason2 8B,white organic-waste bag,AFL-NewBatch7_11_jpeg.rf.d848c42464f5f2c5bb033028b8fc592d.jpg,E:\2. UM-Student\MSC Dissertation\Urban-Vision-Benchmark\Datasets\MDWD\MDWD-YOLO26\test\images\AFL-NewBatch7_11_jpeg.rf.d848c42464f5f2c5bb033028b8fc592d.jpg,376.32,205.44,492.8,311.68,1.0,white organic-waste bag,False,False,10026.4,mdwd-p3
Cosmos Reason2 8B,white organic-waste bag,AFL-NewBatch7_11_jpeg.rf.d848c42464f5f2c5bb033028b8fc592d.jpg,E:\2. UM-Student\MSC Dissertation\Urban-Vision-Benchmark\Datasets\MDWD\MDWD-YOLO26\test\images\AFL-NewBatch7_11_jpeg.rf.d848c42464f5f2c5bb033028b8fc592d.jpg,250.24,251.52,362.24,328.96,1.0,white organic-waste bag,False,False,10026.4,mdwd-p3
Cosmos Reason2 8B,white organic-waste bag,AFL-NewBatch7_11_jpeg.rf.d848c42464f5f2c5bb033028b8fc592d.jpg,E:\2. UM-Student\MSC Dissertation\Urban-Vision-Benchmark\Datasets\MDWD\MDWD-YOLO26\test\images\AFL-NewBatch7_11_jpeg.rf.d848c42464f5f2c5bb033028b8fc592d.jpg,133.76,272.64,233.6,371.2,1.0,white organic-waste bag,False,False,10026.4,mdwd-p3
Cosmos Reason2 8B,white organic-waste bag,AFL-NewBatch7_11_jpeg.rf.d848c42464f5f2c5bb033028b8fc592d.jpg,E:\2. UM-Student\MSC Dissertation\Urban-Vision-Benchmark\Datasets\MDWD\MDWD-YOLO26\test\images\AFL-NewBatch7_11_jpeg.rf.d848c42464f5f2c5bb033028b8fc592d.jpg,458.24,282.24,554.24,358.4,1.0,white organic-waste bag,False,False,10026.4,mdwd-p3
Cosmos Reason2 8B,white organic-waste bag,AFL-NewBatch7_19_jpeg.rf.bbd664688760cfb02be22b12188d3ea0.jpg,E:\2. UM-Student\MSC Dissertation\Urban-Vision-Benchmark\Datasets\MDWD\MDWD-YOLO26\test\images\AFL-NewBatch7_19_jpeg.rf.bbd664688760cfb02be22b12188d3ea0.jpg,275.2,277.12,381.44,327.04,1.0,white organic-waste bag,False,False,1989.3,mdwd-p3
Cosmos Reason2 8B,white organic-waste bag,AFL-NewBatch7_40_jpg.rf.d79715216e7de40d828fd273f75c31bc.jpg,E:\2. UM-Student\MSC Dissertation\Urban-Vision-Benchmark\Datasets\MDWD\MDWD-YOLO26\test\images\AFL-NewBatch7_40_jpg.rf.d79715216e7de40d828fd273f75c31bc.jpg,151.04,341.76,312.32,398.72,1.0,white organic-waste bag,False,False,3555.8,mdwd-p3
Cosmos Reason2 8B,white organic-waste bag,AFL-NewBatch7_40_jpg.rf.d79715216e7de40d828fd273f75c31bc.jpg,E:\2. UM-Student\MSC Dissertation\Urban-Vision-Benchmark\Datasets\MDWD\MDWD-YOLO26\test\images\AFL-NewBatch7_40_jpg.rf.d79715216e7de40d828fd273f75c31bc.jpg,292.48,353.92,430.08,403.2,1.0,white organic-waste bag,False,False,3555.8,mdwd-p3
Cosmos Reason2 8B,white organic-waste bag,AFL-NewBatch8_19_jpeg.rf.9a6ee3e02179760cd4c7c17b594f16b7.jpg,E:\2. UM-Student\MSC Dissertation\Urban-Vision-Benchmark\Datasets\MDWD\MDWD-YOLO26\test\images\AFL-NewBatch8_19_jpeg.rf.9a6ee3e02179760cd4c7c17b594f16b7.jpg,64.64,130.56,272.64,323.2,1.0,white organic-waste bag,False,False,1967.1,mdwd-p3
Cosmos Reason2 8B,white organic-waste bag,AFL-NewBatch8_20_jpeg.rf.7b0acd51a9c8d6ff91b6387874917af3.jpg,E:\2. UM-Student\MSC Dissertation\Urban-Vision-Benchmark\Datasets\MDWD\MDWD-YOLO26\test\images\AFL-NewBatch8_20_jpeg.rf.7b0acd51a9c8d6ff91b6387874917af3.jpg,189.44,213.76,350.08,348.8,1.0,white organic-waste bag,False,False,1980.4,mdwd-p3
Cosmos Reason2 8B,white organic-waste bag,AFL-NewBatch8_25_jpeg.rf.f4a2237c8b9ebf92d1c8e30de6ebe63d.jpg,E:\2. UM-Student\MSC Dissertation\Urban-Vision-Benchmark\Datasets\MDWD\MDWD-YOLO26\test\images\AFL-NewBatch8_25_jpeg.rf.f4a2237c8b9ebf92d1c8e30de6ebe63d.jpg,102.4,231.68,218.88,310.4,1.0,white organic-waste bag,False,False,1987.9,mdwd-p3
Cosmos Reason2 8B,white organic-waste bag,AFL-NewBatch8_28_jpeg.rf.919763ab83ddeeedc1582a66fb260e6c.jpg,E:\2. UM-Student\MSC Dissertation\Urban-Vision-Benchmark\Datasets\MDWD\MDWD-YOLO26\test\images\AFL-NewBatch8_28_jpeg.rf.919763ab83ddeeedc1582a66fb260e6c.jpg,192.64,160.0,392.32,341.12,1.0,white organic-waste bag,False,False,1963.7,mdwd-p3
Cosmos Reason2 8B,white organic-waste bag,AFL-NewBatch8_33_jpeg.rf.e5fc6832896b344a4795a237737b07ad.jpg,E:\2. UM-Student\MSC Dissertation\Urban-Vision-Benchmark\Datasets\MDWD\MDWD-YOLO26\test\images\AFL-NewBatch8_33_jpeg.rf.e5fc6832896b344a4795a237737b07ad.jpg,268.16,203.52,456.96,334.72,1.0,white organic-waste bag,False,False,2021.1,mdwd-p3
Cosmos Reason2 8B,white organic-waste bag,AFL-NewBatch8_36_jpeg.rf.8650d72620e31541c6e7692b68a34703.jpg,E:\2. UM-Student\MSC Dissertation\Urban-Vision-Benchmark\Datasets\MDWD\MDWD-YOLO26\test\images\AFL-NewBatch8_36_jpeg.rf.8650d72620e31541c6e7692b68a34703.jpg,214.4,150.4,314.24,235.52,1.0,white organic-waste bag,False,False,1994.2,mdwd-p3
Cosmos Reason2 8B,white organic-waste bag,AFL-NewBatch8_37_jpeg.rf.1883d28593e616e79ca8b2e836b6e854.jpg,E:\2. UM-Student\MSC Dissertation\Urban-Vision-Benchmark\Datasets\MDWD\MDWD-YOLO26\test\images\AFL-NewBatch8_37_jpeg.rf.1883d28593e616e79ca8b2e836b6e854.jpg,149.76,285.44,247.04,366.72,1.0,white organic-waste bag,False,False,44554.8,mdwd-p3
Cosmos Reason2 8B,white organic-waste bag,AFL-NewBatch8_37_jpeg.rf.1883d28593e616e79ca8b2e836b6e854.jpg,E:\2. UM-Student\MSC Dissertation\Urban-Vision-Benchmark\Datasets\MDWD\MDWD-YOLO26\test\images\AFL-NewBatch8_37_jpeg.rf.1883d28593e616e79ca8b2e836b6e854.jpg,247.04,292.48,371.2,426.88,1.0,white organic-waste bag,False,False,44554.8,mdwd-p3
Cosmos Reason2 8B,white organic-waste bag,AFL-NewBatch8_37_jpeg.rf.1883d28593e616e79ca8b2e836b6e854.jpg,E:\2. UM-Student\MSC Dissertation\Urban-Vision-Benchmark\Datasets\MDWD\MDWD-YOLO26\test\images\AFL-NewBatch8_37_jpeg.rf.1883d28593e616e79ca8b2e836b6e854.jpg,224.64,298.24,305.28,371.2,1.0,white organic-waste bag,False,False,44554.8,mdwd-p3
Cosmos Reason2 8B,white organic-waste bag,AFL-NewBatch8_37_jpeg.rf.1883d28593e616e79ca8b2e836b6e854.jpg,E:\2. UM-Student\MSC Dissertation\Urban-Vision-Benchmark\Datasets\MDWD\MDWD-YOLO26\test\images\AFL-NewBatch8_37_jpeg.rf.1883d28593e616e79ca8b2e836b6e854.jpg,224.64,298.24,305.28,371.2,1.0,white organic-waste bag,False,False,44554.8,mdwd-p3
Cosmos Reason2 8B,white organic-waste bag,AFL-NewBatch8_37_jpeg.rf.1883d28593e616e79ca8b2e836b6e854.jpg,E:\2. UM-Student\MSC Dissertation\Urban-Vision-Benchmark\Datasets\MDWD\MDWD-YOLO26\test\images\AFL-NewBatch8_37_jpeg.rf.1883d28593e616e79ca8b2e836b6e854.jpg,224.64,298.24,305.28,371.2,1.0,white organic-waste bag,False,False,44554.8,mdwd-p3
Cosmos Reason2 8B,white organic-waste bag,AFL-NewBatch8_37_jpeg.rf.1883d28593e616e79ca8b2e836b6e854.jpg,E:\2. UM-Student\MSC Dissertation\Urban-Vision-Benchmark\Datasets\MDWD\MDWD-YOLO26\test\images\AFL-NewBatch8_37_jpeg.rf.1883d28593e616e79ca8b2e836b6e854.jpg,224.64,298.24,305.28,371.2,1.0,white organic-waste bag,False,False,44554.8,mdwd-p3
Cosmos Reason2 8B,white organic-waste bag,AFL-NewBatch8_37_jpeg.rf.1883d28593e616e79ca8b2e836b6e854.jpg,E:\2. UM-Student\MSC Dissertation\Urban-Vision-Benchmark\Datasets\MDWD\MDWD-YOLO26\test\images\AFL-NewBatch8_37_jpeg.rf.1883d28593e616e79ca8b2e836b6e854.jpg,224.64,298.24,305.28,371.2,1.0,white organic-waste bag,False,False,44554.8,mdwd-p3
Cosmos Reason2 8B,white organic-waste bag,AFL-NewBatch8_37_jpeg.rf.1883d28593e616e79ca8b2e836b6e854.jpg,E:\2. UM-Student\MSC Dissertation\Urban-Vision-Benchmark\Datasets\MDWD\MDWD-YOLO26\test\images\AFL-NewBatch8_37_jpeg.rf.1883d28593e616e79ca8b2e836b6e854.jpg,224.64,298.24,305.28,371.2,1.0,white organic-waste bag,False,False,44554.8,mdwd-p3
Cosmos Reason2 8B,white organic-waste bag,AFL-NewBatch8_37_jpeg.rf.1883d28593e616e79ca8b2e836b6e854.jpg,E:\2. UM-Student\MSC Dissertation\Urban-Vision-Benchmark\Datasets\MDWD\MDWD-YOLO26\test\images\AFL-NewBatch8_37_jpeg.rf.1883d28593e616e79ca8b2e836b6e854.jpg,224.64,298.24,305.28,371.2,1.0,white organic-waste bag,False,False,44554.8,mdwd-p3
Cosmos Reason2 8B,white organic-waste bag,AFL-NewBatch8_37_jpeg.rf.1883d28593e616e79ca8b2e836b6e854.jpg,E:\2. UM-Student\MSC Dissertation\Urban-Vision-Benchmark\Datasets\MDWD\MDWD-YOLO26\test\images\AFL-NewBatch8_37_jpeg.rf.1883d28593e616e79ca8b2e836b6e854.jpg,224.64,298.24,305.28,371.2,1.0,white organic-waste bag,False,False,44554.8,mdwd-p3
Cosmos Reason2 8B,white organic-waste bag,AFL-NewBatch8_37_jpeg.rf.1883d28593e616e79ca8b2e836b6e854.jpg,E:\2. UM-Student\MSC Dissertation\Urban-Vision-Benchmark\Datasets\MDWD\MDWD-YOLO26\test\images\AFL-NewBatch8_37_jpeg.rf.1883d28593e616e79ca8b2e836b6e854.jpg,224.64,298.24,305.28,371.2,1.0,white organic-waste bag,False,False,44554.8,mdwd-p3
Cosmos Reason2 8B,white organic-waste bag,AFL-NewBatch8_37_jpeg.rf.1883d28593e616e79ca8b2e836b6e854.jpg,E:\2. UM-Student\MSC Dissertation\Urban-Vision-Benchmark\Datasets\MDWD\MDWD-YOLO26\test\images\AFL-NewBatch8_37_jpeg.rf.1883d28593e616e79ca8b2e836b6e854.jpg,224.64,298.24,305.28,371.2,1.0,white organic-waste bag,False,False,44554.8,mdwd-p3
Cosmos Reason2 8B,white organic-waste bag,AFL-NewBatch8_37_jpeg.rf.1883d28593e616e79ca8b2e836b6e854.jpg,E:\2. UM-Student\MSC Dissertation\Urban-Vision-Benchmark\Datasets\MDWD\MDWD-YOLO26\test\images\AFL-NewBatch8_37_jpeg.rf.1883d28593e616e79ca8b2e836b6e854.jpg,224.64,298.24,305.28,371.2,1.0,white organic-waste bag,False,False,44554.8,mdwd-p3
Cosmos Reason2 8B,white organic-waste bag,AFL-NewBatch8_37_jpeg.rf.1883d28593e616e79ca8b2e836b6e854.jpg,E:\2. UM-Student\MSC Dissertation\Urban-Vision-Benchmark\Datasets\MDWD\MDWD-YOLO26\test\images\AFL-NewBatch8_37_jpeg.rf.1883d28593e616e79ca8b2e836b6e854.jpg,224.64,298.24,305.28,371.2,1.0,white organic-waste bag,False,False,44554.8,mdwd-p3
Cosmos Reason2 8B,white organic-waste bag,AFL-NewBatch8_37_jpeg.rf.1883d28593e616e79ca8b2e836b6e854.jpg,E:\2. UM-Student\MSC Dissertation\Urban-Vision-Benchmark\Datasets\MDWD\MDWD-YOLO26\test\images\AFL-NewBatch8_37_jpeg.rf.1883d28593e616e79ca8b2e836b6e854.jpg,224.64,298.24,305.28,371.2,1.0,white organic-waste bag,False,False,44554.8,mdwd-p3
Cosmos Reason2 8B,white organic-waste bag,AFL-NewBatch8_37_jpeg.rf.1883d28593e616e79ca8b2e836b6e854.jpg,E:\2. UM-Student\MSC Dissertation\Urban-Vision-Benchmark\Datasets\MDWD\MDWD-YOLO26\test\images\AFL-NewBatch8_37_jpeg.rf.1883d28593e616e79ca8b2e836b6e854.jpg,224.64,298.24,305.28,371.2,1.0,white organic-waste bag,False,False,44554.8,mdwd-p3
Cosmos Reason2 8B,white organic-waste bag,AFL-NewBatch8_37_jpeg.rf.1883d28593e616e79ca8b2e836b6e854.jpg,E:\2. UM-Student\MSC Dissertation\Urban-Vision-Benchmark\Datasets\MDWD\MDWD-YOLO26\test\images\AFL-NewBatch8_37_jpeg.rf.1883d28593e616e79ca8b2e836b6e854.jpg,224.64,298.24,305.28,371.2,1.0,white organic-waste bag,False,False,44554.8,mdwd-p3
Cosmos Reason2 8B,white organic-waste bag,AFL-NewBatch8_37_jpeg.rf.1883d28593e616e79ca8b2e836b6e854.jpg,E:\2. UM-Student\MSC Dissertation\Urban-Vision-Benchmark\Datasets\MDWD\MDWD-YOLO26\test\images\AFL-NewBatch8_37_jpeg.rf.1883d28593e616e79ca8b2e836b6e854.jpg,224.64,298.24,305.28,371.2,1.0,white organic-waste bag,False,False,44554.8,mdwd-p3
Cosmos Reason2 8B,white organic-waste bag,AFL-NewBatch8_37_jpeg.rf.1883d28593e616e79ca8b2e836b6e854.jpg,E:\2. UM-Student\MSC Dissertation\Urban-Vision-Benchmark\Datasets\MDWD\MDWD-YOLO26\test\images\AFL-NewBatch8_37_jpeg.rf.1883d28593e616e79ca8b2e836b6e854.jpg,224.64,298.24,305.28,371.2,1.0,white organic-waste bag,False,False,44554.8,mdwd-p3
Cosmos Reason2 8B,white organic-waste bag,AFL-NewBatch8_37_jpeg.rf.1883d28593e616e79ca8b2e836b6e854.jpg,E:\2. UM-Student\MSC Dissertation\Urban-Vision-Benchmark\Datasets\MDWD\MDWD-YOLO26\test\images\AFL-NewBatch8_37_jpeg.rf.1883d28593e616e79ca8b2e836b6e854.jpg,224.64,298.24,305.28,371.2,1.0,white organic-waste bag,False,False,44554.8,mdwd-p3
Cosmos Reason2 8B,white organic-waste bag,AFL-NewBatch8_37_jpeg.rf.1883d28593e616e79ca8b2e836b6e854.jpg,E:\2. UM-Student\MSC Dissertation\Urban-Vision-Benchmark\Datasets\MDWD\MDWD-YOLO26\test\images\AFL-NewBatch8_37_jpeg.rf.1883d28593e616e79ca8b2e836b6e854.jpg,224.64,298.24,305.28,371.2,1.0,white organic-waste bag,False,False,44554.8,mdwd-p3
Cosmos Reason2 8B,white organic-waste bag,AFL-NewBatch8_37_jpeg.rf.1883d28593e616e79ca8b2e836b6e854.jpg,E:\2. UM-Student\MSC Dissertation\Urban-Vision-Benchmark\Datasets\MDWD\MDWD-YOLO26\test\images\AFL-NewBatch8_37_jpeg.rf.1883d28593e616e79ca8b2e836b6e854.jpg,224.64,298.24,305.28,371.2,1.0,white organic-waste bag,False,False,44554.8,mdwd-p3
Cosmos Reason2 8B,white organic-waste bag,AFL-NewBatch8_37_jpeg.rf.1883d28593e616e79ca8b2e836b6e854.jpg,E:\2. UM-Student\MSC Dissertation\Urban-Vision-Benchmark\Datasets\MDWD\MDWD-YOLO26\test\images\AFL-NewBatch8_37_jpeg.rf.1883d28593e616e79ca8b2e836b6e854.jpg,224.64,298.24,305.28,371.2,1.0,white organic-waste bag,False,False,44554.8,mdwd-p3
Cosmos Reason2 8B,white organic-waste bag,AFL-NewBatch8_37_jpeg.rf.1883d28593e616e79ca8b2e836b6e854.jpg,E:\2. UM-Student\MSC Dissertation\Urban-Vision-Benchmark\Datasets\MDWD\MDWD-YOLO26\test\images\AFL-NewBatch8_37_jpeg.rf.1883d28593e616e79ca8b2e836b6e854.jpg,224.64,298.24,305.28,371.2,1.0,white organic-waste bag,False,False,44554.8,mdwd-p3
Cosmos Reason2 8B,white organic-waste bag,AFL-NewBatch8_37_jpeg.rf.1883d28593e616e79ca8b2e836b6e854.jpg,E:\2. UM-Student\MSC Dissertation\Urban-Vision-Benchmark\Datasets\MDWD\MDWD-YOLO26\test\images\AFL-NewBatch8_37_jpeg.rf.1883d28593e616e79ca8b2e836b6e854.jpg,224.64,298.24,305.28,371.2,1.0,white organic-waste bag,False,False,44554.8,mdwd-p3
Cosmos Reason2 8B,white organic-waste bag,AFL-NewBatch8_37_jpeg.rf.1883d28593e616e79ca8b2e836b6e854.jpg,E:\2. UM-Student\MSC Dissertation\Urban-Vision-Benchmark\Datasets\MDWD\MDWD-YOLO26\test\images\AFL-NewBatch8_37_jpeg.rf.1883d28593e616e79ca8b2e836b6e854.jpg,224.64,298.24,305.28,371.2,1.0,white organic-waste bag,False,False,44554.8,mdwd-p3
Cosmos Reason2 8B,white organic-waste bag,AFL-NewBatch8_37_jpeg.rf.1883d28593e616e79ca8b2e836b6e854.jpg,E:\2. UM-Student\MSC Dissertation\Urban-Vision-Benchmark\Datasets\MDWD\MDWD-YOLO26\test\images\AFL-NewBatch8_37_jpeg.rf.1883d28593e616e79ca8b2e836b6e854.jpg,224.64,298.24,305.28,371.2,1.0,white organic-waste bag,False,False,44554.8,mdwd-p3
Cosmos Reason2 8B,white organic-waste bag,AFL-NewBatch9_11_jpeg.rf.4126636e69402c1d283355333ce014ab.jpg,E:\2. UM-Student\MSC Dissertation\Urban-Vision-Benchmark\Datasets\MDWD\MDWD-YOLO26\test\images\AFL-NewBatch9_11_jpeg.rf.4126636e69402c1d283355333ce014ab.jpg,161.28,108.16,363.52,254.08,1.0,white organic-waste bag,False,False,1997.1,mdwd-p3
Cosmos Reason2 8B,white organic-waste bag,AFL-NewBatch9_12_jpeg.rf.439663c2acd785b36963c00338581b94.jpg,E:\2. UM-Student\MSC Dissertation\Urban-Vision-Benchmark\Datasets\MDWD\MDWD-YOLO26\test\images\AFL-NewBatch9_12_jpeg.rf.439663c2acd785b36963c00338581b94.jpg,583.04,181.12,603.52,223.36,1.0,white organic-waste bag,False,False,1997.4,mdwd-p3
Cosmos Reason2 8B,white organic-waste bag,AFL_NewBatch3_23_jpeg.rf.de04df4b7314fabfd8e3828db536247b.jpg,E:\2. UM-Student\MSC Dissertation\Urban-Vision-Benchmark\Datasets\MDWD\MDWD-YOLO26\test\images\AFL_NewBatch3_23_jpeg.rf.de04df4b7314fabfd8e3828db536247b.jpg,355.2,306.56,496.0,386.56,1.0,white organic-waste bag,False,False,1973.7,mdwd-p3
Cosmos Reason2 8B,white organic-waste bag,AFL_NewBatch3_25_jpeg.rf.069bd1f2aa40571351ff75fa5c1994df.jpg,E:\2. UM-Student\MSC Dissertation\Urban-Vision-Benchmark\Datasets\MDWD\MDWD-YOLO26\test\images\AFL_NewBatch3_25_jpeg.rf.069bd1f2aa40571351ff75fa5c1994df.jpg,233.6,263.04,381.44,350.08,1.0,white organic-waste bag,False,False,1970.7,mdwd-p3
Cosmos Reason2 8B,white organic-waste bag,AFL_NewBatch3_38_jpeg.rf.4b95816ea6ebd56c2d1dc192d358948b.jpg,E:\2. UM-Student\MSC Dissertation\Urban-Vision-Benchmark\Datasets\MDWD\MDWD-YOLO26\test\images\AFL_NewBatch3_38_jpeg.rf.4b95816ea6ebd56c2d1dc192d358948b.jpg,264.96,156.16,443.52,309.12,1.0,white organic-waste bag,False,False,1996.3,mdwd-p3
Cosmos Reason2 8B,white organic-waste bag,AFL_NewBatch3_53_jpeg.rf.9e5bf2183fc4b923c9ee1501592a41f9.jpg,E:\2. UM-Student\MSC Dissertation\Urban-Vision-Benchmark\Datasets\MDWD\MDWD-YOLO26\test\images\AFL_NewBatch3_53_jpeg.rf.9e5bf2183fc4b923c9ee1501592a41f9.jpg,226.56,118.4,394.24,230.4,1.0,white organic-waste bag,False,False,1975.8,mdwd-p3
Cosmos Reason2 8B,white organic-waste bag,AFL_NewBatch3_57_jpeg.rf.65df70c80f13dc75e7ad76b812d937df.jpg,E:\2. UM-Student\MSC Dissertation\Urban-Vision-Benchmark\Datasets\MDWD\MDWD-YOLO26\test\images\AFL_NewBatch3_57_jpeg.rf.65df70c80f13dc75e7ad76b812d937df.jpg,163.2,44.8,209.28,116.48,1.0,white organic-waste bag,False,False,1969.6,mdwd-p3
Cosmos Reason2 8B,white organic-waste bag,AFL_NewBatch3_61_jpeg.rf.27e292c4a0e32bcd3cadbae4bc598544.jpg,E:\2. UM-Student\MSC Dissertation\Urban-Vision-Benchmark\Datasets\MDWD\MDWD-YOLO26\test\images\AFL_NewBatch3_61_jpeg.rf.27e292c4a0e32bcd3cadbae4bc598544.jpg,200.96,67.2,366.72,170.24,1.0,white organic-waste bag,False,False,1992.9,mdwd-p3
Cosmos Reason2 8B,white organic-waste bag,AFL_NewBatch3_70_jpeg.rf.7b3a89cb52b3c2b63da06989e950254c.jpg,E:\2. UM-Student\MSC Dissertation\Urban-Vision-Benchmark\Datasets\MDWD\MDWD-YOLO26\test\images\AFL_NewBatch3_70_jpeg.rf.7b3a89cb52b3c2b63da06989e950254c.jpg,248.32,85.76,431.36,309.12,1.0,white organic-waste bag,False,False,1987.7,mdwd-p3
Cosmos Reason2 8B,white organic-waste bag,ARI3129_AFL_13_jpeg.rf.3b2d222a7fb553564619bba08946664e.jpg,E:\2. UM-Student\MSC Dissertation\Urban-Vision-Benchmark\Datasets\MDWD\MDWD-YOLO26\test\images\ARI3129_AFL_13_jpeg.rf.3b2d222a7fb553564619bba08946664e.jpg,205.44,181.12,463.36,446.72,1.0,white organic-waste bag,False,False,1980.4,mdwd-p3
Cosmos Reason2 8B,white organic-waste bag,ARI3129_AFL_20_jpeg.rf.ac014490ff2a11d9f279be120a1079f1.jpg,E:\2. UM-Student\MSC Dissertation\Urban-Vision-Benchmark\Datasets\MDWD\MDWD-YOLO26\test\images\ARI3129_AFL_20_jpeg.rf.ac014490ff2a11d9f279be120a1079f1.jpg,106.24,185.6,353.92,437.12,1.0,white organic-waste bag,False,False,1985.3,mdwd-p3
Cosmos Reason2 8B,white organic-waste bag,ARI3129_AFL_60_jpeg.rf.9b69f3b6a86120e675c35e1420d47ec1.jpg,E:\2. UM-Student\MSC Dissertation\Urban-Vision-Benchmark\Datasets\MDWD\MDWD-YOLO26\test\images\ARI3129_AFL_60_jpeg.rf.9b69f3b6a86120e675c35e1420d47ec1.jpg,136.96,359.68,403.2,514.56,1.0,white organic-waste bag,False,False,1984.3,mdwd-p3
Cosmos Reason2 8B,white organic-waste bag,ARI3129_AFL_65_jpeg.rf.bb51b67df3fe8cf58a9e48ce1eafca7a.jpg,E:\2. UM-Student\MSC Dissertation\Urban-Vision-Benchmark\Datasets\MDWD\MDWD-YOLO26\test\images\ARI3129_AFL_65_jpeg.rf.bb51b67df3fe8cf58a9e48ce1eafca7a.jpg,346.88,353.92,483.2,474.88,1.0,white organic-waste bag,False,False,1988.8,mdwd-p3
Cosmos Reason2 8B,white organic-waste bag,ARI3129_AFL_76_jpeg.rf.8e162d330d5d7183c454f4ba82e1ca47.jpg,E:\2. UM-Student\MSC Dissertation\Urban-Vision-Benchmark\Datasets\MDWD\MDWD-YOLO26\test\images\ARI3129_AFL_76_jpeg.rf.8e162d330d5d7183c454f4ba82e1ca47.jpg,119.68,247.04,171.52,275.2,1.0,white organic-waste bag,False,False,1982.8,mdwd-p3
Cosmos Reason2 8B,white organic-waste bag,ARI3129_AFL_80_jpeg.rf.93908175256bdc7e36dbfbe03cf757c7.jpg,E:\2. UM-Student\MSC Dissertation\Urban-Vision-Benchmark\Datasets\MDWD\MDWD-YOLO26\test\images\ARI3129_AFL_80_jpeg.rf.93908175256bdc7e36dbfbe03cf757c7.jpg,341.12,344.32,512.64,451.2,1.0,white organic-waste bag,False,False,1989.7,mdwd-p3
Cosmos Reason2 8B,white organic-waste bag,ARI3129_AFL_83_jpeg.rf.9417856dcdd1b2f657ab5bc7ee9f506a.jpg,E:\2. UM-Student\MSC Dissertation\Urban-Vision-Benchmark\Datasets\MDWD\MDWD-YOLO26\test\images\ARI3129_AFL_83_jpeg.rf.9417856dcdd1b2f657ab5bc7ee9f506a.jpg,0.0,220.8,44.8,269.44,1.0,white organic-waste bag,False,False,1855.1,mdwd-p3
Cosmos Reason2 8B,white organic-waste bag,ARI3129_AFL_87_jpeg.rf.bbd40e9cada1cc2730cdee3d7a09767f.jpg,E:\2. UM-Student\MSC Dissertation\Urban-Vision-Benchmark\Datasets\MDWD\MDWD-YOLO26\test\images\ARI3129_AFL_87_jpeg.rf.bbd40e9cada1cc2730cdee3d7a09767f.jpg,59.52,411.52,215.68,597.12,1.0,white organic-waste bag,False,False,1939.7,mdwd-p3
Cosmos Reason2 8B,white organic-waste bag,ARI3129_AFL_88_jpeg.rf.d003f357baa77787fd77568c430ecd89.jpg,E:\2. UM-Student\MSC Dissertation\Urban-Vision-Benchmark\Datasets\MDWD\MDWD-YOLO26\test\images\ARI3129_AFL_88_jpeg.rf.d003f357baa77787fd77568c430ecd89.jpg,512.0,330.24,539.52,351.36,1.0,white organic-waste bag,False,False,1980.5,mdwd-p3
Cosmos Reason2 8B,white organic-waste bag,ARI3129_AFL_94_jpeg.rf.12064663f7b4f63552c8945b7487f26d.jpg,E:\2. UM-Student\MSC Dissertation\Urban-Vision-Benchmark\Datasets\MDWD\MDWD-YOLO26\test\images\ARI3129_AFL_94_jpeg.rf.12064663f7b4f63552c8945b7487f26d.jpg,242.56,206.72,490.24,350.08,1.0,white organic-waste bag,False,False,1982.0,mdwd-p3
Cosmos Reason2 8B,white organic-waste bag,ARI3129_AFL_E_12_jpeg.rf.47781c0f8ca545ad957fe116ca2d3b50.jpg,E:\2. UM-Student\MSC Dissertation\Urban-Vision-Benchmark\Datasets\MDWD\MDWD-YOLO26\test\images\ARI3129_AFL_E_12_jpeg.rf.47781c0f8ca545ad957fe116ca2d3b50.jpg,433.28,422.4,586.88,526.72,1.0,white organic-waste bag,False,False,1977.6,mdwd-p3
Cosmos Reason2 8B,white organic-waste bag,ARI3129_AFL_E_7_jpeg.rf.751f2e9d7aa713ca24fc59fe52c4a209.jpg,E:\2. UM-Student\MSC Dissertation\Urban-Vision-Benchmark\Datasets\MDWD\MDWD-YOLO26\test\images\ARI3129_AFL_E_7_jpeg.rf.751f2e9d7aa713ca24fc59fe52c4a209.jpg,192.64,177.28,371.2,365.44,1.0,white organic-waste bag,False,False,1983.5,mdwd-p3
Cosmos Reason2 8B,white organic-waste bag,ARI3129_Online_2_jpeg.rf.8f3afdbb2284e73aa7a48b49e8b960c8.jpg,E:\2. UM-Student\MSC Dissertation\Urban-Vision-Benchmark\Datasets\MDWD\MDWD-YOLO26\test\images\ARI3129_Online_2_jpeg.rf.8f3afdbb2284e73aa7a48b49e8b960c8.jpg,347.52,332.8,556.16,597.12,1.0,white organic-waste bag,False,False,1983.8,mdwd-p3
Cosmos Reason2 8B,white organic-waste bag,ARI3129_SDM_15_jpg.rf.538379eb2b735d401e4aba1afeeba4f4.jpg,E:\2. UM-Student\MSC Dissertation\Urban-Vision-Benchmark\Datasets\MDWD\MDWD-YOLO26\test\images\ARI3129_SDM_15_jpg.rf.538379eb2b735d401e4aba1afeeba4f4.jpg,128.0,22.4,472.32,305.28,1.0,white organic-waste bag,False,False,1936.5,mdwd-p3
Cosmos Reason2 8B,white organic-waste bag,ARI3129_SDM_23_jpg.rf.922f3b08d993fdaed3a142f2eeca663f.jpg,E:\2. UM-Student\MSC Dissertation\Urban-Vision-Benchmark\Datasets\MDWD\MDWD-YOLO26\test\images\ARI3129_SDM_23_jpg.rf.922f3b08d993fdaed3a142f2eeca663f.jpg,177.92,189.44,305.28,390.4,1.0,white organic-waste bag,False,False,3584.9,mdwd-p3
Cosmos Reason2 8B,white organic-waste bag,ARI3129_SDM_23_jpg.rf.922f3b08d993fdaed3a142f2eeca663f.jpg,E:\2. UM-Student\MSC Dissertation\Urban-Vision-Benchmark\Datasets\MDWD\MDWD-YOLO26\test\images\ARI3129_SDM_23_jpg.rf.922f3b08d993fdaed3a142f2eeca663f.jpg,289.28,200.96,396.8,376.32,1.0,white organic-waste bag,False,False,3584.9,mdwd-p3
Cosmos Reason2 8B,white organic-waste bag,ARI3129_SDM_26_jpg.rf.f351dc9b8e6a13d8c26fc09498ec2ca4.jpg,E:\2. UM-Student\MSC Dissertation\Urban-Vision-Benchmark\Datasets\MDWD\MDWD-YOLO26\test\images\ARI3129_SDM_26_jpg.rf.f351dc9b8e6a13d8c26fc09498ec2ca4.jpg,119.68,167.04,504.32,563.2,1.0,white organic-waste bag,False,False,1970.4,mdwd-p3
Cosmos Reason2 8B,white organic-waste bag,ARI3129_SDM_28_jpg.rf.a38a2a51538662297dacca85658e78da.jpg,E:\2. UM-Student\MSC Dissertation\Urban-Vision-Benchmark\Datasets\MDWD\MDWD-YOLO26\test\images\ARI3129_SDM_28_jpg.rf.a38a2a51538662297dacca85658e78da.jpg,75.52,157.44,439.04,518.4,1.0,white organic-waste bag,False,False,1981.8,mdwd-p3
Cosmos Reason2 8B,white organic-waste bag,ARI3129_SDM_29_jpg.rf.8b226744799c5e1605f8385be5fc3725.jpg,E:\2. UM-Student\MSC Dissertation\Urban-Vision-Benchmark\Datasets\MDWD\MDWD-YOLO26\test\images\ARI3129_SDM_29_jpg.rf.8b226744799c5e1605f8385be5fc3725.jpg,280.32,251.52,580.48,483.2,1.0,white organic-waste bag,False,False,1988.6,mdwd-p3
Cosmos Reason2 8B,white organic-waste bag,ARI3129_SDM_30_jpg.rf.2a5cd4cbbf1ffd13b1e19d0759a015c6.jpg,E:\2. UM-Student\MSC Dissertation\Urban-Vision-Benchmark\Datasets\MDWD\MDWD-YOLO26\test\images\ARI3129_SDM_30_jpg.rf.2a5cd4cbbf1ffd13b1e19d0759a015c6.jpg,68.48,292.48,358.4,504.32,1.0,white organic-waste bag,False,False,1992.0,mdwd-p3
Cosmos Reason2 8B,white organic-waste bag,ARI3129_SDM_64_jpg.rf.ee088bd38a2c3c95b2da82373aaac73e.jpg,E:\2. UM-Student\MSC Dissertation\Urban-Vision-Benchmark\Datasets\MDWD\MDWD-YOLO26\test\images\ARI3129_SDM_64_jpg.rf.ee088bd38a2c3c95b2da82373aaac73e.jpg,125.44,117.76,417.28,434.56,1.0,white organic-waste bag,False,False,1981.3,mdwd-p3
Cosmos Reason2 8B,white organic-waste bag,ARI3129_SDM_69_jpg.rf.32e253b3a45b80b4d52b3ab590eb724d.jpg,E:\2. UM-Student\MSC Dissertation\Urban-Vision-Benchmark\Datasets\MDWD\MDWD-YOLO26\test\images\ARI3129_SDM_69_jpg.rf.32e253b3a45b80b4d52b3ab590eb724d.jpg,92.8,32.0,309.76,314.88,1.0,white organic-waste bag,False,False,1942.0,mdwd-p3
Cosmos Reason2 8B,white organic-waste bag,ARI3129_SDM_97_jpeg.rf.433442a760244d762f2d6ceb2c6d82c3.jpg,E:\2. UM-Student\MSC Dissertation\Urban-Vision-Benchmark\Datasets\MDWD\MDWD-YOLO26\test\images\ARI3129_SDM_97_jpeg.rf.433442a760244d762f2d6ceb2c6d82c3.jpg,272.64,259.84,427.52,432.64,1.0,white organic-waste bag,False,False,1985.8,mdwd-p3
Cosmos Reason2 8B,white organic-waste bag,ARI3129_SDM_99_jpeg.rf.a4d0fdd81a97ad316e370313d851c98f.jpg,E:\2. UM-Student\MSC Dissertation\Urban-Vision-Benchmark\Datasets\MDWD\MDWD-YOLO26\test\images\ARI3129_SDM_99_jpeg.rf.a4d0fdd81a97ad316e370313d851c98f.jpg,0.0,240.64,283.52,539.52,1.0,white organic-waste bag,False,False,1896.5,mdwd-p3
Cosmos Reason2 8B,white organic-waste bag,ARI3129_SDM_E_11_jpg.rf.e3a50a869c33c50807b308d8f3c3763b.jpg,E:\2. UM-Student\MSC Dissertation\Urban-Vision-Benchmark\Datasets\MDWD\MDWD-YOLO26\test\images\ARI3129_SDM_E_11_jpg.rf.e3a50a869c33c50807b308d8f3c3763b.jpg,233.6,245.12,477.44,509.44,1.0,white organic-waste bag,False,False,1989.7,mdwd-p3
Cosmos Reason2 8B,white organic-waste bag,ARI3129_SDM_E_3_jpg.rf.cd75c0f5faef6a61dc201602806fcf02.jpg,E:\2. UM-Student\MSC Dissertation\Urban-Vision-Benchmark\Datasets\MDWD\MDWD-YOLO26\test\images\ARI3129_SDM_E_3_jpg.rf.cd75c0f5faef6a61dc201602806fcf02.jpg,272.64,292.48,593.28,599.68,1.0,white organic-waste bag,False,False,1992.2,mdwd-p3
Cosmos Reason2 8B,white organic-waste bag,ARI3129_SDM_E_6_jpg.rf.8f4ad2bbc4bd45252ef4e6320bac2e69.jpg,E:\2. UM-Student\MSC Dissertation\Urban-Vision-Benchmark\Datasets\MDWD\MDWD-YOLO26\test\images\ARI3129_SDM_E_6_jpg.rf.8f4ad2bbc4bd45252ef4e6320bac2e69.jpg,314.88,70.4,589.44,309.12,1.0,white organic-waste bag,False,False,1986.8,mdwd-p3
Cosmos Reason2 8B,white organic-waste bag,ARI3129_TK_11_jpg.rf.47d1657a833d01f0352d5a055b21c944.jpg,E:\2. UM-Student\MSC Dissertation\Urban-Vision-Benchmark\Datasets\MDWD\MDWD-YOLO26\test\images\ARI3129_TK_11_jpg.rf.47d1657a833d01f0352d5a055b21c944.jpg,192.64,232.96,387.84,379.52,1.0,white organic-waste bag,False,False,1984.6,mdwd-p3
Cosmos Reason2 8B,white organic-waste bag,ARI3129_TK_14_jpg.rf.c589cfdd4d6a2dbf0b252f2f34ca86ad.jpg,E:\2. UM-Student\MSC Dissertation\Urban-Vision-Benchmark\Datasets\MDWD\MDWD-YOLO26\test\images\ARI3129_TK_14_jpg.rf.c589cfdd4d6a2dbf0b252f2f34ca86ad.jpg,189.44,227.84,599.68,509.44,1.0,white organic-waste bag,False,False,2006.1,mdwd-p3
Cosmos Reason2 8B,white organic-waste bag,ARI3129_TK_21_jpg.rf.e7fc13c2c3cd2a82bf7e0cc414513a7c.jpg,E:\2. UM-Student\MSC Dissertation\Urban-Vision-Benchmark\Datasets\MDWD\MDWD-YOLO26\test\images\ARI3129_TK_21_jpg.rf.e7fc13c2c3cd2a82bf7e0cc414513a7c.jpg,0.0,67.2,220.8,289.28,1.0,white organic-waste bag,False,False,1898.1,mdwd-p3
Cosmos Reason2 8B,white organic-waste bag,ARI3129_TK_23_jpg.rf.2df86f91f15c329adc7eac0e92c012c8.jpg,E:\2. UM-Student\MSC Dissertation\Urban-Vision-Benchmark\Datasets\MDWD\MDWD-YOLO26\test\images\ARI3129_TK_23_jpg.rf.2df86f91f15c329adc7eac0e92c012c8.jpg,112.64,95.36,259.84,243.2,1.0,white organic-waste bag,False,False,1984.8,mdwd-p3
Cosmos Reason2 8B,white organic-waste bag,ARI3129_TK_29_jpg.rf.19b47eb2b8676fab22bda25014a7a6c9.jpg,E:\2. UM-Student\MSC Dissertation\Urban-Vision-Benchmark\Datasets\MDWD\MDWD-YOLO26\test\images\ARI3129_TK_29_jpg.rf.19b47eb2b8676fab22bda25014a7a6c9.jpg,458.88,233.6,576.64,309.12,1.0,white organic-waste bag,False,False,1983.8,mdwd-p3
Cosmos Reason2 8B,white organic-waste bag,ARI3129_TK_30_jpg.rf.cb32576d60ab619fd0da54147b7a4bd9.jpg,E:\2. UM-Student\MSC Dissertation\Urban-Vision-Benchmark\Datasets\MDWD\MDWD-YOLO26\test\images\ARI3129_TK_30_jpg.rf.cb32576d60ab619fd0da54147b7a4bd9.jpg,170.24,203.52,491.52,381.44,1.0,white organic-waste bag,False,False,1978.3,mdwd-p3
Cosmos Reason2 8B,white organic-waste bag,ARI3129_TK_32_jpg.rf.a999ab79afb90d75f2d3c408747fa95e.jpg,E:\2. UM-Student\MSC Dissertation\Urban-Vision-Benchmark\Datasets\MDWD\MDWD-YOLO26\test\images\ARI3129_TK_32_jpg.rf.a999ab79afb90d75f2d3c408747fa95e.jpg,231.68,179.84,446.72,398.72,1.0,white organic-waste bag,False,False,1978.8,mdwd-p3
Cosmos Reason2 8B,white organic-waste bag,ARI3129_TK_33_jpg.rf.f93a8c7bd7218cb562950f286b436fce.jpg,E:\2. UM-Student\MSC Dissertation\Urban-Vision-Benchmark\Datasets\MDWD\MDWD-YOLO26\test\images\ARI3129_TK_33_jpg.rf.f93a8c7bd7218cb562950f286b436fce.jpg,241.28,202.24,486.4,381.44,1.0,white organic-waste bag,False,False,2035.7,mdwd-p3
Cosmos Reason2 8B,white organic-waste bag,ARI3129_TK_37_jpg.rf.19c3a10f238a804e96379b379652a1f8.jpg,E:\2. UM-Student\MSC Dissertation\Urban-Vision-Benchmark\Datasets\MDWD\MDWD-YOLO26\test\images\ARI3129_TK_37_jpg.rf.19c3a10f238a804e96379b379652a1f8.jpg,247.04,213.76,611.84,470.4,1.0,white organic-waste bag,False,False,1983.7,mdwd-p3
Cosmos Reason2 8B,white organic-waste bag,ARI3129_TK_38_jpg.rf.671d8201ffe8cb20d15242ffd2314a4c.jpg,E:\2. UM-Student\MSC Dissertation\Urban-Vision-Benchmark\Datasets\MDWD\MDWD-YOLO26\test\images\ARI3129_TK_38_jpg.rf.671d8201ffe8cb20d15242ffd2314a4c.jpg,428.8,298.24,638.72,485.12,1.0,white organic-waste bag,False,False,1991.5,mdwd-p3
Cosmos Reason2 8B,white organic-waste bag,ARI3129_TK_43_jpg.rf.d5403d078d6d28485c7df4e9d59472ae.jpg,E:\2. UM-Student\MSC Dissertation\Urban-Vision-Benchmark\Datasets\MDWD\MDWD-YOLO26\test\images\ARI3129_TK_43_jpg.rf.d5403d078d6d28485c7df4e9d59472ae.jpg,157.44,243.2,494.08,470.4,1.0,white organic-waste bag,False,False,1987.3,mdwd-p3
Cosmos Reason2 8B,white organic-waste bag,ARI3129_TK_49_jpg.rf.b1b37e897ec39c59805640946039322e.jpg,E:\2. UM-Student\MSC Dissertation\Urban-Vision-Benchmark\Datasets\MDWD\MDWD-YOLO26\test\images\ARI3129_TK_49_jpg.rf.b1b37e897ec39c59805640946039322e.jpg,247.04,226.56,422.4,366.72,1.0,white organic-waste bag,False,False,1982.7,mdwd-p3
Cosmos Reason2 8B,white organic-waste bag,ARI3129_TK_54_jpg.rf.50e7e1d8fe52aa410a928c6641b2f939.jpg,E:\2. UM-Student\MSC Dissertation\Urban-Vision-Benchmark\Datasets\MDWD\MDWD-YOLO26\test\images\ARI3129_TK_54_jpg.rf.50e7e1d8fe52aa410a928c6641b2f939.jpg,260.48,230.4,422.4,375.04,1.0,white organic-waste bag,False,False,1987.9,mdwd-p3
Cosmos Reason2 8B,white organic-waste bag,ARI3129_TK_66_jpg.rf.ac65fd37c33025edee0f8356e8e30dd3.jpg,E:\2. UM-Student\MSC Dissertation\Urban-Vision-Benchmark\Datasets\MDWD\MDWD-YOLO26\test\images\ARI3129_TK_66_jpg.rf.ac65fd37c33025edee0f8356e8e30dd3.jpg,285.44,241.92,373.76,314.88,1.0,white organic-waste bag,False,False,1970.2,mdwd-p3
Cosmos Reason2 8B,white organic-waste bag,ARI3129_TK_6_jpg.rf.13c0678e7784ad56f6e9aab1feb7ef17.jpg,E:\2. UM-Student\MSC Dissertation\Urban-Vision-Benchmark\Datasets\MDWD\MDWD-YOLO26\test\images\ARI3129_TK_6_jpg.rf.13c0678e7784ad56f6e9aab1feb7ef17.jpg,160.0,183.04,506.88,368.0,1.0,white organic-waste bag,False,False,1977.1,mdwd-p3
Cosmos Reason2 8B,white organic-waste bag,ARI3129_TK_73_jpg.rf.17d23a66d2878965fd11f227f5c4bcee.jpg,E:\2. UM-Student\MSC Dissertation\Urban-Vision-Benchmark\Datasets\MDWD\MDWD-YOLO26\test\images\ARI3129_TK_73_jpg.rf.17d23a66d2878965fd11f227f5c4bcee.jpg,200.96,190.08,330.24,309.12,1.0,white organic-waste bag,False,False,1988.1,mdwd-p3
Cosmos Reason2 8B,white organic-waste bag,ARI3129_TK_82_jpg.rf.5b857cd999783b45fe9d87f41bd735fe.jpg,E:\2. UM-Student\MSC Dissertation\Urban-Vision-Benchmark\Datasets\MDWD\MDWD-YOLO26\test\images\ARI3129_TK_82_jpg.rf.5b857cd999783b45fe9d87f41bd735fe.jpg,263.04,210.56,362.24,317.44,1.0,white organic-waste bag,False,False,1979.9,mdwd-p3
Cosmos Reason2 8B,white organic-waste bag,CMD-Batch1_100_jpeg.rf.ae7f2469d138327b080d499ee020fe95.jpg,E:\2. UM-Student\MSC Dissertation\Urban-Vision-Benchmark\Datasets\MDWD\MDWD-YOLO26\test\images\CMD-Batch1_100_jpeg.rf.ae7f2469d138327b080d499ee020fe95.jpg,365.44,234.88,576.64,376.32,1.0,white organic-waste bag,False,False,1986.4,mdwd-p3
Cosmos Reason2 8B,white organic-waste bag,CMD-Batch1_111_jpeg.rf.3c51eaf018327ebbff3d383cfcd741b4.jpg,E:\2. UM-Student\MSC Dissertation\Urban-Vision-Benchmark\Datasets\MDWD\MDWD-YOLO26\test\images\CMD-Batch1_111_jpeg.rf.3c51eaf018327ebbff3d383cfcd741b4.jpg,128.0,264.32,194.56,299.52,1.0,white organic-waste bag,False,False,1987.2,mdwd-p3
Cosmos Reason2 8B,white organic-waste bag,CMD-Batch1_116_jpeg.rf.3b3c65910f1fb0fbcc4569d641871643.jpg,E:\2. UM-Student\MSC Dissertation\Urban-Vision-Benchmark\Datasets\MDWD\MDWD-YOLO26\test\images\CMD-Batch1_116_jpeg.rf.3b3c65910f1fb0fbcc4569d641871643.jpg,244.48,230.4,277.12,258.56,1.0,white organic-waste bag,False,False,1981.5,mdwd-p3
Cosmos Reason2 8B,white organic-waste bag,CMD-Batch1_131_jpeg.rf.e4689cf06851282cb99fc61669a8fc16.jpg,E:\2. UM-Student\MSC Dissertation\Urban-Vision-Benchmark\Datasets\MDWD\MDWD-YOLO26\test\images\CMD-Batch1_131_jpeg.rf.e4689cf06851282cb99fc61669a8fc16.jpg,455.04,499.2,556.16,538.24,1.0,white organic-waste bag,False,False,1980.8,mdwd-p3
Cosmos Reason2 8B,white organic-waste bag,CMD-Batch1_138_jpeg.rf.ad0dcccba7ec7ec465753ce1355090d3.jpg,E:\2. UM-Student\MSC Dissertation\Urban-Vision-Benchmark\Datasets\MDWD\MDWD-YOLO26\test\images\CMD-Batch1_138_jpeg.rf.ad0dcccba7ec7ec465753ce1355090d3.jpg,320.0,378.24,349.44,394.88,1.0,white organic-waste bag,False,False,3598.2,mdwd-p3
Cosmos Reason2 8B,white organic-waste bag,CMD-Batch1_138_jpeg.rf.ad0dcccba7ec7ec465753ce1355090d3.jpg,E:\2. UM-Student\MSC Dissertation\Urban-Vision-Benchmark\Datasets\MDWD\MDWD-YOLO26\test\images\CMD-Batch1_138_jpeg.rf.ad0dcccba7ec7ec465753ce1355090d3.jpg,75.52,410.24,129.92,430.08,1.0,white organic-waste bag,False,False,3598.2,mdwd-p3
Cosmos Reason2 8B,white organic-waste bag,CMD-Batch1_154_jpeg.rf.19166d7805818a35c045253065a12b6d.jpg,E:\2. UM-Student\MSC Dissertation\Urban-Vision-Benchmark\Datasets\MDWD\MDWD-YOLO26\test\images\CMD-Batch1_154_jpeg.rf.19166d7805818a35c045253065a12b6d.jpg,231.68,346.88,318.72,420.48,1.0,white organic-waste bag,False,False,1982.8,mdwd-p3
Cosmos Reason2 8B,white organic-waste bag,CMD-Batch1_1_jpeg.rf.f7454e1ea82debb5842b648a435a47c5.jpg,E:\2. UM-Student\MSC Dissertation\Urban-Vision-Benchmark\Datasets\MDWD\MDWD-YOLO26\test\images\CMD-Batch1_1_jpeg.rf.f7454e1ea82debb5842b648a435a47c5.jpg,85.76,243.2,279.68,390.4,1.0,white organic-waste bag,False,False,1977.4,mdwd-p3
Cosmos Reason2 8B,white organic-waste bag,CMD-Batch1_22_jpeg.rf.a23d3afee83225ef2d4f068e96144385.jpg,E:\2. UM-Student\MSC Dissertation\Urban-Vision-Benchmark\Datasets\MDWD\MDWD-YOLO26\test\images\CMD-Batch1_22_jpeg.rf.a23d3afee83225ef2d4f068e96144385.jpg,181.12,234.88,270.08,309.12,1.0,white organic-waste bag,False,False,3492.2,mdwd-p3
Cosmos Reason2 8B,white organic-waste bag,CMD-Batch1_22_jpeg.rf.a23d3afee83225ef2d4f068e96144385.jpg,E:\2. UM-Student\MSC Dissertation\Urban-Vision-Benchmark\Datasets\MDWD\MDWD-YOLO26\test\images\CMD-Batch1_22_jpeg.rf.a23d3afee83225ef2d4f068e96144385.jpg,0.0,350.08,213.76,496.0,1.0,white organic-waste bag,False,False,3492.2,mdwd-p3
Cosmos Reason2 8B,white organic-waste bag,CMD-Batch1_39_jpeg.rf.e9a6b47832761d98991f461486c28b23.jpg,E:\2. UM-Student\MSC Dissertation\Urban-Vision-Benchmark\Datasets\MDWD\MDWD-YOLO26\test\images\CMD-Batch1_39_jpeg.rf.e9a6b47832761d98991f461486c28b23.jpg,264.96,296.32,343.04,345.6,1.0,white organic-waste bag,False,False,1983.1,mdwd-p3
Cosmos Reason2 8B,white organic-waste bag,CMD-Batch1_3_jpeg.rf.e5c2dfc4821b22cd3e8a8bbd7d0d201c.jpg,E:\2. UM-Student\MSC Dissertation\Urban-Vision-Benchmark\Datasets\MDWD\MDWD-YOLO26\test\images\CMD-Batch1_3_jpeg.rf.e5c2dfc4821b22cd3e8a8bbd7d0d201c.jpg,0.0,275.2,80.64,398.72,1.0,white organic-waste bag,False,False,1893.8,mdwd-p3
Cosmos Reason2 8B,white organic-waste bag,CMD-Batch1_43_jpeg.rf.7ad2150ca57fd7d4f9339f170104fbd5.jpg,E:\2. UM-Student\MSC Dissertation\Urban-Vision-Benchmark\Datasets\MDWD\MDWD-YOLO26\test\images\CMD-Batch1_43_jpeg.rf.7ad2150ca57fd7d4f9339f170104fbd5.jpg,205.44,277.12,288.0,371.2,1.0,white organic-waste bag,False,False,1982.9,mdwd-p3
Cosmos Reason2 8B,white organic-waste bag,CMD-Batch1_4_jpeg.rf.c65b7e808fedc115afdcd1a1a8fc22b6.jpg,E:\2. UM-Student\MSC Dissertation\Urban-Vision-Benchmark\Datasets\MDWD\MDWD-YOLO26\test\images\CMD-Batch1_4_jpeg.rf.c65b7e808fedc115afdcd1a1a8fc22b6.jpg,477.44,109.44,521.6,157.44,1.0,white organic-waste bag,False,False,1991.8,mdwd-p3
Cosmos Reason2 8B,white organic-waste bag,CMD-Batch1_5_jpeg.rf.9cf4282cc53b9b11fff40c8c8a876ed0.jpg,E:\2. UM-Student\MSC Dissertation\Urban-Vision-Benchmark\Datasets\MDWD\MDWD-YOLO26\test\images\CMD-Batch1_5_jpeg.rf.9cf4282cc53b9b11fff40c8c8a876ed0.jpg,145.92,313.6,263.04,421.76,1.0,white organic-waste bag,False,False,1993.9,mdwd-p3
Cosmos Reason2 8B,white organic-waste bag,CMD-Batch1_69_jpeg.rf.abd58f54c6dd55ee439e3d9b9cd97aa8.jpg,E:\2. UM-Student\MSC Dissertation\Urban-Vision-Benchmark\Datasets\MDWD\MDWD-YOLO26\test\images\CMD-Batch1_69_jpeg.rf.abd58f54c6dd55ee439e3d9b9cd97aa8.jpg,181.12,3.84,384.0,629.76,1.0,white organic-waste bag,False,False,1884.8,mdwd-p3
Cosmos Reason2 8B,white organic-waste bag,CMD-Batch1_79_jpeg.rf.e55883045699d8dfa9c9aa6bc12bbef2.jpg,E:\2. UM-Student\MSC Dissertation\Urban-Vision-Benchmark\Datasets\MDWD\MDWD-YOLO26\test\images\CMD-Batch1_79_jpeg.rf.e55883045699d8dfa9c9aa6bc12bbef2.jpg,245.12,128.0,353.92,164.48,1.0,white organic-waste bag,False,False,3577.1,mdwd-p3
Cosmos Reason2 8B,white organic-waste bag,CMD-Batch1_79_jpeg.rf.e55883045699d8dfa9c9aa6bc12bbef2.jpg,E:\2. UM-Student\MSC Dissertation\Urban-Vision-Benchmark\Datasets\MDWD\MDWD-YOLO26\test\images\CMD-Batch1_79_jpeg.rf.e55883045699d8dfa9c9aa6bc12bbef2.jpg,323.84,118.4,356.48,135.04,1.0,white organic-waste bag,False,False,3577.1,mdwd-p3
Cosmos Reason2 8B,white organic-waste bag,CMD-Batch1_82_jpeg.rf.05df9653751a42ea7362d6f298e81071.jpg,E:\2. UM-Student\MSC Dissertation\Urban-Vision-Benchmark\Datasets\MDWD\MDWD-YOLO26\test\images\CMD-Batch1_82_jpeg.rf.05df9653751a42ea7362d6f298e81071.jpg,291.2,339.84,392.32,442.88,1.0,white organic-waste bag,False,False,1985.9,mdwd-p3
Cosmos Reason2 8B,white organic-waste bag,CMD-Batch1_83_jpeg.rf.8c468ace19ef290a465a9eb0be96db61.jpg,E:\2. UM-Student\MSC Dissertation\Urban-Vision-Benchmark\Datasets\MDWD\MDWD-YOLO26\test\images\CMD-Batch1_83_jpeg.rf.8c468ace19ef290a465a9eb0be96db61.jpg,154.88,236.16,299.52,285.44,1.0,white organic-waste bag,False,False,1981.9,mdwd-p3
Cosmos Reason2 8B,white organic-waste bag,CMD-Batch1_85_jpeg.rf.64080e57ddbababb8994bf4ef236f296.jpg,E:\2. UM-Student\MSC Dissertation\Urban-Vision-Benchmark\Datasets\MDWD\MDWD-YOLO26\test\images\CMD-Batch1_85_jpeg.rf.64080e57ddbababb8994bf4ef236f296.jpg,205.44,364.16,312.32,520.96,1.0,white organic-waste bag,False,False,1988.2,mdwd-p3
Cosmos Reason2 8B,white organic-waste bag,CMD-Batch1_88_jpeg.rf.bf5aa164958d0cd2482ce7224ebf29c6.jpg,E:\2. UM-Student\MSC Dissertation\Urban-Vision-Benchmark\Datasets\MDWD\MDWD-YOLO26\test\images\CMD-Batch1_88_jpeg.rf.bf5aa164958d0cd2482ce7224ebf29c6.jpg,313.6,529.92,496.0,634.88,1.0,white organic-waste bag,False,False,1983.3,mdwd-p3
Cosmos Reason2 8B,white organic-waste bag,CMD-Batch1_93_jpeg.rf.c82f8551eefe1d579e000f6adfcfbd3d.jpg,E:\2. UM-Student\MSC Dissertation\Urban-Vision-Benchmark\Datasets\MDWD\MDWD-YOLO26\test\images\CMD-Batch1_93_jpeg.rf.c82f8551eefe1d579e000f6adfcfbd3d.jpg,513.92,62.08,576.64,110.72,1.0,white organic-waste bag,False,False,1941.8,mdwd-p3
Cosmos Reason2 8B,white organic-waste bag,GabrielHili_NewBatch_3_jpeg.rf.c1f5bd64af246f96ef9ac3366738ac07.jpg,E:\2. UM-Student\MSC Dissertation\Urban-Vision-Benchmark\Datasets\MDWD\MDWD-YOLO26\test\images\GabrielHili_NewBatch_3_jpeg.rf.c1f5bd64af246f96ef9ac3366738ac07.jpg,142.08,263.04,353.92,634.88,1.0,white organic-waste bag,False,False,1989.4,mdwd-p3
Cosmos Reason2 8B,white organic-waste bag,IllegalDumping_17_jpg.rf.03f87370361f62b6bf4dcb116f1f7e6c.jpg,E:\2. UM-Student\MSC Dissertation\Urban-Vision-Benchmark\Datasets\MDWD\MDWD-YOLO26\test\images\IllegalDumping_17_jpg.rf.03f87370361f62b6bf4dcb116f1f7e6c.jpg,,,,,,<no detections>,False,False,377.5,mdwd-p3
Cosmos Reason2 8B,white organic-waste bag,IllegalDumping_29_jpg.rf.9597a2660ba043489f648325c813a26e.jpg,E:\2. UM-Student\MSC Dissertation\Urban-Vision-Benchmark\Datasets\MDWD\MDWD-YOLO26\test\images\IllegalDumping_29_jpg.rf.9597a2660ba043489f648325c813a26e.jpg,79.36,256.0,131.84,371.2,1.0,white organic-waste bag,False,False,1981.4,mdwd-p3
Cosmos Reason2 8B,white organic-waste bag,IllegalDumping_2_JPG.rf.777dc55527a1016d48449d0a9527a1c5.jpg,E:\2. UM-Student\MSC Dissertation\Urban-Vision-Benchmark\Datasets\MDWD\MDWD-YOLO26\test\images\IllegalDumping_2_JPG.rf.777dc55527a1016d48449d0a9527a1c5.jpg,213.76,183.04,275.2,309.12,1.0,white organic-waste bag,False,False,1995.6,mdwd-p3
Cosmos Reason2 8B,white organic-waste bag,IllegalDumping_48_jpeg.rf.0e4b7f0cef362ff913350959077e3877.jpg,E:\2. UM-Student\MSC Dissertation\Urban-Vision-Benchmark\Datasets\MDWD\MDWD-YOLO26\test\images\IllegalDumping_48_jpeg.rf.0e4b7f0cef362ff913350959077e3877.jpg,61.44,373.76,292.48,524.16,1.0,white organic-waste bag,False,False,1938.3,mdwd-p3
Cosmos Reason2 8B,white organic-waste bag,IllegalDumping_55_jpeg.rf.5e8de9324cfcca810d22a9395c6a455a.jpg,E:\2. UM-Student\MSC Dissertation\Urban-Vision-Benchmark\Datasets\MDWD\MDWD-YOLO26\test\images\IllegalDumping_55_jpeg.rf.5e8de9324cfcca810d22a9395c6a455a.jpg,108.16,140.8,327.04,254.72,1.0,white organic-waste bag,False,False,1974.4,mdwd-p3
Cosmos Reason2 8B,white organic-waste bag,IllegalDumping_63_jpeg.rf.2949592c2f89825f9cf5f001bc46868e.jpg,E:\2. UM-Student\MSC Dissertation\Urban-Vision-Benchmark\Datasets\MDWD\MDWD-YOLO26\test\images\IllegalDumping_63_jpeg.rf.2949592c2f89825f9cf5f001bc46868e.jpg,163.2,373.76,638.72,604.16,1.0,white organic-waste bag,False,False,1971.2,mdwd-p3
Cosmos Reason2 8B,white organic-waste bag,IllegalDumping_64_jpeg.rf.e48c90ccc791eb8bacf934f9b3d5944e.jpg,E:\2. UM-Student\MSC Dissertation\Urban-Vision-Benchmark\Datasets\MDWD\MDWD-YOLO26\test\images\IllegalDumping_64_jpeg.rf.e48c90ccc791eb8bacf934f9b3d5944e.jpg,198.4,327.04,327.04,474.88,1.0,white organic-waste bag,False,False,1971.4,mdwd-p3
Cosmos Reason2 8B,white organic-waste bag,IllegalDumping_66_jpeg.rf.70b41d2f52a33f5fc53d0fd36d7abf4f.jpg,E:\2. UM-Student\MSC Dissertation\Urban-Vision-Benchmark\Datasets\MDWD\MDWD-YOLO26\test\images\IllegalDumping_66_jpeg.rf.70b41d2f52a33f5fc53d0fd36d7abf4f.jpg,366.72,426.88,411.52,498.56,1.0,white organic-waste bag,False,False,1970.5,mdwd-p3
Cosmos Reason2 8B,white organic-waste bag,image00010_jpeg.rf.e06a2de642e557aa8f532801abefd1c6.jpg,E:\2. UM-Student\MSC Dissertation\Urban-Vision-Benchmark\Datasets\MDWD\MDWD-YOLO26\test\images\image00010_jpeg.rf.e06a2de642e557aa8f532801abefd1c6.jpg,312.32,177.28,420.48,258.56,1.0,white organic-waste bag,False,False,1983.7,mdwd-p3
Cosmos Reason2 8B,white organic-waste bag,image00012_jpeg.rf.513ba55685004619587efff11d5186a9.jpg,E:\2. UM-Student\MSC Dissertation\Urban-Vision-Benchmark\Datasets\MDWD\MDWD-YOLO26\test\images\image00012_jpeg.rf.513ba55685004619587efff11d5186a9.jpg,77.44,220.8,358.4,353.92,1.0,white organic-waste bag,False,False,1971.1,mdwd-p3
Cosmos Reason2 8B,white organic-waste bag,image00042_jpeg.rf.b2466e61bc76e942d37dc702f18b81e4.jpg,E:\2. UM-Student\MSC Dissertation\Urban-Vision-Benchmark\Datasets\MDWD\MDWD-YOLO26\test\images\image00042_jpeg.rf.b2466e61bc76e942d37dc702f18b81e4.jpg,170.24,250.24,398.72,425.6,1.0,white organic-waste bag,False,False,1980.1,mdwd-p3
Cosmos Reason2 8B,white organic-waste bag,image00058_jpeg.rf.a543875ecf5d044bb8fd364a0626a314.jpg,E:\2. UM-Student\MSC Dissertation\Urban-Vision-Benchmark\Datasets\MDWD\MDWD-YOLO26\test\images\image00058_jpeg.rf.a543875ecf5d044bb8fd364a0626a314.jpg,135.04,265.6,452.48,466.56,1.0,white organic-waste bag,False,False,1983.6,mdwd-p3
Cosmos Reason2 8B,white organic-waste bag,image00082_jpeg.rf.2a65a428911318f5f3442ffe3870263d.jpg,E:\2. UM-Student\MSC Dissertation\Urban-Vision-Benchmark\Datasets\MDWD\MDWD-YOLO26\test\images\image00082_jpeg.rf.2a65a428911318f5f3442ffe3870263d.jpg,275.2,272.64,528.64,428.8,1.0,white organic-waste bag,False,False,1986.2,mdwd-p3
Cosmos Reason2 8B,white organic-waste bag,image00083_jpeg.rf.f9009d8e506a69c5a9dc3d92ae5eb132.jpg,E:\2. UM-Student\MSC Dissertation\Urban-Vision-Benchmark\Datasets\MDWD\MDWD-YOLO26\test\images\image00083_jpeg.rf.f9009d8e506a69c5a9dc3d92ae5eb132.jpg,19.84,185.6,289.28,416.0,1.0,white organic-waste bag,False,False,1927.2,mdwd-p3
Cosmos Reason2 8B,white organic-waste bag,imageedit_27_2058072492_jpg.rf.381bcb48ed3d07e889f70406b69a417d.jpg,E:\2. UM-Student\MSC Dissertation\Urban-Vision-Benchmark\Datasets\MDWD\MDWD-YOLO26\test\images\imageedit_27_2058072492_jpg.rf.381bcb48ed3d07e889f70406b69a417d.jpg,440.32,346.88,526.72,481.92,1.0,white organic-waste bag,False,False,3578.1,mdwd-p3
Cosmos Reason2 8B,white organic-waste bag,imageedit_27_2058072492_jpg.rf.381bcb48ed3d07e889f70406b69a417d.jpg,E:\2. UM-Student\MSC Dissertation\Urban-Vision-Benchmark\Datasets\MDWD\MDWD-YOLO26\test\images\imageedit_27_2058072492_jpg.rf.381bcb48ed3d07e889f70406b69a417d.jpg,456.32,411.52,591.36,594.56,1.0,white organic-waste bag,False,False,3578.1,mdwd-p3
Cosmos Reason2 8B,white organic-waste bag,imageedit_9_8654318877_jpg.rf.118a4ab4d7d78c57339b763ca18f794a.jpg,E:\2. UM-Student\MSC Dissertation\Urban-Vision-Benchmark\Datasets\MDWD\MDWD-YOLO26\test\images\imageedit_9_8654318877_jpg.rf.118a4ab4d7d78c57339b763ca18f794a.jpg,386.56,339.84,443.52,477.44,1.0,white organic-waste bag,False,False,1982.7,mdwd-p3
Cosmos Reason2 8B,white organic-waste bag,IMG-20241230-WA0013_jpg.rf.76493a67373b4c640b121b6b5c7f1724.jpg,E:\2. UM-Student\MSC Dissertation\Urban-Vision-Benchmark\Datasets\MDWD\MDWD-YOLO26\test\images\IMG-20241230-WA0013_jpg.rf.76493a67373b4c640b121b6b5c7f1724.jpg,272.64,355.84,334.08,426.88,1.0,white organic-waste bag,False,False,1967.9,mdwd-p3
Cosmos Reason2 8B,white organic-waste bag,IMG20250106064752_jpg.rf.3488032e56fb1ad43f8b57800b292b5c.jpg,E:\2. UM-Student\MSC Dissertation\Urban-Vision-Benchmark\Datasets\MDWD\MDWD-YOLO26\test\images\IMG20250106064752_jpg.rf.3488032e56fb1ad43f8b57800b292b5c.jpg,398.72,272.64,485.12,392.32,1.0,white organic-waste bag,False,False,1978.7,mdwd-p3
Cosmos Reason2 8B,white organic-waste bag,IMG20250106064808_jpg.rf.a9dad3f353f907f063471251fac869bd.jpg,E:\2. UM-Student\MSC Dissertation\Urban-Vision-Benchmark\Datasets\MDWD\MDWD-YOLO26\test\images\IMG20250106064808_jpg.rf.a9dad3f353f907f063471251fac869bd.jpg,350.08,266.88,425.6,339.84,1.0,white organic-waste bag,False,False,1980.8,mdwd-p3
Cosmos Reason2 8B,white organic-waste bag,IMG20250106064845_jpg.rf.bbc6b2694dafb0369af830be3f0f71ac.jpg,E:\2. UM-Student\MSC Dissertation\Urban-Vision-Benchmark\Datasets\MDWD\MDWD-YOLO26\test\images\IMG20250106064845_jpg.rf.bbc6b2694dafb0369af830be3f0f71ac.jpg,295.68,270.08,362.24,339.84,1.0,white organic-waste bag,False,False,1975.7,mdwd-p3
Cosmos Reason2 8B,white organic-waste bag,IMG20250106065249_jpg.rf.918f0f7a626f3856ec0c4f6db1ce94ed.jpg,E:\2. UM-Student\MSC Dissertation\Urban-Vision-Benchmark\Datasets\MDWD\MDWD-YOLO26\test\images\IMG20250106065249_jpg.rf.918f0f7a626f3856ec0c4f6db1ce94ed.jpg,277.12,204.8,337.28,264.32,1.0,white organic-waste bag,False,False,1969.0,mdwd-p3
Cosmos Reason2 8B,white organic-waste bag,IMG20250106065829_jpg.rf.13e356e3a46499a3c8b2162c6f8df515.jpg,E:\2. UM-Student\MSC Dissertation\Urban-Vision-Benchmark\Datasets\MDWD\MDWD-YOLO26\test\images\IMG20250106065829_jpg.rf.13e356e3a46499a3c8b2162c6f8df515.jpg,247.04,203.52,305.28,272.64,1.0,white organic-waste bag,False,False,5210.9,mdwd-p3
Cosmos Reason2 8B,white organic-waste bag,IMG20250106065829_jpg.rf.13e356e3a46499a3c8b2162c6f8df515.jpg,E:\2. UM-Student\MSC Dissertation\Urban-Vision-Benchmark\Datasets\MDWD\MDWD-YOLO26\test\images\IMG20250106065829_jpg.rf.13e356e3a46499a3c8b2162c6f8df515.jpg,327.04,216.32,394.24,277.12,1.0,white organic-waste bag,False,False,5210.9,mdwd-p3
Cosmos Reason2 8B,white organic-waste bag,IMG20250106065829_jpg.rf.13e356e3a46499a3c8b2162c6f8df515.jpg,E:\2. UM-Student\MSC Dissertation\Urban-Vision-Benchmark\Datasets\MDWD\MDWD-YOLO26\test\images\IMG20250106065829_jpg.rf.13e356e3a46499a3c8b2162c6f8df515.jpg,289.28,233.6,353.92,285.44,1.0,white organic-waste bag,False,False,5210.9,mdwd-p3
Cosmos Reason2 8B,white organic-waste bag,IMG20250106070103_jpg.rf.2f726bbb0cef57617daeed5820a3816f.jpg,E:\2. UM-Student\MSC Dissertation\Urban-Vision-Benchmark\Datasets\MDWD\MDWD-YOLO26\test\images\IMG20250106070103_jpg.rf.2f726bbb0cef57617daeed5820a3816f.jpg,283.52,222.08,360.96,297.6,1.0,white organic-waste bag,False,False,1969.9,mdwd-p3
Cosmos Reason2 8B,white organic-waste bag,IMG20250106070329_jpg.rf.f61f2006072335cf78abccceebdc787e.jpg,E:\2. UM-Student\MSC Dissertation\Urban-Vision-Benchmark\Datasets\MDWD\MDWD-YOLO26\test\images\IMG20250106070329_jpg.rf.f61f2006072335cf78abccceebdc787e.jpg,314.88,285.44,381.44,309.12,1.0,white organic-waste bag,False,False,1973.7,mdwd-p3
Cosmos Reason2 8B,white organic-waste bag,IMG20250106072208_jpg.rf.0c3a31f4044dcd74443227b23d650aa7.jpg,E:\2. UM-Student\MSC Dissertation\Urban-Vision-Benchmark\Datasets\MDWD\MDWD-YOLO26\test\images\IMG20250106072208_jpg.rf.0c3a31f4044dcd74443227b23d650aa7.jpg,280.32,229.12,334.08,277.12,1.0,white organic-waste bag,False,False,1979.4,mdwd-p3
Cosmos Reason2 8B,white organic-waste bag,IMG20250106072404_jpg.rf.b32beacc1e0976b57f42c3e4b46b111b.jpg,E:\2. UM-Student\MSC Dissertation\Urban-Vision-Benchmark\Datasets\MDWD\MDWD-YOLO26\test\images\IMG20250106072404_jpg.rf.b32beacc1e0976b57f42c3e4b46b111b.jpg,218.88,250.24,283.52,288.0,1.0,white organic-waste bag,False,False,1971.6,mdwd-p3
Cosmos Reason2 8B,white organic-waste bag,IMG20250106072418_jpg.rf.3d814d5b8012adcbd70fece9b5978672.jpg,E:\2. UM-Student\MSC Dissertation\Urban-Vision-Benchmark\Datasets\MDWD\MDWD-YOLO26\test\images\IMG20250106072418_jpg.rf.3d814d5b8012adcbd70fece9b5978672.jpg,264.96,265.6,325.12,320.64,1.0,white organic-waste bag,False,False,1987.5,mdwd-p3
Cosmos Reason2 8B,white organic-waste bag,IMG20250107083637_jpg.rf.a71b6deb7086bda58d8d6224672eb8f4.jpg,E:\2. UM-Student\MSC Dissertation\Urban-Vision-Benchmark\Datasets\MDWD\MDWD-YOLO26\test\images\IMG20250107083637_jpg.rf.a71b6deb7086bda58d8d6224672eb8f4.jpg,208.64,157.44,269.44,230.4,1.0,white organic-waste bag,False,False,1979.1,mdwd-p3
Cosmos Reason2 8B,white organic-waste bag,IMG20250107085115_jpg.rf.3e131773392640860c7ba3bbb030b45b.jpg,E:\2. UM-Student\MSC Dissertation\Urban-Vision-Benchmark\Datasets\MDWD\MDWD-YOLO26\test\images\IMG20250107085115_jpg.rf.3e131773392640860c7ba3bbb030b45b.jpg,294.4,133.12,411.52,199.68,1.0,white organic-waste bag,False,False,1978.6,mdwd-p3
Cosmos Reason2 8B,white organic-waste bag,IMG20250107085454_jpg.rf.03f678b7d914e0a5a963f3e051cb0aa4.jpg,E:\2. UM-Student\MSC Dissertation\Urban-Vision-Benchmark\Datasets\MDWD\MDWD-YOLO26\test\images\IMG20250107085454_jpg.rf.03f678b7d914e0a5a963f3e051cb0aa4.jpg,,,,,,<no detections>,False,False,376.8,mdwd-p3
Cosmos Reason2 8B,white organic-waste bag,IMG20250107085655_jpg.rf.2164bdf6a18089bda1efb0782a777491.jpg,E:\2. UM-Student\MSC Dissertation\Urban-Vision-Benchmark\Datasets\MDWD\MDWD-YOLO26\test\images\IMG20250107085655_jpg.rf.2164bdf6a18089bda1efb0782a777491.jpg,353.92,183.04,426.88,292.48,1.0,white organic-waste bag,False,False,1986.4,mdwd-p3
Cosmos Reason2 8B,white organic-waste bag,IMG20250107085725_jpg.rf.53a2bbc5094b71e31feedd0cf1513ef9.jpg,E:\2. UM-Student\MSC Dissertation\Urban-Vision-Benchmark\Datasets\MDWD\MDWD-YOLO26\test\images\IMG20250107085725_jpg.rf.53a2bbc5094b71e31feedd0cf1513ef9.jpg,165.12,264.32,362.24,398.72,1.0,white organic-waste bag,False,False,1990.6,mdwd-p3
Cosmos Reason2 8B,white organic-waste bag,IMG_0198-1-_JPG.rf.c11e0438245168e237cc10129a3d9254.jpg,E:\2. UM-Student\MSC Dissertation\Urban-Vision-Benchmark\Datasets\MDWD\MDWD-YOLO26\test\images\IMG_0198-1-_JPG.rf.c11e0438245168e237cc10129a3d9254.jpg,259.84,152.96,400.64,243.2,1.0,white organic-waste bag,False,False,1995.8,mdwd-p3
Cosmos Reason2 8B,white organic-waste bag,IMG_0200_JPG.rf.aad0d8ec01fbfb9b325f48fce8deef84.jpg,E:\2. UM-Student\MSC Dissertation\Urban-Vision-Benchmark\Datasets\MDWD\MDWD-YOLO26\test\images\IMG_0200_JPG.rf.aad0d8ec01fbfb9b325f48fce8deef84.jpg,231.68,441.6,477.44,594.56,1.0,white organic-waste bag,False,False,1992.3,mdwd-p3
Cosmos Reason2 8B,white organic-waste bag,IMG_0229_JPG.rf.361eb1972bfbb59796e90222373324d7.jpg,E:\2. UM-Student\MSC Dissertation\Urban-Vision-Benchmark\Datasets\MDWD\MDWD-YOLO26\test\images\IMG_0229_JPG.rf.361eb1972bfbb59796e90222373324d7.jpg,263.04,262.4,384.64,438.4,1.0,white organic-waste bag,False,False,3556.8,mdwd-p3
Cosmos Reason2 8B,white organic-waste bag,IMG_0229_JPG.rf.361eb1972bfbb59796e90222373324d7.jpg,E:\2. UM-Student\MSC Dissertation\Urban-Vision-Benchmark\Datasets\MDWD\MDWD-YOLO26\test\images\IMG_0229_JPG.rf.361eb1972bfbb59796e90222373324d7.jpg,378.88,323.2,498.56,460.8,1.0,white organic-waste bag,False,False,3556.8,mdwd-p3
Cosmos Reason2 8B,white organic-waste bag,IMG_0262_JPG.rf.5e327b0490f360f82423eb156bb2c702.jpg,E:\2. UM-Student\MSC Dissertation\Urban-Vision-Benchmark\Datasets\MDWD\MDWD-YOLO26\test\images\IMG_0262_JPG.rf.5e327b0490f360f82423eb156bb2c702.jpg,,,,,,<no detections>,False,False,378.3,mdwd-p3
Cosmos Reason2 8B,white organic-waste bag,IMG_0585_jpeg.rf.a641323e3ad9541471ed699b639ccf4f.jpg,E:\2. UM-Student\MSC Dissertation\Urban-Vision-Benchmark\Datasets\MDWD\MDWD-YOLO26\test\images\IMG_0585_jpeg.rf.a641323e3ad9541471ed699b639ccf4f.jpg,260.48,285.44,419.2,458.24,1.0,white organic-waste bag,False,False,1985.7,mdwd-p3
Cosmos Reason2 8B,white organic-waste bag,IMG_0687_jpeg.rf.33deed523731d41422e9ce7e68fd713f.jpg,E:\2. UM-Student\MSC Dissertation\Urban-Vision-Benchmark\Datasets\MDWD\MDWD-YOLO26\test\images\IMG_0687_jpeg.rf.33deed523731d41422e9ce7e68fd713f.jpg,142.08,245.12,386.56,398.72,1.0,white organic-waste bag,False,False,1989.2,mdwd-p3
Cosmos Reason2 8B,white organic-waste bag,IMG_0714_jpeg.rf.97458a882a4c384759469f5ec68c823a.jpg,E:\2. UM-Student\MSC Dissertation\Urban-Vision-Benchmark\Datasets\MDWD\MDWD-YOLO26\test\images\IMG_0714_jpeg.rf.97458a882a4c384759469f5ec68c823a.jpg,181.12,285.44,403.2,375.04,1.0,white organic-waste bag,False,False,1970.6,mdwd-p3
Cosmos Reason2 8B,white organic-waste bag,IMG_0721_jpeg.rf.a6f50b0520a650785b523be9101f8828.jpg,E:\2. UM-Student\MSC Dissertation\Urban-Vision-Benchmark\Datasets\MDWD\MDWD-YOLO26\test\images\IMG_0721_jpeg.rf.a6f50b0520a650785b523be9101f8828.jpg,295.68,285.44,359.04,359.68,1.0,white organic-waste bag,False,False,1974.5,mdwd-p3
Cosmos Reason2 8B,white organic-waste bag,IMG_0725_jpeg.rf.a02633d3203846437290de53a4131b23.jpg,E:\2. UM-Student\MSC Dissertation\Urban-Vision-Benchmark\Datasets\MDWD\MDWD-YOLO26\test\images\IMG_0725_jpeg.rf.a02633d3203846437290de53a4131b23.jpg,183.04,398.72,227.84,419.84,1.0,white organic-waste bag,False,False,1989.8,mdwd-p3
Cosmos Reason2 8B,white organic-waste bag,IMG_0726_jpeg.rf.96e876a1122037418a3328fdb29b70c8.jpg,E:\2. UM-Student\MSC Dissertation\Urban-Vision-Benchmark\Datasets\MDWD\MDWD-YOLO26\test\images\IMG_0726_jpeg.rf.96e876a1122037418a3328fdb29b70c8.jpg,205.44,279.68,309.12,391.68,1.0,white organic-waste bag,False,False,3616.6,mdwd-p3
Cosmos Reason2 8B,white organic-waste bag,IMG_0726_jpeg.rf.96e876a1122037418a3328fdb29b70c8.jpg,E:\2. UM-Student\MSC Dissertation\Urban-Vision-Benchmark\Datasets\MDWD\MDWD-YOLO26\test\images\IMG_0726_jpeg.rf.96e876a1122037418a3328fdb29b70c8.jpg,279.68,317.44,403.2,397.44,1.0,white organic-waste bag,False,False,3616.6,mdwd-p3
Cosmos Reason2 8B,white organic-waste bag,IMG_0788_jpeg.rf.558975791bb0ce003abf480f4547a64a.jpg,E:\2. UM-Student\MSC Dissertation\Urban-Vision-Benchmark\Datasets\MDWD\MDWD-YOLO26\test\images\IMG_0788_jpeg.rf.558975791bb0ce003abf480f4547a64a.jpg,140.8,279.68,299.52,431.36,1.0,white organic-waste bag,False,False,2019.6,mdwd-p3
Cosmos Reason2 8B,white organic-waste bag,IMG_0789_jpeg.rf.a115e802da3b048429fb0d31134d452d.jpg,E:\2. UM-Student\MSC Dissertation\Urban-Vision-Benchmark\Datasets\MDWD\MDWD-YOLO26\test\images\IMG_0789_jpeg.rf.a115e802da3b048429fb0d31134d452d.jpg,71.04,371.2,296.32,477.44,1.0,white organic-waste bag,False,False,1998.1,mdwd-p3
Cosmos Reason2 8B,white organic-waste bag,IMG_0790_jpeg.rf.c20dd48e105b9c2573f967580f0b6f3f.jpg,E:\2. UM-Student\MSC Dissertation\Urban-Vision-Benchmark\Datasets\MDWD\MDWD-YOLO26\test\images\IMG_0790_jpeg.rf.c20dd48e105b9c2573f967580f0b6f3f.jpg,75.52,268.16,266.24,496.0,1.0,white organic-waste bag,False,False,2000.9,mdwd-p3
Cosmos Reason2 8B,white organic-waste bag,IMG_1059_converted_jpg.rf.a48e95e3c031ab71cc93936a5cefddaa.jpg,E:\2. UM-Student\MSC Dissertation\Urban-Vision-Benchmark\Datasets\MDWD\MDWD-YOLO26\test\images\IMG_1059_converted_jpg.rf.a48e95e3c031ab71cc93936a5cefddaa.jpg,259.84,152.96,314.88,292.48,1.0,white organic-waste bag,False,False,5159.8,mdwd-p3
Cosmos Reason2 8B,white organic-waste bag,IMG_1059_converted_jpg.rf.a48e95e3c031ab71cc93936a5cefddaa.jpg,E:\2. UM-Student\MSC Dissertation\Urban-Vision-Benchmark\Datasets\MDWD\MDWD-YOLO26\test\images\IMG_1059_converted_jpg.rf.a48e95e3c031ab71cc93936a5cefddaa.jpg,323.84,209.28,386.56,323.2,1.0,white organic-waste bag,False,False,5159.8,mdwd-p3
Cosmos Reason2 8B,white organic-waste bag,IMG_1059_converted_jpg.rf.a48e95e3c031ab71cc93936a5cefddaa.jpg,E:\2. UM-Student\MSC Dissertation\Urban-Vision-Benchmark\Datasets\MDWD\MDWD-YOLO26\test\images\IMG_1059_converted_jpg.rf.a48e95e3c031ab71cc93936a5cefddaa.jpg,357.12,234.88,433.28,375.04,1.0,white organic-waste bag,False,False,5159.8,mdwd-p3
Cosmos Reason2 8B,white organic-waste bag,IMG_1070_converted_jpg.rf.da281443ecd6617cf878c3cbb8a5a0c1.jpg,E:\2. UM-Student\MSC Dissertation\Urban-Vision-Benchmark\Datasets\MDWD\MDWD-YOLO26\test\images\IMG_1070_converted_jpg.rf.da281443ecd6617cf878c3cbb8a5a0c1.jpg,109.44,102.4,183.04,193.92,1.0,white organic-waste bag,False,False,5234.7,mdwd-p3
Cosmos Reason2 8B,white organic-waste bag,IMG_1070_converted_jpg.rf.da281443ecd6617cf878c3cbb8a5a0c1.jpg,E:\2. UM-Student\MSC Dissertation\Urban-Vision-Benchmark\Datasets\MDWD\MDWD-YOLO26\test\images\IMG_1070_converted_jpg.rf.da281443ecd6617cf878c3cbb8a5a0c1.jpg,109.44,137.6,213.76,288.0,1.0,white organic-waste bag,False,False,5234.7,mdwd-p3
Cosmos Reason2 8B,white organic-waste bag,IMG_1070_converted_jpg.rf.da281443ecd6617cf878c3cbb8a5a0c1.jpg,E:\2. UM-Student\MSC Dissertation\Urban-Vision-Benchmark\Datasets\MDWD\MDWD-YOLO26\test\images\IMG_1070_converted_jpg.rf.da281443ecd6617cf878c3cbb8a5a0c1.jpg,75.52,185.6,181.12,375.04,1.0,white organic-waste bag,False,False,5234.7,mdwd-p3
Cosmos Reason2 8B,white organic-waste bag,IMG_1083_converted_jpg.rf.dd23ce25e6242e29fb5f7812d74e70a7.jpg,E:\2. UM-Student\MSC Dissertation\Urban-Vision-Benchmark\Datasets\MDWD\MDWD-YOLO26\test\images\IMG_1083_converted_jpg.rf.dd23ce25e6242e29fb5f7812d74e70a7.jpg,330.88,154.24,422.4,289.28,1.0,white organic-waste bag,False,False,1993.4,mdwd-p3
Cosmos Reason2 8B,white organic-waste bag,IMG_1085_converted_jpg.rf.5ed2df0113b41a9eeb5ba2375caee8ea.jpg,E:\2. UM-Student\MSC Dissertation\Urban-Vision-Benchmark\Datasets\MDWD\MDWD-YOLO26\test\images\IMG_1085_converted_jpg.rf.5ed2df0113b41a9eeb5ba2375caee8ea.jpg,348.8,183.04,452.48,314.88,1.0,white organic-waste bag,False,False,1988.8,mdwd-p3
Cosmos Reason2 8B,white organic-waste bag,IMG_1089_converted_blurred_jpg.rf.3e8c4d8b6ed62381f89b49bef81c8c96.jpg,E:\2. UM-Student\MSC Dissertation\Urban-Vision-Benchmark\Datasets\MDWD\MDWD-YOLO26\test\images\IMG_1089_converted_blurred_jpg.rf.3e8c4d8b6ed62381f89b49bef81c8c96.jpg,320.0,145.92,419.2,311.68,1.0,white organic-waste bag,False,False,1972.9,mdwd-p3
Cosmos Reason2 8B,white organic-waste bag,IMG_1127_converted_jpg.rf.d6272ade3c034aa2ea0fd809dfd7c8fd.jpg,E:\2. UM-Student\MSC Dissertation\Urban-Vision-Benchmark\Datasets\MDWD\MDWD-YOLO26\test\images\IMG_1127_converted_jpg.rf.d6272ade3c034aa2ea0fd809dfd7c8fd.jpg,198.4,285.44,274.56,371.2,1.0,white organic-waste bag,False,False,2004.0,mdwd-p3
Cosmos Reason2 8B,white organic-waste bag,IMG_1129_converted_jpg.rf.55c9997a2cded2a5597538c591bdfc9d.jpg,E:\2. UM-Student\MSC Dissertation\Urban-Vision-Benchmark\Datasets\MDWD\MDWD-YOLO26\test\images\IMG_1129_converted_jpg.rf.55c9997a2cded2a5597538c591bdfc9d.jpg,218.88,270.08,323.84,330.24,1.0,white organic-waste bag,False,False,1995.2,mdwd-p3
Cosmos Reason2 8B,white organic-waste bag,IMG_1303_jpg.rf.439ed8ead58b6bc5aaf721c21ea1f300.jpg,E:\2. UM-Student\MSC Dissertation\Urban-Vision-Benchmark\Datasets\MDWD\MDWD-YOLO26\test\images\IMG_1303_jpg.rf.439ed8ead58b6bc5aaf721c21ea1f300.jpg,292.48,133.12,461.44,391.68,1.0,white organic-waste bag,False,False,5228.6,mdwd-p3
Cosmos Reason2 8B,white organic-waste bag,IMG_1303_jpg.rf.439ed8ead58b6bc5aaf721c21ea1f300.jpg,E:\2. UM-Student\MSC Dissertation\Urban-Vision-Benchmark\Datasets\MDWD\MDWD-YOLO26\test\images\IMG_1303_jpg.rf.439ed8ead58b6bc5aaf721c21ea1f300.jpg,220.8,157.44,314.88,311.68,1.0,white organic-waste bag,False,False,5228.6,mdwd-p3
Cosmos Reason2 8B,white organic-waste bag,IMG_1303_jpg.rf.439ed8ead58b6bc5aaf721c21ea1f300.jpg,E:\2. UM-Student\MSC Dissertation\Urban-Vision-Benchmark\Datasets\MDWD\MDWD-YOLO26\test\images\IMG_1303_jpg.rf.439ed8ead58b6bc5aaf721c21ea1f300.jpg,151.04,198.4,224.64,272.64,1.0,white organic-waste bag,False,False,5228.6,mdwd-p3
Cosmos Reason2 8B,white organic-waste bag,IMG_1323-1-_jpg.rf.b9ca18acb6bf9dd41459183bbdbb6677.jpg,E:\2. UM-Student\MSC Dissertation\Urban-Vision-Benchmark\Datasets\MDWD\MDWD-YOLO26\test\images\IMG_1323-1-_jpg.rf.b9ca18acb6bf9dd41459183bbdbb6677.jpg,408.32,309.12,443.52,359.68,1.0,white organic-waste bag,False,False,1983.4,mdwd-p3
Cosmos Reason2 8B,white organic-waste bag,IMG_1329-1-_jpg.rf.3701d7186cf924baf96af1903cc51c13.jpg,E:\2. UM-Student\MSC Dissertation\Urban-Vision-Benchmark\Datasets\MDWD\MDWD-YOLO26\test\images\IMG_1329-1-_jpg.rf.3701d7186cf924baf96af1903cc51c13.jpg,297.6,234.88,406.4,428.8,1.0,white organic-waste bag,False,False,1986.7,mdwd-p3
Cosmos Reason2 8B,white organic-waste bag,IMG_1338_jpg.rf.a77202bb50f4f0bf51a37f2fb8b271b0.jpg,E:\2. UM-Student\MSC Dissertation\Urban-Vision-Benchmark\Datasets\MDWD\MDWD-YOLO26\test\images\IMG_1338_jpg.rf.a77202bb50f4f0bf51a37f2fb8b271b0.jpg,603.52,85.76,638.72,161.92,1.0,white organic-waste bag,False,False,1996.1,mdwd-p3
Cosmos Reason2 8B,white organic-waste bag,IMG_1339-1-_jpg.rf.c6bb8e698c78c29dca97336859a3df3a.jpg,E:\2. UM-Student\MSC Dissertation\Urban-Vision-Benchmark\Datasets\MDWD\MDWD-YOLO26\test\images\IMG_1339-1-_jpg.rf.c6bb8e698c78c29dca97336859a3df3a.jpg,211.84,261.12,336.64,467.84,1.0,white organic-waste bag,False,False,1978.7,mdwd-p3
Cosmos Reason2 8B,white organic-waste bag,IMG_1340_jpg.rf.5c5713ca2d53a8ed11d4a692dceeaae3.jpg,E:\2. UM-Student\MSC Dissertation\Urban-Vision-Benchmark\Datasets\MDWD\MDWD-YOLO26\test\images\IMG_1340_jpg.rf.5c5713ca2d53a8ed11d4a692dceeaae3.jpg,327.04,232.96,449.92,428.8,1.0,white organic-waste bag,False,False,1970.0,mdwd-p3
Cosmos Reason2 8B,white organic-waste bag,IMG_1493_jpg.rf.572cf72e5148bfa2394d07eda0ef95aa.jpg,E:\2. UM-Student\MSC Dissertation\Urban-Vision-Benchmark\Datasets\MDWD\MDWD-YOLO26\test\images\IMG_1493_jpg.rf.572cf72e5148bfa2394d07eda0ef95aa.jpg,291.2,270.08,362.24,362.24,1.0,white organic-waste bag,False,False,1981.6,mdwd-p3
Cosmos Reason2 8B,white organic-waste bag,IMG_1498_jpg.rf.56d1556a658cd892330052560c15b640.jpg,E:\2. UM-Student\MSC Dissertation\Urban-Vision-Benchmark\Datasets\MDWD\MDWD-YOLO26\test\images\IMG_1498_jpg.rf.56d1556a658cd892330052560c15b640.jpg,226.56,198.4,416.0,406.4,1.0,white organic-waste bag,False,False,1993.5,mdwd-p3
Cosmos Reason2 8B,white organic-waste bag,IMG_1576_JPG.rf.4d15d8dc3f6bda8774918b24b0bca783.jpg,E:\2. UM-Student\MSC Dissertation\Urban-Vision-Benchmark\Datasets\MDWD\MDWD-YOLO26\test\images\IMG_1576_JPG.rf.4d15d8dc3f6bda8774918b24b0bca783.jpg,285.44,238.72,356.48,355.84,1.0,white organic-waste bag,False,False,1973.9,mdwd-p3
Cosmos Reason2 8B,white organic-waste bag,IMG_1584_JPG.rf.0c8e5ea6dc9e1a7a08b6238bfb41f08a.jpg,E:\2. UM-Student\MSC Dissertation\Urban-Vision-Benchmark\Datasets\MDWD\MDWD-YOLO26\test\images\IMG_1584_JPG.rf.0c8e5ea6dc9e1a7a08b6238bfb41f08a.jpg,291.2,142.08,433.28,362.88,1.0,white organic-waste bag,False,False,1985.0,mdwd-p3
Cosmos Reason2 8B,white organic-waste bag,IMG_1592_jpg.rf.f4a4dc858b6ce3d6993baf21056a4137.jpg,E:\2. UM-Student\MSC Dissertation\Urban-Vision-Benchmark\Datasets\MDWD\MDWD-YOLO26\test\images\IMG_1592_jpg.rf.f4a4dc858b6ce3d6993baf21056a4137.jpg,291.2,177.92,379.52,288.0,1.0,white organic-waste bag,False,False,1970.5,mdwd-p3
Cosmos Reason2 8B,white organic-waste bag,IMG_1642-3_JPG.rf.dc053066bc3dc85394edbc00ef55a8e4.jpg,E:\2. UM-Student\MSC Dissertation\Urban-Vision-Benchmark\Datasets\MDWD\MDWD-YOLO26\test\images\IMG_1642-3_JPG.rf.dc053066bc3dc85394edbc00ef55a8e4.jpg,0.0,164.48,142.08,320.0,1.0,white organic-waste bag,False,False,1907.2,mdwd-p3
Cosmos Reason2 8B,white organic-waste bag,IMG_1663-3_JPG.rf.ea606bdf3ee56a51dfe29b23a311611d.jpg,E:\2. UM-Student\MSC Dissertation\Urban-Vision-Benchmark\Datasets\MDWD\MDWD-YOLO26\test\images\IMG_1663-3_JPG.rf.ea606bdf3ee56a51dfe29b23a311611d.jpg,318.72,245.12,503.04,359.68,1.0,white organic-waste bag,False,False,1968.0,mdwd-p3
Cosmos Reason2 8B,white organic-waste bag,IMG_1681-3_jpg.rf.d5d943924c35de90c6d6e157474cbfd7.jpg,E:\2. UM-Student\MSC Dissertation\Urban-Vision-Benchmark\Datasets\MDWD\MDWD-YOLO26\test\images\IMG_1681-3_jpg.rf.d5d943924c35de90c6d6e157474cbfd7.jpg,307.84,123.52,413.44,167.04,1.0,white organic-waste bag,False,False,1998.4,mdwd-p3
Cosmos Reason2 8B,white organic-waste bag,IMG_1685-3_JPG.rf.2e9e64f9877232f482557245a74b2fe1.jpg,E:\2. UM-Student\MSC Dissertation\Urban-Vision-Benchmark\Datasets\MDWD\MDWD-YOLO26\test\images\IMG_1685-3_JPG.rf.2e9e64f9877232f482557245a74b2fe1.jpg,327.04,50.56,427.52,218.88,1.0,white organic-waste bag,False,False,1955.6,mdwd-p3
Cosmos Reason2 8B,white organic-waste bag,IMG_1694_JPG.rf.302d30060abc3ba03ab3ffb9a491704e.jpg,E:\2. UM-Student\MSC Dissertation\Urban-Vision-Benchmark\Datasets\MDWD\MDWD-YOLO26\test\images\IMG_1694_JPG.rf.302d30060abc3ba03ab3ffb9a491704e.jpg,280.96,283.52,350.08,337.28,1.0,white organic-waste bag,False,False,1974.9,mdwd-p3
Cosmos Reason2 8B,white organic-waste bag,IMG_1697_JPG.rf.a35e74e41a26071f49ef0860f0a29af4.jpg,E:\2. UM-Student\MSC Dissertation\Urban-Vision-Benchmark\Datasets\MDWD\MDWD-YOLO26\test\images\IMG_1697_JPG.rf.a35e74e41a26071f49ef0860f0a29af4.jpg,283.52,275.2,411.52,334.72,1.0,white organic-waste bag,False,False,1991.1,mdwd-p3
Cosmos Reason2 8B,white organic-waste bag,IMG_1699_JPG.rf.587af3b59f422de7986e1701c169e5ee.jpg,E:\2. UM-Student\MSC Dissertation\Urban-Vision-Benchmark\Datasets\MDWD\MDWD-YOLO26\test\images\IMG_1699_JPG.rf.587af3b59f422de7986e1701c169e5ee.jpg,353.92,184.32,411.52,230.4,1.0,white organic-waste bag,False,False,1987.2,mdwd-p3
Cosmos Reason2 8B,white organic-waste bag,IMG_1701_JPG.rf.cbbb8a08ac02580e5312c5daea6a404e.jpg,E:\2. UM-Student\MSC Dissertation\Urban-Vision-Benchmark\Datasets\MDWD\MDWD-YOLO26\test\images\IMG_1701_JPG.rf.cbbb8a08ac02580e5312c5daea6a404e.jpg,184.96,261.12,263.04,334.72,1.0,white organic-waste bag,False,False,3581.2,mdwd-p3
Cosmos Reason2 8B,white organic-waste bag,IMG_1701_JPG.rf.cbbb8a08ac02580e5312c5daea6a404e.jpg,E:\2. UM-Student\MSC Dissertation\Urban-Vision-Benchmark\Datasets\MDWD\MDWD-YOLO26\test\images\IMG_1701_JPG.rf.cbbb8a08ac02580e5312c5daea6a404e.jpg,264.96,263.04,350.08,317.44,1.0,white organic-waste bag,False,False,3581.2,mdwd-p3
Cosmos Reason2 8B,white organic-waste bag,IMG_1725_JPG.rf.cdddfcacd64e3f64fb9802505c7319f2.jpg,E:\2. UM-Student\MSC Dissertation\Urban-Vision-Benchmark\Datasets\MDWD\MDWD-YOLO26\test\images\IMG_1725_JPG.rf.cdddfcacd64e3f64fb9802505c7319f2.jpg,451.2,285.44,528.64,334.72,1.0,white organic-waste bag,False,False,1970.9,mdwd-p3
Cosmos Reason2 8B,white organic-waste bag,IMG_1734_JPG.rf.a9bd6393c5a15d2756a795ba6885b750.jpg,E:\2. UM-Student\MSC Dissertation\Urban-Vision-Benchmark\Datasets\MDWD\MDWD-YOLO26\test\images\IMG_1734_JPG.rf.a9bd6393c5a15d2756a795ba6885b750.jpg,321.92,272.64,381.44,324.48,1.0,white organic-waste bag,False,False,1994.4,mdwd-p3
Cosmos Reason2 8B,white organic-waste bag,IMG_1741_JPG.rf.aedf870bc68368bbcd47b4036fe6ba1b.jpg,E:\2. UM-Student\MSC Dissertation\Urban-Vision-Benchmark\Datasets\MDWD\MDWD-YOLO26\test\images\IMG_1741_JPG.rf.aedf870bc68368bbcd47b4036fe6ba1b.jpg,256.0,189.44,302.08,232.96,1.0,white organic-waste bag,False,False,1970.4,mdwd-p3
Cosmos Reason2 8B,white organic-waste bag,IMG_1780-2_JPG.rf.2feb7461e23e43c8e8c28c2344e91744.jpg,E:\2. UM-Student\MSC Dissertation\Urban-Vision-Benchmark\Datasets\MDWD\MDWD-YOLO26\test\images\IMG_1780-2_JPG.rf.2feb7461e23e43c8e8c28c2344e91744.jpg,198.4,164.48,323.84,285.44,1.0,white organic-waste bag,False,False,1998.6,mdwd-p3
Cosmos Reason2 8B,white organic-waste bag,IMG_1786-2_JPG.rf.687b21b2f62d777a83c140af63ec3174.jpg,E:\2. UM-Student\MSC Dissertation\Urban-Vision-Benchmark\Datasets\MDWD\MDWD-YOLO26\test\images\IMG_1786-2_JPG.rf.687b21b2f62d777a83c140af63ec3174.jpg,294.4,234.88,386.56,309.12,1.0,white organic-waste bag,False,False,2003.2,mdwd-p3
Cosmos Reason2 8B,white organic-waste bag,IMG_1795-2_JPG.rf.90346db7632ef9d60ec69d1559cc76fa.jpg,E:\2. UM-Student\MSC Dissertation\Urban-Vision-Benchmark\Datasets\MDWD\MDWD-YOLO26\test\images\IMG_1795-2_JPG.rf.90346db7632ef9d60ec69d1559cc76fa.jpg,220.8,229.12,314.88,291.2,1.0,white organic-waste bag,False,False,1980.9,mdwd-p3
Cosmos Reason2 8B,white organic-waste bag,IMG_1816-2_JPG.rf.03f13cf5b3b905aaebb38a48a8bdca08.jpg,E:\2. UM-Student\MSC Dissertation\Urban-Vision-Benchmark\Datasets\MDWD\MDWD-YOLO26\test\images\IMG_1816-2_JPG.rf.03f13cf5b3b905aaebb38a48a8bdca08.jpg,289.28,206.72,413.44,298.24,1.0,white organic-waste bag,False,False,1992.9,mdwd-p3
Cosmos Reason2 8B,white organic-waste bag,IMG_1837-2_JPG.rf.3ae04597406133092c9e9b5aa929ab0b.jpg,E:\2. UM-Student\MSC Dissertation\Urban-Vision-Benchmark\Datasets\MDWD\MDWD-YOLO26\test\images\IMG_1837-2_JPG.rf.3ae04597406133092c9e9b5aa929ab0b.jpg,250.24,183.04,323.84,272.64,1.0,white organic-waste bag,False,False,1997.1,mdwd-p3
Cosmos Reason2 8B,white organic-waste bag,IMG_1847-2_JPG.rf.fb41f8560975d5133b47c22d6e55712c.jpg,E:\2. UM-Student\MSC Dissertation\Urban-Vision-Benchmark\Datasets\MDWD\MDWD-YOLO26\test\images\IMG_1847-2_JPG.rf.fb41f8560975d5133b47c22d6e55712c.jpg,323.84,212.48,373.76,263.04,1.0,white organic-waste bag,False,False,1992.9,mdwd-p3
Cosmos Reason2 8B,white organic-waste bag,IMG_1850-2_JPG.rf.74b6743fe98b3435f80055e3f0ddf4dc.jpg,E:\2. UM-Student\MSC Dissertation\Urban-Vision-Benchmark\Datasets\MDWD\MDWD-YOLO26\test\images\IMG_1850-2_JPG.rf.74b6743fe98b3435f80055e3f0ddf4dc.jpg,272.64,195.2,339.84,247.04,1.0,white organic-waste bag,False,False,1980.6,mdwd-p3
Cosmos Reason2 8B,white organic-waste bag,IMG_1854-2_JPG.rf.eed1692cfac89b53e56e91181bba87d2.jpg,E:\2. UM-Student\MSC Dissertation\Urban-Vision-Benchmark\Datasets\MDWD\MDWD-YOLO26\test\images\IMG_1854-2_JPG.rf.eed1692cfac89b53e56e91181bba87d2.jpg,214.4,220.8,334.08,283.52,1.0,white organic-waste bag,False,False,1985.6,mdwd-p3
Cosmos Reason2 8B,white organic-waste bag,IMG_1864-2_jpg.rf.4a652b55d26cd0148eafe1befb1bf728.jpg,E:\2. UM-Student\MSC Dissertation\Urban-Vision-Benchmark\Datasets\MDWD\MDWD-YOLO26\test\images\IMG_1864-2_jpg.rf.4a652b55d26cd0148eafe1befb1bf728.jpg,314.24,375.04,452.48,519.68,1.0,white organic-waste bag,False,False,1993.1,mdwd-p3
Cosmos Reason2 8B,white organic-waste bag,IMG_1874-2_JPG.rf.1a61faddb0aa0afe4ec124ad77db3d1c.jpg,E:\2. UM-Student\MSC Dissertation\Urban-Vision-Benchmark\Datasets\MDWD\MDWD-YOLO26\test\images\IMG_1874-2_JPG.rf.1a61faddb0aa0afe4ec124ad77db3d1c.jpg,202.88,171.52,275.2,224.64,1.0,white organic-waste bag,False,False,1981.0,mdwd-p3
Cosmos Reason2 8B,white organic-waste bag,IMG_1876-2_JPG.rf.a7e9f498d70b0160c108badec0d82968.jpg,E:\2. UM-Student\MSC Dissertation\Urban-Vision-Benchmark\Datasets\MDWD\MDWD-YOLO26\test\images\IMG_1876-2_JPG.rf.a7e9f498d70b0160c108badec0d82968.jpg,206.08,156.16,305.28,231.68,1.0,white organic-waste bag,False,False,1986.5,mdwd-p3
Cosmos Reason2 8B,white organic-waste bag,IMG_1933_JPG.rf.647ab4574309edbc417a4016ae7ff114.jpg,E:\2. UM-Student\MSC Dissertation\Urban-Vision-Benchmark\Datasets\MDWD\MDWD-YOLO26\test\images\IMG_1933_JPG.rf.647ab4574309edbc417a4016ae7ff114.jpg,264.96,215.04,358.4,327.04,1.0,white organic-waste bag,False,False,1983.7,mdwd-p3
Cosmos Reason2 8B,white organic-waste bag,IMG_1935_JPG.rf.70f3e9d41afe0def24f5016f893cc5f1.jpg,E:\2. UM-Student\MSC Dissertation\Urban-Vision-Benchmark\Datasets\MDWD\MDWD-YOLO26\test\images\IMG_1935_JPG.rf.70f3e9d41afe0def24f5016f893cc5f1.jpg,122.24,115.2,291.2,345.6,1.0,white organic-waste bag,False,False,1976.4,mdwd-p3
Cosmos Reason2 8B,white organic-waste bag,IMG_1949_JPG.rf.b39818364afce503871402f719639f15.jpg,E:\2. UM-Student\MSC Dissertation\Urban-Vision-Benchmark\Datasets\MDWD\MDWD-YOLO26\test\images\IMG_1949_JPG.rf.b39818364afce503871402f719639f15.jpg,93.44,157.44,309.12,398.72,1.0,white organic-waste bag,False,False,1981.8,mdwd-p3
Cosmos Reason2 8B,white organic-waste bag,IMG_1956_JPG.rf.2478164656df97788f34d6c9933080a6.jpg,E:\2. UM-Student\MSC Dissertation\Urban-Vision-Benchmark\Datasets\MDWD\MDWD-YOLO26\test\images\IMG_1956_JPG.rf.2478164656df97788f34d6c9933080a6.jpg,181.12,175.36,343.04,320.0,1.0,white organic-waste bag,False,False,1986.2,mdwd-p3
Cosmos Reason2 8B,white organic-waste bag,IMG_1965_JPG.rf.da74e00f22402a722279b6253a01ef40.jpg,E:\2. UM-Student\MSC Dissertation\Urban-Vision-Benchmark\Datasets\MDWD\MDWD-YOLO26\test\images\IMG_1965_JPG.rf.da74e00f22402a722279b6253a01ef40.jpg,119.68,247.04,328.96,390.4,1.0,white organic-waste bag,False,False,1984.3,mdwd-p3
Cosmos Reason2 8B,white organic-waste bag,IMG_1980_JPG.rf.37af8c83756b699162c8354ac0b5d79a.jpg,E:\2. UM-Student\MSC Dissertation\Urban-Vision-Benchmark\Datasets\MDWD\MDWD-YOLO26\test\images\IMG_1980_JPG.rf.37af8c83756b699162c8354ac0b5d79a.jpg,192.64,150.4,427.52,350.08,1.0,white organic-waste bag,False,False,1988.8,mdwd-p3
Cosmos Reason2 8B,white organic-waste bag,IMG_1983_JPG.rf.fbb2ae887f84c2bc3018cbc7a6a2af14.jpg,E:\2. UM-Student\MSC Dissertation\Urban-Vision-Benchmark\Datasets\MDWD\MDWD-YOLO26\test\images\IMG_1983_JPG.rf.fbb2ae887f84c2bc3018cbc7a6a2af14.jpg,192.64,88.32,384.0,220.8,1.0,white organic-waste bag,False,False,1983.5,mdwd-p3
Cosmos Reason2 8B,white organic-waste bag,IMG_1999_JPG.rf.4e303080b26c788dc54e561c486dd103.jpg,E:\2. UM-Student\MSC Dissertation\Urban-Vision-Benchmark\Datasets\MDWD\MDWD-YOLO26\test\images\IMG_1999_JPG.rf.4e303080b26c788dc54e561c486dd103.jpg,189.44,122.24,350.08,240.64,1.0,white organic-waste bag,False,False,1985.4,mdwd-p3
Cosmos Reason2 8B,white organic-waste bag,IMG_20241114_082102-1-_jpg.rf.92fdca8649a8596bd5759763ae134951.jpg,E:\2. UM-Student\MSC Dissertation\Urban-Vision-Benchmark\Datasets\MDWD\MDWD-YOLO26\test\images\IMG_20241114_082102-1-_jpg.rf.92fdca8649a8596bd5759763ae134951.jpg,229.12,210.56,283.52,265.6,1.0,white organic-waste bag,False,False,1991.7,mdwd-p3
Cosmos Reason2 8B,white organic-waste bag,IMG_20241114_082102_jpg.rf.14307b14ca532b8004a5a996782d3c32.jpg,E:\2. UM-Student\MSC Dissertation\Urban-Vision-Benchmark\Datasets\MDWD\MDWD-YOLO26\test\images\IMG_20241114_082102_jpg.rf.14307b14ca532b8004a5a996782d3c32.jpg,291.2,89.6,362.88,234.88,1.0,white organic-waste bag,False,False,1984.3,mdwd-p3
Cosmos Reason2 8B,white organic-waste bag,IMG_20241115_073756_jpg.rf.7e52d7c0872aad65a15a3a384aed26aa.jpg,E:\2. UM-Student\MSC Dissertation\Urban-Vision-Benchmark\Datasets\MDWD\MDWD-YOLO26\test\images\IMG_20241115_073756_jpg.rf.7e52d7c0872aad65a15a3a384aed26aa.jpg,229.12,285.44,294.4,338.56,1.0,white organic-waste bag,False,False,1983.8,mdwd-p3
Cosmos Reason2 8B,white organic-waste bag,IMG_20241115_074812_jpg.rf.7aaa34f403d35b5cf47dc9acac4184b7.jpg,E:\2. UM-Student\MSC Dissertation\Urban-Vision-Benchmark\Datasets\MDWD\MDWD-YOLO26\test\images\IMG_20241115_074812_jpg.rf.7aaa34f403d35b5cf47dc9acac4184b7.jpg,264.96,234.88,353.92,298.24,1.0,white organic-waste bag,False,False,3580.6,mdwd-p3
Cosmos Reason2 8B,white organic-waste bag,IMG_20241115_074812_jpg.rf.7aaa34f403d35b5cf47dc9acac4184b7.jpg,E:\2. UM-Student\MSC Dissertation\Urban-Vision-Benchmark\Datasets\MDWD\MDWD-YOLO26\test\images\IMG_20241115_074812_jpg.rf.7aaa34f403d35b5cf47dc9acac4184b7.jpg,227.84,243.2,289.28,300.8,1.0,white organic-waste bag,False,False,3580.6,mdwd-p3
Cosmos Reason2 8B,white organic-waste bag,IMG_20241115_075448_jpg.rf.266314a32d54fa252b433dae3f98594d.jpg,E:\2. UM-Student\MSC Dissertation\Urban-Vision-Benchmark\Datasets\MDWD\MDWD-YOLO26\test\images\IMG_20241115_075448_jpg.rf.266314a32d54fa252b433dae3f98594d.jpg,330.88,283.52,384.0,366.72,1.0,white organic-waste bag,False,False,3603.6,mdwd-p3
Cosmos Reason2 8B,white organic-waste bag,IMG_20241115_075448_jpg.rf.266314a32d54fa252b433dae3f98594d.jpg,E:\2. UM-Student\MSC Dissertation\Urban-Vision-Benchmark\Datasets\MDWD\MDWD-YOLO26\test\images\IMG_20241115_075448_jpg.rf.266314a32d54fa252b433dae3f98594d.jpg,172.8,284.16,235.52,373.76,1.0,white organic-waste bag,False,False,3603.6,mdwd-p3
Cosmos Reason2 8B,white organic-waste bag,IMG_20241119_080952_jpg.rf.17cb052c2afe147a229d2bc86d708496.jpg,E:\2. UM-Student\MSC Dissertation\Urban-Vision-Benchmark\Datasets\MDWD\MDWD-YOLO26\test\images\IMG_20241119_080952_jpg.rf.17cb052c2afe147a229d2bc86d708496.jpg,238.72,213.76,353.92,295.04,1.0,white organic-waste bag,False,False,1986.1,mdwd-p3
Cosmos Reason2 8B,white organic-waste bag,IMG_20241121_091747_jpg.rf.3fd3e241b47f6b97e6d584dded292019.jpg,E:\2. UM-Student\MSC Dissertation\Urban-Vision-Benchmark\Datasets\MDWD\MDWD-YOLO26\test\images\IMG_20241121_091747_jpg.rf.3fd3e241b47f6b97e6d584dded292019.jpg,197.76,222.08,256.0,337.28,1.0,white organic-waste bag,False,False,1992.2,mdwd-p3
Cosmos Reason2 8B,white organic-waste bag,IMG_20241121_092636_jpg.rf.ebe63be68e45b5654d5eca22e2830f56.jpg,E:\2. UM-Student\MSC Dissertation\Urban-Vision-Benchmark\Datasets\MDWD\MDWD-YOLO26\test\images\IMG_20241121_092636_jpg.rf.ebe63be68e45b5654d5eca22e2830f56.jpg,172.8,288.0,216.32,392.32,1.0,white organic-waste bag,False,False,1984.4,mdwd-p3
Cosmos Reason2 8B,white organic-waste bag,IMG_20241121_092646_jpg.rf.4131a781a45bdb336c71a66bff023eea.jpg,E:\2. UM-Student\MSC Dissertation\Urban-Vision-Benchmark\Datasets\MDWD\MDWD-YOLO26\test\images\IMG_20241121_092646_jpg.rf.4131a781a45bdb336c71a66bff023eea.jpg,140.8,277.12,192.64,384.64,1.0,white organic-waste bag,False,False,1981.5,mdwd-p3
Cosmos Reason2 8B,white organic-waste bag,IMG_20241128_092514_jpg.rf.7596cb50c83af21c87c5f54080e602d4.jpg,E:\2. UM-Student\MSC Dissertation\Urban-Vision-Benchmark\Datasets\MDWD\MDWD-YOLO26\test\images\IMG_20241128_092514_jpg.rf.7596cb50c83af21c87c5f54080e602d4.jpg,136.96,185.6,286.08,343.04,1.0,white organic-waste bag,False,False,2013.9,mdwd-p3
Cosmos Reason2 8B,white organic-waste bag,IMG_20241206_082456_jpg.rf.a3e6c04fbf7c0e464a27cad6eefe7877.jpg,E:\2. UM-Student\MSC Dissertation\Urban-Vision-Benchmark\Datasets\MDWD\MDWD-YOLO26\test\images\IMG_20241206_082456_jpg.rf.a3e6c04fbf7c0e464a27cad6eefe7877.jpg,267.52,226.56,381.44,292.48,1.0,white organic-waste bag,False,False,1986.2,mdwd-p3
Cosmos Reason2 8B,white organic-waste bag,IMG_20241212_071836_jpg.rf.0b80d7fa9c551664fbbe5b7f3a1b48c2.jpg,E:\2. UM-Student\MSC Dissertation\Urban-Vision-Benchmark\Datasets\MDWD\MDWD-YOLO26\test\images\IMG_20241212_071836_jpg.rf.0b80d7fa9c551664fbbe5b7f3a1b48c2.jpg,330.88,230.4,465.28,332.8,1.0,white organic-waste bag,False,False,1988.4,mdwd-p3
Cosmos Reason2 8B,white organic-waste bag,IMG_20241212_071851_jpg.rf.550bce41f56e3f83cfcf50a20246ac39.jpg,E:\2. UM-Student\MSC Dissertation\Urban-Vision-Benchmark\Datasets\MDWD\MDWD-YOLO26\test\images\IMG_20241212_071851_jpg.rf.550bce41f56e3f83cfcf50a20246ac39.jpg,247.04,108.16,634.88,343.04,1.0,white organic-waste bag,False,False,1984.3,mdwd-p3
Cosmos Reason2 8B,white organic-waste bag,IMG_20241212_072546_jpg.rf.428e2895cdcf99b3cf96be37525287fc.jpg,E:\2. UM-Student\MSC Dissertation\Urban-Vision-Benchmark\Datasets\MDWD\MDWD-YOLO26\test\images\IMG_20241212_072546_jpg.rf.428e2895cdcf99b3cf96be37525287fc.jpg,200.96,222.08,392.32,313.6,1.0,white organic-waste bag,False,False,1985.9,mdwd-p3
Cosmos Reason2 8B,white organic-waste bag,IMG_20241213_073608_jpg.rf.eaa72004d680945f0afe2f9ad165ed4d.jpg,E:\2. UM-Student\MSC Dissertation\Urban-Vision-Benchmark\Datasets\MDWD\MDWD-YOLO26\test\images\IMG_20241213_073608_jpg.rf.eaa72004d680945f0afe2f9ad165ed4d.jpg,210.56,78.72,350.08,272.64,1.0,white organic-waste bag,False,False,1971.7,mdwd-p3
Cosmos Reason2 8B,white organic-waste bag,IMG_20241217_073410_jpg.rf.8ba94ff4ae15e4be5ccd4dc4f266b1b3.jpg,E:\2. UM-Student\MSC Dissertation\Urban-Vision-Benchmark\Datasets\MDWD\MDWD-YOLO26\test\images\IMG_20241217_073410_jpg.rf.8ba94ff4ae15e4be5ccd4dc4f266b1b3.jpg,253.44,53.76,411.52,126.72,1.0,white organic-waste bag,False,False,1935.3,mdwd-p3
Cosmos Reason2 8B,white organic-waste bag,IMG_20241217_073412_jpg.rf.4e957e5b6d64f80cfe271bab14006d44.jpg,E:\2. UM-Student\MSC Dissertation\Urban-Vision-Benchmark\Datasets\MDWD\MDWD-YOLO26\test\images\IMG_20241217_073412_jpg.rf.4e957e5b6d64f80cfe271bab14006d44.jpg,176.64,123.52,449.28,254.72,1.0,white organic-waste bag,False,False,1988.5,mdwd-p3
Cosmos Reason2 8B,white organic-waste bag,IMG_20241219_084719_jpg.rf.93bdd801e0ce4811189ba99080842075.jpg,E:\2. UM-Student\MSC Dissertation\Urban-Vision-Benchmark\Datasets\MDWD\MDWD-YOLO26\test\images\IMG_20241219_084719_jpg.rf.93bdd801e0ce4811189ba99080842075.jpg,386.56,163.2,458.24,285.44,1.0,white organic-waste bag,False,False,1977.0,mdwd-p3
Cosmos Reason2 8B,white organic-waste bag,IMG_20241228_082931_jpg.rf.36e90ccb5eabdc81be8c4c4fc111bec2.jpg,E:\2. UM-Student\MSC Dissertation\Urban-Vision-Benchmark\Datasets\MDWD\MDWD-YOLO26\test\images\IMG_20241228_082931_jpg.rf.36e90ccb5eabdc81be8c4c4fc111bec2.jpg,244.48,288.0,422.4,371.2,1.0,white organic-waste bag,False,False,1985.8,mdwd-p3
Cosmos Reason2 8B,white organic-waste bag,IMG_20241228_084256_jpg.rf.cad5e31812186af156bdc69b2a095c80.jpg,E:\2. UM-Student\MSC Dissertation\Urban-Vision-Benchmark\Datasets\MDWD\MDWD-YOLO26\test\images\IMG_20241228_084256_jpg.rf.cad5e31812186af156bdc69b2a095c80.jpg,35.2,98.56,269.44,247.68,1.0,white organic-waste bag,False,False,1941.0,mdwd-p3
Cosmos Reason2 8B,white organic-waste bag,IMG_20241228_084606_jpg.rf.a4b1a7867d1bdf6ec683a909c6388742.jpg,E:\2. UM-Student\MSC Dissertation\Urban-Vision-Benchmark\Datasets\MDWD\MDWD-YOLO26\test\images\IMG_20241228_084606_jpg.rf.a4b1a7867d1bdf6ec683a909c6388742.jpg,257.92,172.8,396.8,277.12,1.0,white organic-waste bag,False,False,1982.9,mdwd-p3
Cosmos Reason2 8B,white organic-waste bag,IMG_20250104_070512_jpg.rf.255e6e445fb501cb02fbd10537e3c482.jpg,E:\2. UM-Student\MSC Dissertation\Urban-Vision-Benchmark\Datasets\MDWD\MDWD-YOLO26\test\images\IMG_20250104_070512_jpg.rf.255e6e445fb501cb02fbd10537e3c482.jpg,197.76,245.12,323.84,299.52,1.0,white organic-waste bag,False,False,1979.6,mdwd-p3
Cosmos Reason2 8B,white organic-waste bag,IMG_20250104_071502_jpg.rf.a7fd2d3a223c221308d25329020f5482.jpg,E:\2. UM-Student\MSC Dissertation\Urban-Vision-Benchmark\Datasets\MDWD\MDWD-YOLO26\test\images\IMG_20250104_071502_jpg.rf.a7fd2d3a223c221308d25329020f5482.jpg,226.56,151.68,386.56,243.2,1.0,white organic-waste bag,False,False,1983.8,mdwd-p3
Cosmos Reason2 8B,white organic-waste bag,IMG_20250104_071750_jpg.rf.e12592ccdd49ad017049232f2c21f3d6.jpg,E:\2. UM-Student\MSC Dissertation\Urban-Vision-Benchmark\Datasets\MDWD\MDWD-YOLO26\test\images\IMG_20250104_071750_jpg.rf.e12592ccdd49ad017049232f2c21f3d6.jpg,309.12,219.52,472.32,357.12,1.0,white organic-waste bag,False,False,1996.4,mdwd-p3
Cosmos Reason2 8B,white organic-waste bag,IMG_20250106_072151_jpg.rf.fbf20a2f9fe1eb271832f03a04cf76d5.jpg,E:\2. UM-Student\MSC Dissertation\Urban-Vision-Benchmark\Datasets\MDWD\MDWD-YOLO26\test\images\IMG_20250106_072151_jpg.rf.fbf20a2f9fe1eb271832f03a04cf76d5.jpg,154.88,245.12,259.84,327.04,1.0,white organic-waste bag,False,False,3584.1,mdwd-p3
Cosmos Reason2 8B,white organic-waste bag,IMG_20250106_072151_jpg.rf.fbf20a2f9fe1eb271832f03a04cf76d5.jpg,E:\2. UM-Student\MSC Dissertation\Urban-Vision-Benchmark\Datasets\MDWD\MDWD-YOLO26\test\images\IMG_20250106_072151_jpg.rf.fbf20a2f9fe1eb271832f03a04cf76d5.jpg,244.48,202.24,330.88,264.32,1.0,white organic-waste bag,False,False,3584.1,mdwd-p3
Cosmos Reason2 8B,white organic-waste bag,IMG_20250106_072627_jpg.rf.5b471c31ca6639b08b5f9a25d7d4d055.jpg,E:\2. UM-Student\MSC Dissertation\Urban-Vision-Benchmark\Datasets\MDWD\MDWD-YOLO26\test\images\IMG_20250106_072627_jpg.rf.5b471c31ca6639b08b5f9a25d7d4d055.jpg,243.2,282.24,344.32,375.04,1.0,white organic-waste bag,False,False,1983.2,mdwd-p3
Cosmos Reason2 8B,white organic-waste bag,IMG_20250106_072716_jpg.rf.4b2d801f403243754d438093bc257ce4.jpg,E:\2. UM-Student\MSC Dissertation\Urban-Vision-Benchmark\Datasets\MDWD\MDWD-YOLO26\test\images\IMG_20250106_072716_jpg.rf.4b2d801f403243754d438093bc257ce4.jpg,288.0,263.04,404.48,332.8,1.0,white organic-waste bag,False,False,2042.3,mdwd-p3
Cosmos Reason2 8B,white organic-waste bag,IMG_20250106_072730_jpg.rf.04c94d8351ffdfbd2d7391c96b474256.jpg,E:\2. UM-Student\MSC Dissertation\Urban-Vision-Benchmark\Datasets\MDWD\MDWD-YOLO26\test\images\IMG_20250106_072730_jpg.rf.04c94d8351ffdfbd2d7391c96b474256.jpg,260.48,224.64,381.44,313.6,1.0,white organic-waste bag,False,False,1979.1,mdwd-p3
Cosmos Reason2 8B,white organic-waste bag,IMG_20250109_074148_jpg.rf.8c9aeea0d58fff99ff5ece961942d4da.jpg,E:\2. UM-Student\MSC Dissertation\Urban-Vision-Benchmark\Datasets\MDWD\MDWD-YOLO26\test\images\IMG_20250109_074148_jpg.rf.8c9aeea0d58fff99ff5ece961942d4da.jpg,165.12,87.04,421.12,231.68,1.0,white organic-waste bag,False,False,1984.5,mdwd-p3
Cosmos Reason2 8B,white organic-waste bag,IMG_20250109_074213_jpg.rf.70a8bd28946b36ece01a48b9cdfaa26d.jpg,E:\2. UM-Student\MSC Dissertation\Urban-Vision-Benchmark\Datasets\MDWD\MDWD-YOLO26\test\images\IMG_20250109_074213_jpg.rf.70a8bd28946b36ece01a48b9cdfaa26d.jpg,214.4,0.0,327.04,202.24,1.0,white organic-waste bag,False,False,1897.8,mdwd-p3
Cosmos Reason2 8B,white organic-waste bag,IMG_3064_jpeg.rf.1f5dffcb25bb06330248faaa7e4470fc.jpg,E:\2. UM-Student\MSC Dissertation\Urban-Vision-Benchmark\Datasets\MDWD\MDWD-YOLO26\test\images\IMG_3064_jpeg.rf.1f5dffcb25bb06330248faaa7e4470fc.jpg,376.32,240.0,443.52,292.48,1.0,white organic-waste bag,False,False,1988.3,mdwd-p3
Cosmos Reason2 8B,white organic-waste bag,IMG_3068_jpeg.rf.6b63b7cb63ae7950ebc35b5a96550b08.jpg,E:\2. UM-Student\MSC Dissertation\Urban-Vision-Benchmark\Datasets\MDWD\MDWD-YOLO26\test\images\IMG_3068_jpeg.rf.6b63b7cb63ae7950ebc35b5a96550b08.jpg,314.24,285.44,350.08,321.92,1.0,white organic-waste bag,False,False,1977.5,mdwd-p3
Cosmos Reason2 8B,white organic-waste bag,IMG_3084_jpeg.rf.584a131d14876e68f98bf572d6e2c1e3.jpg,E:\2. UM-Student\MSC Dissertation\Urban-Vision-Benchmark\Datasets\MDWD\MDWD-YOLO26\test\images\IMG_3084_jpeg.rf.584a131d14876e68f98bf572d6e2c1e3.jpg,253.44,206.72,427.52,438.4,1.0,white organic-waste bag,False,False,1987.1,mdwd-p3
Cosmos Reason2 8B,white organic-waste bag,IMG_3108_jpeg.rf.f0273d0fa4ade4f4e81d527d9cc1f2db.jpg,E:\2. UM-Student\MSC Dissertation\Urban-Vision-Benchmark\Datasets\MDWD\MDWD-YOLO26\test\images\IMG_3108_jpeg.rf.f0273d0fa4ade4f4e81d527d9cc1f2db.jpg,224.64,209.28,371.2,320.0,1.0,white organic-waste bag,False,False,8411.5,mdwd-p3
Cosmos Reason2 8B,white organic-waste bag,IMG_3108_jpeg.rf.f0273d0fa4ade4f4e81d527d9cc1f2db.jpg,E:\2. UM-Student\MSC Dissertation\Urban-Vision-Benchmark\Datasets\MDWD\MDWD-YOLO26\test\images\IMG_3108_jpeg.rf.f0273d0fa4ade4f4e81d527d9cc1f2db.jpg,138.24,233.6,231.68,320.0,1.0,white organic-waste bag,False,False,8411.5,mdwd-p3
Cosmos Reason2 8B,white organic-waste bag,IMG_3108_jpeg.rf.f0273d0fa4ade4f4e81d527d9cc1f2db.jpg,E:\2. UM-Student\MSC Dissertation\Urban-Vision-Benchmark\Datasets\MDWD\MDWD-YOLO26\test\images\IMG_3108_jpeg.rf.f0273d0fa4ade4f4e81d527d9cc1f2db.jpg,247.04,277.12,400.64,371.2,1.0,white organic-waste bag,False,False,8411.5,mdwd-p3
Cosmos Reason2 8B,white organic-waste bag,IMG_3108_jpeg.rf.f0273d0fa4ade4f4e81d527d9cc1f2db.jpg,E:\2. UM-Student\MSC Dissertation\Urban-Vision-Benchmark\Datasets\MDWD\MDWD-YOLO26\test\images\IMG_3108_jpeg.rf.f0273d0fa4ade4f4e81d527d9cc1f2db.jpg,145.92,292.48,213.76,350.08,1.0,white organic-waste bag,False,False,8411.5,mdwd-p3
Cosmos Reason2 8B,white organic-waste bag,IMG_3108_jpeg.rf.f0273d0fa4ade4f4e81d527d9cc1f2db.jpg,E:\2. UM-Student\MSC Dissertation\Urban-Vision-Benchmark\Datasets\MDWD\MDWD-YOLO26\test\images\IMG_3108_jpeg.rf.f0273d0fa4ade4f4e81d527d9cc1f2db.jpg,168.96,330.24,233.6,376.32,1.0,white organic-waste bag,False,False,8411.5,mdwd-p3
Cosmos Reason2 8B,white organic-waste bag,IMG_4228_JPG.rf.3354240a78ddc77e93ae7abe53e5e890.jpg,E:\2. UM-Student\MSC Dissertation\Urban-Vision-Benchmark\Datasets\MDWD\MDWD-YOLO26\test\images\IMG_4228_JPG.rf.3354240a78ddc77e93ae7abe53e5e890.jpg,305.28,136.32,492.8,381.44,1.0,white organic-waste bag,False,False,1977.3,mdwd-p3
Cosmos Reason2 8B,white organic-waste bag,IMG_4230_JPG.rf.b064ad551265db0369e9bf1f618d0b83.jpg,E:\2. UM-Student\MSC Dissertation\Urban-Vision-Benchmark\Datasets\MDWD\MDWD-YOLO26\test\images\IMG_4230_JPG.rf.b064ad551265db0369e9bf1f618d0b83.jpg,28.8,190.08,320.0,416.0,1.0,white organic-waste bag,False,False,1939.6,mdwd-p3
Cosmos Reason2 8B,white organic-waste bag,IMG_4285_JPG.rf.be653a7caf45b9cebe13e72af4cb1bea.jpg,E:\2. UM-Student\MSC Dissertation\Urban-Vision-Benchmark\Datasets\MDWD\MDWD-YOLO26\test\images\IMG_4285_JPG.rf.be653a7caf45b9cebe13e72af4cb1bea.jpg,174.72,238.72,428.8,392.32,1.0,white organic-waste bag,False,False,1987.5,mdwd-p3
Cosmos Reason2 8B,white organic-waste bag,IMG_4293_JPG.rf.2ee41cac427df29aa0348a1fdf3ba43a.jpg,E:\2. UM-Student\MSC Dissertation\Urban-Vision-Benchmark\Datasets\MDWD\MDWD-YOLO26\test\images\IMG_4293_JPG.rf.2ee41cac427df29aa0348a1fdf3ba43a.jpg,390.4,170.24,566.4,337.28,1.0,white organic-waste bag,False,False,1982.5,mdwd-p3
Cosmos Reason2 8B,white organic-waste bag,IMG_4297_JPG.rf.8da214b4dc38a51f543d9131574cd484.jpg,E:\2. UM-Student\MSC Dissertation\Urban-Vision-Benchmark\Datasets\MDWD\MDWD-YOLO26\test\images\IMG_4297_JPG.rf.8da214b4dc38a51f543d9131574cd484.jpg,200.96,112.64,378.88,305.28,1.0,white organic-waste bag,False,False,1993.4,mdwd-p3
Cosmos Reason2 8B,white organic-waste bag,IMG_4299_jpeg.rf.81fc622bb56a1539e5c33115e344fdb5.jpg,E:\2. UM-Student\MSC Dissertation\Urban-Vision-Benchmark\Datasets\MDWD\MDWD-YOLO26\test\images\IMG_4299_jpeg.rf.81fc622bb56a1539e5c33115e344fdb5.jpg,299.52,292.48,423.68,410.24,1.0,white organic-waste bag,False,False,1988.6,mdwd-p3
Cosmos Reason2 8B,white organic-waste bag,IMG_4324_JPG.rf.20ebc0d9831223e686418cc21814847f.jpg,E:\2. UM-Student\MSC Dissertation\Urban-Vision-Benchmark\Datasets\MDWD\MDWD-YOLO26\test\images\IMG_4324_JPG.rf.20ebc0d9831223e686418cc21814847f.jpg,314.88,109.44,428.8,219.52,1.0,white organic-waste bag,False,False,1984.9,mdwd-p3
Cosmos Reason2 8B,white organic-waste bag,IMG_4329_JPG.rf.743d3b23867d61b5e40194a0805de44f.jpg,E:\2. UM-Student\MSC Dissertation\Urban-Vision-Benchmark\Datasets\MDWD\MDWD-YOLO26\test\images\IMG_4329_JPG.rf.743d3b23867d61b5e40194a0805de44f.jpg,239.36,197.76,513.92,505.6,1.0,white organic-waste bag,False,False,1974.8,mdwd-p3
Cosmos Reason2 8B,white organic-waste bag,IMG_4369_jpeg.rf.408cd6a46d2f5cac2cbe3b37e3ebcda9.jpg,E:\2. UM-Student\MSC Dissertation\Urban-Vision-Benchmark\Datasets\MDWD\MDWD-YOLO26\test\images\IMG_4369_jpeg.rf.408cd6a46d2f5cac2cbe3b37e3ebcda9.jpg,297.6,254.72,427.52,327.04,1.0,white organic-waste bag,False,False,1981.2,mdwd-p3
Cosmos Reason2 8B,white organic-waste bag,IMG_4381_JPG.rf.2c50827131296bfe3883c59625a8bc6b.jpg,E:\2. UM-Student\MSC Dissertation\Urban-Vision-Benchmark\Datasets\MDWD\MDWD-YOLO26\test\images\IMG_4381_JPG.rf.2c50827131296bfe3883c59625a8bc6b.jpg,192.64,163.2,350.08,320.0,1.0,white organic-waste bag,False,False,1980.0,mdwd-p3
Cosmos Reason2 8B,white organic-waste bag,IMG_4384_JPG.rf.b89fff6257bced61fff24d71d5c96809.jpg,E:\2. UM-Student\MSC Dissertation\Urban-Vision-Benchmark\Datasets\MDWD\MDWD-YOLO26\test\images\IMG_4384_JPG.rf.b89fff6257bced61fff24d71d5c96809.jpg,171.52,240.64,320.0,320.0,1.0,white organic-waste bag,False,False,1985.2,mdwd-p3
Cosmos Reason2 8B,white organic-waste bag,IMG_4388_JPG.rf.3c393557e6f2d9a5a8f6ddeeba51ac15.jpg,E:\2. UM-Student\MSC Dissertation\Urban-Vision-Benchmark\Datasets\MDWD\MDWD-YOLO26\test\images\IMG_4388_JPG.rf.3c393557e6f2d9a5a8f6ddeeba51ac15.jpg,283.52,200.96,388.48,292.48,1.0,white organic-waste bag,False,False,1986.4,mdwd-p3
Cosmos Reason2 8B,white organic-waste bag,IMG_4396_jpg.rf.1db0db20656a7c83e35b6d18c0215170.jpg,E:\2. UM-Student\MSC Dissertation\Urban-Vision-Benchmark\Datasets\MDWD\MDWD-YOLO26\test\images\IMG_4396_jpg.rf.1db0db20656a7c83e35b6d18c0215170.jpg,292.48,261.12,371.2,390.4,1.0,white organic-waste bag,False,False,1981.7,mdwd-p3
Cosmos Reason2 8B,white organic-waste bag,IMG_4398_JPG.rf.83b60305e9efa040fa94d0b934e5e7d1.jpg,E:\2. UM-Student\MSC Dissertation\Urban-Vision-Benchmark\Datasets\MDWD\MDWD-YOLO26\test\images\IMG_4398_JPG.rf.83b60305e9efa040fa94d0b934e5e7d1.jpg,346.24,179.84,483.2,313.6,1.0,white organic-waste bag,False,False,1973.9,mdwd-p3
Cosmos Reason2 8B,white organic-waste bag,IMG_4399_JPG.rf.a40bfe5dc594ca8f8b19a657df19a24b.jpg,E:\2. UM-Student\MSC Dissertation\Urban-Vision-Benchmark\Datasets\MDWD\MDWD-YOLO26\test\images\IMG_4399_JPG.rf.a40bfe5dc594ca8f8b19a657df19a24b.jpg,229.12,150.4,392.32,302.08,1.0,white organic-waste bag,False,False,1977.0,mdwd-p3
Cosmos Reason2 8B,white organic-waste bag,IMG_4399_jpg.rf.dfd53b0debc27c7095a817bcea1e7804.jpg,E:\2. UM-Student\MSC Dissertation\Urban-Vision-Benchmark\Datasets\MDWD\MDWD-YOLO26\test\images\IMG_4399_jpg.rf.dfd53b0debc27c7095a817bcea1e7804.jpg,299.52,177.92,376.32,250.24,1.0,white organic-waste bag,False,False,1978.4,mdwd-p3
Cosmos Reason2 8B,white organic-waste bag,IMG_4407_JPG.rf.614497a80164d2a76b09b87d423d4135.jpg,E:\2. UM-Student\MSC Dissertation\Urban-Vision-Benchmark\Datasets\MDWD\MDWD-YOLO26\test\images\IMG_4407_JPG.rf.614497a80164d2a76b09b87d423d4135.jpg,307.2,195.2,437.76,272.64,1.0,white organic-waste bag,False,False,1981.8,mdwd-p3
Cosmos Reason2 8B,white organic-waste bag,IMG_4410_JPG.rf.f4e18a42420273153db9bd7ba0d584e7.jpg,E:\2. UM-Student\MSC Dissertation\Urban-Vision-Benchmark\Datasets\MDWD\MDWD-YOLO26\test\images\IMG_4410_JPG.rf.f4e18a42420273153db9bd7ba0d584e7.jpg,277.12,222.08,389.12,325.76,1.0,white organic-waste bag,False,False,1984.8,mdwd-p3
Cosmos Reason2 8B,white organic-waste bag,IMG_4561_jpg.rf.5f140ad2d986f1d247075091fb9a39f2.jpg,E:\2. UM-Student\MSC Dissertation\Urban-Vision-Benchmark\Datasets\MDWD\MDWD-YOLO26\test\images\IMG_4561_jpg.rf.5f140ad2d986f1d247075091fb9a39f2.jpg,244.48,222.08,279.68,300.8,1.0,white organic-waste bag,False,False,1989.1,mdwd-p3
Cosmos Reason2 8B,white organic-waste bag,IMG_5726_JPG.rf.286ad9a77d75805b06ffef5d803abbf6.jpg,E:\2. UM-Student\MSC Dissertation\Urban-Vision-Benchmark\Datasets\MDWD\MDWD-YOLO26\test\images\IMG_5726_JPG.rf.286ad9a77d75805b06ffef5d803abbf6.jpg,168.96,320.0,400.64,439.04,1.0,white organic-waste bag,False,False,1982.7,mdwd-p3
Cosmos Reason2 8B,white organic-waste bag,IMG_5755_JPG.rf.39996c0e5fa5a0cce44d9d495a7d3c47.jpg,E:\2. UM-Student\MSC Dissertation\Urban-Vision-Benchmark\Datasets\MDWD\MDWD-YOLO26\test\images\IMG_5755_JPG.rf.39996c0e5fa5a0cce44d9d495a7d3c47.jpg,229.12,89.6,260.48,189.44,1.0,white organic-waste bag,False,False,1984.0,mdwd-p3
Cosmos Reason2 8B,white organic-waste bag,IMG_5761_JPG.rf.ffcd5a5b9f4725507b420e333cc0c094.jpg,E:\2. UM-Student\MSC Dissertation\Urban-Vision-Benchmark\Datasets\MDWD\MDWD-YOLO26\test\images\IMG_5761_JPG.rf.ffcd5a5b9f4725507b420e333cc0c094.jpg,224.64,99.84,362.24,181.12,1.0,white organic-waste bag,False,False,1982.6,mdwd-p3
Cosmos Reason2 8B,white organic-waste bag,IMG_5765_JPG.rf.567fd47906be7f7e229b43f37368feee.jpg,E:\2. UM-Student\MSC Dissertation\Urban-Vision-Benchmark\Datasets\MDWD\MDWD-YOLO26\test\images\IMG_5765_JPG.rf.567fd47906be7f7e229b43f37368feee.jpg,154.24,40.96,283.52,193.92,1.0,white organic-waste bag,False,False,1937.3,mdwd-p3
Cosmos Reason2 8B,white organic-waste bag,IMG_5777_JPG.rf.1cff999d3d76787ed68aa22bf6e0d50f.jpg,E:\2. UM-Student\MSC Dissertation\Urban-Vision-Benchmark\Datasets\MDWD\MDWD-YOLO26\test\images\IMG_5777_JPG.rf.1cff999d3d76787ed68aa22bf6e0d50f.jpg,264.96,135.04,336.64,181.12,1.0,white organic-waste bag,False,False,1986.1,mdwd-p3
Cosmos Reason2 8B,white organic-waste bag,IMG_5778_blurred_jpg.rf.38cb37b2fb6d4dc976cb44e46e0e88df.jpg,E:\2. UM-Student\MSC Dissertation\Urban-Vision-Benchmark\Datasets\MDWD\MDWD-YOLO26\test\images\IMG_5778_blurred_jpg.rf.38cb37b2fb6d4dc976cb44e46e0e88df.jpg,289.28,96.64,336.64,154.24,1.0,white organic-waste bag,False,False,1980.3,mdwd-p3
Cosmos Reason2 8B,white organic-waste bag,IMG_5780_blurred_jpg.rf.79dedd739e6bb733eeed62225a18a389.jpg,E:\2. UM-Student\MSC Dissertation\Urban-Vision-Benchmark\Datasets\MDWD\MDWD-YOLO26\test\images\IMG_5780_blurred_jpg.rf.79dedd739e6bb733eeed62225a18a389.jpg,386.56,150.4,403.2,164.48,1.0,white organic-waste bag,False,False,1985.4,mdwd-p3
Cosmos Reason2 8B,white organic-waste bag,IMG_5811_JPG.rf.7d14868bfb97d93f7e4b11e0317bae95.jpg,E:\2. UM-Student\MSC Dissertation\Urban-Vision-Benchmark\Datasets\MDWD\MDWD-YOLO26\test\images\IMG_5811_JPG.rf.7d14868bfb97d93f7e4b11e0317bae95.jpg,247.04,224.64,316.16,288.0,1.0,white organic-waste bag,False,False,1997.7,mdwd-p3
Cosmos Reason2 8B,white organic-waste bag,IMG_5820_JPG.rf.5ded16a067c5f3cc3af0575ba14e0e14.jpg,E:\2. UM-Student\MSC Dissertation\Urban-Vision-Benchmark\Datasets\MDWD\MDWD-YOLO26\test\images\IMG_5820_JPG.rf.5ded16a067c5f3cc3af0575ba14e0e14.jpg,226.56,157.44,309.12,210.56,1.0,white organic-waste bag,False,False,1973.7,mdwd-p3
Cosmos Reason2 8B,white organic-waste bag,IMG_8255_size_jpeg.rf.6761db8582d4837db7e2397532361d67.jpg,E:\2. UM-Student\MSC Dissertation\Urban-Vision-Benchmark\Datasets\MDWD\MDWD-YOLO26\test\images\IMG_8255_size_jpeg.rf.6761db8582d4837db7e2397532361d67.jpg,226.56,348.8,373.76,467.84,1.0,white organic-waste bag,False,False,1985.0,mdwd-p3
Cosmos Reason2 8B,white organic-waste bag,IMG_8257_size_jpeg.rf.19792c9e34156566549cd8191acf13cd.jpg,E:\2. UM-Student\MSC Dissertation\Urban-Vision-Benchmark\Datasets\MDWD\MDWD-YOLO26\test\images\IMG_8257_size_jpeg.rf.19792c9e34156566549cd8191acf13cd.jpg,147.2,366.72,371.2,536.96,1.0,white organic-waste bag,False,False,1976.2,mdwd-p3
Cosmos Reason2 8B,white organic-waste bag,IMG_8260_jpeg.rf.9b9fa58175d683e6a9baed93a5373150.jpg,E:\2. UM-Student\MSC Dissertation\Urban-Vision-Benchmark\Datasets\MDWD\MDWD-YOLO26\test\images\IMG_8260_jpeg.rf.9b9fa58175d683e6a9baed93a5373150.jpg,304.64,145.92,510.72,313.6,1.0,white organic-waste bag,False,False,1980.6,mdwd-p3
Cosmos Reason2 8B,white organic-waste bag,IMG_8271_jpeg.rf.fb02cba573f7261f80a99999480f068a.jpg,E:\2. UM-Student\MSC Dissertation\Urban-Vision-Benchmark\Datasets\MDWD\MDWD-YOLO26\test\images\IMG_8271_jpeg.rf.fb02cba573f7261f80a99999480f068a.jpg,244.48,275.2,336.64,387.84,1.0,white organic-waste bag,False,False,3594.4,mdwd-p3
Cosmos Reason2 8B,white organic-waste bag,IMG_8271_jpeg.rf.fb02cba573f7261f80a99999480f068a.jpg,E:\2. UM-Student\MSC Dissertation\Urban-Vision-Benchmark\Datasets\MDWD\MDWD-YOLO26\test\images\IMG_8271_jpeg.rf.fb02cba573f7261f80a99999480f068a.jpg,290.56,352.64,419.2,431.36,1.0,white organic-waste bag,False,False,3594.4,mdwd-p3
Cosmos Reason2 8B,white organic-waste bag,IMG_8281_jpeg.rf.d3c9977245690d5782db72d710b94bf7.jpg,E:\2. UM-Student\MSC Dissertation\Urban-Vision-Benchmark\Datasets\MDWD\MDWD-YOLO26\test\images\IMG_8281_jpeg.rf.d3c9977245690d5782db72d710b94bf7.jpg,240.64,283.52,366.08,346.88,1.0,white organic-waste bag,False,False,1977.8,mdwd-p3
Cosmos Reason2 8B,white organic-waste bag,IMG_8283_jpeg.rf.36c1d23b9b979b2382bda6d9d15725f3.jpg,E:\2. UM-Student\MSC Dissertation\Urban-Vision-Benchmark\Datasets\MDWD\MDWD-YOLO26\test\images\IMG_8283_jpeg.rf.36c1d23b9b979b2382bda6d9d15725f3.jpg,243.2,251.52,341.12,320.0,1.0,white organic-waste bag,False,False,3569.8,mdwd-p3
Cosmos Reason2 8B,white organic-waste bag,IMG_8283_jpeg.rf.36c1d23b9b979b2382bda6d9d15725f3.jpg,E:\2. UM-Student\MSC Dissertation\Urban-Vision-Benchmark\Datasets\MDWD\MDWD-YOLO26\test\images\IMG_8283_jpeg.rf.36c1d23b9b979b2382bda6d9d15725f3.jpg,283.52,297.6,413.44,384.64,1.0,white organic-waste bag,False,False,3569.8,mdwd-p3
Cosmos Reason2 8B,white organic-waste bag,IMG_8285_jpeg.rf.7f31b44f7ff2a0d79eb5eb7621fadd00.jpg,E:\2. UM-Student\MSC Dissertation\Urban-Vision-Benchmark\Datasets\MDWD\MDWD-YOLO26\test\images\IMG_8285_jpeg.rf.7f31b44f7ff2a0d79eb5eb7621fadd00.jpg,192.64,309.12,247.04,375.04,1.0,white organic-waste bag,False,False,1979.4,mdwd-p3
Cosmos Reason2 8B,white organic-waste bag,IMG_8309_jpeg.rf.041293f9c5c4cbce45ab3b8fef84c32d.jpg,E:\2. UM-Student\MSC Dissertation\Urban-Vision-Benchmark\Datasets\MDWD\MDWD-YOLO26\test\images\IMG_8309_jpeg.rf.041293f9c5c4cbce45ab3b8fef84c32d.jpg,269.44,350.08,356.48,421.76,1.0,white organic-waste bag,False,False,1983.8,mdwd-p3
Cosmos Reason2 8B,white organic-waste bag,IMG_8316_jpeg.rf.70b46d9c239bf9db414f4a362577ea61.jpg,E:\2. UM-Student\MSC Dissertation\Urban-Vision-Benchmark\Datasets\MDWD\MDWD-YOLO26\test\images\IMG_8316_jpeg.rf.70b46d9c239bf9db414f4a362577ea61.jpg,302.72,257.28,422.4,327.04,1.0,white organic-waste bag,False,False,1985.3,mdwd-p3
Cosmos Reason2 8B,white organic-waste bag,IMG_8322_jpeg.rf.910545061536beb035afbb0a6cd2e06c.jpg,E:\2. UM-Student\MSC Dissertation\Urban-Vision-Benchmark\Datasets\MDWD\MDWD-YOLO26\test\images\IMG_8322_jpeg.rf.910545061536beb035afbb0a6cd2e06c.jpg,312.32,305.28,388.48,384.64,1.0,white organic-waste bag,False,False,1988.7,mdwd-p3
Cosmos Reason2 8B,white organic-waste bag,IMG_8649_jpeg.rf.f7d44ca79830471c7bd151be6fbcb8f2.jpg,E:\2. UM-Student\MSC Dissertation\Urban-Vision-Benchmark\Datasets\MDWD\MDWD-YOLO26\test\images\IMG_8649_jpeg.rf.f7d44ca79830471c7bd151be6fbcb8f2.jpg,220.8,408.96,312.32,480.0,1.0,white organic-waste bag,False,False,1985.9,mdwd-p3
Cosmos Reason2 8B,white organic-waste bag,IMG_8675_jpeg.rf.0152d6e8f4b7f93c731549c2bb7bc660.jpg,E:\2. UM-Student\MSC Dissertation\Urban-Vision-Benchmark\Datasets\MDWD\MDWD-YOLO26\test\images\IMG_8675_jpeg.rf.0152d6e8f4b7f93c731549c2bb7bc660.jpg,298.24,455.04,343.04,498.56,1.0,white organic-waste bag,False,False,1997.7,mdwd-p3
Cosmos Reason2 8B,white organic-waste bag,IMG_8692_jpeg.rf.7f04ea376ec44117007bb686d6250bd9.jpg,E:\2. UM-Student\MSC Dissertation\Urban-Vision-Benchmark\Datasets\MDWD\MDWD-YOLO26\test\images\IMG_8692_jpeg.rf.7f04ea376ec44117007bb686d6250bd9.jpg,200.96,384.64,267.52,422.4,1.0,white organic-waste bag,False,False,1988.3,mdwd-p3
Cosmos Reason2 8B,white organic-waste bag,IMG_8747_jpeg.rf.4dab4ee43bac4a6699e1b96b2dba1467.jpg,E:\2. UM-Student\MSC Dissertation\Urban-Vision-Benchmark\Datasets\MDWD\MDWD-YOLO26\test\images\IMG_8747_jpeg.rf.4dab4ee43bac4a6699e1b96b2dba1467.jpg,198.4,428.8,332.8,544.0,1.0,white organic-waste bag,False,False,1987.3,mdwd-p3
Cosmos Reason2 8B,white organic-waste bag,IMG_8748_jpeg.rf.cd71a2f00e207d12af58a0eb4c4cb1d7.jpg,E:\2. UM-Student\MSC Dissertation\Urban-Vision-Benchmark\Datasets\MDWD\MDWD-YOLO26\test\images\IMG_8748_jpeg.rf.cd71a2f00e207d12af58a0eb4c4cb1d7.jpg,172.8,364.8,343.04,484.48,1.0,white organic-waste bag,False,False,1989.0,mdwd-p3
Cosmos Reason2 8B,white organic-waste bag,IMG_8840_jpeg.rf.e81302474b616be782c62f783c50f9ef.jpg,E:\2. UM-Student\MSC Dissertation\Urban-Vision-Benchmark\Datasets\MDWD\MDWD-YOLO26\test\images\IMG_8840_jpeg.rf.e81302474b616be782c62f783c50f9ef.jpg,241.28,358.4,378.88,449.28,1.0,white organic-waste bag,False,False,1981.0,mdwd-p3
Cosmos Reason2 8B,white organic-waste bag,IMG_8855_jpeg.rf.469bc628fe1d53ff9c31b2c10988aa90.jpg,E:\2. UM-Student\MSC Dissertation\Urban-Vision-Benchmark\Datasets\MDWD\MDWD-YOLO26\test\images\IMG_8855_jpeg.rf.469bc628fe1d53ff9c31b2c10988aa90.jpg,357.12,265.6,388.48,305.28,1.0,white organic-waste bag,False,False,44597.0,mdwd-p3
Cosmos Reason2 8B,white organic-waste bag,IMG_8855_jpeg.rf.469bc628fe1d53ff9c31b2c10988aa90.jpg,E:\2. UM-Student\MSC Dissertation\Urban-Vision-Benchmark\Datasets\MDWD\MDWD-YOLO26\test\images\IMG_8855_jpeg.rf.469bc628fe1d53ff9c31b2c10988aa90.jpg,381.44,265.6,403.2,305.28,1.0,white organic-waste bag,False,False,44597.0,mdwd-p3
Cosmos Reason2 8B,white organic-waste bag,IMG_8855_jpeg.rf.469bc628fe1d53ff9c31b2c10988aa90.jpg,E:\2. UM-Student\MSC Dissertation\Urban-Vision-Benchmark\Datasets\MDWD\MDWD-YOLO26\test\images\IMG_8855_jpeg.rf.469bc628fe1d53ff9c31b2c10988aa90.jpg,357.12,295.04,388.48,333.44,1.0,white organic-waste bag,False,False,44597.0,mdwd-p3
Cosmos Reason2 8B,white organic-waste bag,IMG_8855_jpeg.rf.469bc628fe1d53ff9c31b2c10988aa90.jpg,E:\2. UM-Student\MSC Dissertation\Urban-Vision-Benchmark\Datasets\MDWD\MDWD-YOLO26\test\images\IMG_8855_jpeg.rf.469bc628fe1d53ff9c31b2c10988aa90.jpg,381.44,295.04,403.2,333.44,1.0,white organic-waste bag,False,False,44597.0,mdwd-p3
Cosmos Reason2 8B,white organic-waste bag,IMG_8855_jpeg.rf.469bc628fe1d53ff9c31b2c10988aa90.jpg,E:\2. UM-Student\MSC Dissertation\Urban-Vision-Benchmark\Datasets\MDWD\MDWD-YOLO26\test\images\IMG_8855_jpeg.rf.469bc628fe1d53ff9c31b2c10988aa90.jpg,357.12,317.44,388.48,358.4,1.0,white organic-waste bag,False,False,44597.0,mdwd-p3
Cosmos Reason2 8B,white organic-waste bag,IMG_8855_jpeg.rf.469bc628fe1d53ff9c31b2c10988aa90.jpg,E:\2. UM-Student\MSC Dissertation\Urban-Vision-Benchmark\Datasets\MDWD\MDWD-YOLO26\test\images\IMG_8855_jpeg.rf.469bc628fe1d53ff9c31b2c10988aa90.jpg,381.44,317.44,403.2,358.4,1.0,white organic-waste bag,False,False,44597.0,mdwd-p3
Cosmos Reason2 8B,white organic-waste bag,IMG_8855_jpeg.rf.469bc628fe1d53ff9c31b2c10988aa90.jpg,E:\2. UM-Student\MSC Dissertation\Urban-Vision-Benchmark\Datasets\MDWD\MDWD-YOLO26\test\images\IMG_8855_jpeg.rf.469bc628fe1d53ff9c31b2c10988aa90.jpg,357.12,333.44,388.48,375.04,1.0,white organic-waste bag,False,False,44597.0,mdwd-p3
Cosmos Reason2 8B,white organic-waste bag,IMG_8855_jpeg.rf.469bc628fe1d53ff9c31b2c10988aa90.jpg,E:\2. UM-Student\MSC Dissertation\Urban-Vision-Benchmark\Datasets\MDWD\MDWD-YOLO26\test\images\IMG_8855_jpeg.rf.469bc628fe1d53ff9c31b2c10988aa90.jpg,381.44,333.44,403.2,375.04,1.0,white organic-waste bag,False,False,44597.0,mdwd-p3
Cosmos Reason2 8B,white organic-waste bag,IMG_8855_jpeg.rf.469bc628fe1d53ff9c31b2c10988aa90.jpg,E:\2. UM-Student\MSC Dissertation\Urban-Vision-Benchmark\Datasets\MDWD\MDWD-YOLO26\test\images\IMG_8855_jpeg.rf.469bc628fe1d53ff9c31b2c10988aa90.jpg,357.12,355.2,388.48,396.16,1.0,white organic-waste bag,False,False,44597.0,mdwd-p3
Cosmos Reason2 8B,white organic-waste bag,IMG_8855_jpeg.rf.469bc628fe1d53ff9c31b2c10988aa90.jpg,E:\2. UM-Student\MSC Dissertation\Urban-Vision-Benchmark\Datasets\MDWD\MDWD-YOLO26\test\images\IMG_8855_jpeg.rf.469bc628fe1d53ff9c31b2c10988aa90.jpg,381.44,355.2,403.2,396.16,1.0,white organic-waste bag,False,False,44597.0,mdwd-p3
Cosmos Reason2 8B,white organic-waste bag,IMG_8855_jpeg.rf.469bc628fe1d53ff9c31b2c10988aa90.jpg,E:\2. UM-Student\MSC Dissertation\Urban-Vision-Benchmark\Datasets\MDWD\MDWD-YOLO26\test\images\IMG_8855_jpeg.rf.469bc628fe1d53ff9c31b2c10988aa90.jpg,357.12,375.04,388.48,416.0,1.0,white organic-waste bag,False,False,44597.0,mdwd-p3
Cosmos Reason2 8B,white organic-waste bag,IMG_8855_jpeg.rf.469bc628fe1d53ff9c31b2c10988aa90.jpg,E:\2. UM-Student\MSC Dissertation\Urban-Vision-Benchmark\Datasets\MDWD\MDWD-YOLO26\test\images\IMG_8855_jpeg.rf.469bc628fe1d53ff9c31b2c10988aa90.jpg,381.44,375.04,403.2,416.0,1.0,white organic-waste bag,False,False,44597.0,mdwd-p3
Cosmos Reason2 8B,white organic-waste bag,IMG_8855_jpeg.rf.469bc628fe1d53ff9c31b2c10988aa90.jpg,E:\2. UM-Student\MSC Dissertation\Urban-Vision-Benchmark\Datasets\MDWD\MDWD-YOLO26\test\images\IMG_8855_jpeg.rf.469bc628fe1d53ff9c31b2c10988aa90.jpg,357.12,396.16,388.48,438.4,1.0,white organic-waste bag,False,False,44597.0,mdwd-p3
Cosmos Reason2 8B,white organic-waste bag,IMG_8855_jpeg.rf.469bc628fe1d53ff9c31b2c10988aa90.jpg,E:\2. UM-Student\MSC Dissertation\Urban-Vision-Benchmark\Datasets\MDWD\MDWD-YOLO26\test\images\IMG_8855_jpeg.rf.469bc628fe1d53ff9c31b2c10988aa90.jpg,381.44,396.16,403.2,438.4,1.0,white organic-waste bag,False,False,44597.0,mdwd-p3
Cosmos Reason2 8B,white organic-waste bag,IMG_8855_jpeg.rf.469bc628fe1d53ff9c31b2c10988aa90.jpg,E:\2. UM-Student\MSC Dissertation\Urban-Vision-Benchmark\Datasets\MDWD\MDWD-YOLO26\test\images\IMG_8855_jpeg.rf.469bc628fe1d53ff9c31b2c10988aa90.jpg,357.12,416.0,388.48,458.24,1.0,white organic-waste bag,False,False,44597.0,mdwd-p3
Cosmos Reason2 8B,white organic-waste bag,IMG_8855_jpeg.rf.469bc628fe1d53ff9c31b2c10988aa90.jpg,E:\2. UM-Student\MSC Dissertation\Urban-Vision-Benchmark\Datasets\MDWD\MDWD-YOLO26\test\images\IMG_8855_jpeg.rf.469bc628fe1d53ff9c31b2c10988aa90.jpg,381.44,416.0,403.2,458.24,1.0,white organic-waste bag,False,False,44597.0,mdwd-p3
Cosmos Reason2 8B,white organic-waste bag,IMG_8855_jpeg.rf.469bc628fe1d53ff9c31b2c10988aa90.jpg,E:\2. UM-Student\MSC Dissertation\Urban-Vision-Benchmark\Datasets\MDWD\MDWD-YOLO26\test\images\IMG_8855_jpeg.rf.469bc628fe1d53ff9c31b2c10988aa90.jpg,357.12,438.4,388.48,480.64,1.0,white organic-waste bag,False,False,44597.0,mdwd-p3
Cosmos Reason2 8B,white organic-waste bag,IMG_8855_jpeg.rf.469bc628fe1d53ff9c31b2c10988aa90.jpg,E:\2. UM-Student\MSC Dissertation\Urban-Vision-Benchmark\Datasets\MDWD\MDWD-YOLO26\test\images\IMG_8855_jpeg.rf.469bc628fe1d53ff9c31b2c10988aa90.jpg,381.44,438.4,403.2,480.64,1.0,white organic-waste bag,False,False,44597.0,mdwd-p3
Cosmos Reason2 8B,white organic-waste bag,IMG_8855_jpeg.rf.469bc628fe1d53ff9c31b2c10988aa90.jpg,E:\2. UM-Student\MSC Dissertation\Urban-Vision-Benchmark\Datasets\MDWD\MDWD-YOLO26\test\images\IMG_8855_jpeg.rf.469bc628fe1d53ff9c31b2c10988aa90.jpg,357.12,458.24,388.48,500.48,1.0,white organic-waste bag,False,False,44597.0,mdwd-p3
Cosmos Reason2 8B,white organic-waste bag,IMG_8855_jpeg.rf.469bc628fe1d53ff9c31b2c10988aa90.jpg,E:\2. UM-Student\MSC Dissertation\Urban-Vision-Benchmark\Datasets\MDWD\MDWD-YOLO26\test\images\IMG_8855_jpeg.rf.469bc628fe1d53ff9c31b2c10988aa90.jpg,381.44,458.24,403.2,500.48,1.0,white organic-waste bag,False,False,44597.0,mdwd-p3
Cosmos Reason2 8B,white organic-waste bag,IMG_8855_jpeg.rf.469bc628fe1d53ff9c31b2c10988aa90.jpg,E:\2. UM-Student\MSC Dissertation\Urban-Vision-Benchmark\Datasets\MDWD\MDWD-YOLO26\test\images\IMG_8855_jpeg.rf.469bc628fe1d53ff9c31b2c10988aa90.jpg,357.12,478.08,388.48,521.6,1.0,white organic-waste bag,False,False,44597.0,mdwd-p3
Cosmos Reason2 8B,white organic-waste bag,IMG_8855_jpeg.rf.469bc628fe1d53ff9c31b2c10988aa90.jpg,E:\2. UM-Student\MSC Dissertation\Urban-Vision-Benchmark\Datasets\MDWD\MDWD-YOLO26\test\images\IMG_8855_jpeg.rf.469bc628fe1d53ff9c31b2c10988aa90.jpg,381.44,478.08,403.2,521.6,1.0,white organic-waste bag,False,False,44597.0,mdwd-p3
Cosmos Reason2 8B,white organic-waste bag,IMG_8855_jpeg.rf.469bc628fe1d53ff9c31b2c10988aa90.jpg,E:\2. UM-Student\MSC Dissertation\Urban-Vision-Benchmark\Datasets\MDWD\MDWD-YOLO26\test\images\IMG_8855_jpeg.rf.469bc628fe1d53ff9c31b2c10988aa90.jpg,357.12,500.48,388.48,542.72,1.0,white organic-waste bag,False,False,44597.0,mdwd-p3
Cosmos Reason2 8B,white organic-waste bag,IMG_8855_jpeg.rf.469bc628fe1d53ff9c31b2c10988aa90.jpg,E:\2. UM-Student\MSC Dissertation\Urban-Vision-Benchmark\Datasets\MDWD\MDWD-YOLO26\test\images\IMG_8855_jpeg.rf.469bc628fe1d53ff9c31b2c10988aa90.jpg,381.44,500.48,403.2,542.72,1.0,white organic-waste bag,False,False,44597.0,mdwd-p3
Cosmos Reason2 8B,white organic-waste bag,IMG_8855_jpeg.rf.469bc628fe1d53ff9c31b2c10988aa90.jpg,E:\2. UM-Student\MSC Dissertation\Urban-Vision-Benchmark\Datasets\MDWD\MDWD-YOLO26\test\images\IMG_8855_jpeg.rf.469bc628fe1d53ff9c31b2c10988aa90.jpg,357.12,521.6,388.48,563.2,1.0,white organic-waste bag,False,False,44597.0,mdwd-p3
Cosmos Reason2 8B,white organic-waste bag,IMG_8855_jpeg.rf.469bc628fe1d53ff9c31b2c10988aa90.jpg,E:\2. UM-Student\MSC Dissertation\Urban-Vision-Benchmark\Datasets\MDWD\MDWD-YOLO26\test\images\IMG_8855_jpeg.rf.469bc628fe1d53ff9c31b2c10988aa90.jpg,381.44,521.6,403.2,563.2,1.0,white organic-waste bag,False,False,44597.0,mdwd-p3
Cosmos Reason2 8B,white organic-waste bag,IMG_8855_jpeg.rf.469bc628fe1d53ff9c31b2c10988aa90.jpg,E:\2. UM-Student\MSC Dissertation\Urban-Vision-Benchmark\Datasets\MDWD\MDWD-YOLO26\test\images\IMG_8855_jpeg.rf.469bc628fe1d53ff9c31b2c10988aa90.jpg,357.12,542.72,388.48,585.6,1.0,white organic-waste bag,False,False,44597.0,mdwd-p3
Cosmos Reason2 8B,white organic-waste bag,IMG_8857_jpeg.rf.706343f1401bebbd7dd3c69f38b48729.jpg,E:\2. UM-Student\MSC Dissertation\Urban-Vision-Benchmark\Datasets\MDWD\MDWD-YOLO26\test\images\IMG_8857_jpeg.rf.706343f1401bebbd7dd3c69f38b48729.jpg,220.8,353.92,362.24,449.28,1.0,white organic-waste bag,False,False,1985.8,mdwd-p3
Cosmos Reason2 8B,white organic-waste bag,IMG_8860_jpeg.rf.5af16907c63b034c96c83914fb2f3f52.jpg,E:\2. UM-Student\MSC Dissertation\Urban-Vision-Benchmark\Datasets\MDWD\MDWD-YOLO26\test\images\IMG_8860_jpeg.rf.5af16907c63b034c96c83914fb2f3f52.jpg,350.08,365.44,467.84,442.88,1.0,white organic-waste bag,False,False,1966.9,mdwd-p3
Cosmos Reason2 8B,white organic-waste bag,IMG_8897_jpeg.rf.b37a0ca77a98222cb9e76bb1579578ef.jpg,E:\2. UM-Student\MSC Dissertation\Urban-Vision-Benchmark\Datasets\MDWD\MDWD-YOLO26\test\images\IMG_8897_jpeg.rf.b37a0ca77a98222cb9e76bb1579578ef.jpg,220.8,302.08,350.08,362.24,1.0,white organic-waste bag,False,False,6817.8,mdwd-p3
Cosmos Reason2 8B,white organic-waste bag,IMG_8897_jpeg.rf.b37a0ca77a98222cb9e76bb1579578ef.jpg,E:\2. UM-Student\MSC Dissertation\Urban-Vision-Benchmark\Datasets\MDWD\MDWD-YOLO26\test\images\IMG_8897_jpeg.rf.b37a0ca77a98222cb9e76bb1579578ef.jpg,220.8,334.08,353.92,416.0,1.0,white organic-waste bag,False,False,6817.8,mdwd-p3
Cosmos Reason2 8B,white organic-waste bag,IMG_8897_jpeg.rf.b37a0ca77a98222cb9e76bb1579578ef.jpg,E:\2. UM-Student\MSC Dissertation\Urban-Vision-Benchmark\Datasets\MDWD\MDWD-YOLO26\test\images\IMG_8897_jpeg.rf.b37a0ca77a98222cb9e76bb1579578ef.jpg,209.28,355.84,359.04,466.56,1.0,white organic-waste bag,False,False,6817.8,mdwd-p3
Cosmos Reason2 8B,white organic-waste bag,IMG_8897_jpeg.rf.b37a0ca77a98222cb9e76bb1579578ef.jpg,E:\2. UM-Student\MSC Dissertation\Urban-Vision-Benchmark\Datasets\MDWD\MDWD-YOLO26\test\images\IMG_8897_jpeg.rf.b37a0ca77a98222cb9e76bb1579578ef.jpg,259.84,434.56,387.84,535.04,1.0,white organic-waste bag,False,False,6817.8,mdwd-p3
Cosmos Reason2 8B,white organic-waste bag,IMG_8947_jpeg.rf.63997589c5afe7e794bf7f2a0cd5eba4.jpg,E:\2. UM-Student\MSC Dissertation\Urban-Vision-Benchmark\Datasets\MDWD\MDWD-YOLO26\test\images\IMG_8947_jpeg.rf.63997589c5afe7e794bf7f2a0cd5eba4.jpg,227.84,247.04,411.52,348.8,1.0,white organic-waste bag,False,False,1969.0,mdwd-p3
Cosmos Reason2 8B,white organic-waste bag,IMG_8955_jpeg.rf.a0768f00bef6561c06d8edfb962f6037.jpg,E:\2. UM-Student\MSC Dissertation\Urban-Vision-Benchmark\Datasets\MDWD\MDWD-YOLO26\test\images\IMG_8955_jpeg.rf.a0768f00bef6561c06d8edfb962f6037.jpg,93.44,327.04,173.44,381.44,1.0,white organic-waste bag,False,False,1983.3,mdwd-p3
Cosmos Reason2 8B,white organic-waste bag,IMG_8970_jpeg.rf.606d186f47d76fee3e1fd1f7dce7c442.jpg,E:\2. UM-Student\MSC Dissertation\Urban-Vision-Benchmark\Datasets\MDWD\MDWD-YOLO26\test\images\IMG_8970_jpeg.rf.606d186f47d76fee3e1fd1f7dce7c442.jpg,298.24,364.16,336.64,403.2,1.0,white organic-waste bag,False,False,1962.0,mdwd-p3
Cosmos Reason2 8B,white organic-waste bag,IMG_8972_jpeg.rf.cd49521b82c9ff62a6e578b50e8b47dc.jpg,E:\2. UM-Student\MSC Dissertation\Urban-Vision-Benchmark\Datasets\MDWD\MDWD-YOLO26\test\images\IMG_8972_jpeg.rf.cd49521b82c9ff62a6e578b50e8b47dc.jpg,268.16,389.12,379.52,497.28,1.0,white organic-waste bag,False,False,1968.5,mdwd-p3
Cosmos Reason2 8B,white organic-waste bag,IMG_8974_jpeg.rf.228d538a131d7415743d51cf6832042a.jpg,E:\2. UM-Student\MSC Dissertation\Urban-Vision-Benchmark\Datasets\MDWD\MDWD-YOLO26\test\images\IMG_8974_jpeg.rf.228d538a131d7415743d51cf6832042a.jpg,320.0,358.4,413.44,474.88,1.0,white organic-waste bag,False,False,1989.7,mdwd-p3
Cosmos Reason2 8B,white organic-waste bag,IMG_8974_jpeg.rf.ae5486445974faf437f5555fba82f0ef.jpg,E:\2. UM-Student\MSC Dissertation\Urban-Vision-Benchmark\Datasets\MDWD\MDWD-YOLO26\test\images\IMG_8974_jpeg.rf.ae5486445974faf437f5555fba82f0ef.jpg,174.72,327.04,277.12,418.56,1.0,white organic-waste bag,False,False,1968.4,mdwd-p3
Cosmos Reason2 8B,white organic-waste bag,Mixed_11_jpeg.rf.701ca65448ea1c8c5c05ede9e62d7faa.jpg,E:\2. UM-Student\MSC Dissertation\Urban-Vision-Benchmark\Datasets\MDWD\MDWD-YOLO26\test\images\Mixed_11_jpeg.rf.701ca65448ea1c8c5c05ede9e62d7faa.jpg,313.6,28.16,394.24,64.64,1.0,white organic-waste bag,False,False,1927.0,mdwd-p3
Cosmos Reason2 8B,white organic-waste bag,Mixed_3_jpeg.rf.2ecdba47ebadb9c2a485e6edc9984489.jpg,E:\2. UM-Student\MSC Dissertation\Urban-Vision-Benchmark\Datasets\MDWD\MDWD-YOLO26\test\images\Mixed_3_jpeg.rf.2ecdba47ebadb9c2a485e6edc9984489.jpg,339.84,189.44,616.96,526.72,1.0,white organic-waste bag,False,False,1976.2,mdwd-p3
Cosmos Reason2 8B,white organic-waste bag,MSIDA_118_jpg.rf.751a9f8b4b5b4b48a2f64fb3f275db64.jpg,E:\2. UM-Student\MSC Dissertation\Urban-Vision-Benchmark\Datasets\MDWD\MDWD-YOLO26\test\images\MSIDA_118_jpg.rf.751a9f8b4b5b4b48a2f64fb3f275db64.jpg,309.76,220.8,513.92,337.28,1.0,white organic-waste bag,False,False,1979.0,mdwd-p3
Cosmos Reason2 8B,white organic-waste bag,MSIDA_124_jpg.rf.234eac622fccca0d569fe7920ed68ce7.jpg,E:\2. UM-Student\MSC Dissertation\Urban-Vision-Benchmark\Datasets\MDWD\MDWD-YOLO26\test\images\MSIDA_124_jpg.rf.234eac622fccca0d569fe7920ed68ce7.jpg,285.44,269.44,443.52,341.76,1.0,white organic-waste bag,False,False,1968.1,mdwd-p3
Cosmos Reason2 8B,white organic-waste bag,MSIDA_128_jpg.rf.da7729238bd6c6b3b4ef8dca2348550d.jpg,E:\2. UM-Student\MSC Dissertation\Urban-Vision-Benchmark\Datasets\MDWD\MDWD-YOLO26\test\images\MSIDA_128_jpg.rf.da7729238bd6c6b3b4ef8dca2348550d.jpg,177.92,136.32,227.84,232.96,1.0,white organic-waste bag,False,False,1972.8,mdwd-p3
Cosmos Reason2 8B,white organic-waste bag,MSIDA_16_jpg.rf.4e76b4d44941fe5c711fae8306ec9680.jpg,E:\2. UM-Student\MSC Dissertation\Urban-Vision-Benchmark\Datasets\MDWD\MDWD-YOLO26\test\images\MSIDA_16_jpg.rf.4e76b4d44941fe5c711fae8306ec9680.jpg,213.76,168.32,378.88,480.64,1.0,white organic-waste bag,False,False,1984.1,mdwd-p3
Cosmos Reason2 8B,white organic-waste bag,MSIDA_20_jpg.rf.8c91705062bd43ae087945b6a7b939c1.jpg,E:\2. UM-Student\MSC Dissertation\Urban-Vision-Benchmark\Datasets\MDWD\MDWD-YOLO26\test\images\MSIDA_20_jpg.rf.8c91705062bd43ae087945b6a7b939c1.jpg,71.04,231.68,283.52,612.48,1.0,white organic-waste bag,False,False,1995.9,mdwd-p3
Cosmos Reason2 8B,white organic-waste bag,MSIDA_40_jpg.rf.91e313a1d54dd4a813a42844427f983e.jpg,E:\2. UM-Student\MSC Dissertation\Urban-Vision-Benchmark\Datasets\MDWD\MDWD-YOLO26\test\images\MSIDA_40_jpg.rf.91e313a1d54dd4a813a42844427f983e.jpg,250.24,181.12,456.96,351.36,1.0,white organic-waste bag,False,False,1994.9,mdwd-p3
Cosmos Reason2 8B,white organic-waste bag,MSIDA_44_jpg.rf.b6764df71c247a34b6a04c518db242cd.jpg,E:\2. UM-Student\MSC Dissertation\Urban-Vision-Benchmark\Datasets\MDWD\MDWD-YOLO26\test\images\MSIDA_44_jpg.rf.b6764df71c247a34b6a04c518db242cd.jpg,332.8,206.72,474.24,323.2,1.0,white organic-waste bag,False,False,1992.6,mdwd-p3
Cosmos Reason2 8B,white organic-waste bag,MSIDA_51_jpg.rf.a1a6c477482754d254bc147983926134.jpg,E:\2. UM-Student\MSC Dissertation\Urban-Vision-Benchmark\Datasets\MDWD\MDWD-YOLO26\test\images\MSIDA_51_jpg.rf.a1a6c477482754d254bc147983926134.jpg,280.96,241.92,336.64,269.44,1.0,white organic-waste bag,False,False,1982.9,mdwd-p3
Cosmos Reason2 8B,white organic-waste bag,MSIDA_57_jpg.rf.b9065248849c1f81202c1df8e0bd4aa4.jpg,E:\2. UM-Student\MSC Dissertation\Urban-Vision-Benchmark\Datasets\MDWD\MDWD-YOLO26\test\images\MSIDA_57_jpg.rf.b9065248849c1f81202c1df8e0bd4aa4.jpg,233.6,251.52,378.88,339.84,1.0,white organic-waste bag,False,False,1967.1,mdwd-p3
Cosmos Reason2 8B,white organic-waste bag,MSIDA_72_jpg.rf.a466579d42cb532b261671de0845d756.jpg,E:\2. UM-Student\MSC Dissertation\Urban-Vision-Benchmark\Datasets\MDWD\MDWD-YOLO26\test\images\MSIDA_72_jpg.rf.a466579d42cb532b261671de0845d756.jpg,220.8,234.88,356.48,320.0,1.0,white organic-waste bag,False,False,1982.9,mdwd-p3
Cosmos Reason2 8B,white organic-waste bag,MSIDA_76_jpg.rf.0f8f53a21baa9edf9a2b26f86785f223.jpg,E:\2. UM-Student\MSC Dissertation\Urban-Vision-Benchmark\Datasets\MDWD\MDWD-YOLO26\test\images\MSIDA_76_jpg.rf.0f8f53a21baa9edf9a2b26f86785f223.jpg,275.2,247.04,413.44,351.36,1.0,white organic-waste bag,False,False,1990.3,mdwd-p3
Cosmos Reason2 8B,white organic-waste bag,MSIDA_77_jpg.rf.8c269d516f4d52c27f8be11e3024b07e.jpg,E:\2. UM-Student\MSC Dissertation\Urban-Vision-Benchmark\Datasets\MDWD\MDWD-YOLO26\test\images\MSIDA_77_jpg.rf.8c269d516f4d52c27f8be11e3024b07e.jpg,268.16,220.8,362.24,285.44,1.0,white organic-waste bag,False,False,2008.8,mdwd-p3
Cosmos Reason2 8B,white organic-waste bag,MSIDA_78_jpg.rf.b9b8f73ad3edf0d736f832314e0f0067.jpg,E:\2. UM-Student\MSC Dissertation\Urban-Vision-Benchmark\Datasets\MDWD\MDWD-YOLO26\test\images\MSIDA_78_jpg.rf.b9b8f73ad3edf0d736f832314e0f0067.jpg,297.6,251.52,425.6,401.92,1.0,white organic-waste bag,False,False,1967.8,mdwd-p3
Cosmos Reason2 8B,white organic-waste bag,MSIDA_7_jpg.rf.f2872b3a2205d094a9825494bf8ae862.jpg,E:\2. UM-Student\MSC Dissertation\Urban-Vision-Benchmark\Datasets\MDWD\MDWD-YOLO26\test\images\MSIDA_7_jpg.rf.f2872b3a2205d094a9825494bf8ae862.jpg,144.64,115.2,279.68,366.72,1.0,white organic-waste bag,False,False,1963.1,mdwd-p3
Cosmos Reason2 8B,white organic-waste bag,MSIDA_88_jpg.rf.cac27dccd12ad886c07a473c48031856.jpg,E:\2. UM-Student\MSC Dissertation\Urban-Vision-Benchmark\Datasets\MDWD\MDWD-YOLO26\test\images\MSIDA_88_jpg.rf.cac27dccd12ad886c07a473c48031856.jpg,215.04,234.88,312.32,352.64,1.0,white organic-waste bag,False,False,1976.9,mdwd-p3
Cosmos Reason2 8B,white organic-waste bag,MSIDA_89_jpg.rf.38597069da0c4a1fdcc6e87e247df9f6.jpg,E:\2. UM-Student\MSC Dissertation\Urban-Vision-Benchmark\Datasets\MDWD\MDWD-YOLO26\test\images\MSIDA_89_jpg.rf.38597069da0c4a1fdcc6e87e247df9f6.jpg,181.12,339.84,212.48,392.32,1.0,white organic-waste bag,False,False,5180.0,mdwd-p3
Cosmos Reason2 8B,white organic-waste bag,MSIDA_89_jpg.rf.38597069da0c4a1fdcc6e87e247df9f6.jpg,E:\2. UM-Student\MSC Dissertation\Urban-Vision-Benchmark\Datasets\MDWD\MDWD-YOLO26\test\images\MSIDA_89_jpg.rf.38597069da0c4a1fdcc6e87e247df9f6.jpg,212.48,339.84,247.04,392.32,1.0,white organic-waste bag,False,False,5180.0,mdwd-p3
Cosmos Reason2 8B,white organic-waste bag,MSIDA_89_jpg.rf.38597069da0c4a1fdcc6e87e247df9f6.jpg,E:\2. UM-Student\MSC Dissertation\Urban-Vision-Benchmark\Datasets\MDWD\MDWD-YOLO26\test\images\MSIDA_89_jpg.rf.38597069da0c4a1fdcc6e87e247df9f6.jpg,256.0,339.84,291.2,392.32,1.0,white organic-waste bag,False,False,5180.0,mdwd-p3
Cosmos Reason2 8B,white organic-waste bag,MSIDA_93_jpg.rf.4fc65ebdd279274a3895c6f6c099f3ba.jpg,E:\2. UM-Student\MSC Dissertation\Urban-Vision-Benchmark\Datasets\MDWD\MDWD-YOLO26\test\images\MSIDA_93_jpg.rf.4fc65ebdd279274a3895c6f6c099f3ba.jpg,289.28,232.96,359.04,264.32,1.0,white organic-waste bag,False,False,1982.5,mdwd-p3
Cosmos Reason2 8B,white organic-waste bag,MSIDA_99_jpg.rf.7127f6f8ce1053b941aff134be9c151f.jpg,E:\2. UM-Student\MSC Dissertation\Urban-Vision-Benchmark\Datasets\MDWD\MDWD-YOLO26\test\images\MSIDA_99_jpg.rf.7127f6f8ce1053b941aff134be9c151f.jpg,269.44,189.44,358.4,317.44,1.0,white organic-waste bag,False,False,1995.1,mdwd-p3
Cosmos Reason2 8B,white organic-waste bag,Number_blur-2-_size_jpeg.rf.1c3be494c4b9cc9941f73ca4650b2955.jpg,E:\2. UM-Student\MSC Dissertation\Urban-Vision-Benchmark\Datasets\MDWD\MDWD-YOLO26\test\images\Number_blur-2-_size_jpeg.rf.1c3be494c4b9cc9941f73ca4650b2955.jpg,293.12,346.88,427.52,448.0,1.0,white organic-waste bag,False,False,1988.1,mdwd-p3
Cosmos Reason2 8B,white organic-waste bag,Organic_11_jpeg.rf.403be9363c2e985cdc6e2c6688c10093.jpg,E:\2. UM-Student\MSC Dissertation\Urban-Vision-Benchmark\Datasets\MDWD\MDWD-YOLO26\test\images\Organic_11_jpeg.rf.403be9363c2e985cdc6e2c6688c10093.jpg,183.04,262.4,320.0,406.4,1.0,white organic-waste bag,False,False,1979.0,mdwd-p3
Cosmos Reason2 8B,white organic-waste bag,Organic_1_jpeg.rf.77f76f56f0135df005c7864616e3d828.jpg,E:\2. UM-Student\MSC Dissertation\Urban-Vision-Benchmark\Datasets\MDWD\MDWD-YOLO26\test\images\Organic_1_jpeg.rf.77f76f56f0135df005c7864616e3d828.jpg,264.96,254.72,406.4,323.2,1.0,white organic-waste bag,False,False,1974.2,mdwd-p3
Cosmos Reason2 8B,white organic-waste bag,PHOTO-2024-12-26-07-09-05_jpg.rf.fe782e99ace7cb6ae4e2e124fc030592.jpg,E:\2. UM-Student\MSC Dissertation\Urban-Vision-Benchmark\Datasets\MDWD\MDWD-YOLO26\test\images\PHOTO-2024-12-26-07-09-05_jpg.rf.fe782e99ace7cb6ae4e2e124fc030592.jpg,222.08,263.04,363.52,343.04,1.0,white organic-waste bag,False,False,1998.7,mdwd-p3
Cosmos Reason2 8B,white organic-waste bag,PHOTO-2025-01-04-12-12-39-1-_jpg.rf.edf874a66a2338c3b33d51e6f3a02c71.jpg,E:\2. UM-Student\MSC Dissertation\Urban-Vision-Benchmark\Datasets\MDWD\MDWD-YOLO26\test\images\PHOTO-2025-01-04-12-12-39-1-_jpg.rf.edf874a66a2338c3b33d51e6f3a02c71.jpg,264.96,193.92,369.92,312.32,1.0,white organic-waste bag,False,False,1994.8,mdwd-p3
Cosmos Reason2 8B,white organic-waste bag,PHOTO-2025-01-04-12-12-39_jpg.rf.47f1932ae35574ff24543d26a44a2564.jpg,E:\2. UM-Student\MSC Dissertation\Urban-Vision-Benchmark\Datasets\MDWD\MDWD-YOLO26\test\images\PHOTO-2025-01-04-12-12-39_jpg.rf.47f1932ae35574ff24543d26a44a2564.jpg,360.96,217.6,441.6,390.4,1.0,white organic-waste bag,False,False,1991.8,mdwd-p3
Cosmos Reason2 8B,white organic-waste bag,PHOTO-2025-01-04-12-12-46-1-_jpg.rf.cac4448d0e8e2b54b3389bce64c5559f.jpg,E:\2. UM-Student\MSC Dissertation\Urban-Vision-Benchmark\Datasets\MDWD\MDWD-YOLO26\test\images\PHOTO-2025-01-04-12-12-46-1-_jpg.rf.cac4448d0e8e2b54b3389bce64c5559f.jpg,272.64,226.56,386.56,359.68,1.0,white organic-waste bag,False,False,1989.0,mdwd-p3
Cosmos Reason2 8B,white organic-waste bag,PHOTO-2025-01-04-12-12-47_jpg.rf.1c9ba1ca77945e6fe6229f8762125342.jpg,E:\2. UM-Student\MSC Dissertation\Urban-Vision-Benchmark\Datasets\MDWD\MDWD-YOLO26\test\images\PHOTO-2025-01-04-12-12-47_jpg.rf.1c9ba1ca77945e6fe6229f8762125342.jpg,224.64,225.92,327.04,320.0,1.0,white organic-waste bag,False,False,1996.0,mdwd-p3
Cosmos Reason2 8B,white organic-waste bag,PXL_20241103_204907919-NIGHT_jpg.rf.0069fe6c121acb8c84a133154abbc05a.jpg,E:\2. UM-Student\MSC Dissertation\Urban-Vision-Benchmark\Datasets\MDWD\MDWD-YOLO26\test\images\PXL_20241103_204907919-NIGHT_jpg.rf.0069fe6c121acb8c84a133154abbc05a.jpg,576.64,254.72,638.72,480.0,1.0,white organic-waste bag,False,False,1983.1,mdwd-p3
Cosmos Reason2 8B,white organic-waste bag,PXL_20241125_064324039-MP_jpg.rf.14da8fd358dd67f611f45f79feec4bbf.jpg,E:\2. UM-Student\MSC Dissertation\Urban-Vision-Benchmark\Datasets\MDWD\MDWD-YOLO26\test\images\PXL_20241125_064324039-MP_jpg.rf.14da8fd358dd67f611f45f79feec4bbf.jpg,227.84,224.64,353.92,362.24,1.0,white organic-waste bag,False,False,1990.1,mdwd-p3
Cosmos Reason2 8B,white organic-waste bag,PXL_20241125_064444279_jpg.rf.fcd56876b1eea9222f981e515780c1e4.jpg,E:\2. UM-Student\MSC Dissertation\Urban-Vision-Benchmark\Datasets\MDWD\MDWD-YOLO26\test\images\PXL_20241125_064444279_jpg.rf.fcd56876b1eea9222f981e515780c1e4.jpg,181.12,230.4,337.28,330.24,1.0,white organic-waste bag,False,False,1975.0,mdwd-p3
Cosmos Reason2 8B,white organic-waste bag,PXL_20241226_075753429_jpg.rf.d5d78153481b27eac134f9a46afb6a37.jpg,E:\2. UM-Student\MSC Dissertation\Urban-Vision-Benchmark\Datasets\MDWD\MDWD-YOLO26\test\images\PXL_20241226_075753429_jpg.rf.d5d78153481b27eac134f9a46afb6a37.jpg,416.0,394.88,620.8,500.48,1.0,white organic-waste bag,False,False,1986.5,mdwd-p3
Cosmos Reason2 8B,white organic-waste bag,PXL_20241226_075933630-MP_jpg.rf.460c72f50522e906261ac2f783733f06.jpg,E:\2. UM-Student\MSC Dissertation\Urban-Vision-Benchmark\Datasets\MDWD\MDWD-YOLO26\test\images\PXL_20241226_075933630-MP_jpg.rf.460c72f50522e906261ac2f783733f06.jpg,103.68,254.72,486.4,592.64,1.0,white organic-waste bag,False,False,1983.7,mdwd-p3
Cosmos Reason2 8B,white organic-waste bag,PXL_20241226_075947607_jpg.rf.ef0e57af799e19659d6a344b93611b1f.jpg,E:\2. UM-Student\MSC Dissertation\Urban-Vision-Benchmark\Datasets\MDWD\MDWD-YOLO26\test\images\PXL_20241226_075947607_jpg.rf.ef0e57af799e19659d6a344b93611b1f.jpg,98.56,206.72,414.72,422.4,1.0,white organic-waste bag,False,False,1984.1,mdwd-p3
Cosmos Reason2 8B,white organic-waste bag,PXL_20241226_080053691_jpg.rf.08e12d2cae94660dfcd43c04079c13f9.jpg,E:\2. UM-Student\MSC Dissertation\Urban-Vision-Benchmark\Datasets\MDWD\MDWD-YOLO26\test\images\PXL_20241226_080053691_jpg.rf.08e12d2cae94660dfcd43c04079c13f9.jpg,166.4,109.44,411.52,381.44,1.0,white organic-waste bag,False,False,1977.3,mdwd-p3
Cosmos Reason2 8B,white organic-waste bag,PXL_20241226_080257060_jpg.rf.642388a5f678e685d32e3e3a244c0ad8.jpg,E:\2. UM-Student\MSC Dissertation\Urban-Vision-Benchmark\Datasets\MDWD\MDWD-YOLO26\test\images\PXL_20241226_080257060_jpg.rf.642388a5f678e685d32e3e3a244c0ad8.jpg,247.04,112.64,533.76,411.52,1.0,white organic-waste bag,False,False,1999.7,mdwd-p3
Cosmos Reason2 8B,white organic-waste bag,PXL_20241226_080407713-MP_jpg.rf.7c47f0e15afa8dd909cbbb2938318d78.jpg,E:\2. UM-Student\MSC Dissertation\Urban-Vision-Benchmark\Datasets\MDWD\MDWD-YOLO26\test\images\PXL_20241226_080407713-MP_jpg.rf.7c47f0e15afa8dd909cbbb2938318d78.jpg,205.44,154.24,471.04,448.0,1.0,white organic-waste bag,False,False,1996.7,mdwd-p3
Cosmos Reason2 8B,white organic-waste bag,PXL_20241226_080533640-MP_jpg.rf.147d1cc0ef70653f5a757f5f35d3fd22.jpg,E:\2. UM-Student\MSC Dissertation\Urban-Vision-Benchmark\Datasets\MDWD\MDWD-YOLO26\test\images\PXL_20241226_080533640-MP_jpg.rf.147d1cc0ef70653f5a757f5f35d3fd22.jpg,312.32,183.04,391.68,231.68,1.0,white organic-waste bag,False,False,1980.7,mdwd-p3
Cosmos Reason2 8B,white organic-waste bag,RandomErasing_IMG_5774_jpg.rf.d71ff80bf43426aefeb9aa05f8c23e4d.jpg,E:\2. UM-Student\MSC Dissertation\Urban-Vision-Benchmark\Datasets\MDWD\MDWD-YOLO26\test\images\RandomErasing_IMG_5774_jpg.rf.d71ff80bf43426aefeb9aa05f8c23e4d.jpg,272.64,213.76,439.04,526.72,1.0,white organic-waste bag,False,False,1975.3,mdwd-p3
Cosmos Reason2 8B,white organic-waste bag,Recycling_1_jpeg.rf.be115f7edd02e2132b07a3dfab9ee550.jpg,E:\2. UM-Student\MSC Dissertation\Urban-Vision-Benchmark\Datasets\MDWD\MDWD-YOLO26\test\images\Recycling_1_jpeg.rf.be115f7edd02e2132b07a3dfab9ee550.jpg,244.48,268.16,359.68,338.56,1.0,white organic-waste bag,False,False,1992.9,mdwd-p3
Cosmos Reason2 8B,white organic-waste bag,Unknown-6_jpg.rf.ad6fdf8bf89e73dc870edfa7e5f8588c.jpg,E:\2. UM-Student\MSC Dissertation\Urban-Vision-Benchmark\Datasets\MDWD\MDWD-YOLO26\test\images\Unknown-6_jpg.rf.ad6fdf8bf89e73dc870edfa7e5f8588c.jpg,77.44,150.4,503.04,420.48,1.0,white organic-waste bag,False,False,1994.0,mdwd-p3
