model,prompt,image_id,image_path,x0,y0,x1,y1,score,predicted_label,has_mask,has_confidence,inference_ms,prompt_id
SAM 3,street sign,grp10_IMG_1495.jpg,E:\2. UM-Student\MSC Dissertation\Urban-Vision-Benchmark\Datasets\MTSD\Prepared\MTSD-Unaugmented\MTSD-YOLO\test\images\grp10_IMG_1495.jpg,3659.94,4603.2,4013.86,4747.5,0.8438,street sign,True,True,866.2,mtsd-p9
SAM 3,street sign,grp10_IMG_1495.jpg,E:\2. UM-Student\MSC Dissertation\Urban-Vision-Benchmark\Datasets\MTSD\Prepared\MTSD-Unaugmented\MTSD-YOLO\test\images\grp10_IMG_1495.jpg,2137.64,4305.48,2259.64,4742.17,0.8164,street sign,True,True,866.2,mtsd-p9
SAM 3,street sign,grp10_IMG_1495.jpg,E:\2. UM-Student\MSC Dissertation\Urban-Vision-Benchmark\Datasets\MTSD\Prepared\MTSD-Unaugmented\MTSD-YOLO\test\images\grp10_IMG_1495.jpg,1420.31,2014.63,3015.23,3189.21,0.6758,street sign,True,True,866.2,mtsd-p9
SAM 3,street sign,grp10_IMG_1495.jpg,E:\2. UM-Student\MSC Dissertation\Urban-Vision-Benchmark\Datasets\MTSD\Prepared\MTSD-Unaugmented\MTSD-YOLO\test\images\grp10_IMG_1495.jpg,3553.63,4403.68,3748.88,4521.72,0.6641,street sign,True,True,866.2,mtsd-p9
SAM 3,street sign,grp10_IMG_1510.jpg,E:\2. UM-Student\MSC Dissertation\Urban-Vision-Benchmark\Datasets\MTSD\Prepared\MTSD-Unaugmented\MTSD-YOLO\test\images\grp10_IMG_1510.jpg,135.54,3820.7,695.56,4071.72,0.3457,street sign,True,True,288.6,mtsd-p9
SAM 3,street sign,grp10_IMG_1510.jpg,E:\2. UM-Student\MSC Dissertation\Urban-Vision-Benchmark\Datasets\MTSD\Prepared\MTSD-Unaugmented\MTSD-YOLO\test\images\grp10_IMG_1510.jpg,1765.0,898.63,2724.91,5285.0,0.582,street sign,True,True,288.6,mtsd-p9
SAM 3,street sign,grp10_IMG_1510.jpg,E:\2. UM-Student\MSC Dissertation\Urban-Vision-Benchmark\Datasets\MTSD\Prepared\MTSD-Unaugmented\MTSD-YOLO\test\images\grp10_IMG_1510.jpg,1754.3,897.61,2717.59,2672.9,0.9336,street sign,True,True,288.6,mtsd-p9
SAM 3,street sign,grp10_IMG_1527.jpg,E:\2. UM-Student\MSC Dissertation\Urban-Vision-Benchmark\Datasets\MTSD\Prepared\MTSD-Unaugmented\MTSD-YOLO\test\images\grp10_IMG_1527.jpg,783.81,979.4,2379.63,5705.9,0.4902,street sign,True,True,849.7,mtsd-p9
SAM 3,street sign,grp10_IMG_1527.jpg,E:\2. UM-Student\MSC Dissertation\Urban-Vision-Benchmark\Datasets\MTSD\Prepared\MTSD-Unaugmented\MTSD-YOLO\test\images\grp10_IMG_1527.jpg,777.84,955.05,2387.16,2650.63,0.9102,street sign,True,True,849.7,mtsd-p9
SAM 3,street sign,grp10_IMG_1527.jpg,E:\2. UM-Student\MSC Dissertation\Urban-Vision-Benchmark\Datasets\MTSD\Prepared\MTSD-Unaugmented\MTSD-YOLO\test\images\grp10_IMG_1527.jpg,1517.64,2574.99,2345.87,4773.45,0.8984,street sign,True,True,849.7,mtsd-p9
SAM 3,street sign,grp10_IMG_1557.jpg,E:\2. UM-Student\MSC Dissertation\Urban-Vision-Benchmark\Datasets\MTSD\Prepared\MTSD-Unaugmented\MTSD-YOLO\test\images\grp10_IMG_1557.jpg,1376.38,2633.75,3062.94,4053.32,0.9453,street sign,True,True,477.8,mtsd-p9
SAM 3,street sign,grp10_IMG_1564.jpg,E:\2. UM-Student\MSC Dissertation\Urban-Vision-Benchmark\Datasets\MTSD\Prepared\MTSD-Unaugmented\MTSD-YOLO\test\images\grp10_IMG_1564.jpg,1629.58,3152.44,2810.27,4797.16,0.9648,street sign,True,True,485.9,mtsd-p9
SAM 3,street sign,grp10_IMG_1564.jpg,E:\2. UM-Student\MSC Dissertation\Urban-Vision-Benchmark\Datasets\MTSD\Prepared\MTSD-Unaugmented\MTSD-YOLO\test\images\grp10_IMG_1564.jpg,1818.55,2041.67,2485.15,3337.34,0.9688,street sign,True,True,485.9,mtsd-p9
SAM 3,street sign,grp10_IMG_1575.jpg,E:\2. UM-Student\MSC Dissertation\Urban-Vision-Benchmark\Datasets\MTSD\Prepared\MTSD-Unaugmented\MTSD-YOLO\test\images\grp10_IMG_1575.jpg,1011.77,1500.88,1062.96,1575.49,0.8242,street sign,True,True,143.6,mtsd-p9
SAM 3,street sign,grp10_IMG_1575.jpg,E:\2. UM-Student\MSC Dissertation\Urban-Vision-Benchmark\Datasets\MTSD\Prepared\MTSD-Unaugmented\MTSD-YOLO\test\images\grp10_IMG_1575.jpg,471.86,682.4,1075.18,2192.02,0.5625,street sign,True,True,143.6,mtsd-p9
SAM 3,street sign,grp10_IMG_1575.jpg,E:\2. UM-Student\MSC Dissertation\Urban-Vision-Benchmark\Datasets\MTSD\Prepared\MTSD-Unaugmented\MTSD-YOLO\test\images\grp10_IMG_1575.jpg,1013.21,1503.72,1062.22,1686.26,0.4082,street sign,True,True,143.6,mtsd-p9
SAM 3,street sign,grp10_IMG_1575.jpg,E:\2. UM-Student\MSC Dissertation\Urban-Vision-Benchmark\Datasets\MTSD\Prepared\MTSD-Unaugmented\MTSD-YOLO\test\images\grp10_IMG_1575.jpg,470.93,684.86,1078.01,1250.92,0.9141,street sign,True,True,143.6,mtsd-p9
SAM 3,street sign,grp10_IMG_1593.jpg,E:\2. UM-Student\MSC Dissertation\Urban-Vision-Benchmark\Datasets\MTSD\Prepared\MTSD-Unaugmented\MTSD-YOLO\test\images\grp10_IMG_1593.jpg,458.88,1755.16,2563.76,4223.81,0.5352,street sign,True,True,258.8,mtsd-p9
SAM 3,street sign,grp10_IMG_1593.jpg,E:\2. UM-Student\MSC Dissertation\Urban-Vision-Benchmark\Datasets\MTSD\Prepared\MTSD-Unaugmented\MTSD-YOLO\test\images\grp10_IMG_1593.jpg,460.86,3036.15,2558.93,4220.61,0.7656,street sign,True,True,258.8,mtsd-p9
SAM 3,street sign,grp10_IMG_1593.jpg,E:\2. UM-Student\MSC Dissertation\Urban-Vision-Benchmark\Datasets\MTSD\Prepared\MTSD-Unaugmented\MTSD-YOLO\test\images\grp10_IMG_1593.jpg,459.48,1763.23,2570.77,5711.37,0.6484,street sign,True,True,258.8,mtsd-p9
SAM 3,street sign,grp10_IMG_1593.jpg,E:\2. UM-Student\MSC Dissertation\Urban-Vision-Benchmark\Datasets\MTSD\Prepared\MTSD-Unaugmented\MTSD-YOLO\test\images\grp10_IMG_1593.jpg,517.44,1754.98,2476.68,3524.91,0.7617,street sign,True,True,258.8,mtsd-p9
SAM 3,street sign,grp10_IMG_1597.jpg,E:\2. UM-Student\MSC Dissertation\Urban-Vision-Benchmark\Datasets\MTSD\Prepared\MTSD-Unaugmented\MTSD-YOLO\test\images\grp10_IMG_1597.jpg,1597.38,5563.19,1736.36,5712.0,0.3008,street sign,True,True,468.5,mtsd-p9
SAM 3,street sign,grp10_IMG_1597.jpg,E:\2. UM-Student\MSC Dissertation\Urban-Vision-Benchmark\Datasets\MTSD\Prepared\MTSD-Unaugmented\MTSD-YOLO\test\images\grp10_IMG_1597.jpg,1145.29,2288.98,3044.29,4218.68,0.7891,street sign,True,True,468.5,mtsd-p9
SAM 3,street sign,grp10_IMG_1597.jpg,E:\2. UM-Student\MSC Dissertation\Urban-Vision-Benchmark\Datasets\MTSD\Prepared\MTSD-Unaugmented\MTSD-YOLO\test\images\grp10_IMG_1597.jpg,1306.64,5230.03,1507.01,5453.82,0.668,street sign,True,True,468.5,mtsd-p9
SAM 3,street sign,grp10_IMG_1597.jpg,E:\2. UM-Student\MSC Dissertation\Urban-Vision-Benchmark\Datasets\MTSD\Prepared\MTSD-Unaugmented\MTSD-YOLO\test\images\grp10_IMG_1597.jpg,1146.95,2283.36,3045.96,5712.0,0.6836,street sign,True,True,468.5,mtsd-p9
SAM 3,street sign,grp10_IMG_1597.jpg,E:\2. UM-Student\MSC Dissertation\Urban-Vision-Benchmark\Datasets\MTSD\Prepared\MTSD-Unaugmented\MTSD-YOLO\test\images\grp10_IMG_1597.jpg,1158.14,3545.62,3031.09,4205.94,0.3301,street sign,True,True,468.5,mtsd-p9
SAM 3,street sign,grp10_IMG_1599.jpg,E:\2. UM-Student\MSC Dissertation\Urban-Vision-Benchmark\Datasets\MTSD\Prepared\MTSD-Unaugmented\MTSD-YOLO\test\images\grp10_IMG_1599.jpg,1825.73,4020.64,2349.32,4558.58,0.6641,street sign,True,True,645.4,mtsd-p9
SAM 3,street sign,grp10_IMG_1599.jpg,E:\2. UM-Student\MSC Dissertation\Urban-Vision-Benchmark\Datasets\MTSD\Prepared\MTSD-Unaugmented\MTSD-YOLO\test\images\grp10_IMG_1599.jpg,1400.75,2140.06,2769.76,3350.14,0.9609,street sign,True,True,645.4,mtsd-p9
SAM 3,street sign,grp10_IMG_1606.jpg,E:\2. UM-Student\MSC Dissertation\Urban-Vision-Benchmark\Datasets\MTSD\Prepared\MTSD-Unaugmented\MTSD-YOLO\test\images\grp10_IMG_1606.jpg,0.0,413.6,372.92,953.43,0.4512,street sign,True,True,667.3,mtsd-p9
SAM 3,street sign,grp10_IMG_1606.jpg,E:\2. UM-Student\MSC Dissertation\Urban-Vision-Benchmark\Datasets\MTSD\Prepared\MTSD-Unaugmented\MTSD-YOLO\test\images\grp10_IMG_1606.jpg,1431.97,2423.1,2366.47,3929.97,0.9023,street sign,True,True,667.3,mtsd-p9
SAM 3,street sign,grp10_IMG_1612.jpg,E:\2. UM-Student\MSC Dissertation\Urban-Vision-Benchmark\Datasets\MTSD\Prepared\MTSD-Unaugmented\MTSD-YOLO\test\images\grp10_IMG_1612.jpg,1360.02,1394.77,2966.14,5712.0,0.4395,street sign,True,True,263.4,mtsd-p9
SAM 3,street sign,grp10_IMG_1612.jpg,E:\2. UM-Student\MSC Dissertation\Urban-Vision-Benchmark\Datasets\MTSD\Prepared\MTSD-Unaugmented\MTSD-YOLO\test\images\grp10_IMG_1612.jpg,1306.43,2942.33,2925.47,4683.83,0.8906,street sign,True,True,263.4,mtsd-p9
SAM 3,street sign,grp10_IMG_1612.jpg,E:\2. UM-Student\MSC Dissertation\Urban-Vision-Benchmark\Datasets\MTSD\Prepared\MTSD-Unaugmented\MTSD-YOLO\test\images\grp10_IMG_1612.jpg,1376.6,1372.32,2960.44,2957.88,0.8945,street sign,True,True,263.4,mtsd-p9
SAM 3,street sign,grp10_IMG_1645.jpg,E:\2. UM-Student\MSC Dissertation\Urban-Vision-Benchmark\Datasets\MTSD\Prepared\MTSD-Unaugmented\MTSD-YOLO\test\images\grp10_IMG_1645.jpg,1688.54,5639.94,1815.13,5709.13,0.3262,street sign,True,True,748.7,mtsd-p9
SAM 3,street sign,grp10_IMG_1645.jpg,E:\2. UM-Student\MSC Dissertation\Urban-Vision-Benchmark\Datasets\MTSD\Prepared\MTSD-Unaugmented\MTSD-YOLO\test\images\grp10_IMG_1645.jpg,1040.07,2344.18,2732.06,5711.96,0.5586,street sign,True,True,748.7,mtsd-p9
SAM 3,street sign,grp10_IMG_1645.jpg,E:\2. UM-Student\MSC Dissertation\Urban-Vision-Benchmark\Datasets\MTSD\Prepared\MTSD-Unaugmented\MTSD-YOLO\test\images\grp10_IMG_1645.jpg,1036.92,2347.12,2726.79,4209.03,0.7734,street sign,True,True,748.7,mtsd-p9
SAM 3,street sign,grp10_IMG_1645.jpg,E:\2. UM-Student\MSC Dissertation\Urban-Vision-Benchmark\Datasets\MTSD\Prepared\MTSD-Unaugmented\MTSD-YOLO\test\images\grp10_IMG_1645.jpg,1820.89,5549.51,1880.32,5617.4,0.3379,street sign,True,True,748.7,mtsd-p9
SAM 3,street sign,grp10_IMG_20251123_141219.jpg,E:\2. UM-Student\MSC Dissertation\Urban-Vision-Benchmark\Datasets\MTSD\Prepared\MTSD-Unaugmented\MTSD-YOLO\test\images\grp10_IMG_20251123_141219.jpg,909.72,1767.57,1123.61,2481.61,0.8906,street sign,True,True,176.6,mtsd-p9
SAM 3,street sign,grp10_IMG_20251123_141219.jpg,E:\2. UM-Student\MSC Dissertation\Urban-Vision-Benchmark\Datasets\MTSD\Prepared\MTSD-Unaugmented\MTSD-YOLO\test\images\grp10_IMG_20251123_141219.jpg,853.44,1167.38,1115.25,1938.17,0.9492,street sign,True,True,176.6,mtsd-p9
SAM 3,street sign,grp10_IMG_20251123_141844.jpg,E:\2. UM-Student\MSC Dissertation\Urban-Vision-Benchmark\Datasets\MTSD\Prepared\MTSD-Unaugmented\MTSD-YOLO\test\images\grp10_IMG_20251123_141844.jpg,418.09,1242.64,1289.8,2171.83,0.7539,street sign,True,True,183.8,mtsd-p9
SAM 3,street sign,grp10_IMG_20251123_143317.jpg,E:\2. UM-Student\MSC Dissertation\Urban-Vision-Benchmark\Datasets\MTSD\Prepared\MTSD-Unaugmented\MTSD-YOLO\test\images\grp10_IMG_20251123_143317.jpg,489.96,844.29,1477.49,4624.0,0.5781,street sign,True,True,199.6,mtsd-p9
SAM 3,street sign,grp10_IMG_20251123_143317.jpg,E:\2. UM-Student\MSC Dissertation\Urban-Vision-Benchmark\Datasets\MTSD\Prepared\MTSD-Unaugmented\MTSD-YOLO\test\images\grp10_IMG_20251123_143317.jpg,490.24,861.86,1471.7,1872.66,0.8984,street sign,True,True,199.6,mtsd-p9
SAM 3,street sign,grp10_IMG_20251123_150542.jpg,E:\2. UM-Student\MSC Dissertation\Urban-Vision-Benchmark\Datasets\MTSD\Prepared\MTSD-Unaugmented\MTSD-YOLO\test\images\grp10_IMG_20251123_150542.jpg,949.6,349.34,1464.94,4613.4,0.3613,street sign,True,True,175.8,mtsd-p9
SAM 3,street sign,grp10_IMG_20251123_150542.jpg,E:\2. UM-Student\MSC Dissertation\Urban-Vision-Benchmark\Datasets\MTSD\Prepared\MTSD-Unaugmented\MTSD-YOLO\test\images\grp10_IMG_20251123_150542.jpg,930.78,1170.18,1462.5,2292.36,0.9414,street sign,True,True,175.8,mtsd-p9
SAM 3,street sign,grp10_IMG_20251123_150542.jpg,E:\2. UM-Student\MSC Dissertation\Urban-Vision-Benchmark\Datasets\MTSD\Prepared\MTSD-Unaugmented\MTSD-YOLO\test\images\grp10_IMG_20251123_150542.jpg,957.27,293.07,1297.63,1438.21,0.9609,street sign,True,True,175.8,mtsd-p9
SAM 3,street sign,grp10_IMG_20251123_164433.jpg,E:\2. UM-Student\MSC Dissertation\Urban-Vision-Benchmark\Datasets\MTSD\Prepared\MTSD-Unaugmented\MTSD-YOLO\test\images\grp10_IMG_20251123_164433.jpg,117.41,3553.33,184.19,3692.17,0.4023,street sign,True,True,182.5,mtsd-p9
SAM 3,street sign,grp10_IMG_20251123_164433.jpg,E:\2. UM-Student\MSC Dissertation\Urban-Vision-Benchmark\Datasets\MTSD\Prepared\MTSD-Unaugmented\MTSD-YOLO\test\images\grp10_IMG_20251123_164433.jpg,590.06,1747.25,1309.05,4624.0,0.6445,street sign,True,True,182.5,mtsd-p9
SAM 3,street sign,grp10_IMG_20251123_164433.jpg,E:\2. UM-Student\MSC Dissertation\Urban-Vision-Benchmark\Datasets\MTSD\Prepared\MTSD-Unaugmented\MTSD-YOLO\test\images\grp10_IMG_20251123_164433.jpg,1444.75,3846.21,1503.44,4102.49,0.4492,street sign,True,True,182.5,mtsd-p9
SAM 3,street sign,grp10_IMG_20251123_164433.jpg,E:\2. UM-Student\MSC Dissertation\Urban-Vision-Benchmark\Datasets\MTSD\Prepared\MTSD-Unaugmented\MTSD-YOLO\test\images\grp10_IMG_20251123_164433.jpg,589.47,1750.87,1306.21,2926.23,0.8984,street sign,True,True,182.5,mtsd-p9
SAM 3,street sign,grp10_IMG_20251123_164446.jpg,E:\2. UM-Student\MSC Dissertation\Urban-Vision-Benchmark\Datasets\MTSD\Prepared\MTSD-Unaugmented\MTSD-YOLO\test\images\grp10_IMG_20251123_164446.jpg,384.42,1862.44,1744.61,3208.0,0.8164,street sign,True,True,165.1,mtsd-p9
SAM 3,street sign,grp10_IMG_20251123_164446.jpg,E:\2. UM-Student\MSC Dissertation\Urban-Vision-Benchmark\Datasets\MTSD\Prepared\MTSD-Unaugmented\MTSD-YOLO\test\images\grp10_IMG_20251123_164446.jpg,385.15,1853.04,1745.83,4624.0,0.5,street sign,True,True,165.1,mtsd-p9
SAM 3,street sign,grp10_IMG_20251123_165832.jpg,E:\2. UM-Student\MSC Dissertation\Urban-Vision-Benchmark\Datasets\MTSD\Prepared\MTSD-Unaugmented\MTSD-YOLO\test\images\grp10_IMG_20251123_165832.jpg,626.76,1827.14,1209.58,2846.14,0.5234,street sign,True,True,162.8,mtsd-p9
SAM 3,street sign,grp10_IMG_20251125_112108.jpg,E:\2. UM-Student\MSC Dissertation\Urban-Vision-Benchmark\Datasets\MTSD\Prepared\MTSD-Unaugmented\MTSD-YOLO\test\images\grp10_IMG_20251125_112108.jpg,3149.33,3279.15,3200.55,3318.49,0.3262,street sign,True,True,519.0,mtsd-p9
SAM 3,street sign,grp10_IMG_20251125_112108.jpg,E:\2. UM-Student\MSC Dissertation\Urban-Vision-Benchmark\Datasets\MTSD\Prepared\MTSD-Unaugmented\MTSD-YOLO\test\images\grp10_IMG_20251125_112108.jpg,1032.58,535.85,2278.38,4624.0,0.6172,street sign,True,True,519.0,mtsd-p9
SAM 3,street sign,grp10_IMG_20251125_112108.jpg,E:\2. UM-Student\MSC Dissertation\Urban-Vision-Benchmark\Datasets\MTSD\Prepared\MTSD-Unaugmented\MTSD-YOLO\test\images\grp10_IMG_20251125_112108.jpg,2003.44,2952.87,2137.23,3656.31,0.5469,street sign,True,True,519.0,mtsd-p9
SAM 3,street sign,grp10_IMG_20251125_112108.jpg,E:\2. UM-Student\MSC Dissertation\Urban-Vision-Benchmark\Datasets\MTSD\Prepared\MTSD-Unaugmented\MTSD-YOLO\test\images\grp10_IMG_20251125_112108.jpg,1028.95,524.81,2283.06,1669.01,0.9102,street sign,True,True,519.0,mtsd-p9
SAM 3,street sign,grp10_IMG_20251125_112108.jpg,E:\2. UM-Student\MSC Dissertation\Urban-Vision-Benchmark\Datasets\MTSD\Prepared\MTSD-Unaugmented\MTSD-YOLO\test\images\grp10_IMG_20251125_112108.jpg,2007.56,2950.79,2135.53,3100.97,0.5742,street sign,True,True,519.0,mtsd-p9
SAM 3,street sign,grp10_IMG_20251125_113833.jpg,E:\2. UM-Student\MSC Dissertation\Urban-Vision-Benchmark\Datasets\MTSD\Prepared\MTSD-Unaugmented\MTSD-YOLO\test\images\grp10_IMG_20251125_113833.jpg,1342.01,2264.96,1417.91,2421.6,0.3223,street sign,True,True,632.7,mtsd-p9
SAM 3,street sign,grp10_IMG_20251125_113833.jpg,E:\2. UM-Student\MSC Dissertation\Urban-Vision-Benchmark\Datasets\MTSD\Prepared\MTSD-Unaugmented\MTSD-YOLO\test\images\grp10_IMG_20251125_113833.jpg,2855.07,2521.0,2891.25,2556.25,0.4668,street sign,True,True,632.7,mtsd-p9
SAM 3,street sign,grp10_IMG_20251125_113833.jpg,E:\2. UM-Student\MSC Dissertation\Urban-Vision-Benchmark\Datasets\MTSD\Prepared\MTSD-Unaugmented\MTSD-YOLO\test\images\grp10_IMG_20251125_113833.jpg,904.57,2023.29,1135.74,2288.72,0.8594,street sign,True,True,632.7,mtsd-p9
SAM 3,street sign,grp10_IMG_20251125_113833.jpg,E:\2. UM-Student\MSC Dissertation\Urban-Vision-Benchmark\Datasets\MTSD\Prepared\MTSD-Unaugmented\MTSD-YOLO\test\images\grp10_IMG_20251125_113833.jpg,926.42,1664.77,1121.28,2034.64,0.9336,street sign,True,True,632.7,mtsd-p9
SAM 3,street sign,grp10_IMG_20251125_113833.jpg,E:\2. UM-Student\MSC Dissertation\Urban-Vision-Benchmark\Datasets\MTSD\Prepared\MTSD-Unaugmented\MTSD-YOLO\test\images\grp10_IMG_20251125_113833.jpg,1374.24,574.13,2655.85,4623.8,0.3535,street sign,True,True,632.7,mtsd-p9
SAM 3,street sign,grp10_IMG_20251125_113833.jpg,E:\2. UM-Student\MSC Dissertation\Urban-Vision-Benchmark\Datasets\MTSD\Prepared\MTSD-Unaugmented\MTSD-YOLO\test\images\grp10_IMG_20251125_113833.jpg,1340.75,2263.01,1419.66,2909.08,0.3711,street sign,True,True,632.7,mtsd-p9
SAM 3,street sign,grp10_IMG_20251125_113833.jpg,E:\2. UM-Student\MSC Dissertation\Urban-Vision-Benchmark\Datasets\MTSD\Prepared\MTSD-Unaugmented\MTSD-YOLO\test\images\grp10_IMG_20251125_113833.jpg,1374.97,575.75,2645.5,1816.1,0.9531,street sign,True,True,632.7,mtsd-p9
SAM 3,street sign,grp10_IMG_20251125_113844.jpg,E:\2. UM-Student\MSC Dissertation\Urban-Vision-Benchmark\Datasets\MTSD\Prepared\MTSD-Unaugmented\MTSD-YOLO\test\images\grp10_IMG_20251125_113844.jpg,872.95,890.27,2151.21,4543.11,0.5625,street sign,True,True,446.5,mtsd-p9
SAM 3,street sign,grp10_IMG_20251125_113844.jpg,E:\2. UM-Student\MSC Dissertation\Urban-Vision-Benchmark\Datasets\MTSD\Prepared\MTSD-Unaugmented\MTSD-YOLO\test\images\grp10_IMG_20251125_113844.jpg,873.48,910.62,2146.49,2208.22,0.9062,street sign,True,True,446.5,mtsd-p9
SAM 3,street sign,grp10_IMG_20251125_114450.jpg,E:\2. UM-Student\MSC Dissertation\Urban-Vision-Benchmark\Datasets\MTSD\Prepared\MTSD-Unaugmented\MTSD-YOLO\test\images\grp10_IMG_20251125_114450.jpg,2546.99,665.74,3472.0,2075.53,0.7617,street sign,True,True,449.5,mtsd-p9
SAM 3,street sign,grp10_IMG_20251125_114450.jpg,E:\2. UM-Student\MSC Dissertation\Urban-Vision-Benchmark\Datasets\MTSD\Prepared\MTSD-Unaugmented\MTSD-YOLO\test\images\grp10_IMG_20251125_114450.jpg,2532.34,679.88,3472.0,4607.58,0.4238,street sign,True,True,449.5,mtsd-p9
SAM 3,street sign,grp10_IMG_20251125_114450.jpg,E:\2. UM-Student\MSC Dissertation\Urban-Vision-Benchmark\Datasets\MTSD\Prepared\MTSD-Unaugmented\MTSD-YOLO\test\images\grp10_IMG_20251125_114450.jpg,367.15,1839.73,1362.92,2411.2,0.6602,street sign,True,True,449.5,mtsd-p9
SAM 3,street sign,grp10_IMG_20251125_114450.jpg,E:\2. UM-Student\MSC Dissertation\Urban-Vision-Benchmark\Datasets\MTSD\Prepared\MTSD-Unaugmented\MTSD-YOLO\test\images\grp10_IMG_20251125_114450.jpg,1768.88,487.75,2692.41,4624.0,0.543,street sign,True,True,449.5,mtsd-p9
SAM 3,street sign,grp10_IMG_20251125_114450.jpg,E:\2. UM-Student\MSC Dissertation\Urban-Vision-Benchmark\Datasets\MTSD\Prepared\MTSD-Unaugmented\MTSD-YOLO\test\images\grp10_IMG_20251125_114450.jpg,1774.77,488.34,2688.35,1926.59,0.9531,street sign,True,True,449.5,mtsd-p9
SAM 3,street sign,grp10_IMG_20251125_120326.jpg,E:\2. UM-Student\MSC Dissertation\Urban-Vision-Benchmark\Datasets\MTSD\Prepared\MTSD-Unaugmented\MTSD-YOLO\test\images\grp10_IMG_20251125_120326.jpg,2914.33,0.0,3472.0,939.33,0.8867,street sign,True,True,244.0,mtsd-p9
SAM 3,street sign,grp10_IMG_20251125_120326.jpg,E:\2. UM-Student\MSC Dissertation\Urban-Vision-Benchmark\Datasets\MTSD\Prepared\MTSD-Unaugmented\MTSD-YOLO\test\images\grp10_IMG_20251125_120326.jpg,1537.75,816.79,2979.91,2792.0,0.8672,street sign,True,True,244.0,mtsd-p9
SAM 3,street sign,grp10_IMG_20251125_120326.jpg,E:\2. UM-Student\MSC Dissertation\Urban-Vision-Benchmark\Datasets\MTSD\Prepared\MTSD-Unaugmented\MTSD-YOLO\test\images\grp10_IMG_20251125_120326.jpg,2.55,2740.02,457.11,2971.06,0.8555,street sign,True,True,244.0,mtsd-p9
SAM 3,street sign,grp10_IMG_20251125_121131.jpg,E:\2. UM-Student\MSC Dissertation\Urban-Vision-Benchmark\Datasets\MTSD\Prepared\MTSD-Unaugmented\MTSD-YOLO\test\images\grp10_IMG_20251125_121131.jpg,1535.57,4462.05,1585.05,4542.7,0.5547,street sign,True,True,190.3,mtsd-p9
SAM 3,street sign,grp10_IMG_20251125_121131.jpg,E:\2. UM-Student\MSC Dissertation\Urban-Vision-Benchmark\Datasets\MTSD\Prepared\MTSD-Unaugmented\MTSD-YOLO\test\images\grp10_IMG_20251125_121131.jpg,0.0,1954.79,516.47,3734.01,0.9648,street sign,True,True,190.3,mtsd-p9
SAM 3,street sign,grp10_IMG_20251125_121131.jpg,E:\2. UM-Student\MSC Dissertation\Urban-Vision-Benchmark\Datasets\MTSD\Prepared\MTSD-Unaugmented\MTSD-YOLO\test\images\grp10_IMG_20251125_121131.jpg,840.07,2260.24,1377.91,2896.14,0.5586,street sign,True,True,190.3,mtsd-p9
SAM 3,street sign,grp10_IMG_20251125_121131.jpg,E:\2. UM-Student\MSC Dissertation\Urban-Vision-Benchmark\Datasets\MTSD\Prepared\MTSD-Unaugmented\MTSD-YOLO\test\images\grp10_IMG_20251125_121131.jpg,811.39,2280.24,1378.51,4624.0,0.4766,street sign,True,True,190.3,mtsd-p9
SAM 3,street sign,grp10_IMG_20251125_121142.jpg,E:\2. UM-Student\MSC Dissertation\Urban-Vision-Benchmark\Datasets\MTSD\Prepared\MTSD-Unaugmented\MTSD-YOLO\test\images\grp10_IMG_20251125_121142.jpg,819.1,1857.45,1584.55,4624.0,0.5469,street sign,True,True,180.6,mtsd-p9
SAM 3,street sign,grp10_IMG_20251125_121142.jpg,E:\2. UM-Student\MSC Dissertation\Urban-Vision-Benchmark\Datasets\MTSD\Prepared\MTSD-Unaugmented\MTSD-YOLO\test\images\grp10_IMG_20251125_121142.jpg,41.18,3653.66,303.79,4007.11,0.9102,street sign,True,True,180.6,mtsd-p9
SAM 3,street sign,grp10_IMG_20251125_121142.jpg,E:\2. UM-Student\MSC Dissertation\Urban-Vision-Benchmark\Datasets\MTSD\Prepared\MTSD-Unaugmented\MTSD-YOLO\test\images\grp10_IMG_20251125_121142.jpg,817.71,1852.91,1585.42,2601.68,0.5352,street sign,True,True,180.6,mtsd-p9
SAM 3,street sign,grp10_IMG_20251125_121556.jpg,E:\2. UM-Student\MSC Dissertation\Urban-Vision-Benchmark\Datasets\MTSD\Prepared\MTSD-Unaugmented\MTSD-YOLO\test\images\grp10_IMG_20251125_121556.jpg,363.09,1634.34,1626.57,2813.82,0.9062,street sign,True,True,195.7,mtsd-p9
SAM 3,street sign,grp10_IMG_20251125_121556.jpg,E:\2. UM-Student\MSC Dissertation\Urban-Vision-Benchmark\Datasets\MTSD\Prepared\MTSD-Unaugmented\MTSD-YOLO\test\images\grp10_IMG_20251125_121556.jpg,6.36,3230.92,361.51,3353.8,0.3516,street sign,True,True,195.7,mtsd-p9
SAM 3,street sign,grp10_IMG_20251125_121556.jpg,E:\2. UM-Student\MSC Dissertation\Urban-Vision-Benchmark\Datasets\MTSD\Prepared\MTSD-Unaugmented\MTSD-YOLO\test\images\grp10_IMG_20251125_121556.jpg,363.69,1625.71,1626.92,4624.0,0.5703,street sign,True,True,195.7,mtsd-p9
SAM 3,street sign,grp10_IMG_20251125_121957.jpg,E:\2. UM-Student\MSC Dissertation\Urban-Vision-Benchmark\Datasets\MTSD\Prepared\MTSD-Unaugmented\MTSD-YOLO\test\images\grp10_IMG_20251125_121957.jpg,1705.74,2604.99,1816.53,3517.14,0.3945,street sign,True,True,540.9,mtsd-p9
SAM 3,street sign,grp10_IMG_20251125_121957.jpg,E:\2. UM-Student\MSC Dissertation\Urban-Vision-Benchmark\Datasets\MTSD\Prepared\MTSD-Unaugmented\MTSD-YOLO\test\images\grp10_IMG_20251125_121957.jpg,0.0,2927.44,59.56,3044.03,0.3125,street sign,True,True,540.9,mtsd-p9
SAM 3,street sign,grp10_IMG_20251125_121957.jpg,E:\2. UM-Student\MSC Dissertation\Urban-Vision-Benchmark\Datasets\MTSD\Prepared\MTSD-Unaugmented\MTSD-YOLO\test\images\grp10_IMG_20251125_121957.jpg,1795.39,611.24,2424.67,2142.92,0.8984,street sign,True,True,540.9,mtsd-p9
SAM 3,street sign,grp10_IMG_20251125_121957.jpg,E:\2. UM-Student\MSC Dissertation\Urban-Vision-Benchmark\Datasets\MTSD\Prepared\MTSD-Unaugmented\MTSD-YOLO\test\images\grp10_IMG_20251125_121957.jpg,1809.74,619.88,2427.14,4616.94,0.4102,street sign,True,True,540.9,mtsd-p9
SAM 3,street sign,grp10_IMG_20251125_121957.jpg,E:\2. UM-Student\MSC Dissertation\Urban-Vision-Benchmark\Datasets\MTSD\Prepared\MTSD-Unaugmented\MTSD-YOLO\test\images\grp10_IMG_20251125_121957.jpg,2680.21,3054.3,2757.0,3114.39,0.3867,street sign,True,True,540.9,mtsd-p9
SAM 3,street sign,grp10_IMG_20251125_121957.jpg,E:\2. UM-Student\MSC Dissertation\Urban-Vision-Benchmark\Datasets\MTSD\Prepared\MTSD-Unaugmented\MTSD-YOLO\test\images\grp10_IMG_20251125_121957.jpg,1706.99,2603.07,1824.11,2785.68,0.8828,street sign,True,True,540.9,mtsd-p9
SAM 3,street sign,grp10_IMG_20251125_122125.jpg,E:\2. UM-Student\MSC Dissertation\Urban-Vision-Benchmark\Datasets\MTSD\Prepared\MTSD-Unaugmented\MTSD-YOLO\test\images\grp10_IMG_20251125_122125.jpg,672.61,1746.67,1398.18,4616.16,0.4883,street sign,True,True,174.5,mtsd-p9
SAM 3,street sign,grp10_IMG_20251125_122125.jpg,E:\2. UM-Student\MSC Dissertation\Urban-Vision-Benchmark\Datasets\MTSD\Prepared\MTSD-Unaugmented\MTSD-YOLO\test\images\grp10_IMG_20251125_122125.jpg,673.39,1744.7,1393.82,3163.03,0.9062,street sign,True,True,174.5,mtsd-p9
SAM 3,street sign,grp10_IMG_20251125_122225.jpg,E:\2. UM-Student\MSC Dissertation\Urban-Vision-Benchmark\Datasets\MTSD\Prepared\MTSD-Unaugmented\MTSD-YOLO\test\images\grp10_IMG_20251125_122225.jpg,3220.47,2389.34,3443.78,3160.19,0.4941,street sign,True,True,261.2,mtsd-p9
SAM 3,street sign,grp10_IMG_20251125_122225.jpg,E:\2. UM-Student\MSC Dissertation\Urban-Vision-Benchmark\Datasets\MTSD\Prepared\MTSD-Unaugmented\MTSD-YOLO\test\images\grp10_IMG_20251125_122225.jpg,3219.86,2391.69,3394.57,2640.28,0.875,street sign,True,True,261.2,mtsd-p9
SAM 3,street sign,grp10_IMG_20251125_122225.jpg,E:\2. UM-Student\MSC Dissertation\Urban-Vision-Benchmark\Datasets\MTSD\Prepared\MTSD-Unaugmented\MTSD-YOLO\test\images\grp10_IMG_20251125_122225.jpg,3267.13,2420.58,3338.38,2504.14,0.3027,street sign,True,True,261.2,mtsd-p9
SAM 3,street sign,grp10_IMG_20251125_122225.jpg,E:\2. UM-Student\MSC Dissertation\Urban-Vision-Benchmark\Datasets\MTSD\Prepared\MTSD-Unaugmented\MTSD-YOLO\test\images\grp10_IMG_20251125_122225.jpg,792.96,517.63,2922.83,4604.85,0.4043,street sign,True,True,261.2,mtsd-p9
SAM 3,street sign,grp10_IMG_20251125_122225.jpg,E:\2. UM-Student\MSC Dissertation\Urban-Vision-Benchmark\Datasets\MTSD\Prepared\MTSD-Unaugmented\MTSD-YOLO\test\images\grp10_IMG_20251125_122225.jpg,2174.96,2221.94,2393.26,2746.62,0.3398,street sign,True,True,261.2,mtsd-p9
SAM 3,street sign,grp10_IMG_20251125_122225.jpg,E:\2. UM-Student\MSC Dissertation\Urban-Vision-Benchmark\Datasets\MTSD\Prepared\MTSD-Unaugmented\MTSD-YOLO\test\images\grp10_IMG_20251125_122225.jpg,795.6,499.62,2910.8,2322.22,0.9375,street sign,True,True,261.2,mtsd-p9
SAM 3,street sign,grp10_IMG_20251125_122515.jpg,E:\2. UM-Student\MSC Dissertation\Urban-Vision-Benchmark\Datasets\MTSD\Prepared\MTSD-Unaugmented\MTSD-YOLO\test\images\grp10_IMG_20251125_122515.jpg,768.24,4481.85,859.35,4624.0,0.4121,street sign,True,True,580.4,mtsd-p9
SAM 3,street sign,grp10_IMG_20251125_122515.jpg,E:\2. UM-Student\MSC Dissertation\Urban-Vision-Benchmark\Datasets\MTSD\Prepared\MTSD-Unaugmented\MTSD-YOLO\test\images\grp10_IMG_20251125_122515.jpg,492.26,4483.15,565.77,4624.0,0.3027,street sign,True,True,580.4,mtsd-p9
SAM 3,street sign,grp10_IMG_20251125_122515.jpg,E:\2. UM-Student\MSC Dissertation\Urban-Vision-Benchmark\Datasets\MTSD\Prepared\MTSD-Unaugmented\MTSD-YOLO\test\images\grp10_IMG_20251125_122515.jpg,1801.34,4455.12,1827.0,4486.88,0.416,street sign,True,True,580.4,mtsd-p9
SAM 3,street sign,grp10_IMG_20251125_122515.jpg,E:\2. UM-Student\MSC Dissertation\Urban-Vision-Benchmark\Datasets\MTSD\Prepared\MTSD-Unaugmented\MTSD-YOLO\test\images\grp10_IMG_20251125_122515.jpg,1343.8,4242.59,1418.15,4379.02,0.8477,street sign,True,True,580.4,mtsd-p9
SAM 3,street sign,grp10_IMG_20251125_122515.jpg,E:\2. UM-Student\MSC Dissertation\Urban-Vision-Benchmark\Datasets\MTSD\Prepared\MTSD-Unaugmented\MTSD-YOLO\test\images\grp10_IMG_20251125_122515.jpg,579.62,4474.31,653.76,4624.0,0.5195,street sign,True,True,580.4,mtsd-p9
SAM 3,street sign,grp10_IMG_20251125_122515.jpg,E:\2. UM-Student\MSC Dissertation\Urban-Vision-Benchmark\Datasets\MTSD\Prepared\MTSD-Unaugmented\MTSD-YOLO\test\images\grp10_IMG_20251125_122515.jpg,576.49,4312.09,640.88,4409.69,0.7539,street sign,True,True,580.4,mtsd-p9
SAM 3,street sign,grp10_IMG_20251125_122515.jpg,E:\2. UM-Student\MSC Dissertation\Urban-Vision-Benchmark\Datasets\MTSD\Prepared\MTSD-Unaugmented\MTSD-YOLO\test\images\grp10_IMG_20251125_122515.jpg,1406.96,4040.65,1457.34,4211.08,0.5078,street sign,True,True,580.4,mtsd-p9
SAM 3,street sign,grp10_IMG_20251125_122515.jpg,E:\2. UM-Student\MSC Dissertation\Urban-Vision-Benchmark\Datasets\MTSD\Prepared\MTSD-Unaugmented\MTSD-YOLO\test\images\grp10_IMG_20251125_122515.jpg,879.5,1559.63,1627.59,4624.0,0.3379,street sign,True,True,580.4,mtsd-p9
SAM 3,street sign,grp10_IMG_20251125_122515.jpg,E:\2. UM-Student\MSC Dissertation\Urban-Vision-Benchmark\Datasets\MTSD\Prepared\MTSD-Unaugmented\MTSD-YOLO\test\images\grp10_IMG_20251125_122515.jpg,880.61,1559.14,1627.26,2863.16,0.9453,street sign,True,True,580.4,mtsd-p9
SAM 3,street sign,grp10_IMG_20251125_122515.jpg,E:\2. UM-Student\MSC Dissertation\Urban-Vision-Benchmark\Datasets\MTSD\Prepared\MTSD-Unaugmented\MTSD-YOLO\test\images\grp10_IMG_20251125_122515.jpg,1483.15,4417.76,1510.51,4465.36,0.6055,street sign,True,True,580.4,mtsd-p9
SAM 3,street sign,grp10_IMG_20251125_122515.jpg,E:\2. UM-Student\MSC Dissertation\Urban-Vision-Benchmark\Datasets\MTSD\Prepared\MTSD-Unaugmented\MTSD-YOLO\test\images\grp10_IMG_20251125_122515.jpg,1407.5,4041.83,1457.21,4624.0,0.3398,street sign,True,True,580.4,mtsd-p9
SAM 3,street sign,grp10_IMG_20251125_122515.jpg,E:\2. UM-Student\MSC Dissertation\Urban-Vision-Benchmark\Datasets\MTSD\Prepared\MTSD-Unaugmented\MTSD-YOLO\test\images\grp10_IMG_20251125_122515.jpg,670.02,4478.97,748.37,4624.0,0.4277,street sign,True,True,580.4,mtsd-p9
SAM 3,street sign,grp10_IMG_20251125_122515.jpg,E:\2. UM-Student\MSC Dissertation\Urban-Vision-Benchmark\Datasets\MTSD\Prepared\MTSD-Unaugmented\MTSD-YOLO\test\images\grp10_IMG_20251125_122515.jpg,1073.7,4432.03,1103.12,4522.63,0.6211,street sign,True,True,580.4,mtsd-p9
SAM 3,street sign,grp10_IMG_20251125_122819+1.jpg,E:\2. UM-Student\MSC Dissertation\Urban-Vision-Benchmark\Datasets\MTSD\Prepared\MTSD-Unaugmented\MTSD-YOLO\test\images\grp10_IMG_20251125_122819+1.jpg,584.79,3541.31,633.34,3606.76,0.3945,street sign,True,True,736.2,mtsd-p9
SAM 3,street sign,grp10_IMG_20251125_122819+1.jpg,E:\2. UM-Student\MSC Dissertation\Urban-Vision-Benchmark\Datasets\MTSD\Prepared\MTSD-Unaugmented\MTSD-YOLO\test\images\grp10_IMG_20251125_122819+1.jpg,571.05,3538.14,633.8,3759.25,0.3398,street sign,True,True,736.2,mtsd-p9
SAM 3,street sign,grp10_IMG_20251125_122819+1.jpg,E:\2. UM-Student\MSC Dissertation\Urban-Vision-Benchmark\Datasets\MTSD\Prepared\MTSD-Unaugmented\MTSD-YOLO\test\images\grp10_IMG_20251125_122819+1.jpg,705.59,2286.19,2212.06,4344.62,0.9609,street sign,True,True,736.2,mtsd-p9
SAM 3,street sign,grp10_IMG_20251125_122819+1.jpg,E:\2. UM-Student\MSC Dissertation\Urban-Vision-Benchmark\Datasets\MTSD\Prepared\MTSD-Unaugmented\MTSD-YOLO\test\images\grp10_IMG_20251125_122819+1.jpg,1288.14,1004.05,1780.23,2431.78,0.9648,street sign,True,True,736.2,mtsd-p9
SAM 3,street sign,grp10_IMG_20251125_122819+1.jpg,E:\2. UM-Student\MSC Dissertation\Urban-Vision-Benchmark\Datasets\MTSD\Prepared\MTSD-Unaugmented\MTSD-YOLO\test\images\grp10_IMG_20251125_122819+1.jpg,584.79,3614.6,671.36,3754.66,0.4961,street sign,True,True,736.2,mtsd-p9
SAM 3,street sign,grp10_IMG_20251125_122826.jpg,E:\2. UM-Student\MSC Dissertation\Urban-Vision-Benchmark\Datasets\MTSD\Prepared\MTSD-Unaugmented\MTSD-YOLO\test\images\grp10_IMG_20251125_122826.jpg,306.4,2350.76,2115.31,4545.92,0.8828,street sign,True,True,256.3,mtsd-p9
SAM 3,street sign,grp10_IMG_20251125_122826.jpg,E:\2. UM-Student\MSC Dissertation\Urban-Vision-Benchmark\Datasets\MTSD\Prepared\MTSD-Unaugmented\MTSD-YOLO\test\images\grp10_IMG_20251125_122826.jpg,838.85,1076.38,1547.99,4610.15,0.3594,street sign,True,True,256.3,mtsd-p9
SAM 3,street sign,grp10_IMG_20251125_122826.jpg,E:\2. UM-Student\MSC Dissertation\Urban-Vision-Benchmark\Datasets\MTSD\Prepared\MTSD-Unaugmented\MTSD-YOLO\test\images\grp10_IMG_20251125_122826.jpg,829.8,1040.58,1561.97,2446.02,0.8984,street sign,True,True,256.3,mtsd-p9
SAM 3,street sign,grp10_IMG_20251125_122826.jpg,E:\2. UM-Student\MSC Dissertation\Urban-Vision-Benchmark\Datasets\MTSD\Prepared\MTSD-Unaugmented\MTSD-YOLO\test\images\grp10_IMG_20251125_122826.jpg,2661.19,757.73,3465.04,1592.8,0.8086,street sign,True,True,256.3,mtsd-p9
SAM 3,street sign,grp10_IMG_20251125_123112.jpg,E:\2. UM-Student\MSC Dissertation\Urban-Vision-Benchmark\Datasets\MTSD\Prepared\MTSD-Unaugmented\MTSD-YOLO\test\images\grp10_IMG_20251125_123112.jpg,243.19,1522.59,1542.68,2724.19,0.9258,street sign,True,True,231.5,mtsd-p9
SAM 3,street sign,grp10_IMG_20251125_123112.jpg,E:\2. UM-Student\MSC Dissertation\Urban-Vision-Benchmark\Datasets\MTSD\Prepared\MTSD-Unaugmented\MTSD-YOLO\test\images\grp10_IMG_20251125_123112.jpg,1139.55,2666.95,1263.74,2898.09,0.5156,street sign,True,True,231.5,mtsd-p9
SAM 3,street sign,grp10_IMG_20251125_123425.jpg,E:\2. UM-Student\MSC Dissertation\Urban-Vision-Benchmark\Datasets\MTSD\Prepared\MTSD-Unaugmented\MTSD-YOLO\test\images\grp10_IMG_20251125_123425.jpg,,,,,,<no detections>,False,True,144.9,mtsd-p9
SAM 3,street sign,grp10_IMG_20251125_124400.jpg,E:\2. UM-Student\MSC Dissertation\Urban-Vision-Benchmark\Datasets\MTSD\Prepared\MTSD-Unaugmented\MTSD-YOLO\test\images\grp10_IMG_20251125_124400.jpg,555.44,1541.46,1515.98,3282.72,0.9258,street sign,True,True,166.1,mtsd-p9
SAM 3,street sign,grp10_IMG_20251125_124400.jpg,E:\2. UM-Student\MSC Dissertation\Urban-Vision-Benchmark\Datasets\MTSD\Prepared\MTSD-Unaugmented\MTSD-YOLO\test\images\grp10_IMG_20251125_124400.jpg,552.69,1532.75,1518.59,4624.0,0.3555,street sign,True,True,166.1,mtsd-p9
SAM 3,street sign,grp10_IMG_20251125_153252.jpg,E:\2. UM-Student\MSC Dissertation\Urban-Vision-Benchmark\Datasets\MTSD\Prepared\MTSD-Unaugmented\MTSD-YOLO\test\images\grp10_IMG_20251125_153252.jpg,2479.02,2602.56,2519.11,2642.96,0.375,street sign,True,True,823.6,mtsd-p9
SAM 3,street sign,grp10_IMG_20251125_153252.jpg,E:\2. UM-Student\MSC Dissertation\Urban-Vision-Benchmark\Datasets\MTSD\Prepared\MTSD-Unaugmented\MTSD-YOLO\test\images\grp10_IMG_20251125_153252.jpg,2526.49,2614.61,2595.68,2661.32,0.7266,street sign,True,True,823.6,mtsd-p9
SAM 3,street sign,grp10_IMG_20251125_153252.jpg,E:\2. UM-Student\MSC Dissertation\Urban-Vision-Benchmark\Datasets\MTSD\Prepared\MTSD-Unaugmented\MTSD-YOLO\test\images\grp10_IMG_20251125_153252.jpg,3101.91,2626.66,3145.15,2681.64,0.3086,street sign,True,True,823.6,mtsd-p9
SAM 3,street sign,grp10_IMG_20251125_153252.jpg,E:\2. UM-Student\MSC Dissertation\Urban-Vision-Benchmark\Datasets\MTSD\Prepared\MTSD-Unaugmented\MTSD-YOLO\test\images\grp10_IMG_20251125_153252.jpg,3410.28,2623.62,3439.17,2691.36,0.4102,street sign,True,True,823.6,mtsd-p9
SAM 3,street sign,grp10_IMG_20251125_153252.jpg,E:\2. UM-Student\MSC Dissertation\Urban-Vision-Benchmark\Datasets\MTSD\Prepared\MTSD-Unaugmented\MTSD-YOLO\test\images\grp10_IMG_20251125_153252.jpg,2146.07,2526.54,2224.1,2623.6,0.7539,street sign,True,True,823.6,mtsd-p9
SAM 3,street sign,grp10_IMG_20251125_153252.jpg,E:\2. UM-Student\MSC Dissertation\Urban-Vision-Benchmark\Datasets\MTSD\Prepared\MTSD-Unaugmented\MTSD-YOLO\test\images\grp10_IMG_20251125_153252.jpg,1290.42,780.47,2161.12,1629.87,0.9531,street sign,True,True,823.6,mtsd-p9
SAM 3,street sign,grp10_IMG_20251125_153559.jpg,E:\2. UM-Student\MSC Dissertation\Urban-Vision-Benchmark\Datasets\MTSD\Prepared\MTSD-Unaugmented\MTSD-YOLO\test\images\grp10_IMG_20251125_153559.jpg,2472.56,1612.54,3398.24,2203.9,0.4922,street sign,True,True,207.7,mtsd-p9
SAM 3,street sign,grp10_IMG_20251125_153559.jpg,E:\2. UM-Student\MSC Dissertation\Urban-Vision-Benchmark\Datasets\MTSD\Prepared\MTSD-Unaugmented\MTSD-YOLO\test\images\grp10_IMG_20251125_153559.jpg,1624.84,711.3,1936.42,1881.5,0.9023,street sign,True,True,207.7,mtsd-p9
SAM 3,street sign,grp10_IMG_20251126_123510.jpg,E:\2. UM-Student\MSC Dissertation\Urban-Vision-Benchmark\Datasets\MTSD\Prepared\MTSD-Unaugmented\MTSD-YOLO\test\images\grp10_IMG_20251126_123510.jpg,1664.66,3942.8,1716.71,4004.81,0.8516,street sign,True,True,190.4,mtsd-p9
SAM 3,street sign,grp10_IMG_20251126_123510.jpg,E:\2. UM-Student\MSC Dissertation\Urban-Vision-Benchmark\Datasets\MTSD\Prepared\MTSD-Unaugmented\MTSD-YOLO\test\images\grp10_IMG_20251126_123510.jpg,876.47,3760.44,978.28,3962.2,0.498,street sign,True,True,190.4,mtsd-p9
SAM 3,street sign,grp10_IMG_20251126_123510.jpg,E:\2. UM-Student\MSC Dissertation\Urban-Vision-Benchmark\Datasets\MTSD\Prepared\MTSD-Unaugmented\MTSD-YOLO\test\images\grp10_IMG_20251126_123510.jpg,718.6,2105.94,1399.77,2710.67,0.9609,street sign,True,True,190.4,mtsd-p9
SAM 3,street sign,grp10_IMG_20251126_123524.jpg,E:\2. UM-Student\MSC Dissertation\Urban-Vision-Benchmark\Datasets\MTSD\Prepared\MTSD-Unaugmented\MTSD-YOLO\test\images\grp10_IMG_20251126_123524.jpg,1863.17,3643.11,2080.0,4286.18,0.9102,street sign,True,True,246.1,mtsd-p9
SAM 3,street sign,grp10_IMG_20251126_123524.jpg,E:\2. UM-Student\MSC Dissertation\Urban-Vision-Benchmark\Datasets\MTSD\Prepared\MTSD-Unaugmented\MTSD-YOLO\test\images\grp10_IMG_20251126_123524.jpg,675.86,1253.96,1485.67,4620.05,0.3613,street sign,True,True,246.1,mtsd-p9
SAM 3,street sign,grp10_IMG_20251126_123524.jpg,E:\2. UM-Student\MSC Dissertation\Urban-Vision-Benchmark\Datasets\MTSD\Prepared\MTSD-Unaugmented\MTSD-YOLO\test\images\grp10_IMG_20251126_123524.jpg,1830.45,4202.19,2080.0,4617.37,0.7031,street sign,True,True,246.1,mtsd-p9
SAM 3,street sign,grp10_IMG_20251126_123524.jpg,E:\2. UM-Student\MSC Dissertation\Urban-Vision-Benchmark\Datasets\MTSD\Prepared\MTSD-Unaugmented\MTSD-YOLO\test\images\grp10_IMG_20251126_123524.jpg,659.74,2070.21,1501.28,2738.95,0.9219,street sign,True,True,246.1,mtsd-p9
SAM 3,street sign,grp10_IMG_20251126_123910.jpg,E:\2. UM-Student\MSC Dissertation\Urban-Vision-Benchmark\Datasets\MTSD\Prepared\MTSD-Unaugmented\MTSD-YOLO\test\images\grp10_IMG_20251126_123910.jpg,618.64,1250.47,1553.09,4619.04,0.3867,street sign,True,True,235.9,mtsd-p9
SAM 3,street sign,grp10_IMG_20251126_123910.jpg,E:\2. UM-Student\MSC Dissertation\Urban-Vision-Benchmark\Datasets\MTSD\Prepared\MTSD-Unaugmented\MTSD-YOLO\test\images\grp10_IMG_20251126_123910.jpg,592.95,2037.97,1574.72,2976.17,0.9492,street sign,True,True,235.9,mtsd-p9
SAM 3,street sign,grp10_IMG_20251126_123910.jpg,E:\2. UM-Student\MSC Dissertation\Urban-Vision-Benchmark\Datasets\MTSD\Prepared\MTSD-Unaugmented\MTSD-YOLO\test\images\grp10_IMG_20251126_123910.jpg,632.99,1249.67,1525.05,2041.17,0.9609,street sign,True,True,235.9,mtsd-p9
SAM 3,street sign,grp10_IMG_20251126_123910.jpg,E:\2. UM-Student\MSC Dissertation\Urban-Vision-Benchmark\Datasets\MTSD\Prepared\MTSD-Unaugmented\MTSD-YOLO\test\images\grp10_IMG_20251126_123910.jpg,1153.12,2928.76,1321.45,3169.97,0.4785,street sign,True,True,235.9,mtsd-p9
SAM 3,street sign,grp10_IMG_20260106_160010_253.jpg,E:\2. UM-Student\MSC Dissertation\Urban-Vision-Benchmark\Datasets\MTSD\Prepared\MTSD-Unaugmented\MTSD-YOLO\test\images\grp10_IMG_20260106_160010_253.jpg,1004.62,743.0,2080.04,4080.0,0.5,street sign,True,True,520.6,mtsd-p9
SAM 3,street sign,grp10_IMG_20260106_160010_253.jpg,E:\2. UM-Student\MSC Dissertation\Urban-Vision-Benchmark\Datasets\MTSD\Prepared\MTSD-Unaugmented\MTSD-YOLO\test\images\grp10_IMG_20260106_160010_253.jpg,1455.63,2491.39,1529.58,2551.13,0.7422,street sign,True,True,520.6,mtsd-p9
SAM 3,street sign,grp10_IMG_20260106_160010_253.jpg,E:\2. UM-Student\MSC Dissertation\Urban-Vision-Benchmark\Datasets\MTSD\Prepared\MTSD-Unaugmented\MTSD-YOLO\test\images\grp10_IMG_20260106_160010_253.jpg,1023.28,1600.82,2049.53,2011.94,0.9336,street sign,True,True,520.6,mtsd-p9
SAM 3,street sign,grp10_IMG_20260106_160010_253.jpg,E:\2. UM-Student\MSC Dissertation\Urban-Vision-Benchmark\Datasets\MTSD\Prepared\MTSD-Unaugmented\MTSD-YOLO\test\images\grp10_IMG_20260106_160010_253.jpg,1005.03,742.95,2071.51,1656.44,0.9414,street sign,True,True,520.6,mtsd-p9
SAM 3,street sign,grp10_IMG_20260106_160549_637.jpg,E:\2. UM-Student\MSC Dissertation\Urban-Vision-Benchmark\Datasets\MTSD\Prepared\MTSD-Unaugmented\MTSD-YOLO\test\images\grp10_IMG_20260106_160549_637.jpg,1413.04,2974.68,1552.76,3222.23,0.3359,street sign,True,True,798.3,mtsd-p9
SAM 3,street sign,grp10_IMG_20260106_160549_637.jpg,E:\2. UM-Student\MSC Dissertation\Urban-Vision-Benchmark\Datasets\MTSD\Prepared\MTSD-Unaugmented\MTSD-YOLO\test\images\grp10_IMG_20260106_160549_637.jpg,1340.81,2696.77,1380.89,2757.51,0.6562,street sign,True,True,798.3,mtsd-p9
SAM 3,street sign,grp10_IMG_20260106_160549_637.jpg,E:\2. UM-Student\MSC Dissertation\Urban-Vision-Benchmark\Datasets\MTSD\Prepared\MTSD-Unaugmented\MTSD-YOLO\test\images\grp10_IMG_20260106_160549_637.jpg,2077.27,3048.7,2554.64,3424.66,0.3594,street sign,True,True,798.3,mtsd-p9
SAM 3,street sign,grp10_IMG_20260106_160549_637.jpg,E:\2. UM-Student\MSC Dissertation\Urban-Vision-Benchmark\Datasets\MTSD\Prepared\MTSD-Unaugmented\MTSD-YOLO\test\images\grp10_IMG_20260106_160549_637.jpg,333.96,2710.44,371.4,2767.18,0.5195,street sign,True,True,798.3,mtsd-p9
SAM 3,street sign,grp10_IMG_20260106_160549_637.jpg,E:\2. UM-Student\MSC Dissertation\Urban-Vision-Benchmark\Datasets\MTSD\Prepared\MTSD-Unaugmented\MTSD-YOLO\test\images\grp10_IMG_20260106_160549_637.jpg,964.35,2675.71,1025.88,2730.24,0.4941,street sign,True,True,798.3,mtsd-p9
SAM 3,street sign,grp10_IMG_20260106_160549_637.jpg,E:\2. UM-Student\MSC Dissertation\Urban-Vision-Benchmark\Datasets\MTSD\Prepared\MTSD-Unaugmented\MTSD-YOLO\test\images\grp10_IMG_20260106_160549_637.jpg,1124.67,2669.01,1177.65,2747.07,0.7109,street sign,True,True,798.3,mtsd-p9
SAM 3,street sign,grp10_IMG_20260106_160549_637.jpg,E:\2. UM-Student\MSC Dissertation\Urban-Vision-Benchmark\Datasets\MTSD\Prepared\MTSD-Unaugmented\MTSD-YOLO\test\images\grp10_IMG_20260106_160549_637.jpg,373.36,2703.92,445.67,2773.25,0.6562,street sign,True,True,798.3,mtsd-p9
SAM 3,street sign,grp10_IMG_20260106_160549_637.jpg,E:\2. UM-Student\MSC Dissertation\Urban-Vision-Benchmark\Datasets\MTSD\Prepared\MTSD-Unaugmented\MTSD-YOLO\test\images\grp10_IMG_20260106_160549_637.jpg,1043.71,943.05,2222.09,4080.0,0.4551,street sign,True,True,798.3,mtsd-p9
SAM 3,street sign,grp10_IMG_20260106_160549_637.jpg,E:\2. UM-Student\MSC Dissertation\Urban-Vision-Benchmark\Datasets\MTSD\Prepared\MTSD-Unaugmented\MTSD-YOLO\test\images\grp10_IMG_20260106_160549_637.jpg,1494.28,2083.18,1912.16,3027.54,0.625,street sign,True,True,798.3,mtsd-p9
SAM 3,street sign,grp10_IMG_20260106_160549_637.jpg,E:\2. UM-Student\MSC Dissertation\Urban-Vision-Benchmark\Datasets\MTSD\Prepared\MTSD-Unaugmented\MTSD-YOLO\test\images\grp10_IMG_20260106_160549_637.jpg,1658.55,3007.83,1812.32,3301.88,0.416,street sign,True,True,798.3,mtsd-p9
SAM 3,street sign,grp10_IMG_20260106_160549_637.jpg,E:\2. UM-Student\MSC Dissertation\Urban-Vision-Benchmark\Datasets\MTSD\Prepared\MTSD-Unaugmented\MTSD-YOLO\test\images\grp10_IMG_20260106_160549_637.jpg,1030.74,947.17,2222.68,2090.07,0.9023,street sign,True,True,798.3,mtsd-p9
SAM 3,street sign,grp10_IMG_20260106_160549_637.jpg,E:\2. UM-Student\MSC Dissertation\Urban-Vision-Benchmark\Datasets\MTSD\Prepared\MTSD-Unaugmented\MTSD-YOLO\test\images\grp10_IMG_20260106_160549_637.jpg,1318.7,2935.46,1417.01,3196.62,0.3008,street sign,True,True,798.3,mtsd-p9
SAM 3,street sign,grp10_IMG_20260106_160608_331.jpg,E:\2. UM-Student\MSC Dissertation\Urban-Vision-Benchmark\Datasets\MTSD\Prepared\MTSD-Unaugmented\MTSD-YOLO\test\images\grp10_IMG_20260106_160608_331.jpg,1575.62,3209.34,1867.67,4071.16,0.416,street sign,True,True,546.8,mtsd-p9
SAM 3,street sign,grp10_IMG_20260106_160608_331.jpg,E:\2. UM-Student\MSC Dissertation\Urban-Vision-Benchmark\Datasets\MTSD\Prepared\MTSD-Unaugmented\MTSD-YOLO\test\images\grp10_IMG_20260106_160608_331.jpg,1193.95,2103.15,1473.03,3482.76,0.6172,street sign,True,True,546.8,mtsd-p9
SAM 3,street sign,grp10_IMG_20260106_160608_331.jpg,E:\2. UM-Student\MSC Dissertation\Urban-Vision-Benchmark\Datasets\MTSD\Prepared\MTSD-Unaugmented\MTSD-YOLO\test\images\grp10_IMG_20260106_160608_331.jpg,1069.36,938.94,2341.98,4073.16,0.3242,street sign,True,True,546.8,mtsd-p9
SAM 3,street sign,grp10_IMG_20260106_160608_331.jpg,E:\2. UM-Student\MSC Dissertation\Urban-Vision-Benchmark\Datasets\MTSD\Prepared\MTSD-Unaugmented\MTSD-YOLO\test\images\grp10_IMG_20260106_160608_331.jpg,986.73,936.97,2344.54,2284.19,0.8672,street sign,True,True,546.8,mtsd-p9
SAM 3,street sign,grp10_IMG_20260106_161746_914.jpg,E:\2. UM-Student\MSC Dissertation\Urban-Vision-Benchmark\Datasets\MTSD\Prepared\MTSD-Unaugmented\MTSD-YOLO\test\images\grp10_IMG_20260106_161746_914.jpg,1262.24,2363.4,1521.44,2484.77,0.3145,street sign,True,True,699.5,mtsd-p9
SAM 3,street sign,grp10_IMG_20260106_161746_914.jpg,E:\2. UM-Student\MSC Dissertation\Urban-Vision-Benchmark\Datasets\MTSD\Prepared\MTSD-Unaugmented\MTSD-YOLO\test\images\grp10_IMG_20260106_161746_914.jpg,153.24,2481.16,223.55,2529.34,0.3457,street sign,True,True,699.5,mtsd-p9
SAM 3,street sign,grp10_IMG_20260106_161746_914.jpg,E:\2. UM-Student\MSC Dissertation\Urban-Vision-Benchmark\Datasets\MTSD\Prepared\MTSD-Unaugmented\MTSD-YOLO\test\images\grp10_IMG_20260106_161746_914.jpg,1343.83,2064.43,1454.85,2295.66,0.4336,street sign,True,True,699.5,mtsd-p9
SAM 3,street sign,grp10_IMG_20260106_161746_914.jpg,E:\2. UM-Student\MSC Dissertation\Urban-Vision-Benchmark\Datasets\MTSD\Prepared\MTSD-Unaugmented\MTSD-YOLO\test\images\grp10_IMG_20260106_161746_914.jpg,1205.64,2189.01,1343.71,2270.39,0.3516,street sign,True,True,699.5,mtsd-p9
SAM 3,street sign,grp10_IMG_20260106_161746_914.jpg,E:\2. UM-Student\MSC Dissertation\Urban-Vision-Benchmark\Datasets\MTSD\Prepared\MTSD-Unaugmented\MTSD-YOLO\test\images\grp10_IMG_20260106_161746_914.jpg,168.56,2505.01,206.31,2542.9,0.332,street sign,True,True,699.5,mtsd-p9
SAM 3,street sign,grp10_IMG_20260106_161746_914.jpg,E:\2. UM-Student\MSC Dissertation\Urban-Vision-Benchmark\Datasets\MTSD\Prepared\MTSD-Unaugmented\MTSD-YOLO\test\images\grp10_IMG_20260106_161746_914.jpg,252.72,2467.96,343.19,2552.73,0.3418,street sign,True,True,699.5,mtsd-p9
SAM 3,street sign,grp10_IMG_20260106_161746_914.jpg,E:\2. UM-Student\MSC Dissertation\Urban-Vision-Benchmark\Datasets\MTSD\Prepared\MTSD-Unaugmented\MTSD-YOLO\test\images\grp10_IMG_20260106_161746_914.jpg,993.24,536.43,2560.81,4080.0,0.4863,street sign,True,True,699.5,mtsd-p9
SAM 3,street sign,grp10_IMG_20260106_161746_914.jpg,E:\2. UM-Student\MSC Dissertation\Urban-Vision-Benchmark\Datasets\MTSD\Prepared\MTSD-Unaugmented\MTSD-YOLO\test\images\grp10_IMG_20260106_161746_914.jpg,994.56,536.72,2556.65,2101.39,0.9375,street sign,True,True,699.5,mtsd-p9
SAM 3,street sign,grp10_IMG_20260106_162304_258.jpg,E:\2. UM-Student\MSC Dissertation\Urban-Vision-Benchmark\Datasets\MTSD\Prepared\MTSD-Unaugmented\MTSD-YOLO\test\images\grp10_IMG_20260106_162304_258.jpg,,,,,,<no detections>,False,True,193.6,mtsd-p9
SAM 3,street sign,grp10_IMG_20260110_171243_436.jpg,E:\2. UM-Student\MSC Dissertation\Urban-Vision-Benchmark\Datasets\MTSD\Prepared\MTSD-Unaugmented\MTSD-YOLO\test\images\grp10_IMG_20260110_171243_436.jpg,970.43,1031.78,1934.98,4080.0,0.5781,street sign,True,True,229.1,mtsd-p9
SAM 3,street sign,grp10_IMG_20260110_171243_436.jpg,E:\2. UM-Student\MSC Dissertation\Urban-Vision-Benchmark\Datasets\MTSD\Prepared\MTSD-Unaugmented\MTSD-YOLO\test\images\grp10_IMG_20260110_171243_436.jpg,971.77,1036.35,1937.28,1967.57,0.9297,street sign,True,True,229.1,mtsd-p9
SAM 3,street sign,grp10_IMG_20260110_172451_501.jpg,E:\2. UM-Student\MSC Dissertation\Urban-Vision-Benchmark\Datasets\MTSD\Prepared\MTSD-Unaugmented\MTSD-YOLO\test\images\grp10_IMG_20260110_172451_501.jpg,,,,,,<no detections>,False,True,197.4,mtsd-p9
SAM 3,street sign,grp10_IMG_20260110_172745_673.jpg,E:\2. UM-Student\MSC Dissertation\Urban-Vision-Benchmark\Datasets\MTSD\Prepared\MTSD-Unaugmented\MTSD-YOLO\test\images\grp10_IMG_20260110_172745_673.jpg,1299.14,1656.17,2532.7,3436.33,0.9648,street sign,True,True,192.9,mtsd-p9
SAM 3,street sign,grp10_IMG_20260110_173056_747.jpg,E:\2. UM-Student\MSC Dissertation\Urban-Vision-Benchmark\Datasets\MTSD\Prepared\MTSD-Unaugmented\MTSD-YOLO\test\images\grp10_IMG_20260110_173056_747.jpg,998.56,802.21,4080.0,1898.72,0.3574,street sign,True,True,468.1,mtsd-p9
SAM 3,street sign,grp10_IMG_20260110_173056_747.jpg,E:\2. UM-Student\MSC Dissertation\Urban-Vision-Benchmark\Datasets\MTSD\Prepared\MTSD-Unaugmented\MTSD-YOLO\test\images\grp10_IMG_20260110_173056_747.jpg,1004.25,841.71,2377.56,1601.4,0.9102,street sign,True,True,468.1,mtsd-p9
SAM 3,street sign,grp10_IMG_20260110_173056_747.jpg,E:\2. UM-Student\MSC Dissertation\Urban-Vision-Benchmark\Datasets\MTSD\Prepared\MTSD-Unaugmented\MTSD-YOLO\test\images\grp10_IMG_20260110_173056_747.jpg,1167.59,1151.82,2391.51,1894.75,0.5547,street sign,True,True,468.1,mtsd-p9
SAM 3,street sign,grp10_IMG_20260110_173308_202.jpg,E:\2. UM-Student\MSC Dissertation\Urban-Vision-Benchmark\Datasets\MTSD\Prepared\MTSD-Unaugmented\MTSD-YOLO\test\images\grp10_IMG_20260110_173308_202.jpg,3721.85,777.46,4080.0,1263.6,0.5703,street sign,True,True,181.8,mtsd-p9
SAM 3,street sign,grp10_IMG_20260110_173308_202.jpg,E:\2. UM-Student\MSC Dissertation\Urban-Vision-Benchmark\Datasets\MTSD\Prepared\MTSD-Unaugmented\MTSD-YOLO\test\images\grp10_IMG_20260110_173308_202.jpg,949.51,992.17,2303.27,2294.16,0.3203,street sign,True,True,181.8,mtsd-p9
SAM 3,street sign,grp10_IMG_20260113_083600_409.jpg,E:\2. UM-Student\MSC Dissertation\Urban-Vision-Benchmark\Datasets\MTSD\Prepared\MTSD-Unaugmented\MTSD-YOLO\test\images\grp10_IMG_20260113_083600_409.jpg,730.88,830.24,2252.49,2621.36,0.8867,street sign,True,True,524.1,mtsd-p9
SAM 3,street sign,grp10_IMG_20260113_083600_409.jpg,E:\2. UM-Student\MSC Dissertation\Urban-Vision-Benchmark\Datasets\MTSD\Prepared\MTSD-Unaugmented\MTSD-YOLO\test\images\grp10_IMG_20260113_083600_409.jpg,732.4,826.09,4080.0,2624.87,0.457,street sign,True,True,524.1,mtsd-p9
SAM 3,street sign,grp10_IMG_20260113_083728_516.jpg,E:\2. UM-Student\MSC Dissertation\Urban-Vision-Benchmark\Datasets\MTSD\Prepared\MTSD-Unaugmented\MTSD-YOLO\test\images\grp10_IMG_20260113_083728_516.jpg,3356.68,2434.59,3428.01,2494.69,0.5664,street sign,True,True,493.4,mtsd-p9
SAM 3,street sign,grp10_IMG_20260113_083728_516.jpg,E:\2. UM-Student\MSC Dissertation\Urban-Vision-Benchmark\Datasets\MTSD\Prepared\MTSD-Unaugmented\MTSD-YOLO\test\images\grp10_IMG_20260113_083728_516.jpg,688.84,622.9,2473.8,2653.64,0.5742,street sign,True,True,493.4,mtsd-p9
SAM 3,street sign,grp10_IMG_20260113_083728_516.jpg,E:\2. UM-Student\MSC Dissertation\Urban-Vision-Benchmark\Datasets\MTSD\Prepared\MTSD-Unaugmented\MTSD-YOLO\test\images\grp10_IMG_20260113_083728_516.jpg,1829.42,625.52,2466.06,2656.71,0.7461,street sign,True,True,493.4,mtsd-p9
SAM 3,street sign,grp10_IMG_20260113_083728_516.jpg,E:\2. UM-Student\MSC Dissertation\Urban-Vision-Benchmark\Datasets\MTSD\Prepared\MTSD-Unaugmented\MTSD-YOLO\test\images\grp10_IMG_20260113_083728_516.jpg,3516.23,2182.9,3560.85,2222.8,0.4902,street sign,True,True,493.4,mtsd-p9
SAM 3,street sign,grp10_IMG_20260113_083728_516.jpg,E:\2. UM-Student\MSC Dissertation\Urban-Vision-Benchmark\Datasets\MTSD\Prepared\MTSD-Unaugmented\MTSD-YOLO\test\images\grp10_IMG_20260113_083728_516.jpg,684.75,696.63,1876.79,2586.45,0.7656,street sign,True,True,493.4,mtsd-p9
SAM 3,street sign,grp10_IMG_20260113_083728_516.jpg,E:\2. UM-Student\MSC Dissertation\Urban-Vision-Benchmark\Datasets\MTSD\Prepared\MTSD-Unaugmented\MTSD-YOLO\test\images\grp10_IMG_20260113_083728_516.jpg,695.49,607.74,4061.44,2664.41,0.5234,street sign,True,True,493.4,mtsd-p9
SAM 3,street sign,grp10_IMG_20260113_083759_046.jpg,E:\2. UM-Student\MSC Dissertation\Urban-Vision-Benchmark\Datasets\MTSD\Prepared\MTSD-Unaugmented\MTSD-YOLO\test\images\grp10_IMG_20260113_083759_046.jpg,3900.56,899.14,3985.89,971.69,0.459,street sign,True,True,491.0,mtsd-p9
SAM 3,street sign,grp10_IMG_20260113_083759_046.jpg,E:\2. UM-Student\MSC Dissertation\Urban-Vision-Benchmark\Datasets\MTSD\Prepared\MTSD-Unaugmented\MTSD-YOLO\test\images\grp10_IMG_20260113_083759_046.jpg,1457.65,1011.31,2386.07,2090.77,0.6953,street sign,True,True,491.0,mtsd-p9
SAM 3,street sign,grp10_IMG_20260113_083759_046.jpg,E:\2. UM-Student\MSC Dissertation\Urban-Vision-Benchmark\Datasets\MTSD\Prepared\MTSD-Unaugmented\MTSD-YOLO\test\images\grp10_IMG_20260113_083759_046.jpg,261.43,1022.42,4080.0,2325.82,0.3477,street sign,True,True,491.0,mtsd-p9
SAM 3,street sign,grp10_IMG_20260113_083821_567.jpg,E:\2. UM-Student\MSC Dissertation\Urban-Vision-Benchmark\Datasets\MTSD\Prepared\MTSD-Unaugmented\MTSD-YOLO\test\images\grp10_IMG_20260113_083821_567.jpg,3413.63,582.31,3615.0,724.73,0.8477,street sign,True,True,406.8,mtsd-p9
SAM 3,street sign,grp10_IMG_20260113_083821_567.jpg,E:\2. UM-Student\MSC Dissertation\Urban-Vision-Benchmark\Datasets\MTSD\Prepared\MTSD-Unaugmented\MTSD-YOLO\test\images\grp10_IMG_20260113_083821_567.jpg,1875.39,950.55,2974.95,2353.86,0.3633,street sign,True,True,406.8,mtsd-p9
SAM 3,street sign,grp10_IMG_20260113_083821_567.jpg,E:\2. UM-Student\MSC Dissertation\Urban-Vision-Benchmark\Datasets\MTSD\Prepared\MTSD-Unaugmented\MTSD-YOLO\test\images\grp10_IMG_20260113_083821_567.jpg,1017.98,959.32,2429.9,2361.44,0.3301,street sign,True,True,406.8,mtsd-p9
SAM 3,street sign,grp10_IMG_20260113_083821_567.jpg,E:\2. UM-Student\MSC Dissertation\Urban-Vision-Benchmark\Datasets\MTSD\Prepared\MTSD-Unaugmented\MTSD-YOLO\test\images\grp10_IMG_20260113_083821_567.jpg,1019.07,938.46,2986.04,2365.07,0.4922,street sign,True,True,406.8,mtsd-p9
SAM 3,street sign,grp10_IMG_20260113_083821_567.jpg,E:\2. UM-Student\MSC Dissertation\Urban-Vision-Benchmark\Datasets\MTSD\Prepared\MTSD-Unaugmented\MTSD-YOLO\test\images\grp10_IMG_20260113_083821_567.jpg,1028.01,933.36,4080.0,2359.93,0.3867,street sign,True,True,406.8,mtsd-p9
SAM 3,street sign,grp10_IMG_20260113_084856_622.jpg,E:\2. UM-Student\MSC Dissertation\Urban-Vision-Benchmark\Datasets\MTSD\Prepared\MTSD-Unaugmented\MTSD-YOLO\test\images\grp10_IMG_20260113_084856_622.jpg,1056.42,884.81,4080.0,2027.14,0.3047,street sign,True,True,216.0,mtsd-p9
SAM 3,street sign,grp10_IMG_20260113_084856_622.jpg,E:\2. UM-Student\MSC Dissertation\Urban-Vision-Benchmark\Datasets\MTSD\Prepared\MTSD-Unaugmented\MTSD-YOLO\test\images\grp10_IMG_20260113_084856_622.jpg,1824.2,876.25,2592.41,2033.28,0.5625,street sign,True,True,216.0,mtsd-p9
SAM 3,street sign,grp10_IMG_20260113_084947_261.jpg,E:\2. UM-Student\MSC Dissertation\Urban-Vision-Benchmark\Datasets\MTSD\Prepared\MTSD-Unaugmented\MTSD-YOLO\test\images\grp10_IMG_20260113_084947_261.jpg,3579.32,1420.72,3861.21,1634.76,0.3516,street sign,True,True,416.5,mtsd-p9
SAM 3,street sign,grp10_IMG_20260113_084947_261.jpg,E:\2. UM-Student\MSC Dissertation\Urban-Vision-Benchmark\Datasets\MTSD\Prepared\MTSD-Unaugmented\MTSD-YOLO\test\images\grp10_IMG_20260113_084947_261.jpg,1447.28,863.15,2365.19,1947.68,0.9531,street sign,True,True,416.5,mtsd-p9
SAM 3,street sign,grp10_IMG_20260113_085011_841.jpg,E:\2. UM-Student\MSC Dissertation\Urban-Vision-Benchmark\Datasets\MTSD\Prepared\MTSD-Unaugmented\MTSD-YOLO\test\images\grp10_IMG_20260113_085011_841.jpg,3914.23,2483.86,4080.0,2693.55,0.6016,street sign,True,True,228.0,mtsd-p9
SAM 3,street sign,grp10_IMG_20260113_085011_841.jpg,E:\2. UM-Student\MSC Dissertation\Urban-Vision-Benchmark\Datasets\MTSD\Prepared\MTSD-Unaugmented\MTSD-YOLO\test\images\grp10_IMG_20260113_085011_841.jpg,918.69,536.24,2229.27,2454.14,0.6094,street sign,True,True,228.0,mtsd-p9
SAM 3,street sign,grp10_IMG_20260113_085011_841.jpg,E:\2. UM-Student\MSC Dissertation\Urban-Vision-Benchmark\Datasets\MTSD\Prepared\MTSD-Unaugmented\MTSD-YOLO\test\images\grp10_IMG_20260113_085011_841.jpg,3430.43,2479.68,4080.0,2781.92,0.3535,street sign,True,True,228.0,mtsd-p9
SAM 3,street sign,grp10_IMG_20260113_085011_841.jpg,E:\2. UM-Student\MSC Dissertation\Urban-Vision-Benchmark\Datasets\MTSD\Prepared\MTSD-Unaugmented\MTSD-YOLO\test\images\grp10_IMG_20260113_085011_841.jpg,929.25,352.37,4080.0,2496.67,0.5781,street sign,True,True,228.0,mtsd-p9
SAM 3,street sign,grp10_IMG_20260113_085011_841.jpg,E:\2. UM-Student\MSC Dissertation\Urban-Vision-Benchmark\Datasets\MTSD\Prepared\MTSD-Unaugmented\MTSD-YOLO\test\images\grp10_IMG_20260113_085011_841.jpg,1840.83,365.98,2866.55,2491.56,0.5625,street sign,True,True,228.0,mtsd-p9
SAM 3,street sign,grp10_IMG_20260113_085011_841.jpg,E:\2. UM-Student\MSC Dissertation\Urban-Vision-Benchmark\Datasets\MTSD\Prepared\MTSD-Unaugmented\MTSD-YOLO\test\images\grp10_IMG_20260113_085011_841.jpg,920.23,364.41,2869.05,2491.41,0.5508,street sign,True,True,228.0,mtsd-p9
SAM 3,street sign,grp10_IMG_20260113_085024_440.jpg,E:\2. UM-Student\MSC Dissertation\Urban-Vision-Benchmark\Datasets\MTSD\Prepared\MTSD-Unaugmented\MTSD-YOLO\test\images\grp10_IMG_20260113_085024_440.jpg,3523.37,431.93,3646.16,574.46,0.8516,street sign,True,True,497.0,mtsd-p9
SAM 3,street sign,grp10_IMG_20260113_085024_440.jpg,E:\2. UM-Student\MSC Dissertation\Urban-Vision-Benchmark\Datasets\MTSD\Prepared\MTSD-Unaugmented\MTSD-YOLO\test\images\grp10_IMG_20260113_085024_440.jpg,2272.02,814.41,3359.58,1885.5,0.9727,street sign,True,True,497.0,mtsd-p9
SAM 3,street sign,grp10_IMG_20260113_085024_440.jpg,E:\2. UM-Student\MSC Dissertation\Urban-Vision-Benchmark\Datasets\MTSD\Prepared\MTSD-Unaugmented\MTSD-YOLO\test\images\grp10_IMG_20260113_085024_440.jpg,3213.55,2097.61,3351.85,2185.33,0.625,street sign,True,True,497.0,mtsd-p9
SAM 3,street sign,grp10_IMG_20260113_085024_440.jpg,E:\2. UM-Student\MSC Dissertation\Urban-Vision-Benchmark\Datasets\MTSD\Prepared\MTSD-Unaugmented\MTSD-YOLO\test\images\grp10_IMG_20260113_085024_440.jpg,3427.49,565.91,3574.69,707.57,0.7734,street sign,True,True,497.0,mtsd-p9
SAM 3,street sign,grp10_IMG_20260113_085024_440.jpg,E:\2. UM-Student\MSC Dissertation\Urban-Vision-Benchmark\Datasets\MTSD\Prepared\MTSD-Unaugmented\MTSD-YOLO\test\images\grp10_IMG_20260113_085024_440.jpg,1306.79,882.65,2263.28,2018.6,0.9648,street sign,True,True,497.0,mtsd-p9
SAM 3,street sign,grp10_IMG_20260113_085024_440.jpg,E:\2. UM-Student\MSC Dissertation\Urban-Vision-Benchmark\Datasets\MTSD\Prepared\MTSD-Unaugmented\MTSD-YOLO\test\images\grp10_IMG_20260113_085024_440.jpg,3702.35,1040.54,3850.88,1101.33,0.6758,street sign,True,True,497.0,mtsd-p9
SAM 3,street sign,grp10_IMG_8791.jpeg,E:\2. UM-Student\MSC Dissertation\Urban-Vision-Benchmark\Datasets\MTSD\Prepared\MTSD-Unaugmented\MTSD-YOLO\test\images\grp10_IMG_8791.jpeg,521.89,2053.86,2370.07,3960.63,0.9727,street sign,True,True,212.8,mtsd-p9
SAM 3,street sign,grp10_IMG_8791.jpeg,E:\2. UM-Student\MSC Dissertation\Urban-Vision-Benchmark\Datasets\MTSD\Prepared\MTSD-Unaugmented\MTSD-YOLO\test\images\grp10_IMG_8791.jpeg,604.52,412.81,2292.71,2039.03,0.9727,street sign,True,True,212.8,mtsd-p9
SAM 3,street sign,grp10_IMG_8810.jpeg,E:\2. UM-Student\MSC Dissertation\Urban-Vision-Benchmark\Datasets\MTSD\Prepared\MTSD-Unaugmented\MTSD-YOLO\test\images\grp10_IMG_8810.jpeg,,,,,,<no detections>,False,True,148.6,mtsd-p9
SAM 3,street sign,grp10_wall_stop.jpeg,E:\2. UM-Student\MSC Dissertation\Urban-Vision-Benchmark\Datasets\MTSD\Prepared\MTSD-Unaugmented\MTSD-YOLO\test\images\grp10_wall_stop.jpeg,317.47,2418.02,397.61,2539.45,0.3555,street sign,True,True,435.4,mtsd-p9
SAM 3,street sign,grp10_wall_stop.jpeg,E:\2. UM-Student\MSC Dissertation\Urban-Vision-Benchmark\Datasets\MTSD\Prepared\MTSD-Unaugmented\MTSD-YOLO\test\images\grp10_wall_stop.jpeg,706.01,1739.21,2122.58,3843.95,0.9492,street sign,True,True,435.4,mtsd-p9
SAM 3,street sign,grp10_wall_stop.jpeg,E:\2. UM-Student\MSC Dissertation\Urban-Vision-Benchmark\Datasets\MTSD\Prepared\MTSD-Unaugmented\MTSD-YOLO\test\images\grp10_wall_stop.jpeg,844.24,563.67,2066.82,1730.04,0.957,street sign,True,True,435.4,mtsd-p9
SAM 3,street sign,grp10_WhatsApp Image 2025-11-16 at 17.52.23 (3).jpeg,E:\2. UM-Student\MSC Dissertation\Urban-Vision-Benchmark\Datasets\MTSD\Prepared\MTSD-Unaugmented\MTSD-YOLO\test\images\grp10_WhatsApp Image 2025-11-16 at 17.52.23 (3).jpeg,1404.72,1835.67,1443.62,1865.55,0.3047,street sign,True,True,136.2,mtsd-p9
SAM 3,street sign,grp10_WhatsApp Image 2025-11-16 at 17.52.23 (3).jpeg,E:\2. UM-Student\MSC Dissertation\Urban-Vision-Benchmark\Datasets\MTSD\Prepared\MTSD-Unaugmented\MTSD-YOLO\test\images\grp10_WhatsApp Image 2025-11-16 at 17.52.23 (3).jpeg,161.14,731.14,1281.93,1757.85,0.9688,street sign,True,True,136.2,mtsd-p9
SAM 3,street sign,grp10_WhatsApp Image 2025-11-16 at 17.52.25 (1).jpeg,E:\2. UM-Student\MSC Dissertation\Urban-Vision-Benchmark\Datasets\MTSD\Prepared\MTSD-Unaugmented\MTSD-YOLO\test\images\grp10_WhatsApp Image 2025-11-16 at 17.52.25 (1).jpeg,559.67,122.24,1530.0,2031.54,0.6602,street sign,True,True,136.8,mtsd-p9
SAM 3,street sign,grp10_WhatsApp Image 2025-11-16 at 17.52.25 (1).jpeg,E:\2. UM-Student\MSC Dissertation\Urban-Vision-Benchmark\Datasets\MTSD\Prepared\MTSD-Unaugmented\MTSD-YOLO\test\images\grp10_WhatsApp Image 2025-11-16 at 17.52.25 (1).jpeg,114.54,1153.22,623.42,1684.71,0.6289,street sign,True,True,136.8,mtsd-p9
SAM 3,street sign,grp10_WhatsApp Image 2025-11-16 at 17.52.25 (1).jpeg,E:\2. UM-Student\MSC Dissertation\Urban-Vision-Benchmark\Datasets\MTSD\Prepared\MTSD-Unaugmented\MTSD-YOLO\test\images\grp10_WhatsApp Image 2025-11-16 at 17.52.25 (1).jpeg,107.62,414.2,595.83,1150.11,0.5742,street sign,True,True,136.8,mtsd-p9
SAM 3,street sign,grp10_WhatsApp Image 2025-11-16 at 17.52.27.jpeg,E:\2. UM-Student\MSC Dissertation\Urban-Vision-Benchmark\Datasets\MTSD\Prepared\MTSD-Unaugmented\MTSD-YOLO\test\images\grp10_WhatsApp Image 2025-11-16 at 17.52.27.jpeg,67.73,1567.27,174.81,1705.89,0.8555,street sign,True,True,176.9,mtsd-p9
SAM 3,street sign,grp10_WhatsApp Image 2025-11-16 at 17.52.27.jpeg,E:\2. UM-Student\MSC Dissertation\Urban-Vision-Benchmark\Datasets\MTSD\Prepared\MTSD-Unaugmented\MTSD-YOLO\test\images\grp10_WhatsApp Image 2025-11-16 at 17.52.27.jpeg,148.08,1730.23,185.55,1770.85,0.7266,street sign,True,True,176.9,mtsd-p9
SAM 3,street sign,grp10_WhatsApp Image 2025-11-16 at 17.52.27.jpeg,E:\2. UM-Student\MSC Dissertation\Urban-Vision-Benchmark\Datasets\MTSD\Prepared\MTSD-Unaugmented\MTSD-YOLO\test\images\grp10_WhatsApp Image 2025-11-16 at 17.52.27.jpeg,84.45,1793.93,106.06,1820.92,0.4004,street sign,True,True,176.9,mtsd-p9
SAM 3,street sign,grp10_WhatsApp Image 2025-11-16 at 17.52.27.jpeg,E:\2. UM-Student\MSC Dissertation\Urban-Vision-Benchmark\Datasets\MTSD\Prepared\MTSD-Unaugmented\MTSD-YOLO\test\images\grp10_WhatsApp Image 2025-11-16 at 17.52.27.jpeg,992.85,1818.74,1006.46,1856.15,0.3223,street sign,True,True,176.9,mtsd-p9
SAM 3,street sign,grp10_WhatsApp Image 2025-11-16 at 17.52.27.jpeg,E:\2. UM-Student\MSC Dissertation\Urban-Vision-Benchmark\Datasets\MTSD\Prepared\MTSD-Unaugmented\MTSD-YOLO\test\images\grp10_WhatsApp Image 2025-11-16 at 17.52.27.jpeg,123.75,712.4,941.32,1452.39,0.9688,street sign,True,True,176.9,mtsd-p9
SAM 3,street sign,grp10_WhatsApp Image 2025-11-16 at 17.52.28 (3).jpeg,E:\2. UM-Student\MSC Dissertation\Urban-Vision-Benchmark\Datasets\MTSD\Prepared\MTSD-Unaugmented\MTSD-YOLO\test\images\grp10_WhatsApp Image 2025-11-16 at 17.52.28 (3).jpeg,1358.27,1476.51,1377.75,1497.17,0.3047,street sign,True,True,190.5,mtsd-p9
SAM 3,street sign,grp10_WhatsApp Image 2025-11-16 at 17.52.28 (3).jpeg,E:\2. UM-Student\MSC Dissertation\Urban-Vision-Benchmark\Datasets\MTSD\Prepared\MTSD-Unaugmented\MTSD-YOLO\test\images\grp10_WhatsApp Image 2025-11-16 at 17.52.28 (3).jpeg,1355.97,1459.05,1382.95,1476.17,0.5117,street sign,True,True,190.5,mtsd-p9
SAM 3,street sign,grp10_WhatsApp Image 2025-11-16 at 17.52.28 (3).jpeg,E:\2. UM-Student\MSC Dissertation\Urban-Vision-Benchmark\Datasets\MTSD\Prepared\MTSD-Unaugmented\MTSD-YOLO\test\images\grp10_WhatsApp Image 2025-11-16 at 17.52.28 (3).jpeg,341.42,585.38,963.69,2033.21,0.3027,street sign,True,True,190.5,mtsd-p9
SAM 3,street sign,grp10_WhatsApp Image 2025-11-16 at 17.52.28 (3).jpeg,E:\2. UM-Student\MSC Dissertation\Urban-Vision-Benchmark\Datasets\MTSD\Prepared\MTSD-Unaugmented\MTSD-YOLO\test\images\grp10_WhatsApp Image 2025-11-16 at 17.52.28 (3).jpeg,344.36,587.34,963.32,1187.88,0.957,street sign,True,True,190.5,mtsd-p9
SAM 3,street sign,grp10_WhatsApp Image 2025-11-16 at 17.52.29.jpeg,E:\2. UM-Student\MSC Dissertation\Urban-Vision-Benchmark\Datasets\MTSD\Prepared\MTSD-Unaugmented\MTSD-YOLO\test\images\grp10_WhatsApp Image 2025-11-16 at 17.52.29.jpeg,379.55,633.33,1082.26,1311.33,0.957,street sign,True,True,130.0,mtsd-p9
SAM 3,street sign,grp10_WhatsApp Image 2025-11-17 at 12.38.32 (2).jpeg,E:\2. UM-Student\MSC Dissertation\Urban-Vision-Benchmark\Datasets\MTSD\Prepared\MTSD-Unaugmented\MTSD-YOLO\test\images\grp10_WhatsApp Image 2025-11-17 at 12.38.32 (2).jpeg,298.9,625.36,1071.3,1265.09,0.9609,street sign,True,True,137.3,mtsd-p9
SAM 3,street sign,grp10_WhatsApp Image 2025-11-17 at 12.38.34.jpeg,E:\2. UM-Student\MSC Dissertation\Urban-Vision-Benchmark\Datasets\MTSD\Prepared\MTSD-Unaugmented\MTSD-YOLO\test\images\grp10_WhatsApp Image 2025-11-17 at 12.38.34.jpeg,253.29,637.31,1276.24,1556.26,0.9609,street sign,True,True,132.2,mtsd-p9
SAM 3,street sign,grp10_WhatsApp Image 2025-11-17 at 12.38.37 (2).jpeg,E:\2. UM-Student\MSC Dissertation\Urban-Vision-Benchmark\Datasets\MTSD\Prepared\MTSD-Unaugmented\MTSD-YOLO\test\images\grp10_WhatsApp Image 2025-11-17 at 12.38.37 (2).jpeg,1164.63,1807.58,1315.81,2040.0,0.9414,street sign,True,True,165.6,mtsd-p9
SAM 3,street sign,grp10_WhatsApp Image 2025-11-17 at 12.38.37 (2).jpeg,E:\2. UM-Student\MSC Dissertation\Urban-Vision-Benchmark\Datasets\MTSD\Prepared\MTSD-Unaugmented\MTSD-YOLO\test\images\grp10_WhatsApp Image 2025-11-17 at 12.38.37 (2).jpeg,902.26,533.0,1070.88,2040.0,0.3965,street sign,True,True,165.6,mtsd-p9
SAM 3,street sign,grp10_WhatsApp Image 2025-11-17 at 12.38.37 (2).jpeg,E:\2. UM-Student\MSC Dissertation\Urban-Vision-Benchmark\Datasets\MTSD\Prepared\MTSD-Unaugmented\MTSD-YOLO\test\images\grp10_WhatsApp Image 2025-11-17 at 12.38.37 (2).jpeg,981.46,537.17,1054.73,1323.89,0.7734,street sign,True,True,165.6,mtsd-p9
SAM 3,street sign,grp10_WhatsApp Image 2025-11-17 at 12.38.37 (2).jpeg,E:\2. UM-Student\MSC Dissertation\Urban-Vision-Benchmark\Datasets\MTSD\Prepared\MTSD-Unaugmented\MTSD-YOLO\test\images\grp10_WhatsApp Image 2025-11-17 at 12.38.37 (2).jpeg,935.07,1180.15,1072.14,1929.49,0.8164,street sign,True,True,165.6,mtsd-p9
SAM 3,street sign,grp10_WhatsApp Image 2025-11-17 at 15.01.27 - Edited.jpg,E:\2. UM-Student\MSC Dissertation\Urban-Vision-Benchmark\Datasets\MTSD\Prepared\MTSD-Unaugmented\MTSD-YOLO\test\images\grp10_WhatsApp Image 2025-11-17 at 15.01.27 - Edited.jpg,1053.3,1611.22,1075.83,1851.95,0.3066,street sign,True,True,141.3,mtsd-p9
SAM 3,street sign,grp10_WhatsApp Image 2025-11-17 at 15.01.27 - Edited.jpg,E:\2. UM-Student\MSC Dissertation\Urban-Vision-Benchmark\Datasets\MTSD\Prepared\MTSD-Unaugmented\MTSD-YOLO\test\images\grp10_WhatsApp Image 2025-11-17 at 15.01.27 - Edited.jpg,106.5,1584.05,119.56,1614.76,0.3281,street sign,True,True,141.3,mtsd-p9
SAM 3,street sign,grp10_WhatsApp Image 2025-11-17 at 15.01.27 - Edited.jpg,E:\2. UM-Student\MSC Dissertation\Urban-Vision-Benchmark\Datasets\MTSD\Prepared\MTSD-Unaugmented\MTSD-YOLO\test\images\grp10_WhatsApp Image 2025-11-17 at 15.01.27 - Edited.jpg,236.87,1579.06,265.97,1610.68,0.8438,street sign,True,True,141.3,mtsd-p9
SAM 3,street sign,grp10_WhatsApp Image 2025-11-17 at 15.01.27 - Edited.jpg,E:\2. UM-Student\MSC Dissertation\Urban-Vision-Benchmark\Datasets\MTSD\Prepared\MTSD-Unaugmented\MTSD-YOLO\test\images\grp10_WhatsApp Image 2025-11-17 at 15.01.27 - Edited.jpg,563.15,990.4,1163.62,1585.02,0.9727,street sign,True,True,141.3,mtsd-p9
SAM 3,street sign,grp10_WhatsApp Image 2025-11-17 at 15.01.27 - Edited.jpg,E:\2. UM-Student\MSC Dissertation\Urban-Vision-Benchmark\Datasets\MTSD\Prepared\MTSD-Unaugmented\MTSD-YOLO\test\images\grp10_WhatsApp Image 2025-11-17 at 15.01.27 - Edited.jpg,1054.71,1667.08,1066.98,1704.04,0.6641,street sign,True,True,141.3,mtsd-p9
SAM 3,street sign,grp10_WhatsApp Image 2025-11-17 at 15.01.27 - Edited.jpg,E:\2. UM-Student\MSC Dissertation\Urban-Vision-Benchmark\Datasets\MTSD\Prepared\MTSD-Unaugmented\MTSD-YOLO\test\images\grp10_WhatsApp Image 2025-11-17 at 15.01.27 - Edited.jpg,180.79,1660.24,212.64,1699.04,0.3633,street sign,True,True,141.3,mtsd-p9
SAM 3,street sign,grp10_WhatsApp Image 2025-11-17 at 15.01.27 - Edited.jpg,E:\2. UM-Student\MSC Dissertation\Urban-Vision-Benchmark\Datasets\MTSD\Prepared\MTSD-Unaugmented\MTSD-YOLO\test\images\grp10_WhatsApp Image 2025-11-17 at 15.01.27 - Edited.jpg,545.66,457.45,1191.61,985.74,0.957,street sign,True,True,141.3,mtsd-p9
SAM 3,street sign,grp10_WhatsApp Image 2025-11-17 at 15.01.27 - Edited.jpg,E:\2. UM-Student\MSC Dissertation\Urban-Vision-Benchmark\Datasets\MTSD\Prepared\MTSD-Unaugmented\MTSD-YOLO\test\images\grp10_WhatsApp Image 2025-11-17 at 15.01.27 - Edited.jpg,1049.99,1611.91,1067.04,1662.94,0.7539,street sign,True,True,141.3,mtsd-p9
SAM 3,street sign,grp10_WhatsApp Image 2025-11-17 at 15.01.44.jpeg,E:\2. UM-Student\MSC Dissertation\Urban-Vision-Benchmark\Datasets\MTSD\Prepared\MTSD-Unaugmented\MTSD-YOLO\test\images\grp10_WhatsApp Image 2025-11-17 at 15.01.44.jpeg,163.6,1953.32,195.91,1974.51,0.625,street sign,True,True,183.5,mtsd-p9
SAM 3,street sign,grp10_WhatsApp Image 2025-11-17 at 15.01.44.jpeg,E:\2. UM-Student\MSC Dissertation\Urban-Vision-Benchmark\Datasets\MTSD\Prepared\MTSD-Unaugmented\MTSD-YOLO\test\images\grp10_WhatsApp Image 2025-11-17 at 15.01.44.jpeg,785.72,543.92,875.37,1468.05,0.8867,street sign,True,True,183.5,mtsd-p9
SAM 3,street sign,grp10_WhatsApp Image 2025-11-17 at 15.01.44.jpeg,E:\2. UM-Student\MSC Dissertation\Urban-Vision-Benchmark\Datasets\MTSD\Prepared\MTSD-Unaugmented\MTSD-YOLO\test\images\grp10_WhatsApp Image 2025-11-17 at 15.01.44.jpeg,201.48,2014.0,214.59,2029.67,0.4746,street sign,True,True,183.5,mtsd-p9
SAM 3,street sign,grp10_WhatsApp Image 2025-11-17 at 15.01.45 (3).jpeg,E:\2. UM-Student\MSC Dissertation\Urban-Vision-Benchmark\Datasets\MTSD\Prepared\MTSD-Unaugmented\MTSD-YOLO\test\images\grp10_WhatsApp Image 2025-11-17 at 15.01.45 (3).jpeg,1208.49,1956.67,1280.53,2002.63,0.3457,street sign,True,True,146.6,mtsd-p9
SAM 3,street sign,grp10_WhatsApp Image 2025-11-17 at 15.01.45 (3).jpeg,E:\2. UM-Student\MSC Dissertation\Urban-Vision-Benchmark\Datasets\MTSD\Prepared\MTSD-Unaugmented\MTSD-YOLO\test\images\grp10_WhatsApp Image 2025-11-17 at 15.01.45 (3).jpeg,831.76,1397.41,955.11,2040.0,0.7188,street sign,True,True,146.6,mtsd-p9
SAM 3,street sign,grp10_WhatsApp Image 2025-11-17 at 15.01.45 (3).jpeg,E:\2. UM-Student\MSC Dissertation\Urban-Vision-Benchmark\Datasets\MTSD\Prepared\MTSD-Unaugmented\MTSD-YOLO\test\images\grp10_WhatsApp Image 2025-11-17 at 15.01.45 (3).jpeg,231.61,524.87,1227.2,1528.46,0.9258,street sign,True,True,146.6,mtsd-p9
SAM 3,street sign,grp10_WhatsApp Image 2025-11-17 at 15.01.50 (1).jpeg,E:\2. UM-Student\MSC Dissertation\Urban-Vision-Benchmark\Datasets\MTSD\Prepared\MTSD-Unaugmented\MTSD-YOLO\test\images\grp10_WhatsApp Image 2025-11-17 at 15.01.50 (1).jpeg,853.38,458.47,968.08,1739.85,0.707,street sign,True,True,128.4,mtsd-p9
SAM 3,street sign,grp10_WhatsApp Image 2025-11-17 at 15.01.50 (1).jpeg,E:\2. UM-Student\MSC Dissertation\Urban-Vision-Benchmark\Datasets\MTSD\Prepared\MTSD-Unaugmented\MTSD-YOLO\test\images\grp10_WhatsApp Image 2025-11-17 at 15.01.50 (1).jpeg,685.73,459.16,968.69,2036.31,0.3145,street sign,True,True,128.4,mtsd-p9
SAM 3,street sign,grp10_WhatsApp Image 2025-11-17 at 15.01.54.jpeg,E:\2. UM-Student\MSC Dissertation\Urban-Vision-Benchmark\Datasets\MTSD\Prepared\MTSD-Unaugmented\MTSD-YOLO\test\images\grp10_WhatsApp Image 2025-11-17 at 15.01.54.jpeg,390.74,1693.54,421.13,1906.91,0.3223,street sign,True,True,156.9,mtsd-p9
SAM 3,street sign,grp10_WhatsApp Image 2025-11-17 at 15.01.54.jpeg,E:\2. UM-Student\MSC Dissertation\Urban-Vision-Benchmark\Datasets\MTSD\Prepared\MTSD-Unaugmented\MTSD-YOLO\test\images\grp10_WhatsApp Image 2025-11-17 at 15.01.54.jpeg,651.13,1190.47,975.86,1950.42,0.7305,street sign,True,True,156.9,mtsd-p9
SAM 3,street sign,grp10_WhatsApp Image 2025-11-17 at 15.01.54.jpeg,E:\2. UM-Student\MSC Dissertation\Urban-Vision-Benchmark\Datasets\MTSD\Prepared\MTSD-Unaugmented\MTSD-YOLO\test\images\grp10_WhatsApp Image 2025-11-17 at 15.01.54.jpeg,29.46,1687.87,53.0,1714.81,0.7188,street sign,True,True,156.9,mtsd-p9
SAM 3,street sign,grp10_WhatsApp Image 2025-11-17 at 15.01.54.jpeg,E:\2. UM-Student\MSC Dissertation\Urban-Vision-Benchmark\Datasets\MTSD\Prepared\MTSD-Unaugmented\MTSD-YOLO\test\images\grp10_WhatsApp Image 2025-11-17 at 15.01.54.jpeg,386.75,1693.77,422.16,1742.74,0.5352,street sign,True,True,156.9,mtsd-p9
SAM 3,street sign,grp10_WhatsApp Image 2025-11-17 at 15.01.54.jpeg,E:\2. UM-Student\MSC Dissertation\Urban-Vision-Benchmark\Datasets\MTSD\Prepared\MTSD-Unaugmented\MTSD-YOLO\test\images\grp10_WhatsApp Image 2025-11-17 at 15.01.54.jpeg,26.82,1679.27,54.38,1819.93,0.3125,street sign,True,True,156.9,mtsd-p9
SAM 3,street sign,grp10_WhatsApp Image 2025-11-17 at 15.01.54.jpeg,E:\2. UM-Student\MSC Dissertation\Urban-Vision-Benchmark\Datasets\MTSD\Prepared\MTSD-Unaugmented\MTSD-YOLO\test\images\grp10_WhatsApp Image 2025-11-17 at 15.01.54.jpeg,265.52,195.35,1313.1,2038.37,0.4941,street sign,True,True,156.9,mtsd-p9
SAM 3,street sign,grp10_WhatsApp Image 2025-11-17 at 15.01.54.jpeg,E:\2. UM-Student\MSC Dissertation\Urban-Vision-Benchmark\Datasets\MTSD\Prepared\MTSD-Unaugmented\MTSD-YOLO\test\images\grp10_WhatsApp Image 2025-11-17 at 15.01.54.jpeg,263.77,192.03,1312.06,1191.04,0.8711,street sign,True,True,156.9,mtsd-p9
SAM 3,street sign,grp10_WhatsApp Image 2025-11-17 at 15.01.56 (1).jpeg,E:\2. UM-Student\MSC Dissertation\Urban-Vision-Benchmark\Datasets\MTSD\Prepared\MTSD-Unaugmented\MTSD-YOLO\test\images\grp10_WhatsApp Image 2025-11-17 at 15.01.56 (1).jpeg,112.49,1341.38,389.67,1978.19,0.9531,street sign,True,True,131.1,mtsd-p9
SAM 3,street sign,grp10_WhatsApp Image 2025-11-17 at 15.01.56 (1).jpeg,E:\2. UM-Student\MSC Dissertation\Urban-Vision-Benchmark\Datasets\MTSD\Prepared\MTSD-Unaugmented\MTSD-YOLO\test\images\grp10_WhatsApp Image 2025-11-17 at 15.01.56 (1).jpeg,503.85,655.65,1317.47,1374.12,0.9805,street sign,True,True,131.1,mtsd-p9
SAM 3,street sign,grp10_WhatsApp Image 2025-11-17 at 15.02.00.jpeg,E:\2. UM-Student\MSC Dissertation\Urban-Vision-Benchmark\Datasets\MTSD\Prepared\MTSD-Unaugmented\MTSD-YOLO\test\images\grp10_WhatsApp Image 2025-11-17 at 15.02.00.jpeg,470.99,1926.39,534.19,2005.47,0.3809,street sign,True,True,138.8,mtsd-p9
SAM 3,street sign,grp10_WhatsApp Image 2025-11-17 at 15.02.00.jpeg,E:\2. UM-Student\MSC Dissertation\Urban-Vision-Benchmark\Datasets\MTSD\Prepared\MTSD-Unaugmented\MTSD-YOLO\test\images\grp10_WhatsApp Image 2025-11-17 at 15.02.00.jpeg,115.43,2009.51,157.61,2040.0,0.582,street sign,True,True,138.8,mtsd-p9
SAM 3,street sign,grp10_WhatsApp Image 2025-11-17 at 15.02.00.jpeg,E:\2. UM-Student\MSC Dissertation\Urban-Vision-Benchmark\Datasets\MTSD\Prepared\MTSD-Unaugmented\MTSD-YOLO\test\images\grp10_WhatsApp Image 2025-11-17 at 15.02.00.jpeg,960.56,1951.47,978.2,1981.59,0.5469,street sign,True,True,138.8,mtsd-p9
SAM 3,street sign,grp10_WhatsApp Image 2025-11-17 at 15.02.00.jpeg,E:\2. UM-Student\MSC Dissertation\Urban-Vision-Benchmark\Datasets\MTSD\Prepared\MTSD-Unaugmented\MTSD-YOLO\test\images\grp10_WhatsApp Image 2025-11-17 at 15.02.00.jpeg,426.29,793.74,1206.59,1482.46,0.9531,street sign,True,True,138.8,mtsd-p9
SAM 3,street sign,grp10_WhatsApp Image 2025-11-20 at 16.03.01 (1).jpeg,E:\2. UM-Student\MSC Dissertation\Urban-Vision-Benchmark\Datasets\MTSD\Prepared\MTSD-Unaugmented\MTSD-YOLO\test\images\grp10_WhatsApp Image 2025-11-20 at 16.03.01 (1).jpeg,633.6,670.88,1058.82,2040.0,0.4688,street sign,True,True,144.3,mtsd-p9
SAM 3,street sign,grp10_WhatsApp Image 2025-11-20 at 16.03.01 (1).jpeg,E:\2. UM-Student\MSC Dissertation\Urban-Vision-Benchmark\Datasets\MTSD\Prepared\MTSD-Unaugmented\MTSD-YOLO\test\images\grp10_WhatsApp Image 2025-11-20 at 16.03.01 (1).jpeg,671.65,1114.68,1022.84,1508.98,0.9336,street sign,True,True,144.3,mtsd-p9
SAM 3,street sign,grp10_WhatsApp Image 2025-11-20 at 16.03.01 (1).jpeg,E:\2. UM-Student\MSC Dissertation\Urban-Vision-Benchmark\Datasets\MTSD\Prepared\MTSD-Unaugmented\MTSD-YOLO\test\images\grp10_WhatsApp Image 2025-11-20 at 16.03.01 (1).jpeg,628.28,668.59,1080.02,1112.49,0.8945,street sign,True,True,144.3,mtsd-p9
SAM 3,street sign,grp11_00ffbbb0-IMG_20251125_195040.jpg,E:\2. UM-Student\MSC Dissertation\Urban-Vision-Benchmark\Datasets\MTSD\Prepared\MTSD-Unaugmented\MTSD-YOLO\test\images\grp11_00ffbbb0-IMG_20251125_195040.jpg,1756.44,1784.83,1799.66,1829.66,0.8008,street sign,True,True,744.1,mtsd-p9
SAM 3,street sign,grp11_00ffbbb0-IMG_20251125_195040.jpg,E:\2. UM-Student\MSC Dissertation\Urban-Vision-Benchmark\Datasets\MTSD\Prepared\MTSD-Unaugmented\MTSD-YOLO\test\images\grp11_00ffbbb0-IMG_20251125_195040.jpg,1098.19,1843.95,1133.04,1896.14,0.7188,street sign,True,True,744.1,mtsd-p9
SAM 3,street sign,grp11_00ffbbb0-IMG_20251125_195040.jpg,E:\2. UM-Student\MSC Dissertation\Urban-Vision-Benchmark\Datasets\MTSD\Prepared\MTSD-Unaugmented\MTSD-YOLO\test\images\grp11_00ffbbb0-IMG_20251125_195040.jpg,2143.57,1971.67,2223.27,2046.85,0.8555,street sign,True,True,744.1,mtsd-p9
SAM 3,street sign,grp11_00ffbbb0-IMG_20251125_195040.jpg,E:\2. UM-Student\MSC Dissertation\Urban-Vision-Benchmark\Datasets\MTSD\Prepared\MTSD-Unaugmented\MTSD-YOLO\test\images\grp11_00ffbbb0-IMG_20251125_195040.jpg,1120.92,1880.66,1194.59,1934.66,0.8242,street sign,True,True,744.1,mtsd-p9
SAM 3,street sign,grp11_00ffbbb0-IMG_20251125_195040.jpg,E:\2. UM-Student\MSC Dissertation\Urban-Vision-Benchmark\Datasets\MTSD\Prepared\MTSD-Unaugmented\MTSD-YOLO\test\images\grp11_00ffbbb0-IMG_20251125_195040.jpg,1098.01,1785.83,1152.17,1839.62,0.8125,street sign,True,True,744.1,mtsd-p9
SAM 3,street sign,grp11_00ffbbb0-IMG_20251125_195040.jpg,E:\2. UM-Student\MSC Dissertation\Urban-Vision-Benchmark\Datasets\MTSD\Prepared\MTSD-Unaugmented\MTSD-YOLO\test\images\grp11_00ffbbb0-IMG_20251125_195040.jpg,1183.22,1819.18,1247.03,1882.54,0.832,street sign,True,True,744.1,mtsd-p9
SAM 3,street sign,grp11_00ffbbb0-IMG_20251125_195040.jpg,E:\2. UM-Student\MSC Dissertation\Urban-Vision-Benchmark\Datasets\MTSD\Prepared\MTSD-Unaugmented\MTSD-YOLO\test\images\grp11_00ffbbb0-IMG_20251125_195040.jpg,1013.97,721.57,1730.86,3987.76,0.3145,street sign,True,True,744.1,mtsd-p9
SAM 3,street sign,grp11_00ffbbb0-IMG_20251125_195040.jpg,E:\2. UM-Student\MSC Dissertation\Urban-Vision-Benchmark\Datasets\MTSD\Prepared\MTSD-Unaugmented\MTSD-YOLO\test\images\grp11_00ffbbb0-IMG_20251125_195040.jpg,1244.36,1816.21,1334.97,1928.56,0.6562,street sign,True,True,744.1,mtsd-p9
SAM 3,street sign,grp11_00ffbbb0-IMG_20251125_195040.jpg,E:\2. UM-Student\MSC Dissertation\Urban-Vision-Benchmark\Datasets\MTSD\Prepared\MTSD-Unaugmented\MTSD-YOLO\test\images\grp11_00ffbbb0-IMG_20251125_195040.jpg,1669.01,1829.7,1712.11,1882.89,0.7695,street sign,True,True,744.1,mtsd-p9
SAM 3,street sign,grp11_00ffbbb0-IMG_20251125_195040.jpg,E:\2. UM-Student\MSC Dissertation\Urban-Vision-Benchmark\Datasets\MTSD\Prepared\MTSD-Unaugmented\MTSD-YOLO\test\images\grp11_00ffbbb0-IMG_20251125_195040.jpg,995.3,824.91,1910.03,1766.38,0.7539,street sign,True,True,744.1,mtsd-p9
SAM 3,street sign,grp11_00ffbbb0-IMG_20251125_195040.jpg,E:\2. UM-Student\MSC Dissertation\Urban-Vision-Benchmark\Datasets\MTSD\Prepared\MTSD-Unaugmented\MTSD-YOLO\test\images\grp11_00ffbbb0-IMG_20251125_195040.jpg,1755.22,1827.66,1803.06,1876.86,0.8203,street sign,True,True,744.1,mtsd-p9
SAM 3,street sign,grp11_00ffbbb0-IMG_20251125_195040.jpg,E:\2. UM-Student\MSC Dissertation\Urban-Vision-Benchmark\Datasets\MTSD\Prepared\MTSD-Unaugmented\MTSD-YOLO\test\images\grp11_00ffbbb0-IMG_20251125_195040.jpg,1122.8,1814.1,1188.46,1884.93,0.8398,street sign,True,True,744.1,mtsd-p9
SAM 3,street sign,grp11_089d4626-IMG_20251125_192354.jpg,E:\2. UM-Student\MSC Dissertation\Urban-Vision-Benchmark\Datasets\MTSD\Prepared\MTSD-Unaugmented\MTSD-YOLO\test\images\grp11_089d4626-IMG_20251125_192354.jpg,1436.27,995.98,2170.96,1774.98,0.9297,street sign,True,True,167.1,mtsd-p9
SAM 3,street sign,grp11_089d4626-IMG_20251125_192354.jpg,E:\2. UM-Student\MSC Dissertation\Urban-Vision-Benchmark\Datasets\MTSD\Prepared\MTSD-Unaugmented\MTSD-YOLO\test\images\grp11_089d4626-IMG_20251125_192354.jpg,1431.71,991.03,2171.13,3643.56,0.4922,street sign,True,True,167.1,mtsd-p9
SAM 3,street sign,grp11_08da688f-IMG_6393.jpeg,E:\2. UM-Student\MSC Dissertation\Urban-Vision-Benchmark\Datasets\MTSD\Prepared\MTSD-Unaugmented\MTSD-YOLO\test\images\grp11_08da688f-IMG_6393.jpeg,0.0,709.73,3482.86,2766.44,0.9727,street sign,True,True,200.2,mtsd-p9
SAM 3,street sign,grp11_0ac2eda8-IMG_6412.jpeg,E:\2. UM-Student\MSC Dissertation\Urban-Vision-Benchmark\Datasets\MTSD\Prepared\MTSD-Unaugmented\MTSD-YOLO\test\images\grp11_0ac2eda8-IMG_6412.jpeg,,,,,,<no detections>,False,True,199.4,mtsd-p9
SAM 3,street sign,grp11_12031735-Pre_2026_6669.jpg,E:\2. UM-Student\MSC Dissertation\Urban-Vision-Benchmark\Datasets\MTSD\Prepared\MTSD-Unaugmented\MTSD-YOLO\test\images\grp11_12031735-Pre_2026_6669.jpg,551.38,2689.86,899.58,3674.87,0.3105,street sign,True,True,237.8,mtsd-p9
SAM 3,street sign,grp11_12031735-Pre_2026_6669.jpg,E:\2. UM-Student\MSC Dissertation\Urban-Vision-Benchmark\Datasets\MTSD\Prepared\MTSD-Unaugmented\MTSD-YOLO\test\images\grp11_12031735-Pre_2026_6669.jpg,103.38,2619.27,356.39,3925.06,0.5117,street sign,True,True,237.8,mtsd-p9
SAM 3,street sign,grp11_12031735-Pre_2026_6669.jpg,E:\2. UM-Student\MSC Dissertation\Urban-Vision-Benchmark\Datasets\MTSD\Prepared\MTSD-Unaugmented\MTSD-YOLO\test\images\grp11_12031735-Pre_2026_6669.jpg,88.46,2620.81,357.27,2870.23,0.7539,street sign,True,True,237.8,mtsd-p9
SAM 3,street sign,grp11_12031735-Pre_2026_6669.jpg,E:\2. UM-Student\MSC Dissertation\Urban-Vision-Benchmark\Datasets\MTSD\Prepared\MTSD-Unaugmented\MTSD-YOLO\test\images\grp11_12031735-Pre_2026_6669.jpg,392.14,919.04,1329.9,3747.02,0.3125,street sign,True,True,237.8,mtsd-p9
SAM 3,street sign,grp11_12031735-Pre_2026_6669.jpg,E:\2. UM-Student\MSC Dissertation\Urban-Vision-Benchmark\Datasets\MTSD\Prepared\MTSD-Unaugmented\MTSD-YOLO\test\images\grp11_12031735-Pre_2026_6669.jpg,604.41,2685.47,899.0,3072.03,0.6484,street sign,True,True,237.8,mtsd-p9
SAM 3,street sign,grp11_12031735-Pre_2026_6669.jpg,E:\2. UM-Student\MSC Dissertation\Urban-Vision-Benchmark\Datasets\MTSD\Prepared\MTSD-Unaugmented\MTSD-YOLO\test\images\grp11_12031735-Pre_2026_6669.jpg,398.19,1548.01,1363.92,2388.05,0.8203,street sign,True,True,237.8,mtsd-p9
SAM 3,street sign,grp11_12031735-Pre_2026_6669.jpg,E:\2. UM-Student\MSC Dissertation\Urban-Vision-Benchmark\Datasets\MTSD\Prepared\MTSD-Unaugmented\MTSD-YOLO\test\images\grp11_12031735-Pre_2026_6669.jpg,643.78,909.89,1325.29,1567.4,0.9453,street sign,True,True,237.8,mtsd-p9
SAM 3,street sign,grp11_1346633a-IMG_20251125_195535.jpg,E:\2. UM-Student\MSC Dissertation\Urban-Vision-Benchmark\Datasets\MTSD\Prepared\MTSD-Unaugmented\MTSD-YOLO\test\images\grp11_1346633a-IMG_20251125_195535.jpg,262.51,1834.06,416.47,1977.24,0.918,street sign,True,True,437.8,mtsd-p9
SAM 3,street sign,grp11_1346633a-IMG_20251125_195535.jpg,E:\2. UM-Student\MSC Dissertation\Urban-Vision-Benchmark\Datasets\MTSD\Prepared\MTSD-Unaugmented\MTSD-YOLO\test\images\grp11_1346633a-IMG_20251125_195535.jpg,272.92,1976.42,425.18,2111.88,0.9023,street sign,True,True,437.8,mtsd-p9
SAM 3,street sign,grp11_1346633a-IMG_20251125_195535.jpg,E:\2. UM-Student\MSC Dissertation\Urban-Vision-Benchmark\Datasets\MTSD\Prepared\MTSD-Unaugmented\MTSD-YOLO\test\images\grp11_1346633a-IMG_20251125_195535.jpg,902.11,1770.4,1551.54,4000.0,0.5391,street sign,True,True,437.8,mtsd-p9
SAM 3,street sign,grp11_1346633a-IMG_20251125_195535.jpg,E:\2. UM-Student\MSC Dissertation\Urban-Vision-Benchmark\Datasets\MTSD\Prepared\MTSD-Unaugmented\MTSD-YOLO\test\images\grp11_1346633a-IMG_20251125_195535.jpg,901.05,1781.01,1552.92,2421.29,0.9102,street sign,True,True,437.8,mtsd-p9
SAM 3,street sign,grp11_1346633a-IMG_20251125_195535.jpg,E:\2. UM-Student\MSC Dissertation\Urban-Vision-Benchmark\Datasets\MTSD\Prepared\MTSD-Unaugmented\MTSD-YOLO\test\images\grp11_1346633a-IMG_20251125_195535.jpg,893.68,1111.47,1524.82,1767.64,0.9609,street sign,True,True,437.8,mtsd-p9
SAM 3,street sign,grp11_1346633a-IMG_20251125_195535.jpg,E:\2. UM-Student\MSC Dissertation\Urban-Vision-Benchmark\Datasets\MTSD\Prepared\MTSD-Unaugmented\MTSD-YOLO\test\images\grp11_1346633a-IMG_20251125_195535.jpg,268.91,1956.84,423.17,2471.81,0.3145,street sign,True,True,437.8,mtsd-p9
SAM 3,street sign,grp11_1c6ec821-IMG_20251125_194942.jpg,E:\2. UM-Student\MSC Dissertation\Urban-Vision-Benchmark\Datasets\MTSD\Prepared\MTSD-Unaugmented\MTSD-YOLO\test\images\grp11_1c6ec821-IMG_20251125_194942.jpg,424.0,1076.64,447.73,1115.38,0.3535,street sign,True,True,507.3,mtsd-p9
SAM 3,street sign,grp11_1c6ec821-IMG_20251125_194942.jpg,E:\2. UM-Student\MSC Dissertation\Urban-Vision-Benchmark\Datasets\MTSD\Prepared\MTSD-Unaugmented\MTSD-YOLO\test\images\grp11_1c6ec821-IMG_20251125_194942.jpg,270.89,1010.03,361.18,1116.4,0.3379,street sign,True,True,507.3,mtsd-p9
SAM 3,street sign,grp11_1c6ec821-IMG_20251125_194942.jpg,E:\2. UM-Student\MSC Dissertation\Urban-Vision-Benchmark\Datasets\MTSD\Prepared\MTSD-Unaugmented\MTSD-YOLO\test\images\grp11_1c6ec821-IMG_20251125_194942.jpg,1056.07,1162.62,1820.62,1931.92,0.8789,street sign,True,True,507.3,mtsd-p9
SAM 3,street sign,grp11_1c6ec821-IMG_20251125_194942.jpg,E:\2. UM-Student\MSC Dissertation\Urban-Vision-Benchmark\Datasets\MTSD\Prepared\MTSD-Unaugmented\MTSD-YOLO\test\images\grp11_1c6ec821-IMG_20251125_194942.jpg,623.63,981.6,694.35,1078.77,0.707,street sign,True,True,507.3,mtsd-p9
SAM 3,street sign,grp11_1c6ec821-IMG_20251125_194942.jpg,E:\2. UM-Student\MSC Dissertation\Urban-Vision-Benchmark\Datasets\MTSD\Prepared\MTSD-Unaugmented\MTSD-YOLO\test\images\grp11_1c6ec821-IMG_20251125_194942.jpg,625.8,987.79,696.63,1117.05,0.5117,street sign,True,True,507.3,mtsd-p9
SAM 3,street sign,grp11_1c6ec821-IMG_20251125_194942.jpg,E:\2. UM-Student\MSC Dissertation\Urban-Vision-Benchmark\Datasets\MTSD\Prepared\MTSD-Unaugmented\MTSD-YOLO\test\images\grp11_1c6ec821-IMG_20251125_194942.jpg,629.88,1076.91,696.11,1109.36,0.5156,street sign,True,True,507.3,mtsd-p9
SAM 3,street sign,grp11_1c6ec821-IMG_20251125_194942.jpg,E:\2. UM-Student\MSC Dissertation\Urban-Vision-Benchmark\Datasets\MTSD\Prepared\MTSD-Unaugmented\MTSD-YOLO\test\images\grp11_1c6ec821-IMG_20251125_194942.jpg,780.94,1043.01,864.56,1102.68,0.8359,street sign,True,True,507.3,mtsd-p9
SAM 3,street sign,grp11_1c6ec821-IMG_20251125_194942.jpg,E:\2. UM-Student\MSC Dissertation\Urban-Vision-Benchmark\Datasets\MTSD\Prepared\MTSD-Unaugmented\MTSD-YOLO\test\images\grp11_1c6ec821-IMG_20251125_194942.jpg,1057.36,1158.63,1820.5,2785.95,0.7305,street sign,True,True,507.3,mtsd-p9
SAM 3,street sign,grp11_1c6ec821-IMG_20251125_194942.jpg,E:\2. UM-Student\MSC Dissertation\Urban-Vision-Benchmark\Datasets\MTSD\Prepared\MTSD-Unaugmented\MTSD-YOLO\test\images\grp11_1c6ec821-IMG_20251125_194942.jpg,1070.82,1049.04,1103.94,1091.15,0.3223,street sign,True,True,507.3,mtsd-p9
SAM 3,street sign,grp11_1ff1325d-IMG_1333.jpg,E:\2. UM-Student\MSC Dissertation\Urban-Vision-Benchmark\Datasets\MTSD\Prepared\MTSD-Unaugmented\MTSD-YOLO\test\images\grp11_1ff1325d-IMG_1333.jpg,795.94,606.06,1840.8,1665.73,0.8125,street sign,True,True,188.5,mtsd-p9
SAM 3,street sign,grp11_1ff1325d-IMG_1333.jpg,E:\2. UM-Student\MSC Dissertation\Urban-Vision-Benchmark\Datasets\MTSD\Prepared\MTSD-Unaugmented\MTSD-YOLO\test\images\grp11_1ff1325d-IMG_1333.jpg,270.61,0.0,1011.82,315.74,0.8594,street sign,True,True,188.5,mtsd-p9
SAM 3,street sign,grp11_1ff1325d-IMG_1333.jpg,E:\2. UM-Student\MSC Dissertation\Urban-Vision-Benchmark\Datasets\MTSD\Prepared\MTSD-Unaugmented\MTSD-YOLO\test\images\grp11_1ff1325d-IMG_1333.jpg,794.19,612.82,1841.24,4032.0,0.5195,street sign,True,True,188.5,mtsd-p9
SAM 3,street sign,grp11_217d0bb2-IMG_1445.jpg,E:\2. UM-Student\MSC Dissertation\Urban-Vision-Benchmark\Datasets\MTSD\Prepared\MTSD-Unaugmented\MTSD-YOLO\test\images\grp11_217d0bb2-IMG_1445.jpg,548.16,269.66,1551.27,1999.94,0.9219,street sign,True,True,168.2,mtsd-p9
SAM 3,street sign,grp11_217d0bb2-IMG_1445.jpg,E:\2. UM-Student\MSC Dissertation\Urban-Vision-Benchmark\Datasets\MTSD\Prepared\MTSD-Unaugmented\MTSD-YOLO\test\images\grp11_217d0bb2-IMG_1445.jpg,542.3,264.08,1541.29,4028.61,0.3359,street sign,True,True,168.2,mtsd-p9
SAM 3,street sign,grp11_243ba713-IMG_6313.jpg,E:\2. UM-Student\MSC Dissertation\Urban-Vision-Benchmark\Datasets\MTSD\Prepared\MTSD-Unaugmented\MTSD-YOLO\test\images\grp11_243ba713-IMG_6313.jpg,3420.98,5078.6,3480.89,5222.22,0.3027,street sign,True,True,6889.6,mtsd-p9
SAM 3,street sign,grp11_243ba713-IMG_6313.jpg,E:\2. UM-Student\MSC Dissertation\Urban-Vision-Benchmark\Datasets\MTSD\Prepared\MTSD-Unaugmented\MTSD-YOLO\test\images\grp11_243ba713-IMG_6313.jpg,5088.95,5245.49,5197.91,5709.02,0.3594,street sign,True,True,6889.6,mtsd-p9
SAM 3,street sign,grp11_243ba713-IMG_6313.jpg,E:\2. UM-Student\MSC Dissertation\Urban-Vision-Benchmark\Datasets\MTSD\Prepared\MTSD-Unaugmented\MTSD-YOLO\test\images\grp11_243ba713-IMG_6313.jpg,3416.87,5385.91,3533.37,5568.76,0.8438,street sign,True,True,6889.6,mtsd-p9
SAM 3,street sign,grp11_243ba713-IMG_6313.jpg,E:\2. UM-Student\MSC Dissertation\Urban-Vision-Benchmark\Datasets\MTSD\Prepared\MTSD-Unaugmented\MTSD-YOLO\test\images\grp11_243ba713-IMG_6313.jpg,1737.72,2074.65,3612.26,8064.0,0.4297,street sign,True,True,6889.6,mtsd-p9
SAM 3,street sign,grp11_243ba713-IMG_6313.jpg,E:\2. UM-Student\MSC Dissertation\Urban-Vision-Benchmark\Datasets\MTSD\Prepared\MTSD-Unaugmented\MTSD-YOLO\test\images\grp11_243ba713-IMG_6313.jpg,5087.28,5247.8,5191.23,5363.74,0.4375,street sign,True,True,6889.6,mtsd-p9
SAM 3,street sign,grp11_243ba713-IMG_6313.jpg,E:\2. UM-Student\MSC Dissertation\Urban-Vision-Benchmark\Datasets\MTSD\Prepared\MTSD-Unaugmented\MTSD-YOLO\test\images\grp11_243ba713-IMG_6313.jpg,3050.88,4503.5,3240.9,5024.89,0.6016,street sign,True,True,6889.6,mtsd-p9
SAM 3,street sign,grp11_243ba713-IMG_6313.jpg,E:\2. UM-Student\MSC Dissertation\Urban-Vision-Benchmark\Datasets\MTSD\Prepared\MTSD-Unaugmented\MTSD-YOLO\test\images\grp11_243ba713-IMG_6313.jpg,3046.25,4494.03,3255.22,6922.55,0.4297,street sign,True,True,6889.6,mtsd-p9
SAM 3,street sign,grp11_243ba713-IMG_6313.jpg,E:\2. UM-Student\MSC Dissertation\Urban-Vision-Benchmark\Datasets\MTSD\Prepared\MTSD-Unaugmented\MTSD-YOLO\test\images\grp11_243ba713-IMG_6313.jpg,1729.63,2050.03,3624.51,3853.43,0.9219,street sign,True,True,6889.6,mtsd-p9
SAM 3,street sign,grp11_243ba713-IMG_6313.jpg,E:\2. UM-Student\MSC Dissertation\Urban-Vision-Benchmark\Datasets\MTSD\Prepared\MTSD-Unaugmented\MTSD-YOLO\test\images\grp11_243ba713-IMG_6313.jpg,3915.2,5227.34,4023.57,5338.05,0.8164,street sign,True,True,6889.6,mtsd-p9
SAM 3,street sign,grp11_2960150f-Pre_2026_6705.jpg,E:\2. UM-Student\MSC Dissertation\Urban-Vision-Benchmark\Datasets\MTSD\Prepared\MTSD-Unaugmented\MTSD-YOLO\test\images\grp11_2960150f-Pre_2026_6705.jpg,914.22,2874.9,1221.27,3444.6,0.4863,street sign,True,True,225.8,mtsd-p9
SAM 3,street sign,grp11_2960150f-Pre_2026_6705.jpg,E:\2. UM-Student\MSC Dissertation\Urban-Vision-Benchmark\Datasets\MTSD\Prepared\MTSD-Unaugmented\MTSD-YOLO\test\images\grp11_2960150f-Pre_2026_6705.jpg,314.87,2190.51,1203.95,3500.83,0.8242,street sign,True,True,225.8,mtsd-p9
SAM 3,street sign,grp11_2960150f-Pre_2026_6705.jpg,E:\2. UM-Student\MSC Dissertation\Urban-Vision-Benchmark\Datasets\MTSD\Prepared\MTSD-Unaugmented\MTSD-YOLO\test\images\grp11_2960150f-Pre_2026_6705.jpg,719.1,1215.82,1403.08,2098.63,0.7773,street sign,True,True,225.8,mtsd-p9
SAM 3,street sign,grp11_2a7d15c7-Pre_2026_6626.jpg,E:\2. UM-Student\MSC Dissertation\Urban-Vision-Benchmark\Datasets\MTSD\Prepared\MTSD-Unaugmented\MTSD-YOLO\test\images\grp11_2a7d15c7-Pre_2026_6626.jpg,667.08,679.53,1667.65,4000.0,0.4316,street sign,True,True,192.3,mtsd-p9
SAM 3,street sign,grp11_2a7d15c7-Pre_2026_6626.jpg,E:\2. UM-Student\MSC Dissertation\Urban-Vision-Benchmark\Datasets\MTSD\Prepared\MTSD-Unaugmented\MTSD-YOLO\test\images\grp11_2a7d15c7-Pre_2026_6626.jpg,676.87,686.91,1663.08,1664.66,0.9453,street sign,True,True,192.3,mtsd-p9
SAM 3,street sign,grp11_2d64dcc1-IMG_20251125_194650.jpg,E:\2. UM-Student\MSC Dissertation\Urban-Vision-Benchmark\Datasets\MTSD\Prepared\MTSD-Unaugmented\MTSD-YOLO\test\images\grp11_2d64dcc1-IMG_20251125_194650.jpg,1170.67,961.01,1961.53,4000.0,0.5742,street sign,True,True,188.3,mtsd-p9
SAM 3,street sign,grp11_2d64dcc1-IMG_20251125_194650.jpg,E:\2. UM-Student\MSC Dissertation\Urban-Vision-Benchmark\Datasets\MTSD\Prepared\MTSD-Unaugmented\MTSD-YOLO\test\images\grp11_2d64dcc1-IMG_20251125_194650.jpg,1178.76,967.22,1957.62,1703.51,0.9023,street sign,True,True,188.3,mtsd-p9
SAM 3,street sign,grp11_2dae9065-IMG_20251125_195604.jpg,E:\2. UM-Student\MSC Dissertation\Urban-Vision-Benchmark\Datasets\MTSD\Prepared\MTSD-Unaugmented\MTSD-YOLO\test\images\grp11_2dae9065-IMG_20251125_195604.jpg,1330.98,282.27,1777.3,4000.0,0.3672,street sign,True,True,217.4,mtsd-p9
SAM 3,street sign,grp11_2dae9065-IMG_20251125_195604.jpg,E:\2. UM-Student\MSC Dissertation\Urban-Vision-Benchmark\Datasets\MTSD\Prepared\MTSD-Unaugmented\MTSD-YOLO\test\images\grp11_2dae9065-IMG_20251125_195604.jpg,1339.56,1147.98,1807.48,2122.62,0.9258,street sign,True,True,217.4,mtsd-p9
SAM 3,street sign,grp11_2dae9065-IMG_20251125_195604.jpg,E:\2. UM-Student\MSC Dissertation\Urban-Vision-Benchmark\Datasets\MTSD\Prepared\MTSD-Unaugmented\MTSD-YOLO\test\images\grp11_2dae9065-IMG_20251125_195604.jpg,1327.15,256.89,1755.83,1222.72,0.957,street sign,True,True,217.4,mtsd-p9
SAM 3,street sign,grp11_387a3e09-IMG_6403.jpeg,E:\2. UM-Student\MSC Dissertation\Urban-Vision-Benchmark\Datasets\MTSD\Prepared\MTSD-Unaugmented\MTSD-YOLO\test\images\grp11_387a3e09-IMG_6403.jpeg,4.27,161.66,214.37,992.5,0.3125,street sign,True,True,738.6,mtsd-p9
SAM 3,street sign,grp11_387a3e09-IMG_6403.jpeg,E:\2. UM-Student\MSC Dissertation\Urban-Vision-Benchmark\Datasets\MTSD\Prepared\MTSD-Unaugmented\MTSD-YOLO\test\images\grp11_387a3e09-IMG_6403.jpeg,1099.96,847.03,2586.45,2646.96,0.7812,street sign,True,True,738.6,mtsd-p9
SAM 3,street sign,grp11_387a3e09-IMG_6403.jpeg,E:\2. UM-Student\MSC Dissertation\Urban-Vision-Benchmark\Datasets\MTSD\Prepared\MTSD-Unaugmented\MTSD-YOLO\test\images\grp11_387a3e09-IMG_6403.jpeg,4205.27,1962.51,4253.53,2022.11,0.6445,street sign,True,True,738.6,mtsd-p9
SAM 3,street sign,grp11_387a3e09-IMG_6403.jpeg,E:\2. UM-Student\MSC Dissertation\Urban-Vision-Benchmark\Datasets\MTSD\Prepared\MTSD-Unaugmented\MTSD-YOLO\test\images\grp11_387a3e09-IMG_6403.jpeg,1397.95,2470.7,2678.45,3206.0,0.5234,street sign,True,True,738.6,mtsd-p9
SAM 3,street sign,grp11_387a3e09-IMG_6403.jpeg,E:\2. UM-Student\MSC Dissertation\Urban-Vision-Benchmark\Datasets\MTSD\Prepared\MTSD-Unaugmented\MTSD-YOLO\test\images\grp11_387a3e09-IMG_6403.jpeg,1113.29,844.49,4274.0,3198.64,0.3164,street sign,True,True,738.6,mtsd-p9
SAM 3,street sign,grp11_3a5a4d41-Pre_2026_6633.jpg,E:\2. UM-Student\MSC Dissertation\Urban-Vision-Benchmark\Datasets\MTSD\Prepared\MTSD-Unaugmented\MTSD-YOLO\test\images\grp11_3a5a4d41-Pre_2026_6633.jpg,817.03,1285.74,905.75,1389.86,0.8008,street sign,True,True,165.8,mtsd-p9
SAM 3,street sign,grp11_3a5a4d41-Pre_2026_6633.jpg,E:\2. UM-Student\MSC Dissertation\Urban-Vision-Benchmark\Datasets\MTSD\Prepared\MTSD-Unaugmented\MTSD-YOLO\test\images\grp11_3a5a4d41-Pre_2026_6633.jpg,638.15,788.66,1499.34,4000.0,0.6562,street sign,True,True,165.8,mtsd-p9
SAM 3,street sign,grp11_3a5a4d41-Pre_2026_6633.jpg,E:\2. UM-Student\MSC Dissertation\Urban-Vision-Benchmark\Datasets\MTSD\Prepared\MTSD-Unaugmented\MTSD-YOLO\test\images\grp11_3a5a4d41-Pre_2026_6633.jpg,640.94,788.9,1500.3,1654.85,0.6719,street sign,True,True,165.8,mtsd-p9
SAM 3,street sign,grp11_3f9be580-IMG_1323.jpg,E:\2. UM-Student\MSC Dissertation\Urban-Vision-Benchmark\Datasets\MTSD\Prepared\MTSD-Unaugmented\MTSD-YOLO\test\images\grp11_3f9be580-IMG_1323.jpg,1401.24,2554.44,1538.32,2685.94,0.5703,street sign,True,True,220.6,mtsd-p9
SAM 3,street sign,grp11_3f9be580-IMG_1323.jpg,E:\2. UM-Student\MSC Dissertation\Urban-Vision-Benchmark\Datasets\MTSD\Prepared\MTSD-Unaugmented\MTSD-YOLO\test\images\grp11_3f9be580-IMG_1323.jpg,1314.21,2419.7,1425.85,2480.08,0.4785,street sign,True,True,220.6,mtsd-p9
SAM 3,street sign,grp11_3f9be580-IMG_1323.jpg,E:\2. UM-Student\MSC Dissertation\Urban-Vision-Benchmark\Datasets\MTSD\Prepared\MTSD-Unaugmented\MTSD-YOLO\test\images\grp11_3f9be580-IMG_1323.jpg,1404.38,2550.87,1541.29,3173.28,0.4121,street sign,True,True,220.6,mtsd-p9
SAM 3,street sign,grp11_3f9be580-IMG_1323.jpg,E:\2. UM-Student\MSC Dissertation\Urban-Vision-Benchmark\Datasets\MTSD\Prepared\MTSD-Unaugmented\MTSD-YOLO\test\images\grp11_3f9be580-IMG_1323.jpg,986.25,2433.88,1097.37,2546.13,0.4648,street sign,True,True,220.6,mtsd-p9
SAM 3,street sign,grp11_3f9be580-IMG_1323.jpg,E:\2. UM-Student\MSC Dissertation\Urban-Vision-Benchmark\Datasets\MTSD\Prepared\MTSD-Unaugmented\MTSD-YOLO\test\images\grp11_3f9be580-IMG_1323.jpg,1057.93,336.19,2279.29,4032.0,0.5664,street sign,True,True,220.6,mtsd-p9
SAM 3,street sign,grp11_3f9be580-IMG_1323.jpg,E:\2. UM-Student\MSC Dissertation\Urban-Vision-Benchmark\Datasets\MTSD\Prepared\MTSD-Unaugmented\MTSD-YOLO\test\images\grp11_3f9be580-IMG_1323.jpg,1051.22,372.39,2282.43,1549.5,0.8359,street sign,True,True,220.6,mtsd-p9
SAM 3,street sign,grp11_4029b5b7-Pre_2026_6760.jpg,E:\2. UM-Student\MSC Dissertation\Urban-Vision-Benchmark\Datasets\MTSD\Prepared\MTSD-Unaugmented\MTSD-YOLO\test\images\grp11_4029b5b7-Pre_2026_6760.jpg,2166.7,662.28,2695.16,1231.68,0.9414,street sign,True,True,194.6,mtsd-p9
SAM 3,street sign,grp11_41188dd2-IMG_1440.jpg,E:\2. UM-Student\MSC Dissertation\Urban-Vision-Benchmark\Datasets\MTSD\Prepared\MTSD-Unaugmented\MTSD-YOLO\test\images\grp11_41188dd2-IMG_1440.jpg,1491.03,0.0,2461.53,507.53,0.582,street sign,True,True,497.6,mtsd-p9
SAM 3,street sign,grp11_41188dd2-IMG_1440.jpg,E:\2. UM-Student\MSC Dissertation\Urban-Vision-Benchmark\Datasets\MTSD\Prepared\MTSD-Unaugmented\MTSD-YOLO\test\images\grp11_41188dd2-IMG_1440.jpg,554.15,3077.85,923.58,3452.65,0.8906,street sign,True,True,497.6,mtsd-p9
SAM 3,street sign,grp11_41188dd2-IMG_1440.jpg,E:\2. UM-Student\MSC Dissertation\Urban-Vision-Benchmark\Datasets\MTSD\Prepared\MTSD-Unaugmented\MTSD-YOLO\test\images\grp11_41188dd2-IMG_1440.jpg,626.6,4.12,2446.8,4006.56,0.3672,street sign,True,True,497.6,mtsd-p9
SAM 3,street sign,grp11_41188dd2-IMG_1440.jpg,E:\2. UM-Student\MSC Dissertation\Urban-Vision-Benchmark\Datasets\MTSD\Prepared\MTSD-Unaugmented\MTSD-YOLO\test\images\grp11_41188dd2-IMG_1440.jpg,624.03,0.0,2100.87,1305.39,0.7422,street sign,True,True,497.6,mtsd-p9
SAM 3,street sign,grp11_4a7fe027-Pre_2026_6682.jpg,E:\2. UM-Student\MSC Dissertation\Urban-Vision-Benchmark\Datasets\MTSD\Prepared\MTSD-Unaugmented\MTSD-YOLO\test\images\grp11_4a7fe027-Pre_2026_6682.jpg,274.99,803.4,1647.88,4000.0,0.3711,street sign,True,True,174.9,mtsd-p9
SAM 3,street sign,grp11_4a7fe027-Pre_2026_6682.jpg,E:\2. UM-Student\MSC Dissertation\Urban-Vision-Benchmark\Datasets\MTSD\Prepared\MTSD-Unaugmented\MTSD-YOLO\test\images\grp11_4a7fe027-Pre_2026_6682.jpg,281.02,805.64,1644.03,2208.32,0.6328,street sign,True,True,174.9,mtsd-p9
SAM 3,street sign,grp11_4a8ce21e-IMG_20251125_194252.jpg,E:\2. UM-Student\MSC Dissertation\Urban-Vision-Benchmark\Datasets\MTSD\Prepared\MTSD-Unaugmented\MTSD-YOLO\test\images\grp11_4a8ce21e-IMG_20251125_194252.jpg,1723.37,2483.07,1834.05,2579.04,0.75,street sign,True,True,677.2,mtsd-p9
SAM 3,street sign,grp11_4a8ce21e-IMG_20251125_194252.jpg,E:\2. UM-Student\MSC Dissertation\Urban-Vision-Benchmark\Datasets\MTSD\Prepared\MTSD-Unaugmented\MTSD-YOLO\test\images\grp11_4a8ce21e-IMG_20251125_194252.jpg,2570.51,2434.1,2734.69,2550.86,0.6406,street sign,True,True,677.2,mtsd-p9
SAM 3,street sign,grp11_4a8ce21e-IMG_20251125_194252.jpg,E:\2. UM-Student\MSC Dissertation\Urban-Vision-Benchmark\Datasets\MTSD\Prepared\MTSD-Unaugmented\MTSD-YOLO\test\images\grp11_4a8ce21e-IMG_20251125_194252.jpg,2534.7,2315.12,2768.0,2444.0,0.875,street sign,True,True,677.2,mtsd-p9
SAM 3,street sign,grp11_4a8ce21e-IMG_20251125_194252.jpg,E:\2. UM-Student\MSC Dissertation\Urban-Vision-Benchmark\Datasets\MTSD\Prepared\MTSD-Unaugmented\MTSD-YOLO\test\images\grp11_4a8ce21e-IMG_20251125_194252.jpg,2569.09,2097.69,2722.5,2260.63,0.7109,street sign,True,True,677.2,mtsd-p9
SAM 3,street sign,grp11_4a8ce21e-IMG_20251125_194252.jpg,E:\2. UM-Student\MSC Dissertation\Urban-Vision-Benchmark\Datasets\MTSD\Prepared\MTSD-Unaugmented\MTSD-YOLO\test\images\grp11_4a8ce21e-IMG_20251125_194252.jpg,2721.7,2558.8,2817.24,2638.84,0.3633,street sign,True,True,677.2,mtsd-p9
SAM 3,street sign,grp11_4a8ce21e-IMG_20251125_194252.jpg,E:\2. UM-Student\MSC Dissertation\Urban-Vision-Benchmark\Datasets\MTSD\Prepared\MTSD-Unaugmented\MTSD-YOLO\test\images\grp11_4a8ce21e-IMG_20251125_194252.jpg,134.47,1871.28,347.68,2103.77,0.7578,street sign,True,True,677.2,mtsd-p9
SAM 3,street sign,grp11_4a8ce21e-IMG_20251125_194252.jpg,E:\2. UM-Student\MSC Dissertation\Urban-Vision-Benchmark\Datasets\MTSD\Prepared\MTSD-Unaugmented\MTSD-YOLO\test\images\grp11_4a8ce21e-IMG_20251125_194252.jpg,1721.76,2469.24,1967.51,2733.64,0.3672,street sign,True,True,677.2,mtsd-p9
SAM 3,street sign,grp11_4a8ce21e-IMG_20251125_194252.jpg,E:\2. UM-Student\MSC Dissertation\Urban-Vision-Benchmark\Datasets\MTSD\Prepared\MTSD-Unaugmented\MTSD-YOLO\test\images\grp11_4a8ce21e-IMG_20251125_194252.jpg,1562.27,1159.86,1929.77,4000.0,0.5156,street sign,True,True,677.2,mtsd-p9
SAM 3,street sign,grp11_4a8ce21e-IMG_20251125_194252.jpg,E:\2. UM-Student\MSC Dissertation\Urban-Vision-Benchmark\Datasets\MTSD\Prepared\MTSD-Unaugmented\MTSD-YOLO\test\images\grp11_4a8ce21e-IMG_20251125_194252.jpg,1391.4,1169.26,1930.09,1824.15,0.6211,street sign,True,True,677.2,mtsd-p9
SAM 3,street sign,grp11_4a8ce21e-IMG_20251125_194252.jpg,E:\2. UM-Student\MSC Dissertation\Urban-Vision-Benchmark\Datasets\MTSD\Prepared\MTSD-Unaugmented\MTSD-YOLO\test\images\grp11_4a8ce21e-IMG_20251125_194252.jpg,1627.12,1173.77,1926.93,1812.29,0.3242,street sign,True,True,677.2,mtsd-p9
SAM 3,street sign,grp11_4a8ce21e-IMG_20251125_194252.jpg,E:\2. UM-Student\MSC Dissertation\Urban-Vision-Benchmark\Datasets\MTSD\Prepared\MTSD-Unaugmented\MTSD-YOLO\test\images\grp11_4a8ce21e-IMG_20251125_194252.jpg,2567.58,2257.79,2724.0,2316.01,0.4961,street sign,True,True,677.2,mtsd-p9
SAM 3,street sign,grp11_578f49cf-IMG_6367.jpeg,E:\2. UM-Student\MSC Dissertation\Urban-Vision-Benchmark\Datasets\MTSD\Prepared\MTSD-Unaugmented\MTSD-YOLO\test\images\grp11_578f49cf-IMG_6367.jpeg,342.69,1255.67,2041.82,1987.98,0.9141,street sign,True,True,210.0,mtsd-p9
SAM 3,street sign,grp11_578f49cf-IMG_6367.jpeg,E:\2. UM-Student\MSC Dissertation\Urban-Vision-Benchmark\Datasets\MTSD\Prepared\MTSD-Unaugmented\MTSD-YOLO\test\images\grp11_578f49cf-IMG_6367.jpeg,334.46,1522.53,2069.15,2242.82,0.3809,street sign,True,True,210.0,mtsd-p9
SAM 3,street sign,grp11_59f96d19-IMG_6251.jpeg,E:\2. UM-Student\MSC Dissertation\Urban-Vision-Benchmark\Datasets\MTSD\Prepared\MTSD-Unaugmented\MTSD-YOLO\test\images\grp11_59f96d19-IMG_6251.jpeg,670.88,336.85,1011.65,2181.49,0.4199,street sign,True,True,122.8,mtsd-p9
SAM 3,street sign,grp11_59f96d19-IMG_6251.jpeg,E:\2. UM-Student\MSC Dissertation\Urban-Vision-Benchmark\Datasets\MTSD\Prepared\MTSD-Unaugmented\MTSD-YOLO\test\images\grp11_59f96d19-IMG_6251.jpeg,706.76,338.17,1012.98,1207.25,0.5938,street sign,True,True,122.8,mtsd-p9
SAM 3,street sign,grp11_5c71ae7e-IMG_6256.jpeg,E:\2. UM-Student\MSC Dissertation\Urban-Vision-Benchmark\Datasets\MTSD\Prepared\MTSD-Unaugmented\MTSD-YOLO\test\images\grp11_5c71ae7e-IMG_6256.jpeg,1970.9,3126.72,2103.73,3276.38,0.8164,street sign,True,True,407.4,mtsd-p9
SAM 3,street sign,grp11_5c71ae7e-IMG_6256.jpeg,E:\2. UM-Student\MSC Dissertation\Urban-Vision-Benchmark\Datasets\MTSD\Prepared\MTSD-Unaugmented\MTSD-YOLO\test\images\grp11_5c71ae7e-IMG_6256.jpeg,1507.8,3329.15,1728.44,3404.2,0.375,street sign,True,True,407.4,mtsd-p9
SAM 3,street sign,grp11_5c71ae7e-IMG_6256.jpeg,E:\2. UM-Student\MSC Dissertation\Urban-Vision-Benchmark\Datasets\MTSD\Prepared\MTSD-Unaugmented\MTSD-YOLO\test\images\grp11_5c71ae7e-IMG_6256.jpeg,629.66,3133.53,712.07,3229.36,0.6055,street sign,True,True,407.4,mtsd-p9
SAM 3,street sign,grp11_5c71ae7e-IMG_6256.jpeg,E:\2. UM-Student\MSC Dissertation\Urban-Vision-Benchmark\Datasets\MTSD\Prepared\MTSD-Unaugmented\MTSD-YOLO\test\images\grp11_5c71ae7e-IMG_6256.jpeg,1976.75,3127.98,2105.33,3577.97,0.4512,street sign,True,True,407.4,mtsd-p9
SAM 3,street sign,grp11_5c71ae7e-IMG_6256.jpeg,E:\2. UM-Student\MSC Dissertation\Urban-Vision-Benchmark\Datasets\MTSD\Prepared\MTSD-Unaugmented\MTSD-YOLO\test\images\grp11_5c71ae7e-IMG_6256.jpeg,819.46,1066.55,2507.34,4012.22,0.4414,street sign,True,True,407.4,mtsd-p9
SAM 3,street sign,grp11_5c71ae7e-IMG_6256.jpeg,E:\2. UM-Student\MSC Dissertation\Urban-Vision-Benchmark\Datasets\MTSD\Prepared\MTSD-Unaugmented\MTSD-YOLO\test\images\grp11_5c71ae7e-IMG_6256.jpeg,835.05,1023.59,2129.48,2076.88,0.8086,street sign,True,True,407.4,mtsd-p9
SAM 3,street sign,grp11_5cef4344-Pre_2026_6674.jpg,E:\2. UM-Student\MSC Dissertation\Urban-Vision-Benchmark\Datasets\MTSD\Prepared\MTSD-Unaugmented\MTSD-YOLO\test\images\grp11_5cef4344-Pre_2026_6674.jpg,86.12,149.54,1680.13,4000.0,0.4531,street sign,True,True,187.5,mtsd-p9
SAM 3,street sign,grp11_5cef4344-Pre_2026_6674.jpg,E:\2. UM-Student\MSC Dissertation\Urban-Vision-Benchmark\Datasets\MTSD\Prepared\MTSD-Unaugmented\MTSD-YOLO\test\images\grp11_5cef4344-Pre_2026_6674.jpg,761.27,2900.15,1202.77,3716.29,0.8281,street sign,True,True,187.5,mtsd-p9
SAM 3,street sign,grp11_5cef4344-Pre_2026_6674.jpg,E:\2. UM-Student\MSC Dissertation\Urban-Vision-Benchmark\Datasets\MTSD\Prepared\MTSD-Unaugmented\MTSD-YOLO\test\images\grp11_5cef4344-Pre_2026_6674.jpg,59.71,945.21,1699.91,2474.97,0.8945,street sign,True,True,187.5,mtsd-p9
SAM 3,street sign,grp11_5cef4344-Pre_2026_6674.jpg,E:\2. UM-Student\MSC Dissertation\Urban-Vision-Benchmark\Datasets\MTSD\Prepared\MTSD-Unaugmented\MTSD-YOLO\test\images\grp11_5cef4344-Pre_2026_6674.jpg,567.97,150.37,1663.4,1010.08,0.9453,street sign,True,True,187.5,mtsd-p9
SAM 3,street sign,grp11_6bd01c27-IMG_1442.jpg,E:\2. UM-Student\MSC Dissertation\Urban-Vision-Benchmark\Datasets\MTSD\Prepared\MTSD-Unaugmented\MTSD-YOLO\test\images\grp11_6bd01c27-IMG_1442.jpg,1078.67,424.87,1806.34,1643.4,0.9688,street sign,True,True,220.6,mtsd-p9
SAM 3,street sign,grp11_6d03b071-IMG_6395.jpeg,E:\2. UM-Student\MSC Dissertation\Urban-Vision-Benchmark\Datasets\MTSD\Prepared\MTSD-Unaugmented\MTSD-YOLO\test\images\grp11_6d03b071-IMG_6395.jpeg,1673.63,2390.91,2933.75,2846.21,0.5352,street sign,True,True,212.2,mtsd-p9
SAM 3,street sign,grp11_6d03b071-IMG_6395.jpeg,E:\2. UM-Student\MSC Dissertation\Urban-Vision-Benchmark\Datasets\MTSD\Prepared\MTSD-Unaugmented\MTSD-YOLO\test\images\grp11_6d03b071-IMG_6395.jpeg,1116.7,1151.85,2497.92,2396.8,0.9531,street sign,True,True,212.2,mtsd-p9
SAM 3,street sign,grp11_6d1c0888-IMG_20251125_191657.jpg,E:\2. UM-Student\MSC Dissertation\Urban-Vision-Benchmark\Datasets\MTSD\Prepared\MTSD-Unaugmented\MTSD-YOLO\test\images\grp11_6d1c0888-IMG_20251125_191657.jpg,1498.94,985.35,1657.31,3279.71,0.6523,street sign,True,True,190.9,mtsd-p9
SAM 3,street sign,grp11_6d1c0888-IMG_20251125_191657.jpg,E:\2. UM-Student\MSC Dissertation\Urban-Vision-Benchmark\Datasets\MTSD\Prepared\MTSD-Unaugmented\MTSD-YOLO\test\images\grp11_6d1c0888-IMG_20251125_191657.jpg,1502.58,994.6,1618.27,1635.39,0.8711,street sign,True,True,190.9,mtsd-p9
SAM 3,street sign,grp11_7041f709-IMG_1379.jpg,E:\2. UM-Student\MSC Dissertation\Urban-Vision-Benchmark\Datasets\MTSD\Prepared\MTSD-Unaugmented\MTSD-YOLO\test\images\grp11_7041f709-IMG_1379.jpg,1108.49,856.84,1756.93,3550.69,0.8242,street sign,True,True,167.8,mtsd-p9
SAM 3,street sign,grp11_7041f709-IMG_1379.jpg,E:\2. UM-Student\MSC Dissertation\Urban-Vision-Benchmark\Datasets\MTSD\Prepared\MTSD-Unaugmented\MTSD-YOLO\test\images\grp11_7041f709-IMG_1379.jpg,1109.92,858.99,1756.74,2251.01,0.8242,street sign,True,True,167.8,mtsd-p9
SAM 3,street sign,grp11_80f216ed-Pre_2026_6647.jpg,E:\2. UM-Student\MSC Dissertation\Urban-Vision-Benchmark\Datasets\MTSD\Prepared\MTSD-Unaugmented\MTSD-YOLO\test\images\grp11_80f216ed-Pre_2026_6647.jpg,883.26,802.36,1544.23,4000.0,0.6719,street sign,True,True,202.7,mtsd-p9
SAM 3,street sign,grp11_80f216ed-Pre_2026_6647.jpg,E:\2. UM-Student\MSC Dissertation\Urban-Vision-Benchmark\Datasets\MTSD\Prepared\MTSD-Unaugmented\MTSD-YOLO\test\images\grp11_80f216ed-Pre_2026_6647.jpg,885.25,802.34,1545.6,1729.85,0.6523,street sign,True,True,202.7,mtsd-p9
SAM 3,street sign,grp11_8297098a-IMG_6326.jpeg,E:\2. UM-Student\MSC Dissertation\Urban-Vision-Benchmark\Datasets\MTSD\Prepared\MTSD-Unaugmented\MTSD-YOLO\test\images\grp11_8297098a-IMG_6326.jpeg,,,,,,<no detections>,False,True,178.7,mtsd-p9
SAM 3,street sign,grp11_87a2a97d-IMG_6417.jpeg,E:\2. UM-Student\MSC Dissertation\Urban-Vision-Benchmark\Datasets\MTSD\Prepared\MTSD-Unaugmented\MTSD-YOLO\test\images\grp11_87a2a97d-IMG_6417.jpeg,1579.64,1886.66,4091.46,5455.79,0.9414,street sign,True,True,511.9,mtsd-p9
SAM 3,street sign,grp11_8d5205a5-IMG_6322.jpeg,E:\2. UM-Student\MSC Dissertation\Urban-Vision-Benchmark\Datasets\MTSD\Prepared\MTSD-Unaugmented\MTSD-YOLO\test\images\grp11_8d5205a5-IMG_6322.jpeg,861.04,1148.38,2142.2,2205.1,0.9648,street sign,True,True,259.3,mtsd-p9
SAM 3,street sign,grp11_8d5205a5-IMG_6322.jpeg,E:\2. UM-Student\MSC Dissertation\Urban-Vision-Benchmark\Datasets\MTSD\Prepared\MTSD-Unaugmented\MTSD-YOLO\test\images\grp11_8d5205a5-IMG_6322.jpeg,2161.67,962.7,2639.16,2309.13,0.957,street sign,True,True,259.3,mtsd-p9
SAM 3,street sign,grp11_8da30211-IMG_1389.jpg,E:\2. UM-Student\MSC Dissertation\Urban-Vision-Benchmark\Datasets\MTSD\Prepared\MTSD-Unaugmented\MTSD-YOLO\test\images\grp11_8da30211-IMG_1389.jpg,981.12,323.29,2142.88,4032.0,0.5938,street sign,True,True,572.5,mtsd-p9
SAM 3,street sign,grp11_8da30211-IMG_1389.jpg,E:\2. UM-Student\MSC Dissertation\Urban-Vision-Benchmark\Datasets\MTSD\Prepared\MTSD-Unaugmented\MTSD-YOLO\test\images\grp11_8da30211-IMG_1389.jpg,983.97,321.62,2141.83,1559.65,0.8984,street sign,True,True,572.5,mtsd-p9
SAM 3,street sign,grp11_92113811-IMG_1371.jpg,E:\2. UM-Student\MSC Dissertation\Urban-Vision-Benchmark\Datasets\MTSD\Prepared\MTSD-Unaugmented\MTSD-YOLO\test\images\grp11_92113811-IMG_1371.jpg,2945.07,1963.81,3023.59,3392.93,0.6289,street sign,True,True,440.6,mtsd-p9
SAM 3,street sign,grp11_92113811-IMG_1371.jpg,E:\2. UM-Student\MSC Dissertation\Urban-Vision-Benchmark\Datasets\MTSD\Prepared\MTSD-Unaugmented\MTSD-YOLO\test\images\grp11_92113811-IMG_1371.jpg,582.41,2554.58,615.74,2601.92,0.3438,street sign,True,True,440.6,mtsd-p9
SAM 3,street sign,grp11_92113811-IMG_1371.jpg,E:\2. UM-Student\MSC Dissertation\Urban-Vision-Benchmark\Datasets\MTSD\Prepared\MTSD-Unaugmented\MTSD-YOLO\test\images\grp11_92113811-IMG_1371.jpg,735.61,15.84,2348.5,3993.49,0.4355,street sign,True,True,440.6,mtsd-p9
SAM 3,street sign,grp11_92113811-IMG_1371.jpg,E:\2. UM-Student\MSC Dissertation\Urban-Vision-Benchmark\Datasets\MTSD\Prepared\MTSD-Unaugmented\MTSD-YOLO\test\images\grp11_92113811-IMG_1371.jpg,2948.18,1968.74,3001.74,2273.46,0.7969,street sign,True,True,440.6,mtsd-p9
SAM 3,street sign,grp11_92113811-IMG_1371.jpg,E:\2. UM-Student\MSC Dissertation\Urban-Vision-Benchmark\Datasets\MTSD\Prepared\MTSD-Unaugmented\MTSD-YOLO\test\images\grp11_92113811-IMG_1371.jpg,1232.83,1673.41,2227.91,3502.23,0.918,street sign,True,True,440.6,mtsd-p9
SAM 3,street sign,grp11_92113811-IMG_1371.jpg,E:\2. UM-Student\MSC Dissertation\Urban-Vision-Benchmark\Datasets\MTSD\Prepared\MTSD-Unaugmented\MTSD-YOLO\test\images\grp11_92113811-IMG_1371.jpg,724.02,0.0,2385.33,1565.23,0.9023,street sign,True,True,440.6,mtsd-p9
SAM 3,street sign,grp11_93c9acc6-Pre_2026_6752.jpg,E:\2. UM-Student\MSC Dissertation\Urban-Vision-Benchmark\Datasets\MTSD\Prepared\MTSD-Unaugmented\MTSD-YOLO\test\images\grp11_93c9acc6-Pre_2026_6752.jpg,2353.2,529.23,3283.43,1173.23,0.957,street sign,True,True,170.2,mtsd-p9
SAM 3,street sign,grp11_94c2771c-IMG_1367.jpg,E:\2. UM-Student\MSC Dissertation\Urban-Vision-Benchmark\Datasets\MTSD\Prepared\MTSD-Unaugmented\MTSD-YOLO\test\images\grp11_94c2771c-IMG_1367.jpg,1119.25,37.34,1935.28,4032.0,0.3691,street sign,True,True,234.5,mtsd-p9
SAM 3,street sign,grp11_94c2771c-IMG_1367.jpg,E:\2. UM-Student\MSC Dissertation\Urban-Vision-Benchmark\Datasets\MTSD\Prepared\MTSD-Unaugmented\MTSD-YOLO\test\images\grp11_94c2771c-IMG_1367.jpg,1092.3,360.22,1968.67,2034.45,0.9492,street sign,True,True,234.5,mtsd-p9
SAM 3,street sign,grp11_94c2771c-IMG_1367.jpg,E:\2. UM-Student\MSC Dissertation\Urban-Vision-Benchmark\Datasets\MTSD\Prepared\MTSD-Unaugmented\MTSD-YOLO\test\images\grp11_94c2771c-IMG_1367.jpg,1146.32,0.0,1889.35,312.01,0.9062,street sign,True,True,234.5,mtsd-p9
SAM 3,street sign,grp11_94c2771c-IMG_1367.jpg,E:\2. UM-Student\MSC Dissertation\Urban-Vision-Benchmark\Datasets\MTSD\Prepared\MTSD-Unaugmented\MTSD-YOLO\test\images\grp11_94c2771c-IMG_1367.jpg,1972.1,1123.47,2310.66,1354.72,0.4414,street sign,True,True,234.5,mtsd-p9
SAM 3,street sign,grp11_9adb1ffc-IMG_1447.jpg,E:\2. UM-Student\MSC Dissertation\Urban-Vision-Benchmark\Datasets\MTSD\Prepared\MTSD-Unaugmented\MTSD-YOLO\test\images\grp11_9adb1ffc-IMG_1447.jpg,1065.33,493.08,2222.27,1746.58,0.9453,street sign,True,True,179.7,mtsd-p9
SAM 3,street sign,grp11_9aea0791-Pre_2026_6686.jpg,E:\2. UM-Student\MSC Dissertation\Urban-Vision-Benchmark\Datasets\MTSD\Prepared\MTSD-Unaugmented\MTSD-YOLO\test\images\grp11_9aea0791-Pre_2026_6686.jpg,545.38,752.12,842.36,1671.1,0.3652,street sign,True,True,238.0,mtsd-p9
SAM 3,street sign,grp11_9aea0791-Pre_2026_6686.jpg,E:\2. UM-Student\MSC Dissertation\Urban-Vision-Benchmark\Datasets\MTSD\Prepared\MTSD-Unaugmented\MTSD-YOLO\test\images\grp11_9aea0791-Pre_2026_6686.jpg,545.97,699.16,1237.4,4000.0,0.5977,street sign,True,True,238.0,mtsd-p9
SAM 3,street sign,grp11_9aea0791-Pre_2026_6686.jpg,E:\2. UM-Student\MSC Dissertation\Urban-Vision-Benchmark\Datasets\MTSD\Prepared\MTSD-Unaugmented\MTSD-YOLO\test\images\grp11_9aea0791-Pre_2026_6686.jpg,651.76,691.29,1238.91,1688.03,0.8867,street sign,True,True,238.0,mtsd-p9
SAM 3,street sign,grp11_9e3f1527-IMG_6303.jpeg,E:\2. UM-Student\MSC Dissertation\Urban-Vision-Benchmark\Datasets\MTSD\Prepared\MTSD-Unaugmented\MTSD-YOLO\test\images\grp11_9e3f1527-IMG_6303.jpeg,0.0,0.0,1192.96,295.35,0.6445,street sign,True,True,205.0,mtsd-p9
SAM 3,street sign,grp11_9e3f1527-IMG_6303.jpeg,E:\2. UM-Student\MSC Dissertation\Urban-Vision-Benchmark\Datasets\MTSD\Prepared\MTSD-Unaugmented\MTSD-YOLO\test\images\grp11_9e3f1527-IMG_6303.jpeg,1314.46,582.57,2574.01,2433.56,0.7578,street sign,True,True,205.0,mtsd-p9
SAM 3,street sign,grp11_a9ff1854-IMG_6408.jpeg,E:\2. UM-Student\MSC Dissertation\Urban-Vision-Benchmark\Datasets\MTSD\Prepared\MTSD-Unaugmented\MTSD-YOLO\test\images\grp11_a9ff1854-IMG_6408.jpeg,1841.42,667.94,3121.68,1835.87,0.9727,street sign,True,True,196.8,mtsd-p9
SAM 3,street sign,grp11_a9ff1854-IMG_6408.jpeg,E:\2. UM-Student\MSC Dissertation\Urban-Vision-Benchmark\Datasets\MTSD\Prepared\MTSD-Unaugmented\MTSD-YOLO\test\images\grp11_a9ff1854-IMG_6408.jpeg,595.24,575.65,1823.18,1826.46,0.9727,street sign,True,True,196.8,mtsd-p9
SAM 3,street sign,grp11_aff5c880-IMG_6324.jpeg,E:\2. UM-Student\MSC Dissertation\Urban-Vision-Benchmark\Datasets\MTSD\Prepared\MTSD-Unaugmented\MTSD-YOLO\test\images\grp11_aff5c880-IMG_6324.jpeg,2412.77,3450.2,2487.11,3576.07,0.7461,street sign,True,True,477.9,mtsd-p9
SAM 3,street sign,grp11_aff5c880-IMG_6324.jpeg,E:\2. UM-Student\MSC Dissertation\Urban-Vision-Benchmark\Datasets\MTSD\Prepared\MTSD-Unaugmented\MTSD-YOLO\test\images\grp11_aff5c880-IMG_6324.jpeg,1904.16,3504.56,1960.62,3588.16,0.7539,street sign,True,True,477.9,mtsd-p9
SAM 3,street sign,grp11_aff5c880-IMG_6324.jpeg,E:\2. UM-Student\MSC Dissertation\Urban-Vision-Benchmark\Datasets\MTSD\Prepared\MTSD-Unaugmented\MTSD-YOLO\test\images\grp11_aff5c880-IMG_6324.jpeg,2411.94,3514.31,2490.03,3576.3,0.5195,street sign,True,True,477.9,mtsd-p9
SAM 3,street sign,grp11_aff5c880-IMG_6324.jpeg,E:\2. UM-Student\MSC Dissertation\Urban-Vision-Benchmark\Datasets\MTSD\Prepared\MTSD-Unaugmented\MTSD-YOLO\test\images\grp11_aff5c880-IMG_6324.jpeg,1134.85,1256.8,1974.89,2151.78,0.9648,street sign,True,True,477.9,mtsd-p9
SAM 3,street sign,grp11_aff5c880-IMG_6324.jpeg,E:\2. UM-Student\MSC Dissertation\Urban-Vision-Benchmark\Datasets\MTSD\Prepared\MTSD-Unaugmented\MTSD-YOLO\test\images\grp11_aff5c880-IMG_6324.jpeg,2424.31,3451.64,2480.35,3533.76,0.5977,street sign,True,True,477.9,mtsd-p9
SAM 3,street sign,grp11_b25d900c-Pre_2026_6648.jpg,E:\2. UM-Student\MSC Dissertation\Urban-Vision-Benchmark\Datasets\MTSD\Prepared\MTSD-Unaugmented\MTSD-YOLO\test\images\grp11_b25d900c-Pre_2026_6648.jpg,722.82,921.74,1312.36,4000.0,0.4414,street sign,True,True,171.7,mtsd-p9
SAM 3,street sign,grp11_b25d900c-Pre_2026_6648.jpg,E:\2. UM-Student\MSC Dissertation\Urban-Vision-Benchmark\Datasets\MTSD\Prepared\MTSD-Unaugmented\MTSD-YOLO\test\images\grp11_b25d900c-Pre_2026_6648.jpg,722.31,917.93,1314.92,1600.79,0.4551,street sign,True,True,171.7,mtsd-p9
SAM 3,street sign,grp11_b40e574e-IMG_1307.jpg,E:\2. UM-Student\MSC Dissertation\Urban-Vision-Benchmark\Datasets\MTSD\Prepared\MTSD-Unaugmented\MTSD-YOLO\test\images\grp11_b40e574e-IMG_1307.jpg,1505.28,1728.14,1543.53,1965.33,0.3164,street sign,True,True,932.2,mtsd-p9
SAM 3,street sign,grp11_b40e574e-IMG_1307.jpg,E:\2. UM-Student\MSC Dissertation\Urban-Vision-Benchmark\Datasets\MTSD\Prepared\MTSD-Unaugmented\MTSD-YOLO\test\images\grp11_b40e574e-IMG_1307.jpg,1360.2,1909.29,1390.47,1972.47,0.332,street sign,True,True,932.2,mtsd-p9
SAM 3,street sign,grp11_b40e574e-IMG_1307.jpg,E:\2. UM-Student\MSC Dissertation\Urban-Vision-Benchmark\Datasets\MTSD\Prepared\MTSD-Unaugmented\MTSD-YOLO\test\images\grp11_b40e574e-IMG_1307.jpg,1320.94,1026.11,1915.25,1248.63,0.9141,street sign,True,True,932.2,mtsd-p9
SAM 3,street sign,grp11_b40e574e-IMG_1307.jpg,E:\2. UM-Student\MSC Dissertation\Urban-Vision-Benchmark\Datasets\MTSD\Prepared\MTSD-Unaugmented\MTSD-YOLO\test\images\grp11_b40e574e-IMG_1307.jpg,176.02,928.86,567.4,1445.98,0.6328,street sign,True,True,932.2,mtsd-p9
SAM 3,street sign,grp11_b40e574e-IMG_1307.jpg,E:\2. UM-Student\MSC Dissertation\Urban-Vision-Benchmark\Datasets\MTSD\Prepared\MTSD-Unaugmented\MTSD-YOLO\test\images\grp11_b40e574e-IMG_1307.jpg,1060.34,1764.1,1100.81,1835.02,0.3984,street sign,True,True,932.2,mtsd-p9
SAM 3,street sign,grp11_b40e574e-IMG_1307.jpg,E:\2. UM-Student\MSC Dissertation\Urban-Vision-Benchmark\Datasets\MTSD\Prepared\MTSD-Unaugmented\MTSD-YOLO\test\images\grp11_b40e574e-IMG_1307.jpg,459.92,1789.59,501.25,1875.57,0.4434,street sign,True,True,932.2,mtsd-p9
SAM 3,street sign,grp11_b40e574e-IMG_1307.jpg,E:\2. UM-Student\MSC Dissertation\Urban-Vision-Benchmark\Datasets\MTSD\Prepared\MTSD-Unaugmented\MTSD-YOLO\test\images\grp11_b40e574e-IMG_1307.jpg,1500.1,1727.13,1544.64,1810.42,0.4336,street sign,True,True,932.2,mtsd-p9
SAM 3,street sign,grp11_b40e574e-IMG_1307.jpg,E:\2. UM-Student\MSC Dissertation\Urban-Vision-Benchmark\Datasets\MTSD\Prepared\MTSD-Unaugmented\MTSD-YOLO\test\images\grp11_b40e574e-IMG_1307.jpg,1904.81,1823.28,1945.0,1878.26,0.3066,street sign,True,True,932.2,mtsd-p9
SAM 3,street sign,grp11_b40e574e-IMG_1307.jpg,E:\2. UM-Student\MSC Dissertation\Urban-Vision-Benchmark\Datasets\MTSD\Prepared\MTSD-Unaugmented\MTSD-YOLO\test\images\grp11_b40e574e-IMG_1307.jpg,1054.85,1851.77,1165.67,2007.13,0.832,street sign,True,True,932.2,mtsd-p9
SAM 3,street sign,grp11_b40e574e-IMG_1307.jpg,E:\2. UM-Student\MSC Dissertation\Urban-Vision-Benchmark\Datasets\MTSD\Prepared\MTSD-Unaugmented\MTSD-YOLO\test\images\grp11_b40e574e-IMG_1307.jpg,1238.37,272.72,1986.74,3635.67,0.4199,street sign,True,True,932.2,mtsd-p9
SAM 3,street sign,grp11_b40e574e-IMG_1307.jpg,E:\2. UM-Student\MSC Dissertation\Urban-Vision-Benchmark\Datasets\MTSD\Prepared\MTSD-Unaugmented\MTSD-YOLO\test\images\grp11_b40e574e-IMG_1307.jpg,711.71,0.0,1506.46,306.3,0.8555,street sign,True,True,932.2,mtsd-p9
SAM 3,street sign,grp11_b40e574e-IMG_1307.jpg,E:\2. UM-Student\MSC Dissertation\Urban-Vision-Benchmark\Datasets\MTSD\Prepared\MTSD-Unaugmented\MTSD-YOLO\test\images\grp11_b40e574e-IMG_1307.jpg,1227.16,272.11,1988.77,1056.78,0.9453,street sign,True,True,932.2,mtsd-p9
SAM 3,street sign,grp11_b40e574e-IMG_1307.jpg,E:\2. UM-Student\MSC Dissertation\Urban-Vision-Benchmark\Datasets\MTSD\Prepared\MTSD-Unaugmented\MTSD-YOLO\test\images\grp11_b40e574e-IMG_1307.jpg,1653.13,1794.65,1688.95,1848.88,0.5508,street sign,True,True,932.2,mtsd-p9
SAM 3,street sign,grp11_b40e574e-IMG_1307.jpg,E:\2. UM-Student\MSC Dissertation\Urban-Vision-Benchmark\Datasets\MTSD\Prepared\MTSD-Unaugmented\MTSD-YOLO\test\images\grp11_b40e574e-IMG_1307.jpg,1930.51,1510.86,1964.58,1547.86,0.3828,street sign,True,True,932.2,mtsd-p9
SAM 3,street sign,grp11_b40e574e-IMG_1307.jpg,E:\2. UM-Student\MSC Dissertation\Urban-Vision-Benchmark\Datasets\MTSD\Prepared\MTSD-Unaugmented\MTSD-YOLO\test\images\grp11_b40e574e-IMG_1307.jpg,1931.06,1541.41,1964.4,1596.92,0.3711,street sign,True,True,932.2,mtsd-p9
SAM 3,street sign,grp11_b4a34518-Pre_2026_6659.jpg,E:\2. UM-Student\MSC Dissertation\Urban-Vision-Benchmark\Datasets\MTSD\Prepared\MTSD-Unaugmented\MTSD-YOLO\test\images\grp11_b4a34518-Pre_2026_6659.jpg,2117.36,2194.37,2209.25,2496.97,0.4766,street sign,True,True,223.5,mtsd-p9
SAM 3,street sign,grp11_b4a34518-Pre_2026_6659.jpg,E:\2. UM-Student\MSC Dissertation\Urban-Vision-Benchmark\Datasets\MTSD\Prepared\MTSD-Unaugmented\MTSD-YOLO\test\images\grp11_b4a34518-Pre_2026_6659.jpg,577.34,1601.87,1030.72,2348.87,0.8633,street sign,True,True,223.5,mtsd-p9
SAM 3,street sign,grp11_b4a34518-Pre_2026_6659.jpg,E:\2. UM-Student\MSC Dissertation\Urban-Vision-Benchmark\Datasets\MTSD\Prepared\MTSD-Unaugmented\MTSD-YOLO\test\images\grp11_b4a34518-Pre_2026_6659.jpg,578.41,836.15,1307.04,3999.4,0.4629,street sign,True,True,223.5,mtsd-p9
SAM 3,street sign,grp11_b4a34518-Pre_2026_6659.jpg,E:\2. UM-Student\MSC Dissertation\Urban-Vision-Benchmark\Datasets\MTSD\Prepared\MTSD-Unaugmented\MTSD-YOLO\test\images\grp11_b4a34518-Pre_2026_6659.jpg,2119.0,2193.09,2174.93,2260.54,0.6406,street sign,True,True,223.5,mtsd-p9
SAM 3,street sign,grp11_b4a34518-Pre_2026_6659.jpg,E:\2. UM-Student\MSC Dissertation\Urban-Vision-Benchmark\Datasets\MTSD\Prepared\MTSD-Unaugmented\MTSD-YOLO\test\images\grp11_b4a34518-Pre_2026_6659.jpg,591.25,825.89,1302.98,1701.06,0.9531,street sign,True,True,223.5,mtsd-p9
SAM 3,street sign,grp11_bab711b8-IMG_20251125_192613.jpg,E:\2. UM-Student\MSC Dissertation\Urban-Vision-Benchmark\Datasets\MTSD\Prepared\MTSD-Unaugmented\MTSD-YOLO\test\images\grp11_bab711b8-IMG_20251125_192613.jpg,1120.76,781.12,1846.32,4000.0,0.5859,street sign,True,True,181.5,mtsd-p9
SAM 3,street sign,grp11_bab711b8-IMG_20251125_192613.jpg,E:\2. UM-Student\MSC Dissertation\Urban-Vision-Benchmark\Datasets\MTSD\Prepared\MTSD-Unaugmented\MTSD-YOLO\test\images\grp11_bab711b8-IMG_20251125_192613.jpg,1123.72,782.87,1844.4,1683.54,0.9297,street sign,True,True,181.5,mtsd-p9
SAM 3,street sign,grp11_badbe466-IMG_20251125_194752.jpg,E:\2. UM-Student\MSC Dissertation\Urban-Vision-Benchmark\Datasets\MTSD\Prepared\MTSD-Unaugmented\MTSD-YOLO\test\images\grp11_badbe466-IMG_20251125_194752.jpg,1921.23,2087.55,2124.99,3229.61,0.3594,street sign,True,True,635.5,mtsd-p9
SAM 3,street sign,grp11_badbe466-IMG_20251125_194752.jpg,E:\2. UM-Student\MSC Dissertation\Urban-Vision-Benchmark\Datasets\MTSD\Prepared\MTSD-Unaugmented\MTSD-YOLO\test\images\grp11_badbe466-IMG_20251125_194752.jpg,824.43,1381.22,1410.43,4000.0,0.5977,street sign,True,True,635.5,mtsd-p9
SAM 3,street sign,grp11_badbe466-IMG_20251125_194752.jpg,E:\2. UM-Student\MSC Dissertation\Urban-Vision-Benchmark\Datasets\MTSD\Prepared\MTSD-Unaugmented\MTSD-YOLO\test\images\grp11_badbe466-IMG_20251125_194752.jpg,3.05,2575.17,49.71,2737.26,0.5508,street sign,True,True,635.5,mtsd-p9
SAM 3,street sign,grp11_badbe466-IMG_20251125_194752.jpg,E:\2. UM-Student\MSC Dissertation\Urban-Vision-Benchmark\Datasets\MTSD\Prepared\MTSD-Unaugmented\MTSD-YOLO\test\images\grp11_badbe466-IMG_20251125_194752.jpg,212.75,2387.46,261.76,2445.07,0.3926,street sign,True,True,635.5,mtsd-p9
SAM 3,street sign,grp11_badbe466-IMG_20251125_194752.jpg,E:\2. UM-Student\MSC Dissertation\Urban-Vision-Benchmark\Datasets\MTSD\Prepared\MTSD-Unaugmented\MTSD-YOLO\test\images\grp11_badbe466-IMG_20251125_194752.jpg,2797.93,2342.28,2834.06,2550.52,0.3047,street sign,True,True,635.5,mtsd-p9
SAM 3,street sign,grp11_badbe466-IMG_20251125_194752.jpg,E:\2. UM-Student\MSC Dissertation\Urban-Vision-Benchmark\Datasets\MTSD\Prepared\MTSD-Unaugmented\MTSD-YOLO\test\images\grp11_badbe466-IMG_20251125_194752.jpg,0.25,2573.2,50.22,2899.4,0.4609,street sign,True,True,635.5,mtsd-p9
SAM 3,street sign,grp11_badbe466-IMG_20251125_194752.jpg,E:\2. UM-Student\MSC Dissertation\Urban-Vision-Benchmark\Datasets\MTSD\Prepared\MTSD-Unaugmented\MTSD-YOLO\test\images\grp11_badbe466-IMG_20251125_194752.jpg,483.97,2358.83,543.91,2435.83,0.5391,street sign,True,True,635.5,mtsd-p9
SAM 3,street sign,grp11_badbe466-IMG_20251125_194752.jpg,E:\2. UM-Student\MSC Dissertation\Urban-Vision-Benchmark\Datasets\MTSD\Prepared\MTSD-Unaugmented\MTSD-YOLO\test\images\grp11_badbe466-IMG_20251125_194752.jpg,1933.43,2085.67,2126.66,2294.45,0.4844,street sign,True,True,635.5,mtsd-p9
SAM 3,street sign,grp11_badbe466-IMG_20251125_194752.jpg,E:\2. UM-Student\MSC Dissertation\Urban-Vision-Benchmark\Datasets\MTSD\Prepared\MTSD-Unaugmented\MTSD-YOLO\test\images\grp11_badbe466-IMG_20251125_194752.jpg,1912.2,2313.05,2141.13,2478.8,0.4004,street sign,True,True,635.5,mtsd-p9
SAM 3,street sign,grp11_badbe466-IMG_20251125_194752.jpg,E:\2. UM-Student\MSC Dissertation\Urban-Vision-Benchmark\Datasets\MTSD\Prepared\MTSD-Unaugmented\MTSD-YOLO\test\images\grp11_badbe466-IMG_20251125_194752.jpg,785.0,1366.02,1407.87,2075.82,0.8008,street sign,True,True,635.5,mtsd-p9
SAM 3,street sign,grp11_badbe466-IMG_20251125_194752.jpg,E:\2. UM-Student\MSC Dissertation\Urban-Vision-Benchmark\Datasets\MTSD\Prepared\MTSD-Unaugmented\MTSD-YOLO\test\images\grp11_badbe466-IMG_20251125_194752.jpg,2799.42,2345.0,2829.24,2421.1,0.6484,street sign,True,True,635.5,mtsd-p9
SAM 3,street sign,grp11_badbe466-IMG_20251125_194752.jpg,E:\2. UM-Student\MSC Dissertation\Urban-Vision-Benchmark\Datasets\MTSD\Prepared\MTSD-Unaugmented\MTSD-YOLO\test\images\grp11_badbe466-IMG_20251125_194752.jpg,1992.57,2102.08,2075.23,3221.59,0.3457,street sign,True,True,635.5,mtsd-p9
SAM 3,street sign,grp11_bdad925f-IMG_20251125_194953.jpg,E:\2. UM-Student\MSC Dissertation\Urban-Vision-Benchmark\Datasets\MTSD\Prepared\MTSD-Unaugmented\MTSD-YOLO\test\images\grp11_bdad925f-IMG_20251125_194953.jpg,1100.19,1272.37,1859.49,2070.98,0.7539,street sign,True,True,524.5,mtsd-p9
SAM 3,street sign,grp11_bdad925f-IMG_20251125_194953.jpg,E:\2. UM-Student\MSC Dissertation\Urban-Vision-Benchmark\Datasets\MTSD\Prepared\MTSD-Unaugmented\MTSD-YOLO\test\images\grp11_bdad925f-IMG_20251125_194953.jpg,1099.26,1267.77,1857.92,3029.13,0.7305,street sign,True,True,524.5,mtsd-p9
SAM 3,street sign,grp11_bdad925f-IMG_20251125_194953.jpg,E:\2. UM-Student\MSC Dissertation\Urban-Vision-Benchmark\Datasets\MTSD\Prepared\MTSD-Unaugmented\MTSD-YOLO\test\images\grp11_bdad925f-IMG_20251125_194953.jpg,1597.39,854.66,1909.85,1090.61,0.5312,street sign,True,True,524.5,mtsd-p9
SAM 3,street sign,grp11_cb23d6ca-IMG_20251125_190938.jpg,E:\2. UM-Student\MSC Dissertation\Urban-Vision-Benchmark\Datasets\MTSD\Prepared\MTSD-Unaugmented\MTSD-YOLO\test\images\grp11_cb23d6ca-IMG_20251125_190938.jpg,2851.51,2071.0,3000.0,2553.92,0.6953,street sign,True,True,570.4,mtsd-p9
SAM 3,street sign,grp11_cb23d6ca-IMG_20251125_190938.jpg,E:\2. UM-Student\MSC Dissertation\Urban-Vision-Benchmark\Datasets\MTSD\Prepared\MTSD-Unaugmented\MTSD-YOLO\test\images\grp11_cb23d6ca-IMG_20251125_190938.jpg,999.46,2138.01,1172.27,2331.4,0.9102,street sign,True,True,570.4,mtsd-p9
SAM 3,street sign,grp11_cb23d6ca-IMG_20251125_190938.jpg,E:\2. UM-Student\MSC Dissertation\Urban-Vision-Benchmark\Datasets\MTSD\Prepared\MTSD-Unaugmented\MTSD-YOLO\test\images\grp11_cb23d6ca-IMG_20251125_190938.jpg,1372.89,2592.55,1674.4,3656.96,0.9531,street sign,True,True,570.4,mtsd-p9
SAM 3,street sign,grp11_cb23d6ca-IMG_20251125_190938.jpg,E:\2. UM-Student\MSC Dissertation\Urban-Vision-Benchmark\Datasets\MTSD\Prepared\MTSD-Unaugmented\MTSD-YOLO\test\images\grp11_cb23d6ca-IMG_20251125_190938.jpg,952.55,1555.07,1197.15,1753.67,0.8672,street sign,True,True,570.4,mtsd-p9
SAM 3,street sign,grp11_cb23d6ca-IMG_20251125_190938.jpg,E:\2. UM-Student\MSC Dissertation\Urban-Vision-Benchmark\Datasets\MTSD\Prepared\MTSD-Unaugmented\MTSD-YOLO\test\images\grp11_cb23d6ca-IMG_20251125_190938.jpg,953.52,1945.56,1210.67,2142.92,0.875,street sign,True,True,570.4,mtsd-p9
SAM 3,street sign,grp11_cb23d6ca-IMG_20251125_190938.jpg,E:\2. UM-Student\MSC Dissertation\Urban-Vision-Benchmark\Datasets\MTSD\Prepared\MTSD-Unaugmented\MTSD-YOLO\test\images\grp11_cb23d6ca-IMG_20251125_190938.jpg,953.64,1352.14,1193.43,1556.28,0.8672,street sign,True,True,570.4,mtsd-p9
SAM 3,street sign,grp11_cb23d6ca-IMG_20251125_190938.jpg,E:\2. UM-Student\MSC Dissertation\Urban-Vision-Benchmark\Datasets\MTSD\Prepared\MTSD-Unaugmented\MTSD-YOLO\test\images\grp11_cb23d6ca-IMG_20251125_190938.jpg,2923.7,1902.46,2999.15,2019.17,0.5234,street sign,True,True,570.4,mtsd-p9
SAM 3,street sign,grp11_cb23d6ca-IMG_20251125_190938.jpg,E:\2. UM-Student\MSC Dissertation\Urban-Vision-Benchmark\Datasets\MTSD\Prepared\MTSD-Unaugmented\MTSD-YOLO\test\images\grp11_cb23d6ca-IMG_20251125_190938.jpg,1352.83,1593.62,1654.32,2621.0,0.9531,street sign,True,True,570.4,mtsd-p9
SAM 3,street sign,grp11_cb23d6ca-IMG_20251125_190938.jpg,E:\2. UM-Student\MSC Dissertation\Urban-Vision-Benchmark\Datasets\MTSD\Prepared\MTSD-Unaugmented\MTSD-YOLO\test\images\grp11_cb23d6ca-IMG_20251125_190938.jpg,1357.94,681.54,1647.22,1611.54,0.9492,street sign,True,True,570.4,mtsd-p9
SAM 3,street sign,grp11_cb23d6ca-IMG_20251125_190938.jpg,E:\2. UM-Student\MSC Dissertation\Urban-Vision-Benchmark\Datasets\MTSD\Prepared\MTSD-Unaugmented\MTSD-YOLO\test\images\grp11_cb23d6ca-IMG_20251125_190938.jpg,951.33,1752.34,1204.03,1948.85,0.8672,street sign,True,True,570.4,mtsd-p9
SAM 3,street sign,grp11_cb23d6ca-IMG_20251125_190938.jpg,E:\2. UM-Student\MSC Dissertation\Urban-Vision-Benchmark\Datasets\MTSD\Prepared\MTSD-Unaugmented\MTSD-YOLO\test\images\grp11_cb23d6ca-IMG_20251125_190938.jpg,2913.71,1875.96,3000.0,2131.7,0.3359,street sign,True,True,570.4,mtsd-p9
SAM 3,street sign,grp11_cf483702-IMG_20251125_195623.jpg,E:\2. UM-Student\MSC Dissertation\Urban-Vision-Benchmark\Datasets\MTSD\Prepared\MTSD-Unaugmented\MTSD-YOLO\test\images\grp11_cf483702-IMG_20251125_195623.jpg,1474.24,1603.08,2110.26,2679.36,0.6016,street sign,True,True,346.4,mtsd-p9
SAM 3,street sign,grp11_cf483702-IMG_20251125_195623.jpg,E:\2. UM-Student\MSC Dissertation\Urban-Vision-Benchmark\Datasets\MTSD\Prepared\MTSD-Unaugmented\MTSD-YOLO\test\images\grp11_cf483702-IMG_20251125_195623.jpg,2584.7,2486.6,2797.17,2828.09,0.375,street sign,True,True,346.4,mtsd-p9
SAM 3,street sign,grp11_cf483702-IMG_20251125_195623.jpg,E:\2. UM-Student\MSC Dissertation\Urban-Vision-Benchmark\Datasets\MTSD\Prepared\MTSD-Unaugmented\MTSD-YOLO\test\images\grp11_cf483702-IMG_20251125_195623.jpg,2583.71,2505.79,2798.73,2632.53,0.8789,street sign,True,True,346.4,mtsd-p9
SAM 3,street sign,grp11_cf483702-IMG_20251125_195623.jpg,E:\2. UM-Student\MSC Dissertation\Urban-Vision-Benchmark\Datasets\MTSD\Prepared\MTSD-Unaugmented\MTSD-YOLO\test\images\grp11_cf483702-IMG_20251125_195623.jpg,1437.13,594.6,2134.54,3999.79,0.4395,street sign,True,True,346.4,mtsd-p9
SAM 3,street sign,grp11_cf483702-IMG_20251125_195623.jpg,E:\2. UM-Student\MSC Dissertation\Urban-Vision-Benchmark\Datasets\MTSD\Prepared\MTSD-Unaugmented\MTSD-YOLO\test\images\grp11_cf483702-IMG_20251125_195623.jpg,1436.26,583.96,2133.84,1617.74,0.5898,street sign,True,True,346.4,mtsd-p9
SAM 3,street sign,grp11_cf483702-IMG_20251125_195623.jpg,E:\2. UM-Student\MSC Dissertation\Urban-Vision-Benchmark\Datasets\MTSD\Prepared\MTSD-Unaugmented\MTSD-YOLO\test\images\grp11_cf483702-IMG_20251125_195623.jpg,2606.28,2406.41,2752.96,2505.89,0.8633,street sign,True,True,346.4,mtsd-p9
SAM 3,street sign,grp11_d9b50eb1-Pre_2026_6691.jpg,E:\2. UM-Student\MSC Dissertation\Urban-Vision-Benchmark\Datasets\MTSD\Prepared\MTSD-Unaugmented\MTSD-YOLO\test\images\grp11_d9b50eb1-Pre_2026_6691.jpg,656.81,2190.41,1288.38,2411.85,0.8906,street sign,True,True,206.3,mtsd-p9
SAM 3,street sign,grp11_d9b50eb1-Pre_2026_6691.jpg,E:\2. UM-Student\MSC Dissertation\Urban-Vision-Benchmark\Datasets\MTSD\Prepared\MTSD-Unaugmented\MTSD-YOLO\test\images\grp11_d9b50eb1-Pre_2026_6691.jpg,663.8,1618.19,1286.71,3974.46,0.5156,street sign,True,True,206.3,mtsd-p9
SAM 3,street sign,grp11_d9b50eb1-Pre_2026_6691.jpg,E:\2. UM-Student\MSC Dissertation\Urban-Vision-Benchmark\Datasets\MTSD\Prepared\MTSD-Unaugmented\MTSD-YOLO\test\images\grp11_d9b50eb1-Pre_2026_6691.jpg,666.14,1667.89,1289.53,2209.4,0.9062,street sign,True,True,206.3,mtsd-p9
SAM 3,street sign,grp11_d9b50eb1-Pre_2026_6691.jpg,E:\2. UM-Student\MSC Dissertation\Urban-Vision-Benchmark\Datasets\MTSD\Prepared\MTSD-Unaugmented\MTSD-YOLO\test\images\grp11_d9b50eb1-Pre_2026_6691.jpg,801.32,1237.0,1147.98,1679.07,0.9531,street sign,True,True,206.3,mtsd-p9
SAM 3,street sign,grp11_daaadabb-IMG_1451.jpg,E:\2. UM-Student\MSC Dissertation\Urban-Vision-Benchmark\Datasets\MTSD\Prepared\MTSD-Unaugmented\MTSD-YOLO\test\images\grp11_daaadabb-IMG_1451.jpg,921.65,0.0,1815.18,1385.8,0.9453,street sign,True,True,219.2,mtsd-p9
SAM 3,street sign,grp11_e27435a0-IMG_20251125_194217.jpg,E:\2. UM-Student\MSC Dissertation\Urban-Vision-Benchmark\Datasets\MTSD\Prepared\MTSD-Unaugmented\MTSD-YOLO\test\images\grp11_e27435a0-IMG_20251125_194217.jpg,807.68,995.37,1638.36,3998.5,0.4785,street sign,True,True,203.9,mtsd-p9
SAM 3,street sign,grp11_e27435a0-IMG_20251125_194217.jpg,E:\2. UM-Student\MSC Dissertation\Urban-Vision-Benchmark\Datasets\MTSD\Prepared\MTSD-Unaugmented\MTSD-YOLO\test\images\grp11_e27435a0-IMG_20251125_194217.jpg,810.11,1009.73,1633.95,1899.79,0.6992,street sign,True,True,203.9,mtsd-p9
SAM 3,street sign,grp11_ebb70ae4-Pre_2026_6672.jpg,E:\2. UM-Student\MSC Dissertation\Urban-Vision-Benchmark\Datasets\MTSD\Prepared\MTSD-Unaugmented\MTSD-YOLO\test\images\grp11_ebb70ae4-Pre_2026_6672.jpg,413.55,2262.3,786.21,2373.79,0.8828,street sign,True,True,212.2,mtsd-p9
SAM 3,street sign,grp11_ebb70ae4-Pre_2026_6672.jpg,E:\2. UM-Student\MSC Dissertation\Urban-Vision-Benchmark\Datasets\MTSD\Prepared\MTSD-Unaugmented\MTSD-YOLO\test\images\grp11_ebb70ae4-Pre_2026_6672.jpg,2119.82,3078.1,2201.08,3183.35,0.3242,street sign,True,True,212.2,mtsd-p9
SAM 3,street sign,grp11_ebb70ae4-Pre_2026_6672.jpg,E:\2. UM-Student\MSC Dissertation\Urban-Vision-Benchmark\Datasets\MTSD\Prepared\MTSD-Unaugmented\MTSD-YOLO\test\images\grp11_ebb70ae4-Pre_2026_6672.jpg,160.7,2258.54,1030.19,3055.24,0.8477,street sign,True,True,212.2,mtsd-p9
SAM 3,street sign,grp11_ebb70ae4-Pre_2026_6672.jpg,E:\2. UM-Student\MSC Dissertation\Urban-Vision-Benchmark\Datasets\MTSD\Prepared\MTSD-Unaugmented\MTSD-YOLO\test\images\grp11_ebb70ae4-Pre_2026_6672.jpg,600.24,584.08,2005.72,4000.0,0.4414,street sign,True,True,212.2,mtsd-p9
SAM 3,street sign,grp11_ebb70ae4-Pre_2026_6672.jpg,E:\2. UM-Student\MSC Dissertation\Urban-Vision-Benchmark\Datasets\MTSD\Prepared\MTSD-Unaugmented\MTSD-YOLO\test\images\grp11_ebb70ae4-Pre_2026_6672.jpg,591.02,1163.4,2010.94,2253.67,0.9219,street sign,True,True,212.2,mtsd-p9
SAM 3,street sign,grp11_ebb70ae4-Pre_2026_6672.jpg,E:\2. UM-Student\MSC Dissertation\Urban-Vision-Benchmark\Datasets\MTSD\Prepared\MTSD-Unaugmented\MTSD-YOLO\test\images\grp11_ebb70ae4-Pre_2026_6672.jpg,913.88,588.78,1627.95,1351.76,0.8086,street sign,True,True,212.2,mtsd-p9
SAM 3,street sign,grp11_ee2f066e-IMG_20251125_194701.jpg,E:\2. UM-Student\MSC Dissertation\Urban-Vision-Benchmark\Datasets\MTSD\Prepared\MTSD-Unaugmented\MTSD-YOLO\test\images\grp11_ee2f066e-IMG_20251125_194701.jpg,583.94,2514.13,650.23,2681.79,0.4824,street sign,True,True,522.0,mtsd-p9
SAM 3,street sign,grp11_ee2f066e-IMG_20251125_194701.jpg,E:\2. UM-Student\MSC Dissertation\Urban-Vision-Benchmark\Datasets\MTSD\Prepared\MTSD-Unaugmented\MTSD-YOLO\test\images\grp11_ee2f066e-IMG_20251125_194701.jpg,1114.14,2592.77,1268.94,2957.95,0.4492,street sign,True,True,522.0,mtsd-p9
SAM 3,street sign,grp11_ee2f066e-IMG_20251125_194701.jpg,E:\2. UM-Student\MSC Dissertation\Urban-Vision-Benchmark\Datasets\MTSD\Prepared\MTSD-Unaugmented\MTSD-YOLO\test\images\grp11_ee2f066e-IMG_20251125_194701.jpg,1113.0,2593.19,1269.12,2762.95,0.8516,street sign,True,True,522.0,mtsd-p9
SAM 3,street sign,grp11_ee2f066e-IMG_20251125_194701.jpg,E:\2. UM-Student\MSC Dissertation\Urban-Vision-Benchmark\Datasets\MTSD\Prepared\MTSD-Unaugmented\MTSD-YOLO\test\images\grp11_ee2f066e-IMG_20251125_194701.jpg,524.66,999.85,1469.32,1893.23,0.9336,street sign,True,True,522.0,mtsd-p9
SAM 3,street sign,grp11_ee2f066e-IMG_20251125_194701.jpg,E:\2. UM-Student\MSC Dissertation\Urban-Vision-Benchmark\Datasets\MTSD\Prepared\MTSD-Unaugmented\MTSD-YOLO\test\images\grp11_ee2f066e-IMG_20251125_194701.jpg,584.06,2514.79,649.94,2600.21,0.6484,street sign,True,True,522.0,mtsd-p9
SAM 3,street sign,grp11_ee2f066e-IMG_20251125_194701.jpg,E:\2. UM-Student\MSC Dissertation\Urban-Vision-Benchmark\Datasets\MTSD\Prepared\MTSD-Unaugmented\MTSD-YOLO\test\images\grp11_ee2f066e-IMG_20251125_194701.jpg,521.48,990.27,1450.77,4000.0,0.375,street sign,True,True,522.0,mtsd-p9
SAM 3,street sign,grp11_ee2f066e-IMG_20251125_194701.jpg,E:\2. UM-Student\MSC Dissertation\Urban-Vision-Benchmark\Datasets\MTSD\Prepared\MTSD-Unaugmented\MTSD-YOLO\test\images\grp11_ee2f066e-IMG_20251125_194701.jpg,2832.83,2401.87,2872.48,2441.71,0.3223,street sign,True,True,522.0,mtsd-p9
SAM 3,street sign,grp11_ee2f066e-IMG_20251125_194701.jpg,E:\2. UM-Student\MSC Dissertation\Urban-Vision-Benchmark\Datasets\MTSD\Prepared\MTSD-Unaugmented\MTSD-YOLO\test\images\grp11_ee2f066e-IMG_20251125_194701.jpg,1850.45,2403.21,1889.03,2463.77,0.793,street sign,True,True,522.0,mtsd-p9
SAM 3,street sign,grp11_ee2f066e-IMG_20251125_194701.jpg,E:\2. UM-Student\MSC Dissertation\Urban-Vision-Benchmark\Datasets\MTSD\Prepared\MTSD-Unaugmented\MTSD-YOLO\test\images\grp11_ee2f066e-IMG_20251125_194701.jpg,1842.14,2342.63,1883.4,2400.66,0.7852,street sign,True,True,522.0,mtsd-p9
SAM 3,street sign,grp11_f09e9bf4-Pre_2026_6657.jpg,E:\2. UM-Student\MSC Dissertation\Urban-Vision-Benchmark\Datasets\MTSD\Prepared\MTSD-Unaugmented\MTSD-YOLO\test\images\grp11_f09e9bf4-Pre_2026_6657.jpg,500.8,498.12,1648.21,4000.0,0.5352,street sign,True,True,176.4,mtsd-p9
SAM 3,street sign,grp11_f09e9bf4-Pre_2026_6657.jpg,E:\2. UM-Student\MSC Dissertation\Urban-Vision-Benchmark\Datasets\MTSD\Prepared\MTSD-Unaugmented\MTSD-YOLO\test\images\grp11_f09e9bf4-Pre_2026_6657.jpg,503.39,498.96,1646.14,1767.16,0.918,street sign,True,True,176.4,mtsd-p9
SAM 3,street sign,grp11_f0c7f95a-IMG_6420.jpeg,E:\2. UM-Student\MSC Dissertation\Urban-Vision-Benchmark\Datasets\MTSD\Prepared\MTSD-Unaugmented\MTSD-YOLO\test\images\grp11_f0c7f95a-IMG_6420.jpeg,710.03,1139.67,3421.23,2082.74,0.9648,street sign,True,True,235.0,mtsd-p9
SAM 3,street sign,grp11_f3e6cd7a-IMG_6398.jpeg,E:\2. UM-Student\MSC Dissertation\Urban-Vision-Benchmark\Datasets\MTSD\Prepared\MTSD-Unaugmented\MTSD-YOLO\test\images\grp11_f3e6cd7a-IMG_6398.jpeg,221.05,2590.96,436.09,2869.38,0.5898,street sign,True,True,855.6,mtsd-p9
SAM 3,street sign,grp11_f3e6cd7a-IMG_6398.jpeg,E:\2. UM-Student\MSC Dissertation\Urban-Vision-Benchmark\Datasets\MTSD\Prepared\MTSD-Unaugmented\MTSD-YOLO\test\images\grp11_f3e6cd7a-IMG_6398.jpeg,2642.85,4704.49,2750.45,4860.81,0.832,street sign,True,True,855.6,mtsd-p9
SAM 3,street sign,grp11_f3e6cd7a-IMG_6398.jpeg,E:\2. UM-Student\MSC Dissertation\Urban-Vision-Benchmark\Datasets\MTSD\Prepared\MTSD-Unaugmented\MTSD-YOLO\test\images\grp11_f3e6cd7a-IMG_6398.jpeg,1130.89,4778.71,1206.28,4860.3,0.7148,street sign,True,True,855.6,mtsd-p9
SAM 3,street sign,grp11_f3e6cd7a-IMG_6398.jpeg,E:\2. UM-Student\MSC Dissertation\Urban-Vision-Benchmark\Datasets\MTSD\Prepared\MTSD-Unaugmented\MTSD-YOLO\test\images\grp11_f3e6cd7a-IMG_6398.jpeg,2638.83,4706.04,2742.58,5297.0,0.4297,street sign,True,True,855.6,mtsd-p9
SAM 3,street sign,grp11_f3e6cd7a-IMG_6398.jpeg,E:\2. UM-Student\MSC Dissertation\Urban-Vision-Benchmark\Datasets\MTSD\Prepared\MTSD-Unaugmented\MTSD-YOLO\test\images\grp11_f3e6cd7a-IMG_6398.jpeg,71.74,634.25,1601.55,2608.07,0.7734,street sign,True,True,855.6,mtsd-p9
SAM 3,street sign,grp11_f3e6cd7a-IMG_6398.jpeg,E:\2. UM-Student\MSC Dissertation\Urban-Vision-Benchmark\Datasets\MTSD\Prepared\MTSD-Unaugmented\MTSD-YOLO\test\images\grp11_f3e6cd7a-IMG_6398.jpeg,1451.9,954.68,2390.94,5282.08,0.4043,street sign,True,True,855.6,mtsd-p9
SAM 3,street sign,grp11_f3e6cd7a-IMG_6398.jpeg,E:\2. UM-Student\MSC Dissertation\Urban-Vision-Benchmark\Datasets\MTSD\Prepared\MTSD-Unaugmented\MTSD-YOLO\test\images\grp11_f3e6cd7a-IMG_6398.jpeg,1451.2,961.26,2383.69,3089.88,0.9375,street sign,True,True,855.6,mtsd-p9
SAM 3,street sign,grp11_f3e6cd7a-IMG_6398.jpeg,E:\2. UM-Student\MSC Dissertation\Urban-Vision-Benchmark\Datasets\MTSD\Prepared\MTSD-Unaugmented\MTSD-YOLO\test\images\grp11_f3e6cd7a-IMG_6398.jpeg,1133.16,4768.41,1203.45,4978.93,0.4121,street sign,True,True,855.6,mtsd-p9
SAM 3,street sign,grp11_f71868de-IMG_20251125_191832.jpg,E:\2. UM-Student\MSC Dissertation\Urban-Vision-Benchmark\Datasets\MTSD\Prepared\MTSD-Unaugmented\MTSD-YOLO\test\images\grp11_f71868de-IMG_20251125_191832.jpg,299.95,352.77,965.22,3991.56,0.6953,street sign,True,True,190.2,mtsd-p9
SAM 3,street sign,grp11_f71868de-IMG_20251125_191832.jpg,E:\2. UM-Student\MSC Dissertation\Urban-Vision-Benchmark\Datasets\MTSD\Prepared\MTSD-Unaugmented\MTSD-YOLO\test\images\grp11_f71868de-IMG_20251125_191832.jpg,304.6,350.12,998.79,1325.64,0.7578,street sign,True,True,190.2,mtsd-p9
SAM 3,street sign,grp11_fbaad6ff-IMG_1423.jpg,E:\2. UM-Student\MSC Dissertation\Urban-Vision-Benchmark\Datasets\MTSD\Prepared\MTSD-Unaugmented\MTSD-YOLO\test\images\grp11_fbaad6ff-IMG_1423.jpg,991.25,441.15,2001.54,4032.0,0.6602,street sign,True,True,178.5,mtsd-p9
SAM 3,street sign,grp11_fbaad6ff-IMG_1423.jpg,E:\2. UM-Student\MSC Dissertation\Urban-Vision-Benchmark\Datasets\MTSD\Prepared\MTSD-Unaugmented\MTSD-YOLO\test\images\grp11_fbaad6ff-IMG_1423.jpg,995.24,439.85,2001.17,1372.53,0.9297,street sign,True,True,178.5,mtsd-p9
SAM 3,street sign,grp1_02ac92f5-IMG20251123165127.jpg,E:\2. UM-Student\MSC Dissertation\Urban-Vision-Benchmark\Datasets\MTSD\Prepared\MTSD-Unaugmented\MTSD-YOLO\test\images\grp1_02ac92f5-IMG20251123165127.jpg,2053.39,3524.45,2653.03,4043.84,0.8477,street sign,True,True,461.2,mtsd-p9
SAM 3,street sign,grp1_02ac92f5-IMG20251123165127.jpg,E:\2. UM-Student\MSC Dissertation\Urban-Vision-Benchmark\Datasets\MTSD\Prepared\MTSD-Unaugmented\MTSD-YOLO\test\images\grp1_02ac92f5-IMG20251123165127.jpg,950.35,1385.81,1995.64,4078.69,0.3887,street sign,True,True,461.2,mtsd-p9
SAM 3,street sign,grp1_02ac92f5-IMG20251123165127.jpg,E:\2. UM-Student\MSC Dissertation\Urban-Vision-Benchmark\Datasets\MTSD\Prepared\MTSD-Unaugmented\MTSD-YOLO\test\images\grp1_02ac92f5-IMG20251123165127.jpg,1441.12,1373.67,2002.42,2859.44,0.8984,street sign,True,True,461.2,mtsd-p9
SAM 3,street sign,grp1_0608acbd-IMG_4633.jpeg,E:\2. UM-Student\MSC Dissertation\Urban-Vision-Benchmark\Datasets\MTSD\Prepared\MTSD-Unaugmented\MTSD-YOLO\test\images\grp1_0608acbd-IMG_4633.jpeg,775.28,1918.95,2330.75,3973.75,0.6172,street sign,True,True,184.6,mtsd-p9
SAM 3,street sign,grp1_072bd818-IMG_4648.jpeg,E:\2. UM-Student\MSC Dissertation\Urban-Vision-Benchmark\Datasets\MTSD\Prepared\MTSD-Unaugmented\MTSD-YOLO\test\images\grp1_072bd818-IMG_4648.jpeg,1122.37,1421.7,1774.01,3088.66,0.9336,street sign,True,True,410.9,mtsd-p9
SAM 3,street sign,grp1_072bd818-IMG_4648.jpeg,E:\2. UM-Student\MSC Dissertation\Urban-Vision-Benchmark\Datasets\MTSD\Prepared\MTSD-Unaugmented\MTSD-YOLO\test\images\grp1_072bd818-IMG_4648.jpeg,2584.62,2959.46,3024.0,3577.43,0.918,street sign,True,True,410.9,mtsd-p9
SAM 3,street sign,grp1_072bd818-IMG_4648.jpeg,E:\2. UM-Student\MSC Dissertation\Urban-Vision-Benchmark\Datasets\MTSD\Prepared\MTSD-Unaugmented\MTSD-YOLO\test\images\grp1_072bd818-IMG_4648.jpeg,1495.55,3528.55,1662.9,3681.75,0.8828,street sign,True,True,410.9,mtsd-p9
SAM 3,street sign,grp1_091652b2-IMG20260105120954.jpg,E:\2. UM-Student\MSC Dissertation\Urban-Vision-Benchmark\Datasets\MTSD\Prepared\MTSD-Unaugmented\MTSD-YOLO\test\images\grp1_091652b2-IMG20260105120954.jpg,500.88,1034.66,2765.71,3070.93,0.9414,street sign,True,True,260.8,mtsd-p9
SAM 3,street sign,grp1_091652b2-IMG20260105120954.jpg,E:\2. UM-Student\MSC Dissertation\Urban-Vision-Benchmark\Datasets\MTSD\Prepared\MTSD-Unaugmented\MTSD-YOLO\test\images\grp1_091652b2-IMG20260105120954.jpg,1073.39,1203.86,2286.57,2325.89,0.3945,street sign,True,True,260.8,mtsd-p9
SAM 3,street sign,grp1_091652b2-IMG20260105120954.jpg,E:\2. UM-Student\MSC Dissertation\Urban-Vision-Benchmark\Datasets\MTSD\Prepared\MTSD-Unaugmented\MTSD-YOLO\test\images\grp1_091652b2-IMG20260105120954.jpg,930.73,584.93,2402.72,1158.09,0.9492,street sign,True,True,260.8,mtsd-p9
SAM 3,street sign,grp1_094f8a9f-RV__2.jpeg,E:\2. UM-Student\MSC Dissertation\Urban-Vision-Benchmark\Datasets\MTSD\Prepared\MTSD-Unaugmented\MTSD-YOLO\test\images\grp1_094f8a9f-RV__2.jpeg,174.73,2788.14,331.49,2994.66,0.9102,street sign,True,True,473.5,mtsd-p9
SAM 3,street sign,grp1_094f8a9f-RV__2.jpeg,E:\2. UM-Student\MSC Dissertation\Urban-Vision-Benchmark\Datasets\MTSD\Prepared\MTSD-Unaugmented\MTSD-YOLO\test\images\grp1_094f8a9f-RV__2.jpeg,1073.56,1204.74,1818.75,1995.7,0.9609,street sign,True,True,473.5,mtsd-p9
SAM 3,street sign,grp1_094f8a9f-RV__2.jpeg,E:\2. UM-Student\MSC Dissertation\Urban-Vision-Benchmark\Datasets\MTSD\Prepared\MTSD-Unaugmented\MTSD-YOLO\test\images\grp1_094f8a9f-RV__2.jpeg,102.11,2961.15,330.63,3144.96,0.8555,street sign,True,True,473.5,mtsd-p9
SAM 3,street sign,grp1_094f8a9f-RV__2.jpeg,E:\2. UM-Student\MSC Dissertation\Urban-Vision-Benchmark\Datasets\MTSD\Prepared\MTSD-Unaugmented\MTSD-YOLO\test\images\grp1_094f8a9f-RV__2.jpeg,1060.34,582.04,1821.74,4032.0,0.375,street sign,True,True,473.5,mtsd-p9
SAM 3,street sign,grp1_094f8a9f-RV__2.jpeg,E:\2. UM-Student\MSC Dissertation\Urban-Vision-Benchmark\Datasets\MTSD\Prepared\MTSD-Unaugmented\MTSD-YOLO\test\images\grp1_094f8a9f-RV__2.jpeg,1946.62,3299.24,2003.31,3354.28,0.4258,street sign,True,True,473.5,mtsd-p9
SAM 3,street sign,grp1_094f8a9f-RV__2.jpeg,E:\2. UM-Student\MSC Dissertation\Urban-Vision-Benchmark\Datasets\MTSD\Prepared\MTSD-Unaugmented\MTSD-YOLO\test\images\grp1_094f8a9f-RV__2.jpeg,1238.2,1862.06,1719.14,3081.35,0.9453,street sign,True,True,473.5,mtsd-p9
SAM 3,street sign,grp1_094f8a9f-RV__2.jpeg,E:\2. UM-Student\MSC Dissertation\Urban-Vision-Benchmark\Datasets\MTSD\Prepared\MTSD-Unaugmented\MTSD-YOLO\test\images\grp1_094f8a9f-RV__2.jpeg,1061.2,592.04,1813.74,1260.62,0.9648,street sign,True,True,473.5,mtsd-p9
SAM 3,street sign,grp1_0dd8c85f-RV_001_114.jpeg,E:\2. UM-Student\MSC Dissertation\Urban-Vision-Benchmark\Datasets\MTSD\Prepared\MTSD-Unaugmented\MTSD-YOLO\test\images\grp1_0dd8c85f-RV_001_114.jpeg,1925.63,3199.18,2051.97,3378.23,0.8945,street sign,True,True,483.6,mtsd-p9
SAM 3,street sign,grp1_0dd8c85f-RV_001_114.jpeg,E:\2. UM-Student\MSC Dissertation\Urban-Vision-Benchmark\Datasets\MTSD\Prepared\MTSD-Unaugmented\MTSD-YOLO\test\images\grp1_0dd8c85f-RV_001_114.jpeg,1713.01,3304.3,1768.11,3382.38,0.8398,street sign,True,True,483.6,mtsd-p9
SAM 3,street sign,grp1_0dd8c85f-RV_001_114.jpeg,E:\2. UM-Student\MSC Dissertation\Urban-Vision-Benchmark\Datasets\MTSD\Prepared\MTSD-Unaugmented\MTSD-YOLO\test\images\grp1_0dd8c85f-RV_001_114.jpeg,1908.79,3062.67,2034.92,3221.02,0.8789,street sign,True,True,483.6,mtsd-p9
SAM 3,street sign,grp1_0dd8c85f-RV_001_114.jpeg,E:\2. UM-Student\MSC Dissertation\Urban-Vision-Benchmark\Datasets\MTSD\Prepared\MTSD-Unaugmented\MTSD-YOLO\test\images\grp1_0dd8c85f-RV_001_114.jpeg,630.56,2841.76,1005.21,3111.84,0.3242,street sign,True,True,483.6,mtsd-p9
SAM 3,street sign,grp1_0dd8c85f-RV_001_114.jpeg,E:\2. UM-Student\MSC Dissertation\Urban-Vision-Benchmark\Datasets\MTSD\Prepared\MTSD-Unaugmented\MTSD-YOLO\test\images\grp1_0dd8c85f-RV_001_114.jpeg,1046.18,1706.61,2043.69,4032.0,0.3945,street sign,True,True,483.6,mtsd-p9
SAM 3,street sign,grp1_0dd8c85f-RV_001_114.jpeg,E:\2. UM-Student\MSC Dissertation\Urban-Vision-Benchmark\Datasets\MTSD\Prepared\MTSD-Unaugmented\MTSD-YOLO\test\images\grp1_0dd8c85f-RV_001_114.jpeg,1051.58,1706.79,2045.54,2766.16,0.8281,street sign,True,True,483.6,mtsd-p9
SAM 3,street sign,grp1_0ea4c27e-RV_001_43.jpeg,E:\2. UM-Student\MSC Dissertation\Urban-Vision-Benchmark\Datasets\MTSD\Prepared\MTSD-Unaugmented\MTSD-YOLO\test\images\grp1_0ea4c27e-RV_001_43.jpeg,917.94,1868.34,2136.43,2944.91,0.9609,street sign,True,True,180.0,mtsd-p9
SAM 3,street sign,grp1_1bc3cf13-IMG_5516.jpeg,E:\2. UM-Student\MSC Dissertation\Urban-Vision-Benchmark\Datasets\MTSD\Prepared\MTSD-Unaugmented\MTSD-YOLO\test\images\grp1_1bc3cf13-IMG_5516.jpeg,553.46,882.75,1057.07,1362.5,0.9297,street sign,True,True,151.3,mtsd-p9
SAM 3,street sign,grp1_1bc3cf13-IMG_5516.jpeg,E:\2. UM-Student\MSC Dissertation\Urban-Vision-Benchmark\Datasets\MTSD\Prepared\MTSD-Unaugmented\MTSD-YOLO\test\images\grp1_1bc3cf13-IMG_5516.jpeg,853.38,1529.84,897.23,1603.01,0.8633,street sign,True,True,151.3,mtsd-p9
SAM 3,street sign,grp1_1bc3cf13-IMG_5516.jpeg,E:\2. UM-Student\MSC Dissertation\Urban-Vision-Benchmark\Datasets\MTSD\Prepared\MTSD-Unaugmented\MTSD-YOLO\test\images\grp1_1bc3cf13-IMG_5516.jpeg,269.01,1774.13,350.91,1808.23,0.4434,street sign,True,True,151.3,mtsd-p9
SAM 3,street sign,grp1_1bc3cf13-IMG_5516.jpeg,E:\2. UM-Student\MSC Dissertation\Urban-Vision-Benchmark\Datasets\MTSD\Prepared\MTSD-Unaugmented\MTSD-YOLO\test\images\grp1_1bc3cf13-IMG_5516.jpeg,507.39,1438.07,652.68,1520.84,0.3203,street sign,True,True,151.3,mtsd-p9
SAM 3,street sign,grp1_1bc3cf13-IMG_5516.jpeg,E:\2. UM-Student\MSC Dissertation\Urban-Vision-Benchmark\Datasets\MTSD\Prepared\MTSD-Unaugmented\MTSD-YOLO\test\images\grp1_1bc3cf13-IMG_5516.jpeg,553.55,879.87,1057.2,2100.0,0.334,street sign,True,True,151.3,mtsd-p9
SAM 3,street sign,grp1_1bc3cf13-IMG_5516.jpeg,E:\2. UM-Student\MSC Dissertation\Urban-Vision-Benchmark\Datasets\MTSD\Prepared\MTSD-Unaugmented\MTSD-YOLO\test\images\grp1_1bc3cf13-IMG_5516.jpeg,847.19,1673.09,910.73,1712.39,0.8633,street sign,True,True,151.3,mtsd-p9
SAM 3,street sign,grp1_1bc3cf13-IMG_5516.jpeg,E:\2. UM-Student\MSC Dissertation\Urban-Vision-Benchmark\Datasets\MTSD\Prepared\MTSD-Unaugmented\MTSD-YOLO\test\images\grp1_1bc3cf13-IMG_5516.jpeg,841.67,1450.67,913.61,1533.56,0.7852,street sign,True,True,151.3,mtsd-p9
SAM 3,street sign,grp1_1e8d03ef-IMG_4745.jpeg,E:\2. UM-Student\MSC Dissertation\Urban-Vision-Benchmark\Datasets\MTSD\Prepared\MTSD-Unaugmented\MTSD-YOLO\test\images\grp1_1e8d03ef-IMG_4745.jpeg,13.4,2395.56,87.06,2462.79,0.3672,street sign,True,True,764.8,mtsd-p9
SAM 3,street sign,grp1_1e8d03ef-IMG_4745.jpeg,E:\2. UM-Student\MSC Dissertation\Urban-Vision-Benchmark\Datasets\MTSD\Prepared\MTSD-Unaugmented\MTSD-YOLO\test\images\grp1_1e8d03ef-IMG_4745.jpeg,2626.86,2221.69,2659.79,2254.78,0.4512,street sign,True,True,764.8,mtsd-p9
SAM 3,street sign,grp1_1e8d03ef-IMG_4745.jpeg,E:\2. UM-Student\MSC Dissertation\Urban-Vision-Benchmark\Datasets\MTSD\Prepared\MTSD-Unaugmented\MTSD-YOLO\test\images\grp1_1e8d03ef-IMG_4745.jpeg,344.54,2268.37,416.71,2328.48,0.3535,street sign,True,True,764.8,mtsd-p9
SAM 3,street sign,grp1_1e8d03ef-IMG_4745.jpeg,E:\2. UM-Student\MSC Dissertation\Urban-Vision-Benchmark\Datasets\MTSD\Prepared\MTSD-Unaugmented\MTSD-YOLO\test\images\grp1_1e8d03ef-IMG_4745.jpeg,38.77,2617.21,100.55,2683.97,0.3164,street sign,True,True,764.8,mtsd-p9
SAM 3,street sign,grp1_1e8d03ef-IMG_4745.jpeg,E:\2. UM-Student\MSC Dissertation\Urban-Vision-Benchmark\Datasets\MTSD\Prepared\MTSD-Unaugmented\MTSD-YOLO\test\images\grp1_1e8d03ef-IMG_4745.jpeg,810.27,32.51,2397.2,4005.92,0.4668,street sign,True,True,764.8,mtsd-p9
SAM 3,street sign,grp1_1e8d03ef-IMG_4745.jpeg,E:\2. UM-Student\MSC Dissertation\Urban-Vision-Benchmark\Datasets\MTSD\Prepared\MTSD-Unaugmented\MTSD-YOLO\test\images\grp1_1e8d03ef-IMG_4745.jpeg,788.52,763.51,2413.53,2360.11,0.8945,street sign,True,True,764.8,mtsd-p9
SAM 3,street sign,grp1_1e8d03ef-IMG_4745.jpeg,E:\2. UM-Student\MSC Dissertation\Urban-Vision-Benchmark\Datasets\MTSD\Prepared\MTSD-Unaugmented\MTSD-YOLO\test\images\grp1_1e8d03ef-IMG_4745.jpeg,1036.99,0.0,2083.39,736.97,0.9102,street sign,True,True,764.8,mtsd-p9
SAM 3,street sign,grp1_1e8d03ef-IMG_4745.jpeg,E:\2. UM-Student\MSC Dissertation\Urban-Vision-Benchmark\Datasets\MTSD\Prepared\MTSD-Unaugmented\MTSD-YOLO\test\images\grp1_1e8d03ef-IMG_4745.jpeg,2271.88,2223.54,2305.07,2254.2,0.459,street sign,True,True,764.8,mtsd-p9
SAM 3,street sign,grp1_1e8d03ef-IMG_4745.jpeg,E:\2. UM-Student\MSC Dissertation\Urban-Vision-Benchmark\Datasets\MTSD\Prepared\MTSD-Unaugmented\MTSD-YOLO\test\images\grp1_1e8d03ef-IMG_4745.jpeg,354.12,2337.12,412.77,2388.3,0.3887,street sign,True,True,764.8,mtsd-p9
SAM 3,street sign,grp1_1ea7fc82-IMG_4719.jpeg,E:\2. UM-Student\MSC Dissertation\Urban-Vision-Benchmark\Datasets\MTSD\Prepared\MTSD-Unaugmented\MTSD-YOLO\test\images\grp1_1ea7fc82-IMG_4719.jpeg,601.4,1170.29,2382.18,3076.06,0.9141,street sign,True,True,196.8,mtsd-p9
SAM 3,street sign,grp1_1ea7fc82-IMG_4719.jpeg,E:\2. UM-Student\MSC Dissertation\Urban-Vision-Benchmark\Datasets\MTSD\Prepared\MTSD-Unaugmented\MTSD-YOLO\test\images\grp1_1ea7fc82-IMG_4719.jpeg,604.91,1163.72,2389.56,4032.0,0.3203,street sign,True,True,196.8,mtsd-p9
SAM 3,street sign,grp1_213f8e9b-IMG20260105131202.jpg,E:\2. UM-Student\MSC Dissertation\Urban-Vision-Benchmark\Datasets\MTSD\Prepared\MTSD-Unaugmented\MTSD-YOLO\test\images\grp1_213f8e9b-IMG20260105131202.jpg,228.3,2813.84,493.71,2962.81,0.6992,street sign,True,True,244.7,mtsd-p9
SAM 3,street sign,grp1_213f8e9b-IMG20260105131202.jpg,E:\2. UM-Student\MSC Dissertation\Urban-Vision-Benchmark\Datasets\MTSD\Prepared\MTSD-Unaugmented\MTSD-YOLO\test\images\grp1_213f8e9b-IMG20260105131202.jpg,264.8,845.97,2511.56,2992.1,0.9336,street sign,True,True,244.7,mtsd-p9
SAM 3,street sign,grp1_22a1d833-RV_001_174.jpeg,E:\2. UM-Student\MSC Dissertation\Urban-Vision-Benchmark\Datasets\MTSD\Prepared\MTSD-Unaugmented\MTSD-YOLO\test\images\grp1_22a1d833-RV_001_174.jpeg,2550.59,3794.99,2737.79,4032.0,0.5977,street sign,True,True,427.1,mtsd-p9
SAM 3,street sign,grp1_22a1d833-RV_001_174.jpeg,E:\2. UM-Student\MSC Dissertation\Urban-Vision-Benchmark\Datasets\MTSD\Prepared\MTSD-Unaugmented\MTSD-YOLO\test\images\grp1_22a1d833-RV_001_174.jpeg,2240.44,2227.08,2714.64,2411.05,0.6719,street sign,True,True,427.1,mtsd-p9
SAM 3,street sign,grp1_22a1d833-RV_001_174.jpeg,E:\2. UM-Student\MSC Dissertation\Urban-Vision-Benchmark\Datasets\MTSD\Prepared\MTSD-Unaugmented\MTSD-YOLO\test\images\grp1_22a1d833-RV_001_174.jpeg,2248.51,2240.28,2798.28,4032.0,0.4648,street sign,True,True,427.1,mtsd-p9
SAM 3,street sign,grp1_22a1d833-RV_001_174.jpeg,E:\2. UM-Student\MSC Dissertation\Urban-Vision-Benchmark\Datasets\MTSD\Prepared\MTSD-Unaugmented\MTSD-YOLO\test\images\grp1_22a1d833-RV_001_174.jpeg,1058.9,997.58,2237.31,4032.0,0.5234,street sign,True,True,427.1,mtsd-p9
SAM 3,street sign,grp1_22a1d833-RV_001_174.jpeg,E:\2. UM-Student\MSC Dissertation\Urban-Vision-Benchmark\Datasets\MTSD\Prepared\MTSD-Unaugmented\MTSD-YOLO\test\images\grp1_22a1d833-RV_001_174.jpeg,1072.87,2003.1,2162.64,3071.19,0.8945,street sign,True,True,427.1,mtsd-p9
SAM 3,street sign,grp1_22a1d833-RV_001_174.jpeg,E:\2. UM-Student\MSC Dissertation\Urban-Vision-Benchmark\Datasets\MTSD\Prepared\MTSD-Unaugmented\MTSD-YOLO\test\images\grp1_22a1d833-RV_001_174.jpeg,1054.71,992.07,2242.16,1993.49,0.8945,street sign,True,True,427.1,mtsd-p9
SAM 3,street sign,grp1_22c68da3-IMG_4717.jpeg,E:\2. UM-Student\MSC Dissertation\Urban-Vision-Benchmark\Datasets\MTSD\Prepared\MTSD-Unaugmented\MTSD-YOLO\test\images\grp1_22c68da3-IMG_4717.jpeg,746.64,1145.46,2373.55,2463.43,0.9102,street sign,True,True,189.7,mtsd-p9
SAM 3,street sign,grp1_22c68da3-IMG_4717.jpeg,E:\2. UM-Student\MSC Dissertation\Urban-Vision-Benchmark\Datasets\MTSD\Prepared\MTSD-Unaugmented\MTSD-YOLO\test\images\grp1_22c68da3-IMG_4717.jpeg,746.38,1141.77,2370.73,4032.0,0.5312,street sign,True,True,189.7,mtsd-p9
SAM 3,street sign,grp1_2493a507-RV_001_172.jpeg,E:\2. UM-Student\MSC Dissertation\Urban-Vision-Benchmark\Datasets\MTSD\Prepared\MTSD-Unaugmented\MTSD-YOLO\test\images\grp1_2493a507-RV_001_172.jpeg,1059.86,3808.16,1084.8,3862.12,0.4062,street sign,True,True,467.4,mtsd-p9
SAM 3,street sign,grp1_2493a507-RV_001_172.jpeg,E:\2. UM-Student\MSC Dissertation\Urban-Vision-Benchmark\Datasets\MTSD\Prepared\MTSD-Unaugmented\MTSD-YOLO\test\images\grp1_2493a507-RV_001_172.jpeg,974.1,1429.57,1993.95,4032.0,0.4355,street sign,True,True,467.4,mtsd-p9
SAM 3,street sign,grp1_2493a507-RV_001_172.jpeg,E:\2. UM-Student\MSC Dissertation\Urban-Vision-Benchmark\Datasets\MTSD\Prepared\MTSD-Unaugmented\MTSD-YOLO\test\images\grp1_2493a507-RV_001_172.jpeg,1024.21,2268.52,1974.51,3207.1,0.9219,street sign,True,True,467.4,mtsd-p9
SAM 3,street sign,grp1_2493a507-RV_001_172.jpeg,E:\2. UM-Student\MSC Dissertation\Urban-Vision-Benchmark\Datasets\MTSD\Prepared\MTSD-Unaugmented\MTSD-YOLO\test\images\grp1_2493a507-RV_001_172.jpeg,1713.59,3977.34,1749.12,4031.72,0.5469,street sign,True,True,467.4,mtsd-p9
SAM 3,street sign,grp1_2493a507-RV_001_172.jpeg,E:\2. UM-Student\MSC Dissertation\Urban-Vision-Benchmark\Datasets\MTSD\Prepared\MTSD-Unaugmented\MTSD-YOLO\test\images\grp1_2493a507-RV_001_172.jpeg,1383.7,3925.69,1428.59,3972.12,0.3008,street sign,True,True,467.4,mtsd-p9
SAM 3,street sign,grp1_2493a507-RV_001_172.jpeg,E:\2. UM-Student\MSC Dissertation\Urban-Vision-Benchmark\Datasets\MTSD\Prepared\MTSD-Unaugmented\MTSD-YOLO\test\images\grp1_2493a507-RV_001_172.jpeg,965.52,1432.08,1988.95,2265.98,0.8359,street sign,True,True,467.4,mtsd-p9
SAM 3,street sign,grp1_25ff97a8-IMG20260105132835.jpg,E:\2. UM-Student\MSC Dissertation\Urban-Vision-Benchmark\Datasets\MTSD\Prepared\MTSD-Unaugmented\MTSD-YOLO\test\images\grp1_25ff97a8-IMG20260105132835.jpg,474.73,858.2,2722.51,2794.88,0.9648,street sign,True,True,231.8,mtsd-p9
SAM 3,street sign,grp1_25ff97a8-IMG20260105132835.jpg,E:\2. UM-Student\MSC Dissertation\Urban-Vision-Benchmark\Datasets\MTSD\Prepared\MTSD-Unaugmented\MTSD-YOLO\test\images\grp1_25ff97a8-IMG20260105132835.jpg,728.29,87.26,2067.17,1029.29,0.9609,street sign,True,True,231.8,mtsd-p9
SAM 3,street sign,grp1_265aa6a6-IMG_5573.jpeg,E:\2. UM-Student\MSC Dissertation\Urban-Vision-Benchmark\Datasets\MTSD\Prepared\MTSD-Unaugmented\MTSD-YOLO\test\images\grp1_265aa6a6-IMG_5573.jpeg,1321.38,1964.39,1693.19,2758.76,0.8789,street sign,True,True,175.4,mtsd-p9
SAM 3,street sign,grp1_265aa6a6-IMG_5573.jpeg,E:\2. UM-Student\MSC Dissertation\Urban-Vision-Benchmark\Datasets\MTSD\Prepared\MTSD-Unaugmented\MTSD-YOLO\test\images\grp1_265aa6a6-IMG_5573.jpeg,1319.86,1964.62,1695.13,4032.0,0.8086,street sign,True,True,175.4,mtsd-p9
SAM 3,street sign,grp1_2a767150-RV_001_64.jpeg,E:\2. UM-Student\MSC Dissertation\Urban-Vision-Benchmark\Datasets\MTSD\Prepared\MTSD-Unaugmented\MTSD-YOLO\test\images\grp1_2a767150-RV_001_64.jpeg,910.6,2600.63,1932.12,3647.16,0.9531,street sign,True,True,218.1,mtsd-p9
SAM 3,street sign,grp1_2a767150-RV_001_64.jpeg,E:\2. UM-Student\MSC Dissertation\Urban-Vision-Benchmark\Datasets\MTSD\Prepared\MTSD-Unaugmented\MTSD-YOLO\test\images\grp1_2a767150-RV_001_64.jpeg,997.95,1523.06,2048.27,2708.21,0.3242,street sign,True,True,218.1,mtsd-p9
SAM 3,street sign,grp1_2f062204-IMG_5549.jpeg,E:\2. UM-Student\MSC Dissertation\Urban-Vision-Benchmark\Datasets\MTSD\Prepared\MTSD-Unaugmented\MTSD-YOLO\test\images\grp1_2f062204-IMG_5549.jpeg,2496.73,3527.56,2536.62,3655.55,0.7109,street sign,True,True,487.2,mtsd-p9
SAM 3,street sign,grp1_2f062204-IMG_5549.jpeg,E:\2. UM-Student\MSC Dissertation\Urban-Vision-Benchmark\Datasets\MTSD\Prepared\MTSD-Unaugmented\MTSD-YOLO\test\images\grp1_2f062204-IMG_5549.jpeg,1777.96,3492.67,1842.42,3895.9,0.3379,street sign,True,True,487.2,mtsd-p9
SAM 3,street sign,grp1_2f062204-IMG_5549.jpeg,E:\2. UM-Student\MSC Dissertation\Urban-Vision-Benchmark\Datasets\MTSD\Prepared\MTSD-Unaugmented\MTSD-YOLO\test\images\grp1_2f062204-IMG_5549.jpeg,2933.78,3585.15,2979.75,3635.85,0.7578,street sign,True,True,487.2,mtsd-p9
SAM 3,street sign,grp1_2f062204-IMG_5549.jpeg,E:\2. UM-Student\MSC Dissertation\Urban-Vision-Benchmark\Datasets\MTSD\Prepared\MTSD-Unaugmented\MTSD-YOLO\test\images\grp1_2f062204-IMG_5549.jpeg,2725.07,3570.56,2762.3,3624.73,0.6836,street sign,True,True,487.2,mtsd-p9
SAM 3,street sign,grp1_2f062204-IMG_5549.jpeg,E:\2. UM-Student\MSC Dissertation\Urban-Vision-Benchmark\Datasets\MTSD\Prepared\MTSD-Unaugmented\MTSD-YOLO\test\images\grp1_2f062204-IMG_5549.jpeg,1777.8,3496.89,1837.91,3580.96,0.8633,street sign,True,True,487.2,mtsd-p9
SAM 3,street sign,grp1_2f062204-IMG_5549.jpeg,E:\2. UM-Student\MSC Dissertation\Urban-Vision-Benchmark\Datasets\MTSD\Prepared\MTSD-Unaugmented\MTSD-YOLO\test\images\grp1_2f062204-IMG_5549.jpeg,2504.87,3596.17,2539.35,3653.87,0.5508,street sign,True,True,487.2,mtsd-p9
SAM 3,street sign,grp1_2f062204-IMG_5549.jpeg,E:\2. UM-Student\MSC Dissertation\Urban-Vision-Benchmark\Datasets\MTSD\Prepared\MTSD-Unaugmented\MTSD-YOLO\test\images\grp1_2f062204-IMG_5549.jpeg,2495.91,3527.69,2532.76,3602.14,0.4375,street sign,True,True,487.2,mtsd-p9
SAM 3,street sign,grp1_2f062204-IMG_5549.jpeg,E:\2. UM-Student\MSC Dissertation\Urban-Vision-Benchmark\Datasets\MTSD\Prepared\MTSD-Unaugmented\MTSD-YOLO\test\images\grp1_2f062204-IMG_5549.jpeg,1183.35,1778.54,1883.67,2481.98,0.957,street sign,True,True,487.2,mtsd-p9
SAM 3,street sign,grp1_2f062204-IMG_5549.jpeg,E:\2. UM-Student\MSC Dissertation\Urban-Vision-Benchmark\Datasets\MTSD\Prepared\MTSD-Unaugmented\MTSD-YOLO\test\images\grp1_2f062204-IMG_5549.jpeg,2358.47,3537.57,2385.5,3618.31,0.4492,street sign,True,True,487.2,mtsd-p9
SAM 3,street sign,grp1_335c2601-IMG_4793.jpeg,E:\2. UM-Student\MSC Dissertation\Urban-Vision-Benchmark\Datasets\MTSD\Prepared\MTSD-Unaugmented\MTSD-YOLO\test\images\grp1_335c2601-IMG_4793.jpeg,570.25,3763.85,1274.99,4032.0,0.8633,street sign,True,True,203.4,mtsd-p9
SAM 3,street sign,grp1_335c2601-IMG_4793.jpeg,E:\2. UM-Student\MSC Dissertation\Urban-Vision-Benchmark\Datasets\MTSD\Prepared\MTSD-Unaugmented\MTSD-YOLO\test\images\grp1_335c2601-IMG_4793.jpeg,737.69,786.39,2240.86,4032.0,0.5391,street sign,True,True,203.4,mtsd-p9
SAM 3,street sign,grp1_335c2601-IMG_4793.jpeg,E:\2. UM-Student\MSC Dissertation\Urban-Vision-Benchmark\Datasets\MTSD\Prepared\MTSD-Unaugmented\MTSD-YOLO\test\images\grp1_335c2601-IMG_4793.jpeg,749.3,789.54,2236.36,2247.32,0.9023,street sign,True,True,203.4,mtsd-p9
SAM 3,street sign,grp1_37e4fc9d-RV_001_33.jpeg,E:\2. UM-Student\MSC Dissertation\Urban-Vision-Benchmark\Datasets\MTSD\Prepared\MTSD-Unaugmented\MTSD-YOLO\test\images\grp1_37e4fc9d-RV_001_33.jpeg,578.3,3805.15,661.45,3991.24,0.4277,street sign,True,True,497.9,mtsd-p9
SAM 3,street sign,grp1_37e4fc9d-RV_001_33.jpeg,E:\2. UM-Student\MSC Dissertation\Urban-Vision-Benchmark\Datasets\MTSD\Prepared\MTSD-Unaugmented\MTSD-YOLO\test\images\grp1_37e4fc9d-RV_001_33.jpeg,2789.67,3777.59,2856.89,4032.0,0.375,street sign,True,True,497.9,mtsd-p9
SAM 3,street sign,grp1_37e4fc9d-RV_001_33.jpeg,E:\2. UM-Student\MSC Dissertation\Urban-Vision-Benchmark\Datasets\MTSD\Prepared\MTSD-Unaugmented\MTSD-YOLO\test\images\grp1_37e4fc9d-RV_001_33.jpeg,1011.23,1897.51,2112.86,2981.72,0.8672,street sign,True,True,497.9,mtsd-p9
SAM 3,street sign,grp1_37e4fc9d-RV_001_33.jpeg,E:\2. UM-Student\MSC Dissertation\Urban-Vision-Benchmark\Datasets\MTSD\Prepared\MTSD-Unaugmented\MTSD-YOLO\test\images\grp1_37e4fc9d-RV_001_33.jpeg,579.21,3807.39,622.75,3987.99,0.4922,street sign,True,True,497.9,mtsd-p9
SAM 3,street sign,grp1_37e4fc9d-RV_001_33.jpeg,E:\2. UM-Student\MSC Dissertation\Urban-Vision-Benchmark\Datasets\MTSD\Prepared\MTSD-Unaugmented\MTSD-YOLO\test\images\grp1_37e4fc9d-RV_001_33.jpeg,2791.61,3783.41,2850.02,3863.92,0.6172,street sign,True,True,497.9,mtsd-p9
SAM 3,street sign,grp1_37e4fc9d-RV_001_33.jpeg,E:\2. UM-Student\MSC Dissertation\Urban-Vision-Benchmark\Datasets\MTSD\Prepared\MTSD-Unaugmented\MTSD-YOLO\test\images\grp1_37e4fc9d-RV_001_33.jpeg,605.44,3584.58,654.75,3778.87,0.5039,street sign,True,True,497.9,mtsd-p9
SAM 3,street sign,grp1_37e4fc9d-RV_001_33.jpeg,E:\2. UM-Student\MSC Dissertation\Urban-Vision-Benchmark\Datasets\MTSD\Prepared\MTSD-Unaugmented\MTSD-YOLO\test\images\grp1_37e4fc9d-RV_001_33.jpeg,999.14,3594.42,1120.67,3730.22,0.7852,street sign,True,True,497.9,mtsd-p9
SAM 3,street sign,grp1_37e4fc9d-RV_001_33.jpeg,E:\2. UM-Student\MSC Dissertation\Urban-Vision-Benchmark\Datasets\MTSD\Prepared\MTSD-Unaugmented\MTSD-YOLO\test\images\grp1_37e4fc9d-RV_001_33.jpeg,584.72,3575.61,659.76,4011.47,0.4863,street sign,True,True,497.9,mtsd-p9
SAM 3,street sign,grp1_37e4fc9d-RV_001_33.jpeg,E:\2. UM-Student\MSC Dissertation\Urban-Vision-Benchmark\Datasets\MTSD\Prepared\MTSD-Unaugmented\MTSD-YOLO\test\images\grp1_37e4fc9d-RV_001_33.jpeg,587.06,3647.61,890.53,3798.69,0.5195,street sign,True,True,497.9,mtsd-p9
SAM 3,street sign,grp1_37e4fc9d-RV_001_33.jpeg,E:\2. UM-Student\MSC Dissertation\Urban-Vision-Benchmark\Datasets\MTSD\Prepared\MTSD-Unaugmented\MTSD-YOLO\test\images\grp1_37e4fc9d-RV_001_33.jpeg,1015.6,1868.75,2116.09,4032.0,0.4785,street sign,True,True,497.9,mtsd-p9
SAM 3,street sign,grp1_37e4fc9d-RV_001_33.jpeg,E:\2. UM-Student\MSC Dissertation\Urban-Vision-Benchmark\Datasets\MTSD\Prepared\MTSD-Unaugmented\MTSD-YOLO\test\images\grp1_37e4fc9d-RV_001_33.jpeg,1900.48,3843.44,1933.65,3886.35,0.6367,street sign,True,True,497.9,mtsd-p9
SAM 3,street sign,grp1_37e4fc9d-RV_001_33.jpeg,E:\2. UM-Student\MSC Dissertation\Urban-Vision-Benchmark\Datasets\MTSD\Prepared\MTSD-Unaugmented\MTSD-YOLO\test\images\grp1_37e4fc9d-RV_001_33.jpeg,1733.72,3878.42,1766.43,3928.71,0.4922,street sign,True,True,497.9,mtsd-p9
SAM 3,street sign,grp1_37e4fc9d-RV_001_33.jpeg,E:\2. UM-Student\MSC Dissertation\Urban-Vision-Benchmark\Datasets\MTSD\Prepared\MTSD-Unaugmented\MTSD-YOLO\test\images\grp1_37e4fc9d-RV_001_33.jpeg,614.69,3808.35,657.38,3981.47,0.7617,street sign,True,True,497.9,mtsd-p9
SAM 3,street sign,grp1_39fe0c0b-IMG_4673.jpeg,E:\2. UM-Student\MSC Dissertation\Urban-Vision-Benchmark\Datasets\MTSD\Prepared\MTSD-Unaugmented\MTSD-YOLO\test\images\grp1_39fe0c0b-IMG_4673.jpeg,871.03,749.0,2069.27,2502.46,0.9141,street sign,True,True,243.7,mtsd-p9
SAM 3,street sign,grp1_39fe0c0b-IMG_4673.jpeg,E:\2. UM-Student\MSC Dissertation\Urban-Vision-Benchmark\Datasets\MTSD\Prepared\MTSD-Unaugmented\MTSD-YOLO\test\images\grp1_39fe0c0b-IMG_4673.jpeg,315.56,3477.1,435.91,3646.98,0.4727,street sign,True,True,243.7,mtsd-p9
SAM 3,street sign,grp1_39fe0c0b-IMG_4673.jpeg,E:\2. UM-Student\MSC Dissertation\Urban-Vision-Benchmark\Datasets\MTSD\Prepared\MTSD-Unaugmented\MTSD-YOLO\test\images\grp1_39fe0c0b-IMG_4673.jpeg,877.24,18.99,2533.19,4032.0,0.4688,street sign,True,True,243.7,mtsd-p9
SAM 3,street sign,grp1_39fe0c0b-IMG_4673.jpeg,E:\2. UM-Student\MSC Dissertation\Urban-Vision-Benchmark\Datasets\MTSD\Prepared\MTSD-Unaugmented\MTSD-YOLO\test\images\grp1_39fe0c0b-IMG_4673.jpeg,2122.81,1328.16,2258.01,2350.27,0.4844,street sign,True,True,243.7,mtsd-p9
SAM 3,street sign,grp1_39fe0c0b-IMG_4673.jpeg,E:\2. UM-Student\MSC Dissertation\Urban-Vision-Benchmark\Datasets\MTSD\Prepared\MTSD-Unaugmented\MTSD-YOLO\test\images\grp1_39fe0c0b-IMG_4673.jpeg,915.21,0.0,2539.16,955.44,0.9062,street sign,True,True,243.7,mtsd-p9
SAM 3,street sign,grp1_3b1bbe25-IMG_4677.jpeg,E:\2. UM-Student\MSC Dissertation\Urban-Vision-Benchmark\Datasets\MTSD\Prepared\MTSD-Unaugmented\MTSD-YOLO\test\images\grp1_3b1bbe25-IMG_4677.jpeg,479.57,1002.33,2519.83,3265.87,0.9648,street sign,True,True,168.9,mtsd-p9
SAM 3,street sign,grp1_46552970-IMG_5766.jpeg,E:\2. UM-Student\MSC Dissertation\Urban-Vision-Benchmark\Datasets\MTSD\Prepared\MTSD-Unaugmented\MTSD-YOLO\test\images\grp1_46552970-IMG_5766.jpeg,1049.68,1630.6,1945.03,2620.91,0.9531,street sign,True,True,233.8,mtsd-p9
SAM 3,street sign,grp1_46552970-IMG_5766.jpeg,E:\2. UM-Student\MSC Dissertation\Urban-Vision-Benchmark\Datasets\MTSD\Prepared\MTSD-Unaugmented\MTSD-YOLO\test\images\grp1_46552970-IMG_5766.jpeg,0.0,3303.31,32.68,3493.28,0.5977,street sign,True,True,233.8,mtsd-p9
SAM 3,street sign,grp1_46552970-IMG_5766.jpeg,E:\2. UM-Student\MSC Dissertation\Urban-Vision-Benchmark\Datasets\MTSD\Prepared\MTSD-Unaugmented\MTSD-YOLO\test\images\grp1_46552970-IMG_5766.jpeg,951.22,2621.76,2001.86,3360.16,0.9453,street sign,True,True,233.8,mtsd-p9
SAM 3,street sign,grp1_4b0be6d1-IMG20260105131256.jpg,E:\2. UM-Student\MSC Dissertation\Urban-Vision-Benchmark\Datasets\MTSD\Prepared\MTSD-Unaugmented\MTSD-YOLO\test\images\grp1_4b0be6d1-IMG20260105131256.jpg,778.69,393.96,2470.25,3292.73,0.9375,street sign,True,True,215.5,mtsd-p9
SAM 3,street sign,grp1_5068c583-IMG_4683.jpeg,E:\2. UM-Student\MSC Dissertation\Urban-Vision-Benchmark\Datasets\MTSD\Prepared\MTSD-Unaugmented\MTSD-YOLO\test\images\grp1_5068c583-IMG_4683.jpeg,1457.53,2962.23,1555.76,3103.95,0.3223,street sign,True,True,203.9,mtsd-p9
SAM 3,street sign,grp1_5068c583-IMG_4683.jpeg,E:\2. UM-Student\MSC Dissertation\Urban-Vision-Benchmark\Datasets\MTSD\Prepared\MTSD-Unaugmented\MTSD-YOLO\test\images\grp1_5068c583-IMG_4683.jpeg,768.6,1407.16,1994.86,3002.37,0.9414,street sign,True,True,203.9,mtsd-p9
SAM 3,street sign,grp1_52634fe4-IMG_20260108_180144.jpg,E:\2. UM-Student\MSC Dissertation\Urban-Vision-Benchmark\Datasets\MTSD\Prepared\MTSD-Unaugmented\MTSD-YOLO\test\images\grp1_52634fe4-IMG_20260108_180144.jpg,0.0,887.95,243.45,2324.83,0.3887,street sign,True,True,644.3,mtsd-p9
SAM 3,street sign,grp1_52634fe4-IMG_20260108_180144.jpg,E:\2. UM-Student\MSC Dissertation\Urban-Vision-Benchmark\Datasets\MTSD\Prepared\MTSD-Unaugmented\MTSD-YOLO\test\images\grp1_52634fe4-IMG_20260108_180144.jpg,2073.88,2209.15,2135.06,2273.11,0.8125,street sign,True,True,644.3,mtsd-p9
SAM 3,street sign,grp1_52634fe4-IMG_20260108_180144.jpg,E:\2. UM-Student\MSC Dissertation\Urban-Vision-Benchmark\Datasets\MTSD\Prepared\MTSD-Unaugmented\MTSD-YOLO\test\images\grp1_52634fe4-IMG_20260108_180144.jpg,1203.19,2106.84,1247.22,2189.67,0.7617,street sign,True,True,644.3,mtsd-p9
SAM 3,street sign,grp1_52634fe4-IMG_20260108_180144.jpg,E:\2. UM-Student\MSC Dissertation\Urban-Vision-Benchmark\Datasets\MTSD\Prepared\MTSD-Unaugmented\MTSD-YOLO\test\images\grp1_52634fe4-IMG_20260108_180144.jpg,0.0,2305.25,431.03,2626.2,0.334,street sign,True,True,644.3,mtsd-p9
SAM 3,street sign,grp1_52634fe4-IMG_20260108_180144.jpg,E:\2. UM-Student\MSC Dissertation\Urban-Vision-Benchmark\Datasets\MTSD\Prepared\MTSD-Unaugmented\MTSD-YOLO\test\images\grp1_52634fe4-IMG_20260108_180144.jpg,1073.81,2112.7,1115.38,2205.85,0.5742,street sign,True,True,644.3,mtsd-p9
SAM 3,street sign,grp1_52634fe4-IMG_20260108_180144.jpg,E:\2. UM-Student\MSC Dissertation\Urban-Vision-Benchmark\Datasets\MTSD\Prepared\MTSD-Unaugmented\MTSD-YOLO\test\images\grp1_52634fe4-IMG_20260108_180144.jpg,2073.71,2145.32,2136.32,2212.52,0.8086,street sign,True,True,644.3,mtsd-p9
SAM 3,street sign,grp1_52634fe4-IMG_20260108_180144.jpg,E:\2. UM-Student\MSC Dissertation\Urban-Vision-Benchmark\Datasets\MTSD\Prepared\MTSD-Unaugmented\MTSD-YOLO\test\images\grp1_52634fe4-IMG_20260108_180144.jpg,1204.94,2181.53,1250.19,2247.02,0.4531,street sign,True,True,644.3,mtsd-p9
SAM 3,street sign,grp1_52634fe4-IMG_20260108_180144.jpg,E:\2. UM-Student\MSC Dissertation\Urban-Vision-Benchmark\Datasets\MTSD\Prepared\MTSD-Unaugmented\MTSD-YOLO\test\images\grp1_52634fe4-IMG_20260108_180144.jpg,1307.04,17.17,2274.95,4068.89,0.4941,street sign,True,True,644.3,mtsd-p9
SAM 3,street sign,grp1_52634fe4-IMG_20260108_180144.jpg,E:\2. UM-Student\MSC Dissertation\Urban-Vision-Benchmark\Datasets\MTSD\Prepared\MTSD-Unaugmented\MTSD-YOLO\test\images\grp1_52634fe4-IMG_20260108_180144.jpg,1285.02,855.46,1767.64,3226.38,0.8906,street sign,True,True,644.3,mtsd-p9
SAM 3,street sign,grp1_52634fe4-IMG_20260108_180144.jpg,E:\2. UM-Student\MSC Dissertation\Urban-Vision-Benchmark\Datasets\MTSD\Prepared\MTSD-Unaugmented\MTSD-YOLO\test\images\grp1_52634fe4-IMG_20260108_180144.jpg,0.0,888.58,242.63,1800.38,0.3047,street sign,True,True,644.3,mtsd-p9
SAM 3,street sign,grp1_52634fe4-IMG_20260108_180144.jpg,E:\2. UM-Student\MSC Dissertation\Urban-Vision-Benchmark\Datasets\MTSD\Prepared\MTSD-Unaugmented\MTSD-YOLO\test\images\grp1_52634fe4-IMG_20260108_180144.jpg,1318.76,0.0,2281.38,1132.36,0.8789,street sign,True,True,644.3,mtsd-p9
SAM 3,street sign,grp1_52634fe4-IMG_20260108_180144.jpg,E:\2. UM-Student\MSC Dissertation\Urban-Vision-Benchmark\Datasets\MTSD\Prepared\MTSD-Unaugmented\MTSD-YOLO\test\images\grp1_52634fe4-IMG_20260108_180144.jpg,2172.79,2063.33,2272.67,2110.76,0.4453,street sign,True,True,644.3,mtsd-p9
SAM 3,street sign,grp1_531e767b-IMG_4685.jpeg,E:\2. UM-Student\MSC Dissertation\Urban-Vision-Benchmark\Datasets\MTSD\Prepared\MTSD-Unaugmented\MTSD-YOLO\test\images\grp1_531e767b-IMG_4685.jpeg,0.0,3733.42,52.79,3977.14,0.5625,street sign,True,True,224.1,mtsd-p9
SAM 3,street sign,grp1_531e767b-IMG_4685.jpeg,E:\2. UM-Student\MSC Dissertation\Urban-Vision-Benchmark\Datasets\MTSD\Prepared\MTSD-Unaugmented\MTSD-YOLO\test\images\grp1_531e767b-IMG_4685.jpeg,316.91,1319.81,1958.84,3473.7,0.8828,street sign,True,True,224.1,mtsd-p9
SAM 3,street sign,grp1_53e7c3c2-IMG_5568.jpeg,E:\2. UM-Student\MSC Dissertation\Urban-Vision-Benchmark\Datasets\MTSD\Prepared\MTSD-Unaugmented\MTSD-YOLO\test\images\grp1_53e7c3c2-IMG_5568.jpeg,1074.88,1701.39,1693.32,2782.87,0.8984,street sign,True,True,192.8,mtsd-p9
SAM 3,street sign,grp1_53e7c3c2-IMG_5568.jpeg,E:\2. UM-Student\MSC Dissertation\Urban-Vision-Benchmark\Datasets\MTSD\Prepared\MTSD-Unaugmented\MTSD-YOLO\test\images\grp1_53e7c3c2-IMG_5568.jpeg,1070.64,1698.34,1693.8,4032.0,0.3633,street sign,True,True,192.8,mtsd-p9
SAM 3,street sign,grp1_578dabe6-IMG_4802.jpeg,E:\2. UM-Student\MSC Dissertation\Urban-Vision-Benchmark\Datasets\MTSD\Prepared\MTSD-Unaugmented\MTSD-YOLO\test\images\grp1_578dabe6-IMG_4802.jpeg,1724.73,3488.46,1773.01,3603.11,0.3223,street sign,True,True,253.0,mtsd-p9
SAM 3,street sign,grp1_578dabe6-IMG_4802.jpeg,E:\2. UM-Student\MSC Dissertation\Urban-Vision-Benchmark\Datasets\MTSD\Prepared\MTSD-Unaugmented\MTSD-YOLO\test\images\grp1_578dabe6-IMG_4802.jpeg,405.08,3613.02,503.0,3682.37,0.8242,street sign,True,True,253.0,mtsd-p9
SAM 3,street sign,grp1_578dabe6-IMG_4802.jpeg,E:\2. UM-Student\MSC Dissertation\Urban-Vision-Benchmark\Datasets\MTSD\Prepared\MTSD-Unaugmented\MTSD-YOLO\test\images\grp1_578dabe6-IMG_4802.jpeg,783.59,962.33,2298.58,4032.0,0.3926,street sign,True,True,253.0,mtsd-p9
SAM 3,street sign,grp1_578dabe6-IMG_4802.jpeg,E:\2. UM-Student\MSC Dissertation\Urban-Vision-Benchmark\Datasets\MTSD\Prepared\MTSD-Unaugmented\MTSD-YOLO\test\images\grp1_578dabe6-IMG_4802.jpeg,796.91,967.83,2294.2,2201.72,0.9492,street sign,True,True,253.0,mtsd-p9
SAM 3,street sign,grp1_598f8dcc-IMG_5777.jpeg,E:\2. UM-Student\MSC Dissertation\Urban-Vision-Benchmark\Datasets\MTSD\Prepared\MTSD-Unaugmented\MTSD-YOLO\test\images\grp1_598f8dcc-IMG_5777.jpeg,969.77,1511.52,1014.66,1559.5,0.4707,street sign,True,True,146.1,mtsd-p9
SAM 3,street sign,grp1_598f8dcc-IMG_5777.jpeg,E:\2. UM-Student\MSC Dissertation\Urban-Vision-Benchmark\Datasets\MTSD\Prepared\MTSD-Unaugmented\MTSD-YOLO\test\images\grp1_598f8dcc-IMG_5777.jpeg,917.25,1423.16,983.93,1506.64,0.9062,street sign,True,True,146.1,mtsd-p9
SAM 3,street sign,grp1_598f8dcc-IMG_5777.jpeg,E:\2. UM-Student\MSC Dissertation\Urban-Vision-Benchmark\Datasets\MTSD\Prepared\MTSD-Unaugmented\MTSD-YOLO\test\images\grp1_598f8dcc-IMG_5777.jpeg,381.4,750.95,999.95,1357.21,0.9219,street sign,True,True,146.1,mtsd-p9
SAM 3,street sign,grp1_5eb024cb-IMG_20260108_180228.jpg,E:\2. UM-Student\MSC Dissertation\Urban-Vision-Benchmark\Datasets\MTSD\Prepared\MTSD-Unaugmented\MTSD-YOLO\test\images\grp1_5eb024cb-IMG_20260108_180228.jpg,2961.6,3137.11,3072.0,3883.09,0.459,street sign,True,True,513.8,mtsd-p9
SAM 3,street sign,grp1_5eb024cb-IMG_20260108_180228.jpg,E:\2. UM-Student\MSC Dissertation\Urban-Vision-Benchmark\Datasets\MTSD\Prepared\MTSD-Unaugmented\MTSD-YOLO\test\images\grp1_5eb024cb-IMG_20260108_180228.jpg,598.82,19.14,2501.1,4065.84,0.3926,street sign,True,True,513.8,mtsd-p9
SAM 3,street sign,grp1_5eb024cb-IMG_20260108_180228.jpg,E:\2. UM-Student\MSC Dissertation\Urban-Vision-Benchmark\Datasets\MTSD\Prepared\MTSD-Unaugmented\MTSD-YOLO\test\images\grp1_5eb024cb-IMG_20260108_180228.jpg,557.0,927.4,2562.8,2898.01,0.9062,street sign,True,True,513.8,mtsd-p9
SAM 3,street sign,grp1_5eb024cb-IMG_20260108_180228.jpg,E:\2. UM-Student\MSC Dissertation\Urban-Vision-Benchmark\Datasets\MTSD\Prepared\MTSD-Unaugmented\MTSD-YOLO\test\images\grp1_5eb024cb-IMG_20260108_180228.jpg,664.12,0.0,2176.54,936.06,0.9141,street sign,True,True,513.8,mtsd-p9
SAM 3,street sign,grp1_64a36757-IMG20251230164429.jpg,E:\2. UM-Student\MSC Dissertation\Urban-Vision-Benchmark\Datasets\MTSD\Prepared\MTSD-Unaugmented\MTSD-YOLO\test\images\grp1_64a36757-IMG20251230164429.jpg,654.83,2547.07,1976.95,4063.41,0.8086,street sign,True,True,467.7,mtsd-p9
SAM 3,street sign,grp1_64a36757-IMG20251230164429.jpg,E:\2. UM-Student\MSC Dissertation\Urban-Vision-Benchmark\Datasets\MTSD\Prepared\MTSD-Unaugmented\MTSD-YOLO\test\images\grp1_64a36757-IMG20251230164429.jpg,577.8,978.09,2251.04,4093.54,0.5156,street sign,True,True,467.7,mtsd-p9
SAM 3,street sign,grp1_64a36757-IMG20251230164429.jpg,E:\2. UM-Student\MSC Dissertation\Urban-Vision-Benchmark\Datasets\MTSD\Prepared\MTSD-Unaugmented\MTSD-YOLO\test\images\grp1_64a36757-IMG20251230164429.jpg,571.97,976.55,2257.46,2454.99,0.9102,street sign,True,True,467.7,mtsd-p9
SAM 3,street sign,grp1_69e094db-IMG20260103164903.jpg,E:\2. UM-Student\MSC Dissertation\Urban-Vision-Benchmark\Datasets\MTSD\Prepared\MTSD-Unaugmented\MTSD-YOLO\test\images\grp1_69e094db-IMG20260103164903.jpg,418.4,647.95,2381.01,2723.78,0.9258,street sign,True,True,180.9,mtsd-p9
SAM 3,street sign,grp1_69e094db-IMG20260103164903.jpg,E:\2. UM-Student\MSC Dissertation\Urban-Vision-Benchmark\Datasets\MTSD\Prepared\MTSD-Unaugmented\MTSD-YOLO\test\images\grp1_69e094db-IMG20260103164903.jpg,418.07,641.99,2391.01,4084.79,0.3438,street sign,True,True,180.9,mtsd-p9
SAM 3,street sign,grp1_6ad1ae03-IMG_4778.jpeg,E:\2. UM-Student\MSC Dissertation\Urban-Vision-Benchmark\Datasets\MTSD\Prepared\MTSD-Unaugmented\MTSD-YOLO\test\images\grp1_6ad1ae03-IMG_4778.jpeg,1458.74,0.0,2152.13,271.98,0.8594,street sign,True,True,200.6,mtsd-p9
SAM 3,street sign,grp1_6ad1ae03-IMG_4778.jpeg,E:\2. UM-Student\MSC Dissertation\Urban-Vision-Benchmark\Datasets\MTSD\Prepared\MTSD-Unaugmented\MTSD-YOLO\test\images\grp1_6ad1ae03-IMG_4778.jpeg,583.3,222.55,2649.74,1958.93,0.9531,street sign,True,True,200.6,mtsd-p9
SAM 3,street sign,grp1_6ad1ae03-IMG_4778.jpeg,E:\2. UM-Student\MSC Dissertation\Urban-Vision-Benchmark\Datasets\MTSD\Prepared\MTSD-Unaugmented\MTSD-YOLO\test\images\grp1_6ad1ae03-IMG_4778.jpeg,582.92,203.03,2659.43,4032.0,0.332,street sign,True,True,200.6,mtsd-p9
SAM 3,street sign,grp1_7052b6a6-IMG_5704.jpeg,E:\2. UM-Student\MSC Dissertation\Urban-Vision-Benchmark\Datasets\MTSD\Prepared\MTSD-Unaugmented\MTSD-YOLO\test\images\grp1_7052b6a6-IMG_5704.jpeg,889.36,1489.28,1994.27,2488.38,0.8789,street sign,True,True,215.6,mtsd-p9
SAM 3,street sign,grp1_7052b6a6-IMG_5704.jpeg,E:\2. UM-Student\MSC Dissertation\Urban-Vision-Benchmark\Datasets\MTSD\Prepared\MTSD-Unaugmented\MTSD-YOLO\test\images\grp1_7052b6a6-IMG_5704.jpeg,2754.59,3473.08,2826.33,3606.92,0.3691,street sign,True,True,215.6,mtsd-p9
SAM 3,street sign,grp1_7052b6a6-IMG_5704.jpeg,E:\2. UM-Student\MSC Dissertation\Urban-Vision-Benchmark\Datasets\MTSD\Prepared\MTSD-Unaugmented\MTSD-YOLO\test\images\grp1_7052b6a6-IMG_5704.jpeg,890.67,1489.11,1997.76,4032.0,0.5039,street sign,True,True,215.6,mtsd-p9
SAM 3,street sign,grp1_71268279-IMG_4702.jpeg,E:\2. UM-Student\MSC Dissertation\Urban-Vision-Benchmark\Datasets\MTSD\Prepared\MTSD-Unaugmented\MTSD-YOLO\test\images\grp1_71268279-IMG_4702.jpeg,539.79,0.0,797.09,106.52,0.3691,street sign,True,True,213.0,mtsd-p9
SAM 3,street sign,grp1_71268279-IMG_4702.jpeg,E:\2. UM-Student\MSC Dissertation\Urban-Vision-Benchmark\Datasets\MTSD\Prepared\MTSD-Unaugmented\MTSD-YOLO\test\images\grp1_71268279-IMG_4702.jpeg,1040.65,1612.0,2017.34,2733.52,0.6953,street sign,True,True,213.0,mtsd-p9
SAM 3,street sign,grp1_7fcdb608-IMG_5767.jpeg,E:\2. UM-Student\MSC Dissertation\Urban-Vision-Benchmark\Datasets\MTSD\Prepared\MTSD-Unaugmented\MTSD-YOLO\test\images\grp1_7fcdb608-IMG_5767.jpeg,1292.2,1346.17,1705.46,2668.35,0.9453,street sign,True,True,234.8,mtsd-p9
SAM 3,street sign,grp1_7fcdb608-IMG_5767.jpeg,E:\2. UM-Student\MSC Dissertation\Urban-Vision-Benchmark\Datasets\MTSD\Prepared\MTSD-Unaugmented\MTSD-YOLO\test\images\grp1_7fcdb608-IMG_5767.jpeg,982.43,2563.58,1831.29,3592.63,0.9531,street sign,True,True,234.8,mtsd-p9
SAM 3,street sign,grp1_8135c353-IMG_4634.jpeg,E:\2. UM-Student\MSC Dissertation\Urban-Vision-Benchmark\Datasets\MTSD\Prepared\MTSD-Unaugmented\MTSD-YOLO\test\images\grp1_8135c353-IMG_4634.jpeg,1042.84,3811.05,1528.56,4032.0,0.6641,street sign,True,True,197.0,mtsd-p9
SAM 3,street sign,grp1_8135c353-IMG_4634.jpeg,E:\2. UM-Student\MSC Dissertation\Urban-Vision-Benchmark\Datasets\MTSD\Prepared\MTSD-Unaugmented\MTSD-YOLO\test\images\grp1_8135c353-IMG_4634.jpeg,1208.25,1546.76,2020.11,3872.3,0.6914,street sign,True,True,197.0,mtsd-p9
SAM 3,street sign,grp1_831c366a-IMG_5656.jpeg,E:\2. UM-Student\MSC Dissertation\Urban-Vision-Benchmark\Datasets\MTSD\Prepared\MTSD-Unaugmented\MTSD-YOLO\test\images\grp1_831c366a-IMG_5656.jpeg,396.1,716.33,1243.07,1493.57,0.8203,street sign,True,True,135.3,mtsd-p9
SAM 3,street sign,grp1_831c366a-IMG_5656.jpeg,E:\2. UM-Student\MSC Dissertation\Urban-Vision-Benchmark\Datasets\MTSD\Prepared\MTSD-Unaugmented\MTSD-YOLO\test\images\grp1_831c366a-IMG_5656.jpeg,398.41,716.66,1244.8,2100.0,0.4648,street sign,True,True,135.3,mtsd-p9
SAM 3,street sign,grp1_831c366a-IMG_5656.jpeg,E:\2. UM-Student\MSC Dissertation\Urban-Vision-Benchmark\Datasets\MTSD\Prepared\MTSD-Unaugmented\MTSD-YOLO\test\images\grp1_831c366a-IMG_5656.jpeg,511.12,1537.28,1119.0,1961.68,0.6328,street sign,True,True,135.3,mtsd-p9
SAM 3,street sign,grp1_87d2eeb0-IMG20251124134318.jpg,E:\2. UM-Student\MSC Dissertation\Urban-Vision-Benchmark\Datasets\MTSD\Prepared\MTSD-Unaugmented\MTSD-YOLO\test\images\grp1_87d2eeb0-IMG20251124134318.jpg,901.43,1666.39,2240.19,2935.81,0.6445,street sign,True,True,179.6,mtsd-p9
SAM 3,street sign,grp1_8941e841-RV_001_100.jpeg,E:\2. UM-Student\MSC Dissertation\Urban-Vision-Benchmark\Datasets\MTSD\Prepared\MTSD-Unaugmented\MTSD-YOLO\test\images\grp1_8941e841-RV_001_100.jpeg,,,,,,<no detections>,False,True,165.2,mtsd-p9
SAM 3,street sign,grp1_8b994555-IMG_5798.jpeg,E:\2. UM-Student\MSC Dissertation\Urban-Vision-Benchmark\Datasets\MTSD\Prepared\MTSD-Unaugmented\MTSD-YOLO\test\images\grp1_8b994555-IMG_5798.jpeg,58.24,2636.6,159.31,2755.1,0.8828,street sign,True,True,254.4,mtsd-p9
SAM 3,street sign,grp1_8b994555-IMG_5798.jpeg,E:\2. UM-Student\MSC Dissertation\Urban-Vision-Benchmark\Datasets\MTSD\Prepared\MTSD-Unaugmented\MTSD-YOLO\test\images\grp1_8b994555-IMG_5798.jpeg,807.94,443.39,2132.13,4032.0,0.543,street sign,True,True,254.4,mtsd-p9
SAM 3,street sign,grp1_8b994555-IMG_5798.jpeg,E:\2. UM-Student\MSC Dissertation\Urban-Vision-Benchmark\Datasets\MTSD\Prepared\MTSD-Unaugmented\MTSD-YOLO\test\images\grp1_8b994555-IMG_5798.jpeg,925.45,1558.36,2015.84,2612.3,0.8828,street sign,True,True,254.4,mtsd-p9
SAM 3,street sign,grp1_8b994555-IMG_5798.jpeg,E:\2. UM-Student\MSC Dissertation\Urban-Vision-Benchmark\Datasets\MTSD\Prepared\MTSD-Unaugmented\MTSD-YOLO\test\images\grp1_8b994555-IMG_5798.jpeg,798.17,449.49,2140.5,1535.63,0.9102,street sign,True,True,254.4,mtsd-p9
SAM 3,street sign,grp1_8d820602-IMG_4687.jpeg,E:\2. UM-Student\MSC Dissertation\Urban-Vision-Benchmark\Datasets\MTSD\Prepared\MTSD-Unaugmented\MTSD-YOLO\test\images\grp1_8d820602-IMG_4687.jpeg,1278.7,1112.75,1840.52,3329.89,0.9531,street sign,True,True,174.8,mtsd-p9
SAM 3,street sign,grp1_8fe876b9-IMG_4754.jpeg,E:\2. UM-Student\MSC Dissertation\Urban-Vision-Benchmark\Datasets\MTSD\Prepared\MTSD-Unaugmented\MTSD-YOLO\test\images\grp1_8fe876b9-IMG_4754.jpeg,1633.39,848.67,2263.33,3126.1,0.9648,street sign,True,True,196.2,mtsd-p9
SAM 3,street sign,grp1_9082eb51-IMG20251230170110.jpg,E:\2. UM-Student\MSC Dissertation\Urban-Vision-Benchmark\Datasets\MTSD\Prepared\MTSD-Unaugmented\MTSD-YOLO\test\images\grp1_9082eb51-IMG20251230170110.jpg,1073.9,3293.82,1140.55,3361.33,0.3477,street sign,True,True,631.7,mtsd-p9
SAM 3,street sign,grp1_9082eb51-IMG20251230170110.jpg,E:\2. UM-Student\MSC Dissertation\Urban-Vision-Benchmark\Datasets\MTSD\Prepared\MTSD-Unaugmented\MTSD-YOLO\test\images\grp1_9082eb51-IMG20251230170110.jpg,898.69,3259.3,953.97,3328.8,0.4141,street sign,True,True,631.7,mtsd-p9
SAM 3,street sign,grp1_9082eb51-IMG20251230170110.jpg,E:\2. UM-Student\MSC Dissertation\Urban-Vision-Benchmark\Datasets\MTSD\Prepared\MTSD-Unaugmented\MTSD-YOLO\test\images\grp1_9082eb51-IMG20251230170110.jpg,1160.16,797.72,1966.93,3290.87,0.9492,street sign,True,True,631.7,mtsd-p9
SAM 3,street sign,grp1_9082eb51-IMG20251230170110.jpg,E:\2. UM-Student\MSC Dissertation\Urban-Vision-Benchmark\Datasets\MTSD\Prepared\MTSD-Unaugmented\MTSD-YOLO\test\images\grp1_9082eb51-IMG20251230170110.jpg,915.51,3391.89,1027.86,3518.51,0.3926,street sign,True,True,631.7,mtsd-p9
SAM 3,street sign,grp1_9082eb51-IMG20251230170110.jpg,E:\2. UM-Student\MSC Dissertation\Urban-Vision-Benchmark\Datasets\MTSD\Prepared\MTSD-Unaugmented\MTSD-YOLO\test\images\grp1_9082eb51-IMG20251230170110.jpg,1553.08,0.0,1810.99,1122.45,0.8594,street sign,True,True,631.7,mtsd-p9
SAM 3,street sign,grp1_9dfbd54a-IMG_5537.jpeg,E:\2. UM-Student\MSC Dissertation\Urban-Vision-Benchmark\Datasets\MTSD\Prepared\MTSD-Unaugmented\MTSD-YOLO\test\images\grp1_9dfbd54a-IMG_5537.jpeg,530.65,755.19,1058.14,2100.0,0.416,street sign,True,True,134.1,mtsd-p9
SAM 3,street sign,grp1_9dfbd54a-IMG_5537.jpeg,E:\2. UM-Student\MSC Dissertation\Urban-Vision-Benchmark\Datasets\MTSD\Prepared\MTSD-Unaugmented\MTSD-YOLO\test\images\grp1_9dfbd54a-IMG_5537.jpeg,529.91,802.61,1057.23,1346.8,0.8438,street sign,True,True,134.1,mtsd-p9
SAM 3,street sign,grp1_9f52d58a-IMG_5554.jpeg,E:\2. UM-Student\MSC Dissertation\Urban-Vision-Benchmark\Datasets\MTSD\Prepared\MTSD-Unaugmented\MTSD-YOLO\test\images\grp1_9f52d58a-IMG_5554.jpeg,968.64,1613.26,2187.21,2559.97,0.9336,street sign,True,True,454.1,mtsd-p9
SAM 3,street sign,grp1_9f52d58a-IMG_5554.jpeg,E:\2. UM-Student\MSC Dissertation\Urban-Vision-Benchmark\Datasets\MTSD\Prepared\MTSD-Unaugmented\MTSD-YOLO\test\images\grp1_9f52d58a-IMG_5554.jpeg,0.0,429.56,492.69,2147.31,0.8242,street sign,True,True,454.1,mtsd-p9
SAM 3,street sign,grp1_9f52d58a-IMG_5554.jpeg,E:\2. UM-Student\MSC Dissertation\Urban-Vision-Benchmark\Datasets\MTSD\Prepared\MTSD-Unaugmented\MTSD-YOLO\test\images\grp1_9f52d58a-IMG_5554.jpeg,341.79,1383.66,700.04,2563.93,0.8164,street sign,True,True,454.1,mtsd-p9
SAM 3,street sign,grp1_9f52d58a-IMG_5554.jpeg,E:\2. UM-Student\MSC Dissertation\Urban-Vision-Benchmark\Datasets\MTSD\Prepared\MTSD-Unaugmented\MTSD-YOLO\test\images\grp1_9f52d58a-IMG_5554.jpeg,722.97,2544.82,2314.79,4032.0,0.9297,street sign,True,True,454.1,mtsd-p9
SAM 3,street sign,grp1_9f52d58a-IMG_5554.jpeg,E:\2. UM-Student\MSC Dissertation\Urban-Vision-Benchmark\Datasets\MTSD\Prepared\MTSD-Unaugmented\MTSD-YOLO\test\images\grp1_9f52d58a-IMG_5554.jpeg,0.0,427.31,705.04,2573.37,0.6367,street sign,True,True,454.1,mtsd-p9
SAM 3,street sign,grp1_9f52d58a-IMG_5554.jpeg,E:\2. UM-Student\MSC Dissertation\Urban-Vision-Benchmark\Datasets\MTSD\Prepared\MTSD-Unaugmented\MTSD-YOLO\test\images\grp1_9f52d58a-IMG_5554.jpeg,0.0,397.13,961.42,3693.94,0.3516,street sign,True,True,454.1,mtsd-p9
SAM 3,street sign,grp1_a7df285e-RV_001_147.jpeg,E:\2. UM-Student\MSC Dissertation\Urban-Vision-Benchmark\Datasets\MTSD\Prepared\MTSD-Unaugmented\MTSD-YOLO\test\images\grp1_a7df285e-RV_001_147.jpeg,1380.31,3295.61,1483.48,3448.72,0.875,street sign,True,True,448.8,mtsd-p9
SAM 3,street sign,grp1_a7df285e-RV_001_147.jpeg,E:\2. UM-Student\MSC Dissertation\Urban-Vision-Benchmark\Datasets\MTSD\Prepared\MTSD-Unaugmented\MTSD-YOLO\test\images\grp1_a7df285e-RV_001_147.jpeg,1381.11,3295.41,1482.24,4032.0,0.4258,street sign,True,True,448.8,mtsd-p9
SAM 3,street sign,grp1_a7df285e-RV_001_147.jpeg,E:\2. UM-Student\MSC Dissertation\Urban-Vision-Benchmark\Datasets\MTSD\Prepared\MTSD-Unaugmented\MTSD-YOLO\test\images\grp1_a7df285e-RV_001_147.jpeg,1165.17,1952.26,1945.49,2671.87,0.7461,street sign,True,True,448.8,mtsd-p9
SAM 3,street sign,grp1_a7df285e-RV_001_147.jpeg,E:\2. UM-Student\MSC Dissertation\Urban-Vision-Benchmark\Datasets\MTSD\Prepared\MTSD-Unaugmented\MTSD-YOLO\test\images\grp1_a7df285e-RV_001_147.jpeg,1305.58,1201.95,1810.76,4032.0,0.3711,street sign,True,True,448.8,mtsd-p9
SAM 3,street sign,grp1_a9638634-IMG20260105131308.jpg,E:\2. UM-Student\MSC Dissertation\Urban-Vision-Benchmark\Datasets\MTSD\Prepared\MTSD-Unaugmented\MTSD-YOLO\test\images\grp1_a9638634-IMG20260105131308.jpg,991.86,728.32,2081.07,3245.53,0.9492,street sign,True,True,209.6,mtsd-p9
SAM 3,street sign,grp1_a9638634-IMG20260105131308.jpg,E:\2. UM-Student\MSC Dissertation\Urban-Vision-Benchmark\Datasets\MTSD\Prepared\MTSD-Unaugmented\MTSD-YOLO\test\images\grp1_a9638634-IMG20260105131308.jpg,1155.0,0.0,1853.46,1175.25,0.9258,street sign,True,True,209.6,mtsd-p9
SAM 3,street sign,grp1_aa406f9d-IMG_4615.jpeg,E:\2. UM-Student\MSC Dissertation\Urban-Vision-Benchmark\Datasets\MTSD\Prepared\MTSD-Unaugmented\MTSD-YOLO\test\images\grp1_aa406f9d-IMG_4615.jpeg,819.4,1582.88,2039.98,2941.12,0.957,street sign,True,True,197.0,mtsd-p9
SAM 3,street sign,grp1_b82e20fa-IMG_4708.jpeg,E:\2. UM-Student\MSC Dissertation\Urban-Vision-Benchmark\Datasets\MTSD\Prepared\MTSD-Unaugmented\MTSD-YOLO\test\images\grp1_b82e20fa-IMG_4708.jpeg,,,,,,<no detections>,False,True,147.9,mtsd-p9
SAM 3,street sign,grp1_c74547eb-RV_001_38.jpeg,E:\2. UM-Student\MSC Dissertation\Urban-Vision-Benchmark\Datasets\MTSD\Prepared\MTSD-Unaugmented\MTSD-YOLO\test\images\grp1_c74547eb-RV_001_38.jpeg,2351.99,3236.62,2413.0,3806.05,0.4551,street sign,True,True,496.8,mtsd-p9
SAM 3,street sign,grp1_c74547eb-RV_001_38.jpeg,E:\2. UM-Student\MSC Dissertation\Urban-Vision-Benchmark\Datasets\MTSD\Prepared\MTSD-Unaugmented\MTSD-YOLO\test\images\grp1_c74547eb-RV_001_38.jpeg,2359.28,3237.8,2403.69,3419.48,0.832,street sign,True,True,496.8,mtsd-p9
SAM 3,street sign,grp1_c74547eb-RV_001_38.jpeg,E:\2. UM-Student\MSC Dissertation\Urban-Vision-Benchmark\Datasets\MTSD\Prepared\MTSD-Unaugmented\MTSD-YOLO\test\images\grp1_c74547eb-RV_001_38.jpeg,704.89,3276.61,810.67,3651.97,0.582,street sign,True,True,496.8,mtsd-p9
SAM 3,street sign,grp1_c74547eb-RV_001_38.jpeg,E:\2. UM-Student\MSC Dissertation\Urban-Vision-Benchmark\Datasets\MTSD\Prepared\MTSD-Unaugmented\MTSD-YOLO\test\images\grp1_c74547eb-RV_001_38.jpeg,2305.71,3232.44,2357.37,3415.2,0.3535,street sign,True,True,496.8,mtsd-p9
SAM 3,street sign,grp1_c74547eb-RV_001_38.jpeg,E:\2. UM-Student\MSC Dissertation\Urban-Vision-Benchmark\Datasets\MTSD\Prepared\MTSD-Unaugmented\MTSD-YOLO\test\images\grp1_c74547eb-RV_001_38.jpeg,1248.94,1628.02,1820.44,3736.98,0.332,street sign,True,True,496.8,mtsd-p9
SAM 3,street sign,grp1_c74547eb-RV_001_38.jpeg,E:\2. UM-Student\MSC Dissertation\Urban-Vision-Benchmark\Datasets\MTSD\Prepared\MTSD-Unaugmented\MTSD-YOLO\test\images\grp1_c74547eb-RV_001_38.jpeg,1249.74,1633.99,1817.77,2629.45,0.9258,street sign,True,True,496.8,mtsd-p9
SAM 3,street sign,grp1_ca48394e-RV_001_125.jpeg,E:\2. UM-Student\MSC Dissertation\Urban-Vision-Benchmark\Datasets\MTSD\Prepared\MTSD-Unaugmented\MTSD-YOLO\test\images\grp1_ca48394e-RV_001_125.jpeg,2269.82,3384.46,2326.56,3447.69,0.7578,street sign,True,True,250.9,mtsd-p9
SAM 3,street sign,grp1_ca48394e-RV_001_125.jpeg,E:\2. UM-Student\MSC Dissertation\Urban-Vision-Benchmark\Datasets\MTSD\Prepared\MTSD-Unaugmented\MTSD-YOLO\test\images\grp1_ca48394e-RV_001_125.jpeg,0.0,2758.16,49.81,3011.5,0.5156,street sign,True,True,250.9,mtsd-p9
SAM 3,street sign,grp1_ca48394e-RV_001_125.jpeg,E:\2. UM-Student\MSC Dissertation\Urban-Vision-Benchmark\Datasets\MTSD\Prepared\MTSD-Unaugmented\MTSD-YOLO\test\images\grp1_ca48394e-RV_001_125.jpeg,1307.67,1984.53,1680.09,2992.5,0.9297,street sign,True,True,250.9,mtsd-p9
SAM 3,street sign,grp1_ca48394e-RV_001_125.jpeg,E:\2. UM-Student\MSC Dissertation\Urban-Vision-Benchmark\Datasets\MTSD\Prepared\MTSD-Unaugmented\MTSD-YOLO\test\images\grp1_ca48394e-RV_001_125.jpeg,1391.24,1838.48,1704.69,4032.0,0.3926,street sign,True,True,250.9,mtsd-p9
SAM 3,street sign,grp1_ca48394e-RV_001_125.jpeg,E:\2. UM-Student\MSC Dissertation\Urban-Vision-Benchmark\Datasets\MTSD\Prepared\MTSD-Unaugmented\MTSD-YOLO\test\images\grp1_ca48394e-RV_001_125.jpeg,1713.18,2334.53,1865.72,2667.38,0.3379,street sign,True,True,250.9,mtsd-p9
SAM 3,street sign,grp1_cb282f25-RV_001_112.jpeg,E:\2. UM-Student\MSC Dissertation\Urban-Vision-Benchmark\Datasets\MTSD\Prepared\MTSD-Unaugmented\MTSD-YOLO\test\images\grp1_cb282f25-RV_001_112.jpeg,696.92,3543.62,749.11,3621.49,0.8047,street sign,True,True,225.8,mtsd-p9
SAM 3,street sign,grp1_cb282f25-RV_001_112.jpeg,E:\2. UM-Student\MSC Dissertation\Urban-Vision-Benchmark\Datasets\MTSD\Prepared\MTSD-Unaugmented\MTSD-YOLO\test\images\grp1_cb282f25-RV_001_112.jpeg,1044.02,2032.26,2054.7,2957.09,0.9492,street sign,True,True,225.8,mtsd-p9
SAM 3,street sign,grp1_cb282f25-RV_001_112.jpeg,E:\2. UM-Student\MSC Dissertation\Urban-Vision-Benchmark\Datasets\MTSD\Prepared\MTSD-Unaugmented\MTSD-YOLO\test\images\grp1_cb282f25-RV_001_112.jpeg,694.07,3539.31,750.68,3762.74,0.4043,street sign,True,True,225.8,mtsd-p9
SAM 3,street sign,grp1_ce09cd20-IMG_4692.jpeg,E:\2. UM-Student\MSC Dissertation\Urban-Vision-Benchmark\Datasets\MTSD\Prepared\MTSD-Unaugmented\MTSD-YOLO\test\images\grp1_ce09cd20-IMG_4692.jpeg,746.82,2220.1,2174.21,3640.87,0.957,street sign,True,True,156.3,mtsd-p9
SAM 3,street sign,grp1_d341fc22-IMG20260105131647.jpg,E:\2. UM-Student\MSC Dissertation\Urban-Vision-Benchmark\Datasets\MTSD\Prepared\MTSD-Unaugmented\MTSD-YOLO\test\images\grp1_d341fc22-IMG20260105131647.jpg,1511.84,3400.01,1735.87,3616.95,0.418,street sign,True,True,262.2,mtsd-p9
SAM 3,street sign,grp1_d341fc22-IMG20260105131647.jpg,E:\2. UM-Student\MSC Dissertation\Urban-Vision-Benchmark\Datasets\MTSD\Prepared\MTSD-Unaugmented\MTSD-YOLO\test\images\grp1_d341fc22-IMG20260105131647.jpg,518.65,3442.92,974.02,4096.0,0.543,street sign,True,True,262.2,mtsd-p9
SAM 3,street sign,grp1_d341fc22-IMG20260105131647.jpg,E:\2. UM-Student\MSC Dissertation\Urban-Vision-Benchmark\Datasets\MTSD\Prepared\MTSD-Unaugmented\MTSD-YOLO\test\images\grp1_d341fc22-IMG20260105131647.jpg,657.9,30.41,2435.27,4072.97,0.3672,street sign,True,True,262.2,mtsd-p9
SAM 3,street sign,grp1_d341fc22-IMG20260105131647.jpg,E:\2. UM-Student\MSC Dissertation\Urban-Vision-Benchmark\Datasets\MTSD\Prepared\MTSD-Unaugmented\MTSD-YOLO\test\images\grp1_d341fc22-IMG20260105131647.jpg,634.81,1015.93,2535.5,3129.93,0.9062,street sign,True,True,262.2,mtsd-p9
SAM 3,street sign,grp1_d341fc22-IMG20260105131647.jpg,E:\2. UM-Student\MSC Dissertation\Urban-Vision-Benchmark\Datasets\MTSD\Prepared\MTSD-Unaugmented\MTSD-YOLO\test\images\grp1_d341fc22-IMG20260105131647.jpg,994.47,0.0,2367.14,1022.36,0.9062,street sign,True,True,262.2,mtsd-p9
SAM 3,street sign,grp1_d64c06cd-IMG20260103165218.jpg,E:\2. UM-Student\MSC Dissertation\Urban-Vision-Benchmark\Datasets\MTSD\Prepared\MTSD-Unaugmented\MTSD-YOLO\test\images\grp1_d64c06cd-IMG20260103165218.jpg,688.64,879.52,2560.54,2851.28,0.9648,street sign,True,True,198.8,mtsd-p9
SAM 3,street sign,grp1_d64c06cd-IMG20260103165218.jpg,E:\2. UM-Student\MSC Dissertation\Urban-Vision-Benchmark\Datasets\MTSD\Prepared\MTSD-Unaugmented\MTSD-YOLO\test\images\grp1_d64c06cd-IMG20260103165218.jpg,470.87,2753.58,3072.0,3989.53,0.9727,street sign,True,True,198.8,mtsd-p9
SAM 3,street sign,grp1_d681b797-IMG20260105132903.jpg,E:\2. UM-Student\MSC Dissertation\Urban-Vision-Benchmark\Datasets\MTSD\Prepared\MTSD-Unaugmented\MTSD-YOLO\test\images\grp1_d681b797-IMG20260105132903.jpg,2376.21,1233.81,3072.0,3464.31,0.9219,street sign,True,True,199.3,mtsd-p9
SAM 3,street sign,grp1_d681b797-IMG20260105132903.jpg,E:\2. UM-Student\MSC Dissertation\Urban-Vision-Benchmark\Datasets\MTSD\Prepared\MTSD-Unaugmented\MTSD-YOLO\test\images\grp1_d681b797-IMG20260105132903.jpg,2886.84,2992.74,3072.0,3421.07,0.457,street sign,True,True,199.3,mtsd-p9
SAM 3,street sign,grp1_d681b797-IMG20260105132903.jpg,E:\2. UM-Student\MSC Dissertation\Urban-Vision-Benchmark\Datasets\MTSD\Prepared\MTSD-Unaugmented\MTSD-YOLO\test\images\grp1_d681b797-IMG20260105132903.jpg,1023.4,483.33,2232.11,3276.92,0.9609,street sign,True,True,199.3,mtsd-p9
SAM 3,street sign,grp1_db486299-IMG_5815.jpeg,E:\2. UM-Student\MSC Dissertation\Urban-Vision-Benchmark\Datasets\MTSD\Prepared\MTSD-Unaugmented\MTSD-YOLO\test\images\grp1_db486299-IMG_5815.jpeg,988.41,1463.54,2173.54,2505.85,0.9102,street sign,True,True,179.7,mtsd-p9
SAM 3,street sign,grp1_db486299-IMG_5815.jpeg,E:\2. UM-Student\MSC Dissertation\Urban-Vision-Benchmark\Datasets\MTSD\Prepared\MTSD-Unaugmented\MTSD-YOLO\test\images\grp1_db486299-IMG_5815.jpeg,986.61,1458.97,2172.72,4032.0,0.543,street sign,True,True,179.7,mtsd-p9
SAM 3,street sign,grp1_dbac3098-IMG_4803.jpeg,E:\2. UM-Student\MSC Dissertation\Urban-Vision-Benchmark\Datasets\MTSD\Prepared\MTSD-Unaugmented\MTSD-YOLO\test\images\grp1_dbac3098-IMG_4803.jpeg,1296.84,948.79,2222.34,2676.45,0.9375,street sign,True,True,172.1,mtsd-p9
SAM 3,street sign,grp1_e1306f94-IMG20251230164545.jpg,E:\2. UM-Student\MSC Dissertation\Urban-Vision-Benchmark\Datasets\MTSD\Prepared\MTSD-Unaugmented\MTSD-YOLO\test\images\grp1_e1306f94-IMG20251230164545.jpg,2431.15,2832.21,2550.44,3080.95,0.4453,street sign,True,True,625.9,mtsd-p9
SAM 3,street sign,grp1_e1306f94-IMG20251230164545.jpg,E:\2. UM-Student\MSC Dissertation\Urban-Vision-Benchmark\Datasets\MTSD\Prepared\MTSD-Unaugmented\MTSD-YOLO\test\images\grp1_e1306f94-IMG20251230164545.jpg,2008.79,3091.43,2247.71,3275.48,0.5898,street sign,True,True,625.9,mtsd-p9
SAM 3,street sign,grp1_e1306f94-IMG20251230164545.jpg,E:\2. UM-Student\MSC Dissertation\Urban-Vision-Benchmark\Datasets\MTSD\Prepared\MTSD-Unaugmented\MTSD-YOLO\test\images\grp1_e1306f94-IMG20251230164545.jpg,591.49,3028.63,2289.86,4095.94,0.5938,street sign,True,True,625.9,mtsd-p9
SAM 3,street sign,grp1_e1306f94-IMG20251230164545.jpg,E:\2. UM-Student\MSC Dissertation\Urban-Vision-Benchmark\Datasets\MTSD\Prepared\MTSD-Unaugmented\MTSD-YOLO\test\images\grp1_e1306f94-IMG20251230164545.jpg,2036.03,3226.46,2252.49,3281.8,0.3711,street sign,True,True,625.9,mtsd-p9
SAM 3,street sign,grp1_e1306f94-IMG20251230164545.jpg,E:\2. UM-Student\MSC Dissertation\Urban-Vision-Benchmark\Datasets\MTSD\Prepared\MTSD-Unaugmented\MTSD-YOLO\test\images\grp1_e1306f94-IMG20251230164545.jpg,537.88,1044.69,2685.17,3017.01,0.9297,street sign,True,True,625.9,mtsd-p9
SAM 3,street sign,grp1_e1306f94-IMG20251230164545.jpg,E:\2. UM-Student\MSC Dissertation\Urban-Vision-Benchmark\Datasets\MTSD\Prepared\MTSD-Unaugmented\MTSD-YOLO\test\images\grp1_e1306f94-IMG20251230164545.jpg,1919.94,3024.35,2060.88,3127.18,0.5469,street sign,True,True,625.9,mtsd-p9
SAM 3,street sign,grp1_e3c71733-IMG_5538.jpeg,E:\2. UM-Student\MSC Dissertation\Urban-Vision-Benchmark\Datasets\MTSD\Prepared\MTSD-Unaugmented\MTSD-YOLO\test\images\grp1_e3c71733-IMG_5538.jpeg,1310.79,1443.29,1863.68,2547.05,0.8789,street sign,True,True,238.4,mtsd-p9
SAM 3,street sign,grp1_e7b1a54d-IMG_5669.jpeg,E:\2. UM-Student\MSC Dissertation\Urban-Vision-Benchmark\Datasets\MTSD\Prepared\MTSD-Unaugmented\MTSD-YOLO\test\images\grp1_e7b1a54d-IMG_5669.jpeg,2593.38,2533.6,3024.0,3032.9,0.4727,street sign,True,True,213.2,mtsd-p9
SAM 3,street sign,grp1_e7b1a54d-IMG_5669.jpeg,E:\2. UM-Student\MSC Dissertation\Urban-Vision-Benchmark\Datasets\MTSD\Prepared\MTSD-Unaugmented\MTSD-YOLO\test\images\grp1_e7b1a54d-IMG_5669.jpeg,879.18,1407.09,2330.73,2807.7,0.5117,street sign,True,True,213.2,mtsd-p9
SAM 3,street sign,grp1_e9043741-IMG_4709.jpeg,E:\2. UM-Student\MSC Dissertation\Urban-Vision-Benchmark\Datasets\MTSD\Prepared\MTSD-Unaugmented\MTSD-YOLO\test\images\grp1_e9043741-IMG_4709.jpeg,,,,,,<no detections>,False,True,163.5,mtsd-p9
SAM 3,street sign,grp1_ec712362-IMG_5803.jpeg,E:\2. UM-Student\MSC Dissertation\Urban-Vision-Benchmark\Datasets\MTSD\Prepared\MTSD-Unaugmented\MTSD-YOLO\test\images\grp1_ec712362-IMG_5803.jpeg,661.23,1538.69,698.76,1590.99,0.5586,street sign,True,True,178.2,mtsd-p9
SAM 3,street sign,grp1_ec712362-IMG_5803.jpeg,E:\2. UM-Student\MSC Dissertation\Urban-Vision-Benchmark\Datasets\MTSD\Prepared\MTSD-Unaugmented\MTSD-YOLO\test\images\grp1_ec712362-IMG_5803.jpeg,310.84,1631.98,335.94,1687.35,0.7266,street sign,True,True,178.2,mtsd-p9
SAM 3,street sign,grp1_ec712362-IMG_5803.jpeg,E:\2. UM-Student\MSC Dissertation\Urban-Vision-Benchmark\Datasets\MTSD\Prepared\MTSD-Unaugmented\MTSD-YOLO\test\images\grp1_ec712362-IMG_5803.jpeg,661.84,1537.13,686.38,1566.41,0.4375,street sign,True,True,178.2,mtsd-p9
SAM 3,street sign,grp1_ec712362-IMG_5803.jpeg,E:\2. UM-Student\MSC Dissertation\Urban-Vision-Benchmark\Datasets\MTSD\Prepared\MTSD-Unaugmented\MTSD-YOLO\test\images\grp1_ec712362-IMG_5803.jpeg,1067.63,1647.3,1105.56,1688.14,0.4922,street sign,True,True,178.2,mtsd-p9
SAM 3,street sign,grp1_ec712362-IMG_5803.jpeg,E:\2. UM-Student\MSC Dissertation\Urban-Vision-Benchmark\Datasets\MTSD\Prepared\MTSD-Unaugmented\MTSD-YOLO\test\images\grp1_ec712362-IMG_5803.jpeg,344.53,1636.88,373.05,1704.16,0.7695,street sign,True,True,178.2,mtsd-p9
SAM 3,street sign,grp1_ec712362-IMG_5803.jpeg,E:\2. UM-Student\MSC Dissertation\Urban-Vision-Benchmark\Datasets\MTSD\Prepared\MTSD-Unaugmented\MTSD-YOLO\test\images\grp1_ec712362-IMG_5803.jpeg,677.89,1515.12,700.61,1556.14,0.5195,street sign,True,True,178.2,mtsd-p9
SAM 3,street sign,grp1_ec712362-IMG_5803.jpeg,E:\2. UM-Student\MSC Dissertation\Urban-Vision-Benchmark\Datasets\MTSD\Prepared\MTSD-Unaugmented\MTSD-YOLO\test\images\grp1_ec712362-IMG_5803.jpeg,466.79,1552.71,502.18,1590.55,0.7695,street sign,True,True,178.2,mtsd-p9
SAM 3,street sign,grp1_ec712362-IMG_5803.jpeg,E:\2. UM-Student\MSC Dissertation\Urban-Vision-Benchmark\Datasets\MTSD\Prepared\MTSD-Unaugmented\MTSD-YOLO\test\images\grp1_ec712362-IMG_5803.jpeg,520.5,863.29,1062.38,1417.63,0.9492,street sign,True,True,178.2,mtsd-p9
SAM 3,street sign,grp1_ec712362-IMG_5803.jpeg,E:\2. UM-Student\MSC Dissertation\Urban-Vision-Benchmark\Datasets\MTSD\Prepared\MTSD-Unaugmented\MTSD-YOLO\test\images\grp1_ec712362-IMG_5803.jpeg,501.06,258.69,1108.21,2100.0,0.3086,street sign,True,True,178.2,mtsd-p9
SAM 3,street sign,grp1_ec712362-IMG_5803.jpeg,E:\2. UM-Student\MSC Dissertation\Urban-Vision-Benchmark\Datasets\MTSD\Prepared\MTSD-Unaugmented\MTSD-YOLO\test\images\grp1_ec712362-IMG_5803.jpeg,660.35,1555.11,698.07,1592.28,0.6406,street sign,True,True,178.2,mtsd-p9
SAM 3,street sign,grp1_ec712362-IMG_5803.jpeg,E:\2. UM-Student\MSC Dissertation\Urban-Vision-Benchmark\Datasets\MTSD\Prepared\MTSD-Unaugmented\MTSD-YOLO\test\images\grp1_ec712362-IMG_5803.jpeg,840.75,1633.83,908.69,1709.07,0.9141,street sign,True,True,178.2,mtsd-p9
SAM 3,street sign,grp1_ec712362-IMG_5803.jpeg,E:\2. UM-Student\MSC Dissertation\Urban-Vision-Benchmark\Datasets\MTSD\Prepared\MTSD-Unaugmented\MTSD-YOLO\test\images\grp1_ec712362-IMG_5803.jpeg,499.28,256.9,1115.74,864.15,0.9492,street sign,True,True,178.2,mtsd-p9
SAM 3,street sign,grp1_ec712362-IMG_5803.jpeg,E:\2. UM-Student\MSC Dissertation\Urban-Vision-Benchmark\Datasets\MTSD\Prepared\MTSD-Unaugmented\MTSD-YOLO\test\images\grp1_ec712362-IMG_5803.jpeg,467.21,1508.14,510.18,1551.87,0.7617,street sign,True,True,178.2,mtsd-p9
SAM 3,street sign,grp1_ec712362-IMG_5803.jpeg,E:\2. UM-Student\MSC Dissertation\Urban-Vision-Benchmark\Datasets\MTSD\Prepared\MTSD-Unaugmented\MTSD-YOLO\test\images\grp1_ec712362-IMG_5803.jpeg,463.35,1513.86,507.71,1708.45,0.3906,street sign,True,True,178.2,mtsd-p9
SAM 3,street sign,grp1_f28bdb6c-RV_001_29.jpeg,E:\2. UM-Student\MSC Dissertation\Urban-Vision-Benchmark\Datasets\MTSD\Prepared\MTSD-Unaugmented\MTSD-YOLO\test\images\grp1_f28bdb6c-RV_001_29.jpeg,2566.48,3320.93,2657.74,3402.72,0.6133,street sign,True,True,256.5,mtsd-p9
SAM 3,street sign,grp1_f28bdb6c-RV_001_29.jpeg,E:\2. UM-Student\MSC Dissertation\Urban-Vision-Benchmark\Datasets\MTSD\Prepared\MTSD-Unaugmented\MTSD-YOLO\test\images\grp1_f28bdb6c-RV_001_29.jpeg,2922.24,3342.96,2979.79,3428.74,0.5703,street sign,True,True,256.5,mtsd-p9
SAM 3,street sign,grp1_f28bdb6c-RV_001_29.jpeg,E:\2. UM-Student\MSC Dissertation\Urban-Vision-Benchmark\Datasets\MTSD\Prepared\MTSD-Unaugmented\MTSD-YOLO\test\images\grp1_f28bdb6c-RV_001_29.jpeg,1452.0,1263.97,2103.13,4032.0,0.5312,street sign,True,True,256.5,mtsd-p9
SAM 3,street sign,grp1_f28bdb6c-RV_001_29.jpeg,E:\2. UM-Student\MSC Dissertation\Urban-Vision-Benchmark\Datasets\MTSD\Prepared\MTSD-Unaugmented\MTSD-YOLO\test\images\grp1_f28bdb6c-RV_001_29.jpeg,2690.98,3311.21,2816.11,3410.47,0.6406,street sign,True,True,256.5,mtsd-p9
SAM 3,street sign,grp1_f28bdb6c-RV_001_29.jpeg,E:\2. UM-Student\MSC Dissertation\Urban-Vision-Benchmark\Datasets\MTSD\Prepared\MTSD-Unaugmented\MTSD-YOLO\test\images\grp1_f28bdb6c-RV_001_29.jpeg,1452.68,1264.04,2101.81,2437.83,0.9141,street sign,True,True,256.5,mtsd-p9
SAM 3,street sign,grp1_f3f0450d-IMG20260105132606.jpg,E:\2. UM-Student\MSC Dissertation\Urban-Vision-Benchmark\Datasets\MTSD\Prepared\MTSD-Unaugmented\MTSD-YOLO\test\images\grp1_f3f0450d-IMG20260105132606.jpg,646.19,988.47,2273.51,4096.0,0.6758,street sign,True,True,206.1,mtsd-p9
SAM 3,street sign,grp1_f3f0450d-IMG20260105132606.jpg,E:\2. UM-Student\MSC Dissertation\Urban-Vision-Benchmark\Datasets\MTSD\Prepared\MTSD-Unaugmented\MTSD-YOLO\test\images\grp1_f3f0450d-IMG20260105132606.jpg,642.78,1006.53,2272.58,2107.62,0.8984,street sign,True,True,206.1,mtsd-p9
SAM 3,street sign,grp1_f4371c23-IMG_5562.jpeg,E:\2. UM-Student\MSC Dissertation\Urban-Vision-Benchmark\Datasets\MTSD\Prepared\MTSD-Unaugmented\MTSD-YOLO\test\images\grp1_f4371c23-IMG_5562.jpeg,1045.32,1480.08,1602.8,2708.13,0.9531,street sign,True,True,202.4,mtsd-p9
SAM 3,street sign,grp1_f4371c23-IMG_5562.jpeg,E:\2. UM-Student\MSC Dissertation\Urban-Vision-Benchmark\Datasets\MTSD\Prepared\MTSD-Unaugmented\MTSD-YOLO\test\images\grp1_f4371c23-IMG_5562.jpeg,1388.81,3716.16,1669.81,3802.05,0.334,street sign,True,True,202.4,mtsd-p9
SAM 3,street sign,grp1_f4371c23-IMG_5562.jpeg,E:\2. UM-Student\MSC Dissertation\Urban-Vision-Benchmark\Datasets\MTSD\Prepared\MTSD-Unaugmented\MTSD-YOLO\test\images\grp1_f4371c23-IMG_5562.jpeg,1597.17,3855.12,1747.86,3942.0,0.3223,street sign,True,True,202.4,mtsd-p9
SAM 3,street sign,grp1_f468f4a5-IMG_5772.jpeg,E:\2. UM-Student\MSC Dissertation\Urban-Vision-Benchmark\Datasets\MTSD\Prepared\MTSD-Unaugmented\MTSD-YOLO\test\images\grp1_f468f4a5-IMG_5772.jpeg,835.92,1329.68,1993.76,2866.04,0.957,street sign,True,True,192.2,mtsd-p9
SAM 3,street sign,grp1_fa18c1a9-IMG_5810.jpeg,E:\2. UM-Student\MSC Dissertation\Urban-Vision-Benchmark\Datasets\MTSD\Prepared\MTSD-Unaugmented\MTSD-YOLO\test\images\grp1_fa18c1a9-IMG_5810.jpeg,2008.3,3352.22,2068.83,3443.8,0.8633,street sign,True,True,439.7,mtsd-p9
SAM 3,street sign,grp1_fa18c1a9-IMG_5810.jpeg,E:\2. UM-Student\MSC Dissertation\Urban-Vision-Benchmark\Datasets\MTSD\Prepared\MTSD-Unaugmented\MTSD-YOLO\test\images\grp1_fa18c1a9-IMG_5810.jpeg,1921.93,3323.54,1964.04,3409.33,0.6094,street sign,True,True,439.7,mtsd-p9
SAM 3,street sign,grp1_fa18c1a9-IMG_5810.jpeg,E:\2. UM-Student\MSC Dissertation\Urban-Vision-Benchmark\Datasets\MTSD\Prepared\MTSD-Unaugmented\MTSD-YOLO\test\images\grp1_fa18c1a9-IMG_5810.jpeg,1215.31,18.43,1667.33,4022.84,0.3301,street sign,True,True,439.7,mtsd-p9
SAM 3,street sign,grp1_fa18c1a9-IMG_5810.jpeg,E:\2. UM-Student\MSC Dissertation\Urban-Vision-Benchmark\Datasets\MTSD\Prepared\MTSD-Unaugmented\MTSD-YOLO\test\images\grp1_fa18c1a9-IMG_5810.jpeg,1270.27,1554.96,1707.7,2982.89,0.9492,street sign,True,True,439.7,mtsd-p9
SAM 3,street sign,grp1_fa18c1a9-IMG_5810.jpeg,E:\2. UM-Student\MSC Dissertation\Urban-Vision-Benchmark\Datasets\MTSD\Prepared\MTSD-Unaugmented\MTSD-YOLO\test\images\grp1_fa18c1a9-IMG_5810.jpeg,1202.43,0.0,1645.78,1629.67,0.9336,street sign,True,True,439.7,mtsd-p9
SAM 3,street sign,grp1_fb9922e7-IMG_4700.jpeg,E:\2. UM-Student\MSC Dissertation\Urban-Vision-Benchmark\Datasets\MTSD\Prepared\MTSD-Unaugmented\MTSD-YOLO\test\images\grp1_fb9922e7-IMG_4700.jpeg,1086.54,3633.99,1397.03,4032.0,0.832,street sign,True,True,424.2,mtsd-p9
SAM 3,street sign,grp1_fb9922e7-IMG_4700.jpeg,E:\2. UM-Student\MSC Dissertation\Urban-Vision-Benchmark\Datasets\MTSD\Prepared\MTSD-Unaugmented\MTSD-YOLO\test\images\grp1_fb9922e7-IMG_4700.jpeg,1029.88,1461.97,2164.47,2812.2,0.8398,street sign,True,True,424.2,mtsd-p9
SAM 3,street sign,grp1_fd97d901-IMG20260105125535.jpg,E:\2. UM-Student\MSC Dissertation\Urban-Vision-Benchmark\Datasets\MTSD\Prepared\MTSD-Unaugmented\MTSD-YOLO\test\images\grp1_fd97d901-IMG20260105125535.jpg,814.38,2835.9,875.16,2982.86,0.4785,street sign,True,True,238.0,mtsd-p9
SAM 3,street sign,grp1_fd97d901-IMG20260105125535.jpg,E:\2. UM-Student\MSC Dissertation\Urban-Vision-Benchmark\Datasets\MTSD\Prepared\MTSD-Unaugmented\MTSD-YOLO\test\images\grp1_fd97d901-IMG20260105125535.jpg,355.11,2792.0,400.99,2947.49,0.3496,street sign,True,True,238.0,mtsd-p9
SAM 3,street sign,grp1_fd97d901-IMG20260105125535.jpg,E:\2. UM-Student\MSC Dissertation\Urban-Vision-Benchmark\Datasets\MTSD\Prepared\MTSD-Unaugmented\MTSD-YOLO\test\images\grp1_fd97d901-IMG20260105125535.jpg,769.35,3040.93,883.91,3255.61,0.4844,street sign,True,True,238.0,mtsd-p9
SAM 3,street sign,grp1_fd97d901-IMG20260105125535.jpg,E:\2. UM-Student\MSC Dissertation\Urban-Vision-Benchmark\Datasets\MTSD\Prepared\MTSD-Unaugmented\MTSD-YOLO\test\images\grp1_fd97d901-IMG20260105125535.jpg,1269.78,1222.88,1794.34,2659.76,0.9375,street sign,True,True,238.0,mtsd-p9
SAM 3,street sign,grp1_fdedfd29-IMG_4737.jpeg,E:\2. UM-Student\MSC Dissertation\Urban-Vision-Benchmark\Datasets\MTSD\Prepared\MTSD-Unaugmented\MTSD-YOLO\test\images\grp1_fdedfd29-IMG_4737.jpeg,1175.02,574.08,1985.64,3305.39,0.9492,street sign,True,True,189.7,mtsd-p9
SAM 3,street sign,grp2_0cd46f17-MP_0097.jpg,E:\2. UM-Student\MSC Dissertation\Urban-Vision-Benchmark\Datasets\MTSD\Prepared\MTSD-Unaugmented\MTSD-YOLO\test\images\grp2_0cd46f17-MP_0097.jpg,1092.55,1171.93,2040.13,2364.11,0.918,street sign,True,True,198.7,mtsd-p9
SAM 3,street sign,grp2_0cd46f17-MP_0097.jpg,E:\2. UM-Student\MSC Dissertation\Urban-Vision-Benchmark\Datasets\MTSD\Prepared\MTSD-Unaugmented\MTSD-YOLO\test\images\grp2_0cd46f17-MP_0097.jpg,983.73,553.16,2042.1,4031.74,0.4082,street sign,True,True,198.7,mtsd-p9
SAM 3,street sign,grp2_0cd46f17-MP_0097.jpg,E:\2. UM-Student\MSC Dissertation\Urban-Vision-Benchmark\Datasets\MTSD\Prepared\MTSD-Unaugmented\MTSD-YOLO\test\images\grp2_0cd46f17-MP_0097.jpg,980.77,557.31,1539.28,4022.55,0.3457,street sign,True,True,198.7,mtsd-p9
SAM 3,street sign,grp2_0cd46f17-MP_0097.jpg,E:\2. UM-Student\MSC Dissertation\Urban-Vision-Benchmark\Datasets\MTSD\Prepared\MTSD-Unaugmented\MTSD-YOLO\test\images\grp2_0cd46f17-MP_0097.jpg,1037.75,2599.61,1169.38,2685.6,0.5156,street sign,True,True,198.7,mtsd-p9
SAM 3,street sign,grp2_0cd46f17-MP_0097.jpg,E:\2. UM-Student\MSC Dissertation\Urban-Vision-Benchmark\Datasets\MTSD\Prepared\MTSD-Unaugmented\MTSD-YOLO\test\images\grp2_0cd46f17-MP_0097.jpg,976.78,562.81,1224.57,1429.36,0.9062,street sign,True,True,198.7,mtsd-p9
SAM 3,street sign,grp2_1a942391-IMG_20251224_114123.jpg,E:\2. UM-Student\MSC Dissertation\Urban-Vision-Benchmark\Datasets\MTSD\Prepared\MTSD-Unaugmented\MTSD-YOLO\test\images\grp2_1a942391-IMG_20251224_114123.jpg,1547.34,1556.79,1627.04,1802.72,0.6953,street sign,True,True,208.1,mtsd-p9
SAM 3,street sign,grp2_1a942391-IMG_20251224_114123.jpg,E:\2. UM-Student\MSC Dissertation\Urban-Vision-Benchmark\Datasets\MTSD\Prepared\MTSD-Unaugmented\MTSD-YOLO\test\images\grp2_1a942391-IMG_20251224_114123.jpg,1545.65,1128.34,1657.59,3315.21,0.5391,street sign,True,True,208.1,mtsd-p9
SAM 3,street sign,grp2_1a942391-IMG_20251224_114123.jpg,E:\2. UM-Student\MSC Dissertation\Urban-Vision-Benchmark\Datasets\MTSD\Prepared\MTSD-Unaugmented\MTSD-YOLO\test\images\grp2_1a942391-IMG_20251224_114123.jpg,1546.16,1123.87,1629.18,1800.94,0.3613,street sign,True,True,208.1,mtsd-p9
SAM 3,street sign,grp2_1a942391-IMG_20251224_114123.jpg,E:\2. UM-Student\MSC Dissertation\Urban-Vision-Benchmark\Datasets\MTSD\Prepared\MTSD-Unaugmented\MTSD-YOLO\test\images\grp2_1a942391-IMG_20251224_114123.jpg,1548.55,1125.92,1613.43,1575.78,0.7461,street sign,True,True,208.1,mtsd-p9
SAM 3,street sign,grp2_1cd6f44d-20251223_152650.jpg,E:\2. UM-Student\MSC Dissertation\Urban-Vision-Benchmark\Datasets\MTSD\Prepared\MTSD-Unaugmented\MTSD-YOLO\test\images\grp2_1cd6f44d-20251223_152650.jpg,1092.48,1250.06,1840.77,4080.0,0.543,street sign,True,True,558.9,mtsd-p9
SAM 3,street sign,grp2_1cd6f44d-20251223_152650.jpg,E:\2. UM-Student\MSC Dissertation\Urban-Vision-Benchmark\Datasets\MTSD\Prepared\MTSD-Unaugmented\MTSD-YOLO\test\images\grp2_1cd6f44d-20251223_152650.jpg,1093.71,1254.87,1604.74,2194.58,0.8594,street sign,True,True,558.9,mtsd-p9
SAM 3,street sign,grp2_1d09be1b-MP_0034.jpg,E:\2. UM-Student\MSC Dissertation\Urban-Vision-Benchmark\Datasets\MTSD\Prepared\MTSD-Unaugmented\MTSD-YOLO\test\images\grp2_1d09be1b-MP_0034.jpg,2428.31,1777.01,2528.6,1939.8,0.793,street sign,True,True,801.7,mtsd-p9
SAM 3,street sign,grp2_1d09be1b-MP_0034.jpg,E:\2. UM-Student\MSC Dissertation\Urban-Vision-Benchmark\Datasets\MTSD\Prepared\MTSD-Unaugmented\MTSD-YOLO\test\images\grp2_1d09be1b-MP_0034.jpg,181.58,2215.33,228.48,2272.74,0.4922,street sign,True,True,801.7,mtsd-p9
SAM 3,street sign,grp2_1d09be1b-MP_0034.jpg,E:\2. UM-Student\MSC Dissertation\Urban-Vision-Benchmark\Datasets\MTSD\Prepared\MTSD-Unaugmented\MTSD-YOLO\test\images\grp2_1d09be1b-MP_0034.jpg,2700.44,1948.59,2756.57,2013.25,0.7109,street sign,True,True,801.7,mtsd-p9
SAM 3,street sign,grp2_1d09be1b-MP_0034.jpg,E:\2. UM-Student\MSC Dissertation\Urban-Vision-Benchmark\Datasets\MTSD\Prepared\MTSD-Unaugmented\MTSD-YOLO\test\images\grp2_1d09be1b-MP_0034.jpg,491.39,1801.94,712.4,2743.41,0.6484,street sign,True,True,801.7,mtsd-p9
SAM 3,street sign,grp2_1d09be1b-MP_0034.jpg,E:\2. UM-Student\MSC Dissertation\Urban-Vision-Benchmark\Datasets\MTSD\Prepared\MTSD-Unaugmented\MTSD-YOLO\test\images\grp2_1d09be1b-MP_0034.jpg,1204.67,349.32,1811.62,4095.71,0.3379,street sign,True,True,801.7,mtsd-p9
SAM 3,street sign,grp2_1d09be1b-MP_0034.jpg,E:\2. UM-Student\MSC Dissertation\Urban-Vision-Benchmark\Datasets\MTSD\Prepared\MTSD-Unaugmented\MTSD-YOLO\test\images\grp2_1d09be1b-MP_0034.jpg,1226.02,383.98,1362.31,1222.28,0.875,street sign,True,True,801.7,mtsd-p9
SAM 3,street sign,grp2_1d09be1b-MP_0034.jpg,E:\2. UM-Student\MSC Dissertation\Urban-Vision-Benchmark\Datasets\MTSD\Prepared\MTSD-Unaugmented\MTSD-YOLO\test\images\grp2_1d09be1b-MP_0034.jpg,990.18,1208.62,1805.62,1639.69,0.9375,street sign,True,True,801.7,mtsd-p9
SAM 3,street sign,grp2_1d09be1b-MP_0034.jpg,E:\2. UM-Student\MSC Dissertation\Urban-Vision-Benchmark\Datasets\MTSD\Prepared\MTSD-Unaugmented\MTSD-YOLO\test\images\grp2_1d09be1b-MP_0034.jpg,1421.85,341.46,1535.79,1229.98,0.9258,street sign,True,True,801.7,mtsd-p9
SAM 3,street sign,grp2_1d09be1b-MP_0034.jpg,E:\2. UM-Student\MSC Dissertation\Urban-Vision-Benchmark\Datasets\MTSD\Prepared\MTSD-Unaugmented\MTSD-YOLO\test\images\grp2_1d09be1b-MP_0034.jpg,492.05,1805.73,713.35,2023.02,0.7734,street sign,True,True,801.7,mtsd-p9
SAM 3,street sign,grp2_1f7e1b10-20251224_132557.jpg,E:\2. UM-Student\MSC Dissertation\Urban-Vision-Benchmark\Datasets\MTSD\Prepared\MTSD-Unaugmented\MTSD-YOLO\test\images\grp2_1f7e1b10-20251224_132557.jpg,936.97,1736.47,1194.16,1878.98,0.3945,street sign,True,True,520.5,mtsd-p9
SAM 3,street sign,grp2_1f7e1b10-20251224_132557.jpg,E:\2. UM-Student\MSC Dissertation\Urban-Vision-Benchmark\Datasets\MTSD\Prepared\MTSD-Unaugmented\MTSD-YOLO\test\images\grp2_1f7e1b10-20251224_132557.jpg,662.02,2019.13,1155.63,3070.42,0.9219,street sign,True,True,520.5,mtsd-p9
SAM 3,street sign,grp2_1f7e1b10-20251224_132557.jpg,E:\2. UM-Student\MSC Dissertation\Urban-Vision-Benchmark\Datasets\MTSD\Prepared\MTSD-Unaugmented\MTSD-YOLO\test\images\grp2_1f7e1b10-20251224_132557.jpg,1062.71,1472.68,1987.96,4080.0,0.3301,street sign,True,True,520.5,mtsd-p9
SAM 3,street sign,grp2_1f7e1b10-20251224_132557.jpg,E:\2. UM-Student\MSC Dissertation\Urban-Vision-Benchmark\Datasets\MTSD\Prepared\MTSD-Unaugmented\MTSD-YOLO\test\images\grp2_1f7e1b10-20251224_132557.jpg,1073.81,2173.38,1981.94,2563.32,0.9375,street sign,True,True,520.5,mtsd-p9
SAM 3,street sign,grp2_1f7e1b10-20251224_132557.jpg,E:\2. UM-Student\MSC Dissertation\Urban-Vision-Benchmark\Datasets\MTSD\Prepared\MTSD-Unaugmented\MTSD-YOLO\test\images\grp2_1f7e1b10-20251224_132557.jpg,1063.37,1483.97,1976.67,2221.89,0.9336,street sign,True,True,520.5,mtsd-p9
SAM 3,street sign,grp2_1f7e1b10-20251224_132557.jpg,E:\2. UM-Student\MSC Dissertation\Urban-Vision-Benchmark\Datasets\MTSD\Prepared\MTSD-Unaugmented\MTSD-YOLO\test\images\grp2_1f7e1b10-20251224_132557.jpg,1925.33,1524.56,2057.58,1807.5,0.5117,street sign,True,True,520.5,mtsd-p9
SAM 3,street sign,grp2_21220c6f-IMG_20251223_114958.jpg,E:\2. UM-Student\MSC Dissertation\Urban-Vision-Benchmark\Datasets\MTSD\Prepared\MTSD-Unaugmented\MTSD-YOLO\test\images\grp2_21220c6f-IMG_20251223_114958.jpg,1309.94,1591.02,1857.92,2124.68,0.8984,street sign,True,True,851.1,mtsd-p9
SAM 3,street sign,grp2_21220c6f-IMG_20251223_114958.jpg,E:\2. UM-Student\MSC Dissertation\Urban-Vision-Benchmark\Datasets\MTSD\Prepared\MTSD-Unaugmented\MTSD-YOLO\test\images\grp2_21220c6f-IMG_20251223_114958.jpg,1029.0,2558.86,1061.07,2597.49,0.7109,street sign,True,True,851.1,mtsd-p9
SAM 3,street sign,grp2_21220c6f-IMG_20251223_114958.jpg,E:\2. UM-Student\MSC Dissertation\Urban-Vision-Benchmark\Datasets\MTSD\Prepared\MTSD-Unaugmented\MTSD-YOLO\test\images\grp2_21220c6f-IMG_20251223_114958.jpg,423.3,2495.76,503.93,2575.86,0.8398,street sign,True,True,851.1,mtsd-p9
SAM 3,street sign,grp2_21220c6f-IMG_20251223_114958.jpg,E:\2. UM-Student\MSC Dissertation\Urban-Vision-Benchmark\Datasets\MTSD\Prepared\MTSD-Unaugmented\MTSD-YOLO\test\images\grp2_21220c6f-IMG_20251223_114958.jpg,696.59,2531.11,716.55,2563.63,0.4688,street sign,True,True,851.1,mtsd-p9
SAM 3,street sign,grp2_21220c6f-IMG_20251223_114958.jpg,E:\2. UM-Student\MSC Dissertation\Urban-Vision-Benchmark\Datasets\MTSD\Prepared\MTSD-Unaugmented\MTSD-YOLO\test\images\grp2_21220c6f-IMG_20251223_114958.jpg,1539.04,2428.59,1566.88,2465.71,0.3555,street sign,True,True,851.1,mtsd-p9
SAM 3,street sign,grp2_21220c6f-IMG_20251223_114958.jpg,E:\2. UM-Student\MSC Dissertation\Urban-Vision-Benchmark\Datasets\MTSD\Prepared\MTSD-Unaugmented\MTSD-YOLO\test\images\grp2_21220c6f-IMG_20251223_114958.jpg,1297.04,1098.67,1892.02,4000.0,0.5195,street sign,True,True,851.1,mtsd-p9
SAM 3,street sign,grp2_21220c6f-IMG_20251223_114958.jpg,E:\2. UM-Student\MSC Dissertation\Urban-Vision-Benchmark\Datasets\MTSD\Prepared\MTSD-Unaugmented\MTSD-YOLO\test\images\grp2_21220c6f-IMG_20251223_114958.jpg,1304.15,2072.77,1845.73,2320.2,0.8516,street sign,True,True,851.1,mtsd-p9
SAM 3,street sign,grp2_21220c6f-IMG_20251223_114958.jpg,E:\2. UM-Student\MSC Dissertation\Urban-Vision-Benchmark\Datasets\MTSD\Prepared\MTSD-Unaugmented\MTSD-YOLO\test\images\grp2_21220c6f-IMG_20251223_114958.jpg,1299.54,1092.75,1895.75,1594.57,0.8945,street sign,True,True,851.1,mtsd-p9
SAM 3,street sign,grp2_21220c6f-IMG_20251223_114958.jpg,E:\2. UM-Student\MSC Dissertation\Urban-Vision-Benchmark\Datasets\MTSD\Prepared\MTSD-Unaugmented\MTSD-YOLO\test\images\grp2_21220c6f-IMG_20251223_114958.jpg,1698.73,2443.21,1794.53,2504.23,0.6133,street sign,True,True,851.1,mtsd-p9
SAM 3,street sign,grp2_21220c6f-IMG_20251223_114958.jpg,E:\2. UM-Student\MSC Dissertation\Urban-Vision-Benchmark\Datasets\MTSD\Prepared\MTSD-Unaugmented\MTSD-YOLO\test\images\grp2_21220c6f-IMG_20251223_114958.jpg,1505.78,2543.28,1558.41,2693.6,0.4277,street sign,True,True,851.1,mtsd-p9
SAM 3,street sign,grp2_24c5c7cd-20251223_155820.jpg,E:\2. UM-Student\MSC Dissertation\Urban-Vision-Benchmark\Datasets\MTSD\Prepared\MTSD-Unaugmented\MTSD-YOLO\test\images\grp2_24c5c7cd-20251223_155820.jpg,1976.14,1558.29,2290.98,3999.45,0.5625,street sign,True,True,254.6,mtsd-p9
SAM 3,street sign,grp2_24c5c7cd-20251223_155820.jpg,E:\2. UM-Student\MSC Dissertation\Urban-Vision-Benchmark\Datasets\MTSD\Prepared\MTSD-Unaugmented\MTSD-YOLO\test\images\grp2_24c5c7cd-20251223_155820.jpg,1978.07,1568.11,2293.4,2088.62,0.8945,street sign,True,True,254.6,mtsd-p9
SAM 3,street sign,grp2_24c5c7cd-20251223_155820.jpg,E:\2. UM-Student\MSC Dissertation\Urban-Vision-Benchmark\Datasets\MTSD\Prepared\MTSD-Unaugmented\MTSD-YOLO\test\images\grp2_24c5c7cd-20251223_155820.jpg,1325.9,1010.06,2169.29,4076.58,0.4023,street sign,True,True,254.6,mtsd-p9
SAM 3,street sign,grp2_24c5c7cd-20251223_155820.jpg,E:\2. UM-Student\MSC Dissertation\Urban-Vision-Benchmark\Datasets\MTSD\Prepared\MTSD-Unaugmented\MTSD-YOLO\test\images\grp2_24c5c7cd-20251223_155820.jpg,1352.53,1016.94,2167.85,1859.37,0.9375,street sign,True,True,254.6,mtsd-p9
SAM 3,street sign,grp2_24fcf1af-MP_0080.jpg,E:\2. UM-Student\MSC Dissertation\Urban-Vision-Benchmark\Datasets\MTSD\Prepared\MTSD-Unaugmented\MTSD-YOLO\test\images\grp2_24fcf1af-MP_0080.jpg,919.88,857.44,1400.16,1348.41,0.8867,street sign,True,True,235.8,mtsd-p9
SAM 3,street sign,grp2_24fcf1af-MP_0080.jpg,E:\2. UM-Student\MSC Dissertation\Urban-Vision-Benchmark\Datasets\MTSD\Prepared\MTSD-Unaugmented\MTSD-YOLO\test\images\grp2_24fcf1af-MP_0080.jpg,1074.7,1756.09,1116.45,1804.32,0.7227,street sign,True,True,235.8,mtsd-p9
SAM 3,street sign,grp2_24fcf1af-MP_0080.jpg,E:\2. UM-Student\MSC Dissertation\Urban-Vision-Benchmark\Datasets\MTSD\Prepared\MTSD-Unaugmented\MTSD-YOLO\test\images\grp2_24fcf1af-MP_0080.jpg,752.85,1613.98,870.15,1755.16,0.9023,street sign,True,True,235.8,mtsd-p9
SAM 3,street sign,grp2_24fcf1af-MP_0080.jpg,E:\2. UM-Student\MSC Dissertation\Urban-Vision-Benchmark\Datasets\MTSD\Prepared\MTSD-Unaugmented\MTSD-YOLO\test\images\grp2_24fcf1af-MP_0080.jpg,268.48,1599.67,371.55,1651.73,0.5742,street sign,True,True,235.8,mtsd-p9
SAM 3,street sign,grp2_24fcf1af-MP_0080.jpg,E:\2. UM-Student\MSC Dissertation\Urban-Vision-Benchmark\Datasets\MTSD\Prepared\MTSD-Unaugmented\MTSD-YOLO\test\images\grp2_24fcf1af-MP_0080.jpg,1080.63,1734.93,1114.26,1771.45,0.5625,street sign,True,True,235.8,mtsd-p9
SAM 3,street sign,grp2_24fcf1af-MP_0080.jpg,E:\2. UM-Student\MSC Dissertation\Urban-Vision-Benchmark\Datasets\MTSD\Prepared\MTSD-Unaugmented\MTSD-YOLO\test\images\grp2_24fcf1af-MP_0080.jpg,809.69,98.79,1545.93,3540.97,0.5312,street sign,True,True,235.8,mtsd-p9
SAM 3,street sign,grp2_24fcf1af-MP_0080.jpg,E:\2. UM-Student\MSC Dissertation\Urban-Vision-Benchmark\Datasets\MTSD\Prepared\MTSD-Unaugmented\MTSD-YOLO\test\images\grp2_24fcf1af-MP_0080.jpg,807.97,95.16,1547.35,851.95,0.8789,street sign,True,True,235.8,mtsd-p9
SAM 3,street sign,grp2_24fcf1af-MP_0080.jpg,E:\2. UM-Student\MSC Dissertation\Urban-Vision-Benchmark\Datasets\MTSD\Prepared\MTSD-Unaugmented\MTSD-YOLO\test\images\grp2_24fcf1af-MP_0080.jpg,755.12,1620.59,872.05,2260.86,0.3652,street sign,True,True,235.8,mtsd-p9
SAM 3,street sign,grp2_31ecc6f6-20251230_124942.jpg,E:\2. UM-Student\MSC Dissertation\Urban-Vision-Benchmark\Datasets\MTSD\Prepared\MTSD-Unaugmented\MTSD-YOLO\test\images\grp2_31ecc6f6-20251230_124942.jpg,987.94,1059.37,2226.8,4080.0,0.5703,street sign,True,True,176.4,mtsd-p9
SAM 3,street sign,grp2_31ecc6f6-20251230_124942.jpg,E:\2. UM-Student\MSC Dissertation\Urban-Vision-Benchmark\Datasets\MTSD\Prepared\MTSD-Unaugmented\MTSD-YOLO\test\images\grp2_31ecc6f6-20251230_124942.jpg,988.47,1063.41,2221.29,2140.66,0.875,street sign,True,True,176.4,mtsd-p9
SAM 3,street sign,grp2_32305793-MP_0024.jpg,E:\2. UM-Student\MSC Dissertation\Urban-Vision-Benchmark\Datasets\MTSD\Prepared\MTSD-Unaugmented\MTSD-YOLO\test\images\grp2_32305793-MP_0024.jpg,1635.37,1993.58,1754.72,2580.33,0.5195,street sign,True,True,767.6,mtsd-p9
SAM 3,street sign,grp2_32305793-MP_0024.jpg,E:\2. UM-Student\MSC Dissertation\Urban-Vision-Benchmark\Datasets\MTSD\Prepared\MTSD-Unaugmented\MTSD-YOLO\test\images\grp2_32305793-MP_0024.jpg,2062.22,2461.4,2121.99,2566.99,0.4434,street sign,True,True,767.6,mtsd-p9
SAM 3,street sign,grp2_32305793-MP_0024.jpg,E:\2. UM-Student\MSC Dissertation\Urban-Vision-Benchmark\Datasets\MTSD\Prepared\MTSD-Unaugmented\MTSD-YOLO\test\images\grp2_32305793-MP_0024.jpg,2795.44,2528.63,2846.37,2664.86,0.4121,street sign,True,True,767.6,mtsd-p9
SAM 3,street sign,grp2_32305793-MP_0024.jpg,E:\2. UM-Student\MSC Dissertation\Urban-Vision-Benchmark\Datasets\MTSD\Prepared\MTSD-Unaugmented\MTSD-YOLO\test\images\grp2_32305793-MP_0024.jpg,1623.78,2570.72,1726.11,3142.17,0.3223,street sign,True,True,767.6,mtsd-p9
SAM 3,street sign,grp2_32305793-MP_0024.jpg,E:\2. UM-Student\MSC Dissertation\Urban-Vision-Benchmark\Datasets\MTSD\Prepared\MTSD-Unaugmented\MTSD-YOLO\test\images\grp2_32305793-MP_0024.jpg,1207.86,2251.88,1651.16,2625.68,0.8555,street sign,True,True,767.6,mtsd-p9
SAM 3,street sign,grp2_32305793-MP_0024.jpg,E:\2. UM-Student\MSC Dissertation\Urban-Vision-Benchmark\Datasets\MTSD\Prepared\MTSD-Unaugmented\MTSD-YOLO\test\images\grp2_32305793-MP_0024.jpg,2108.99,1940.05,2378.08,4088.51,0.6172,street sign,True,True,767.6,mtsd-p9
SAM 3,street sign,grp2_32305793-MP_0024.jpg,E:\2. UM-Student\MSC Dissertation\Urban-Vision-Benchmark\Datasets\MTSD\Prepared\MTSD-Unaugmented\MTSD-YOLO\test\images\grp2_32305793-MP_0024.jpg,1971.41,2651.19,2007.82,2757.04,0.3789,street sign,True,True,767.6,mtsd-p9
SAM 3,street sign,grp2_32305793-MP_0024.jpg,E:\2. UM-Student\MSC Dissertation\Urban-Vision-Benchmark\Datasets\MTSD\Prepared\MTSD-Unaugmented\MTSD-YOLO\test\images\grp2_32305793-MP_0024.jpg,846.68,177.25,2026.88,4096.0,0.3477,street sign,True,True,767.6,mtsd-p9
SAM 3,street sign,grp2_32305793-MP_0024.jpg,E:\2. UM-Student\MSC Dissertation\Urban-Vision-Benchmark\Datasets\MTSD\Prepared\MTSD-Unaugmented\MTSD-YOLO\test\images\grp2_32305793-MP_0024.jpg,1737.72,2055.35,1805.61,2461.65,0.3711,street sign,True,True,767.6,mtsd-p9
SAM 3,street sign,grp2_32305793-MP_0024.jpg,E:\2. UM-Student\MSC Dissertation\Urban-Vision-Benchmark\Datasets\MTSD\Prepared\MTSD-Unaugmented\MTSD-YOLO\test\images\grp2_32305793-MP_0024.jpg,2060.01,2458.02,2126.09,2613.66,0.7266,street sign,True,True,767.6,mtsd-p9
SAM 3,street sign,grp2_32305793-MP_0024.jpg,E:\2. UM-Student\MSC Dissertation\Urban-Vision-Benchmark\Datasets\MTSD\Prepared\MTSD-Unaugmented\MTSD-YOLO\test\images\grp2_32305793-MP_0024.jpg,2803.33,2603.76,2846.06,2669.52,0.3984,street sign,True,True,767.6,mtsd-p9
SAM 3,street sign,grp2_32305793-MP_0024.jpg,E:\2. UM-Student\MSC Dissertation\Urban-Vision-Benchmark\Datasets\MTSD\Prepared\MTSD-Unaugmented\MTSD-YOLO\test\images\grp2_32305793-MP_0024.jpg,2059.65,2561.79,2126.04,2615.49,0.4746,street sign,True,True,767.6,mtsd-p9
SAM 3,street sign,grp2_32305793-MP_0024.jpg,E:\2. UM-Student\MSC Dissertation\Urban-Vision-Benchmark\Datasets\MTSD\Prepared\MTSD-Unaugmented\MTSD-YOLO\test\images\grp2_32305793-MP_0024.jpg,2790.35,2523.45,2842.33,2601.8,0.3789,street sign,True,True,767.6,mtsd-p9
SAM 3,street sign,grp2_32305793-MP_0024.jpg,E:\2. UM-Student\MSC Dissertation\Urban-Vision-Benchmark\Datasets\MTSD\Prepared\MTSD-Unaugmented\MTSD-YOLO\test\images\grp2_32305793-MP_0024.jpg,1725.49,2599.97,1793.61,2656.92,0.3574,street sign,True,True,767.6,mtsd-p9
SAM 3,street sign,grp2_32305793-MP_0024.jpg,E:\2. UM-Student\MSC Dissertation\Urban-Vision-Benchmark\Datasets\MTSD\Prepared\MTSD-Unaugmented\MTSD-YOLO\test\images\grp2_32305793-MP_0024.jpg,951.41,1158.38,1921.83,2078.87,0.957,street sign,True,True,767.6,mtsd-p9
SAM 3,street sign,grp2_32305793-MP_0024.jpg,E:\2. UM-Student\MSC Dissertation\Urban-Vision-Benchmark\Datasets\MTSD\Prepared\MTSD-Unaugmented\MTSD-YOLO\test\images\grp2_32305793-MP_0024.jpg,1627.48,2550.45,1736.44,2898.61,0.457,street sign,True,True,767.6,mtsd-p9
SAM 3,street sign,grp2_32305793-MP_0024.jpg,E:\2. UM-Student\MSC Dissertation\Urban-Vision-Benchmark\Datasets\MTSD\Prepared\MTSD-Unaugmented\MTSD-YOLO\test\images\grp2_32305793-MP_0024.jpg,830.38,188.88,2042.49,1151.75,0.9414,street sign,True,True,767.6,mtsd-p9
SAM 3,street sign,grp2_331688ad-20251223_152821.jpg,E:\2. UM-Student\MSC Dissertation\Urban-Vision-Benchmark\Datasets\MTSD\Prepared\MTSD-Unaugmented\MTSD-YOLO\test\images\grp2_331688ad-20251223_152821.jpg,1598.97,1051.77,1847.37,4080.0,0.5547,street sign,True,True,244.9,mtsd-p9
SAM 3,street sign,grp2_331688ad-20251223_152821.jpg,E:\2. UM-Student\MSC Dissertation\Urban-Vision-Benchmark\Datasets\MTSD\Prepared\MTSD-Unaugmented\MTSD-YOLO\test\images\grp2_331688ad-20251223_152821.jpg,1599.24,1047.8,1851.44,1992.13,0.9219,street sign,True,True,244.9,mtsd-p9
SAM 3,street sign,grp2_339c8d04-26.side.jpg,E:\2. UM-Student\MSC Dissertation\Urban-Vision-Benchmark\Datasets\MTSD\Prepared\MTSD-Unaugmented\MTSD-YOLO\test\images\grp2_339c8d04-26.side.jpg,1109.8,1249.9,1283.97,1483.44,0.4512,street sign,True,True,611.2,mtsd-p9
SAM 3,street sign,grp2_339c8d04-26.side.jpg,E:\2. UM-Student\MSC Dissertation\Urban-Vision-Benchmark\Datasets\MTSD\Prepared\MTSD-Unaugmented\MTSD-YOLO\test\images\grp2_339c8d04-26.side.jpg,307.66,1964.61,348.78,2027.77,0.377,street sign,True,True,611.2,mtsd-p9
SAM 3,street sign,grp2_339c8d04-26.side.jpg,E:\2. UM-Student\MSC Dissertation\Urban-Vision-Benchmark\Datasets\MTSD\Prepared\MTSD-Unaugmented\MTSD-YOLO\test\images\grp2_339c8d04-26.side.jpg,2131.38,1912.56,2227.92,1947.26,0.832,street sign,True,True,611.2,mtsd-p9
SAM 3,street sign,grp2_339c8d04-26.side.jpg,E:\2. UM-Student\MSC Dissertation\Urban-Vision-Benchmark\Datasets\MTSD\Prepared\MTSD-Unaugmented\MTSD-YOLO\test\images\grp2_339c8d04-26.side.jpg,901.36,1149.32,1284.75,1483.18,0.7812,street sign,True,True,611.2,mtsd-p9
SAM 3,street sign,grp2_339c8d04-26.side.jpg,E:\2. UM-Student\MSC Dissertation\Urban-Vision-Benchmark\Datasets\MTSD\Prepared\MTSD-Unaugmented\MTSD-YOLO\test\images\grp2_339c8d04-26.side.jpg,2150.16,1815.97,2212.03,2175.61,0.3379,street sign,True,True,611.2,mtsd-p9
SAM 3,street sign,grp2_339c8d04-26.side.jpg,E:\2. UM-Student\MSC Dissertation\Urban-Vision-Benchmark\Datasets\MTSD\Prepared\MTSD-Unaugmented\MTSD-YOLO\test\images\grp2_339c8d04-26.side.jpg,901.1,1144.29,1057.82,1435.29,0.4551,street sign,True,True,611.2,mtsd-p9
SAM 3,street sign,grp2_339c8d04-26.side.jpg,E:\2. UM-Student\MSC Dissertation\Urban-Vision-Benchmark\Datasets\MTSD\Prepared\MTSD-Unaugmented\MTSD-YOLO\test\images\grp2_339c8d04-26.side.jpg,345.33,2034.85,382.18,2075.67,0.6172,street sign,True,True,611.2,mtsd-p9
SAM 3,street sign,grp2_339c8d04-26.side.jpg,E:\2. UM-Student\MSC Dissertation\Urban-Vision-Benchmark\Datasets\MTSD\Prepared\MTSD-Unaugmented\MTSD-YOLO\test\images\grp2_339c8d04-26.side.jpg,910.9,506.42,1259.71,3558.76,0.4492,street sign,True,True,611.2,mtsd-p9
SAM 3,street sign,grp2_339c8d04-26.side.jpg,E:\2. UM-Student\MSC Dissertation\Urban-Vision-Benchmark\Datasets\MTSD\Prepared\MTSD-Unaugmented\MTSD-YOLO\test\images\grp2_339c8d04-26.side.jpg,998.32,510.59,1176.09,1233.01,0.918,street sign,True,True,611.2,mtsd-p9
SAM 3,street sign,grp2_33c8250b-MP_0150.jpeg,E:\2. UM-Student\MSC Dissertation\Urban-Vision-Benchmark\Datasets\MTSD\Prepared\MTSD-Unaugmented\MTSD-YOLO\test\images\grp2_33c8250b-MP_0150.jpeg,464.09,559.47,1405.73,786.13,0.4473,street sign,True,True,205.7,mtsd-p9
SAM 3,street sign,grp2_33c8250b-MP_0150.jpeg,E:\2. UM-Student\MSC Dissertation\Urban-Vision-Benchmark\Datasets\MTSD\Prepared\MTSD-Unaugmented\MTSD-YOLO\test\images\grp2_33c8250b-MP_0150.jpeg,381.36,772.85,1401.22,1034.54,0.6836,street sign,True,True,205.7,mtsd-p9
SAM 3,street sign,grp2_33c8250b-MP_0150.jpeg,E:\2. UM-Student\MSC Dissertation\Urban-Vision-Benchmark\Datasets\MTSD\Prepared\MTSD-Unaugmented\MTSD-YOLO\test\images\grp2_33c8250b-MP_0150.jpeg,1021.9,1005.68,1922.25,1329.95,0.5117,street sign,True,True,205.7,mtsd-p9
SAM 3,street sign,grp2_33c8250b-MP_0150.jpeg,E:\2. UM-Student\MSC Dissertation\Urban-Vision-Benchmark\Datasets\MTSD\Prepared\MTSD-Unaugmented\MTSD-YOLO\test\images\grp2_33c8250b-MP_0150.jpeg,1742.23,1611.58,2027.28,2160.0,0.3945,street sign,True,True,205.7,mtsd-p9
SAM 3,street sign,grp2_3855fec5-20251223_150427.jpg,E:\2. UM-Student\MSC Dissertation\Urban-Vision-Benchmark\Datasets\MTSD\Prepared\MTSD-Unaugmented\MTSD-YOLO\test\images\grp2_3855fec5-20251223_150427.jpg,1116.27,2149.0,2116.53,4066.75,0.8555,street sign,True,True,226.3,mtsd-p9
SAM 3,street sign,grp2_3855fec5-20251223_150427.jpg,E:\2. UM-Student\MSC Dissertation\Urban-Vision-Benchmark\Datasets\MTSD\Prepared\MTSD-Unaugmented\MTSD-YOLO\test\images\grp2_3855fec5-20251223_150427.jpg,1502.25,698.79,1807.09,2212.32,0.9102,street sign,True,True,226.3,mtsd-p9
SAM 3,street sign,grp2_3d2ae4e7-IMG_20251223_114602.jpg,E:\2. UM-Student\MSC Dissertation\Urban-Vision-Benchmark\Datasets\MTSD\Prepared\MTSD-Unaugmented\MTSD-YOLO\test\images\grp2_3d2ae4e7-IMG_20251223_114602.jpg,,,,,,<no detections>,False,True,153.3,mtsd-p9
SAM 3,street sign,grp2_3e9d99d7-IMG_20251223_122636.jpg,E:\2. UM-Student\MSC Dissertation\Urban-Vision-Benchmark\Datasets\MTSD\Prepared\MTSD-Unaugmented\MTSD-YOLO\test\images\grp2_3e9d99d7-IMG_20251223_122636.jpg,1224.95,1518.35,1743.92,2029.24,0.9141,street sign,True,True,243.5,mtsd-p9
SAM 3,street sign,grp2_3e9d99d7-IMG_20251223_122636.jpg,E:\2. UM-Student\MSC Dissertation\Urban-Vision-Benchmark\Datasets\MTSD\Prepared\MTSD-Unaugmented\MTSD-YOLO\test\images\grp2_3e9d99d7-IMG_20251223_122636.jpg,1203.53,873.3,1854.1,3484.12,0.5859,street sign,True,True,243.5,mtsd-p9
SAM 3,street sign,grp2_3e9d99d7-IMG_20251223_122636.jpg,E:\2. UM-Student\MSC Dissertation\Urban-Vision-Benchmark\Datasets\MTSD\Prepared\MTSD-Unaugmented\MTSD-YOLO\test\images\grp2_3e9d99d7-IMG_20251223_122636.jpg,1204.32,864.27,1859.67,1503.06,0.9141,street sign,True,True,243.5,mtsd-p9
SAM 3,street sign,grp2_4155f545-MP_0066.jpg,E:\2. UM-Student\MSC Dissertation\Urban-Vision-Benchmark\Datasets\MTSD\Prepared\MTSD-Unaugmented\MTSD-YOLO\test\images\grp2_4155f545-MP_0066.jpg,,,,,,<no detections>,False,True,152.2,mtsd-p9
SAM 3,street sign,grp2_421f593e-20251224_132616.jpg,E:\2. UM-Student\MSC Dissertation\Urban-Vision-Benchmark\Datasets\MTSD\Prepared\MTSD-Unaugmented\MTSD-YOLO\test\images\grp2_421f593e-20251224_132616.jpg,2442.85,3896.97,2493.86,3963.22,0.6172,street sign,True,True,523.9,mtsd-p9
SAM 3,street sign,grp2_421f593e-20251224_132616.jpg,E:\2. UM-Student\MSC Dissertation\Urban-Vision-Benchmark\Datasets\MTSD\Prepared\MTSD-Unaugmented\MTSD-YOLO\test\images\grp2_421f593e-20251224_132616.jpg,838.35,938.15,2327.58,2700.71,0.7969,street sign,True,True,523.9,mtsd-p9
SAM 3,street sign,grp2_421f593e-20251224_132616.jpg,E:\2. UM-Student\MSC Dissertation\Urban-Vision-Benchmark\Datasets\MTSD\Prepared\MTSD-Unaugmented\MTSD-YOLO\test\images\grp2_421f593e-20251224_132616.jpg,0.0,3744.9,34.99,3830.99,0.3027,street sign,True,True,523.9,mtsd-p9
SAM 3,street sign,grp2_421f593e-20251224_132616.jpg,E:\2. UM-Student\MSC Dissertation\Urban-Vision-Benchmark\Datasets\MTSD\Prepared\MTSD-Unaugmented\MTSD-YOLO\test\images\grp2_421f593e-20251224_132616.jpg,625.77,3575.96,707.81,3779.4,0.4414,street sign,True,True,523.9,mtsd-p9
SAM 3,street sign,grp2_421f593e-20251224_132616.jpg,E:\2. UM-Student\MSC Dissertation\Urban-Vision-Benchmark\Datasets\MTSD\Prepared\MTSD-Unaugmented\MTSD-YOLO\test\images\grp2_421f593e-20251224_132616.jpg,833.69,934.6,2329.97,4080.0,0.5586,street sign,True,True,523.9,mtsd-p9
SAM 3,street sign,grp2_477681c7-21.front.jpg,E:\2. UM-Student\MSC Dissertation\Urban-Vision-Benchmark\Datasets\MTSD\Prepared\MTSD-Unaugmented\MTSD-YOLO\test\images\grp2_477681c7-21.front.jpg,868.1,1034.11,1342.85,3242.23,0.6133,street sign,True,True,169.8,mtsd-p9
SAM 3,street sign,grp2_477681c7-21.front.jpg,E:\2. UM-Student\MSC Dissertation\Urban-Vision-Benchmark\Datasets\MTSD\Prepared\MTSD-Unaugmented\MTSD-YOLO\test\images\grp2_477681c7-21.front.jpg,867.95,1038.28,1341.94,1510.48,0.9219,street sign,True,True,169.8,mtsd-p9
SAM 3,street sign,grp2_4acb7340-20251223_155105.jpg,E:\2. UM-Student\MSC Dissertation\Urban-Vision-Benchmark\Datasets\MTSD\Prepared\MTSD-Unaugmented\MTSD-YOLO\test\images\grp2_4acb7340-20251223_155105.jpg,28.47,2755.4,88.69,3274.28,0.5469,street sign,True,True,436.2,mtsd-p9
SAM 3,street sign,grp2_4acb7340-20251223_155105.jpg,E:\2. UM-Student\MSC Dissertation\Urban-Vision-Benchmark\Datasets\MTSD\Prepared\MTSD-Unaugmented\MTSD-YOLO\test\images\grp2_4acb7340-20251223_155105.jpg,38.87,2753.94,87.51,2872.9,0.793,street sign,True,True,436.2,mtsd-p9
SAM 3,street sign,grp2_4acb7340-20251223_155105.jpg,E:\2. UM-Student\MSC Dissertation\Urban-Vision-Benchmark\Datasets\MTSD\Prepared\MTSD-Unaugmented\MTSD-YOLO\test\images\grp2_4acb7340-20251223_155105.jpg,1169.23,1191.47,1937.37,4080.0,0.8086,street sign,True,True,436.2,mtsd-p9
SAM 3,street sign,grp2_4acb7340-20251223_155105.jpg,E:\2. UM-Student\MSC Dissertation\Urban-Vision-Benchmark\Datasets\MTSD\Prepared\MTSD-Unaugmented\MTSD-YOLO\test\images\grp2_4acb7340-20251223_155105.jpg,1164.63,1188.44,1938.75,1969.08,0.793,street sign,True,True,436.2,mtsd-p9
SAM 3,street sign,grp2_5061299f-MP_0130.jpg,E:\2. UM-Student\MSC Dissertation\Urban-Vision-Benchmark\Datasets\MTSD\Prepared\MTSD-Unaugmented\MTSD-YOLO\test\images\grp2_5061299f-MP_0130.jpg,932.45,2488.16,969.36,2528.54,0.5508,street sign,True,True,239.2,mtsd-p9
SAM 3,street sign,grp2_5061299f-MP_0130.jpg,E:\2. UM-Student\MSC Dissertation\Urban-Vision-Benchmark\Datasets\MTSD\Prepared\MTSD-Unaugmented\MTSD-YOLO\test\images\grp2_5061299f-MP_0130.jpg,771.42,577.85,1583.85,3801.05,0.6328,street sign,True,True,239.2,mtsd-p9
SAM 3,street sign,grp2_5061299f-MP_0130.jpg,E:\2. UM-Student\MSC Dissertation\Urban-Vision-Benchmark\Datasets\MTSD\Prepared\MTSD-Unaugmented\MTSD-YOLO\test\images\grp2_5061299f-MP_0130.jpg,771.87,571.85,1585.35,1572.07,0.8633,street sign,True,True,239.2,mtsd-p9
SAM 3,street sign,grp2_5dd50184-MP_0013.jpg,E:\2. UM-Student\MSC Dissertation\Urban-Vision-Benchmark\Datasets\MTSD\Prepared\MTSD-Unaugmented\MTSD-YOLO\test\images\grp2_5dd50184-MP_0013.jpg,0.0,2357.09,103.34,2960.55,0.3281,street sign,True,True,514.7,mtsd-p9
SAM 3,street sign,grp2_5dd50184-MP_0013.jpg,E:\2. UM-Student\MSC Dissertation\Urban-Vision-Benchmark\Datasets\MTSD\Prepared\MTSD-Unaugmented\MTSD-YOLO\test\images\grp2_5dd50184-MP_0013.jpg,1125.0,699.12,1421.71,4096.0,0.3672,street sign,True,True,514.7,mtsd-p9
SAM 3,street sign,grp2_5dd50184-MP_0013.jpg,E:\2. UM-Student\MSC Dissertation\Urban-Vision-Benchmark\Datasets\MTSD\Prepared\MTSD-Unaugmented\MTSD-YOLO\test\images\grp2_5dd50184-MP_0013.jpg,1262.47,785.75,1407.26,1613.76,0.8359,street sign,True,True,514.7,mtsd-p9
SAM 3,street sign,grp2_5e8f002c-IMG_20251223_132013.jpg,E:\2. UM-Student\MSC Dissertation\Urban-Vision-Benchmark\Datasets\MTSD\Prepared\MTSD-Unaugmented\MTSD-YOLO\test\images\grp2_5e8f002c-IMG_20251223_132013.jpg,1250.59,1192.19,1779.67,3722.66,0.5273,street sign,True,True,499.6,mtsd-p9
SAM 3,street sign,grp2_5e8f002c-IMG_20251223_132013.jpg,E:\2. UM-Student\MSC Dissertation\Urban-Vision-Benchmark\Datasets\MTSD\Prepared\MTSD-Unaugmented\MTSD-YOLO\test\images\grp2_5e8f002c-IMG_20251223_132013.jpg,2655.05,1911.15,2762.82,2196.37,0.7188,street sign,True,True,499.6,mtsd-p9
SAM 3,street sign,grp2_5e8f002c-IMG_20251223_132013.jpg,E:\2. UM-Student\MSC Dissertation\Urban-Vision-Benchmark\Datasets\MTSD\Prepared\MTSD-Unaugmented\MTSD-YOLO\test\images\grp2_5e8f002c-IMG_20251223_132013.jpg,2575.24,2126.11,2650.07,2194.92,0.3887,street sign,True,True,499.6,mtsd-p9
SAM 3,street sign,grp2_5e8f002c-IMG_20251223_132013.jpg,E:\2. UM-Student\MSC Dissertation\Urban-Vision-Benchmark\Datasets\MTSD\Prepared\MTSD-Unaugmented\MTSD-YOLO\test\images\grp2_5e8f002c-IMG_20251223_132013.jpg,2661.81,2107.15,2762.63,2198.18,0.5586,street sign,True,True,499.6,mtsd-p9
SAM 3,street sign,grp2_5e8f002c-IMG_20251223_132013.jpg,E:\2. UM-Student\MSC Dissertation\Urban-Vision-Benchmark\Datasets\MTSD\Prepared\MTSD-Unaugmented\MTSD-YOLO\test\images\grp2_5e8f002c-IMG_20251223_132013.jpg,1253.97,1197.14,1781.89,1727.98,0.9062,street sign,True,True,499.6,mtsd-p9
SAM 3,street sign,grp2_5e8f002c-IMG_20251223_132013.jpg,E:\2. UM-Student\MSC Dissertation\Urban-Vision-Benchmark\Datasets\MTSD\Prepared\MTSD-Unaugmented\MTSD-YOLO\test\images\grp2_5e8f002c-IMG_20251223_132013.jpg,2654.04,1916.99,2754.23,2031.78,0.4902,street sign,True,True,499.6,mtsd-p9
SAM 3,street sign,grp2_5e8f002c-IMG_20251223_132013.jpg,E:\2. UM-Student\MSC Dissertation\Urban-Vision-Benchmark\Datasets\MTSD\Prepared\MTSD-Unaugmented\MTSD-YOLO\test\images\grp2_5e8f002c-IMG_20251223_132013.jpg,2665.37,2011.77,2756.91,2110.27,0.5039,street sign,True,True,499.6,mtsd-p9
SAM 3,street sign,grp2_62c50d8e-20251230_121740.jpg,E:\2. UM-Student\MSC Dissertation\Urban-Vision-Benchmark\Datasets\MTSD\Prepared\MTSD-Unaugmented\MTSD-YOLO\test\images\grp2_62c50d8e-20251230_121740.jpg,1468.55,1025.36,1885.89,4064.34,0.5039,street sign,True,True,208.1,mtsd-p9
SAM 3,street sign,grp2_62c50d8e-20251230_121740.jpg,E:\2. UM-Student\MSC Dissertation\Urban-Vision-Benchmark\Datasets\MTSD\Prepared\MTSD-Unaugmented\MTSD-YOLO\test\images\grp2_62c50d8e-20251230_121740.jpg,1469.24,1026.95,1792.47,2070.71,0.9414,street sign,True,True,208.1,mtsd-p9
SAM 3,street sign,grp2_76c73962-MP_0139.jpg,E:\2. UM-Student\MSC Dissertation\Urban-Vision-Benchmark\Datasets\MTSD\Prepared\MTSD-Unaugmented\MTSD-YOLO\test\images\grp2_76c73962-MP_0139.jpg,,,,,,<no detections>,False,True,160.8,mtsd-p9
SAM 3,street sign,grp2_797d9987-MP_0038.jpg,E:\2. UM-Student\MSC Dissertation\Urban-Vision-Benchmark\Datasets\MTSD\Prepared\MTSD-Unaugmented\MTSD-YOLO\test\images\grp2_797d9987-MP_0038.jpg,785.62,188.15,1861.03,1258.83,0.8906,street sign,True,True,220.5,mtsd-p9
SAM 3,street sign,grp2_7ad50d73-MP_0075.jpg,E:\2. UM-Student\MSC Dissertation\Urban-Vision-Benchmark\Datasets\MTSD\Prepared\MTSD-Unaugmented\MTSD-YOLO\test\images\grp2_7ad50d73-MP_0075.jpg,1073.13,1477.85,1203.64,1842.21,0.4414,street sign,True,True,226.2,mtsd-p9
SAM 3,street sign,grp2_7ad50d73-MP_0075.jpg,E:\2. UM-Student\MSC Dissertation\Urban-Vision-Benchmark\Datasets\MTSD\Prepared\MTSD-Unaugmented\MTSD-YOLO\test\images\grp2_7ad50d73-MP_0075.jpg,586.6,137.95,1564.22,4032.0,0.4766,street sign,True,True,226.2,mtsd-p9
SAM 3,street sign,grp2_7ad50d73-MP_0075.jpg,E:\2. UM-Student\MSC Dissertation\Urban-Vision-Benchmark\Datasets\MTSD\Prepared\MTSD-Unaugmented\MTSD-YOLO\test\images\grp2_7ad50d73-MP_0075.jpg,586.66,140.89,1562.65,1081.79,0.8633,street sign,True,True,226.2,mtsd-p9
SAM 3,street sign,grp2_7bccf907-IMG_20251223_114643.jpg,E:\2. UM-Student\MSC Dissertation\Urban-Vision-Benchmark\Datasets\MTSD\Prepared\MTSD-Unaugmented\MTSD-YOLO\test\images\grp2_7bccf907-IMG_20251223_114643.jpg,1132.05,1646.48,1438.66,2026.97,0.9414,street sign,True,True,424.2,mtsd-p9
SAM 3,street sign,grp2_7bccf907-IMG_20251223_114643.jpg,E:\2. UM-Student\MSC Dissertation\Urban-Vision-Benchmark\Datasets\MTSD\Prepared\MTSD-Unaugmented\MTSD-YOLO\test\images\grp2_7bccf907-IMG_20251223_114643.jpg,721.44,1646.39,915.03,1833.17,0.7656,street sign,True,True,424.2,mtsd-p9
SAM 3,street sign,grp2_8042282f-20251223_150231.jpg,E:\2. UM-Student\MSC Dissertation\Urban-Vision-Benchmark\Datasets\MTSD\Prepared\MTSD-Unaugmented\MTSD-YOLO\test\images\grp2_8042282f-20251223_150231.jpg,1158.8,0.0,1752.25,1979.06,0.9375,street sign,True,True,233.5,mtsd-p9
SAM 3,street sign,grp2_85bab424-IMG_20251223_120632.jpg,E:\2. UM-Student\MSC Dissertation\Urban-Vision-Benchmark\Datasets\MTSD\Prepared\MTSD-Unaugmented\MTSD-YOLO\test\images\grp2_85bab424-IMG_20251223_120632.jpg,1341.29,1195.52,1796.68,3624.88,0.832,street sign,True,True,191.1,mtsd-p9
SAM 3,street sign,grp2_85bab424-IMG_20251223_120632.jpg,E:\2. UM-Student\MSC Dissertation\Urban-Vision-Benchmark\Datasets\MTSD\Prepared\MTSD-Unaugmented\MTSD-YOLO\test\images\grp2_85bab424-IMG_20251223_120632.jpg,1342.16,1194.99,1798.35,1699.55,0.8281,street sign,True,True,191.1,mtsd-p9
SAM 3,street sign,grp2_86560763-IMG_20251223_113000.jpg,E:\2. UM-Student\MSC Dissertation\Urban-Vision-Benchmark\Datasets\MTSD\Prepared\MTSD-Unaugmented\MTSD-YOLO\test\images\grp2_86560763-IMG_20251223_113000.jpg,1465.49,2106.52,1532.9,2201.64,0.7344,street sign,True,True,826.6,mtsd-p9
SAM 3,street sign,grp2_86560763-IMG_20251223_113000.jpg,E:\2. UM-Student\MSC Dissertation\Urban-Vision-Benchmark\Datasets\MTSD\Prepared\MTSD-Unaugmented\MTSD-YOLO\test\images\grp2_86560763-IMG_20251223_113000.jpg,145.86,2149.75,246.96,2193.67,0.3027,street sign,True,True,826.6,mtsd-p9
SAM 3,street sign,grp2_86560763-IMG_20251223_113000.jpg,E:\2. UM-Student\MSC Dissertation\Urban-Vision-Benchmark\Datasets\MTSD\Prepared\MTSD-Unaugmented\MTSD-YOLO\test\images\grp2_86560763-IMG_20251223_113000.jpg,835.94,2170.47,870.77,2208.76,0.6953,street sign,True,True,826.6,mtsd-p9
SAM 3,street sign,grp2_86560763-IMG_20251223_113000.jpg,E:\2. UM-Student\MSC Dissertation\Urban-Vision-Benchmark\Datasets\MTSD\Prepared\MTSD-Unaugmented\MTSD-YOLO\test\images\grp2_86560763-IMG_20251223_113000.jpg,146.88,2068.71,248.96,2193.12,0.8555,street sign,True,True,826.6,mtsd-p9
SAM 3,street sign,grp2_86560763-IMG_20251223_113000.jpg,E:\2. UM-Student\MSC Dissertation\Urban-Vision-Benchmark\Datasets\MTSD\Prepared\MTSD-Unaugmented\MTSD-YOLO\test\images\grp2_86560763-IMG_20251223_113000.jpg,1023.41,1664.46,1067.4,1776.41,0.3242,street sign,True,True,826.6,mtsd-p9
SAM 3,street sign,grp2_86560763-IMG_20251223_113000.jpg,E:\2. UM-Student\MSC Dissertation\Urban-Vision-Benchmark\Datasets\MTSD\Prepared\MTSD-Unaugmented\MTSD-YOLO\test\images\grp2_86560763-IMG_20251223_113000.jpg,1681.08,1951.7,1834.13,2019.29,0.7812,street sign,True,True,826.6,mtsd-p9
SAM 3,street sign,grp2_86560763-IMG_20251223_113000.jpg,E:\2. UM-Student\MSC Dissertation\Urban-Vision-Benchmark\Datasets\MTSD\Prepared\MTSD-Unaugmented\MTSD-YOLO\test\images\grp2_86560763-IMG_20251223_113000.jpg,1008.44,1389.93,1627.54,2006.17,0.5312,street sign,True,True,826.6,mtsd-p9
SAM 3,street sign,grp2_888b1f4f-MP_0074.jpg,E:\2. UM-Student\MSC Dissertation\Urban-Vision-Benchmark\Datasets\MTSD\Prepared\MTSD-Unaugmented\MTSD-YOLO\test\images\grp2_888b1f4f-MP_0074.jpg,2616.0,223.94,2965.35,545.87,0.4082,street sign,True,True,217.2,mtsd-p9
SAM 3,street sign,grp2_888b1f4f-MP_0074.jpg,E:\2. UM-Student\MSC Dissertation\Urban-Vision-Benchmark\Datasets\MTSD\Prepared\MTSD-Unaugmented\MTSD-YOLO\test\images\grp2_888b1f4f-MP_0074.jpg,479.41,866.05,1176.49,1493.9,0.9609,street sign,True,True,217.2,mtsd-p9
SAM 3,street sign,grp2_920c4f4e-20251223_152507.jpg,E:\2. UM-Student\MSC Dissertation\Urban-Vision-Benchmark\Datasets\MTSD\Prepared\MTSD-Unaugmented\MTSD-YOLO\test\images\grp2_920c4f4e-20251223_152507.jpg,1081.0,1304.19,1780.54,3628.01,0.6172,street sign,True,True,189.1,mtsd-p9
SAM 3,street sign,grp2_920c4f4e-20251223_152507.jpg,E:\2. UM-Student\MSC Dissertation\Urban-Vision-Benchmark\Datasets\MTSD\Prepared\MTSD-Unaugmented\MTSD-YOLO\test\images\grp2_920c4f4e-20251223_152507.jpg,1082.46,1308.37,1777.6,2014.94,0.6602,street sign,True,True,189.1,mtsd-p9
SAM 3,street sign,grp2_9272e80b-20251230_124926.jpg,E:\2. UM-Student\MSC Dissertation\Urban-Vision-Benchmark\Datasets\MTSD\Prepared\MTSD-Unaugmented\MTSD-YOLO\test\images\grp2_9272e80b-20251230_124926.jpg,1066.81,1186.88,2356.33,2497.48,0.9102,street sign,True,True,230.2,mtsd-p9
SAM 3,street sign,grp2_9272e80b-20251230_124926.jpg,E:\2. UM-Student\MSC Dissertation\Urban-Vision-Benchmark\Datasets\MTSD\Prepared\MTSD-Unaugmented\MTSD-YOLO\test\images\grp2_9272e80b-20251230_124926.jpg,1069.72,1179.99,2356.19,4080.0,0.4043,street sign,True,True,230.2,mtsd-p9
SAM 3,street sign,grp2_9288cb02-IMG_20251223_114539.jpg,E:\2. UM-Student\MSC Dissertation\Urban-Vision-Benchmark\Datasets\MTSD\Prepared\MTSD-Unaugmented\MTSD-YOLO\test\images\grp2_9288cb02-IMG_20251223_114539.jpg,331.99,1956.83,452.45,2035.17,0.4043,street sign,True,True,823.2,mtsd-p9
SAM 3,street sign,grp2_9288cb02-IMG_20251223_114539.jpg,E:\2. UM-Student\MSC Dissertation\Urban-Vision-Benchmark\Datasets\MTSD\Prepared\MTSD-Unaugmented\MTSD-YOLO\test\images\grp2_9288cb02-IMG_20251223_114539.jpg,7.11,1937.14,92.17,2055.97,0.7852,street sign,True,True,823.2,mtsd-p9
SAM 3,street sign,grp2_9288cb02-IMG_20251223_114539.jpg,E:\2. UM-Student\MSC Dissertation\Urban-Vision-Benchmark\Datasets\MTSD\Prepared\MTSD-Unaugmented\MTSD-YOLO\test\images\grp2_9288cb02-IMG_20251223_114539.jpg,1114.1,1027.58,1479.15,1581.7,0.4863,street sign,True,True,823.2,mtsd-p9
SAM 3,street sign,grp2_9288cb02-IMG_20251223_114539.jpg,E:\2. UM-Student\MSC Dissertation\Urban-Vision-Benchmark\Datasets\MTSD\Prepared\MTSD-Unaugmented\MTSD-YOLO\test\images\grp2_9288cb02-IMG_20251223_114539.jpg,1352.63,1462.46,1894.49,2012.68,0.8516,street sign,True,True,823.2,mtsd-p9
SAM 3,street sign,grp2_983dc626-30.side.jpg,E:\2. UM-Student\MSC Dissertation\Urban-Vision-Benchmark\Datasets\MTSD\Prepared\MTSD-Unaugmented\MTSD-YOLO\test\images\grp2_983dc626-30.side.jpg,1291.53,1065.67,1377.58,1594.03,0.8633,street sign,True,True,161.8,mtsd-p9
SAM 3,street sign,grp2_98bbb72b-IMG_20251224_113143.jpg,E:\2. UM-Student\MSC Dissertation\Urban-Vision-Benchmark\Datasets\MTSD\Prepared\MTSD-Unaugmented\MTSD-YOLO\test\images\grp2_98bbb72b-IMG_20251224_113143.jpg,1089.05,1034.97,1670.35,1672.0,0.3926,street sign,True,True,166.5,mtsd-p9
SAM 3,street sign,grp2_9c71fd6a-20251223_153024.jpg,E:\2. UM-Student\MSC Dissertation\Urban-Vision-Benchmark\Datasets\MTSD\Prepared\MTSD-Unaugmented\MTSD-YOLO\test\images\grp2_9c71fd6a-20251223_153024.jpg,1050.76,1087.71,1751.58,3883.91,0.6602,street sign,True,True,165.4,mtsd-p9
SAM 3,street sign,grp2_9c71fd6a-20251223_153024.jpg,E:\2. UM-Student\MSC Dissertation\Urban-Vision-Benchmark\Datasets\MTSD\Prepared\MTSD-Unaugmented\MTSD-YOLO\test\images\grp2_9c71fd6a-20251223_153024.jpg,1051.34,1085.54,1749.31,1792.59,0.4824,street sign,True,True,165.4,mtsd-p9
SAM 3,street sign,grp2_a8531ee5-IMG_20251223_131712.jpg,E:\2. UM-Student\MSC Dissertation\Urban-Vision-Benchmark\Datasets\MTSD\Prepared\MTSD-Unaugmented\MTSD-YOLO\test\images\grp2_a8531ee5-IMG_20251223_131712.jpg,1391.77,1115.23,1741.44,2062.25,0.3398,street sign,True,True,196.1,mtsd-p9
SAM 3,street sign,grp2_ab84ff33-MP_0056.jpg,E:\2. UM-Student\MSC Dissertation\Urban-Vision-Benchmark\Datasets\MTSD\Prepared\MTSD-Unaugmented\MTSD-YOLO\test\images\grp2_ab84ff33-MP_0056.jpg,964.58,205.82,1852.65,4096.0,0.5312,street sign,True,True,257.5,mtsd-p9
SAM 3,street sign,grp2_ab84ff33-MP_0056.jpg,E:\2. UM-Student\MSC Dissertation\Urban-Vision-Benchmark\Datasets\MTSD\Prepared\MTSD-Unaugmented\MTSD-YOLO\test\images\grp2_ab84ff33-MP_0056.jpg,966.53,203.06,1855.9,1096.4,0.9414,street sign,True,True,257.5,mtsd-p9
SAM 3,street sign,grp2_ab9b17dd-34.back.jpg,E:\2. UM-Student\MSC Dissertation\Urban-Vision-Benchmark\Datasets\MTSD\Prepared\MTSD-Unaugmented\MTSD-YOLO\test\images\grp2_ab9b17dd-34.back.jpg,2005.26,2132.54,2080.6,2206.71,0.3965,street sign,True,True,644.3,mtsd-p9
SAM 3,street sign,grp2_ab9b17dd-34.back.jpg,E:\2. UM-Student\MSC Dissertation\Urban-Vision-Benchmark\Datasets\MTSD\Prepared\MTSD-Unaugmented\MTSD-YOLO\test\images\grp2_ab9b17dd-34.back.jpg,1712.35,2241.89,1738.57,2273.11,0.6719,street sign,True,True,644.3,mtsd-p9
SAM 3,street sign,grp2_ab9b17dd-34.back.jpg,E:\2. UM-Student\MSC Dissertation\Urban-Vision-Benchmark\Datasets\MTSD\Prepared\MTSD-Unaugmented\MTSD-YOLO\test\images\grp2_ab9b17dd-34.back.jpg,1987.56,2178.28,2032.06,2236.95,0.3184,street sign,True,True,644.3,mtsd-p9
SAM 3,street sign,grp2_ab9b17dd-34.back.jpg,E:\2. UM-Student\MSC Dissertation\Urban-Vision-Benchmark\Datasets\MTSD\Prepared\MTSD-Unaugmented\MTSD-YOLO\test\images\grp2_ab9b17dd-34.back.jpg,2043.22,2231.57,2097.03,2285.97,0.7578,street sign,True,True,644.3,mtsd-p9
SAM 3,street sign,grp2_ab9b17dd-34.back.jpg,E:\2. UM-Student\MSC Dissertation\Urban-Vision-Benchmark\Datasets\MTSD\Prepared\MTSD-Unaugmented\MTSD-YOLO\test\images\grp2_ab9b17dd-34.back.jpg,888.81,756.5,1371.03,1268.04,0.4844,street sign,True,True,644.3,mtsd-p9
SAM 3,street sign,grp2_ab9b17dd-34.back.jpg,E:\2. UM-Student\MSC Dissertation\Urban-Vision-Benchmark\Datasets\MTSD\Prepared\MTSD-Unaugmented\MTSD-YOLO\test\images\grp2_ab9b17dd-34.back.jpg,1418.89,2128.02,1500.46,2210.14,0.8789,street sign,True,True,644.3,mtsd-p9
SAM 3,street sign,grp2_ab9b17dd-34.back.jpg,E:\2. UM-Student\MSC Dissertation\Urban-Vision-Benchmark\Datasets\MTSD\Prepared\MTSD-Unaugmented\MTSD-YOLO\test\images\grp2_ab9b17dd-34.back.jpg,1666.51,2276.11,1686.99,2306.85,0.457,street sign,True,True,644.3,mtsd-p9
SAM 3,street sign,grp2_ab9b17dd-34.back.jpg,E:\2. UM-Student\MSC Dissertation\Urban-Vision-Benchmark\Datasets\MTSD\Prepared\MTSD-Unaugmented\MTSD-YOLO\test\images\grp2_ab9b17dd-34.back.jpg,933.9,1379.06,1022.28,1866.85,0.8672,street sign,True,True,644.3,mtsd-p9
SAM 3,street sign,grp2_b430b918-IMG_20251223_132103.jpg,E:\2. UM-Student\MSC Dissertation\Urban-Vision-Benchmark\Datasets\MTSD\Prepared\MTSD-Unaugmented\MTSD-YOLO\test\images\grp2_b430b918-IMG_20251223_132103.jpg,,,,,,<no detections>,False,True,155.2,mtsd-p9
SAM 3,street sign,grp2_b7da3d82-20251230_123417.jpg,E:\2. UM-Student\MSC Dissertation\Urban-Vision-Benchmark\Datasets\MTSD\Prepared\MTSD-Unaugmented\MTSD-YOLO\test\images\grp2_b7da3d82-20251230_123417.jpg,2978.98,2273.92,3060.0,2559.84,0.5,street sign,True,True,247.8,mtsd-p9
SAM 3,street sign,grp2_b7da3d82-20251230_123417.jpg,E:\2. UM-Student\MSC Dissertation\Urban-Vision-Benchmark\Datasets\MTSD\Prepared\MTSD-Unaugmented\MTSD-YOLO\test\images\grp2_b7da3d82-20251230_123417.jpg,1218.23,965.62,2061.74,4080.0,0.3164,street sign,True,True,247.8,mtsd-p9
SAM 3,street sign,grp2_b7da3d82-20251230_123417.jpg,E:\2. UM-Student\MSC Dissertation\Urban-Vision-Benchmark\Datasets\MTSD\Prepared\MTSD-Unaugmented\MTSD-YOLO\test\images\grp2_b7da3d82-20251230_123417.jpg,1218.15,968.71,2061.47,1819.37,0.957,street sign,True,True,247.8,mtsd-p9
SAM 3,street sign,grp2_b7da3d82-20251230_123417.jpg,E:\2. UM-Student\MSC Dissertation\Urban-Vision-Benchmark\Datasets\MTSD\Prepared\MTSD-Unaugmented\MTSD-YOLO\test\images\grp2_b7da3d82-20251230_123417.jpg,1736.39,1602.77,2277.89,2146.73,0.4277,street sign,True,True,247.8,mtsd-p9
SAM 3,street sign,grp2_b9e760b0-IMG_20251223_125447.jpg,E:\2. UM-Student\MSC Dissertation\Urban-Vision-Benchmark\Datasets\MTSD\Prepared\MTSD-Unaugmented\MTSD-YOLO\test\images\grp2_b9e760b0-IMG_20251223_125447.jpg,1221.74,2292.06,1249.31,2323.62,0.7461,street sign,True,True,519.2,mtsd-p9
SAM 3,street sign,grp2_b9e760b0-IMG_20251223_125447.jpg,E:\2. UM-Student\MSC Dissertation\Urban-Vision-Benchmark\Datasets\MTSD\Prepared\MTSD-Unaugmented\MTSD-YOLO\test\images\grp2_b9e760b0-IMG_20251223_125447.jpg,882.67,2250.75,965.41,2332.6,0.8828,street sign,True,True,519.2,mtsd-p9
SAM 3,street sign,grp2_b9e760b0-IMG_20251223_125447.jpg,E:\2. UM-Student\MSC Dissertation\Urban-Vision-Benchmark\Datasets\MTSD\Prepared\MTSD-Unaugmented\MTSD-YOLO\test\images\grp2_b9e760b0-IMG_20251223_125447.jpg,991.42,2269.97,1025.66,2319.43,0.7305,street sign,True,True,519.2,mtsd-p9
SAM 3,street sign,grp2_b9e760b0-IMG_20251223_125447.jpg,E:\2. UM-Student\MSC Dissertation\Urban-Vision-Benchmark\Datasets\MTSD\Prepared\MTSD-Unaugmented\MTSD-YOLO\test\images\grp2_b9e760b0-IMG_20251223_125447.jpg,1447.03,2280.49,1521.47,2360.34,0.8789,street sign,True,True,519.2,mtsd-p9
SAM 3,street sign,grp2_b9e760b0-IMG_20251223_125447.jpg,E:\2. UM-Student\MSC Dissertation\Urban-Vision-Benchmark\Datasets\MTSD\Prepared\MTSD-Unaugmented\MTSD-YOLO\test\images\grp2_b9e760b0-IMG_20251223_125447.jpg,1448.95,2277.88,1522.05,2594.92,0.5,street sign,True,True,519.2,mtsd-p9
SAM 3,street sign,grp2_b9e760b0-IMG_20251223_125447.jpg,E:\2. UM-Student\MSC Dissertation\Urban-Vision-Benchmark\Datasets\MTSD\Prepared\MTSD-Unaugmented\MTSD-YOLO\test\images\grp2_b9e760b0-IMG_20251223_125447.jpg,893.46,877.99,1991.87,1945.34,0.543,street sign,True,True,519.2,mtsd-p9
SAM 3,street sign,grp2_b9e760b0-IMG_20251223_125447.jpg,E:\2. UM-Student\MSC Dissertation\Urban-Vision-Benchmark\Datasets\MTSD\Prepared\MTSD-Unaugmented\MTSD-YOLO\test\images\grp2_b9e760b0-IMG_20251223_125447.jpg,892.19,864.73,1994.9,3019.39,0.3457,street sign,True,True,519.2,mtsd-p9
SAM 3,street sign,grp2_bf4582b0-IMG_20251223_113056.jpg,E:\2. UM-Student\MSC Dissertation\Urban-Vision-Benchmark\Datasets\MTSD\Prepared\MTSD-Unaugmented\MTSD-YOLO\test\images\grp2_bf4582b0-IMG_20251223_113056.jpg,679.82,1485.44,1455.71,2331.25,0.7617,street sign,True,True,248.2,mtsd-p9
SAM 3,street sign,grp2_bf551d52-MP_0136.jpg,E:\2. UM-Student\MSC Dissertation\Urban-Vision-Benchmark\Datasets\MTSD\Prepared\MTSD-Unaugmented\MTSD-YOLO\test\images\grp2_bf551d52-MP_0136.jpg,609.49,1333.02,2452.96,1611.89,0.875,street sign,True,True,217.5,mtsd-p9
SAM 3,street sign,grp2_bf551d52-MP_0136.jpg,E:\2. UM-Student\MSC Dissertation\Urban-Vision-Benchmark\Datasets\MTSD\Prepared\MTSD-Unaugmented\MTSD-YOLO\test\images\grp2_bf551d52-MP_0136.jpg,0.33,1884.17,1204.14,2268.0,0.6445,street sign,True,True,217.5,mtsd-p9
SAM 3,street sign,grp2_c39d026a-IMG_20251223_125605.jpg,E:\2. UM-Student\MSC Dissertation\Urban-Vision-Benchmark\Datasets\MTSD\Prepared\MTSD-Unaugmented\MTSD-YOLO\test\images\grp2_c39d026a-IMG_20251223_125605.jpg,1380.18,1682.1,1567.6,1936.65,0.5703,street sign,True,True,225.9,mtsd-p9
SAM 3,street sign,grp2_c39d026a-IMG_20251223_125605.jpg,E:\2. UM-Student\MSC Dissertation\Urban-Vision-Benchmark\Datasets\MTSD\Prepared\MTSD-Unaugmented\MTSD-YOLO\test\images\grp2_c39d026a-IMG_20251223_125605.jpg,1315.51,1081.84,1637.52,4000.0,0.3496,street sign,True,True,225.9,mtsd-p9
SAM 3,street sign,grp2_c39d026a-IMG_20251223_125605.jpg,E:\2. UM-Student\MSC Dissertation\Urban-Vision-Benchmark\Datasets\MTSD\Prepared\MTSD-Unaugmented\MTSD-YOLO\test\images\grp2_c39d026a-IMG_20251223_125605.jpg,1307.31,1095.31,1579.6,1798.87,0.4004,street sign,True,True,225.9,mtsd-p9
SAM 3,street sign,grp2_c96ca64e-MP_0098.jpg,E:\2. UM-Student\MSC Dissertation\Urban-Vision-Benchmark\Datasets\MTSD\Prepared\MTSD-Unaugmented\MTSD-YOLO\test\images\grp2_c96ca64e-MP_0098.jpg,99.95,819.52,881.73,1600.33,0.957,street sign,True,True,179.5,mtsd-p9
SAM 3,street sign,grp2_c96ca64e-MP_0098.jpg,E:\2. UM-Student\MSC Dissertation\Urban-Vision-Benchmark\Datasets\MTSD\Prepared\MTSD-Unaugmented\MTSD-YOLO\test\images\grp2_c96ca64e-MP_0098.jpg,94.97,818.54,3980.5,1605.22,0.498,street sign,True,True,179.5,mtsd-p9
SAM 3,street sign,grp2_ccff3003-MP_0047.jpg,E:\2. UM-Student\MSC Dissertation\Urban-Vision-Benchmark\Datasets\MTSD\Prepared\MTSD-Unaugmented\MTSD-YOLO\test\images\grp2_ccff3003-MP_0047.jpg,2707.17,1632.62,2957.52,1871.55,0.8984,street sign,True,True,438.0,mtsd-p9
SAM 3,street sign,grp2_ccff3003-MP_0047.jpg,E:\2. UM-Student\MSC Dissertation\Urban-Vision-Benchmark\Datasets\MTSD\Prepared\MTSD-Unaugmented\MTSD-YOLO\test\images\grp2_ccff3003-MP_0047.jpg,2696.94,1630.5,2956.65,2375.18,0.543,street sign,True,True,438.0,mtsd-p9
SAM 3,street sign,grp2_ccff3003-MP_0047.jpg,E:\2. UM-Student\MSC Dissertation\Urban-Vision-Benchmark\Datasets\MTSD\Prepared\MTSD-Unaugmented\MTSD-YOLO\test\images\grp2_ccff3003-MP_0047.jpg,2260.19,2760.33,2320.91,2871.57,0.4648,street sign,True,True,438.0,mtsd-p9
SAM 3,street sign,grp2_ccff3003-MP_0047.jpg,E:\2. UM-Student\MSC Dissertation\Urban-Vision-Benchmark\Datasets\MTSD\Prepared\MTSD-Unaugmented\MTSD-YOLO\test\images\grp2_ccff3003-MP_0047.jpg,981.23,770.51,1464.32,4089.25,0.5156,street sign,True,True,438.0,mtsd-p9
SAM 3,street sign,grp2_ccff3003-MP_0047.jpg,E:\2. UM-Student\MSC Dissertation\Urban-Vision-Benchmark\Datasets\MTSD\Prepared\MTSD-Unaugmented\MTSD-YOLO\test\images\grp2_ccff3003-MP_0047.jpg,1006.35,773.63,1162.54,1535.4,0.8242,street sign,True,True,438.0,mtsd-p9
SAM 3,street sign,grp2_ccff3003-MP_0047.jpg,E:\2. UM-Student\MSC Dissertation\Urban-Vision-Benchmark\Datasets\MTSD\Prepared\MTSD-Unaugmented\MTSD-YOLO\test\images\grp2_ccff3003-MP_0047.jpg,2703.65,1875.73,2947.47,2110.9,0.8438,street sign,True,True,438.0,mtsd-p9
SAM 3,street sign,grp2_ced8bffa-14.front.jpg,E:\2. UM-Student\MSC Dissertation\Urban-Vision-Benchmark\Datasets\MTSD\Prepared\MTSD-Unaugmented\MTSD-YOLO\test\images\grp2_ced8bffa-14.front.jpg,636.11,1034.61,1253.68,1652.43,0.9648,street sign,True,True,217.6,mtsd-p9
SAM 3,street sign,grp2_d1fa2493-20251230_123128.jpg,E:\2. UM-Student\MSC Dissertation\Urban-Vision-Benchmark\Datasets\MTSD\Prepared\MTSD-Unaugmented\MTSD-YOLO\test\images\grp2_d1fa2493-20251230_123128.jpg,766.46,540.4,2107.27,4080.0,0.6953,street sign,True,True,171.8,mtsd-p9
SAM 3,street sign,grp2_d1fa2493-20251230_123128.jpg,E:\2. UM-Student\MSC Dissertation\Urban-Vision-Benchmark\Datasets\MTSD\Prepared\MTSD-Unaugmented\MTSD-YOLO\test\images\grp2_d1fa2493-20251230_123128.jpg,763.74,537.67,2102.73,1899.87,0.9141,street sign,True,True,171.8,mtsd-p9
SAM 3,street sign,grp2_d201b393-MP_0004.jpg,E:\2. UM-Student\MSC Dissertation\Urban-Vision-Benchmark\Datasets\MTSD\Prepared\MTSD-Unaugmented\MTSD-YOLO\test\images\grp2_d201b393-MP_0004.jpg,2856.99,1095.06,3072.0,1894.5,0.8867,street sign,True,True,538.4,mtsd-p9
SAM 3,street sign,grp2_d201b393-MP_0004.jpg,E:\2. UM-Student\MSC Dissertation\Urban-Vision-Benchmark\Datasets\MTSD\Prepared\MTSD-Unaugmented\MTSD-YOLO\test\images\grp2_d201b393-MP_0004.jpg,513.54,2346.0,551.65,2391.52,0.7734,street sign,True,True,538.4,mtsd-p9
SAM 3,street sign,grp2_d201b393-MP_0004.jpg,E:\2. UM-Student\MSC Dissertation\Urban-Vision-Benchmark\Datasets\MTSD\Prepared\MTSD-Unaugmented\MTSD-YOLO\test\images\grp2_d201b393-MP_0004.jpg,714.41,1774.92,960.87,1985.59,0.7031,street sign,True,True,538.4,mtsd-p9
SAM 3,street sign,grp2_d201b393-MP_0004.jpg,E:\2. UM-Student\MSC Dissertation\Urban-Vision-Benchmark\Datasets\MTSD\Prepared\MTSD-Unaugmented\MTSD-YOLO\test\images\grp2_d201b393-MP_0004.jpg,553.68,2358.87,588.79,2397.73,0.5195,street sign,True,True,538.4,mtsd-p9
SAM 3,street sign,grp2_d201b393-MP_0004.jpg,E:\2. UM-Student\MSC Dissertation\Urban-Vision-Benchmark\Datasets\MTSD\Prepared\MTSD-Unaugmented\MTSD-YOLO\test\images\grp2_d201b393-MP_0004.jpg,890.49,1079.02,1894.99,4096.0,0.6133,street sign,True,True,538.4,mtsd-p9
SAM 3,street sign,grp2_d201b393-MP_0004.jpg,E:\2. UM-Student\MSC Dissertation\Urban-Vision-Benchmark\Datasets\MTSD\Prepared\MTSD-Unaugmented\MTSD-YOLO\test\images\grp2_d201b393-MP_0004.jpg,889.5,1082.33,1894.05,2066.28,0.9141,street sign,True,True,538.4,mtsd-p9
SAM 3,street sign,grp2_d3fe8c38-MP_0046.jpg,E:\2. UM-Student\MSC Dissertation\Urban-Vision-Benchmark\Datasets\MTSD\Prepared\MTSD-Unaugmented\MTSD-YOLO\test\images\grp2_d3fe8c38-MP_0046.jpg,2237.4,2024.88,2272.86,2063.68,0.3359,street sign,True,True,531.6,mtsd-p9
SAM 3,street sign,grp2_d3fe8c38-MP_0046.jpg,E:\2. UM-Student\MSC Dissertation\Urban-Vision-Benchmark\Datasets\MTSD\Prepared\MTSD-Unaugmented\MTSD-YOLO\test\images\grp2_d3fe8c38-MP_0046.jpg,2038.72,1962.39,2139.75,2062.7,0.3867,street sign,True,True,531.6,mtsd-p9
SAM 3,street sign,grp2_d3fe8c38-MP_0046.jpg,E:\2. UM-Student\MSC Dissertation\Urban-Vision-Benchmark\Datasets\MTSD\Prepared\MTSD-Unaugmented\MTSD-YOLO\test\images\grp2_d3fe8c38-MP_0046.jpg,959.99,342.76,1853.3,4030.24,0.5742,street sign,True,True,531.6,mtsd-p9
SAM 3,street sign,grp2_d3fe8c38-MP_0046.jpg,E:\2. UM-Student\MSC Dissertation\Urban-Vision-Benchmark\Datasets\MTSD\Prepared\MTSD-Unaugmented\MTSD-YOLO\test\images\grp2_d3fe8c38-MP_0046.jpg,2237.65,2023.25,2272.08,2093.27,0.3652,street sign,True,True,531.6,mtsd-p9
SAM 3,street sign,grp2_d3fe8c38-MP_0046.jpg,E:\2. UM-Student\MSC Dissertation\Urban-Vision-Benchmark\Datasets\MTSD\Prepared\MTSD-Unaugmented\MTSD-YOLO\test\images\grp2_d3fe8c38-MP_0046.jpg,959.99,338.69,1855.6,1288.11,0.8398,street sign,True,True,531.6,mtsd-p9
SAM 3,street sign,grp2_d71e8065-MP_0021.jpg,E:\2. UM-Student\MSC Dissertation\Urban-Vision-Benchmark\Datasets\MTSD\Prepared\MTSD-Unaugmented\MTSD-YOLO\test\images\grp2_d71e8065-MP_0021.jpg,1081.6,2165.89,1153.84,2362.44,0.3965,street sign,True,True,1088.9,mtsd-p9
SAM 3,street sign,grp2_d71e8065-MP_0021.jpg,E:\2. UM-Student\MSC Dissertation\Urban-Vision-Benchmark\Datasets\MTSD\Prepared\MTSD-Unaugmented\MTSD-YOLO\test\images\grp2_d71e8065-MP_0021.jpg,2946.89,1945.44,3068.08,2053.1,0.7305,street sign,True,True,1088.9,mtsd-p9
SAM 3,street sign,grp2_d71e8065-MP_0021.jpg,E:\2. UM-Student\MSC Dissertation\Urban-Vision-Benchmark\Datasets\MTSD\Prepared\MTSD-Unaugmented\MTSD-YOLO\test\images\grp2_d71e8065-MP_0021.jpg,2332.04,1754.62,2513.83,2584.83,0.6641,street sign,True,True,1088.9,mtsd-p9
SAM 3,street sign,grp2_d71e8065-MP_0021.jpg,E:\2. UM-Student\MSC Dissertation\Urban-Vision-Benchmark\Datasets\MTSD\Prepared\MTSD-Unaugmented\MTSD-YOLO\test\images\grp2_d71e8065-MP_0021.jpg,2949.76,1947.34,3070.44,2268.0,0.5039,street sign,True,True,1088.9,mtsd-p9
SAM 3,street sign,grp2_d71e8065-MP_0021.jpg,E:\2. UM-Student\MSC Dissertation\Urban-Vision-Benchmark\Datasets\MTSD\Prepared\MTSD-Unaugmented\MTSD-YOLO\test\images\grp2_d71e8065-MP_0021.jpg,0.0,2227.29,34.57,2317.24,0.6758,street sign,True,True,1088.9,mtsd-p9
SAM 3,street sign,grp2_d71e8065-MP_0021.jpg,E:\2. UM-Student\MSC Dissertation\Urban-Vision-Benchmark\Datasets\MTSD\Prepared\MTSD-Unaugmented\MTSD-YOLO\test\images\grp2_d71e8065-MP_0021.jpg,233.34,2364.97,257.22,2481.38,0.3086,street sign,True,True,1088.9,mtsd-p9
SAM 3,street sign,grp2_d71e8065-MP_0021.jpg,E:\2. UM-Student\MSC Dissertation\Urban-Vision-Benchmark\Datasets\MTSD\Prepared\MTSD-Unaugmented\MTSD-YOLO\test\images\grp2_d71e8065-MP_0021.jpg,448.97,2334.25,484.3,2387.77,0.5703,street sign,True,True,1088.9,mtsd-p9
SAM 3,street sign,grp2_d71e8065-MP_0021.jpg,E:\2. UM-Student\MSC Dissertation\Urban-Vision-Benchmark\Datasets\MTSD\Prepared\MTSD-Unaugmented\MTSD-YOLO\test\images\grp2_d71e8065-MP_0021.jpg,2867.46,2046.95,2934.38,2287.29,0.6133,street sign,True,True,1088.9,mtsd-p9
SAM 3,street sign,grp2_d71e8065-MP_0021.jpg,E:\2. UM-Student\MSC Dissertation\Urban-Vision-Benchmark\Datasets\MTSD\Prepared\MTSD-Unaugmented\MTSD-YOLO\test\images\grp2_d71e8065-MP_0021.jpg,2970.84,2061.1,3069.73,2153.58,0.7812,street sign,True,True,1088.9,mtsd-p9
SAM 3,street sign,grp2_d71e8065-MP_0021.jpg,E:\2. UM-Student\MSC Dissertation\Urban-Vision-Benchmark\Datasets\MTSD\Prepared\MTSD-Unaugmented\MTSD-YOLO\test\images\grp2_d71e8065-MP_0021.jpg,1339.78,2174.9,1377.21,2267.23,0.7031,street sign,True,True,1088.9,mtsd-p9
SAM 3,street sign,grp2_d71e8065-MP_0021.jpg,E:\2. UM-Student\MSC Dissertation\Urban-Vision-Benchmark\Datasets\MTSD\Prepared\MTSD-Unaugmented\MTSD-YOLO\test\images\grp2_d71e8065-MP_0021.jpg,38.36,2366.81,141.82,2467.08,0.7734,street sign,True,True,1088.9,mtsd-p9
SAM 3,street sign,grp2_d71e8065-MP_0021.jpg,E:\2. UM-Student\MSC Dissertation\Urban-Vision-Benchmark\Datasets\MTSD\Prepared\MTSD-Unaugmented\MTSD-YOLO\test\images\grp2_d71e8065-MP_0021.jpg,845.68,1119.27,1819.3,1566.72,0.8008,street sign,True,True,1088.9,mtsd-p9
SAM 3,street sign,grp2_d71e8065-MP_0021.jpg,E:\2. UM-Student\MSC Dissertation\Urban-Vision-Benchmark\Datasets\MTSD\Prepared\MTSD-Unaugmented\MTSD-YOLO\test\images\grp2_d71e8065-MP_0021.jpg,1080.07,2165.93,1153.09,2237.27,0.6172,street sign,True,True,1088.9,mtsd-p9
SAM 3,street sign,grp2_d71e8065-MP_0021.jpg,E:\2. UM-Student\MSC Dissertation\Urban-Vision-Benchmark\Datasets\MTSD\Prepared\MTSD-Unaugmented\MTSD-YOLO\test\images\grp2_d71e8065-MP_0021.jpg,817.96,237.73,1820.27,1244.32,0.8008,street sign,True,True,1088.9,mtsd-p9
SAM 3,street sign,grp2_d71e8065-MP_0021.jpg,E:\2. UM-Student\MSC Dissertation\Urban-Vision-Benchmark\Datasets\MTSD\Prepared\MTSD-Unaugmented\MTSD-YOLO\test\images\grp2_d71e8065-MP_0021.jpg,678.58,2278.16,705.84,2315.93,0.4375,street sign,True,True,1088.9,mtsd-p9
SAM 3,street sign,grp2_d71e8065-MP_0021.jpg,E:\2. UM-Student\MSC Dissertation\Urban-Vision-Benchmark\Datasets\MTSD\Prepared\MTSD-Unaugmented\MTSD-YOLO\test\images\grp2_d71e8065-MP_0021.jpg,822.37,235.57,1852.37,4066.38,0.5117,street sign,True,True,1088.9,mtsd-p9
SAM 3,street sign,grp2_d71e8065-MP_0021.jpg,E:\2. UM-Student\MSC Dissertation\Urban-Vision-Benchmark\Datasets\MTSD\Prepared\MTSD-Unaugmented\MTSD-YOLO\test\images\grp2_d71e8065-MP_0021.jpg,70.82,2485.79,114.28,2580.02,0.3027,street sign,True,True,1088.9,mtsd-p9
SAM 3,street sign,grp2_d71e8065-MP_0021.jpg,E:\2. UM-Student\MSC Dissertation\Urban-Vision-Benchmark\Datasets\MTSD\Prepared\MTSD-Unaugmented\MTSD-YOLO\test\images\grp2_d71e8065-MP_0021.jpg,2607.25,2163.89,2657.14,2266.18,0.4551,street sign,True,True,1088.9,mtsd-p9
SAM 3,street sign,grp2_d71e8065-MP_0021.jpg,E:\2. UM-Student\MSC Dissertation\Urban-Vision-Benchmark\Datasets\MTSD\Prepared\MTSD-Unaugmented\MTSD-YOLO\test\images\grp2_d71e8065-MP_0021.jpg,823.83,236.67,1823.31,1580.44,0.3887,street sign,True,True,1088.9,mtsd-p9
SAM 3,street sign,grp2_d71e8065-MP_0021.jpg,E:\2. UM-Student\MSC Dissertation\Urban-Vision-Benchmark\Datasets\MTSD\Prepared\MTSD-Unaugmented\MTSD-YOLO\test\images\grp2_d71e8065-MP_0021.jpg,2541.05,2147.47,2594.33,2204.41,0.4473,street sign,True,True,1088.9,mtsd-p9
SAM 3,street sign,grp2_d71e8065-MP_0021.jpg,E:\2. UM-Student\MSC Dissertation\Urban-Vision-Benchmark\Datasets\MTSD\Prepared\MTSD-Unaugmented\MTSD-YOLO\test\images\grp2_d71e8065-MP_0021.jpg,238.4,2490.93,272.75,2597.01,0.3359,street sign,True,True,1088.9,mtsd-p9
SAM 3,street sign,grp2_d71e8065-MP_0021.jpg,E:\2. UM-Student\MSC Dissertation\Urban-Vision-Benchmark\Datasets\MTSD\Prepared\MTSD-Unaugmented\MTSD-YOLO\test\images\grp2_d71e8065-MP_0021.jpg,1182.73,3975.5,1361.44,4096.0,0.4004,street sign,True,True,1088.9,mtsd-p9
SAM 3,street sign,grp2_e074406f-IMG_20251223_115520.jpg,E:\2. UM-Student\MSC Dissertation\Urban-Vision-Benchmark\Datasets\MTSD\Prepared\MTSD-Unaugmented\MTSD-YOLO\test\images\grp2_e074406f-IMG_20251223_115520.jpg,1707.32,2873.16,1741.54,3035.48,0.5391,street sign,True,True,850.9,mtsd-p9
SAM 3,street sign,grp2_e074406f-IMG_20251223_115520.jpg,E:\2. UM-Student\MSC Dissertation\Urban-Vision-Benchmark\Datasets\MTSD\Prepared\MTSD-Unaugmented\MTSD-YOLO\test\images\grp2_e074406f-IMG_20251223_115520.jpg,2128.15,3137.86,2307.9,3312.02,0.416,street sign,True,True,850.9,mtsd-p9
SAM 3,street sign,grp2_e074406f-IMG_20251223_115520.jpg,E:\2. UM-Student\MSC Dissertation\Urban-Vision-Benchmark\Datasets\MTSD\Prepared\MTSD-Unaugmented\MTSD-YOLO\test\images\grp2_e074406f-IMG_20251223_115520.jpg,2130.81,3142.23,2221.02,3312.9,0.3223,street sign,True,True,850.9,mtsd-p9
SAM 3,street sign,grp2_e074406f-IMG_20251223_115520.jpg,E:\2. UM-Student\MSC Dissertation\Urban-Vision-Benchmark\Datasets\MTSD\Prepared\MTSD-Unaugmented\MTSD-YOLO\test\images\grp2_e074406f-IMG_20251223_115520.jpg,2126.31,3136.03,2327.45,3434.96,0.457,street sign,True,True,850.9,mtsd-p9
SAM 3,street sign,grp2_e074406f-IMG_20251223_115520.jpg,E:\2. UM-Student\MSC Dissertation\Urban-Vision-Benchmark\Datasets\MTSD\Prepared\MTSD-Unaugmented\MTSD-YOLO\test\images\grp2_e074406f-IMG_20251223_115520.jpg,899.51,3115.38,930.4,3144.66,0.4512,street sign,True,True,850.9,mtsd-p9
SAM 3,street sign,grp2_e074406f-IMG_20251223_115520.jpg,E:\2. UM-Student\MSC Dissertation\Urban-Vision-Benchmark\Datasets\MTSD\Prepared\MTSD-Unaugmented\MTSD-YOLO\test\images\grp2_e074406f-IMG_20251223_115520.jpg,1778.56,3237.41,1827.34,3327.25,0.5273,street sign,True,True,850.9,mtsd-p9
SAM 3,street sign,grp2_e074406f-IMG_20251223_115520.jpg,E:\2. UM-Student\MSC Dissertation\Urban-Vision-Benchmark\Datasets\MTSD\Prepared\MTSD-Unaugmented\MTSD-YOLO\test\images\grp2_e074406f-IMG_20251223_115520.jpg,806.45,3118.74,874.23,3177.05,0.707,street sign,True,True,850.9,mtsd-p9
SAM 3,street sign,grp2_e074406f-IMG_20251223_115520.jpg,E:\2. UM-Student\MSC Dissertation\Urban-Vision-Benchmark\Datasets\MTSD\Prepared\MTSD-Unaugmented\MTSD-YOLO\test\images\grp2_e074406f-IMG_20251223_115520.jpg,932.75,3120.63,959.7,3149.72,0.3418,street sign,True,True,850.9,mtsd-p9
SAM 3,street sign,grp2_e074406f-IMG_20251223_115520.jpg,E:\2. UM-Student\MSC Dissertation\Urban-Vision-Benchmark\Datasets\MTSD\Prepared\MTSD-Unaugmented\MTSD-YOLO\test\images\grp2_e074406f-IMG_20251223_115520.jpg,1815.7,3021.31,1879.98,3129.59,0.8008,street sign,True,True,850.9,mtsd-p9
SAM 3,street sign,grp2_e074406f-IMG_20251223_115520.jpg,E:\2. UM-Student\MSC Dissertation\Urban-Vision-Benchmark\Datasets\MTSD\Prepared\MTSD-Unaugmented\MTSD-YOLO\test\images\grp2_e074406f-IMG_20251223_115520.jpg,2419.37,3228.48,2474.77,3293.04,0.3613,street sign,True,True,850.9,mtsd-p9
SAM 3,street sign,grp2_e074406f-IMG_20251223_115520.jpg,E:\2. UM-Student\MSC Dissertation\Urban-Vision-Benchmark\Datasets\MTSD\Prepared\MTSD-Unaugmented\MTSD-YOLO\test\images\grp2_e074406f-IMG_20251223_115520.jpg,457.71,3087.68,521.25,3146.04,0.7969,street sign,True,True,850.9,mtsd-p9
SAM 3,street sign,grp2_e074406f-IMG_20251223_115520.jpg,E:\2. UM-Student\MSC Dissertation\Urban-Vision-Benchmark\Datasets\MTSD\Prepared\MTSD-Unaugmented\MTSD-YOLO\test\images\grp2_e074406f-IMG_20251223_115520.jpg,1691.68,3206.14,1725.14,3246.1,0.3555,street sign,True,True,850.9,mtsd-p9
SAM 3,street sign,grp2_e074406f-IMG_20251223_115520.jpg,E:\2. UM-Student\MSC Dissertation\Urban-Vision-Benchmark\Datasets\MTSD\Prepared\MTSD-Unaugmented\MTSD-YOLO\test\images\grp2_e074406f-IMG_20251223_115520.jpg,1821.91,3011.94,1879.83,3449.91,0.3027,street sign,True,True,850.9,mtsd-p9
SAM 3,street sign,grp2_e074406f-IMG_20251223_115520.jpg,E:\2. UM-Student\MSC Dissertation\Urban-Vision-Benchmark\Datasets\MTSD\Prepared\MTSD-Unaugmented\MTSD-YOLO\test\images\grp2_e074406f-IMG_20251223_115520.jpg,1649.37,3261.48,1673.34,3306.61,0.3457,street sign,True,True,850.9,mtsd-p9
SAM 3,street sign,grp2_e074406f-IMG_20251223_115520.jpg,E:\2. UM-Student\MSC Dissertation\Urban-Vision-Benchmark\Datasets\MTSD\Prepared\MTSD-Unaugmented\MTSD-YOLO\test\images\grp2_e074406f-IMG_20251223_115520.jpg,1236.53,1434.33,1763.71,1963.42,0.7109,street sign,True,True,850.9,mtsd-p9
SAM 3,street sign,grp2_e074406f-IMG_20251223_115520.jpg,E:\2. UM-Student\MSC Dissertation\Urban-Vision-Benchmark\Datasets\MTSD\Prepared\MTSD-Unaugmented\MTSD-YOLO\test\images\grp2_e074406f-IMG_20251223_115520.jpg,2216.12,3146.86,2302.61,3308.55,0.3008,street sign,True,True,850.9,mtsd-p9
SAM 3,street sign,grp2_e074406f-IMG_20251223_115520.jpg,E:\2. UM-Student\MSC Dissertation\Urban-Vision-Benchmark\Datasets\MTSD\Prepared\MTSD-Unaugmented\MTSD-YOLO\test\images\grp2_e074406f-IMG_20251223_115520.jpg,1964.38,3215.12,2068.73,3314.99,0.3262,street sign,True,True,850.9,mtsd-p9
SAM 3,street sign,grp2_e44be02a-MP_0116.jpg,E:\2. UM-Student\MSC Dissertation\Urban-Vision-Benchmark\Datasets\MTSD\Prepared\MTSD-Unaugmented\MTSD-YOLO\test\images\grp2_e44be02a-MP_0116.jpg,,,,,,<no detections>,False,True,140.3,mtsd-p9
SAM 3,street sign,grp2_e46067a0-MP_0166.jpg,E:\2. UM-Student\MSC Dissertation\Urban-Vision-Benchmark\Datasets\MTSD\Prepared\MTSD-Unaugmented\MTSD-YOLO\test\images\grp2_e46067a0-MP_0166.jpg,,,,,,<no detections>,False,True,215.9,mtsd-p9
SAM 3,street sign,grp2_e55dea8e-MP_0157.jpg,E:\2. UM-Student\MSC Dissertation\Urban-Vision-Benchmark\Datasets\MTSD\Prepared\MTSD-Unaugmented\MTSD-YOLO\test\images\grp2_e55dea8e-MP_0157.jpg,1282.32,2025.96,2033.2,2409.07,0.9414,street sign,True,True,181.8,mtsd-p9
SAM 3,street sign,grp2_e55dea8e-MP_0157.jpg,E:\2. UM-Student\MSC Dissertation\Urban-Vision-Benchmark\Datasets\MTSD\Prepared\MTSD-Unaugmented\MTSD-YOLO\test\images\grp2_e55dea8e-MP_0157.jpg,1283.87,1301.88,2014.84,2021.12,0.9531,street sign,True,True,181.8,mtsd-p9
SAM 3,street sign,grp2_ed201818-17.back.jpg,E:\2. UM-Student\MSC Dissertation\Urban-Vision-Benchmark\Datasets\MTSD\Prepared\MTSD-Unaugmented\MTSD-YOLO\test\images\grp2_ed201818-17.back.jpg,826.11,1091.19,1369.43,1412.11,0.4141,street sign,True,True,250.5,mtsd-p9
SAM 3,street sign,grp2_ed201818-17.back.jpg,E:\2. UM-Student\MSC Dissertation\Urban-Vision-Benchmark\Datasets\MTSD\Prepared\MTSD-Unaugmented\MTSD-YOLO\test\images\grp2_ed201818-17.back.jpg,813.02,833.56,1460.22,3992.25,0.3105,street sign,True,True,250.5,mtsd-p9
SAM 3,street sign,grp2_ed201818-17.back.jpg,E:\2. UM-Student\MSC Dissertation\Urban-Vision-Benchmark\Datasets\MTSD\Prepared\MTSD-Unaugmented\MTSD-YOLO\test\images\grp2_ed201818-17.back.jpg,865.55,1512.13,1417.59,2070.87,0.9492,street sign,True,True,250.5,mtsd-p9
SAM 3,street sign,grp2_ed201818-17.back.jpg,E:\2. UM-Student\MSC Dissertation\Urban-Vision-Benchmark\Datasets\MTSD\Prepared\MTSD-Unaugmented\MTSD-YOLO\test\images\grp2_ed201818-17.back.jpg,707.63,833.18,1465.32,1504.93,0.9492,street sign,True,True,250.5,mtsd-p9
SAM 3,street sign,grp2_ee20554d-MP_0115.jpg,E:\2. UM-Student\MSC Dissertation\Urban-Vision-Benchmark\Datasets\MTSD\Prepared\MTSD-Unaugmented\MTSD-YOLO\test\images\grp2_ee20554d-MP_0115.jpg,3079.1,1392.57,3354.02,1513.06,0.3027,street sign,True,True,153.3,mtsd-p9
SAM 3,street sign,grp2_f082e9d0-02.side.jpg,E:\2. UM-Student\MSC Dissertation\Urban-Vision-Benchmark\Datasets\MTSD\Prepared\MTSD-Unaugmented\MTSD-YOLO\test\images\grp2_f082e9d0-02.side.jpg,1045.68,319.46,1417.07,3096.49,0.3301,street sign,True,True,219.1,mtsd-p9
SAM 3,street sign,grp2_f082e9d0-02.side.jpg,E:\2. UM-Student\MSC Dissertation\Urban-Vision-Benchmark\Datasets\MTSD\Prepared\MTSD-Unaugmented\MTSD-YOLO\test\images\grp2_f082e9d0-02.side.jpg,1142.9,349.61,1396.52,2450.86,0.3906,street sign,True,True,219.1,mtsd-p9
SAM 3,street sign,grp2_f082e9d0-02.side.jpg,E:\2. UM-Student\MSC Dissertation\Urban-Vision-Benchmark\Datasets\MTSD\Prepared\MTSD-Unaugmented\MTSD-YOLO\test\images\grp2_f082e9d0-02.side.jpg,1061.44,321.27,1153.59,1142.49,0.6523,street sign,True,True,219.1,mtsd-p9
SAM 3,street sign,grp2_f082e9d0-02.side.jpg,E:\2. UM-Student\MSC Dissertation\Urban-Vision-Benchmark\Datasets\MTSD\Prepared\MTSD-Unaugmented\MTSD-YOLO\test\images\grp2_f082e9d0-02.side.jpg,1152.12,374.21,1395.71,567.0,0.6602,street sign,True,True,219.1,mtsd-p9
SAM 3,street sign,grp2_f69ebb76-IMG_20251227_110428.jpg,E:\2. UM-Student\MSC Dissertation\Urban-Vision-Benchmark\Datasets\MTSD\Prepared\MTSD-Unaugmented\MTSD-YOLO\test\images\grp2_f69ebb76-IMG_20251227_110428.jpg,2161.67,1937.79,2370.61,1999.92,0.418,street sign,True,True,1015.5,mtsd-p9
SAM 3,street sign,grp2_f69ebb76-IMG_20251227_110428.jpg,E:\2. UM-Student\MSC Dissertation\Urban-Vision-Benchmark\Datasets\MTSD\Prepared\MTSD-Unaugmented\MTSD-YOLO\test\images\grp2_f69ebb76-IMG_20251227_110428.jpg,1754.91,1932.74,1840.14,2002.6,0.5977,street sign,True,True,1015.5,mtsd-p9
SAM 3,street sign,grp2_f69ebb76-IMG_20251227_110428.jpg,E:\2. UM-Student\MSC Dissertation\Urban-Vision-Benchmark\Datasets\MTSD\Prepared\MTSD-Unaugmented\MTSD-YOLO\test\images\grp2_f69ebb76-IMG_20251227_110428.jpg,2031.83,1942.38,2081.87,2001.9,0.3828,street sign,True,True,1015.5,mtsd-p9
SAM 3,street sign,grp2_f69ebb76-IMG_20251227_110428.jpg,E:\2. UM-Student\MSC Dissertation\Urban-Vision-Benchmark\Datasets\MTSD\Prepared\MTSD-Unaugmented\MTSD-YOLO\test\images\grp2_f69ebb76-IMG_20251227_110428.jpg,271.61,1886.75,300.84,1971.01,0.3359,street sign,True,True,1015.5,mtsd-p9
SAM 3,street sign,grp2_f69ebb76-IMG_20251227_110428.jpg,E:\2. UM-Student\MSC Dissertation\Urban-Vision-Benchmark\Datasets\MTSD\Prepared\MTSD-Unaugmented\MTSD-YOLO\test\images\grp2_f69ebb76-IMG_20251227_110428.jpg,921.0,2014.28,952.28,2048.81,0.4824,street sign,True,True,1015.5,mtsd-p9
SAM 3,street sign,grp2_f69ebb76-IMG_20251227_110428.jpg,E:\2. UM-Student\MSC Dissertation\Urban-Vision-Benchmark\Datasets\MTSD\Prepared\MTSD-Unaugmented\MTSD-YOLO\test\images\grp2_f69ebb76-IMG_20251227_110428.jpg,937.51,89.6,1300.42,609.76,0.3418,street sign,True,True,1015.5,mtsd-p9
SAM 3,street sign,grp2_f69ebb76-IMG_20251227_110428.jpg,E:\2. UM-Student\MSC Dissertation\Urban-Vision-Benchmark\Datasets\MTSD\Prepared\MTSD-Unaugmented\MTSD-YOLO\test\images\grp2_f69ebb76-IMG_20251227_110428.jpg,1425.21,1997.37,1493.99,2036.98,0.3887,street sign,True,True,1015.5,mtsd-p9
SAM 3,street sign,grp2_f69ebb76-IMG_20251227_110428.jpg,E:\2. UM-Student\MSC Dissertation\Urban-Vision-Benchmark\Datasets\MTSD\Prepared\MTSD-Unaugmented\MTSD-YOLO\test\images\grp2_f69ebb76-IMG_20251227_110428.jpg,2229.61,2165.5,2495.24,2248.31,0.4141,street sign,True,True,1015.5,mtsd-p9
SAM 3,street sign,grp2_f69ebb76-IMG_20251227_110428.jpg,E:\2. UM-Student\MSC Dissertation\Urban-Vision-Benchmark\Datasets\MTSD\Prepared\MTSD-Unaugmented\MTSD-YOLO\test\images\grp2_f69ebb76-IMG_20251227_110428.jpg,1847.91,2146.31,2059.66,2219.55,0.377,street sign,True,True,1015.5,mtsd-p9
SAM 3,street sign,grp2_f69ebb76-IMG_20251227_110428.jpg,E:\2. UM-Student\MSC Dissertation\Urban-Vision-Benchmark\Datasets\MTSD\Prepared\MTSD-Unaugmented\MTSD-YOLO\test\images\grp2_f69ebb76-IMG_20251227_110428.jpg,945.03,184.53,1502.07,615.33,0.377,street sign,True,True,1015.5,mtsd-p9
SAM 3,street sign,grp2_f69ebb76-IMG_20251227_110428.jpg,E:\2. UM-Student\MSC Dissertation\Urban-Vision-Benchmark\Datasets\MTSD\Prepared\MTSD-Unaugmented\MTSD-YOLO\test\images\grp2_f69ebb76-IMG_20251227_110428.jpg,1848.64,1951.45,1898.53,2021.89,0.5625,street sign,True,True,1015.5,mtsd-p9
SAM 3,street sign,grp2_f69ebb76-IMG_20251227_110428.jpg,E:\2. UM-Student\MSC Dissertation\Urban-Vision-Benchmark\Datasets\MTSD\Prepared\MTSD-Unaugmented\MTSD-YOLO\test\images\grp2_f69ebb76-IMG_20251227_110428.jpg,270.79,1884.07,332.49,1974.34,0.332,street sign,True,True,1015.5,mtsd-p9
SAM 3,street sign,grp2_f69ebb76-IMG_20251227_110428.jpg,E:\2. UM-Student\MSC Dissertation\Urban-Vision-Benchmark\Datasets\MTSD\Prepared\MTSD-Unaugmented\MTSD-YOLO\test\images\grp2_f69ebb76-IMG_20251227_110428.jpg,2402.12,1859.73,2466.71,1894.85,0.334,street sign,True,True,1015.5,mtsd-p9
SAM 3,street sign,grp2_f69ebb76-IMG_20251227_110428.jpg,E:\2. UM-Student\MSC Dissertation\Urban-Vision-Benchmark\Datasets\MTSD\Prepared\MTSD-Unaugmented\MTSD-YOLO\test\images\grp2_f69ebb76-IMG_20251227_110428.jpg,2802.15,1947.1,3000.0,2009.78,0.3359,street sign,True,True,1015.5,mtsd-p9
SAM 3,street sign,grp2_f69ebb76-IMG_20251227_110428.jpg,E:\2. UM-Student\MSC Dissertation\Urban-Vision-Benchmark\Datasets\MTSD\Prepared\MTSD-Unaugmented\MTSD-YOLO\test\images\grp2_f69ebb76-IMG_20251227_110428.jpg,2357.7,2221.3,2403.34,2398.89,0.4922,street sign,True,True,1015.5,mtsd-p9
SAM 3,street sign,grp2_f69ebb76-IMG_20251227_110428.jpg,E:\2. UM-Student\MSC Dissertation\Urban-Vision-Benchmark\Datasets\MTSD\Prepared\MTSD-Unaugmented\MTSD-YOLO\test\images\grp2_f69ebb76-IMG_20251227_110428.jpg,1053.47,1387.44,1684.43,1996.35,0.6719,street sign,True,True,1015.5,mtsd-p9
SAM 3,street sign,grp2_f69ebb76-IMG_20251227_110428.jpg,E:\2. UM-Student\MSC Dissertation\Urban-Vision-Benchmark\Datasets\MTSD\Prepared\MTSD-Unaugmented\MTSD-YOLO\test\images\grp2_f69ebb76-IMG_20251227_110428.jpg,964.46,326.88,1283.82,619.41,0.4219,street sign,True,True,1015.5,mtsd-p9
SAM 3,street sign,grp2_f6e60d8b-33.front.back.jpg,E:\2. UM-Student\MSC Dissertation\Urban-Vision-Benchmark\Datasets\MTSD\Prepared\MTSD-Unaugmented\MTSD-YOLO\test\images\grp2_f6e60d8b-33.front.back.jpg,902.24,1524.59,1356.63,1965.12,0.9258,street sign,True,True,237.6,mtsd-p9
SAM 3,street sign,grp3_09e3faa9-IMG_20251203_121602.jpg,E:\2. UM-Student\MSC Dissertation\Urban-Vision-Benchmark\Datasets\MTSD\Prepared\MTSD-Unaugmented\MTSD-YOLO\test\images\grp3_09e3faa9-IMG_20251203_121602.jpg,2464.11,2980.1,2555.29,3039.24,0.459,street sign,True,True,446.5,mtsd-p9
SAM 3,street sign,grp3_09e3faa9-IMG_20251203_121602.jpg,E:\2. UM-Student\MSC Dissertation\Urban-Vision-Benchmark\Datasets\MTSD\Prepared\MTSD-Unaugmented\MTSD-YOLO\test\images\grp3_09e3faa9-IMG_20251203_121602.jpg,2520.03,3055.4,2549.32,3098.8,0.373,street sign,True,True,446.5,mtsd-p9
SAM 3,street sign,grp3_09e3faa9-IMG_20251203_121602.jpg,E:\2. UM-Student\MSC Dissertation\Urban-Vision-Benchmark\Datasets\MTSD\Prepared\MTSD-Unaugmented\MTSD-YOLO\test\images\grp3_09e3faa9-IMG_20251203_121602.jpg,831.93,1244.29,1275.09,2693.35,0.6328,street sign,True,True,446.5,mtsd-p9
SAM 3,street sign,grp3_09e3faa9-IMG_20251203_121602.jpg,E:\2. UM-Student\MSC Dissertation\Urban-Vision-Benchmark\Datasets\MTSD\Prepared\MTSD-Unaugmented\MTSD-YOLO\test\images\grp3_09e3faa9-IMG_20251203_121602.jpg,1203.35,883.08,2230.24,1736.32,0.957,street sign,True,True,446.5,mtsd-p9
SAM 3,street sign,grp3_13fcb840-IMG_20251203_093318.jpg,E:\2. UM-Student\MSC Dissertation\Urban-Vision-Benchmark\Datasets\MTSD\Prepared\MTSD-Unaugmented\MTSD-YOLO\test\images\grp3_13fcb840-IMG_20251203_093318.jpg,467.49,2097.95,520.43,2146.28,0.7109,street sign,True,True,225.4,mtsd-p9
SAM 3,street sign,grp3_13fcb840-IMG_20251203_093318.jpg,E:\2. UM-Student\MSC Dissertation\Urban-Vision-Benchmark\Datasets\MTSD\Prepared\MTSD-Unaugmented\MTSD-YOLO\test\images\grp3_13fcb840-IMG_20251203_093318.jpg,1147.25,307.48,2007.82,4080.0,0.6953,street sign,True,True,225.4,mtsd-p9
SAM 3,street sign,grp3_13fcb840-IMG_20251203_093318.jpg,E:\2. UM-Student\MSC Dissertation\Urban-Vision-Benchmark\Datasets\MTSD\Prepared\MTSD-Unaugmented\MTSD-YOLO\test\images\grp3_13fcb840-IMG_20251203_093318.jpg,1144.93,315.99,2011.83,1371.75,0.8789,street sign,True,True,225.4,mtsd-p9
SAM 3,street sign,grp3_16b18930-IMG_4415.jpeg,E:\2. UM-Student\MSC Dissertation\Urban-Vision-Benchmark\Datasets\MTSD\Prepared\MTSD-Unaugmented\MTSD-YOLO\test\images\grp3_16b18930-IMG_4415.jpeg,1311.63,1444.45,1829.35,3680.69,0.5703,street sign,True,True,195.0,mtsd-p9
SAM 3,street sign,grp3_16b18930-IMG_4415.jpeg,E:\2. UM-Student\MSC Dissertation\Urban-Vision-Benchmark\Datasets\MTSD\Prepared\MTSD-Unaugmented\MTSD-YOLO\test\images\grp3_16b18930-IMG_4415.jpeg,1310.91,1446.44,1832.25,1953.85,0.9297,street sign,True,True,195.0,mtsd-p9
SAM 3,street sign,grp3_17e38feb-20251129_115024.jpg,E:\2. UM-Student\MSC Dissertation\Urban-Vision-Benchmark\Datasets\MTSD\Prepared\MTSD-Unaugmented\MTSD-YOLO\test\images\grp3_17e38feb-20251129_115024.jpg,883.96,1699.02,1671.27,4080.0,0.6172,street sign,True,True,696.8,mtsd-p9
SAM 3,street sign,grp3_17e38feb-20251129_115024.jpg,E:\2. UM-Student\MSC Dissertation\Urban-Vision-Benchmark\Datasets\MTSD\Prepared\MTSD-Unaugmented\MTSD-YOLO\test\images\grp3_17e38feb-20251129_115024.jpg,2292.08,3203.97,2315.76,3238.95,0.3555,street sign,True,True,696.8,mtsd-p9
SAM 3,street sign,grp3_17e38feb-20251129_115024.jpg,E:\2. UM-Student\MSC Dissertation\Urban-Vision-Benchmark\Datasets\MTSD\Prepared\MTSD-Unaugmented\MTSD-YOLO\test\images\grp3_17e38feb-20251129_115024.jpg,246.38,3373.79,327.45,3430.61,0.3594,street sign,True,True,696.8,mtsd-p9
SAM 3,street sign,grp3_17e38feb-20251129_115024.jpg,E:\2. UM-Student\MSC Dissertation\Urban-Vision-Benchmark\Datasets\MTSD\Prepared\MTSD-Unaugmented\MTSD-YOLO\test\images\grp3_17e38feb-20251129_115024.jpg,2755.2,3114.02,2811.35,3176.78,0.8398,street sign,True,True,696.8,mtsd-p9
SAM 3,street sign,grp3_17e38feb-20251129_115024.jpg,E:\2. UM-Student\MSC Dissertation\Urban-Vision-Benchmark\Datasets\MTSD\Prepared\MTSD-Unaugmented\MTSD-YOLO\test\images\grp3_17e38feb-20251129_115024.jpg,1822.4,3223.7,1872.65,3286.76,0.8086,street sign,True,True,696.8,mtsd-p9
SAM 3,street sign,grp3_17e38feb-20251129_115024.jpg,E:\2. UM-Student\MSC Dissertation\Urban-Vision-Benchmark\Datasets\MTSD\Prepared\MTSD-Unaugmented\MTSD-YOLO\test\images\grp3_17e38feb-20251129_115024.jpg,884.42,1697.71,1669.62,2542.16,0.9062,street sign,True,True,696.8,mtsd-p9
SAM 3,street sign,grp3_19cc8708-IMG_20251203_095416.jpg,E:\2. UM-Student\MSC Dissertation\Urban-Vision-Benchmark\Datasets\MTSD\Prepared\MTSD-Unaugmented\MTSD-YOLO\test\images\grp3_19cc8708-IMG_20251203_095416.jpg,1100.16,1769.52,1270.17,2366.18,0.582,street sign,True,True,249.1,mtsd-p9
SAM 3,street sign,grp3_19cc8708-IMG_20251203_095416.jpg,E:\2. UM-Student\MSC Dissertation\Urban-Vision-Benchmark\Datasets\MTSD\Prepared\MTSD-Unaugmented\MTSD-YOLO\test\images\grp3_19cc8708-IMG_20251203_095416.jpg,1155.22,1071.99,1822.15,1647.48,0.9531,street sign,True,True,249.1,mtsd-p9
SAM 3,street sign,grp3_22c38c39-IMG_4293.jpeg,E:\2. UM-Student\MSC Dissertation\Urban-Vision-Benchmark\Datasets\MTSD\Prepared\MTSD-Unaugmented\MTSD-YOLO\test\images\grp3_22c38c39-IMG_4293.jpeg,1319.94,1657.54,2096.95,2511.58,0.9609,street sign,True,True,218.1,mtsd-p9
SAM 3,street sign,grp3_22c38c39-IMG_4293.jpeg,E:\2. UM-Student\MSC Dissertation\Urban-Vision-Benchmark\Datasets\MTSD\Prepared\MTSD-Unaugmented\MTSD-YOLO\test\images\grp3_22c38c39-IMG_4293.jpeg,1623.15,670.13,2219.52,962.96,0.3535,street sign,True,True,218.1,mtsd-p9
SAM 3,street sign,grp3_22c38c39-IMG_4293.jpeg,E:\2. UM-Student\MSC Dissertation\Urban-Vision-Benchmark\Datasets\MTSD\Prepared\MTSD-Unaugmented\MTSD-YOLO\test\images\grp3_22c38c39-IMG_4293.jpeg,1849.28,1073.93,2401.3,1727.68,0.6641,street sign,True,True,218.1,mtsd-p9
SAM 3,street sign,grp3_25e08496-IMG_9116.jpg,E:\2. UM-Student\MSC Dissertation\Urban-Vision-Benchmark\Datasets\MTSD\Prepared\MTSD-Unaugmented\MTSD-YOLO\test\images\grp3_25e08496-IMG_9116.jpg,2939.1,3365.0,4284.0,5359.04,0.8164,street sign,True,True,290.3,mtsd-p9
SAM 3,street sign,grp3_25e08496-IMG_9116.jpg,E:\2. UM-Student\MSC Dissertation\Urban-Vision-Benchmark\Datasets\MTSD\Prepared\MTSD-Unaugmented\MTSD-YOLO\test\images\grp3_25e08496-IMG_9116.jpg,1733.27,2035.0,2688.87,5712.0,0.4141,street sign,True,True,290.3,mtsd-p9
SAM 3,street sign,grp3_25e08496-IMG_9116.jpg,E:\2. UM-Student\MSC Dissertation\Urban-Vision-Benchmark\Datasets\MTSD\Prepared\MTSD-Unaugmented\MTSD-YOLO\test\images\grp3_25e08496-IMG_9116.jpg,1742.09,2043.25,2684.4,2951.39,0.5352,street sign,True,True,290.3,mtsd-p9
SAM 3,street sign,grp3_2b9ed5a1-IMG_4416.jpeg,E:\2. UM-Student\MSC Dissertation\Urban-Vision-Benchmark\Datasets\MTSD\Prepared\MTSD-Unaugmented\MTSD-YOLO\test\images\grp3_2b9ed5a1-IMG_4416.jpeg,880.91,2847.14,918.1,2915.97,0.3359,street sign,True,True,223.2,mtsd-p9
SAM 3,street sign,grp3_2b9ed5a1-IMG_4416.jpeg,E:\2. UM-Student\MSC Dissertation\Urban-Vision-Benchmark\Datasets\MTSD\Prepared\MTSD-Unaugmented\MTSD-YOLO\test\images\grp3_2b9ed5a1-IMG_4416.jpeg,974.35,2840.84,1027.76,2893.25,0.3652,street sign,True,True,223.2,mtsd-p9
SAM 3,street sign,grp3_2b9ed5a1-IMG_4416.jpeg,E:\2. UM-Student\MSC Dissertation\Urban-Vision-Benchmark\Datasets\MTSD\Prepared\MTSD-Unaugmented\MTSD-YOLO\test\images\grp3_2b9ed5a1-IMG_4416.jpeg,1377.66,1028.09,1992.55,4032.0,0.625,street sign,True,True,223.2,mtsd-p9
SAM 3,street sign,grp3_2b9ed5a1-IMG_4416.jpeg,E:\2. UM-Student\MSC Dissertation\Urban-Vision-Benchmark\Datasets\MTSD\Prepared\MTSD-Unaugmented\MTSD-YOLO\test\images\grp3_2b9ed5a1-IMG_4416.jpeg,1376.01,1030.19,1996.21,2026.96,0.9258,street sign,True,True,223.2,mtsd-p9
SAM 3,street sign,grp3_3cee3d85-IMG_4285.jpeg,E:\2. UM-Student\MSC Dissertation\Urban-Vision-Benchmark\Datasets\MTSD\Prepared\MTSD-Unaugmented\MTSD-YOLO\test\images\grp3_3cee3d85-IMG_4285.jpeg,1379.51,2793.92,1520.75,2946.93,0.7109,street sign,True,True,418.3,mtsd-p9
SAM 3,street sign,grp3_3cee3d85-IMG_4285.jpeg,E:\2. UM-Student\MSC Dissertation\Urban-Vision-Benchmark\Datasets\MTSD\Prepared\MTSD-Unaugmented\MTSD-YOLO\test\images\grp3_3cee3d85-IMG_4285.jpeg,1376.76,2603.81,1444.55,2770.01,0.3574,street sign,True,True,418.3,mtsd-p9
SAM 3,street sign,grp3_3cee3d85-IMG_4285.jpeg,E:\2. UM-Student\MSC Dissertation\Urban-Vision-Benchmark\Datasets\MTSD\Prepared\MTSD-Unaugmented\MTSD-YOLO\test\images\grp3_3cee3d85-IMG_4285.jpeg,1210.93,1291.95,1928.0,4032.0,0.377,street sign,True,True,418.3,mtsd-p9
SAM 3,street sign,grp3_3cee3d85-IMG_4285.jpeg,E:\2. UM-Student\MSC Dissertation\Urban-Vision-Benchmark\Datasets\MTSD\Prepared\MTSD-Unaugmented\MTSD-YOLO\test\images\grp3_3cee3d85-IMG_4285.jpeg,1194.54,1820.69,1937.0,2548.32,0.918,street sign,True,True,418.3,mtsd-p9
SAM 3,street sign,grp3_3cee3d85-IMG_4285.jpeg,E:\2. UM-Student\MSC Dissertation\Urban-Vision-Benchmark\Datasets\MTSD\Prepared\MTSD-Unaugmented\MTSD-YOLO\test\images\grp3_3cee3d85-IMG_4285.jpeg,1384.32,2906.22,1496.3,3029.53,0.8594,street sign,True,True,418.3,mtsd-p9
SAM 3,street sign,grp3_3cee3d85-IMG_4285.jpeg,E:\2. UM-Student\MSC Dissertation\Urban-Vision-Benchmark\Datasets\MTSD\Prepared\MTSD-Unaugmented\MTSD-YOLO\test\images\grp3_3cee3d85-IMG_4285.jpeg,1227.63,1292.2,1895.69,1871.92,0.7773,street sign,True,True,418.3,mtsd-p9
SAM 3,street sign,grp3_458db4bf-IMG_9314.jpg,E:\2. UM-Student\MSC Dissertation\Urban-Vision-Benchmark\Datasets\MTSD\Prepared\MTSD-Unaugmented\MTSD-YOLO\test\images\grp3_458db4bf-IMG_9314.jpg,1023.73,2042.62,1667.57,3042.82,0.668,street sign,True,True,564.7,mtsd-p9
SAM 3,street sign,grp3_458db4bf-IMG_9314.jpg,E:\2. UM-Student\MSC Dissertation\Urban-Vision-Benchmark\Datasets\MTSD\Prepared\MTSD-Unaugmented\MTSD-YOLO\test\images\grp3_458db4bf-IMG_9314.jpg,1760.78,2221.18,2657.13,2812.69,0.5703,street sign,True,True,564.7,mtsd-p9
SAM 3,street sign,grp3_4d14c289-20251129_122448.jpg,E:\2. UM-Student\MSC Dissertation\Urban-Vision-Benchmark\Datasets\MTSD\Prepared\MTSD-Unaugmented\MTSD-YOLO\test\images\grp3_4d14c289-20251129_122448.jpg,1399.27,2545.63,1506.25,2690.47,0.8516,street sign,True,True,605.1,mtsd-p9
SAM 3,street sign,grp3_4d14c289-20251129_122448.jpg,E:\2. UM-Student\MSC Dissertation\Urban-Vision-Benchmark\Datasets\MTSD\Prepared\MTSD-Unaugmented\MTSD-YOLO\test\images\grp3_4d14c289-20251129_122448.jpg,1402.37,2730.25,1460.4,2894.62,0.373,street sign,True,True,605.1,mtsd-p9
SAM 3,street sign,grp3_4d14c289-20251129_122448.jpg,E:\2. UM-Student\MSC Dissertation\Urban-Vision-Benchmark\Datasets\MTSD\Prepared\MTSD-Unaugmented\MTSD-YOLO\test\images\grp3_4d14c289-20251129_122448.jpg,1397.16,2533.14,1491.35,3476.81,0.4414,street sign,True,True,605.1,mtsd-p9
SAM 3,street sign,grp3_4d14c289-20251129_122448.jpg,E:\2. UM-Student\MSC Dissertation\Urban-Vision-Benchmark\Datasets\MTSD\Prepared\MTSD-Unaugmented\MTSD-YOLO\test\images\grp3_4d14c289-20251129_122448.jpg,1145.5,1080.95,1800.04,4075.51,0.4414,street sign,True,True,605.1,mtsd-p9
SAM 3,street sign,grp3_4d14c289-20251129_122448.jpg,E:\2. UM-Student\MSC Dissertation\Urban-Vision-Benchmark\Datasets\MTSD\Prepared\MTSD-Unaugmented\MTSD-YOLO\test\images\grp3_4d14c289-20251129_122448.jpg,1127.46,1082.82,1611.21,1928.52,0.625,street sign,True,True,605.1,mtsd-p9
SAM 3,street sign,grp3_4d14c289-20251129_122448.jpg,E:\2. UM-Student\MSC Dissertation\Urban-Vision-Benchmark\Datasets\MTSD\Prepared\MTSD-Unaugmented\MTSD-YOLO\test\images\grp3_4d14c289-20251129_122448.jpg,1263.11,1923.61,1796.59,2599.41,0.8086,street sign,True,True,605.1,mtsd-p9
SAM 3,street sign,grp3_4d14c289-20251129_122448.jpg,E:\2. UM-Student\MSC Dissertation\Urban-Vision-Benchmark\Datasets\MTSD\Prepared\MTSD-Unaugmented\MTSD-YOLO\test\images\grp3_4d14c289-20251129_122448.jpg,1537.2,3822.25,1863.04,4079.07,0.5508,street sign,True,True,605.1,mtsd-p9
SAM 3,street sign,grp3_4d14c289-20251129_122448.jpg,E:\2. UM-Student\MSC Dissertation\Urban-Vision-Benchmark\Datasets\MTSD\Prepared\MTSD-Unaugmented\MTSD-YOLO\test\images\grp3_4d14c289-20251129_122448.jpg,1325.33,1151.86,1808.7,1766.6,0.9141,street sign,True,True,605.1,mtsd-p9
SAM 3,street sign,grp3_4daf8454-IMG_4356.jpeg,E:\2. UM-Student\MSC Dissertation\Urban-Vision-Benchmark\Datasets\MTSD\Prepared\MTSD-Unaugmented\MTSD-YOLO\test\images\grp3_4daf8454-IMG_4356.jpeg,1295.98,2983.55,1363.84,3063.08,0.8438,street sign,True,True,671.4,mtsd-p9
SAM 3,street sign,grp3_4daf8454-IMG_4356.jpeg,E:\2. UM-Student\MSC Dissertation\Urban-Vision-Benchmark\Datasets\MTSD\Prepared\MTSD-Unaugmented\MTSD-YOLO\test\images\grp3_4daf8454-IMG_4356.jpeg,294.44,2957.91,338.64,3039.57,0.8242,street sign,True,True,671.4,mtsd-p9
SAM 3,street sign,grp3_4daf8454-IMG_4356.jpeg,E:\2. UM-Student\MSC Dissertation\Urban-Vision-Benchmark\Datasets\MTSD\Prepared\MTSD-Unaugmented\MTSD-YOLO\test\images\grp3_4daf8454-IMG_4356.jpeg,754.82,2925.51,904.29,3084.77,0.8477,street sign,True,True,671.4,mtsd-p9
SAM 3,street sign,grp3_4daf8454-IMG_4356.jpeg,E:\2. UM-Student\MSC Dissertation\Urban-Vision-Benchmark\Datasets\MTSD\Prepared\MTSD-Unaugmented\MTSD-YOLO\test\images\grp3_4daf8454-IMG_4356.jpeg,2187.27,3026.33,2231.72,3079.41,0.7617,street sign,True,True,671.4,mtsd-p9
SAM 3,street sign,grp3_4daf8454-IMG_4356.jpeg,E:\2. UM-Student\MSC Dissertation\Urban-Vision-Benchmark\Datasets\MTSD\Prepared\MTSD-Unaugmented\MTSD-YOLO\test\images\grp3_4daf8454-IMG_4356.jpeg,745.14,2730.83,945.1,3661.33,0.5703,street sign,True,True,671.4,mtsd-p9
SAM 3,street sign,grp3_4daf8454-IMG_4356.jpeg,E:\2. UM-Student\MSC Dissertation\Urban-Vision-Benchmark\Datasets\MTSD\Prepared\MTSD-Unaugmented\MTSD-YOLO\test\images\grp3_4daf8454-IMG_4356.jpeg,2188.02,3024.28,2230.08,3156.24,0.3906,street sign,True,True,671.4,mtsd-p9
SAM 3,street sign,grp3_4daf8454-IMG_4356.jpeg,E:\2. UM-Student\MSC Dissertation\Urban-Vision-Benchmark\Datasets\MTSD\Prepared\MTSD-Unaugmented\MTSD-YOLO\test\images\grp3_4daf8454-IMG_4356.jpeg,1666.76,2965.92,1716.27,3076.11,0.6758,street sign,True,True,671.4,mtsd-p9
SAM 3,street sign,grp3_4daf8454-IMG_4356.jpeg,E:\2. UM-Student\MSC Dissertation\Urban-Vision-Benchmark\Datasets\MTSD\Prepared\MTSD-Unaugmented\MTSD-YOLO\test\images\grp3_4daf8454-IMG_4356.jpeg,752.17,2733.08,951.19,2916.57,0.832,street sign,True,True,671.4,mtsd-p9
SAM 3,street sign,grp3_4daf8454-IMG_4356.jpeg,E:\2. UM-Student\MSC Dissertation\Urban-Vision-Benchmark\Datasets\MTSD\Prepared\MTSD-Unaugmented\MTSD-YOLO\test\images\grp3_4daf8454-IMG_4356.jpeg,735.66,3081.58,893.37,3246.26,0.9102,street sign,True,True,671.4,mtsd-p9
SAM 3,street sign,grp3_4daf8454-IMG_4356.jpeg,E:\2. UM-Student\MSC Dissertation\Urban-Vision-Benchmark\Datasets\MTSD\Prepared\MTSD-Unaugmented\MTSD-YOLO\test\images\grp3_4daf8454-IMG_4356.jpeg,264.8,2964.92,341.75,3372.23,0.5273,street sign,True,True,671.4,mtsd-p9
SAM 3,street sign,grp3_4daf8454-IMG_4356.jpeg,E:\2. UM-Student\MSC Dissertation\Urban-Vision-Benchmark\Datasets\MTSD\Prepared\MTSD-Unaugmented\MTSD-YOLO\test\images\grp3_4daf8454-IMG_4356.jpeg,2705.6,3024.6,2774.24,3097.18,0.5117,street sign,True,True,671.4,mtsd-p9
SAM 3,street sign,grp3_4daf8454-IMG_4356.jpeg,E:\2. UM-Student\MSC Dissertation\Urban-Vision-Benchmark\Datasets\MTSD\Prepared\MTSD-Unaugmented\MTSD-YOLO\test\images\grp3_4daf8454-IMG_4356.jpeg,1289.89,1710.18,1888.03,4032.0,0.582,street sign,True,True,671.4,mtsd-p9
SAM 3,street sign,grp3_4daf8454-IMG_4356.jpeg,E:\2. UM-Student\MSC Dissertation\Urban-Vision-Benchmark\Datasets\MTSD\Prepared\MTSD-Unaugmented\MTSD-YOLO\test\images\grp3_4daf8454-IMG_4356.jpeg,1289.84,1713.36,1889.14,2307.62,0.9023,street sign,True,True,671.4,mtsd-p9
SAM 3,street sign,grp3_4daf8454-IMG_4356.jpeg,E:\2. UM-Student\MSC Dissertation\Urban-Vision-Benchmark\Datasets\MTSD\Prepared\MTSD-Unaugmented\MTSD-YOLO\test\images\grp3_4daf8454-IMG_4356.jpeg,277.09,3302.19,329.17,3475.9,0.5703,street sign,True,True,671.4,mtsd-p9
SAM 3,street sign,grp3_5881a320-IMG_9141.jpg,E:\2. UM-Student\MSC Dissertation\Urban-Vision-Benchmark\Datasets\MTSD\Prepared\MTSD-Unaugmented\MTSD-YOLO\test\images\grp3_5881a320-IMG_9141.jpg,0.0,5259.07,82.19,5527.36,0.3008,street sign,True,True,512.3,mtsd-p9
SAM 3,street sign,grp3_5881a320-IMG_9141.jpg,E:\2. UM-Student\MSC Dissertation\Urban-Vision-Benchmark\Datasets\MTSD\Prepared\MTSD-Unaugmented\MTSD-YOLO\test\images\grp3_5881a320-IMG_9141.jpg,0.0,5257.96,70.88,5366.84,0.7266,street sign,True,True,512.3,mtsd-p9
SAM 3,street sign,grp3_5881a320-IMG_9141.jpg,E:\2. UM-Student\MSC Dissertation\Urban-Vision-Benchmark\Datasets\MTSD\Prepared\MTSD-Unaugmented\MTSD-YOLO\test\images\grp3_5881a320-IMG_9141.jpg,1543.2,2006.67,2767.26,5712.0,0.5938,street sign,True,True,512.3,mtsd-p9
SAM 3,street sign,grp3_5881a320-IMG_9141.jpg,E:\2. UM-Student\MSC Dissertation\Urban-Vision-Benchmark\Datasets\MTSD\Prepared\MTSD-Unaugmented\MTSD-YOLO\test\images\grp3_5881a320-IMG_9141.jpg,1527.57,1998.18,2769.99,3155.53,0.6211,street sign,True,True,512.3,mtsd-p9
SAM 3,street sign,grp3_5881a320-IMG_9141.jpg,E:\2. UM-Student\MSC Dissertation\Urban-Vision-Benchmark\Datasets\MTSD\Prepared\MTSD-Unaugmented\MTSD-YOLO\test\images\grp3_5881a320-IMG_9141.jpg,2080.78,3206.15,2857.42,4563.08,0.6484,street sign,True,True,512.3,mtsd-p9
SAM 3,street sign,grp3_5a350ee3-IMG_9144.jpg,E:\2. UM-Student\MSC Dissertation\Urban-Vision-Benchmark\Datasets\MTSD\Prepared\MTSD-Unaugmented\MTSD-YOLO\test\images\grp3_5a350ee3-IMG_9144.jpg,1763.73,3232.73,1885.35,3845.89,0.8672,street sign,True,True,653.3,mtsd-p9
SAM 3,street sign,grp3_5a350ee3-IMG_9144.jpg,E:\2. UM-Student\MSC Dissertation\Urban-Vision-Benchmark\Datasets\MTSD\Prepared\MTSD-Unaugmented\MTSD-YOLO\test\images\grp3_5a350ee3-IMG_9144.jpg,2905.05,3570.75,2978.76,4636.86,0.5625,street sign,True,True,653.3,mtsd-p9
SAM 3,street sign,grp3_5a350ee3-IMG_9144.jpg,E:\2. UM-Student\MSC Dissertation\Urban-Vision-Benchmark\Datasets\MTSD\Prepared\MTSD-Unaugmented\MTSD-YOLO\test\images\grp3_5a350ee3-IMG_9144.jpg,1791.0,2888.29,1900.71,3238.91,0.8516,street sign,True,True,653.3,mtsd-p9
SAM 3,street sign,grp3_5a350ee3-IMG_9144.jpg,E:\2. UM-Student\MSC Dissertation\Urban-Vision-Benchmark\Datasets\MTSD\Prepared\MTSD-Unaugmented\MTSD-YOLO\test\images\grp3_5a350ee3-IMG_9144.jpg,1573.65,1913.16,2598.03,5712.0,0.4297,street sign,True,True,653.3,mtsd-p9
SAM 3,street sign,grp3_5a350ee3-IMG_9144.jpg,E:\2. UM-Student\MSC Dissertation\Urban-Vision-Benchmark\Datasets\MTSD\Prepared\MTSD-Unaugmented\MTSD-YOLO\test\images\grp3_5a350ee3-IMG_9144.jpg,1526.58,1911.49,2598.57,2915.94,0.9219,street sign,True,True,653.3,mtsd-p9
SAM 3,street sign,grp3_5a350ee3-IMG_9144.jpg,E:\2. UM-Student\MSC Dissertation\Urban-Vision-Benchmark\Datasets\MTSD\Prepared\MTSD-Unaugmented\MTSD-YOLO\test\images\grp3_5a350ee3-IMG_9144.jpg,2911.8,3569.77,2961.06,3795.13,0.5898,street sign,True,True,653.3,mtsd-p9
SAM 3,street sign,grp3_5a350ee3-IMG_9144.jpg,E:\2. UM-Student\MSC Dissertation\Urban-Vision-Benchmark\Datasets\MTSD\Prepared\MTSD-Unaugmented\MTSD-YOLO\test\images\grp3_5a350ee3-IMG_9144.jpg,1698.29,2972.79,1862.74,5668.21,0.3086,street sign,True,True,653.3,mtsd-p9
SAM 3,street sign,grp3_5a5ec99c-IMG_4369.jpeg,E:\2. UM-Student\MSC Dissertation\Urban-Vision-Benchmark\Datasets\MTSD\Prepared\MTSD-Unaugmented\MTSD-YOLO\test\images\grp3_5a5ec99c-IMG_4369.jpeg,1261.16,2891.94,1388.61,3059.92,0.8672,street sign,True,True,214.8,mtsd-p9
SAM 3,street sign,grp3_5a5ec99c-IMG_4369.jpeg,E:\2. UM-Student\MSC Dissertation\Urban-Vision-Benchmark\Datasets\MTSD\Prepared\MTSD-Unaugmented\MTSD-YOLO\test\images\grp3_5a5ec99c-IMG_4369.jpeg,1124.96,1321.4,2111.5,4032.0,0.5312,street sign,True,True,214.8,mtsd-p9
SAM 3,street sign,grp3_5a5ec99c-IMG_4369.jpeg,E:\2. UM-Student\MSC Dissertation\Urban-Vision-Benchmark\Datasets\MTSD\Prepared\MTSD-Unaugmented\MTSD-YOLO\test\images\grp3_5a5ec99c-IMG_4369.jpeg,1128.18,1334.26,2109.48,2247.16,0.9375,street sign,True,True,214.8,mtsd-p9
SAM 3,street sign,grp3_5a849df3-20251129_113801.jpg,E:\2. UM-Student\MSC Dissertation\Urban-Vision-Benchmark\Datasets\MTSD\Prepared\MTSD-Unaugmented\MTSD-YOLO\test\images\grp3_5a849df3-20251129_113801.jpg,2145.06,2587.98,2231.05,2976.61,0.5117,street sign,True,True,539.9,mtsd-p9
SAM 3,street sign,grp3_5a849df3-20251129_113801.jpg,E:\2. UM-Student\MSC Dissertation\Urban-Vision-Benchmark\Datasets\MTSD\Prepared\MTSD-Unaugmented\MTSD-YOLO\test\images\grp3_5a849df3-20251129_113801.jpg,2576.81,2580.6,2634.49,2654.65,0.8047,street sign,True,True,539.9,mtsd-p9
SAM 3,street sign,grp3_5a849df3-20251129_113801.jpg,E:\2. UM-Student\MSC Dissertation\Urban-Vision-Benchmark\Datasets\MTSD\Prepared\MTSD-Unaugmented\MTSD-YOLO\test\images\grp3_5a849df3-20251129_113801.jpg,1115.4,727.05,1828.33,4080.0,0.5195,street sign,True,True,539.9,mtsd-p9
SAM 3,street sign,grp3_5a849df3-20251129_113801.jpg,E:\2. UM-Student\MSC Dissertation\Urban-Vision-Benchmark\Datasets\MTSD\Prepared\MTSD-Unaugmented\MTSD-YOLO\test\images\grp3_5a849df3-20251129_113801.jpg,1190.46,1460.81,1777.56,2020.04,0.9297,street sign,True,True,539.9,mtsd-p9
SAM 3,street sign,grp3_5a849df3-20251129_113801.jpg,E:\2. UM-Student\MSC Dissertation\Urban-Vision-Benchmark\Datasets\MTSD\Prepared\MTSD-Unaugmented\MTSD-YOLO\test\images\grp3_5a849df3-20251129_113801.jpg,1098.77,723.82,1831.27,1450.93,0.9258,street sign,True,True,539.9,mtsd-p9
SAM 3,street sign,grp3_5a849df3-20251129_113801.jpg,E:\2. UM-Student\MSC Dissertation\Urban-Vision-Benchmark\Datasets\MTSD\Prepared\MTSD-Unaugmented\MTSD-YOLO\test\images\grp3_5a849df3-20251129_113801.jpg,2165.53,2667.22,2212.89,2731.06,0.6172,street sign,True,True,539.9,mtsd-p9
SAM 3,street sign,grp3_5a849df3-20251129_113801.jpg,E:\2. UM-Student\MSC Dissertation\Urban-Vision-Benchmark\Datasets\MTSD\Prepared\MTSD-Unaugmented\MTSD-YOLO\test\images\grp3_5a849df3-20251129_113801.jpg,2147.76,2584.97,2196.62,2668.65,0.5625,street sign,True,True,539.9,mtsd-p9
SAM 3,street sign,grp3_5e7ebbc1-IMG_4337.jpeg,E:\2. UM-Student\MSC Dissertation\Urban-Vision-Benchmark\Datasets\MTSD\Prepared\MTSD-Unaugmented\MTSD-YOLO\test\images\grp3_5e7ebbc1-IMG_4337.jpeg,2099.74,1468.38,2659.21,1680.57,0.9336,street sign,True,True,227.3,mtsd-p9
SAM 3,street sign,grp3_5e7ebbc1-IMG_4337.jpeg,E:\2. UM-Student\MSC Dissertation\Urban-Vision-Benchmark\Datasets\MTSD\Prepared\MTSD-Unaugmented\MTSD-YOLO\test\images\grp3_5e7ebbc1-IMG_4337.jpeg,1583.21,1469.87,2136.79,1697.69,0.9336,street sign,True,True,227.3,mtsd-p9
SAM 3,street sign,grp3_5e7ebbc1-IMG_4337.jpeg,E:\2. UM-Student\MSC Dissertation\Urban-Vision-Benchmark\Datasets\MTSD\Prepared\MTSD-Unaugmented\MTSD-YOLO\test\images\grp3_5e7ebbc1-IMG_4337.jpeg,1906.99,1130.31,2094.23,1465.18,0.4727,street sign,True,True,227.3,mtsd-p9
SAM 3,street sign,grp3_5e84f6fa-20251129_114532.jpg,E:\2. UM-Student\MSC Dissertation\Urban-Vision-Benchmark\Datasets\MTSD\Prepared\MTSD-Unaugmented\MTSD-YOLO\test\images\grp3_5e84f6fa-20251129_114532.jpg,780.11,1255.0,1843.99,4080.0,0.5547,street sign,True,True,195.5,mtsd-p9
SAM 3,street sign,grp3_5e84f6fa-20251129_114532.jpg,E:\2. UM-Student\MSC Dissertation\Urban-Vision-Benchmark\Datasets\MTSD\Prepared\MTSD-Unaugmented\MTSD-YOLO\test\images\grp3_5e84f6fa-20251129_114532.jpg,2904.05,2767.49,2949.0,2812.8,0.8047,street sign,True,True,195.5,mtsd-p9
SAM 3,street sign,grp3_5e84f6fa-20251129_114532.jpg,E:\2. UM-Student\MSC Dissertation\Urban-Vision-Benchmark\Datasets\MTSD\Prepared\MTSD-Unaugmented\MTSD-YOLO\test\images\grp3_5e84f6fa-20251129_114532.jpg,780.73,1262.72,1841.67,2248.66,0.9336,street sign,True,True,195.5,mtsd-p9
SAM 3,street sign,grp3_62bcab50-IMG_20251203_121207.jpg,E:\2. UM-Student\MSC Dissertation\Urban-Vision-Benchmark\Datasets\MTSD\Prepared\MTSD-Unaugmented\MTSD-YOLO\test\images\grp3_62bcab50-IMG_20251203_121207.jpg,259.76,2086.86,634.3,2344.27,0.4258,street sign,True,True,463.3,mtsd-p9
SAM 3,street sign,grp3_62bcab50-IMG_20251203_121207.jpg,E:\2. UM-Student\MSC Dissertation\Urban-Vision-Benchmark\Datasets\MTSD\Prepared\MTSD-Unaugmented\MTSD-YOLO\test\images\grp3_62bcab50-IMG_20251203_121207.jpg,1060.17,469.02,2233.79,4080.0,0.4961,street sign,True,True,463.3,mtsd-p9
SAM 3,street sign,grp3_62bcab50-IMG_20251203_121207.jpg,E:\2. UM-Student\MSC Dissertation\Urban-Vision-Benchmark\Datasets\MTSD\Prepared\MTSD-Unaugmented\MTSD-YOLO\test\images\grp3_62bcab50-IMG_20251203_121207.jpg,1055.97,491.57,2223.62,1697.72,0.875,street sign,True,True,463.3,mtsd-p9
SAM 3,street sign,grp3_64c9c943-IMG_20251203_121935.jpg,E:\2. UM-Student\MSC Dissertation\Urban-Vision-Benchmark\Datasets\MTSD\Prepared\MTSD-Unaugmented\MTSD-YOLO\test\images\grp3_64c9c943-IMG_20251203_121935.jpg,1196.93,2594.79,1260.78,2685.97,0.3438,street sign,True,True,233.8,mtsd-p9
SAM 3,street sign,grp3_64c9c943-IMG_20251203_121935.jpg,E:\2. UM-Student\MSC Dissertation\Urban-Vision-Benchmark\Datasets\MTSD\Prepared\MTSD-Unaugmented\MTSD-YOLO\test\images\grp3_64c9c943-IMG_20251203_121935.jpg,1307.81,501.74,1896.31,3589.7,0.5508,street sign,True,True,233.8,mtsd-p9
SAM 3,street sign,grp3_64c9c943-IMG_20251203_121935.jpg,E:\2. UM-Student\MSC Dissertation\Urban-Vision-Benchmark\Datasets\MTSD\Prepared\MTSD-Unaugmented\MTSD-YOLO\test\images\grp3_64c9c943-IMG_20251203_121935.jpg,1927.67,2483.59,1994.06,2583.23,0.543,street sign,True,True,233.8,mtsd-p9
SAM 3,street sign,grp3_64c9c943-IMG_20251203_121935.jpg,E:\2. UM-Student\MSC Dissertation\Urban-Vision-Benchmark\Datasets\MTSD\Prepared\MTSD-Unaugmented\MTSD-YOLO\test\images\grp3_64c9c943-IMG_20251203_121935.jpg,1332.87,1227.39,1892.34,1991.21,0.8242,street sign,True,True,233.8,mtsd-p9
SAM 3,street sign,grp3_64c9c943-IMG_20251203_121935.jpg,E:\2. UM-Student\MSC Dissertation\Urban-Vision-Benchmark\Datasets\MTSD\Prepared\MTSD-Unaugmented\MTSD-YOLO\test\images\grp3_64c9c943-IMG_20251203_121935.jpg,1309.41,494.18,1895.59,1244.64,0.8359,street sign,True,True,233.8,mtsd-p9
SAM 3,street sign,grp3_66257b80-IMG_9242.jpg,E:\2. UM-Student\MSC Dissertation\Urban-Vision-Benchmark\Datasets\MTSD\Prepared\MTSD-Unaugmented\MTSD-YOLO\test\images\grp3_66257b80-IMG_9242.jpg,2027.85,578.41,2526.05,5684.7,0.4277,street sign,True,True,835.9,mtsd-p9
SAM 3,street sign,grp3_66257b80-IMG_9242.jpg,E:\2. UM-Student\MSC Dissertation\Urban-Vision-Benchmark\Datasets\MTSD\Prepared\MTSD-Unaugmented\MTSD-YOLO\test\images\grp3_66257b80-IMG_9242.jpg,2023.57,583.2,2493.65,1908.44,0.9297,street sign,True,True,835.9,mtsd-p9
SAM 3,street sign,grp3_6a5c994c-IMG_9361.jpg,E:\2. UM-Student\MSC Dissertation\Urban-Vision-Benchmark\Datasets\MTSD\Prepared\MTSD-Unaugmented\MTSD-YOLO\test\images\grp3_6a5c994c-IMG_9361.jpg,1613.7,3877.85,2736.52,4985.44,0.9609,street sign,True,True,664.4,mtsd-p9
SAM 3,street sign,grp3_6a5c994c-IMG_9361.jpg,E:\2. UM-Student\MSC Dissertation\Urban-Vision-Benchmark\Datasets\MTSD\Prepared\MTSD-Unaugmented\MTSD-YOLO\test\images\grp3_6a5c994c-IMG_9361.jpg,1919.82,2636.43,2423.17,3968.23,0.9453,street sign,True,True,664.4,mtsd-p9
SAM 3,street sign,grp3_6a5c994c-IMG_9361.jpg,E:\2. UM-Student\MSC Dissertation\Urban-Vision-Benchmark\Datasets\MTSD\Prepared\MTSD-Unaugmented\MTSD-YOLO\test\images\grp3_6a5c994c-IMG_9361.jpg,1832.29,1149.53,2522.86,2735.02,0.9492,street sign,True,True,664.4,mtsd-p9
SAM 3,street sign,grp3_6a5c994c-IMG_9361.jpg,E:\2. UM-Student\MSC Dissertation\Urban-Vision-Benchmark\Datasets\MTSD\Prepared\MTSD-Unaugmented\MTSD-YOLO\test\images\grp3_6a5c994c-IMG_9361.jpg,2526.09,3210.94,2682.66,3610.39,0.3027,street sign,True,True,664.4,mtsd-p9
SAM 3,street sign,grp3_729363da-IMG_4319.jpeg,E:\2. UM-Student\MSC Dissertation\Urban-Vision-Benchmark\Datasets\MTSD\Prepared\MTSD-Unaugmented\MTSD-YOLO\test\images\grp3_729363da-IMG_4319.jpeg,1385.46,1507.37,1982.18,4032.0,0.7031,street sign,True,True,422.9,mtsd-p9
SAM 3,street sign,grp3_729363da-IMG_4319.jpeg,E:\2. UM-Student\MSC Dissertation\Urban-Vision-Benchmark\Datasets\MTSD\Prepared\MTSD-Unaugmented\MTSD-YOLO\test\images\grp3_729363da-IMG_4319.jpeg,1384.76,1506.74,1981.66,2158.33,0.8789,street sign,True,True,422.9,mtsd-p9
SAM 3,street sign,grp3_729363da-IMG_4319.jpeg,E:\2. UM-Student\MSC Dissertation\Urban-Vision-Benchmark\Datasets\MTSD\Prepared\MTSD-Unaugmented\MTSD-YOLO\test\images\grp3_729363da-IMG_4319.jpeg,2035.8,2369.72,2095.01,2474.76,0.4043,street sign,True,True,422.9,mtsd-p9
SAM 3,street sign,grp3_72ce7bb8-IMG_20251203_121930.jpg,E:\2. UM-Student\MSC Dissertation\Urban-Vision-Benchmark\Datasets\MTSD\Prepared\MTSD-Unaugmented\MTSD-YOLO\test\images\grp3_72ce7bb8-IMG_20251203_121930.jpg,1343.98,922.78,1923.16,1590.44,0.9531,street sign,True,True,251.7,mtsd-p9
SAM 3,street sign,grp3_72ce7bb8-IMG_20251203_121930.jpg,E:\2. UM-Student\MSC Dissertation\Urban-Vision-Benchmark\Datasets\MTSD\Prepared\MTSD-Unaugmented\MTSD-YOLO\test\images\grp3_72ce7bb8-IMG_20251203_121930.jpg,1336.48,288.99,1911.81,4080.0,0.4473,street sign,True,True,251.7,mtsd-p9
SAM 3,street sign,grp3_72ce7bb8-IMG_20251203_121930.jpg,E:\2. UM-Student\MSC Dissertation\Urban-Vision-Benchmark\Datasets\MTSD\Prepared\MTSD-Unaugmented\MTSD-YOLO\test\images\grp3_72ce7bb8-IMG_20251203_121930.jpg,1344.48,289.13,1874.06,939.72,0.9609,street sign,True,True,251.7,mtsd-p9
SAM 3,street sign,grp3_733addec-IMG_9083.jpg,E:\2. UM-Student\MSC Dissertation\Urban-Vision-Benchmark\Datasets\MTSD\Prepared\MTSD-Unaugmented\MTSD-YOLO\test\images\grp3_733addec-IMG_9083.jpg,1646.08,1741.2,2765.96,5712.0,0.5859,street sign,True,True,287.8,mtsd-p9
SAM 3,street sign,grp3_733addec-IMG_9083.jpg,E:\2. UM-Student\MSC Dissertation\Urban-Vision-Benchmark\Datasets\MTSD\Prepared\MTSD-Unaugmented\MTSD-YOLO\test\images\grp3_733addec-IMG_9083.jpg,1652.07,1753.13,2762.27,2940.27,0.8086,street sign,True,True,287.8,mtsd-p9
SAM 3,street sign,grp3_76fb906e-20251129_122552.jpg,E:\2. UM-Student\MSC Dissertation\Urban-Vision-Benchmark\Datasets\MTSD\Prepared\MTSD-Unaugmented\MTSD-YOLO\test\images\grp3_76fb906e-20251129_122552.jpg,780.42,1878.94,1964.53,3112.72,0.8711,street sign,True,True,242.8,mtsd-p9
SAM 3,street sign,grp3_76fb906e-20251129_122552.jpg,E:\2. UM-Student\MSC Dissertation\Urban-Vision-Benchmark\Datasets\MTSD\Prepared\MTSD-Unaugmented\MTSD-YOLO\test\images\grp3_76fb906e-20251129_122552.jpg,2100.91,2627.5,2198.38,2969.32,0.334,street sign,True,True,242.8,mtsd-p9
SAM 3,street sign,grp3_76fb906e-20251129_122552.jpg,E:\2. UM-Student\MSC Dissertation\Urban-Vision-Benchmark\Datasets\MTSD\Prepared\MTSD-Unaugmented\MTSD-YOLO\test\images\grp3_76fb906e-20251129_122552.jpg,558.09,559.19,1969.18,4080.0,0.6172,street sign,True,True,242.8,mtsd-p9
SAM 3,street sign,grp3_76fb906e-20251129_122552.jpg,E:\2. UM-Student\MSC Dissertation\Urban-Vision-Benchmark\Datasets\MTSD\Prepared\MTSD-Unaugmented\MTSD-YOLO\test\images\grp3_76fb906e-20251129_122552.jpg,556.93,556.01,1970.07,1857.26,0.9023,street sign,True,True,242.8,mtsd-p9
SAM 3,street sign,grp3_76fb906e-20251129_122552.jpg,E:\2. UM-Student\MSC Dissertation\Urban-Vision-Benchmark\Datasets\MTSD\Prepared\MTSD-Unaugmented\MTSD-YOLO\test\images\grp3_76fb906e-20251129_122552.jpg,2100.14,2638.0,2186.84,2743.5,0.6602,street sign,True,True,242.8,mtsd-p9
SAM 3,street sign,grp3_7b58307a-IMG_20251203_094229.jpg,E:\2. UM-Student\MSC Dissertation\Urban-Vision-Benchmark\Datasets\MTSD\Prepared\MTSD-Unaugmented\MTSD-YOLO\test\images\grp3_7b58307a-IMG_20251203_094229.jpg,2968.68,2105.46,3056.85,2161.62,0.3242,street sign,True,True,202.1,mtsd-p9
SAM 3,street sign,grp3_7b58307a-IMG_20251203_094229.jpg,E:\2. UM-Student\MSC Dissertation\Urban-Vision-Benchmark\Datasets\MTSD\Prepared\MTSD-Unaugmented\MTSD-YOLO\test\images\grp3_7b58307a-IMG_20251203_094229.jpg,1093.39,298.48,2250.65,4080.0,0.7148,street sign,True,True,202.1,mtsd-p9
SAM 3,street sign,grp3_7b58307a-IMG_20251203_094229.jpg,E:\2. UM-Student\MSC Dissertation\Urban-Vision-Benchmark\Datasets\MTSD\Prepared\MTSD-Unaugmented\MTSD-YOLO\test\images\grp3_7b58307a-IMG_20251203_094229.jpg,1092.65,337.18,2253.01,1512.67,0.832,street sign,True,True,202.1,mtsd-p9
SAM 3,street sign,grp3_81a84d18-IMG_9109.jpg,E:\2. UM-Student\MSC Dissertation\Urban-Vision-Benchmark\Datasets\MTSD\Prepared\MTSD-Unaugmented\MTSD-YOLO\test\images\grp3_81a84d18-IMG_9109.jpg,1614.68,1358.53,2871.43,2587.0,0.8984,street sign,True,True,594.5,mtsd-p9
SAM 3,street sign,grp3_81a84d18-IMG_9109.jpg,E:\2. UM-Student\MSC Dissertation\Urban-Vision-Benchmark\Datasets\MTSD\Prepared\MTSD-Unaugmented\MTSD-YOLO\test\images\grp3_81a84d18-IMG_9109.jpg,1732.66,402.21,2875.69,5712.0,0.4609,street sign,True,True,594.5,mtsd-p9
SAM 3,street sign,grp3_81a84d18-IMG_9109.jpg,E:\2. UM-Student\MSC Dissertation\Urban-Vision-Benchmark\Datasets\MTSD\Prepared\MTSD-Unaugmented\MTSD-YOLO\test\images\grp3_81a84d18-IMG_9109.jpg,1937.98,406.72,2324.58,1380.61,0.9023,street sign,True,True,594.5,mtsd-p9
SAM 3,street sign,grp3_874592da-20251129_122245.jpg,E:\2. UM-Student\MSC Dissertation\Urban-Vision-Benchmark\Datasets\MTSD\Prepared\MTSD-Unaugmented\MTSD-YOLO\test\images\grp3_874592da-20251129_122245.jpg,1019.47,1966.46,1871.91,2806.63,0.8984,street sign,True,True,226.7,mtsd-p9
SAM 3,street sign,grp3_874592da-20251129_122245.jpg,E:\2. UM-Student\MSC Dissertation\Urban-Vision-Benchmark\Datasets\MTSD\Prepared\MTSD-Unaugmented\MTSD-YOLO\test\images\grp3_874592da-20251129_122245.jpg,1030.58,1278.4,1848.31,4080.0,0.5859,street sign,True,True,226.7,mtsd-p9
SAM 3,street sign,grp3_874592da-20251129_122245.jpg,E:\2. UM-Student\MSC Dissertation\Urban-Vision-Benchmark\Datasets\MTSD\Prepared\MTSD-Unaugmented\MTSD-YOLO\test\images\grp3_874592da-20251129_122245.jpg,1049.02,1270.17,1833.21,1966.15,0.9062,street sign,True,True,226.7,mtsd-p9
SAM 3,street sign,grp3_87ee400a-IMG_9122.jpg,E:\2. UM-Student\MSC Dissertation\Urban-Vision-Benchmark\Datasets\MTSD\Prepared\MTSD-Unaugmented\MTSD-YOLO\test\images\grp3_87ee400a-IMG_9122.jpg,1938.05,1323.27,2249.81,5708.05,0.4082,street sign,True,True,296.3,mtsd-p9
SAM 3,street sign,grp3_87ee400a-IMG_9122.jpg,E:\2. UM-Student\MSC Dissertation\Urban-Vision-Benchmark\Datasets\MTSD\Prepared\MTSD-Unaugmented\MTSD-YOLO\test\images\grp3_87ee400a-IMG_9122.jpg,1934.03,1325.42,2250.46,2682.41,0.9492,street sign,True,True,296.3,mtsd-p9
SAM 3,street sign,grp3_8c6aa47e-IMG_20251203_121607.jpg,E:\2. UM-Student\MSC Dissertation\Urban-Vision-Benchmark\Datasets\MTSD\Prepared\MTSD-Unaugmented\MTSD-YOLO\test\images\grp3_8c6aa47e-IMG_20251203_121607.jpg,569.07,1464.76,1647.29,2590.61,0.8906,street sign,True,True,215.3,mtsd-p9
SAM 3,street sign,grp3_8c6aa47e-IMG_20251203_121607.jpg,E:\2. UM-Student\MSC Dissertation\Urban-Vision-Benchmark\Datasets\MTSD\Prepared\MTSD-Unaugmented\MTSD-YOLO\test\images\grp3_8c6aa47e-IMG_20251203_121607.jpg,1161.59,431.31,1706.53,1580.7,0.9414,street sign,True,True,215.3,mtsd-p9
SAM 3,street sign,grp3_8d66655f-IMG_4305.jpeg,E:\2. UM-Student\MSC Dissertation\Urban-Vision-Benchmark\Datasets\MTSD\Prepared\MTSD-Unaugmented\MTSD-YOLO\test\images\grp3_8d66655f-IMG_4305.jpeg,1494.48,1796.46,1817.84,2439.96,0.8008,street sign,True,True,801.6,mtsd-p9
SAM 3,street sign,grp3_8d66655f-IMG_4305.jpeg,E:\2. UM-Student\MSC Dissertation\Urban-Vision-Benchmark\Datasets\MTSD\Prepared\MTSD-Unaugmented\MTSD-YOLO\test\images\grp3_8d66655f-IMG_4305.jpeg,1917.59,2581.61,1956.14,2653.54,0.5391,street sign,True,True,801.6,mtsd-p9
SAM 3,street sign,grp3_8d66655f-IMG_4305.jpeg,E:\2. UM-Student\MSC Dissertation\Urban-Vision-Benchmark\Datasets\MTSD\Prepared\MTSD-Unaugmented\MTSD-YOLO\test\images\grp3_8d66655f-IMG_4305.jpeg,2478.89,2482.86,2575.48,2575.63,0.7148,street sign,True,True,801.6,mtsd-p9
SAM 3,street sign,grp3_8d66655f-IMG_4305.jpeg,E:\2. UM-Student\MSC Dissertation\Urban-Vision-Benchmark\Datasets\MTSD\Prepared\MTSD-Unaugmented\MTSD-YOLO\test\images\grp3_8d66655f-IMG_4305.jpeg,2529.76,2569.4,2584.83,2632.06,0.5039,street sign,True,True,801.6,mtsd-p9
SAM 3,street sign,grp3_8d66655f-IMG_4305.jpeg,E:\2. UM-Student\MSC Dissertation\Urban-Vision-Benchmark\Datasets\MTSD\Prepared\MTSD-Unaugmented\MTSD-YOLO\test\images\grp3_8d66655f-IMG_4305.jpeg,1433.6,1307.87,1948.46,4031.05,0.5391,street sign,True,True,801.6,mtsd-p9
SAM 3,street sign,grp3_8d66655f-IMG_4305.jpeg,E:\2. UM-Student\MSC Dissertation\Urban-Vision-Benchmark\Datasets\MTSD\Prepared\MTSD-Unaugmented\MTSD-YOLO\test\images\grp3_8d66655f-IMG_4305.jpeg,1426.53,1304.34,1952.85,1865.07,0.75,street sign,True,True,801.6,mtsd-p9
SAM 3,street sign,grp3_8d66655f-IMG_4305.jpeg,E:\2. UM-Student\MSC Dissertation\Urban-Vision-Benchmark\Datasets\MTSD\Prepared\MTSD-Unaugmented\MTSD-YOLO\test\images\grp3_8d66655f-IMG_4305.jpeg,2417.68,2508.76,2483.32,2569.69,0.6406,street sign,True,True,801.6,mtsd-p9
SAM 3,street sign,grp3_913cab50-IMG_20251204_094538.jpg,E:\2. UM-Student\MSC Dissertation\Urban-Vision-Benchmark\Datasets\MTSD\Prepared\MTSD-Unaugmented\MTSD-YOLO\test\images\grp3_913cab50-IMG_20251204_094538.jpg,754.61,1523.19,2135.66,2947.15,0.9453,street sign,True,True,207.3,mtsd-p9
SAM 3,street sign,grp3_913cab50-IMG_20251204_094538.jpg,E:\2. UM-Student\MSC Dissertation\Urban-Vision-Benchmark\Datasets\MTSD\Prepared\MTSD-Unaugmented\MTSD-YOLO\test\images\grp3_913cab50-IMG_20251204_094538.jpg,751.75,293.4,2123.79,1684.63,0.7656,street sign,True,True,207.3,mtsd-p9
SAM 3,street sign,grp3_915b758c-IMG_4287.jpeg,E:\2. UM-Student\MSC Dissertation\Urban-Vision-Benchmark\Datasets\MTSD\Prepared\MTSD-Unaugmented\MTSD-YOLO\test\images\grp3_915b758c-IMG_4287.jpeg,1358.75,1424.17,1852.07,4032.0,0.6523,street sign,True,True,228.7,mtsd-p9
SAM 3,street sign,grp3_915b758c-IMG_4287.jpeg,E:\2. UM-Student\MSC Dissertation\Urban-Vision-Benchmark\Datasets\MTSD\Prepared\MTSD-Unaugmented\MTSD-YOLO\test\images\grp3_915b758c-IMG_4287.jpeg,1366.66,1920.55,1828.64,2558.24,0.8555,street sign,True,True,228.7,mtsd-p9
SAM 3,street sign,grp3_915b758c-IMG_4287.jpeg,E:\2. UM-Student\MSC Dissertation\Urban-Vision-Benchmark\Datasets\MTSD\Prepared\MTSD-Unaugmented\MTSD-YOLO\test\images\grp3_915b758c-IMG_4287.jpeg,1360.02,1428.72,1845.14,1983.26,0.9141,street sign,True,True,228.7,mtsd-p9
SAM 3,street sign,grp3_940c99a8-IMG_9166.jpg,E:\2. UM-Student\MSC Dissertation\Urban-Vision-Benchmark\Datasets\MTSD\Prepared\MTSD-Unaugmented\MTSD-YOLO\test\images\grp3_940c99a8-IMG_9166.jpg,2092.44,1726.26,2497.62,5712.0,0.4609,street sign,True,True,590.8,mtsd-p9
SAM 3,street sign,grp3_940c99a8-IMG_9166.jpg,E:\2. UM-Student\MSC Dissertation\Urban-Vision-Benchmark\Datasets\MTSD\Prepared\MTSD-Unaugmented\MTSD-YOLO\test\images\grp3_940c99a8-IMG_9166.jpg,2071.66,2820.47,2520.57,4072.77,0.9102,street sign,True,True,590.8,mtsd-p9
SAM 3,street sign,grp3_940c99a8-IMG_9166.jpg,E:\2. UM-Student\MSC Dissertation\Urban-Vision-Benchmark\Datasets\MTSD\Prepared\MTSD-Unaugmented\MTSD-YOLO\test\images\grp3_940c99a8-IMG_9166.jpg,2138.3,1733.33,2461.56,2916.34,0.9258,street sign,True,True,590.8,mtsd-p9
SAM 3,street sign,grp3_9e3990fa-20251129_124245.jpg,E:\2. UM-Student\MSC Dissertation\Urban-Vision-Benchmark\Datasets\MTSD\Prepared\MTSD-Unaugmented\MTSD-YOLO\test\images\grp3_9e3990fa-20251129_124245.jpg,621.19,1390.2,2339.23,2958.92,0.7031,street sign,True,True,201.5,mtsd-p9
SAM 3,street sign,grp3_9eaf77cf-IMG_4402.jpeg,E:\2. UM-Student\MSC Dissertation\Urban-Vision-Benchmark\Datasets\MTSD\Prepared\MTSD-Unaugmented\MTSD-YOLO\test\images\grp3_9eaf77cf-IMG_4402.jpeg,1340.26,1110.01,2047.23,1828.85,0.8359,street sign,True,True,236.0,mtsd-p9
SAM 3,street sign,grp3_9eaf77cf-IMG_4402.jpeg,E:\2. UM-Student\MSC Dissertation\Urban-Vision-Benchmark\Datasets\MTSD\Prepared\MTSD-Unaugmented\MTSD-YOLO\test\images\grp3_9eaf77cf-IMG_4402.jpeg,1340.7,1112.06,4032.0,1829.11,0.4434,street sign,True,True,236.0,mtsd-p9
SAM 3,street sign,grp3_9ff54512-IMG_20251203_093925.jpg,E:\2. UM-Student\MSC Dissertation\Urban-Vision-Benchmark\Datasets\MTSD\Prepared\MTSD-Unaugmented\MTSD-YOLO\test\images\grp3_9ff54512-IMG_20251203_093925.jpg,2796.23,2124.27,2840.99,2225.05,0.4648,street sign,True,True,259.3,mtsd-p9
SAM 3,street sign,grp3_9ff54512-IMG_20251203_093925.jpg,E:\2. UM-Student\MSC Dissertation\Urban-Vision-Benchmark\Datasets\MTSD\Prepared\MTSD-Unaugmented\MTSD-YOLO\test\images\grp3_9ff54512-IMG_20251203_093925.jpg,1192.64,2147.29,1228.34,2186.62,0.5703,street sign,True,True,259.3,mtsd-p9
SAM 3,street sign,grp3_9ff54512-IMG_20251203_093925.jpg,E:\2. UM-Student\MSC Dissertation\Urban-Vision-Benchmark\Datasets\MTSD\Prepared\MTSD-Unaugmented\MTSD-YOLO\test\images\grp3_9ff54512-IMG_20251203_093925.jpg,1020.91,200.66,2025.31,4080.0,0.668,street sign,True,True,259.3,mtsd-p9
SAM 3,street sign,grp3_9ff54512-IMG_20251203_093925.jpg,E:\2. UM-Student\MSC Dissertation\Urban-Vision-Benchmark\Datasets\MTSD\Prepared\MTSD-Unaugmented\MTSD-YOLO\test\images\grp3_9ff54512-IMG_20251203_093925.jpg,2796.26,2125.51,2840.44,2174.75,0.3066,street sign,True,True,259.3,mtsd-p9
SAM 3,street sign,grp3_9ff54512-IMG_20251203_093925.jpg,E:\2. UM-Student\MSC Dissertation\Urban-Vision-Benchmark\Datasets\MTSD\Prepared\MTSD-Unaugmented\MTSD-YOLO\test\images\grp3_9ff54512-IMG_20251203_093925.jpg,1020.25,194.7,2025.59,1185.09,0.9102,street sign,True,True,259.3,mtsd-p9
SAM 3,street sign,grp3_a2b6698c-IMG_4431.jpeg,E:\2. UM-Student\MSC Dissertation\Urban-Vision-Benchmark\Datasets\MTSD\Prepared\MTSD-Unaugmented\MTSD-YOLO\test\images\grp3_a2b6698c-IMG_4431.jpeg,,,,,,<no detections>,False,True,157.5,mtsd-p9
SAM 3,street sign,grp3_a5739f60-IMG_20251203_120925.jpg,E:\2. UM-Student\MSC Dissertation\Urban-Vision-Benchmark\Datasets\MTSD\Prepared\MTSD-Unaugmented\MTSD-YOLO\test\images\grp3_a5739f60-IMG_20251203_120925.jpg,1447.62,3303.1,1551.66,3833.32,0.5586,street sign,True,True,252.2,mtsd-p9
SAM 3,street sign,grp3_a5739f60-IMG_20251203_120925.jpg,E:\2. UM-Student\MSC Dissertation\Urban-Vision-Benchmark\Datasets\MTSD\Prepared\MTSD-Unaugmented\MTSD-YOLO\test\images\grp3_a5739f60-IMG_20251203_120925.jpg,2740.11,2612.9,2795.01,2671.83,0.5156,street sign,True,True,252.2,mtsd-p9
SAM 3,street sign,grp3_a5739f60-IMG_20251203_120925.jpg,E:\2. UM-Student\MSC Dissertation\Urban-Vision-Benchmark\Datasets\MTSD\Prepared\MTSD-Unaugmented\MTSD-YOLO\test\images\grp3_a5739f60-IMG_20251203_120925.jpg,1255.87,259.35,2152.16,1479.37,0.4453,street sign,True,True,252.2,mtsd-p9
SAM 3,street sign,grp3_a9724b83-20251129_122439.jpg,E:\2. UM-Student\MSC Dissertation\Urban-Vision-Benchmark\Datasets\MTSD\Prepared\MTSD-Unaugmented\MTSD-YOLO\test\images\grp3_a9724b83-20251129_122439.jpg,1036.99,2810.13,1076.04,2857.07,0.3008,street sign,True,True,810.4,mtsd-p9
SAM 3,street sign,grp3_a9724b83-20251129_122439.jpg,E:\2. UM-Student\MSC Dissertation\Urban-Vision-Benchmark\Datasets\MTSD\Prepared\MTSD-Unaugmented\MTSD-YOLO\test\images\grp3_a9724b83-20251129_122439.jpg,0.0,1.18,1821.24,676.61,0.7539,street sign,True,True,810.4,mtsd-p9
SAM 3,street sign,grp3_a9724b83-20251129_122439.jpg,E:\2. UM-Student\MSC Dissertation\Urban-Vision-Benchmark\Datasets\MTSD\Prepared\MTSD-Unaugmented\MTSD-YOLO\test\images\grp3_a9724b83-20251129_122439.jpg,1987.28,2675.87,2062.29,2859.82,0.3516,street sign,True,True,810.4,mtsd-p9
SAM 3,street sign,grp3_a9724b83-20251129_122439.jpg,E:\2. UM-Student\MSC Dissertation\Urban-Vision-Benchmark\Datasets\MTSD\Prepared\MTSD-Unaugmented\MTSD-YOLO\test\images\grp3_a9724b83-20251129_122439.jpg,0.0,14.33,1818.07,4059.91,0.457,street sign,True,True,810.4,mtsd-p9
SAM 3,street sign,grp3_a9724b83-20251129_122439.jpg,E:\2. UM-Student\MSC Dissertation\Urban-Vision-Benchmark\Datasets\MTSD\Prepared\MTSD-Unaugmented\MTSD-YOLO\test\images\grp3_a9724b83-20251129_122439.jpg,0.0,329.41,1479.91,1160.91,0.6211,street sign,True,True,810.4,mtsd-p9
SAM 3,street sign,grp3_a9724b83-20251129_122439.jpg,E:\2. UM-Student\MSC Dissertation\Urban-Vision-Benchmark\Datasets\MTSD\Prepared\MTSD-Unaugmented\MTSD-YOLO\test\images\grp3_a9724b83-20251129_122439.jpg,0.0,0.0,1823.02,1158.32,0.5195,street sign,True,True,810.4,mtsd-p9
SAM 3,street sign,grp3_a9724b83-20251129_122439.jpg,E:\2. UM-Student\MSC Dissertation\Urban-Vision-Benchmark\Datasets\MTSD\Prepared\MTSD-Unaugmented\MTSD-YOLO\test\images\grp3_a9724b83-20251129_122439.jpg,1189.51,1025.18,1573.79,4080.0,0.3066,street sign,True,True,810.4,mtsd-p9
SAM 3,street sign,grp3_a9724b83-20251129_122439.jpg,E:\2. UM-Student\MSC Dissertation\Urban-Vision-Benchmark\Datasets\MTSD\Prepared\MTSD-Unaugmented\MTSD-YOLO\test\images\grp3_a9724b83-20251129_122439.jpg,1763.81,2966.08,1816.57,3100.45,0.7305,street sign,True,True,810.4,mtsd-p9
SAM 3,street sign,grp3_a9724b83-20251129_122439.jpg,E:\2. UM-Student\MSC Dissertation\Urban-Vision-Benchmark\Datasets\MTSD\Prepared\MTSD-Unaugmented\MTSD-YOLO\test\images\grp3_a9724b83-20251129_122439.jpg,1187.46,1005.71,1465.53,1967.03,0.9062,street sign,True,True,810.4,mtsd-p9
SAM 3,street sign,grp3_a9724b83-20251129_122439.jpg,E:\2. UM-Student\MSC Dissertation\Urban-Vision-Benchmark\Datasets\MTSD\Prepared\MTSD-Unaugmented\MTSD-YOLO\test\images\grp3_a9724b83-20251129_122439.jpg,1267.28,1951.42,1465.17,2643.96,0.9141,street sign,True,True,810.4,mtsd-p9
SAM 3,street sign,grp3_a9724b83-20251129_122439.jpg,E:\2. UM-Student\MSC Dissertation\Urban-Vision-Benchmark\Datasets\MTSD\Prepared\MTSD-Unaugmented\MTSD-YOLO\test\images\grp3_a9724b83-20251129_122439.jpg,1402.7,1215.73,1577.78,1857.2,0.8125,street sign,True,True,810.4,mtsd-p9
SAM 3,street sign,grp3_a9724b83-20251129_122439.jpg,E:\2. UM-Student\MSC Dissertation\Urban-Vision-Benchmark\Datasets\MTSD\Prepared\MTSD-Unaugmented\MTSD-YOLO\test\images\grp3_a9724b83-20251129_122439.jpg,979.23,3878.8,1193.34,4080.0,0.8125,street sign,True,True,810.4,mtsd-p9
SAM 3,street sign,grp3_ae42a8a0-20251129_121839.jpg,E:\2. UM-Student\MSC Dissertation\Urban-Vision-Benchmark\Datasets\MTSD\Prepared\MTSD-Unaugmented\MTSD-YOLO\test\images\grp3_ae42a8a0-20251129_121839.jpg,1110.6,1142.59,1847.29,4080.0,0.4238,street sign,True,True,194.2,mtsd-p9
SAM 3,street sign,grp3_ae42a8a0-20251129_121839.jpg,E:\2. UM-Student\MSC Dissertation\Urban-Vision-Benchmark\Datasets\MTSD\Prepared\MTSD-Unaugmented\MTSD-YOLO\test\images\grp3_ae42a8a0-20251129_121839.jpg,1122.78,1795.75,1882.86,2542.67,0.9336,street sign,True,True,194.2,mtsd-p9
SAM 3,street sign,grp3_ae42a8a0-20251129_121839.jpg,E:\2. UM-Student\MSC Dissertation\Urban-Vision-Benchmark\Datasets\MTSD\Prepared\MTSD-Unaugmented\MTSD-YOLO\test\images\grp3_ae42a8a0-20251129_121839.jpg,1107.62,1140.31,1821.52,1815.99,0.9609,street sign,True,True,194.2,mtsd-p9
SAM 3,street sign,grp3_aebbbcad-IMG_9204.jpg,E:\2. UM-Student\MSC Dissertation\Urban-Vision-Benchmark\Datasets\MTSD\Prepared\MTSD-Unaugmented\MTSD-YOLO\test\images\grp3_aebbbcad-IMG_9204.jpg,2429.04,3577.02,2631.43,3786.04,0.8828,street sign,True,True,705.7,mtsd-p9
SAM 3,street sign,grp3_aebbbcad-IMG_9204.jpg,E:\2. UM-Student\MSC Dissertation\Urban-Vision-Benchmark\Datasets\MTSD\Prepared\MTSD-Unaugmented\MTSD-YOLO\test\images\grp3_aebbbcad-IMG_9204.jpg,1115.93,3741.6,1201.13,3856.53,0.5625,street sign,True,True,705.7,mtsd-p9
SAM 3,street sign,grp3_aebbbcad-IMG_9204.jpg,E:\2. UM-Student\MSC Dissertation\Urban-Vision-Benchmark\Datasets\MTSD\Prepared\MTSD-Unaugmented\MTSD-YOLO\test\images\grp3_aebbbcad-IMG_9204.jpg,1318.17,3656.96,1575.77,3852.94,0.8086,street sign,True,True,705.7,mtsd-p9
SAM 3,street sign,grp3_aebbbcad-IMG_9204.jpg,E:\2. UM-Student\MSC Dissertation\Urban-Vision-Benchmark\Datasets\MTSD\Prepared\MTSD-Unaugmented\MTSD-YOLO\test\images\grp3_aebbbcad-IMG_9204.jpg,1639.78,1050.84,2736.24,5712.0,0.5,street sign,True,True,705.7,mtsd-p9
SAM 3,street sign,grp3_aebbbcad-IMG_9204.jpg,E:\2. UM-Student\MSC Dissertation\Urban-Vision-Benchmark\Datasets\MTSD\Prepared\MTSD-Unaugmented\MTSD-YOLO\test\images\grp3_aebbbcad-IMG_9204.jpg,1635.96,1051.89,2739.32,2157.22,0.9062,street sign,True,True,705.7,mtsd-p9
SAM 3,street sign,grp3_aebbbcad-IMG_9204.jpg,E:\2. UM-Student\MSC Dissertation\Urban-Vision-Benchmark\Datasets\MTSD\Prepared\MTSD-Unaugmented\MTSD-YOLO\test\images\grp3_aebbbcad-IMG_9204.jpg,2474.63,3351.69,2639.66,4052.41,0.3027,street sign,True,True,705.7,mtsd-p9
SAM 3,street sign,grp3_aebbbcad-IMG_9204.jpg,E:\2. UM-Student\MSC Dissertation\Urban-Vision-Benchmark\Datasets\MTSD\Prepared\MTSD-Unaugmented\MTSD-YOLO\test\images\grp3_aebbbcad-IMG_9204.jpg,2481.16,3335.39,2642.29,3573.4,0.4336,street sign,True,True,705.7,mtsd-p9
SAM 3,street sign,grp3_b05e6955-IMG_4433.jpeg,E:\2. UM-Student\MSC Dissertation\Urban-Vision-Benchmark\Datasets\MTSD\Prepared\MTSD-Unaugmented\MTSD-YOLO\test\images\grp3_b05e6955-IMG_4433.jpeg,,,,,,<no detections>,False,True,155.9,mtsd-p9
SAM 3,street sign,grp3_c0cc3ce0-IMG_20251203_115646.jpg,E:\2. UM-Student\MSC Dissertation\Urban-Vision-Benchmark\Datasets\MTSD\Prepared\MTSD-Unaugmented\MTSD-YOLO\test\images\grp3_c0cc3ce0-IMG_20251203_115646.jpg,1200.51,539.83,2016.49,4080.0,0.3555,street sign,True,True,214.3,mtsd-p9
SAM 3,street sign,grp3_c0cc3ce0-IMG_20251203_115646.jpg,E:\2. UM-Student\MSC Dissertation\Urban-Vision-Benchmark\Datasets\MTSD\Prepared\MTSD-Unaugmented\MTSD-YOLO\test\images\grp3_c0cc3ce0-IMG_20251203_115646.jpg,1286.78,1509.89,1941.04,2343.54,0.9414,street sign,True,True,214.3,mtsd-p9
SAM 3,street sign,grp3_c0cc3ce0-IMG_20251203_115646.jpg,E:\2. UM-Student\MSC Dissertation\Urban-Vision-Benchmark\Datasets\MTSD\Prepared\MTSD-Unaugmented\MTSD-YOLO\test\images\grp3_c0cc3ce0-IMG_20251203_115646.jpg,1151.32,533.9,2040.12,1589.67,0.9609,street sign,True,True,214.3,mtsd-p9
SAM 3,street sign,grp3_c7a58be8-IMG_20251203_121028.jpg,E:\2. UM-Student\MSC Dissertation\Urban-Vision-Benchmark\Datasets\MTSD\Prepared\MTSD-Unaugmented\MTSD-YOLO\test\images\grp3_c7a58be8-IMG_20251203_121028.jpg,655.07,734.06,810.51,1340.82,0.5859,street sign,True,True,238.9,mtsd-p9
SAM 3,street sign,grp3_c7a58be8-IMG_20251203_121028.jpg,E:\2. UM-Student\MSC Dissertation\Urban-Vision-Benchmark\Datasets\MTSD\Prepared\MTSD-Unaugmented\MTSD-YOLO\test\images\grp3_c7a58be8-IMG_20251203_121028.jpg,1269.51,400.63,2051.23,4080.0,0.582,street sign,True,True,238.9,mtsd-p9
SAM 3,street sign,grp3_c7a58be8-IMG_20251203_121028.jpg,E:\2. UM-Student\MSC Dissertation\Urban-Vision-Benchmark\Datasets\MTSD\Prepared\MTSD-Unaugmented\MTSD-YOLO\test\images\grp3_c7a58be8-IMG_20251203_121028.jpg,1265.07,397.43,2050.29,1754.46,0.6367,street sign,True,True,238.9,mtsd-p9
SAM 3,street sign,grp3_ca162d3e-20251129_114653.jpg,E:\2. UM-Student\MSC Dissertation\Urban-Vision-Benchmark\Datasets\MTSD\Prepared\MTSD-Unaugmented\MTSD-YOLO\test\images\grp3_ca162d3e-20251129_114653.jpg,0.0,2389.96,68.72,2466.08,0.75,street sign,True,True,504.5,mtsd-p9
SAM 3,street sign,grp3_ca162d3e-20251129_114653.jpg,E:\2. UM-Student\MSC Dissertation\Urban-Vision-Benchmark\Datasets\MTSD\Prepared\MTSD-Unaugmented\MTSD-YOLO\test\images\grp3_ca162d3e-20251129_114653.jpg,2171.85,2589.95,2253.8,3073.23,0.625,street sign,True,True,504.5,mtsd-p9
SAM 3,street sign,grp3_ca162d3e-20251129_114653.jpg,E:\2. UM-Student\MSC Dissertation\Urban-Vision-Benchmark\Datasets\MTSD\Prepared\MTSD-Unaugmented\MTSD-YOLO\test\images\grp3_ca162d3e-20251129_114653.jpg,0.0,2536.8,38.35,2576.58,0.5938,street sign,True,True,504.5,mtsd-p9
SAM 3,street sign,grp3_ca162d3e-20251129_114653.jpg,E:\2. UM-Student\MSC Dissertation\Urban-Vision-Benchmark\Datasets\MTSD\Prepared\MTSD-Unaugmented\MTSD-YOLO\test\images\grp3_ca162d3e-20251129_114653.jpg,1480.88,2818.56,1570.97,2993.82,0.3613,street sign,True,True,504.5,mtsd-p9
SAM 3,street sign,grp3_ca162d3e-20251129_114653.jpg,E:\2. UM-Student\MSC Dissertation\Urban-Vision-Benchmark\Datasets\MTSD\Prepared\MTSD-Unaugmented\MTSD-YOLO\test\images\grp3_ca162d3e-20251129_114653.jpg,2171.73,2592.01,2250.19,2712.93,0.8438,street sign,True,True,504.5,mtsd-p9
SAM 3,street sign,grp3_ca162d3e-20251129_114653.jpg,E:\2. UM-Student\MSC Dissertation\Urban-Vision-Benchmark\Datasets\MTSD\Prepared\MTSD-Unaugmented\MTSD-YOLO\test\images\grp3_ca162d3e-20251129_114653.jpg,940.93,1385.19,1858.59,4080.0,0.6094,street sign,True,True,504.5,mtsd-p9
SAM 3,street sign,grp3_ca162d3e-20251129_114653.jpg,E:\2. UM-Student\MSC Dissertation\Urban-Vision-Benchmark\Datasets\MTSD\Prepared\MTSD-Unaugmented\MTSD-YOLO\test\images\grp3_ca162d3e-20251129_114653.jpg,939.21,1388.75,1852.53,2319.81,0.875,street sign,True,True,504.5,mtsd-p9
SAM 3,street sign,grp3_cb90b89e-IMG_9211.jpg,E:\2. UM-Student\MSC Dissertation\Urban-Vision-Benchmark\Datasets\MTSD\Prepared\MTSD-Unaugmented\MTSD-YOLO\test\images\grp3_cb90b89e-IMG_9211.jpg,2698.05,4135.18,2908.48,4283.21,0.6562,street sign,True,True,940.7,mtsd-p9
SAM 3,street sign,grp3_cb90b89e-IMG_9211.jpg,E:\2. UM-Student\MSC Dissertation\Urban-Vision-Benchmark\Datasets\MTSD\Prepared\MTSD-Unaugmented\MTSD-YOLO\test\images\grp3_cb90b89e-IMG_9211.jpg,911.07,4474.95,1021.34,4566.92,0.3105,street sign,True,True,940.7,mtsd-p9
SAM 3,street sign,grp3_cb90b89e-IMG_9211.jpg,E:\2. UM-Student\MSC Dissertation\Urban-Vision-Benchmark\Datasets\MTSD\Prepared\MTSD-Unaugmented\MTSD-YOLO\test\images\grp3_cb90b89e-IMG_9211.jpg,904.9,4474.31,1023.28,4630.81,0.4609,street sign,True,True,940.7,mtsd-p9
SAM 3,street sign,grp3_cb90b89e-IMG_9211.jpg,E:\2. UM-Student\MSC Dissertation\Urban-Vision-Benchmark\Datasets\MTSD\Prepared\MTSD-Unaugmented\MTSD-YOLO\test\images\grp3_cb90b89e-IMG_9211.jpg,674.77,4750.61,782.84,4898.27,0.4102,street sign,True,True,940.7,mtsd-p9
SAM 3,street sign,grp3_cb90b89e-IMG_9211.jpg,E:\2. UM-Student\MSC Dissertation\Urban-Vision-Benchmark\Datasets\MTSD\Prepared\MTSD-Unaugmented\MTSD-YOLO\test\images\grp3_cb90b89e-IMG_9211.jpg,901.14,4568.07,1002.71,4631.76,0.3105,street sign,True,True,940.7,mtsd-p9
SAM 3,street sign,grp3_cb90b89e-IMG_9211.jpg,E:\2. UM-Student\MSC Dissertation\Urban-Vision-Benchmark\Datasets\MTSD\Prepared\MTSD-Unaugmented\MTSD-YOLO\test\images\grp3_cb90b89e-IMG_9211.jpg,1300.18,1599.75,2564.79,5712.0,0.4688,street sign,True,True,940.7,mtsd-p9
SAM 3,street sign,grp3_cb90b89e-IMG_9211.jpg,E:\2. UM-Student\MSC Dissertation\Urban-Vision-Benchmark\Datasets\MTSD\Prepared\MTSD-Unaugmented\MTSD-YOLO\test\images\grp3_cb90b89e-IMG_9211.jpg,1303.47,1580.04,2567.02,2655.88,0.6484,street sign,True,True,940.7,mtsd-p9
SAM 3,street sign,grp3_d3cfa1f7-IMG_20251204_133658.jpg,E:\2. UM-Student\MSC Dissertation\Urban-Vision-Benchmark\Datasets\MTSD\Prepared\MTSD-Unaugmented\MTSD-YOLO\test\images\grp3_d3cfa1f7-IMG_20251204_133658.jpg,984.64,1106.25,1655.97,1578.63,0.4375,street sign,True,True,219.9,mtsd-p9
SAM 3,street sign,grp3_d3cfa1f7-IMG_20251204_133658.jpg,E:\2. UM-Student\MSC Dissertation\Urban-Vision-Benchmark\Datasets\MTSD\Prepared\MTSD-Unaugmented\MTSD-YOLO\test\images\grp3_d3cfa1f7-IMG_20251204_133658.jpg,1057.25,306.68,2029.07,3321.65,0.5117,street sign,True,True,219.9,mtsd-p9
SAM 3,street sign,grp3_d3cfa1f7-IMG_20251204_133658.jpg,E:\2. UM-Student\MSC Dissertation\Urban-Vision-Benchmark\Datasets\MTSD\Prepared\MTSD-Unaugmented\MTSD-YOLO\test\images\grp3_d3cfa1f7-IMG_20251204_133658.jpg,1057.58,301.42,2028.36,1398.92,0.5273,street sign,True,True,219.9,mtsd-p9
SAM 3,street sign,grp3_def908c3-IMG_4315.jpeg,E:\2. UM-Student\MSC Dissertation\Urban-Vision-Benchmark\Datasets\MTSD\Prepared\MTSD-Unaugmented\MTSD-YOLO\test\images\grp3_def908c3-IMG_4315.jpeg,2538.65,2460.31,2636.33,2610.45,0.3984,street sign,True,True,549.3,mtsd-p9
SAM 3,street sign,grp3_def908c3-IMG_4315.jpeg,E:\2. UM-Student\MSC Dissertation\Urban-Vision-Benchmark\Datasets\MTSD\Prepared\MTSD-Unaugmented\MTSD-YOLO\test\images\grp3_def908c3-IMG_4315.jpeg,2291.46,2612.11,2369.32,2714.77,0.7461,street sign,True,True,549.3,mtsd-p9
SAM 3,street sign,grp3_def908c3-IMG_4315.jpeg,E:\2. UM-Student\MSC Dissertation\Urban-Vision-Benchmark\Datasets\MTSD\Prepared\MTSD-Unaugmented\MTSD-YOLO\test\images\grp3_def908c3-IMG_4315.jpeg,2841.24,2456.29,3024.0,2600.39,0.4473,street sign,True,True,549.3,mtsd-p9
SAM 3,street sign,grp3_def908c3-IMG_4315.jpeg,E:\2. UM-Student\MSC Dissertation\Urban-Vision-Benchmark\Datasets\MTSD\Prepared\MTSD-Unaugmented\MTSD-YOLO\test\images\grp3_def908c3-IMG_4315.jpeg,1246.5,1395.9,1916.83,4032.0,0.7266,street sign,True,True,549.3,mtsd-p9
SAM 3,street sign,grp3_def908c3-IMG_4315.jpeg,E:\2. UM-Student\MSC Dissertation\Urban-Vision-Benchmark\Datasets\MTSD\Prepared\MTSD-Unaugmented\MTSD-YOLO\test\images\grp3_def908c3-IMG_4315.jpeg,1246.51,1387.47,1918.55,2018.99,0.8086,street sign,True,True,549.3,mtsd-p9
SAM 3,street sign,grp3_e0a623d6-IMG_9293.jpg,E:\2. UM-Student\MSC Dissertation\Urban-Vision-Benchmark\Datasets\MTSD\Prepared\MTSD-Unaugmented\MTSD-YOLO\test\images\grp3_e0a623d6-IMG_9293.jpg,2006.03,1437.31,2585.16,5712.0,0.6602,street sign,True,True,252.1,mtsd-p9
SAM 3,street sign,grp3_e0a623d6-IMG_9293.jpg,E:\2. UM-Student\MSC Dissertation\Urban-Vision-Benchmark\Datasets\MTSD\Prepared\MTSD-Unaugmented\MTSD-YOLO\test\images\grp3_e0a623d6-IMG_9293.jpg,2014.23,1452.65,2512.76,2816.02,0.9258,street sign,True,True,252.1,mtsd-p9
SAM 3,street sign,grp3_e17ffb83-20251129_115005.jpg,E:\2. UM-Student\MSC Dissertation\Urban-Vision-Benchmark\Datasets\MTSD\Prepared\MTSD-Unaugmented\MTSD-YOLO\test\images\grp3_e17ffb83-20251129_115005.jpg,1212.44,1464.12,1547.1,2367.68,0.9492,street sign,True,True,188.4,mtsd-p9
SAM 3,street sign,grp3_e337de9a-IMG_4362.jpeg,E:\2. UM-Student\MSC Dissertation\Urban-Vision-Benchmark\Datasets\MTSD\Prepared\MTSD-Unaugmented\MTSD-YOLO\test\images\grp3_e337de9a-IMG_4362.jpeg,391.73,2571.01,441.59,2649.13,0.5352,street sign,True,True,722.2,mtsd-p9
SAM 3,street sign,grp3_e337de9a-IMG_4362.jpeg,E:\2. UM-Student\MSC Dissertation\Urban-Vision-Benchmark\Datasets\MTSD\Prepared\MTSD-Unaugmented\MTSD-YOLO\test\images\grp3_e337de9a-IMG_4362.jpeg,1145.82,1586.21,1997.01,1892.58,0.9375,street sign,True,True,722.2,mtsd-p9
SAM 3,street sign,grp3_e337de9a-IMG_4362.jpeg,E:\2. UM-Student\MSC Dissertation\Urban-Vision-Benchmark\Datasets\MTSD\Prepared\MTSD-Unaugmented\MTSD-YOLO\test\images\grp3_e337de9a-IMG_4362.jpeg,2198.34,2775.92,2218.91,2837.82,0.5156,street sign,True,True,722.2,mtsd-p9
SAM 3,street sign,grp3_e337de9a-IMG_4362.jpeg,E:\2. UM-Student\MSC Dissertation\Urban-Vision-Benchmark\Datasets\MTSD\Prepared\MTSD-Unaugmented\MTSD-YOLO\test\images\grp3_e337de9a-IMG_4362.jpeg,1177.06,2737.17,1219.09,2803.09,0.3652,street sign,True,True,722.2,mtsd-p9
SAM 3,street sign,grp3_e337de9a-IMG_4362.jpeg,E:\2. UM-Student\MSC Dissertation\Urban-Vision-Benchmark\Datasets\MTSD\Prepared\MTSD-Unaugmented\MTSD-YOLO\test\images\grp3_e337de9a-IMG_4362.jpeg,2114.16,2923.2,2152.59,3010.34,0.7266,street sign,True,True,722.2,mtsd-p9
SAM 3,street sign,grp3_e337de9a-IMG_4362.jpeg,E:\2. UM-Student\MSC Dissertation\Urban-Vision-Benchmark\Datasets\MTSD\Prepared\MTSD-Unaugmented\MTSD-YOLO\test\images\grp3_e337de9a-IMG_4362.jpeg,991.78,660.14,2140.03,4032.0,0.4004,street sign,True,True,722.2,mtsd-p9
SAM 3,street sign,grp3_e337de9a-IMG_4362.jpeg,E:\2. UM-Student\MSC Dissertation\Urban-Vision-Benchmark\Datasets\MTSD\Prepared\MTSD-Unaugmented\MTSD-YOLO\test\images\grp3_e337de9a-IMG_4362.jpeg,1127.62,1869.1,1989.7,2698.83,0.8203,street sign,True,True,722.2,mtsd-p9
SAM 3,street sign,grp3_e337de9a-IMG_4362.jpeg,E:\2. UM-Student\MSC Dissertation\Urban-Vision-Benchmark\Datasets\MTSD\Prepared\MTSD-Unaugmented\MTSD-YOLO\test\images\grp3_e337de9a-IMG_4362.jpeg,980.21,656.65,2144.11,1627.65,0.9336,street sign,True,True,722.2,mtsd-p9
SAM 3,street sign,grp3_e337de9a-IMG_4362.jpeg,E:\2. UM-Student\MSC Dissertation\Urban-Vision-Benchmark\Datasets\MTSD\Prepared\MTSD-Unaugmented\MTSD-YOLO\test\images\grp3_e337de9a-IMG_4362.jpeg,396.11,2792.33,440.33,2843.83,0.4082,street sign,True,True,722.2,mtsd-p9
SAM 3,street sign,grp3_eb512649-IMG_4353.jpeg,E:\2. UM-Student\MSC Dissertation\Urban-Vision-Benchmark\Datasets\MTSD\Prepared\MTSD-Unaugmented\MTSD-YOLO\test\images\grp3_eb512649-IMG_4353.jpeg,1249.53,2024.49,1885.15,2637.29,0.8438,street sign,True,True,216.8,mtsd-p9
SAM 3,street sign,grp3_eb512649-IMG_4353.jpeg,E:\2. UM-Student\MSC Dissertation\Urban-Vision-Benchmark\Datasets\MTSD\Prepared\MTSD-Unaugmented\MTSD-YOLO\test\images\grp3_eb512649-IMG_4353.jpeg,1255.28,1515.37,1872.79,4032.0,0.5898,street sign,True,True,216.8,mtsd-p9
SAM 3,street sign,grp3_eb512649-IMG_4353.jpeg,E:\2. UM-Student\MSC Dissertation\Urban-Vision-Benchmark\Datasets\MTSD\Prepared\MTSD-Unaugmented\MTSD-YOLO\test\images\grp3_eb512649-IMG_4353.jpeg,1265.09,1512.7,1868.32,2028.61,0.8438,street sign,True,True,216.8,mtsd-p9
SAM 3,street sign,grp3_eb95b9a8-IMG_9119.jpg,E:\2. UM-Student\MSC Dissertation\Urban-Vision-Benchmark\Datasets\MTSD\Prepared\MTSD-Unaugmented\MTSD-YOLO\test\images\grp3_eb95b9a8-IMG_9119.jpg,,,,,,<no detections>,False,True,244.6,mtsd-p9
SAM 3,street sign,grp3_ec385cc7-IMG_20251203_121353.jpg,E:\2. UM-Student\MSC Dissertation\Urban-Vision-Benchmark\Datasets\MTSD\Prepared\MTSD-Unaugmented\MTSD-YOLO\test\images\grp3_ec385cc7-IMG_20251203_121353.jpg,840.37,491.66,2357.89,4080.0,0.4082,street sign,True,True,205.3,mtsd-p9
SAM 3,street sign,grp3_ec385cc7-IMG_20251203_121353.jpg,E:\2. UM-Student\MSC Dissertation\Urban-Vision-Benchmark\Datasets\MTSD\Prepared\MTSD-Unaugmented\MTSD-YOLO\test\images\grp3_ec385cc7-IMG_20251203_121353.jpg,845.36,492.0,2344.6,1835.66,0.7227,street sign,True,True,205.3,mtsd-p9
SAM 3,street sign,grp3_ecbe9be3-IMG_20251204_100152.jpg,E:\2. UM-Student\MSC Dissertation\Urban-Vision-Benchmark\Datasets\MTSD\Prepared\MTSD-Unaugmented\MTSD-YOLO\test\images\grp3_ecbe9be3-IMG_20251204_100152.jpg,2318.82,531.85,2377.61,602.56,0.3945,street sign,True,True,237.8,mtsd-p9
SAM 3,street sign,grp3_ecbe9be3-IMG_20251204_100152.jpg,E:\2. UM-Student\MSC Dissertation\Urban-Vision-Benchmark\Datasets\MTSD\Prepared\MTSD-Unaugmented\MTSD-YOLO\test\images\grp3_ecbe9be3-IMG_20251204_100152.jpg,1393.66,807.94,2638.17,2376.13,0.6875,street sign,True,True,237.8,mtsd-p9
SAM 3,street sign,grp3_ecbe9be3-IMG_20251204_100152.jpg,E:\2. UM-Student\MSC Dissertation\Urban-Vision-Benchmark\Datasets\MTSD\Prepared\MTSD-Unaugmented\MTSD-YOLO\test\images\grp3_ecbe9be3-IMG_20251204_100152.jpg,867.28,422.42,988.18,518.42,0.4219,street sign,True,True,237.8,mtsd-p9
SAM 3,street sign,grp3_ecbe9be3-IMG_20251204_100152.jpg,E:\2. UM-Student\MSC Dissertation\Urban-Vision-Benchmark\Datasets\MTSD\Prepared\MTSD-Unaugmented\MTSD-YOLO\test\images\grp3_ecbe9be3-IMG_20251204_100152.jpg,1391.13,801.27,2638.85,4079.43,0.6094,street sign,True,True,237.8,mtsd-p9
SAM 3,street sign,grp3_f2a7e32a-IMG_4334.jpeg,E:\2. UM-Student\MSC Dissertation\Urban-Vision-Benchmark\Datasets\MTSD\Prepared\MTSD-Unaugmented\MTSD-YOLO\test\images\grp3_f2a7e32a-IMG_4334.jpeg,0.0,1205.17,97.95,1399.44,0.498,street sign,True,True,437.9,mtsd-p9
SAM 3,street sign,grp3_f2a7e32a-IMG_4334.jpeg,E:\2. UM-Student\MSC Dissertation\Urban-Vision-Benchmark\Datasets\MTSD\Prepared\MTSD-Unaugmented\MTSD-YOLO\test\images\grp3_f2a7e32a-IMG_4334.jpeg,794.91,2496.61,906.15,2558.47,0.3125,street sign,True,True,437.9,mtsd-p9
SAM 3,street sign,grp3_f2a7e32a-IMG_4334.jpeg,E:\2. UM-Student\MSC Dissertation\Urban-Vision-Benchmark\Datasets\MTSD\Prepared\MTSD-Unaugmented\MTSD-YOLO\test\images\grp3_f2a7e32a-IMG_4334.jpeg,1254.62,1771.54,1835.63,2345.52,0.6914,street sign,True,True,437.9,mtsd-p9
SAM 3,street sign,grp3_f2a7e32a-IMG_4334.jpeg,E:\2. UM-Student\MSC Dissertation\Urban-Vision-Benchmark\Datasets\MTSD\Prepared\MTSD-Unaugmented\MTSD-YOLO\test\images\grp3_f2a7e32a-IMG_4334.jpeg,621.03,2499.38,662.04,2798.9,0.3066,street sign,True,True,437.9,mtsd-p9
SAM 3,street sign,grp3_f2a7e32a-IMG_4334.jpeg,E:\2. UM-Student\MSC Dissertation\Urban-Vision-Benchmark\Datasets\MTSD\Prepared\MTSD-Unaugmented\MTSD-YOLO\test\images\grp3_f2a7e32a-IMG_4334.jpeg,2669.66,2836.97,2712.21,2893.33,0.3438,street sign,True,True,437.9,mtsd-p9
SAM 3,street sign,grp3_f2a7e32a-IMG_4334.jpeg,E:\2. UM-Student\MSC Dissertation\Urban-Vision-Benchmark\Datasets\MTSD\Prepared\MTSD-Unaugmented\MTSD-YOLO\test\images\grp3_f2a7e32a-IMG_4334.jpeg,1913.52,3160.01,2131.33,3212.9,0.3984,street sign,True,True,437.9,mtsd-p9
SAM 3,street sign,grp3_f2a7e32a-IMG_4334.jpeg,E:\2. UM-Student\MSC Dissertation\Urban-Vision-Benchmark\Datasets\MTSD\Prepared\MTSD-Unaugmented\MTSD-YOLO\test\images\grp3_f2a7e32a-IMG_4334.jpeg,1254.1,1773.79,1832.94,4032.0,0.668,street sign,True,True,437.9,mtsd-p9
SAM 3,street sign,grp3_f6ba6aba-IMG_4397.jpeg,E:\2. UM-Student\MSC Dissertation\Urban-Vision-Benchmark\Datasets\MTSD\Prepared\MTSD-Unaugmented\MTSD-YOLO\test\images\grp3_f6ba6aba-IMG_4397.jpeg,1165.66,1479.27,1900.24,4032.0,0.6562,street sign,True,True,230.8,mtsd-p9
SAM 3,street sign,grp3_f6ba6aba-IMG_4397.jpeg,E:\2. UM-Student\MSC Dissertation\Urban-Vision-Benchmark\Datasets\MTSD\Prepared\MTSD-Unaugmented\MTSD-YOLO\test\images\grp3_f6ba6aba-IMG_4397.jpeg,1168.3,1482.59,1899.61,2177.28,0.9219,street sign,True,True,230.8,mtsd-p9
SAM 3,street sign,grp3_f6ba6aba-IMG_4397.jpeg,E:\2. UM-Student\MSC Dissertation\Urban-Vision-Benchmark\Datasets\MTSD\Prepared\MTSD-Unaugmented\MTSD-YOLO\test\images\grp3_f6ba6aba-IMG_4397.jpeg,1814.11,2775.4,1897.77,2854.59,0.6914,street sign,True,True,230.8,mtsd-p9
SAM 3,street sign,grp3_facbf33e-IMG_9197.jpg,E:\2. UM-Student\MSC Dissertation\Urban-Vision-Benchmark\Datasets\MTSD\Prepared\MTSD-Unaugmented\MTSD-YOLO\test\images\grp3_facbf33e-IMG_9197.jpg,2317.85,4723.84,2470.16,5633.62,0.3145,street sign,True,True,905.6,mtsd-p9
SAM 3,street sign,grp3_facbf33e-IMG_9197.jpg,E:\2. UM-Student\MSC Dissertation\Urban-Vision-Benchmark\Datasets\MTSD\Prepared\MTSD-Unaugmented\MTSD-YOLO\test\images\grp3_facbf33e-IMG_9197.jpg,2072.2,4720.92,2159.55,4938.99,0.5039,street sign,True,True,905.6,mtsd-p9
SAM 3,street sign,grp3_facbf33e-IMG_9197.jpg,E:\2. UM-Student\MSC Dissertation\Urban-Vision-Benchmark\Datasets\MTSD\Prepared\MTSD-Unaugmented\MTSD-YOLO\test\images\grp3_facbf33e-IMG_9197.jpg,754.16,4510.34,905.97,4646.1,0.3008,street sign,True,True,905.6,mtsd-p9
SAM 3,street sign,grp3_facbf33e-IMG_9197.jpg,E:\2. UM-Student\MSC Dissertation\Urban-Vision-Benchmark\Datasets\MTSD\Prepared\MTSD-Unaugmented\MTSD-YOLO\test\images\grp3_facbf33e-IMG_9197.jpg,1844.62,2078.18,2230.04,5710.22,0.5352,street sign,True,True,905.6,mtsd-p9
SAM 3,street sign,grp3_facbf33e-IMG_9197.jpg,E:\2. UM-Student\MSC Dissertation\Urban-Vision-Benchmark\Datasets\MTSD\Prepared\MTSD-Unaugmented\MTSD-YOLO\test\images\grp3_facbf33e-IMG_9197.jpg,1832.6,2076.15,2082.58,3057.79,0.8906,street sign,True,True,905.6,mtsd-p9
SAM 3,street sign,grp3_faf213d1-IMG_20251203_120236.jpg,E:\2. UM-Student\MSC Dissertation\Urban-Vision-Benchmark\Datasets\MTSD\Prepared\MTSD-Unaugmented\MTSD-YOLO\test\images\grp3_faf213d1-IMG_20251203_120236.jpg,826.73,3178.5,852.66,3213.15,0.6172,street sign,True,True,463.6,mtsd-p9
SAM 3,street sign,grp3_faf213d1-IMG_20251203_120236.jpg,E:\2. UM-Student\MSC Dissertation\Urban-Vision-Benchmark\Datasets\MTSD\Prepared\MTSD-Unaugmented\MTSD-YOLO\test\images\grp3_faf213d1-IMG_20251203_120236.jpg,942.55,943.12,1837.4,1724.27,0.4219,street sign,True,True,463.6,mtsd-p9
SAM 3,street sign,grp4_0da97af9-20251222_133337.jpg,E:\2. UM-Student\MSC Dissertation\Urban-Vision-Benchmark\Datasets\MTSD\Prepared\MTSD-Unaugmented\MTSD-YOLO\test\images\grp4_0da97af9-20251222_133337.jpg,540.96,981.74,1914.56,4000.0,0.4922,street sign,True,True,185.1,mtsd-p9
SAM 3,street sign,grp4_0da97af9-20251222_133337.jpg,E:\2. UM-Student\MSC Dissertation\Urban-Vision-Benchmark\Datasets\MTSD\Prepared\MTSD-Unaugmented\MTSD-YOLO\test\images\grp4_0da97af9-20251222_133337.jpg,540.57,983.99,1908.14,2318.1,0.8945,street sign,True,True,185.1,mtsd-p9
SAM 3,street sign,grp4_11d8a182-WhatsApp_Image_2026-01-14_at_11.12.01.jpeg,E:\2. UM-Student\MSC Dissertation\Urban-Vision-Benchmark\Datasets\MTSD\Prepared\MTSD-Unaugmented\MTSD-YOLO\test\images\grp4_11d8a182-WhatsApp_Image_2026-01-14_at_11.12.01.jpeg,304.56,1101.06,457.77,1710.46,0.4961,street sign,True,True,140.6,mtsd-p9
SAM 3,street sign,grp4_11d8a182-WhatsApp_Image_2026-01-14_at_11.12.01.jpeg,E:\2. UM-Student\MSC Dissertation\Urban-Vision-Benchmark\Datasets\MTSD\Prepared\MTSD-Unaugmented\MTSD-YOLO\test\images\grp4_11d8a182-WhatsApp_Image_2026-01-14_at_11.12.01.jpeg,631.49,879.0,829.19,2000.0,0.5195,street sign,True,True,140.6,mtsd-p9
SAM 3,street sign,grp4_11d8a182-WhatsApp_Image_2026-01-14_at_11.12.01.jpeg,E:\2. UM-Student\MSC Dissertation\Urban-Vision-Benchmark\Datasets\MTSD\Prepared\MTSD-Unaugmented\MTSD-YOLO\test\images\grp4_11d8a182-WhatsApp_Image_2026-01-14_at_11.12.01.jpeg,632.18,876.69,829.44,1078.7,0.3574,street sign,True,True,140.6,mtsd-p9
SAM 3,street sign,grp4_11d8a182-WhatsApp_Image_2026-01-14_at_11.12.01.jpeg,E:\2. UM-Student\MSC Dissertation\Urban-Vision-Benchmark\Datasets\MTSD\Prepared\MTSD-Unaugmented\MTSD-YOLO\test\images\grp4_11d8a182-WhatsApp_Image_2026-01-14_at_11.12.01.jpeg,305.91,1100.06,457.32,1267.04,0.9219,street sign,True,True,140.6,mtsd-p9
SAM 3,street sign,grp4_11d8a182-WhatsApp_Image_2026-01-14_at_11.12.01.jpeg,E:\2. UM-Student\MSC Dissertation\Urban-Vision-Benchmark\Datasets\MTSD\Prepared\MTSD-Unaugmented\MTSD-YOLO\test\images\grp4_11d8a182-WhatsApp_Image_2026-01-14_at_11.12.01.jpeg,296.16,1683.86,371.55,1827.08,0.9023,street sign,True,True,140.6,mtsd-p9
SAM 3,street sign,grp4_1d0747c0-20260107_105907.jpg,E:\2. UM-Student\MSC Dissertation\Urban-Vision-Benchmark\Datasets\MTSD\Prepared\MTSD-Unaugmented\MTSD-YOLO\test\images\grp4_1d0747c0-20260107_105907.jpg,463.32,1568.93,1307.95,2394.6,0.9414,street sign,True,True,168.4,mtsd-p9
SAM 3,street sign,grp4_1d0747c0-20260107_105907.jpg,E:\2. UM-Student\MSC Dissertation\Urban-Vision-Benchmark\Datasets\MTSD\Prepared\MTSD-Unaugmented\MTSD-YOLO\test\images\grp4_1d0747c0-20260107_105907.jpg,665.95,2412.98,1016.7,2671.69,0.6641,street sign,True,True,168.4,mtsd-p9
SAM 3,street sign,grp4_1d0747c0-20260107_105907.jpg,E:\2. UM-Student\MSC Dissertation\Urban-Vision-Benchmark\Datasets\MTSD\Prepared\MTSD-Unaugmented\MTSD-YOLO\test\images\grp4_1d0747c0-20260107_105907.jpg,350.69,594.59,1343.63,1558.61,0.9492,street sign,True,True,168.4,mtsd-p9
SAM 3,street sign,grp4_20251115_125732.jpg,E:\2. UM-Student\MSC Dissertation\Urban-Vision-Benchmark\Datasets\MTSD\Prepared\MTSD-Unaugmented\MTSD-YOLO\test\images\grp4_20251115_125732.jpg,812.27,1453.47,1818.28,3068.58,0.6875,street sign,True,True,200.6,mtsd-p9
SAM 3,street sign,grp4_20251130_114937.jpg,E:\2. UM-Student\MSC Dissertation\Urban-Vision-Benchmark\Datasets\MTSD\Prepared\MTSD-Unaugmented\MTSD-YOLO\test\images\grp4_20251130_114937.jpg,590.93,3640.91,691.32,3728.99,0.5469,street sign,True,True,203.6,mtsd-p9
SAM 3,street sign,grp4_20251130_114937.jpg,E:\2. UM-Student\MSC Dissertation\Urban-Vision-Benchmark\Datasets\MTSD\Prepared\MTSD-Unaugmented\MTSD-YOLO\test\images\grp4_20251130_114937.jpg,996.47,2014.57,1829.7,3458.44,0.8906,street sign,True,True,203.6,mtsd-p9
SAM 3,street sign,grp4_20251130_115129.jpg,E:\2. UM-Student\MSC Dissertation\Urban-Vision-Benchmark\Datasets\MTSD\Prepared\MTSD-Unaugmented\MTSD-YOLO\test\images\grp4_20251130_115129.jpg,2476.04,3238.42,2716.21,3372.17,0.3555,street sign,True,True,673.0,mtsd-p9
SAM 3,street sign,grp4_20251130_115129.jpg,E:\2. UM-Student\MSC Dissertation\Urban-Vision-Benchmark\Datasets\MTSD\Prepared\MTSD-Unaugmented\MTSD-YOLO\test\images\grp4_20251130_115129.jpg,218.37,3419.2,259.6,3513.28,0.7812,street sign,True,True,673.0,mtsd-p9
SAM 3,street sign,grp4_20251130_115129.jpg,E:\2. UM-Student\MSC Dissertation\Urban-Vision-Benchmark\Datasets\MTSD\Prepared\MTSD-Unaugmented\MTSD-YOLO\test\images\grp4_20251130_115129.jpg,1098.7,3415.2,1131.11,3501.86,0.6133,street sign,True,True,673.0,mtsd-p9
SAM 3,street sign,grp4_20251130_115129.jpg,E:\2. UM-Student\MSC Dissertation\Urban-Vision-Benchmark\Datasets\MTSD\Prepared\MTSD-Unaugmented\MTSD-YOLO\test\images\grp4_20251130_115129.jpg,703.6,3406.91,761.87,3487.12,0.8555,street sign,True,True,673.0,mtsd-p9
SAM 3,street sign,grp4_20251130_115129.jpg,E:\2. UM-Student\MSC Dissertation\Urban-Vision-Benchmark\Datasets\MTSD\Prepared\MTSD-Unaugmented\MTSD-YOLO\test\images\grp4_20251130_115129.jpg,2349.23,3312.67,2380.45,3340.41,0.4863,street sign,True,True,673.0,mtsd-p9
SAM 3,street sign,grp4_20251130_115129.jpg,E:\2. UM-Student\MSC Dissertation\Urban-Vision-Benchmark\Datasets\MTSD\Prepared\MTSD-Unaugmented\MTSD-YOLO\test\images\grp4_20251130_115129.jpg,1097.88,3411.14,1130.57,3576.87,0.4648,street sign,True,True,673.0,mtsd-p9
SAM 3,street sign,grp4_20251130_115129.jpg,E:\2. UM-Student\MSC Dissertation\Urban-Vision-Benchmark\Datasets\MTSD\Prepared\MTSD-Unaugmented\MTSD-YOLO\test\images\grp4_20251130_115129.jpg,204.28,3419.42,262.84,3727.15,0.3359,street sign,True,True,673.0,mtsd-p9
SAM 3,street sign,grp4_20251130_115129.jpg,E:\2. UM-Student\MSC Dissertation\Urban-Vision-Benchmark\Datasets\MTSD\Prepared\MTSD-Unaugmented\MTSD-YOLO\test\images\grp4_20251130_115129.jpg,2940.15,3316.36,3000.0,3419.31,0.4043,street sign,True,True,673.0,mtsd-p9
SAM 3,street sign,grp4_20251130_115129.jpg,E:\2. UM-Student\MSC Dissertation\Urban-Vision-Benchmark\Datasets\MTSD\Prepared\MTSD-Unaugmented\MTSD-YOLO\test\images\grp4_20251130_115129.jpg,1931.57,3329.39,1968.56,3381.2,0.3984,street sign,True,True,673.0,mtsd-p9
SAM 3,street sign,grp4_20251130_115129.jpg,E:\2. UM-Student\MSC Dissertation\Urban-Vision-Benchmark\Datasets\MTSD\Prepared\MTSD-Unaugmented\MTSD-YOLO\test\images\grp4_20251130_115129.jpg,864.78,2225.18,2083.47,3490.48,0.9453,street sign,True,True,673.0,mtsd-p9
SAM 3,street sign,grp4_20251130_115129.jpg,E:\2. UM-Student\MSC Dissertation\Urban-Vision-Benchmark\Datasets\MTSD\Prepared\MTSD-Unaugmented\MTSD-YOLO\test\images\grp4_20251130_115129.jpg,1181.81,3494.42,1218.97,3544.67,0.498,street sign,True,True,673.0,mtsd-p9
SAM 3,street sign,grp4_20251130_115523.jpg,E:\2. UM-Student\MSC Dissertation\Urban-Vision-Benchmark\Datasets\MTSD\Prepared\MTSD-Unaugmented\MTSD-YOLO\test\images\grp4_20251130_115523.jpg,2231.72,2861.7,2349.24,2975.21,0.7891,street sign,True,True,741.8,mtsd-p9
SAM 3,street sign,grp4_20251130_115523.jpg,E:\2. UM-Student\MSC Dissertation\Urban-Vision-Benchmark\Datasets\MTSD\Prepared\MTSD-Unaugmented\MTSD-YOLO\test\images\grp4_20251130_115523.jpg,1916.12,2857.17,1952.62,2956.62,0.5,street sign,True,True,741.8,mtsd-p9
SAM 3,street sign,grp4_20251130_115523.jpg,E:\2. UM-Student\MSC Dissertation\Urban-Vision-Benchmark\Datasets\MTSD\Prepared\MTSD-Unaugmented\MTSD-YOLO\test\images\grp4_20251130_115523.jpg,1524.51,2928.32,1571.56,2979.4,0.3262,street sign,True,True,741.8,mtsd-p9
SAM 3,street sign,grp4_20251130_115523.jpg,E:\2. UM-Student\MSC Dissertation\Urban-Vision-Benchmark\Datasets\MTSD\Prepared\MTSD-Unaugmented\MTSD-YOLO\test\images\grp4_20251130_115523.jpg,2238.56,2856.21,2355.43,3455.29,0.4238,street sign,True,True,741.8,mtsd-p9
SAM 3,street sign,grp4_20251130_115523.jpg,E:\2. UM-Student\MSC Dissertation\Urban-Vision-Benchmark\Datasets\MTSD\Prepared\MTSD-Unaugmented\MTSD-YOLO\test\images\grp4_20251130_115523.jpg,2431.58,2968.67,2457.11,3004.16,0.5547,street sign,True,True,741.8,mtsd-p9
SAM 3,street sign,grp4_20251130_115523.jpg,E:\2. UM-Student\MSC Dissertation\Urban-Vision-Benchmark\Datasets\MTSD\Prepared\MTSD-Unaugmented\MTSD-YOLO\test\images\grp4_20251130_115523.jpg,1004.19,1430.66,2028.14,3994.62,0.4609,street sign,True,True,741.8,mtsd-p9
SAM 3,street sign,grp4_20251130_115523.jpg,E:\2. UM-Student\MSC Dissertation\Urban-Vision-Benchmark\Datasets\MTSD\Prepared\MTSD-Unaugmented\MTSD-YOLO\test\images\grp4_20251130_115523.jpg,2426.49,2916.88,2461.7,2962.34,0.5664,street sign,True,True,741.8,mtsd-p9
SAM 3,street sign,grp4_20251130_115523.jpg,E:\2. UM-Student\MSC Dissertation\Urban-Vision-Benchmark\Datasets\MTSD\Prepared\MTSD-Unaugmented\MTSD-YOLO\test\images\grp4_20251130_115523.jpg,1730.97,2928.97,1794.36,2995.17,0.8008,street sign,True,True,741.8,mtsd-p9
SAM 3,street sign,grp4_20251130_115523.jpg,E:\2. UM-Student\MSC Dissertation\Urban-Vision-Benchmark\Datasets\MTSD\Prepared\MTSD-Unaugmented\MTSD-YOLO\test\images\grp4_20251130_115523.jpg,996.67,1423.43,2031.4,2500.41,0.8516,street sign,True,True,741.8,mtsd-p9
SAM 3,street sign,grp4_20251130_115523.jpg,E:\2. UM-Student\MSC Dissertation\Urban-Vision-Benchmark\Datasets\MTSD\Prepared\MTSD-Unaugmented\MTSD-YOLO\test\images\grp4_20251130_115523.jpg,2151.29,2953.81,2198.39,3008.04,0.5781,street sign,True,True,741.8,mtsd-p9
SAM 3,street sign,grp4_20251130_115532.jpg,E:\2. UM-Student\MSC Dissertation\Urban-Vision-Benchmark\Datasets\MTSD\Prepared\MTSD-Unaugmented\MTSD-YOLO\test\images\grp4_20251130_115532.jpg,1661.95,1486.54,2593.26,3251.74,0.9609,street sign,True,True,231.3,mtsd-p9
SAM 3,street sign,grp4_20251130_115532.jpg,E:\2. UM-Student\MSC Dissertation\Urban-Vision-Benchmark\Datasets\MTSD\Prepared\MTSD-Unaugmented\MTSD-YOLO\test\images\grp4_20251130_115532.jpg,731.91,1425.2,1955.83,2397.26,0.957,street sign,True,True,231.3,mtsd-p9
SAM 3,street sign,grp4_20251130_115532.jpg,E:\2. UM-Student\MSC Dissertation\Urban-Vision-Benchmark\Datasets\MTSD\Prepared\MTSD-Unaugmented\MTSD-YOLO\test\images\grp4_20251130_115532.jpg,1252.69,2828.99,1575.55,3777.75,0.5781,street sign,True,True,231.3,mtsd-p9
SAM 3,street sign,grp4_20251130_115613.jpg,E:\2. UM-Student\MSC Dissertation\Urban-Vision-Benchmark\Datasets\MTSD\Prepared\MTSD-Unaugmented\MTSD-YOLO\test\images\grp4_20251130_115613.jpg,1182.73,1475.03,1442.13,3056.2,0.9375,street sign,True,True,208.4,mtsd-p9
SAM 3,street sign,grp4_20251130_115613.jpg,E:\2. UM-Student\MSC Dissertation\Urban-Vision-Benchmark\Datasets\MTSD\Prepared\MTSD-Unaugmented\MTSD-YOLO\test\images\grp4_20251130_115613.jpg,195.01,0.0,706.46,603.63,0.3184,street sign,True,True,208.4,mtsd-p9
SAM 3,street sign,grp4_20251130_115807.jpg,E:\2. UM-Student\MSC Dissertation\Urban-Vision-Benchmark\Datasets\MTSD\Prepared\MTSD-Unaugmented\MTSD-YOLO\test\images\grp4_20251130_115807.jpg,726.08,2470.68,1328.55,3728.16,0.9102,street sign,True,True,182.1,mtsd-p9
SAM 3,street sign,grp4_20251130_120143.jpg,E:\2. UM-Student\MSC Dissertation\Urban-Vision-Benchmark\Datasets\MTSD\Prepared\MTSD-Unaugmented\MTSD-YOLO\test\images\grp4_20251130_120143.jpg,1523.18,1684.95,1719.57,3066.21,0.9023,street sign,True,True,184.6,mtsd-p9
SAM 3,street sign,grp4_20251130_120143.jpg,E:\2. UM-Student\MSC Dissertation\Urban-Vision-Benchmark\Datasets\MTSD\Prepared\MTSD-Unaugmented\MTSD-YOLO\test\images\grp4_20251130_120143.jpg,1541.25,1684.14,1724.47,4000.0,0.3496,street sign,True,True,184.6,mtsd-p9
SAM 3,street sign,grp4_20251130_120206.jpg,E:\2. UM-Student\MSC Dissertation\Urban-Vision-Benchmark\Datasets\MTSD\Prepared\MTSD-Unaugmented\MTSD-YOLO\test\images\grp4_20251130_120206.jpg,311.44,3921.99,347.28,3964.1,0.5664,street sign,True,True,217.0,mtsd-p9
SAM 3,street sign,grp4_20251130_120206.jpg,E:\2. UM-Student\MSC Dissertation\Urban-Vision-Benchmark\Datasets\MTSD\Prepared\MTSD-Unaugmented\MTSD-YOLO\test\images\grp4_20251130_120206.jpg,1041.15,1525.75,2192.2,2799.14,0.8477,street sign,True,True,217.0,mtsd-p9
SAM 3,street sign,grp4_20251219_134240.jpg,E:\2. UM-Student\MSC Dissertation\Urban-Vision-Benchmark\Datasets\MTSD\Prepared\MTSD-Unaugmented\MTSD-YOLO\test\images\grp4_20251219_134240.jpg,2781.81,3646.67,2847.25,3770.49,0.6445,street sign,True,True,478.3,mtsd-p9
SAM 3,street sign,grp4_20251219_134240.jpg,E:\2. UM-Student\MSC Dissertation\Urban-Vision-Benchmark\Datasets\MTSD\Prepared\MTSD-Unaugmented\MTSD-YOLO\test\images\grp4_20251219_134240.jpg,1155.28,1046.43,1875.79,4000.0,0.375,street sign,True,True,478.3,mtsd-p9
SAM 3,street sign,grp4_20251219_134240.jpg,E:\2. UM-Student\MSC Dissertation\Urban-Vision-Benchmark\Datasets\MTSD\Prepared\MTSD-Unaugmented\MTSD-YOLO\test\images\grp4_20251219_134240.jpg,2939.88,3870.73,2984.56,3969.25,0.3535,street sign,True,True,478.3,mtsd-p9
SAM 3,street sign,grp4_20251219_134240.jpg,E:\2. UM-Student\MSC Dissertation\Urban-Vision-Benchmark\Datasets\MTSD\Prepared\MTSD-Unaugmented\MTSD-YOLO\test\images\grp4_20251219_134240.jpg,2588.39,3511.59,2636.76,3598.43,0.6758,street sign,True,True,478.3,mtsd-p9
SAM 3,street sign,grp4_20251219_134240.jpg,E:\2. UM-Student\MSC Dissertation\Urban-Vision-Benchmark\Datasets\MTSD\Prepared\MTSD-Unaugmented\MTSD-YOLO\test\images\grp4_20251219_134240.jpg,934.8,2001.91,2071.19,3192.79,0.7656,street sign,True,True,478.3,mtsd-p9
SAM 3,street sign,grp4_20251229_142249.jpg,E:\2. UM-Student\MSC Dissertation\Urban-Vision-Benchmark\Datasets\MTSD\Prepared\MTSD-Unaugmented\MTSD-YOLO\test\images\grp4_20251229_142249.jpg,1024.44,1246.14,1567.68,3996.96,0.3125,street sign,True,True,219.2,mtsd-p9
SAM 3,street sign,grp4_20251229_142249.jpg,E:\2. UM-Student\MSC Dissertation\Urban-Vision-Benchmark\Datasets\MTSD\Prepared\MTSD-Unaugmented\MTSD-YOLO\test\images\grp4_20251229_142249.jpg,914.42,1604.4,1128.15,1945.27,0.5625,street sign,True,True,219.2,mtsd-p9
SAM 3,street sign,grp4_20251229_142249.jpg,E:\2. UM-Student\MSC Dissertation\Urban-Vision-Benchmark\Datasets\MTSD\Prepared\MTSD-Unaugmented\MTSD-YOLO\test\images\grp4_20251229_142249.jpg,717.84,2030.33,1849.08,3107.64,0.8281,street sign,True,True,219.2,mtsd-p9
SAM 3,street sign,grp4_20251229_144322.jpg,E:\2. UM-Student\MSC Dissertation\Urban-Vision-Benchmark\Datasets\MTSD\Prepared\MTSD-Unaugmented\MTSD-YOLO\test\images\grp4_20251229_144322.jpg,2123.33,2982.35,2271.3,3410.03,0.7812,street sign,True,True,255.4,mtsd-p9
SAM 3,street sign,grp4_20251229_144322.jpg,E:\2. UM-Student\MSC Dissertation\Urban-Vision-Benchmark\Datasets\MTSD\Prepared\MTSD-Unaugmented\MTSD-YOLO\test\images\grp4_20251229_144322.jpg,913.05,1671.77,2216.59,2877.67,0.875,street sign,True,True,255.4,mtsd-p9
SAM 3,street sign,grp4_20251229_144322.jpg,E:\2. UM-Student\MSC Dissertation\Urban-Vision-Benchmark\Datasets\MTSD\Prepared\MTSD-Unaugmented\MTSD-YOLO\test\images\grp4_20251229_144322.jpg,723.74,525.88,2156.73,1629.23,0.8398,street sign,True,True,255.4,mtsd-p9
SAM 3,street sign,grp4_20251229_145129.jpg,E:\2. UM-Student\MSC Dissertation\Urban-Vision-Benchmark\Datasets\MTSD\Prepared\MTSD-Unaugmented\MTSD-YOLO\test\images\grp4_20251229_145129.jpg,289.75,1443.82,2181.55,3007.92,0.8906,street sign,True,True,249.2,mtsd-p9
SAM 3,street sign,grp4_20251229_145129.jpg,E:\2. UM-Student\MSC Dissertation\Urban-Vision-Benchmark\Datasets\MTSD\Prepared\MTSD-Unaugmented\MTSD-YOLO\test\images\grp4_20251229_145129.jpg,0.3,0.0,376.39,1106.46,0.6836,street sign,True,True,249.2,mtsd-p9
SAM 3,street sign,grp4_20251229_145129.jpg,E:\2. UM-Student\MSC Dissertation\Urban-Vision-Benchmark\Datasets\MTSD\Prepared\MTSD-Unaugmented\MTSD-YOLO\test\images\grp4_20251229_145129.jpg,254.27,1447.72,2196.56,4000.0,0.334,street sign,True,True,249.2,mtsd-p9
SAM 3,street sign,grp4_20251229_145129.jpg,E:\2. UM-Student\MSC Dissertation\Urban-Vision-Benchmark\Datasets\MTSD\Prepared\MTSD-Unaugmented\MTSD-YOLO\test\images\grp4_20251229_145129.jpg,228.01,2744.59,2174.51,3721.74,0.8867,street sign,True,True,249.2,mtsd-p9
SAM 3,street sign,grp4_20251229_150136.jpg,E:\2. UM-Student\MSC Dissertation\Urban-Vision-Benchmark\Datasets\MTSD\Prepared\MTSD-Unaugmented\MTSD-YOLO\test\images\grp4_20251229_150136.jpg,443.26,2059.58,1853.69,3367.12,0.8945,street sign,True,True,253.4,mtsd-p9
SAM 3,street sign,grp4_20251229_150136.jpg,E:\2. UM-Student\MSC Dissertation\Urban-Vision-Benchmark\Datasets\MTSD\Prepared\MTSD-Unaugmented\MTSD-YOLO\test\images\grp4_20251229_150136.jpg,0.42,1382.98,460.84,2630.29,0.918,street sign,True,True,253.4,mtsd-p9
SAM 3,street sign,grp4_20251229_150136.jpg,E:\2. UM-Student\MSC Dissertation\Urban-Vision-Benchmark\Datasets\MTSD\Prepared\MTSD-Unaugmented\MTSD-YOLO\test\images\grp4_20251229_150136.jpg,457.21,1112.69,1939.09,4000.0,0.4629,street sign,True,True,253.4,mtsd-p9
SAM 3,street sign,grp4_20251229_150136.jpg,E:\2. UM-Student\MSC Dissertation\Urban-Vision-Benchmark\Datasets\MTSD\Prepared\MTSD-Unaugmented\MTSD-YOLO\test\images\grp4_20251229_150136.jpg,624.51,1143.25,1936.83,2045.01,0.9062,street sign,True,True,253.4,mtsd-p9
SAM 3,street sign,grp4_20251229_150338.jpg,E:\2. UM-Student\MSC Dissertation\Urban-Vision-Benchmark\Datasets\MTSD\Prepared\MTSD-Unaugmented\MTSD-YOLO\test\images\grp4_20251229_150338.jpg,2604.08,3907.87,2640.76,3947.91,0.5586,street sign,True,True,836.7,mtsd-p9
SAM 3,street sign,grp4_20251229_150338.jpg,E:\2. UM-Student\MSC Dissertation\Urban-Vision-Benchmark\Datasets\MTSD\Prepared\MTSD-Unaugmented\MTSD-YOLO\test\images\grp4_20251229_150338.jpg,2499.87,3876.83,2542.51,3928.07,0.5781,street sign,True,True,836.7,mtsd-p9
SAM 3,street sign,grp4_20251229_150338.jpg,E:\2. UM-Student\MSC Dissertation\Urban-Vision-Benchmark\Datasets\MTSD\Prepared\MTSD-Unaugmented\MTSD-YOLO\test\images\grp4_20251229_150338.jpg,1843.28,3820.83,1905.19,3913.91,0.8281,street sign,True,True,836.7,mtsd-p9
SAM 3,street sign,grp4_20251229_150338.jpg,E:\2. UM-Student\MSC Dissertation\Urban-Vision-Benchmark\Datasets\MTSD\Prepared\MTSD-Unaugmented\MTSD-YOLO\test\images\grp4_20251229_150338.jpg,516.27,3828.5,565.15,3909.26,0.7852,street sign,True,True,836.7,mtsd-p9
SAM 3,street sign,grp4_20251229_150338.jpg,E:\2. UM-Student\MSC Dissertation\Urban-Vision-Benchmark\Datasets\MTSD\Prepared\MTSD-Unaugmented\MTSD-YOLO\test\images\grp4_20251229_150338.jpg,2489.29,3850.24,2521.65,3891.08,0.4121,street sign,True,True,836.7,mtsd-p9
SAM 3,street sign,grp4_20251229_150338.jpg,E:\2. UM-Student\MSC Dissertation\Urban-Vision-Benchmark\Datasets\MTSD\Prepared\MTSD-Unaugmented\MTSD-YOLO\test\images\grp4_20251229_150338.jpg,985.53,3667.53,1831.42,4000.0,0.4062,street sign,True,True,836.7,mtsd-p9
SAM 3,street sign,grp4_20251229_150338.jpg,E:\2. UM-Student\MSC Dissertation\Urban-Vision-Benchmark\Datasets\MTSD\Prepared\MTSD-Unaugmented\MTSD-YOLO\test\images\grp4_20251229_150338.jpg,722.31,2467.23,1881.98,3670.67,0.9688,street sign,True,True,836.7,mtsd-p9
SAM 3,street sign,grp4_20251229_150338.jpg,E:\2. UM-Student\MSC Dissertation\Urban-Vision-Benchmark\Datasets\MTSD\Prepared\MTSD-Unaugmented\MTSD-YOLO\test\images\grp4_20251229_150338.jpg,1841.47,3920.45,1918.63,3983.03,0.6953,street sign,True,True,836.7,mtsd-p9
SAM 3,street sign,grp4_20251229_150338.jpg,E:\2. UM-Student\MSC Dissertation\Urban-Vision-Benchmark\Datasets\MTSD\Prepared\MTSD-Unaugmented\MTSD-YOLO\test\images\grp4_20251229_150338.jpg,725.9,1458.01,1945.3,2453.88,0.9531,street sign,True,True,836.7,mtsd-p9
SAM 3,street sign,grp4_20251229_150338.jpg,E:\2. UM-Student\MSC Dissertation\Urban-Vision-Benchmark\Datasets\MTSD\Prepared\MTSD-Unaugmented\MTSD-YOLO\test\images\grp4_20251229_150338.jpg,1829.44,3708.63,1899.51,3816.44,0.8203,street sign,True,True,836.7,mtsd-p9
SAM 3,street sign,grp4_20251229_151051.jpg,E:\2. UM-Student\MSC Dissertation\Urban-Vision-Benchmark\Datasets\MTSD\Prepared\MTSD-Unaugmented\MTSD-YOLO\test\images\grp4_20251229_151051.jpg,1378.12,1810.78,2081.2,2232.51,0.3594,street sign,True,True,353.9,mtsd-p9
SAM 3,street sign,grp4_20251229_151051.jpg,E:\2. UM-Student\MSC Dissertation\Urban-Vision-Benchmark\Datasets\MTSD\Prepared\MTSD-Unaugmented\MTSD-YOLO\test\images\grp4_20251229_151051.jpg,0.0,1556.32,175.03,2821.65,0.3711,street sign,True,True,353.9,mtsd-p9
SAM 3,street sign,grp4_20251229_151051.jpg,E:\2. UM-Student\MSC Dissertation\Urban-Vision-Benchmark\Datasets\MTSD\Prepared\MTSD-Unaugmented\MTSD-YOLO\test\images\grp4_20251229_151051.jpg,2391.85,3006.78,2429.09,3069.31,0.6562,street sign,True,True,353.9,mtsd-p9
SAM 3,street sign,grp4_20251229_151051.jpg,E:\2. UM-Student\MSC Dissertation\Urban-Vision-Benchmark\Datasets\MTSD\Prepared\MTSD-Unaugmented\MTSD-YOLO\test\images\grp4_20251229_151051.jpg,1227.52,2405.01,2354.9,3653.29,0.9609,street sign,True,True,353.9,mtsd-p9
SAM 3,street sign,grp4_20251229_151051.jpg,E:\2. UM-Student\MSC Dissertation\Urban-Vision-Benchmark\Datasets\MTSD\Prepared\MTSD-Unaugmented\MTSD-YOLO\test\images\grp4_20251229_151051.jpg,1024.62,1151.98,2386.47,2380.93,0.9375,street sign,True,True,353.9,mtsd-p9
SAM 3,street sign,grp4_20251229_152158.jpg,E:\2. UM-Student\MSC Dissertation\Urban-Vision-Benchmark\Datasets\MTSD\Prepared\MTSD-Unaugmented\MTSD-YOLO\test\images\grp4_20251229_152158.jpg,283.83,3959.52,383.48,4000.0,0.3047,street sign,True,True,225.5,mtsd-p9
SAM 3,street sign,grp4_20251229_152158.jpg,E:\2. UM-Student\MSC Dissertation\Urban-Vision-Benchmark\Datasets\MTSD\Prepared\MTSD-Unaugmented\MTSD-YOLO\test\images\grp4_20251229_152158.jpg,445.5,3832.22,763.15,3976.74,0.4023,street sign,True,True,225.5,mtsd-p9
SAM 3,street sign,grp4_20251229_152158.jpg,E:\2. UM-Student\MSC Dissertation\Urban-Vision-Benchmark\Datasets\MTSD\Prepared\MTSD-Unaugmented\MTSD-YOLO\test\images\grp4_20251229_152158.jpg,456.9,1305.69,2504.03,3291.81,0.8984,street sign,True,True,225.5,mtsd-p9
SAM 3,street sign,grp4_20251231_160526.jpg,E:\2. UM-Student\MSC Dissertation\Urban-Vision-Benchmark\Datasets\MTSD\Prepared\MTSD-Unaugmented\MTSD-YOLO\test\images\grp4_20251231_160526.jpg,991.95,1496.53,2010.4,2435.24,0.9688,street sign,True,True,168.0,mtsd-p9
SAM 3,street sign,grp4_20251231_160545.jpg,E:\2. UM-Student\MSC Dissertation\Urban-Vision-Benchmark\Datasets\MTSD\Prepared\MTSD-Unaugmented\MTSD-YOLO\test\images\grp4_20251231_160545.jpg,1231.38,1421.61,1571.64,2419.31,0.8867,street sign,True,True,174.3,mtsd-p9
SAM 3,street sign,grp4_20251231_160556.jpg,E:\2. UM-Student\MSC Dissertation\Urban-Vision-Benchmark\Datasets\MTSD\Prepared\MTSD-Unaugmented\MTSD-YOLO\test\images\grp4_20251231_160556.jpg,1846.64,1932.52,2038.32,2507.81,0.7656,street sign,True,True,164.1,mtsd-p9
SAM 3,street sign,grp4_219a5ac5-20251116_164504.jpg,E:\2. UM-Student\MSC Dissertation\Urban-Vision-Benchmark\Datasets\MTSD\Prepared\MTSD-Unaugmented\MTSD-YOLO\test\images\grp4_219a5ac5-20251116_164504.jpg,773.6,2409.7,1154.33,4030.79,0.9609,street sign,True,True,193.2,mtsd-p9
SAM 3,street sign,grp4_219a5ac5-20251116_164504.jpg,E:\2. UM-Student\MSC Dissertation\Urban-Vision-Benchmark\Datasets\MTSD\Prepared\MTSD-Unaugmented\MTSD-YOLO\test\images\grp4_219a5ac5-20251116_164504.jpg,2205.94,3266.83,2293.91,3423.42,0.3359,street sign,True,True,193.2,mtsd-p9
SAM 3,street sign,grp4_219a5ac5-20251116_164504.jpg,E:\2. UM-Student\MSC Dissertation\Urban-Vision-Benchmark\Datasets\MTSD\Prepared\MTSD-Unaugmented\MTSD-YOLO\test\images\grp4_219a5ac5-20251116_164504.jpg,667.63,1176.4,1307.95,2507.33,0.9609,street sign,True,True,193.2,mtsd-p9
SAM 3,street sign,grp4_21c64815-20251116_163111.jpg,E:\2. UM-Student\MSC Dissertation\Urban-Vision-Benchmark\Datasets\MTSD\Prepared\MTSD-Unaugmented\MTSD-YOLO\test\images\grp4_21c64815-20251116_163111.jpg,561.77,1170.6,1765.73,2171.41,0.957,street sign,True,True,150.6,mtsd-p9
SAM 3,street sign,grp4_22bb020a-20251222_131805.jpg,E:\2. UM-Student\MSC Dissertation\Urban-Vision-Benchmark\Datasets\MTSD\Prepared\MTSD-Unaugmented\MTSD-YOLO\test\images\grp4_22bb020a-20251222_131805.jpg,2884.23,3657.26,2999.26,3754.73,0.7891,street sign,True,True,184.1,mtsd-p9
SAM 3,street sign,grp4_22bb020a-20251222_131805.jpg,E:\2. UM-Student\MSC Dissertation\Urban-Vision-Benchmark\Datasets\MTSD\Prepared\MTSD-Unaugmented\MTSD-YOLO\test\images\grp4_22bb020a-20251222_131805.jpg,2844.86,3379.02,2986.38,3597.43,0.3398,street sign,True,True,184.1,mtsd-p9
SAM 3,street sign,grp4_22bb020a-20251222_131805.jpg,E:\2. UM-Student\MSC Dissertation\Urban-Vision-Benchmark\Datasets\MTSD\Prepared\MTSD-Unaugmented\MTSD-YOLO\test\images\grp4_22bb020a-20251222_131805.jpg,2845.15,3382.75,2991.37,3863.01,0.3047,street sign,True,True,184.1,mtsd-p9
SAM 3,street sign,grp4_22bb020a-20251222_131805.jpg,E:\2. UM-Student\MSC Dissertation\Urban-Vision-Benchmark\Datasets\MTSD\Prepared\MTSD-Unaugmented\MTSD-YOLO\test\images\grp4_22bb020a-20251222_131805.jpg,495.09,678.16,2377.53,2695.68,0.8672,street sign,True,True,184.1,mtsd-p9
SAM 3,street sign,grp4_22bb020a-20251222_131805.jpg,E:\2. UM-Student\MSC Dissertation\Urban-Vision-Benchmark\Datasets\MTSD\Prepared\MTSD-Unaugmented\MTSD-YOLO\test\images\grp4_22bb020a-20251222_131805.jpg,495.92,684.78,2380.68,4000.0,0.3828,street sign,True,True,184.1,mtsd-p9
SAM 3,street sign,grp4_25671e9a-WhatsApp_Image_2026-01-14_at_11.11.43_3.jpeg,E:\2. UM-Student\MSC Dissertation\Urban-Vision-Benchmark\Datasets\MTSD\Prepared\MTSD-Unaugmented\MTSD-YOLO\test\images\grp4_25671e9a-WhatsApp_Image_2026-01-14_at_11.11.43_3.jpeg,881.12,928.04,923.3,950.85,0.3828,street sign,True,True,168.9,mtsd-p9
SAM 3,street sign,grp4_25671e9a-WhatsApp_Image_2026-01-14_at_11.11.43_3.jpeg,E:\2. UM-Student\MSC Dissertation\Urban-Vision-Benchmark\Datasets\MTSD\Prepared\MTSD-Unaugmented\MTSD-YOLO\test\images\grp4_25671e9a-WhatsApp_Image_2026-01-14_at_11.11.43_3.jpeg,1344.0,856.32,1500.0,1064.38,0.8008,street sign,True,True,168.9,mtsd-p9
SAM 3,street sign,grp4_25671e9a-WhatsApp_Image_2026-01-14_at_11.11.43_3.jpeg,E:\2. UM-Student\MSC Dissertation\Urban-Vision-Benchmark\Datasets\MTSD\Prepared\MTSD-Unaugmented\MTSD-YOLO\test\images\grp4_25671e9a-WhatsApp_Image_2026-01-14_at_11.11.43_3.jpeg,1337.33,844.89,1481.95,1637.84,0.3281,street sign,True,True,168.9,mtsd-p9
SAM 3,street sign,grp4_25671e9a-WhatsApp_Image_2026-01-14_at_11.11.43_3.jpeg,E:\2. UM-Student\MSC Dissertation\Urban-Vision-Benchmark\Datasets\MTSD\Prepared\MTSD-Unaugmented\MTSD-YOLO\test\images\grp4_25671e9a-WhatsApp_Image_2026-01-14_at_11.11.43_3.jpeg,0.0,456.69,30.75,525.94,0.3867,street sign,True,True,168.9,mtsd-p9
SAM 3,street sign,grp4_25671e9a-WhatsApp_Image_2026-01-14_at_11.11.43_3.jpeg,E:\2. UM-Student\MSC Dissertation\Urban-Vision-Benchmark\Datasets\MTSD\Prepared\MTSD-Unaugmented\MTSD-YOLO\test\images\grp4_25671e9a-WhatsApp_Image_2026-01-14_at_11.11.43_3.jpeg,1091.88,960.26,1113.23,986.89,0.7461,street sign,True,True,168.9,mtsd-p9
SAM 3,street sign,grp4_25671e9a-WhatsApp_Image_2026-01-14_at_11.11.43_3.jpeg,E:\2. UM-Student\MSC Dissertation\Urban-Vision-Benchmark\Datasets\MTSD\Prepared\MTSD-Unaugmented\MTSD-YOLO\test\images\grp4_25671e9a-WhatsApp_Image_2026-01-14_at_11.11.43_3.jpeg,460.36,315.67,941.55,1915.09,0.3828,street sign,True,True,168.9,mtsd-p9
SAM 3,street sign,grp4_25671e9a-WhatsApp_Image_2026-01-14_at_11.11.43_3.jpeg,E:\2. UM-Student\MSC Dissertation\Urban-Vision-Benchmark\Datasets\MTSD\Prepared\MTSD-Unaugmented\MTSD-YOLO\test\images\grp4_25671e9a-WhatsApp_Image_2026-01-14_at_11.11.43_3.jpeg,541.57,770.49,876.7,1109.13,0.957,street sign,True,True,168.9,mtsd-p9
SAM 3,street sign,grp4_25671e9a-WhatsApp_Image_2026-01-14_at_11.11.43_3.jpeg,E:\2. UM-Student\MSC Dissertation\Urban-Vision-Benchmark\Datasets\MTSD\Prepared\MTSD-Unaugmented\MTSD-YOLO\test\images\grp4_25671e9a-WhatsApp_Image_2026-01-14_at_11.11.43_3.jpeg,456.81,318.89,945.71,763.82,0.9414,street sign,True,True,168.9,mtsd-p9
SAM 3,street sign,grp4_25671e9a-WhatsApp_Image_2026-01-14_at_11.11.43_3.jpeg,E:\2. UM-Student\MSC Dissertation\Urban-Vision-Benchmark\Datasets\MTSD\Prepared\MTSD-Unaugmented\MTSD-YOLO\test\images\grp4_25671e9a-WhatsApp_Image_2026-01-14_at_11.11.43_3.jpeg,931.39,1074.76,944.14,1109.08,0.3223,street sign,True,True,168.9,mtsd-p9
SAM 3,street sign,grp4_25671e9a-WhatsApp_Image_2026-01-14_at_11.11.43_3.jpeg,E:\2. UM-Student\MSC Dissertation\Urban-Vision-Benchmark\Datasets\MTSD\Prepared\MTSD-Unaugmented\MTSD-YOLO\test\images\grp4_25671e9a-WhatsApp_Image_2026-01-14_at_11.11.43_3.jpeg,929.27,1071.51,943.1,1153.62,0.3594,street sign,True,True,168.9,mtsd-p9
SAM 3,street sign,grp4_2659e726-20260107_105845.jpg,E:\2. UM-Student\MSC Dissertation\Urban-Vision-Benchmark\Datasets\MTSD\Prepared\MTSD-Unaugmented\MTSD-YOLO\test\images\grp4_2659e726-20260107_105845.jpg,477.13,1101.33,1630.25,2664.94,0.9609,street sign,True,True,195.1,mtsd-p9
SAM 3,street sign,grp4_2659e726-20260107_105845.jpg,E:\2. UM-Student\MSC Dissertation\Urban-Vision-Benchmark\Datasets\MTSD\Prepared\MTSD-Unaugmented\MTSD-YOLO\test\images\grp4_2659e726-20260107_105845.jpg,507.62,0.0,1586.48,1216.59,0.9531,street sign,True,True,195.1,mtsd-p9
SAM 3,street sign,grp4_27645844-20260107_151619.jpg,E:\2. UM-Student\MSC Dissertation\Urban-Vision-Benchmark\Datasets\MTSD\Prepared\MTSD-Unaugmented\MTSD-YOLO\test\images\grp4_27645844-20260107_151619.jpg,886.76,1154.06,920.15,1419.28,0.5273,street sign,True,True,156.7,mtsd-p9
SAM 3,street sign,grp4_27645844-20260107_151619.jpg,E:\2. UM-Student\MSC Dissertation\Urban-Vision-Benchmark\Datasets\MTSD\Prepared\MTSD-Unaugmented\MTSD-YOLO\test\images\grp4_27645844-20260107_151619.jpg,973.62,1176.04,1024.67,1424.22,0.5273,street sign,True,True,156.7,mtsd-p9
SAM 3,street sign,grp4_27645844-20260107_151619.jpg,E:\2. UM-Student\MSC Dissertation\Urban-Vision-Benchmark\Datasets\MTSD\Prepared\MTSD-Unaugmented\MTSD-YOLO\test\images\grp4_27645844-20260107_151619.jpg,885.67,1155.4,914.66,1200.32,0.6211,street sign,True,True,156.7,mtsd-p9
SAM 3,street sign,grp4_27645844-20260107_151619.jpg,E:\2. UM-Student\MSC Dissertation\Urban-Vision-Benchmark\Datasets\MTSD\Prepared\MTSD-Unaugmented\MTSD-YOLO\test\images\grp4_27645844-20260107_151619.jpg,973.97,1176.21,1024.09,1246.98,0.6133,street sign,True,True,156.7,mtsd-p9
SAM 3,street sign,grp4_27645844-20260107_151619.jpg,E:\2. UM-Student\MSC Dissertation\Urban-Vision-Benchmark\Datasets\MTSD\Prepared\MTSD-Unaugmented\MTSD-YOLO\test\images\grp4_27645844-20260107_151619.jpg,851.47,1171.06,879.13,1195.95,0.3672,street sign,True,True,156.7,mtsd-p9
SAM 3,street sign,grp4_27645844-20260107_151619.jpg,E:\2. UM-Student\MSC Dissertation\Urban-Vision-Benchmark\Datasets\MTSD\Prepared\MTSD-Unaugmented\MTSD-YOLO\test\images\grp4_27645844-20260107_151619.jpg,618.52,1138.95,683.84,1204.81,0.7891,street sign,True,True,156.7,mtsd-p9
SAM 3,street sign,grp4_27645844-20260107_151619.jpg,E:\2. UM-Student\MSC Dissertation\Urban-Vision-Benchmark\Datasets\MTSD\Prepared\MTSD-Unaugmented\MTSD-YOLO\test\images\grp4_27645844-20260107_151619.jpg,485.4,1363.18,520.71,1456.91,0.6797,street sign,True,True,156.7,mtsd-p9
SAM 3,street sign,grp4_27645844-20260107_151619.jpg,E:\2. UM-Student\MSC Dissertation\Urban-Vision-Benchmark\Datasets\MTSD\Prepared\MTSD-Unaugmented\MTSD-YOLO\test\images\grp4_27645844-20260107_151619.jpg,554.76,1366.23,593.31,1463.14,0.7344,street sign,True,True,156.7,mtsd-p9
SAM 3,street sign,grp4_27645844-20260107_151619.jpg,E:\2. UM-Student\MSC Dissertation\Urban-Vision-Benchmark\Datasets\MTSD\Prepared\MTSD-Unaugmented\MTSD-YOLO\test\images\grp4_27645844-20260107_151619.jpg,93.91,38.54,526.5,1984.0,0.375,street sign,True,True,156.7,mtsd-p9
SAM 3,street sign,grp4_27645844-20260107_151619.jpg,E:\2. UM-Student\MSC Dissertation\Urban-Vision-Benchmark\Datasets\MTSD\Prepared\MTSD-Unaugmented\MTSD-YOLO\test\images\grp4_27645844-20260107_151619.jpg,148.36,629.22,466.01,1065.97,0.957,street sign,True,True,156.7,mtsd-p9
SAM 3,street sign,grp4_27645844-20260107_151619.jpg,E:\2. UM-Student\MSC Dissertation\Urban-Vision-Benchmark\Datasets\MTSD\Prepared\MTSD-Unaugmented\MTSD-YOLO\test\images\grp4_27645844-20260107_151619.jpg,1078.95,1247.69,1116.0,1271.82,0.3223,street sign,True,True,156.7,mtsd-p9
SAM 3,street sign,grp4_27645844-20260107_151619.jpg,E:\2. UM-Student\MSC Dissertation\Urban-Vision-Benchmark\Datasets\MTSD\Prepared\MTSD-Unaugmented\MTSD-YOLO\test\images\grp4_27645844-20260107_151619.jpg,88.5,36.91,529.9,627.92,0.9531,street sign,True,True,156.7,mtsd-p9
SAM 3,street sign,grp4_27645844-20260107_151619.jpg,E:\2. UM-Student\MSC Dissertation\Urban-Vision-Benchmark\Datasets\MTSD\Prepared\MTSD-Unaugmented\MTSD-YOLO\test\images\grp4_27645844-20260107_151619.jpg,630.24,1215.34,681.24,1276.09,0.8125,street sign,True,True,156.7,mtsd-p9
SAM 3,street sign,grp4_27645844-20260107_151619.jpg,E:\2. UM-Student\MSC Dissertation\Urban-Vision-Benchmark\Datasets\MTSD\Prepared\MTSD-Unaugmented\MTSD-YOLO\test\images\grp4_27645844-20260107_151619.jpg,1055.87,1168.84,1116.0,1273.03,0.7578,street sign,True,True,156.7,mtsd-p9
SAM 3,street sign,grp4_27645844-20260107_151619.jpg,E:\2. UM-Student\MSC Dissertation\Urban-Vision-Benchmark\Datasets\MTSD\Prepared\MTSD-Unaugmented\MTSD-YOLO\test\images\grp4_27645844-20260107_151619.jpg,617.77,1138.18,682.71,1463.88,0.5312,street sign,True,True,156.7,mtsd-p9
SAM 3,street sign,grp4_27645844-20260107_151619.jpg,E:\2. UM-Student\MSC Dissertation\Urban-Vision-Benchmark\Datasets\MTSD\Prepared\MTSD-Unaugmented\MTSD-YOLO\test\images\grp4_27645844-20260107_151619.jpg,890.26,1213.99,916.72,1264.54,0.7422,street sign,True,True,156.7,mtsd-p9
SAM 3,street sign,grp4_27f66596-20260109_125516.jpg,E:\2. UM-Student\MSC Dissertation\Urban-Vision-Benchmark\Datasets\MTSD\Prepared\MTSD-Unaugmented\MTSD-YOLO\test\images\grp4_27f66596-20260109_125516.jpg,1649.15,879.44,1699.3,951.83,0.6367,street sign,True,True,416.8,mtsd-p9
SAM 3,street sign,grp4_27f66596-20260109_125516.jpg,E:\2. UM-Student\MSC Dissertation\Urban-Vision-Benchmark\Datasets\MTSD\Prepared\MTSD-Unaugmented\MTSD-YOLO\test\images\grp4_27f66596-20260109_125516.jpg,1217.54,487.11,2073.81,2049.11,0.6328,street sign,True,True,416.8,mtsd-p9
SAM 3,street sign,grp4_27f66596-20260109_125516.jpg,E:\2. UM-Student\MSC Dissertation\Urban-Vision-Benchmark\Datasets\MTSD\Prepared\MTSD-Unaugmented\MTSD-YOLO\test\images\grp4_27f66596-20260109_125516.jpg,595.42,152.92,1882.16,1917.93,0.7188,street sign,True,True,416.8,mtsd-p9
SAM 3,street sign,grp4_27f66596-20260109_125516.jpg,E:\2. UM-Student\MSC Dissertation\Urban-Vision-Benchmark\Datasets\MTSD\Prepared\MTSD-Unaugmented\MTSD-YOLO\test\images\grp4_27f66596-20260109_125516.jpg,1032.92,975.74,1100.61,1086.9,0.8125,street sign,True,True,416.8,mtsd-p9
SAM 3,street sign,grp4_27f66596-20260109_125516.jpg,E:\2. UM-Student\MSC Dissertation\Urban-Vision-Benchmark\Datasets\MTSD\Prepared\MTSD-Unaugmented\MTSD-YOLO\test\images\grp4_27f66596-20260109_125516.jpg,655.57,3149.01,729.76,3192.14,0.3672,street sign,True,True,416.8,mtsd-p9
SAM 3,street sign,grp4_27f66596-20260109_125516.jpg,E:\2. UM-Student\MSC Dissertation\Urban-Vision-Benchmark\Datasets\MTSD\Prepared\MTSD-Unaugmented\MTSD-YOLO\test\images\grp4_27f66596-20260109_125516.jpg,595.07,150.24,2053.91,3429.0,0.4531,street sign,True,True,416.8,mtsd-p9
SAM 3,street sign,grp4_27f66596-20260109_125516.jpg,E:\2. UM-Student\MSC Dissertation\Urban-Vision-Benchmark\Datasets\MTSD\Prepared\MTSD-Unaugmented\MTSD-YOLO\test\images\grp4_27f66596-20260109_125516.jpg,668.53,3191.42,721.89,3268.49,0.4238,street sign,True,True,416.8,mtsd-p9
SAM 3,street sign,grp4_303a684b-WhatsApp_Image_2026-01-14_at_11.12.36_1.jpeg,E:\2. UM-Student\MSC Dissertation\Urban-Vision-Benchmark\Datasets\MTSD\Prepared\MTSD-Unaugmented\MTSD-YOLO\test\images\grp4_303a684b-WhatsApp_Image_2026-01-14_at_11.12.36_1.jpeg,599.05,645.03,817.17,1999.01,0.6562,street sign,True,True,130.6,mtsd-p9
SAM 3,street sign,grp4_303a684b-WhatsApp_Image_2026-01-14_at_11.12.36_1.jpeg,E:\2. UM-Student\MSC Dissertation\Urban-Vision-Benchmark\Datasets\MTSD\Prepared\MTSD-Unaugmented\MTSD-YOLO\test\images\grp4_303a684b-WhatsApp_Image_2026-01-14_at_11.12.36_1.jpeg,599.74,644.57,816.27,1094.66,0.8125,street sign,True,True,130.6,mtsd-p9
SAM 3,street sign,grp4_3a0abdfb-20251116_161259.jpg,E:\2. UM-Student\MSC Dissertation\Urban-Vision-Benchmark\Datasets\MTSD\Prepared\MTSD-Unaugmented\MTSD-YOLO\test\images\grp4_3a0abdfb-20251116_161259.jpg,816.39,1573.84,1452.9,2233.11,0.9648,street sign,True,True,173.8,mtsd-p9
SAM 3,street sign,grp4_3a0abdfb-20251116_161259.jpg,E:\2. UM-Student\MSC Dissertation\Urban-Vision-Benchmark\Datasets\MTSD\Prepared\MTSD-Unaugmented\MTSD-YOLO\test\images\grp4_3a0abdfb-20251116_161259.jpg,839.65,880.36,1349.27,1917.92,0.9609,street sign,True,True,173.8,mtsd-p9
SAM 3,street sign,grp4_3a5008ad-20251222_141011.jpg,E:\2. UM-Student\MSC Dissertation\Urban-Vision-Benchmark\Datasets\MTSD\Prepared\MTSD-Unaugmented\MTSD-YOLO\test\images\grp4_3a5008ad-20251222_141011.jpg,0.0,1490.95,42.33,2498.9,0.3477,street sign,True,True,227.5,mtsd-p9
SAM 3,street sign,grp4_3a5008ad-20251222_141011.jpg,E:\2. UM-Student\MSC Dissertation\Urban-Vision-Benchmark\Datasets\MTSD\Prepared\MTSD-Unaugmented\MTSD-YOLO\test\images\grp4_3a5008ad-20251222_141011.jpg,676.28,418.44,2164.91,4000.0,0.5898,street sign,True,True,227.5,mtsd-p9
SAM 3,street sign,grp4_3a5008ad-20251222_141011.jpg,E:\2. UM-Student\MSC Dissertation\Urban-Vision-Benchmark\Datasets\MTSD\Prepared\MTSD-Unaugmented\MTSD-YOLO\test\images\grp4_3a5008ad-20251222_141011.jpg,1023.28,422.11,2163.48,2121.52,0.8789,street sign,True,True,227.5,mtsd-p9
SAM 3,street sign,grp4_3a5008ad-20251222_141011.jpg,E:\2. UM-Student\MSC Dissertation\Urban-Vision-Benchmark\Datasets\MTSD\Prepared\MTSD-Unaugmented\MTSD-YOLO\test\images\grp4_3a5008ad-20251222_141011.jpg,673.08,501.26,1728.37,2184.45,0.7227,street sign,True,True,227.5,mtsd-p9
SAM 3,street sign,grp4_420a4dea-20251222_131729.jpg,E:\2. UM-Student\MSC Dissertation\Urban-Vision-Benchmark\Datasets\MTSD\Prepared\MTSD-Unaugmented\MTSD-YOLO\test\images\grp4_420a4dea-20251222_131729.jpg,287.05,0.0,996.05,1691.19,0.6641,street sign,True,True,204.3,mtsd-p9
SAM 3,street sign,grp4_420a4dea-20251222_131729.jpg,E:\2. UM-Student\MSC Dissertation\Urban-Vision-Benchmark\Datasets\MTSD\Prepared\MTSD-Unaugmented\MTSD-YOLO\test\images\grp4_420a4dea-20251222_131729.jpg,823.07,717.0,2363.56,2473.52,0.9492,street sign,True,True,204.3,mtsd-p9
SAM 3,street sign,grp4_420a4dea-20251222_131729.jpg,E:\2. UM-Student\MSC Dissertation\Urban-Vision-Benchmark\Datasets\MTSD\Prepared\MTSD-Unaugmented\MTSD-YOLO\test\images\grp4_420a4dea-20251222_131729.jpg,816.54,708.7,2370.66,3986.71,0.3008,street sign,True,True,204.3,mtsd-p9
SAM 3,street sign,grp4_53b94993-WhatsApp_Image_2026-01-14_at_11.10.30_2.jpeg,E:\2. UM-Student\MSC Dissertation\Urban-Vision-Benchmark\Datasets\MTSD\Prepared\MTSD-Unaugmented\MTSD-YOLO\test\images\grp4_53b94993-WhatsApp_Image_2026-01-14_at_11.10.30_2.jpeg,559.3,1171.47,836.06,1511.25,0.9219,street sign,True,True,139.1,mtsd-p9
SAM 3,street sign,grp4_53b94993-WhatsApp_Image_2026-01-14_at_11.10.30_2.jpeg,E:\2. UM-Student\MSC Dissertation\Urban-Vision-Benchmark\Datasets\MTSD\Prepared\MTSD-Unaugmented\MTSD-YOLO\test\images\grp4_53b94993-WhatsApp_Image_2026-01-14_at_11.10.30_2.jpeg,996.5,1613.56,1034.57,1675.65,0.3125,street sign,True,True,139.1,mtsd-p9
SAM 3,street sign,grp4_53b94993-WhatsApp_Image_2026-01-14_at_11.10.30_2.jpeg,E:\2. UM-Student\MSC Dissertation\Urban-Vision-Benchmark\Datasets\MTSD\Prepared\MTSD-Unaugmented\MTSD-YOLO\test\images\grp4_53b94993-WhatsApp_Image_2026-01-14_at_11.10.30_2.jpeg,575.87,767.76,856.44,2000.0,0.4297,street sign,True,True,139.1,mtsd-p9
SAM 3,street sign,grp4_53b94993-WhatsApp_Image_2026-01-14_at_11.10.30_2.jpeg,E:\2. UM-Student\MSC Dissertation\Urban-Vision-Benchmark\Datasets\MTSD\Prepared\MTSD-Unaugmented\MTSD-YOLO\test\images\grp4_53b94993-WhatsApp_Image_2026-01-14_at_11.10.30_2.jpeg,887.52,1551.89,930.82,1600.88,0.5547,street sign,True,True,139.1,mtsd-p9
SAM 3,street sign,grp4_53b94993-WhatsApp_Image_2026-01-14_at_11.10.30_2.jpeg,E:\2. UM-Student\MSC Dissertation\Urban-Vision-Benchmark\Datasets\MTSD\Prepared\MTSD-Unaugmented\MTSD-YOLO\test\images\grp4_53b94993-WhatsApp_Image_2026-01-14_at_11.10.30_2.jpeg,593.46,768.15,855.21,1199.88,0.9414,street sign,True,True,139.1,mtsd-p9
SAM 3,street sign,grp4_5886bc7f-20251116_161202.jpg,E:\2. UM-Student\MSC Dissertation\Urban-Vision-Benchmark\Datasets\MTSD\Prepared\MTSD-Unaugmented\MTSD-YOLO\test\images\grp4_5886bc7f-20251116_161202.jpg,1243.79,1405.48,1400.12,1884.55,0.9453,street sign,True,True,163.4,mtsd-p9
SAM 3,street sign,grp4_5996dfea-20251116_163330.jpg,E:\2. UM-Student\MSC Dissertation\Urban-Vision-Benchmark\Datasets\MTSD\Prepared\MTSD-Unaugmented\MTSD-YOLO\test\images\grp4_5996dfea-20251116_163330.jpg,1034.89,1558.94,1164.54,2149.08,0.918,street sign,True,True,187.7,mtsd-p9
SAM 3,street sign,grp4_5996dfea-20251116_163330.jpg,E:\2. UM-Student\MSC Dissertation\Urban-Vision-Benchmark\Datasets\MTSD\Prepared\MTSD-Unaugmented\MTSD-YOLO\test\images\grp4_5996dfea-20251116_163330.jpg,1488.76,935.63,1665.71,1948.68,0.9492,street sign,True,True,187.7,mtsd-p9
SAM 3,street sign,grp4_5996dfea-20251116_163330.jpg,E:\2. UM-Student\MSC Dissertation\Urban-Vision-Benchmark\Datasets\MTSD\Prepared\MTSD-Unaugmented\MTSD-YOLO\test\images\grp4_5996dfea-20251116_163330.jpg,275.54,2332.76,332.19,2522.18,0.5078,street sign,True,True,187.7,mtsd-p9
SAM 3,street sign,grp4_5c62b2f6-20251117_104837.jpg,E:\2. UM-Student\MSC Dissertation\Urban-Vision-Benchmark\Datasets\MTSD\Prepared\MTSD-Unaugmented\MTSD-YOLO\test\images\grp4_5c62b2f6-20251117_104837.jpg,1759.63,2734.51,1785.79,2771.45,0.5117,street sign,True,True,503.9,mtsd-p9
SAM 3,street sign,grp4_5c62b2f6-20251117_104837.jpg,E:\2. UM-Student\MSC Dissertation\Urban-Vision-Benchmark\Datasets\MTSD\Prepared\MTSD-Unaugmented\MTSD-YOLO\test\images\grp4_5c62b2f6-20251117_104837.jpg,2031.05,2709.83,2075.43,2785.93,0.4922,street sign,True,True,503.9,mtsd-p9
SAM 3,street sign,grp4_5c62b2f6-20251117_104837.jpg,E:\2. UM-Student\MSC Dissertation\Urban-Vision-Benchmark\Datasets\MTSD\Prepared\MTSD-Unaugmented\MTSD-YOLO\test\images\grp4_5c62b2f6-20251117_104837.jpg,622.38,580.87,1467.32,4080.0,0.3184,street sign,True,True,503.9,mtsd-p9
SAM 3,street sign,grp4_5c62b2f6-20251117_104837.jpg,E:\2. UM-Student\MSC Dissertation\Urban-Vision-Benchmark\Datasets\MTSD\Prepared\MTSD-Unaugmented\MTSD-YOLO\test\images\grp4_5c62b2f6-20251117_104837.jpg,844.5,2686.19,884.79,2734.68,0.5586,street sign,True,True,503.9,mtsd-p9
SAM 3,street sign,grp4_5c62b2f6-20251117_104837.jpg,E:\2. UM-Student\MSC Dissertation\Urban-Vision-Benchmark\Datasets\MTSD\Prepared\MTSD-Unaugmented\MTSD-YOLO\test\images\grp4_5c62b2f6-20251117_104837.jpg,2043.21,2755.66,2078.17,2792.97,0.3301,street sign,True,True,503.9,mtsd-p9
SAM 3,street sign,grp4_5c62b2f6-20251117_104837.jpg,E:\2. UM-Student\MSC Dissertation\Urban-Vision-Benchmark\Datasets\MTSD\Prepared\MTSD-Unaugmented\MTSD-YOLO\test\images\grp4_5c62b2f6-20251117_104837.jpg,899.99,2357.03,1176.86,2696.29,0.3711,street sign,True,True,503.9,mtsd-p9
SAM 3,street sign,grp4_5c62b2f6-20251117_104837.jpg,E:\2. UM-Student\MSC Dissertation\Urban-Vision-Benchmark\Datasets\MTSD\Prepared\MTSD-Unaugmented\MTSD-YOLO\test\images\grp4_5c62b2f6-20251117_104837.jpg,426.4,1314.23,1642.49,2353.2,0.9492,street sign,True,True,503.9,mtsd-p9
SAM 3,street sign,grp4_5c62b2f6-20251117_104837.jpg,E:\2. UM-Student\MSC Dissertation\Urban-Vision-Benchmark\Datasets\MTSD\Prepared\MTSD-Unaugmented\MTSD-YOLO\test\images\grp4_5c62b2f6-20251117_104837.jpg,640.22,577.4,1448.2,1398.07,0.9531,street sign,True,True,503.9,mtsd-p9
SAM 3,street sign,grp4_5e204826-WhatsApp_Image_2026-01-14_at_11.11.36.jpeg,E:\2. UM-Student\MSC Dissertation\Urban-Vision-Benchmark\Datasets\MTSD\Prepared\MTSD-Unaugmented\MTSD-YOLO\test\images\grp4_5e204826-WhatsApp_Image_2026-01-14_at_11.11.36.jpeg,388.17,1219.11,398.54,1305.18,0.3203,street sign,True,True,138.8,mtsd-p9
SAM 3,street sign,grp4_5e204826-WhatsApp_Image_2026-01-14_at_11.11.36.jpeg,E:\2. UM-Student\MSC Dissertation\Urban-Vision-Benchmark\Datasets\MTSD\Prepared\MTSD-Unaugmented\MTSD-YOLO\test\images\grp4_5e204826-WhatsApp_Image_2026-01-14_at_11.11.36.jpeg,1487.23,1239.56,1500.0,1318.45,0.4004,street sign,True,True,138.8,mtsd-p9
SAM 3,street sign,grp4_5e204826-WhatsApp_Image_2026-01-14_at_11.11.36.jpeg,E:\2. UM-Student\MSC Dissertation\Urban-Vision-Benchmark\Datasets\MTSD\Prepared\MTSD-Unaugmented\MTSD-YOLO\test\images\grp4_5e204826-WhatsApp_Image_2026-01-14_at_11.11.36.jpeg,583.97,791.13,778.54,1780.15,0.6719,street sign,True,True,138.8,mtsd-p9
SAM 3,street sign,grp4_5e204826-WhatsApp_Image_2026-01-14_at_11.11.36.jpeg,E:\2. UM-Student\MSC Dissertation\Urban-Vision-Benchmark\Datasets\MTSD\Prepared\MTSD-Unaugmented\MTSD-YOLO\test\images\grp4_5e204826-WhatsApp_Image_2026-01-14_at_11.11.36.jpeg,586.41,791.15,777.41,978.48,0.9062,street sign,True,True,138.8,mtsd-p9
SAM 3,street sign,grp4_63c4320e-WhatsApp_Image_2026-01-14_at_11.10.32_3.jpeg,E:\2. UM-Student\MSC Dissertation\Urban-Vision-Benchmark\Datasets\MTSD\Prepared\MTSD-Unaugmented\MTSD-YOLO\test\images\grp4_63c4320e-WhatsApp_Image_2026-01-14_at_11.10.32_3.jpeg,585.36,683.69,826.73,914.5,0.9141,street sign,True,True,147.0,mtsd-p9
SAM 3,street sign,grp4_66eacd8c-20260109_124456.jpg,E:\2. UM-Student\MSC Dissertation\Urban-Vision-Benchmark\Datasets\MTSD\Prepared\MTSD-Unaugmented\MTSD-YOLO\test\images\grp4_66eacd8c-20260109_124456.jpg,843.03,852.22,1895.34,2656.56,0.9297,street sign,True,True,228.6,mtsd-p9
SAM 3,street sign,grp4_763f17c4-20260107_150842.jpg,E:\2. UM-Student\MSC Dissertation\Urban-Vision-Benchmark\Datasets\MTSD\Prepared\MTSD-Unaugmented\MTSD-YOLO\test\images\grp4_763f17c4-20260107_150842.jpg,1655.56,2891.35,1754.09,3217.56,0.3633,street sign,True,True,234.5,mtsd-p9
SAM 3,street sign,grp4_763f17c4-20260107_150842.jpg,E:\2. UM-Student\MSC Dissertation\Urban-Vision-Benchmark\Datasets\MTSD\Prepared\MTSD-Unaugmented\MTSD-YOLO\test\images\grp4_763f17c4-20260107_150842.jpg,407.72,2717.22,428.67,2802.71,0.3594,street sign,True,True,234.5,mtsd-p9
SAM 3,street sign,grp4_763f17c4-20260107_150842.jpg,E:\2. UM-Student\MSC Dissertation\Urban-Vision-Benchmark\Datasets\MTSD\Prepared\MTSD-Unaugmented\MTSD-YOLO\test\images\grp4_763f17c4-20260107_150842.jpg,127.35,2744.88,165.23,2776.09,0.5078,street sign,True,True,234.5,mtsd-p9
SAM 3,street sign,grp4_763f17c4-20260107_150842.jpg,E:\2. UM-Student\MSC Dissertation\Urban-Vision-Benchmark\Datasets\MTSD\Prepared\MTSD-Unaugmented\MTSD-YOLO\test\images\grp4_763f17c4-20260107_150842.jpg,1648.72,2888.35,1755.65,3007.06,0.9023,street sign,True,True,234.5,mtsd-p9
SAM 3,street sign,grp4_763f17c4-20260107_150842.jpg,E:\2. UM-Student\MSC Dissertation\Urban-Vision-Benchmark\Datasets\MTSD\Prepared\MTSD-Unaugmented\MTSD-YOLO\test\images\grp4_763f17c4-20260107_150842.jpg,399.29,2714.89,430.71,2906.73,0.3027,street sign,True,True,234.5,mtsd-p9
SAM 3,street sign,grp4_763f17c4-20260107_150842.jpg,E:\2. UM-Student\MSC Dissertation\Urban-Vision-Benchmark\Datasets\MTSD\Prepared\MTSD-Unaugmented\MTSD-YOLO\test\images\grp4_763f17c4-20260107_150842.jpg,1681.34,3008.38,1740.74,3117.04,0.3535,street sign,True,True,234.5,mtsd-p9
SAM 3,street sign,grp4_763f17c4-20260107_150842.jpg,E:\2. UM-Student\MSC Dissertation\Urban-Vision-Benchmark\Datasets\MTSD\Prepared\MTSD-Unaugmented\MTSD-YOLO\test\images\grp4_763f17c4-20260107_150842.jpg,127.85,2656.95,171.36,2762.6,0.3594,street sign,True,True,234.5,mtsd-p9
SAM 3,street sign,grp4_763f17c4-20260107_150842.jpg,E:\2. UM-Student\MSC Dissertation\Urban-Vision-Benchmark\Datasets\MTSD\Prepared\MTSD-Unaugmented\MTSD-YOLO\test\images\grp4_763f17c4-20260107_150842.jpg,491.63,545.63,1394.48,3496.0,0.3164,street sign,True,True,234.5,mtsd-p9
SAM 3,street sign,grp4_763f17c4-20260107_150842.jpg,E:\2. UM-Student\MSC Dissertation\Urban-Vision-Benchmark\Datasets\MTSD\Prepared\MTSD-Unaugmented\MTSD-YOLO\test\images\grp4_763f17c4-20260107_150842.jpg,64.96,2832.27,109.99,2886.31,0.4082,street sign,True,True,234.5,mtsd-p9
SAM 3,street sign,grp4_763f17c4-20260107_150842.jpg,E:\2. UM-Student\MSC Dissertation\Urban-Vision-Benchmark\Datasets\MTSD\Prepared\MTSD-Unaugmented\MTSD-YOLO\test\images\grp4_763f17c4-20260107_150842.jpg,1883.53,2799.45,1914.56,2829.18,0.3379,street sign,True,True,234.5,mtsd-p9
SAM 3,street sign,grp4_763f17c4-20260107_150842.jpg,E:\2. UM-Student\MSC Dissertation\Urban-Vision-Benchmark\Datasets\MTSD\Prepared\MTSD-Unaugmented\MTSD-YOLO\test\images\grp4_763f17c4-20260107_150842.jpg,520.89,1476.65,1357.99,2284.05,0.957,street sign,True,True,234.5,mtsd-p9
SAM 3,street sign,grp4_763f17c4-20260107_150842.jpg,E:\2. UM-Student\MSC Dissertation\Urban-Vision-Benchmark\Datasets\MTSD\Prepared\MTSD-Unaugmented\MTSD-YOLO\test\images\grp4_763f17c4-20260107_150842.jpg,484.04,548.24,1392.99,1480.15,0.9414,street sign,True,True,234.5,mtsd-p9
SAM 3,street sign,grp4_763f17c4-20260107_150842.jpg,E:\2. UM-Student\MSC Dissertation\Urban-Vision-Benchmark\Datasets\MTSD\Prepared\MTSD-Unaugmented\MTSD-YOLO\test\images\grp4_763f17c4-20260107_150842.jpg,1507.24,2763.83,1562.81,2827.96,0.3457,street sign,True,True,234.5,mtsd-p9
SAM 3,street sign,grp4_7af17460-WhatsApp_Image_2026-01-14_at_11.11.40_2.jpeg,E:\2. UM-Student\MSC Dissertation\Urban-Vision-Benchmark\Datasets\MTSD\Prepared\MTSD-Unaugmented\MTSD-YOLO\test\images\grp4_7af17460-WhatsApp_Image_2026-01-14_at_11.11.40_2.jpeg,1172.35,950.42,1240.08,1234.85,0.6055,street sign,True,True,171.5,mtsd-p9
SAM 3,street sign,grp4_7af17460-WhatsApp_Image_2026-01-14_at_11.11.40_2.jpeg,E:\2. UM-Student\MSC Dissertation\Urban-Vision-Benchmark\Datasets\MTSD\Prepared\MTSD-Unaugmented\MTSD-YOLO\test\images\grp4_7af17460-WhatsApp_Image_2026-01-14_at_11.11.40_2.jpeg,1390.84,1045.58,1414.12,1069.29,0.8008,street sign,True,True,171.5,mtsd-p9
SAM 3,street sign,grp4_7af17460-WhatsApp_Image_2026-01-14_at_11.11.40_2.jpeg,E:\2. UM-Student\MSC Dissertation\Urban-Vision-Benchmark\Datasets\MTSD\Prepared\MTSD-Unaugmented\MTSD-YOLO\test\images\grp4_7af17460-WhatsApp_Image_2026-01-14_at_11.11.40_2.jpeg,598.47,888.23,819.37,1111.16,0.8906,street sign,True,True,171.5,mtsd-p9
SAM 3,street sign,grp4_7af17460-WhatsApp_Image_2026-01-14_at_11.11.40_2.jpeg,E:\2. UM-Student\MSC Dissertation\Urban-Vision-Benchmark\Datasets\MTSD\Prepared\MTSD-Unaugmented\MTSD-YOLO\test\images\grp4_7af17460-WhatsApp_Image_2026-01-14_at_11.11.40_2.jpeg,953.55,1052.68,971.84,1080.26,0.7969,street sign,True,True,171.5,mtsd-p9
SAM 3,street sign,grp4_7af17460-WhatsApp_Image_2026-01-14_at_11.11.40_2.jpeg,E:\2. UM-Student\MSC Dissertation\Urban-Vision-Benchmark\Datasets\MTSD\Prepared\MTSD-Unaugmented\MTSD-YOLO\test\images\grp4_7af17460-WhatsApp_Image_2026-01-14_at_11.11.40_2.jpeg,953.02,1048.36,972.0,1149.05,0.3477,street sign,True,True,171.5,mtsd-p9
SAM 3,street sign,grp4_7af17460-WhatsApp_Image_2026-01-14_at_11.11.40_2.jpeg,E:\2. UM-Student\MSC Dissertation\Urban-Vision-Benchmark\Datasets\MTSD\Prepared\MTSD-Unaugmented\MTSD-YOLO\test\images\grp4_7af17460-WhatsApp_Image_2026-01-14_at_11.11.40_2.jpeg,597.12,885.22,820.2,1695.54,0.6562,street sign,True,True,171.5,mtsd-p9
SAM 3,street sign,grp4_7af17460-WhatsApp_Image_2026-01-14_at_11.11.40_2.jpeg,E:\2. UM-Student\MSC Dissertation\Urban-Vision-Benchmark\Datasets\MTSD\Prepared\MTSD-Unaugmented\MTSD-YOLO\test\images\grp4_7af17460-WhatsApp_Image_2026-01-14_at_11.11.40_2.jpeg,954.48,1034.09,967.19,1056.8,0.6797,street sign,True,True,171.5,mtsd-p9
SAM 3,street sign,grp4_7af17460-WhatsApp_Image_2026-01-14_at_11.11.40_2.jpeg,E:\2. UM-Student\MSC Dissertation\Urban-Vision-Benchmark\Datasets\MTSD\Prepared\MTSD-Unaugmented\MTSD-YOLO\test\images\grp4_7af17460-WhatsApp_Image_2026-01-14_at_11.11.40_2.jpeg,1172.84,952.37,1239.55,1017.13,0.8906,street sign,True,True,171.5,mtsd-p9
SAM 3,street sign,grp4_7af17460-WhatsApp_Image_2026-01-14_at_11.11.40_2.jpeg,E:\2. UM-Student\MSC Dissertation\Urban-Vision-Benchmark\Datasets\MTSD\Prepared\MTSD-Unaugmented\MTSD-YOLO\test\images\grp4_7af17460-WhatsApp_Image_2026-01-14_at_11.11.40_2.jpeg,563.07,609.66,860.36,884.77,0.9492,street sign,True,True,171.5,mtsd-p9
SAM 3,street sign,grp4_7af17460-WhatsApp_Image_2026-01-14_at_11.11.40_2.jpeg,E:\2. UM-Student\MSC Dissertation\Urban-Vision-Benchmark\Datasets\MTSD\Prepared\MTSD-Unaugmented\MTSD-YOLO\test\images\grp4_7af17460-WhatsApp_Image_2026-01-14_at_11.11.40_2.jpeg,1479.21,1006.73,1498.83,1029.02,0.707,street sign,True,True,171.5,mtsd-p9
SAM 3,street sign,grp4_7af17460-WhatsApp_Image_2026-01-14_at_11.11.40_2.jpeg,E:\2. UM-Student\MSC Dissertation\Urban-Vision-Benchmark\Datasets\MTSD\Prepared\MTSD-Unaugmented\MTSD-YOLO\test\images\grp4_7af17460-WhatsApp_Image_2026-01-14_at_11.11.40_2.jpeg,874.33,623.78,1089.1,849.45,0.8555,street sign,True,True,171.5,mtsd-p9
SAM 3,street sign,grp4_7af17460-WhatsApp_Image_2026-01-14_at_11.11.40_2.jpeg,E:\2. UM-Student\MSC Dissertation\Urban-Vision-Benchmark\Datasets\MTSD\Prepared\MTSD-Unaugmented\MTSD-YOLO\test\images\grp4_7af17460-WhatsApp_Image_2026-01-14_at_11.11.40_2.jpeg,1383.11,1023.39,1405.85,1047.89,0.8125,street sign,True,True,171.5,mtsd-p9
SAM 3,street sign,grp4_7af17460-WhatsApp_Image_2026-01-14_at_11.11.40_2.jpeg,E:\2. UM-Student\MSC Dissertation\Urban-Vision-Benchmark\Datasets\MTSD\Prepared\MTSD-Unaugmented\MTSD-YOLO\test\images\grp4_7af17460-WhatsApp_Image_2026-01-14_at_11.11.40_2.jpeg,1482.41,1007.25,1497.57,1071.43,0.4102,street sign,True,True,171.5,mtsd-p9
SAM 3,street sign,grp4_7b6a28a6-WhatsApp_Image_2026-01-14_at_11.10.25_4.jpeg,E:\2. UM-Student\MSC Dissertation\Urban-Vision-Benchmark\Datasets\MTSD\Prepared\MTSD-Unaugmented\MTSD-YOLO\test\images\grp4_7b6a28a6-WhatsApp_Image_2026-01-14_at_11.10.25_4.jpeg,570.79,667.82,885.55,2000.0,0.5781,street sign,True,True,134.9,mtsd-p9
SAM 3,street sign,grp4_7b6a28a6-WhatsApp_Image_2026-01-14_at_11.10.25_4.jpeg,E:\2. UM-Student\MSC Dissertation\Urban-Vision-Benchmark\Datasets\MTSD\Prepared\MTSD-Unaugmented\MTSD-YOLO\test\images\grp4_7b6a28a6-WhatsApp_Image_2026-01-14_at_11.10.25_4.jpeg,571.52,670.54,881.87,977.55,0.9414,street sign,True,True,134.9,mtsd-p9
SAM 3,street sign,grp4_81d58d34-20251222_132612.jpg,E:\2. UM-Student\MSC Dissertation\Urban-Vision-Benchmark\Datasets\MTSD\Prepared\MTSD-Unaugmented\MTSD-YOLO\test\images\grp4_81d58d34-20251222_132612.jpg,692.23,883.69,2016.46,2190.79,0.957,street sign,True,True,416.0,mtsd-p9
SAM 3,street sign,grp4_82399059-20251116_165140.jpg,E:\2. UM-Student\MSC Dissertation\Urban-Vision-Benchmark\Datasets\MTSD\Prepared\MTSD-Unaugmented\MTSD-YOLO\test\images\grp4_82399059-20251116_165140.jpg,679.73,1308.66,705.13,1376.75,0.582,street sign,True,True,423.6,mtsd-p9
SAM 3,street sign,grp4_82399059-20251116_165140.jpg,E:\2. UM-Student\MSC Dissertation\Urban-Vision-Benchmark\Datasets\MTSD\Prepared\MTSD-Unaugmented\MTSD-YOLO\test\images\grp4_82399059-20251116_165140.jpg,596.52,2132.31,1824.97,3470.29,0.3574,street sign,True,True,423.6,mtsd-p9
SAM 3,street sign,grp4_82399059-20251116_165140.jpg,E:\2. UM-Student\MSC Dissertation\Urban-Vision-Benchmark\Datasets\MTSD\Prepared\MTSD-Unaugmented\MTSD-YOLO\test\images\grp4_82399059-20251116_165140.jpg,329.25,756.15,1958.82,4076.2,0.3438,street sign,True,True,423.6,mtsd-p9
SAM 3,street sign,grp4_82399059-20251116_165140.jpg,E:\2. UM-Student\MSC Dissertation\Urban-Vision-Benchmark\Datasets\MTSD\Prepared\MTSD-Unaugmented\MTSD-YOLO\test\images\grp4_82399059-20251116_165140.jpg,327.21,2008.54,1978.77,3535.03,0.7969,street sign,True,True,423.6,mtsd-p9
SAM 3,street sign,grp4_82399059-20251116_165140.jpg,E:\2. UM-Student\MSC Dissertation\Urban-Vision-Benchmark\Datasets\MTSD\Prepared\MTSD-Unaugmented\MTSD-YOLO\test\images\grp4_82399059-20251116_165140.jpg,624.35,754.53,1730.39,2122.48,0.5312,street sign,True,True,423.6,mtsd-p9
SAM 3,street sign,grp4_83705e8e-WhatsApp_Image_2026-01-14_at_11.10.28_3.jpeg,E:\2. UM-Student\MSC Dissertation\Urban-Vision-Benchmark\Datasets\MTSD\Prepared\MTSD-Unaugmented\MTSD-YOLO\test\images\grp4_83705e8e-WhatsApp_Image_2026-01-14_at_11.10.28_3.jpeg,863.14,1273.68,883.5,1300.13,0.4434,street sign,True,True,194.1,mtsd-p9
SAM 3,street sign,grp4_83705e8e-WhatsApp_Image_2026-01-14_at_11.10.28_3.jpeg,E:\2. UM-Student\MSC Dissertation\Urban-Vision-Benchmark\Datasets\MTSD\Prepared\MTSD-Unaugmented\MTSD-YOLO\test\images\grp4_83705e8e-WhatsApp_Image_2026-01-14_at_11.10.28_3.jpeg,928.25,1133.17,952.68,1158.77,0.4609,street sign,True,True,194.1,mtsd-p9
SAM 3,street sign,grp4_83705e8e-WhatsApp_Image_2026-01-14_at_11.10.28_3.jpeg,E:\2. UM-Student\MSC Dissertation\Urban-Vision-Benchmark\Datasets\MTSD\Prepared\MTSD-Unaugmented\MTSD-YOLO\test\images\grp4_83705e8e-WhatsApp_Image_2026-01-14_at_11.10.28_3.jpeg,919.28,1200.42,968.1,1235.85,0.6289,street sign,True,True,194.1,mtsd-p9
SAM 3,street sign,grp4_83705e8e-WhatsApp_Image_2026-01-14_at_11.10.28_3.jpeg,E:\2. UM-Student\MSC Dissertation\Urban-Vision-Benchmark\Datasets\MTSD\Prepared\MTSD-Unaugmented\MTSD-YOLO\test\images\grp4_83705e8e-WhatsApp_Image_2026-01-14_at_11.10.28_3.jpeg,800.5,1220.09,826.77,1241.46,0.4082,street sign,True,True,194.1,mtsd-p9
SAM 3,street sign,grp4_83705e8e-WhatsApp_Image_2026-01-14_at_11.10.28_3.jpeg,E:\2. UM-Student\MSC Dissertation\Urban-Vision-Benchmark\Datasets\MTSD\Prepared\MTSD-Unaugmented\MTSD-YOLO\test\images\grp4_83705e8e-WhatsApp_Image_2026-01-14_at_11.10.28_3.jpeg,916.15,1128.62,966.02,1198.84,0.4512,street sign,True,True,194.1,mtsd-p9
SAM 3,street sign,grp4_83705e8e-WhatsApp_Image_2026-01-14_at_11.10.28_3.jpeg,E:\2. UM-Student\MSC Dissertation\Urban-Vision-Benchmark\Datasets\MTSD\Prepared\MTSD-Unaugmented\MTSD-YOLO\test\images\grp4_83705e8e-WhatsApp_Image_2026-01-14_at_11.10.28_3.jpeg,699.82,1223.25,725.81,1245.98,0.4414,street sign,True,True,194.1,mtsd-p9
SAM 3,street sign,grp4_83705e8e-WhatsApp_Image_2026-01-14_at_11.10.28_3.jpeg,E:\2. UM-Student\MSC Dissertation\Urban-Vision-Benchmark\Datasets\MTSD\Prepared\MTSD-Unaugmented\MTSD-YOLO\test\images\grp4_83705e8e-WhatsApp_Image_2026-01-14_at_11.10.28_3.jpeg,100.84,1155.93,145.85,1187.64,0.4824,street sign,True,True,194.1,mtsd-p9
SAM 3,street sign,grp4_83705e8e-WhatsApp_Image_2026-01-14_at_11.10.28_3.jpeg,E:\2. UM-Student\MSC Dissertation\Urban-Vision-Benchmark\Datasets\MTSD\Prepared\MTSD-Unaugmented\MTSD-YOLO\test\images\grp4_83705e8e-WhatsApp_Image_2026-01-14_at_11.10.28_3.jpeg,410.51,1206.23,439.87,1255.96,0.8164,street sign,True,True,194.1,mtsd-p9
SAM 3,street sign,grp4_83705e8e-WhatsApp_Image_2026-01-14_at_11.10.28_3.jpeg,E:\2. UM-Student\MSC Dissertation\Urban-Vision-Benchmark\Datasets\MTSD\Prepared\MTSD-Unaugmented\MTSD-YOLO\test\images\grp4_83705e8e-WhatsApp_Image_2026-01-14_at_11.10.28_3.jpeg,259.5,1200.03,280.54,1231.23,0.7773,street sign,True,True,194.1,mtsd-p9
SAM 3,street sign,grp4_83705e8e-WhatsApp_Image_2026-01-14_at_11.10.28_3.jpeg,E:\2. UM-Student\MSC Dissertation\Urban-Vision-Benchmark\Datasets\MTSD\Prepared\MTSD-Unaugmented\MTSD-YOLO\test\images\grp4_83705e8e-WhatsApp_Image_2026-01-14_at_11.10.28_3.jpeg,417.38,1169.74,436.19,1203.66,0.6758,street sign,True,True,194.1,mtsd-p9
SAM 3,street sign,grp4_83705e8e-WhatsApp_Image_2026-01-14_at_11.10.28_3.jpeg,E:\2. UM-Student\MSC Dissertation\Urban-Vision-Benchmark\Datasets\MTSD\Prepared\MTSD-Unaugmented\MTSD-YOLO\test\images\grp4_83705e8e-WhatsApp_Image_2026-01-14_at_11.10.28_3.jpeg,258.65,1165.66,283.62,1331.53,0.5312,street sign,True,True,194.1,mtsd-p9
SAM 3,street sign,grp4_83705e8e-WhatsApp_Image_2026-01-14_at_11.10.28_3.jpeg,E:\2. UM-Student\MSC Dissertation\Urban-Vision-Benchmark\Datasets\MTSD\Prepared\MTSD-Unaugmented\MTSD-YOLO\test\images\grp4_83705e8e-WhatsApp_Image_2026-01-14_at_11.10.28_3.jpeg,604.81,1013.5,840.3,1149.52,0.3516,street sign,True,True,194.1,mtsd-p9
SAM 3,street sign,grp4_83705e8e-WhatsApp_Image_2026-01-14_at_11.10.28_3.jpeg,E:\2. UM-Student\MSC Dissertation\Urban-Vision-Benchmark\Datasets\MTSD\Prepared\MTSD-Unaugmented\MTSD-YOLO\test\images\grp4_83705e8e-WhatsApp_Image_2026-01-14_at_11.10.28_3.jpeg,262.25,1162.03,282.02,1203.04,0.7266,street sign,True,True,194.1,mtsd-p9
SAM 3,street sign,grp4_83705e8e-WhatsApp_Image_2026-01-14_at_11.10.28_3.jpeg,E:\2. UM-Student\MSC Dissertation\Urban-Vision-Benchmark\Datasets\MTSD\Prepared\MTSD-Unaugmented\MTSD-YOLO\test\images\grp4_83705e8e-WhatsApp_Image_2026-01-14_at_11.10.28_3.jpeg,916.82,1128.3,967.89,1235.96,0.7344,street sign,True,True,194.1,mtsd-p9
SAM 3,street sign,grp4_83705e8e-WhatsApp_Image_2026-01-14_at_11.10.28_3.jpeg,E:\2. UM-Student\MSC Dissertation\Urban-Vision-Benchmark\Datasets\MTSD\Prepared\MTSD-Unaugmented\MTSD-YOLO\test\images\grp4_83705e8e-WhatsApp_Image_2026-01-14_at_11.10.28_3.jpeg,547.04,635.42,940.27,1999.07,0.6875,street sign,True,True,194.1,mtsd-p9
SAM 3,street sign,grp4_83705e8e-WhatsApp_Image_2026-01-14_at_11.10.28_3.jpeg,E:\2. UM-Student\MSC Dissertation\Urban-Vision-Benchmark\Datasets\MTSD\Prepared\MTSD-Unaugmented\MTSD-YOLO\test\images\grp4_83705e8e-WhatsApp_Image_2026-01-14_at_11.10.28_3.jpeg,932.99,1262.48,957.01,1296.66,0.6875,street sign,True,True,194.1,mtsd-p9
SAM 3,street sign,grp4_83705e8e-WhatsApp_Image_2026-01-14_at_11.10.28_3.jpeg,E:\2. UM-Student\MSC Dissertation\Urban-Vision-Benchmark\Datasets\MTSD\Prepared\MTSD-Unaugmented\MTSD-YOLO\test\images\grp4_83705e8e-WhatsApp_Image_2026-01-14_at_11.10.28_3.jpeg,547.52,635.56,939.57,1026.81,0.6641,street sign,True,True,194.1,mtsd-p9
SAM 3,street sign,grp4_83705e8e-WhatsApp_Image_2026-01-14_at_11.10.28_3.jpeg,E:\2. UM-Student\MSC Dissertation\Urban-Vision-Benchmark\Datasets\MTSD\Prepared\MTSD-Unaugmented\MTSD-YOLO\test\images\grp4_83705e8e-WhatsApp_Image_2026-01-14_at_11.10.28_3.jpeg,931.98,1235.96,952.79,1261.26,0.6992,street sign,True,True,194.1,mtsd-p9
SAM 3,street sign,grp4_83705e8e-WhatsApp_Image_2026-01-14_at_11.10.28_3.jpeg,E:\2. UM-Student\MSC Dissertation\Urban-Vision-Benchmark\Datasets\MTSD\Prepared\MTSD-Unaugmented\MTSD-YOLO\test\images\grp4_83705e8e-WhatsApp_Image_2026-01-14_at_11.10.28_3.jpeg,410.36,1202.12,439.09,1390.98,0.4844,street sign,True,True,194.1,mtsd-p9
SAM 3,street sign,grp4_86e58e1e-WhatsApp_Image_2026-01-14_at_11.10.21.jpeg,E:\2. UM-Student\MSC Dissertation\Urban-Vision-Benchmark\Datasets\MTSD\Prepared\MTSD-Unaugmented\MTSD-YOLO\test\images\grp4_86e58e1e-WhatsApp_Image_2026-01-14_at_11.10.21.jpeg,643.75,750.99,814.52,1199.74,0.8945,street sign,True,True,128.7,mtsd-p9
SAM 3,street sign,grp4_86e58e1e-WhatsApp_Image_2026-01-14_at_11.10.21.jpeg,E:\2. UM-Student\MSC Dissertation\Urban-Vision-Benchmark\Datasets\MTSD\Prepared\MTSD-Unaugmented\MTSD-YOLO\test\images\grp4_86e58e1e-WhatsApp_Image_2026-01-14_at_11.10.21.jpeg,762.43,338.23,956.5,792.18,0.875,street sign,True,True,128.7,mtsd-p9
SAM 3,street sign,grp4_86e58e1e-WhatsApp_Image_2026-01-14_at_11.10.21.jpeg,E:\2. UM-Student\MSC Dissertation\Urban-Vision-Benchmark\Datasets\MTSD\Prepared\MTSD-Unaugmented\MTSD-YOLO\test\images\grp4_86e58e1e-WhatsApp_Image_2026-01-14_at_11.10.21.jpeg,660.89,345.21,952.72,2000.0,0.4688,street sign,True,True,128.7,mtsd-p9
SAM 3,street sign,grp4_87ae19f5-WhatsApp_Image_2026-01-14_at_11.11.37.jpeg,E:\2. UM-Student\MSC Dissertation\Urban-Vision-Benchmark\Datasets\MTSD\Prepared\MTSD-Unaugmented\MTSD-YOLO\test\images\grp4_87ae19f5-WhatsApp_Image_2026-01-14_at_11.11.37.jpeg,652.72,1208.14,681.84,1247.57,0.8594,street sign,True,True,149.7,mtsd-p9
SAM 3,street sign,grp4_87ae19f5-WhatsApp_Image_2026-01-14_at_11.11.37.jpeg,E:\2. UM-Student\MSC Dissertation\Urban-Vision-Benchmark\Datasets\MTSD\Prepared\MTSD-Unaugmented\MTSD-YOLO\test\images\grp4_87ae19f5-WhatsApp_Image_2026-01-14_at_11.11.37.jpeg,118.63,1168.68,191.53,1436.65,0.5391,street sign,True,True,149.7,mtsd-p9
SAM 3,street sign,grp4_87ae19f5-WhatsApp_Image_2026-01-14_at_11.11.37.jpeg,E:\2. UM-Student\MSC Dissertation\Urban-Vision-Benchmark\Datasets\MTSD\Prepared\MTSD-Unaugmented\MTSD-YOLO\test\images\grp4_87ae19f5-WhatsApp_Image_2026-01-14_at_11.11.37.jpeg,118.43,1169.59,191.52,1240.69,0.8867,street sign,True,True,149.7,mtsd-p9
SAM 3,street sign,grp4_87ae19f5-WhatsApp_Image_2026-01-14_at_11.11.37.jpeg,E:\2. UM-Student\MSC Dissertation\Urban-Vision-Benchmark\Datasets\MTSD\Prepared\MTSD-Unaugmented\MTSD-YOLO\test\images\grp4_87ae19f5-WhatsApp_Image_2026-01-14_at_11.11.37.jpeg,586.8,944.69,823.37,1997.22,0.4316,street sign,True,True,149.7,mtsd-p9
SAM 3,street sign,grp4_87ae19f5-WhatsApp_Image_2026-01-14_at_11.11.37.jpeg,E:\2. UM-Student\MSC Dissertation\Urban-Vision-Benchmark\Datasets\MTSD\Prepared\MTSD-Unaugmented\MTSD-YOLO\test\images\grp4_87ae19f5-WhatsApp_Image_2026-01-14_at_11.11.37.jpeg,169.5,1321.3,183.12,1348.33,0.3105,street sign,True,True,149.7,mtsd-p9
SAM 3,street sign,grp4_87ae19f5-WhatsApp_Image_2026-01-14_at_11.11.37.jpeg,E:\2. UM-Student\MSC Dissertation\Urban-Vision-Benchmark\Datasets\MTSD\Prepared\MTSD-Unaugmented\MTSD-YOLO\test\images\grp4_87ae19f5-WhatsApp_Image_2026-01-14_at_11.11.37.jpeg,654.58,1208.51,682.88,1396.28,0.4844,street sign,True,True,149.7,mtsd-p9
SAM 3,street sign,grp4_87ae19f5-WhatsApp_Image_2026-01-14_at_11.11.37.jpeg,E:\2. UM-Student\MSC Dissertation\Urban-Vision-Benchmark\Datasets\MTSD\Prepared\MTSD-Unaugmented\MTSD-YOLO\test\images\grp4_87ae19f5-WhatsApp_Image_2026-01-14_at_11.11.37.jpeg,587.59,949.21,822.39,1181.94,0.9375,street sign,True,True,149.7,mtsd-p9
SAM 3,street sign,grp4_87ae19f5-WhatsApp_Image_2026-01-14_at_11.11.37.jpeg,E:\2. UM-Student\MSC Dissertation\Urban-Vision-Benchmark\Datasets\MTSD\Prepared\MTSD-Unaugmented\MTSD-YOLO\test\images\grp4_87ae19f5-WhatsApp_Image_2026-01-14_at_11.11.37.jpeg,584.04,722.49,816.19,947.07,0.9531,street sign,True,True,149.7,mtsd-p9
SAM 3,street sign,grp4_8b497905-20260107_150756.jpg,E:\2. UM-Student\MSC Dissertation\Urban-Vision-Benchmark\Datasets\MTSD\Prepared\MTSD-Unaugmented\MTSD-YOLO\test\images\grp4_8b497905-20260107_150756.jpg,1040.52,2576.12,1248.37,2702.38,0.4707,street sign,True,True,245.3,mtsd-p9
SAM 3,street sign,grp4_8b497905-20260107_150756.jpg,E:\2. UM-Student\MSC Dissertation\Urban-Vision-Benchmark\Datasets\MTSD\Prepared\MTSD-Unaugmented\MTSD-YOLO\test\images\grp4_8b497905-20260107_150756.jpg,173.95,2631.11,271.61,2734.13,0.8867,street sign,True,True,245.3,mtsd-p9
SAM 3,street sign,grp4_8b497905-20260107_150756.jpg,E:\2. UM-Student\MSC Dissertation\Urban-Vision-Benchmark\Datasets\MTSD\Prepared\MTSD-Unaugmented\MTSD-YOLO\test\images\grp4_8b497905-20260107_150756.jpg,732.57,797.83,1444.67,4080.0,0.377,street sign,True,True,245.3,mtsd-p9
SAM 3,street sign,grp4_8b497905-20260107_150756.jpg,E:\2. UM-Student\MSC Dissertation\Urban-Vision-Benchmark\Datasets\MTSD\Prepared\MTSD-Unaugmented\MTSD-YOLO\test\images\grp4_8b497905-20260107_150756.jpg,874.58,2035.18,1398.83,2348.13,0.7031,street sign,True,True,245.3,mtsd-p9
SAM 3,street sign,grp4_8b497905-20260107_150756.jpg,E:\2. UM-Student\MSC Dissertation\Urban-Vision-Benchmark\Datasets\MTSD\Prepared\MTSD-Unaugmented\MTSD-YOLO\test\images\grp4_8b497905-20260107_150756.jpg,830.75,1515.25,1368.23,2063.32,0.957,street sign,True,True,245.3,mtsd-p9
SAM 3,street sign,grp4_8b497905-20260107_150756.jpg,E:\2. UM-Student\MSC Dissertation\Urban-Vision-Benchmark\Datasets\MTSD\Prepared\MTSD-Unaugmented\MTSD-YOLO\test\images\grp4_8b497905-20260107_150756.jpg,707.78,800.91,1441.09,1506.35,0.957,street sign,True,True,245.3,mtsd-p9
SAM 3,street sign,grp4_8b497905-20260107_150756.jpg,E:\2. UM-Student\MSC Dissertation\Urban-Vision-Benchmark\Datasets\MTSD\Prepared\MTSD-Unaugmented\MTSD-YOLO\test\images\grp4_8b497905-20260107_150756.jpg,187.76,2734.73,240.72,2835.25,0.373,street sign,True,True,245.3,mtsd-p9
SAM 3,street sign,grp4_8bd079ee-20260107_105937.jpg,E:\2. UM-Student\MSC Dissertation\Urban-Vision-Benchmark\Datasets\MTSD\Prepared\MTSD-Unaugmented\MTSD-YOLO\test\images\grp4_8bd079ee-20260107_105937.jpg,542.67,1108.99,1063.66,1644.02,0.9453,street sign,True,True,125.8,mtsd-p9
SAM 3,street sign,grp4_91f6056a-20251116_163806.jpg,E:\2. UM-Student\MSC Dissertation\Urban-Vision-Benchmark\Datasets\MTSD\Prepared\MTSD-Unaugmented\MTSD-YOLO\test\images\grp4_91f6056a-20251116_163806.jpg,464.57,1180.91,2011.01,2721.9,0.5273,street sign,True,True,153.8,mtsd-p9
SAM 3,street sign,grp4_935db33c-20260107_105737.jpg,E:\2. UM-Student\MSC Dissertation\Urban-Vision-Benchmark\Datasets\MTSD\Prepared\MTSD-Unaugmented\MTSD-YOLO\test\images\grp4_935db33c-20260107_105737.jpg,750.69,1828.52,1536.29,2576.2,0.9648,street sign,True,True,191.3,mtsd-p9
SAM 3,street sign,grp4_935db33c-20260107_105737.jpg,E:\2. UM-Student\MSC Dissertation\Urban-Vision-Benchmark\Datasets\MTSD\Prepared\MTSD-Unaugmented\MTSD-YOLO\test\images\grp4_935db33c-20260107_105737.jpg,646.34,1063.87,1571.08,1820.81,0.9648,street sign,True,True,191.3,mtsd-p9
SAM 3,street sign,grp4_94287dbf-20260113_132935.jpg,E:\2. UM-Student\MSC Dissertation\Urban-Vision-Benchmark\Datasets\MTSD\Prepared\MTSD-Unaugmented\MTSD-YOLO\test\images\grp4_94287dbf-20260113_132935.jpg,942.18,1334.18,1779.97,2824.5,0.9141,street sign,True,True,196.0,mtsd-p9
SAM 3,street sign,grp4_94287dbf-20260113_132935.jpg,E:\2. UM-Student\MSC Dissertation\Urban-Vision-Benchmark\Datasets\MTSD\Prepared\MTSD-Unaugmented\MTSD-YOLO\test\images\grp4_94287dbf-20260113_132935.jpg,956.87,1321.52,1780.51,4000.0,0.3281,street sign,True,True,196.0,mtsd-p9
SAM 3,street sign,grp4_9a8f607e-20251222_141532.jpg,E:\2. UM-Student\MSC Dissertation\Urban-Vision-Benchmark\Datasets\MTSD\Prepared\MTSD-Unaugmented\MTSD-YOLO\test\images\grp4_9a8f607e-20251222_141532.jpg,678.59,2131.93,2006.3,2732.72,0.8672,street sign,True,True,206.1,mtsd-p9
SAM 3,street sign,grp4_9a8f607e-20251222_141532.jpg,E:\2. UM-Student\MSC Dissertation\Urban-Vision-Benchmark\Datasets\MTSD\Prepared\MTSD-Unaugmented\MTSD-YOLO\test\images\grp4_9a8f607e-20251222_141532.jpg,375.36,706.35,2130.14,4000.0,0.5234,street sign,True,True,206.1,mtsd-p9
SAM 3,street sign,grp4_9a8f607e-20251222_141532.jpg,E:\2. UM-Student\MSC Dissertation\Urban-Vision-Benchmark\Datasets\MTSD\Prepared\MTSD-Unaugmented\MTSD-YOLO\test\images\grp4_9a8f607e-20251222_141532.jpg,379.62,683.33,2120.48,2303.71,0.8711,street sign,True,True,206.1,mtsd-p9
SAM 3,street sign,grp4_9c4db066-WhatsApp_Image_2026-01-14_at_10.34.44_2.jpeg,E:\2. UM-Student\MSC Dissertation\Urban-Vision-Benchmark\Datasets\MTSD\Prepared\MTSD-Unaugmented\MTSD-YOLO\test\images\grp4_9c4db066-WhatsApp_Image_2026-01-14_at_10.34.44_2.jpeg,157.79,417.44,405.0,1427.99,0.7305,street sign,True,True,138.7,mtsd-p9
SAM 3,street sign,grp4_9c4db066-WhatsApp_Image_2026-01-14_at_10.34.44_2.jpeg,E:\2. UM-Student\MSC Dissertation\Urban-Vision-Benchmark\Datasets\MTSD\Prepared\MTSD-Unaugmented\MTSD-YOLO\test\images\grp4_9c4db066-WhatsApp_Image_2026-01-14_at_10.34.44_2.jpeg,528.66,822.44,545.93,837.66,0.7266,street sign,True,True,138.7,mtsd-p9
SAM 3,street sign,grp4_9c4db066-WhatsApp_Image_2026-01-14_at_10.34.44_2.jpeg,E:\2. UM-Student\MSC Dissertation\Urban-Vision-Benchmark\Datasets\MTSD\Prepared\MTSD-Unaugmented\MTSD-YOLO\test\images\grp4_9c4db066-WhatsApp_Image_2026-01-14_at_10.34.44_2.jpeg,134.84,872.36,149.2,904.16,0.7461,street sign,True,True,138.7,mtsd-p9
SAM 3,street sign,grp4_9c4db066-WhatsApp_Image_2026-01-14_at_10.34.44_2.jpeg,E:\2. UM-Student\MSC Dissertation\Urban-Vision-Benchmark\Datasets\MTSD\Prepared\MTSD-Unaugmented\MTSD-YOLO\test\images\grp4_9c4db066-WhatsApp_Image_2026-01-14_at_10.34.44_2.jpeg,150.45,855.86,159.0,868.65,0.4902,street sign,True,True,138.7,mtsd-p9
SAM 3,street sign,grp4_9c4db066-WhatsApp_Image_2026-01-14_at_10.34.44_2.jpeg,E:\2. UM-Student\MSC Dissertation\Urban-Vision-Benchmark\Datasets\MTSD\Prepared\MTSD-Unaugmented\MTSD-YOLO\test\images\grp4_9c4db066-WhatsApp_Image_2026-01-14_at_10.34.44_2.jpeg,158.02,416.98,405.05,672.07,0.8789,street sign,True,True,138.7,mtsd-p9
SAM 3,street sign,grp4_a3952dcd-20251116_170721.jpg,E:\2. UM-Student\MSC Dissertation\Urban-Vision-Benchmark\Datasets\MTSD\Prepared\MTSD-Unaugmented\MTSD-YOLO\test\images\grp4_a3952dcd-20251116_170721.jpg,1714.92,2758.05,1915.78,2891.8,0.582,street sign,True,True,180.6,mtsd-p9
SAM 3,street sign,grp4_a3952dcd-20251116_170721.jpg,E:\2. UM-Student\MSC Dissertation\Urban-Vision-Benchmark\Datasets\MTSD\Prepared\MTSD-Unaugmented\MTSD-YOLO\test\images\grp4_a3952dcd-20251116_170721.jpg,0.0,2440.6,1103.75,2871.68,0.3691,street sign,True,True,180.6,mtsd-p9
SAM 3,street sign,grp4_a3952dcd-20251116_170721.jpg,E:\2. UM-Student\MSC Dissertation\Urban-Vision-Benchmark\Datasets\MTSD\Prepared\MTSD-Unaugmented\MTSD-YOLO\test\images\grp4_a3952dcd-20251116_170721.jpg,484.98,739.39,1189.44,3496.0,0.3418,street sign,True,True,180.6,mtsd-p9
SAM 3,street sign,grp4_a3952dcd-20251116_170721.jpg,E:\2. UM-Student\MSC Dissertation\Urban-Vision-Benchmark\Datasets\MTSD\Prepared\MTSD-Unaugmented\MTSD-YOLO\test\images\grp4_a3952dcd-20251116_170721.jpg,486.96,741.29,1189.91,2168.91,0.9336,street sign,True,True,180.6,mtsd-p9
SAM 3,street sign,grp4_a59df063-20251116_165440.jpg,E:\2. UM-Student\MSC Dissertation\Urban-Vision-Benchmark\Datasets\MTSD\Prepared\MTSD-Unaugmented\MTSD-YOLO\test\images\grp4_a59df063-20251116_165440.jpg,1812.9,3073.75,1883.12,3444.36,0.4336,street sign,True,True,189.1,mtsd-p9
SAM 3,street sign,grp4_a59df063-20251116_165440.jpg,E:\2. UM-Student\MSC Dissertation\Urban-Vision-Benchmark\Datasets\MTSD\Prepared\MTSD-Unaugmented\MTSD-YOLO\test\images\grp4_a59df063-20251116_165440.jpg,224.71,881.49,1319.84,2241.31,0.9648,street sign,True,True,189.1,mtsd-p9
SAM 3,street sign,grp4_a59df063-20251116_165440.jpg,E:\2. UM-Student\MSC Dissertation\Urban-Vision-Benchmark\Datasets\MTSD\Prepared\MTSD-Unaugmented\MTSD-YOLO\test\images\grp4_a59df063-20251116_165440.jpg,1809.31,3074.52,1883.32,3153.11,0.8906,street sign,True,True,189.1,mtsd-p9
SAM 3,street sign,grp4_a59df063-20251116_165440.jpg,E:\2. UM-Student\MSC Dissertation\Urban-Vision-Benchmark\Datasets\MTSD\Prepared\MTSD-Unaugmented\MTSD-YOLO\test\images\grp4_a59df063-20251116_165440.jpg,469.98,3135.77,516.97,3224.52,0.4082,street sign,True,True,189.1,mtsd-p9
SAM 3,street sign,grp4_abe76f20-20260109_124535.jpg,E:\2. UM-Student\MSC Dissertation\Urban-Vision-Benchmark\Datasets\MTSD\Prepared\MTSD-Unaugmented\MTSD-YOLO\test\images\grp4_abe76f20-20260109_124535.jpg,750.98,286.39,2096.26,2612.19,0.9531,street sign,True,True,203.7,mtsd-p9
SAM 3,street sign,grp4_b3745e21-20251222_142059.jpg,E:\2. UM-Student\MSC Dissertation\Urban-Vision-Benchmark\Datasets\MTSD\Prepared\MTSD-Unaugmented\MTSD-YOLO\test\images\grp4_b3745e21-20251222_142059.jpg,806.79,574.11,1732.06,4000.0,0.4707,street sign,True,True,194.7,mtsd-p9
SAM 3,street sign,grp4_b3745e21-20251222_142059.jpg,E:\2. UM-Student\MSC Dissertation\Urban-Vision-Benchmark\Datasets\MTSD\Prepared\MTSD-Unaugmented\MTSD-YOLO\test\images\grp4_b3745e21-20251222_142059.jpg,807.73,572.41,1728.8,2233.13,0.9258,street sign,True,True,194.7,mtsd-p9
SAM 3,street sign,grp4_b3d0eaa4-20251116_163427.jpg,E:\2. UM-Student\MSC Dissertation\Urban-Vision-Benchmark\Datasets\MTSD\Prepared\MTSD-Unaugmented\MTSD-YOLO\test\images\grp4_b3d0eaa4-20251116_163427.jpg,892.73,1356.9,997.33,1707.01,0.3965,street sign,True,True,200.1,mtsd-p9
SAM 3,street sign,grp4_b3d0eaa4-20251116_163427.jpg,E:\2. UM-Student\MSC Dissertation\Urban-Vision-Benchmark\Datasets\MTSD\Prepared\MTSD-Unaugmented\MTSD-YOLO\test\images\grp4_b3d0eaa4-20251116_163427.jpg,28.64,468.15,918.93,2502.29,0.9648,street sign,True,True,200.1,mtsd-p9
SAM 3,street sign,grp4_b3d0eaa4-20251116_163427.jpg,E:\2. UM-Student\MSC Dissertation\Urban-Vision-Benchmark\Datasets\MTSD\Prepared\MTSD-Unaugmented\MTSD-YOLO\test\images\grp4_b3d0eaa4-20251116_163427.jpg,891.5,1239.15,1424.63,2331.78,0.6289,street sign,True,True,200.1,mtsd-p9
SAM 3,street sign,grp4_bdef9845-20260109_130552.jpg,E:\2. UM-Student\MSC Dissertation\Urban-Vision-Benchmark\Datasets\MTSD\Prepared\MTSD-Unaugmented\MTSD-YOLO\test\images\grp4_bdef9845-20260109_130552.jpg,680.55,2421.67,1798.16,3648.6,0.75,street sign,True,True,219.1,mtsd-p9
SAM 3,street sign,grp4_bdef9845-20260109_130552.jpg,E:\2. UM-Student\MSC Dissertation\Urban-Vision-Benchmark\Datasets\MTSD\Prepared\MTSD-Unaugmented\MTSD-YOLO\test\images\grp4_bdef9845-20260109_130552.jpg,711.25,1278.87,1960.74,3995.25,0.3887,street sign,True,True,219.1,mtsd-p9
SAM 3,street sign,grp4_bdef9845-20260109_130552.jpg,E:\2. UM-Student\MSC Dissertation\Urban-Vision-Benchmark\Datasets\MTSD\Prepared\MTSD-Unaugmented\MTSD-YOLO\test\images\grp4_bdef9845-20260109_130552.jpg,740.9,1266.56,1974.43,2350.36,0.7422,street sign,True,True,219.1,mtsd-p9
SAM 3,street sign,grp4_c3a633b2-20251116_162903.jpg,E:\2. UM-Student\MSC Dissertation\Urban-Vision-Benchmark\Datasets\MTSD\Prepared\MTSD-Unaugmented\MTSD-YOLO\test\images\grp4_c3a633b2-20251116_162903.jpg,1581.91,711.8,1947.9,1234.4,0.4766,street sign,True,True,181.3,mtsd-p9
SAM 3,street sign,grp4_c3a633b2-20251116_162903.jpg,E:\2. UM-Student\MSC Dissertation\Urban-Vision-Benchmark\Datasets\MTSD\Prepared\MTSD-Unaugmented\MTSD-YOLO\test\images\grp4_c3a633b2-20251116_162903.jpg,297.63,1164.81,562.04,3319.64,0.5586,street sign,True,True,181.3,mtsd-p9
SAM 3,street sign,grp4_c3a633b2-20251116_162903.jpg,E:\2. UM-Student\MSC Dissertation\Urban-Vision-Benchmark\Datasets\MTSD\Prepared\MTSD-Unaugmented\MTSD-YOLO\test\images\grp4_c3a633b2-20251116_162903.jpg,1438.54,713.92,1966.45,1243.22,0.3105,street sign,True,True,181.3,mtsd-p9
SAM 3,street sign,grp4_c3a633b2-20251116_162903.jpg,E:\2. UM-Student\MSC Dissertation\Urban-Vision-Benchmark\Datasets\MTSD\Prepared\MTSD-Unaugmented\MTSD-YOLO\test\images\grp4_c3a633b2-20251116_162903.jpg,628.18,793.61,1104.6,1064.46,0.7227,street sign,True,True,181.3,mtsd-p9
SAM 3,street sign,grp4_c3a633b2-20251116_162903.jpg,E:\2. UM-Student\MSC Dissertation\Urban-Vision-Benchmark\Datasets\MTSD\Prepared\MTSD-Unaugmented\MTSD-YOLO\test\images\grp4_c3a633b2-20251116_162903.jpg,297.32,1162.51,494.74,1777.2,0.9297,street sign,True,True,181.3,mtsd-p9
SAM 3,street sign,grp4_c909a40a-20251222_142239.jpg,E:\2. UM-Student\MSC Dissertation\Urban-Vision-Benchmark\Datasets\MTSD\Prepared\MTSD-Unaugmented\MTSD-YOLO\test\images\grp4_c909a40a-20251222_142239.jpg,2787.04,2914.11,2859.19,2994.89,0.3652,street sign,True,True,208.0,mtsd-p9
SAM 3,street sign,grp4_c909a40a-20251222_142239.jpg,E:\2. UM-Student\MSC Dissertation\Urban-Vision-Benchmark\Datasets\MTSD\Prepared\MTSD-Unaugmented\MTSD-YOLO\test\images\grp4_c909a40a-20251222_142239.jpg,528.51,562.71,2030.79,2011.53,0.9531,street sign,True,True,208.0,mtsd-p9
SAM 3,street sign,grp4_cbb400e9-WhatsApp_Image_2026-01-14_at_11.10.25.jpeg,E:\2. UM-Student\MSC Dissertation\Urban-Vision-Benchmark\Datasets\MTSD\Prepared\MTSD-Unaugmented\MTSD-YOLO\test\images\grp4_cbb400e9-WhatsApp_Image_2026-01-14_at_11.10.25.jpeg,494.37,429.83,890.23,2000.0,0.4238,street sign,True,True,129.1,mtsd-p9
SAM 3,street sign,grp4_cbb400e9-WhatsApp_Image_2026-01-14_at_11.10.25.jpeg,E:\2. UM-Student\MSC Dissertation\Urban-Vision-Benchmark\Datasets\MTSD\Prepared\MTSD-Unaugmented\MTSD-YOLO\test\images\grp4_cbb400e9-WhatsApp_Image_2026-01-14_at_11.10.25.jpeg,496.08,432.04,890.27,836.97,0.3652,street sign,True,True,129.1,mtsd-p9
SAM 3,street sign,grp4_cdcb1057-WhatsApp_Image_2026-01-14_at_11.11.40_1.jpeg,E:\2. UM-Student\MSC Dissertation\Urban-Vision-Benchmark\Datasets\MTSD\Prepared\MTSD-Unaugmented\MTSD-YOLO\test\images\grp4_cdcb1057-WhatsApp_Image_2026-01-14_at_11.11.40_1.jpeg,234.51,743.97,261.25,769.56,0.7734,street sign,True,True,191.0,mtsd-p9
SAM 3,street sign,grp4_cdcb1057-WhatsApp_Image_2026-01-14_at_11.11.40_1.jpeg,E:\2. UM-Student\MSC Dissertation\Urban-Vision-Benchmark\Datasets\MTSD\Prepared\MTSD-Unaugmented\MTSD-YOLO\test\images\grp4_cdcb1057-WhatsApp_Image_2026-01-14_at_11.11.40_1.jpeg,1515.09,494.31,1856.67,597.62,0.3555,street sign,True,True,191.0,mtsd-p9
SAM 3,street sign,grp4_cdcb1057-WhatsApp_Image_2026-01-14_at_11.11.40_1.jpeg,E:\2. UM-Student\MSC Dissertation\Urban-Vision-Benchmark\Datasets\MTSD\Prepared\MTSD-Unaugmented\MTSD-YOLO\test\images\grp4_cdcb1057-WhatsApp_Image_2026-01-14_at_11.11.40_1.jpeg,1320.0,696.55,1371.38,951.06,0.543,street sign,True,True,191.0,mtsd-p9
SAM 3,street sign,grp4_cdcb1057-WhatsApp_Image_2026-01-14_at_11.11.40_1.jpeg,E:\2. UM-Student\MSC Dissertation\Urban-Vision-Benchmark\Datasets\MTSD\Prepared\MTSD-Unaugmented\MTSD-YOLO\test\images\grp4_cdcb1057-WhatsApp_Image_2026-01-14_at_11.11.40_1.jpeg,970.2,771.95,980.98,783.34,0.6133,street sign,True,True,191.0,mtsd-p9
SAM 3,street sign,grp4_cdcb1057-WhatsApp_Image_2026-01-14_at_11.11.40_1.jpeg,E:\2. UM-Student\MSC Dissertation\Urban-Vision-Benchmark\Datasets\MTSD\Prepared\MTSD-Unaugmented\MTSD-YOLO\test\images\grp4_cdcb1057-WhatsApp_Image_2026-01-14_at_11.11.40_1.jpeg,328.58,555.2,616.09,611.52,0.377,street sign,True,True,191.0,mtsd-p9
SAM 3,street sign,grp4_cdcb1057-WhatsApp_Image_2026-01-14_at_11.11.40_1.jpeg,E:\2. UM-Student\MSC Dissertation\Urban-Vision-Benchmark\Datasets\MTSD\Prepared\MTSD-Unaugmented\MTSD-YOLO\test\images\grp4_cdcb1057-WhatsApp_Image_2026-01-14_at_11.11.40_1.jpeg,525.57,846.38,571.26,890.08,0.8789,street sign,True,True,191.0,mtsd-p9
SAM 3,street sign,grp4_cdcb1057-WhatsApp_Image_2026-01-14_at_11.11.40_1.jpeg,E:\2. UM-Student\MSC Dissertation\Urban-Vision-Benchmark\Datasets\MTSD\Prepared\MTSD-Unaugmented\MTSD-YOLO\test\images\grp4_cdcb1057-WhatsApp_Image_2026-01-14_at_11.11.40_1.jpeg,1079.04,739.32,1108.49,769.73,0.3516,street sign,True,True,191.0,mtsd-p9
SAM 3,street sign,grp4_cdcb1057-WhatsApp_Image_2026-01-14_at_11.11.40_1.jpeg,E:\2. UM-Student\MSC Dissertation\Urban-Vision-Benchmark\Datasets\MTSD\Prepared\MTSD-Unaugmented\MTSD-YOLO\test\images\grp4_cdcb1057-WhatsApp_Image_2026-01-14_at_11.11.40_1.jpeg,349.49,840.82,398.5,884.73,0.8789,street sign,True,True,191.0,mtsd-p9
SAM 3,street sign,grp4_cdcb1057-WhatsApp_Image_2026-01-14_at_11.11.40_1.jpeg,E:\2. UM-Student\MSC Dissertation\Urban-Vision-Benchmark\Datasets\MTSD\Prepared\MTSD-Unaugmented\MTSD-YOLO\test\images\grp4_cdcb1057-WhatsApp_Image_2026-01-14_at_11.11.40_1.jpeg,656.43,732.94,670.83,764.79,0.4336,street sign,True,True,191.0,mtsd-p9
SAM 3,street sign,grp4_cdcb1057-WhatsApp_Image_2026-01-14_at_11.11.40_1.jpeg,E:\2. UM-Student\MSC Dissertation\Urban-Vision-Benchmark\Datasets\MTSD\Prepared\MTSD-Unaugmented\MTSD-YOLO\test\images\grp4_cdcb1057-WhatsApp_Image_2026-01-14_at_11.11.40_1.jpeg,1320.27,695.45,1371.83,747.02,0.8984,street sign,True,True,191.0,mtsd-p9
SAM 3,street sign,grp4_cdcb1057-WhatsApp_Image_2026-01-14_at_11.11.40_1.jpeg,E:\2. UM-Student\MSC Dissertation\Urban-Vision-Benchmark\Datasets\MTSD\Prepared\MTSD-Unaugmented\MTSD-YOLO\test\images\grp4_cdcb1057-WhatsApp_Image_2026-01-14_at_11.11.40_1.jpeg,524.79,844.89,573.33,929.26,0.3125,street sign,True,True,191.0,mtsd-p9
SAM 3,street sign,grp4_d1c1ed24-20260113_130204.jpg,E:\2. UM-Student\MSC Dissertation\Urban-Vision-Benchmark\Datasets\MTSD\Prepared\MTSD-Unaugmented\MTSD-YOLO\test\images\grp4_d1c1ed24-20260113_130204.jpg,1056.05,1573.41,1834.78,2331.35,0.9492,street sign,True,True,162.0,mtsd-p9
SAM 3,street sign,grp4_d2b85a88-20251116_163522.jpg,E:\2. UM-Student\MSC Dissertation\Urban-Vision-Benchmark\Datasets\MTSD\Prepared\MTSD-Unaugmented\MTSD-YOLO\test\images\grp4_d2b85a88-20251116_163522.jpg,788.91,1528.85,1479.97,2458.95,0.4785,street sign,True,True,155.1,mtsd-p9
SAM 3,street sign,grp4_d3d2c193-20260109_124357.jpg,E:\2. UM-Student\MSC Dissertation\Urban-Vision-Benchmark\Datasets\MTSD\Prepared\MTSD-Unaugmented\MTSD-YOLO\test\images\grp4_d3d2c193-20260109_124357.jpg,385.62,589.17,1933.82,2519.4,0.9102,street sign,True,True,157.7,mtsd-p9
SAM 3,street sign,grp4_d4ed28aa-20251222_141346.jpg,E:\2. UM-Student\MSC Dissertation\Urban-Vision-Benchmark\Datasets\MTSD\Prepared\MTSD-Unaugmented\MTSD-YOLO\test\images\grp4_d4ed28aa-20251222_141346.jpg,588.72,522.5,2175.43,2303.88,0.875,street sign,True,True,169.3,mtsd-p9
SAM 3,street sign,grp4_d4ed28aa-20251222_141346.jpg,E:\2. UM-Student\MSC Dissertation\Urban-Vision-Benchmark\Datasets\MTSD\Prepared\MTSD-Unaugmented\MTSD-YOLO\test\images\grp4_d4ed28aa-20251222_141346.jpg,585.29,522.96,2183.1,4000.0,0.4062,street sign,True,True,169.3,mtsd-p9
SAM 3,street sign,grp4_d5aaacb6-20251116_165125.jpg,E:\2. UM-Student\MSC Dissertation\Urban-Vision-Benchmark\Datasets\MTSD\Prepared\MTSD-Unaugmented\MTSD-YOLO\test\images\grp4_d5aaacb6-20251116_165125.jpg,1852.68,400.76,2233.6,1308.64,0.5703,street sign,True,True,224.6,mtsd-p9
SAM 3,street sign,grp4_d5aaacb6-20251116_165125.jpg,E:\2. UM-Student\MSC Dissertation\Urban-Vision-Benchmark\Datasets\MTSD\Prepared\MTSD-Unaugmented\MTSD-YOLO\test\images\grp4_d5aaacb6-20251116_165125.jpg,269.16,3098.27,497.38,3353.39,0.875,street sign,True,True,224.6,mtsd-p9
SAM 3,street sign,grp4_d5aaacb6-20251116_165125.jpg,E:\2. UM-Student\MSC Dissertation\Urban-Vision-Benchmark\Datasets\MTSD\Prepared\MTSD-Unaugmented\MTSD-YOLO\test\images\grp4_d5aaacb6-20251116_165125.jpg,293.74,1614.33,1817.8,3152.92,0.8672,street sign,True,True,224.6,mtsd-p9
SAM 3,street sign,grp4_d5aaacb6-20251116_165125.jpg,E:\2. UM-Student\MSC Dissertation\Urban-Vision-Benchmark\Datasets\MTSD\Prepared\MTSD-Unaugmented\MTSD-YOLO\test\images\grp4_d5aaacb6-20251116_165125.jpg,584.45,882.48,1569.06,1887.42,0.7891,street sign,True,True,224.6,mtsd-p9
SAM 3,street sign,grp4_d5aaacb6-20251116_165125.jpg,E:\2. UM-Student\MSC Dissertation\Urban-Vision-Benchmark\Datasets\MTSD\Prepared\MTSD-Unaugmented\MTSD-YOLO\test\images\grp4_d5aaacb6-20251116_165125.jpg,268.89,3096.03,498.58,4080.0,0.4863,street sign,True,True,224.6,mtsd-p9
SAM 3,street sign,grp4_d78448ea-20251117_105829.jpg,E:\2. UM-Student\MSC Dissertation\Urban-Vision-Benchmark\Datasets\MTSD\Prepared\MTSD-Unaugmented\MTSD-YOLO\test\images\grp4_d78448ea-20251117_105829.jpg,12.85,3245.87,227.02,3459.62,0.8945,street sign,True,True,197.3,mtsd-p9
SAM 3,street sign,grp4_d78448ea-20251117_105829.jpg,E:\2. UM-Student\MSC Dissertation\Urban-Vision-Benchmark\Datasets\MTSD\Prepared\MTSD-Unaugmented\MTSD-YOLO\test\images\grp4_d78448ea-20251117_105829.jpg,440.41,844.34,2131.39,2640.29,0.8945,street sign,True,True,197.3,mtsd-p9
SAM 3,street sign,grp4_d8a007d5-20260109_123932.jpg,E:\2. UM-Student\MSC Dissertation\Urban-Vision-Benchmark\Datasets\MTSD\Prepared\MTSD-Unaugmented\MTSD-YOLO\test\images\grp4_d8a007d5-20260109_123932.jpg,713.5,131.41,1705.53,2297.33,0.9648,street sign,True,True,198.9,mtsd-p9
SAM 3,street sign,grp4_d8a007d5-20260109_123932.jpg,E:\2. UM-Student\MSC Dissertation\Urban-Vision-Benchmark\Datasets\MTSD\Prepared\MTSD-Unaugmented\MTSD-YOLO\test\images\grp4_d8a007d5-20260109_123932.jpg,530.87,2156.81,1894.94,4000.0,0.9688,street sign,True,True,198.9,mtsd-p9
SAM 3,street sign,grp4_db6dffba-WhatsApp_Image_2026-01-14_at_11.12.35_1.jpeg,E:\2. UM-Student\MSC Dissertation\Urban-Vision-Benchmark\Datasets\MTSD\Prepared\MTSD-Unaugmented\MTSD-YOLO\test\images\grp4_db6dffba-WhatsApp_Image_2026-01-14_at_11.12.35_1.jpeg,1209.79,1176.49,1267.23,1334.05,0.8867,street sign,True,True,144.3,mtsd-p9
SAM 3,street sign,grp4_db6dffba-WhatsApp_Image_2026-01-14_at_11.12.35_1.jpeg,E:\2. UM-Student\MSC Dissertation\Urban-Vision-Benchmark\Datasets\MTSD\Prepared\MTSD-Unaugmented\MTSD-YOLO\test\images\grp4_db6dffba-WhatsApp_Image_2026-01-14_at_11.12.35_1.jpeg,1289.37,1304.02,1340.41,1342.05,0.7852,street sign,True,True,144.3,mtsd-p9
SAM 3,street sign,grp4_db6dffba-WhatsApp_Image_2026-01-14_at_11.12.35_1.jpeg,E:\2. UM-Student\MSC Dissertation\Urban-Vision-Benchmark\Datasets\MTSD\Prepared\MTSD-Unaugmented\MTSD-YOLO\test\images\grp4_db6dffba-WhatsApp_Image_2026-01-14_at_11.12.35_1.jpeg,480.77,938.37,633.68,1230.75,0.9492,street sign,True,True,144.3,mtsd-p9
SAM 3,street sign,grp4_db6dffba-WhatsApp_Image_2026-01-14_at_11.12.35_1.jpeg,E:\2. UM-Student\MSC Dissertation\Urban-Vision-Benchmark\Datasets\MTSD\Prepared\MTSD-Unaugmented\MTSD-YOLO\test\images\grp4_db6dffba-WhatsApp_Image_2026-01-14_at_11.12.35_1.jpeg,1143.74,1156.4,1194.06,1320.27,0.5547,street sign,True,True,144.3,mtsd-p9
SAM 3,street sign,grp4_db6dffba-WhatsApp_Image_2026-01-14_at_11.12.35_1.jpeg,E:\2. UM-Student\MSC Dissertation\Urban-Vision-Benchmark\Datasets\MTSD\Prepared\MTSD-Unaugmented\MTSD-YOLO\test\images\grp4_db6dffba-WhatsApp_Image_2026-01-14_at_11.12.35_1.jpeg,563.34,645.75,811.13,930.95,0.3457,street sign,True,True,144.3,mtsd-p9
SAM 3,street sign,grp4_dd2a03a9-20251222_132847.jpg,E:\2. UM-Student\MSC Dissertation\Urban-Vision-Benchmark\Datasets\MTSD\Prepared\MTSD-Unaugmented\MTSD-YOLO\test\images\grp4_dd2a03a9-20251222_132847.jpg,395.45,765.91,2094.72,2600.41,0.6523,street sign,True,True,188.2,mtsd-p9
SAM 3,street sign,grp4_dd2a03a9-20251222_132847.jpg,E:\2. UM-Student\MSC Dissertation\Urban-Vision-Benchmark\Datasets\MTSD\Prepared\MTSD-Unaugmented\MTSD-YOLO\test\images\grp4_dd2a03a9-20251222_132847.jpg,394.29,762.75,2092.78,4000.0,0.6445,street sign,True,True,188.2,mtsd-p9
SAM 3,street sign,grp4_ddd42f22-20251116_162542.jpg,E:\2. UM-Student\MSC Dissertation\Urban-Vision-Benchmark\Datasets\MTSD\Prepared\MTSD-Unaugmented\MTSD-YOLO\test\images\grp4_ddd42f22-20251116_162542.jpg,1947.58,2010.52,2296.0,2262.27,0.7578,street sign,True,True,224.5,mtsd-p9
SAM 3,street sign,grp4_ddd42f22-20251116_162542.jpg,E:\2. UM-Student\MSC Dissertation\Urban-Vision-Benchmark\Datasets\MTSD\Prepared\MTSD-Unaugmented\MTSD-YOLO\test\images\grp4_ddd42f22-20251116_162542.jpg,922.08,1805.65,1391.78,2294.84,0.9414,street sign,True,True,224.5,mtsd-p9
SAM 3,street sign,grp4_ddd42f22-20251116_162542.jpg,E:\2. UM-Student\MSC Dissertation\Urban-Vision-Benchmark\Datasets\MTSD\Prepared\MTSD-Unaugmented\MTSD-YOLO\test\images\grp4_ddd42f22-20251116_162542.jpg,907.0,2115.44,1426.17,2526.82,0.7891,street sign,True,True,224.5,mtsd-p9
SAM 3,street sign,grp4_ddd42f22-20251116_162542.jpg,E:\2. UM-Student\MSC Dissertation\Urban-Vision-Benchmark\Datasets\MTSD\Prepared\MTSD-Unaugmented\MTSD-YOLO\test\images\grp4_ddd42f22-20251116_162542.jpg,86.29,3272.27,128.27,3308.81,0.4004,street sign,True,True,224.5,mtsd-p9
SAM 3,street sign,grp4_ddd42f22-20251116_162542.jpg,E:\2. UM-Student\MSC Dissertation\Urban-Vision-Benchmark\Datasets\MTSD\Prepared\MTSD-Unaugmented\MTSD-YOLO\test\images\grp4_ddd42f22-20251116_162542.jpg,604.71,2531.35,851.06,2744.85,0.3418,street sign,True,True,224.5,mtsd-p9
SAM 3,street sign,grp4_dddb030d-20251230_104127.jpg,E:\2. UM-Student\MSC Dissertation\Urban-Vision-Benchmark\Datasets\MTSD\Prepared\MTSD-Unaugmented\MTSD-YOLO\test\images\grp4_dddb030d-20251230_104127.jpg,416.22,909.03,2198.66,2671.58,0.6836,street sign,True,True,486.0,mtsd-p9
SAM 3,street sign,grp4_dddb030d-20251230_104127.jpg,E:\2. UM-Student\MSC Dissertation\Urban-Vision-Benchmark\Datasets\MTSD\Prepared\MTSD-Unaugmented\MTSD-YOLO\test\images\grp4_dddb030d-20251230_104127.jpg,2744.49,2329.96,2816.68,2402.9,0.8203,street sign,True,True,486.0,mtsd-p9
SAM 3,street sign,grp4_dddb030d-20251230_104127.jpg,E:\2. UM-Student\MSC Dissertation\Urban-Vision-Benchmark\Datasets\MTSD\Prepared\MTSD-Unaugmented\MTSD-YOLO\test\images\grp4_dddb030d-20251230_104127.jpg,737.14,0.0,1918.47,844.88,0.5898,street sign,True,True,486.0,mtsd-p9
SAM 3,street sign,grp4_dddb030d-20251230_104127.jpg,E:\2. UM-Student\MSC Dissertation\Urban-Vision-Benchmark\Datasets\MTSD\Prepared\MTSD-Unaugmented\MTSD-YOLO\test\images\grp4_dddb030d-20251230_104127.jpg,414.4,6.17,2203.31,2678.73,0.416,street sign,True,True,486.0,mtsd-p9
SAM 3,street sign,grp4_dddb030d-20251230_104127.jpg,E:\2. UM-Student\MSC Dissertation\Urban-Vision-Benchmark\Datasets\MTSD\Prepared\MTSD-Unaugmented\MTSD-YOLO\test\images\grp4_dddb030d-20251230_104127.jpg,407.3,13.89,2199.58,3984.51,0.4805,street sign,True,True,486.0,mtsd-p9
SAM 3,street sign,grp4_dddb030d-20251230_104127.jpg,E:\2. UM-Student\MSC Dissertation\Urban-Vision-Benchmark\Datasets\MTSD\Prepared\MTSD-Unaugmented\MTSD-YOLO\test\images\grp4_dddb030d-20251230_104127.jpg,2778.78,2222.38,2853.49,2327.67,0.4941,street sign,True,True,486.0,mtsd-p9
SAM 3,street sign,grp4_dddb030d-20251230_104127.jpg,E:\2. UM-Student\MSC Dissertation\Urban-Vision-Benchmark\Datasets\MTSD\Prepared\MTSD-Unaugmented\MTSD-YOLO\test\images\grp4_dddb030d-20251230_104127.jpg,2717.75,2399.04,2778.26,2555.33,0.5273,street sign,True,True,486.0,mtsd-p9
SAM 3,street sign,grp4_df0bccf2-WhatsApp_Image_2026-01-14_at_11.12.00.jpeg,E:\2. UM-Student\MSC Dissertation\Urban-Vision-Benchmark\Datasets\MTSD\Prepared\MTSD-Unaugmented\MTSD-YOLO\test\images\grp4_df0bccf2-WhatsApp_Image_2026-01-14_at_11.12.00.jpeg,333.63,613.66,365.26,991.37,0.3574,street sign,True,True,154.9,mtsd-p9
SAM 3,street sign,grp4_df0bccf2-WhatsApp_Image_2026-01-14_at_11.12.00.jpeg,E:\2. UM-Student\MSC Dissertation\Urban-Vision-Benchmark\Datasets\MTSD\Prepared\MTSD-Unaugmented\MTSD-YOLO\test\images\grp4_df0bccf2-WhatsApp_Image_2026-01-14_at_11.12.00.jpeg,1585.54,646.88,1711.56,1182.69,0.6016,street sign,True,True,154.9,mtsd-p9
SAM 3,street sign,grp4_df0bccf2-WhatsApp_Image_2026-01-14_at_11.12.00.jpeg,E:\2. UM-Student\MSC Dissertation\Urban-Vision-Benchmark\Datasets\MTSD\Prepared\MTSD-Unaugmented\MTSD-YOLO\test\images\grp4_df0bccf2-WhatsApp_Image_2026-01-14_at_11.12.00.jpeg,321.87,611.06,364.25,656.47,0.3691,street sign,True,True,154.9,mtsd-p9
SAM 3,street sign,grp4_df0bccf2-WhatsApp_Image_2026-01-14_at_11.12.00.jpeg,E:\2. UM-Student\MSC Dissertation\Urban-Vision-Benchmark\Datasets\MTSD\Prepared\MTSD-Unaugmented\MTSD-YOLO\test\images\grp4_df0bccf2-WhatsApp_Image_2026-01-14_at_11.12.00.jpeg,1061.56,813.14,1083.78,923.27,0.4648,street sign,True,True,154.9,mtsd-p9
SAM 3,street sign,grp4_df0bccf2-WhatsApp_Image_2026-01-14_at_11.12.00.jpeg,E:\2. UM-Student\MSC Dissertation\Urban-Vision-Benchmark\Datasets\MTSD\Prepared\MTSD-Unaugmented\MTSD-YOLO\test\images\grp4_df0bccf2-WhatsApp_Image_2026-01-14_at_11.12.00.jpeg,366.13,698.67,455.98,1079.84,0.5234,street sign,True,True,154.9,mtsd-p9
SAM 3,street sign,grp4_df0bccf2-WhatsApp_Image_2026-01-14_at_11.12.00.jpeg,E:\2. UM-Student\MSC Dissertation\Urban-Vision-Benchmark\Datasets\MTSD\Prepared\MTSD-Unaugmented\MTSD-YOLO\test\images\grp4_df0bccf2-WhatsApp_Image_2026-01-14_at_11.12.00.jpeg,698.01,821.15,723.88,847.42,0.832,street sign,True,True,154.9,mtsd-p9
SAM 3,street sign,grp4_df0bccf2-WhatsApp_Image_2026-01-14_at_11.12.00.jpeg,E:\2. UM-Student\MSC Dissertation\Urban-Vision-Benchmark\Datasets\MTSD\Prepared\MTSD-Unaugmented\MTSD-YOLO\test\images\grp4_df0bccf2-WhatsApp_Image_2026-01-14_at_11.12.00.jpeg,368.8,699.67,457.13,783.44,0.9219,street sign,True,True,154.9,mtsd-p9
SAM 3,street sign,grp4_df0bccf2-WhatsApp_Image_2026-01-14_at_11.12.00.jpeg,E:\2. UM-Student\MSC Dissertation\Urban-Vision-Benchmark\Datasets\MTSD\Prepared\MTSD-Unaugmented\MTSD-YOLO\test\images\grp4_df0bccf2-WhatsApp_Image_2026-01-14_at_11.12.00.jpeg,1587.35,649.22,1710.25,764.1,0.918,street sign,True,True,154.9,mtsd-p9
SAM 3,street sign,grp4_df0bccf2-WhatsApp_Image_2026-01-14_at_11.12.00.jpeg,E:\2. UM-Student\MSC Dissertation\Urban-Vision-Benchmark\Datasets\MTSD\Prepared\MTSD-Unaugmented\MTSD-YOLO\test\images\grp4_df0bccf2-WhatsApp_Image_2026-01-14_at_11.12.00.jpeg,1061.35,814.15,1082.39,839.12,0.8242,street sign,True,True,154.9,mtsd-p9
SAM 3,street sign,grp4_dfec1b25-20260107_105532.jpg,E:\2. UM-Student\MSC Dissertation\Urban-Vision-Benchmark\Datasets\MTSD\Prepared\MTSD-Unaugmented\MTSD-YOLO\test\images\grp4_dfec1b25-20260107_105532.jpg,240.98,301.88,1248.33,2438.0,0.5508,street sign,True,True,133.1,mtsd-p9
SAM 3,street sign,grp4_dfec1b25-20260107_105532.jpg,E:\2. UM-Student\MSC Dissertation\Urban-Vision-Benchmark\Datasets\MTSD\Prepared\MTSD-Unaugmented\MTSD-YOLO\test\images\grp4_dfec1b25-20260107_105532.jpg,348.8,1101.47,1199.15,1886.07,0.8672,street sign,True,True,133.1,mtsd-p9
SAM 3,street sign,grp4_dfec1b25-20260107_105532.jpg,E:\2. UM-Student\MSC Dissertation\Urban-Vision-Benchmark\Datasets\MTSD\Prepared\MTSD-Unaugmented\MTSD-YOLO\test\images\grp4_dfec1b25-20260107_105532.jpg,238.99,305.76,1253.92,1095.53,0.8672,street sign,True,True,133.1,mtsd-p9
SAM 3,street sign,grp4_e3a6bacf-20251222_140739.jpg,E:\2. UM-Student\MSC Dissertation\Urban-Vision-Benchmark\Datasets\MTSD\Prepared\MTSD-Unaugmented\MTSD-YOLO\test\images\grp4_e3a6bacf-20251222_140739.jpg,2857.35,3079.12,2893.5,3234.06,0.3262,street sign,True,True,468.0,mtsd-p9
SAM 3,street sign,grp4_e3a6bacf-20251222_140739.jpg,E:\2. UM-Student\MSC Dissertation\Urban-Vision-Benchmark\Datasets\MTSD\Prepared\MTSD-Unaugmented\MTSD-YOLO\test\images\grp4_e3a6bacf-20251222_140739.jpg,859.77,791.91,1742.35,4000.0,0.6172,street sign,True,True,468.0,mtsd-p9
SAM 3,street sign,grp4_e3a6bacf-20251222_140739.jpg,E:\2. UM-Student\MSC Dissertation\Urban-Vision-Benchmark\Datasets\MTSD\Prepared\MTSD-Unaugmented\MTSD-YOLO\test\images\grp4_e3a6bacf-20251222_140739.jpg,2854.41,3080.32,2892.48,3131.22,0.7188,street sign,True,True,468.0,mtsd-p9
SAM 3,street sign,grp4_e3a6bacf-20251222_140739.jpg,E:\2. UM-Student\MSC Dissertation\Urban-Vision-Benchmark\Datasets\MTSD\Prepared\MTSD-Unaugmented\MTSD-YOLO\test\images\grp4_e3a6bacf-20251222_140739.jpg,2077.58,3083.97,2112.4,3137.35,0.4355,street sign,True,True,468.0,mtsd-p9
SAM 3,street sign,grp4_e3a6bacf-20251222_140739.jpg,E:\2. UM-Student\MSC Dissertation\Urban-Vision-Benchmark\Datasets\MTSD\Prepared\MTSD-Unaugmented\MTSD-YOLO\test\images\grp4_e3a6bacf-20251222_140739.jpg,860.23,789.73,1745.21,2099.52,0.9102,street sign,True,True,468.0,mtsd-p9
SAM 3,street sign,grp4_e3a6bacf-20251222_140739.jpg,E:\2. UM-Student\MSC Dissertation\Urban-Vision-Benchmark\Datasets\MTSD\Prepared\MTSD-Unaugmented\MTSD-YOLO\test\images\grp4_e3a6bacf-20251222_140739.jpg,2171.88,3216.91,2208.19,3265.24,0.6992,street sign,True,True,468.0,mtsd-p9
SAM 3,street sign,grp4_e3a6bacf-20251222_140739.jpg,E:\2. UM-Student\MSC Dissertation\Urban-Vision-Benchmark\Datasets\MTSD\Prepared\MTSD-Unaugmented\MTSD-YOLO\test\images\grp4_e3a6bacf-20251222_140739.jpg,2591.22,3028.76,2626.17,3067.78,0.3262,street sign,True,True,468.0,mtsd-p9
SAM 3,street sign,grp4_e47a8d80-20251116_163051.jpg,E:\2. UM-Student\MSC Dissertation\Urban-Vision-Benchmark\Datasets\MTSD\Prepared\MTSD-Unaugmented\MTSD-YOLO\test\images\grp4_e47a8d80-20251116_163051.jpg,988.97,1226.03,1365.55,2916.87,0.8672,street sign,True,True,177.5,mtsd-p9
SAM 3,street sign,grp4_e63ad5ed-WhatsApp_Image_2026-01-14_at_11.10.19_1.jpeg,E:\2. UM-Student\MSC Dissertation\Urban-Vision-Benchmark\Datasets\MTSD\Prepared\MTSD-Unaugmented\MTSD-YOLO\test\images\grp4_e63ad5ed-WhatsApp_Image_2026-01-14_at_11.10.19_1.jpeg,535.33,757.82,902.65,1121.09,0.9258,street sign,True,True,145.6,mtsd-p9
SAM 3,street sign,grp4_e63ad5ed-WhatsApp_Image_2026-01-14_at_11.10.19_1.jpeg,E:\2. UM-Student\MSC Dissertation\Urban-Vision-Benchmark\Datasets\MTSD\Prepared\MTSD-Unaugmented\MTSD-YOLO\test\images\grp4_e63ad5ed-WhatsApp_Image_2026-01-14_at_11.10.19_1.jpeg,249.18,1323.02,308.02,1375.18,0.4844,street sign,True,True,145.6,mtsd-p9
SAM 3,street sign,grp4_e63ad5ed-WhatsApp_Image_2026-01-14_at_11.10.19_1.jpeg,E:\2. UM-Student\MSC Dissertation\Urban-Vision-Benchmark\Datasets\MTSD\Prepared\MTSD-Unaugmented\MTSD-YOLO\test\images\grp4_e63ad5ed-WhatsApp_Image_2026-01-14_at_11.10.19_1.jpeg,535.22,753.95,902.95,1998.1,0.4668,street sign,True,True,145.6,mtsd-p9
SAM 3,street sign,grp4_f171227c-20251222_132239.jpg,E:\2. UM-Student\MSC Dissertation\Urban-Vision-Benchmark\Datasets\MTSD\Prepared\MTSD-Unaugmented\MTSD-YOLO\test\images\grp4_f171227c-20251222_132239.jpg,0.0,879.14,1192.19,1618.95,0.9258,street sign,True,True,435.0,mtsd-p9
SAM 3,street sign,grp4_f171227c-20251222_132239.jpg,E:\2. UM-Student\MSC Dissertation\Urban-Vision-Benchmark\Datasets\MTSD\Prepared\MTSD-Unaugmented\MTSD-YOLO\test\images\grp4_f171227c-20251222_132239.jpg,0.0,0.0,1437.98,1184.2,0.9336,street sign,True,True,435.0,mtsd-p9
SAM 3,street sign,grp4_f171227c-20251222_132239.jpg,E:\2. UM-Student\MSC Dissertation\Urban-Vision-Benchmark\Datasets\MTSD\Prepared\MTSD-Unaugmented\MTSD-YOLO\test\images\grp4_f171227c-20251222_132239.jpg,1000.77,941.46,1633.91,2204.79,0.5664,street sign,True,True,435.0,mtsd-p9
SAM 3,street sign,grp4_f1d0d896-WhatsApp_Image_2026-01-14_at_11.12.20.jpeg,E:\2. UM-Student\MSC Dissertation\Urban-Vision-Benchmark\Datasets\MTSD\Prepared\MTSD-Unaugmented\MTSD-YOLO\test\images\grp4_f1d0d896-WhatsApp_Image_2026-01-14_at_11.12.20.jpeg,543.12,832.04,832.29,2000.0,0.5234,street sign,True,True,144.7,mtsd-p9
SAM 3,street sign,grp4_f1d0d896-WhatsApp_Image_2026-01-14_at_11.12.20.jpeg,E:\2. UM-Student\MSC Dissertation\Urban-Vision-Benchmark\Datasets\MTSD\Prepared\MTSD-Unaugmented\MTSD-YOLO\test\images\grp4_f1d0d896-WhatsApp_Image_2026-01-14_at_11.12.20.jpeg,544.19,835.76,828.75,1225.18,0.9102,street sign,True,True,144.7,mtsd-p9
SAM 3,street sign,grp4_f1d0d896-WhatsApp_Image_2026-01-14_at_11.12.20.jpeg,E:\2. UM-Student\MSC Dissertation\Urban-Vision-Benchmark\Datasets\MTSD\Prepared\MTSD-Unaugmented\MTSD-YOLO\test\images\grp4_f1d0d896-WhatsApp_Image_2026-01-14_at_11.12.20.jpeg,768.14,1268.66,856.28,1378.48,0.4531,street sign,True,True,144.7,mtsd-p9
SAM 3,street sign,grp4_fa665131-WhatsApp_Image_2026-01-14_at_11.12.04.jpeg,E:\2. UM-Student\MSC Dissertation\Urban-Vision-Benchmark\Datasets\MTSD\Prepared\MTSD-Unaugmented\MTSD-YOLO\test\images\grp4_fa665131-WhatsApp_Image_2026-01-14_at_11.12.04.jpeg,569.26,555.3,791.33,2000.0,0.6797,street sign,True,True,128.6,mtsd-p9
SAM 3,street sign,grp4_fa665131-WhatsApp_Image_2026-01-14_at_11.12.04.jpeg,E:\2. UM-Student\MSC Dissertation\Urban-Vision-Benchmark\Datasets\MTSD\Prepared\MTSD-Unaugmented\MTSD-YOLO\test\images\grp4_fa665131-WhatsApp_Image_2026-01-14_at_11.12.04.jpeg,572.52,555.94,787.65,1134.99,0.9023,street sign,True,True,128.6,mtsd-p9
SAM 3,street sign,grp4_fe8b41fc-WhatsApp_Image_2026-01-14_at_11.10.21_3.jpeg,E:\2. UM-Student\MSC Dissertation\Urban-Vision-Benchmark\Datasets\MTSD\Prepared\MTSD-Unaugmented\MTSD-YOLO\test\images\grp4_fe8b41fc-WhatsApp_Image_2026-01-14_at_11.10.21_3.jpeg,623.8,585.95,1031.18,1995.78,0.4316,street sign,True,True,148.0,mtsd-p9
SAM 3,street sign,grp4_fe8b41fc-WhatsApp_Image_2026-01-14_at_11.10.21_3.jpeg,E:\2. UM-Student\MSC Dissertation\Urban-Vision-Benchmark\Datasets\MTSD\Prepared\MTSD-Unaugmented\MTSD-YOLO\test\images\grp4_fe8b41fc-WhatsApp_Image_2026-01-14_at_11.10.21_3.jpeg,644.85,1079.38,1092.47,1557.1,0.8203,street sign,True,True,148.0,mtsd-p9
SAM 3,street sign,grp4_fe8b41fc-WhatsApp_Image_2026-01-14_at_11.10.21_3.jpeg,E:\2. UM-Student\MSC Dissertation\Urban-Vision-Benchmark\Datasets\MTSD\Prepared\MTSD-Unaugmented\MTSD-YOLO\test\images\grp4_fe8b41fc-WhatsApp_Image_2026-01-14_at_11.10.21_3.jpeg,623.29,588.67,906.06,1087.69,0.7109,street sign,True,True,148.0,mtsd-p9
SAM 3,street sign,grp4_ffdc6f75-WhatsApp_Image_2026-01-14_at_11.10.20.jpeg,E:\2. UM-Student\MSC Dissertation\Urban-Vision-Benchmark\Datasets\MTSD\Prepared\MTSD-Unaugmented\MTSD-YOLO\test\images\grp4_ffdc6f75-WhatsApp_Image_2026-01-14_at_11.10.20.jpeg,604.0,718.92,816.84,2000.0,0.4297,street sign,True,True,138.9,mtsd-p9
SAM 3,street sign,grp4_ffdc6f75-WhatsApp_Image_2026-01-14_at_11.10.20.jpeg,E:\2. UM-Student\MSC Dissertation\Urban-Vision-Benchmark\Datasets\MTSD\Prepared\MTSD-Unaugmented\MTSD-YOLO\test\images\grp4_ffdc6f75-WhatsApp_Image_2026-01-14_at_11.10.20.jpeg,600.15,719.82,799.97,1164.22,0.4648,street sign,True,True,138.9,mtsd-p9
SAM 3,street sign,grp4_ffdc6f75-WhatsApp_Image_2026-01-14_at_11.10.20.jpeg,E:\2. UM-Student\MSC Dissertation\Urban-Vision-Benchmark\Datasets\MTSD\Prepared\MTSD-Unaugmented\MTSD-YOLO\test\images\grp4_ffdc6f75-WhatsApp_Image_2026-01-14_at_11.10.20.jpeg,717.39,1153.46,882.35,1387.47,0.9492,street sign,True,True,138.9,mtsd-p9
SAM 3,street sign,grp5_05facbdc-BenTaliana_23_Front.jpeg,E:\2. UM-Student\MSC Dissertation\Urban-Vision-Benchmark\Datasets\MTSD\Prepared\MTSD-Unaugmented\MTSD-YOLO\test\images\grp5_05facbdc-BenTaliana_23_Front.jpeg,962.8,1747.31,3120.36,4238.16,0.5703,street sign,True,True,1736.5,mtsd-p9
SAM 3,street sign,grp5_05facbdc-BenTaliana_23_Front.jpeg,E:\2. UM-Student\MSC Dissertation\Urban-Vision-Benchmark\Datasets\MTSD\Prepared\MTSD-Unaugmented\MTSD-YOLO\test\images\grp5_05facbdc-BenTaliana_23_Front.jpeg,1217.52,3638.67,1264.98,3744.82,0.5,street sign,True,True,1736.5,mtsd-p9
SAM 3,street sign,grp5_05facbdc-BenTaliana_23_Front.jpeg,E:\2. UM-Student\MSC Dissertation\Urban-Vision-Benchmark\Datasets\MTSD\Prepared\MTSD-Unaugmented\MTSD-YOLO\test\images\grp5_05facbdc-BenTaliana_23_Front.jpeg,732.93,6796.22,804.03,6870.1,0.7344,street sign,True,True,1736.5,mtsd-p9
SAM 3,street sign,grp5_05facbdc-BenTaliana_23_Front.jpeg,E:\2. UM-Student\MSC Dissertation\Urban-Vision-Benchmark\Datasets\MTSD\Prepared\MTSD-Unaugmented\MTSD-YOLO\test\images\grp5_05facbdc-BenTaliana_23_Front.jpeg,951.73,1740.28,3122.89,8064.0,0.5234,street sign,True,True,1736.5,mtsd-p9
SAM 3,street sign,grp5_05facbdc-BenTaliana_23_Front.jpeg,E:\2. UM-Student\MSC Dissertation\Urban-Vision-Benchmark\Datasets\MTSD\Prepared\MTSD-Unaugmented\MTSD-YOLO\test\images\grp5_05facbdc-BenTaliana_23_Front.jpeg,2024.22,3131.94,2103.48,3224.1,0.7266,street sign,True,True,1736.5,mtsd-p9
SAM 3,street sign,grp5_0f660dba-MichaelFarrugia_49_Back.jpg,E:\2. UM-Student\MSC Dissertation\Urban-Vision-Benchmark\Datasets\MTSD\Prepared\MTSD-Unaugmented\MTSD-YOLO\test\images\grp5_0f660dba-MichaelFarrugia_49_Back.jpg,1114.54,1082.73,1954.78,4080.0,0.6719,street sign,True,True,185.5,mtsd-p9
SAM 3,street sign,grp5_0f660dba-MichaelFarrugia_49_Back.jpg,E:\2. UM-Student\MSC Dissertation\Urban-Vision-Benchmark\Datasets\MTSD\Prepared\MTSD-Unaugmented\MTSD-YOLO\test\images\grp5_0f660dba-MichaelFarrugia_49_Back.jpg,1114.66,1086.4,1952.64,1914.22,0.7109,street sign,True,True,185.5,mtsd-p9
SAM 3,street sign,grp5_13ab0dbb-BenTaliana_59_Front.jpeg,E:\2. UM-Student\MSC Dissertation\Urban-Vision-Benchmark\Datasets\MTSD\Prepared\MTSD-Unaugmented\MTSD-YOLO\test\images\grp5_13ab0dbb-BenTaliana_59_Front.jpeg,1632.38,3391.16,3159.35,3864.94,0.3086,street sign,True,True,961.6,mtsd-p9
SAM 3,street sign,grp5_13ab0dbb-BenTaliana_59_Front.jpeg,E:\2. UM-Student\MSC Dissertation\Urban-Vision-Benchmark\Datasets\MTSD\Prepared\MTSD-Unaugmented\MTSD-YOLO\test\images\grp5_13ab0dbb-BenTaliana_59_Front.jpeg,1109.07,1601.36,3566.89,8064.0,0.416,street sign,True,True,961.6,mtsd-p9
SAM 3,street sign,grp5_13ab0dbb-BenTaliana_59_Front.jpeg,E:\2. UM-Student\MSC Dissertation\Urban-Vision-Benchmark\Datasets\MTSD\Prepared\MTSD-Unaugmented\MTSD-YOLO\test\images\grp5_13ab0dbb-BenTaliana_59_Front.jpeg,918.9,3820.34,3780.49,6513.58,0.8789,street sign,True,True,961.6,mtsd-p9
SAM 3,street sign,grp5_13ab0dbb-BenTaliana_59_Front.jpeg,E:\2. UM-Student\MSC Dissertation\Urban-Vision-Benchmark\Datasets\MTSD\Prepared\MTSD-Unaugmented\MTSD-YOLO\test\images\grp5_13ab0dbb-BenTaliana_59_Front.jpeg,1149.38,1604.63,3521.45,3813.27,0.8828,street sign,True,True,961.6,mtsd-p9
SAM 3,street sign,grp5_1a462468-MichaelFarrugia_24_Back.jpg,E:\2. UM-Student\MSC Dissertation\Urban-Vision-Benchmark\Datasets\MTSD\Prepared\MTSD-Unaugmented\MTSD-YOLO\test\images\grp5_1a462468-MichaelFarrugia_24_Back.jpg,1294.74,1212.22,2054.68,2683.46,0.7812,street sign,True,True,188.5,mtsd-p9
SAM 3,street sign,grp5_1a462468-MichaelFarrugia_24_Back.jpg,E:\2. UM-Student\MSC Dissertation\Urban-Vision-Benchmark\Datasets\MTSD\Prepared\MTSD-Unaugmented\MTSD-YOLO\test\images\grp5_1a462468-MichaelFarrugia_24_Back.jpg,1295.62,1216.64,2053.65,2016.56,0.6953,street sign,True,True,188.5,mtsd-p9
SAM 3,street sign,grp5_1f171b80-MelatAssefa_5_Front.jpg,E:\2. UM-Student\MSC Dissertation\Urban-Vision-Benchmark\Datasets\MTSD\Prepared\MTSD-Unaugmented\MTSD-YOLO\test\images\grp5_1f171b80-MelatAssefa_5_Front.jpg,1578.13,529.43,2380.04,1265.51,0.9609,street sign,True,True,205.9,mtsd-p9
SAM 3,street sign,grp5_2141c95b-MelatAssefa_28_Side.jpg,E:\2. UM-Student\MSC Dissertation\Urban-Vision-Benchmark\Datasets\MTSD\Prepared\MTSD-Unaugmented\MTSD-YOLO\test\images\grp5_2141c95b-MelatAssefa_28_Side.jpg,1076.61,502.46,1878.49,1762.46,0.3633,street sign,True,True,225.1,mtsd-p9
SAM 3,street sign,grp5_2141c95b-MelatAssefa_28_Side.jpg,E:\2. UM-Student\MSC Dissertation\Urban-Vision-Benchmark\Datasets\MTSD\Prepared\MTSD-Unaugmented\MTSD-YOLO\test\images\grp5_2141c95b-MelatAssefa_28_Side.jpg,0.0,2455.19,82.75,2773.42,0.5234,street sign,True,True,225.1,mtsd-p9
SAM 3,street sign,grp5_2141c95b-MelatAssefa_28_Side.jpg,E:\2. UM-Student\MSC Dissertation\Urban-Vision-Benchmark\Datasets\MTSD\Prepared\MTSD-Unaugmented\MTSD-YOLO\test\images\grp5_2141c95b-MelatAssefa_28_Side.jpg,667.6,335.62,1873.74,4032.0,0.5664,street sign,True,True,225.1,mtsd-p9
SAM 3,street sign,grp5_2141c95b-MelatAssefa_28_Side.jpg,E:\2. UM-Student\MSC Dissertation\Urban-Vision-Benchmark\Datasets\MTSD\Prepared\MTSD-Unaugmented\MTSD-YOLO\test\images\grp5_2141c95b-MelatAssefa_28_Side.jpg,677.36,330.54,1648.91,1741.57,0.8125,street sign,True,True,225.1,mtsd-p9
SAM 3,street sign,grp5_27622289-BenTaliana_10_Front.jpeg,E:\2. UM-Student\MSC Dissertation\Urban-Vision-Benchmark\Datasets\MTSD\Prepared\MTSD-Unaugmented\MTSD-YOLO\test\images\grp5_27622289-BenTaliana_10_Front.jpeg,133.77,4682.08,412.17,4850.81,0.7461,street sign,True,True,1163.7,mtsd-p9
SAM 3,street sign,grp5_27622289-BenTaliana_10_Front.jpeg,E:\2. UM-Student\MSC Dissertation\Urban-Vision-Benchmark\Datasets\MTSD\Prepared\MTSD-Unaugmented\MTSD-YOLO\test\images\grp5_27622289-BenTaliana_10_Front.jpeg,743.56,1827.78,3675.87,4637.92,0.9297,street sign,True,True,1163.7,mtsd-p9
SAM 3,street sign,grp5_28809400-MelatAssefa_23_Front.jpg,E:\2. UM-Student\MSC Dissertation\Urban-Vision-Benchmark\Datasets\MTSD\Prepared\MTSD-Unaugmented\MTSD-YOLO\test\images\grp5_28809400-MelatAssefa_23_Front.jpg,1051.99,536.93,1834.96,1346.08,0.9609,street sign,True,True,234.9,mtsd-p9
SAM 3,street sign,grp5_29252be9-MichaelFarrugia_29_Front.jpg,E:\2. UM-Student\MSC Dissertation\Urban-Vision-Benchmark\Datasets\MTSD\Prepared\MTSD-Unaugmented\MTSD-YOLO\test\images\grp5_29252be9-MichaelFarrugia_29_Front.jpg,1066.61,2734.24,1183.52,3243.8,0.6523,street sign,True,True,460.7,mtsd-p9
SAM 3,street sign,grp5_29252be9-MichaelFarrugia_29_Front.jpg,E:\2. UM-Student\MSC Dissertation\Urban-Vision-Benchmark\Datasets\MTSD\Prepared\MTSD-Unaugmented\MTSD-YOLO\test\images\grp5_29252be9-MichaelFarrugia_29_Front.jpg,2278.34,2907.13,2419.35,2947.36,0.7344,street sign,True,True,460.7,mtsd-p9
SAM 3,street sign,grp5_29252be9-MichaelFarrugia_29_Front.jpg,E:\2. UM-Student\MSC Dissertation\Urban-Vision-Benchmark\Datasets\MTSD\Prepared\MTSD-Unaugmented\MTSD-YOLO\test\images\grp5_29252be9-MichaelFarrugia_29_Front.jpg,1480.25,2983.31,1561.24,3092.58,0.5586,street sign,True,True,460.7,mtsd-p9
SAM 3,street sign,grp5_29252be9-MichaelFarrugia_29_Front.jpg,E:\2. UM-Student\MSC Dissertation\Urban-Vision-Benchmark\Datasets\MTSD\Prepared\MTSD-Unaugmented\MTSD-YOLO\test\images\grp5_29252be9-MichaelFarrugia_29_Front.jpg,705.63,2685.56,830.44,3584.69,0.625,street sign,True,True,460.7,mtsd-p9
SAM 3,street sign,grp5_29252be9-MichaelFarrugia_29_Front.jpg,E:\2. UM-Student\MSC Dissertation\Urban-Vision-Benchmark\Datasets\MTSD\Prepared\MTSD-Unaugmented\MTSD-YOLO\test\images\grp5_29252be9-MichaelFarrugia_29_Front.jpg,1066.2,2731.39,1184.95,2856.54,0.8555,street sign,True,True,460.7,mtsd-p9
SAM 3,street sign,grp5_29252be9-MichaelFarrugia_29_Front.jpg,E:\2. UM-Student\MSC Dissertation\Urban-Vision-Benchmark\Datasets\MTSD\Prepared\MTSD-Unaugmented\MTSD-YOLO\test\images\grp5_29252be9-MichaelFarrugia_29_Front.jpg,710.55,2691.36,832.09,2864.28,0.7891,street sign,True,True,460.7,mtsd-p9
SAM 3,street sign,grp5_29252be9-MichaelFarrugia_29_Front.jpg,E:\2. UM-Student\MSC Dissertation\Urban-Vision-Benchmark\Datasets\MTSD\Prepared\MTSD-Unaugmented\MTSD-YOLO\test\images\grp5_29252be9-MichaelFarrugia_29_Front.jpg,1264.6,1241.82,2017.37,4080.0,0.5508,street sign,True,True,460.7,mtsd-p9
SAM 3,street sign,grp5_29252be9-MichaelFarrugia_29_Front.jpg,E:\2. UM-Student\MSC Dissertation\Urban-Vision-Benchmark\Datasets\MTSD\Prepared\MTSD-Unaugmented\MTSD-YOLO\test\images\grp5_29252be9-MichaelFarrugia_29_Front.jpg,1270.76,1246.89,2020.52,1941.04,0.9258,street sign,True,True,460.7,mtsd-p9
SAM 3,street sign,grp5_2da1aa64-AlisonAttard_27_Front.jpeg,E:\2. UM-Student\MSC Dissertation\Urban-Vision-Benchmark\Datasets\MTSD\Prepared\MTSD-Unaugmented\MTSD-YOLO\test\images\grp5_2da1aa64-AlisonAttard_27_Front.jpeg,1967.45,1310.31,2472.36,1804.82,0.9453,street sign,True,True,234.7,mtsd-p9
SAM 3,street sign,grp5_30980873-BenTaliana_12_Front.jpeg,E:\2. UM-Student\MSC Dissertation\Urban-Vision-Benchmark\Datasets\MTSD\Prepared\MTSD-Unaugmented\MTSD-YOLO\test\images\grp5_30980873-BenTaliana_12_Front.jpeg,4093.75,6056.87,4163.78,6138.58,0.3496,street sign,True,True,1360.8,mtsd-p9
SAM 3,street sign,grp5_30980873-BenTaliana_12_Front.jpeg,E:\2. UM-Student\MSC Dissertation\Urban-Vision-Benchmark\Datasets\MTSD\Prepared\MTSD-Unaugmented\MTSD-YOLO\test\images\grp5_30980873-BenTaliana_12_Front.jpeg,354.01,0.0,1109.27,2112.3,0.3457,street sign,True,True,1360.8,mtsd-p9
SAM 3,street sign,grp5_30980873-BenTaliana_12_Front.jpeg,E:\2. UM-Student\MSC Dissertation\Urban-Vision-Benchmark\Datasets\MTSD\Prepared\MTSD-Unaugmented\MTSD-YOLO\test\images\grp5_30980873-BenTaliana_12_Front.jpeg,1177.91,2149.98,3419.39,4146.67,0.9648,street sign,True,True,1360.8,mtsd-p9
SAM 3,street sign,grp5_32b2eadc-AlisonAttard_7_Side.jpeg,E:\2. UM-Student\MSC Dissertation\Urban-Vision-Benchmark\Datasets\MTSD\Prepared\MTSD-Unaugmented\MTSD-YOLO\test\images\grp5_32b2eadc-AlisonAttard_7_Side.jpeg,1044.21,1309.52,4032.0,1556.34,0.3164,street sign,True,True,250.2,mtsd-p9
SAM 3,street sign,grp5_32b2eadc-AlisonAttard_7_Side.jpeg,E:\2. UM-Student\MSC Dissertation\Urban-Vision-Benchmark\Datasets\MTSD\Prepared\MTSD-Unaugmented\MTSD-YOLO\test\images\grp5_32b2eadc-AlisonAttard_7_Side.jpeg,3267.76,2576.77,3542.81,2840.66,0.8281,street sign,True,True,250.2,mtsd-p9
SAM 3,street sign,grp5_32b2eadc-AlisonAttard_7_Side.jpeg,E:\2. UM-Student\MSC Dissertation\Urban-Vision-Benchmark\Datasets\MTSD\Prepared\MTSD-Unaugmented\MTSD-YOLO\test\images\grp5_32b2eadc-AlisonAttard_7_Side.jpeg,3852.62,2880.25,4032.0,3024.0,0.4512,street sign,True,True,250.2,mtsd-p9
SAM 3,street sign,grp5_32b2eadc-AlisonAttard_7_Side.jpeg,E:\2. UM-Student\MSC Dissertation\Urban-Vision-Benchmark\Datasets\MTSD\Prepared\MTSD-Unaugmented\MTSD-YOLO\test\images\grp5_32b2eadc-AlisonAttard_7_Side.jpeg,1684.13,0.0,3548.71,1221.8,0.7891,street sign,True,True,250.2,mtsd-p9
SAM 3,street sign,grp5_3cd9a2bc-MelatAssefa_45_Side.jpg,E:\2. UM-Student\MSC Dissertation\Urban-Vision-Benchmark\Datasets\MTSD\Prepared\MTSD-Unaugmented\MTSD-YOLO\test\images\grp5_3cd9a2bc-MelatAssefa_45_Side.jpg,912.55,812.82,2065.58,2917.85,0.9688,street sign,True,True,165.3,mtsd-p9
SAM 3,street sign,grp5_3d564b26-AlisonAttard_15_Back.jpeg,E:\2. UM-Student\MSC Dissertation\Urban-Vision-Benchmark\Datasets\MTSD\Prepared\MTSD-Unaugmented\MTSD-YOLO\test\images\grp5_3d564b26-AlisonAttard_15_Back.jpeg,2770.65,1125.74,4032.0,1645.94,0.9219,street sign,True,True,256.4,mtsd-p9
SAM 3,street sign,grp5_3d564b26-AlisonAttard_15_Back.jpeg,E:\2. UM-Student\MSC Dissertation\Urban-Vision-Benchmark\Datasets\MTSD\Prepared\MTSD-Unaugmented\MTSD-YOLO\test\images\grp5_3d564b26-AlisonAttard_15_Back.jpeg,1509.98,924.78,2680.7,1961.81,0.9336,street sign,True,True,256.4,mtsd-p9
SAM 3,street sign,grp5_3d564b26-AlisonAttard_15_Back.jpeg,E:\2. UM-Student\MSC Dissertation\Urban-Vision-Benchmark\Datasets\MTSD\Prepared\MTSD-Unaugmented\MTSD-YOLO\test\images\grp5_3d564b26-AlisonAttard_15_Back.jpeg,2869.53,1252.95,3271.93,1477.91,0.4219,street sign,True,True,256.4,mtsd-p9
SAM 3,street sign,grp5_3d564b26-AlisonAttard_15_Back.jpeg,E:\2. UM-Student\MSC Dissertation\Urban-Vision-Benchmark\Datasets\MTSD\Prepared\MTSD-Unaugmented\MTSD-YOLO\test\images\grp5_3d564b26-AlisonAttard_15_Back.jpeg,2675.43,117.93,2990.0,692.19,0.5039,street sign,True,True,256.4,mtsd-p9
SAM 3,street sign,grp5_3db24e6b-AlisonAttard_31_Side.jpeg,E:\2. UM-Student\MSC Dissertation\Urban-Vision-Benchmark\Datasets\MTSD\Prepared\MTSD-Unaugmented\MTSD-YOLO\test\images\grp5_3db24e6b-AlisonAttard_31_Side.jpeg,886.59,709.62,1351.23,1262.42,0.5938,street sign,True,True,485.8,mtsd-p9
SAM 3,street sign,grp5_3db24e6b-AlisonAttard_31_Side.jpeg,E:\2. UM-Student\MSC Dissertation\Urban-Vision-Benchmark\Datasets\MTSD\Prepared\MTSD-Unaugmented\MTSD-YOLO\test\images\grp5_3db24e6b-AlisonAttard_31_Side.jpeg,1372.14,1073.24,2155.48,1388.38,0.8984,street sign,True,True,485.8,mtsd-p9
SAM 3,street sign,grp5_44ccc0f3-MichaelFarrugia_54_Front.jpg,E:\2. UM-Student\MSC Dissertation\Urban-Vision-Benchmark\Datasets\MTSD\Prepared\MTSD-Unaugmented\MTSD-YOLO\test\images\grp5_44ccc0f3-MichaelFarrugia_54_Front.jpg,1538.45,2660.68,1643.86,2774.56,0.7617,street sign,True,True,198.1,mtsd-p9
SAM 3,street sign,grp5_44ccc0f3-MichaelFarrugia_54_Front.jpg,E:\2. UM-Student\MSC Dissertation\Urban-Vision-Benchmark\Datasets\MTSD\Prepared\MTSD-Unaugmented\MTSD-YOLO\test\images\grp5_44ccc0f3-MichaelFarrugia_54_Front.jpg,1225.49,1604.84,1937.27,4080.0,0.5195,street sign,True,True,198.1,mtsd-p9
SAM 3,street sign,grp5_44ccc0f3-MichaelFarrugia_54_Front.jpg,E:\2. UM-Student\MSC Dissertation\Urban-Vision-Benchmark\Datasets\MTSD\Prepared\MTSD-Unaugmented\MTSD-YOLO\test\images\grp5_44ccc0f3-MichaelFarrugia_54_Front.jpg,1231.2,1608.24,1932.31,2293.67,0.9102,street sign,True,True,198.1,mtsd-p9
SAM 3,street sign,grp5_48cba720-BenTaliana_30_Front.jpeg,E:\2. UM-Student\MSC Dissertation\Urban-Vision-Benchmark\Datasets\MTSD\Prepared\MTSD-Unaugmented\MTSD-YOLO\test\images\grp5_48cba720-BenTaliana_30_Front.jpeg,3326.78,5362.59,3408.12,5462.44,0.7734,street sign,True,True,1189.0,mtsd-p9
SAM 3,street sign,grp5_48cba720-BenTaliana_30_Front.jpeg,E:\2. UM-Student\MSC Dissertation\Urban-Vision-Benchmark\Datasets\MTSD\Prepared\MTSD-Unaugmented\MTSD-YOLO\test\images\grp5_48cba720-BenTaliana_30_Front.jpeg,3474.35,5417.54,3543.69,5506.82,0.498,street sign,True,True,1189.0,mtsd-p9
SAM 3,street sign,grp5_48cba720-BenTaliana_30_Front.jpeg,E:\2. UM-Student\MSC Dissertation\Urban-Vision-Benchmark\Datasets\MTSD\Prepared\MTSD-Unaugmented\MTSD-YOLO\test\images\grp5_48cba720-BenTaliana_30_Front.jpeg,1223.07,3451.34,3673.22,8064.0,0.3848,street sign,True,True,1189.0,mtsd-p9
SAM 3,street sign,grp5_48cba720-BenTaliana_30_Front.jpeg,E:\2. UM-Student\MSC Dissertation\Urban-Vision-Benchmark\Datasets\MTSD\Prepared\MTSD-Unaugmented\MTSD-YOLO\test\images\grp5_48cba720-BenTaliana_30_Front.jpeg,3470.12,5491.52,3541.73,5557.63,0.3008,street sign,True,True,1189.0,mtsd-p9
SAM 3,street sign,grp5_48cba720-BenTaliana_30_Front.jpeg,E:\2. UM-Student\MSC Dissertation\Urban-Vision-Benchmark\Datasets\MTSD\Prepared\MTSD-Unaugmented\MTSD-YOLO\test\images\grp5_48cba720-BenTaliana_30_Front.jpeg,1037.52,1774.83,3406.32,8064.0,0.3672,street sign,True,True,1189.0,mtsd-p9
SAM 3,street sign,grp5_48cba720-BenTaliana_30_Front.jpeg,E:\2. UM-Student\MSC Dissertation\Urban-Vision-Benchmark\Datasets\MTSD\Prepared\MTSD-Unaugmented\MTSD-YOLO\test\images\grp5_48cba720-BenTaliana_30_Front.jpeg,1225.19,3460.79,3685.62,5457.43,0.7109,street sign,True,True,1189.0,mtsd-p9
SAM 3,street sign,grp5_48cba720-BenTaliana_30_Front.jpeg,E:\2. UM-Student\MSC Dissertation\Urban-Vision-Benchmark\Datasets\MTSD\Prepared\MTSD-Unaugmented\MTSD-YOLO\test\images\grp5_48cba720-BenTaliana_30_Front.jpeg,976.58,1753.68,3141.5,3662.13,0.9297,street sign,True,True,1189.0,mtsd-p9
SAM 3,street sign,grp5_50e6a3c4-MichaelFarrugia_55_Front.jpg,E:\2. UM-Student\MSC Dissertation\Urban-Vision-Benchmark\Datasets\MTSD\Prepared\MTSD-Unaugmented\MTSD-YOLO\test\images\grp5_50e6a3c4-MichaelFarrugia_55_Front.jpg,1871.16,2477.14,1914.36,2540.29,0.6992,street sign,True,True,807.1,mtsd-p9
SAM 3,street sign,grp5_50e6a3c4-MichaelFarrugia_55_Front.jpg,E:\2. UM-Student\MSC Dissertation\Urban-Vision-Benchmark\Datasets\MTSD\Prepared\MTSD-Unaugmented\MTSD-YOLO\test\images\grp5_50e6a3c4-MichaelFarrugia_55_Front.jpg,1557.46,2502.21,1589.33,2545.53,0.6133,street sign,True,True,807.1,mtsd-p9
SAM 3,street sign,grp5_50e6a3c4-MichaelFarrugia_55_Front.jpg,E:\2. UM-Student\MSC Dissertation\Urban-Vision-Benchmark\Datasets\MTSD\Prepared\MTSD-Unaugmented\MTSD-YOLO\test\images\grp5_50e6a3c4-MichaelFarrugia_55_Front.jpg,2919.15,2487.3,2964.77,2534.96,0.6562,street sign,True,True,807.1,mtsd-p9
SAM 3,street sign,grp5_50e6a3c4-MichaelFarrugia_55_Front.jpg,E:\2. UM-Student\MSC Dissertation\Urban-Vision-Benchmark\Datasets\MTSD\Prepared\MTSD-Unaugmented\MTSD-YOLO\test\images\grp5_50e6a3c4-MichaelFarrugia_55_Front.jpg,1468.45,2381.19,1522.52,2461.08,0.6367,street sign,True,True,807.1,mtsd-p9
SAM 3,street sign,grp5_50e6a3c4-MichaelFarrugia_55_Front.jpg,E:\2. UM-Student\MSC Dissertation\Urban-Vision-Benchmark\Datasets\MTSD\Prepared\MTSD-Unaugmented\MTSD-YOLO\test\images\grp5_50e6a3c4-MichaelFarrugia_55_Front.jpg,2900.3,2388.9,2974.58,2496.28,0.7383,street sign,True,True,807.1,mtsd-p9
SAM 3,street sign,grp5_50e6a3c4-MichaelFarrugia_55_Front.jpg,E:\2. UM-Student\MSC Dissertation\Urban-Vision-Benchmark\Datasets\MTSD\Prepared\MTSD-Unaugmented\MTSD-YOLO\test\images\grp5_50e6a3c4-MichaelFarrugia_55_Front.jpg,1942.8,2226.26,2116.66,2401.06,0.918,street sign,True,True,807.1,mtsd-p9
SAM 3,street sign,grp5_50e6a3c4-MichaelFarrugia_55_Front.jpg,E:\2. UM-Student\MSC Dissertation\Urban-Vision-Benchmark\Datasets\MTSD\Prepared\MTSD-Unaugmented\MTSD-YOLO\test\images\grp5_50e6a3c4-MichaelFarrugia_55_Front.jpg,1947.85,2243.42,2107.54,3095.75,0.3633,street sign,True,True,807.1,mtsd-p9
SAM 3,street sign,grp5_50e6a3c4-MichaelFarrugia_55_Front.jpg,E:\2. UM-Student\MSC Dissertation\Urban-Vision-Benchmark\Datasets\MTSD\Prepared\MTSD-Unaugmented\MTSD-YOLO\test\images\grp5_50e6a3c4-MichaelFarrugia_55_Front.jpg,1385.71,1416.0,2034.77,2048.92,0.9492,street sign,True,True,807.1,mtsd-p9
SAM 3,street sign,grp5_50e6a3c4-MichaelFarrugia_55_Front.jpg,E:\2. UM-Student\MSC Dissertation\Urban-Vision-Benchmark\Datasets\MTSD\Prepared\MTSD-Unaugmented\MTSD-YOLO\test\images\grp5_50e6a3c4-MichaelFarrugia_55_Front.jpg,2037.32,2471.44,2066.15,2511.33,0.543,street sign,True,True,807.1,mtsd-p9
SAM 3,street sign,grp5_50e6a3c4-MichaelFarrugia_55_Front.jpg,E:\2. UM-Student\MSC Dissertation\Urban-Vision-Benchmark\Datasets\MTSD\Prepared\MTSD-Unaugmented\MTSD-YOLO\test\images\grp5_50e6a3c4-MichaelFarrugia_55_Front.jpg,2533.83,2455.1,2588.62,2535.61,0.625,street sign,True,True,807.1,mtsd-p9
SAM 3,street sign,grp5_559514d7-AlisonAttard_13_Side.jpeg,E:\2. UM-Student\MSC Dissertation\Urban-Vision-Benchmark\Datasets\MTSD\Prepared\MTSD-Unaugmented\MTSD-YOLO\test\images\grp5_559514d7-AlisonAttard_13_Side.jpeg,2361.91,1093.43,2829.87,1691.65,0.9023,street sign,True,True,207.5,mtsd-p9
SAM 3,street sign,grp5_57e0ac5f-AlisonAttard_27_Back.jpeg,E:\2. UM-Student\MSC Dissertation\Urban-Vision-Benchmark\Datasets\MTSD\Prepared\MTSD-Unaugmented\MTSD-YOLO\test\images\grp5_57e0ac5f-AlisonAttard_27_Back.jpeg,,,,,,<no detections>,False,True,148.9,mtsd-p9
SAM 3,street sign,grp5_6325b5ff-MelatAssefa_21_Front.jpg,E:\2. UM-Student\MSC Dissertation\Urban-Vision-Benchmark\Datasets\MTSD\Prepared\MTSD-Unaugmented\MTSD-YOLO\test\images\grp5_6325b5ff-MelatAssefa_21_Front.jpg,1632.38,2274.14,1667.26,2314.28,0.3438,street sign,True,True,532.7,mtsd-p9
SAM 3,street sign,grp5_6325b5ff-MelatAssefa_21_Front.jpg,E:\2. UM-Student\MSC Dissertation\Urban-Vision-Benchmark\Datasets\MTSD\Prepared\MTSD-Unaugmented\MTSD-YOLO\test\images\grp5_6325b5ff-MelatAssefa_21_Front.jpg,1316.95,749.27,1926.2,4032.0,0.6094,street sign,True,True,532.7,mtsd-p9
SAM 3,street sign,grp5_6325b5ff-MelatAssefa_21_Front.jpg,E:\2. UM-Student\MSC Dissertation\Urban-Vision-Benchmark\Datasets\MTSD\Prepared\MTSD-Unaugmented\MTSD-YOLO\test\images\grp5_6325b5ff-MelatAssefa_21_Front.jpg,1321.46,752.39,1923.62,1373.85,0.9023,street sign,True,True,532.7,mtsd-p9
SAM 3,street sign,grp5_6bb6fe17-BenTaliana_15_Back.jpeg,E:\2. UM-Student\MSC Dissertation\Urban-Vision-Benchmark\Datasets\MTSD\Prepared\MTSD-Unaugmented\MTSD-YOLO\test\images\grp5_6bb6fe17-BenTaliana_15_Back.jpeg,415.65,6868.74,481.86,7034.65,0.707,street sign,True,True,838.2,mtsd-p9
SAM 3,street sign,grp5_6bb6fe17-BenTaliana_15_Back.jpeg,E:\2. UM-Student\MSC Dissertation\Urban-Vision-Benchmark\Datasets\MTSD\Prepared\MTSD-Unaugmented\MTSD-YOLO\test\images\grp5_6bb6fe17-BenTaliana_15_Back.jpeg,842.62,2327.38,2517.56,4378.89,0.7852,street sign,True,True,838.2,mtsd-p9
SAM 3,street sign,grp5_6cdcc943-AlisonAttard_14_Back.jpeg,E:\2. UM-Student\MSC Dissertation\Urban-Vision-Benchmark\Datasets\MTSD\Prepared\MTSD-Unaugmented\MTSD-YOLO\test\images\grp5_6cdcc943-AlisonAttard_14_Back.jpeg,1166.44,976.18,2377.02,2222.39,0.9258,street sign,True,True,234.5,mtsd-p9
SAM 3,street sign,grp5_704b34ba-BenTaliana_38_Side.jpeg,E:\2. UM-Student\MSC Dissertation\Urban-Vision-Benchmark\Datasets\MTSD\Prepared\MTSD-Unaugmented\MTSD-YOLO\test\images\grp5_704b34ba-BenTaliana_38_Side.jpeg,637.45,1320.56,1280.95,2598.25,0.9492,street sign,True,True,195.3,mtsd-p9
SAM 3,street sign,grp5_770e5bfc-BenTaliana_60_Side.jpeg,E:\2. UM-Student\MSC Dissertation\Urban-Vision-Benchmark\Datasets\MTSD\Prepared\MTSD-Unaugmented\MTSD-YOLO\test\images\grp5_770e5bfc-BenTaliana_60_Side.jpeg,1116.79,2568.84,1168.04,2643.09,0.7227,street sign,True,True,424.1,mtsd-p9
SAM 3,street sign,grp5_770e5bfc-BenTaliana_60_Side.jpeg,E:\2. UM-Student\MSC Dissertation\Urban-Vision-Benchmark\Datasets\MTSD\Prepared\MTSD-Unaugmented\MTSD-YOLO\test\images\grp5_770e5bfc-BenTaliana_60_Side.jpeg,2117.62,2576.18,2202.15,2635.52,0.6523,street sign,True,True,424.1,mtsd-p9
SAM 3,street sign,grp5_770e5bfc-BenTaliana_60_Side.jpeg,E:\2. UM-Student\MSC Dissertation\Urban-Vision-Benchmark\Datasets\MTSD\Prepared\MTSD-Unaugmented\MTSD-YOLO\test\images\grp5_770e5bfc-BenTaliana_60_Side.jpeg,840.05,770.6,1569.93,4022.78,0.3848,street sign,True,True,424.1,mtsd-p9
SAM 3,street sign,grp5_770e5bfc-BenTaliana_60_Side.jpeg,E:\2. UM-Student\MSC Dissertation\Urban-Vision-Benchmark\Datasets\MTSD\Prepared\MTSD-Unaugmented\MTSD-YOLO\test\images\grp5_770e5bfc-BenTaliana_60_Side.jpeg,1080.64,1607.27,1555.5,2921.67,0.9141,street sign,True,True,424.1,mtsd-p9
SAM 3,street sign,grp5_770e5bfc-BenTaliana_60_Side.jpeg,E:\2. UM-Student\MSC Dissertation\Urban-Vision-Benchmark\Datasets\MTSD\Prepared\MTSD-Unaugmented\MTSD-YOLO\test\images\grp5_770e5bfc-BenTaliana_60_Side.jpeg,1089.39,809.38,1564.2,1742.55,0.9336,street sign,True,True,424.1,mtsd-p9
SAM 3,street sign,grp5_7ae28afa-MelatAssefa_15_Front.jpg,E:\2. UM-Student\MSC Dissertation\Urban-Vision-Benchmark\Datasets\MTSD\Prepared\MTSD-Unaugmented\MTSD-YOLO\test\images\grp5_7ae28afa-MelatAssefa_15_Front.jpg,2155.17,2645.3,2248.62,3125.72,0.5195,street sign,True,True,222.5,mtsd-p9
SAM 3,street sign,grp5_7ae28afa-MelatAssefa_15_Front.jpg,E:\2. UM-Student\MSC Dissertation\Urban-Vision-Benchmark\Datasets\MTSD\Prepared\MTSD-Unaugmented\MTSD-YOLO\test\images\grp5_7ae28afa-MelatAssefa_15_Front.jpg,1191.72,619.48,2010.47,1260.05,0.9648,street sign,True,True,222.5,mtsd-p9
SAM 3,street sign,grp5_82a1216f-AlisonAttard_27_Side.jpeg,E:\2. UM-Student\MSC Dissertation\Urban-Vision-Benchmark\Datasets\MTSD\Prepared\MTSD-Unaugmented\MTSD-YOLO\test\images\grp5_82a1216f-AlisonAttard_27_Side.jpeg,2054.84,1491.27,3090.39,1709.83,0.6445,street sign,True,True,166.2,mtsd-p9
SAM 3,street sign,grp5_85f27713-MelatAssefa_35_Side.jpg,E:\2. UM-Student\MSC Dissertation\Urban-Vision-Benchmark\Datasets\MTSD\Prepared\MTSD-Unaugmented\MTSD-YOLO\test\images\grp5_85f27713-MelatAssefa_35_Side.jpg,3455.49,3175.15,4284.0,4743.74,0.8828,street sign,True,True,772.8,mtsd-p9
SAM 3,street sign,grp5_85f27713-MelatAssefa_35_Side.jpg,E:\2. UM-Student\MSC Dissertation\Urban-Vision-Benchmark\Datasets\MTSD\Prepared\MTSD-Unaugmented\MTSD-YOLO\test\images\grp5_85f27713-MelatAssefa_35_Side.jpg,1367.34,3037.34,1841.62,4334.13,0.8711,street sign,True,True,772.8,mtsd-p9
SAM 3,street sign,grp5_85f27713-MelatAssefa_35_Side.jpg,E:\2. UM-Student\MSC Dissertation\Urban-Vision-Benchmark\Datasets\MTSD\Prepared\MTSD-Unaugmented\MTSD-YOLO\test\images\grp5_85f27713-MelatAssefa_35_Side.jpg,1386.1,1794.44,2038.6,5712.0,0.3906,street sign,True,True,772.8,mtsd-p9
SAM 3,street sign,grp5_85f27713-MelatAssefa_35_Side.jpg,E:\2. UM-Student\MSC Dissertation\Urban-Vision-Benchmark\Datasets\MTSD\Prepared\MTSD-Unaugmented\MTSD-YOLO\test\images\grp5_85f27713-MelatAssefa_35_Side.jpg,1412.3,1795.23,2042.83,3212.48,0.9453,street sign,True,True,772.8,mtsd-p9
SAM 3,street sign,grp5_8e2aa9fc-AlisonAttard_30_Back.jpeg,E:\2. UM-Student\MSC Dissertation\Urban-Vision-Benchmark\Datasets\MTSD\Prepared\MTSD-Unaugmented\MTSD-YOLO\test\images\grp5_8e2aa9fc-AlisonAttard_30_Back.jpeg,,,,,,<no detections>,False,True,152.9,mtsd-p9
SAM 3,street sign,grp5_9c857801-BenTaliana_43_Side.jpeg,E:\2. UM-Student\MSC Dissertation\Urban-Vision-Benchmark\Datasets\MTSD\Prepared\MTSD-Unaugmented\MTSD-YOLO\test\images\grp5_9c857801-BenTaliana_43_Side.jpeg,4286.55,6381.03,4460.54,6712.69,0.918,street sign,True,True,1420.1,mtsd-p9
SAM 3,street sign,grp5_9c857801-BenTaliana_43_Side.jpeg,E:\2. UM-Student\MSC Dissertation\Urban-Vision-Benchmark\Datasets\MTSD\Prepared\MTSD-Unaugmented\MTSD-YOLO\test\images\grp5_9c857801-BenTaliana_43_Side.jpeg,125.32,7074.32,257.04,7237.06,0.8477,street sign,True,True,1420.1,mtsd-p9
SAM 3,street sign,grp5_9c857801-BenTaliana_43_Side.jpeg,E:\2. UM-Student\MSC Dissertation\Urban-Vision-Benchmark\Datasets\MTSD\Prepared\MTSD-Unaugmented\MTSD-YOLO\test\images\grp5_9c857801-BenTaliana_43_Side.jpeg,1130.88,7089.08,1199.2,7184.39,0.3145,street sign,True,True,1420.1,mtsd-p9
SAM 3,street sign,grp5_9c857801-BenTaliana_43_Side.jpeg,E:\2. UM-Student\MSC Dissertation\Urban-Vision-Benchmark\Datasets\MTSD\Prepared\MTSD-Unaugmented\MTSD-YOLO\test\images\grp5_9c857801-BenTaliana_43_Side.jpeg,1636.39,4019.96,1839.17,4507.0,0.3848,street sign,True,True,1420.1,mtsd-p9
SAM 3,street sign,grp5_9c857801-BenTaliana_43_Side.jpeg,E:\2. UM-Student\MSC Dissertation\Urban-Vision-Benchmark\Datasets\MTSD\Prepared\MTSD-Unaugmented\MTSD-YOLO\test\images\grp5_9c857801-BenTaliana_43_Side.jpeg,546.45,7180.63,621.56,7270.68,0.7305,street sign,True,True,1420.1,mtsd-p9
SAM 3,street sign,grp5_9c857801-BenTaliana_43_Side.jpeg,E:\2. UM-Student\MSC Dissertation\Urban-Vision-Benchmark\Datasets\MTSD\Prepared\MTSD-Unaugmented\MTSD-YOLO\test\images\grp5_9c857801-BenTaliana_43_Side.jpeg,2531.38,6629.33,2726.3,6949.84,0.3809,street sign,True,True,1420.1,mtsd-p9
SAM 3,street sign,grp5_9c857801-BenTaliana_43_Side.jpeg,E:\2. UM-Student\MSC Dissertation\Urban-Vision-Benchmark\Datasets\MTSD\Prepared\MTSD-Unaugmented\MTSD-YOLO\test\images\grp5_9c857801-BenTaliana_43_Side.jpeg,2773.59,7068.02,2822.23,7202.65,0.3242,street sign,True,True,1420.1,mtsd-p9
SAM 3,street sign,grp5_9c857801-BenTaliana_43_Side.jpeg,E:\2. UM-Student\MSC Dissertation\Urban-Vision-Benchmark\Datasets\MTSD\Prepared\MTSD-Unaugmented\MTSD-YOLO\test\images\grp5_9c857801-BenTaliana_43_Side.jpeg,1711.05,2301.82,2620.35,5361.08,0.9258,street sign,True,True,1420.1,mtsd-p9
SAM 3,street sign,grp5_9f2af180-AlisonAttard_30_Side.jpeg,E:\2. UM-Student\MSC Dissertation\Urban-Vision-Benchmark\Datasets\MTSD\Prepared\MTSD-Unaugmented\MTSD-YOLO\test\images\grp5_9f2af180-AlisonAttard_30_Side.jpeg,,,,,,<no detections>,False,True,158.8,mtsd-p9
SAM 3,street sign,grp5_9fd3af21-MichaelFarrugia_11_Back.jpg,E:\2. UM-Student\MSC Dissertation\Urban-Vision-Benchmark\Datasets\MTSD\Prepared\MTSD-Unaugmented\MTSD-YOLO\test\images\grp5_9fd3af21-MichaelFarrugia_11_Back.jpg,0.0,517.59,262.05,1902.53,0.3008,street sign,True,True,509.1,mtsd-p9
SAM 3,street sign,grp5_9fd3af21-MichaelFarrugia_11_Back.jpg,E:\2. UM-Student\MSC Dissertation\Urban-Vision-Benchmark\Datasets\MTSD\Prepared\MTSD-Unaugmented\MTSD-YOLO\test\images\grp5_9fd3af21-MichaelFarrugia_11_Back.jpg,1234.03,1403.07,1836.53,2184.65,0.8711,street sign,True,True,509.1,mtsd-p9
SAM 3,street sign,grp5_9fd3af21-MichaelFarrugia_11_Back.jpg,E:\2. UM-Student\MSC Dissertation\Urban-Vision-Benchmark\Datasets\MTSD\Prepared\MTSD-Unaugmented\MTSD-YOLO\test\images\grp5_9fd3af21-MichaelFarrugia_11_Back.jpg,492.6,908.35,838.96,1968.45,0.3613,street sign,True,True,509.1,mtsd-p9
SAM 3,street sign,grp5_9fd3af21-MichaelFarrugia_11_Back.jpg,E:\2. UM-Student\MSC Dissertation\Urban-Vision-Benchmark\Datasets\MTSD\Prepared\MTSD-Unaugmented\MTSD-YOLO\test\images\grp5_9fd3af21-MichaelFarrugia_11_Back.jpg,0.0,512.74,1082.95,4074.8,0.3789,street sign,True,True,509.1,mtsd-p9
SAM 3,street sign,grp5_9fd3af21-MichaelFarrugia_11_Back.jpg,E:\2. UM-Student\MSC Dissertation\Urban-Vision-Benchmark\Datasets\MTSD\Prepared\MTSD-Unaugmented\MTSD-YOLO\test\images\grp5_9fd3af21-MichaelFarrugia_11_Back.jpg,1237.7,1403.36,1840.09,4080.0,0.5586,street sign,True,True,509.1,mtsd-p9
SAM 3,street sign,grp5_a1a873a2-MichaelFarrugia_21_Side.jpg,E:\2. UM-Student\MSC Dissertation\Urban-Vision-Benchmark\Datasets\MTSD\Prepared\MTSD-Unaugmented\MTSD-YOLO\test\images\grp5_a1a873a2-MichaelFarrugia_21_Side.jpg,1197.82,982.42,2133.21,4079.4,0.6953,street sign,True,True,226.9,mtsd-p9
SAM 3,street sign,grp5_a1a873a2-MichaelFarrugia_21_Side.jpg,E:\2. UM-Student\MSC Dissertation\Urban-Vision-Benchmark\Datasets\MTSD\Prepared\MTSD-Unaugmented\MTSD-YOLO\test\images\grp5_a1a873a2-MichaelFarrugia_21_Side.jpg,1196.12,973.37,1761.73,1735.93,0.9258,street sign,True,True,226.9,mtsd-p9
SAM 3,street sign,grp5_a1ced4bc-BenTaliana_22_Front.jpeg,E:\2. UM-Student\MSC Dissertation\Urban-Vision-Benchmark\Datasets\MTSD\Prepared\MTSD-Unaugmented\MTSD-YOLO\test\images\grp5_a1ced4bc-BenTaliana_22_Front.jpeg,0.0,696.28,154.53,2289.93,0.8867,street sign,True,True,719.9,mtsd-p9
SAM 3,street sign,grp5_a1ced4bc-BenTaliana_22_Front.jpeg,E:\2. UM-Student\MSC Dissertation\Urban-Vision-Benchmark\Datasets\MTSD\Prepared\MTSD-Unaugmented\MTSD-YOLO\test\images\grp5_a1ced4bc-BenTaliana_22_Front.jpeg,2087.96,3078.15,3132.29,5980.17,0.4844,street sign,True,True,719.9,mtsd-p9
SAM 3,street sign,grp5_a1ced4bc-BenTaliana_22_Front.jpeg,E:\2. UM-Student\MSC Dissertation\Urban-Vision-Benchmark\Datasets\MTSD\Prepared\MTSD-Unaugmented\MTSD-YOLO\test\images\grp5_a1ced4bc-BenTaliana_22_Front.jpeg,2076.4,3131.23,3128.78,4239.78,0.8945,street sign,True,True,719.9,mtsd-p9
SAM 3,street sign,grp5_a1ced4bc-BenTaliana_22_Front.jpeg,E:\2. UM-Student\MSC Dissertation\Urban-Vision-Benchmark\Datasets\MTSD\Prepared\MTSD-Unaugmented\MTSD-YOLO\test\images\grp5_a1ced4bc-BenTaliana_22_Front.jpeg,42.33,1537.06,682.42,2518.14,0.668,street sign,True,True,719.9,mtsd-p9
SAM 3,street sign,grp5_a1ced4bc-BenTaliana_22_Front.jpeg,E:\2. UM-Student\MSC Dissertation\Urban-Vision-Benchmark\Datasets\MTSD\Prepared\MTSD-Unaugmented\MTSD-YOLO\test\images\grp5_a1ced4bc-BenTaliana_22_Front.jpeg,556.7,1076.09,2659.38,5988.0,0.4707,street sign,True,True,719.9,mtsd-p9
SAM 3,street sign,grp5_a1ced4bc-BenTaliana_22_Front.jpeg,E:\2. UM-Student\MSC Dissertation\Urban-Vision-Benchmark\Datasets\MTSD\Prepared\MTSD-Unaugmented\MTSD-YOLO\test\images\grp5_a1ced4bc-BenTaliana_22_Front.jpeg,2109.72,4201.62,3241.83,5282.21,0.8477,street sign,True,True,719.9,mtsd-p9
SAM 3,street sign,grp5_a1ced4bc-BenTaliana_22_Front.jpeg,E:\2. UM-Student\MSC Dissertation\Urban-Vision-Benchmark\Datasets\MTSD\Prepared\MTSD-Unaugmented\MTSD-YOLO\test\images\grp5_a1ced4bc-BenTaliana_22_Front.jpeg,559.91,1038.23,2643.11,2742.24,0.9297,street sign,True,True,719.9,mtsd-p9
SAM 3,street sign,grp5_a5ec0025-BenTaliana_11_Front.jpeg,E:\2. UM-Student\MSC Dissertation\Urban-Vision-Benchmark\Datasets\MTSD\Prepared\MTSD-Unaugmented\MTSD-YOLO\test\images\grp5_a5ec0025-BenTaliana_11_Front.jpeg,920.04,6647.07,1043.34,6798.43,0.8438,street sign,True,True,951.2,mtsd-p9
SAM 3,street sign,grp5_a5ec0025-BenTaliana_11_Front.jpeg,E:\2. UM-Student\MSC Dissertation\Urban-Vision-Benchmark\Datasets\MTSD\Prepared\MTSD-Unaugmented\MTSD-YOLO\test\images\grp5_a5ec0025-BenTaliana_11_Front.jpeg,928.51,6481.88,1067.76,6642.2,0.7227,street sign,True,True,951.2,mtsd-p9
SAM 3,street sign,grp5_a5ec0025-BenTaliana_11_Front.jpeg,E:\2. UM-Student\MSC Dissertation\Urban-Vision-Benchmark\Datasets\MTSD\Prepared\MTSD-Unaugmented\MTSD-YOLO\test\images\grp5_a5ec0025-BenTaliana_11_Front.jpeg,309.72,1814.08,3597.09,4368.8,0.9766,street sign,True,True,951.2,mtsd-p9
SAM 3,street sign,grp5_a5ec0025-BenTaliana_11_Front.jpeg,E:\2. UM-Student\MSC Dissertation\Urban-Vision-Benchmark\Datasets\MTSD\Prepared\MTSD-Unaugmented\MTSD-YOLO\test\images\grp5_a5ec0025-BenTaliana_11_Front.jpeg,2783.79,6586.88,2885.22,6766.79,0.3281,street sign,True,True,951.2,mtsd-p9
SAM 3,street sign,grp5_a5ec0025-BenTaliana_11_Front.jpeg,E:\2. UM-Student\MSC Dissertation\Urban-Vision-Benchmark\Datasets\MTSD\Prepared\MTSD-Unaugmented\MTSD-YOLO\test\images\grp5_a5ec0025-BenTaliana_11_Front.jpeg,2759.19,6482.57,2892.0,6586.69,0.543,street sign,True,True,951.2,mtsd-p9
SAM 3,street sign,grp5_a6a28dc5-MichaelFarrugia_34_Side.jpg,E:\2. UM-Student\MSC Dissertation\Urban-Vision-Benchmark\Datasets\MTSD\Prepared\MTSD-Unaugmented\MTSD-YOLO\test\images\grp5_a6a28dc5-MichaelFarrugia_34_Side.jpg,1209.57,1044.26,1857.28,4080.0,0.5586,street sign,True,True,176.5,mtsd-p9
SAM 3,street sign,grp5_a6a28dc5-MichaelFarrugia_34_Side.jpg,E:\2. UM-Student\MSC Dissertation\Urban-Vision-Benchmark\Datasets\MTSD\Prepared\MTSD-Unaugmented\MTSD-YOLO\test\images\grp5_a6a28dc5-MichaelFarrugia_34_Side.jpg,1211.13,1048.41,1856.63,2191.78,0.8984,street sign,True,True,176.5,mtsd-p9
SAM 3,street sign,grp5_a7e73d18-AlisonAttard_29_Back.jpeg,E:\2. UM-Student\MSC Dissertation\Urban-Vision-Benchmark\Datasets\MTSD\Prepared\MTSD-Unaugmented\MTSD-YOLO\test\images\grp5_a7e73d18-AlisonAttard_29_Back.jpeg,,,,,,<no detections>,False,True,161.2,mtsd-p9
SAM 3,street sign,grp5_a7f0ea8c-BenTaliana_9_Side.jpeg,E:\2. UM-Student\MSC Dissertation\Urban-Vision-Benchmark\Datasets\MTSD\Prepared\MTSD-Unaugmented\MTSD-YOLO\test\images\grp5_a7f0ea8c-BenTaliana_9_Side.jpeg,1930.97,2521.0,1987.37,2678.58,0.8828,street sign,True,True,186.8,mtsd-p9
SAM 3,street sign,grp5_a7f0ea8c-BenTaliana_9_Side.jpeg,E:\2. UM-Student\MSC Dissertation\Urban-Vision-Benchmark\Datasets\MTSD\Prepared\MTSD-Unaugmented\MTSD-YOLO\test\images\grp5_a7f0ea8c-BenTaliana_9_Side.jpeg,821.77,1008.55,1375.55,4032.0,0.5625,street sign,True,True,186.8,mtsd-p9
SAM 3,street sign,grp5_a7f0ea8c-BenTaliana_9_Side.jpeg,E:\2. UM-Student\MSC Dissertation\Urban-Vision-Benchmark\Datasets\MTSD\Prepared\MTSD-Unaugmented\MTSD-YOLO\test\images\grp5_a7f0ea8c-BenTaliana_9_Side.jpeg,819.21,1008.82,1384.5,2003.89,0.9492,street sign,True,True,186.8,mtsd-p9
SAM 3,street sign,grp5_a8752ff5-MelatAssefa_56_Side.jpg,E:\2. UM-Student\MSC Dissertation\Urban-Vision-Benchmark\Datasets\MTSD\Prepared\MTSD-Unaugmented\MTSD-YOLO\test\images\grp5_a8752ff5-MelatAssefa_56_Side.jpg,0.0,2826.03,90.54,3192.79,0.3438,street sign,True,True,222.1,mtsd-p9
SAM 3,street sign,grp5_a8752ff5-MelatAssefa_56_Side.jpg,E:\2. UM-Student\MSC Dissertation\Urban-Vision-Benchmark\Datasets\MTSD\Prepared\MTSD-Unaugmented\MTSD-YOLO\test\images\grp5_a8752ff5-MelatAssefa_56_Side.jpg,0.0,0.0,1066.35,357.63,0.707,street sign,True,True,222.1,mtsd-p9
SAM 3,street sign,grp5_a8752ff5-MelatAssefa_56_Side.jpg,E:\2. UM-Student\MSC Dissertation\Urban-Vision-Benchmark\Datasets\MTSD\Prepared\MTSD-Unaugmented\MTSD-YOLO\test\images\grp5_a8752ff5-MelatAssefa_56_Side.jpg,1361.05,585.83,1987.2,1704.07,0.957,street sign,True,True,222.1,mtsd-p9
SAM 3,street sign,grp5_ab2f9697-MichaelFarrugia_48_Side.jpg,E:\2. UM-Student\MSC Dissertation\Urban-Vision-Benchmark\Datasets\MTSD\Prepared\MTSD-Unaugmented\MTSD-YOLO\test\images\grp5_ab2f9697-MichaelFarrugia_48_Side.jpg,1162.7,1944.29,1512.33,2586.09,0.9062,street sign,True,True,187.5,mtsd-p9
SAM 3,street sign,grp5_ab2f9697-MichaelFarrugia_48_Side.jpg,E:\2. UM-Student\MSC Dissertation\Urban-Vision-Benchmark\Datasets\MTSD\Prepared\MTSD-Unaugmented\MTSD-YOLO\test\images\grp5_ab2f9697-MichaelFarrugia_48_Side.jpg,1156.95,1360.35,1518.96,4080.0,0.5273,street sign,True,True,187.5,mtsd-p9
SAM 3,street sign,grp5_ab2f9697-MichaelFarrugia_48_Side.jpg,E:\2. UM-Student\MSC Dissertation\Urban-Vision-Benchmark\Datasets\MTSD\Prepared\MTSD-Unaugmented\MTSD-YOLO\test\images\grp5_ab2f9697-MichaelFarrugia_48_Side.jpg,1169.3,1357.18,1515.05,1988.81,0.9453,street sign,True,True,187.5,mtsd-p9
SAM 3,street sign,grp5_afdc6e4d-MelatAssefa_1_Side.jpg,E:\2. UM-Student\MSC Dissertation\Urban-Vision-Benchmark\Datasets\MTSD\Prepared\MTSD-Unaugmented\MTSD-YOLO\test\images\grp5_afdc6e4d-MelatAssefa_1_Side.jpg,845.54,902.35,1197.31,1239.54,0.832,street sign,True,True,270.2,mtsd-p9
SAM 3,street sign,grp5_afdc6e4d-MelatAssefa_1_Side.jpg,E:\2. UM-Student\MSC Dissertation\Urban-Vision-Benchmark\Datasets\MTSD\Prepared\MTSD-Unaugmented\MTSD-YOLO\test\images\grp5_afdc6e4d-MelatAssefa_1_Side.jpg,1006.39,368.49,1449.26,1102.69,0.4824,street sign,True,True,270.2,mtsd-p9
SAM 3,street sign,grp5_afdc6e4d-MelatAssefa_1_Side.jpg,E:\2. UM-Student\MSC Dissertation\Urban-Vision-Benchmark\Datasets\MTSD\Prepared\MTSD-Unaugmented\MTSD-YOLO\test\images\grp5_afdc6e4d-MelatAssefa_1_Side.jpg,1159.15,305.8,1610.81,1030.42,0.8359,street sign,True,True,270.2,mtsd-p9
SAM 3,street sign,grp5_b5c4d0ea-BenTaliana_31_Side.jpeg,E:\2. UM-Student\MSC Dissertation\Urban-Vision-Benchmark\Datasets\MTSD\Prepared\MTSD-Unaugmented\MTSD-YOLO\test\images\grp5_b5c4d0ea-BenTaliana_31_Side.jpeg,1267.03,1640.42,2666.15,4702.69,0.9492,street sign,True,True,615.9,mtsd-p9
SAM 3,street sign,grp5_bbdd8a43-BenTaliana_44_Front.jpeg,E:\2. UM-Student\MSC Dissertation\Urban-Vision-Benchmark\Datasets\MTSD\Prepared\MTSD-Unaugmented\MTSD-YOLO\test\images\grp5_bbdd8a43-BenTaliana_44_Front.jpeg,973.55,2317.09,3547.99,4709.11,0.9648,street sign,True,True,723.5,mtsd-p9
SAM 3,street sign,grp5_bc59500b-AlisonAttard_47_Side.jpeg,E:\2. UM-Student\MSC Dissertation\Urban-Vision-Benchmark\Datasets\MTSD\Prepared\MTSD-Unaugmented\MTSD-YOLO\test\images\grp5_bc59500b-AlisonAttard_47_Side.jpeg,2640.03,1168.6,3176.21,2264.28,0.9648,street sign,True,True,228.3,mtsd-p9
SAM 3,street sign,grp5_bc59500b-AlisonAttard_47_Side.jpeg,E:\2. UM-Student\MSC Dissertation\Urban-Vision-Benchmark\Datasets\MTSD\Prepared\MTSD-Unaugmented\MTSD-YOLO\test\images\grp5_bc59500b-AlisonAttard_47_Side.jpeg,1394.81,1693.13,2521.36,1861.89,0.9258,street sign,True,True,228.3,mtsd-p9
SAM 3,street sign,grp5_c5c3aa2b-BenTaliana_19_Side.jpeg,E:\2. UM-Student\MSC Dissertation\Urban-Vision-Benchmark\Datasets\MTSD\Prepared\MTSD-Unaugmented\MTSD-YOLO\test\images\grp5_c5c3aa2b-BenTaliana_19_Side.jpeg,742.28,1111.93,1543.73,2266.6,0.9414,street sign,True,True,155.9,mtsd-p9
SAM 3,street sign,grp5_cc1fcae2-AlisonAttard_9_Back.jpeg,E:\2. UM-Student\MSC Dissertation\Urban-Vision-Benchmark\Datasets\MTSD\Prepared\MTSD-Unaugmented\MTSD-YOLO\test\images\grp5_cc1fcae2-AlisonAttard_9_Back.jpeg,2382.87,2969.36,2428.06,3003.78,0.5234,street sign,True,True,234.4,mtsd-p9
SAM 3,street sign,grp5_cc1fcae2-AlisonAttard_9_Back.jpeg,E:\2. UM-Student\MSC Dissertation\Urban-Vision-Benchmark\Datasets\MTSD\Prepared\MTSD-Unaugmented\MTSD-YOLO\test\images\grp5_cc1fcae2-AlisonAttard_9_Back.jpeg,905.0,818.39,1987.69,4032.0,0.5,street sign,True,True,234.4,mtsd-p9
SAM 3,street sign,grp5_cc1fcae2-AlisonAttard_9_Back.jpeg,E:\2. UM-Student\MSC Dissertation\Urban-Vision-Benchmark\Datasets\MTSD\Prepared\MTSD-Unaugmented\MTSD-YOLO\test\images\grp5_cc1fcae2-AlisonAttard_9_Back.jpeg,869.94,1927.57,2004.23,3152.98,0.9023,street sign,True,True,234.4,mtsd-p9
SAM 3,street sign,grp5_cc1fcae2-AlisonAttard_9_Back.jpeg,E:\2. UM-Student\MSC Dissertation\Urban-Vision-Benchmark\Datasets\MTSD\Prepared\MTSD-Unaugmented\MTSD-YOLO\test\images\grp5_cc1fcae2-AlisonAttard_9_Back.jpeg,937.87,802.94,1964.63,1945.46,0.9062,street sign,True,True,234.4,mtsd-p9
SAM 3,street sign,grp5_cc77abda-MelatAssefa_34_Side.jpg,E:\2. UM-Student\MSC Dissertation\Urban-Vision-Benchmark\Datasets\MTSD\Prepared\MTSD-Unaugmented\MTSD-YOLO\test\images\grp5_cc77abda-MelatAssefa_34_Side.jpg,1440.19,910.36,2676.59,5712.0,0.6172,street sign,True,True,287.8,mtsd-p9
SAM 3,street sign,grp5_cc77abda-MelatAssefa_34_Side.jpg,E:\2. UM-Student\MSC Dissertation\Urban-Vision-Benchmark\Datasets\MTSD\Prepared\MTSD-Unaugmented\MTSD-YOLO\test\images\grp5_cc77abda-MelatAssefa_34_Side.jpg,1499.4,898.4,2676.13,2558.01,0.9336,street sign,True,True,287.8,mtsd-p9
SAM 3,street sign,grp5_cdd70210-BenTaliana_10_Side.jpeg,E:\2. UM-Student\MSC Dissertation\Urban-Vision-Benchmark\Datasets\MTSD\Prepared\MTSD-Unaugmented\MTSD-YOLO\test\images\grp5_cdd70210-BenTaliana_10_Side.jpeg,1495.45,1543.11,3361.24,4815.0,0.957,street sign,True,True,640.0,mtsd-p9
SAM 3,street sign,grp5_d29347ca-MelatAssefa_51_Side.jpg,E:\2. UM-Student\MSC Dissertation\Urban-Vision-Benchmark\Datasets\MTSD\Prepared\MTSD-Unaugmented\MTSD-YOLO\test\images\grp5_d29347ca-MelatAssefa_51_Side.jpg,1553.87,2818.34,1583.3,3381.1,0.3086,street sign,True,True,251.2,mtsd-p9
SAM 3,street sign,grp5_d29347ca-MelatAssefa_51_Side.jpg,E:\2. UM-Student\MSC Dissertation\Urban-Vision-Benchmark\Datasets\MTSD\Prepared\MTSD-Unaugmented\MTSD-YOLO\test\images\grp5_d29347ca-MelatAssefa_51_Side.jpg,2757.11,3349.74,3024.0,3624.39,0.793,street sign,True,True,251.2,mtsd-p9
SAM 3,street sign,grp5_d29347ca-MelatAssefa_51_Side.jpg,E:\2. UM-Student\MSC Dissertation\Urban-Vision-Benchmark\Datasets\MTSD\Prepared\MTSD-Unaugmented\MTSD-YOLO\test\images\grp5_d29347ca-MelatAssefa_51_Side.jpg,1577.61,2871.96,1643.76,4032.0,0.3145,street sign,True,True,251.2,mtsd-p9
SAM 3,street sign,grp5_d29347ca-MelatAssefa_51_Side.jpg,E:\2. UM-Student\MSC Dissertation\Urban-Vision-Benchmark\Datasets\MTSD\Prepared\MTSD-Unaugmented\MTSD-YOLO\test\images\grp5_d29347ca-MelatAssefa_51_Side.jpg,2898.52,3883.0,3024.0,4032.0,0.6641,street sign,True,True,251.2,mtsd-p9
SAM 3,street sign,grp5_d29347ca-MelatAssefa_51_Side.jpg,E:\2. UM-Student\MSC Dissertation\Urban-Vision-Benchmark\Datasets\MTSD\Prepared\MTSD-Unaugmented\MTSD-YOLO\test\images\grp5_d29347ca-MelatAssefa_51_Side.jpg,1276.63,228.6,1794.09,4032.0,0.3496,street sign,True,True,251.2,mtsd-p9
SAM 3,street sign,grp5_d29347ca-MelatAssefa_51_Side.jpg,E:\2. UM-Student\MSC Dissertation\Urban-Vision-Benchmark\Datasets\MTSD\Prepared\MTSD-Unaugmented\MTSD-YOLO\test\images\grp5_d29347ca-MelatAssefa_51_Side.jpg,1652.39,2822.97,1699.84,3405.28,0.8516,street sign,True,True,251.2,mtsd-p9
SAM 3,street sign,grp5_d29347ca-MelatAssefa_51_Side.jpg,E:\2. UM-Student\MSC Dissertation\Urban-Vision-Benchmark\Datasets\MTSD\Prepared\MTSD-Unaugmented\MTSD-YOLO\test\images\grp5_d29347ca-MelatAssefa_51_Side.jpg,1585.23,3516.46,1627.95,3607.64,0.3027,street sign,True,True,251.2,mtsd-p9
SAM 3,street sign,grp5_d29347ca-MelatAssefa_51_Side.jpg,E:\2. UM-Student\MSC Dissertation\Urban-Vision-Benchmark\Datasets\MTSD\Prepared\MTSD-Unaugmented\MTSD-YOLO\test\images\grp5_d29347ca-MelatAssefa_51_Side.jpg,1275.83,234.8,1803.85,2051.09,0.9336,street sign,True,True,251.2,mtsd-p9
SAM 3,street sign,grp5_dad74922-BenTaliana_41_Front.jpeg,E:\2. UM-Student\MSC Dissertation\Urban-Vision-Benchmark\Datasets\MTSD\Prepared\MTSD-Unaugmented\MTSD-YOLO\test\images\grp5_dad74922-BenTaliana_41_Front.jpeg,681.92,3143.88,3169.53,4241.23,0.4492,street sign,True,True,772.5,mtsd-p9
SAM 3,street sign,grp5_dad74922-BenTaliana_41_Front.jpeg,E:\2. UM-Student\MSC Dissertation\Urban-Vision-Benchmark\Datasets\MTSD\Prepared\MTSD-Unaugmented\MTSD-YOLO\test\images\grp5_dad74922-BenTaliana_41_Front.jpeg,2077.74,5845.96,4266.0,6506.93,0.3594,street sign,True,True,772.5,mtsd-p9
SAM 3,street sign,grp5_dad74922-BenTaliana_41_Front.jpeg,E:\2. UM-Student\MSC Dissertation\Urban-Vision-Benchmark\Datasets\MTSD\Prepared\MTSD-Unaugmented\MTSD-YOLO\test\images\grp5_dad74922-BenTaliana_41_Front.jpeg,692.82,1874.36,3280.84,7584.0,0.543,street sign,True,True,772.5,mtsd-p9
SAM 3,street sign,grp5_dad74922-BenTaliana_41_Front.jpeg,E:\2. UM-Student\MSC Dissertation\Urban-Vision-Benchmark\Datasets\MTSD\Prepared\MTSD-Unaugmented\MTSD-YOLO\test\images\grp5_dad74922-BenTaliana_41_Front.jpeg,707.08,1888.15,3276.0,3940.58,0.8789,street sign,True,True,772.5,mtsd-p9
SAM 3,street sign,grp5_dcad2b9b-MichaelFarrugia_64_Side.jpg,E:\2. UM-Student\MSC Dissertation\Urban-Vision-Benchmark\Datasets\MTSD\Prepared\MTSD-Unaugmented\MTSD-YOLO\test\images\grp5_dcad2b9b-MichaelFarrugia_64_Side.jpg,1154.3,1410.01,1716.73,4080.0,0.6172,street sign,True,True,174.3,mtsd-p9
SAM 3,street sign,grp5_dcad2b9b-MichaelFarrugia_64_Side.jpg,E:\2. UM-Student\MSC Dissertation\Urban-Vision-Benchmark\Datasets\MTSD\Prepared\MTSD-Unaugmented\MTSD-YOLO\test\images\grp5_dcad2b9b-MichaelFarrugia_64_Side.jpg,1159.89,1413.52,1719.18,2602.96,0.9102,street sign,True,True,174.3,mtsd-p9
SAM 3,street sign,grp5_e0bfe536-MelatAssefa_22_Front.jpg,E:\2. UM-Student\MSC Dissertation\Urban-Vision-Benchmark\Datasets\MTSD\Prepared\MTSD-Unaugmented\MTSD-YOLO\test\images\grp5_e0bfe536-MelatAssefa_22_Front.jpg,1072.69,991.36,1857.17,4032.0,0.6211,street sign,True,True,233.5,mtsd-p9
SAM 3,street sign,grp5_e0bfe536-MelatAssefa_22_Front.jpg,E:\2. UM-Student\MSC Dissertation\Urban-Vision-Benchmark\Datasets\MTSD\Prepared\MTSD-Unaugmented\MTSD-YOLO\test\images\grp5_e0bfe536-MelatAssefa_22_Front.jpg,1075.29,990.55,1859.18,1718.99,0.8867,street sign,True,True,233.5,mtsd-p9
SAM 3,street sign,grp5_e0bfe536-MelatAssefa_22_Front.jpg,E:\2. UM-Student\MSC Dissertation\Urban-Vision-Benchmark\Datasets\MTSD\Prepared\MTSD-Unaugmented\MTSD-YOLO\test\images\grp5_e0bfe536-MelatAssefa_22_Front.jpg,1747.08,2972.74,1786.73,3018.84,0.5117,street sign,True,True,233.5,mtsd-p9
SAM 3,street sign,grp5_e2a22cf0-BenTaliana_9_Front.jpeg,E:\2. UM-Student\MSC Dissertation\Urban-Vision-Benchmark\Datasets\MTSD\Prepared\MTSD-Unaugmented\MTSD-YOLO\test\images\grp5_e2a22cf0-BenTaliana_9_Front.jpeg,760.48,3087.44,802.52,3148.75,0.5547,street sign,True,True,507.6,mtsd-p9
SAM 3,street sign,grp5_e2a22cf0-BenTaliana_9_Front.jpeg,E:\2. UM-Student\MSC Dissertation\Urban-Vision-Benchmark\Datasets\MTSD\Prepared\MTSD-Unaugmented\MTSD-YOLO\test\images\grp5_e2a22cf0-BenTaliana_9_Front.jpeg,455.71,1043.85,1774.21,4032.0,0.5859,street sign,True,True,507.6,mtsd-p9
SAM 3,street sign,grp5_e2a22cf0-BenTaliana_9_Front.jpeg,E:\2. UM-Student\MSC Dissertation\Urban-Vision-Benchmark\Datasets\MTSD\Prepared\MTSD-Unaugmented\MTSD-YOLO\test\images\grp5_e2a22cf0-BenTaliana_9_Front.jpeg,456.13,1049.38,1772.87,2124.87,0.918,street sign,True,True,507.6,mtsd-p9
SAM 3,street sign,grp5_e2a22cf0-BenTaliana_9_Front.jpeg,E:\2. UM-Student\MSC Dissertation\Urban-Vision-Benchmark\Datasets\MTSD\Prepared\MTSD-Unaugmented\MTSD-YOLO\test\images\grp5_e2a22cf0-BenTaliana_9_Front.jpeg,1376.27,2666.79,1475.49,2741.88,0.6602,street sign,True,True,507.6,mtsd-p9
SAM 3,street sign,grp5_e390d90e-MelatAssefa_55_Side.jpg,E:\2. UM-Student\MSC Dissertation\Urban-Vision-Benchmark\Datasets\MTSD\Prepared\MTSD-Unaugmented\MTSD-YOLO\test\images\grp5_e390d90e-MelatAssefa_55_Side.jpg,1598.62,957.2,2204.54,2092.36,0.9531,street sign,True,True,301.0,mtsd-p9
SAM 3,street sign,grp5_e3df78e1-MichaelFarrugia_48_Back.jpg,E:\2. UM-Student\MSC Dissertation\Urban-Vision-Benchmark\Datasets\MTSD\Prepared\MTSD-Unaugmented\MTSD-YOLO\test\images\grp5_e3df78e1-MichaelFarrugia_48_Back.jpg,327.0,1618.0,497.23,1754.8,0.332,street sign,True,True,228.4,mtsd-p9
SAM 3,street sign,grp5_e3df78e1-MichaelFarrugia_48_Back.jpg,E:\2. UM-Student\MSC Dissertation\Urban-Vision-Benchmark\Datasets\MTSD\Prepared\MTSD-Unaugmented\MTSD-YOLO\test\images\grp5_e3df78e1-MichaelFarrugia_48_Back.jpg,1309.8,1616.91,1827.42,4080.0,0.3848,street sign,True,True,228.4,mtsd-p9
SAM 3,street sign,grp5_e3df78e1-MichaelFarrugia_48_Back.jpg,E:\2. UM-Student\MSC Dissertation\Urban-Vision-Benchmark\Datasets\MTSD\Prepared\MTSD-Unaugmented\MTSD-YOLO\test\images\grp5_e3df78e1-MichaelFarrugia_48_Back.jpg,1285.17,2158.15,1825.62,2787.88,0.7617,street sign,True,True,228.4,mtsd-p9
SAM 3,street sign,grp5_e3df78e1-MichaelFarrugia_48_Back.jpg,E:\2. UM-Student\MSC Dissertation\Urban-Vision-Benchmark\Datasets\MTSD\Prepared\MTSD-Unaugmented\MTSD-YOLO\test\images\grp5_e3df78e1-MichaelFarrugia_48_Back.jpg,1321.23,1610.71,1811.51,2194.79,0.7734,street sign,True,True,228.4,mtsd-p9
SAM 3,street sign,grp5_e43a48bc-BenTaliana_53_Side.jpeg,E:\2. UM-Student\MSC Dissertation\Urban-Vision-Benchmark\Datasets\MTSD\Prepared\MTSD-Unaugmented\MTSD-YOLO\test\images\grp5_e43a48bc-BenTaliana_53_Side.jpeg,899.04,1215.06,1345.54,2169.1,0.9531,street sign,True,True,189.0,mtsd-p9
SAM 3,street sign,grp5_e64b6a10-AlisonAttard_20_Side.jpeg,E:\2. UM-Student\MSC Dissertation\Urban-Vision-Benchmark\Datasets\MTSD\Prepared\MTSD-Unaugmented\MTSD-YOLO\test\images\grp5_e64b6a10-AlisonAttard_20_Side.jpeg,,,,,,<no detections>,False,True,152.8,mtsd-p9
SAM 3,street sign,grp5_e7eb8734-MichaelFarrugia_52_Front.jpg,E:\2. UM-Student\MSC Dissertation\Urban-Vision-Benchmark\Datasets\MTSD\Prepared\MTSD-Unaugmented\MTSD-YOLO\test\images\grp5_e7eb8734-MichaelFarrugia_52_Front.jpg,1300.36,1552.41,2083.02,2320.94,0.9141,street sign,True,True,193.8,mtsd-p9
SAM 3,street sign,grp5_e7eb8734-MichaelFarrugia_52_Front.jpg,E:\2. UM-Student\MSC Dissertation\Urban-Vision-Benchmark\Datasets\MTSD\Prepared\MTSD-Unaugmented\MTSD-YOLO\test\images\grp5_e7eb8734-MichaelFarrugia_52_Front.jpg,1295.42,1544.17,2084.02,4080.0,0.6562,street sign,True,True,193.8,mtsd-p9
SAM 3,street sign,grp5_e897b21c-MelatAssefa_52_Front.jpg,E:\2. UM-Student\MSC Dissertation\Urban-Vision-Benchmark\Datasets\MTSD\Prepared\MTSD-Unaugmented\MTSD-YOLO\test\images\grp5_e897b21c-MelatAssefa_52_Front.jpg,3275.86,5105.63,3518.22,5370.38,0.8672,street sign,True,True,767.0,mtsd-p9
SAM 3,street sign,grp5_e897b21c-MelatAssefa_52_Front.jpg,E:\2. UM-Student\MSC Dissertation\Urban-Vision-Benchmark\Datasets\MTSD\Prepared\MTSD-Unaugmented\MTSD-YOLO\test\images\grp5_e897b21c-MelatAssefa_52_Front.jpg,3149.57,5215.2,3255.18,5358.52,0.3359,street sign,True,True,767.0,mtsd-p9
SAM 3,street sign,grp5_e897b21c-MelatAssefa_52_Front.jpg,E:\2. UM-Student\MSC Dissertation\Urban-Vision-Benchmark\Datasets\MTSD\Prepared\MTSD-Unaugmented\MTSD-YOLO\test\images\grp5_e897b21c-MelatAssefa_52_Front.jpg,2592.14,5305.6,2829.78,5498.13,0.4258,street sign,True,True,767.0,mtsd-p9
SAM 3,street sign,grp5_e897b21c-MelatAssefa_52_Front.jpg,E:\2. UM-Student\MSC Dissertation\Urban-Vision-Benchmark\Datasets\MTSD\Prepared\MTSD-Unaugmented\MTSD-YOLO\test\images\grp5_e897b21c-MelatAssefa_52_Front.jpg,1514.29,2678.1,2516.63,5712.0,0.6172,street sign,True,True,767.0,mtsd-p9
SAM 3,street sign,grp5_e897b21c-MelatAssefa_52_Front.jpg,E:\2. UM-Student\MSC Dissertation\Urban-Vision-Benchmark\Datasets\MTSD\Prepared\MTSD-Unaugmented\MTSD-YOLO\test\images\grp5_e897b21c-MelatAssefa_52_Front.jpg,2805.1,5214.5,3159.77,5483.73,0.4102,street sign,True,True,767.0,mtsd-p9
SAM 3,street sign,grp5_e897b21c-MelatAssefa_52_Front.jpg,E:\2. UM-Student\MSC Dissertation\Urban-Vision-Benchmark\Datasets\MTSD\Prepared\MTSD-Unaugmented\MTSD-YOLO\test\images\grp5_e897b21c-MelatAssefa_52_Front.jpg,2147.32,5281.82,2316.23,5523.87,0.5195,street sign,True,True,767.0,mtsd-p9
SAM 3,street sign,grp5_e897b21c-MelatAssefa_52_Front.jpg,E:\2. UM-Student\MSC Dissertation\Urban-Vision-Benchmark\Datasets\MTSD\Prepared\MTSD-Unaugmented\MTSD-YOLO\test\images\grp5_e897b21c-MelatAssefa_52_Front.jpg,1514.57,2678.64,2526.65,3661.85,0.8789,street sign,True,True,767.0,mtsd-p9
SAM 3,street sign,grp5_e897b21c-MelatAssefa_52_Front.jpg,E:\2. UM-Student\MSC Dissertation\Urban-Vision-Benchmark\Datasets\MTSD\Prepared\MTSD-Unaugmented\MTSD-YOLO\test\images\grp5_e897b21c-MelatAssefa_52_Front.jpg,1828.18,5404.21,1913.06,5543.94,0.3066,street sign,True,True,767.0,mtsd-p9
SAM 3,street sign,grp5_e897b21c-MelatAssefa_52_Front.jpg,E:\2. UM-Student\MSC Dissertation\Urban-Vision-Benchmark\Datasets\MTSD\Prepared\MTSD-Unaugmented\MTSD-YOLO\test\images\grp5_e897b21c-MelatAssefa_52_Front.jpg,3301.25,4800.12,3476.16,5088.25,0.3672,street sign,True,True,767.0,mtsd-p9
SAM 3,street sign,grp5_ec52a808-MichaelFarrugia_58_Side.jpg,E:\2. UM-Student\MSC Dissertation\Urban-Vision-Benchmark\Datasets\MTSD\Prepared\MTSD-Unaugmented\MTSD-YOLO\test\images\grp5_ec52a808-MichaelFarrugia_58_Side.jpg,424.11,3225.47,451.93,3262.31,0.5391,street sign,True,True,840.8,mtsd-p9
SAM 3,street sign,grp5_ec52a808-MichaelFarrugia_58_Side.jpg,E:\2. UM-Student\MSC Dissertation\Urban-Vision-Benchmark\Datasets\MTSD\Prepared\MTSD-Unaugmented\MTSD-YOLO\test\images\grp5_ec52a808-MichaelFarrugia_58_Side.jpg,872.13,3143.6,939.43,3492.47,0.3945,street sign,True,True,840.8,mtsd-p9
SAM 3,street sign,grp5_ec52a808-MichaelFarrugia_58_Side.jpg,E:\2. UM-Student\MSC Dissertation\Urban-Vision-Benchmark\Datasets\MTSD\Prepared\MTSD-Unaugmented\MTSD-YOLO\test\images\grp5_ec52a808-MichaelFarrugia_58_Side.jpg,704.51,3178.88,792.44,3245.4,0.4512,street sign,True,True,840.8,mtsd-p9
SAM 3,street sign,grp5_ec52a808-MichaelFarrugia_58_Side.jpg,E:\2. UM-Student\MSC Dissertation\Urban-Vision-Benchmark\Datasets\MTSD\Prepared\MTSD-Unaugmented\MTSD-YOLO\test\images\grp5_ec52a808-MichaelFarrugia_58_Side.jpg,8.16,3361.93,37.09,3393.04,0.3887,street sign,True,True,840.8,mtsd-p9
SAM 3,street sign,grp5_ec52a808-MichaelFarrugia_58_Side.jpg,E:\2. UM-Student\MSC Dissertation\Urban-Vision-Benchmark\Datasets\MTSD\Prepared\MTSD-Unaugmented\MTSD-YOLO\test\images\grp5_ec52a808-MichaelFarrugia_58_Side.jpg,572.44,3204.17,611.1,3247.77,0.3418,street sign,True,True,840.8,mtsd-p9
SAM 3,street sign,grp5_ec52a808-MichaelFarrugia_58_Side.jpg,E:\2. UM-Student\MSC Dissertation\Urban-Vision-Benchmark\Datasets\MTSD\Prepared\MTSD-Unaugmented\MTSD-YOLO\test\images\grp5_ec52a808-MichaelFarrugia_58_Side.jpg,1235.57,2804.56,1346.62,3354.7,0.4395,street sign,True,True,840.8,mtsd-p9
SAM 3,street sign,grp5_ec52a808-MichaelFarrugia_58_Side.jpg,E:\2. UM-Student\MSC Dissertation\Urban-Vision-Benchmark\Datasets\MTSD\Prepared\MTSD-Unaugmented\MTSD-YOLO\test\images\grp5_ec52a808-MichaelFarrugia_58_Side.jpg,751.62,3121.21,786.48,3161.71,0.3691,street sign,True,True,840.8,mtsd-p9
SAM 3,street sign,grp5_ec52a808-MichaelFarrugia_58_Side.jpg,E:\2. UM-Student\MSC Dissertation\Urban-Vision-Benchmark\Datasets\MTSD\Prepared\MTSD-Unaugmented\MTSD-YOLO\test\images\grp5_ec52a808-MichaelFarrugia_58_Side.jpg,873.21,3141.38,939.22,3224.9,0.6602,street sign,True,True,840.8,mtsd-p9
SAM 3,street sign,grp5_ec52a808-MichaelFarrugia_58_Side.jpg,E:\2. UM-Student\MSC Dissertation\Urban-Vision-Benchmark\Datasets\MTSD\Prepared\MTSD-Unaugmented\MTSD-YOLO\test\images\grp5_ec52a808-MichaelFarrugia_58_Side.jpg,473.34,3238.23,496.99,3278.0,0.5312,street sign,True,True,840.8,mtsd-p9
SAM 3,street sign,grp5_ec52a808-MichaelFarrugia_58_Side.jpg,E:\2. UM-Student\MSC Dissertation\Urban-Vision-Benchmark\Datasets\MTSD\Prepared\MTSD-Unaugmented\MTSD-YOLO\test\images\grp5_ec52a808-MichaelFarrugia_58_Side.jpg,82.85,3314.69,109.21,3353.34,0.4824,street sign,True,True,840.8,mtsd-p9
SAM 3,street sign,grp5_ec52a808-MichaelFarrugia_58_Side.jpg,E:\2. UM-Student\MSC Dissertation\Urban-Vision-Benchmark\Datasets\MTSD\Prepared\MTSD-Unaugmented\MTSD-YOLO\test\images\grp5_ec52a808-MichaelFarrugia_58_Side.jpg,290.32,3240.8,315.06,3276.68,0.4961,street sign,True,True,840.8,mtsd-p9
SAM 3,street sign,grp5_ec52a808-MichaelFarrugia_58_Side.jpg,E:\2. UM-Student\MSC Dissertation\Urban-Vision-Benchmark\Datasets\MTSD\Prepared\MTSD-Unaugmented\MTSD-YOLO\test\images\grp5_ec52a808-MichaelFarrugia_58_Side.jpg,90.59,3343.14,118.77,3413.14,0.3438,street sign,True,True,840.8,mtsd-p9
SAM 3,street sign,grp5_ec52a808-MichaelFarrugia_58_Side.jpg,E:\2. UM-Student\MSC Dissertation\Urban-Vision-Benchmark\Datasets\MTSD\Prepared\MTSD-Unaugmented\MTSD-YOLO\test\images\grp5_ec52a808-MichaelFarrugia_58_Side.jpg,1239.39,2224.4,1759.64,2771.2,0.9258,street sign,True,True,840.8,mtsd-p9
SAM 3,street sign,grp5_ec52a808-MichaelFarrugia_58_Side.jpg,E:\2. UM-Student\MSC Dissertation\Urban-Vision-Benchmark\Datasets\MTSD\Prepared\MTSD-Unaugmented\MTSD-YOLO\test\images\grp5_ec52a808-MichaelFarrugia_58_Side.jpg,601.64,3235.21,619.84,3275.77,0.375,street sign,True,True,840.8,mtsd-p9
SAM 3,street sign,grp5_ec52a808-MichaelFarrugia_58_Side.jpg,E:\2. UM-Student\MSC Dissertation\Urban-Vision-Benchmark\Datasets\MTSD\Prepared\MTSD-Unaugmented\MTSD-YOLO\test\images\grp5_ec52a808-MichaelFarrugia_58_Side.jpg,1241.45,1467.99,1775.46,2436.51,0.9492,street sign,True,True,840.8,mtsd-p9
SAM 3,street sign,grp5_ec52a808-MichaelFarrugia_58_Side.jpg,E:\2. UM-Student\MSC Dissertation\Urban-Vision-Benchmark\Datasets\MTSD\Prepared\MTSD-Unaugmented\MTSD-YOLO\test\images\grp5_ec52a808-MichaelFarrugia_58_Side.jpg,695.12,3242.51,715.92,3288.06,0.3379,street sign,True,True,840.8,mtsd-p9
SAM 3,street sign,grp5_f3d53558-BenTaliana_52_Front.jpeg,E:\2. UM-Student\MSC Dissertation\Urban-Vision-Benchmark\Datasets\MTSD\Prepared\MTSD-Unaugmented\MTSD-YOLO\test\images\grp5_f3d53558-BenTaliana_52_Front.jpeg,736.12,3758.92,3503.66,4939.63,0.832,street sign,True,True,905.8,mtsd-p9
SAM 3,street sign,grp5_f3d53558-BenTaliana_52_Front.jpeg,E:\2. UM-Student\MSC Dissertation\Urban-Vision-Benchmark\Datasets\MTSD\Prepared\MTSD-Unaugmented\MTSD-YOLO\test\images\grp5_f3d53558-BenTaliana_52_Front.jpeg,733.96,1994.75,3506.0,8064.0,0.6211,street sign,True,True,905.8,mtsd-p9
SAM 3,street sign,grp5_f3d53558-BenTaliana_52_Front.jpeg,E:\2. UM-Student\MSC Dissertation\Urban-Vision-Benchmark\Datasets\MTSD\Prepared\MTSD-Unaugmented\MTSD-YOLO\test\images\grp5_f3d53558-BenTaliana_52_Front.jpeg,755.06,1985.77,3433.22,4094.42,0.875,street sign,True,True,905.8,mtsd-p9
SAM 3,street sign,grp5_f7db29c0-MichaelFarrugia_35_Front.jpg,E:\2. UM-Student\MSC Dissertation\Urban-Vision-Benchmark\Datasets\MTSD\Prepared\MTSD-Unaugmented\MTSD-YOLO\test\images\grp5_f7db29c0-MichaelFarrugia_35_Front.jpg,855.1,3198.95,896.32,3242.33,0.7578,street sign,True,True,220.8,mtsd-p9
SAM 3,street sign,grp5_f7db29c0-MichaelFarrugia_35_Front.jpg,E:\2. UM-Student\MSC Dissertation\Urban-Vision-Benchmark\Datasets\MTSD\Prepared\MTSD-Unaugmented\MTSD-YOLO\test\images\grp5_f7db29c0-MichaelFarrugia_35_Front.jpg,1076.61,1670.05,1872.57,2399.53,0.9648,street sign,True,True,220.8,mtsd-p9
SAM 3,street sign,grp5_fc84e1fb-BenTaliana_3_Back.jpeg,E:\2. UM-Student\MSC Dissertation\Urban-Vision-Benchmark\Datasets\MTSD\Prepared\MTSD-Unaugmented\MTSD-YOLO\test\images\grp5_fc84e1fb-BenTaliana_3_Back.jpeg,818.68,1795.52,1693.49,3933.54,0.9453,street sign,True,True,204.9,mtsd-p9
SAM 3,street sign,grp5_fc84e1fb-BenTaliana_3_Back.jpeg,E:\2. UM-Student\MSC Dissertation\Urban-Vision-Benchmark\Datasets\MTSD\Prepared\MTSD-Unaugmented\MTSD-YOLO\test\images\grp5_fc84e1fb-BenTaliana_3_Back.jpeg,413.94,978.69,1780.86,2133.44,0.8164,street sign,True,True,204.9,mtsd-p9
SAM 3,street sign,grp5_fea9ceb6-MichaelFarrugia_19_Back.jpg,E:\2. UM-Student\MSC Dissertation\Urban-Vision-Benchmark\Datasets\MTSD\Prepared\MTSD-Unaugmented\MTSD-YOLO\test\images\grp5_fea9ceb6-MichaelFarrugia_19_Back.jpg,1952.68,11.57,2876.55,4051.77,0.3359,street sign,True,True,254.5,mtsd-p9
SAM 3,street sign,grp5_fea9ceb6-MichaelFarrugia_19_Back.jpg,E:\2. UM-Student\MSC Dissertation\Urban-Vision-Benchmark\Datasets\MTSD\Prepared\MTSD-Unaugmented\MTSD-YOLO\test\images\grp5_fea9ceb6-MichaelFarrugia_19_Back.jpg,1218.1,1219.98,2124.55,2264.99,0.9297,street sign,True,True,254.5,mtsd-p9
SAM 3,street sign,grp5_fea9ceb6-MichaelFarrugia_19_Back.jpg,E:\2. UM-Student\MSC Dissertation\Urban-Vision-Benchmark\Datasets\MTSD\Prepared\MTSD-Unaugmented\MTSD-YOLO\test\images\grp5_fea9ceb6-MichaelFarrugia_19_Back.jpg,1874.06,370.57,2422.16,838.15,0.8555,street sign,True,True,254.5,mtsd-p9
SAM 3,street sign,grp5_fea9ceb6-MichaelFarrugia_19_Back.jpg,E:\2. UM-Student\MSC Dissertation\Urban-Vision-Benchmark\Datasets\MTSD\Prepared\MTSD-Unaugmented\MTSD-YOLO\test\images\grp5_fea9ceb6-MichaelFarrugia_19_Back.jpg,1454.07,2005.27,2231.18,2975.92,0.9375,street sign,True,True,254.5,mtsd-p9
SAM 3,street sign,grp5_fea9ceb6-MichaelFarrugia_19_Back.jpg,E:\2. UM-Student\MSC Dissertation\Urban-Vision-Benchmark\Datasets\MTSD\Prepared\MTSD-Unaugmented\MTSD-YOLO\test\images\grp5_fea9ceb6-MichaelFarrugia_19_Back.jpg,1225.02,1238.3,2174.64,4071.31,0.3008,street sign,True,True,254.5,mtsd-p9
SAM 3,street sign,grp5_ff6aaac1-MichaelFarrugia_43_Front.jpg,E:\2. UM-Student\MSC Dissertation\Urban-Vision-Benchmark\Datasets\MTSD\Prepared\MTSD-Unaugmented\MTSD-YOLO\test\images\grp5_ff6aaac1-MichaelFarrugia_43_Front.jpg,1244.35,1656.28,1955.5,2335.94,0.9297,street sign,True,True,217.9,mtsd-p9
SAM 3,street sign,grp6_0126954d-IMG_0235.JPG,E:\2. UM-Student\MSC Dissertation\Urban-Vision-Benchmark\Datasets\MTSD\Prepared\MTSD-Unaugmented\MTSD-YOLO\test\images\grp6_0126954d-IMG_0235.JPG,720.84,1237.25,2363.44,2099.93,0.8672,street sign,True,True,191.5,mtsd-p9
SAM 3,street sign,grp6_0126954d-IMG_0235.JPG,E:\2. UM-Student\MSC Dissertation\Urban-Vision-Benchmark\Datasets\MTSD\Prepared\MTSD-Unaugmented\MTSD-YOLO\test\images\grp6_0126954d-IMG_0235.JPG,733.01,1235.59,4032.0,2102.08,0.4121,street sign,True,True,191.5,mtsd-p9
SAM 3,street sign,grp6_0d61ecda-IMG_6112.JPG,E:\2. UM-Student\MSC Dissertation\Urban-Vision-Benchmark\Datasets\MTSD\Prepared\MTSD-Unaugmented\MTSD-YOLO\test\images\grp6_0d61ecda-IMG_6112.JPG,839.88,52.51,1975.83,4026.43,0.332,street sign,True,True,224.8,mtsd-p9
SAM 3,street sign,grp6_0d61ecda-IMG_6112.JPG,E:\2. UM-Student\MSC Dissertation\Urban-Vision-Benchmark\Datasets\MTSD\Prepared\MTSD-Unaugmented\MTSD-YOLO\test\images\grp6_0d61ecda-IMG_6112.JPG,835.98,56.14,1987.51,1235.23,0.9414,street sign,True,True,224.8,mtsd-p9
SAM 3,street sign,grp6_0dbbcef1-IMG_6167.JPG,E:\2. UM-Student\MSC Dissertation\Urban-Vision-Benchmark\Datasets\MTSD\Prepared\MTSD-Unaugmented\MTSD-YOLO\test\images\grp6_0dbbcef1-IMG_6167.JPG,1039.29,584.32,1469.48,4032.0,0.3379,street sign,True,True,225.5,mtsd-p9
SAM 3,street sign,grp6_0dbbcef1-IMG_6167.JPG,E:\2. UM-Student\MSC Dissertation\Urban-Vision-Benchmark\Datasets\MTSD\Prepared\MTSD-Unaugmented\MTSD-YOLO\test\images\grp6_0dbbcef1-IMG_6167.JPG,47.57,3076.18,246.0,3362.88,0.7305,street sign,True,True,225.5,mtsd-p9
SAM 3,street sign,grp6_0dbbcef1-IMG_6167.JPG,E:\2. UM-Student\MSC Dissertation\Urban-Vision-Benchmark\Datasets\MTSD\Prepared\MTSD-Unaugmented\MTSD-YOLO\test\images\grp6_0dbbcef1-IMG_6167.JPG,1177.4,580.53,1464.4,2528.75,0.9141,street sign,True,True,225.5,mtsd-p9
SAM 3,street sign,grp6_1fffe58c-IMG_6250.JPG,E:\2. UM-Student\MSC Dissertation\Urban-Vision-Benchmark\Datasets\MTSD\Prepared\MTSD-Unaugmented\MTSD-YOLO\test\images\grp6_1fffe58c-IMG_6250.JPG,0.0,0.0,473.07,185.22,0.832,street sign,True,True,253.9,mtsd-p9
SAM 3,street sign,grp6_1fffe58c-IMG_6250.JPG,E:\2. UM-Student\MSC Dissertation\Urban-Vision-Benchmark\Datasets\MTSD\Prepared\MTSD-Unaugmented\MTSD-YOLO\test\images\grp6_1fffe58c-IMG_6250.JPG,0.0,0.0,675.88,2419.88,0.3223,street sign,True,True,253.9,mtsd-p9
SAM 3,street sign,grp6_1fffe58c-IMG_6250.JPG,E:\2. UM-Student\MSC Dissertation\Urban-Vision-Benchmark\Datasets\MTSD\Prepared\MTSD-Unaugmented\MTSD-YOLO\test\images\grp6_1fffe58c-IMG_6250.JPG,831.37,1767.55,2108.17,2598.3,0.9414,street sign,True,True,253.9,mtsd-p9
SAM 3,street sign,grp6_1fffe58c-IMG_6250.JPG,E:\2. UM-Student\MSC Dissertation\Urban-Vision-Benchmark\Datasets\MTSD\Prepared\MTSD-Unaugmented\MTSD-YOLO\test\images\grp6_1fffe58c-IMG_6250.JPG,1017.06,860.46,2059.03,1799.23,0.9648,street sign,True,True,253.9,mtsd-p9
SAM 3,street sign,grp6_205fffc2-Screenshot_2025-12-05_135424.png,E:\2. UM-Student\MSC Dissertation\Urban-Vision-Benchmark\Datasets\MTSD\Prepared\MTSD-Unaugmented\MTSD-YOLO\test\images\grp6_205fffc2-Screenshot_2025-12-05_135424.png,123.11,178.06,157.61,319.31,0.918,street sign,True,True,110.2,mtsd-p9
SAM 3,street sign,grp6_205fffc2-Screenshot_2025-12-05_135424.png,E:\2. UM-Student\MSC Dissertation\Urban-Vision-Benchmark\Datasets\MTSD\Prepared\MTSD-Unaugmented\MTSD-YOLO\test\images\grp6_205fffc2-Screenshot_2025-12-05_135424.png,125.31,316.28,147.95,389.21,0.7812,street sign,True,True,110.2,mtsd-p9
SAM 3,street sign,grp6_205fffc2-Screenshot_2025-12-05_135424.png,E:\2. UM-Student\MSC Dissertation\Urban-Vision-Benchmark\Datasets\MTSD\Prepared\MTSD-Unaugmented\MTSD-YOLO\test\images\grp6_205fffc2-Screenshot_2025-12-05_135424.png,92.35,33.84,222.68,738.45,0.6055,street sign,True,True,110.2,mtsd-p9
SAM 3,street sign,grp6_205fffc2-Screenshot_2025-12-05_135424.png,E:\2. UM-Student\MSC Dissertation\Urban-Vision-Benchmark\Datasets\MTSD\Prepared\MTSD-Unaugmented\MTSD-YOLO\test\images\grp6_205fffc2-Screenshot_2025-12-05_135424.png,92.35,34.45,222.55,172.94,0.6055,street sign,True,True,110.2,mtsd-p9
SAM 3,street sign,grp6_255dc793-IMG_0327.JPG,E:\2. UM-Student\MSC Dissertation\Urban-Vision-Benchmark\Datasets\MTSD\Prepared\MTSD-Unaugmented\MTSD-YOLO\test\images\grp6_255dc793-IMG_0327.JPG,903.78,1570.25,3541.49,2065.82,0.957,street sign,True,True,169.6,mtsd-p9
SAM 3,street sign,grp6_264240ca-IMG_0303.JPG,E:\2. UM-Student\MSC Dissertation\Urban-Vision-Benchmark\Datasets\MTSD\Prepared\MTSD-Unaugmented\MTSD-YOLO\test\images\grp6_264240ca-IMG_0303.JPG,1204.62,738.16,3645.63,2067.62,0.9688,street sign,True,True,182.9,mtsd-p9
SAM 3,street sign,grp6_280e9cbc-IMG_0220.JPG,E:\2. UM-Student\MSC Dissertation\Urban-Vision-Benchmark\Datasets\MTSD\Prepared\MTSD-Unaugmented\MTSD-YOLO\test\images\grp6_280e9cbc-IMG_0220.JPG,,,,,,<no detections>,False,True,172.2,mtsd-p9
SAM 3,street sign,grp6_34078a23-Screenshot_2025-12-05_144602.png,E:\2. UM-Student\MSC Dissertation\Urban-Vision-Benchmark\Datasets\MTSD\Prepared\MTSD-Unaugmented\MTSD-YOLO\test\images\grp6_34078a23-Screenshot_2025-12-05_144602.png,310.09,268.29,315.0,294.0,0.3027,street sign,True,True,108.6,mtsd-p9
SAM 3,street sign,grp6_34078a23-Screenshot_2025-12-05_144602.png,E:\2. UM-Student\MSC Dissertation\Urban-Vision-Benchmark\Datasets\MTSD\Prepared\MTSD-Unaugmented\MTSD-YOLO\test\images\grp6_34078a23-Screenshot_2025-12-05_144602.png,89.47,44.03,210.74,586.78,0.7109,street sign,True,True,108.6,mtsd-p9
SAM 3,street sign,grp6_34078a23-Screenshot_2025-12-05_144602.png,E:\2. UM-Student\MSC Dissertation\Urban-Vision-Benchmark\Datasets\MTSD\Prepared\MTSD-Unaugmented\MTSD-YOLO\test\images\grp6_34078a23-Screenshot_2025-12-05_144602.png,89.53,44.55,210.94,163.49,0.8984,street sign,True,True,108.6,mtsd-p9
SAM 3,street sign,grp6_344c75b8-Screenshot_2025-12-05_150942.png,E:\2. UM-Student\MSC Dissertation\Urban-Vision-Benchmark\Datasets\MTSD\Prepared\MTSD-Unaugmented\MTSD-YOLO\test\images\grp6_344c75b8-Screenshot_2025-12-05_150942.png,134.39,41.58,157.11,553.54,0.3066,street sign,True,True,107.4,mtsd-p9
SAM 3,street sign,grp6_344c75b8-Screenshot_2025-12-05_150942.png,E:\2. UM-Student\MSC Dissertation\Urban-Vision-Benchmark\Datasets\MTSD\Prepared\MTSD-Unaugmented\MTSD-YOLO\test\images\grp6_344c75b8-Screenshot_2025-12-05_150942.png,87.1,40.03,192.17,554.6,0.5781,street sign,True,True,107.4,mtsd-p9
SAM 3,street sign,grp6_344c75b8-Screenshot_2025-12-05_150942.png,E:\2. UM-Student\MSC Dissertation\Urban-Vision-Benchmark\Datasets\MTSD\Prepared\MTSD-Unaugmented\MTSD-YOLO\test\images\grp6_344c75b8-Screenshot_2025-12-05_150942.png,87.47,40.64,192.07,144.37,0.8867,street sign,True,True,107.4,mtsd-p9
SAM 3,street sign,grp6_3721037e-IMG_0363.JPG,E:\2. UM-Student\MSC Dissertation\Urban-Vision-Benchmark\Datasets\MTSD\Prepared\MTSD-Unaugmented\MTSD-YOLO\test\images\grp6_3721037e-IMG_0363.JPG,2289.18,1241.93,4027.05,1790.63,0.668,street sign,True,True,210.9,mtsd-p9
SAM 3,street sign,grp6_3721037e-IMG_0363.JPG,E:\2. UM-Student\MSC Dissertation\Urban-Vision-Benchmark\Datasets\MTSD\Prepared\MTSD-Unaugmented\MTSD-YOLO\test\images\grp6_3721037e-IMG_0363.JPG,1719.96,1396.69,3091.49,1654.61,0.6641,street sign,True,True,210.9,mtsd-p9
SAM 3,street sign,grp6_37c705bd-IMG_6247.JPG,E:\2. UM-Student\MSC Dissertation\Urban-Vision-Benchmark\Datasets\MTSD\Prepared\MTSD-Unaugmented\MTSD-YOLO\test\images\grp6_37c705bd-IMG_6247.JPG,827.26,1610.24,1851.06,2272.87,0.9609,street sign,True,True,226.4,mtsd-p9
SAM 3,street sign,grp6_37c705bd-IMG_6247.JPG,E:\2. UM-Student\MSC Dissertation\Urban-Vision-Benchmark\Datasets\MTSD\Prepared\MTSD-Unaugmented\MTSD-YOLO\test\images\grp6_37c705bd-IMG_6247.JPG,940.61,991.28,1815.85,1675.92,0.9688,street sign,True,True,226.4,mtsd-p9
SAM 3,street sign,grp6_386a5fef-IMG_6231.JPG,E:\2. UM-Student\MSC Dissertation\Urban-Vision-Benchmark\Datasets\MTSD\Prepared\MTSD-Unaugmented\MTSD-YOLO\test\images\grp6_386a5fef-IMG_6231.JPG,897.32,974.21,2028.87,2444.66,0.9453,street sign,True,True,215.1,mtsd-p9
SAM 3,street sign,grp6_3ce4063d-IMG_0217.JPG,E:\2. UM-Student\MSC Dissertation\Urban-Vision-Benchmark\Datasets\MTSD\Prepared\MTSD-Unaugmented\MTSD-YOLO\test\images\grp6_3ce4063d-IMG_0217.JPG,1544.39,1397.46,2126.92,1732.8,0.9336,street sign,True,True,221.2,mtsd-p9
SAM 3,street sign,grp6_4c7d6d30-IMG_6226.JPG,E:\2. UM-Student\MSC Dissertation\Urban-Vision-Benchmark\Datasets\MTSD\Prepared\MTSD-Unaugmented\MTSD-YOLO\test\images\grp6_4c7d6d30-IMG_6226.JPG,1544.3,3434.2,1865.54,3651.41,0.3867,street sign,True,True,222.3,mtsd-p9
SAM 3,street sign,grp6_4c7d6d30-IMG_6226.JPG,E:\2. UM-Student\MSC Dissertation\Urban-Vision-Benchmark\Datasets\MTSD\Prepared\MTSD-Unaugmented\MTSD-YOLO\test\images\grp6_4c7d6d30-IMG_6226.JPG,1080.29,912.25,2110.16,4032.0,0.5586,street sign,True,True,222.3,mtsd-p9
SAM 3,street sign,grp6_4c7d6d30-IMG_6226.JPG,E:\2. UM-Student\MSC Dissertation\Urban-Vision-Benchmark\Datasets\MTSD\Prepared\MTSD-Unaugmented\MTSD-YOLO\test\images\grp6_4c7d6d30-IMG_6226.JPG,1086.22,913.61,2110.55,1760.23,0.9375,street sign,True,True,222.3,mtsd-p9
SAM 3,street sign,grp6_5dd0fd95-IMG_6225.JPG,E:\2. UM-Student\MSC Dissertation\Urban-Vision-Benchmark\Datasets\MTSD\Prepared\MTSD-Unaugmented\MTSD-YOLO\test\images\grp6_5dd0fd95-IMG_6225.JPG,1056.04,581.92,2275.46,4032.0,0.5312,street sign,True,True,204.6,mtsd-p9
SAM 3,street sign,grp6_5dd0fd95-IMG_6225.JPG,E:\2. UM-Student\MSC Dissertation\Urban-Vision-Benchmark\Datasets\MTSD\Prepared\MTSD-Unaugmented\MTSD-YOLO\test\images\grp6_5dd0fd95-IMG_6225.JPG,1054.87,575.94,2278.53,1686.52,0.7305,street sign,True,True,204.6,mtsd-p9
SAM 3,street sign,grp6_674b294f-Screenshot_2025-12-05_140949.png,E:\2. UM-Student\MSC Dissertation\Urban-Vision-Benchmark\Datasets\MTSD\Prepared\MTSD-Unaugmented\MTSD-YOLO\test\images\grp6_674b294f-Screenshot_2025-12-05_140949.png,365.35,42.19,530.47,347.6,0.5273,street sign,True,True,112.6,mtsd-p9
SAM 3,street sign,grp6_674b294f-Screenshot_2025-12-05_140949.png,E:\2. UM-Student\MSC Dissertation\Urban-Vision-Benchmark\Datasets\MTSD\Prepared\MTSD-Unaugmented\MTSD-YOLO\test\images\grp6_674b294f-Screenshot_2025-12-05_140949.png,48.5,110.03,159.72,372.24,0.4258,street sign,True,True,112.6,mtsd-p9
SAM 3,street sign,grp6_674b294f-Screenshot_2025-12-05_140949.png,E:\2. UM-Student\MSC Dissertation\Urban-Vision-Benchmark\Datasets\MTSD\Prepared\MTSD-Unaugmented\MTSD-YOLO\test\images\grp6_674b294f-Screenshot_2025-12-05_140949.png,240.59,0.0,287.11,24.1,0.3262,street sign,True,True,112.6,mtsd-p9
SAM 3,street sign,grp6_674b294f-Screenshot_2025-12-05_140949.png,E:\2. UM-Student\MSC Dissertation\Urban-Vision-Benchmark\Datasets\MTSD\Prepared\MTSD-Unaugmented\MTSD-YOLO\test\images\grp6_674b294f-Screenshot_2025-12-05_140949.png,111.23,112.16,160.4,239.66,0.5898,street sign,True,True,112.6,mtsd-p9
SAM 3,street sign,grp6_674b294f-Screenshot_2025-12-05_140949.png,E:\2. UM-Student\MSC Dissertation\Urban-Vision-Benchmark\Datasets\MTSD\Prepared\MTSD-Unaugmented\MTSD-YOLO\test\images\grp6_674b294f-Screenshot_2025-12-05_140949.png,49.2,111.4,142.75,237.86,0.8594,street sign,True,True,112.6,mtsd-p9
SAM 3,street sign,grp6_674b294f-Screenshot_2025-12-05_140949.png,E:\2. UM-Student\MSC Dissertation\Urban-Vision-Benchmark\Datasets\MTSD\Prepared\MTSD-Unaugmented\MTSD-YOLO\test\images\grp6_674b294f-Screenshot_2025-12-05_140949.png,365.9,42.04,530.16,202.35,0.5547,street sign,True,True,112.6,mtsd-p9
SAM 3,street sign,grp6_6b4047ef-IMG_6230.JPG,E:\2. UM-Student\MSC Dissertation\Urban-Vision-Benchmark\Datasets\MTSD\Prepared\MTSD-Unaugmented\MTSD-YOLO\test\images\grp6_6b4047ef-IMG_6230.JPG,1083.1,596.34,1583.79,2518.01,0.8555,street sign,True,True,166.4,mtsd-p9
SAM 3,street sign,grp6_6f66549b-IMG_0289.JPG,E:\2. UM-Student\MSC Dissertation\Urban-Vision-Benchmark\Datasets\MTSD\Prepared\MTSD-Unaugmented\MTSD-YOLO\test\images\grp6_6f66549b-IMG_0289.JPG,2644.9,714.35,4032.0,2857.29,0.4199,street sign,True,True,192.7,mtsd-p9
SAM 3,street sign,grp6_6f66549b-IMG_0289.JPG,E:\2. UM-Student\MSC Dissertation\Urban-Vision-Benchmark\Datasets\MTSD\Prepared\MTSD-Unaugmented\MTSD-YOLO\test\images\grp6_6f66549b-IMG_0289.JPG,1736.68,719.74,4032.0,2854.42,0.457,street sign,True,True,192.7,mtsd-p9
SAM 3,street sign,grp6_6f66549b-IMG_0289.JPG,E:\2. UM-Student\MSC Dissertation\Urban-Vision-Benchmark\Datasets\MTSD\Prepared\MTSD-Unaugmented\MTSD-YOLO\test\images\grp6_6f66549b-IMG_0289.JPG,1734.81,983.56,2748.21,2401.88,0.4512,street sign,True,True,192.7,mtsd-p9
SAM 3,street sign,grp6_7608155e-Screenshot_2025-12-05_135221.png,E:\2. UM-Student\MSC Dissertation\Urban-Vision-Benchmark\Datasets\MTSD\Prepared\MTSD-Unaugmented\MTSD-YOLO\test\images\grp6_7608155e-Screenshot_2025-12-05_135221.png,250.95,60.49,311.85,309.31,0.4355,street sign,True,True,109.9,mtsd-p9
SAM 3,street sign,grp6_7608155e-Screenshot_2025-12-05_135221.png,E:\2. UM-Student\MSC Dissertation\Urban-Vision-Benchmark\Datasets\MTSD\Prepared\MTSD-Unaugmented\MTSD-YOLO\test\images\grp6_7608155e-Screenshot_2025-12-05_135221.png,135.48,90.36,156.53,116.43,0.6406,street sign,True,True,109.9,mtsd-p9
SAM 3,street sign,grp6_7608155e-Screenshot_2025-12-05_135221.png,E:\2. UM-Student\MSC Dissertation\Urban-Vision-Benchmark\Datasets\MTSD\Prepared\MTSD-Unaugmented\MTSD-YOLO\test\images\grp6_7608155e-Screenshot_2025-12-05_135221.png,46.93,44.42,135.04,500.36,0.4824,street sign,True,True,109.9,mtsd-p9
SAM 3,street sign,grp6_7608155e-Screenshot_2025-12-05_135221.png,E:\2. UM-Student\MSC Dissertation\Urban-Vision-Benchmark\Datasets\MTSD\Prepared\MTSD-Unaugmented\MTSD-YOLO\test\images\grp6_7608155e-Screenshot_2025-12-05_135221.png,134.58,90.18,156.27,206.95,0.3125,street sign,True,True,109.9,mtsd-p9
SAM 3,street sign,grp6_7608155e-Screenshot_2025-12-05_135221.png,E:\2. UM-Student\MSC Dissertation\Urban-Vision-Benchmark\Datasets\MTSD\Prepared\MTSD-Unaugmented\MTSD-YOLO\test\images\grp6_7608155e-Screenshot_2025-12-05_135221.png,46.97,44.81,134.76,150.45,0.9219,street sign,True,True,109.9,mtsd-p9
SAM 3,street sign,grp6_7608155e-Screenshot_2025-12-05_135221.png,E:\2. UM-Student\MSC Dissertation\Urban-Vision-Benchmark\Datasets\MTSD\Prepared\MTSD-Unaugmented\MTSD-YOLO\test\images\grp6_7608155e-Screenshot_2025-12-05_135221.png,250.63,60.86,316.11,126.75,0.9141,street sign,True,True,109.9,mtsd-p9
SAM 3,street sign,grp6_7608155e-Screenshot_2025-12-05_135221.png,E:\2. UM-Student\MSC Dissertation\Urban-Vision-Benchmark\Datasets\MTSD\Prepared\MTSD-Unaugmented\MTSD-YOLO\test\images\grp6_7608155e-Screenshot_2025-12-05_135221.png,187.32,144.06,204.9,175.23,0.334,street sign,True,True,109.9,mtsd-p9
SAM 3,street sign,grp6_7a1ad0b4-IMG_0319.JPG,E:\2. UM-Student\MSC Dissertation\Urban-Vision-Benchmark\Datasets\MTSD\Prepared\MTSD-Unaugmented\MTSD-YOLO\test\images\grp6_7a1ad0b4-IMG_0319.JPG,,,,,,<no detections>,False,True,161.1,mtsd-p9
SAM 3,street sign,grp6_8387f659-Screenshot_2025-12-05_134458.png,E:\2. UM-Student\MSC Dissertation\Urban-Vision-Benchmark\Datasets\MTSD\Prepared\MTSD-Unaugmented\MTSD-YOLO\test\images\grp6_8387f659-Screenshot_2025-12-05_134458.png,103.45,123.89,136.69,173.85,0.8438,street sign,True,True,109.4,mtsd-p9
SAM 3,street sign,grp6_8387f659-Screenshot_2025-12-05_134458.png,E:\2. UM-Student\MSC Dissertation\Urban-Vision-Benchmark\Datasets\MTSD\Prepared\MTSD-Unaugmented\MTSD-YOLO\test\images\grp6_8387f659-Screenshot_2025-12-05_134458.png,122.35,174.97,191.66,435.51,0.3496,street sign,True,True,109.4,mtsd-p9
SAM 3,street sign,grp6_8387f659-Screenshot_2025-12-05_134458.png,E:\2. UM-Student\MSC Dissertation\Urban-Vision-Benchmark\Datasets\MTSD\Prepared\MTSD-Unaugmented\MTSD-YOLO\test\images\grp6_8387f659-Screenshot_2025-12-05_134458.png,84.51,29.52,190.29,435.39,0.4434,street sign,True,True,109.4,mtsd-p9
SAM 3,street sign,grp6_8387f659-Screenshot_2025-12-05_134458.png,E:\2. UM-Student\MSC Dissertation\Urban-Vision-Benchmark\Datasets\MTSD\Prepared\MTSD-Unaugmented\MTSD-YOLO\test\images\grp6_8387f659-Screenshot_2025-12-05_134458.png,84.05,27.34,120.55,123.12,0.9297,street sign,True,True,109.4,mtsd-p9
SAM 3,street sign,grp6_8be98e2c-IMG_6200.JPG,E:\2. UM-Student\MSC Dissertation\Urban-Vision-Benchmark\Datasets\MTSD\Prepared\MTSD-Unaugmented\MTSD-YOLO\test\images\grp6_8be98e2c-IMG_6200.JPG,2556.55,3769.18,2691.86,3884.81,0.5117,street sign,True,True,414.9,mtsd-p9
SAM 3,street sign,grp6_8be98e2c-IMG_6200.JPG,E:\2. UM-Student\MSC Dissertation\Urban-Vision-Benchmark\Datasets\MTSD\Prepared\MTSD-Unaugmented\MTSD-YOLO\test\images\grp6_8be98e2c-IMG_6200.JPG,1067.58,841.98,1439.65,4032.0,0.5234,street sign,True,True,414.9,mtsd-p9
SAM 3,street sign,grp6_8be98e2c-IMG_6200.JPG,E:\2. UM-Student\MSC Dissertation\Urban-Vision-Benchmark\Datasets\MTSD\Prepared\MTSD-Unaugmented\MTSD-YOLO\test\images\grp6_8be98e2c-IMG_6200.JPG,1138.32,835.78,1441.16,2268.53,0.9297,street sign,True,True,414.9,mtsd-p9
SAM 3,street sign,grp6_8be98e2c-IMG_6200.JPG,E:\2. UM-Student\MSC Dissertation\Urban-Vision-Benchmark\Datasets\MTSD\Prepared\MTSD-Unaugmented\MTSD-YOLO\test\images\grp6_8be98e2c-IMG_6200.JPG,2512.55,3398.61,2728.48,3569.65,0.3184,street sign,True,True,414.9,mtsd-p9
SAM 3,street sign,grp6_8d7bc213-IMG_0237.JPG,E:\2. UM-Student\MSC Dissertation\Urban-Vision-Benchmark\Datasets\MTSD\Prepared\MTSD-Unaugmented\MTSD-YOLO\test\images\grp6_8d7bc213-IMG_0237.JPG,881.95,1283.31,2537.88,2284.43,0.957,street sign,True,True,197.4,mtsd-p9
SAM 3,street sign,grp6_8d7bc213-IMG_0237.JPG,E:\2. UM-Student\MSC Dissertation\Urban-Vision-Benchmark\Datasets\MTSD\Prepared\MTSD-Unaugmented\MTSD-YOLO\test\images\grp6_8d7bc213-IMG_0237.JPG,2409.28,1718.7,4032.0,2029.1,0.3086,street sign,True,True,197.4,mtsd-p9
SAM 3,street sign,grp6_8dee1009-IMG_6205.JPG,E:\2. UM-Student\MSC Dissertation\Urban-Vision-Benchmark\Datasets\MTSD\Prepared\MTSD-Unaugmented\MTSD-YOLO\test\images\grp6_8dee1009-IMG_6205.JPG,59.34,3513.09,126.49,3744.04,0.5742,street sign,True,True,434.9,mtsd-p9
SAM 3,street sign,grp6_8dee1009-IMG_6205.JPG,E:\2. UM-Student\MSC Dissertation\Urban-Vision-Benchmark\Datasets\MTSD\Prepared\MTSD-Unaugmented\MTSD-YOLO\test\images\grp6_8dee1009-IMG_6205.JPG,2541.67,3590.68,2583.55,3673.96,0.3281,street sign,True,True,434.9,mtsd-p9
SAM 3,street sign,grp6_8dee1009-IMG_6205.JPG,E:\2. UM-Student\MSC Dissertation\Urban-Vision-Benchmark\Datasets\MTSD\Prepared\MTSD-Unaugmented\MTSD-YOLO\test\images\grp6_8dee1009-IMG_6205.JPG,1040.55,2012.66,1334.36,3385.61,0.7383,street sign,True,True,434.9,mtsd-p9
SAM 3,street sign,grp6_8dee1009-IMG_6205.JPG,E:\2. UM-Student\MSC Dissertation\Urban-Vision-Benchmark\Datasets\MTSD\Prepared\MTSD-Unaugmented\MTSD-YOLO\test\images\grp6_8dee1009-IMG_6205.JPG,276.4,3378.52,615.52,3748.85,0.7422,street sign,True,True,434.9,mtsd-p9
SAM 3,street sign,grp6_8dee1009-IMG_6205.JPG,E:\2. UM-Student\MSC Dissertation\Urban-Vision-Benchmark\Datasets\MTSD\Prepared\MTSD-Unaugmented\MTSD-YOLO\test\images\grp6_8dee1009-IMG_6205.JPG,33.33,3513.74,130.99,4031.98,0.4883,street sign,True,True,434.9,mtsd-p9
SAM 3,street sign,grp6_8dee1009-IMG_6205.JPG,E:\2. UM-Student\MSC Dissertation\Urban-Vision-Benchmark\Datasets\MTSD\Prepared\MTSD-Unaugmented\MTSD-YOLO\test\images\grp6_8dee1009-IMG_6205.JPG,1039.45,1310.3,1766.12,4032.0,0.4961,street sign,True,True,434.9,mtsd-p9
SAM 3,street sign,grp6_8dee1009-IMG_6205.JPG,E:\2. UM-Student\MSC Dissertation\Urban-Vision-Benchmark\Datasets\MTSD\Prepared\MTSD-Unaugmented\MTSD-YOLO\test\images\grp6_8dee1009-IMG_6205.JPG,1046.11,1314.94,1769.23,2188.37,0.918,street sign,True,True,434.9,mtsd-p9
SAM 3,street sign,grp6_8dee1009-IMG_6205.JPG,E:\2. UM-Student\MSC Dissertation\Urban-Vision-Benchmark\Datasets\MTSD\Prepared\MTSD-Unaugmented\MTSD-YOLO\test\images\grp6_8dee1009-IMG_6205.JPG,276.34,3379.11,616.16,4032.0,0.4492,street sign,True,True,434.9,mtsd-p9
SAM 3,street sign,grp6_92b4ef64-IMG_6151.JPG,E:\2. UM-Student\MSC Dissertation\Urban-Vision-Benchmark\Datasets\MTSD\Prepared\MTSD-Unaugmented\MTSD-YOLO\test\images\grp6_92b4ef64-IMG_6151.JPG,986.38,2524.79,2110.16,3780.69,0.9727,street sign,True,True,249.4,mtsd-p9
SAM 3,street sign,grp6_92b4ef64-IMG_6151.JPG,E:\2. UM-Student\MSC Dissertation\Urban-Vision-Benchmark\Datasets\MTSD\Prepared\MTSD-Unaugmented\MTSD-YOLO\test\images\grp6_92b4ef64-IMG_6151.JPG,834.48,1227.73,2263.1,2507.91,0.9727,street sign,True,True,249.4,mtsd-p9
SAM 3,street sign,grp6_92b4ef64-IMG_6151.JPG,E:\2. UM-Student\MSC Dissertation\Urban-Vision-Benchmark\Datasets\MTSD\Prepared\MTSD-Unaugmented\MTSD-YOLO\test\images\grp6_92b4ef64-IMG_6151.JPG,2094.74,3096.82,2325.74,3341.82,0.6016,street sign,True,True,249.4,mtsd-p9
SAM 3,street sign,grp6_98681b01-IMG_6123_2.JPG,E:\2. UM-Student\MSC Dissertation\Urban-Vision-Benchmark\Datasets\MTSD\Prepared\MTSD-Unaugmented\MTSD-YOLO\test\images\grp6_98681b01-IMG_6123_2.JPG,1135.69,230.62,2662.0,1851.37,0.9492,street sign,True,True,409.1,mtsd-p9
SAM 3,street sign,grp6_98681b01-IMG_6123_2.JPG,E:\2. UM-Student\MSC Dissertation\Urban-Vision-Benchmark\Datasets\MTSD\Prepared\MTSD-Unaugmented\MTSD-YOLO\test\images\grp6_98681b01-IMG_6123_2.JPG,2680.65,0.0,3024.0,827.5,0.9102,street sign,True,True,409.1,mtsd-p9
SAM 3,street sign,grp6_9c79fb63-Screenshot_2025-12-05_143920.png,E:\2. UM-Student\MSC Dissertation\Urban-Vision-Benchmark\Datasets\MTSD\Prepared\MTSD-Unaugmented\MTSD-YOLO\test\images\grp6_9c79fb63-Screenshot_2025-12-05_143920.png,127.78,33.37,190.24,316.48,0.418,street sign,True,True,109.9,mtsd-p9
SAM 3,street sign,grp6_9c79fb63-Screenshot_2025-12-05_143920.png,E:\2. UM-Student\MSC Dissertation\Urban-Vision-Benchmark\Datasets\MTSD\Prepared\MTSD-Unaugmented\MTSD-YOLO\test\images\grp6_9c79fb63-Screenshot_2025-12-05_143920.png,47.18,55.64,77.38,275.13,0.459,street sign,True,True,109.9,mtsd-p9
SAM 3,street sign,grp6_9c79fb63-Screenshot_2025-12-05_143920.png,E:\2. UM-Student\MSC Dissertation\Urban-Vision-Benchmark\Datasets\MTSD\Prepared\MTSD-Unaugmented\MTSD-YOLO\test\images\grp6_9c79fb63-Screenshot_2025-12-05_143920.png,10.82,228.37,57.37,267.29,0.6367,street sign,True,True,109.9,mtsd-p9
SAM 3,street sign,grp6_9c79fb63-Screenshot_2025-12-05_143920.png,E:\2. UM-Student\MSC Dissertation\Urban-Vision-Benchmark\Datasets\MTSD\Prepared\MTSD-Unaugmented\MTSD-YOLO\test\images\grp6_9c79fb63-Screenshot_2025-12-05_143920.png,47.57,56.15,77.87,113.13,0.9062,street sign,True,True,109.9,mtsd-p9
SAM 3,street sign,grp6_9c79fb63-Screenshot_2025-12-05_143920.png,E:\2. UM-Student\MSC Dissertation\Urban-Vision-Benchmark\Datasets\MTSD\Prepared\MTSD-Unaugmented\MTSD-YOLO\test\images\grp6_9c79fb63-Screenshot_2025-12-05_143920.png,127.96,34.11,190.01,104.25,0.6562,street sign,True,True,109.9,mtsd-p9
SAM 3,street sign,grp6_9e084d7c-IMG_0221.JPG,E:\2. UM-Student\MSC Dissertation\Urban-Vision-Benchmark\Datasets\MTSD\Prepared\MTSD-Unaugmented\MTSD-YOLO\test\images\grp6_9e084d7c-IMG_0221.JPG,1343.69,2291.27,1395.87,2333.98,0.3457,street sign,True,True,424.1,mtsd-p9
SAM 3,street sign,grp6_9e084d7c-IMG_0221.JPG,E:\2. UM-Student\MSC Dissertation\Urban-Vision-Benchmark\Datasets\MTSD\Prepared\MTSD-Unaugmented\MTSD-YOLO\test\images\grp6_9e084d7c-IMG_0221.JPG,2881.73,2616.08,3018.09,2976.45,0.6641,street sign,True,True,424.1,mtsd-p9
SAM 3,street sign,grp6_9e084d7c-IMG_0221.JPG,E:\2. UM-Student\MSC Dissertation\Urban-Vision-Benchmark\Datasets\MTSD\Prepared\MTSD-Unaugmented\MTSD-YOLO\test\images\grp6_9e084d7c-IMG_0221.JPG,2880.43,2620.29,3024.0,2819.54,0.6172,street sign,True,True,424.1,mtsd-p9
SAM 3,street sign,grp6_9e084d7c-IMG_0221.JPG,E:\2. UM-Student\MSC Dissertation\Urban-Vision-Benchmark\Datasets\MTSD\Prepared\MTSD-Unaugmented\MTSD-YOLO\test\images\grp6_9e084d7c-IMG_0221.JPG,1532.27,1513.15,1942.35,3220.38,0.7266,street sign,True,True,424.1,mtsd-p9
SAM 3,street sign,grp6_9e084d7c-IMG_0221.JPG,E:\2. UM-Student\MSC Dissertation\Urban-Vision-Benchmark\Datasets\MTSD\Prepared\MTSD-Unaugmented\MTSD-YOLO\test\images\grp6_9e084d7c-IMG_0221.JPG,1535.95,1511.27,1938.47,1936.67,0.8867,street sign,True,True,424.1,mtsd-p9
SAM 3,street sign,grp6_9e256948-IMG_0275.JPG,E:\2. UM-Student\MSC Dissertation\Urban-Vision-Benchmark\Datasets\MTSD\Prepared\MTSD-Unaugmented\MTSD-YOLO\test\images\grp6_9e256948-IMG_0275.JPG,2245.7,488.21,2649.92,1821.69,0.9531,street sign,True,True,218.1,mtsd-p9
SAM 3,street sign,grp6_9e256948-IMG_0275.JPG,E:\2. UM-Student\MSC Dissertation\Urban-Vision-Benchmark\Datasets\MTSD\Prepared\MTSD-Unaugmented\MTSD-YOLO\test\images\grp6_9e256948-IMG_0275.JPG,1681.04,1301.42,2122.16,1883.67,0.9531,street sign,True,True,218.1,mtsd-p9
SAM 3,street sign,grp6_9e256948-IMG_0275.JPG,E:\2. UM-Student\MSC Dissertation\Urban-Vision-Benchmark\Datasets\MTSD\Prepared\MTSD-Unaugmented\MTSD-YOLO\test\images\grp6_9e256948-IMG_0275.JPG,1366.34,857.3,1653.59,1622.44,0.9453,street sign,True,True,218.1,mtsd-p9
SAM 3,street sign,grp6_a1b61997-Screenshot_2025-12-05_133641.png,E:\2. UM-Student\MSC Dissertation\Urban-Vision-Benchmark\Datasets\MTSD\Prepared\MTSD-Unaugmented\MTSD-YOLO\test\images\grp6_a1b61997-Screenshot_2025-12-05_133641.png,147.15,49.26,249.81,681.83,0.707,street sign,True,True,108.4,mtsd-p9
SAM 3,street sign,grp6_a1b61997-Screenshot_2025-12-05_133641.png,E:\2. UM-Student\MSC Dissertation\Urban-Vision-Benchmark\Datasets\MTSD\Prepared\MTSD-Unaugmented\MTSD-YOLO\test\images\grp6_a1b61997-Screenshot_2025-12-05_133641.png,147.75,48.14,249.67,219.88,0.9297,street sign,True,True,108.4,mtsd-p9
SAM 3,street sign,grp6_a7041b20-IMG_6175.JPG,E:\2. UM-Student\MSC Dissertation\Urban-Vision-Benchmark\Datasets\MTSD\Prepared\MTSD-Unaugmented\MTSD-YOLO\test\images\grp6_a7041b20-IMG_6175.JPG,2870.87,3256.79,2944.59,3339.13,0.7383,street sign,True,True,595.8,mtsd-p9
SAM 3,street sign,grp6_a7041b20-IMG_6175.JPG,E:\2. UM-Student\MSC Dissertation\Urban-Vision-Benchmark\Datasets\MTSD\Prepared\MTSD-Unaugmented\MTSD-YOLO\test\images\grp6_a7041b20-IMG_6175.JPG,313.38,3030.47,568.45,4032.0,0.3066,street sign,True,True,595.8,mtsd-p9
SAM 3,street sign,grp6_a7041b20-IMG_6175.JPG,E:\2. UM-Student\MSC Dissertation\Urban-Vision-Benchmark\Datasets\MTSD\Prepared\MTSD-Unaugmented\MTSD-YOLO\test\images\grp6_a7041b20-IMG_6175.JPG,1099.34,3191.64,1199.24,3316.62,0.4902,street sign,True,True,595.8,mtsd-p9
SAM 3,street sign,grp6_a7041b20-IMG_6175.JPG,E:\2. UM-Student\MSC Dissertation\Urban-Vision-Benchmark\Datasets\MTSD\Prepared\MTSD-Unaugmented\MTSD-YOLO\test\images\grp6_a7041b20-IMG_6175.JPG,391.64,3020.2,567.91,3184.26,0.5352,street sign,True,True,595.8,mtsd-p9
SAM 3,street sign,grp6_a7041b20-IMG_6175.JPG,E:\2. UM-Student\MSC Dissertation\Urban-Vision-Benchmark\Datasets\MTSD\Prepared\MTSD-Unaugmented\MTSD-YOLO\test\images\grp6_a7041b20-IMG_6175.JPG,941.46,893.18,2114.67,4032.0,0.5547,street sign,True,True,595.8,mtsd-p9
SAM 3,street sign,grp6_a7041b20-IMG_6175.JPG,E:\2. UM-Student\MSC Dissertation\Urban-Vision-Benchmark\Datasets\MTSD\Prepared\MTSD-Unaugmented\MTSD-YOLO\test\images\grp6_a7041b20-IMG_6175.JPG,2800.82,2762.35,3024.0,3096.48,0.3242,street sign,True,True,595.8,mtsd-p9
SAM 3,street sign,grp6_a7041b20-IMG_6175.JPG,E:\2. UM-Student\MSC Dissertation\Urban-Vision-Benchmark\Datasets\MTSD\Prepared\MTSD-Unaugmented\MTSD-YOLO\test\images\grp6_a7041b20-IMG_6175.JPG,1110.1,3309.03,1195.29,3407.94,0.4199,street sign,True,True,595.8,mtsd-p9
SAM 3,street sign,grp6_a7041b20-IMG_6175.JPG,E:\2. UM-Student\MSC Dissertation\Urban-Vision-Benchmark\Datasets\MTSD\Prepared\MTSD-Unaugmented\MTSD-YOLO\test\images\grp6_a7041b20-IMG_6175.JPG,944.8,894.11,2109.55,1893.35,0.9219,street sign,True,True,595.8,mtsd-p9
SAM 3,street sign,grp6_ad8b6cea-IMG_0342.JPG,E:\2. UM-Student\MSC Dissertation\Urban-Vision-Benchmark\Datasets\MTSD\Prepared\MTSD-Unaugmented\MTSD-YOLO\test\images\grp6_ad8b6cea-IMG_0342.JPG,2387.41,0.0,4032.0,2313.47,0.9336,street sign,True,True,173.3,mtsd-p9
SAM 3,street sign,grp6_ad8b6cea-IMG_0342.JPG,E:\2. UM-Student\MSC Dissertation\Urban-Vision-Benchmark\Datasets\MTSD\Prepared\MTSD-Unaugmented\MTSD-YOLO\test\images\grp6_ad8b6cea-IMG_0342.JPG,1474.72,317.4,3134.81,2295.7,0.9258,street sign,True,True,173.3,mtsd-p9
SAM 3,street sign,grp6_b1f0ac5c-IMG_0227.JPG,E:\2. UM-Student\MSC Dissertation\Urban-Vision-Benchmark\Datasets\MTSD\Prepared\MTSD-Unaugmented\MTSD-YOLO\test\images\grp6_b1f0ac5c-IMG_0227.JPG,1034.25,692.06,2344.1,2111.72,0.9531,street sign,True,True,558.3,mtsd-p9
SAM 3,street sign,grp6_b1f0ac5c-IMG_0227.JPG,E:\2. UM-Student\MSC Dissertation\Urban-Vision-Benchmark\Datasets\MTSD\Prepared\MTSD-Unaugmented\MTSD-YOLO\test\images\grp6_b1f0ac5c-IMG_0227.JPG,2899.75,0.0,3006.93,70.47,0.8633,street sign,True,True,558.3,mtsd-p9
SAM 3,street sign,grp6_b1f0ac5c-IMG_0227.JPG,E:\2. UM-Student\MSC Dissertation\Urban-Vision-Benchmark\Datasets\MTSD\Prepared\MTSD-Unaugmented\MTSD-YOLO\test\images\grp6_b1f0ac5c-IMG_0227.JPG,2114.49,844.04,2760.82,1971.33,0.7812,street sign,True,True,558.3,mtsd-p9
SAM 3,street sign,grp6_b1f0ac5c-IMG_0227.JPG,E:\2. UM-Student\MSC Dissertation\Urban-Vision-Benchmark\Datasets\MTSD\Prepared\MTSD-Unaugmented\MTSD-YOLO\test\images\grp6_b1f0ac5c-IMG_0227.JPG,1780.37,264.3,4032.0,712.29,0.459,street sign,True,True,558.3,mtsd-p9
SAM 3,street sign,grp6_b1f0ac5c-IMG_0227.JPG,E:\2. UM-Student\MSC Dissertation\Urban-Vision-Benchmark\Datasets\MTSD\Prepared\MTSD-Unaugmented\MTSD-YOLO\test\images\grp6_b1f0ac5c-IMG_0227.JPG,2289.97,317.96,2896.43,674.33,0.9375,street sign,True,True,558.3,mtsd-p9
SAM 3,street sign,grp6_b1f0ac5c-IMG_0227.JPG,E:\2. UM-Student\MSC Dissertation\Urban-Vision-Benchmark\Datasets\MTSD\Prepared\MTSD-Unaugmented\MTSD-YOLO\test\images\grp6_b1f0ac5c-IMG_0227.JPG,1792.1,262.71,2324.73,719.65,0.5977,street sign,True,True,558.3,mtsd-p9
SAM 3,street sign,grp6_ba6a303c-IMG_0314.JPG,E:\2. UM-Student\MSC Dissertation\Urban-Vision-Benchmark\Datasets\MTSD\Prepared\MTSD-Unaugmented\MTSD-YOLO\test\images\grp6_ba6a303c-IMG_0314.JPG,2431.61,3483.59,2497.29,3551.28,0.8398,street sign,True,True,431.9,mtsd-p9
SAM 3,street sign,grp6_ba6a303c-IMG_0314.JPG,E:\2. UM-Student\MSC Dissertation\Urban-Vision-Benchmark\Datasets\MTSD\Prepared\MTSD-Unaugmented\MTSD-YOLO\test\images\grp6_ba6a303c-IMG_0314.JPG,196.14,2002.3,2218.1,2718.58,0.9375,street sign,True,True,431.9,mtsd-p9
SAM 3,street sign,grp6_ba6a303c-IMG_0314.JPG,E:\2. UM-Student\MSC Dissertation\Urban-Vision-Benchmark\Datasets\MTSD\Prepared\MTSD-Unaugmented\MTSD-YOLO\test\images\grp6_ba6a303c-IMG_0314.JPG,2647.09,3557.76,2683.92,3599.44,0.7305,street sign,True,True,431.9,mtsd-p9
SAM 3,street sign,grp6_ba6a303c-IMG_0314.JPG,E:\2. UM-Student\MSC Dissertation\Urban-Vision-Benchmark\Datasets\MTSD\Prepared\MTSD-Unaugmented\MTSD-YOLO\test\images\grp6_ba6a303c-IMG_0314.JPG,2450.23,3551.14,2503.54,3605.56,0.7812,street sign,True,True,431.9,mtsd-p9
SAM 3,street sign,grp6_ba6a303c-IMG_0314.JPG,E:\2. UM-Student\MSC Dissertation\Urban-Vision-Benchmark\Datasets\MTSD\Prepared\MTSD-Unaugmented\MTSD-YOLO\test\images\grp6_ba6a303c-IMG_0314.JPG,2490.67,3496.86,2513.37,3561.41,0.3789,street sign,True,True,431.9,mtsd-p9
SAM 3,street sign,grp6_ba6a303c-IMG_0314.JPG,E:\2. UM-Student\MSC Dissertation\Urban-Vision-Benchmark\Datasets\MTSD\Prepared\MTSD-Unaugmented\MTSD-YOLO\test\images\grp6_ba6a303c-IMG_0314.JPG,225.71,845.44,2183.23,3981.13,0.3105,street sign,True,True,431.9,mtsd-p9
SAM 3,street sign,grp6_ba6a303c-IMG_0314.JPG,E:\2. UM-Student\MSC Dissertation\Urban-Vision-Benchmark\Datasets\MTSD\Prepared\MTSD-Unaugmented\MTSD-YOLO\test\images\grp6_ba6a303c-IMG_0314.JPG,279.0,846.75,2152.26,2103.81,0.9531,street sign,True,True,431.9,mtsd-p9
SAM 3,street sign,grp6_bf61cf6e-Screenshot_2025-12-05_142746.png,E:\2. UM-Student\MSC Dissertation\Urban-Vision-Benchmark\Datasets\MTSD\Prepared\MTSD-Unaugmented\MTSD-YOLO\test\images\grp6_bf61cf6e-Screenshot_2025-12-05_142746.png,99.92,58.56,190.85,504.9,0.4277,street sign,True,True,107.6,mtsd-p9
SAM 3,street sign,grp6_bf61cf6e-Screenshot_2025-12-05_142746.png,E:\2. UM-Student\MSC Dissertation\Urban-Vision-Benchmark\Datasets\MTSD\Prepared\MTSD-Unaugmented\MTSD-YOLO\test\images\grp6_bf61cf6e-Screenshot_2025-12-05_142746.png,100.56,57.85,190.16,147.64,0.4336,street sign,True,True,107.6,mtsd-p9
SAM 3,street sign,grp6_c2b7f6e2-IMG_0300.JPG,E:\2. UM-Student\MSC Dissertation\Urban-Vision-Benchmark\Datasets\MTSD\Prepared\MTSD-Unaugmented\MTSD-YOLO\test\images\grp6_c2b7f6e2-IMG_0300.JPG,2206.34,0.0,4032.0,2694.99,0.9375,street sign,True,True,195.7,mtsd-p9
SAM 3,street sign,grp6_c2b7f6e2-IMG_0300.JPG,E:\2. UM-Student\MSC Dissertation\Urban-Vision-Benchmark\Datasets\MTSD\Prepared\MTSD-Unaugmented\MTSD-YOLO\test\images\grp6_c2b7f6e2-IMG_0300.JPG,1208.88,564.94,2954.5,2582.95,0.9375,street sign,True,True,195.7,mtsd-p9
SAM 3,street sign,grp6_c8db20f0-IMG_6257.JPG,E:\2. UM-Student\MSC Dissertation\Urban-Vision-Benchmark\Datasets\MTSD\Prepared\MTSD-Unaugmented\MTSD-YOLO\test\images\grp6_c8db20f0-IMG_6257.JPG,1494.79,751.95,1716.45,1857.35,0.9297,street sign,True,True,208.7,mtsd-p9
SAM 3,street sign,grp6_cebbcc7c-Screenshot_2025-12-05_141232.png,E:\2. UM-Student\MSC Dissertation\Urban-Vision-Benchmark\Datasets\MTSD\Prepared\MTSD-Unaugmented\MTSD-YOLO\test\images\grp6_cebbcc7c-Screenshot_2025-12-05_141232.png,81.94,85.37,106.91,136.68,0.8828,street sign,True,True,107.7,mtsd-p9
SAM 3,street sign,grp6_cebbcc7c-Screenshot_2025-12-05_141232.png,E:\2. UM-Student\MSC Dissertation\Urban-Vision-Benchmark\Datasets\MTSD\Prepared\MTSD-Unaugmented\MTSD-YOLO\test\images\grp6_cebbcc7c-Screenshot_2025-12-05_141232.png,77.73,20.61,113.92,86.75,0.8906,street sign,True,True,107.7,mtsd-p9
SAM 3,street sign,grp6_cebbcc7c-Screenshot_2025-12-05_141232.png,E:\2. UM-Student\MSC Dissertation\Urban-Vision-Benchmark\Datasets\MTSD\Prepared\MTSD-Unaugmented\MTSD-YOLO\test\images\grp6_cebbcc7c-Screenshot_2025-12-05_141232.png,77.54,20.17,113.44,284.88,0.457,street sign,True,True,107.7,mtsd-p9
SAM 3,street sign,grp6_d2cebd4f-Screenshot_2025-12-05_145955.png,E:\2. UM-Student\MSC Dissertation\Urban-Vision-Benchmark\Datasets\MTSD\Prepared\MTSD-Unaugmented\MTSD-YOLO\test\images\grp6_d2cebd4f-Screenshot_2025-12-05_145955.png,86.19,127.75,147.68,196.5,0.8125,street sign,True,True,107.5,mtsd-p9
SAM 3,street sign,grp6_d2cebd4f-Screenshot_2025-12-05_145955.png,E:\2. UM-Student\MSC Dissertation\Urban-Vision-Benchmark\Datasets\MTSD\Prepared\MTSD-Unaugmented\MTSD-YOLO\test\images\grp6_d2cebd4f-Screenshot_2025-12-05_145955.png,68.38,35.46,165.3,426.97,0.5586,street sign,True,True,107.5,mtsd-p9
SAM 3,street sign,grp6_d2cebd4f-Screenshot_2025-12-05_145955.png,E:\2. UM-Student\MSC Dissertation\Urban-Vision-Benchmark\Datasets\MTSD\Prepared\MTSD-Unaugmented\MTSD-YOLO\test\images\grp6_d2cebd4f-Screenshot_2025-12-05_145955.png,68.5,35.89,165.69,119.57,0.8516,street sign,True,True,107.5,mtsd-p9
SAM 3,street sign,grp6_d33c21c3-IMG_6246.JPG,E:\2. UM-Student\MSC Dissertation\Urban-Vision-Benchmark\Datasets\MTSD\Prepared\MTSD-Unaugmented\MTSD-YOLO\test\images\grp6_d33c21c3-IMG_6246.JPG,640.82,888.59,2062.78,2012.91,0.4082,street sign,True,True,191.7,mtsd-p9
SAM 3,street sign,grp6_e18d6d29-IMG_0313.JPG,E:\2. UM-Student\MSC Dissertation\Urban-Vision-Benchmark\Datasets\MTSD\Prepared\MTSD-Unaugmented\MTSD-YOLO\test\images\grp6_e18d6d29-IMG_0313.JPG,3413.34,2219.96,3651.99,2435.44,0.9219,street sign,True,True,448.4,mtsd-p9
SAM 3,street sign,grp6_e18d6d29-IMG_0313.JPG,E:\2. UM-Student\MSC Dissertation\Urban-Vision-Benchmark\Datasets\MTSD\Prepared\MTSD-Unaugmented\MTSD-YOLO\test\images\grp6_e18d6d29-IMG_0313.JPG,3653.45,2234.77,3786.04,2469.78,0.875,street sign,True,True,448.4,mtsd-p9
SAM 3,street sign,grp6_e18d6d29-IMG_0313.JPG,E:\2. UM-Student\MSC Dissertation\Urban-Vision-Benchmark\Datasets\MTSD\Prepared\MTSD-Unaugmented\MTSD-YOLO\test\images\grp6_e18d6d29-IMG_0313.JPG,1170.69,1090.21,2299.5,2294.67,0.5273,street sign,True,True,448.4,mtsd-p9
SAM 3,street sign,grp6_e18d6d29-IMG_0313.JPG,E:\2. UM-Student\MSC Dissertation\Urban-Vision-Benchmark\Datasets\MTSD\Prepared\MTSD-Unaugmented\MTSD-YOLO\test\images\grp6_e18d6d29-IMG_0313.JPG,1171.83,1092.61,3561.92,2307.38,0.5898,street sign,True,True,448.4,mtsd-p9
SAM 3,street sign,grp6_e18d6d29-IMG_0313.JPG,E:\2. UM-Student\MSC Dissertation\Urban-Vision-Benchmark\Datasets\MTSD\Prepared\MTSD-Unaugmented\MTSD-YOLO\test\images\grp6_e18d6d29-IMG_0313.JPG,2317.86,1153.26,3554.66,2315.13,0.5898,street sign,True,True,448.4,mtsd-p9
SAM 3,street sign,grp6_e4194181-Screenshot_2025-12-05_124458.png,E:\2. UM-Student\MSC Dissertation\Urban-Vision-Benchmark\Datasets\MTSD\Prepared\MTSD-Unaugmented\MTSD-YOLO\test\images\grp6_e4194181-Screenshot_2025-12-05_124458.png,518.18,75.75,635.5,713.07,0.582,street sign,True,True,114.6,mtsd-p9
SAM 3,street sign,grp6_e4194181-Screenshot_2025-12-05_124458.png,E:\2. UM-Student\MSC Dissertation\Urban-Vision-Benchmark\Datasets\MTSD\Prepared\MTSD-Unaugmented\MTSD-YOLO\test\images\grp6_e4194181-Screenshot_2025-12-05_124458.png,232.31,269.29,252.74,326.55,0.5625,street sign,True,True,114.6,mtsd-p9
SAM 3,street sign,grp6_e4194181-Screenshot_2025-12-05_124458.png,E:\2. UM-Student\MSC Dissertation\Urban-Vision-Benchmark\Datasets\MTSD\Prepared\MTSD-Unaugmented\MTSD-YOLO\test\images\grp6_e4194181-Screenshot_2025-12-05_124458.png,52.08,27.95,225.75,673.23,0.4473,street sign,True,True,114.6,mtsd-p9
SAM 3,street sign,grp6_e4194181-Screenshot_2025-12-05_124458.png,E:\2. UM-Student\MSC Dissertation\Urban-Vision-Benchmark\Datasets\MTSD\Prepared\MTSD-Unaugmented\MTSD-YOLO\test\images\grp6_e4194181-Screenshot_2025-12-05_124458.png,52.68,28.6,224.94,229.15,0.3008,street sign,True,True,114.6,mtsd-p9
SAM 3,street sign,grp6_e4194181-Screenshot_2025-12-05_124458.png,E:\2. UM-Student\MSC Dissertation\Urban-Vision-Benchmark\Datasets\MTSD\Prepared\MTSD-Unaugmented\MTSD-YOLO\test\images\grp6_e4194181-Screenshot_2025-12-05_124458.png,518.64,76.37,634.12,213.42,0.9023,street sign,True,True,114.6,mtsd-p9
SAM 3,street sign,grp6_e4194181-Screenshot_2025-12-05_124458.png,E:\2. UM-Student\MSC Dissertation\Urban-Vision-Benchmark\Datasets\MTSD\Prepared\MTSD-Unaugmented\MTSD-YOLO\test\images\grp6_e4194181-Screenshot_2025-12-05_124458.png,504.84,297.58,528.56,358.97,0.7461,street sign,True,True,114.6,mtsd-p9
SAM 3,street sign,grp6_e4766ab1-Screenshot_2025-12-05_134942.png,E:\2. UM-Student\MSC Dissertation\Urban-Vision-Benchmark\Datasets\MTSD\Prepared\MTSD-Unaugmented\MTSD-YOLO\test\images\grp6_e4766ab1-Screenshot_2025-12-05_134942.png,,,,,,<no detections>,False,True,114.3,mtsd-p9
SAM 3,street sign,grp6_ec035947-IMG_6142.JPG,E:\2. UM-Student\MSC Dissertation\Urban-Vision-Benchmark\Datasets\MTSD\Prepared\MTSD-Unaugmented\MTSD-YOLO\test\images\grp6_ec035947-IMG_6142.JPG,1547.1,2291.09,1598.84,2373.84,0.3457,street sign,True,True,233.6,mtsd-p9
SAM 3,street sign,grp6_ec035947-IMG_6142.JPG,E:\2. UM-Student\MSC Dissertation\Urban-Vision-Benchmark\Datasets\MTSD\Prepared\MTSD-Unaugmented\MTSD-YOLO\test\images\grp6_ec035947-IMG_6142.JPG,409.37,293.81,2558.2,4032.0,0.3926,street sign,True,True,233.6,mtsd-p9
SAM 3,street sign,grp6_ec035947-IMG_6142.JPG,E:\2. UM-Student\MSC Dissertation\Urban-Vision-Benchmark\Datasets\MTSD\Prepared\MTSD-Unaugmented\MTSD-YOLO\test\images\grp6_ec035947-IMG_6142.JPG,425.67,299.91,2545.19,2029.27,0.9297,street sign,True,True,233.6,mtsd-p9
SAM 3,street sign,grp6_f6200360-IMG_6254.JPG,E:\2. UM-Student\MSC Dissertation\Urban-Vision-Benchmark\Datasets\MTSD\Prepared\MTSD-Unaugmented\MTSD-YOLO\test\images\grp6_f6200360-IMG_6254.JPG,1376.13,739.05,1765.28,2200.14,0.957,street sign,True,True,230.3,mtsd-p9
SAM 3,street sign,grp6_f6200360-IMG_6254.JPG,E:\2. UM-Student\MSC Dissertation\Urban-Vision-Benchmark\Datasets\MTSD\Prepared\MTSD-Unaugmented\MTSD-YOLO\test\images\grp6_f6200360-IMG_6254.JPG,995.11,2858.12,1157.5,2989.18,0.3652,street sign,True,True,230.3,mtsd-p9
SAM 3,street sign,grp6_f6200360-IMG_6254.JPG,E:\2. UM-Student\MSC Dissertation\Urban-Vision-Benchmark\Datasets\MTSD\Prepared\MTSD-Unaugmented\MTSD-YOLO\test\images\grp6_f6200360-IMG_6254.JPG,102.35,2388.4,250.63,2482.38,0.3633,street sign,True,True,230.3,mtsd-p9
SAM 3,street sign,grp6_fb7a099a-Screenshot_2025-12-05_134245.png,E:\2. UM-Student\MSC Dissertation\Urban-Vision-Benchmark\Datasets\MTSD\Prepared\MTSD-Unaugmented\MTSD-YOLO\test\images\grp6_fb7a099a-Screenshot_2025-12-05_134245.png,,,,,,<no detections>,False,True,107.0,mtsd-p9
SAM 3,street sign,grp7_01ba126c-IMG_1741.jpg,E:\2. UM-Student\MSC Dissertation\Urban-Vision-Benchmark\Datasets\MTSD\Prepared\MTSD-Unaugmented\MTSD-YOLO\test\images\grp7_01ba126c-IMG_1741.jpg,925.98,96.19,3406.71,2450.79,0.9531,street sign,True,True,202.5,mtsd-p9
SAM 3,street sign,grp7_0c242d9c-IMG_1860.jpg,E:\2. UM-Student\MSC Dissertation\Urban-Vision-Benchmark\Datasets\MTSD\Prepared\MTSD-Unaugmented\MTSD-YOLO\test\images\grp7_0c242d9c-IMG_1860.jpg,,,,,,<no detections>,False,True,146.6,mtsd-p9
SAM 3,street sign,grp7_0c807ae1-IMG_1804.jpg,E:\2. UM-Student\MSC Dissertation\Urban-Vision-Benchmark\Datasets\MTSD\Prepared\MTSD-Unaugmented\MTSD-YOLO\test\images\grp7_0c807ae1-IMG_1804.jpg,1243.17,146.53,3397.46,2769.43,0.9648,street sign,True,True,164.7,mtsd-p9
SAM 3,street sign,grp7_0cc91b71-IMG_2114.JPG,E:\2. UM-Student\MSC Dissertation\Urban-Vision-Benchmark\Datasets\MTSD\Prepared\MTSD-Unaugmented\MTSD-YOLO\test\images\grp7_0cc91b71-IMG_2114.JPG,374.28,126.5,2990.76,2768.65,0.9688,street sign,True,True,214.9,mtsd-p9
SAM 3,street sign,grp7_0d0b2421-20251215_151900.jpg,E:\2. UM-Student\MSC Dissertation\Urban-Vision-Benchmark\Datasets\MTSD\Prepared\MTSD-Unaugmented\MTSD-YOLO\test\images\grp7_0d0b2421-20251215_151900.jpg,684.83,1211.44,1482.59,4032.0,0.543,street sign,True,True,153.4,mtsd-p9
SAM 3,street sign,grp7_0d0b2421-20251215_151900.jpg,E:\2. UM-Student\MSC Dissertation\Urban-Vision-Benchmark\Datasets\MTSD\Prepared\MTSD-Unaugmented\MTSD-YOLO\test\images\grp7_0d0b2421-20251215_151900.jpg,685.99,1215.52,1487.88,2037.29,0.7344,street sign,True,True,153.4,mtsd-p9
SAM 3,street sign,grp7_133305c1-IMG_6701.jpeg,E:\2. UM-Student\MSC Dissertation\Urban-Vision-Benchmark\Datasets\MTSD\Prepared\MTSD-Unaugmented\MTSD-YOLO\test\images\grp7_133305c1-IMG_6701.jpeg,1104.67,1363.89,1280.11,3609.38,0.6523,street sign,True,True,263.7,mtsd-p9
SAM 3,street sign,grp7_133305c1-IMG_6701.jpeg,E:\2. UM-Student\MSC Dissertation\Urban-Vision-Benchmark\Datasets\MTSD\Prepared\MTSD-Unaugmented\MTSD-YOLO\test\images\grp7_133305c1-IMG_6701.jpeg,2853.58,2209.36,2879.48,2251.03,0.3027,street sign,True,True,263.7,mtsd-p9
SAM 3,street sign,grp7_133305c1-IMG_6701.jpeg,E:\2. UM-Student\MSC Dissertation\Urban-Vision-Benchmark\Datasets\MTSD\Prepared\MTSD-Unaugmented\MTSD-YOLO\test\images\grp7_133305c1-IMG_6701.jpeg,1105.9,1365.71,1278.54,1870.42,0.9102,street sign,True,True,263.7,mtsd-p9
SAM 3,street sign,grp7_17ffbc31-IMG_6632.jpeg,E:\2. UM-Student\MSC Dissertation\Urban-Vision-Benchmark\Datasets\MTSD\Prepared\MTSD-Unaugmented\MTSD-YOLO\test\images\grp7_17ffbc31-IMG_6632.jpeg,1336.94,1445.63,1461.88,1662.65,0.7383,street sign,True,True,246.3,mtsd-p9
SAM 3,street sign,grp7_17ffbc31-IMG_6632.jpeg,E:\2. UM-Student\MSC Dissertation\Urban-Vision-Benchmark\Datasets\MTSD\Prepared\MTSD-Unaugmented\MTSD-YOLO\test\images\grp7_17ffbc31-IMG_6632.jpeg,1331.12,935.75,1463.71,1667.14,0.4805,street sign,True,True,246.3,mtsd-p9
SAM 3,street sign,grp7_17ffbc31-IMG_6632.jpeg,E:\2. UM-Student\MSC Dissertation\Urban-Vision-Benchmark\Datasets\MTSD\Prepared\MTSD-Unaugmented\MTSD-YOLO\test\images\grp7_17ffbc31-IMG_6632.jpeg,1321.61,934.58,1468.24,3132.92,0.6133,street sign,True,True,246.3,mtsd-p9
SAM 3,street sign,grp7_17ffbc31-IMG_6632.jpeg,E:\2. UM-Student\MSC Dissertation\Urban-Vision-Benchmark\Datasets\MTSD\Prepared\MTSD-Unaugmented\MTSD-YOLO\test\images\grp7_17ffbc31-IMG_6632.jpeg,1330.68,941.87,1460.21,1494.07,0.7695,street sign,True,True,246.3,mtsd-p9
SAM 3,street sign,grp7_18034905-IMG_6798.jpeg,E:\2. UM-Student\MSC Dissertation\Urban-Vision-Benchmark\Datasets\MTSD\Prepared\MTSD-Unaugmented\MTSD-YOLO\test\images\grp7_18034905-IMG_6798.jpeg,1296.59,1802.45,1388.9,2069.7,0.9141,street sign,True,True,239.9,mtsd-p9
SAM 3,street sign,grp7_18034905-IMG_6798.jpeg,E:\2. UM-Student\MSC Dissertation\Urban-Vision-Benchmark\Datasets\MTSD\Prepared\MTSD-Unaugmented\MTSD-YOLO\test\images\grp7_18034905-IMG_6798.jpeg,1298.68,1796.4,1392.3,3094.6,0.3477,street sign,True,True,239.9,mtsd-p9
SAM 3,street sign,grp7_18034905-IMG_6798.jpeg,E:\2. UM-Student\MSC Dissertation\Urban-Vision-Benchmark\Datasets\MTSD\Prepared\MTSD-Unaugmented\MTSD-YOLO\test\images\grp7_18034905-IMG_6798.jpeg,0.0,2387.35,72.34,2688.53,0.4688,street sign,True,True,239.9,mtsd-p9
SAM 3,street sign,grp7_21763d41-IMG_1815.jpg,E:\2. UM-Student\MSC Dissertation\Urban-Vision-Benchmark\Datasets\MTSD\Prepared\MTSD-Unaugmented\MTSD-YOLO\test\images\grp7_21763d41-IMG_1815.jpg,1110.97,409.23,3574.62,2807.98,0.5898,street sign,True,True,183.1,mtsd-p9
SAM 3,street sign,grp7_27403473-IMG_2301.JPG,E:\2. UM-Student\MSC Dissertation\Urban-Vision-Benchmark\Datasets\MTSD\Prepared\MTSD-Unaugmented\MTSD-YOLO\test\images\grp7_27403473-IMG_2301.JPG,0.0,1869.77,63.99,2129.62,0.3164,street sign,True,True,570.7,mtsd-p9
SAM 3,street sign,grp7_27403473-IMG_2301.JPG,E:\2. UM-Student\MSC Dissertation\Urban-Vision-Benchmark\Datasets\MTSD\Prepared\MTSD-Unaugmented\MTSD-YOLO\test\images\grp7_27403473-IMG_2301.JPG,916.09,1877.85,1133.93,2756.75,0.8516,street sign,True,True,570.7,mtsd-p9
SAM 3,street sign,grp7_3199d5af-IMG_6619.jpeg,E:\2. UM-Student\MSC Dissertation\Urban-Vision-Benchmark\Datasets\MTSD\Prepared\MTSD-Unaugmented\MTSD-YOLO\test\images\grp7_3199d5af-IMG_6619.jpeg,2853.89,2147.65,2920.89,2216.78,0.6914,street sign,True,True,576.9,mtsd-p9
SAM 3,street sign,grp7_3199d5af-IMG_6619.jpeg,E:\2. UM-Student\MSC Dissertation\Urban-Vision-Benchmark\Datasets\MTSD\Prepared\MTSD-Unaugmented\MTSD-YOLO\test\images\grp7_3199d5af-IMG_6619.jpeg,1216.66,1335.38,1367.51,3309.45,0.5898,street sign,True,True,576.9,mtsd-p9
SAM 3,street sign,grp7_3199d5af-IMG_6619.jpeg,E:\2. UM-Student\MSC Dissertation\Urban-Vision-Benchmark\Datasets\MTSD\Prepared\MTSD-Unaugmented\MTSD-YOLO\test\images\grp7_3199d5af-IMG_6619.jpeg,2854.43,2127.25,2917.09,2602.69,0.3008,street sign,True,True,576.9,mtsd-p9
SAM 3,street sign,grp7_3199d5af-IMG_6619.jpeg,E:\2. UM-Student\MSC Dissertation\Urban-Vision-Benchmark\Datasets\MTSD\Prepared\MTSD-Unaugmented\MTSD-YOLO\test\images\grp7_3199d5af-IMG_6619.jpeg,392.11,2123.47,509.6,2276.28,0.8945,street sign,True,True,576.9,mtsd-p9
SAM 3,street sign,grp7_3199d5af-IMG_6619.jpeg,E:\2. UM-Student\MSC Dissertation\Urban-Vision-Benchmark\Datasets\MTSD\Prepared\MTSD-Unaugmented\MTSD-YOLO\test\images\grp7_3199d5af-IMG_6619.jpeg,1229.57,1755.87,1367.4,1964.94,0.8398,street sign,True,True,576.9,mtsd-p9
SAM 3,street sign,grp7_3199d5af-IMG_6619.jpeg,E:\2. UM-Student\MSC Dissertation\Urban-Vision-Benchmark\Datasets\MTSD\Prepared\MTSD-Unaugmented\MTSD-YOLO\test\images\grp7_3199d5af-IMG_6619.jpeg,3007.55,2245.71,3024.0,2284.72,0.4062,street sign,True,True,576.9,mtsd-p9
SAM 3,street sign,grp7_3199d5af-IMG_6619.jpeg,E:\2. UM-Student\MSC Dissertation\Urban-Vision-Benchmark\Datasets\MTSD\Prepared\MTSD-Unaugmented\MTSD-YOLO\test\images\grp7_3199d5af-IMG_6619.jpeg,1221.78,1334.84,1368.98,1807.92,0.875,street sign,True,True,576.9,mtsd-p9
SAM 3,street sign,grp7_3199d5af-IMG_6619.jpeg,E:\2. UM-Student\MSC Dissertation\Urban-Vision-Benchmark\Datasets\MTSD\Prepared\MTSD-Unaugmented\MTSD-YOLO\test\images\grp7_3199d5af-IMG_6619.jpeg,2729.3,2241.66,2799.9,2400.78,0.4043,street sign,True,True,576.9,mtsd-p9
SAM 3,street sign,grp7_3199d5af-IMG_6619.jpeg,E:\2. UM-Student\MSC Dissertation\Urban-Vision-Benchmark\Datasets\MTSD\Prepared\MTSD-Unaugmented\MTSD-YOLO\test\images\grp7_3199d5af-IMG_6619.jpeg,1659.98,2176.5,1707.36,2239.78,0.832,street sign,True,True,576.9,mtsd-p9
SAM 3,street sign,grp7_3199d5af-IMG_6619.jpeg,E:\2. UM-Student\MSC Dissertation\Urban-Vision-Benchmark\Datasets\MTSD\Prepared\MTSD-Unaugmented\MTSD-YOLO\test\images\grp7_3199d5af-IMG_6619.jpeg,1660.92,2175.51,1708.13,2568.97,0.3965,street sign,True,True,576.9,mtsd-p9
SAM 3,street sign,grp7_3335816b-IMG_1863.jpg,E:\2. UM-Student\MSC Dissertation\Urban-Vision-Benchmark\Datasets\MTSD\Prepared\MTSD-Unaugmented\MTSD-YOLO\test\images\grp7_3335816b-IMG_1863.jpg,1035.49,262.2,3800.84,2871.58,0.5078,street sign,True,True,559.4,mtsd-p9
SAM 3,street sign,grp7_3335816b-IMG_1863.jpg,E:\2. UM-Student\MSC Dissertation\Urban-Vision-Benchmark\Datasets\MTSD\Prepared\MTSD-Unaugmented\MTSD-YOLO\test\images\grp7_3335816b-IMG_1863.jpg,2516.8,493.68,3808.24,2461.12,0.5664,street sign,True,True,559.4,mtsd-p9
SAM 3,street sign,grp7_3335816b-IMG_1863.jpg,E:\2. UM-Student\MSC Dissertation\Urban-Vision-Benchmark\Datasets\MTSD\Prepared\MTSD-Unaugmented\MTSD-YOLO\test\images\grp7_3335816b-IMG_1863.jpg,0.0,1.3,1353.56,1391.8,0.8867,street sign,True,True,559.4,mtsd-p9
SAM 3,street sign,grp7_3335816b-IMG_1863.jpg,E:\2. UM-Student\MSC Dissertation\Urban-Vision-Benchmark\Datasets\MTSD\Prepared\MTSD-Unaugmented\MTSD-YOLO\test\images\grp7_3335816b-IMG_1863.jpg,1038.09,227.63,3088.98,2882.61,0.5977,street sign,True,True,559.4,mtsd-p9
SAM 3,street sign,grp7_36174e45-IMG_6745.jpeg,E:\2. UM-Student\MSC Dissertation\Urban-Vision-Benchmark\Datasets\MTSD\Prepared\MTSD-Unaugmented\MTSD-YOLO\test\images\grp7_36174e45-IMG_6745.jpeg,2674.94,1972.24,2711.21,2004.92,0.543,street sign,True,True,448.6,mtsd-p9
SAM 3,street sign,grp7_36174e45-IMG_6745.jpeg,E:\2. UM-Student\MSC Dissertation\Urban-Vision-Benchmark\Datasets\MTSD\Prepared\MTSD-Unaugmented\MTSD-YOLO\test\images\grp7_36174e45-IMG_6745.jpeg,1252.46,0.0,1377.31,3049.06,0.3008,street sign,True,True,448.6,mtsd-p9
SAM 3,street sign,grp7_36174e45-IMG_6745.jpeg,E:\2. UM-Student\MSC Dissertation\Urban-Vision-Benchmark\Datasets\MTSD\Prepared\MTSD-Unaugmented\MTSD-YOLO\test\images\grp7_36174e45-IMG_6745.jpeg,648.02,0.0,810.86,3097.61,0.3047,street sign,True,True,448.6,mtsd-p9
SAM 3,street sign,grp7_36174e45-IMG_6745.jpeg,E:\2. UM-Student\MSC Dissertation\Urban-Vision-Benchmark\Datasets\MTSD\Prepared\MTSD-Unaugmented\MTSD-YOLO\test\images\grp7_36174e45-IMG_6745.jpeg,1325.61,1459.11,1550.94,1943.56,0.7656,street sign,True,True,448.6,mtsd-p9
SAM 3,street sign,grp7_3acb0651-IMG_1793.jpg,E:\2. UM-Student\MSC Dissertation\Urban-Vision-Benchmark\Datasets\MTSD\Prepared\MTSD-Unaugmented\MTSD-YOLO\test\images\grp7_3acb0651-IMG_1793.jpg,,,,,,<no detections>,False,True,153.5,mtsd-p9
SAM 3,street sign,grp7_3dfa77dc-20251215_142747.jpg,E:\2. UM-Student\MSC Dissertation\Urban-Vision-Benchmark\Datasets\MTSD\Prepared\MTSD-Unaugmented\MTSD-YOLO\test\images\grp7_3dfa77dc-20251215_142747.jpg,684.75,1108.54,1492.28,4032.0,0.7578,street sign,True,True,164.3,mtsd-p9
SAM 3,street sign,grp7_3dfa77dc-20251215_142747.jpg,E:\2. UM-Student\MSC Dissertation\Urban-Vision-Benchmark\Datasets\MTSD\Prepared\MTSD-Unaugmented\MTSD-YOLO\test\images\grp7_3dfa77dc-20251215_142747.jpg,686.0,1109.79,1495.06,1880.99,0.9258,street sign,True,True,164.3,mtsd-p9
SAM 3,street sign,grp7_40a131c0-20251215_144819.jpg,E:\2. UM-Student\MSC Dissertation\Urban-Vision-Benchmark\Datasets\MTSD\Prepared\MTSD-Unaugmented\MTSD-YOLO\test\images\grp7_40a131c0-20251215_144819.jpg,1058.92,1221.65,1247.38,3744.29,0.3281,street sign,True,True,169.9,mtsd-p9
SAM 3,street sign,grp7_40a131c0-20251215_144819.jpg,E:\2. UM-Student\MSC Dissertation\Urban-Vision-Benchmark\Datasets\MTSD\Prepared\MTSD-Unaugmented\MTSD-YOLO\test\images\grp7_40a131c0-20251215_144819.jpg,1124.46,3621.09,1361.56,4032.0,0.875,street sign,True,True,169.9,mtsd-p9
SAM 3,street sign,grp7_40a131c0-20251215_144819.jpg,E:\2. UM-Student\MSC Dissertation\Urban-Vision-Benchmark\Datasets\MTSD\Prepared\MTSD-Unaugmented\MTSD-YOLO\test\images\grp7_40a131c0-20251215_144819.jpg,1058.97,1220.21,1129.53,2277.86,0.9023,street sign,True,True,169.9,mtsd-p9
SAM 3,street sign,grp7_41dd064f-IMG_2332.JPG,E:\2. UM-Student\MSC Dissertation\Urban-Vision-Benchmark\Datasets\MTSD\Prepared\MTSD-Unaugmented\MTSD-YOLO\test\images\grp7_41dd064f-IMG_2332.JPG,1574.26,1344.84,1949.26,1542.13,0.8438,street sign,True,True,684.2,mtsd-p9
SAM 3,street sign,grp7_41dd064f-IMG_2332.JPG,E:\2. UM-Student\MSC Dissertation\Urban-Vision-Benchmark\Datasets\MTSD\Prepared\MTSD-Unaugmented\MTSD-YOLO\test\images\grp7_41dd064f-IMG_2332.JPG,2543.25,1468.25,2628.54,1556.44,0.7383,street sign,True,True,684.2,mtsd-p9
SAM 3,street sign,grp7_41dd064f-IMG_2332.JPG,E:\2. UM-Student\MSC Dissertation\Urban-Vision-Benchmark\Datasets\MTSD\Prepared\MTSD-Unaugmented\MTSD-YOLO\test\images\grp7_41dd064f-IMG_2332.JPG,1255.03,1774.57,1307.38,1906.96,0.3105,street sign,True,True,684.2,mtsd-p9
SAM 3,street sign,grp7_41dd064f-IMG_2332.JPG,E:\2. UM-Student\MSC Dissertation\Urban-Vision-Benchmark\Datasets\MTSD\Prepared\MTSD-Unaugmented\MTSD-YOLO\test\images\grp7_41dd064f-IMG_2332.JPG,1099.53,1807.47,1236.61,1870.79,0.3027,street sign,True,True,684.2,mtsd-p9
SAM 3,street sign,grp7_41dd064f-IMG_2332.JPG,E:\2. UM-Student\MSC Dissertation\Urban-Vision-Benchmark\Datasets\MTSD\Prepared\MTSD-Unaugmented\MTSD-YOLO\test\images\grp7_41dd064f-IMG_2332.JPG,1540.37,931.65,2019.21,2807.99,0.668,street sign,True,True,684.2,mtsd-p9
SAM 3,street sign,grp7_41dd064f-IMG_2332.JPG,E:\2. UM-Student\MSC Dissertation\Urban-Vision-Benchmark\Datasets\MTSD\Prepared\MTSD-Unaugmented\MTSD-YOLO\test\images\grp7_41dd064f-IMG_2332.JPG,1543.26,928.17,2020.51,1386.9,0.7734,street sign,True,True,684.2,mtsd-p9
SAM 3,street sign,grp7_41dd064f-IMG_2332.JPG,E:\2. UM-Student\MSC Dissertation\Urban-Vision-Benchmark\Datasets\MTSD\Prepared\MTSD-Unaugmented\MTSD-YOLO\test\images\grp7_41dd064f-IMG_2332.JPG,2442.91,1444.77,2537.48,1501.56,0.4355,street sign,True,True,684.2,mtsd-p9
SAM 3,street sign,grp7_46129e9c-IMG_6657.jpeg,E:\2. UM-Student\MSC Dissertation\Urban-Vision-Benchmark\Datasets\MTSD\Prepared\MTSD-Unaugmented\MTSD-YOLO\test\images\grp7_46129e9c-IMG_6657.jpeg,293.38,1668.32,389.76,1847.32,0.3633,street sign,True,True,456.4,mtsd-p9
SAM 3,street sign,grp7_46129e9c-IMG_6657.jpeg,E:\2. UM-Student\MSC Dissertation\Urban-Vision-Benchmark\Datasets\MTSD\Prepared\MTSD-Unaugmented\MTSD-YOLO\test\images\grp7_46129e9c-IMG_6657.jpeg,940.21,1651.41,992.88,1763.54,0.4746,street sign,True,True,456.4,mtsd-p9
SAM 3,street sign,grp7_46129e9c-IMG_6657.jpeg,E:\2. UM-Student\MSC Dissertation\Urban-Vision-Benchmark\Datasets\MTSD\Prepared\MTSD-Unaugmented\MTSD-YOLO\test\images\grp7_46129e9c-IMG_6657.jpeg,942.52,1653.97,994.2,2158.98,0.5117,street sign,True,True,456.4,mtsd-p9
SAM 3,street sign,grp7_46129e9c-IMG_6657.jpeg,E:\2. UM-Student\MSC Dissertation\Urban-Vision-Benchmark\Datasets\MTSD\Prepared\MTSD-Unaugmented\MTSD-YOLO\test\images\grp7_46129e9c-IMG_6657.jpeg,1139.35,1309.44,1435.6,2591.16,0.5586,street sign,True,True,456.4,mtsd-p9
SAM 3,street sign,grp7_46129e9c-IMG_6657.jpeg,E:\2. UM-Student\MSC Dissertation\Urban-Vision-Benchmark\Datasets\MTSD\Prepared\MTSD-Unaugmented\MTSD-YOLO\test\images\grp7_46129e9c-IMG_6657.jpeg,1142.47,1310.21,1436.82,1608.8,0.9062,street sign,True,True,456.4,mtsd-p9
SAM 3,street sign,grp7_4c22ebaa-IMG_6807.jpeg,E:\2. UM-Student\MSC Dissertation\Urban-Vision-Benchmark\Datasets\MTSD\Prepared\MTSD-Unaugmented\MTSD-YOLO\test\images\grp7_4c22ebaa-IMG_6807.jpeg,1494.08,1976.81,1931.55,3674.64,0.6953,street sign,True,True,429.6,mtsd-p9
SAM 3,street sign,grp7_4c22ebaa-IMG_6807.jpeg,E:\2. UM-Student\MSC Dissertation\Urban-Vision-Benchmark\Datasets\MTSD\Prepared\MTSD-Unaugmented\MTSD-YOLO\test\images\grp7_4c22ebaa-IMG_6807.jpeg,1073.74,2145.51,1214.97,2849.81,0.6133,street sign,True,True,429.6,mtsd-p9
SAM 3,street sign,grp7_4c22ebaa-IMG_6807.jpeg,E:\2. UM-Student\MSC Dissertation\Urban-Vision-Benchmark\Datasets\MTSD\Prepared\MTSD-Unaugmented\MTSD-YOLO\test\images\grp7_4c22ebaa-IMG_6807.jpeg,1071.79,2155.95,1214.38,2403.93,0.793,street sign,True,True,429.6,mtsd-p9
SAM 3,street sign,grp7_4c22ebaa-IMG_6807.jpeg,E:\2. UM-Student\MSC Dissertation\Urban-Vision-Benchmark\Datasets\MTSD\Prepared\MTSD-Unaugmented\MTSD-YOLO\test\images\grp7_4c22ebaa-IMG_6807.jpeg,787.63,2031.42,824.26,2087.85,0.6797,street sign,True,True,429.6,mtsd-p9
SAM 3,street sign,grp7_4c22ebaa-IMG_6807.jpeg,E:\2. UM-Student\MSC Dissertation\Urban-Vision-Benchmark\Datasets\MTSD\Prepared\MTSD-Unaugmented\MTSD-YOLO\test\images\grp7_4c22ebaa-IMG_6807.jpeg,1498.73,1979.34,1929.68,2462.93,0.7852,street sign,True,True,429.6,mtsd-p9
SAM 3,street sign,grp7_4f01ce86-IMG_1927.jpg,E:\2. UM-Student\MSC Dissertation\Urban-Vision-Benchmark\Datasets\MTSD\Prepared\MTSD-Unaugmented\MTSD-YOLO\test\images\grp7_4f01ce86-IMG_1927.jpg,,,,,,<no detections>,False,True,155.0,mtsd-p9
SAM 3,street sign,grp7_50fb19de-IMG_1779.jpg,E:\2. UM-Student\MSC Dissertation\Urban-Vision-Benchmark\Datasets\MTSD\Prepared\MTSD-Unaugmented\MTSD-YOLO\test\images\grp7_50fb19de-IMG_1779.jpg,771.49,1439.2,3790.49,1736.96,0.8359,street sign,True,True,199.7,mtsd-p9
SAM 3,street sign,grp7_51efaffb-IMG_2323.JPG,E:\2. UM-Student\MSC Dissertation\Urban-Vision-Benchmark\Datasets\MTSD\Prepared\MTSD-Unaugmented\MTSD-YOLO\test\images\grp7_51efaffb-IMG_2323.JPG,1048.71,2390.02,1099.32,2442.85,0.459,street sign,True,True,247.8,mtsd-p9
SAM 3,street sign,grp7_51efaffb-IMG_2323.JPG,E:\2. UM-Student\MSC Dissertation\Urban-Vision-Benchmark\Datasets\MTSD\Prepared\MTSD-Unaugmented\MTSD-YOLO\test\images\grp7_51efaffb-IMG_2323.JPG,1598.92,1610.01,1904.1,1949.08,0.8477,street sign,True,True,247.8,mtsd-p9
SAM 3,street sign,grp7_51efaffb-IMG_2323.JPG,E:\2. UM-Student\MSC Dissertation\Urban-Vision-Benchmark\Datasets\MTSD\Prepared\MTSD-Unaugmented\MTSD-YOLO\test\images\grp7_51efaffb-IMG_2323.JPG,1577.7,1236.89,1858.42,1570.49,0.5156,street sign,True,True,247.8,mtsd-p9
SAM 3,street sign,grp7_55fe17bd-IMG_6660.jpeg,E:\2. UM-Student\MSC Dissertation\Urban-Vision-Benchmark\Datasets\MTSD\Prepared\MTSD-Unaugmented\MTSD-YOLO\test\images\grp7_55fe17bd-IMG_6660.jpeg,2896.28,1587.04,2946.59,1670.8,0.8633,street sign,True,True,222.4,mtsd-p9
SAM 3,street sign,grp7_55fe17bd-IMG_6660.jpeg,E:\2. UM-Student\MSC Dissertation\Urban-Vision-Benchmark\Datasets\MTSD\Prepared\MTSD-Unaugmented\MTSD-YOLO\test\images\grp7_55fe17bd-IMG_6660.jpeg,1256.78,1013.97,1612.49,2584.53,0.3496,street sign,True,True,222.4,mtsd-p9
SAM 3,street sign,grp7_55fe17bd-IMG_6660.jpeg,E:\2. UM-Student\MSC Dissertation\Urban-Vision-Benchmark\Datasets\MTSD\Prepared\MTSD-Unaugmented\MTSD-YOLO\test\images\grp7_55fe17bd-IMG_6660.jpeg,1261.39,1018.4,1614.47,1407.72,0.9492,street sign,True,True,222.4,mtsd-p9
SAM 3,street sign,grp7_55fe17bd-IMG_6660.jpeg,E:\2. UM-Student\MSC Dissertation\Urban-Vision-Benchmark\Datasets\MTSD\Prepared\MTSD-Unaugmented\MTSD-YOLO\test\images\grp7_55fe17bd-IMG_6660.jpeg,2363.71,1685.54,2395.29,1740.69,0.4922,street sign,True,True,222.4,mtsd-p9
SAM 3,street sign,grp7_579cc71b-IMG_1928.jpg,E:\2. UM-Student\MSC Dissertation\Urban-Vision-Benchmark\Datasets\MTSD\Prepared\MTSD-Unaugmented\MTSD-YOLO\test\images\grp7_579cc71b-IMG_1928.jpg,,,,,,<no detections>,False,True,148.9,mtsd-p9
SAM 3,street sign,grp7_57ce1f54-20251215_150337.jpg,E:\2. UM-Student\MSC Dissertation\Urban-Vision-Benchmark\Datasets\MTSD\Prepared\MTSD-Unaugmented\MTSD-YOLO\test\images\grp7_57ce1f54-20251215_150337.jpg,1061.11,1091.82,1315.37,4032.0,0.6875,street sign,True,True,156.3,mtsd-p9
SAM 3,street sign,grp7_57ce1f54-20251215_150337.jpg,E:\2. UM-Student\MSC Dissertation\Urban-Vision-Benchmark\Datasets\MTSD\Prepared\MTSD-Unaugmented\MTSD-YOLO\test\images\grp7_57ce1f54-20251215_150337.jpg,1062.47,1092.62,1270.13,2066.18,0.9219,street sign,True,True,156.3,mtsd-p9
SAM 3,street sign,grp7_5fe0adac-IMG_2351.JPG,E:\2. UM-Student\MSC Dissertation\Urban-Vision-Benchmark\Datasets\MTSD\Prepared\MTSD-Unaugmented\MTSD-YOLO\test\images\grp7_5fe0adac-IMG_2351.JPG,397.82,2232.37,497.4,2380.25,0.8164,street sign,True,True,610.7,mtsd-p9
SAM 3,street sign,grp7_5fe0adac-IMG_2351.JPG,E:\2. UM-Student\MSC Dissertation\Urban-Vision-Benchmark\Datasets\MTSD\Prepared\MTSD-Unaugmented\MTSD-YOLO\test\images\grp7_5fe0adac-IMG_2351.JPG,744.01,2562.68,824.23,2624.35,0.4512,street sign,True,True,610.7,mtsd-p9
SAM 3,street sign,grp7_5fe0adac-IMG_2351.JPG,E:\2. UM-Student\MSC Dissertation\Urban-Vision-Benchmark\Datasets\MTSD\Prepared\MTSD-Unaugmented\MTSD-YOLO\test\images\grp7_5fe0adac-IMG_2351.JPG,794.56,2436.21,911.26,2553.87,0.7383,street sign,True,True,610.7,mtsd-p9
SAM 3,street sign,grp7_5fe0adac-IMG_2351.JPG,E:\2. UM-Student\MSC Dissertation\Urban-Vision-Benchmark\Datasets\MTSD\Prepared\MTSD-Unaugmented\MTSD-YOLO\test\images\grp7_5fe0adac-IMG_2351.JPG,402.48,2232.58,499.88,2663.38,0.3887,street sign,True,True,610.7,mtsd-p9
SAM 3,street sign,grp7_5fe0adac-IMG_2351.JPG,E:\2. UM-Student\MSC Dissertation\Urban-Vision-Benchmark\Datasets\MTSD\Prepared\MTSD-Unaugmented\MTSD-YOLO\test\images\grp7_5fe0adac-IMG_2351.JPG,0.0,3308.17,646.76,4031.03,0.7969,street sign,True,True,610.7,mtsd-p9
SAM 3,street sign,grp7_5fe0adac-IMG_2351.JPG,E:\2. UM-Student\MSC Dissertation\Urban-Vision-Benchmark\Datasets\MTSD\Prepared\MTSD-Unaugmented\MTSD-YOLO\test\images\grp7_5fe0adac-IMG_2351.JPG,639.32,2158.31,744.35,2279.13,0.3672,street sign,True,True,610.7,mtsd-p9
SAM 3,street sign,grp7_5fe0adac-IMG_2351.JPG,E:\2. UM-Student\MSC Dissertation\Urban-Vision-Benchmark\Datasets\MTSD\Prepared\MTSD-Unaugmented\MTSD-YOLO\test\images\grp7_5fe0adac-IMG_2351.JPG,1105.92,974.16,1802.27,4023.02,0.5625,street sign,True,True,610.7,mtsd-p9
SAM 3,street sign,grp7_5fe0adac-IMG_2351.JPG,E:\2. UM-Student\MSC Dissertation\Urban-Vision-Benchmark\Datasets\MTSD\Prepared\MTSD-Unaugmented\MTSD-YOLO\test\images\grp7_5fe0adac-IMG_2351.JPG,1101.23,971.49,1805.63,1779.46,0.8516,street sign,True,True,610.7,mtsd-p9
SAM 3,street sign,grp7_5fe0adac-IMG_2351.JPG,E:\2. UM-Student\MSC Dissertation\Urban-Vision-Benchmark\Datasets\MTSD\Prepared\MTSD-Unaugmented\MTSD-YOLO\test\images\grp7_5fe0adac-IMG_2351.JPG,0.0,3349.95,588.95,3742.75,0.4375,street sign,True,True,610.7,mtsd-p9
SAM 3,street sign,grp7_65ce4c26-IMG_1752.jpg,E:\2. UM-Student\MSC Dissertation\Urban-Vision-Benchmark\Datasets\MTSD\Prepared\MTSD-Unaugmented\MTSD-YOLO\test\images\grp7_65ce4c26-IMG_1752.jpg,,,,,,<no detections>,False,True,152.5,mtsd-p9
SAM 3,street sign,grp7_66312f27-IMG_1789.jpg,E:\2. UM-Student\MSC Dissertation\Urban-Vision-Benchmark\Datasets\MTSD\Prepared\MTSD-Unaugmented\MTSD-YOLO\test\images\grp7_66312f27-IMG_1789.jpg,,,,,,<no detections>,False,True,155.9,mtsd-p9
SAM 3,street sign,grp7_6dd51e97-IMG_6617.jpeg,E:\2. UM-Student\MSC Dissertation\Urban-Vision-Benchmark\Datasets\MTSD\Prepared\MTSD-Unaugmented\MTSD-YOLO\test\images\grp7_6dd51e97-IMG_6617.jpeg,2900.56,2079.11,3024.0,2150.91,0.4062,street sign,True,True,211.3,mtsd-p9
SAM 3,street sign,grp7_6dd51e97-IMG_6617.jpeg,E:\2. UM-Student\MSC Dissertation\Urban-Vision-Benchmark\Datasets\MTSD\Prepared\MTSD-Unaugmented\MTSD-YOLO\test\images\grp7_6dd51e97-IMG_6617.jpeg,1233.87,1485.09,1299.48,2802.23,0.5273,street sign,True,True,211.3,mtsd-p9
SAM 3,street sign,grp7_6dd51e97-IMG_6617.jpeg,E:\2. UM-Student\MSC Dissertation\Urban-Vision-Benchmark\Datasets\MTSD\Prepared\MTSD-Unaugmented\MTSD-YOLO\test\images\grp7_6dd51e97-IMG_6617.jpeg,1240.55,1488.63,1295.8,1792.97,0.8711,street sign,True,True,211.3,mtsd-p9
SAM 3,street sign,grp7_6dd51e97-IMG_6617.jpeg,E:\2. UM-Student\MSC Dissertation\Urban-Vision-Benchmark\Datasets\MTSD\Prepared\MTSD-Unaugmented\MTSD-YOLO\test\images\grp7_6dd51e97-IMG_6617.jpeg,2943.97,2228.8,3024.0,2284.79,0.3594,street sign,True,True,211.3,mtsd-p9
SAM 3,street sign,grp7_70806c3a-20251206_161309.jpg,E:\2. UM-Student\MSC Dissertation\Urban-Vision-Benchmark\Datasets\MTSD\Prepared\MTSD-Unaugmented\MTSD-YOLO\test\images\grp7_70806c3a-20251206_161309.jpg,1744.05,2261.4,1822.89,3212.52,0.498,street sign,True,True,177.4,mtsd-p9
SAM 3,street sign,grp7_70806c3a-20251206_161309.jpg,E:\2. UM-Student\MSC Dissertation\Urban-Vision-Benchmark\Datasets\MTSD\Prepared\MTSD-Unaugmented\MTSD-YOLO\test\images\grp7_70806c3a-20251206_161309.jpg,849.36,1190.72,1617.16,4032.0,0.707,street sign,True,True,177.4,mtsd-p9
SAM 3,street sign,grp7_70806c3a-20251206_161309.jpg,E:\2. UM-Student\MSC Dissertation\Urban-Vision-Benchmark\Datasets\MTSD\Prepared\MTSD-Unaugmented\MTSD-YOLO\test\images\grp7_70806c3a-20251206_161309.jpg,850.52,1188.11,1617.92,1906.68,0.9023,street sign,True,True,177.4,mtsd-p9
SAM 3,street sign,grp7_81ace7bd-IMG_1823.jpg,E:\2. UM-Student\MSC Dissertation\Urban-Vision-Benchmark\Datasets\MTSD\Prepared\MTSD-Unaugmented\MTSD-YOLO\test\images\grp7_81ace7bd-IMG_1823.jpg,3192.54,304.16,4032.0,659.16,0.3672,street sign,True,True,209.7,mtsd-p9
SAM 3,street sign,grp7_81ace7bd-IMG_1823.jpg,E:\2. UM-Student\MSC Dissertation\Urban-Vision-Benchmark\Datasets\MTSD\Prepared\MTSD-Unaugmented\MTSD-YOLO\test\images\grp7_81ace7bd-IMG_1823.jpg,1666.55,689.47,3331.07,2788.7,0.9648,street sign,True,True,209.7,mtsd-p9
SAM 3,street sign,grp7_85e21f65-IMG_1888.jpg,E:\2. UM-Student\MSC Dissertation\Urban-Vision-Benchmark\Datasets\MTSD\Prepared\MTSD-Unaugmented\MTSD-YOLO\test\images\grp7_85e21f65-IMG_1888.jpg,1539.71,793.44,2603.01,2744.67,0.4844,street sign,True,True,196.1,mtsd-p9
SAM 3,street sign,grp7_87ab4012-IMG_1929.jpg,E:\2. UM-Student\MSC Dissertation\Urban-Vision-Benchmark\Datasets\MTSD\Prepared\MTSD-Unaugmented\MTSD-YOLO\test\images\grp7_87ab4012-IMG_1929.jpg,1839.71,141.56,3473.49,2341.59,0.9531,street sign,True,True,197.0,mtsd-p9
SAM 3,street sign,grp7_897df19a-IMG_2311.JPG,E:\2. UM-Student\MSC Dissertation\Urban-Vision-Benchmark\Datasets\MTSD\Prepared\MTSD-Unaugmented\MTSD-YOLO\test\images\grp7_897df19a-IMG_2311.JPG,2212.74,1341.39,2471.5,3138.67,0.5352,street sign,True,True,406.8,mtsd-p9
SAM 3,street sign,grp7_897df19a-IMG_2311.JPG,E:\2. UM-Student\MSC Dissertation\Urban-Vision-Benchmark\Datasets\MTSD\Prepared\MTSD-Unaugmented\MTSD-YOLO\test\images\grp7_897df19a-IMG_2311.JPG,429.65,1779.87,600.02,1846.35,0.3203,street sign,True,True,406.8,mtsd-p9
SAM 3,street sign,grp7_897df19a-IMG_2311.JPG,E:\2. UM-Student\MSC Dissertation\Urban-Vision-Benchmark\Datasets\MTSD\Prepared\MTSD-Unaugmented\MTSD-YOLO\test\images\grp7_897df19a-IMG_2311.JPG,391.16,1799.19,482.62,2472.31,0.3301,street sign,True,True,406.8,mtsd-p9
SAM 3,street sign,grp7_897df19a-IMG_2311.JPG,E:\2. UM-Student\MSC Dissertation\Urban-Vision-Benchmark\Datasets\MTSD\Prepared\MTSD-Unaugmented\MTSD-YOLO\test\images\grp7_897df19a-IMG_2311.JPG,359.63,1915.71,494.47,2045.85,0.8984,street sign,True,True,406.8,mtsd-p9
SAM 3,street sign,grp7_897df19a-IMG_2311.JPG,E:\2. UM-Student\MSC Dissertation\Urban-Vision-Benchmark\Datasets\MTSD\Prepared\MTSD-Unaugmented\MTSD-YOLO\test\images\grp7_897df19a-IMG_2311.JPG,2213.65,1343.78,2462.57,1757.27,0.8555,street sign,True,True,406.8,mtsd-p9
SAM 3,street sign,grp7_897df19a-IMG_2311.JPG,E:\2. UM-Student\MSC Dissertation\Urban-Vision-Benchmark\Datasets\MTSD\Prepared\MTSD-Unaugmented\MTSD-YOLO\test\images\grp7_897df19a-IMG_2311.JPG,556.57,1665.15,657.06,1794.31,0.6953,street sign,True,True,406.8,mtsd-p9
SAM 3,street sign,grp7_8a80058d-20251215_151420.jpg,E:\2. UM-Student\MSC Dissertation\Urban-Vision-Benchmark\Datasets\MTSD\Prepared\MTSD-Unaugmented\MTSD-YOLO\test\images\grp7_8a80058d-20251215_151420.jpg,1025.75,1699.37,1247.79,1980.38,0.3242,street sign,True,True,157.7,mtsd-p9
SAM 3,street sign,grp7_8a80058d-20251215_151420.jpg,E:\2. UM-Student\MSC Dissertation\Urban-Vision-Benchmark\Datasets\MTSD\Prepared\MTSD-Unaugmented\MTSD-YOLO\test\images\grp7_8a80058d-20251215_151420.jpg,942.34,1116.97,1288.23,4030.61,0.4004,street sign,True,True,157.7,mtsd-p9
SAM 3,street sign,grp7_8a80058d-20251215_151420.jpg,E:\2. UM-Student\MSC Dissertation\Urban-Vision-Benchmark\Datasets\MTSD\Prepared\MTSD-Unaugmented\MTSD-YOLO\test\images\grp7_8a80058d-20251215_151420.jpg,978.7,1106.25,1291.53,1940.04,0.4707,street sign,True,True,157.7,mtsd-p9
SAM 3,street sign,grp7_8b5130c3-IMG_1856.jpg,E:\2. UM-Student\MSC Dissertation\Urban-Vision-Benchmark\Datasets\MTSD\Prepared\MTSD-Unaugmented\MTSD-YOLO\test\images\grp7_8b5130c3-IMG_1856.jpg,,,,,,<no detections>,False,True,148.6,mtsd-p9
SAM 3,street sign,grp7_8c70ced7-IMG_6778.jpeg,E:\2. UM-Student\MSC Dissertation\Urban-Vision-Benchmark\Datasets\MTSD\Prepared\MTSD-Unaugmented\MTSD-YOLO\test\images\grp7_8c70ced7-IMG_6778.jpeg,1181.23,1390.14,1535.95,2956.57,0.8203,street sign,True,True,214.5,mtsd-p9
SAM 3,street sign,grp7_8c70ced7-IMG_6778.jpeg,E:\2. UM-Student\MSC Dissertation\Urban-Vision-Benchmark\Datasets\MTSD\Prepared\MTSD-Unaugmented\MTSD-YOLO\test\images\grp7_8c70ced7-IMG_6778.jpeg,1184.13,1389.36,1535.05,1745.68,0.8516,street sign,True,True,214.5,mtsd-p9
SAM 3,street sign,grp7_8e1e7992-IMG_6659.jpeg,E:\2. UM-Student\MSC Dissertation\Urban-Vision-Benchmark\Datasets\MTSD\Prepared\MTSD-Unaugmented\MTSD-YOLO\test\images\grp7_8e1e7992-IMG_6659.jpeg,600.53,1333.94,653.28,1541.92,0.6758,street sign,True,True,1096.3,mtsd-p9
SAM 3,street sign,grp7_8e1e7992-IMG_6659.jpeg,E:\2. UM-Student\MSC Dissertation\Urban-Vision-Benchmark\Datasets\MTSD\Prepared\MTSD-Unaugmented\MTSD-YOLO\test\images\grp7_8e1e7992-IMG_6659.jpeg,1740.63,1722.34,1849.18,1865.94,0.8828,street sign,True,True,1096.3,mtsd-p9
SAM 3,street sign,grp7_8e1e7992-IMG_6659.jpeg,E:\2. UM-Student\MSC Dissertation\Urban-Vision-Benchmark\Datasets\MTSD\Prepared\MTSD-Unaugmented\MTSD-YOLO\test\images\grp7_8e1e7992-IMG_6659.jpeg,1370.15,1165.8,1527.94,3200.44,0.6758,street sign,True,True,1096.3,mtsd-p9
SAM 3,street sign,grp7_8e1e7992-IMG_6659.jpeg,E:\2. UM-Student\MSC Dissertation\Urban-Vision-Benchmark\Datasets\MTSD\Prepared\MTSD-Unaugmented\MTSD-YOLO\test\images\grp7_8e1e7992-IMG_6659.jpeg,2037.18,1851.47,2063.17,1918.27,0.4102,street sign,True,True,1096.3,mtsd-p9
SAM 3,street sign,grp7_8e1e7992-IMG_6659.jpeg,E:\2. UM-Student\MSC Dissertation\Urban-Vision-Benchmark\Datasets\MTSD\Prepared\MTSD-Unaugmented\MTSD-YOLO\test\images\grp7_8e1e7992-IMG_6659.jpeg,1735.33,1727.09,1846.39,2327.64,0.6602,street sign,True,True,1096.3,mtsd-p9
SAM 3,street sign,grp7_8e1e7992-IMG_6659.jpeg,E:\2. UM-Student\MSC Dissertation\Urban-Vision-Benchmark\Datasets\MTSD\Prepared\MTSD-Unaugmented\MTSD-YOLO\test\images\grp7_8e1e7992-IMG_6659.jpeg,580.47,1349.33,649.51,2638.8,0.3691,street sign,True,True,1096.3,mtsd-p9
SAM 3,street sign,grp7_8e1e7992-IMG_6659.jpeg,E:\2. UM-Student\MSC Dissertation\Urban-Vision-Benchmark\Datasets\MTSD\Prepared\MTSD-Unaugmented\MTSD-YOLO\test\images\grp7_8e1e7992-IMG_6659.jpeg,2058.9,1801.66,2150.28,1895.45,0.8281,street sign,True,True,1096.3,mtsd-p9
SAM 3,street sign,grp7_8e1e7992-IMG_6659.jpeg,E:\2. UM-Student\MSC Dissertation\Urban-Vision-Benchmark\Datasets\MTSD\Prepared\MTSD-Unaugmented\MTSD-YOLO\test\images\grp7_8e1e7992-IMG_6659.jpeg,2977.9,1829.12,3024.0,2143.89,0.4785,street sign,True,True,1096.3,mtsd-p9
SAM 3,street sign,grp7_8e1e7992-IMG_6659.jpeg,E:\2. UM-Student\MSC Dissertation\Urban-Vision-Benchmark\Datasets\MTSD\Prepared\MTSD-Unaugmented\MTSD-YOLO\test\images\grp7_8e1e7992-IMG_6659.jpeg,1373.76,1169.65,1524.76,1637.71,0.8828,street sign,True,True,1096.3,mtsd-p9
SAM 3,street sign,grp7_8e1e7992-IMG_6659.jpeg,E:\2. UM-Student\MSC Dissertation\Urban-Vision-Benchmark\Datasets\MTSD\Prepared\MTSD-Unaugmented\MTSD-YOLO\test\images\grp7_8e1e7992-IMG_6659.jpeg,2968.47,1831.22,3024.0,1928.73,0.6875,street sign,True,True,1096.3,mtsd-p9
SAM 3,street sign,grp7_8e1e7992-IMG_6659.jpeg,E:\2. UM-Student\MSC Dissertation\Urban-Vision-Benchmark\Datasets\MTSD\Prepared\MTSD-Unaugmented\MTSD-YOLO\test\images\grp7_8e1e7992-IMG_6659.jpeg,1990.53,1833.2,2038.05,1892.15,0.6289,street sign,True,True,1096.3,mtsd-p9
SAM 3,street sign,grp7_90de2b4a-IMG_6620.jpeg,E:\2. UM-Student\MSC Dissertation\Urban-Vision-Benchmark\Datasets\MTSD\Prepared\MTSD-Unaugmented\MTSD-YOLO\test\images\grp7_90de2b4a-IMG_6620.jpeg,1085.32,1482.74,1556.25,1663.96,0.377,street sign,True,True,624.2,mtsd-p9
SAM 3,street sign,grp7_90de2b4a-IMG_6620.jpeg,E:\2. UM-Student\MSC Dissertation\Urban-Vision-Benchmark\Datasets\MTSD\Prepared\MTSD-Unaugmented\MTSD-YOLO\test\images\grp7_90de2b4a-IMG_6620.jpeg,1084.51,1065.74,1564.05,1493.9,0.3828,street sign,True,True,624.2,mtsd-p9
SAM 3,street sign,grp7_90de2b4a-IMG_6620.jpeg,E:\2. UM-Student\MSC Dissertation\Urban-Vision-Benchmark\Datasets\MTSD\Prepared\MTSD-Unaugmented\MTSD-YOLO\test\images\grp7_90de2b4a-IMG_6620.jpeg,264.94,1882.98,364.13,1929.39,0.3145,street sign,True,True,624.2,mtsd-p9
SAM 3,street sign,grp7_90de2b4a-IMG_6620.jpeg,E:\2. UM-Student\MSC Dissertation\Urban-Vision-Benchmark\Datasets\MTSD\Prepared\MTSD-Unaugmented\MTSD-YOLO\test\images\grp7_90de2b4a-IMG_6620.jpeg,266.18,1811.88,366.38,1933.2,0.7539,street sign,True,True,624.2,mtsd-p9
SAM 3,street sign,grp7_90de2b4a-IMG_6620.jpeg,E:\2. UM-Student\MSC Dissertation\Urban-Vision-Benchmark\Datasets\MTSD\Prepared\MTSD-Unaugmented\MTSD-YOLO\test\images\grp7_90de2b4a-IMG_6620.jpeg,1087.1,1051.83,1565.79,3022.42,0.7305,street sign,True,True,624.2,mtsd-p9
SAM 3,street sign,grp7_90de2b4a-IMG_6620.jpeg,E:\2. UM-Student\MSC Dissertation\Urban-Vision-Benchmark\Datasets\MTSD\Prepared\MTSD-Unaugmented\MTSD-YOLO\test\images\grp7_90de2b4a-IMG_6620.jpeg,1086.41,1062.79,1559.75,1667.76,0.6523,street sign,True,True,624.2,mtsd-p9
SAM 3,street sign,grp7_90de2b4a-IMG_6620.jpeg,E:\2. UM-Student\MSC Dissertation\Urban-Vision-Benchmark\Datasets\MTSD\Prepared\MTSD-Unaugmented\MTSD-YOLO\test\images\grp7_90de2b4a-IMG_6620.jpeg,1711.49,1639.76,1760.0,1817.02,0.8242,street sign,True,True,624.2,mtsd-p9
SAM 3,street sign,grp7_917e5bd8-IMG_2117.JPG,E:\2. UM-Student\MSC Dissertation\Urban-Vision-Benchmark\Datasets\MTSD\Prepared\MTSD-Unaugmented\MTSD-YOLO\test\images\grp7_917e5bd8-IMG_2117.JPG,1034.23,194.14,3591.28,2749.05,0.9414,street sign,True,True,159.5,mtsd-p9
SAM 3,street sign,grp7_93d54be7-IMG_6607.jpeg,E:\2. UM-Student\MSC Dissertation\Urban-Vision-Benchmark\Datasets\MTSD\Prepared\MTSD-Unaugmented\MTSD-YOLO\test\images\grp7_93d54be7-IMG_6607.jpeg,1001.64,1214.8,1101.27,1536.31,0.9062,street sign,True,True,246.7,mtsd-p9
SAM 3,street sign,grp7_93d54be7-IMG_6607.jpeg,E:\2. UM-Student\MSC Dissertation\Urban-Vision-Benchmark\Datasets\MTSD\Prepared\MTSD-Unaugmented\MTSD-YOLO\test\images\grp7_93d54be7-IMG_6607.jpeg,1190.98,1406.17,1313.06,1606.71,0.7695,street sign,True,True,246.7,mtsd-p9
SAM 3,street sign,grp7_998eacf2-IMG_6613.jpeg,E:\2. UM-Student\MSC Dissertation\Urban-Vision-Benchmark\Datasets\MTSD\Prepared\MTSD-Unaugmented\MTSD-YOLO\test\images\grp7_998eacf2-IMG_6613.jpeg,1574.83,1326.86,1659.25,2580.08,0.6094,street sign,True,True,191.4,mtsd-p9
SAM 3,street sign,grp7_998eacf2-IMG_6613.jpeg,E:\2. UM-Student\MSC Dissertation\Urban-Vision-Benchmark\Datasets\MTSD\Prepared\MTSD-Unaugmented\MTSD-YOLO\test\images\grp7_998eacf2-IMG_6613.jpeg,1575.9,1327.19,1657.87,1625.03,0.8828,street sign,True,True,191.4,mtsd-p9
SAM 3,street sign,grp7_9ceccc7e-IMG_2183.JPG,E:\2. UM-Student\MSC Dissertation\Urban-Vision-Benchmark\Datasets\MTSD\Prepared\MTSD-Unaugmented\MTSD-YOLO\test\images\grp7_9ceccc7e-IMG_2183.JPG,1404.94,706.7,2773.5,2098.98,0.6875,street sign,True,True,470.5,mtsd-p9
SAM 3,street sign,grp7_9ceccc7e-IMG_2183.JPG,E:\2. UM-Student\MSC Dissertation\Urban-Vision-Benchmark\Datasets\MTSD\Prepared\MTSD-Unaugmented\MTSD-YOLO\test\images\grp7_9ceccc7e-IMG_2183.JPG,161.15,698.88,1411.04,2063.32,0.7695,street sign,True,True,470.5,mtsd-p9
SAM 3,street sign,grp7_9ceccc7e-IMG_2183.JPG,E:\2. UM-Student\MSC Dissertation\Urban-Vision-Benchmark\Datasets\MTSD\Prepared\MTSD-Unaugmented\MTSD-YOLO\test\images\grp7_9ceccc7e-IMG_2183.JPG,155.99,695.73,4032.0,2104.33,0.5391,street sign,True,True,470.5,mtsd-p9
SAM 3,street sign,grp7_9ceccc7e-IMG_2183.JPG,E:\2. UM-Student\MSC Dissertation\Urban-Vision-Benchmark\Datasets\MTSD\Prepared\MTSD-Unaugmented\MTSD-YOLO\test\images\grp7_9ceccc7e-IMG_2183.JPG,2771.09,1244.92,3702.21,1646.19,0.582,street sign,True,True,470.5,mtsd-p9
SAM 3,street sign,grp7_a685cd57-IMG_2291.JPG,E:\2. UM-Student\MSC Dissertation\Urban-Vision-Benchmark\Datasets\MTSD\Prepared\MTSD-Unaugmented\MTSD-YOLO\test\images\grp7_a685cd57-IMG_2291.JPG,2160.76,1905.51,2205.59,1964.48,0.3965,street sign,True,True,429.7,mtsd-p9
SAM 3,street sign,grp7_a685cd57-IMG_2291.JPG,E:\2. UM-Student\MSC Dissertation\Urban-Vision-Benchmark\Datasets\MTSD\Prepared\MTSD-Unaugmented\MTSD-YOLO\test\images\grp7_a685cd57-IMG_2291.JPG,1455.93,2044.58,1609.04,2158.71,0.6445,street sign,True,True,429.7,mtsd-p9
SAM 3,street sign,grp7_a685cd57-IMG_2291.JPG,E:\2. UM-Student\MSC Dissertation\Urban-Vision-Benchmark\Datasets\MTSD\Prepared\MTSD-Unaugmented\MTSD-YOLO\test\images\grp7_a685cd57-IMG_2291.JPG,1680.67,1618.29,1717.35,2012.07,0.707,street sign,True,True,429.7,mtsd-p9
SAM 3,street sign,grp7_a685cd57-IMG_2291.JPG,E:\2. UM-Student\MSC Dissertation\Urban-Vision-Benchmark\Datasets\MTSD\Prepared\MTSD-Unaugmented\MTSD-YOLO\test\images\grp7_a685cd57-IMG_2291.JPG,1672.21,1610.28,1712.99,2783.22,0.3555,street sign,True,True,429.7,mtsd-p9
SAM 3,street sign,grp7_ab2ec440-IMG_2148.JPG,E:\2. UM-Student\MSC Dissertation\Urban-Vision-Benchmark\Datasets\MTSD\Prepared\MTSD-Unaugmented\MTSD-YOLO\test\images\grp7_ab2ec440-IMG_2148.JPG,358.36,879.2,1118.01,3075.34,0.7695,street sign,True,True,191.1,mtsd-p9
SAM 3,street sign,grp7_b1489edd-IMG_1891.jpg,E:\2. UM-Student\MSC Dissertation\Urban-Vision-Benchmark\Datasets\MTSD\Prepared\MTSD-Unaugmented\MTSD-YOLO\test\images\grp7_b1489edd-IMG_1891.jpg,,,,,,<no detections>,False,True,151.5,mtsd-p9
SAM 3,street sign,grp7_b3afe886-IMG_1875.jpg,E:\2. UM-Student\MSC Dissertation\Urban-Vision-Benchmark\Datasets\MTSD\Prepared\MTSD-Unaugmented\MTSD-YOLO\test\images\grp7_b3afe886-IMG_1875.jpg,,,,,,<no detections>,False,True,151.1,mtsd-p9
SAM 3,street sign,grp7_b45f5f31-IMG_2274.JPG,E:\2. UM-Student\MSC Dissertation\Urban-Vision-Benchmark\Datasets\MTSD\Prepared\MTSD-Unaugmented\MTSD-YOLO\test\images\grp7_b45f5f31-IMG_2274.JPG,1055.67,1515.24,1501.8,1967.09,0.8984,street sign,True,True,408.1,mtsd-p9
SAM 3,street sign,grp7_b45f5f31-IMG_2274.JPG,E:\2. UM-Student\MSC Dissertation\Urban-Vision-Benchmark\Datasets\MTSD\Prepared\MTSD-Unaugmented\MTSD-YOLO\test\images\grp7_b45f5f31-IMG_2274.JPG,2311.32,2171.69,2356.13,2275.48,0.5508,street sign,True,True,408.1,mtsd-p9
SAM 3,street sign,grp7_b45f5f31-IMG_2274.JPG,E:\2. UM-Student\MSC Dissertation\Urban-Vision-Benchmark\Datasets\MTSD\Prepared\MTSD-Unaugmented\MTSD-YOLO\test\images\grp7_b45f5f31-IMG_2274.JPG,1044.57,1054.43,1497.65,3839.03,0.5469,street sign,True,True,408.1,mtsd-p9
SAM 3,street sign,grp7_b45f5f31-IMG_2274.JPG,E:\2. UM-Student\MSC Dissertation\Urban-Vision-Benchmark\Datasets\MTSD\Prepared\MTSD-Unaugmented\MTSD-YOLO\test\images\grp7_b45f5f31-IMG_2274.JPG,1045.7,1047.7,1493.12,1516.37,0.9219,street sign,True,True,408.1,mtsd-p9
SAM 3,street sign,grp7_b552bf33-20251215_150109.jpg,E:\2. UM-Student\MSC Dissertation\Urban-Vision-Benchmark\Datasets\MTSD\Prepared\MTSD-Unaugmented\MTSD-YOLO\test\images\grp7_b552bf33-20251215_150109.jpg,1015.29,1046.3,1280.26,4029.84,0.6211,street sign,True,True,180.6,mtsd-p9
SAM 3,street sign,grp7_b552bf33-20251215_150109.jpg,E:\2. UM-Student\MSC Dissertation\Urban-Vision-Benchmark\Datasets\MTSD\Prepared\MTSD-Unaugmented\MTSD-YOLO\test\images\grp7_b552bf33-20251215_150109.jpg,1014.77,1041.25,1191.65,1922.88,0.9414,street sign,True,True,180.6,mtsd-p9
SAM 3,street sign,grp7_b65b2b8e-20251215_143141.jpg,E:\2. UM-Student\MSC Dissertation\Urban-Vision-Benchmark\Datasets\MTSD\Prepared\MTSD-Unaugmented\MTSD-YOLO\test\images\grp7_b65b2b8e-20251215_143141.jpg,1097.25,1266.58,1288.03,2317.51,0.8867,street sign,True,True,182.9,mtsd-p9
SAM 3,street sign,grp7_b65b2b8e-20251215_143141.jpg,E:\2. UM-Student\MSC Dissertation\Urban-Vision-Benchmark\Datasets\MTSD\Prepared\MTSD-Unaugmented\MTSD-YOLO\test\images\grp7_b65b2b8e-20251215_143141.jpg,796.3,942.92,1648.61,4032.0,0.3906,street sign,True,True,182.9,mtsd-p9
SAM 3,street sign,grp7_b65b2b8e-20251215_143141.jpg,E:\2. UM-Student\MSC Dissertation\Urban-Vision-Benchmark\Datasets\MTSD\Prepared\MTSD-Unaugmented\MTSD-YOLO\test\images\grp7_b65b2b8e-20251215_143141.jpg,798.3,1013.45,1637.76,1408.16,0.9375,street sign,True,True,182.9,mtsd-p9
SAM 3,street sign,grp7_bd29943d-IMG_1733.jpg,E:\2. UM-Student\MSC Dissertation\Urban-Vision-Benchmark\Datasets\MTSD\Prepared\MTSD-Unaugmented\MTSD-YOLO\test\images\grp7_bd29943d-IMG_1733.jpg,,,,,,<no detections>,False,True,151.0,mtsd-p9
SAM 3,street sign,grp7_c1a8ff54-IMG_1721.jpg,E:\2. UM-Student\MSC Dissertation\Urban-Vision-Benchmark\Datasets\MTSD\Prepared\MTSD-Unaugmented\MTSD-YOLO\test\images\grp7_c1a8ff54-IMG_1721.jpg,1051.88,299.25,3466.76,3022.72,0.3008,street sign,True,True,187.9,mtsd-p9
SAM 3,street sign,grp7_c1d05649-IMG_2109.JPG,E:\2. UM-Student\MSC Dissertation\Urban-Vision-Benchmark\Datasets\MTSD\Prepared\MTSD-Unaugmented\MTSD-YOLO\test\images\grp7_c1d05649-IMG_2109.JPG,454.63,301.83,2796.72,2777.65,0.8867,street sign,True,True,195.0,mtsd-p9
SAM 3,street sign,grp7_c1e32eff-IMG_1769.jpg,E:\2. UM-Student\MSC Dissertation\Urban-Vision-Benchmark\Datasets\MTSD\Prepared\MTSD-Unaugmented\MTSD-YOLO\test\images\grp7_c1e32eff-IMG_1769.jpg,1281.73,1241.39,3878.6,1868.73,0.3027,street sign,True,True,171.4,mtsd-p9
SAM 3,street sign,grp7_c1e32eff-IMG_1769.jpg,E:\2. UM-Student\MSC Dissertation\Urban-Vision-Benchmark\Datasets\MTSD\Prepared\MTSD-Unaugmented\MTSD-YOLO\test\images\grp7_c1e32eff-IMG_1769.jpg,2000.41,2734.92,2364.88,3022.58,0.5156,street sign,True,True,171.4,mtsd-p9
SAM 3,street sign,grp7_c21d51bf-IMG_6622.jpeg,E:\2. UM-Student\MSC Dissertation\Urban-Vision-Benchmark\Datasets\MTSD\Prepared\MTSD-Unaugmented\MTSD-YOLO\test\images\grp7_c21d51bf-IMG_6622.jpeg,1089.91,1748.26,1129.9,1801.86,0.7109,street sign,True,True,590.2,mtsd-p9
SAM 3,street sign,grp7_c21d51bf-IMG_6622.jpeg,E:\2. UM-Student\MSC Dissertation\Urban-Vision-Benchmark\Datasets\MTSD\Prepared\MTSD-Unaugmented\MTSD-YOLO\test\images\grp7_c21d51bf-IMG_6622.jpeg,1362.97,1771.93,1385.86,1797.11,0.5938,street sign,True,True,590.2,mtsd-p9
SAM 3,street sign,grp7_c21d51bf-IMG_6622.jpeg,E:\2. UM-Student\MSC Dissertation\Urban-Vision-Benchmark\Datasets\MTSD\Prepared\MTSD-Unaugmented\MTSD-YOLO\test\images\grp7_c21d51bf-IMG_6622.jpeg,725.47,1704.99,798.53,1736.13,0.4199,street sign,True,True,590.2,mtsd-p9
SAM 3,street sign,grp7_c21d51bf-IMG_6622.jpeg,E:\2. UM-Student\MSC Dissertation\Urban-Vision-Benchmark\Datasets\MTSD\Prepared\MTSD-Unaugmented\MTSD-YOLO\test\images\grp7_c21d51bf-IMG_6622.jpeg,1797.31,1772.88,1848.57,1833.88,0.8242,street sign,True,True,590.2,mtsd-p9
SAM 3,street sign,grp7_c21d51bf-IMG_6622.jpeg,E:\2. UM-Student\MSC Dissertation\Urban-Vision-Benchmark\Datasets\MTSD\Prepared\MTSD-Unaugmented\MTSD-YOLO\test\images\grp7_c21d51bf-IMG_6622.jpeg,1210.04,939.43,1708.15,2801.47,0.7109,street sign,True,True,590.2,mtsd-p9
SAM 3,street sign,grp7_c21d51bf-IMG_6622.jpeg,E:\2. UM-Student\MSC Dissertation\Urban-Vision-Benchmark\Datasets\MTSD\Prepared\MTSD-Unaugmented\MTSD-YOLO\test\images\grp7_c21d51bf-IMG_6622.jpeg,1212.62,939.89,1706.57,1562.05,0.7305,street sign,True,True,590.2,mtsd-p9
SAM 3,street sign,grp7_c21d51bf-IMG_6622.jpeg,E:\2. UM-Student\MSC Dissertation\Urban-Vision-Benchmark\Datasets\MTSD\Prepared\MTSD-Unaugmented\MTSD-YOLO\test\images\grp7_c21d51bf-IMG_6622.jpeg,1223.33,1390.99,1689.81,1561.73,0.3203,street sign,True,True,590.2,mtsd-p9
SAM 3,street sign,grp7_c21d51bf-IMG_6622.jpeg,E:\2. UM-Student\MSC Dissertation\Urban-Vision-Benchmark\Datasets\MTSD\Prepared\MTSD-Unaugmented\MTSD-YOLO\test\images\grp7_c21d51bf-IMG_6622.jpeg,1015.71,1732.9,1066.45,1791.85,0.7891,street sign,True,True,590.2,mtsd-p9
SAM 3,street sign,grp7_c3ab6f98-IMG_2186.JPG,E:\2. UM-Student\MSC Dissertation\Urban-Vision-Benchmark\Datasets\MTSD\Prepared\MTSD-Unaugmented\MTSD-YOLO\test\images\grp7_c3ab6f98-IMG_2186.JPG,608.35,104.82,3232.62,2870.57,0.9219,street sign,True,True,228.5,mtsd-p9
SAM 3,street sign,grp7_cddeeb7f-IMG_6636.jpeg,E:\2. UM-Student\MSC Dissertation\Urban-Vision-Benchmark\Datasets\MTSD\Prepared\MTSD-Unaugmented\MTSD-YOLO\test\images\grp7_cddeeb7f-IMG_6636.jpeg,1245.82,1854.81,1308.46,1919.99,0.8398,street sign,True,True,604.0,mtsd-p9
SAM 3,street sign,grp7_cddeeb7f-IMG_6636.jpeg,E:\2. UM-Student\MSC Dissertation\Urban-Vision-Benchmark\Datasets\MTSD\Prepared\MTSD-Unaugmented\MTSD-YOLO\test\images\grp7_cddeeb7f-IMG_6636.jpeg,966.67,1844.3,1043.13,2047.52,0.4766,street sign,True,True,604.0,mtsd-p9
SAM 3,street sign,grp7_cddeeb7f-IMG_6636.jpeg,E:\2. UM-Student\MSC Dissertation\Urban-Vision-Benchmark\Datasets\MTSD\Prepared\MTSD-Unaugmented\MTSD-YOLO\test\images\grp7_cddeeb7f-IMG_6636.jpeg,1146.81,1815.56,1189.76,1906.79,0.3965,street sign,True,True,604.0,mtsd-p9
SAM 3,street sign,grp7_cddeeb7f-IMG_6636.jpeg,E:\2. UM-Student\MSC Dissertation\Urban-Vision-Benchmark\Datasets\MTSD\Prepared\MTSD-Unaugmented\MTSD-YOLO\test\images\grp7_cddeeb7f-IMG_6636.jpeg,1252.26,1409.29,1427.93,1589.99,0.9258,street sign,True,True,604.0,mtsd-p9
SAM 3,street sign,grp7_cddeeb7f-IMG_6636.jpeg,E:\2. UM-Student\MSC Dissertation\Urban-Vision-Benchmark\Datasets\MTSD\Prepared\MTSD-Unaugmented\MTSD-YOLO\test\images\grp7_cddeeb7f-IMG_6636.jpeg,1936.79,1896.73,1973.65,1966.81,0.4609,street sign,True,True,604.0,mtsd-p9
SAM 3,street sign,grp7_d36e330f-20251215_150902.jpg,E:\2. UM-Student\MSC Dissertation\Urban-Vision-Benchmark\Datasets\MTSD\Prepared\MTSD-Unaugmented\MTSD-YOLO\test\images\grp7_d36e330f-20251215_150902.jpg,736.02,1073.1,1661.98,4032.0,0.5469,street sign,True,True,198.4,mtsd-p9
SAM 3,street sign,grp7_d36e330f-20251215_150902.jpg,E:\2. UM-Student\MSC Dissertation\Urban-Vision-Benchmark\Datasets\MTSD\Prepared\MTSD-Unaugmented\MTSD-YOLO\test\images\grp7_d36e330f-20251215_150902.jpg,739.02,1080.84,1661.53,1936.56,0.9375,street sign,True,True,198.4,mtsd-p9
SAM 3,street sign,grp7_d5464bd2-IMG_6729.jpeg,E:\2. UM-Student\MSC Dissertation\Urban-Vision-Benchmark\Datasets\MTSD\Prepared\MTSD-Unaugmented\MTSD-YOLO\test\images\grp7_d5464bd2-IMG_6729.jpeg,2636.79,2089.36,2689.89,2144.91,0.5508,street sign,True,True,989.6,mtsd-p9
SAM 3,street sign,grp7_d5464bd2-IMG_6729.jpeg,E:\2. UM-Student\MSC Dissertation\Urban-Vision-Benchmark\Datasets\MTSD\Prepared\MTSD-Unaugmented\MTSD-YOLO\test\images\grp7_d5464bd2-IMG_6729.jpeg,2641.26,2135.58,2692.9,2191.63,0.5742,street sign,True,True,989.6,mtsd-p9
SAM 3,street sign,grp7_d5464bd2-IMG_6729.jpeg,E:\2. UM-Student\MSC Dissertation\Urban-Vision-Benchmark\Datasets\MTSD\Prepared\MTSD-Unaugmented\MTSD-YOLO\test\images\grp7_d5464bd2-IMG_6729.jpeg,951.86,2032.86,1013.78,2098.75,0.3242,street sign,True,True,989.6,mtsd-p9
SAM 3,street sign,grp7_d5464bd2-IMG_6729.jpeg,E:\2. UM-Student\MSC Dissertation\Urban-Vision-Benchmark\Datasets\MTSD\Prepared\MTSD-Unaugmented\MTSD-YOLO\test\images\grp7_d5464bd2-IMG_6729.jpeg,2890.23,2125.25,2931.99,2176.78,0.4668,street sign,True,True,989.6,mtsd-p9
SAM 3,street sign,grp7_d5464bd2-IMG_6729.jpeg,E:\2. UM-Student\MSC Dissertation\Urban-Vision-Benchmark\Datasets\MTSD\Prepared\MTSD-Unaugmented\MTSD-YOLO\test\images\grp7_d5464bd2-IMG_6729.jpeg,1233.71,2178.22,1311.17,2288.69,0.3359,street sign,True,True,989.6,mtsd-p9
SAM 3,street sign,grp7_d5464bd2-IMG_6729.jpeg,E:\2. UM-Student\MSC Dissertation\Urban-Vision-Benchmark\Datasets\MTSD\Prepared\MTSD-Unaugmented\MTSD-YOLO\test\images\grp7_d5464bd2-IMG_6729.jpeg,55.45,2200.95,220.05,2435.5,0.4473,street sign,True,True,989.6,mtsd-p9
SAM 3,street sign,grp7_d5464bd2-IMG_6729.jpeg,E:\2. UM-Student\MSC Dissertation\Urban-Vision-Benchmark\Datasets\MTSD\Prepared\MTSD-Unaugmented\MTSD-YOLO\test\images\grp7_d5464bd2-IMG_6729.jpeg,1651.73,1421.27,1894.87,4026.37,0.7148,street sign,True,True,989.6,mtsd-p9
SAM 3,street sign,grp7_d5464bd2-IMG_6729.jpeg,E:\2. UM-Student\MSC Dissertation\Urban-Vision-Benchmark\Datasets\MTSD\Prepared\MTSD-Unaugmented\MTSD-YOLO\test\images\grp7_d5464bd2-IMG_6729.jpeg,1628.99,2161.25,1689.33,2269.17,0.3809,street sign,True,True,989.6,mtsd-p9
SAM 3,street sign,grp7_d5464bd2-IMG_6729.jpeg,E:\2. UM-Student\MSC Dissertation\Urban-Vision-Benchmark\Datasets\MTSD\Prepared\MTSD-Unaugmented\MTSD-YOLO\test\images\grp7_d5464bd2-IMG_6729.jpeg,1650.9,1422.83,1884.4,2019.01,0.9023,street sign,True,True,989.6,mtsd-p9
SAM 3,street sign,grp7_d5464bd2-IMG_6729.jpeg,E:\2. UM-Student\MSC Dissertation\Urban-Vision-Benchmark\Datasets\MTSD\Prepared\MTSD-Unaugmented\MTSD-YOLO\test\images\grp7_d5464bd2-IMG_6729.jpeg,2358.0,2132.52,2430.6,2178.71,0.5625,street sign,True,True,989.6,mtsd-p9
SAM 3,street sign,grp7_d7ded33c-IMG_6742.jpeg,E:\2. UM-Student\MSC Dissertation\Urban-Vision-Benchmark\Datasets\MTSD\Prepared\MTSD-Unaugmented\MTSD-YOLO\test\images\grp7_d7ded33c-IMG_6742.jpeg,1977.4,2111.93,2006.22,2150.1,0.4609,street sign,True,True,997.0,mtsd-p9
SAM 3,street sign,grp7_d7ded33c-IMG_6742.jpeg,E:\2. UM-Student\MSC Dissertation\Urban-Vision-Benchmark\Datasets\MTSD\Prepared\MTSD-Unaugmented\MTSD-YOLO\test\images\grp7_d7ded33c-IMG_6742.jpeg,1226.31,1439.1,1636.38,3345.62,0.5234,street sign,True,True,997.0,mtsd-p9
SAM 3,street sign,grp7_d7ded33c-IMG_6742.jpeg,E:\2. UM-Student\MSC Dissertation\Urban-Vision-Benchmark\Datasets\MTSD\Prepared\MTSD-Unaugmented\MTSD-YOLO\test\images\grp7_d7ded33c-IMG_6742.jpeg,1853.17,2059.68,1907.39,2123.18,0.8281,street sign,True,True,997.0,mtsd-p9
SAM 3,street sign,grp7_d7ded33c-IMG_6742.jpeg,E:\2. UM-Student\MSC Dissertation\Urban-Vision-Benchmark\Datasets\MTSD\Prepared\MTSD-Unaugmented\MTSD-YOLO\test\images\grp7_d7ded33c-IMG_6742.jpeg,2937.57,2022.69,2966.28,2296.57,0.3105,street sign,True,True,997.0,mtsd-p9
SAM 3,street sign,grp7_d7ded33c-IMG_6742.jpeg,E:\2. UM-Student\MSC Dissertation\Urban-Vision-Benchmark\Datasets\MTSD\Prepared\MTSD-Unaugmented\MTSD-YOLO\test\images\grp7_d7ded33c-IMG_6742.jpeg,1449.16,2130.39,1487.16,2437.15,0.3535,street sign,True,True,997.0,mtsd-p9
SAM 3,street sign,grp7_d7ded33c-IMG_6742.jpeg,E:\2. UM-Student\MSC Dissertation\Urban-Vision-Benchmark\Datasets\MTSD\Prepared\MTSD-Unaugmented\MTSD-YOLO\test\images\grp7_d7ded33c-IMG_6742.jpeg,1220.6,1829.68,1600.64,2102.06,0.7383,street sign,True,True,997.0,mtsd-p9
SAM 3,street sign,grp7_d7ded33c-IMG_6742.jpeg,E:\2. UM-Student\MSC Dissertation\Urban-Vision-Benchmark\Datasets\MTSD\Prepared\MTSD-Unaugmented\MTSD-YOLO\test\images\grp7_d7ded33c-IMG_6742.jpeg,1447.12,2134.59,1476.38,2200.45,0.7227,street sign,True,True,997.0,mtsd-p9
SAM 3,street sign,grp7_d7ded33c-IMG_6742.jpeg,E:\2. UM-Student\MSC Dissertation\Urban-Vision-Benchmark\Datasets\MTSD\Prepared\MTSD-Unaugmented\MTSD-YOLO\test\images\grp7_d7ded33c-IMG_6742.jpeg,1984.6,2132.16,2020.77,2169.35,0.5078,street sign,True,True,997.0,mtsd-p9
SAM 3,street sign,grp7_d7ded33c-IMG_6742.jpeg,E:\2. UM-Student\MSC Dissertation\Urban-Vision-Benchmark\Datasets\MTSD\Prepared\MTSD-Unaugmented\MTSD-YOLO\test\images\grp7_d7ded33c-IMG_6742.jpeg,1239.33,1442.35,1637.62,1851.07,0.7578,street sign,True,True,997.0,mtsd-p9
SAM 3,street sign,grp7_d7ded33c-IMG_6742.jpeg,E:\2. UM-Student\MSC Dissertation\Urban-Vision-Benchmark\Datasets\MTSD\Prepared\MTSD-Unaugmented\MTSD-YOLO\test\images\grp7_d7ded33c-IMG_6742.jpeg,2937.15,2022.47,2962.13,2094.02,0.5586,street sign,True,True,997.0,mtsd-p9
SAM 3,street sign,grp7_d7ded33c-IMG_6742.jpeg,E:\2. UM-Student\MSC Dissertation\Urban-Vision-Benchmark\Datasets\MTSD\Prepared\MTSD-Unaugmented\MTSD-YOLO\test\images\grp7_d7ded33c-IMG_6742.jpeg,1868.56,2119.46,1896.78,2177.82,0.7578,street sign,True,True,997.0,mtsd-p9
SAM 3,street sign,grp7_d7ded33c-IMG_6742.jpeg,E:\2. UM-Student\MSC Dissertation\Urban-Vision-Benchmark\Datasets\MTSD\Prepared\MTSD-Unaugmented\MTSD-YOLO\test\images\grp7_d7ded33c-IMG_6742.jpeg,2400.3,2103.93,2432.16,2156.85,0.416,street sign,True,True,997.0,mtsd-p9
SAM 3,street sign,grp7_db87303d-20251215_144613.jpg,E:\2. UM-Student\MSC Dissertation\Urban-Vision-Benchmark\Datasets\MTSD\Prepared\MTSD-Unaugmented\MTSD-YOLO\test\images\grp7_db87303d-20251215_144613.jpg,1183.99,2120.88,1643.39,3187.81,0.8633,street sign,True,True,210.7,mtsd-p9
SAM 3,street sign,grp7_db87303d-20251215_144613.jpg,E:\2. UM-Student\MSC Dissertation\Urban-Vision-Benchmark\Datasets\MTSD\Prepared\MTSD-Unaugmented\MTSD-YOLO\test\images\grp7_db87303d-20251215_144613.jpg,1426.4,3436.09,1714.64,3731.7,0.6719,street sign,True,True,210.7,mtsd-p9
SAM 3,street sign,grp7_db87303d-20251215_144613.jpg,E:\2. UM-Student\MSC Dissertation\Urban-Vision-Benchmark\Datasets\MTSD\Prepared\MTSD-Unaugmented\MTSD-YOLO\test\images\grp7_db87303d-20251215_144613.jpg,1183.95,2122.39,1388.65,3006.91,0.3477,street sign,True,True,210.7,mtsd-p9
SAM 3,street sign,grp7_db87303d-20251215_144613.jpg,E:\2. UM-Student\MSC Dissertation\Urban-Vision-Benchmark\Datasets\MTSD\Prepared\MTSD-Unaugmented\MTSD-YOLO\test\images\grp7_db87303d-20251215_144613.jpg,1115.33,739.62,1470.91,4028.02,0.3477,street sign,True,True,210.7,mtsd-p9
SAM 3,street sign,grp7_db87303d-20251215_144613.jpg,E:\2. UM-Student\MSC Dissertation\Urban-Vision-Benchmark\Datasets\MTSD\Prepared\MTSD-Unaugmented\MTSD-YOLO\test\images\grp7_db87303d-20251215_144613.jpg,1084.85,728.97,1244.67,2038.76,0.9102,street sign,True,True,210.7,mtsd-p9
SAM 3,street sign,grp7_db87303d-20251215_144613.jpg,E:\2. UM-Student\MSC Dissertation\Urban-Vision-Benchmark\Datasets\MTSD\Prepared\MTSD-Unaugmented\MTSD-YOLO\test\images\grp7_db87303d-20251215_144613.jpg,1407.02,3226.69,1603.38,3377.95,0.6641,street sign,True,True,210.7,mtsd-p9
SAM 3,street sign,grp7_dfd0a665-IMG_2360.JPG,E:\2. UM-Student\MSC Dissertation\Urban-Vision-Benchmark\Datasets\MTSD\Prepared\MTSD-Unaugmented\MTSD-YOLO\test\images\grp7_dfd0a665-IMG_2360.JPG,28.52,2114.3,141.63,2199.81,0.4492,street sign,True,True,832.1,mtsd-p9
SAM 3,street sign,grp7_dfd0a665-IMG_2360.JPG,E:\2. UM-Student\MSC Dissertation\Urban-Vision-Benchmark\Datasets\MTSD\Prepared\MTSD-Unaugmented\MTSD-YOLO\test\images\grp7_dfd0a665-IMG_2360.JPG,978.3,2197.93,1012.51,2233.25,0.5156,street sign,True,True,832.1,mtsd-p9
SAM 3,street sign,grp7_dfd0a665-IMG_2360.JPG,E:\2. UM-Student\MSC Dissertation\Urban-Vision-Benchmark\Datasets\MTSD\Prepared\MTSD-Unaugmented\MTSD-YOLO\test\images\grp7_dfd0a665-IMG_2360.JPG,1369.85,1752.94,1510.99,1827.48,0.7773,street sign,True,True,832.1,mtsd-p9
SAM 3,street sign,grp7_dfd0a665-IMG_2360.JPG,E:\2. UM-Student\MSC Dissertation\Urban-Vision-Benchmark\Datasets\MTSD\Prepared\MTSD-Unaugmented\MTSD-YOLO\test\images\grp7_dfd0a665-IMG_2360.JPG,1544.69,1129.15,1824.36,1753.91,0.3848,street sign,True,True,832.1,mtsd-p9
SAM 3,street sign,grp7_dfd0a665-IMG_2360.JPG,E:\2. UM-Student\MSC Dissertation\Urban-Vision-Benchmark\Datasets\MTSD\Prepared\MTSD-Unaugmented\MTSD-YOLO\test\images\grp7_dfd0a665-IMG_2360.JPG,903.2,2133.21,958.34,2187.15,0.4863,street sign,True,True,832.1,mtsd-p9
SAM 3,street sign,grp7_dfd0a665-IMG_2360.JPG,E:\2. UM-Student\MSC Dissertation\Urban-Vision-Benchmark\Datasets\MTSD\Prepared\MTSD-Unaugmented\MTSD-YOLO\test\images\grp7_dfd0a665-IMG_2360.JPG,536.67,2223.51,571.85,2263.87,0.6875,street sign,True,True,832.1,mtsd-p9
SAM 3,street sign,grp7_dfd0a665-IMG_2360.JPG,E:\2. UM-Student\MSC Dissertation\Urban-Vision-Benchmark\Datasets\MTSD\Prepared\MTSD-Unaugmented\MTSD-YOLO\test\images\grp7_dfd0a665-IMG_2360.JPG,568.07,2237.46,602.99,2271.41,0.4453,street sign,True,True,832.1,mtsd-p9
SAM 3,street sign,grp7_e16f743b-IMG_1838.jpg,E:\2. UM-Student\MSC Dissertation\Urban-Vision-Benchmark\Datasets\MTSD\Prepared\MTSD-Unaugmented\MTSD-YOLO\test\images\grp7_e16f743b-IMG_1838.jpg,907.55,1455.81,3643.03,1791.58,0.6641,street sign,True,True,235.0,mtsd-p9
SAM 3,street sign,grp7_ef1c0521-IMG_1930.jpg,E:\2. UM-Student\MSC Dissertation\Urban-Vision-Benchmark\Datasets\MTSD\Prepared\MTSD-Unaugmented\MTSD-YOLO\test\images\grp7_ef1c0521-IMG_1930.jpg,1591.08,268.42,2931.66,2762.06,0.3262,street sign,True,True,169.1,mtsd-p9
SAM 3,street sign,grp7_ef873d66-20251215_143818.jpg,E:\2. UM-Student\MSC Dissertation\Urban-Vision-Benchmark\Datasets\MTSD\Prepared\MTSD-Unaugmented\MTSD-YOLO\test\images\grp7_ef873d66-20251215_143818.jpg,1606.6,2278.27,2008.43,4032.0,0.4785,street sign,True,True,231.9,mtsd-p9
SAM 3,street sign,grp7_ef873d66-20251215_143818.jpg,E:\2. UM-Student\MSC Dissertation\Urban-Vision-Benchmark\Datasets\MTSD\Prepared\MTSD-Unaugmented\MTSD-YOLO\test\images\grp7_ef873d66-20251215_143818.jpg,1597.21,2268.2,1971.85,2639.14,0.8867,street sign,True,True,231.9,mtsd-p9
SAM 3,street sign,grp7_ef873d66-20251215_143818.jpg,E:\2. UM-Student\MSC Dissertation\Urban-Vision-Benchmark\Datasets\MTSD\Prepared\MTSD-Unaugmented\MTSD-YOLO\test\images\grp7_ef873d66-20251215_143818.jpg,945.34,1170.85,1150.06,1968.91,0.9648,street sign,True,True,231.9,mtsd-p9
SAM 3,street sign,grp7_ef873d66-20251215_143818.jpg,E:\2. UM-Student\MSC Dissertation\Urban-Vision-Benchmark\Datasets\MTSD\Prepared\MTSD-Unaugmented\MTSD-YOLO\test\images\grp7_ef873d66-20251215_143818.jpg,1793.51,2627.05,1879.09,2856.69,0.7695,street sign,True,True,231.9,mtsd-p9
SAM 3,street sign,grp7_f5c11235-IMG_2319.JPG,E:\2. UM-Student\MSC Dissertation\Urban-Vision-Benchmark\Datasets\MTSD\Prepared\MTSD-Unaugmented\MTSD-YOLO\test\images\grp7_f5c11235-IMG_2319.JPG,1225.54,831.7,1521.85,979.35,0.3145,street sign,True,True,549.6,mtsd-p9
SAM 3,street sign,grp7_f5c11235-IMG_2319.JPG,E:\2. UM-Student\MSC Dissertation\Urban-Vision-Benchmark\Datasets\MTSD\Prepared\MTSD-Unaugmented\MTSD-YOLO\test\images\grp7_f5c11235-IMG_2319.JPG,1536.0,770.2,1804.0,887.84,0.9297,street sign,True,True,549.6,mtsd-p9
SAM 3,street sign,grp7_f5c11235-IMG_2319.JPG,E:\2. UM-Student\MSC Dissertation\Urban-Vision-Benchmark\Datasets\MTSD\Prepared\MTSD-Unaugmented\MTSD-YOLO\test\images\grp7_f5c11235-IMG_2319.JPG,2048.62,2742.44,2182.0,2789.26,0.8516,street sign,True,True,549.6,mtsd-p9
SAM 3,street sign,grp7_f5c11235-IMG_2319.JPG,E:\2. UM-Student\MSC Dissertation\Urban-Vision-Benchmark\Datasets\MTSD\Prepared\MTSD-Unaugmented\MTSD-YOLO\test\images\grp7_f5c11235-IMG_2319.JPG,1910.95,2733.09,2024.64,2773.21,0.6719,street sign,True,True,549.6,mtsd-p9
SAM 3,street sign,grp7_f5c11235-IMG_2319.JPG,E:\2. UM-Student\MSC Dissertation\Urban-Vision-Benchmark\Datasets\MTSD\Prepared\MTSD-Unaugmented\MTSD-YOLO\test\images\grp7_f5c11235-IMG_2319.JPG,2265.42,1331.54,2383.57,1440.02,0.5039,street sign,True,True,549.6,mtsd-p9
SAM 3,street sign,grp7_f6c47dc2-IMG_2182.JPG,E:\2. UM-Student\MSC Dissertation\Urban-Vision-Benchmark\Datasets\MTSD\Prepared\MTSD-Unaugmented\MTSD-YOLO\test\images\grp7_f6c47dc2-IMG_2182.JPG,3844.88,23.58,3957.63,104.34,0.6328,street sign,True,True,596.9,mtsd-p9
SAM 3,street sign,grp7_f6c47dc2-IMG_2182.JPG,E:\2. UM-Student\MSC Dissertation\Urban-Vision-Benchmark\Datasets\MTSD\Prepared\MTSD-Unaugmented\MTSD-YOLO\test\images\grp7_f6c47dc2-IMG_2182.JPG,131.35,1548.87,1585.35,1699.71,0.8086,street sign,True,True,596.9,mtsd-p9
SAM 3,street sign,grp7_f6c47dc2-IMG_2182.JPG,E:\2. UM-Student\MSC Dissertation\Urban-Vision-Benchmark\Datasets\MTSD\Prepared\MTSD-Unaugmented\MTSD-YOLO\test\images\grp7_f6c47dc2-IMG_2182.JPG,2843.77,1420.71,3794.55,1546.65,0.7266,street sign,True,True,596.9,mtsd-p9
SAM 3,street sign,grp7_f6c47dc2-IMG_2182.JPG,E:\2. UM-Student\MSC Dissertation\Urban-Vision-Benchmark\Datasets\MTSD\Prepared\MTSD-Unaugmented\MTSD-YOLO\test\images\grp7_f6c47dc2-IMG_2182.JPG,1525.6,1486.77,2856.83,1733.92,0.8516,street sign,True,True,596.9,mtsd-p9
SAM 3,street sign,grp7_f74b48d8-IMG_1768.jpg,E:\2. UM-Student\MSC Dissertation\Urban-Vision-Benchmark\Datasets\MTSD\Prepared\MTSD-Unaugmented\MTSD-YOLO\test\images\grp7_f74b48d8-IMG_1768.jpg,3467.49,0.0,4032.0,101.11,0.4121,street sign,True,True,186.0,mtsd-p9
SAM 3,street sign,grp7_f74b48d8-IMG_1768.jpg,E:\2. UM-Student\MSC Dissertation\Urban-Vision-Benchmark\Datasets\MTSD\Prepared\MTSD-Unaugmented\MTSD-YOLO\test\images\grp7_f74b48d8-IMG_1768.jpg,1529.53,0.0,3657.32,2829.23,0.8945,street sign,True,True,186.0,mtsd-p9
SAM 3,street sign,grp7_f7f0f5bb-IMG_6628.jpeg,E:\2. UM-Student\MSC Dissertation\Urban-Vision-Benchmark\Datasets\MTSD\Prepared\MTSD-Unaugmented\MTSD-YOLO\test\images\grp7_f7f0f5bb-IMG_6628.jpeg,1235.76,1076.26,1710.3,1593.88,0.9141,street sign,True,True,210.8,mtsd-p9
SAM 3,street sign,grp7_fb3a590f-IMG_6793.jpeg,E:\2. UM-Student\MSC Dissertation\Urban-Vision-Benchmark\Datasets\MTSD\Prepared\MTSD-Unaugmented\MTSD-YOLO\test\images\grp7_fb3a590f-IMG_6793.jpeg,1030.91,1930.43,1125.77,2051.75,0.75,street sign,True,True,406.2,mtsd-p9
SAM 3,street sign,grp7_fb3a590f-IMG_6793.jpeg,E:\2. UM-Student\MSC Dissertation\Urban-Vision-Benchmark\Datasets\MTSD\Prepared\MTSD-Unaugmented\MTSD-YOLO\test\images\grp7_fb3a590f-IMG_6793.jpeg,1004.4,1925.06,1125.53,2662.8,0.4414,street sign,True,True,406.2,mtsd-p9
SAM 3,street sign,grp7_fb3a590f-IMG_6793.jpeg,E:\2. UM-Student\MSC Dissertation\Urban-Vision-Benchmark\Datasets\MTSD\Prepared\MTSD-Unaugmented\MTSD-YOLO\test\images\grp7_fb3a590f-IMG_6793.jpeg,2274.67,2156.35,2328.5,2275.24,0.8477,street sign,True,True,406.2,mtsd-p9
SAM 3,street sign,grp7_fb3a590f-IMG_6793.jpeg,E:\2. UM-Student\MSC Dissertation\Urban-Vision-Benchmark\Datasets\MTSD\Prepared\MTSD-Unaugmented\MTSD-YOLO\test\images\grp7_fb3a590f-IMG_6793.jpeg,2273.8,2158.63,2325.47,2458.01,0.3535,street sign,True,True,406.2,mtsd-p9
SAM 3,street sign,grp7_fb3a590f-IMG_6793.jpeg,E:\2. UM-Student\MSC Dissertation\Urban-Vision-Benchmark\Datasets\MTSD\Prepared\MTSD-Unaugmented\MTSD-YOLO\test\images\grp7_fb3a590f-IMG_6793.jpeg,2257.18,2426.07,2304.18,2508.84,0.3105,street sign,True,True,406.2,mtsd-p9
SAM 3,street sign,grp7_fb3a590f-IMG_6793.jpeg,E:\2. UM-Student\MSC Dissertation\Urban-Vision-Benchmark\Datasets\MTSD\Prepared\MTSD-Unaugmented\MTSD-YOLO\test\images\grp7_fb3a590f-IMG_6793.jpeg,1280.29,1547.75,1655.25,3174.17,0.6445,street sign,True,True,406.2,mtsd-p9
SAM 3,street sign,grp7_fb3a590f-IMG_6793.jpeg,E:\2. UM-Student\MSC Dissertation\Urban-Vision-Benchmark\Datasets\MTSD\Prepared\MTSD-Unaugmented\MTSD-YOLO\test\images\grp7_fb3a590f-IMG_6793.jpeg,1282.9,1553.66,1654.96,1924.53,0.9062,street sign,True,True,406.2,mtsd-p9
SAM 3,street sign,grp7_ffcca6e4-IMG_6603.jpeg,E:\2. UM-Student\MSC Dissertation\Urban-Vision-Benchmark\Datasets\MTSD\Prepared\MTSD-Unaugmented\MTSD-YOLO\test\images\grp7_ffcca6e4-IMG_6603.jpeg,1421.69,1841.52,1738.23,2177.07,0.8828,street sign,True,True,194.4,mtsd-p9
SAM 3,street sign,grp7_ffcca6e4-IMG_6603.jpeg,E:\2. UM-Student\MSC Dissertation\Urban-Vision-Benchmark\Datasets\MTSD\Prepared\MTSD-Unaugmented\MTSD-YOLO\test\images\grp7_ffcca6e4-IMG_6603.jpeg,1111.3,2446.49,1160.49,2487.87,0.3008,street sign,True,True,194.4,mtsd-p9
SAM 3,street sign,grp7_ffcca6e4-IMG_6603.jpeg,E:\2. UM-Student\MSC Dissertation\Urban-Vision-Benchmark\Datasets\MTSD\Prepared\MTSD-Unaugmented\MTSD-YOLO\test\images\grp7_ffcca6e4-IMG_6603.jpeg,1417.08,1838.92,1737.02,3072.29,0.7617,street sign,True,True,194.4,mtsd-p9
SAM 3,street sign,grp8_04258956-back.jpg,E:\2. UM-Student\MSC Dissertation\Urban-Vision-Benchmark\Datasets\MTSD\Prepared\MTSD-Unaugmented\MTSD-YOLO\test\images\grp8_04258956-back.jpg,1716.18,1388.63,2014.08,2134.41,0.8711,street sign,True,True,253.6,mtsd-p9
SAM 3,street sign,grp8_04258956-back.jpg,E:\2. UM-Student\MSC Dissertation\Urban-Vision-Benchmark\Datasets\MTSD\Prepared\MTSD-Unaugmented\MTSD-YOLO\test\images\grp8_04258956-back.jpg,1513.87,892.71,2319.85,3024.0,0.5508,street sign,True,True,253.6,mtsd-p9
SAM 3,street sign,grp8_04258956-back.jpg,E:\2. UM-Student\MSC Dissertation\Urban-Vision-Benchmark\Datasets\MTSD\Prepared\MTSD-Unaugmented\MTSD-YOLO\test\images\grp8_04258956-back.jpg,1507.51,880.83,2322.48,1602.28,0.9062,street sign,True,True,253.6,mtsd-p9
SAM 3,street sign,grp8_0487e0f7-front.jpg,E:\2. UM-Student\MSC Dissertation\Urban-Vision-Benchmark\Datasets\MTSD\Prepared\MTSD-Unaugmented\MTSD-YOLO\test\images\grp8_0487e0f7-front.jpg,1408.85,695.85,2526.73,3024.0,0.6133,street sign,True,True,223.0,mtsd-p9
SAM 3,street sign,grp8_0487e0f7-front.jpg,E:\2. UM-Student\MSC Dissertation\Urban-Vision-Benchmark\Datasets\MTSD\Prepared\MTSD-Unaugmented\MTSD-YOLO\test\images\grp8_0487e0f7-front.jpg,1410.19,695.57,2531.55,1765.73,0.9141,street sign,True,True,223.0,mtsd-p9
SAM 3,street sign,grp8_06980edd-front.jpg,E:\2. UM-Student\MSC Dissertation\Urban-Vision-Benchmark\Datasets\MTSD\Prepared\MTSD-Unaugmented\MTSD-YOLO\test\images\grp8_06980edd-front.jpg,2094.62,2588.08,2134.89,2631.07,0.7539,street sign,True,True,851.3,mtsd-p9
SAM 3,street sign,grp8_06980edd-front.jpg,E:\2. UM-Student\MSC Dissertation\Urban-Vision-Benchmark\Datasets\MTSD\Prepared\MTSD-Unaugmented\MTSD-YOLO\test\images\grp8_06980edd-front.jpg,3249.99,2402.89,3381.48,2884.4,0.3555,street sign,True,True,851.3,mtsd-p9
SAM 3,street sign,grp8_06980edd-front.jpg,E:\2. UM-Student\MSC Dissertation\Urban-Vision-Benchmark\Datasets\MTSD\Prepared\MTSD-Unaugmented\MTSD-YOLO\test\images\grp8_06980edd-front.jpg,3747.37,2510.56,3791.99,2588.7,0.7656,street sign,True,True,851.3,mtsd-p9
SAM 3,street sign,grp8_06980edd-front.jpg,E:\2. UM-Student\MSC Dissertation\Urban-Vision-Benchmark\Datasets\MTSD\Prepared\MTSD-Unaugmented\MTSD-YOLO\test\images\grp8_06980edd-front.jpg,2096.09,2624.7,2137.21,2657.06,0.7109,street sign,True,True,851.3,mtsd-p9
SAM 3,street sign,grp8_06980edd-front.jpg,E:\2. UM-Student\MSC Dissertation\Urban-Vision-Benchmark\Datasets\MTSD\Prepared\MTSD-Unaugmented\MTSD-YOLO\test\images\grp8_06980edd-front.jpg,2552.39,2626.98,2585.49,2666.67,0.7344,street sign,True,True,851.3,mtsd-p9
SAM 3,street sign,grp8_06980edd-front.jpg,E:\2. UM-Student\MSC Dissertation\Urban-Vision-Benchmark\Datasets\MTSD\Prepared\MTSD-Unaugmented\MTSD-YOLO\test\images\grp8_06980edd-front.jpg,2095.27,2585.37,2138.7,2659.92,0.3691,street sign,True,True,851.3,mtsd-p9
SAM 3,street sign,grp8_06980edd-front.jpg,E:\2. UM-Student\MSC Dissertation\Urban-Vision-Benchmark\Datasets\MTSD\Prepared\MTSD-Unaugmented\MTSD-YOLO\test\images\grp8_06980edd-front.jpg,1721.93,2537.1,1798.87,2618.68,0.875,street sign,True,True,851.3,mtsd-p9
SAM 3,street sign,grp8_06980edd-front.jpg,E:\2. UM-Student\MSC Dissertation\Urban-Vision-Benchmark\Datasets\MTSD\Prepared\MTSD-Unaugmented\MTSD-YOLO\test\images\grp8_06980edd-front.jpg,3160.07,2738.22,3243.17,2906.57,0.7891,street sign,True,True,851.3,mtsd-p9
SAM 3,street sign,grp8_06980edd-front.jpg,E:\2. UM-Student\MSC Dissertation\Urban-Vision-Benchmark\Datasets\MTSD\Prepared\MTSD-Unaugmented\MTSD-YOLO\test\images\grp8_06980edd-front.jpg,3245.66,2394.73,3343.76,2494.64,0.7852,street sign,True,True,851.3,mtsd-p9
SAM 3,street sign,grp8_06980edd-front.jpg,E:\2. UM-Student\MSC Dissertation\Urban-Vision-Benchmark\Datasets\MTSD\Prepared\MTSD-Unaugmented\MTSD-YOLO\test\images\grp8_06980edd-front.jpg,3722.87,2422.31,3815.3,2806.66,0.3223,street sign,True,True,851.3,mtsd-p9
SAM 3,street sign,grp8_06980edd-front.jpg,E:\2. UM-Student\MSC Dissertation\Urban-Vision-Benchmark\Datasets\MTSD\Prepared\MTSD-Unaugmented\MTSD-YOLO\test\images\grp8_06980edd-front.jpg,2666.22,2538.08,2741.96,2616.02,0.7188,street sign,True,True,851.3,mtsd-p9
SAM 3,street sign,grp8_06980edd-front.jpg,E:\2. UM-Student\MSC Dissertation\Urban-Vision-Benchmark\Datasets\MTSD\Prepared\MTSD-Unaugmented\MTSD-YOLO\test\images\grp8_06980edd-front.jpg,2665.68,2537.55,2693.36,2612.85,0.3105,street sign,True,True,851.3,mtsd-p9
SAM 3,street sign,grp8_06980edd-front.jpg,E:\2. UM-Student\MSC Dissertation\Urban-Vision-Benchmark\Datasets\MTSD\Prepared\MTSD-Unaugmented\MTSD-YOLO\test\images\grp8_06980edd-front.jpg,3719.81,2422.83,3775.62,2498.44,0.6289,street sign,True,True,851.3,mtsd-p9
SAM 3,street sign,grp8_06980edd-front.jpg,E:\2. UM-Student\MSC Dissertation\Urban-Vision-Benchmark\Datasets\MTSD\Prepared\MTSD-Unaugmented\MTSD-YOLO\test\images\grp8_06980edd-front.jpg,3279.42,2504.52,3364.59,2588.12,0.8047,street sign,True,True,851.3,mtsd-p9
SAM 3,street sign,grp8_06980edd-front.jpg,E:\2. UM-Student\MSC Dissertation\Urban-Vision-Benchmark\Datasets\MTSD\Prepared\MTSD-Unaugmented\MTSD-YOLO\test\images\grp8_06980edd-front.jpg,2779.16,2513.69,2860.74,2595.27,0.8672,street sign,True,True,851.3,mtsd-p9
SAM 3,street sign,grp8_06980edd-front.jpg,E:\2. UM-Student\MSC Dissertation\Urban-Vision-Benchmark\Datasets\MTSD\Prepared\MTSD-Unaugmented\MTSD-YOLO\test\images\grp8_06980edd-front.jpg,1336.19,895.27,2604.36,2094.76,0.9609,street sign,True,True,851.3,mtsd-p9
SAM 3,street sign,grp8_06980edd-front.jpg,E:\2. UM-Student\MSC Dissertation\Urban-Vision-Benchmark\Datasets\MTSD\Prepared\MTSD-Unaugmented\MTSD-YOLO\test\images\grp8_06980edd-front.jpg,2335.91,2611.34,2378.47,2662.97,0.8086,street sign,True,True,851.3,mtsd-p9
SAM 3,street sign,grp8_06980edd-front.jpg,E:\2. UM-Student\MSC Dissertation\Urban-Vision-Benchmark\Datasets\MTSD\Prepared\MTSD-Unaugmented\MTSD-YOLO\test\images\grp8_06980edd-front.jpg,2820.29,2601.59,2852.07,2648.77,0.4492,street sign,True,True,851.3,mtsd-p9
SAM 3,street sign,grp8_06980edd-front.jpg,E:\2. UM-Student\MSC Dissertation\Urban-Vision-Benchmark\Datasets\MTSD\Prepared\MTSD-Unaugmented\MTSD-YOLO\test\images\grp8_06980edd-front.jpg,1375.73,0.4,2633.48,886.51,0.9492,street sign,True,True,851.3,mtsd-p9
SAM 3,street sign,grp8_0ce3445a-front.jpg,E:\2. UM-Student\MSC Dissertation\Urban-Vision-Benchmark\Datasets\MTSD\Prepared\MTSD-Unaugmented\MTSD-YOLO\test\images\grp8_0ce3445a-front.jpg,2125.12,3.78,2831.71,3977.2,0.3125,street sign,True,True,218.4,mtsd-p9
SAM 3,street sign,grp8_0ce3445a-front.jpg,E:\2. UM-Student\MSC Dissertation\Urban-Vision-Benchmark\Datasets\MTSD\Prepared\MTSD-Unaugmented\MTSD-YOLO\test\images\grp8_0ce3445a-front.jpg,809.0,2968.86,858.5,3051.17,0.6953,street sign,True,True,218.4,mtsd-p9
SAM 3,street sign,grp8_0ce3445a-front.jpg,E:\2. UM-Student\MSC Dissertation\Urban-Vision-Benchmark\Datasets\MTSD\Prepared\MTSD-Unaugmented\MTSD-YOLO\test\images\grp8_0ce3445a-front.jpg,817.47,1099.25,2019.01,4000.0,0.4883,street sign,True,True,218.4,mtsd-p9
SAM 3,street sign,grp8_0ce3445a-front.jpg,E:\2. UM-Student\MSC Dissertation\Urban-Vision-Benchmark\Datasets\MTSD\Prepared\MTSD-Unaugmented\MTSD-YOLO\test\images\grp8_0ce3445a-front.jpg,820.16,1101.48,2015.56,2219.51,0.6953,street sign,True,True,218.4,mtsd-p9
SAM 3,street sign,grp8_0ce3445a-front.jpg,E:\2. UM-Student\MSC Dissertation\Urban-Vision-Benchmark\Datasets\MTSD\Prepared\MTSD-Unaugmented\MTSD-YOLO\test\images\grp8_0ce3445a-front.jpg,799.36,2972.22,857.03,3348.63,0.4004,street sign,True,True,218.4,mtsd-p9
SAM 3,street sign,grp8_0d18b07a-IMG_0224.JPG,E:\2. UM-Student\MSC Dissertation\Urban-Vision-Benchmark\Datasets\MTSD\Prepared\MTSD-Unaugmented\MTSD-YOLO\test\images\grp8_0d18b07a-IMG_0224.JPG,1273.11,1927.39,3999.79,2959.12,0.875,street sign,True,True,261.0,mtsd-p9
SAM 3,street sign,grp8_1023d97f-front.jpg,E:\2. UM-Student\MSC Dissertation\Urban-Vision-Benchmark\Datasets\MTSD\Prepared\MTSD-Unaugmented\MTSD-YOLO\test\images\grp8_1023d97f-front.jpg,3792.93,2936.66,3838.74,3004.31,0.8086,street sign,True,True,624.7,mtsd-p9
SAM 3,street sign,grp8_1023d97f-front.jpg,E:\2. UM-Student\MSC Dissertation\Urban-Vision-Benchmark\Datasets\MTSD\Prepared\MTSD-Unaugmented\MTSD-YOLO\test\images\grp8_1023d97f-front.jpg,3765.86,2859.46,3825.45,2937.58,0.8086,street sign,True,True,624.7,mtsd-p9
SAM 3,street sign,grp8_1023d97f-front.jpg,E:\2. UM-Student\MSC Dissertation\Urban-Vision-Benchmark\Datasets\MTSD\Prepared\MTSD-Unaugmented\MTSD-YOLO\test\images\grp8_1023d97f-front.jpg,3024.64,2939.94,3094.6,3023.87,0.5508,street sign,True,True,624.7,mtsd-p9
SAM 3,street sign,grp8_1023d97f-front.jpg,E:\2. UM-Student\MSC Dissertation\Urban-Vision-Benchmark\Datasets\MTSD\Prepared\MTSD-Unaugmented\MTSD-YOLO\test\images\grp8_1023d97f-front.jpg,1176.54,909.05,2750.49,2410.88,0.9805,street sign,True,True,624.7,mtsd-p9
SAM 3,street sign,grp8_1023d97f-front.jpg,E:\2. UM-Student\MSC Dissertation\Urban-Vision-Benchmark\Datasets\MTSD\Prepared\MTSD-Unaugmented\MTSD-YOLO\test\images\grp8_1023d97f-front.jpg,2757.06,2910.16,2840.38,2996.48,0.875,street sign,True,True,624.7,mtsd-p9
SAM 3,street sign,grp8_1023d97f-front.jpg,E:\2. UM-Student\MSC Dissertation\Urban-Vision-Benchmark\Datasets\MTSD\Prepared\MTSD-Unaugmented\MTSD-YOLO\test\images\grp8_1023d97f-front.jpg,1495.66,0.0,2650.77,915.8,0.957,street sign,True,True,624.7,mtsd-p9
SAM 3,street sign,grp8_1023d97f-front.jpg,E:\2. UM-Student\MSC Dissertation\Urban-Vision-Benchmark\Datasets\MTSD\Prepared\MTSD-Unaugmented\MTSD-YOLO\test\images\grp8_1023d97f-front.jpg,3003.25,2829.24,3081.65,2927.57,0.5195,street sign,True,True,624.7,mtsd-p9
SAM 3,street sign,grp8_1023d97f-front.jpg,E:\2. UM-Student\MSC Dissertation\Urban-Vision-Benchmark\Datasets\MTSD\Prepared\MTSD-Unaugmented\MTSD-YOLO\test\images\grp8_1023d97f-front.jpg,3005.92,2827.77,3089.85,3020.36,0.4805,street sign,True,True,624.7,mtsd-p9
SAM 3,street sign,grp8_14aaa44c-IMG_0211.JPG,E:\2. UM-Student\MSC Dissertation\Urban-Vision-Benchmark\Datasets\MTSD\Prepared\MTSD-Unaugmented\MTSD-YOLO\test\images\grp8_14aaa44c-IMG_0211.JPG,1750.66,1047.29,3478.5,3074.81,0.9531,street sign,True,True,504.6,mtsd-p9
SAM 3,street sign,grp8_15b9a2f4-Back.jpg,E:\2. UM-Student\MSC Dissertation\Urban-Vision-Benchmark\Datasets\MTSD\Prepared\MTSD-Unaugmented\MTSD-YOLO\test\images\grp8_15b9a2f4-Back.jpg,1794.53,1876.67,1821.86,1907.32,0.5039,street sign,True,True,557.3,mtsd-p9
SAM 3,street sign,grp8_15b9a2f4-Back.jpg,E:\2. UM-Student\MSC Dissertation\Urban-Vision-Benchmark\Datasets\MTSD\Prepared\MTSD-Unaugmented\MTSD-YOLO\test\images\grp8_15b9a2f4-Back.jpg,1753.96,1963.87,1774.47,1992.18,0.3086,street sign,True,True,557.3,mtsd-p9
SAM 3,street sign,grp8_15b9a2f4-Back.jpg,E:\2. UM-Student\MSC Dissertation\Urban-Vision-Benchmark\Datasets\MTSD\Prepared\MTSD-Unaugmented\MTSD-YOLO\test\images\grp8_15b9a2f4-Back.jpg,1756.04,1896.87,1775.86,1928.52,0.6445,street sign,True,True,557.3,mtsd-p9
SAM 3,street sign,grp8_15b9a2f4-Back.jpg,E:\2. UM-Student\MSC Dissertation\Urban-Vision-Benchmark\Datasets\MTSD\Prepared\MTSD-Unaugmented\MTSD-YOLO\test\images\grp8_15b9a2f4-Back.jpg,1699.66,1901.92,1716.04,1935.12,0.4883,street sign,True,True,557.3,mtsd-p9
SAM 3,street sign,grp8_15b9a2f4-Back.jpg,E:\2. UM-Student\MSC Dissertation\Urban-Vision-Benchmark\Datasets\MTSD\Prepared\MTSD-Unaugmented\MTSD-YOLO\test\images\grp8_15b9a2f4-Back.jpg,776.56,1986.77,851.55,2039.0,0.6758,street sign,True,True,557.3,mtsd-p9
SAM 3,street sign,grp8_15b9a2f4-Back.jpg,E:\2. UM-Student\MSC Dissertation\Urban-Vision-Benchmark\Datasets\MTSD\Prepared\MTSD-Unaugmented\MTSD-YOLO\test\images\grp8_15b9a2f4-Back.jpg,1443.18,1915.13,1477.65,1944.84,0.3926,street sign,True,True,557.3,mtsd-p9
SAM 3,street sign,grp8_15b9a2f4-Back.jpg,E:\2. UM-Student\MSC Dissertation\Urban-Vision-Benchmark\Datasets\MTSD\Prepared\MTSD-Unaugmented\MTSD-YOLO\test\images\grp8_15b9a2f4-Back.jpg,560.66,578.03,1730.14,4096.0,0.4961,street sign,True,True,557.3,mtsd-p9
SAM 3,street sign,grp8_15b9a2f4-Back.jpg,E:\2. UM-Student\MSC Dissertation\Urban-Vision-Benchmark\Datasets\MTSD\Prepared\MTSD-Unaugmented\MTSD-YOLO\test\images\grp8_15b9a2f4-Back.jpg,561.43,663.67,1724.8,1875.81,0.8945,street sign,True,True,557.3,mtsd-p9
SAM 3,street sign,grp8_1b5dcc93-back.jpg,E:\2. UM-Student\MSC Dissertation\Urban-Vision-Benchmark\Datasets\MTSD\Prepared\MTSD-Unaugmented\MTSD-YOLO\test\images\grp8_1b5dcc93-back.jpg,1690.26,3182.72,1716.73,3210.02,0.5625,street sign,True,True,227.1,mtsd-p9
SAM 3,street sign,grp8_1b5dcc93-back.jpg,E:\2. UM-Student\MSC Dissertation\Urban-Vision-Benchmark\Datasets\MTSD\Prepared\MTSD-Unaugmented\MTSD-YOLO\test\images\grp8_1b5dcc93-back.jpg,573.47,817.31,1673.85,4096.0,0.5508,street sign,True,True,227.1,mtsd-p9
SAM 3,street sign,grp8_1b5dcc93-back.jpg,E:\2. UM-Student\MSC Dissertation\Urban-Vision-Benchmark\Datasets\MTSD\Prepared\MTSD-Unaugmented\MTSD-YOLO\test\images\grp8_1b5dcc93-back.jpg,572.28,1683.26,1536.18,2578.94,0.8789,street sign,True,True,227.1,mtsd-p9
SAM 3,street sign,grp8_1b5dcc93-back.jpg,E:\2. UM-Student\MSC Dissertation\Urban-Vision-Benchmark\Datasets\MTSD\Prepared\MTSD-Unaugmented\MTSD-YOLO\test\images\grp8_1b5dcc93-back.jpg,689.52,2822.65,1433.11,3129.55,0.8672,street sign,True,True,227.1,mtsd-p9
SAM 3,street sign,grp8_1b5dcc93-back.jpg,E:\2. UM-Student\MSC Dissertation\Urban-Vision-Benchmark\Datasets\MTSD\Prepared\MTSD-Unaugmented\MTSD-YOLO\test\images\grp8_1b5dcc93-back.jpg,576.03,817.15,1676.28,1660.45,0.8828,street sign,True,True,227.1,mtsd-p9
SAM 3,street sign,grp8_1e3225cd-IMG_0085.jpg,E:\2. UM-Student\MSC Dissertation\Urban-Vision-Benchmark\Datasets\MTSD\Prepared\MTSD-Unaugmented\MTSD-YOLO\test\images\grp8_1e3225cd-IMG_0085.jpg,1277.27,916.88,2153.78,5712.0,0.3457,street sign,True,True,259.7,mtsd-p9
SAM 3,street sign,grp8_1e3225cd-IMG_0085.jpg,E:\2. UM-Student\MSC Dissertation\Urban-Vision-Benchmark\Datasets\MTSD\Prepared\MTSD-Unaugmented\MTSD-YOLO\test\images\grp8_1e3225cd-IMG_0085.jpg,1276.52,916.9,2245.61,2794.99,0.9414,street sign,True,True,259.7,mtsd-p9
SAM 3,street sign,grp8_244bea95-back.jpg,E:\2. UM-Student\MSC Dissertation\Urban-Vision-Benchmark\Datasets\MTSD\Prepared\MTSD-Unaugmented\MTSD-YOLO\test\images\grp8_244bea95-back.jpg,179.8,2787.87,230.28,2854.7,0.4004,street sign,True,True,431.2,mtsd-p9
SAM 3,street sign,grp8_244bea95-back.jpg,E:\2. UM-Student\MSC Dissertation\Urban-Vision-Benchmark\Datasets\MTSD\Prepared\MTSD-Unaugmented\MTSD-YOLO\test\images\grp8_244bea95-back.jpg,831.75,2986.6,930.57,3024.0,0.3242,street sign,True,True,431.2,mtsd-p9
SAM 3,street sign,grp8_244bea95-back.jpg,E:\2. UM-Student\MSC Dissertation\Urban-Vision-Benchmark\Datasets\MTSD\Prepared\MTSD-Unaugmented\MTSD-YOLO\test\images\grp8_244bea95-back.jpg,515.63,2541.15,621.39,2599.37,0.4473,street sign,True,True,431.2,mtsd-p9
SAM 3,street sign,grp8_244bea95-back.jpg,E:\2. UM-Student\MSC Dissertation\Urban-Vision-Benchmark\Datasets\MTSD\Prepared\MTSD-Unaugmented\MTSD-YOLO\test\images\grp8_244bea95-back.jpg,1669.0,729.05,2691.67,3024.0,0.5898,street sign,True,True,431.2,mtsd-p9
SAM 3,street sign,grp8_244bea95-back.jpg,E:\2. UM-Student\MSC Dissertation\Urban-Vision-Benchmark\Datasets\MTSD\Prepared\MTSD-Unaugmented\MTSD-YOLO\test\images\grp8_244bea95-back.jpg,1666.96,728.62,2692.77,1786.92,0.8516,street sign,True,True,431.2,mtsd-p9
SAM 3,street sign,grp8_2aed70e2-front.jpg,E:\2. UM-Student\MSC Dissertation\Urban-Vision-Benchmark\Datasets\MTSD\Prepared\MTSD-Unaugmented\MTSD-YOLO\test\images\grp8_2aed70e2-front.jpg,12.1,2272.62,1872.66,3058.95,0.9141,street sign,True,True,195.7,mtsd-p9
SAM 3,street sign,grp8_2aed70e2-front.jpg,E:\2. UM-Student\MSC Dissertation\Urban-Vision-Benchmark\Datasets\MTSD\Prepared\MTSD-Unaugmented\MTSD-YOLO\test\images\grp8_2aed70e2-front.jpg,395.73,823.73,1856.67,1884.23,0.9453,street sign,True,True,195.7,mtsd-p9
SAM 3,street sign,grp8_2d237c79-side.jpg,E:\2. UM-Student\MSC Dissertation\Urban-Vision-Benchmark\Datasets\MTSD\Prepared\MTSD-Unaugmented\MTSD-YOLO\test\images\grp8_2d237c79-side.jpg,3028.9,2073.13,3260.72,3024.0,0.4746,street sign,True,True,496.5,mtsd-p9
SAM 3,street sign,grp8_2d237c79-side.jpg,E:\2. UM-Student\MSC Dissertation\Urban-Vision-Benchmark\Datasets\MTSD\Prepared\MTSD-Unaugmented\MTSD-YOLO\test\images\grp8_2d237c79-side.jpg,3040.34,2076.58,3246.3,2728.16,0.7617,street sign,True,True,496.5,mtsd-p9
SAM 3,street sign,grp8_2d237c79-side.jpg,E:\2. UM-Student\MSC Dissertation\Urban-Vision-Benchmark\Datasets\MTSD\Prepared\MTSD-Unaugmented\MTSD-YOLO\test\images\grp8_2d237c79-side.jpg,3536.71,2706.08,3630.58,3024.0,0.3105,street sign,True,True,496.5,mtsd-p9
SAM 3,street sign,grp8_2d237c79-side.jpg,E:\2. UM-Student\MSC Dissertation\Urban-Vision-Benchmark\Datasets\MTSD\Prepared\MTSD-Unaugmented\MTSD-YOLO\test\images\grp8_2d237c79-side.jpg,1890.21,955.43,2253.74,3018.12,0.3652,street sign,True,True,496.5,mtsd-p9
SAM 3,street sign,grp8_2d237c79-side.jpg,E:\2. UM-Student\MSC Dissertation\Urban-Vision-Benchmark\Datasets\MTSD\Prepared\MTSD-Unaugmented\MTSD-YOLO\test\images\grp8_2d237c79-side.jpg,1821.84,2035.96,2504.19,2445.3,0.9297,street sign,True,True,496.5,mtsd-p9
SAM 3,street sign,grp8_2d237c79-side.jpg,E:\2. UM-Student\MSC Dissertation\Urban-Vision-Benchmark\Datasets\MTSD\Prepared\MTSD-Unaugmented\MTSD-YOLO\test\images\grp8_2d237c79-side.jpg,1903.62,955.69,2134.35,1847.6,0.9336,street sign,True,True,496.5,mtsd-p9
SAM 3,street sign,grp8_2d73c181-back.jpg,E:\2. UM-Student\MSC Dissertation\Urban-Vision-Benchmark\Datasets\MTSD\Prepared\MTSD-Unaugmented\MTSD-YOLO\test\images\grp8_2d73c181-back.jpg,3686.97,1021.45,4032.0,2766.73,0.4492,street sign,True,True,217.4,mtsd-p9
SAM 3,street sign,grp8_2d73c181-back.jpg,E:\2. UM-Student\MSC Dissertation\Urban-Vision-Benchmark\Datasets\MTSD\Prepared\MTSD-Unaugmented\MTSD-YOLO\test\images\grp8_2d73c181-back.jpg,1094.35,2317.41,1301.02,2557.32,0.5742,street sign,True,True,217.4,mtsd-p9
SAM 3,street sign,grp8_2d73c181-back.jpg,E:\2. UM-Student\MSC Dissertation\Urban-Vision-Benchmark\Datasets\MTSD\Prepared\MTSD-Unaugmented\MTSD-YOLO\test\images\grp8_2d73c181-back.jpg,1453.85,830.15,2664.4,3007.47,0.5391,street sign,True,True,217.4,mtsd-p9
SAM 3,street sign,grp8_2d73c181-back.jpg,E:\2. UM-Student\MSC Dissertation\Urban-Vision-Benchmark\Datasets\MTSD\Prepared\MTSD-Unaugmented\MTSD-YOLO\test\images\grp8_2d73c181-back.jpg,1454.38,828.37,2383.72,1834.82,0.7852,street sign,True,True,217.4,mtsd-p9
SAM 3,street sign,grp8_2e0ed656-front.jpg,E:\2. UM-Student\MSC Dissertation\Urban-Vision-Benchmark\Datasets\MTSD\Prepared\MTSD-Unaugmented\MTSD-YOLO\test\images\grp8_2e0ed656-front.jpg,1216.87,1950.4,2555.19,3024.0,0.9375,street sign,True,True,188.9,mtsd-p9
SAM 3,street sign,grp8_2e0ed656-front.jpg,E:\2. UM-Student\MSC Dissertation\Urban-Vision-Benchmark\Datasets\MTSD\Prepared\MTSD-Unaugmented\MTSD-YOLO\test\images\grp8_2e0ed656-front.jpg,1305.05,850.87,2670.77,2066.38,0.9492,street sign,True,True,188.9,mtsd-p9
SAM 3,street sign,grp8_3799bcb2-side.jpg,E:\2. UM-Student\MSC Dissertation\Urban-Vision-Benchmark\Datasets\MTSD\Prepared\MTSD-Unaugmented\MTSD-YOLO\test\images\grp8_3799bcb2-side.jpg,1658.9,3551.3,1921.86,4095.9,0.332,street sign,True,True,561.2,mtsd-p9
SAM 3,street sign,grp8_3799bcb2-side.jpg,E:\2. UM-Student\MSC Dissertation\Urban-Vision-Benchmark\Datasets\MTSD\Prepared\MTSD-Unaugmented\MTSD-YOLO\test\images\grp8_3799bcb2-side.jpg,120.1,2857.97,231.26,3008.34,0.9102,street sign,True,True,561.2,mtsd-p9
SAM 3,street sign,grp8_3799bcb2-side.jpg,E:\2. UM-Student\MSC Dissertation\Urban-Vision-Benchmark\Datasets\MTSD\Prepared\MTSD-Unaugmented\MTSD-YOLO\test\images\grp8_3799bcb2-side.jpg,808.04,2987.4,839.86,3064.88,0.3379,street sign,True,True,561.2,mtsd-p9
SAM 3,street sign,grp8_3799bcb2-side.jpg,E:\2. UM-Student\MSC Dissertation\Urban-Vision-Benchmark\Datasets\MTSD\Prepared\MTSD-Unaugmented\MTSD-YOLO\test\images\grp8_3799bcb2-side.jpg,203.08,3051.94,237.17,3156.07,0.6836,street sign,True,True,561.2,mtsd-p9
SAM 3,street sign,grp8_3799bcb2-side.jpg,E:\2. UM-Student\MSC Dissertation\Urban-Vision-Benchmark\Datasets\MTSD\Prepared\MTSD-Unaugmented\MTSD-YOLO\test\images\grp8_3799bcb2-side.jpg,676.39,1349.15,1170.27,2348.86,0.9648,street sign,True,True,561.2,mtsd-p9
SAM 3,street sign,grp8_3799bcb2-side.jpg,E:\2. UM-Student\MSC Dissertation\Urban-Vision-Benchmark\Datasets\MTSD\Prepared\MTSD-Unaugmented\MTSD-YOLO\test\images\grp8_3799bcb2-side.jpg,1125.08,2561.92,1405.0,2775.82,0.9141,street sign,True,True,561.2,mtsd-p9
SAM 3,street sign,grp8_3799bcb2-side.jpg,E:\2. UM-Student\MSC Dissertation\Urban-Vision-Benchmark\Datasets\MTSD\Prepared\MTSD-Unaugmented\MTSD-YOLO\test\images\grp8_3799bcb2-side.jpg,1073.25,3087.12,1157.83,3175.96,0.4434,street sign,True,True,561.2,mtsd-p9
SAM 3,street sign,grp8_3799bcb2-side.jpg,E:\2. UM-Student\MSC Dissertation\Urban-Vision-Benchmark\Datasets\MTSD\Prepared\MTSD-Unaugmented\MTSD-YOLO\test\images\grp8_3799bcb2-side.jpg,513.98,3290.37,750.24,3673.33,0.3281,street sign,True,True,561.2,mtsd-p9
SAM 3,street sign,grp8_3ab29317-front.jpg,E:\2. UM-Student\MSC Dissertation\Urban-Vision-Benchmark\Datasets\MTSD\Prepared\MTSD-Unaugmented\MTSD-YOLO\test\images\grp8_3ab29317-front.jpg,657.38,1354.89,1672.67,2438.67,0.9219,street sign,True,True,180.5,mtsd-p9
SAM 3,street sign,grp8_3ab29317-front.jpg,E:\2. UM-Student\MSC Dissertation\Urban-Vision-Benchmark\Datasets\MTSD\Prepared\MTSD-Unaugmented\MTSD-YOLO\test\images\grp8_3ab29317-front.jpg,655.32,1350.16,1671.97,4096.0,0.5508,street sign,True,True,180.5,mtsd-p9
SAM 3,street sign,grp8_3b4e798b-front.jpg,E:\2. UM-Student\MSC Dissertation\Urban-Vision-Benchmark\Datasets\MTSD\Prepared\MTSD-Unaugmented\MTSD-YOLO\test\images\grp8_3b4e798b-front.jpg,1835.56,3518.15,1907.68,3603.14,0.8594,street sign,True,True,250.0,mtsd-p9
SAM 3,street sign,grp8_3b4e798b-front.jpg,E:\2. UM-Student\MSC Dissertation\Urban-Vision-Benchmark\Datasets\MTSD\Prepared\MTSD-Unaugmented\MTSD-YOLO\test\images\grp8_3b4e798b-front.jpg,371.59,3442.6,473.93,3559.58,0.6016,street sign,True,True,250.0,mtsd-p9
SAM 3,street sign,grp8_3b4e798b-front.jpg,E:\2. UM-Student\MSC Dissertation\Urban-Vision-Benchmark\Datasets\MTSD\Prepared\MTSD-Unaugmented\MTSD-YOLO\test\images\grp8_3b4e798b-front.jpg,1858.58,3620.65,1884.09,3710.93,0.6211,street sign,True,True,250.0,mtsd-p9
SAM 3,street sign,grp8_3b4e798b-front.jpg,E:\2. UM-Student\MSC Dissertation\Urban-Vision-Benchmark\Datasets\MTSD\Prepared\MTSD-Unaugmented\MTSD-YOLO\test\images\grp8_3b4e798b-front.jpg,584.34,3607.22,661.58,3688.59,0.5508,street sign,True,True,250.0,mtsd-p9
SAM 3,street sign,grp8_3b4e798b-front.jpg,E:\2. UM-Student\MSC Dissertation\Urban-Vision-Benchmark\Datasets\MTSD\Prepared\MTSD-Unaugmented\MTSD-YOLO\test\images\grp8_3b4e798b-front.jpg,998.95,1710.36,1793.92,2579.92,0.9688,street sign,True,True,250.0,mtsd-p9
SAM 3,street sign,grp8_3e16c892-IMG_0188.JPG,E:\2. UM-Student\MSC Dissertation\Urban-Vision-Benchmark\Datasets\MTSD\Prepared\MTSD-Unaugmented\MTSD-YOLO\test\images\grp8_3e16c892-IMG_0188.JPG,,,,,,<no detections>,False,True,226.3,mtsd-p9
SAM 3,street sign,grp8_41de0558-Side.jpg,E:\2. UM-Student\MSC Dissertation\Urban-Vision-Benchmark\Datasets\MTSD\Prepared\MTSD-Unaugmented\MTSD-YOLO\test\images\grp8_41de0558-Side.jpg,899.22,442.55,1698.53,2336.07,0.3984,street sign,True,True,183.1,mtsd-p9
SAM 3,street sign,grp8_41de0558-Side.jpg,E:\2. UM-Student\MSC Dissertation\Urban-Vision-Benchmark\Datasets\MTSD\Prepared\MTSD-Unaugmented\MTSD-YOLO\test\images\grp8_41de0558-Side.jpg,488.05,442.04,1697.51,2348.16,0.4141,street sign,True,True,183.1,mtsd-p9
SAM 3,street sign,grp8_4682619f-back.jpg,E:\2. UM-Student\MSC Dissertation\Urban-Vision-Benchmark\Datasets\MTSD\Prepared\MTSD-Unaugmented\MTSD-YOLO\test\images\grp8_4682619f-back.jpg,2212.96,2797.51,2279.35,2873.4,0.7852,street sign,True,True,915.3,mtsd-p9
SAM 3,street sign,grp8_4682619f-back.jpg,E:\2. UM-Student\MSC Dissertation\Urban-Vision-Benchmark\Datasets\MTSD\Prepared\MTSD-Unaugmented\MTSD-YOLO\test\images\grp8_4682619f-back.jpg,3134.53,2867.98,3184.58,2966.28,0.4902,street sign,True,True,915.3,mtsd-p9
SAM 3,street sign,grp8_4682619f-back.jpg,E:\2. UM-Student\MSC Dissertation\Urban-Vision-Benchmark\Datasets\MTSD\Prepared\MTSD-Unaugmented\MTSD-YOLO\test\images\grp8_4682619f-back.jpg,1078.26,2913.4,1108.96,3022.39,0.3965,street sign,True,True,915.3,mtsd-p9
SAM 3,street sign,grp8_4682619f-back.jpg,E:\2. UM-Student\MSC Dissertation\Urban-Vision-Benchmark\Datasets\MTSD\Prepared\MTSD-Unaugmented\MTSD-YOLO\test\images\grp8_4682619f-back.jpg,2123.04,2866.03,2171.2,2929.38,0.7461,street sign,True,True,915.3,mtsd-p9
SAM 3,street sign,grp8_4682619f-back.jpg,E:\2. UM-Student\MSC Dissertation\Urban-Vision-Benchmark\Datasets\MTSD\Prepared\MTSD-Unaugmented\MTSD-YOLO\test\images\grp8_4682619f-back.jpg,2222.3,2885.56,2278.47,2952.3,0.7461,street sign,True,True,915.3,mtsd-p9
SAM 3,street sign,grp8_4682619f-back.jpg,E:\2. UM-Student\MSC Dissertation\Urban-Vision-Benchmark\Datasets\MTSD\Prepared\MTSD-Unaugmented\MTSD-YOLO\test\images\grp8_4682619f-back.jpg,3499.16,2824.3,3536.46,2908.93,0.3301,street sign,True,True,915.3,mtsd-p9
SAM 3,street sign,grp8_4682619f-back.jpg,E:\2. UM-Student\MSC Dissertation\Urban-Vision-Benchmark\Datasets\MTSD\Prepared\MTSD-Unaugmented\MTSD-YOLO\test\images\grp8_4682619f-back.jpg,2928.47,2891.37,3018.48,2979.8,0.8203,street sign,True,True,915.3,mtsd-p9
SAM 3,street sign,grp8_4682619f-back.jpg,E:\2. UM-Student\MSC Dissertation\Urban-Vision-Benchmark\Datasets\MTSD\Prepared\MTSD-Unaugmented\MTSD-YOLO\test\images\grp8_4682619f-back.jpg,1785.83,560.6,1940.88,796.46,0.3184,street sign,True,True,915.3,mtsd-p9
SAM 3,street sign,grp8_4682619f-back.jpg,E:\2. UM-Student\MSC Dissertation\Urban-Vision-Benchmark\Datasets\MTSD\Prepared\MTSD-Unaugmented\MTSD-YOLO\test\images\grp8_4682619f-back.jpg,1434.63,752.51,2662.4,1847.99,0.9023,street sign,True,True,915.3,mtsd-p9
SAM 3,street sign,grp8_4682619f-back.jpg,E:\2. UM-Student\MSC Dissertation\Urban-Vision-Benchmark\Datasets\MTSD\Prepared\MTSD-Unaugmented\MTSD-YOLO\test\images\grp8_4682619f-back.jpg,2906.47,2777.03,3013.75,2880.59,0.8086,street sign,True,True,915.3,mtsd-p9
SAM 3,street sign,grp8_4802289d-side.jpg,E:\2. UM-Student\MSC Dissertation\Urban-Vision-Benchmark\Datasets\MTSD\Prepared\MTSD-Unaugmented\MTSD-YOLO\test\images\grp8_4802289d-side.jpg,2971.66,3156.25,3000.0,3274.78,0.3164,street sign,True,True,222.2,mtsd-p9
SAM 3,street sign,grp8_4802289d-side.jpg,E:\2. UM-Student\MSC Dissertation\Urban-Vision-Benchmark\Datasets\MTSD\Prepared\MTSD-Unaugmented\MTSD-YOLO\test\images\grp8_4802289d-side.jpg,1322.61,1389.08,1651.16,2584.75,0.9453,street sign,True,True,222.2,mtsd-p9
SAM 3,street sign,grp8_4c496fb4-side.jpg,E:\2. UM-Student\MSC Dissertation\Urban-Vision-Benchmark\Datasets\MTSD\Prepared\MTSD-Unaugmented\MTSD-YOLO\test\images\grp8_4c496fb4-side.jpg,728.74,1274.17,973.2,2295.55,0.9648,street sign,True,True,199.0,mtsd-p9
SAM 3,street sign,grp8_4fe75feb-IMG_0243.JPG,E:\2. UM-Student\MSC Dissertation\Urban-Vision-Benchmark\Datasets\MTSD\Prepared\MTSD-Unaugmented\MTSD-YOLO\test\images\grp8_4fe75feb-IMG_0243.JPG,5621.86,0.0,5709.85,421.51,0.3125,street sign,True,True,1066.0,mtsd-p9
SAM 3,street sign,grp8_4fe75feb-IMG_0243.JPG,E:\2. UM-Student\MSC Dissertation\Urban-Vision-Benchmark\Datasets\MTSD\Prepared\MTSD-Unaugmented\MTSD-YOLO\test\images\grp8_4fe75feb-IMG_0243.JPG,4918.92,3793.94,5187.76,4069.38,0.8984,street sign,True,True,1066.0,mtsd-p9
SAM 3,street sign,grp8_4fe75feb-IMG_0243.JPG,E:\2. UM-Student\MSC Dissertation\Urban-Vision-Benchmark\Datasets\MTSD\Prepared\MTSD-Unaugmented\MTSD-YOLO\test\images\grp8_4fe75feb-IMG_0243.JPG,5202.73,3860.49,5434.84,4087.01,0.8945,street sign,True,True,1066.0,mtsd-p9
SAM 3,street sign,grp8_4fe75feb-IMG_0243.JPG,E:\2. UM-Student\MSC Dissertation\Urban-Vision-Benchmark\Datasets\MTSD\Prepared\MTSD-Unaugmented\MTSD-YOLO\test\images\grp8_4fe75feb-IMG_0243.JPG,5381.65,117.46,5441.9,174.36,0.6289,street sign,True,True,1066.0,mtsd-p9
SAM 3,street sign,grp8_4fe75feb-IMG_0243.JPG,E:\2. UM-Student\MSC Dissertation\Urban-Vision-Benchmark\Datasets\MTSD\Prepared\MTSD-Unaugmented\MTSD-YOLO\test\images\grp8_4fe75feb-IMG_0243.JPG,876.41,776.55,3460.29,3345.26,0.668,street sign,True,True,1066.0,mtsd-p9
SAM 3,street sign,grp8_4fe75feb-IMG_0243.JPG,E:\2. UM-Student\MSC Dissertation\Urban-Vision-Benchmark\Datasets\MTSD\Prepared\MTSD-Unaugmented\MTSD-YOLO\test\images\grp8_4fe75feb-IMG_0243.JPG,5359.49,232.71,5603.01,373.94,0.3828,street sign,True,True,1066.0,mtsd-p9
SAM 3,street sign,grp8_4fe75feb-IMG_0243.JPG,E:\2. UM-Student\MSC Dissertation\Urban-Vision-Benchmark\Datasets\MTSD\Prepared\MTSD-Unaugmented\MTSD-YOLO\test\images\grp8_4fe75feb-IMG_0243.JPG,878.19,769.3,5712.0,3350.08,0.5391,street sign,True,True,1066.0,mtsd-p9
SAM 3,street sign,grp8_4fe75feb-IMG_0243.JPG,E:\2. UM-Student\MSC Dissertation\Urban-Vision-Benchmark\Datasets\MTSD\Prepared\MTSD-Unaugmented\MTSD-YOLO\test\images\grp8_4fe75feb-IMG_0243.JPG,5551.98,996.4,5704.79,1137.54,0.3984,street sign,True,True,1066.0,mtsd-p9
SAM 3,street sign,grp8_4fe75feb-IMG_0243.JPG,E:\2. UM-Student\MSC Dissertation\Urban-Vision-Benchmark\Datasets\MTSD\Prepared\MTSD-Unaugmented\MTSD-YOLO\test\images\grp8_4fe75feb-IMG_0243.JPG,4622.18,4226.09,4876.8,4284.0,0.3418,street sign,True,True,1066.0,mtsd-p9
SAM 3,street sign,grp8_5043579c-side.jpg,E:\2. UM-Student\MSC Dissertation\Urban-Vision-Benchmark\Datasets\MTSD\Prepared\MTSD-Unaugmented\MTSD-YOLO\test\images\grp8_5043579c-side.jpg,1388.58,842.06,1926.83,2384.23,0.9375,street sign,True,True,171.9,mtsd-p9
SAM 3,street sign,grp8_5043579c-side.jpg,E:\2. UM-Student\MSC Dissertation\Urban-Vision-Benchmark\Datasets\MTSD\Prepared\MTSD-Unaugmented\MTSD-YOLO\test\images\grp8_5043579c-side.jpg,1399.22,851.83,1929.69,4000.0,0.3242,street sign,True,True,171.9,mtsd-p9
SAM 3,street sign,grp8_555bcf3a-front.jpg,E:\2. UM-Student\MSC Dissertation\Urban-Vision-Benchmark\Datasets\MTSD\Prepared\MTSD-Unaugmented\MTSD-YOLO\test\images\grp8_555bcf3a-front.jpg,1303.69,828.75,2146.73,4000.0,0.375,street sign,True,True,200.2,mtsd-p9
SAM 3,street sign,grp8_555bcf3a-front.jpg,E:\2. UM-Student\MSC Dissertation\Urban-Vision-Benchmark\Datasets\MTSD\Prepared\MTSD-Unaugmented\MTSD-YOLO\test\images\grp8_555bcf3a-front.jpg,1308.74,832.99,2148.31,1709.47,0.4766,street sign,True,True,200.2,mtsd-p9
SAM 3,street sign,grp8_562e48f6-front.jpg,E:\2. UM-Student\MSC Dissertation\Urban-Vision-Benchmark\Datasets\MTSD\Prepared\MTSD-Unaugmented\MTSD-YOLO\test\images\grp8_562e48f6-front.jpg,1400.67,930.05,2590.7,3014.49,0.3066,street sign,True,True,198.2,mtsd-p9
SAM 3,street sign,grp8_562e48f6-front.jpg,E:\2. UM-Student\MSC Dissertation\Urban-Vision-Benchmark\Datasets\MTSD\Prepared\MTSD-Unaugmented\MTSD-YOLO\test\images\grp8_562e48f6-front.jpg,1347.11,1689.85,2627.26,2789.42,0.9219,street sign,True,True,198.2,mtsd-p9
SAM 3,street sign,grp8_562e48f6-front.jpg,E:\2. UM-Student\MSC Dissertation\Urban-Vision-Benchmark\Datasets\MTSD\Prepared\MTSD-Unaugmented\MTSD-YOLO\test\images\grp8_562e48f6-front.jpg,1431.62,936.91,2561.43,1686.62,0.9453,street sign,True,True,198.2,mtsd-p9
SAM 3,street sign,grp8_58176912-front.jpg,E:\2. UM-Student\MSC Dissertation\Urban-Vision-Benchmark\Datasets\MTSD\Prepared\MTSD-Unaugmented\MTSD-YOLO\test\images\grp8_58176912-front.jpg,1612.0,735.34,2616.42,1800.22,0.6289,street sign,True,True,187.3,mtsd-p9
SAM 3,street sign,grp8_58176912-front.jpg,E:\2. UM-Student\MSC Dissertation\Urban-Vision-Benchmark\Datasets\MTSD\Prepared\MTSD-Unaugmented\MTSD-YOLO\test\images\grp8_58176912-front.jpg,1609.49,741.48,2621.43,3024.0,0.5469,street sign,True,True,187.3,mtsd-p9
SAM 3,street sign,grp8_58176912-front.jpg,E:\2. UM-Student\MSC Dissertation\Urban-Vision-Benchmark\Datasets\MTSD\Prepared\MTSD-Unaugmented\MTSD-YOLO\test\images\grp8_58176912-front.jpg,2316.69,1263.18,2352.02,1295.78,0.5859,street sign,True,True,187.3,mtsd-p9
SAM 3,street sign,grp8_58621eda-IMG_0203.JPG,E:\2. UM-Student\MSC Dissertation\Urban-Vision-Benchmark\Datasets\MTSD\Prepared\MTSD-Unaugmented\MTSD-YOLO\test\images\grp8_58621eda-IMG_0203.JPG,1439.08,1162.62,3764.97,2765.96,0.8945,street sign,True,True,304.5,mtsd-p9
SAM 3,street sign,grp8_59dbbf2e-side.jpg,E:\2. UM-Student\MSC Dissertation\Urban-Vision-Benchmark\Datasets\MTSD\Prepared\MTSD-Unaugmented\MTSD-YOLO\test\images\grp8_59dbbf2e-side.jpg,1822.57,1137.95,2103.39,1883.56,0.6641,street sign,True,True,406.7,mtsd-p9
SAM 3,street sign,grp8_59dbbf2e-side.jpg,E:\2. UM-Student\MSC Dissertation\Urban-Vision-Benchmark\Datasets\MTSD\Prepared\MTSD-Unaugmented\MTSD-YOLO\test\images\grp8_59dbbf2e-side.jpg,492.83,2482.31,681.25,3024.0,0.5312,street sign,True,True,406.7,mtsd-p9
SAM 3,street sign,grp8_59dbbf2e-side.jpg,E:\2. UM-Student\MSC Dissertation\Urban-Vision-Benchmark\Datasets\MTSD\Prepared\MTSD-Unaugmented\MTSD-YOLO\test\images\grp8_59dbbf2e-side.jpg,525.91,2485.09,678.52,2683.33,0.8438,street sign,True,True,406.7,mtsd-p9
SAM 3,street sign,grp8_59dbbf2e-side.jpg,E:\2. UM-Student\MSC Dissertation\Urban-Vision-Benchmark\Datasets\MTSD\Prepared\MTSD-Unaugmented\MTSD-YOLO\test\images\grp8_59dbbf2e-side.jpg,1822.17,1131.61,2154.38,3024.0,0.4453,street sign,True,True,406.7,mtsd-p9
SAM 3,street sign,grp8_59dbbf2e-side.jpg,E:\2. UM-Student\MSC Dissertation\Urban-Vision-Benchmark\Datasets\MTSD\Prepared\MTSD-Unaugmented\MTSD-YOLO\test\images\grp8_59dbbf2e-side.jpg,531.01,2679.56,602.97,2781.46,0.7383,street sign,True,True,406.7,mtsd-p9
SAM 3,street sign,grp8_5abf970a-side.jpg,E:\2. UM-Student\MSC Dissertation\Urban-Vision-Benchmark\Datasets\MTSD\Prepared\MTSD-Unaugmented\MTSD-YOLO\test\images\grp8_5abf970a-side.jpg,1873.66,724.17,2259.86,2091.22,0.957,street sign,True,True,189.5,mtsd-p9
SAM 3,street sign,grp8_5f257ae9-IMG_0112.jpg,E:\2. UM-Student\MSC Dissertation\Urban-Vision-Benchmark\Datasets\MTSD\Prepared\MTSD-Unaugmented\MTSD-YOLO\test\images\grp8_5f257ae9-IMG_0112.jpg,1202.86,1147.59,3843.21,3904.45,0.918,street sign,True,True,478.5,mtsd-p9
SAM 3,street sign,grp8_646a4174-side.jpg,E:\2. UM-Student\MSC Dissertation\Urban-Vision-Benchmark\Datasets\MTSD\Prepared\MTSD-Unaugmented\MTSD-YOLO\test\images\grp8_646a4174-side.jpg,908.85,956.7,1810.11,2826.22,0.8828,street sign,True,True,186.0,mtsd-p9
SAM 3,street sign,grp8_646a4174-side.jpg,E:\2. UM-Student\MSC Dissertation\Urban-Vision-Benchmark\Datasets\MTSD\Prepared\MTSD-Unaugmented\MTSD-YOLO\test\images\grp8_646a4174-side.jpg,908.91,870.6,1813.85,3982.77,0.3105,street sign,True,True,186.0,mtsd-p9
SAM 3,street sign,grp8_646a4174-side.jpg,E:\2. UM-Student\MSC Dissertation\Urban-Vision-Benchmark\Datasets\MTSD\Prepared\MTSD-Unaugmented\MTSD-YOLO\test\images\grp8_646a4174-side.jpg,996.6,858.55,1781.2,2317.96,0.832,street sign,True,True,186.0,mtsd-p9
SAM 3,street sign,grp8_6b72502b-back.jpg,E:\2. UM-Student\MSC Dissertation\Urban-Vision-Benchmark\Datasets\MTSD\Prepared\MTSD-Unaugmented\MTSD-YOLO\test\images\grp8_6b72502b-back.jpg,507.09,869.63,1846.13,4096.0,0.6523,street sign,True,True,196.6,mtsd-p9
SAM 3,street sign,grp8_6b72502b-back.jpg,E:\2. UM-Student\MSC Dissertation\Urban-Vision-Benchmark\Datasets\MTSD\Prepared\MTSD-Unaugmented\MTSD-YOLO\test\images\grp8_6b72502b-back.jpg,510.72,861.55,1843.81,2262.34,0.8672,street sign,True,True,196.6,mtsd-p9
SAM 3,street sign,grp8_70a9ea7f-side.jpg,E:\2. UM-Student\MSC Dissertation\Urban-Vision-Benchmark\Datasets\MTSD\Prepared\MTSD-Unaugmented\MTSD-YOLO\test\images\grp8_70a9ea7f-side.jpg,99.26,3698.39,302.64,3932.23,0.9414,street sign,True,True,173.7,mtsd-p9
SAM 3,street sign,grp8_70a9ea7f-side.jpg,E:\2. UM-Student\MSC Dissertation\Urban-Vision-Benchmark\Datasets\MTSD\Prepared\MTSD-Unaugmented\MTSD-YOLO\test\images\grp8_70a9ea7f-side.jpg,982.64,515.59,1668.34,1548.15,0.9727,street sign,True,True,173.7,mtsd-p9
SAM 3,street sign,grp8_73e17aa1-back.jpg,E:\2. UM-Student\MSC Dissertation\Urban-Vision-Benchmark\Datasets\MTSD\Prepared\MTSD-Unaugmented\MTSD-YOLO\test\images\grp8_73e17aa1-back.jpg,,,,,,<no detections>,False,True,150.6,mtsd-p9
SAM 3,street sign,grp8_74a729c2-IMG_0138.jpg,E:\2. UM-Student\MSC Dissertation\Urban-Vision-Benchmark\Datasets\MTSD\Prepared\MTSD-Unaugmented\MTSD-YOLO\test\images\grp8_74a729c2-IMG_0138.jpg,916.07,5198.11,1077.66,5326.46,0.7539,street sign,True,True,284.8,mtsd-p9
SAM 3,street sign,grp8_74a729c2-IMG_0138.jpg,E:\2. UM-Student\MSC Dissertation\Urban-Vision-Benchmark\Datasets\MTSD\Prepared\MTSD-Unaugmented\MTSD-YOLO\test\images\grp8_74a729c2-IMG_0138.jpg,1160.43,880.76,3318.16,5712.0,0.4141,street sign,True,True,284.8,mtsd-p9
SAM 3,street sign,grp8_74a729c2-IMG_0138.jpg,E:\2. UM-Student\MSC Dissertation\Urban-Vision-Benchmark\Datasets\MTSD\Prepared\MTSD-Unaugmented\MTSD-YOLO\test\images\grp8_74a729c2-IMG_0138.jpg,1161.99,2640.96,3420.07,4905.0,0.8906,street sign,True,True,284.8,mtsd-p9
SAM 3,street sign,grp8_74a729c2-IMG_0138.jpg,E:\2. UM-Student\MSC Dissertation\Urban-Vision-Benchmark\Datasets\MTSD\Prepared\MTSD-Unaugmented\MTSD-YOLO\test\images\grp8_74a729c2-IMG_0138.jpg,1164.51,860.61,3220.68,2665.89,0.8828,street sign,True,True,284.8,mtsd-p9
SAM 3,street sign,grp8_74a729c2-IMG_0138.jpg,E:\2. UM-Student\MSC Dissertation\Urban-Vision-Benchmark\Datasets\MTSD\Prepared\MTSD-Unaugmented\MTSD-YOLO\test\images\grp8_74a729c2-IMG_0138.jpg,910.16,5194.99,1079.86,5712.0,0.3906,street sign,True,True,284.8,mtsd-p9
SAM 3,street sign,grp8_77233a9d-IMG_0190_Blurred.JPG,E:\2. UM-Student\MSC Dissertation\Urban-Vision-Benchmark\Datasets\MTSD\Prepared\MTSD-Unaugmented\MTSD-YOLO\test\images\grp8_77233a9d-IMG_0190_Blurred.JPG,1504.67,4205.82,1563.02,4373.19,0.4941,street sign,True,True,1085.7,mtsd-p9
SAM 3,street sign,grp8_77233a9d-IMG_0190_Blurred.JPG,E:\2. UM-Student\MSC Dissertation\Urban-Vision-Benchmark\Datasets\MTSD\Prepared\MTSD-Unaugmented\MTSD-YOLO\test\images\grp8_77233a9d-IMG_0190_Blurred.JPG,398.2,4705.87,492.96,4785.21,0.5156,street sign,True,True,1085.7,mtsd-p9
SAM 3,street sign,grp8_77233a9d-IMG_0190_Blurred.JPG,E:\2. UM-Student\MSC Dissertation\Urban-Vision-Benchmark\Datasets\MTSD\Prepared\MTSD-Unaugmented\MTSD-YOLO\test\images\grp8_77233a9d-IMG_0190_Blurred.JPG,3917.11,4699.41,3992.89,4798.17,0.8008,street sign,True,True,1085.7,mtsd-p9
SAM 3,street sign,grp8_77233a9d-IMG_0190_Blurred.JPG,E:\2. UM-Student\MSC Dissertation\Urban-Vision-Benchmark\Datasets\MTSD\Prepared\MTSD-Unaugmented\MTSD-YOLO\test\images\grp8_77233a9d-IMG_0190_Blurred.JPG,773.34,4698.29,928.8,4764.15,0.7266,street sign,True,True,1085.7,mtsd-p9
SAM 3,street sign,grp8_77233a9d-IMG_0190_Blurred.JPG,E:\2. UM-Student\MSC Dissertation\Urban-Vision-Benchmark\Datasets\MTSD\Prepared\MTSD-Unaugmented\MTSD-YOLO\test\images\grp8_77233a9d-IMG_0190_Blurred.JPG,778.47,4645.29,930.68,4710.74,0.7695,street sign,True,True,1085.7,mtsd-p9
SAM 3,street sign,grp8_77233a9d-IMG_0190_Blurred.JPG,E:\2. UM-Student\MSC Dissertation\Urban-Vision-Benchmark\Datasets\MTSD\Prepared\MTSD-Unaugmented\MTSD-YOLO\test\images\grp8_77233a9d-IMG_0190_Blurred.JPG,1820.53,1546.34,2948.16,4410.12,0.75,street sign,True,True,1085.7,mtsd-p9
SAM 3,street sign,grp8_77233a9d-IMG_0190_Blurred.JPG,E:\2. UM-Student\MSC Dissertation\Urban-Vision-Benchmark\Datasets\MTSD\Prepared\MTSD-Unaugmented\MTSD-YOLO\test\images\grp8_77233a9d-IMG_0190_Blurred.JPG,581.38,4614.59,707.36,4690.95,0.8125,street sign,True,True,1085.7,mtsd-p9
SAM 3,street sign,grp8_77233a9d-IMG_0190_Blurred.JPG,E:\2. UM-Student\MSC Dissertation\Urban-Vision-Benchmark\Datasets\MTSD\Prepared\MTSD-Unaugmented\MTSD-YOLO\test\images\grp8_77233a9d-IMG_0190_Blurred.JPG,3922.83,4694.09,4013.72,5060.35,0.3086,street sign,True,True,1085.7,mtsd-p9
SAM 3,street sign,grp8_77233a9d-IMG_0190_Blurred.JPG,E:\2. UM-Student\MSC Dissertation\Urban-Vision-Benchmark\Datasets\MTSD\Prepared\MTSD-Unaugmented\MTSD-YOLO\test\images\grp8_77233a9d-IMG_0190_Blurred.JPG,1030.94,1341.9,2276.91,4334.23,0.918,street sign,True,True,1085.7,mtsd-p9
SAM 3,street sign,grp8_77233a9d-IMG_0190_Blurred.JPG,E:\2. UM-Student\MSC Dissertation\Urban-Vision-Benchmark\Datasets\MTSD\Prepared\MTSD-Unaugmented\MTSD-YOLO\test\images\grp8_77233a9d-IMG_0190_Blurred.JPG,1153.23,1393.74,2954.49,5712.0,0.3535,street sign,True,True,1085.7,mtsd-p9
SAM 3,street sign,grp8_7cc436b9-Back.jpg,E:\2. UM-Student\MSC Dissertation\Urban-Vision-Benchmark\Datasets\MTSD\Prepared\MTSD-Unaugmented\MTSD-YOLO\test\images\grp8_7cc436b9-Back.jpg,987.35,3233.31,1082.1,3850.46,0.4844,street sign,True,True,229.0,mtsd-p9
SAM 3,street sign,grp8_7cc436b9-Back.jpg,E:\2. UM-Student\MSC Dissertation\Urban-Vision-Benchmark\Datasets\MTSD\Prepared\MTSD-Unaugmented\MTSD-YOLO\test\images\grp8_7cc436b9-Back.jpg,987.53,3231.49,1079.96,3357.14,0.4727,street sign,True,True,229.0,mtsd-p9
SAM 3,street sign,grp8_7cc436b9-Back.jpg,E:\2. UM-Student\MSC Dissertation\Urban-Vision-Benchmark\Datasets\MTSD\Prepared\MTSD-Unaugmented\MTSD-YOLO\test\images\grp8_7cc436b9-Back.jpg,671.52,993.13,1746.73,4096.0,0.5547,street sign,True,True,229.0,mtsd-p9
SAM 3,street sign,grp8_7cc436b9-Back.jpg,E:\2. UM-Student\MSC Dissertation\Urban-Vision-Benchmark\Datasets\MTSD\Prepared\MTSD-Unaugmented\MTSD-YOLO\test\images\grp8_7cc436b9-Back.jpg,668.71,1002.62,1748.89,1991.47,0.832,street sign,True,True,229.0,mtsd-p9
SAM 3,street sign,grp8_838e07cd-IMG_0097.jpg,E:\2. UM-Student\MSC Dissertation\Urban-Vision-Benchmark\Datasets\MTSD\Prepared\MTSD-Unaugmented\MTSD-YOLO\test\images\grp8_838e07cd-IMG_0097.jpg,976.52,1154.58,3250.18,5700.51,0.4531,street sign,True,True,492.7,mtsd-p9
SAM 3,street sign,grp8_838e07cd-IMG_0097.jpg,E:\2. UM-Student\MSC Dissertation\Urban-Vision-Benchmark\Datasets\MTSD\Prepared\MTSD-Unaugmented\MTSD-YOLO\test\images\grp8_838e07cd-IMG_0097.jpg,940.32,2737.3,3298.99,5110.3,0.8789,street sign,True,True,492.7,mtsd-p9
SAM 3,street sign,grp8_838e07cd-IMG_0097.jpg,E:\2. UM-Student\MSC Dissertation\Urban-Vision-Benchmark\Datasets\MTSD\Prepared\MTSD-Unaugmented\MTSD-YOLO\test\images\grp8_838e07cd-IMG_0097.jpg,1005.68,1151.61,2972.2,2768.82,0.8984,street sign,True,True,492.7,mtsd-p9
SAM 3,street sign,grp8_87d39243-IMG_0210.JPG,E:\2. UM-Student\MSC Dissertation\Urban-Vision-Benchmark\Datasets\MTSD\Prepared\MTSD-Unaugmented\MTSD-YOLO\test\images\grp8_87d39243-IMG_0210.JPG,1961.16,1115.56,3618.31,3168.17,0.3613,street sign,True,True,252.4,mtsd-p9
SAM 3,street sign,grp8_87d39243-IMG_0210.JPG,E:\2. UM-Student\MSC Dissertation\Urban-Vision-Benchmark\Datasets\MTSD\Prepared\MTSD-Unaugmented\MTSD-YOLO\test\images\grp8_87d39243-IMG_0210.JPG,1977.01,1120.78,5712.0,3164.7,0.3047,street sign,True,True,252.4,mtsd-p9
SAM 3,street sign,grp8_8bd74996-side.jpg,E:\2. UM-Student\MSC Dissertation\Urban-Vision-Benchmark\Datasets\MTSD\Prepared\MTSD-Unaugmented\MTSD-YOLO\test\images\grp8_8bd74996-side.jpg,2439.3,2590.7,2651.7,3016.0,0.3848,street sign,True,True,230.2,mtsd-p9
SAM 3,street sign,grp8_8bd74996-side.jpg,E:\2. UM-Student\MSC Dissertation\Urban-Vision-Benchmark\Datasets\MTSD\Prepared\MTSD-Unaugmented\MTSD-YOLO\test\images\grp8_8bd74996-side.jpg,1890.08,954.86,2161.83,1809.35,0.9062,street sign,True,True,230.2,mtsd-p9
SAM 3,street sign,grp8_8bd74996-side.jpg,E:\2. UM-Student\MSC Dissertation\Urban-Vision-Benchmark\Datasets\MTSD\Prepared\MTSD-Unaugmented\MTSD-YOLO\test\images\grp8_8bd74996-side.jpg,1889.8,953.73,2159.55,3024.0,0.6016,street sign,True,True,230.2,mtsd-p9
SAM 3,street sign,grp8_8bd74996-side.jpg,E:\2. UM-Student\MSC Dissertation\Urban-Vision-Benchmark\Datasets\MTSD\Prepared\MTSD-Unaugmented\MTSD-YOLO\test\images\grp8_8bd74996-side.jpg,2447.69,2587.93,2621.06,2621.83,0.332,street sign,True,True,230.2,mtsd-p9
SAM 3,street sign,grp8_8dc5354c-IMG_0141.JPG,E:\2. UM-Student\MSC Dissertation\Urban-Vision-Benchmark\Datasets\MTSD\Prepared\MTSD-Unaugmented\MTSD-YOLO\test\images\grp8_8dc5354c-IMG_0141.JPG,1415.44,1160.21,2991.15,3089.7,0.957,street sign,True,True,243.0,mtsd-p9
SAM 3,street sign,grp8_8e544be4-side.jpg,E:\2. UM-Student\MSC Dissertation\Urban-Vision-Benchmark\Datasets\MTSD\Prepared\MTSD-Unaugmented\MTSD-YOLO\test\images\grp8_8e544be4-side.jpg,1650.98,1983.16,1885.21,2126.1,0.4219,street sign,True,True,198.2,mtsd-p9
SAM 3,street sign,grp8_8e544be4-side.jpg,E:\2. UM-Student\MSC Dissertation\Urban-Vision-Benchmark\Datasets\MTSD\Prepared\MTSD-Unaugmented\MTSD-YOLO\test\images\grp8_8e544be4-side.jpg,1533.08,1023.49,1958.21,3998.26,0.3242,street sign,True,True,198.2,mtsd-p9
SAM 3,street sign,grp8_8e544be4-side.jpg,E:\2. UM-Student\MSC Dissertation\Urban-Vision-Benchmark\Datasets\MTSD\Prepared\MTSD-Unaugmented\MTSD-YOLO\test\images\grp8_8e544be4-side.jpg,1358.42,2631.92,2256.05,3323.38,0.7266,street sign,True,True,198.2,mtsd-p9
SAM 3,street sign,grp8_8e544be4-side.jpg,E:\2. UM-Student\MSC Dissertation\Urban-Vision-Benchmark\Datasets\MTSD\Prepared\MTSD-Unaugmented\MTSD-YOLO\test\images\grp8_8e544be4-side.jpg,1547.14,1031.03,1951.64,2123.58,0.9453,street sign,True,True,198.2,mtsd-p9
SAM 3,street sign,grp8_8edb630b-IMG_0208.JPG,E:\2. UM-Student\MSC Dissertation\Urban-Vision-Benchmark\Datasets\MTSD\Prepared\MTSD-Unaugmented\MTSD-YOLO\test\images\grp8_8edb630b-IMG_0208.JPG,1905.61,1134.54,3364.33,3010.37,0.9688,street sign,True,True,288.4,mtsd-p9
SAM 3,street sign,grp8_8ff667a0-IMG_0209.JPG,E:\2. UM-Student\MSC Dissertation\Urban-Vision-Benchmark\Datasets\MTSD\Prepared\MTSD-Unaugmented\MTSD-YOLO\test\images\grp8_8ff667a0-IMG_0209.JPG,1710.28,1788.46,3744.17,2773.05,0.9141,street sign,True,True,503.8,mtsd-p9
SAM 3,street sign,grp8_9a101d8f-side.jpg,E:\2. UM-Student\MSC Dissertation\Urban-Vision-Benchmark\Datasets\MTSD\Prepared\MTSD-Unaugmented\MTSD-YOLO\test\images\grp8_9a101d8f-side.jpg,2310.78,2891.91,2425.96,2958.02,0.3633,street sign,True,True,190.2,mtsd-p9
SAM 3,street sign,grp8_9a101d8f-side.jpg,E:\2. UM-Student\MSC Dissertation\Urban-Vision-Benchmark\Datasets\MTSD\Prepared\MTSD-Unaugmented\MTSD-YOLO\test\images\grp8_9a101d8f-side.jpg,1227.83,419.96,1704.68,4000.0,0.4258,street sign,True,True,190.2,mtsd-p9
SAM 3,street sign,grp8_9a101d8f-side.jpg,E:\2. UM-Student\MSC Dissertation\Urban-Vision-Benchmark\Datasets\MTSD\Prepared\MTSD-Unaugmented\MTSD-YOLO\test\images\grp8_9a101d8f-side.jpg,1302.67,413.53,1707.66,2199.73,0.9531,street sign,True,True,190.2,mtsd-p9
SAM 3,street sign,grp8_9f69e083-Front.jpg,E:\2. UM-Student\MSC Dissertation\Urban-Vision-Benchmark\Datasets\MTSD\Prepared\MTSD-Unaugmented\MTSD-YOLO\test\images\grp8_9f69e083-Front.jpg,947.62,1680.61,1424.34,2154.91,0.9336,street sign,True,True,233.5,mtsd-p9
SAM 3,street sign,grp8_9f69e083-Front.jpg,E:\2. UM-Student\MSC Dissertation\Urban-Vision-Benchmark\Datasets\MTSD\Prepared\MTSD-Unaugmented\MTSD-YOLO\test\images\grp8_9f69e083-Front.jpg,717.36,1516.08,885.87,1843.5,0.5781,street sign,True,True,233.5,mtsd-p9
SAM 3,street sign,grp8_a27e76cc-back.jpg,E:\2. UM-Student\MSC Dissertation\Urban-Vision-Benchmark\Datasets\MTSD\Prepared\MTSD-Unaugmented\MTSD-YOLO\test\images\grp8_a27e76cc-back.jpg,948.74,1329.1,2082.98,2251.16,0.7539,street sign,True,True,180.3,mtsd-p9
SAM 3,street sign,grp8_a27e76cc-back.jpg,E:\2. UM-Student\MSC Dissertation\Urban-Vision-Benchmark\Datasets\MTSD\Prepared\MTSD-Unaugmented\MTSD-YOLO\test\images\grp8_a27e76cc-back.jpg,947.56,1325.75,2082.35,4000.0,0.5977,street sign,True,True,180.3,mtsd-p9
SAM 3,street sign,grp8_aa3bff09-side.jpg,E:\2. UM-Student\MSC Dissertation\Urban-Vision-Benchmark\Datasets\MTSD\Prepared\MTSD-Unaugmented\MTSD-YOLO\test\images\grp8_aa3bff09-side.jpg,1392.29,1502.86,2043.62,1895.78,0.875,street sign,True,True,178.4,mtsd-p9
SAM 3,street sign,grp8_aa3bff09-side.jpg,E:\2. UM-Student\MSC Dissertation\Urban-Vision-Benchmark\Datasets\MTSD\Prepared\MTSD-Unaugmented\MTSD-YOLO\test\images\grp8_aa3bff09-side.jpg,1027.93,1026.56,1363.02,2034.99,0.9609,street sign,True,True,178.4,mtsd-p9
SAM 3,street sign,grp8_aafe9a1b-front.jpg,E:\2. UM-Student\MSC Dissertation\Urban-Vision-Benchmark\Datasets\MTSD\Prepared\MTSD-Unaugmented\MTSD-YOLO\test\images\grp8_aafe9a1b-front.jpg,1102.49,787.7,2053.5,1710.69,0.9648,street sign,True,True,186.6,mtsd-p9
SAM 3,street sign,grp8_ad4861cb-back.jpg,E:\2. UM-Student\MSC Dissertation\Urban-Vision-Benchmark\Datasets\MTSD\Prepared\MTSD-Unaugmented\MTSD-YOLO\test\images\grp8_ad4861cb-back.jpg,1547.64,839.43,2592.39,3024.0,0.3613,street sign,True,True,211.5,mtsd-p9
SAM 3,street sign,grp8_ad4861cb-back.jpg,E:\2. UM-Student\MSC Dissertation\Urban-Vision-Benchmark\Datasets\MTSD\Prepared\MTSD-Unaugmented\MTSD-YOLO\test\images\grp8_ad4861cb-back.jpg,4003.18,340.49,4032.0,612.31,0.3027,street sign,True,True,211.5,mtsd-p9
SAM 3,street sign,grp8_ad4861cb-back.jpg,E:\2. UM-Student\MSC Dissertation\Urban-Vision-Benchmark\Datasets\MTSD\Prepared\MTSD-Unaugmented\MTSD-YOLO\test\images\grp8_ad4861cb-back.jpg,1563.54,1652.27,2305.06,2442.73,0.9023,street sign,True,True,211.5,mtsd-p9
SAM 3,street sign,grp8_ad4861cb-back.jpg,E:\2. UM-Student\MSC Dissertation\Urban-Vision-Benchmark\Datasets\MTSD\Prepared\MTSD-Unaugmented\MTSD-YOLO\test\images\grp8_ad4861cb-back.jpg,1538.83,823.0,2608.63,1808.73,0.9258,street sign,True,True,211.5,mtsd-p9
SAM 3,street sign,grp8_aeadaf7d-Side.jpg,E:\2. UM-Student\MSC Dissertation\Urban-Vision-Benchmark\Datasets\MTSD\Prepared\MTSD-Unaugmented\MTSD-YOLO\test\images\grp8_aeadaf7d-Side.jpg,761.87,2802.98,812.13,2884.24,0.4258,street sign,True,True,566.2,mtsd-p9
SAM 3,street sign,grp8_aeadaf7d-Side.jpg,E:\2. UM-Student\MSC Dissertation\Urban-Vision-Benchmark\Datasets\MTSD\Prepared\MTSD-Unaugmented\MTSD-YOLO\test\images\grp8_aeadaf7d-Side.jpg,1184.18,2808.17,1224.07,2873.3,0.5352,street sign,True,True,566.2,mtsd-p9
SAM 3,street sign,grp8_aeadaf7d-Side.jpg,E:\2. UM-Student\MSC Dissertation\Urban-Vision-Benchmark\Datasets\MTSD\Prepared\MTSD-Unaugmented\MTSD-YOLO\test\images\grp8_aeadaf7d-Side.jpg,763.05,718.33,1430.49,2171.24,0.9492,street sign,True,True,566.2,mtsd-p9
SAM 3,street sign,grp8_aec35ad8-back.jpg,E:\2. UM-Student\MSC Dissertation\Urban-Vision-Benchmark\Datasets\MTSD\Prepared\MTSD-Unaugmented\MTSD-YOLO\test\images\grp8_aec35ad8-back.jpg,1068.62,712.88,2800.45,1876.08,0.9219,street sign,True,True,518.9,mtsd-p9
SAM 3,street sign,grp8_aec35ad8-back.jpg,E:\2. UM-Student\MSC Dissertation\Urban-Vision-Benchmark\Datasets\MTSD\Prepared\MTSD-Unaugmented\MTSD-YOLO\test\images\grp8_aec35ad8-back.jpg,1020.3,1848.81,2859.05,2486.57,0.9219,street sign,True,True,518.9,mtsd-p9
SAM 3,street sign,grp8_aec35ad8-back.jpg,E:\2. UM-Student\MSC Dissertation\Urban-Vision-Benchmark\Datasets\MTSD\Prepared\MTSD-Unaugmented\MTSD-YOLO\test\images\grp8_aec35ad8-back.jpg,643.19,2970.59,728.22,3024.0,0.6406,street sign,True,True,518.9,mtsd-p9
SAM 3,street sign,grp8_aec35ad8-back.jpg,E:\2. UM-Student\MSC Dissertation\Urban-Vision-Benchmark\Datasets\MTSD\Prepared\MTSD-Unaugmented\MTSD-YOLO\test\images\grp8_aec35ad8-back.jpg,1084.69,7.21,2837.94,3013.26,0.4629,street sign,True,True,518.9,mtsd-p9
SAM 3,street sign,grp8_aec35ad8-back.jpg,E:\2. UM-Student\MSC Dissertation\Urban-Vision-Benchmark\Datasets\MTSD\Prepared\MTSD-Unaugmented\MTSD-YOLO\test\images\grp8_aec35ad8-back.jpg,1215.22,0.0,2625.39,702.85,0.9336,street sign,True,True,518.9,mtsd-p9
SAM 3,street sign,grp8_b1123daa-front.jpg,E:\2. UM-Student\MSC Dissertation\Urban-Vision-Benchmark\Datasets\MTSD\Prepared\MTSD-Unaugmented\MTSD-YOLO\test\images\grp8_b1123daa-front.jpg,457.88,1821.63,599.96,2478.76,0.4883,street sign,True,True,188.1,mtsd-p9
SAM 3,street sign,grp8_b1123daa-front.jpg,E:\2. UM-Student\MSC Dissertation\Urban-Vision-Benchmark\Datasets\MTSD\Prepared\MTSD-Unaugmented\MTSD-YOLO\test\images\grp8_b1123daa-front.jpg,611.8,1391.93,1778.75,2424.59,0.9531,street sign,True,True,188.1,mtsd-p9
SAM 3,street sign,grp8_b1123daa-front.jpg,E:\2. UM-Student\MSC Dissertation\Urban-Vision-Benchmark\Datasets\MTSD\Prepared\MTSD-Unaugmented\MTSD-YOLO\test\images\grp8_b1123daa-front.jpg,1485.7,3937.96,1576.82,4096.0,0.8125,street sign,True,True,188.1,mtsd-p9
SAM 3,street sign,grp8_b6ae6e3d-back.jpg,E:\2. UM-Student\MSC Dissertation\Urban-Vision-Benchmark\Datasets\MTSD\Prepared\MTSD-Unaugmented\MTSD-YOLO\test\images\grp8_b6ae6e3d-back.jpg,1131.39,2982.41,1208.13,3057.98,0.8086,street sign,True,True,343.2,mtsd-p9
SAM 3,street sign,grp8_b6ae6e3d-back.jpg,E:\2. UM-Student\MSC Dissertation\Urban-Vision-Benchmark\Datasets\MTSD\Prepared\MTSD-Unaugmented\MTSD-YOLO\test\images\grp8_b6ae6e3d-back.jpg,948.95,1525.43,2087.48,2647.36,0.8594,street sign,True,True,343.2,mtsd-p9
SAM 3,street sign,grp8_b6ae6e3d-back.jpg,E:\2. UM-Student\MSC Dissertation\Urban-Vision-Benchmark\Datasets\MTSD\Prepared\MTSD-Unaugmented\MTSD-YOLO\test\images\grp8_b6ae6e3d-back.jpg,1141.45,3074.89,1184.38,3140.15,0.5352,street sign,True,True,343.2,mtsd-p9
SAM 3,street sign,grp8_b6ae6e3d-back.jpg,E:\2. UM-Student\MSC Dissertation\Urban-Vision-Benchmark\Datasets\MTSD\Prepared\MTSD-Unaugmented\MTSD-YOLO\test\images\grp8_b6ae6e3d-back.jpg,1143.01,3045.17,1195.33,3106.82,0.5703,street sign,True,True,343.2,mtsd-p9
SAM 3,street sign,grp8_b6ae6e3d-back.jpg,E:\2. UM-Student\MSC Dissertation\Urban-Vision-Benchmark\Datasets\MTSD\Prepared\MTSD-Unaugmented\MTSD-YOLO\test\images\grp8_b6ae6e3d-back.jpg,1133.78,2991.08,1203.17,3144.94,0.3066,street sign,True,True,343.2,mtsd-p9
SAM 3,street sign,grp8_b6ae6e3d-back.jpg,E:\2. UM-Student\MSC Dissertation\Urban-Vision-Benchmark\Datasets\MTSD\Prepared\MTSD-Unaugmented\MTSD-YOLO\test\images\grp8_b6ae6e3d-back.jpg,951.16,1524.54,2085.69,4000.0,0.6758,street sign,True,True,343.2,mtsd-p9
SAM 3,street sign,grp8_b9028e28-side.jpg,E:\2. UM-Student\MSC Dissertation\Urban-Vision-Benchmark\Datasets\MTSD\Prepared\MTSD-Unaugmented\MTSD-YOLO\test\images\grp8_b9028e28-side.jpg,1582.95,3055.82,1700.85,3163.14,0.8594,street sign,True,True,593.4,mtsd-p9
SAM 3,street sign,grp8_b9028e28-side.jpg,E:\2. UM-Student\MSC Dissertation\Urban-Vision-Benchmark\Datasets\MTSD\Prepared\MTSD-Unaugmented\MTSD-YOLO\test\images\grp8_b9028e28-side.jpg,688.17,3313.65,754.53,3422.44,0.4727,street sign,True,True,593.4,mtsd-p9
SAM 3,street sign,grp8_b9028e28-side.jpg,E:\2. UM-Student\MSC Dissertation\Urban-Vision-Benchmark\Datasets\MTSD\Prepared\MTSD-Unaugmented\MTSD-YOLO\test\images\grp8_b9028e28-side.jpg,467.92,3319.86,568.56,3493.16,0.5625,street sign,True,True,593.4,mtsd-p9
SAM 3,street sign,grp8_b9028e28-side.jpg,E:\2. UM-Student\MSC Dissertation\Urban-Vision-Benchmark\Datasets\MTSD\Prepared\MTSD-Unaugmented\MTSD-YOLO\test\images\grp8_b9028e28-side.jpg,676.67,3288.92,761.45,3457.02,0.3086,street sign,True,True,593.4,mtsd-p9
SAM 3,street sign,grp8_b9028e28-side.jpg,E:\2. UM-Student\MSC Dissertation\Urban-Vision-Benchmark\Datasets\MTSD\Prepared\MTSD-Unaugmented\MTSD-YOLO\test\images\grp8_b9028e28-side.jpg,808.41,1547.86,1768.69,2630.81,0.9258,street sign,True,True,593.4,mtsd-p9
SAM 3,street sign,grp8_b9028e28-side.jpg,E:\2. UM-Student\MSC Dissertation\Urban-Vision-Benchmark\Datasets\MTSD\Prepared\MTSD-Unaugmented\MTSD-YOLO\test\images\grp8_b9028e28-side.jpg,836.72,3284.41,877.85,3412.49,0.3555,street sign,True,True,593.4,mtsd-p9
SAM 3,street sign,grp8_b9028e28-side.jpg,E:\2. UM-Student\MSC Dissertation\Urban-Vision-Benchmark\Datasets\MTSD\Prepared\MTSD-Unaugmented\MTSD-YOLO\test\images\grp8_b9028e28-side.jpg,586.2,434.34,1766.34,4096.0,0.4551,street sign,True,True,593.4,mtsd-p9
SAM 3,street sign,grp8_b9028e28-side.jpg,E:\2. UM-Student\MSC Dissertation\Urban-Vision-Benchmark\Datasets\MTSD\Prepared\MTSD-Unaugmented\MTSD-YOLO\test\images\grp8_b9028e28-side.jpg,1626.86,3209.81,1677.2,3311.39,0.6016,street sign,True,True,593.4,mtsd-p9
SAM 3,street sign,grp8_b9028e28-side.jpg,E:\2. UM-Student\MSC Dissertation\Urban-Vision-Benchmark\Datasets\MTSD\Prepared\MTSD-Unaugmented\MTSD-YOLO\test\images\grp8_b9028e28-side.jpg,586.91,431.71,1608.07,1950.21,0.8984,street sign,True,True,593.4,mtsd-p9
SAM 3,street sign,grp8_b9028e28-side.jpg,E:\2. UM-Student\MSC Dissertation\Urban-Vision-Benchmark\Datasets\MTSD\Prepared\MTSD-Unaugmented\MTSD-YOLO\test\images\grp8_b9028e28-side.jpg,674.87,3285.91,803.57,3451.74,0.3809,street sign,True,True,593.4,mtsd-p9
SAM 3,street sign,grp8_c01f5341-IMG_0123.jpg,E:\2. UM-Student\MSC Dissertation\Urban-Vision-Benchmark\Datasets\MTSD\Prepared\MTSD-Unaugmented\MTSD-YOLO\test\images\grp8_c01f5341-IMG_0123.jpg,1679.11,4594.65,1812.38,4911.58,0.8789,street sign,True,True,277.0,mtsd-p9
SAM 3,street sign,grp8_c01f5341-IMG_0123.jpg,E:\2. UM-Student\MSC Dissertation\Urban-Vision-Benchmark\Datasets\MTSD\Prepared\MTSD-Unaugmented\MTSD-YOLO\test\images\grp8_c01f5341-IMG_0123.jpg,1810.51,952.62,2815.9,5712.0,0.4688,street sign,True,True,277.0,mtsd-p9
SAM 3,street sign,grp8_c01f5341-IMG_0123.jpg,E:\2. UM-Student\MSC Dissertation\Urban-Vision-Benchmark\Datasets\MTSD\Prepared\MTSD-Unaugmented\MTSD-YOLO\test\images\grp8_c01f5341-IMG_0123.jpg,1818.57,954.36,2813.14,2948.47,0.9414,street sign,True,True,277.0,mtsd-p9
SAM 3,street sign,grp8_c01f5341-IMG_0123.jpg,E:\2. UM-Student\MSC Dissertation\Urban-Vision-Benchmark\Datasets\MTSD\Prepared\MTSD-Unaugmented\MTSD-YOLO\test\images\grp8_c01f5341-IMG_0123.jpg,1663.72,4596.35,1814.41,5712.0,0.5469,street sign,True,True,277.0,mtsd-p9
SAM 3,street sign,grp8_c89fb86b-IMG_0117.jpg,E:\2. UM-Student\MSC Dissertation\Urban-Vision-Benchmark\Datasets\MTSD\Prepared\MTSD-Unaugmented\MTSD-YOLO\test\images\grp8_c89fb86b-IMG_0117.jpg,1881.34,1446.14,2501.51,3398.74,0.9609,street sign,True,True,242.6,mtsd-p9
SAM 3,street sign,grp8_c96fcc1a-IMG_0217.JPG,E:\2. UM-Student\MSC Dissertation\Urban-Vision-Benchmark\Datasets\MTSD\Prepared\MTSD-Unaugmented\MTSD-YOLO\test\images\grp8_c96fcc1a-IMG_0217.JPG,2023.88,1452.3,3257.61,2610.89,0.9609,street sign,True,True,486.4,mtsd-p9
SAM 3,street sign,grp8_d8a4fa9b-front.jpg,E:\2. UM-Student\MSC Dissertation\Urban-Vision-Benchmark\Datasets\MTSD\Prepared\MTSD-Unaugmented\MTSD-YOLO\test\images\grp8_d8a4fa9b-front.jpg,1702.98,536.77,2671.09,1665.36,0.6055,street sign,True,True,175.0,mtsd-p9
SAM 3,street sign,grp8_d8e91d56-side.jpg,E:\2. UM-Student\MSC Dissertation\Urban-Vision-Benchmark\Datasets\MTSD\Prepared\MTSD-Unaugmented\MTSD-YOLO\test\images\grp8_d8e91d56-side.jpg,3464.65,2360.32,3738.41,2617.69,0.9375,street sign,True,True,420.6,mtsd-p9
SAM 3,street sign,grp8_d8e91d56-side.jpg,E:\2. UM-Student\MSC Dissertation\Urban-Vision-Benchmark\Datasets\MTSD\Prepared\MTSD-Unaugmented\MTSD-YOLO\test\images\grp8_d8e91d56-side.jpg,2202.52,2516.65,2295.06,2740.01,0.6211,street sign,True,True,420.6,mtsd-p9
SAM 3,street sign,grp8_d8e91d56-side.jpg,E:\2. UM-Student\MSC Dissertation\Urban-Vision-Benchmark\Datasets\MTSD\Prepared\MTSD-Unaugmented\MTSD-YOLO\test\images\grp8_d8e91d56-side.jpg,1789.36,870.82,2054.63,1772.37,0.957,street sign,True,True,420.6,mtsd-p9
SAM 3,street sign,grp8_d8e91d56-side.jpg,E:\2. UM-Student\MSC Dissertation\Urban-Vision-Benchmark\Datasets\MTSD\Prepared\MTSD-Unaugmented\MTSD-YOLO\test\images\grp8_d8e91d56-side.jpg,3483.54,2179.68,3594.18,2436.46,0.9219,street sign,True,True,420.6,mtsd-p9
SAM 3,street sign,grp8_dd88f02c-IMG_0092.jpg,E:\2. UM-Student\MSC Dissertation\Urban-Vision-Benchmark\Datasets\MTSD\Prepared\MTSD-Unaugmented\MTSD-YOLO\test\images\grp8_dd88f02c-IMG_0092.jpg,1683.51,1570.0,2735.0,3663.71,0.918,street sign,True,True,267.7,mtsd-p9
SAM 3,street sign,grp8_dd88f02c-IMG_0092.jpg,E:\2. UM-Student\MSC Dissertation\Urban-Vision-Benchmark\Datasets\MTSD\Prepared\MTSD-Unaugmented\MTSD-YOLO\test\images\grp8_dd88f02c-IMG_0092.jpg,1675.97,1574.18,2733.2,5701.56,0.3066,street sign,True,True,267.7,mtsd-p9
SAM 3,street sign,grp8_ea4926f3-side.jpg,E:\2. UM-Student\MSC Dissertation\Urban-Vision-Benchmark\Datasets\MTSD\Prepared\MTSD-Unaugmented\MTSD-YOLO\test\images\grp8_ea4926f3-side.jpg,1131.38,749.65,1963.09,2456.19,0.9531,street sign,True,True,194.1,mtsd-p9
SAM 3,street sign,grp8_ea4926f3-side.jpg,E:\2. UM-Student\MSC Dissertation\Urban-Vision-Benchmark\Datasets\MTSD\Prepared\MTSD-Unaugmented\MTSD-YOLO\test\images\grp8_ea4926f3-side.jpg,1122.62,745.42,1965.21,4000.0,0.3066,street sign,True,True,194.1,mtsd-p9
SAM 3,street sign,grp8_ebf4ab1a-IMG_0198.JPG,E:\2. UM-Student\MSC Dissertation\Urban-Vision-Benchmark\Datasets\MTSD\Prepared\MTSD-Unaugmented\MTSD-YOLO\test\images\grp8_ebf4ab1a-IMG_0198.JPG,1588.01,1336.59,3608.45,2938.01,0.5,street sign,True,True,523.0,mtsd-p9
SAM 3,street sign,grp8_edb6fab3-IMG_0189.JPG,E:\2. UM-Student\MSC Dissertation\Urban-Vision-Benchmark\Datasets\MTSD\Prepared\MTSD-Unaugmented\MTSD-YOLO\test\images\grp8_edb6fab3-IMG_0189.JPG,5528.57,3340.16,5597.72,3409.15,0.6016,street sign,True,True,877.9,mtsd-p9
SAM 3,street sign,grp8_edb6fab3-IMG_0189.JPG,E:\2. UM-Student\MSC Dissertation\Urban-Vision-Benchmark\Datasets\MTSD\Prepared\MTSD-Unaugmented\MTSD-YOLO\test\images\grp8_edb6fab3-IMG_0189.JPG,5512.48,3583.34,5590.79,3637.57,0.3652,street sign,True,True,877.9,mtsd-p9
SAM 3,street sign,grp8_edb6fab3-IMG_0189.JPG,E:\2. UM-Student\MSC Dissertation\Urban-Vision-Benchmark\Datasets\MTSD\Prepared\MTSD-Unaugmented\MTSD-YOLO\test\images\grp8_edb6fab3-IMG_0189.JPG,2111.78,990.6,4472.0,3595.88,0.9219,street sign,True,True,877.9,mtsd-p9
SAM 3,street sign,grp8_f07ed5ce-Side.jpg,E:\2. UM-Student\MSC Dissertation\Urban-Vision-Benchmark\Datasets\MTSD\Prepared\MTSD-Unaugmented\MTSD-YOLO\test\images\grp8_f07ed5ce-Side.jpg,909.97,1128.12,1454.46,2351.96,0.9414,street sign,True,True,199.9,mtsd-p9
SAM 3,street sign,grp8_f07ed5ce-Side.jpg,E:\2. UM-Student\MSC Dissertation\Urban-Vision-Benchmark\Datasets\MTSD\Prepared\MTSD-Unaugmented\MTSD-YOLO\test\images\grp8_f07ed5ce-Side.jpg,1384.29,3115.28,1417.2,3183.41,0.3184,street sign,True,True,199.9,mtsd-p9
SAM 3,street sign,grp8_f07ed5ce-Side.jpg,E:\2. UM-Student\MSC Dissertation\Urban-Vision-Benchmark\Datasets\MTSD\Prepared\MTSD-Unaugmented\MTSD-YOLO\test\images\grp8_f07ed5ce-Side.jpg,946.35,1130.82,1457.68,4092.29,0.3613,street sign,True,True,199.9,mtsd-p9
SAM 3,street sign,grp8_f3e45a2c-front.jpg,E:\2. UM-Student\MSC Dissertation\Urban-Vision-Benchmark\Datasets\MTSD\Prepared\MTSD-Unaugmented\MTSD-YOLO\test\images\grp8_f3e45a2c-front.jpg,1013.14,1491.82,1486.1,2209.64,0.9414,street sign,True,True,169.5,mtsd-p9
SAM 3,street sign,grp8_f5d48b4c-front.jpg,E:\2. UM-Student\MSC Dissertation\Urban-Vision-Benchmark\Datasets\MTSD\Prepared\MTSD-Unaugmented\MTSD-YOLO\test\images\grp8_f5d48b4c-front.jpg,3485.18,2550.69,3627.4,3024.0,0.6133,street sign,True,True,233.1,mtsd-p9
SAM 3,street sign,grp8_f5d48b4c-front.jpg,E:\2. UM-Student\MSC Dissertation\Urban-Vision-Benchmark\Datasets\MTSD\Prepared\MTSD-Unaugmented\MTSD-YOLO\test\images\grp8_f5d48b4c-front.jpg,3479.73,2550.8,3598.86,2667.48,0.8789,street sign,True,True,233.1,mtsd-p9
SAM 3,street sign,grp8_f5d48b4c-front.jpg,E:\2. UM-Student\MSC Dissertation\Urban-Vision-Benchmark\Datasets\MTSD\Prepared\MTSD-Unaugmented\MTSD-YOLO\test\images\grp8_f5d48b4c-front.jpg,1566.32,1012.69,2621.94,1987.14,0.8906,street sign,True,True,233.1,mtsd-p9
SAM 3,street sign,grp8_f5d48b4c-front.jpg,E:\2. UM-Student\MSC Dissertation\Urban-Vision-Benchmark\Datasets\MTSD\Prepared\MTSD-Unaugmented\MTSD-YOLO\test\images\grp8_f5d48b4c-front.jpg,1565.21,1013.16,2622.16,3024.0,0.6016,street sign,True,True,233.1,mtsd-p9
SAM 3,street sign,grp8_fc124a5b-Back.jpg,E:\2. UM-Student\MSC Dissertation\Urban-Vision-Benchmark\Datasets\MTSD\Prepared\MTSD-Unaugmented\MTSD-YOLO\test\images\grp8_fc124a5b-Back.jpg,771.74,1346.0,1762.55,2342.9,0.8477,street sign,True,True,240.3,mtsd-p9
SAM 3,street sign,grp8_fc124a5b-Back.jpg,E:\2. UM-Student\MSC Dissertation\Urban-Vision-Benchmark\Datasets\MTSD\Prepared\MTSD-Unaugmented\MTSD-YOLO\test\images\grp8_fc124a5b-Back.jpg,475.45,52.28,1667.77,4077.12,0.377,street sign,True,True,240.3,mtsd-p9
SAM 3,street sign,grp8_fc124a5b-Back.jpg,E:\2. UM-Student\MSC Dissertation\Urban-Vision-Benchmark\Datasets\MTSD\Prepared\MTSD-Unaugmented\MTSD-YOLO\test\images\grp8_fc124a5b-Back.jpg,528.35,2321.76,1689.62,3010.65,0.9453,street sign,True,True,240.3,mtsd-p9
SAM 3,street sign,grp8_fc124a5b-Back.jpg,E:\2. UM-Student\MSC Dissertation\Urban-Vision-Benchmark\Datasets\MTSD\Prepared\MTSD-Unaugmented\MTSD-YOLO\test\images\grp8_fc124a5b-Back.jpg,463.57,40.26,1647.91,1365.01,0.9414,street sign,True,True,240.3,mtsd-p9
SAM 3,street sign,grp8_fc6650ab-front.jpg,E:\2. UM-Student\MSC Dissertation\Urban-Vision-Benchmark\Datasets\MTSD\Prepared\MTSD-Unaugmented\MTSD-YOLO\test\images\grp8_fc6650ab-front.jpg,356.92,2911.64,484.64,3077.39,0.5898,street sign,True,True,179.0,mtsd-p9
SAM 3,street sign,grp8_fc6650ab-front.jpg,E:\2. UM-Student\MSC Dissertation\Urban-Vision-Benchmark\Datasets\MTSD\Prepared\MTSD-Unaugmented\MTSD-YOLO\test\images\grp8_fc6650ab-front.jpg,114.11,850.87,1767.03,2036.63,0.9492,street sign,True,True,179.0,mtsd-p9
SAM 3,street sign,grp9_00e70ac4-IMG_20251111_140913.jpg,E:\2. UM-Student\MSC Dissertation\Urban-Vision-Benchmark\Datasets\MTSD\Prepared\MTSD-Unaugmented\MTSD-YOLO\test\images\grp9_00e70ac4-IMG_20251111_140913.jpg,0.0,41.97,331.2,496.65,0.6406,street sign,True,True,456.1,mtsd-p9
SAM 3,street sign,grp9_00e70ac4-IMG_20251111_140913.jpg,E:\2. UM-Student\MSC Dissertation\Urban-Vision-Benchmark\Datasets\MTSD\Prepared\MTSD-Unaugmented\MTSD-YOLO\test\images\grp9_00e70ac4-IMG_20251111_140913.jpg,0.0,2725.54,341.92,3485.33,0.918,street sign,True,True,456.1,mtsd-p9
SAM 3,street sign,grp9_00e70ac4-IMG_20251111_140913.jpg,E:\2. UM-Student\MSC Dissertation\Urban-Vision-Benchmark\Datasets\MTSD\Prepared\MTSD-Unaugmented\MTSD-YOLO\test\images\grp9_00e70ac4-IMG_20251111_140913.jpg,1488.92,1369.73,1700.3,2487.11,0.3965,street sign,True,True,456.1,mtsd-p9
SAM 3,street sign,grp9_00e70ac4-IMG_20251111_140913.jpg,E:\2. UM-Student\MSC Dissertation\Urban-Vision-Benchmark\Datasets\MTSD\Prepared\MTSD-Unaugmented\MTSD-YOLO\test\images\grp9_00e70ac4-IMG_20251111_140913.jpg,0.31,32.48,885.15,502.08,0.416,street sign,True,True,456.1,mtsd-p9
SAM 3,street sign,grp9_01e24ee9-IMG_20251106_145403.jpg,E:\2. UM-Student\MSC Dissertation\Urban-Vision-Benchmark\Datasets\MTSD\Prepared\MTSD-Unaugmented\MTSD-YOLO\test\images\grp9_01e24ee9-IMG_20251106_145403.jpg,1353.95,2135.05,1420.84,2788.36,0.3203,street sign,True,True,824.8,mtsd-p9
SAM 3,street sign,grp9_01e24ee9-IMG_20251106_145403.jpg,E:\2. UM-Student\MSC Dissertation\Urban-Vision-Benchmark\Datasets\MTSD\Prepared\MTSD-Unaugmented\MTSD-YOLO\test\images\grp9_01e24ee9-IMG_20251106_145403.jpg,2559.0,3038.26,2610.2,3566.22,0.3242,street sign,True,True,824.8,mtsd-p9
SAM 3,street sign,grp9_01e24ee9-IMG_20251106_145403.jpg,E:\2. UM-Student\MSC Dissertation\Urban-Vision-Benchmark\Datasets\MTSD\Prepared\MTSD-Unaugmented\MTSD-YOLO\test\images\grp9_01e24ee9-IMG_20251106_145403.jpg,3010.03,3064.12,3069.99,3575.95,0.4062,street sign,True,True,824.8,mtsd-p9
SAM 3,street sign,grp9_01e24ee9-IMG_20251106_145403.jpg,E:\2. UM-Student\MSC Dissertation\Urban-Vision-Benchmark\Datasets\MTSD\Prepared\MTSD-Unaugmented\MTSD-YOLO\test\images\grp9_01e24ee9-IMG_20251106_145403.jpg,1115.23,3345.64,1153.43,3390.3,0.3301,street sign,True,True,824.8,mtsd-p9
SAM 3,street sign,grp9_01e24ee9-IMG_20251106_145403.jpg,E:\2. UM-Student\MSC Dissertation\Urban-Vision-Benchmark\Datasets\MTSD\Prepared\MTSD-Unaugmented\MTSD-YOLO\test\images\grp9_01e24ee9-IMG_20251106_145403.jpg,1484.71,1734.29,1717.29,2954.2,0.3438,street sign,True,True,824.8,mtsd-p9
SAM 3,street sign,grp9_01e24ee9-IMG_20251106_145403.jpg,E:\2. UM-Student\MSC Dissertation\Urban-Vision-Benchmark\Datasets\MTSD\Prepared\MTSD-Unaugmented\MTSD-YOLO\test\images\grp9_01e24ee9-IMG_20251106_145403.jpg,397.69,3348.45,422.55,3411.78,0.543,street sign,True,True,824.8,mtsd-p9
SAM 3,street sign,grp9_01e24ee9-IMG_20251106_145403.jpg,E:\2. UM-Student\MSC Dissertation\Urban-Vision-Benchmark\Datasets\MTSD\Prepared\MTSD-Unaugmented\MTSD-YOLO\test\images\grp9_01e24ee9-IMG_20251106_145403.jpg,1374.43,1542.01,1455.52,2093.18,0.3457,street sign,True,True,824.8,mtsd-p9
SAM 3,street sign,grp9_01e24ee9-IMG_20251106_145403.jpg,E:\2. UM-Student\MSC Dissertation\Urban-Vision-Benchmark\Datasets\MTSD\Prepared\MTSD-Unaugmented\MTSD-YOLO\test\images\grp9_01e24ee9-IMG_20251106_145403.jpg,1317.8,859.8,1793.63,4096.0,0.4629,street sign,True,True,824.8,mtsd-p9
SAM 3,street sign,grp9_01e24ee9-IMG_20251106_145403.jpg,E:\2. UM-Student\MSC Dissertation\Urban-Vision-Benchmark\Datasets\MTSD\Prepared\MTSD-Unaugmented\MTSD-YOLO\test\images\grp9_01e24ee9-IMG_20251106_145403.jpg,1359.21,1733.35,1716.13,2952.98,0.8477,street sign,True,True,824.8,mtsd-p9
SAM 3,street sign,grp9_01e24ee9-IMG_20251106_145403.jpg,E:\2. UM-Student\MSC Dissertation\Urban-Vision-Benchmark\Datasets\MTSD\Prepared\MTSD-Unaugmented\MTSD-YOLO\test\images\grp9_01e24ee9-IMG_20251106_145403.jpg,1922.52,3195.56,2012.35,4000.78,0.3027,street sign,True,True,824.8,mtsd-p9
SAM 3,street sign,grp9_01e24ee9-IMG_20251106_145403.jpg,E:\2. UM-Student\MSC Dissertation\Urban-Vision-Benchmark\Datasets\MTSD\Prepared\MTSD-Unaugmented\MTSD-YOLO\test\images\grp9_01e24ee9-IMG_20251106_145403.jpg,1373.2,854.41,1804.48,2093.93,0.8594,street sign,True,True,824.8,mtsd-p9
SAM 3,street sign,grp9_01e24ee9-IMG_20251106_145403.jpg,E:\2. UM-Student\MSC Dissertation\Urban-Vision-Benchmark\Datasets\MTSD\Prepared\MTSD-Unaugmented\MTSD-YOLO\test\images\grp9_01e24ee9-IMG_20251106_145403.jpg,1927.26,3201.24,1993.06,3389.45,0.5273,street sign,True,True,824.8,mtsd-p9
SAM 3,street sign,grp9_01e24ee9-IMG_20251106_145403.jpg,E:\2. UM-Student\MSC Dissertation\Urban-Vision-Benchmark\Datasets\MTSD\Prepared\MTSD-Unaugmented\MTSD-YOLO\test\images\grp9_01e24ee9-IMG_20251106_145403.jpg,1539.49,855.45,1809.16,1758.47,0.4238,street sign,True,True,824.8,mtsd-p9
SAM 3,street sign,grp9_01ed8620-IMG_20251111_162316.jpg,E:\2. UM-Student\MSC Dissertation\Urban-Vision-Benchmark\Datasets\MTSD\Prepared\MTSD-Unaugmented\MTSD-YOLO\test\images\grp9_01ed8620-IMG_20251111_162316.jpg,2084.3,2205.4,2218.43,2391.23,0.9258,street sign,True,True,546.1,mtsd-p9
SAM 3,street sign,grp9_01ed8620-IMG_20251111_162316.jpg,E:\2. UM-Student\MSC Dissertation\Urban-Vision-Benchmark\Datasets\MTSD\Prepared\MTSD-Unaugmented\MTSD-YOLO\test\images\grp9_01ed8620-IMG_20251111_162316.jpg,1147.4,2334.13,1177.59,2467.39,0.3926,street sign,True,True,546.1,mtsd-p9
SAM 3,street sign,grp9_01ed8620-IMG_20251111_162316.jpg,E:\2. UM-Student\MSC Dissertation\Urban-Vision-Benchmark\Datasets\MTSD\Prepared\MTSD-Unaugmented\MTSD-YOLO\test\images\grp9_01ed8620-IMG_20251111_162316.jpg,850.21,2271.93,968.71,2410.96,0.3926,street sign,True,True,546.1,mtsd-p9
SAM 3,street sign,grp9_01ed8620-IMG_20251111_162316.jpg,E:\2. UM-Student\MSC Dissertation\Urban-Vision-Benchmark\Datasets\MTSD\Prepared\MTSD-Unaugmented\MTSD-YOLO\test\images\grp9_01ed8620-IMG_20251111_162316.jpg,44.73,2371.71,116.3,2420.47,0.8047,street sign,True,True,546.1,mtsd-p9
SAM 3,street sign,grp9_01ed8620-IMG_20251111_162316.jpg,E:\2. UM-Student\MSC Dissertation\Urban-Vision-Benchmark\Datasets\MTSD\Prepared\MTSD-Unaugmented\MTSD-YOLO\test\images\grp9_01ed8620-IMG_20251111_162316.jpg,44.33,2368.54,115.7,2643.0,0.3008,street sign,True,True,546.1,mtsd-p9
SAM 3,street sign,grp9_01ed8620-IMG_20251111_162316.jpg,E:\2. UM-Student\MSC Dissertation\Urban-Vision-Benchmark\Datasets\MTSD\Prepared\MTSD-Unaugmented\MTSD-YOLO\test\images\grp9_01ed8620-IMG_20251111_162316.jpg,859.92,1587.39,1205.89,2046.2,0.9453,street sign,True,True,546.1,mtsd-p9
SAM 3,street sign,grp9_04c8a7cf-IMG_20251211_162331.jpg,E:\2. UM-Student\MSC Dissertation\Urban-Vision-Benchmark\Datasets\MTSD\Prepared\MTSD-Unaugmented\MTSD-YOLO\test\images\grp9_04c8a7cf-IMG_20251211_162331.jpg,1407.59,2056.3,2043.77,2674.02,0.8516,street sign,True,True,194.3,mtsd-p9
SAM 3,street sign,grp9_04c8a7cf-IMG_20251211_162331.jpg,E:\2. UM-Student\MSC Dissertation\Urban-Vision-Benchmark\Datasets\MTSD\Prepared\MTSD-Unaugmented\MTSD-YOLO\test\images\grp9_04c8a7cf-IMG_20251211_162331.jpg,1407.44,2054.26,2044.31,4080.0,0.6836,street sign,True,True,194.3,mtsd-p9
SAM 3,street sign,grp9_0ee59f09-M8_side.jpg,E:\2. UM-Student\MSC Dissertation\Urban-Vision-Benchmark\Datasets\MTSD\Prepared\MTSD-Unaugmented\MTSD-YOLO\test\images\grp9_0ee59f09-M8_side.jpg,,,,,,<no detections>,False,True,158.1,mtsd-p9
SAM 3,street sign,grp9_109ae844-20251122_134645.jpg,E:\2. UM-Student\MSC Dissertation\Urban-Vision-Benchmark\Datasets\MTSD\Prepared\MTSD-Unaugmented\MTSD-YOLO\test\images\grp9_109ae844-20251122_134645.jpg,1254.89,1416.43,1373.11,2677.01,0.5273,street sign,True,True,250.3,mtsd-p9
SAM 3,street sign,grp9_109ae844-20251122_134645.jpg,E:\2. UM-Student\MSC Dissertation\Urban-Vision-Benchmark\Datasets\MTSD\Prepared\MTSD-Unaugmented\MTSD-YOLO\test\images\grp9_109ae844-20251122_134645.jpg,1255.52,1422.98,1361.8,1714.12,0.7969,street sign,True,True,250.3,mtsd-p9
SAM 3,street sign,grp9_10b6edc4-IMG_20251112_160648.jpg,E:\2. UM-Student\MSC Dissertation\Urban-Vision-Benchmark\Datasets\MTSD\Prepared\MTSD-Unaugmented\MTSD-YOLO\test\images\grp9_10b6edc4-IMG_20251112_160648.jpg,1377.95,3272.9,1540.59,3482.73,0.8477,street sign,True,True,208.5,mtsd-p9
SAM 3,street sign,grp9_10b6edc4-IMG_20251112_160648.jpg,E:\2. UM-Student\MSC Dissertation\Urban-Vision-Benchmark\Datasets\MTSD\Prepared\MTSD-Unaugmented\MTSD-YOLO\test\images\grp9_10b6edc4-IMG_20251112_160648.jpg,1376.53,3271.19,1546.28,4080.0,0.6172,street sign,True,True,208.5,mtsd-p9
SAM 3,street sign,grp9_10b6edc4-IMG_20251112_160648.jpg,E:\2. UM-Student\MSC Dissertation\Urban-Vision-Benchmark\Datasets\MTSD\Prepared\MTSD-Unaugmented\MTSD-YOLO\test\images\grp9_10b6edc4-IMG_20251112_160648.jpg,1149.96,1125.1,2570.48,4074.37,0.5117,street sign,True,True,208.5,mtsd-p9
SAM 3,street sign,grp9_10b6edc4-IMG_20251112_160648.jpg,E:\2. UM-Student\MSC Dissertation\Urban-Vision-Benchmark\Datasets\MTSD\Prepared\MTSD-Unaugmented\MTSD-YOLO\test\images\grp9_10b6edc4-IMG_20251112_160648.jpg,1141.84,1148.51,2643.1,2547.64,0.5195,street sign,True,True,208.5,mtsd-p9
SAM 3,street sign,grp9_14b6af7e-IMG_20251106_142858.jpg,E:\2. UM-Student\MSC Dissertation\Urban-Vision-Benchmark\Datasets\MTSD\Prepared\MTSD-Unaugmented\MTSD-YOLO\test\images\grp9_14b6af7e-IMG_20251106_142858.jpg,1091.82,992.25,4167.95,4038.53,0.8633,street sign,True,True,516.4,mtsd-p9
SAM 3,street sign,grp9_14b6af7e-IMG_20251106_142858.jpg,E:\2. UM-Student\MSC Dissertation\Urban-Vision-Benchmark\Datasets\MTSD\Prepared\MTSD-Unaugmented\MTSD-YOLO\test\images\grp9_14b6af7e-IMG_20251106_142858.jpg,1113.07,492.3,4180.81,6560.0,0.3184,street sign,True,True,516.4,mtsd-p9
SAM 3,street sign,grp9_1792c5c3-WhatsApp_Image_2026-01-03_at_18.45.37.jpeg,E:\2. UM-Student\MSC Dissertation\Urban-Vision-Benchmark\Datasets\MTSD\Prepared\MTSD-Unaugmented\MTSD-YOLO\test\images\grp9_1792c5c3-WhatsApp_Image_2026-01-03_at_18.45.37.jpeg,0.0,943.4,138.53,1386.07,0.418,street sign,True,True,124.3,mtsd-p9
SAM 3,street sign,grp9_1792c5c3-WhatsApp_Image_2026-01-03_at_18.45.37.jpeg,E:\2. UM-Student\MSC Dissertation\Urban-Vision-Benchmark\Datasets\MTSD\Prepared\MTSD-Unaugmented\MTSD-YOLO\test\images\grp9_1792c5c3-WhatsApp_Image_2026-01-03_at_18.45.37.jpeg,51.72,941.86,137.2,1244.06,0.5352,street sign,True,True,124.3,mtsd-p9
SAM 3,street sign,grp9_1792c5c3-WhatsApp_Image_2026-01-03_at_18.45.37.jpeg,E:\2. UM-Student\MSC Dissertation\Urban-Vision-Benchmark\Datasets\MTSD\Prepared\MTSD-Unaugmented\MTSD-YOLO\test\images\grp9_1792c5c3-WhatsApp_Image_2026-01-03_at_18.45.37.jpeg,965.8,1554.1,996.56,1580.39,0.3027,street sign,True,True,124.3,mtsd-p9
SAM 3,street sign,grp9_1792c5c3-WhatsApp_Image_2026-01-03_at_18.45.37.jpeg,E:\2. UM-Student\MSC Dissertation\Urban-Vision-Benchmark\Datasets\MTSD\Prepared\MTSD-Unaugmented\MTSD-YOLO\test\images\grp9_1792c5c3-WhatsApp_Image_2026-01-03_at_18.45.37.jpeg,490.36,804.34,859.2,1141.26,0.6758,street sign,True,True,124.3,mtsd-p9
SAM 3,street sign,grp9_1792c5c3-WhatsApp_Image_2026-01-03_at_18.45.37.jpeg,E:\2. UM-Student\MSC Dissertation\Urban-Vision-Benchmark\Datasets\MTSD\Prepared\MTSD-Unaugmented\MTSD-YOLO\test\images\grp9_1792c5c3-WhatsApp_Image_2026-01-03_at_18.45.37.jpeg,490.93,806.18,858.02,1600.0,0.5977,street sign,True,True,124.3,mtsd-p9
SAM 3,street sign,grp9_1f50c9e9-WhatsApp_Image_2026-01-01_at_18.13.18.jpeg,E:\2. UM-Student\MSC Dissertation\Urban-Vision-Benchmark\Datasets\MTSD\Prepared\MTSD-Unaugmented\MTSD-YOLO\test\images\grp9_1f50c9e9-WhatsApp_Image_2026-01-01_at_18.13.18.jpeg,,,,,,<no detections>,False,True,117.5,mtsd-p9
SAM 3,street sign,grp9_21d58e17-S3_back.jpg,E:\2. UM-Student\MSC Dissertation\Urban-Vision-Benchmark\Datasets\MTSD\Prepared\MTSD-Unaugmented\MTSD-YOLO\test\images\grp9_21d58e17-S3_back.jpg,673.31,1264.79,1144.47,3484.35,0.4941,street sign,True,True,597.0,mtsd-p9
SAM 3,street sign,grp9_21d58e17-S3_back.jpg,E:\2. UM-Student\MSC Dissertation\Urban-Vision-Benchmark\Datasets\MTSD\Prepared\MTSD-Unaugmented\MTSD-YOLO\test\images\grp9_21d58e17-S3_back.jpg,301.74,2052.22,365.74,2137.65,0.6055,street sign,True,True,597.0,mtsd-p9
SAM 3,street sign,grp9_21d58e17-S3_back.jpg,E:\2. UM-Student\MSC Dissertation\Urban-Vision-Benchmark\Datasets\MTSD\Prepared\MTSD-Unaugmented\MTSD-YOLO\test\images\grp9_21d58e17-S3_back.jpg,673.3,1265.67,1143.86,1719.94,0.8906,street sign,True,True,597.0,mtsd-p9
SAM 3,street sign,grp9_24a6f4e2-20251122_141915.jpg,E:\2. UM-Student\MSC Dissertation\Urban-Vision-Benchmark\Datasets\MTSD\Prepared\MTSD-Unaugmented\MTSD-YOLO\test\images\grp9_24a6f4e2-20251122_141915.jpg,1048.64,2070.44,1204.39,2241.08,0.7109,street sign,True,True,213.0,mtsd-p9
SAM 3,street sign,grp9_29bd496f-IMG_20251106_153126.jpg,E:\2. UM-Student\MSC Dissertation\Urban-Vision-Benchmark\Datasets\MTSD\Prepared\MTSD-Unaugmented\MTSD-YOLO\test\images\grp9_29bd496f-IMG_20251106_153126.jpg,9.46,2656.8,334.42,2849.59,0.9062,street sign,True,True,616.6,mtsd-p9
SAM 3,street sign,grp9_29bd496f-IMG_20251106_153126.jpg,E:\2. UM-Student\MSC Dissertation\Urban-Vision-Benchmark\Datasets\MTSD\Prepared\MTSD-Unaugmented\MTSD-YOLO\test\images\grp9_29bd496f-IMG_20251106_153126.jpg,1293.71,1480.46,1446.93,4000.0,0.3184,street sign,True,True,616.6,mtsd-p9
SAM 3,street sign,grp9_29bd496f-IMG_20251106_153126.jpg,E:\2. UM-Student\MSC Dissertation\Urban-Vision-Benchmark\Datasets\MTSD\Prepared\MTSD-Unaugmented\MTSD-YOLO\test\images\grp9_29bd496f-IMG_20251106_153126.jpg,1068.11,2209.63,1679.9,3110.74,0.9258,street sign,True,True,616.6,mtsd-p9
SAM 3,street sign,grp9_29bd496f-IMG_20251106_153126.jpg,E:\2. UM-Student\MSC Dissertation\Urban-Vision-Benchmark\Datasets\MTSD\Prepared\MTSD-Unaugmented\MTSD-YOLO\test\images\grp9_29bd496f-IMG_20251106_153126.jpg,1309.9,1482.12,1434.72,2221.63,0.7812,street sign,True,True,616.6,mtsd-p9
SAM 3,street sign,grp9_2c12e74f-IMG_20251106_141727.jpg,E:\2. UM-Student\MSC Dissertation\Urban-Vision-Benchmark\Datasets\MTSD\Prepared\MTSD-Unaugmented\MTSD-YOLO\test\images\grp9_2c12e74f-IMG_20251106_141727.jpg,,,,,,<no detections>,False,True,162.4,mtsd-p9
SAM 3,street sign,grp9_31a93fb3-20251122_141601.jpg,E:\2. UM-Student\MSC Dissertation\Urban-Vision-Benchmark\Datasets\MTSD\Prepared\MTSD-Unaugmented\MTSD-YOLO\test\images\grp9_31a93fb3-20251122_141601.jpg,,,,,,<no detections>,False,True,154.6,mtsd-p9
SAM 3,street sign,grp9_3724af9d-IMG_20251106_144506.jpg,E:\2. UM-Student\MSC Dissertation\Urban-Vision-Benchmark\Datasets\MTSD\Prepared\MTSD-Unaugmented\MTSD-YOLO\test\images\grp9_3724af9d-IMG_20251106_144506.jpg,1060.15,1158.24,2385.78,2967.7,0.7695,street sign,True,True,218.4,mtsd-p9
SAM 3,street sign,grp9_37f0c8a3-IMG_20251111_162207.jpg,E:\2. UM-Student\MSC Dissertation\Urban-Vision-Benchmark\Datasets\MTSD\Prepared\MTSD-Unaugmented\MTSD-YOLO\test\images\grp9_37f0c8a3-IMG_20251111_162207.jpg,557.83,2614.76,591.66,2663.42,0.4766,street sign,True,True,752.9,mtsd-p9
SAM 3,street sign,grp9_37f0c8a3-IMG_20251111_162207.jpg,E:\2. UM-Student\MSC Dissertation\Urban-Vision-Benchmark\Datasets\MTSD\Prepared\MTSD-Unaugmented\MTSD-YOLO\test\images\grp9_37f0c8a3-IMG_20251111_162207.jpg,1876.78,2664.04,1962.28,2791.8,0.9023,street sign,True,True,752.9,mtsd-p9
SAM 3,street sign,grp9_37f0c8a3-IMG_20251111_162207.jpg,E:\2. UM-Student\MSC Dissertation\Urban-Vision-Benchmark\Datasets\MTSD\Prepared\MTSD-Unaugmented\MTSD-YOLO\test\images\grp9_37f0c8a3-IMG_20251111_162207.jpg,1537.66,1827.94,1621.41,2407.75,0.8555,street sign,True,True,752.9,mtsd-p9
SAM 3,street sign,grp9_37f0c8a3-IMG_20251111_162207.jpg,E:\2. UM-Student\MSC Dissertation\Urban-Vision-Benchmark\Datasets\MTSD\Prepared\MTSD-Unaugmented\MTSD-YOLO\test\images\grp9_37f0c8a3-IMG_20251111_162207.jpg,449.17,2677.09,558.01,2767.24,0.3457,street sign,True,True,752.9,mtsd-p9
SAM 3,street sign,grp9_37f0c8a3-IMG_20251111_162207.jpg,E:\2. UM-Student\MSC Dissertation\Urban-Vision-Benchmark\Datasets\MTSD\Prepared\MTSD-Unaugmented\MTSD-YOLO\test\images\grp9_37f0c8a3-IMG_20251111_162207.jpg,652.74,2611.61,693.02,2655.31,0.793,street sign,True,True,752.9,mtsd-p9
SAM 3,street sign,grp9_37f0c8a3-IMG_20251111_162207.jpg,E:\2. UM-Student\MSC Dissertation\Urban-Vision-Benchmark\Datasets\MTSD\Prepared\MTSD-Unaugmented\MTSD-YOLO\test\images\grp9_37f0c8a3-IMG_20251111_162207.jpg,751.16,2650.12,817.71,2712.44,0.8438,street sign,True,True,752.9,mtsd-p9
SAM 3,street sign,grp9_37f0c8a3-IMG_20251111_162207.jpg,E:\2. UM-Student\MSC Dissertation\Urban-Vision-Benchmark\Datasets\MTSD\Prepared\MTSD-Unaugmented\MTSD-YOLO\test\images\grp9_37f0c8a3-IMG_20251111_162207.jpg,623.93,2711.27,649.04,2782.42,0.3945,street sign,True,True,752.9,mtsd-p9
SAM 3,street sign,grp9_3cb31cc9-IMG_20251106_141426.jpg,E:\2. UM-Student\MSC Dissertation\Urban-Vision-Benchmark\Datasets\MTSD\Prepared\MTSD-Unaugmented\MTSD-YOLO\test\images\grp9_3cb31cc9-IMG_20251106_141426.jpg,2779.17,2465.26,2962.12,2647.29,0.4961,street sign,True,True,253.2,mtsd-p9
SAM 3,street sign,grp9_3cb31cc9-IMG_20251106_141426.jpg,E:\2. UM-Student\MSC Dissertation\Urban-Vision-Benchmark\Datasets\MTSD\Prepared\MTSD-Unaugmented\MTSD-YOLO\test\images\grp9_3cb31cc9-IMG_20251106_141426.jpg,2778.98,2468.07,2964.52,2567.37,0.4902,street sign,True,True,253.2,mtsd-p9
SAM 3,street sign,grp9_3cb31cc9-IMG_20251106_141426.jpg,E:\2. UM-Student\MSC Dissertation\Urban-Vision-Benchmark\Datasets\MTSD\Prepared\MTSD-Unaugmented\MTSD-YOLO\test\images\grp9_3cb31cc9-IMG_20251106_141426.jpg,835.41,1548.9,2325.3,2982.23,0.9414,street sign,True,True,253.2,mtsd-p9
SAM 3,street sign,grp9_3cb31cc9-IMG_20251106_141426.jpg,E:\2. UM-Student\MSC Dissertation\Urban-Vision-Benchmark\Datasets\MTSD\Prepared\MTSD-Unaugmented\MTSD-YOLO\test\images\grp9_3cb31cc9-IMG_20251106_141426.jpg,660.45,95.71,2529.33,1577.64,0.9453,street sign,True,True,253.2,mtsd-p9
SAM 3,street sign,grp9_3cb31cc9-IMG_20251106_141426.jpg,E:\2. UM-Student\MSC Dissertation\Urban-Vision-Benchmark\Datasets\MTSD\Prepared\MTSD-Unaugmented\MTSD-YOLO\test\images\grp9_3cb31cc9-IMG_20251106_141426.jpg,2312.32,2451.1,2370.1,2507.2,0.7891,street sign,True,True,253.2,mtsd-p9
SAM 3,street sign,grp9_42edbee1-IMG_20251210_142157.jpg,E:\2. UM-Student\MSC Dissertation\Urban-Vision-Benchmark\Datasets\MTSD\Prepared\MTSD-Unaugmented\MTSD-YOLO\test\images\grp9_42edbee1-IMG_20251210_142157.jpg,1285.51,1997.84,1866.53,4080.0,0.4531,street sign,True,True,609.5,mtsd-p9
SAM 3,street sign,grp9_42edbee1-IMG_20251210_142157.jpg,E:\2. UM-Student\MSC Dissertation\Urban-Vision-Benchmark\Datasets\MTSD\Prepared\MTSD-Unaugmented\MTSD-YOLO\test\images\grp9_42edbee1-IMG_20251210_142157.jpg,2402.75,2788.21,2481.48,2835.69,0.8398,street sign,True,True,609.5,mtsd-p9
SAM 3,street sign,grp9_42edbee1-IMG_20251210_142157.jpg,E:\2. UM-Student\MSC Dissertation\Urban-Vision-Benchmark\Datasets\MTSD\Prepared\MTSD-Unaugmented\MTSD-YOLO\test\images\grp9_42edbee1-IMG_20251210_142157.jpg,1845.53,2802.06,1876.42,2841.44,0.6797,street sign,True,True,609.5,mtsd-p9
SAM 3,street sign,grp9_42edbee1-IMG_20251210_142157.jpg,E:\2. UM-Student\MSC Dissertation\Urban-Vision-Benchmark\Datasets\MTSD\Prepared\MTSD-Unaugmented\MTSD-YOLO\test\images\grp9_42edbee1-IMG_20251210_142157.jpg,2399.41,2716.76,2472.81,2792.87,0.8672,street sign,True,True,609.5,mtsd-p9
SAM 3,street sign,grp9_42edbee1-IMG_20251210_142157.jpg,E:\2. UM-Student\MSC Dissertation\Urban-Vision-Benchmark\Datasets\MTSD\Prepared\MTSD-Unaugmented\MTSD-YOLO\test\images\grp9_42edbee1-IMG_20251210_142157.jpg,2037.77,2799.92,2071.83,2842.35,0.7109,street sign,True,True,609.5,mtsd-p9
SAM 3,street sign,grp9_42edbee1-IMG_20251210_142157.jpg,E:\2. UM-Student\MSC Dissertation\Urban-Vision-Benchmark\Datasets\MTSD\Prepared\MTSD-Unaugmented\MTSD-YOLO\test\images\grp9_42edbee1-IMG_20251210_142157.jpg,1284.94,1996.86,1870.35,2495.77,0.9258,street sign,True,True,609.5,mtsd-p9
SAM 3,street sign,grp9_4319ca3a-WhatsApp_Image_2026-01-03_at_18.45.41.jpeg,E:\2. UM-Student\MSC Dissertation\Urban-Vision-Benchmark\Datasets\MTSD\Prepared\MTSD-Unaugmented\MTSD-YOLO\test\images\grp9_4319ca3a-WhatsApp_Image_2026-01-03_at_18.45.41.jpeg,0.0,997.3,38.72,1101.82,0.3633,street sign,True,True,122.4,mtsd-p9
SAM 3,street sign,grp9_4319ca3a-WhatsApp_Image_2026-01-03_at_18.45.41.jpeg,E:\2. UM-Student\MSC Dissertation\Urban-Vision-Benchmark\Datasets\MTSD\Prepared\MTSD-Unaugmented\MTSD-YOLO\test\images\grp9_4319ca3a-WhatsApp_Image_2026-01-03_at_18.45.41.jpeg,660.33,541.22,768.89,1600.0,0.4277,street sign,True,True,122.4,mtsd-p9
SAM 3,street sign,grp9_4319ca3a-WhatsApp_Image_2026-01-03_at_18.45.41.jpeg,E:\2. UM-Student\MSC Dissertation\Urban-Vision-Benchmark\Datasets\MTSD\Prepared\MTSD-Unaugmented\MTSD-YOLO\test\images\grp9_4319ca3a-WhatsApp_Image_2026-01-03_at_18.45.41.jpeg,646.3,871.44,755.17,1158.37,0.9297,street sign,True,True,122.4,mtsd-p9
SAM 3,street sign,grp9_4319ca3a-WhatsApp_Image_2026-01-03_at_18.45.41.jpeg,E:\2. UM-Student\MSC Dissertation\Urban-Vision-Benchmark\Datasets\MTSD\Prepared\MTSD-Unaugmented\MTSD-YOLO\test\images\grp9_4319ca3a-WhatsApp_Image_2026-01-03_at_18.45.41.jpeg,674.44,539.74,769.03,883.54,0.9023,street sign,True,True,122.4,mtsd-p9
SAM 3,street sign,grp9_441ca6d9-WhatsApp_Image_2026-01-03_at_18.45.36_2.jpeg,E:\2. UM-Student\MSC Dissertation\Urban-Vision-Benchmark\Datasets\MTSD\Prepared\MTSD-Unaugmented\MTSD-YOLO\test\images\grp9_441ca6d9-WhatsApp_Image_2026-01-03_at_18.45.36_2.jpeg,82.97,1507.18,109.9,1562.47,0.5391,street sign,True,True,131.3,mtsd-p9
SAM 3,street sign,grp9_441ca6d9-WhatsApp_Image_2026-01-03_at_18.45.36_2.jpeg,E:\2. UM-Student\MSC Dissertation\Urban-Vision-Benchmark\Datasets\MTSD\Prepared\MTSD-Unaugmented\MTSD-YOLO\test\images\grp9_441ca6d9-WhatsApp_Image_2026-01-03_at_18.45.36_2.jpeg,134.11,1300.03,189.15,1352.81,0.3926,street sign,True,True,131.3,mtsd-p9
SAM 3,street sign,grp9_441ca6d9-WhatsApp_Image_2026-01-03_at_18.45.36_2.jpeg,E:\2. UM-Student\MSC Dissertation\Urban-Vision-Benchmark\Datasets\MTSD\Prepared\MTSD-Unaugmented\MTSD-YOLO\test\images\grp9_441ca6d9-WhatsApp_Image_2026-01-03_at_18.45.36_2.jpeg,408.21,659.95,478.27,1031.73,0.582,street sign,True,True,131.3,mtsd-p9
SAM 3,street sign,grp9_44654df9-WhatsApp_Image_2026-01-03_at_18.45.36_3.jpeg,E:\2. UM-Student\MSC Dissertation\Urban-Vision-Benchmark\Datasets\MTSD\Prepared\MTSD-Unaugmented\MTSD-YOLO\test\images\grp9_44654df9-WhatsApp_Image_2026-01-03_at_18.45.36_3.jpeg,533.12,713.52,829.33,963.37,0.9531,street sign,True,True,120.1,mtsd-p9
SAM 3,street sign,grp9_44654df9-WhatsApp_Image_2026-01-03_at_18.45.36_3.jpeg,E:\2. UM-Student\MSC Dissertation\Urban-Vision-Benchmark\Datasets\MTSD\Prepared\MTSD-Unaugmented\MTSD-YOLO\test\images\grp9_44654df9-WhatsApp_Image_2026-01-03_at_18.45.36_3.jpeg,532.3,710.78,832.22,1600.0,0.4336,street sign,True,True,120.1,mtsd-p9
SAM 3,street sign,grp9_48f9d230-IMG_20251112_155513.jpg,E:\2. UM-Student\MSC Dissertation\Urban-Vision-Benchmark\Datasets\MTSD\Prepared\MTSD-Unaugmented\MTSD-YOLO\test\images\grp9_48f9d230-IMG_20251112_155513.jpg,1818.25,2678.42,1871.69,2743.69,0.3262,street sign,True,True,338.8,mtsd-p9
SAM 3,street sign,grp9_48f9d230-IMG_20251112_155513.jpg,E:\2. UM-Student\MSC Dissertation\Urban-Vision-Benchmark\Datasets\MTSD\Prepared\MTSD-Unaugmented\MTSD-YOLO\test\images\grp9_48f9d230-IMG_20251112_155513.jpg,1812.8,2820.66,1858.01,2884.5,0.7734,street sign,True,True,338.8,mtsd-p9
SAM 3,street sign,grp9_48f9d230-IMG_20251112_155513.jpg,E:\2. UM-Student\MSC Dissertation\Urban-Vision-Benchmark\Datasets\MTSD\Prepared\MTSD-Unaugmented\MTSD-YOLO\test\images\grp9_48f9d230-IMG_20251112_155513.jpg,755.37,1848.21,1277.05,4080.0,0.707,street sign,True,True,338.8,mtsd-p9
SAM 3,street sign,grp9_48f9d230-IMG_20251112_155513.jpg,E:\2. UM-Student\MSC Dissertation\Urban-Vision-Benchmark\Datasets\MTSD\Prepared\MTSD-Unaugmented\MTSD-YOLO\test\images\grp9_48f9d230-IMG_20251112_155513.jpg,845.45,2654.89,931.24,2770.28,0.8242,street sign,True,True,338.8,mtsd-p9
SAM 3,street sign,grp9_48f9d230-IMG_20251112_155513.jpg,E:\2. UM-Student\MSC Dissertation\Urban-Vision-Benchmark\Datasets\MTSD\Prepared\MTSD-Unaugmented\MTSD-YOLO\test\images\grp9_48f9d230-IMG_20251112_155513.jpg,1789.53,2762.83,1875.54,2824.51,0.8242,street sign,True,True,338.8,mtsd-p9
SAM 3,street sign,grp9_48f9d230-IMG_20251112_155513.jpg,E:\2. UM-Student\MSC Dissertation\Urban-Vision-Benchmark\Datasets\MTSD\Prepared\MTSD-Unaugmented\MTSD-YOLO\test\images\grp9_48f9d230-IMG_20251112_155513.jpg,752.24,1851.16,1280.73,2360.42,0.7617,street sign,True,True,338.8,mtsd-p9
SAM 3,street sign,grp9_48f9d230-IMG_20251112_155513.jpg,E:\2. UM-Student\MSC Dissertation\Urban-Vision-Benchmark\Datasets\MTSD\Prepared\MTSD-Unaugmented\MTSD-YOLO\test\images\grp9_48f9d230-IMG_20251112_155513.jpg,843.37,2658.96,932.86,3136.86,0.4434,street sign,True,True,338.8,mtsd-p9
SAM 3,street sign,grp9_4a9c7d83-IMG_20251111_143857.jpg,E:\2. UM-Student\MSC Dissertation\Urban-Vision-Benchmark\Datasets\MTSD\Prepared\MTSD-Unaugmented\MTSD-YOLO\test\images\grp9_4a9c7d83-IMG_20251111_143857.jpg,1387.35,1660.76,1768.59,3684.22,0.4688,street sign,True,True,246.9,mtsd-p9
SAM 3,street sign,grp9_4a9c7d83-IMG_20251111_143857.jpg,E:\2. UM-Student\MSC Dissertation\Urban-Vision-Benchmark\Datasets\MTSD\Prepared\MTSD-Unaugmented\MTSD-YOLO\test\images\grp9_4a9c7d83-IMG_20251111_143857.jpg,1398.53,2066.84,1813.42,2437.38,0.9062,street sign,True,True,246.9,mtsd-p9
SAM 3,street sign,grp9_4a9c7d83-IMG_20251111_143857.jpg,E:\2. UM-Student\MSC Dissertation\Urban-Vision-Benchmark\Datasets\MTSD\Prepared\MTSD-Unaugmented\MTSD-YOLO\test\images\grp9_4a9c7d83-IMG_20251111_143857.jpg,1393.38,1653.25,1739.72,2076.2,0.5742,street sign,True,True,246.9,mtsd-p9
SAM 3,street sign,grp9_4d9da647-IMG_20251112_160636.jpg,E:\2. UM-Student\MSC Dissertation\Urban-Vision-Benchmark\Datasets\MTSD\Prepared\MTSD-Unaugmented\MTSD-YOLO\test\images\grp9_4d9da647-IMG_20251112_160636.jpg,864.96,1435.73,1735.95,4079.0,0.5664,street sign,True,True,165.7,mtsd-p9
SAM 3,street sign,grp9_4d9da647-IMG_20251112_160636.jpg,E:\2. UM-Student\MSC Dissertation\Urban-Vision-Benchmark\Datasets\MTSD\Prepared\MTSD-Unaugmented\MTSD-YOLO\test\images\grp9_4d9da647-IMG_20251112_160636.jpg,864.9,1441.36,1737.16,2283.56,0.9102,street sign,True,True,165.7,mtsd-p9
SAM 3,street sign,grp9_561ba1c4-IMG_20251111_162044.jpg,E:\2. UM-Student\MSC Dissertation\Urban-Vision-Benchmark\Datasets\MTSD\Prepared\MTSD-Unaugmented\MTSD-YOLO\test\images\grp9_561ba1c4-IMG_20251111_162044.jpg,1900.02,2470.59,1978.09,2552.8,0.8828,street sign,True,True,716.8,mtsd-p9
SAM 3,street sign,grp9_561ba1c4-IMG_20251111_162044.jpg,E:\2. UM-Student\MSC Dissertation\Urban-Vision-Benchmark\Datasets\MTSD\Prepared\MTSD-Unaugmented\MTSD-YOLO\test\images\grp9_561ba1c4-IMG_20251111_162044.jpg,1883.45,2371.21,1984.81,2469.49,0.8867,street sign,True,True,716.8,mtsd-p9
SAM 3,street sign,grp9_561ba1c4-IMG_20251111_162044.jpg,E:\2. UM-Student\MSC Dissertation\Urban-Vision-Benchmark\Datasets\MTSD\Prepared\MTSD-Unaugmented\MTSD-YOLO\test\images\grp9_561ba1c4-IMG_20251111_162044.jpg,1159.26,2583.55,1189.01,2636.25,0.707,street sign,True,True,716.8,mtsd-p9
SAM 3,street sign,grp9_561ba1c4-IMG_20251111_162044.jpg,E:\2. UM-Student\MSC Dissertation\Urban-Vision-Benchmark\Datasets\MTSD\Prepared\MTSD-Unaugmented\MTSD-YOLO\test\images\grp9_561ba1c4-IMG_20251111_162044.jpg,1178.98,2654.41,1203.52,2705.58,0.5117,street sign,True,True,716.8,mtsd-p9
SAM 3,street sign,grp9_561ba1c4-IMG_20251111_162044.jpg,E:\2. UM-Student\MSC Dissertation\Urban-Vision-Benchmark\Datasets\MTSD\Prepared\MTSD-Unaugmented\MTSD-YOLO\test\images\grp9_561ba1c4-IMG_20251111_162044.jpg,1420.59,2633.65,1441.33,2686.58,0.6719,street sign,True,True,716.8,mtsd-p9
SAM 3,street sign,grp9_561ba1c4-IMG_20251111_162044.jpg,E:\2. UM-Student\MSC Dissertation\Urban-Vision-Benchmark\Datasets\MTSD\Prepared\MTSD-Unaugmented\MTSD-YOLO\test\images\grp9_561ba1c4-IMG_20251111_162044.jpg,800.37,2609.77,825.11,2649.08,0.5781,street sign,True,True,716.8,mtsd-p9
SAM 3,street sign,grp9_561ba1c4-IMG_20251111_162044.jpg,E:\2. UM-Student\MSC Dissertation\Urban-Vision-Benchmark\Datasets\MTSD\Prepared\MTSD-Unaugmented\MTSD-YOLO\test\images\grp9_561ba1c4-IMG_20251111_162044.jpg,1223.58,1854.43,1585.05,2211.59,0.9297,street sign,True,True,716.8,mtsd-p9
SAM 3,street sign,grp9_58c8b920-IMG_20251106_153249.jpg,E:\2. UM-Student\MSC Dissertation\Urban-Vision-Benchmark\Datasets\MTSD\Prepared\MTSD-Unaugmented\MTSD-YOLO\test\images\grp9_58c8b920-IMG_20251106_153249.jpg,2088.28,706.08,2710.26,1319.28,0.3262,street sign,True,True,543.8,mtsd-p9
SAM 3,street sign,grp9_58c8b920-IMG_20251106_153249.jpg,E:\2. UM-Student\MSC Dissertation\Urban-Vision-Benchmark\Datasets\MTSD\Prepared\MTSD-Unaugmented\MTSD-YOLO\test\images\grp9_58c8b920-IMG_20251106_153249.jpg,0.0,2651.4,82.22,2930.07,0.3145,street sign,True,True,543.8,mtsd-p9
SAM 3,street sign,grp9_58c8b920-IMG_20251106_153249.jpg,E:\2. UM-Student\MSC Dissertation\Urban-Vision-Benchmark\Datasets\MTSD\Prepared\MTSD-Unaugmented\MTSD-YOLO\test\images\grp9_58c8b920-IMG_20251106_153249.jpg,272.49,2501.25,853.21,2794.73,0.3984,street sign,True,True,543.8,mtsd-p9
SAM 3,street sign,grp9_58c8b920-IMG_20251106_153249.jpg,E:\2. UM-Student\MSC Dissertation\Urban-Vision-Benchmark\Datasets\MTSD\Prepared\MTSD-Unaugmented\MTSD-YOLO\test\images\grp9_58c8b920-IMG_20251106_153249.jpg,1119.81,1587.67,2026.2,2987.61,0.3438,street sign,True,True,543.8,mtsd-p9
SAM 3,street sign,grp9_58c8b920-IMG_20251106_153249.jpg,E:\2. UM-Student\MSC Dissertation\Urban-Vision-Benchmark\Datasets\MTSD\Prepared\MTSD-Unaugmented\MTSD-YOLO\test\images\grp9_58c8b920-IMG_20251106_153249.jpg,1080.7,1901.05,2072.2,2473.68,0.7461,street sign,True,True,543.8,mtsd-p9
SAM 3,street sign,grp9_58c8b920-IMG_20251106_153249.jpg,E:\2. UM-Student\MSC Dissertation\Urban-Vision-Benchmark\Datasets\MTSD\Prepared\MTSD-Unaugmented\MTSD-YOLO\test\images\grp9_58c8b920-IMG_20251106_153249.jpg,1031.8,2582.21,1489.31,2806.47,0.625,street sign,True,True,543.8,mtsd-p9
SAM 3,street sign,grp9_58c8b920-IMG_20251106_153249.jpg,E:\2. UM-Student\MSC Dissertation\Urban-Vision-Benchmark\Datasets\MTSD\Prepared\MTSD-Unaugmented\MTSD-YOLO\test\images\grp9_58c8b920-IMG_20251106_153249.jpg,1382.76,1596.17,1819.66,1981.89,0.8281,street sign,True,True,543.8,mtsd-p9
SAM 3,street sign,grp9_5b67e831-IMG_20251106_155530.jpg,E:\2. UM-Student\MSC Dissertation\Urban-Vision-Benchmark\Datasets\MTSD\Prepared\MTSD-Unaugmented\MTSD-YOLO\test\images\grp9_5b67e831-IMG_20251106_155530.jpg,2268.74,3098.26,2365.56,3207.08,0.332,street sign,True,True,410.8,mtsd-p9
SAM 3,street sign,grp9_5b67e831-IMG_20251106_155530.jpg,E:\2. UM-Student\MSC Dissertation\Urban-Vision-Benchmark\Datasets\MTSD\Prepared\MTSD-Unaugmented\MTSD-YOLO\test\images\grp9_5b67e831-IMG_20251106_155530.jpg,1099.87,2878.07,1329.78,3536.0,0.4863,street sign,True,True,410.8,mtsd-p9
SAM 3,street sign,grp9_5b67e831-IMG_20251106_155530.jpg,E:\2. UM-Student\MSC Dissertation\Urban-Vision-Benchmark\Datasets\MTSD\Prepared\MTSD-Unaugmented\MTSD-YOLO\test\images\grp9_5b67e831-IMG_20251106_155530.jpg,1097.88,2877.16,1682.36,3539.68,0.6445,street sign,True,True,410.8,mtsd-p9
SAM 3,street sign,grp9_5b67e831-IMG_20251106_155530.jpg,E:\2. UM-Student\MSC Dissertation\Urban-Vision-Benchmark\Datasets\MTSD\Prepared\MTSD-Unaugmented\MTSD-YOLO\test\images\grp9_5b67e831-IMG_20251106_155530.jpg,1392.35,2882.79,1681.22,3504.14,0.4512,street sign,True,True,410.8,mtsd-p9
SAM 3,street sign,grp9_5b67e831-IMG_20251106_155530.jpg,E:\2. UM-Student\MSC Dissertation\Urban-Vision-Benchmark\Datasets\MTSD\Prepared\MTSD-Unaugmented\MTSD-YOLO\test\images\grp9_5b67e831-IMG_20251106_155530.jpg,402.78,3244.64,487.92,3318.75,0.4863,street sign,True,True,410.8,mtsd-p9
SAM 3,street sign,grp9_5b67e831-IMG_20251106_155530.jpg,E:\2. UM-Student\MSC Dissertation\Urban-Vision-Benchmark\Datasets\MTSD\Prepared\MTSD-Unaugmented\MTSD-YOLO\test\images\grp9_5b67e831-IMG_20251106_155530.jpg,849.89,2728.69,891.68,2796.38,0.3359,street sign,True,True,410.8,mtsd-p9
SAM 3,street sign,grp9_5b67e831-IMG_20251106_155530.jpg,E:\2. UM-Student\MSC Dissertation\Urban-Vision-Benchmark\Datasets\MTSD\Prepared\MTSD-Unaugmented\MTSD-YOLO\test\images\grp9_5b67e831-IMG_20251106_155530.jpg,918.89,1010.94,1897.35,3995.22,0.5664,street sign,True,True,410.8,mtsd-p9
SAM 3,street sign,grp9_5b67e831-IMG_20251106_155530.jpg,E:\2. UM-Student\MSC Dissertation\Urban-Vision-Benchmark\Datasets\MTSD\Prepared\MTSD-Unaugmented\MTSD-YOLO\test\images\grp9_5b67e831-IMG_20251106_155530.jpg,883.64,1802.83,1911.76,2797.03,0.793,street sign,True,True,410.8,mtsd-p9
SAM 3,street sign,grp9_5b67e831-IMG_20251106_155530.jpg,E:\2. UM-Student\MSC Dissertation\Urban-Vision-Benchmark\Datasets\MTSD\Prepared\MTSD-Unaugmented\MTSD-YOLO\test\images\grp9_5b67e831-IMG_20251106_155530.jpg,999.27,1009.01,1887.3,1805.16,0.8203,street sign,True,True,410.8,mtsd-p9
SAM 3,street sign,grp9_636a2125-IMG_20251111_155635.jpg,E:\2. UM-Student\MSC Dissertation\Urban-Vision-Benchmark\Datasets\MTSD\Prepared\MTSD-Unaugmented\MTSD-YOLO\test\images\grp9_636a2125-IMG_20251111_155635.jpg,1293.67,1525.46,1935.12,2030.72,0.4922,street sign,True,True,185.6,mtsd-p9
SAM 3,street sign,grp9_673470fc-IMG_20251111_160954.jpg,E:\2. UM-Student\MSC Dissertation\Urban-Vision-Benchmark\Datasets\MTSD\Prepared\MTSD-Unaugmented\MTSD-YOLO\test\images\grp9_673470fc-IMG_20251111_160954.jpg,2643.27,2169.06,2741.92,2266.22,0.7734,street sign,True,True,884.3,mtsd-p9
SAM 3,street sign,grp9_673470fc-IMG_20251111_160954.jpg,E:\2. UM-Student\MSC Dissertation\Urban-Vision-Benchmark\Datasets\MTSD\Prepared\MTSD-Unaugmented\MTSD-YOLO\test\images\grp9_673470fc-IMG_20251111_160954.jpg,2451.07,2463.64,2771.2,2596.8,0.3008,street sign,True,True,884.3,mtsd-p9
SAM 3,street sign,grp9_673470fc-IMG_20251111_160954.jpg,E:\2. UM-Student\MSC Dissertation\Urban-Vision-Benchmark\Datasets\MTSD\Prepared\MTSD-Unaugmented\MTSD-YOLO\test\images\grp9_673470fc-IMG_20251111_160954.jpg,1664.31,2392.61,1714.97,2445.59,0.8047,street sign,True,True,884.3,mtsd-p9
SAM 3,street sign,grp9_673470fc-IMG_20251111_160954.jpg,E:\2. UM-Student\MSC Dissertation\Urban-Vision-Benchmark\Datasets\MTSD\Prepared\MTSD-Unaugmented\MTSD-YOLO\test\images\grp9_673470fc-IMG_20251111_160954.jpg,2659.52,2279.06,2733.46,2365.69,0.8359,street sign,True,True,884.3,mtsd-p9
SAM 3,street sign,grp9_673470fc-IMG_20251111_160954.jpg,E:\2. UM-Student\MSC Dissertation\Urban-Vision-Benchmark\Datasets\MTSD\Prepared\MTSD-Unaugmented\MTSD-YOLO\test\images\grp9_673470fc-IMG_20251111_160954.jpg,470.99,2179.21,506.54,2293.57,0.3418,street sign,True,True,884.3,mtsd-p9
SAM 3,street sign,grp9_673470fc-IMG_20251111_160954.jpg,E:\2. UM-Student\MSC Dissertation\Urban-Vision-Benchmark\Datasets\MTSD\Prepared\MTSD-Unaugmented\MTSD-YOLO\test\images\grp9_673470fc-IMG_20251111_160954.jpg,1367.4,2401.09,1414.82,2439.89,0.8125,street sign,True,True,884.3,mtsd-p9
SAM 3,street sign,grp9_673470fc-IMG_20251111_160954.jpg,E:\2. UM-Student\MSC Dissertation\Urban-Vision-Benchmark\Datasets\MTSD\Prepared\MTSD-Unaugmented\MTSD-YOLO\test\images\grp9_673470fc-IMG_20251111_160954.jpg,1366.95,2360.27,1412.6,2405.86,0.8203,street sign,True,True,884.3,mtsd-p9
SAM 3,street sign,grp9_673470fc-IMG_20251111_160954.jpg,E:\2. UM-Student\MSC Dissertation\Urban-Vision-Benchmark\Datasets\MTSD\Prepared\MTSD-Unaugmented\MTSD-YOLO\test\images\grp9_673470fc-IMG_20251111_160954.jpg,1011.62,2308.96,1096.72,2396.31,0.8906,street sign,True,True,884.3,mtsd-p9
SAM 3,street sign,grp9_673470fc-IMG_20251111_160954.jpg,E:\2. UM-Student\MSC Dissertation\Urban-Vision-Benchmark\Datasets\MTSD\Prepared\MTSD-Unaugmented\MTSD-YOLO\test\images\grp9_673470fc-IMG_20251111_160954.jpg,2284.96,2371.87,2322.66,2427.34,0.418,street sign,True,True,884.3,mtsd-p9
SAM 3,street sign,grp9_673470fc-IMG_20251111_160954.jpg,E:\2. UM-Student\MSC Dissertation\Urban-Vision-Benchmark\Datasets\MTSD\Prepared\MTSD-Unaugmented\MTSD-YOLO\test\images\grp9_673470fc-IMG_20251111_160954.jpg,2048.68,2313.68,2123.63,2391.13,0.7617,street sign,True,True,884.3,mtsd-p9
SAM 3,street sign,grp9_673470fc-IMG_20251111_160954.jpg,E:\2. UM-Student\MSC Dissertation\Urban-Vision-Benchmark\Datasets\MTSD\Prepared\MTSD-Unaugmented\MTSD-YOLO\test\images\grp9_673470fc-IMG_20251111_160954.jpg,1954.56,2408.32,1995.1,2460.46,0.7148,street sign,True,True,884.3,mtsd-p9
SAM 3,street sign,grp9_673470fc-IMG_20251111_160954.jpg,E:\2. UM-Student\MSC Dissertation\Urban-Vision-Benchmark\Datasets\MTSD\Prepared\MTSD-Unaugmented\MTSD-YOLO\test\images\grp9_673470fc-IMG_20251111_160954.jpg,2466.02,2367.57,2500.97,2405.4,0.3789,street sign,True,True,884.3,mtsd-p9
SAM 3,street sign,grp9_673470fc-IMG_20251111_160954.jpg,E:\2. UM-Student\MSC Dissertation\Urban-Vision-Benchmark\Datasets\MTSD\Prepared\MTSD-Unaugmented\MTSD-YOLO\test\images\grp9_673470fc-IMG_20251111_160954.jpg,1475.77,1723.13,1802.23,3143.0,0.4043,street sign,True,True,884.3,mtsd-p9
SAM 3,street sign,grp9_673470fc-IMG_20251111_160954.jpg,E:\2. UM-Student\MSC Dissertation\Urban-Vision-Benchmark\Datasets\MTSD\Prepared\MTSD-Unaugmented\MTSD-YOLO\test\images\grp9_673470fc-IMG_20251111_160954.jpg,1523.66,2045.28,1773.94,2302.33,0.9219,street sign,True,True,884.3,mtsd-p9
SAM 3,street sign,grp9_673470fc-IMG_20251111_160954.jpg,E:\2. UM-Student\MSC Dissertation\Urban-Vision-Benchmark\Datasets\MTSD\Prepared\MTSD-Unaugmented\MTSD-YOLO\test\images\grp9_673470fc-IMG_20251111_160954.jpg,2001.99,2521.4,2050.79,2642.02,0.6406,street sign,True,True,884.3,mtsd-p9
SAM 3,street sign,grp9_673470fc-IMG_20251111_160954.jpg,E:\2. UM-Student\MSC Dissertation\Urban-Vision-Benchmark\Datasets\MTSD\Prepared\MTSD-Unaugmented\MTSD-YOLO\test\images\grp9_673470fc-IMG_20251111_160954.jpg,1471.78,1729.28,1804.15,2042.91,0.9062,street sign,True,True,884.3,mtsd-p9
SAM 3,street sign,grp9_673470fc-IMG_20251111_160954.jpg,E:\2. UM-Student\MSC Dissertation\Urban-Vision-Benchmark\Datasets\MTSD\Prepared\MTSD-Unaugmented\MTSD-YOLO\test\images\grp9_673470fc-IMG_20251111_160954.jpg,2158.73,2285.66,2239.39,2371.83,0.8828,street sign,True,True,884.3,mtsd-p9
SAM 3,street sign,grp9_673470fc-IMG_20251111_160954.jpg,E:\2. UM-Student\MSC Dissertation\Urban-Vision-Benchmark\Datasets\MTSD\Prepared\MTSD-Unaugmented\MTSD-YOLO\test\images\grp9_673470fc-IMG_20251111_160954.jpg,2757.0,2286.61,2822.86,2359.7,0.7695,street sign,True,True,884.3,mtsd-p9
SAM 3,street sign,grp9_673470fc-IMG_20251111_160954.jpg,E:\2. UM-Student\MSC Dissertation\Urban-Vision-Benchmark\Datasets\MTSD\Prepared\MTSD-Unaugmented\MTSD-YOLO\test\images\grp9_673470fc-IMG_20251111_160954.jpg,1368.44,2376.48,1413.54,2605.39,0.3125,street sign,True,True,884.3,mtsd-p9
SAM 3,street sign,grp9_6867b383-IMG_20251111_160020.jpg,E:\2. UM-Student\MSC Dissertation\Urban-Vision-Benchmark\Datasets\MTSD\Prepared\MTSD-Unaugmented\MTSD-YOLO\test\images\grp9_6867b383-IMG_20251111_160020.jpg,1273.68,1678.78,1729.54,2883.93,0.3594,street sign,True,True,217.7,mtsd-p9
SAM 3,street sign,grp9_6867b383-IMG_20251111_160020.jpg,E:\2. UM-Student\MSC Dissertation\Urban-Vision-Benchmark\Datasets\MTSD\Prepared\MTSD-Unaugmented\MTSD-YOLO\test\images\grp9_6867b383-IMG_20251111_160020.jpg,1272.56,1684.59,1731.86,2133.98,0.8984,street sign,True,True,217.7,mtsd-p9
SAM 3,street sign,grp9_6ad958e6-IMG_20251112_155635.jpg,E:\2. UM-Student\MSC Dissertation\Urban-Vision-Benchmark\Datasets\MTSD\Prepared\MTSD-Unaugmented\MTSD-YOLO\test\images\grp9_6ad958e6-IMG_20251112_155635.jpg,1233.02,1258.41,1705.39,2134.01,0.918,street sign,True,True,209.6,mtsd-p9
SAM 3,street sign,grp9_6ad958e6-IMG_20251112_155635.jpg,E:\2. UM-Student\MSC Dissertation\Urban-Vision-Benchmark\Datasets\MTSD\Prepared\MTSD-Unaugmented\MTSD-YOLO\test\images\grp9_6ad958e6-IMG_20251112_155635.jpg,1283.76,1275.09,1699.57,4080.0,0.4512,street sign,True,True,209.6,mtsd-p9
SAM 3,street sign,grp9_6ad958e6-IMG_20251112_155635.jpg,E:\2. UM-Student\MSC Dissertation\Urban-Vision-Benchmark\Datasets\MTSD\Prepared\MTSD-Unaugmented\MTSD-YOLO\test\images\grp9_6ad958e6-IMG_20251112_155635.jpg,964.1,809.25,1313.65,1393.26,0.3086,street sign,True,True,209.6,mtsd-p9
SAM 3,street sign,grp9_6adfb65e-WhatsApp_Image_2026-01-01_at_18.13.00_2.jpeg,E:\2. UM-Student\MSC Dissertation\Urban-Vision-Benchmark\Datasets\MTSD\Prepared\MTSD-Unaugmented\MTSD-YOLO\test\images\grp9_6adfb65e-WhatsApp_Image_2026-01-01_at_18.13.00_2.jpeg,333.15,1054.15,652.38,2048.0,0.3945,street sign,True,True,174.9,mtsd-p9
SAM 3,street sign,grp9_6adfb65e-WhatsApp_Image_2026-01-01_at_18.13.00_2.jpeg,E:\2. UM-Student\MSC Dissertation\Urban-Vision-Benchmark\Datasets\MTSD\Prepared\MTSD-Unaugmented\MTSD-YOLO\test\images\grp9_6adfb65e-WhatsApp_Image_2026-01-01_at_18.13.00_2.jpeg,914.35,1419.93,951.95,1487.61,0.6836,street sign,True,True,174.9,mtsd-p9
SAM 3,street sign,grp9_6adfb65e-WhatsApp_Image_2026-01-01_at_18.13.00_2.jpeg,E:\2. UM-Student\MSC Dissertation\Urban-Vision-Benchmark\Datasets\MTSD\Prepared\MTSD-Unaugmented\MTSD-YOLO\test\images\grp9_6adfb65e-WhatsApp_Image_2026-01-01_at_18.13.00_2.jpeg,1113.75,1434.19,1207.01,1820.98,0.4629,street sign,True,True,174.9,mtsd-p9
SAM 3,street sign,grp9_6adfb65e-WhatsApp_Image_2026-01-01_at_18.13.00_2.jpeg,E:\2. UM-Student\MSC Dissertation\Urban-Vision-Benchmark\Datasets\MTSD\Prepared\MTSD-Unaugmented\MTSD-YOLO\test\images\grp9_6adfb65e-WhatsApp_Image_2026-01-01_at_18.13.00_2.jpeg,153.12,0.0,248.51,73.3,0.5547,street sign,True,True,174.9,mtsd-p9
SAM 3,street sign,grp9_6adfb65e-WhatsApp_Image_2026-01-01_at_18.13.00_2.jpeg,E:\2. UM-Student\MSC Dissertation\Urban-Vision-Benchmark\Datasets\MTSD\Prepared\MTSD-Unaugmented\MTSD-YOLO\test\images\grp9_6adfb65e-WhatsApp_Image_2026-01-01_at_18.13.00_2.jpeg,331.1,1053.99,652.55,1357.78,0.9297,street sign,True,True,174.9,mtsd-p9
SAM 3,street sign,grp9_6adfb65e-WhatsApp_Image_2026-01-01_at_18.13.00_2.jpeg,E:\2. UM-Student\MSC Dissertation\Urban-Vision-Benchmark\Datasets\MTSD\Prepared\MTSD-Unaugmented\MTSD-YOLO\test\images\grp9_6adfb65e-WhatsApp_Image_2026-01-01_at_18.13.00_2.jpeg,1114.49,1437.86,1164.85,1508.74,0.6914,street sign,True,True,174.9,mtsd-p9
SAM 3,street sign,grp9_6adfb65e-WhatsApp_Image_2026-01-01_at_18.13.00_2.jpeg,E:\2. UM-Student\MSC Dissertation\Urban-Vision-Benchmark\Datasets\MTSD\Prepared\MTSD-Unaugmented\MTSD-YOLO\test\images\grp9_6adfb65e-WhatsApp_Image_2026-01-01_at_18.13.00_2.jpeg,1238.74,1706.83,1260.6,1763.24,0.3242,street sign,True,True,174.9,mtsd-p9
SAM 3,street sign,grp9_6adfb65e-WhatsApp_Image_2026-01-01_at_18.13.00_2.jpeg,E:\2. UM-Student\MSC Dissertation\Urban-Vision-Benchmark\Datasets\MTSD\Prepared\MTSD-Unaugmented\MTSD-YOLO\test\images\grp9_6adfb65e-WhatsApp_Image_2026-01-01_at_18.13.00_2.jpeg,269.66,0.0,301.63,47.4,0.4395,street sign,True,True,174.9,mtsd-p9
SAM 3,street sign,grp9_6adfb65e-WhatsApp_Image_2026-01-01_at_18.13.00_2.jpeg,E:\2. UM-Student\MSC Dissertation\Urban-Vision-Benchmark\Datasets\MTSD\Prepared\MTSD-Unaugmented\MTSD-YOLO\test\images\grp9_6adfb65e-WhatsApp_Image_2026-01-01_at_18.13.00_2.jpeg,803.21,1519.84,964.68,1591.1,0.5,street sign,True,True,174.9,mtsd-p9
SAM 3,street sign,grp9_6e84abf6-IMG_20251106_145409.jpg,E:\2. UM-Student\MSC Dissertation\Urban-Vision-Benchmark\Datasets\MTSD\Prepared\MTSD-Unaugmented\MTSD-YOLO\test\images\grp9_6e84abf6-IMG_20251106_145409.jpg,1037.18,1064.0,2314.42,4096.0,0.3027,street sign,True,True,259.2,mtsd-p9
SAM 3,street sign,grp9_6e84abf6-IMG_20251106_145409.jpg,E:\2. UM-Student\MSC Dissertation\Urban-Vision-Benchmark\Datasets\MTSD\Prepared\MTSD-Unaugmented\MTSD-YOLO\test\images\grp9_6e84abf6-IMG_20251106_145409.jpg,1193.81,1925.08,2236.22,2930.4,0.9453,street sign,True,True,259.2,mtsd-p9
SAM 3,street sign,grp9_6e84abf6-IMG_20251106_145409.jpg,E:\2. UM-Student\MSC Dissertation\Urban-Vision-Benchmark\Datasets\MTSD\Prepared\MTSD-Unaugmented\MTSD-YOLO\test\images\grp9_6e84abf6-IMG_20251106_145409.jpg,1836.2,3367.54,2040.17,3500.4,0.6641,street sign,True,True,259.2,mtsd-p9
SAM 3,street sign,grp9_6e84abf6-IMG_20251106_145409.jpg,E:\2. UM-Student\MSC Dissertation\Urban-Vision-Benchmark\Datasets\MTSD\Prepared\MTSD-Unaugmented\MTSD-YOLO\test\images\grp9_6e84abf6-IMG_20251106_145409.jpg,1017.74,1058.73,2326.29,1944.81,0.9531,street sign,True,True,259.2,mtsd-p9
SAM 3,street sign,grp9_73c5c90a-IMG_20251106_152941.jpg,E:\2. UM-Student\MSC Dissertation\Urban-Vision-Benchmark\Datasets\MTSD\Prepared\MTSD-Unaugmented\MTSD-YOLO\test\images\grp9_73c5c90a-IMG_20251106_152941.jpg,1456.61,763.92,3000.0,2696.62,0.4004,street sign,True,True,424.2,mtsd-p9
SAM 3,street sign,grp9_73c5c90a-IMG_20251106_152941.jpg,E:\2. UM-Student\MSC Dissertation\Urban-Vision-Benchmark\Datasets\MTSD\Prepared\MTSD-Unaugmented\MTSD-YOLO\test\images\grp9_73c5c90a-IMG_20251106_152941.jpg,0.0,2425.55,336.37,3135.42,0.4414,street sign,True,True,424.2,mtsd-p9
SAM 3,street sign,grp9_73c5c90a-IMG_20251106_152941.jpg,E:\2. UM-Student\MSC Dissertation\Urban-Vision-Benchmark\Datasets\MTSD\Prepared\MTSD-Unaugmented\MTSD-YOLO\test\images\grp9_73c5c90a-IMG_20251106_152941.jpg,1414.97,1642.04,1511.58,2229.96,0.6289,street sign,True,True,424.2,mtsd-p9
SAM 3,street sign,grp9_73c5c90a-IMG_20251106_152941.jpg,E:\2. UM-Student\MSC Dissertation\Urban-Vision-Benchmark\Datasets\MTSD\Prepared\MTSD-Unaugmented\MTSD-YOLO\test\images\grp9_73c5c90a-IMG_20251106_152941.jpg,1408.81,868.42,1494.42,1625.46,0.5586,street sign,True,True,424.2,mtsd-p9
SAM 3,street sign,grp9_76700fa1-IMG_20251111_162238.jpg,E:\2. UM-Student\MSC Dissertation\Urban-Vision-Benchmark\Datasets\MTSD\Prepared\MTSD-Unaugmented\MTSD-YOLO\test\images\grp9_76700fa1-IMG_20251111_162238.jpg,2653.82,2308.53,2699.7,2462.74,0.4531,street sign,True,True,610.5,mtsd-p9
SAM 3,street sign,grp9_76700fa1-IMG_20251111_162238.jpg,E:\2. UM-Student\MSC Dissertation\Urban-Vision-Benchmark\Datasets\MTSD\Prepared\MTSD-Unaugmented\MTSD-YOLO\test\images\grp9_76700fa1-IMG_20251111_162238.jpg,762.68,2191.18,808.6,2267.59,0.3086,street sign,True,True,610.5,mtsd-p9
SAM 3,street sign,grp9_76700fa1-IMG_20251111_162238.jpg,E:\2. UM-Student\MSC Dissertation\Urban-Vision-Benchmark\Datasets\MTSD\Prepared\MTSD-Unaugmented\MTSD-YOLO\test\images\grp9_76700fa1-IMG_20251111_162238.jpg,1460.18,2341.01,1534.49,2398.41,0.7578,street sign,True,True,610.5,mtsd-p9
SAM 3,street sign,grp9_76700fa1-IMG_20251111_162238.jpg,E:\2. UM-Student\MSC Dissertation\Urban-Vision-Benchmark\Datasets\MTSD\Prepared\MTSD-Unaugmented\MTSD-YOLO\test\images\grp9_76700fa1-IMG_20251111_162238.jpg,2139.7,2296.3,2243.32,2421.94,0.6797,street sign,True,True,610.5,mtsd-p9
SAM 3,street sign,grp9_76700fa1-IMG_20251111_162238.jpg,E:\2. UM-Student\MSC Dissertation\Urban-Vision-Benchmark\Datasets\MTSD\Prepared\MTSD-Unaugmented\MTSD-YOLO\test\images\grp9_76700fa1-IMG_20251111_162238.jpg,2656.43,2303.74,2700.71,2609.76,0.3418,street sign,True,True,610.5,mtsd-p9
SAM 3,street sign,grp9_76700fa1-IMG_20251111_162238.jpg,E:\2. UM-Student\MSC Dissertation\Urban-Vision-Benchmark\Datasets\MTSD\Prepared\MTSD-Unaugmented\MTSD-YOLO\test\images\grp9_76700fa1-IMG_20251111_162238.jpg,535.99,2118.05,639.99,2304.61,0.8242,street sign,True,True,610.5,mtsd-p9
SAM 3,street sign,grp9_76700fa1-IMG_20251111_162238.jpg,E:\2. UM-Student\MSC Dissertation\Urban-Vision-Benchmark\Datasets\MTSD\Prepared\MTSD-Unaugmented\MTSD-YOLO\test\images\grp9_76700fa1-IMG_20251111_162238.jpg,2137.45,2297.64,2184.73,2419.55,0.3418,street sign,True,True,610.5,mtsd-p9
SAM 3,street sign,grp9_76700fa1-IMG_20251111_162238.jpg,E:\2. UM-Student\MSC Dissertation\Urban-Vision-Benchmark\Datasets\MTSD\Prepared\MTSD-Unaugmented\MTSD-YOLO\test\images\grp9_76700fa1-IMG_20251111_162238.jpg,1475.02,1546.03,1879.07,3308.51,0.334,street sign,True,True,610.5,mtsd-p9
SAM 3,street sign,grp9_76700fa1-IMG_20251111_162238.jpg,E:\2. UM-Student\MSC Dissertation\Urban-Vision-Benchmark\Datasets\MTSD\Prepared\MTSD-Unaugmented\MTSD-YOLO\test\images\grp9_76700fa1-IMG_20251111_162238.jpg,2114.68,2628.9,2182.45,2826.74,0.4355,street sign,True,True,610.5,mtsd-p9
SAM 3,street sign,grp9_76700fa1-IMG_20251111_162238.jpg,E:\2. UM-Student\MSC Dissertation\Urban-Vision-Benchmark\Datasets\MTSD\Prepared\MTSD-Unaugmented\MTSD-YOLO\test\images\grp9_76700fa1-IMG_20251111_162238.jpg,1461.47,2342.6,1535.78,2812.8,0.375,street sign,True,True,610.5,mtsd-p9
SAM 3,street sign,grp9_76700fa1-IMG_20251111_162238.jpg,E:\2. UM-Student\MSC Dissertation\Urban-Vision-Benchmark\Datasets\MTSD\Prepared\MTSD-Unaugmented\MTSD-YOLO\test\images\grp9_76700fa1-IMG_20251111_162238.jpg,1512.8,1942.19,1814.23,2257.33,0.9375,street sign,True,True,610.5,mtsd-p9
SAM 3,street sign,grp9_76700fa1-IMG_20251111_162238.jpg,E:\2. UM-Student\MSC Dissertation\Urban-Vision-Benchmark\Datasets\MTSD\Prepared\MTSD-Unaugmented\MTSD-YOLO\test\images\grp9_76700fa1-IMG_20251111_162238.jpg,1468.6,1559.13,1888.1,1937.97,0.9141,street sign,True,True,610.5,mtsd-p9
SAM 3,street sign,grp9_76700fa1-IMG_20251111_162238.jpg,E:\2. UM-Student\MSC Dissertation\Urban-Vision-Benchmark\Datasets\MTSD\Prepared\MTSD-Unaugmented\MTSD-YOLO\test\images\grp9_76700fa1-IMG_20251111_162238.jpg,1839.27,2137.83,1993.57,2306.69,0.918,street sign,True,True,610.5,mtsd-p9
SAM 3,street sign,grp9_76700fa1-IMG_20251111_162238.jpg,E:\2. UM-Student\MSC Dissertation\Urban-Vision-Benchmark\Datasets\MTSD\Prepared\MTSD-Unaugmented\MTSD-YOLO\test\images\grp9_76700fa1-IMG_20251111_162238.jpg,2984.7,2274.52,2999.75,2411.39,0.3262,street sign,True,True,610.5,mtsd-p9
SAM 3,street sign,grp9_7b22f970-IMG_20251106_152243.jpg,E:\2. UM-Student\MSC Dissertation\Urban-Vision-Benchmark\Datasets\MTSD\Prepared\MTSD-Unaugmented\MTSD-YOLO\test\images\grp9_7b22f970-IMG_20251106_152243.jpg,1925.98,2568.51,2332.72,2724.7,0.5703,street sign,True,True,239.9,mtsd-p9
SAM 3,street sign,grp9_7b22f970-IMG_20251106_152243.jpg,E:\2. UM-Student\MSC Dissertation\Urban-Vision-Benchmark\Datasets\MTSD\Prepared\MTSD-Unaugmented\MTSD-YOLO\test\images\grp9_7b22f970-IMG_20251106_152243.jpg,1055.66,2053.49,1936.69,3057.92,0.9336,street sign,True,True,239.9,mtsd-p9
SAM 3,street sign,grp9_7b22f970-IMG_20251106_152243.jpg,E:\2. UM-Student\MSC Dissertation\Urban-Vision-Benchmark\Datasets\MTSD\Prepared\MTSD-Unaugmented\MTSD-YOLO\test\images\grp9_7b22f970-IMG_20251106_152243.jpg,1103.09,824.3,1925.19,1793.8,0.957,street sign,True,True,239.9,mtsd-p9
SAM 3,street sign,grp9_7d690022-WhatsApp_Image_2026-01-03_at_18.45.17_5.jpeg,E:\2. UM-Student\MSC Dissertation\Urban-Vision-Benchmark\Datasets\MTSD\Prepared\MTSD-Unaugmented\MTSD-YOLO\test\images\grp9_7d690022-WhatsApp_Image_2026-01-03_at_18.45.17_5.jpeg,623.65,271.95,882.72,1600.0,0.5117,street sign,True,True,120.8,mtsd-p9
SAM 3,street sign,grp9_7d690022-WhatsApp_Image_2026-01-03_at_18.45.17_5.jpeg,E:\2. UM-Student\MSC Dissertation\Urban-Vision-Benchmark\Datasets\MTSD\Prepared\MTSD-Unaugmented\MTSD-YOLO\test\images\grp9_7d690022-WhatsApp_Image_2026-01-03_at_18.45.17_5.jpeg,1074.61,840.03,1141.46,875.22,0.3027,street sign,True,True,120.8,mtsd-p9
SAM 3,street sign,grp9_7d690022-WhatsApp_Image_2026-01-03_at_18.45.17_5.jpeg,E:\2. UM-Student\MSC Dissertation\Urban-Vision-Benchmark\Datasets\MTSD\Prepared\MTSD-Unaugmented\MTSD-YOLO\test\images\grp9_7d690022-WhatsApp_Image_2026-01-03_at_18.45.17_5.jpeg,623.13,273.93,713.91,698.7,0.7852,street sign,True,True,120.8,mtsd-p9
SAM 3,street sign,grp9_815852c2-IMG_20251112_155220.jpg,E:\2. UM-Student\MSC Dissertation\Urban-Vision-Benchmark\Datasets\MTSD\Prepared\MTSD-Unaugmented\MTSD-YOLO\test\images\grp9_815852c2-IMG_20251112_155220.jpg,1561.11,1688.86,1798.42,1949.52,0.4004,street sign,True,True,840.2,mtsd-p9
SAM 3,street sign,grp9_815852c2-IMG_20251112_155220.jpg,E:\2. UM-Student\MSC Dissertation\Urban-Vision-Benchmark\Datasets\MTSD\Prepared\MTSD-Unaugmented\MTSD-YOLO\test\images\grp9_815852c2-IMG_20251112_155220.jpg,613.51,2552.66,657.0,2605.14,0.4492,street sign,True,True,840.2,mtsd-p9
SAM 3,street sign,grp9_815852c2-IMG_20251112_155220.jpg,E:\2. UM-Student\MSC Dissertation\Urban-Vision-Benchmark\Datasets\MTSD\Prepared\MTSD-Unaugmented\MTSD-YOLO\test\images\grp9_815852c2-IMG_20251112_155220.jpg,536.33,2507.99,575.54,2565.38,0.4238,street sign,True,True,840.2,mtsd-p9
SAM 3,street sign,grp9_815852c2-IMG_20251112_155220.jpg,E:\2. UM-Student\MSC Dissertation\Urban-Vision-Benchmark\Datasets\MTSD\Prepared\MTSD-Unaugmented\MTSD-YOLO\test\images\grp9_815852c2-IMG_20251112_155220.jpg,461.84,2367.91,737.32,2517.03,0.75,street sign,True,True,840.2,mtsd-p9
SAM 3,street sign,grp9_815852c2-IMG_20251112_155220.jpg,E:\2. UM-Student\MSC Dissertation\Urban-Vision-Benchmark\Datasets\MTSD\Prepared\MTSD-Unaugmented\MTSD-YOLO\test\images\grp9_815852c2-IMG_20251112_155220.jpg,1557.72,1687.98,1867.33,1977.53,0.3242,street sign,True,True,840.2,mtsd-p9
SAM 3,street sign,grp9_815852c2-IMG_20251112_155220.jpg,E:\2. UM-Student\MSC Dissertation\Urban-Vision-Benchmark\Datasets\MTSD\Prepared\MTSD-Unaugmented\MTSD-YOLO\test\images\grp9_815852c2-IMG_20251112_155220.jpg,479.6,2115.02,756.24,2377.35,0.7734,street sign,True,True,840.2,mtsd-p9
SAM 3,street sign,grp9_815852c2-IMG_20251112_155220.jpg,E:\2. UM-Student\MSC Dissertation\Urban-Vision-Benchmark\Datasets\MTSD\Prepared\MTSD-Unaugmented\MTSD-YOLO\test\images\grp9_815852c2-IMG_20251112_155220.jpg,472.78,2104.31,750.97,3421.41,0.418,street sign,True,True,840.2,mtsd-p9
SAM 3,street sign,grp9_815852c2-IMG_20251112_155220.jpg,E:\2. UM-Student\MSC Dissertation\Urban-Vision-Benchmark\Datasets\MTSD\Prepared\MTSD-Unaugmented\MTSD-YOLO\test\images\grp9_815852c2-IMG_20251112_155220.jpg,625.65,2621.11,692.6,2671.41,0.4004,street sign,True,True,840.2,mtsd-p9
SAM 3,street sign,grp9_815852c2-IMG_20251112_155220.jpg,E:\2. UM-Student\MSC Dissertation\Urban-Vision-Benchmark\Datasets\MTSD\Prepared\MTSD-Unaugmented\MTSD-YOLO\test\images\grp9_815852c2-IMG_20251112_155220.jpg,513.29,2572.46,556.99,2646.02,0.5625,street sign,True,True,840.2,mtsd-p9
SAM 3,street sign,grp9_91c9ea8f-IMG_20251112_162243.jpg,E:\2. UM-Student\MSC Dissertation\Urban-Vision-Benchmark\Datasets\MTSD\Prepared\MTSD-Unaugmented\MTSD-YOLO\test\images\grp9_91c9ea8f-IMG_20251112_162243.jpg,1803.22,614.46,1941.81,681.03,0.4941,street sign,True,True,242.0,mtsd-p9
SAM 3,street sign,grp9_91c9ea8f-IMG_20251112_162243.jpg,E:\2. UM-Student\MSC Dissertation\Urban-Vision-Benchmark\Datasets\MTSD\Prepared\MTSD-Unaugmented\MTSD-YOLO\test\images\grp9_91c9ea8f-IMG_20251112_162243.jpg,1222.89,2083.26,1650.35,2621.17,0.9492,street sign,True,True,242.0,mtsd-p9
SAM 3,street sign,grp9_91c9ea8f-IMG_20251112_162243.jpg,E:\2. UM-Student\MSC Dissertation\Urban-Vision-Benchmark\Datasets\MTSD\Prepared\MTSD-Unaugmented\MTSD-YOLO\test\images\grp9_91c9ea8f-IMG_20251112_162243.jpg,1179.01,1651.41,1656.57,2086.44,0.9531,street sign,True,True,242.0,mtsd-p9
SAM 3,street sign,grp9_93cceec3-IMG_20251112_162528.jpg,E:\2. UM-Student\MSC Dissertation\Urban-Vision-Benchmark\Datasets\MTSD\Prepared\MTSD-Unaugmented\MTSD-YOLO\test\images\grp9_93cceec3-IMG_20251112_162528.jpg,990.99,718.97,2654.36,2432.0,0.9492,street sign,True,True,243.4,mtsd-p9
SAM 3,street sign,grp9_a133d565-WhatsApp_Image_2026-01-01_at_18.13.09.jpeg,E:\2. UM-Student\MSC Dissertation\Urban-Vision-Benchmark\Datasets\MTSD\Prepared\MTSD-Unaugmented\MTSD-YOLO\test\images\grp9_a133d565-WhatsApp_Image_2026-01-01_at_18.13.09.jpeg,1223.39,1614.47,1253.5,1636.56,0.4492,street sign,True,True,132.0,mtsd-p9
SAM 3,street sign,grp9_a133d565-WhatsApp_Image_2026-01-01_at_18.13.09.jpeg,E:\2. UM-Student\MSC Dissertation\Urban-Vision-Benchmark\Datasets\MTSD\Prepared\MTSD-Unaugmented\MTSD-YOLO\test\images\grp9_a133d565-WhatsApp_Image_2026-01-01_at_18.13.09.jpeg,577.85,1054.43,604.12,1174.29,0.4375,street sign,True,True,132.0,mtsd-p9
SAM 3,street sign,grp9_a133d565-WhatsApp_Image_2026-01-01_at_18.13.09.jpeg,E:\2. UM-Student\MSC Dissertation\Urban-Vision-Benchmark\Datasets\MTSD\Prepared\MTSD-Unaugmented\MTSD-YOLO\test\images\grp9_a133d565-WhatsApp_Image_2026-01-01_at_18.13.09.jpeg,813.37,1306.22,871.47,1350.26,0.3906,street sign,True,True,132.0,mtsd-p9
SAM 3,street sign,grp9_a133d565-WhatsApp_Image_2026-01-01_at_18.13.09.jpeg,E:\2. UM-Student\MSC Dissertation\Urban-Vision-Benchmark\Datasets\MTSD\Prepared\MTSD-Unaugmented\MTSD-YOLO\test\images\grp9_a133d565-WhatsApp_Image_2026-01-01_at_18.13.09.jpeg,602.64,1058.83,784.67,1245.1,0.918,street sign,True,True,132.0,mtsd-p9
SAM 3,street sign,grp9_a3c63c83-IMG_20251112_162857.jpg,E:\2. UM-Student\MSC Dissertation\Urban-Vision-Benchmark\Datasets\MTSD\Prepared\MTSD-Unaugmented\MTSD-YOLO\test\images\grp9_a3c63c83-IMG_20251112_162857.jpg,1390.11,1962.41,1664.21,2602.44,0.7148,street sign,True,True,450.4,mtsd-p9
SAM 3,street sign,grp9_a3c63c83-IMG_20251112_162857.jpg,E:\2. UM-Student\MSC Dissertation\Urban-Vision-Benchmark\Datasets\MTSD\Prepared\MTSD-Unaugmented\MTSD-YOLO\test\images\grp9_a3c63c83-IMG_20251112_162857.jpg,1323.28,2617.78,1810.32,3487.88,0.6953,street sign,True,True,450.4,mtsd-p9
SAM 3,street sign,grp9_a3c63c83-IMG_20251112_162857.jpg,E:\2. UM-Student\MSC Dissertation\Urban-Vision-Benchmark\Datasets\MTSD\Prepared\MTSD-Unaugmented\MTSD-YOLO\test\images\grp9_a3c63c83-IMG_20251112_162857.jpg,1291.31,1187.83,1750.09,4080.0,0.5859,street sign,True,True,450.4,mtsd-p9
SAM 3,street sign,grp9_a3c63c83-IMG_20251112_162857.jpg,E:\2. UM-Student\MSC Dissertation\Urban-Vision-Benchmark\Datasets\MTSD\Prepared\MTSD-Unaugmented\MTSD-YOLO\test\images\grp9_a3c63c83-IMG_20251112_162857.jpg,1293.4,1177.14,1721.78,2007.59,0.8242,street sign,True,True,450.4,mtsd-p9
SAM 3,street sign,grp9_a6b8460c-20251122_140515.jpg,E:\2. UM-Student\MSC Dissertation\Urban-Vision-Benchmark\Datasets\MTSD\Prepared\MTSD-Unaugmented\MTSD-YOLO\test\images\grp9_a6b8460c-20251122_140515.jpg,2954.33,1669.63,3000.0,1821.33,0.7539,street sign,True,True,206.1,mtsd-p9
SAM 3,street sign,grp9_a6b8460c-20251122_140515.jpg,E:\2. UM-Student\MSC Dissertation\Urban-Vision-Benchmark\Datasets\MTSD\Prepared\MTSD-Unaugmented\MTSD-YOLO\test\images\grp9_a6b8460c-20251122_140515.jpg,1264.92,1532.6,1792.91,2092.53,0.3398,street sign,True,True,206.1,mtsd-p9
SAM 3,street sign,grp9_a6b8460c-20251122_140515.jpg,E:\2. UM-Student\MSC Dissertation\Urban-Vision-Benchmark\Datasets\MTSD\Prepared\MTSD-Unaugmented\MTSD-YOLO\test\images\grp9_a6b8460c-20251122_140515.jpg,1266.59,1533.01,1792.67,3602.79,0.5117,street sign,True,True,206.1,mtsd-p9
SAM 3,street sign,grp9_a745c9e2-IMG_20251106_152554.jpg,E:\2. UM-Student\MSC Dissertation\Urban-Vision-Benchmark\Datasets\MTSD\Prepared\MTSD-Unaugmented\MTSD-YOLO\test\images\grp9_a745c9e2-IMG_20251106_152554.jpg,1985.94,3546.77,2069.89,3744.53,0.4375,street sign,True,True,508.9,mtsd-p9
SAM 3,street sign,grp9_a745c9e2-IMG_20251106_152554.jpg,E:\2. UM-Student\MSC Dissertation\Urban-Vision-Benchmark\Datasets\MTSD\Prepared\MTSD-Unaugmented\MTSD-YOLO\test\images\grp9_a745c9e2-IMG_20251106_152554.jpg,1386.49,2053.31,2168.33,2878.81,0.7734,street sign,True,True,508.9,mtsd-p9
SAM 3,street sign,grp9_a745c9e2-IMG_20251106_152554.jpg,E:\2. UM-Student\MSC Dissertation\Urban-Vision-Benchmark\Datasets\MTSD\Prepared\MTSD-Unaugmented\MTSD-YOLO\test\images\grp9_a745c9e2-IMG_20251106_152554.jpg,2992.29,3627.85,3072.0,3709.64,0.4375,street sign,True,True,508.9,mtsd-p9
SAM 3,street sign,grp9_a745c9e2-IMG_20251106_152554.jpg,E:\2. UM-Student\MSC Dissertation\Urban-Vision-Benchmark\Datasets\MTSD\Prepared\MTSD-Unaugmented\MTSD-YOLO\test\images\grp9_a745c9e2-IMG_20251106_152554.jpg,1990.29,3623.36,2070.26,3688.46,0.4121,street sign,True,True,508.9,mtsd-p9
SAM 3,street sign,grp9_a745c9e2-IMG_20251106_152554.jpg,E:\2. UM-Student\MSC Dissertation\Urban-Vision-Benchmark\Datasets\MTSD\Prepared\MTSD-Unaugmented\MTSD-YOLO\test\images\grp9_a745c9e2-IMG_20251106_152554.jpg,1767.82,3302.16,1925.87,3603.01,0.3242,street sign,True,True,508.9,mtsd-p9
SAM 3,street sign,grp9_a745c9e2-IMG_20251106_152554.jpg,E:\2. UM-Student\MSC Dissertation\Urban-Vision-Benchmark\Datasets\MTSD\Prepared\MTSD-Unaugmented\MTSD-YOLO\test\images\grp9_a745c9e2-IMG_20251106_152554.jpg,2034.17,3764.25,2099.14,3826.08,0.5391,street sign,True,True,508.9,mtsd-p9
SAM 3,street sign,grp9_a745c9e2-IMG_20251106_152554.jpg,E:\2. UM-Student\MSC Dissertation\Urban-Vision-Benchmark\Datasets\MTSD\Prepared\MTSD-Unaugmented\MTSD-YOLO\test\images\grp9_a745c9e2-IMG_20251106_152554.jpg,1384.18,2051.8,2162.54,4096.0,0.5352,street sign,True,True,508.9,mtsd-p9
SAM 3,street sign,grp9_a745c9e2-IMG_20251106_152554.jpg,E:\2. UM-Student\MSC Dissertation\Urban-Vision-Benchmark\Datasets\MTSD\Prepared\MTSD-Unaugmented\MTSD-YOLO\test\images\grp9_a745c9e2-IMG_20251106_152554.jpg,1990.3,3618.76,2070.95,3738.43,0.5508,street sign,True,True,508.9,mtsd-p9
SAM 3,street sign,grp9_a745c9e2-IMG_20251106_152554.jpg,E:\2. UM-Student\MSC Dissertation\Urban-Vision-Benchmark\Datasets\MTSD\Prepared\MTSD-Unaugmented\MTSD-YOLO\test\images\grp9_a745c9e2-IMG_20251106_152554.jpg,1996.05,3681.25,2075.65,3746.31,0.4785,street sign,True,True,508.9,mtsd-p9
SAM 3,street sign,grp9_a745c9e2-IMG_20251106_152554.jpg,E:\2. UM-Student\MSC Dissertation\Urban-Vision-Benchmark\Datasets\MTSD\Prepared\MTSD-Unaugmented\MTSD-YOLO\test\images\grp9_a745c9e2-IMG_20251106_152554.jpg,1988.25,3535.64,2060.0,3617.22,0.5898,street sign,True,True,508.9,mtsd-p9
SAM 3,street sign,grp9_a7e54ad2-IMG_20251210_141604.jpg,E:\2. UM-Student\MSC Dissertation\Urban-Vision-Benchmark\Datasets\MTSD\Prepared\MTSD-Unaugmented\MTSD-YOLO\test\images\grp9_a7e54ad2-IMG_20251210_141604.jpg,1073.54,3567.68,1828.61,4079.59,0.875,street sign,True,True,431.8,mtsd-p9
SAM 3,street sign,grp9_a7e54ad2-IMG_20251210_141604.jpg,E:\2. UM-Student\MSC Dissertation\Urban-Vision-Benchmark\Datasets\MTSD\Prepared\MTSD-Unaugmented\MTSD-YOLO\test\images\grp9_a7e54ad2-IMG_20251210_141604.jpg,1397.84,1128.13,1597.04,2218.8,0.9258,street sign,True,True,431.8,mtsd-p9
SAM 3,street sign,grp9_ae723934-WhatsApp_Image_2026-01-03_at_18.45.36.jpeg,E:\2. UM-Student\MSC Dissertation\Urban-Vision-Benchmark\Datasets\MTSD\Prepared\MTSD-Unaugmented\MTSD-YOLO\test\images\grp9_ae723934-WhatsApp_Image_2026-01-03_at_18.45.36.jpeg,1137.45,595.17,1200.0,764.82,0.7461,street sign,True,True,136.2,mtsd-p9
SAM 3,street sign,grp9_ae723934-WhatsApp_Image_2026-01-03_at_18.45.36.jpeg,E:\2. UM-Student\MSC Dissertation\Urban-Vision-Benchmark\Datasets\MTSD\Prepared\MTSD-Unaugmented\MTSD-YOLO\test\images\grp9_ae723934-WhatsApp_Image_2026-01-03_at_18.45.36.jpeg,560.5,710.23,750.78,882.68,0.9688,street sign,True,True,136.2,mtsd-p9
SAM 3,street sign,grp9_ae723934-WhatsApp_Image_2026-01-03_at_18.45.36.jpeg,E:\2. UM-Student\MSC Dissertation\Urban-Vision-Benchmark\Datasets\MTSD\Prepared\MTSD-Unaugmented\MTSD-YOLO\test\images\grp9_ae723934-WhatsApp_Image_2026-01-03_at_18.45.36.jpeg,751.39,877.89,803.09,1039.62,0.332,street sign,True,True,136.2,mtsd-p9
SAM 3,street sign,grp9_b775d113-IMG_20251111_162326.jpg,E:\2. UM-Student\MSC Dissertation\Urban-Vision-Benchmark\Datasets\MTSD\Prepared\MTSD-Unaugmented\MTSD-YOLO\test\images\grp9_b775d113-IMG_20251111_162326.jpg,2767.56,2664.71,2851.56,2982.18,0.3867,street sign,True,True,442.0,mtsd-p9
SAM 3,street sign,grp9_b775d113-IMG_20251111_162326.jpg,E:\2. UM-Student\MSC Dissertation\Urban-Vision-Benchmark\Datasets\MTSD\Prepared\MTSD-Unaugmented\MTSD-YOLO\test\images\grp9_b775d113-IMG_20251111_162326.jpg,2771.99,2688.62,2849.09,2765.22,0.8594,street sign,True,True,442.0,mtsd-p9
SAM 3,street sign,grp9_b775d113-IMG_20251111_162326.jpg,E:\2. UM-Student\MSC Dissertation\Urban-Vision-Benchmark\Datasets\MTSD\Prepared\MTSD-Unaugmented\MTSD-YOLO\test\images\grp9_b775d113-IMG_20251111_162326.jpg,732.92,2367.28,822.74,2576.05,0.9023,street sign,True,True,442.0,mtsd-p9
SAM 3,street sign,grp9_b775d113-IMG_20251111_162326.jpg,E:\2. UM-Student\MSC Dissertation\Urban-Vision-Benchmark\Datasets\MTSD\Prepared\MTSD-Unaugmented\MTSD-YOLO\test\images\grp9_b775d113-IMG_20251111_162326.jpg,2292.2,1290.83,2415.32,2027.79,0.6875,street sign,True,True,442.0,mtsd-p9
SAM 3,street sign,grp9_b775d113-IMG_20251111_162326.jpg,E:\2. UM-Student\MSC Dissertation\Urban-Vision-Benchmark\Datasets\MTSD\Prepared\MTSD-Unaugmented\MTSD-YOLO\test\images\grp9_b775d113-IMG_20251111_162326.jpg,2757.92,2605.57,2847.59,2688.61,0.8008,street sign,True,True,442.0,mtsd-p9
SAM 3,street sign,grp9_b8de4d86-IMG_20251112_162741.jpg,E:\2. UM-Student\MSC Dissertation\Urban-Vision-Benchmark\Datasets\MTSD\Prepared\MTSD-Unaugmented\MTSD-YOLO\test\images\grp9_b8de4d86-IMG_20251112_162741.jpg,2120.7,2791.93,2192.15,2909.27,0.5938,street sign,True,True,447.2,mtsd-p9
SAM 3,street sign,grp9_b8de4d86-IMG_20251112_162741.jpg,E:\2. UM-Student\MSC Dissertation\Urban-Vision-Benchmark\Datasets\MTSD\Prepared\MTSD-Unaugmented\MTSD-YOLO\test\images\grp9_b8de4d86-IMG_20251112_162741.jpg,1435.54,1813.25,1652.81,2133.95,0.3652,street sign,True,True,447.2,mtsd-p9
SAM 3,street sign,grp9_b8de4d86-IMG_20251112_162741.jpg,E:\2. UM-Student\MSC Dissertation\Urban-Vision-Benchmark\Datasets\MTSD\Prepared\MTSD-Unaugmented\MTSD-YOLO\test\images\grp9_b8de4d86-IMG_20251112_162741.jpg,1456.61,2096.43,1636.88,2434.94,0.3828,street sign,True,True,447.2,mtsd-p9
SAM 3,street sign,grp9_b8de4d86-IMG_20251112_162741.jpg,E:\2. UM-Student\MSC Dissertation\Urban-Vision-Benchmark\Datasets\MTSD\Prepared\MTSD-Unaugmented\MTSD-YOLO\test\images\grp9_b8de4d86-IMG_20251112_162741.jpg,1306.68,1638.43,1621.75,1985.33,0.9062,street sign,True,True,447.2,mtsd-p9
SAM 3,street sign,grp9_b8edf87e-IMG_20251106_153308.jpg,E:\2. UM-Student\MSC Dissertation\Urban-Vision-Benchmark\Datasets\MTSD\Prepared\MTSD-Unaugmented\MTSD-YOLO\test\images\grp9_b8edf87e-IMG_20251106_153308.jpg,2622.88,2932.06,2749.04,3052.31,0.8242,street sign,True,True,512.5,mtsd-p9
SAM 3,street sign,grp9_b8edf87e-IMG_20251106_153308.jpg,E:\2. UM-Student\MSC Dissertation\Urban-Vision-Benchmark\Datasets\MTSD\Prepared\MTSD-Unaugmented\MTSD-YOLO\test\images\grp9_b8edf87e-IMG_20251106_153308.jpg,1213.12,1954.78,1582.07,3144.88,0.5781,street sign,True,True,512.5,mtsd-p9
SAM 3,street sign,grp9_b8edf87e-IMG_20251106_153308.jpg,E:\2. UM-Student\MSC Dissertation\Urban-Vision-Benchmark\Datasets\MTSD\Prepared\MTSD-Unaugmented\MTSD-YOLO\test\images\grp9_b8edf87e-IMG_20251106_153308.jpg,1935.38,2536.79,1983.86,2907.68,0.4668,street sign,True,True,512.5,mtsd-p9
SAM 3,street sign,grp9_b8edf87e-IMG_20251106_153308.jpg,E:\2. UM-Student\MSC Dissertation\Urban-Vision-Benchmark\Datasets\MTSD\Prepared\MTSD-Unaugmented\MTSD-YOLO\test\images\grp9_b8edf87e-IMG_20251106_153308.jpg,1263.74,2321.08,1546.12,2607.81,0.8555,street sign,True,True,512.5,mtsd-p9
SAM 3,street sign,grp9_b8edf87e-IMG_20251106_153308.jpg,E:\2. UM-Student\MSC Dissertation\Urban-Vision-Benchmark\Datasets\MTSD\Prepared\MTSD-Unaugmented\MTSD-YOLO\test\images\grp9_b8edf87e-IMG_20251106_153308.jpg,1207.78,1962.89,1585.14,2314.12,0.8594,street sign,True,True,512.5,mtsd-p9
SAM 3,street sign,grp9_c7a4a215-20251122_140026.jpg,E:\2. UM-Student\MSC Dissertation\Urban-Vision-Benchmark\Datasets\MTSD\Prepared\MTSD-Unaugmented\MTSD-YOLO\test\images\grp9_c7a4a215-20251122_140026.jpg,1468.53,1945.2,2236.75,2246.56,0.6367,street sign,True,True,890.8,mtsd-p9
SAM 3,street sign,grp9_c7a4a215-20251122_140026.jpg,E:\2. UM-Student\MSC Dissertation\Urban-Vision-Benchmark\Datasets\MTSD\Prepared\MTSD-Unaugmented\MTSD-YOLO\test\images\grp9_c7a4a215-20251122_140026.jpg,1366.12,2515.17,1443.77,2821.29,0.5156,street sign,True,True,890.8,mtsd-p9
SAM 3,street sign,grp9_c7a4a215-20251122_140026.jpg,E:\2. UM-Student\MSC Dissertation\Urban-Vision-Benchmark\Datasets\MTSD\Prepared\MTSD-Unaugmented\MTSD-YOLO\test\images\grp9_c7a4a215-20251122_140026.jpg,2621.82,2294.15,2743.19,2668.46,0.5586,street sign,True,True,890.8,mtsd-p9
SAM 3,street sign,grp9_c7a4a215-20251122_140026.jpg,E:\2. UM-Student\MSC Dissertation\Urban-Vision-Benchmark\Datasets\MTSD\Prepared\MTSD-Unaugmented\MTSD-YOLO\test\images\grp9_c7a4a215-20251122_140026.jpg,1661.38,2475.02,1753.3,2891.68,0.5859,street sign,True,True,890.8,mtsd-p9
SAM 3,street sign,grp9_c7a4a215-20251122_140026.jpg,E:\2. UM-Student\MSC Dissertation\Urban-Vision-Benchmark\Datasets\MTSD\Prepared\MTSD-Unaugmented\MTSD-YOLO\test\images\grp9_c7a4a215-20251122_140026.jpg,1362.91,2514.09,1444.82,2593.64,0.6523,street sign,True,True,890.8,mtsd-p9
SAM 3,street sign,grp9_c7a4a215-20251122_140026.jpg,E:\2. UM-Student\MSC Dissertation\Urban-Vision-Benchmark\Datasets\MTSD\Prepared\MTSD-Unaugmented\MTSD-YOLO\test\images\grp9_c7a4a215-20251122_140026.jpg,1054.86,2550.44,1147.14,2697.32,0.4551,street sign,True,True,890.8,mtsd-p9
SAM 3,street sign,grp9_c7a4a215-20251122_140026.jpg,E:\2. UM-Student\MSC Dissertation\Urban-Vision-Benchmark\Datasets\MTSD\Prepared\MTSD-Unaugmented\MTSD-YOLO\test\images\grp9_c7a4a215-20251122_140026.jpg,1054.15,2551.48,1145.91,2648.9,0.5273,street sign,True,True,890.8,mtsd-p9
SAM 3,street sign,grp9_c7a4a215-20251122_140026.jpg,E:\2. UM-Student\MSC Dissertation\Urban-Vision-Benchmark\Datasets\MTSD\Prepared\MTSD-Unaugmented\MTSD-YOLO\test\images\grp9_c7a4a215-20251122_140026.jpg,1660.27,2476.1,1752.57,2567.49,0.6719,street sign,True,True,890.8,mtsd-p9
SAM 3,street sign,grp9_c7a4a215-20251122_140026.jpg,E:\2. UM-Student\MSC Dissertation\Urban-Vision-Benchmark\Datasets\MTSD\Prepared\MTSD-Unaugmented\MTSD-YOLO\test\images\grp9_c7a4a215-20251122_140026.jpg,1304.07,990.88,2372.22,4000.0,0.7188,street sign,True,True,890.8,mtsd-p9
SAM 3,street sign,grp9_c7a4a215-20251122_140026.jpg,E:\2. UM-Student\MSC Dissertation\Urban-Vision-Benchmark\Datasets\MTSD\Prepared\MTSD-Unaugmented\MTSD-YOLO\test\images\grp9_c7a4a215-20251122_140026.jpg,1320.91,993.31,2365.13,2248.76,0.4434,street sign,True,True,890.8,mtsd-p9
SAM 3,street sign,grp9_c7a4a215-20251122_140026.jpg,E:\2. UM-Student\MSC Dissertation\Urban-Vision-Benchmark\Datasets\MTSD\Prepared\MTSD-Unaugmented\MTSD-YOLO\test\images\grp9_c7a4a215-20251122_140026.jpg,2641.7,2299.58,2742.75,2446.25,0.7227,street sign,True,True,890.8,mtsd-p9
SAM 3,street sign,grp9_c7a4a215-20251122_140026.jpg,E:\2. UM-Student\MSC Dissertation\Urban-Vision-Benchmark\Datasets\MTSD\Prepared\MTSD-Unaugmented\MTSD-YOLO\test\images\grp9_c7a4a215-20251122_140026.jpg,1955.06,2320.05,2125.34,2919.65,0.4766,street sign,True,True,890.8,mtsd-p9
SAM 3,street sign,grp9_c7a4a215-20251122_140026.jpg,E:\2. UM-Student\MSC Dissertation\Urban-Vision-Benchmark\Datasets\MTSD\Prepared\MTSD-Unaugmented\MTSD-YOLO\test\images\grp9_c7a4a215-20251122_140026.jpg,1546.66,2618.11,1623.16,2800.73,0.4375,street sign,True,True,890.8,mtsd-p9
SAM 3,street sign,grp9_c7a4a215-20251122_140026.jpg,E:\2. UM-Student\MSC Dissertation\Urban-Vision-Benchmark\Datasets\MTSD\Prepared\MTSD-Unaugmented\MTSD-YOLO\test\images\grp9_c7a4a215-20251122_140026.jpg,1954.52,2313.23,2128.85,2612.01,0.7344,street sign,True,True,890.8,mtsd-p9
SAM 3,street sign,grp9_c7a4a215-20251122_140026.jpg,E:\2. UM-Student\MSC Dissertation\Urban-Vision-Benchmark\Datasets\MTSD\Prepared\MTSD-Unaugmented\MTSD-YOLO\test\images\grp9_c7a4a215-20251122_140026.jpg,1311.92,992.04,2371.4,1985.4,0.6328,street sign,True,True,890.8,mtsd-p9
SAM 3,street sign,grp9_c7a4a215-20251122_140026.jpg,E:\2. UM-Student\MSC Dissertation\Urban-Vision-Benchmark\Datasets\MTSD\Prepared\MTSD-Unaugmented\MTSD-YOLO\test\images\grp9_c7a4a215-20251122_140026.jpg,1185.08,2672.57,1307.74,2989.76,0.3047,street sign,True,True,890.8,mtsd-p9
SAM 3,street sign,grp9_c8f9e8c2-M8_back.jpg,E:\2. UM-Student\MSC Dissertation\Urban-Vision-Benchmark\Datasets\MTSD\Prepared\MTSD-Unaugmented\MTSD-YOLO\test\images\grp9_c8f9e8c2-M8_back.jpg,,,,,,<no detections>,False,True,156.5,mtsd-p9
SAM 3,street sign,grp9_cedb2f14-NE3_front.jpg,E:\2. UM-Student\MSC Dissertation\Urban-Vision-Benchmark\Datasets\MTSD\Prepared\MTSD-Unaugmented\MTSD-YOLO\test\images\grp9_cedb2f14-NE3_front.jpg,1506.29,1686.61,1914.77,2122.79,0.8125,street sign,True,True,227.6,mtsd-p9
SAM 3,street sign,grp9_cedb2f14-NE3_front.jpg,E:\2. UM-Student\MSC Dissertation\Urban-Vision-Benchmark\Datasets\MTSD\Prepared\MTSD-Unaugmented\MTSD-YOLO\test\images\grp9_cedb2f14-NE3_front.jpg,1473.27,1683.77,1913.83,3948.86,0.6094,street sign,True,True,227.6,mtsd-p9
SAM 3,street sign,grp9_d09450b2-IMG_20251112_155615.jpg,E:\2. UM-Student\MSC Dissertation\Urban-Vision-Benchmark\Datasets\MTSD\Prepared\MTSD-Unaugmented\MTSD-YOLO\test\images\grp9_d09450b2-IMG_20251112_155615.jpg,1649.54,2532.31,1685.7,2561.41,0.3672,street sign,True,True,251.4,mtsd-p9
SAM 3,street sign,grp9_d09450b2-IMG_20251112_155615.jpg,E:\2. UM-Student\MSC Dissertation\Urban-Vision-Benchmark\Datasets\MTSD\Prepared\MTSD-Unaugmented\MTSD-YOLO\test\images\grp9_d09450b2-IMG_20251112_155615.jpg,1994.02,2418.83,2050.88,2895.09,0.3203,street sign,True,True,251.4,mtsd-p9
SAM 3,street sign,grp9_d09450b2-IMG_20251112_155615.jpg,E:\2. UM-Student\MSC Dissertation\Urban-Vision-Benchmark\Datasets\MTSD\Prepared\MTSD-Unaugmented\MTSD-YOLO\test\images\grp9_d09450b2-IMG_20251112_155615.jpg,1418.4,1519.62,2011.03,4080.0,0.5469,street sign,True,True,251.4,mtsd-p9
SAM 3,street sign,grp9_d09450b2-IMG_20251112_155615.jpg,E:\2. UM-Student\MSC Dissertation\Urban-Vision-Benchmark\Datasets\MTSD\Prepared\MTSD-Unaugmented\MTSD-YOLO\test\images\grp9_d09450b2-IMG_20251112_155615.jpg,1414.54,1520.96,1998.79,2147.17,0.8242,street sign,True,True,251.4,mtsd-p9
SAM 3,street sign,grp9_d09450b2-IMG_20251112_155615.jpg,E:\2. UM-Student\MSC Dissertation\Urban-Vision-Benchmark\Datasets\MTSD\Prepared\MTSD-Unaugmented\MTSD-YOLO\test\images\grp9_d09450b2-IMG_20251112_155615.jpg,1996.41,2418.38,2056.52,2681.04,0.6758,street sign,True,True,251.4,mtsd-p9
SAM 3,street sign,grp9_d4f4f35a-WhatsApp_Image_2026-01-01_at_18.12.59_1.jpeg,E:\2. UM-Student\MSC Dissertation\Urban-Vision-Benchmark\Datasets\MTSD\Prepared\MTSD-Unaugmented\MTSD-YOLO\test\images\grp9_d4f4f35a-WhatsApp_Image_2026-01-01_at_18.12.59_1.jpeg,554.31,799.05,683.74,1353.24,0.8594,street sign,True,True,141.4,mtsd-p9
SAM 3,street sign,grp9_d4f4f35a-WhatsApp_Image_2026-01-01_at_18.12.59_1.jpeg,E:\2. UM-Student\MSC Dissertation\Urban-Vision-Benchmark\Datasets\MTSD\Prepared\MTSD-Unaugmented\MTSD-YOLO\test\images\grp9_d4f4f35a-WhatsApp_Image_2026-01-01_at_18.12.59_1.jpeg,553.95,798.44,869.45,2045.45,0.5273,street sign,True,True,141.4,mtsd-p9
SAM 3,street sign,grp9_d5f4aa18-20251122_140237.jpg,E:\2. UM-Student\MSC Dissertation\Urban-Vision-Benchmark\Datasets\MTSD\Prepared\MTSD-Unaugmented\MTSD-YOLO\test\images\grp9_d5f4aa18-20251122_140237.jpg,,,,,,<no detections>,False,True,151.2,mtsd-p9
SAM 3,street sign,grp9_d7c813cb-IMG_20251112_163545.jpg,E:\2. UM-Student\MSC Dissertation\Urban-Vision-Benchmark\Datasets\MTSD\Prepared\MTSD-Unaugmented\MTSD-YOLO\test\images\grp9_d7c813cb-IMG_20251112_163545.jpg,1009.28,1735.48,1583.85,4080.0,0.6875,street sign,True,True,258.8,mtsd-p9
SAM 3,street sign,grp9_d7c813cb-IMG_20251112_163545.jpg,E:\2. UM-Student\MSC Dissertation\Urban-Vision-Benchmark\Datasets\MTSD\Prepared\MTSD-Unaugmented\MTSD-YOLO\test\images\grp9_d7c813cb-IMG_20251112_163545.jpg,2132.4,2823.75,2192.12,2914.29,0.707,street sign,True,True,258.8,mtsd-p9
SAM 3,street sign,grp9_d7c813cb-IMG_20251112_163545.jpg,E:\2. UM-Student\MSC Dissertation\Urban-Vision-Benchmark\Datasets\MTSD\Prepared\MTSD-Unaugmented\MTSD-YOLO\test\images\grp9_d7c813cb-IMG_20251112_163545.jpg,2019.67,2874.48,2070.62,2957.97,0.7109,street sign,True,True,258.8,mtsd-p9
SAM 3,street sign,grp9_d7c813cb-IMG_20251112_163545.jpg,E:\2. UM-Student\MSC Dissertation\Urban-Vision-Benchmark\Datasets\MTSD\Prepared\MTSD-Unaugmented\MTSD-YOLO\test\images\grp9_d7c813cb-IMG_20251112_163545.jpg,1950.21,2604.05,2096.91,2759.83,0.8047,street sign,True,True,258.8,mtsd-p9
SAM 3,street sign,grp9_d7c813cb-IMG_20251112_163545.jpg,E:\2. UM-Student\MSC Dissertation\Urban-Vision-Benchmark\Datasets\MTSD\Prepared\MTSD-Unaugmented\MTSD-YOLO\test\images\grp9_d7c813cb-IMG_20251112_163545.jpg,1953.54,2600.15,2096.96,3286.99,0.5703,street sign,True,True,258.8,mtsd-p9
SAM 3,street sign,grp9_d7c813cb-IMG_20251112_163545.jpg,E:\2. UM-Student\MSC Dissertation\Urban-Vision-Benchmark\Datasets\MTSD\Prepared\MTSD-Unaugmented\MTSD-YOLO\test\images\grp9_d7c813cb-IMG_20251112_163545.jpg,1012.01,1736.14,1582.36,2637.07,0.8047,street sign,True,True,258.8,mtsd-p9
SAM 3,street sign,grp9_dbd6345f-IMG_20251106_155229.jpg,E:\2. UM-Student\MSC Dissertation\Urban-Vision-Benchmark\Datasets\MTSD\Prepared\MTSD-Unaugmented\MTSD-YOLO\test\images\grp9_dbd6345f-IMG_20251106_155229.jpg,310.11,3014.47,363.58,3082.09,0.3477,street sign,True,True,203.2,mtsd-p9
SAM 3,street sign,grp9_dbd6345f-IMG_20251106_155229.jpg,E:\2. UM-Student\MSC Dissertation\Urban-Vision-Benchmark\Datasets\MTSD\Prepared\MTSD-Unaugmented\MTSD-YOLO\test\images\grp9_dbd6345f-IMG_20251106_155229.jpg,105.99,2770.3,729.68,2872.95,0.4043,street sign,True,True,203.2,mtsd-p9
SAM 3,street sign,grp9_dbd6345f-IMG_20251106_155229.jpg,E:\2. UM-Student\MSC Dissertation\Urban-Vision-Benchmark\Datasets\MTSD\Prepared\MTSD-Unaugmented\MTSD-YOLO\test\images\grp9_dbd6345f-IMG_20251106_155229.jpg,1092.99,1005.67,2101.91,4096.0,0.6914,street sign,True,True,203.2,mtsd-p9
SAM 3,street sign,grp9_dbd6345f-IMG_20251106_155229.jpg,E:\2. UM-Student\MSC Dissertation\Urban-Vision-Benchmark\Datasets\MTSD\Prepared\MTSD-Unaugmented\MTSD-YOLO\test\images\grp9_dbd6345f-IMG_20251106_155229.jpg,1091.78,998.2,2100.75,2090.03,0.8203,street sign,True,True,203.2,mtsd-p9
SAM 3,street sign,grp9_de518e6b-WhatsApp_Image_2026-01-03_at_18.46.56.jpeg,E:\2. UM-Student\MSC Dissertation\Urban-Vision-Benchmark\Datasets\MTSD\Prepared\MTSD-Unaugmented\MTSD-YOLO\test\images\grp9_de518e6b-WhatsApp_Image_2026-01-03_at_18.46.56.jpeg,484.14,568.53,829.88,1600.0,0.4844,street sign,True,True,119.2,mtsd-p9
SAM 3,street sign,grp9_de518e6b-WhatsApp_Image_2026-01-03_at_18.46.56.jpeg,E:\2. UM-Student\MSC Dissertation\Urban-Vision-Benchmark\Datasets\MTSD\Prepared\MTSD-Unaugmented\MTSD-YOLO\test\images\grp9_de518e6b-WhatsApp_Image_2026-01-03_at_18.46.56.jpeg,474.09,758.24,836.56,1095.42,0.7773,street sign,True,True,119.2,mtsd-p9
SAM 3,street sign,grp9_de518e6b-WhatsApp_Image_2026-01-03_at_18.46.56.jpeg,E:\2. UM-Student\MSC Dissertation\Urban-Vision-Benchmark\Datasets\MTSD\Prepared\MTSD-Unaugmented\MTSD-YOLO\test\images\grp9_de518e6b-WhatsApp_Image_2026-01-03_at_18.46.56.jpeg,489.9,594.55,740.3,783.44,0.6523,street sign,True,True,119.2,mtsd-p9
SAM 3,street sign,grp9_df847542-IMG_20251210_141936.jpg,E:\2. UM-Student\MSC Dissertation\Urban-Vision-Benchmark\Datasets\MTSD\Prepared\MTSD-Unaugmented\MTSD-YOLO\test\images\grp9_df847542-IMG_20251210_141936.jpg,1316.95,1142.11,2102.28,2272.81,0.4121,street sign,True,True,495.2,mtsd-p9
SAM 3,street sign,grp9_df847542-IMG_20251210_141936.jpg,E:\2. UM-Student\MSC Dissertation\Urban-Vision-Benchmark\Datasets\MTSD\Prepared\MTSD-Unaugmented\MTSD-YOLO\test\images\grp9_df847542-IMG_20251210_141936.jpg,2214.36,2987.86,2582.57,3334.33,0.9531,street sign,True,True,495.2,mtsd-p9
SAM 3,street sign,grp9_df847542-IMG_20251210_141936.jpg,E:\2. UM-Student\MSC Dissertation\Urban-Vision-Benchmark\Datasets\MTSD\Prepared\MTSD-Unaugmented\MTSD-YOLO\test\images\grp9_df847542-IMG_20251210_141936.jpg,2495.66,3403.76,2601.85,3485.78,0.459,street sign,True,True,495.2,mtsd-p9
SAM 3,street sign,grp9_df847542-IMG_20251210_141936.jpg,E:\2. UM-Student\MSC Dissertation\Urban-Vision-Benchmark\Datasets\MTSD\Prepared\MTSD-Unaugmented\MTSD-YOLO\test\images\grp9_df847542-IMG_20251210_141936.jpg,2062.61,3028.45,2194.21,3221.01,0.5742,street sign,True,True,495.2,mtsd-p9
SAM 3,street sign,grp9_df847542-IMG_20251210_141936.jpg,E:\2. UM-Student\MSC Dissertation\Urban-Vision-Benchmark\Datasets\MTSD\Prepared\MTSD-Unaugmented\MTSD-YOLO\test\images\grp9_df847542-IMG_20251210_141936.jpg,843.45,2279.38,2130.29,3022.49,0.9492,street sign,True,True,495.2,mtsd-p9
SAM 3,street sign,grp9_df847542-IMG_20251210_141936.jpg,E:\2. UM-Student\MSC Dissertation\Urban-Vision-Benchmark\Datasets\MTSD\Prepared\MTSD-Unaugmented\MTSD-YOLO\test\images\grp9_df847542-IMG_20251210_141936.jpg,983.78,970.74,1892.2,2255.59,0.9297,street sign,True,True,495.2,mtsd-p9
SAM 3,street sign,grp9_dfbf929f-IMG_20251106_154024.jpg,E:\2. UM-Student\MSC Dissertation\Urban-Vision-Benchmark\Datasets\MTSD\Prepared\MTSD-Unaugmented\MTSD-YOLO\test\images\grp9_dfbf929f-IMG_20251106_154024.jpg,1261.14,2256.39,1408.79,3758.75,0.8047,street sign,True,True,534.9,mtsd-p9
SAM 3,street sign,grp9_dfbf929f-IMG_20251106_154024.jpg,E:\2. UM-Student\MSC Dissertation\Urban-Vision-Benchmark\Datasets\MTSD\Prepared\MTSD-Unaugmented\MTSD-YOLO\test\images\grp9_dfbf929f-IMG_20251106_154024.jpg,2425.09,2745.74,2675.56,2839.24,0.6055,street sign,True,True,534.9,mtsd-p9
SAM 3,street sign,grp9_dfbf929f-IMG_20251106_154024.jpg,E:\2. UM-Student\MSC Dissertation\Urban-Vision-Benchmark\Datasets\MTSD\Prepared\MTSD-Unaugmented\MTSD-YOLO\test\images\grp9_dfbf929f-IMG_20251106_154024.jpg,862.76,2279.0,1199.22,2457.97,0.7539,street sign,True,True,534.9,mtsd-p9
SAM 3,street sign,grp9_dfbf929f-IMG_20251106_154024.jpg,E:\2. UM-Student\MSC Dissertation\Urban-Vision-Benchmark\Datasets\MTSD\Prepared\MTSD-Unaugmented\MTSD-YOLO\test\images\grp9_dfbf929f-IMG_20251106_154024.jpg,723.39,1140.28,1839.62,2230.11,0.8789,street sign,True,True,534.9,mtsd-p9
SAM 3,street sign,grp9_e0e8c13e-IMG_20251113_163444.jpg,E:\2. UM-Student\MSC Dissertation\Urban-Vision-Benchmark\Datasets\MTSD\Prepared\MTSD-Unaugmented\MTSD-YOLO\test\images\grp9_e0e8c13e-IMG_20251113_163444.jpg,,,,,,<no detections>,False,True,185.2,mtsd-p9
SAM 3,street sign,grp9_e1897726-WhatsApp_Image_2026-01-03_at_18.45.38_3.jpeg,E:\2. UM-Student\MSC Dissertation\Urban-Vision-Benchmark\Datasets\MTSD\Prepared\MTSD-Unaugmented\MTSD-YOLO\test\images\grp9_e1897726-WhatsApp_Image_2026-01-03_at_18.45.38_3.jpeg,438.46,611.89,883.1,936.26,0.9062,street sign,True,True,144.5,mtsd-p9
SAM 3,street sign,grp9_e1897726-WhatsApp_Image_2026-01-03_at_18.45.38_3.jpeg,E:\2. UM-Student\MSC Dissertation\Urban-Vision-Benchmark\Datasets\MTSD\Prepared\MTSD-Unaugmented\MTSD-YOLO\test\images\grp9_e1897726-WhatsApp_Image_2026-01-03_at_18.45.38_3.jpeg,443.91,376.25,892.3,1600.0,0.5586,street sign,True,True,144.5,mtsd-p9
SAM 3,street sign,grp9_e1897726-WhatsApp_Image_2026-01-03_at_18.45.38_3.jpeg,E:\2. UM-Student\MSC Dissertation\Urban-Vision-Benchmark\Datasets\MTSD\Prepared\MTSD-Unaugmented\MTSD-YOLO\test\images\grp9_e1897726-WhatsApp_Image_2026-01-03_at_18.45.38_3.jpeg,440.89,908.28,903.79,1084.45,0.8711,street sign,True,True,144.5,mtsd-p9
SAM 3,street sign,grp9_e1897726-WhatsApp_Image_2026-01-03_at_18.45.38_3.jpeg,E:\2. UM-Student\MSC Dissertation\Urban-Vision-Benchmark\Datasets\MTSD\Prepared\MTSD-Unaugmented\MTSD-YOLO\test\images\grp9_e1897726-WhatsApp_Image_2026-01-03_at_18.45.38_3.jpeg,452.69,371.07,827.81,625.62,0.9297,street sign,True,True,144.5,mtsd-p9
SAM 3,street sign,grp9_e1897726-WhatsApp_Image_2026-01-03_at_18.45.38_3.jpeg,E:\2. UM-Student\MSC Dissertation\Urban-Vision-Benchmark\Datasets\MTSD\Prepared\MTSD-Unaugmented\MTSD-YOLO\test\images\grp9_e1897726-WhatsApp_Image_2026-01-03_at_18.45.38_3.jpeg,622.01,1341.71,640.53,1358.76,0.4941,street sign,True,True,144.5,mtsd-p9
SAM 3,street sign,grp9_e2932f32-20251122_134050.jpg,E:\2. UM-Student\MSC Dissertation\Urban-Vision-Benchmark\Datasets\MTSD\Prepared\MTSD-Unaugmented\MTSD-YOLO\test\images\grp9_e2932f32-20251122_134050.jpg,1348.77,1857.53,1517.72,1973.67,0.6406,street sign,True,True,640.3,mtsd-p9
SAM 3,street sign,grp9_e2932f32-20251122_134050.jpg,E:\2. UM-Student\MSC Dissertation\Urban-Vision-Benchmark\Datasets\MTSD\Prepared\MTSD-Unaugmented\MTSD-YOLO\test\images\grp9_e2932f32-20251122_134050.jpg,954.4,2139.62,981.91,2167.43,0.3926,street sign,True,True,640.3,mtsd-p9
SAM 3,street sign,grp9_e2932f32-20251122_134050.jpg,E:\2. UM-Student\MSC Dissertation\Urban-Vision-Benchmark\Datasets\MTSD\Prepared\MTSD-Unaugmented\MTSD-YOLO\test\images\grp9_e2932f32-20251122_134050.jpg,1479.48,1975.85,1511.71,2007.67,0.5156,street sign,True,True,640.3,mtsd-p9
SAM 3,street sign,grp9_e2932f32-20251122_134050.jpg,E:\2. UM-Student\MSC Dissertation\Urban-Vision-Benchmark\Datasets\MTSD\Prepared\MTSD-Unaugmented\MTSD-YOLO\test\images\grp9_e2932f32-20251122_134050.jpg,862.58,2109.07,892.51,2149.66,0.3125,street sign,True,True,640.3,mtsd-p9
SAM 3,street sign,grp9_e2932f32-20251122_134050.jpg,E:\2. UM-Student\MSC Dissertation\Urban-Vision-Benchmark\Datasets\MTSD\Prepared\MTSD-Unaugmented\MTSD-YOLO\test\images\grp9_e2932f32-20251122_134050.jpg,463.53,2074.17,520.88,2305.04,0.5039,street sign,True,True,640.3,mtsd-p9
SAM 3,street sign,grp9_e2932f32-20251122_134050.jpg,E:\2. UM-Student\MSC Dissertation\Urban-Vision-Benchmark\Datasets\MTSD\Prepared\MTSD-Unaugmented\MTSD-YOLO\test\images\grp9_e2932f32-20251122_134050.jpg,777.77,2091.08,822.33,2267.36,0.3262,street sign,True,True,640.3,mtsd-p9
SAM 3,street sign,grp9_e2932f32-20251122_134050.jpg,E:\2. UM-Student\MSC Dissertation\Urban-Vision-Benchmark\Datasets\MTSD\Prepared\MTSD-Unaugmented\MTSD-YOLO\test\images\grp9_e2932f32-20251122_134050.jpg,1057.38,2155.3,1080.89,2183.02,0.4805,street sign,True,True,640.3,mtsd-p9
SAM 3,street sign,grp9_e2932f32-20251122_134050.jpg,E:\2. UM-Student\MSC Dissertation\Urban-Vision-Benchmark\Datasets\MTSD\Prepared\MTSD-Unaugmented\MTSD-YOLO\test\images\grp9_e2932f32-20251122_134050.jpg,464.59,2074.2,521.44,2129.19,0.7773,street sign,True,True,640.3,mtsd-p9
SAM 3,street sign,grp9_e2932f32-20251122_134050.jpg,E:\2. UM-Student\MSC Dissertation\Urban-Vision-Benchmark\Datasets\MTSD\Prepared\MTSD-Unaugmented\MTSD-YOLO\test\images\grp9_e2932f32-20251122_134050.jpg,1280.92,1560.76,1612.0,2977.02,0.5156,street sign,True,True,640.3,mtsd-p9
SAM 3,street sign,grp9_e2932f32-20251122_134050.jpg,E:\2. UM-Student\MSC Dissertation\Urban-Vision-Benchmark\Datasets\MTSD\Prepared\MTSD-Unaugmented\MTSD-YOLO\test\images\grp9_e2932f32-20251122_134050.jpg,1285.34,1560.77,1611.06,1877.22,0.8594,street sign,True,True,640.3,mtsd-p9
SAM 3,street sign,grp9_e2932f32-20251122_134050.jpg,E:\2. UM-Student\MSC Dissertation\Urban-Vision-Benchmark\Datasets\MTSD\Prepared\MTSD-Unaugmented\MTSD-YOLO\test\images\grp9_e2932f32-20251122_134050.jpg,780.05,2086.62,823.31,2128.25,0.7539,street sign,True,True,640.3,mtsd-p9
SAM 3,street sign,grp9_e65623ae-20251122_135723.jpg,E:\2. UM-Student\MSC Dissertation\Urban-Vision-Benchmark\Datasets\MTSD\Prepared\MTSD-Unaugmented\MTSD-YOLO\test\images\grp9_e65623ae-20251122_135723.jpg,1835.9,2028.29,2092.99,2345.46,0.8945,street sign,True,True,211.6,mtsd-p9
SAM 3,street sign,grp9_e65623ae-20251122_135723.jpg,E:\2. UM-Student\MSC Dissertation\Urban-Vision-Benchmark\Datasets\MTSD\Prepared\MTSD-Unaugmented\MTSD-YOLO\test\images\grp9_e65623ae-20251122_135723.jpg,1837.05,2023.92,2096.27,3305.5,0.4609,street sign,True,True,211.6,mtsd-p9
SAM 3,street sign,grp9_e65623ae-20251122_135723.jpg,E:\2. UM-Student\MSC Dissertation\Urban-Vision-Benchmark\Datasets\MTSD\Prepared\MTSD-Unaugmented\MTSD-YOLO\test\images\grp9_e65623ae-20251122_135723.jpg,1400.83,1856.23,1618.75,2160.62,0.8984,street sign,True,True,211.6,mtsd-p9
SAM 3,street sign,grp9_e65623ae-20251122_135723.jpg,E:\2. UM-Student\MSC Dissertation\Urban-Vision-Benchmark\Datasets\MTSD\Prepared\MTSD-Unaugmented\MTSD-YOLO\test\images\grp9_e65623ae-20251122_135723.jpg,1398.21,1850.36,1620.02,3525.22,0.6445,street sign,True,True,211.6,mtsd-p9
SAM 3,street sign,grp9_e690fe37-IMG_20251111_162300.jpg,E:\2. UM-Student\MSC Dissertation\Urban-Vision-Benchmark\Datasets\MTSD\Prepared\MTSD-Unaugmented\MTSD-YOLO\test\images\grp9_e690fe37-IMG_20251111_162300.jpg,2399.49,2762.63,2500.96,2873.47,0.9102,street sign,True,True,698.1,mtsd-p9
SAM 3,street sign,grp9_e690fe37-IMG_20251111_162300.jpg,E:\2. UM-Student\MSC Dissertation\Urban-Vision-Benchmark\Datasets\MTSD\Prepared\MTSD-Unaugmented\MTSD-YOLO\test\images\grp9_e690fe37-IMG_20251111_162300.jpg,1211.33,2705.36,1240.28,2752.9,0.3711,street sign,True,True,698.1,mtsd-p9
SAM 3,street sign,grp9_e690fe37-IMG_20251111_162300.jpg,E:\2. UM-Student\MSC Dissertation\Urban-Vision-Benchmark\Datasets\MTSD\Prepared\MTSD-Unaugmented\MTSD-YOLO\test\images\grp9_e690fe37-IMG_20251111_162300.jpg,1222.5,2602.3,1260.36,2655.38,0.6914,street sign,True,True,698.1,mtsd-p9
SAM 3,street sign,grp9_e690fe37-IMG_20251111_162300.jpg,E:\2. UM-Student\MSC Dissertation\Urban-Vision-Benchmark\Datasets\MTSD\Prepared\MTSD-Unaugmented\MTSD-YOLO\test\images\grp9_e690fe37-IMG_20251111_162300.jpg,1264.27,2603.14,1302.54,2649.56,0.4805,street sign,True,True,698.1,mtsd-p9
SAM 3,street sign,grp9_e690fe37-IMG_20251111_162300.jpg,E:\2. UM-Student\MSC Dissertation\Urban-Vision-Benchmark\Datasets\MTSD\Prepared\MTSD-Unaugmented\MTSD-YOLO\test\images\grp9_e690fe37-IMG_20251111_162300.jpg,700.96,2607.47,745.61,2655.04,0.7695,street sign,True,True,698.1,mtsd-p9
SAM 3,street sign,grp9_e690fe37-IMG_20251111_162300.jpg,E:\2. UM-Student\MSC Dissertation\Urban-Vision-Benchmark\Datasets\MTSD\Prepared\MTSD-Unaugmented\MTSD-YOLO\test\images\grp9_e690fe37-IMG_20251111_162300.jpg,1452.58,1300.98,1549.68,4000.0,0.3652,street sign,True,True,698.1,mtsd-p9
SAM 3,street sign,grp9_e690fe37-IMG_20251111_162300.jpg,E:\2. UM-Student\MSC Dissertation\Urban-Vision-Benchmark\Datasets\MTSD\Prepared\MTSD-Unaugmented\MTSD-YOLO\test\images\grp9_e690fe37-IMG_20251111_162300.jpg,1460.19,1939.45,1561.9,2400.46,0.918,street sign,True,True,698.1,mtsd-p9
SAM 3,street sign,grp9_e690fe37-IMG_20251111_162300.jpg,E:\2. UM-Student\MSC Dissertation\Urban-Vision-Benchmark\Datasets\MTSD\Prepared\MTSD-Unaugmented\MTSD-YOLO\test\images\grp9_e690fe37-IMG_20251111_162300.jpg,1460.27,1307.1,1551.5,1951.09,0.8594,street sign,True,True,698.1,mtsd-p9
SAM 3,street sign,grp9_e8541d39-IMG_20251106_145533.jpg,E:\2. UM-Student\MSC Dissertation\Urban-Vision-Benchmark\Datasets\MTSD\Prepared\MTSD-Unaugmented\MTSD-YOLO\test\images\grp9_e8541d39-IMG_20251106_145533.jpg,2702.82,3186.29,3000.0,3517.35,0.9062,street sign,True,True,455.3,mtsd-p9
SAM 3,street sign,grp9_e8541d39-IMG_20251106_145533.jpg,E:\2. UM-Student\MSC Dissertation\Urban-Vision-Benchmark\Datasets\MTSD\Prepared\MTSD-Unaugmented\MTSD-YOLO\test\images\grp9_e8541d39-IMG_20251106_145533.jpg,1025.85,861.17,1982.04,4000.0,0.3164,street sign,True,True,455.3,mtsd-p9
SAM 3,street sign,grp9_e8541d39-IMG_20251106_145533.jpg,E:\2. UM-Student\MSC Dissertation\Urban-Vision-Benchmark\Datasets\MTSD\Prepared\MTSD-Unaugmented\MTSD-YOLO\test\images\grp9_e8541d39-IMG_20251106_145533.jpg,1026.78,1757.62,1990.42,2724.6,0.9609,street sign,True,True,455.3,mtsd-p9
SAM 3,street sign,grp9_e8541d39-IMG_20251106_145533.jpg,E:\2. UM-Student\MSC Dissertation\Urban-Vision-Benchmark\Datasets\MTSD\Prepared\MTSD-Unaugmented\MTSD-YOLO\test\images\grp9_e8541d39-IMG_20251106_145533.jpg,1021.47,857.91,1967.93,1761.48,0.9688,street sign,True,True,455.3,mtsd-p9
SAM 3,street sign,grp9_e8b17764-ZC8_front.jpg,E:\2. UM-Student\MSC Dissertation\Urban-Vision-Benchmark\Datasets\MTSD\Prepared\MTSD-Unaugmented\MTSD-YOLO\test\images\grp9_e8b17764-ZC8_front.jpg,1721.76,2534.64,1762.08,2583.28,0.5156,street sign,True,True,656.7,mtsd-p9
SAM 3,street sign,grp9_e8b17764-ZC8_front.jpg,E:\2. UM-Student\MSC Dissertation\Urban-Vision-Benchmark\Datasets\MTSD\Prepared\MTSD-Unaugmented\MTSD-YOLO\test\images\grp9_e8b17764-ZC8_front.jpg,1153.85,2214.37,1482.04,2549.37,0.9414,street sign,True,True,656.7,mtsd-p9
SAM 3,street sign,grp9_e8b17764-ZC8_front.jpg,E:\2. UM-Student\MSC Dissertation\Urban-Vision-Benchmark\Datasets\MTSD\Prepared\MTSD-Unaugmented\MTSD-YOLO\test\images\grp9_e8b17764-ZC8_front.jpg,1726.33,2565.05,1803.8,2613.54,0.375,street sign,True,True,656.7,mtsd-p9
SAM 3,street sign,grp9_e8b17764-ZC8_front.jpg,E:\2. UM-Student\MSC Dissertation\Urban-Vision-Benchmark\Datasets\MTSD\Prepared\MTSD-Unaugmented\MTSD-YOLO\test\images\grp9_e8b17764-ZC8_front.jpg,2213.25,2561.93,2261.41,2607.61,0.377,street sign,True,True,656.7,mtsd-p9
SAM 3,street sign,grp9_f109e3eb-IMG_20251111_144036.jpg,E:\2. UM-Student\MSC Dissertation\Urban-Vision-Benchmark\Datasets\MTSD\Prepared\MTSD-Unaugmented\MTSD-YOLO\test\images\grp9_f109e3eb-IMG_20251111_144036.jpg,1168.95,1329.18,1941.39,4000.0,0.6562,street sign,True,True,186.7,mtsd-p9
SAM 3,street sign,grp9_f109e3eb-IMG_20251111_144036.jpg,E:\2. UM-Student\MSC Dissertation\Urban-Vision-Benchmark\Datasets\MTSD\Prepared\MTSD-Unaugmented\MTSD-YOLO\test\images\grp9_f109e3eb-IMG_20251111_144036.jpg,1169.32,1329.51,1943.79,2226.37,0.6641,street sign,True,True,186.7,mtsd-p9
SAM 3,street sign,grp9_f36aabf5-WhatsApp_Image_2026-01-03_at_18.45.21_2.jpeg,E:\2. UM-Student\MSC Dissertation\Urban-Vision-Benchmark\Datasets\MTSD\Prepared\MTSD-Unaugmented\MTSD-YOLO\test\images\grp9_f36aabf5-WhatsApp_Image_2026-01-03_at_18.45.21_2.jpeg,0.29,987.51,377.25,1209.28,0.3301,street sign,True,True,130.0,mtsd-p9
SAM 3,street sign,grp9_f36aabf5-WhatsApp_Image_2026-01-03_at_18.45.21_2.jpeg,E:\2. UM-Student\MSC Dissertation\Urban-Vision-Benchmark\Datasets\MTSD\Prepared\MTSD-Unaugmented\MTSD-YOLO\test\images\grp9_f36aabf5-WhatsApp_Image_2026-01-03_at_18.45.21_2.jpeg,429.82,533.07,709.61,988.59,0.9492,street sign,True,True,130.0,mtsd-p9
SAM 3,street sign,grp9_f456c0fd-IMG_20251106_153809.jpg,E:\2. UM-Student\MSC Dissertation\Urban-Vision-Benchmark\Datasets\MTSD\Prepared\MTSD-Unaugmented\MTSD-YOLO\test\images\grp9_f456c0fd-IMG_20251106_153809.jpg,1099.34,3095.18,1124.86,3141.81,0.3281,street sign,True,True,751.0,mtsd-p9
SAM 3,street sign,grp9_f456c0fd-IMG_20251106_153809.jpg,E:\2. UM-Student\MSC Dissertation\Urban-Vision-Benchmark\Datasets\MTSD\Prepared\MTSD-Unaugmented\MTSD-YOLO\test\images\grp9_f456c0fd-IMG_20251106_153809.jpg,20.13,2955.52,132.89,3044.32,0.707,street sign,True,True,751.0,mtsd-p9
SAM 3,street sign,grp9_f456c0fd-IMG_20251106_153809.jpg,E:\2. UM-Student\MSC Dissertation\Urban-Vision-Benchmark\Datasets\MTSD\Prepared\MTSD-Unaugmented\MTSD-YOLO\test\images\grp9_f456c0fd-IMG_20251106_153809.jpg,89.91,2917.72,150.42,2962.35,0.3184,street sign,True,True,751.0,mtsd-p9
SAM 3,street sign,grp9_f456c0fd-IMG_20251106_153809.jpg,E:\2. UM-Student\MSC Dissertation\Urban-Vision-Benchmark\Datasets\MTSD\Prepared\MTSD-Unaugmented\MTSD-YOLO\test\images\grp9_f456c0fd-IMG_20251106_153809.jpg,2803.9,2915.05,3000.0,3097.75,0.3984,street sign,True,True,751.0,mtsd-p9
SAM 3,street sign,grp9_f456c0fd-IMG_20251106_153809.jpg,E:\2. UM-Student\MSC Dissertation\Urban-Vision-Benchmark\Datasets\MTSD\Prepared\MTSD-Unaugmented\MTSD-YOLO\test\images\grp9_f456c0fd-IMG_20251106_153809.jpg,572.54,2871.89,640.27,2982.26,0.5391,street sign,True,True,751.0,mtsd-p9
SAM 3,street sign,grp9_f456c0fd-IMG_20251106_153809.jpg,E:\2. UM-Student\MSC Dissertation\Urban-Vision-Benchmark\Datasets\MTSD\Prepared\MTSD-Unaugmented\MTSD-YOLO\test\images\grp9_f456c0fd-IMG_20251106_153809.jpg,547.91,2870.65,656.93,3173.04,0.4082,street sign,True,True,751.0,mtsd-p9
SAM 3,street sign,grp9_f456c0fd-IMG_20251106_153809.jpg,E:\2. UM-Student\MSC Dissertation\Urban-Vision-Benchmark\Datasets\MTSD\Prepared\MTSD-Unaugmented\MTSD-YOLO\test\images\grp9_f456c0fd-IMG_20251106_153809.jpg,540.09,2973.27,599.2,3012.57,0.375,street sign,True,True,751.0,mtsd-p9
SAM 3,street sign,grp9_f456c0fd-IMG_20251106_153809.jpg,E:\2. UM-Student\MSC Dissertation\Urban-Vision-Benchmark\Datasets\MTSD\Prepared\MTSD-Unaugmented\MTSD-YOLO\test\images\grp9_f456c0fd-IMG_20251106_153809.jpg,544.89,2973.21,671.69,3018.96,0.3574,street sign,True,True,751.0,mtsd-p9
SAM 3,street sign,grp9_f456c0fd-IMG_20251106_153809.jpg,E:\2. UM-Student\MSC Dissertation\Urban-Vision-Benchmark\Datasets\MTSD\Prepared\MTSD-Unaugmented\MTSD-YOLO\test\images\grp9_f456c0fd-IMG_20251106_153809.jpg,2716.0,3054.44,2921.56,3217.17,0.3066,street sign,True,True,751.0,mtsd-p9
SAM 3,street sign,grp9_f456c0fd-IMG_20251106_153809.jpg,E:\2. UM-Student\MSC Dissertation\Urban-Vision-Benchmark\Datasets\MTSD\Prepared\MTSD-Unaugmented\MTSD-YOLO\test\images\grp9_f456c0fd-IMG_20251106_153809.jpg,1046.73,1153.53,2205.74,2220.52,0.9375,street sign,True,True,751.0,mtsd-p9
SAM 3,street sign,grp9_f456c0fd-IMG_20251106_153809.jpg,E:\2. UM-Student\MSC Dissertation\Urban-Vision-Benchmark\Datasets\MTSD\Prepared\MTSD-Unaugmented\MTSD-YOLO\test\images\grp9_f456c0fd-IMG_20251106_153809.jpg,1482.95,2692.8,1631.46,2871.72,0.3418,street sign,True,True,751.0,mtsd-p9
SAM 3,street sign,grp9_f456c0fd-IMG_20251106_153809.jpg,E:\2. UM-Student\MSC Dissertation\Urban-Vision-Benchmark\Datasets\MTSD\Prepared\MTSD-Unaugmented\MTSD-YOLO\test\images\grp9_f456c0fd-IMG_20251106_153809.jpg,1195.94,3115.95,1218.23,3158.18,0.4121,street sign,True,True,751.0,mtsd-p9
SAM 3,street sign,grp9_f456c0fd-IMG_20251106_153809.jpg,E:\2. UM-Student\MSC Dissertation\Urban-Vision-Benchmark\Datasets\MTSD\Prepared\MTSD-Unaugmented\MTSD-YOLO\test\images\grp9_f456c0fd-IMG_20251106_153809.jpg,556.95,3078.84,616.98,3171.61,0.4121,street sign,True,True,751.0,mtsd-p9
