model,prompt_id,prompt,image_id,fp_x0,fp_y0,fp_x1,fp_y1,fp_score,fp_overlap_class,fp_overlap_iou
LocateAnything 3B,mtsd-p11,back of a traffic sign,grp10_IMG_1495.jpg,2129.15,4329.7,2249.1,4723.82,1.0,Auxiliary Sign,0.7149
LocateAnything 3B,mtsd-p11,back of a traffic sign,grp10_IMG_1495.jpg,3564.29,4409.66,3748.5,4535.33,1.0,Street Sign,0.8179
LocateAnything 3B,mtsd-p11,back of a traffic sign,grp10_IMG_1495.jpg,3667.1,4626.72,4018.39,4752.38,1.0,Directional Sign,0.7821
LocateAnything 3B,mtsd-p11,back of a traffic sign,grp10_IMG_1495.jpg,3718.51,4603.87,3992.69,4695.26,1.0,,0.4689
LocateAnything 3B,mtsd-p11,back of a traffic sign,grp10_IMG_1495.jpg,3795.62,4626.72,3992.69,4689.55,1.0,,0.2411
LocateAnything 3B,mtsd-p11,back of a traffic sign,grp10_IMG_1510.jpg,0.0,0.0,3960.04,5285.0,1.0,,0.0828
LocateAnything 3B,mtsd-p11,back of a traffic sign,grp10_IMG_1527.jpg,1914.95,2587.54,2343.35,4752.38,1.0,,0.0
LocateAnything 3B,mtsd-p11,back of a traffic sign,grp10_IMG_1557.jpg,0.0,2541.84,269.89,3181.58,1.0,,0.0
LocateAnything 3B,mtsd-p11,back of a traffic sign,grp10_IMG_1557.jpg,132.8,2667.5,458.39,3341.52,1.0,,0.0
LocateAnything 3B,mtsd-p11,back of a traffic sign,grp10_IMG_1557.jpg,312.73,2798.88,569.77,3490.03,1.0,,0.0
LocateAnything 3B,mtsd-p11,back of a traffic sign,grp10_IMG_1557.jpg,458.39,2918.83,724.0,3598.56,1.0,,0.0
LocateAnything 3B,mtsd-p11,back of a traffic sign,grp10_IMG_1557.jpg,604.04,3044.5,831.1,3689.95,1.0,,0.0
LocateAnything 3B,mtsd-p11,back of a traffic sign,grp10_IMG_1557.jpg,711.14,3153.02,933.91,3787.06,1.0,,0.0
LocateAnything 3B,mtsd-p11,back of a traffic sign,grp10_IMG_1557.jpg,843.95,3250.13,1036.73,3849.89,1.0,,0.0
LocateAnything 3B,mtsd-p11,back of a traffic sign,grp10_IMG_1557.jpg,929.63,3352.94,1118.12,3941.28,1.0,,0.0
LocateAnything 3B,mtsd-p11,back of a traffic sign,grp10_IMG_1557.jpg,1015.31,3444.34,1178.1,4021.25,1.0,,0.0
LocateAnything 3B,mtsd-p11,back of a traffic sign,grp10_IMG_1557.jpg,1083.85,3547.15,1233.79,4118.35,1.0,,0.0
LocateAnything 3B,mtsd-p11,back of a traffic sign,grp10_IMG_1557.jpg,1152.4,3661.39,1306.62,4204.03,1.0,,0.0
LocateAnything 3B,mtsd-p11,back of a traffic sign,grp10_IMG_1557.jpg,1238.08,4055.52,1349.46,4483.92,1.0,,0.0
LocateAnything 3B,mtsd-p11,back of a traffic sign,grp10_IMG_1557.jpg,1473.7,4146.91,1490.83,4626.72,1.0,,0.0
LocateAnything 3B,mtsd-p11,back of a traffic sign,grp10_IMG_1557.jpg,1516.54,4238.3,1567.94,4666.7,1.0,,0.0
LocateAnything 3B,mtsd-p11,back of a traffic sign,grp10_IMG_1557.jpg,1645.06,4352.54,1696.46,4752.38,1.0,,0.0
LocateAnything 3B,mtsd-p11,back of a traffic sign,grp10_IMG_1557.jpg,1713.6,4392.53,1782.14,4780.94,1.0,,0.0
LocateAnything 3B,mtsd-p11,back of a traffic sign,grp10_IMG_1557.jpg,1884.96,4483.92,1940.65,4832.35,1.0,,0.0
LocateAnything 3B,mtsd-p11,back of a traffic sign,grp10_IMG_1557.jpg,1974.92,4603.87,2060.6,4958.02,1.0,,0.0
LocateAnything 3B,mtsd-p11,back of a traffic sign,grp10_IMG_1564.jpg,1803.56,2044.9,2476.15,3341.52,1.0,Stop Sign,0.9694
LocateAnything 3B,mtsd-p11,back of a traffic sign,grp10_IMG_1564.jpg,1816.42,3158.74,2806.02,4803.79,1.0,Other-Unknown,0.8214
LocateAnything 3B,mtsd-p11,back of a traffic sign,grp10_IMG_1575.jpg,0.0,0.0,1643.36,1662.29,1.0,,0.1276
LocateAnything 3B,mtsd-p11,back of a traffic sign,grp10_IMG_1593.jpg,1619.35,2044.9,1867.82,5706.29,1.0,,0.0
LocateAnything 3B,mtsd-p11,back of a traffic sign,grp10_IMG_1593.jpg,1803.56,3364.37,2570.4,4232.59,1.0,,0.0
LocateAnything 3B,mtsd-p11,back of a traffic sign,grp10_IMG_1597.jpg,1940.65,2541.84,2069.17,2678.93,1.0,,0.0
LocateAnything 3B,mtsd-p11,back of a traffic sign,grp10_IMG_1597.jpg,1949.22,3341.52,2077.74,3707.09,1.0,,0.0
LocateAnything 3B,mtsd-p11,back of a traffic sign,grp10_IMG_1597.jpg,1953.5,2587.54,2261.95,2713.2,1.0,,0.0
LocateAnything 3B,mtsd-p11,back of a traffic sign,grp10_IMG_1597.jpg,1957.79,3341.52,2291.94,3707.09,1.0,,0.0
LocateAnything 3B,mtsd-p11,back of a traffic sign,grp10_IMG_1597.jpg,2069.17,2587.54,2291.94,2696.06,1.0,,0.0
LocateAnything 3B,mtsd-p11,back of a traffic sign,grp10_IMG_1599.jpg,3213.0,4506.77,3285.83,4763.81,1.0,,0.0
LocateAnything 3B,mtsd-p11,back of a traffic sign,grp10_IMG_1599.jpg,3242.99,4541.04,3285.83,4752.38,1.0,,0.0
LocateAnything 3B,mtsd-p11,back of a traffic sign,grp10_IMG_1599.jpg,3268.69,4541.04,3285.83,4752.38,1.0,,0.0
LocateAnything 3B,mtsd-p11,back of a traffic sign,grp10_IMG_1599.jpg,3277.26,4541.04,3285.83,4752.38,1.0,,0.0
LocateAnything 3B,mtsd-p11,back of a traffic sign,grp10_IMG_1599.jpg,1647.2,2164.85,4284.0,5712.0,1.0,,0.1384
LocateAnything 3B,mtsd-p11,back of a traffic sign,grp10_IMG_1606.jpg,1842.12,2707.49,2099.16,5706.29,1.0,,0.0
LocateAnything 3B,mtsd-p11,back of a traffic sign,grp10_IMG_1606.jpg,1884.96,4889.47,2274.8,5266.46,1.0,,0.0
LocateAnything 3B,mtsd-p11,back of a traffic sign,grp10_IMG_1612.jpg,2077.74,1679.33,2321.93,5706.29,1.0,,0.0
LocateAnything 3B,mtsd-p11,back of a traffic sign,grp10_IMG_1645.jpg,1019.59,2341.92,2737.48,4238.3,1.0,Blind-Spot Mirror (Convex Mirror),0.9841
LocateAnything 3B,mtsd-p11,back of a traffic sign,grp10_IMG_1645.jpg,2146.28,2838.86,2437.6,5706.29,1.0,,0.1108
LocateAnything 3B,mtsd-p11,back of a traffic sign,grp10_IMG_1645.jpg,3272.98,1148.11,3859.88,2439.02,1.0,,0.0
LocateAnything 3B,mtsd-p11,back of a traffic sign,grp10_IMG_1645.jpg,3431.48,2147.71,4164.05,3364.37,1.0,,0.0
LocateAnything 3B,mtsd-p11,back of a traffic sign,grp10_IMG_1645.jpg,3688.52,3524.3,4284.0,4575.31,1.0,,0.0
LocateAnything 3B,mtsd-p11,back of a traffic sign,grp10_IMG_1645.jpg,3975.55,3055.92,4284.0,3547.15,1.0,,0.0
LocateAnything 3B,mtsd-p11,back of a traffic sign,grp10_IMG_1645.jpg,4078.37,725.42,4284.0,1399.44,1.0,,0.0
LocateAnything 3B,mtsd-p11,back of a traffic sign,grp10_IMG_1645.jpg,4129.78,3135.89,4284.0,3524.3,1.0,,0.0
LocateAnything 3B,mtsd-p11,back of a traffic sign,grp10_IMG_1645.jpg,4232.59,0.0,4284.0,188.5,1.0,,0.0
LocateAnything 3B,mtsd-p11,back of a traffic sign,grp10_IMG_1645.jpg,4249.73,314.16,4284.0,474.1,1.0,,0.0
LocateAnything 3B,mtsd-p11,back of a traffic sign,grp10_IMG_20251123_141219.jpg,0.0,0.0,2077.92,4619.38,1.0,,0.0215
LocateAnything 3B,mtsd-p11,back of a traffic sign,grp10_IMG_20251123_141844.jpg,409.76,1243.86,786.24,2177.9,1.0,,0.0
LocateAnything 3B,mtsd-p11,back of a traffic sign,grp10_IMG_20251123_141844.jpg,1031.68,1313.22,1295.84,2177.9,1.0,,0.0
LocateAnything 3B,mtsd-p11,back of a traffic sign,grp10_IMG_20251123_141844.jpg,1085.76,2422.98,1262.56,4619.38,1.0,,0.0
LocateAnything 3B,mtsd-p11,back of a traffic sign,grp10_IMG_20251123_141844.jpg,1092.0,0.0,1524.64,2427.6,1.0,,0.0
LocateAnything 3B,mtsd-p11,back of a traffic sign,grp10_IMG_20251123_143317.jpg,927.68,841.57,1079.52,4619.38,1.0,,0.0
LocateAnything 3B,mtsd-p11,back of a traffic sign,grp10_IMG_20251123_143317.jpg,1189.76,1840.35,1241.76,3010.22,1.0,,0.0
LocateAnything 3B,mtsd-p11,back of a traffic sign,grp10_IMG_20251123_143317.jpg,1337.44,2547.82,1532.96,3148.94,1.0,,0.0
LocateAnything 3B,mtsd-p11,back of a traffic sign,grp10_IMG_20251123_143317.jpg,1612.0,2413.73,1932.32,3477.25,1.0,,0.0
LocateAnything 3B,mtsd-p11,back of a traffic sign,grp10_IMG_20251123_143317.jpg,1720.16,2705.04,2080.0,3777.81,1.0,,0.0
LocateAnything 3B,mtsd-p11,back of a traffic sign,grp10_IMG_20251123_143317.jpg,1730.56,1424.19,2080.0,1914.34,1.0,,0.0
LocateAnything 3B,mtsd-p11,back of a traffic sign,grp10_IMG_20251123_143317.jpg,1734.72,716.72,2080.0,1424.19,1.0,,0.0
LocateAnything 3B,mtsd-p11,back of a traffic sign,grp10_IMG_20251123_143317.jpg,1736.8,1766.37,2080.0,2760.53,1.0,,0.0
LocateAnything 3B,mtsd-p11,back of a traffic sign,grp10_IMG_20251123_143317.jpg,1740.96,0.0,2080.0,725.97,1.0,,0.0
LocateAnything 3B,mtsd-p11,back of a traffic sign,grp10_IMG_20251123_150542.jpg,0.0,0.0,2077.92,2265.76,1.0,,0.1252
LocateAnything 3B,mtsd-p11,back of a traffic sign,grp10_IMG_20251123_150542.jpg,0.0,0.0,2077.92,4619.38,1.0,,0.0634
LocateAnything 3B,mtsd-p11,back of a traffic sign,grp10_IMG_20251123_164433.jpg,584.48,1747.87,1310.4,2940.86,1.0,No Entry (One Way),0.9813
LocateAnything 3B,mtsd-p11,back of a traffic sign,grp10_IMG_20251123_164433.jpg,954.72,2603.31,1096.16,2806.77,1.0,,0.0337
LocateAnything 3B,mtsd-p11,back of a traffic sign,grp10_IMG_20251123_164433.jpg,1104.48,2681.92,1183.52,2792.9,1.0,,0.0103
LocateAnything 3B,mtsd-p11,back of a traffic sign,grp10_IMG_20251123_164433.jpg,1439.36,3847.17,1499.68,4101.49,1.0,,0.0
LocateAnything 3B,mtsd-p11,back of a traffic sign,grp10_IMG_20251123_164433.jpg,1466.4,3861.04,1501.76,4087.62,1.0,,0.0
LocateAnything 3B,mtsd-p11,back of a traffic sign,grp10_IMG_20251123_164433.jpg,1485.12,3861.04,1501.76,4087.62,1.0,,0.0
LocateAnything 3B,mtsd-p11,back of a traffic sign,grp10_IMG_20251123_164433.jpg,1493.44,3861.04,1501.76,4087.62,1.0,,0.0
LocateAnything 3B,mtsd-p11,back of a traffic sign,grp10_IMG_20251123_164433.jpg,1499.68,3861.04,1501.76,4087.62,1.0,,0.0
LocateAnything 3B,mtsd-p11,back of a traffic sign,grp10_IMG_20251123_164433.jpg,752.96,1817.23,2080.0,4624.0,1.0,,0.1589
LocateAnything 3B,mtsd-p11,back of a traffic sign,grp10_IMG_20251123_164446.jpg,1268.8,4087.62,1880.32,4624.0,1.0,,0.0
LocateAnything 3B,mtsd-p11,back of a traffic sign,grp10_IMG_20251123_164446.jpg,1472.64,4013.63,1518.4,4064.5,1.0,,0.0
LocateAnything 3B,mtsd-p11,back of a traffic sign,grp10_IMG_20251123_164446.jpg,1493.44,4013.63,1526.72,4055.25,1.0,,0.0
LocateAnything 3B,mtsd-p11,back of a traffic sign,grp10_IMG_20251123_165832.jpg,621.92,1826.48,1210.56,2857.63,1.0,Blind-Spot Mirror (Convex Mirror),0.9732
LocateAnything 3B,mtsd-p11,back of a traffic sign,grp10_IMG_20251123_165832.jpg,765.44,2459.97,921.44,4619.38,1.0,,0.0687
LocateAnything 3B,mtsd-p11,back of a traffic sign,grp10_IMG_20251123_165832.jpg,1333.28,1766.37,2075.84,2381.36,1.0,,0.0
LocateAnything 3B,mtsd-p11,back of a traffic sign,grp10_IMG_20251123_165832.jpg,1824.16,2769.78,2075.84,3324.66,1.0,,0.0
LocateAnything 3B,mtsd-p11,back of a traffic sign,grp10_IMG_20251123_165832.jpg,1880.32,3431.01,2075.84,4295.7,1.0,,0.0
LocateAnything 3B,mtsd-p11,back of a traffic sign,grp10_IMG_20251123_165832.jpg,1901.12,3310.78,2075.84,3440.26,1.0,,0.0
LocateAnything 3B,mtsd-p11,back of a traffic sign,grp10_IMG_20251123_165832.jpg,1955.2,3310.78,2075.84,3403.26,1.0,,0.0
LocateAnything 3B,mtsd-p11,back of a traffic sign,grp10_IMG_20251125_120326.jpg,0.0,0.0,3468.53,4619.38,1.0,,0.1818
LocateAnything 3B,mtsd-p11,back of a traffic sign,grp10_IMG_20251125_121131.jpg,0.0,1955.95,522.08,3745.44,1.0,,0.0
LocateAnything 3B,mtsd-p11,back of a traffic sign,grp10_IMG_20251125_121131.jpg,832.0,2261.14,1379.04,2913.12,1.0,Blind-Spot Mirror (Convex Mirror),0.962
LocateAnything 3B,mtsd-p11,back of a traffic sign,grp10_IMG_20251125_121131.jpg,1545.44,4476.03,1587.04,4531.52,1.0,,0.0
LocateAnything 3B,mtsd-p11,back of a traffic sign,grp10_IMG_20251125_121131.jpg,1568.32,4476.03,1587.04,4531.52,1.0,,0.0
LocateAnything 3B,mtsd-p11,back of a traffic sign,grp10_IMG_20251125_121131.jpg,1578.72,4476.03,1587.04,4531.52,1.0,,0.0
LocateAnything 3B,mtsd-p11,back of a traffic sign,grp10_IMG_20251125_121131.jpg,1582.88,4476.03,1587.04,4531.52,1.0,,0.0
LocateAnything 3B,mtsd-p11,back of a traffic sign,grp10_IMG_20251125_121131.jpg,1584.96,4476.03,1587.04,4531.52,1.0,,0.0
LocateAnything 3B,mtsd-p11,back of a traffic sign,grp10_IMG_20251125_121131.jpg,795.6,2210.27,2080.0,4624.0,1.0,,0.1151
LocateAnything 3B,mtsd-p11,back of a traffic sign,grp10_IMG_20251125_121142.jpg,31.2,3657.58,307.84,4013.63,1.0,,0.0
LocateAnything 3B,mtsd-p11,back of a traffic sign,grp10_IMG_20251125_121957.jpg,1788.08,947.92,2423.46,4619.38,1.0,,0.0032
LocateAnything 3B,mtsd-p11,back of a traffic sign,grp10_IMG_20251125_121957.jpg,2413.04,1197.62,2492.9,3514.24,1.0,,0.0
LocateAnything 3B,mtsd-p11,back of a traffic sign,grp10_IMG_20251125_121957.jpg,2479.01,2963.98,3468.53,3504.99,1.0,,0.0
LocateAnything 3B,mtsd-p11,back of a traffic sign,grp10_IMG_20251125_121957.jpg,2673.44,3255.3,3468.53,3569.73,1.0,,0.0
LocateAnything 3B,mtsd-p11,back of a traffic sign,grp10_IMG_20251125_122225.jpg,3218.54,2385.98,3395.62,2644.93,1.0,Auxiliary Sign,0.9565
LocateAnything 3B,mtsd-p11,back of a traffic sign,grp10_IMG_20251125_122225.jpg,3263.68,2427.6,3333.12,2506.21,1.0,,0.1166
LocateAnything 3B,mtsd-p11,back of a traffic sign,grp10_IMG_20251125_122225.jpg,3270.62,2353.62,3472.0,2441.47,1.0,,0.1223
LocateAnything 3B,mtsd-p11,back of a traffic sign,grp10_IMG_20251125_122515.jpg,1401.92,4392.8,1505.92,4448.29,1.0,,0.0926
LocateAnything 3B,mtsd-p11,back of a traffic sign,grp10_IMG_20251125_122819+1.jpg,694.4,2279.63,2229.02,4355.81,1.0,Other-Unknown,0.9933
LocateAnything 3B,mtsd-p11,back of a traffic sign,grp10_IMG_20251125_122819+1.jpg,1284.64,998.78,1788.08,2436.85,1.0,No Entry (One Way),0.9875
LocateAnything 3B,mtsd-p11,back of a traffic sign,grp10_IMG_20251125_122819+1.jpg,1284.64,3051.84,2135.28,3394.02,1.0,,0.0909
LocateAnything 3B,mtsd-p11,back of a traffic sign,grp10_IMG_20251125_122819+1.jpg,1284.64,2820.64,2124.86,3093.46,1.0,,0.0716
LocateAnything 3B,mtsd-p11,back of a traffic sign,grp10_IMG_20251125_122819+1.jpg,1284.64,2520.08,2124.86,2839.14,1.0,,0.0838
LocateAnything 3B,mtsd-p11,back of a traffic sign,grp10_IMG_20251125_122819+1.jpg,1284.64,3463.38,2124.86,3708.45,1.0,,0.0643
LocateAnything 3B,mtsd-p11,back of a traffic sign,grp10_IMG_20251125_122819+1.jpg,1284.64,3796.3,1975.57,4087.62,1.0,,0.0629
LocateAnything 3B,mtsd-p11,back of a traffic sign,grp10_IMG_20251125_122826.jpg,2652.61,753.71,3468.53,1590.66,1.0,Street Sign,0.9697
LocateAnything 3B,mtsd-p11,back of a traffic sign,grp10_IMG_20251125_122826.jpg,2888.7,2436.85,3128.27,2871.5,1.0,,0.0
LocateAnything 3B,mtsd-p11,back of a traffic sign,grp10_IMG_20251125_122826.jpg,3201.18,3523.49,3465.06,4193.97,1.0,,0.0
LocateAnything 3B,mtsd-p11,back of a traffic sign,grp10_IMG_20251125_122826.jpg,3277.57,2103.92,3468.53,2330.5,1.0,,0.0
LocateAnything 3B,mtsd-p11,back of a traffic sign,grp10_IMG_20251125_122826.jpg,3284.51,2806.77,3468.53,3065.71,1.0,,0.0
LocateAnything 3B,mtsd-p11,back of a traffic sign,grp10_IMG_20251125_122826.jpg,1571.08,1532.86,3472.0,3849.48,1.0,,0.0112
LocateAnything 3B,mtsd-p11,back of a traffic sign,grp10_IMG_20251125_123112.jpg,1137.76,2644.93,1266.72,2899.25,1.0,,0.0066
LocateAnything 3B,mtsd-p11,back of a traffic sign,grp10_IMG_20251125_123112.jpg,1220.96,3301.54,1308.32,3375.52,1.0,,0.0
LocateAnything 3B,mtsd-p11,back of a traffic sign,grp10_IMG_20251125_124400.jpg,542.88,1539.79,1524.64,3292.29,1.0,No Through Road (T-Junction),0.9813
LocateAnything 3B,mtsd-p11,back of a traffic sign,grp10_IMG_20251125_153252.jpg,1281.17,781.46,2173.47,1632.27,1.0,Pedestrian Crossing,0.9801
LocateAnything 3B,mtsd-p11,back of a traffic sign,grp10_IMG_20251125_153252.jpg,2149.17,2538.58,2225.55,2621.81,1.0,,0.0
LocateAnything 3B,mtsd-p11,back of a traffic sign,grp10_IMG_20251125_153252.jpg,2531.09,2617.18,2590.11,2635.68,1.0,,0.0
LocateAnything 3B,mtsd-p11,back of a traffic sign,grp10_IMG_20251125_153559.jpg,0.0,0.0,3468.53,4619.38,1.0,,0.0356
LocateAnything 3B,mtsd-p11,back of a traffic sign,grp10_IMG_20251126_123510.jpg,0.0,0.0,2080.0,4619.38,1.0,,0.0431
LocateAnything 3B,mtsd-p11,back of a traffic sign,grp10_IMG_20251126_123524.jpg,1857.44,3648.34,2080.0,4295.7,1.0,Auxiliary Sign,0.976
LocateAnything 3B,mtsd-p11,back of a traffic sign,grp10_IMG_20251126_123910.jpg,1237.6,2922.37,1327.04,3116.58,1.0,,0.0047
LocateAnything 3B,mtsd-p11,back of a traffic sign,grp10_IMG_20260106_160010_253.jpg,1007.62,1607.52,2052.1,2015.52,1.0,Auxiliary Sign,0.9374
LocateAnything 3B,mtsd-p11,back of a traffic sign,grp10_IMG_20260106_160010_253.jpg,1013.76,738.48,2076.67,1656.48,1.0,Roundabout Ahead,0.9671
LocateAnything 3B,mtsd-p11,back of a traffic sign,grp10_IMG_20260106_160549_637.jpg,1658.88,2080.8,1913.86,2093.04,1.0,,0.0
LocateAnything 3B,mtsd-p11,back of a traffic sign,grp10_IMG_20260106_162304_258.jpg,0.0,0.0,4075.92,3068.93,1.0,,0.1945
LocateAnything 3B,mtsd-p11,back of a traffic sign,grp10_IMG_20260106_162304_258.jpg,1073.04,546.82,2399.04,2386.94,1.0,,0.371
LocateAnything 3B,mtsd-p11,back of a traffic sign,grp10_IMG_20260106_162304_258.jpg,3182.4,0.0,3794.4,242.69,1.0,,0.0
LocateAnything 3B,mtsd-p11,back of a traffic sign,grp10_IMG_20260106_162304_258.jpg,3182.4,967.68,3451.68,1069.06,1.0,,0.0075
LocateAnything 3B,mtsd-p11,back of a traffic sign,grp10_IMG_20260106_162304_258.jpg,3235.44,783.36,3410.88,906.24,1.0,,0.005
LocateAnything 3B,mtsd-p11,back of a traffic sign,grp10_IMG_20260106_162304_258.jpg,3235.44,1130.5,3508.8,1228.8,1.0,,0.0051
LocateAnything 3B,mtsd-p11,back of a traffic sign,grp10_IMG_20260106_162304_258.jpg,3247.68,1873.92,3508.8,2036.74,1.0,,0.0
LocateAnything 3B,mtsd-p11,back of a traffic sign,grp10_IMG_20260106_162304_258.jpg,3251.76,1695.74,3508.8,1855.49,1.0,,0.0048
LocateAnything 3B,mtsd-p11,back of a traffic sign,grp10_IMG_20260106_162304_258.jpg,3700.56,737.28,3778.08,900.1,1.0,,0.0
LocateAnything 3B,mtsd-p11,back of a traffic sign,grp10_IMG_20260106_162304_258.jpg,3912.72,691.2,4063.68,878.59,1.0,,0.0
LocateAnything 3B,mtsd-p11,back of a traffic sign,grp10_IMG_20260106_162304_258.jpg,3941.28,721.92,3978.0,844.8,1.0,,0.0
LocateAnything 3B,mtsd-p11,back of a traffic sign,grp10_IMG_20260106_162304_258.jpg,3965.76,731.14,3994.32,847.87,1.0,,0.0
LocateAnything 3B,mtsd-p11,back of a traffic sign,grp10_IMG_20260106_162304_258.jpg,3986.16,737.28,4018.8,847.87,1.0,,0.0
LocateAnything 3B,mtsd-p11,back of a traffic sign,grp10_IMG_20260106_162304_258.jpg,4018.8,731.14,4039.2,847.87,1.0,,0.0
LocateAnything 3B,mtsd-p11,back of a traffic sign,grp10_IMG_20260106_162304_258.jpg,4035.12,731.14,4051.44,847.87,1.0,,0.0
LocateAnything 3B,mtsd-p11,back of a traffic sign,grp10_IMG_20260106_162304_258.jpg,4051.44,731.14,4063.68,847.87,1.0,,0.0
LocateAnything 3B,mtsd-p11,back of a traffic sign,grp10_IMG_20260106_162304_258.jpg,4059.6,731.14,4080.0,847.87,1.0,,0.0
LocateAnything 3B,mtsd-p11,back of a traffic sign,grp10_IMG_20260110_171243_436.jpg,967.68,1032.24,1947.65,1978.8,1.0,Other-Unknown,0.9666
LocateAnything 3B,mtsd-p11,back of a traffic sign,grp10_IMG_20260110_172451_501.jpg,2207.28,1191.94,2949.84,2208.77,1.0,,0.0
LocateAnything 3B,mtsd-p11,back of a traffic sign,grp10_IMG_20260110_172745_673.jpg,0.0,0.0,3068.93,4075.92,1.0,,0.179
LocateAnything 3B,mtsd-p11,back of a traffic sign,grp10_IMG_20260110_173056_747.jpg,1162.8,1130.5,2394.96,1907.71,1.0,,0.1726
LocateAnything 3B,mtsd-p11,back of a traffic sign,grp10_IMG_20260110_173308_202.jpg,0.0,0.0,4075.92,3068.93,1.0,,0.1402
LocateAnything 3B,mtsd-p11,back of a traffic sign,grp10_IMG_20260113_083600_409.jpg,730.32,820.22,2256.24,2629.63,1.0,,0.0009
LocateAnything 3B,mtsd-p11,back of a traffic sign,grp10_IMG_20260113_083600_409.jpg,3725.04,2285.57,3973.92,2439.17,1.0,,0.0
LocateAnything 3B,mtsd-p11,back of a traffic sign,grp10_IMG_20260113_083600_409.jpg,3945.36,2174.98,4075.92,2340.86,1.0,,0.0
LocateAnything 3B,mtsd-p11,back of a traffic sign,grp10_IMG_20260113_083600_409.jpg,4031.04,2635.78,4075.92,2936.83,1.0,,0.0
LocateAnything 3B,mtsd-p11,back of a traffic sign,grp10_IMG_20260113_083600_409.jpg,4047.36,2644.99,4075.92,3068.93,1.0,,0.0
LocateAnything 3B,mtsd-p11,back of a traffic sign,grp10_IMG_20260113_083728_516.jpg,677.28,605.18,2476.56,2657.28,1.0,,0.0009
LocateAnything 3B,mtsd-p11,back of a traffic sign,grp10_IMG_20260113_083728_516.jpg,1815.6,611.33,2468.4,2654.21,1.0,,0.0
LocateAnything 3B,mtsd-p11,back of a traffic sign,grp10_IMG_20260113_083759_046.jpg,1444.32,998.4,2386.8,2101.25,1.0,,0.0
LocateAnything 3B,mtsd-p11,back of a traffic sign,grp10_IMG_20260113_083759_046.jpg,1460.64,1007.62,2333.76,1477.63,1.0,,0.0
LocateAnything 3B,mtsd-p11,back of a traffic sign,grp10_IMG_20260113_083759_046.jpg,1534.08,1661.95,2374.56,2070.53,1.0,,0.0
LocateAnything 3B,mtsd-p11,back of a traffic sign,grp10_IMG_20260113_083821_567.jpg,1011.84,930.82,2427.6,2371.58,1.0,,0.0
LocateAnything 3B,mtsd-p11,back of a traffic sign,grp10_IMG_20260113_083821_567.jpg,1856.4,924.67,2990.64,2368.51,1.0,,0.0
LocateAnything 3B,mtsd-p11,back of a traffic sign,grp10_IMG_20260113_083821_567.jpg,3406.8,583.68,3570.0,728.06,1.0,,0.0
LocateAnything 3B,mtsd-p11,back of a traffic sign,grp10_IMG_20260113_083821_567.jpg,3561.84,589.82,3618.96,718.85,1.0,,0.0
LocateAnything 3B,mtsd-p11,back of a traffic sign,grp10_IMG_20260113_083821_567.jpg,3570.0,2531.33,3667.92,2623.49,1.0,,0.0
LocateAnything 3B,mtsd-p11,back of a traffic sign,grp10_IMG_20260113_083821_567.jpg,3578.16,0.0,3655.68,132.1,1.0,,0.0
LocateAnything 3B,mtsd-p11,back of a traffic sign,grp10_IMG_20260113_083821_567.jpg,3590.4,0.0,3655.68,21.5,1.0,,0.0
LocateAnything 3B,mtsd-p11,back of a traffic sign,grp10_IMG_20260113_083821_567.jpg,3627.12,0.0,3655.68,21.5,1.0,,0.0
LocateAnything 3B,mtsd-p11,back of a traffic sign,grp10_IMG_20260113_083821_567.jpg,3643.44,0.0,3655.68,21.5,1.0,,0.0
LocateAnything 3B,mtsd-p11,back of a traffic sign,grp10_IMG_20260113_083821_567.jpg,1831.92,0.0,4080.0,10.75,1.0,,0.0
LocateAnything 3B,mtsd-p11,back of a traffic sign,grp10_IMG_20260113_084856_622.jpg,0.0,0.0,4075.92,3068.93,1.0,,0.0
LocateAnything 3B,mtsd-p11,back of a traffic sign,grp10_IMG_20260113_084856_622.jpg,1815.6,869.38,2594.88,2036.74,1.0,,0.0
LocateAnything 3B,mtsd-p11,back of a traffic sign,grp10_IMG_20260113_084947_261.jpg,0.0,0.0,4075.92,3068.93,1.0,,0.0813
LocateAnything 3B,mtsd-p11,back of a traffic sign,grp10_IMG_20260113_084947_261.jpg,824.16,1210.37,1395.36,1797.12,1.0,,0.0
LocateAnything 3B,mtsd-p11,back of a traffic sign,grp10_IMG_20260113_084947_261.jpg,1436.16,857.09,2374.56,1953.79,1.0,,0.4369
LocateAnything 3B,mtsd-p11,back of a traffic sign,grp10_IMG_20260113_084947_261.jpg,3268.08,1449.98,3484.32,1622.02,1.0,,0.0
LocateAnything 3B,mtsd-p11,back of a traffic sign,grp10_IMG_20260113_084947_261.jpg,3578.16,1416.19,4075.92,1637.38,1.0,,0.0
LocateAnything 3B,mtsd-p11,back of a traffic sign,grp10_IMG_20260113_084947_261.jpg,3729.12,2666.5,4075.92,3065.86,1.0,,0.0
LocateAnything 3B,mtsd-p11,back of a traffic sign,grp10_IMG_20260113_084947_261.jpg,3863.76,0.0,4075.92,138.24,1.0,,0.0
LocateAnything 3B,mtsd-p11,back of a traffic sign,grp10_IMG_20260113_084947_261.jpg,4014.72,0.0,4075.92,454.66,1.0,,0.0
LocateAnything 3B,mtsd-p11,back of a traffic sign,grp10_IMG_20260113_085011_841.jpg,0.0,0.0,4075.92,3072.0,1.0,,0.0
LocateAnything 3B,mtsd-p11,back of a traffic sign,grp10_IMG_20260113_085011_841.jpg,905.76,525.31,2239.92,2460.67,1.0,,0.0
LocateAnything 3B,mtsd-p11,back of a traffic sign,grp10_IMG_20260113_085011_841.jpg,1815.6,347.14,2872.32,2503.68,1.0,,0.0
LocateAnything 3B,mtsd-p11,back of a traffic sign,grp10_IMG_20260113_085011_841.jpg,2533.68,0.0,4075.92,3072.0,1.0,,0.0
LocateAnything 3B,mtsd-p11,back of a traffic sign,grp10_IMG_20260113_085011_841.jpg,3431.28,2476.03,4075.92,2786.3,1.0,,0.0
LocateAnything 3B,mtsd-p11,back of a traffic sign,grp10_IMG_20260113_085011_841.jpg,3843.36,0.0,4075.92,273.41,1.0,,0.0
LocateAnything 3B,mtsd-p11,back of a traffic sign,grp10_IMG_20260113_085011_841.jpg,3912.72,2476.03,4075.92,2694.14,1.0,,0.0
LocateAnything 3B,mtsd-p11,back of a traffic sign,grp10_IMG_20260113_085011_841.jpg,3998.4,1575.94,4075.92,1852.42,1.0,,0.0
LocateAnything 3B,mtsd-p11,back of a traffic sign,grp10_IMG_20260113_085011_841.jpg,4018.8,0.0,4075.92,70.66,1.0,,0.0
LocateAnything 3B,mtsd-p11,back of a traffic sign,grp10_IMG_20260113_085011_841.jpg,4035.12,0.0,4075.92,46.08,1.0,,0.0
LocateAnything 3B,mtsd-p11,back of a traffic sign,grp10_IMG_20260113_085024_440.jpg,1297.44,869.38,2272.56,2024.45,1.0,,0.4033
LocateAnything 3B,mtsd-p11,back of a traffic sign,grp10_IMG_20260113_085024_440.jpg,2264.4,807.94,3366.0,1889.28,1.0,,0.2585
LocateAnything 3B,mtsd-p11,back of a traffic sign,grp10_IMG_20260113_085024_440.jpg,3700.56,1041.41,3855.6,1099.78,1.0,,0.0
LocateAnything 3B,mtsd-p11,back of a traffic sign,grp10_IMG_8791.jpeg,595.73,407.23,2295.22,2052.29,1.0,No Entry (One Way),0.9937
LocateAnything 3B,mtsd-p11,back of a traffic sign,grp10_IMG_8791.jpeg,511.06,2052.29,2373.84,3971.52,1.0,Directional Sign,0.9864
LocateAnything 3B,mtsd-p11,back of a traffic sign,grp10_IMG_8791.jpeg,2624.83,2374.85,2739.74,2757.89,1.0,,0.0
LocateAnything 3B,mtsd-p11,back of a traffic sign,grp10_IMG_8791.jpeg,2788.13,2415.17,3020.98,2745.79,1.0,,0.0
LocateAnything 3B,mtsd-p11,back of a traffic sign,grp10_IMG_8810.jpeg,3697.34,541.3,4027.97,1369.87,1.0,,0.0
LocateAnything 3B,mtsd-p11,back of a traffic sign,grp10_IMG_8810.jpeg,3717.5,825.55,3987.65,1070.5,1.0,,0.0
LocateAnything 3B,mtsd-p11,back of a traffic sign,grp10_IMG_8810.jpeg,3842.5,813.46,3987.65,1058.4,1.0,,0.0
LocateAnything 3B,mtsd-p11,back of a traffic sign,grp10_wall_stop.jpeg,689.47,1733.76,2140.99,3846.53,1.0,Auxiliary Sign,0.9758
LocateAnything 3B,mtsd-p11,back of a traffic sign,grp10_wall_stop.jpeg,840.67,556.42,2074.46,1733.76,1.0,No Entry (One Way),0.9689
LocateAnything 3B,mtsd-p11,back of a traffic sign,grp10_wall_stop.jpeg,2089.58,2386.94,2912.11,3435.26,1.0,,0.0145
LocateAnything 3B,mtsd-p11,back of a traffic sign,grp10_wall_stop.jpeg,2939.33,2564.35,3024.0,2814.34,1.0,,0.0
LocateAnything 3B,mtsd-p11,back of a traffic sign,grp10_WhatsApp Image 2025-11-16 at 17.52.25 (1).jpeg,0.0,0.0,1528.47,2037.96,1.0,,0.091
LocateAnything 3B,mtsd-p11,back of a traffic sign,grp10_WhatsApp Image 2025-11-17 at 12.38.32 (2).jpeg,293.76,622.2,1075.59,1270.92,1.0,Other-Unknown,0.9746
LocateAnything 3B,mtsd-p11,back of a traffic sign,grp10_WhatsApp Image 2025-11-17 at 12.38.34.jpeg,0.0,0.0,1528.47,2037.96,1.0,,0.3041
LocateAnything 3B,mtsd-p11,back of a traffic sign,grp10_WhatsApp Image 2025-11-17 at 12.38.37 (2).jpeg,0.0,0.0,1528.47,2037.96,1.0,,0.0349
LocateAnything 3B,mtsd-p11,back of a traffic sign,grp10_WhatsApp Image 2025-11-17 at 15.01.44.jpeg,778.77,540.6,884.34,1470.84,1.0,No Entry (One Way),0.9336
LocateAnything 3B,mtsd-p11,back of a traffic sign,grp10_WhatsApp Image 2025-11-17 at 15.01.44.jpeg,806.31,1307.64,922.59,2037.96,1.0,,0.0719
LocateAnything 3B,mtsd-p11,back of a traffic sign,grp10_WhatsApp Image 2025-11-17 at 15.01.44.jpeg,956.25,1254.6,1014.39,2037.96,1.0,,0.0
LocateAnything 3B,mtsd-p11,back of a traffic sign,grp10_WhatsApp Image 2025-11-17 at 15.01.44.jpeg,960.84,1587.12,1006.74,1850.28,1.0,,0.0
LocateAnything 3B,mtsd-p11,back of a traffic sign,grp10_WhatsApp Image 2025-11-17 at 15.01.44.jpeg,962.37,1850.28,1005.21,2037.96,1.0,,0.0
LocateAnything 3B,mtsd-p11,back of a traffic sign,grp10_WhatsApp Image 2025-11-17 at 15.01.44.jpeg,502.61,793.56,1504.76,2040.0,1.0,,0.0526
LocateAnything 3B,mtsd-p11,back of a traffic sign,grp10_WhatsApp Image 2025-11-17 at 15.01.50 (1).jpeg,0.0,0.0,1528.47,2037.96,1.0,,0.0
LocateAnything 3B,mtsd-p11,back of a traffic sign,grp10_WhatsApp Image 2025-11-17 at 15.01.54.jpeg,673.2,995.52,953.19,1103.64,1.0,,0.0
LocateAnything 3B,mtsd-p11,back of a traffic sign,grp10_WhatsApp Image 2025-11-17 at 15.01.54.jpeg,677.79,275.4,940.95,391.68,1.0,,0.0
LocateAnything 3B,mtsd-p11,back of a traffic sign,grp10_WhatsApp Image 2025-11-17 at 15.01.54.jpeg,679.32,1525.92,963.9,1568.76,1.0,,0.0
LocateAnything 3B,mtsd-p11,back of a traffic sign,grp10_WhatsApp Image 2025-11-17 at 15.01.54.jpeg,683.91,989.4,950.13,1054.68,1.0,,0.0
LocateAnything 3B,mtsd-p11,back of a traffic sign,grp10_WhatsApp Image 2025-11-17 at 15.01.54.jpeg,685.44,281.52,937.89,328.44,1.0,,0.0
LocateAnything 3B,mtsd-p11,back of a traffic sign,grp10_WhatsApp Image 2025-11-17 at 15.01.54.jpeg,688.5,995.52,953.19,1564.68,1.0,,0.0
LocateAnything 3B,mtsd-p11,back of a traffic sign,grp10_WhatsApp Image 2025-11-17 at 15.01.56 (1).jpeg,107.1,1340.28,393.21,1982.88,1.0,Street Sign,0.9647
LocateAnything 3B,mtsd-p11,back of a traffic sign,grp10_WhatsApp Image 2025-11-17 at 15.01.56 (1).jpeg,500.31,654.84,1321.92,1374.96,1.0,Stop Sign,0.9767
LocateAnything 3B,mtsd-p11,back of a traffic sign,grp10_WhatsApp Image 2025-11-17 at 15.01.56 (1).jpeg,0.0,1038.36,1161.27,2040.0,1.0,,0.1599
LocateAnything 3B,mtsd-p11,back of a traffic sign,grp10_WhatsApp Image 2025-11-20 at 16.03.01 (1).jpeg,624.24,667.08,1083.24,1111.8,1.0,Other-Unknown,0.9837
LocateAnything 3B,mtsd-p11,back of a traffic sign,grp10_WhatsApp Image 2025-11-20 at 16.03.01 (1).jpeg,670.14,1113.84,1025.1,1513.68,1.0,Roundabout Ahead,0.9825
LocateAnything 3B,mtsd-p11,back of a traffic sign,grp10_WhatsApp Image 2025-11-20 at 16.03.01 (1).jpeg,708.39,1179.12,812.43,1336.2,1.0,,0.1157
LocateAnything 3B,mtsd-p11,back of a traffic sign,grp10_WhatsApp Image 2025-11-20 at 16.03.01 (1).jpeg,738.99,1370.88,913.41,1464.72,1.0,,0.1159
LocateAnything 3B,mtsd-p11,back of a traffic sign,grp10_WhatsApp Image 2025-11-20 at 16.03.01 (1).jpeg,859.86,1177.08,988.38,1356.6,1.0,,0.1633
LocateAnything 3B,mtsd-p11,back of a traffic sign,grp10_WhatsApp Image 2025-11-20 at 16.03.01 (1).jpeg,898.11,1270.92,986.85,1352.52,1.0,,0.0513
LocateAnything 3B,mtsd-p11,back of a traffic sign,grp10_WhatsApp Image 2025-11-20 at 16.03.01 (1).jpeg,905.76,1179.12,988.38,1285.2,1.0,,0.0621
LocateAnything 3B,mtsd-p11,back of a traffic sign,grp11_00ffbbb0-IMG_20251125_195040.jpg,1104.0,1812.0,1152.0,1884.0,1.0,,0.3599
LocateAnything 3B,mtsd-p11,back of a traffic sign,grp11_00ffbbb0-IMG_20251125_195040.jpg,1122.0,1812.0,1182.0,1884.0,1.0,Other-Unknown,0.9057
LocateAnything 3B,mtsd-p11,back of a traffic sign,grp11_00ffbbb0-IMG_20251125_195040.jpg,1128.0,1820.0,1188.0,1932.0,1.0,,0.4891
LocateAnything 3B,mtsd-p11,back of a traffic sign,grp11_00ffbbb0-IMG_20251125_195040.jpg,1185.0,1820.0,1242.0,1884.0,1.0,Pedestrian Crossing,0.9055
LocateAnything 3B,mtsd-p11,back of a traffic sign,grp11_00ffbbb0-IMG_20251125_195040.jpg,1248.0,1820.0,1332.0,1924.0,1.0,,0.0
LocateAnything 3B,mtsd-p11,back of a traffic sign,grp11_00ffbbb0-IMG_20251125_195040.jpg,1671.0,1836.0,1710.0,1876.0,1.0,Pedestrian Crossing,0.7438
LocateAnything 3B,mtsd-p11,back of a traffic sign,grp11_00ffbbb0-IMG_20251125_195040.jpg,1755.0,1828.0,1800.0,1872.0,1.0,Street Sign,0.7456
LocateAnything 3B,mtsd-p11,back of a traffic sign,grp11_00ffbbb0-IMG_20251125_195040.jpg,1758.0,1784.0,1797.0,1844.0,1.0,Other-Unknown,0.6158
LocateAnything 3B,mtsd-p11,back of a traffic sign,grp11_00ffbbb0-IMG_20251125_195040.jpg,2142.0,1968.0,2217.0,2052.0,1.0,Directional Sign,0.8982
LocateAnything 3B,mtsd-p11,back of a traffic sign,grp11_00ffbbb0-IMG_20251125_195040.jpg,2451.0,1300.0,2610.0,1456.0,1.0,,0.0
LocateAnything 3B,mtsd-p11,back of a traffic sign,grp11_00ffbbb0-IMG_20251125_195040.jpg,2874.0,1828.0,2958.0,1916.0,1.0,,0.0
LocateAnything 3B,mtsd-p11,back of a traffic sign,grp11_00ffbbb0-IMG_20251125_195040.jpg,2910.0,1828.0,2952.0,1908.0,1.0,,0.0
LocateAnything 3B,mtsd-p11,back of a traffic sign,grp11_00ffbbb0-IMG_20251125_195040.jpg,2934.0,1828.0,2952.0,1908.0,1.0,,0.0
LocateAnything 3B,mtsd-p11,back of a traffic sign,grp11_00ffbbb0-IMG_20251125_195040.jpg,2946.0,1828.0,2952.0,1908.0,1.0,,0.0
LocateAnything 3B,mtsd-p11,back of a traffic sign,grp11_00ffbbb0-IMG_20251125_195040.jpg,1479.0,874.0,3000.0,2782.0,1.0,,0.0022
LocateAnything 3B,mtsd-p11,back of a traffic sign,grp11_089d4626-IMG_20251125_192354.jpg,1425.0,992.0,2178.0,1780.0,1.0,Other-Unknown,0.9883
LocateAnything 3B,mtsd-p11,back of a traffic sign,grp11_089d4626-IMG_20251125_192354.jpg,1776.0,1780.0,1854.0,2628.0,1.0,,0.0
LocateAnything 3B,mtsd-p11,back of a traffic sign,grp11_089d4626-IMG_20251125_192354.jpg,1785.0,2652.0,1851.0,3584.0,1.0,,0.0
LocateAnything 3B,mtsd-p11,back of a traffic sign,grp11_08da688f-IMG_6393.jpeg,0.0,0.0,4481.51,3357.27,1.0,,0.4766
LocateAnything 3B,mtsd-p11,back of a traffic sign,grp11_0ac2eda8-IMG_6412.jpeg,0.0,0.0,5002.99,3756.0,1.0,,0.1601
LocateAnything 3B,mtsd-p11,back of a traffic sign,grp11_12031735-Pre_2026_6669.jpg,605.79,2688.0,900.8,3068.0,1.0,,0.0
LocateAnything 3B,mtsd-p11,back of a traffic sign,grp11_12031735-Pre_2026_6669.jpg,900.8,1932.0,2249.75,2564.0,1.0,,0.0
LocateAnything 3B,mtsd-p11,back of a traffic sign,grp11_12031735-Pre_2026_6669.jpg,903.05,3048.0,1738.54,3672.0,1.0,,0.0
LocateAnything 3B,mtsd-p11,back of a traffic sign,grp11_12031735-Pre_2026_6669.jpg,936.83,3604.0,1301.66,3996.0,1.0,,0.0
LocateAnything 3B,mtsd-p11,back of a traffic sign,grp11_12031735-Pre_2026_6669.jpg,990.88,2552.0,1317.42,3076.0,1.0,,0.0
LocateAnything 3B,mtsd-p11,back of a traffic sign,grp11_12031735-Pre_2026_6669.jpg,1301.66,3676.0,2249.75,3996.0,1.0,,0.0
LocateAnything 3B,mtsd-p11,back of a traffic sign,grp11_12031735-Pre_2026_6669.jpg,1312.92,2492.0,2247.5,3100.0,1.0,,0.0
LocateAnything 3B,mtsd-p11,back of a traffic sign,grp11_12031735-Pre_2026_6669.jpg,492.06,1834.0,2252.0,4000.0,1.0,,0.0
LocateAnything 3B,mtsd-p11,back of a traffic sign,grp11_12031735-Pre_2026_6669.jpg,1716.02,3088.0,2249.75,3780.0,1.0,,0.0
LocateAnything 3B,mtsd-p11,back of a traffic sign,grp11_12031735-Pre_2026_6669.jpg,1725.03,1932.0,2249.75,2500.0,1.0,,0.0
LocateAnything 3B,mtsd-p11,back of a traffic sign,grp11_1ff1325d-IMG_1333.jpg,0.0,0.0,3020.98,4027.97,1.0,,0.0928
LocateAnything 3B,mtsd-p11,back of a traffic sign,grp11_217d0bb2-IMG_1445.jpg,0.0,0.0,3020.98,4027.97,1.0,,0.1445
LocateAnything 3B,mtsd-p11,back of a traffic sign,grp11_243ba713-IMG_6313.jpg,5080.32,5249.66,5207.33,5386.75,1.0,,0.0
LocateAnything 3B,mtsd-p11,back of a traffic sign,grp11_2960150f-Pre_2026_6705.jpg,310.78,2184.0,1216.08,3512.0,1.0,,0.0
LocateAnything 3B,mtsd-p11,back of a traffic sign,grp11_2960150f-Pre_2026_6705.jpg,722.89,1216.0,1405.25,2108.0,1.0,Blind-Spot Mirror (Convex Mirror),0.9792
LocateAnything 3B,mtsd-p11,back of a traffic sign,grp11_2960150f-Pre_2026_6705.jpg,815.22,2876.0,1200.32,3456.0,1.0,,0.0
LocateAnything 3B,mtsd-p11,back of a traffic sign,grp11_2a7d15c7-Pre_2026_6626.jpg,671.1,676.0,1670.98,1676.0,1.0,Pedestrian Crossing,0.9858
LocateAnything 3B,mtsd-p11,back of a traffic sign,grp11_2a7d15c7-Pre_2026_6626.jpg,1616.94,2036.0,1731.79,2212.0,1.0,Blind-Spot Mirror (Convex Mirror),0.8659
LocateAnything 3B,mtsd-p11,back of a traffic sign,grp11_2a7d15c7-Pre_2026_6626.jpg,1673.24,2036.0,1731.79,2208.0,1.0,Blind-Spot Mirror (Convex Mirror),0.5079
LocateAnything 3B,mtsd-p11,back of a traffic sign,grp11_2dae9065-IMG_20251125_195604.jpg,1320.0,252.0,1761.0,1220.0,1.0,Other-Unknown,0.9259
LocateAnything 3B,mtsd-p11,back of a traffic sign,grp11_2dae9065-IMG_20251125_195604.jpg,1332.0,1152.0,1806.0,2132.0,1.0,Directional Sign,0.9542
LocateAnything 3B,mtsd-p11,back of a traffic sign,grp11_2dae9065-IMG_20251125_195604.jpg,1755.0,1716.0,1845.0,3996.0,1.0,,0.0441
LocateAnything 3B,mtsd-p11,back of a traffic sign,grp11_2dae9065-IMG_20251125_195604.jpg,1833.0,1684.0,1965.0,3996.0,1.0,,0.0
LocateAnything 3B,mtsd-p11,back of a traffic sign,grp11_2dae9065-IMG_20251125_195604.jpg,1923.0,1504.0,2124.0,3996.0,1.0,,0.0
LocateAnything 3B,mtsd-p11,back of a traffic sign,grp11_2dae9065-IMG_20251125_195604.jpg,2094.0,1392.0,2364.0,3996.0,1.0,,0.0
LocateAnything 3B,mtsd-p11,back of a traffic sign,grp11_2dae9065-IMG_20251125_195604.jpg,2316.0,1252.0,2604.0,3996.0,1.0,,0.0
LocateAnything 3B,mtsd-p11,back of a traffic sign,grp11_2dae9065-IMG_20251125_195604.jpg,2556.0,1212.0,2832.0,3996.0,1.0,,0.0
LocateAnything 3B,mtsd-p11,back of a traffic sign,grp11_2dae9065-IMG_20251125_195604.jpg,2688.0,1172.0,2994.0,3996.0,1.0,,0.0
LocateAnything 3B,mtsd-p11,back of a traffic sign,grp11_2dae9065-IMG_20251125_195604.jpg,2916.0,1076.0,3000.0,3996.0,1.0,,0.0
LocateAnything 3B,mtsd-p11,back of a traffic sign,grp11_387a3e09-IMG_6403.jpeg,1085.6,836.77,2577.22,2651.36,1.0,,0.0
LocateAnything 3B,mtsd-p11,back of a traffic sign,grp11_387a3e09-IMG_6403.jpeg,1397.6,2468.62,2692.62,3206.0,1.0,,0.0037
LocateAnything 3B,mtsd-p11,back of a traffic sign,grp11_387a3e09-IMG_6403.jpeg,1760.89,2596.86,4269.73,2920.67,1.0,,0.0
LocateAnything 3B,mtsd-p11,back of a traffic sign,grp11_387a3e09-IMG_6403.jpeg,1837.82,1715.21,1987.41,2619.3,1.0,,0.0
LocateAnything 3B,mtsd-p11,back of a traffic sign,grp11_387a3e09-IMG_6403.jpeg,2312.23,1558.12,2406.26,1853.07,1.0,,0.0
LocateAnything 3B,mtsd-p11,back of a traffic sign,grp11_387a3e09-IMG_6403.jpeg,2329.33,1564.53,2401.99,1663.91,1.0,,0.0
LocateAnything 3B,mtsd-p11,back of a traffic sign,grp11_387a3e09-IMG_6403.jpeg,2363.52,1570.94,2401.99,1663.91,1.0,,0.0
LocateAnything 3B,mtsd-p11,back of a traffic sign,grp11_387a3e09-IMG_6403.jpeg,2384.89,1570.94,2401.99,1663.91,1.0,,0.0
LocateAnything 3B,mtsd-p11,back of a traffic sign,grp11_387a3e09-IMG_6403.jpeg,2397.71,1570.94,2401.99,1663.91,1.0,,0.0
LocateAnything 3B,mtsd-p11,back of a traffic sign,grp11_387a3e09-IMG_6403.jpeg,1205.27,738.98,3607.26,2402.9,1.0,,0.0
LocateAnything 3B,mtsd-p11,back of a traffic sign,grp11_3a5a4d41-Pre_2026_6633.jpg,632.81,788.0,1508.84,1668.0,1.0,Blind-Spot Mirror (Convex Mirror),0.9747
LocateAnything 3B,mtsd-p11,back of a traffic sign,grp11_3a5a4d41-Pre_2026_6633.jpg,815.22,1284.0,1098.98,1392.0,1.0,,0.0408
LocateAnything 3B,mtsd-p11,back of a traffic sign,grp11_3a5a4d41-Pre_2026_6633.jpg,819.73,1284.0,905.3,1392.0,1.0,,0.0123
LocateAnything 3B,mtsd-p11,back of a traffic sign,grp11_3a5a4d41-Pre_2026_6633.jpg,864.77,1284.0,905.3,1392.0,1.0,,0.0058
LocateAnything 3B,mtsd-p11,back of a traffic sign,grp11_3a5a4d41-Pre_2026_6633.jpg,887.29,1284.0,905.3,1392.0,1.0,,0.0026
LocateAnything 3B,mtsd-p11,back of a traffic sign,grp11_3a5a4d41-Pre_2026_6633.jpg,900.8,1284.0,905.3,1392.0,1.0,,0.0006
LocateAnything 3B,mtsd-p11,back of a traffic sign,grp11_3f9be580-IMG_1323.jpg,1400.11,2548.22,1539.22,2693.38,1.0,Blind-Spot Mirror (Convex Mirror),0.8843
LocateAnything 3B,mtsd-p11,back of a traffic sign,grp11_4029b5b7-Pre_2026_6760.jpg,2164.0,659.84,2696.0,1231.84,1.0,,0.0121
LocateAnything 3B,mtsd-p11,back of a traffic sign,grp11_4029b5b7-Pre_2026_6760.jpg,2384.0,0.0,3996.0,1083.21,1.0,,0.0
LocateAnything 3B,mtsd-p11,back of a traffic sign,grp11_4029b5b7-Pre_2026_6760.jpg,3252.0,1074.2,3996.0,1276.88,1.0,,0.0
LocateAnything 3B,mtsd-p11,back of a traffic sign,grp11_4029b5b7-Pre_2026_6760.jpg,3752.0,0.0,3996.0,333.3,1.0,,0.0
LocateAnything 3B,mtsd-p11,back of a traffic sign,grp11_41188dd2-IMG_1440.jpg,610.85,0.0,1112.83,1310.4,1.0,,0.0
LocateAnything 3B,mtsd-p11,back of a traffic sign,grp11_41188dd2-IMG_1440.jpg,1454.54,0.0,2464.56,1294.27,1.0,,0.0
LocateAnything 3B,mtsd-p11,back of a traffic sign,grp11_41188dd2-IMG_1440.jpg,1475.71,0.0,2461.54,516.1,1.0,,0.0
LocateAnything 3B,mtsd-p11,back of a traffic sign,grp11_4a7fe027-Pre_2026_6682.jpg,272.49,804.0,1650.72,2220.0,1.0,Blind-Spot Mirror (Convex Mirror),0.9869
LocateAnything 3B,mtsd-p11,back of a traffic sign,grp11_4a7fe027-Pre_2026_6682.jpg,1504.34,644.0,2249.75,1876.0,1.0,,0.0626
LocateAnything 3B,mtsd-p11,back of a traffic sign,grp11_4a7fe027-Pre_2026_6682.jpg,1855.65,2356.0,2249.75,3716.0,1.0,,0.0
LocateAnything 3B,mtsd-p11,back of a traffic sign,grp11_4a7fe027-Pre_2026_6682.jpg,1905.19,0.0,2249.75,356.0,1.0,,0.0
LocateAnything 3B,mtsd-p11,back of a traffic sign,grp11_4a8ce21e-IMG_20251125_194252.jpg,2568.0,2100.0,2721.0,2316.0,1.0,Other-Unknown,0.9312
LocateAnything 3B,mtsd-p11,back of a traffic sign,grp11_4a8ce21e-IMG_20251125_194252.jpg,2574.0,2444.0,2727.0,2552.0,1.0,,0.0
LocateAnything 3B,mtsd-p11,back of a traffic sign,grp11_4a8ce21e-IMG_20251125_194252.jpg,2721.0,2564.0,2814.0,2632.0,1.0,,0.0
LocateAnything 3B,mtsd-p11,back of a traffic sign,grp11_4a8ce21e-IMG_20251125_194252.jpg,2736.0,2652.0,2814.0,2672.0,1.0,,0.0
LocateAnything 3B,mtsd-p11,back of a traffic sign,grp11_4a8ce21e-IMG_20251125_194252.jpg,2742.0,2652.0,2814.0,2660.0,1.0,,0.0
LocateAnything 3B,mtsd-p11,back of a traffic sign,grp11_4a8ce21e-IMG_20251125_194252.jpg,2781.0,2652.0,2814.0,2660.0,1.0,,0.0
LocateAnything 3B,mtsd-p11,back of a traffic sign,grp11_4a8ce21e-IMG_20251125_194252.jpg,2799.0,2652.0,2814.0,2660.0,1.0,,0.0
LocateAnything 3B,mtsd-p11,back of a traffic sign,grp11_4a8ce21e-IMG_20251125_194252.jpg,1410.0,1322.0,3000.0,3982.0,1.0,,0.0084
LocateAnything 3B,mtsd-p11,back of a traffic sign,grp11_578f49cf-IMG_6367.jpeg,0.0,0.0,4027.97,3020.98,1.0,,0.1047
LocateAnything 3B,mtsd-p11,back of a traffic sign,grp11_578f49cf-IMG_6367.jpeg,334.66,1245.89,2060.35,1992.82,1.0,,0.0838
LocateAnything 3B,mtsd-p11,back of a traffic sign,grp11_578f49cf-IMG_6367.jpeg,338.69,1896.05,1757.95,2255.9,1.0,,0.0
LocateAnything 3B,mtsd-p11,back of a traffic sign,grp11_59f96d19-IMG_6251.jpeg,704.34,336.34,1017.2,1216.49,1.0,Blind-Spot Mirror (Convex Mirror),0.9755
LocateAnything 3B,mtsd-p11,back of a traffic sign,grp11_5c71ae7e-IMG_6256.jpeg,1971.65,3136.9,2110.75,3286.08,1.0,,0.0
LocateAnything 3B,mtsd-p11,back of a traffic sign,grp11_5c71ae7e-IMG_6256.jpeg,2029.1,3128.83,2110.75,3265.92,1.0,,0.0
LocateAnything 3B,mtsd-p11,back of a traffic sign,grp11_5cef4344-Pre_2026_6674.jpg,749.92,2892.0,1204.82,3728.0,1.0,Street Sign,0.9555
LocateAnything 3B,mtsd-p11,back of a traffic sign,grp11_5cef4344-Pre_2026_6674.jpg,1650.72,1676.0,2247.5,2652.0,1.0,,0.0
LocateAnything 3B,mtsd-p11,back of a traffic sign,grp11_5cef4344-Pre_2026_6674.jpg,1981.76,2508.0,2249.75,3776.0,1.0,,0.0
LocateAnything 3B,mtsd-p11,back of a traffic sign,grp11_6bd01c27-IMG_1442.jpg,1070.5,419.33,1805.33,1653.12,1.0,Pedestrian Crossing,0.9876
LocateAnything 3B,mtsd-p11,back of a traffic sign,grp11_6bd01c27-IMG_1442.jpg,1617.84,3273.98,1896.05,4027.97,1.0,,0.0
LocateAnything 3B,mtsd-p11,back of a traffic sign,grp11_6bd01c27-IMG_1442.jpg,1639.01,2431.3,1905.12,3302.21,1.0,,0.0
LocateAnything 3B,mtsd-p11,back of a traffic sign,grp11_6bd01c27-IMG_1442.jpg,1660.18,1641.02,1920.24,2463.55,1.0,,0.0007
LocateAnything 3B,mtsd-p11,back of a traffic sign,grp11_6bd01c27-IMG_1442.jpg,1769.04,439.49,2101.68,1669.25,1.0,,0.0345
LocateAnything 3B,mtsd-p11,back of a traffic sign,grp11_6bd01c27-IMG_1442.jpg,2576.45,3032.06,2872.8,4027.97,1.0,,0.0
LocateAnything 3B,mtsd-p11,back of a traffic sign,grp11_6bd01c27-IMG_1442.jpg,2818.37,3229.63,2975.62,4027.97,1.0,,0.0
LocateAnything 3B,mtsd-p11,back of a traffic sign,grp11_6bd01c27-IMG_1442.jpg,2927.23,3165.12,3017.95,4027.97,1.0,,0.0
LocateAnything 3B,mtsd-p11,back of a traffic sign,grp11_6bd01c27-IMG_1442.jpg,2972.59,3165.12,3017.95,4027.97,1.0,,0.0
LocateAnything 3B,mtsd-p11,back of a traffic sign,grp11_6bd01c27-IMG_1442.jpg,2996.78,3165.12,3017.95,4027.97,1.0,,0.0
LocateAnything 3B,mtsd-p11,back of a traffic sign,grp11_6bd01c27-IMG_1442.jpg,3008.88,3165.12,3017.95,4027.97,1.0,,0.0
LocateAnything 3B,mtsd-p11,back of a traffic sign,grp11_6d03b071-IMG_6395.jpeg,1661.18,2385.94,2955.46,2848.61,1.0,,0.0
LocateAnything 3B,mtsd-p11,back of a traffic sign,grp11_6d03b071-IMG_6395.jpeg,1677.31,2401.06,4027.97,2673.22,1.0,,0.0
LocateAnything 3B,mtsd-p11,back of a traffic sign,grp11_6d1c0888-IMG_20251125_191657.jpg,0.0,0.0,2997.0,3996.0,1.0,,0.0063
LocateAnything 3B,mtsd-p11,back of a traffic sign,grp11_6d1c0888-IMG_20251125_191657.jpg,1494.0,1000.0,1623.0,1640.0,1.0,Directional Sign,0.9135
LocateAnything 3B,mtsd-p11,back of a traffic sign,grp11_6d1c0888-IMG_20251125_191657.jpg,1503.0,1212.0,1584.0,1488.0,1.0,,0.2964
LocateAnything 3B,mtsd-p11,back of a traffic sign,grp11_6d1c0888-IMG_20251125_191657.jpg,1521.0,1212.0,1581.0,1392.0,1.0,,0.1432
LocateAnything 3B,mtsd-p11,back of a traffic sign,grp11_6d1c0888-IMG_20251125_191657.jpg,1554.0,1212.0,1581.0,1392.0,1.0,,0.0644
LocateAnything 3B,mtsd-p11,back of a traffic sign,grp11_6d1c0888-IMG_20251125_191657.jpg,1569.0,1212.0,1581.0,1392.0,1.0,,0.0329
LocateAnything 3B,mtsd-p11,back of a traffic sign,grp11_6d1c0888-IMG_20251125_191657.jpg,1578.0,1212.0,1581.0,1392.0,1.0,,0.0082
LocateAnything 3B,mtsd-p11,back of a traffic sign,grp11_6d1c0888-IMG_20251125_191657.jpg,793.5,516.0,2374.5,1908.0,1.0,,0.0343
LocateAnything 3B,mtsd-p11,back of a traffic sign,grp11_7041f709-IMG_1379.jpg,1100.74,854.78,1759.97,2257.92,1.0,Directional Sign,0.9805
LocateAnything 3B,mtsd-p11,back of a traffic sign,grp11_7041f709-IMG_1379.jpg,1369.87,2245.82,1481.76,3536.06,1.0,,0.0006
LocateAnything 3B,mtsd-p11,back of a traffic sign,grp11_7041f709-IMG_1379.jpg,2101.68,536.26,2661.12,1008.0,1.0,,0.0
LocateAnything 3B,mtsd-p11,back of a traffic sign,grp11_7041f709-IMG_1379.jpg,2570.4,540.29,3020.98,1024.13,1.0,,0.0
LocateAnything 3B,mtsd-p11,back of a traffic sign,grp11_7041f709-IMG_1379.jpg,2860.7,536.26,3024.0,1020.1,1.0,,0.0
LocateAnything 3B,mtsd-p11,back of a traffic sign,grp11_7041f709-IMG_1379.jpg,2942.35,536.26,3024.0,1020.1,1.0,,0.0
LocateAnything 3B,mtsd-p11,back of a traffic sign,grp11_80f216ed-Pre_2026_6647.jpg,878.28,796.0,1553.88,1736.0,1.0,Blind-Spot Mirror (Convex Mirror),0.9816
LocateAnything 3B,mtsd-p11,back of a traffic sign,grp11_80f216ed-Pre_2026_6647.jpg,1666.48,2932.0,2249.75,3048.0,1.0,,0.0
LocateAnything 3B,mtsd-p11,back of a traffic sign,grp11_80f216ed-Pre_2026_6647.jpg,1975.0,2944.0,2249.75,3040.0,1.0,,0.0
LocateAnything 3B,mtsd-p11,back of a traffic sign,grp11_8297098a-IMG_6326.jpeg,1249.92,1000.94,2943.36,2939.33,1.0,,0.0
LocateAnything 3B,mtsd-p11,back of a traffic sign,grp11_8297098a-IMG_6326.jpeg,1342.66,1481.76,2866.75,2074.46,1.0,,0.0
LocateAnything 3B,mtsd-p11,back of a traffic sign,grp11_8297098a-IMG_6326.jpeg,1378.94,1729.73,1653.12,2180.3,1.0,,0.0
LocateAnything 3B,mtsd-p11,back of a traffic sign,grp11_8297098a-IMG_6326.jpeg,2431.3,1475.71,2701.44,2010.96,1.0,,0.0
LocateAnything 3B,mtsd-p11,back of a traffic sign,grp11_8297098a-IMG_6326.jpeg,2447.42,589.68,2616.77,683.42,1.0,,0.0
LocateAnything 3B,mtsd-p11,back of a traffic sign,grp11_8297098a-IMG_6326.jpeg,2463.55,1545.26,2854.66,2101.68,1.0,,0.0
LocateAnything 3B,mtsd-p11,back of a traffic sign,grp11_8297098a-IMG_6326.jpeg,2471.62,1481.76,2624.83,1611.79,1.0,,0.0
LocateAnything 3B,mtsd-p11,back of a traffic sign,grp11_8297098a-IMG_6326.jpeg,2548.22,1481.76,2624.83,1605.74,1.0,,0.0
LocateAnything 3B,mtsd-p11,back of a traffic sign,grp11_87a2a97d-IMG_6417.jpeg,0.0,3118.36,2507.84,7244.75,1.0,,0.1272
LocateAnything 3B,mtsd-p11,back of a traffic sign,grp11_87a2a97d-IMG_6417.jpeg,0.0,0.0,5434.56,5721.83,1.0,,0.2934
LocateAnything 3B,mtsd-p11,back of a traffic sign,grp11_8d5205a5-IMG_6322.jpeg,0.0,0.0,4291.7,3222.0,1.0,,0.0995
LocateAnything 3B,mtsd-p11,back of a traffic sign,grp11_8da30211-IMG_1389.jpg,1524.1,419.33,1672.27,4027.97,1.0,,0.0
LocateAnything 3B,mtsd-p11,back of a traffic sign,grp11_92113811-IMG_1371.jpg,1654.13,0.0,2391.98,1572.48,1.0,,0.0
LocateAnything 3B,mtsd-p11,back of a traffic sign,grp11_92113811-IMG_1371.jpg,2945.38,1967.62,2999.81,2270.02,1.0,No Entry (One Way),0.7977
LocateAnything 3B,mtsd-p11,back of a traffic sign,grp11_92113811-IMG_1371.jpg,2960.5,1975.68,3024.0,2265.98,1.0,No Entry (One Way),0.5361
LocateAnything 3B,mtsd-p11,back of a traffic sign,grp11_92113811-IMG_1371.jpg,2993.76,1975.68,3024.0,2265.98,1.0,,0.1565
LocateAnything 3B,mtsd-p11,back of a traffic sign,grp11_92113811-IMG_1371.jpg,3008.88,1975.68,3024.0,2265.98,1.0,,0.0
LocateAnything 3B,mtsd-p11,back of a traffic sign,grp11_93c9acc6-Pre_2026_6752.jpg,0.0,0.0,204.0,403.11,1.0,,0.0
LocateAnything 3B,mtsd-p11,back of a traffic sign,grp11_93c9acc6-Pre_2026_6752.jpg,0.0,912.06,188.0,2247.5,1.0,,0.0
LocateAnything 3B,mtsd-p11,back of a traffic sign,grp11_93c9acc6-Pre_2026_6752.jpg,60.0,912.06,732.0,1182.3,1.0,,0.0
LocateAnything 3B,mtsd-p11,back of a traffic sign,grp11_93c9acc6-Pre_2026_6752.jpg,92.0,213.94,720.0,731.9,1.0,,0.0
LocateAnything 3B,mtsd-p11,back of a traffic sign,grp11_93c9acc6-Pre_2026_6752.jpg,100.0,1159.78,732.0,2247.5,1.0,,0.0
LocateAnything 3B,mtsd-p11,back of a traffic sign,grp11_93c9acc6-Pre_2026_6752.jpg,172.0,0.0,728.0,200.43,1.0,,0.0
LocateAnything 3B,mtsd-p11,back of a traffic sign,grp11_93c9acc6-Pre_2026_6752.jpg,732.0,353.56,1332.0,745.41,1.0,,0.1937
LocateAnything 3B,mtsd-p11,back of a traffic sign,grp11_93c9acc6-Pre_2026_6752.jpg,740.0,907.56,1340.0,1650.72,1.0,,0.0092
LocateAnything 3B,mtsd-p11,back of a traffic sign,grp11_93c9acc6-Pre_2026_6752.jpg,752.0,0.0,1284.0,353.56,1.0,,0.0
LocateAnything 3B,mtsd-p11,back of a traffic sign,grp11_93c9acc6-Pre_2026_6752.jpg,776.0,1623.69,1352.0,2247.5,1.0,,0.0
LocateAnything 3B,mtsd-p11,back of a traffic sign,grp11_93c9acc6-Pre_2026_6752.jpg,1324.0,0.0,1860.0,770.18,1.0,,0.2404
LocateAnything 3B,mtsd-p11,back of a traffic sign,grp11_93c9acc6-Pre_2026_6752.jpg,1352.0,905.3,1884.0,1150.77,1.0,,0.0189
LocateAnything 3B,mtsd-p11,back of a traffic sign,grp11_93c9acc6-Pre_2026_6752.jpg,1360.0,1141.76,1876.0,2247.5,1.0,,0.0
LocateAnything 3B,mtsd-p11,back of a traffic sign,grp11_93c9acc6-Pre_2026_6752.jpg,1812.0,0.0,2296.0,461.66,1.0,,0.0222
LocateAnything 3B,mtsd-p11,back of a traffic sign,grp11_93c9acc6-Pre_2026_6752.jpg,1852.0,1533.61,2340.0,2247.5,1.0,,0.0
LocateAnything 3B,mtsd-p11,back of a traffic sign,grp11_93c9acc6-Pre_2026_6752.jpg,1872.0,914.31,2356.0,1553.88,1.0,,0.0041
LocateAnything 3B,mtsd-p11,back of a traffic sign,grp11_93c9acc6-Pre_2026_6752.jpg,1876.0,466.16,2396.0,783.7,1.0,,0.0965
LocateAnything 3B,mtsd-p11,back of a traffic sign,grp11_93c9acc6-Pre_2026_6752.jpg,2240.0,0.0,2736.0,529.22,1.0,,0.0
LocateAnything 3B,mtsd-p11,back of a traffic sign,grp11_94c2771c-IMG_1367.jpg,1082.59,358.85,1974.67,2044.22,1.0,Directional Sign,0.9775
LocateAnything 3B,mtsd-p11,back of a traffic sign,grp11_94c2771c-IMG_1367.jpg,1962.58,1120.9,2325.46,1362.82,1.0,,0.0031
LocateAnything 3B,mtsd-p11,back of a traffic sign,grp11_94c2771c-IMG_1367.jpg,2709.5,173.38,3020.98,721.73,1.0,,0.0
LocateAnything 3B,mtsd-p11,back of a traffic sign,grp11_94c2771c-IMG_1367.jpg,2815.34,221.76,3020.98,633.02,1.0,,0.0
LocateAnything 3B,mtsd-p11,back of a traffic sign,grp11_9adb1ffc-IMG_1447.jpg,1040.26,491.9,2234.74,1757.95,1.0,Pedestrian Crossing,0.9801
LocateAnything 3B,mtsd-p11,back of a traffic sign,grp11_9adb1ffc-IMG_1447.jpg,1406.16,100.8,2026.08,596.74,1.0,,0.038
LocateAnything 3B,mtsd-p11,back of a traffic sign,grp11_9adb1ffc-IMG_1447.jpg,1593.65,1733.76,1883.95,4032.0,1.0,,0.0042
LocateAnything 3B,mtsd-p11,back of a traffic sign,grp11_9adb1ffc-IMG_1447.jpg,1980.72,3056.26,2939.33,4032.0,1.0,,0.0
LocateAnything 3B,mtsd-p11,back of a traffic sign,grp11_9aea0791-Pre_2026_6686.jpg,535.98,692.0,1245.36,1696.0,1.0,Stop Sign,0.8295
LocateAnything 3B,mtsd-p11,back of a traffic sign,grp11_9e3f1527-IMG_6303.jpeg,0.0,0.0,4027.97,3020.98,1.0,,0.0305
LocateAnything 3B,mtsd-p11,back of a traffic sign,grp11_9e3f1527-IMG_6303.jpeg,1298.3,571.54,2580.48,2437.34,1.0,,0.0
LocateAnything 3B,mtsd-p11,back of a traffic sign,grp11_9e3f1527-IMG_6303.jpeg,2568.38,607.82,4027.97,1905.12,1.0,,0.0583
LocateAnything 3B,mtsd-p11,back of a traffic sign,grp11_9e3f1527-IMG_6303.jpeg,2580.48,154.22,4027.97,695.52,1.0,,0.2335
LocateAnything 3B,mtsd-p11,back of a traffic sign,grp11_9e3f1527-IMG_6303.jpeg,2588.54,0.0,4027.97,456.62,1.0,,0.2183
LocateAnything 3B,mtsd-p11,back of a traffic sign,grp11_a9ff1854-IMG_6408.jpeg,0.0,0.0,4027.97,3020.98,1.0,,0.1292
LocateAnything 3B,mtsd-p11,back of a traffic sign,grp11_aff5c880-IMG_6324.jpeg,1127.7,1258.73,1981.53,2152.3,1.0,Other-Unknown,0.9768
LocateAnything 3B,mtsd-p11,back of a traffic sign,grp11_aff5c880-IMG_6324.jpeg,2451.94,3453.98,2487.38,3587.16,1.0,,0.0
LocateAnything 3B,mtsd-p11,back of a traffic sign,grp11_aff5c880-IMG_6324.jpeg,2471.27,3453.98,2487.38,3587.16,1.0,,0.0
LocateAnything 3B,mtsd-p11,back of a traffic sign,grp11_aff5c880-IMG_6324.jpeg,2480.94,3453.98,2487.38,3587.16,1.0,,0.0
LocateAnything 3B,mtsd-p11,back of a traffic sign,grp11_aff5c880-IMG_6324.jpeg,2484.16,3453.98,2487.38,3587.16,1.0,,0.0
LocateAnything 3B,mtsd-p11,back of a traffic sign,grp11_aff5c880-IMG_6324.jpeg,1246.91,1660.4,3222.0,4296.0,1.0,,0.0636
LocateAnything 3B,mtsd-p11,back of a traffic sign,grp11_b25d900c-Pre_2026_6648.jpg,713.88,912.0,1321.92,1612.0,1.0,Blind-Spot Mirror (Convex Mirror),0.9611
LocateAnything 3B,mtsd-p11,back of a traffic sign,grp11_b25d900c-Pre_2026_6648.jpg,979.62,1132.0,1177.8,3996.0,1.0,,0.1062
LocateAnything 3B,mtsd-p11,back of a traffic sign,grp11_b25d900c-Pre_2026_6648.jpg,1412.0,1684.0,1522.35,2192.0,1.0,,0.0
LocateAnything 3B,mtsd-p11,back of a traffic sign,grp11_b25d900c-Pre_2026_6648.jpg,1517.85,1844.0,1544.87,2160.0,1.0,,0.0
LocateAnything 3B,mtsd-p11,back of a traffic sign,grp11_b25d900c-Pre_2026_6648.jpg,1526.86,1860.0,1571.9,2152.0,1.0,,0.0
LocateAnything 3B,mtsd-p11,back of a traffic sign,grp11_b40e574e-IMG_1307.jpg,1312.42,1024.13,1905.12,1249.92,1.0,Auxiliary Sign,0.9394
LocateAnything 3B,mtsd-p11,back of a traffic sign,grp11_b40e574e-IMG_1307.jpg,505.01,1106.78,2494.8,2352.67,1.0,,0.033
LocateAnything 3B,mtsd-p11,back of a traffic sign,grp11_b4a34518-Pre_2026_6659.jpg,583.27,832.0,1308.41,1708.0,1.0,Pedestrian Crossing,0.9718
LocateAnything 3B,mtsd-p11,back of a traffic sign,grp11_b4a34518-Pre_2026_6659.jpg,716.14,1640.0,968.36,3996.0,1.0,,0.0143
LocateAnything 3B,mtsd-p11,back of a traffic sign,grp11_b4a34518-Pre_2026_6659.jpg,1008.9,2348.0,1938.97,3088.0,1.0,,0.0
LocateAnything 3B,mtsd-p11,back of a traffic sign,grp11_b4a34518-Pre_2026_6659.jpg,1432.27,2004.0,2249.75,2492.0,1.0,,0.0
LocateAnything 3B,mtsd-p11,back of a traffic sign,grp11_b4a34518-Pre_2026_6659.jpg,1788.09,1668.0,2249.75,2016.0,1.0,,0.0
LocateAnything 3B,mtsd-p11,back of a traffic sign,grp11_b4a34518-Pre_2026_6659.jpg,2112.38,2204.0,2249.75,2508.0,1.0,,0.0
LocateAnything 3B,mtsd-p11,back of a traffic sign,grp11_b4a34518-Pre_2026_6659.jpg,2112.38,1860.0,2249.75,2264.0,1.0,,0.0
LocateAnything 3B,mtsd-p11,back of a traffic sign,grp11_bab711b8-IMG_20251125_192613.jpg,1110.0,776.0,1851.0,1696.0,1.0,Pedestrian Crossing,0.9838
LocateAnything 3B,mtsd-p11,back of a traffic sign,grp11_bab711b8-IMG_20251125_192613.jpg,1722.0,2128.0,1767.0,2204.0,1.0,,0.0
LocateAnything 3B,mtsd-p11,back of a traffic sign,grp11_bab711b8-IMG_20251125_192613.jpg,1734.0,716.0,1785.0,808.0,1.0,,0.0026
LocateAnything 3B,mtsd-p11,back of a traffic sign,grp11_bab711b8-IMG_20251125_192613.jpg,1809.0,2108.0,1854.0,2192.0,1.0,,0.0
LocateAnything 3B,mtsd-p11,back of a traffic sign,grp11_bab711b8-IMG_20251125_192613.jpg,1869.0,580.0,1929.0,672.0,1.0,,0.0
LocateAnything 3B,mtsd-p11,back of a traffic sign,grp11_bab711b8-IMG_20251125_192613.jpg,1890.0,1060.0,1959.0,1176.0,1.0,,0.0
LocateAnything 3B,mtsd-p11,back of a traffic sign,grp11_bab711b8-IMG_20251125_192613.jpg,1902.0,2100.0,1956.0,2180.0,1.0,,0.0
LocateAnything 3B,mtsd-p11,back of a traffic sign,grp11_bab711b8-IMG_20251125_192613.jpg,2037.0,416.0,2100.0,524.0,1.0,,0.0
LocateAnything 3B,mtsd-p11,back of a traffic sign,grp11_bab711b8-IMG_20251125_192613.jpg,2058.0,936.0,2142.0,1076.0,1.0,,0.0
LocateAnything 3B,mtsd-p11,back of a traffic sign,grp11_bab711b8-IMG_20251125_192613.jpg,2124.0,1920.0,2223.0,2060.0,1.0,,0.0
LocateAnything 3B,mtsd-p11,back of a traffic sign,grp11_bab711b8-IMG_20251125_192613.jpg,2232.0,228.0,2307.0,348.0,1.0,,0.0
LocateAnything 3B,mtsd-p11,back of a traffic sign,grp11_bab711b8-IMG_20251125_192613.jpg,2256.0,788.0,2355.0,940.0,1.0,,0.0
LocateAnything 3B,mtsd-p11,back of a traffic sign,grp11_bab711b8-IMG_20251125_192613.jpg,2346.0,1876.0,2457.0,2020.0,1.0,,0.0
LocateAnything 3B,mtsd-p11,back of a traffic sign,grp11_bab711b8-IMG_20251125_192613.jpg,2457.0,28.0,2547.0,136.0,1.0,,0.0
LocateAnything 3B,mtsd-p11,back of a traffic sign,grp11_bab711b8-IMG_20251125_192613.jpg,2496.0,608.0,2619.0,788.0,1.0,,0.0
LocateAnything 3B,mtsd-p11,back of a traffic sign,grp11_bab711b8-IMG_20251125_192613.jpg,2604.0,1812.0,2742.0,1976.0,1.0,,0.0
LocateAnything 3B,mtsd-p11,back of a traffic sign,grp11_bab711b8-IMG_20251125_192613.jpg,2784.0,392.0,2934.0,592.0,1.0,,0.0
LocateAnything 3B,mtsd-p11,back of a traffic sign,grp11_bab711b8-IMG_20251125_192613.jpg,2922.0,1752.0,3000.0,1916.0,1.0,,0.0
LocateAnything 3B,mtsd-p11,back of a traffic sign,grp11_badbe466-IMG_20251125_194752.jpg,2796.0,2348.0,2829.0,2416.0,1.0,,0.0
LocateAnything 3B,mtsd-p11,back of a traffic sign,grp11_bdad925f-IMG_20251125_194953.jpg,1383.0,2312.0,1767.0,2620.0,1.0,,0.0
LocateAnything 3B,mtsd-p11,back of a traffic sign,grp11_bdad925f-IMG_20251125_194953.jpg,1584.0,2308.0,2022.0,2596.0,1.0,,0.0
LocateAnything 3B,mtsd-p11,back of a traffic sign,grp11_bdad925f-IMG_20251125_194953.jpg,1707.0,2380.0,2022.0,2564.0,1.0,,0.0
LocateAnything 3B,mtsd-p11,back of a traffic sign,grp11_bdad925f-IMG_20251125_194953.jpg,1890.0,2268.0,2364.0,2536.0,1.0,,0.0
LocateAnything 3B,mtsd-p11,back of a traffic sign,grp11_cf483702-IMG_20251125_195623.jpg,0.0,0.0,2997.0,2340.0,1.0,,0.0
LocateAnything 3B,mtsd-p11,back of a traffic sign,grp11_d9b50eb1-Pre_2026_6691.jpg,646.32,2192.0,1292.65,2416.0,1.0,Auxiliary Sign,0.9589
LocateAnything 3B,mtsd-p11,back of a traffic sign,grp11_d9b50eb1-Pre_2026_6691.jpg,655.33,1668.0,1294.9,2220.0,1.0,Other-Unknown,0.9651
LocateAnything 3B,mtsd-p11,back of a traffic sign,grp11_d9b50eb1-Pre_2026_6691.jpg,794.96,1240.0,1148.52,1684.0,1.0,Stop Sign,0.9832
LocateAnything 3B,mtsd-p11,back of a traffic sign,grp11_d9b50eb1-Pre_2026_6691.jpg,801.71,2228.0,1135.01,2368.0,1.0,,0.3203
LocateAnything 3B,mtsd-p11,back of a traffic sign,grp11_d9b50eb1-Pre_2026_6691.jpg,936.83,1844.0,1002.14,1908.0,1.0,,0.0118
LocateAnything 3B,mtsd-p11,back of a traffic sign,grp11_d9b50eb1-Pre_2026_6691.jpg,936.83,1932.0,1004.39,2004.0,1.0,,0.0137
LocateAnything 3B,mtsd-p11,back of a traffic sign,grp11_d9b50eb1-Pre_2026_6691.jpg,936.83,2028.0,1002.14,2100.0,1.0,,0.0132
LocateAnything 3B,mtsd-p11,back of a traffic sign,grp11_d9b50eb1-Pre_2026_6691.jpg,936.83,1340.0,1121.5,1568.0,1.0,,0.2659
LocateAnything 3B,mtsd-p11,back of a traffic sign,grp11_daaadabb-IMG_1451.jpg,0.0,0.0,250.99,205.63,1.0,,0.0
LocateAnything 3B,mtsd-p11,back of a traffic sign,grp11_daaadabb-IMG_1451.jpg,0.0,669.31,759.02,943.49,1.0,,0.0
LocateAnything 3B,mtsd-p11,back of a traffic sign,grp11_e27435a0-IMG_20251125_194217.jpg,1224.0,988.0,1389.0,3996.0,1.0,,0.0
LocateAnything 3B,mtsd-p11,back of a traffic sign,grp11_f09e9bf4-Pre_2026_6657.jpg,490.94,496.0,1657.47,1772.0,1.0,Pedestrian Crossing,0.9753
LocateAnything 3B,mtsd-p11,back of a traffic sign,grp11_f09e9bf4-Pre_2026_6657.jpg,490.94,1756.0,1650.72,4000.0,1.0,,0.0036
LocateAnything 3B,mtsd-p11,back of a traffic sign,grp11_f0c7f95a-IMG_6420.jpeg,702.09,1134.41,3439.76,2092.13,1.0,,0.3063
LocateAnything 3B,mtsd-p11,back of a traffic sign,grp11_f0c7f95a-IMG_6420.jpeg,1974.33,67.15,2671.7,678.53,1.0,,0.0323
LocateAnything 3B,mtsd-p11,back of a traffic sign,grp11_f0c7f95a-IMG_6420.jpeg,2615.16,1010.72,3147.62,1395.93,1.0,,0.0782
LocateAnything 3B,mtsd-p11,back of a traffic sign,grp11_f0c7f95a-IMG_6420.jpeg,2879.03,0.0,3571.7,505.36,1.0,,0.0
LocateAnything 3B,mtsd-p11,back of a traffic sign,grp11_f0c7f95a-IMG_6420.jpeg,3317.25,1950.77,3562.27,2166.34,1.0,,0.0
LocateAnything 3B,mtsd-p11,back of a traffic sign,grp11_f0c7f95a-IMG_6420.jpeg,3397.35,1127.35,3717.77,1314.65,1.0,,0.0
LocateAnything 3B,mtsd-p11,back of a traffic sign,grp11_f0c7f95a-IMG_6420.jpeg,3628.24,2081.53,3882.69,2300.63,1.0,,0.0
LocateAnything 3B,mtsd-p11,back of a traffic sign,grp11_f0c7f95a-IMG_6420.jpeg,3637.66,1120.28,3962.79,1420.67,1.0,,0.0
LocateAnything 3B,mtsd-p11,back of a traffic sign,grp11_f0c7f95a-IMG_6420.jpeg,3797.87,0.0,4707.29,424.08,1.0,,0.0
LocateAnything 3B,mtsd-p11,back of a traffic sign,grp11_f0c7f95a-IMG_6420.jpeg,3840.28,1607.97,4090.02,1933.1,1.0,,0.0
LocateAnything 3B,mtsd-p11,back of a traffic sign,grp11_f0c7f95a-IMG_6420.jpeg,3920.38,1968.44,4368.02,2424.32,1.0,,0.0
LocateAnything 3B,mtsd-p11,back of a traffic sign,grp11_f0c7f95a-IMG_6420.jpeg,4542.37,1106.14,4712.0,1335.85,1.0,,0.0
LocateAnything 3B,mtsd-p11,back of a traffic sign,grp11_f0c7f95a-IMG_6420.jpeg,4617.76,1607.97,4712.0,1706.92,1.0,,0.0
LocateAnything 3B,mtsd-p11,back of a traffic sign,grp11_f0c7f95a-IMG_6420.jpeg,4641.32,2042.65,4712.0,2194.61,1.0,,0.0
LocateAnything 3B,mtsd-p11,back of a traffic sign,grp11_f0c7f95a-IMG_6420.jpeg,4655.46,0.0,4712.0,222.64,1.0,,0.0
LocateAnything 3B,mtsd-p11,back of a traffic sign,grp11_f3e6cd7a-IMG_6398.jpeg,1442.2,953.46,2395.72,3098.74,1.0,Stop Sign,0.9818
LocateAnything 3B,mtsd-p11,back of a traffic sign,grp11_f3e6cd7a-IMG_6398.jpeg,2642.05,4709.03,2753.29,4862.65,1.0,Other-Unknown,0.9043
LocateAnything 3B,mtsd-p11,back of a traffic sign,grp11_f3e6cd7a-IMG_6398.jpeg,2892.34,3570.18,3059.21,3681.41,1.0,,0.0
LocateAnything 3B,mtsd-p11,back of a traffic sign,grp11_f3e6cd7a-IMG_6398.jpeg,3273.75,2770.33,3361.16,3215.28,1.0,,0.0
LocateAnything 3B,mtsd-p11,back of a traffic sign,grp11_f3e6cd7a-IMG_6398.jpeg,3663.11,3061.67,3969.03,3511.91,1.0,,0.0
LocateAnything 3B,mtsd-p11,back of a traffic sign,grp11_f3e6cd7a-IMG_6398.jpeg,3782.3,3151.71,3969.03,3257.65,1.0,,0.0
LocateAnything 3B,mtsd-p11,back of a traffic sign,grp11_f3e6cd7a-IMG_6398.jpeg,3829.97,3490.72,3969.03,3697.31,1.0,,0.0
LocateAnything 3B,mtsd-p11,back of a traffic sign,grp11_f3e6cd7a-IMG_6398.jpeg,3861.76,3215.28,3969.03,3300.03,1.0,,0.0
LocateAnything 3B,mtsd-p11,back of a traffic sign,grp11_f3e6cd7a-IMG_6398.jpeg,3877.65,3607.26,3969.03,4015.13,1.0,,0.0
LocateAnything 3B,mtsd-p11,back of a traffic sign,grp11_f3e6cd7a-IMG_6398.jpeg,3885.59,3596.66,3969.03,3681.41,1.0,,0.0
LocateAnything 3B,mtsd-p11,back of a traffic sign,grp11_f3e6cd7a-IMG_6398.jpeg,3917.38,3596.66,3969.03,3660.23,1.0,,0.0
LocateAnything 3B,mtsd-p11,back of a traffic sign,grp11_f3e6cd7a-IMG_6398.jpeg,3945.19,3596.66,3969.03,3660.23,1.0,,0.0
LocateAnything 3B,mtsd-p11,back of a traffic sign,grp11_f3e6cd7a-IMG_6398.jpeg,3957.11,3596.66,3969.03,3660.23,1.0,,0.0
LocateAnything 3B,mtsd-p11,back of a traffic sign,grp11_fbaad6ff-IMG_1423.jpg,0.0,0.0,3020.98,4027.97,1.0,,0.0773
LocateAnything 3B,mtsd-p11,back of a traffic sign,grp1_072bd818-IMG_4648.jpeg,2576.45,2955.46,3024.0,3580.42,1.0,,0.0
LocateAnything 3B,mtsd-p11,back of a traffic sign,grp1_091652b2-IMG20260105120954.jpg,488.45,1024.0,2786.3,3072.0,1.0,Auxiliary Sign,0.9926
LocateAnything 3B,mtsd-p11,back of a traffic sign,grp1_091652b2-IMG20260105120954.jpg,936.96,569.34,2411.52,1159.17,1.0,Directional Sign,0.9809
LocateAnything 3B,mtsd-p11,back of a traffic sign,grp1_091652b2-IMG20260105120954.jpg,1065.98,1204.22,2285.57,2330.62,1.0,,0.2898
LocateAnything 3B,mtsd-p11,back of a traffic sign,grp1_091652b2-IMG20260105120954.jpg,1179.65,1540.1,2193.41,1904.64,1.0,,0.078
LocateAnything 3B,mtsd-p11,back of a traffic sign,grp1_091652b2-IMG20260105120954.jpg,1950.72,708.61,2319.36,974.85,1.0,,0.1131
LocateAnything 3B,mtsd-p11,back of a traffic sign,grp1_091652b2-IMG20260105120954.jpg,1956.86,2367.49,2405.38,2580.48,1.0,,0.0202
LocateAnything 3B,mtsd-p11,back of a traffic sign,grp1_094f8a9f-RV__2.jpeg,90.72,2955.46,335.66,3181.25,1.0,Auxiliary Sign,0.8675
LocateAnything 3B,mtsd-p11,back of a traffic sign,grp1_094f8a9f-RV__2.jpeg,172.37,2794.18,329.62,2991.74,1.0,Auxiliary Sign,0.9043
LocateAnything 3B,mtsd-p11,back of a traffic sign,grp1_094f8a9f-RV__2.jpeg,1058.4,588.67,1820.45,1270.08,1.0,Stop Sign,0.9856
LocateAnything 3B,mtsd-p11,back of a traffic sign,grp1_094f8a9f-RV__2.jpeg,1070.5,1205.57,1823.47,2003.9,1.0,Other-Unknown,0.9882
LocateAnything 3B,mtsd-p11,back of a traffic sign,grp1_094f8a9f-RV__2.jpeg,1233.79,1858.75,1723.68,3092.54,1.0,Pedestrian Crossing,0.9658
LocateAnything 3B,mtsd-p11,back of a traffic sign,grp1_094f8a9f-RV__2.jpeg,1944.43,3294.14,2001.89,3354.62,1.0,,0.0
LocateAnything 3B,mtsd-p11,back of a traffic sign,grp1_094f8a9f-RV__2.jpeg,1956.53,3294.14,1998.86,3334.46,1.0,,0.0
LocateAnything 3B,mtsd-p11,back of a traffic sign,grp1_0dd8c85f-RV_001_114.jpeg,1905.12,3072.38,2038.18,3217.54,1.0,Stop Sign,0.8994
LocateAnything 3B,mtsd-p11,back of a traffic sign,grp1_0dd8c85f-RV_001_114.jpeg,1920.24,3201.41,2050.27,3374.78,1.0,Other-Unknown,0.8611
LocateAnything 3B,mtsd-p11,back of a traffic sign,grp1_0dd8c85f-RV_001_114.jpeg,1977.7,3201.41,2044.22,3366.72,1.0,,0.4703
LocateAnything 3B,mtsd-p11,back of a traffic sign,grp1_0dd8c85f-RV_001_114.jpeg,2013.98,3201.41,2044.22,3366.72,1.0,,0.2138
LocateAnything 3B,mtsd-p11,back of a traffic sign,grp1_0ea4c27e-RV_001_43.jpeg,916.27,1866.82,2147.04,2955.46,1.0,Stop Sign,0.9895
LocateAnything 3B,mtsd-p11,back of a traffic sign,grp1_0ea4c27e-RV_001_43.jpeg,922.32,0.0,3020.98,4027.97,1.0,,0.1572
LocateAnything 3B,mtsd-p11,back of a traffic sign,grp1_0ea4c27e-RV_001_43.jpeg,2685.31,3487.68,3020.98,4032.0,1.0,,0.0
LocateAnything 3B,mtsd-p11,back of a traffic sign,grp1_0ea4c27e-RV_001_43.jpeg,2945.38,3838.46,3020.98,4032.0,1.0,,0.0
LocateAnything 3B,mtsd-p11,back of a traffic sign,grp1_1bc3cf13-IMG_5516.jpeg,851.04,1533.0,893.59,1604.4,1.0,No Through Road (T-Junction),0.848
LocateAnything 3B,mtsd-p11,back of a traffic sign,grp1_1bc3cf13-IMG_5516.jpeg,852.62,1675.8,910.93,1711.5,1.0,Street Sign,0.778
LocateAnything 3B,mtsd-p11,back of a traffic sign,grp1_1bc3cf13-IMG_5516.jpeg,879.41,1675.8,910.93,1707.3,1.0,,0.37
LocateAnything 3B,mtsd-p11,back of a traffic sign,grp1_1bc3cf13-IMG_5516.jpeg,896.74,1675.8,910.93,1707.3,1.0,,0.1651
LocateAnything 3B,mtsd-p11,back of a traffic sign,grp1_1ea7fc82-IMG_4719.jpeg,1006.99,1342.66,1466.64,4032.0,1.0,,0.0
LocateAnything 3B,mtsd-p11,back of a traffic sign,grp1_1ea7fc82-IMG_4719.jpeg,1369.87,1378.94,2385.94,3024.0,1.0,,0.0
LocateAnything 3B,mtsd-p11,back of a traffic sign,grp1_213f8e9b-IMG20260105131202.jpg,0.0,0.0,3068.93,4091.9,1.0,,0.3946
LocateAnything 3B,mtsd-p11,back of a traffic sign,grp1_22a1d833-RV_001_174.jpeg,2237.76,2229.7,2715.55,2415.17,1.0,,0.0
LocateAnything 3B,mtsd-p11,back of a traffic sign,grp1_22c68da3-IMG_4717.jpeg,734.83,1145.09,2385.94,2479.68,1.0,Stop Sign,0.9888
LocateAnything 3B,mtsd-p11,back of a traffic sign,grp1_2493a507-RV_001_172.jpeg,958.61,1427.33,1995.84,2278.08,1.0,Other-Unknown,0.9874
LocateAnything 3B,mtsd-p11,back of a traffic sign,grp1_2493a507-RV_001_172.jpeg,1013.04,2270.02,1980.72,3217.54,1.0,Roundabout Ahead,0.9822
LocateAnything 3B,mtsd-p11,back of a traffic sign,grp1_2493a507-RV_001_172.jpeg,1100.74,1487.81,1300.32,1616.83,1.0,,0.0296
LocateAnything 3B,mtsd-p11,back of a traffic sign,grp1_2493a507-RV_001_172.jpeg,1330.56,2386.94,1515.02,2616.77,1.0,,0.0471
LocateAnything 3B,mtsd-p11,back of a traffic sign,grp1_2493a507-RV_001_172.jpeg,1345.68,1540.22,1524.1,1632.96,1.0,,0.019
LocateAnything 3B,mtsd-p11,back of a traffic sign,grp1_2493a507-RV_001_172.jpeg,1596.67,1467.65,1747.87,1588.61,1.0,,0.021
LocateAnything 3B,mtsd-p11,back of a traffic sign,grp1_2493a507-RV_001_172.jpeg,1617.84,2584.51,1905.12,2899.01,1.0,,0.1003
LocateAnything 3B,mtsd-p11,back of a traffic sign,grp1_2493a507-RV_001_172.jpeg,1747.87,1451.52,1859.76,1548.29,1.0,,0.0124
LocateAnything 3B,mtsd-p11,back of a traffic sign,grp1_2493a507-RV_001_172.jpeg,1847.66,1443.46,1968.62,1532.16,1.0,,0.0123
LocateAnything 3B,mtsd-p11,back of a traffic sign,grp1_2493a507-RV_001_172.jpeg,1908.14,1443.46,1968.62,1528.13,1.0,,0.0059
LocateAnything 3B,mtsd-p11,back of a traffic sign,grp1_25ff97a8-IMG20260105132835.jpg,0.0,0.0,3068.93,4091.9,1.0,,0.3526
LocateAnything 3B,mtsd-p11,back of a traffic sign,grp1_265aa6a6-IMG_5573.jpeg,0.0,3657.02,102.82,3838.46,1.0,,0.0
LocateAnything 3B,mtsd-p11,back of a traffic sign,grp1_265aa6a6-IMG_5573.jpeg,0.0,3499.78,226.8,3685.25,1.0,,0.0
LocateAnything 3B,mtsd-p11,back of a traffic sign,grp1_265aa6a6-IMG_5573.jpeg,0.0,3830.4,69.55,3999.74,1.0,,0.0
LocateAnything 3B,mtsd-p11,back of a traffic sign,grp1_265aa6a6-IMG_5573.jpeg,0.0,2862.72,190.51,3024.0,1.0,,0.0
LocateAnything 3B,mtsd-p11,back of a traffic sign,grp1_265aa6a6-IMG_5573.jpeg,0.0,2717.57,154.22,2878.85,1.0,,0.0
LocateAnything 3B,mtsd-p11,back of a traffic sign,grp1_265aa6a6-IMG_5573.jpeg,0.0,2673.22,154.22,2782.08,1.0,,0.0
LocateAnything 3B,mtsd-p11,back of a traffic sign,grp1_265aa6a6-IMG_5573.jpeg,0.0,2584.51,154.22,2717.57,1.0,,0.0
LocateAnything 3B,mtsd-p11,back of a traffic sign,grp1_265aa6a6-IMG_5573.jpeg,0.0,2584.51,154.22,3374.78,1.0,,0.0
LocateAnything 3B,mtsd-p11,back of a traffic sign,grp1_2a767150-RV_001_64.jpeg,910.22,2584.51,1938.38,3657.02,1.0,Directional Sign,0.9815
LocateAnything 3B,mtsd-p11,back of a traffic sign,grp1_2a767150-RV_001_64.jpeg,1000.94,1548.29,2050.27,2717.57,1.0,Blind-Spot Mirror (Convex Mirror),0.9653
LocateAnything 3B,mtsd-p11,back of a traffic sign,grp1_2a767150-RV_001_64.jpeg,1006.99,2822.4,1859.76,3322.37,1.0,,0.3874
LocateAnything 3B,mtsd-p11,back of a traffic sign,grp1_2a767150-RV_001_64.jpeg,1070.5,3217.54,1224.72,3390.91,1.0,,0.0243
LocateAnything 3B,mtsd-p11,back of a traffic sign,grp1_2a767150-RV_001_64.jpeg,1082.59,1858.75,1330.56,2116.8,1.0,,0.0509
LocateAnything 3B,mtsd-p11,back of a traffic sign,grp1_2a767150-RV_001_64.jpeg,1587.6,1939.39,1708.56,2149.06,1.0,,0.0202
LocateAnything 3B,mtsd-p11,back of a traffic sign,grp1_2a767150-RV_001_64.jpeg,1617.84,608.83,1781.14,810.43,1.0,,0.0
LocateAnything 3B,mtsd-p11,back of a traffic sign,grp1_2a767150-RV_001_64.jpeg,1747.87,2104.7,1835.57,2294.21,1.0,,0.0132
LocateAnything 3B,mtsd-p11,back of a traffic sign,grp1_2a767150-RV_001_64.jpeg,1811.38,2003.9,1847.66,2270.02,1.0,,0.0077
LocateAnything 3B,mtsd-p11,back of a traffic sign,grp1_2a767150-RV_001_64.jpeg,1835.57,1995.84,1859.76,2261.95,1.0,,0.0051
LocateAnything 3B,mtsd-p11,back of a traffic sign,grp1_2a767150-RV_001_64.jpeg,1844.64,1995.84,1877.9,2257.92,1.0,,0.0069
LocateAnything 3B,mtsd-p11,back of a traffic sign,grp1_2a767150-RV_001_64.jpeg,1856.74,1995.84,1896.05,2257.92,1.0,,0.0082
LocateAnything 3B,mtsd-p11,back of a traffic sign,grp1_2a767150-RV_001_64.jpeg,1871.86,1995.84,1911.17,2257.92,1.0,,0.0082
LocateAnything 3B,mtsd-p11,back of a traffic sign,grp1_2a767150-RV_001_64.jpeg,1886.98,1995.84,1926.29,2257.92,1.0,,0.0082
LocateAnything 3B,mtsd-p11,back of a traffic sign,grp1_2a767150-RV_001_64.jpeg,1902.1,1995.84,1941.41,2257.92,1.0,,0.0082
LocateAnything 3B,mtsd-p11,back of a traffic sign,grp1_335c2601-IMG_4793.jpeg,568.51,3757.82,1282.18,4032.0,1.0,Other-Unknown,0.9721
LocateAnything 3B,mtsd-p11,back of a traffic sign,grp1_335c2601-IMG_4793.jpeg,740.88,782.21,2243.81,2265.98,1.0,Stop Sign,0.9836
LocateAnything 3B,mtsd-p11,back of a traffic sign,grp1_335c2601-IMG_4793.jpeg,1515.02,3644.93,1759.97,3806.21,1.0,,0.0
LocateAnything 3B,mtsd-p11,back of a traffic sign,grp1_335c2601-IMG_4793.jpeg,2180.3,3640.9,2751.84,4032.0,1.0,,0.0
LocateAnything 3B,mtsd-p11,back of a traffic sign,grp1_335c2601-IMG_4793.jpeg,2183.33,1516.03,2225.66,1604.74,1.0,,0.0017
LocateAnything 3B,mtsd-p11,back of a traffic sign,grp1_335c2601-IMG_4793.jpeg,2186.35,1689.41,2228.69,1774.08,1.0,,0.0016
LocateAnything 3B,mtsd-p11,back of a traffic sign,grp1_335c2601-IMG_4793.jpeg,2204.5,1693.44,2225.66,1774.08,1.0,,0.0008
LocateAnything 3B,mtsd-p11,back of a traffic sign,grp1_335c2601-IMG_4793.jpeg,2216.59,1693.44,2225.66,1774.08,1.0,,0.0003
LocateAnything 3B,mtsd-p11,back of a traffic sign,grp1_335c2601-IMG_4793.jpeg,2222.64,1693.44,2225.66,1774.08,1.0,,0.0001
LocateAnything 3B,mtsd-p11,back of a traffic sign,grp1_335c2601-IMG_4793.jpeg,1115.86,806.4,3024.0,2580.48,1.0,,0.4097
LocateAnything 3B,mtsd-p11,back of a traffic sign,grp1_37e4fc9d-RV_001_33.jpeg,1006.99,3584.45,1124.93,3729.6,1.0,,0.0
LocateAnything 3B,mtsd-p11,back of a traffic sign,grp1_37e4fc9d-RV_001_33.jpeg,2791.15,2564.35,2896.99,2717.57,1.0,,0.0
LocateAnything 3B,mtsd-p11,back of a traffic sign,grp1_37e4fc9d-RV_001_33.jpeg,2806.27,3286.08,2915.14,3499.78,1.0,,0.0
LocateAnything 3B,mtsd-p11,back of a traffic sign,grp1_37e4fc9d-RV_001_33.jpeg,2872.8,2854.66,3005.86,3056.26,1.0,,0.0
LocateAnything 3B,mtsd-p11,back of a traffic sign,grp1_37e4fc9d-RV_001_33.jpeg,2909.09,3612.67,2981.66,3741.7,1.0,,0.0
LocateAnything 3B,mtsd-p11,back of a traffic sign,grp1_37e4fc9d-RV_001_33.jpeg,2927.23,3314.3,3020.98,3435.26,1.0,,0.0
LocateAnything 3B,mtsd-p11,back of a traffic sign,grp1_37e4fc9d-RV_001_33.jpeg,2963.52,3201.41,3024.0,3411.07,1.0,,0.0
LocateAnything 3B,mtsd-p11,back of a traffic sign,grp1_37e4fc9d-RV_001_33.jpeg,2969.57,3201.41,3024.0,3943.3,1.0,,0.0
LocateAnything 3B,mtsd-p11,back of a traffic sign,grp1_39fe0c0b-IMG_4673.jpeg,2116.8,1334.59,2274.05,2358.72,1.0,,0.0
LocateAnything 3B,mtsd-p11,back of a traffic sign,grp1_39fe0c0b-IMG_4673.jpeg,2225.66,959.62,2742.77,1653.12,1.0,,0.0
LocateAnything 3B,mtsd-p11,back of a traffic sign,grp1_39fe0c0b-IMG_4673.jpeg,2304.29,1443.46,3017.95,2270.02,1.0,,0.0
LocateAnything 3B,mtsd-p11,back of a traffic sign,grp1_39fe0c0b-IMG_4673.jpeg,2491.78,3100.61,3020.98,4027.97,1.0,,0.0
LocateAnything 3B,mtsd-p11,back of a traffic sign,grp1_39fe0c0b-IMG_4673.jpeg,2603.66,633.02,3020.98,1249.92,1.0,,0.0
LocateAnything 3B,mtsd-p11,back of a traffic sign,grp1_39fe0c0b-IMG_4673.jpeg,2854.66,2157.12,3020.98,3112.7,1.0,,0.0
LocateAnything 3B,mtsd-p11,back of a traffic sign,grp1_39fe0c0b-IMG_4673.jpeg,2878.85,1741.82,3020.98,2108.74,1.0,,0.0
LocateAnything 3B,mtsd-p11,back of a traffic sign,grp1_39fe0c0b-IMG_4673.jpeg,2890.94,0.0,3020.98,254.02,1.0,,0.0
LocateAnything 3B,mtsd-p11,back of a traffic sign,grp1_39fe0c0b-IMG_4673.jpeg,2957.47,0.0,3020.98,254.02,1.0,,0.0
LocateAnything 3B,mtsd-p11,back of a traffic sign,grp1_46552970-IMG_5766.jpeg,1040.26,1624.9,1953.5,2636.93,1.0,No Through Road (T-Junction),0.9873
LocateAnything 3B,mtsd-p11,back of a traffic sign,grp1_46552970-IMG_5766.jpeg,1046.3,2616.77,2004.91,3366.72,1.0,Auxiliary Sign,0.9018
LocateAnything 3B,mtsd-p11,back of a traffic sign,grp1_4b0be6d1-IMG20260105131256.jpg,946.18,2846.72,992.26,2899.97,1.0,,0.0005
LocateAnything 3B,mtsd-p11,back of a traffic sign,grp1_4b0be6d1-IMG20260105131256.jpg,998.4,2809.86,1044.48,2871.3,1.0,,0.0006
LocateAnything 3B,mtsd-p11,back of a traffic sign,grp1_4b0be6d1-IMG20260105131256.jpg,1056.77,2543.62,1105.92,2596.86,1.0,,0.0005
LocateAnything 3B,mtsd-p11,back of a traffic sign,grp1_4b0be6d1-IMG20260105131256.jpg,1059.84,2760.7,1118.21,2826.24,1.0,,0.0008
LocateAnything 3B,mtsd-p11,back of a traffic sign,grp1_4b0be6d1-IMG20260105131256.jpg,1121.28,2723.84,1179.65,2801.66,1.0,,0.0009
LocateAnything 3B,mtsd-p11,back of a traffic sign,grp1_4b0be6d1-IMG20260105131256.jpg,1191.94,2678.78,1250.3,2760.7,1.0,,0.001
LocateAnything 3B,mtsd-p11,back of a traffic sign,grp1_4b0be6d1-IMG20260105131256.jpg,1234.94,2396.16,1293.31,2469.89,1.0,,0.0009
LocateAnything 3B,mtsd-p11,back of a traffic sign,grp1_4b0be6d1-IMG20260105131256.jpg,1265.66,2625.54,1320.96,2715.65,1.0,,0.001
LocateAnything 3B,mtsd-p11,back of a traffic sign,grp1_4b0be6d1-IMG20260105131256.jpg,1302.53,2342.91,1367.04,2412.54,1.0,,0.0009
LocateAnything 3B,mtsd-p11,back of a traffic sign,grp1_4b0be6d1-IMG20260105131256.jpg,1333.25,2576.38,1403.9,2658.3,1.0,,0.0012
LocateAnything 3B,mtsd-p11,back of a traffic sign,grp1_4b0be6d1-IMG20260105131256.jpg,1376.26,2281.47,1446.91,2351.1,1.0,,0.001
LocateAnything 3B,mtsd-p11,back of a traffic sign,grp1_4b0be6d1-IMG20260105131256.jpg,1422.34,2519.04,1496.06,2613.25,1.0,,0.0014
LocateAnything 3B,mtsd-p11,back of a traffic sign,grp1_4b0be6d1-IMG20260105131256.jpg,1517.57,2465.79,1594.37,2551.81,1.0,,0.0013
LocateAnything 3B,mtsd-p11,back of a traffic sign,grp1_4b0be6d1-IMG20260105131256.jpg,1551.36,2142.21,1631.23,2232.32,1.0,,0.0014
LocateAnything 3B,mtsd-p11,back of a traffic sign,grp1_4b0be6d1-IMG20260105131256.jpg,1615.87,2396.16,1704.96,2494.46,1.0,,0.0018
LocateAnything 3B,mtsd-p11,back of a traffic sign,grp1_4b0be6d1-IMG20260105131256.jpg,1643.52,2068.48,1729.54,2162.69,1.0,,0.0016
LocateAnything 3B,mtsd-p11,back of a traffic sign,grp1_4b0be6d1-IMG20260105131256.jpg,1729.54,2322.43,1818.62,2424.83,1.0,,0.0018
LocateAnything 3B,mtsd-p11,back of a traffic sign,grp1_4b0be6d1-IMG20260105131256.jpg,1747.97,1986.56,1833.98,2084.86,1.0,,0.0017
LocateAnything 3B,mtsd-p11,back of a traffic sign,grp1_52634fe4-IMG_20260108_180144.jpg,1320.96,860.16,1775.62,3235.84,1.0,Roundabout Ahead,0.8956
LocateAnything 3B,mtsd-p11,back of a traffic sign,grp1_52634fe4-IMG_20260108_180144.jpg,2073.6,2211.84,2131.97,2269.18,1.0,Directional Sign,0.9402
LocateAnything 3B,mtsd-p11,back of a traffic sign,grp1_52634fe4-IMG_20260108_180144.jpg,2076.67,2146.3,2135.04,2203.65,1.0,Stop Sign,0.8384
LocateAnything 3B,mtsd-p11,back of a traffic sign,grp1_531e767b-IMG_4685.jpeg,1239.84,1749.89,1493.86,4027.97,1.0,,0.0
LocateAnything 3B,mtsd-p11,back of a traffic sign,grp1_531e767b-IMG_4685.jpeg,1454.54,1858.75,1968.62,3471.55,1.0,,0.0
LocateAnything 3B,mtsd-p11,back of a traffic sign,grp1_531e767b-IMG_4685.jpeg,1883.95,2540.16,3020.98,4027.97,1.0,,0.0
LocateAnything 3B,mtsd-p11,back of a traffic sign,grp1_53e7c3c2-IMG_5568.jpeg,1070.5,1705.54,1684.37,2794.18,1.0,No Entry (One Way),0.9732
LocateAnything 3B,mtsd-p11,back of a traffic sign,grp1_53e7c3c2-IMG_5568.jpeg,1082.59,1899.07,1626.91,2503.87,1.0,,0.4794
LocateAnything 3B,mtsd-p11,back of a traffic sign,grp1_578dabe6-IMG_4802.jpeg,0.0,0.0,3020.98,3657.02,1.0,,0.1698
LocateAnything 3B,mtsd-p11,back of a traffic sign,grp1_5eb024cb-IMG_20260108_180228.jpg,1489.92,0.0,2184.19,950.27,1.0,,0.0
LocateAnything 3B,mtsd-p11,back of a traffic sign,grp1_69e094db-IMG20260103164903.jpg,408.58,643.07,2390.02,2736.13,1.0,No Through Road (T-Junction),0.9951
LocateAnything 3B,mtsd-p11,back of a traffic sign,grp1_69e094db-IMG20260103164903.jpg,1428.48,2580.48,1711.1,4091.9,1.0,,0.0095
LocateAnything 3B,mtsd-p11,back of a traffic sign,grp1_6ad1ae03-IMG_4778.jpeg,0.0,0.0,3020.98,4027.97,1.0,,0.2988
LocateAnything 3B,mtsd-p11,back of a traffic sign,grp1_71268279-IMG_4702.jpeg,1034.21,1604.74,2026.08,2737.73,1.0,Blind-Spot Mirror (Convex Mirror),0.9847
LocateAnything 3B,mtsd-p11,back of a traffic sign,grp1_71268279-IMG_4702.jpeg,1729.73,1451.52,1968.62,2374.85,1.0,,0.1599
LocateAnything 3B,mtsd-p11,back of a traffic sign,grp1_71268279-IMG_4702.jpeg,1905.12,1503.94,2485.73,1975.68,1.0,,0.0326
LocateAnything 3B,mtsd-p11,back of a traffic sign,grp1_71268279-IMG_4702.jpeg,2038.18,0.0,3020.98,2358.72,1.0,,0.0
LocateAnything 3B,mtsd-p11,back of a traffic sign,grp1_7fcdb608-IMG_5767.jpeg,1282.18,1342.66,1708.56,2681.28,1.0,No Through Road (T-Junction),0.9753
LocateAnything 3B,mtsd-p11,back of a traffic sign,grp1_8135c353-IMG_4634.jpeg,0.0,0.0,3020.98,4027.97,1.0,,0.1573
LocateAnything 3B,mtsd-p11,back of a traffic sign,grp1_831c366a-IMG_5656.jpeg,505.9,718.2,1248.19,1503.6,1.0,Blind-Spot Mirror (Convex Mirror),0.8628
LocateAnything 3B,mtsd-p11,back of a traffic sign,grp1_831c366a-IMG_5656.jpeg,685.56,861.0,832.13,2097.9,1.0,,0.1236
LocateAnything 3B,mtsd-p11,back of a traffic sign,grp1_87d2eeb0-IMG20251124134318.jpg,893.95,1667.07,2245.63,2953.22,1.0,Blind-Spot Mirror (Convex Mirror),0.9759
LocateAnything 3B,mtsd-p11,back of a traffic sign,grp1_87d2eeb0-IMG20251124134318.jpg,1397.76,2924.54,1643.52,4091.9,1.0,,0.0003
LocateAnything 3B,mtsd-p11,back of a traffic sign,grp1_8b994555-IMG_5798.jpeg,1297.3,1320.48,3024.0,3945.31,1.0,,0.0
LocateAnything 3B,mtsd-p11,back of a traffic sign,grp1_8b994555-IMG_5798.jpeg,2379.89,2632.9,2449.44,2786.11,1.0,,0.0
LocateAnything 3B,mtsd-p11,back of a traffic sign,grp1_8d820602-IMG_4687.jpeg,0.0,0.0,3020.98,2693.38,1.0,,0.111
LocateAnything 3B,mtsd-p11,back of a traffic sign,grp1_8fe876b9-IMG_4754.jpeg,0.0,0.0,3020.98,4027.97,1.0,,0.121
LocateAnything 3B,mtsd-p11,back of a traffic sign,grp1_9082eb51-IMG20251230170110.jpg,1548.29,0.0,1818.62,1126.4,1.0,Other-Unknown,0.9706
LocateAnything 3B,mtsd-p11,back of a traffic sign,grp1_9dfbd54a-IMG_5537.jpeg,524.81,802.2,1062.22,1350.3,1.0,Blind-Spot Mirror (Convex Mirror),0.9823
LocateAnything 3B,mtsd-p11,back of a traffic sign,grp1_9f52d58a-IMG_5554.jpeg,1902.1,2358.72,2413.15,4032.0,1.0,,0.0
LocateAnything 3B,mtsd-p11,back of a traffic sign,grp1_a9638634-IMG20260105131308.jpg,1142.78,0.0,1855.49,1171.46,1.0,Other-Unknown,0.9872
LocateAnything 3B,mtsd-p11,back of a traffic sign,grp1_a9638634-IMG20260105131308.jpg,1391.62,720.9,2092.03,3252.22,1.0,Roundabout Ahead,0.6262
LocateAnything 3B,mtsd-p11,back of a traffic sign,grp1_a9638634-IMG20260105131308.jpg,2970.62,3268.61,3068.93,3776.51,1.0,,0.0
LocateAnything 3B,mtsd-p11,back of a traffic sign,grp1_aa406f9d-IMG_4615.jpeg,0.0,608.83,683.42,2229.7,1.0,,0.0
LocateAnything 3B,mtsd-p11,back of a traffic sign,grp1_aa406f9d-IMG_4615.jpeg,0.0,2003.9,1224.72,4027.97,1.0,,0.1038
LocateAnything 3B,mtsd-p11,back of a traffic sign,grp1_aa406f9d-IMG_4615.jpeg,1678.32,1294.27,3017.95,4027.97,1.0,,0.1048
LocateAnything 3B,mtsd-p11,back of a traffic sign,grp1_aa406f9d-IMG_4615.jpeg,2216.59,1286.21,2957.47,1689.41,1.0,,0.0
LocateAnything 3B,mtsd-p11,back of a traffic sign,grp1_aa406f9d-IMG_4615.jpeg,2661.12,1467.65,3024.0,3471.55,1.0,,0.0
LocateAnything 3B,mtsd-p11,back of a traffic sign,grp1_c74547eb-RV_001_38.jpeg,1239.84,1632.96,1823.47,2640.96,1.0,No Entry (One Way),0.9695
LocateAnything 3B,mtsd-p11,back of a traffic sign,grp1_c74547eb-RV_001_38.jpeg,2352.67,3229.63,2413.15,3423.17,1.0,No Entry (One Way),0.6706
LocateAnything 3B,mtsd-p11,back of a traffic sign,grp1_c74547eb-RV_001_38.jpeg,2376.86,3229.63,2407.1,3411.07,1.0,No Entry (One Way),0.5767
LocateAnything 3B,mtsd-p11,back of a traffic sign,grp1_c74547eb-RV_001_38.jpeg,2395.01,3229.63,2407.1,3411.07,1.0,,0.2075
LocateAnything 3B,mtsd-p11,back of a traffic sign,grp1_c74547eb-RV_001_38.jpeg,2404.08,3229.63,2407.1,3411.07,1.0,,0.0183
LocateAnything 3B,mtsd-p11,back of a traffic sign,grp1_c74547eb-RV_001_38.jpeg,1206.58,1524.1,3024.0,4032.0,1.0,,0.1263
LocateAnything 3B,mtsd-p11,back of a traffic sign,grp1_cb282f25-RV_001_112.jpeg,1034.21,2028.1,2068.42,2967.55,1.0,No Through Road (T-Junction),0.9839
LocateAnything 3B,mtsd-p11,back of a traffic sign,grp1_ce09cd20-IMG_4692.jpeg,740.63,2219.45,2164.47,3648.66,1.0,Stop Sign,0.9851
LocateAnything 3B,mtsd-p11,back of a traffic sign,grp1_d341fc22-IMG20260105131647.jpg,0.0,0.0,3068.93,4091.9,1.0,,0.0
LocateAnything 3B,mtsd-p11,back of a traffic sign,grp1_d64c06cd-IMG20260103165218.jpg,0.0,0.0,3068.93,3108.86,1.0,,0.3944
LocateAnything 3B,mtsd-p11,back of a traffic sign,grp1_d681b797-IMG20260105132903.jpg,2371.58,1241.09,3068.93,3465.22,1.0,Other-Unknown,0.9699
LocateAnything 3B,mtsd-p11,back of a traffic sign,grp1_db486299-IMG_5815.jpeg,982.8,1455.55,2180.3,2524.03,1.0,No Through Road (T-Junction),0.9932
LocateAnything 3B,mtsd-p11,back of a traffic sign,grp1_dbac3098-IMG_4803.jpeg,0.0,0.0,3020.98,4027.97,1.0,,0.135
LocateAnything 3B,mtsd-p11,back of a traffic sign,grp1_e1306f94-IMG20251230164545.jpg,1594.37,3002.37,2694.14,4096.0,1.0,,0.0037
LocateAnything 3B,mtsd-p11,back of a traffic sign,grp1_e1306f94-IMG20251230164545.jpg,1597.44,3002.37,1895.42,4096.0,1.0,,0.0012
LocateAnything 3B,mtsd-p11,back of a traffic sign,grp1_e3c71733-IMG_5538.jpeg,1300.32,1443.46,1868.83,2560.32,1.0,Blind-Spot Mirror (Convex Mirror),0.9717
LocateAnything 3B,mtsd-p11,back of a traffic sign,grp1_e3c71733-IMG_5538.jpeg,1318.46,1270.08,1442.45,4027.97,1.0,,0.1658
LocateAnything 3B,mtsd-p11,back of a traffic sign,grp1_e3c71733-IMG_5538.jpeg,1811.38,2157.12,1905.12,3112.7,1.0,,0.036
LocateAnything 3B,mtsd-p11,back of a traffic sign,grp1_e3c71733-IMG_5538.jpeg,1962.58,2862.72,2086.56,3286.08,1.0,,0.0
LocateAnything 3B,mtsd-p11,back of a traffic sign,grp1_e3c71733-IMG_5538.jpeg,2449.44,2886.91,2624.83,3241.73,1.0,,0.0
LocateAnything 3B,mtsd-p11,back of a traffic sign,grp1_e3c71733-IMG_5538.jpeg,2854.66,2878.85,2957.47,3201.41,1.0,,0.0
LocateAnything 3B,mtsd-p11,back of a traffic sign,grp1_e3c71733-IMG_5538.jpeg,2957.47,2886.91,3020.98,3205.44,1.0,,0.0
LocateAnything 3B,mtsd-p11,back of a traffic sign,grp1_e7b1a54d-IMG_5669.jpeg,2588.54,2532.1,3020.98,3056.26,1.0,Street Sign,0.9337
LocateAnything 3B,mtsd-p11,back of a traffic sign,grp1_e7b1a54d-IMG_5669.jpeg,2788.13,2540.16,3020.98,2673.22,1.0,,0.1413
LocateAnything 3B,mtsd-p11,back of a traffic sign,grp1_e7b1a54d-IMG_5669.jpeg,2854.66,2765.95,3020.98,2886.91,1.0,,0.0917
LocateAnything 3B,mtsd-p11,back of a traffic sign,grp1_e7b1a54d-IMG_5669.jpeg,2939.33,2665.15,3020.98,2765.95,1.0,,0.0375
LocateAnything 3B,mtsd-p11,back of a traffic sign,grp1_e9043741-IMG_4709.jpeg,541.3,1088.64,2165.18,2604.67,1.0,Blind-Spot Mirror (Convex Mirror),0.9804
LocateAnything 3B,mtsd-p11,back of a traffic sign,grp1_e9043741-IMG_4709.jpeg,1799.28,92.74,2004.91,455.62,1.0,,0.0
LocateAnything 3B,mtsd-p11,back of a traffic sign,grp1_e9043741-IMG_4709.jpeg,2304.29,1455.55,2431.3,2003.9,1.0,,0.0
LocateAnything 3B,mtsd-p11,back of a traffic sign,grp1_e9043741-IMG_4709.jpeg,2515.97,0.0,3020.98,173.38,1.0,,0.0
LocateAnything 3B,mtsd-p11,back of a traffic sign,grp1_e9043741-IMG_4709.jpeg,2685.31,959.62,2742.77,1024.13,1.0,,0.0
LocateAnything 3B,mtsd-p11,back of a traffic sign,grp1_e9043741-IMG_4709.jpeg,2697.41,774.14,2763.94,838.66,1.0,,0.0
LocateAnything 3B,mtsd-p11,back of a traffic sign,grp1_ec712362-IMG_5803.jpeg,496.44,252.0,1118.96,869.4,1.0,Other-Unknown,0.9772
LocateAnything 3B,mtsd-p11,back of a traffic sign,grp1_ec712362-IMG_5803.jpeg,513.78,861.0,1068.53,1421.7,1.0,Roundabout Ahead,0.9873
LocateAnything 3B,mtsd-p11,back of a traffic sign,grp1_ec712362-IMG_5803.jpeg,840.01,1635.9,907.78,1709.4,1.0,Directional Sign,0.9434
LocateAnything 3B,mtsd-p11,back of a traffic sign,grp1_ec712362-IMG_5803.jpeg,862.07,1726.2,895.17,1793.4,1.0,,0.0
LocateAnything 3B,mtsd-p11,back of a traffic sign,grp1_ec712362-IMG_5803.jpeg,953.48,1705.2,978.7,1772.4,1.0,,0.0
LocateAnything 3B,mtsd-p11,back of a traffic sign,grp1_ec712362-IMG_5803.jpeg,961.36,1648.5,981.85,1703.1,1.0,,0.0
LocateAnything 3B,mtsd-p11,back of a traffic sign,grp1_ec712362-IMG_5803.jpeg,1153.63,1810.2,1185.15,1841.7,1.0,,0.0
LocateAnything 3B,mtsd-p11,back of a traffic sign,grp1_ec712362-IMG_5803.jpeg,1287.59,1827.0,1353.78,1864.8,1.0,,0.0
LocateAnything 3B,mtsd-p11,back of a traffic sign,grp1_ec712362-IMG_5803.jpeg,1361.66,1932.0,1574.42,2100.0,1.0,,0.0
LocateAnything 3B,mtsd-p11,back of a traffic sign,grp1_ec712362-IMG_5803.jpeg,1407.37,1493.1,1489.32,1554.0,1.0,,0.0
LocateAnything 3B,mtsd-p11,back of a traffic sign,grp1_ec712362-IMG_5803.jpeg,1429.43,1650.6,1512.96,1711.5,1.0,,0.0
LocateAnything 3B,mtsd-p11,back of a traffic sign,grp1_ec712362-IMG_5803.jpeg,1557.09,1346.1,1574.42,1419.6,1.0,,0.0
LocateAnything 3B,mtsd-p11,back of a traffic sign,grp1_ec712362-IMG_5803.jpeg,1561.82,1249.5,1574.42,1285.2,1.0,,0.0
LocateAnything 3B,mtsd-p11,back of a traffic sign,grp1_ec712362-IMG_5803.jpeg,1561.82,1194.9,1574.42,1247.4,1.0,,0.0
LocateAnything 3B,mtsd-p11,back of a traffic sign,grp1_ec712362-IMG_5803.jpeg,1561.82,1127.7,1574.42,1186.5,1.0,,0.0
LocateAnything 3B,mtsd-p11,back of a traffic sign,grp1_ec712362-IMG_5803.jpeg,1561.82,1081.5,1574.42,1123.5,1.0,,0.0
LocateAnything 3B,mtsd-p11,back of a traffic sign,grp1_ec712362-IMG_5803.jpeg,1561.82,1029.0,1574.42,1077.3,1.0,,0.0
LocateAnything 3B,mtsd-p11,back of a traffic sign,grp1_f28bdb6c-RV_001_29.jpeg,1442.45,1262.02,2110.75,2447.42,1.0,No Entry (One Way),0.9822
LocateAnything 3B,mtsd-p11,back of a traffic sign,grp1_f28bdb6c-RV_001_29.jpeg,2827.44,2717.57,2878.85,2774.02,1.0,,0.0
LocateAnything 3B,mtsd-p11,back of a traffic sign,grp1_f4371c23-IMG_5562.jpeg,1040.26,1475.71,1605.74,2717.57,1.0,Pedestrian Crossing,0.9766
LocateAnything 3B,mtsd-p11,back of a traffic sign,grp1_f4371c23-IMG_5562.jpeg,1209.6,2927.23,1375.92,3600.58,1.0,,0.0
LocateAnything 3B,mtsd-p11,back of a traffic sign,grp1_f4371c23-IMG_5562.jpeg,1381.97,3717.5,1669.25,3806.21,1.0,,0.0
LocateAnything 3B,mtsd-p11,back of a traffic sign,grp1_f4371c23-IMG_5562.jpeg,1587.6,3846.53,1747.87,3939.26,1.0,,0.0
LocateAnything 3B,mtsd-p11,back of a traffic sign,grp1_f4371c23-IMG_5562.jpeg,2470.61,2149.06,2558.3,2294.21,1.0,,0.0
LocateAnything 3B,mtsd-p11,back of a traffic sign,grp1_f4371c23-IMG_5562.jpeg,2531.09,2415.17,2603.66,2487.74,1.0,,0.0
LocateAnything 3B,mtsd-p11,back of a traffic sign,grp1_f4371c23-IMG_5562.jpeg,2543.18,2270.02,2612.74,2374.85,1.0,,0.0
LocateAnything 3B,mtsd-p11,back of a traffic sign,grp1_f4371c23-IMG_5562.jpeg,2558.3,2181.31,2624.83,2306.3,1.0,,0.0
LocateAnything 3B,mtsd-p11,back of a traffic sign,grp1_f4371c23-IMG_5562.jpeg,2570.4,1995.84,2624.83,2092.61,1.0,,0.0
LocateAnything 3B,mtsd-p11,back of a traffic sign,grp1_f4371c23-IMG_5562.jpeg,2588.54,1991.81,2646.0,2068.42,1.0,,0.0
LocateAnything 3B,mtsd-p11,back of a traffic sign,grp1_f4371c23-IMG_5562.jpeg,2673.22,1991.81,2709.5,2076.48,1.0,,0.0
LocateAnything 3B,mtsd-p11,back of a traffic sign,grp1_f4371c23-IMG_5562.jpeg,2709.5,2092.61,2788.13,2149.06,1.0,,0.0
LocateAnything 3B,mtsd-p11,back of a traffic sign,grp1_f4371c23-IMG_5562.jpeg,2733.7,2185.34,2788.13,2245.82,1.0,,0.0
LocateAnything 3B,mtsd-p11,back of a traffic sign,grp1_f4371c23-IMG_5562.jpeg,2742.77,1995.84,2854.66,2084.54,1.0,,0.0
LocateAnything 3B,mtsd-p11,back of a traffic sign,grp1_f4371c23-IMG_5562.jpeg,2751.84,2261.95,2878.85,2334.53,1.0,,0.0
LocateAnything 3B,mtsd-p11,back of a traffic sign,grp1_f4371c23-IMG_5562.jpeg,2788.13,2177.28,2915.14,2270.02,1.0,,0.0
LocateAnything 3B,mtsd-p11,back of a traffic sign,grp1_f4371c23-IMG_5562.jpeg,2848.61,2084.54,2957.47,2140.99,1.0,,0.0
LocateAnything 3B,mtsd-p11,back of a traffic sign,grp1_f4371c23-IMG_5562.jpeg,2893.97,1999.87,3005.86,2092.61,1.0,,0.0
LocateAnything 3B,mtsd-p11,back of a traffic sign,grp1_f468f4a5-IMG_5772.jpeg,828.58,1334.59,2004.91,2878.85,1.0,No Through Road (T-Junction),0.9841
LocateAnything 3B,mtsd-p11,back of a traffic sign,grp1_fa18c1a9-IMG_5810.jpeg,1197.5,0.0,1651.1,1632.96,1.0,Other-Unknown,0.9918
LocateAnything 3B,mtsd-p11,back of a traffic sign,grp1_fa18c1a9-IMG_5810.jpeg,1257.98,1556.35,1720.66,2987.71,1.0,Roundabout Ahead,0.9692
LocateAnything 3B,mtsd-p11,back of a traffic sign,grp1_fa18c1a9-IMG_5810.jpeg,2004.91,3354.62,2068.42,3435.26,1.0,Pedestrian Crossing,0.8644
LocateAnything 3B,mtsd-p11,back of a traffic sign,grp1_fa18c1a9-IMG_5810.jpeg,2697.41,3709.44,3008.88,3878.78,1.0,,0.0
LocateAnything 3B,mtsd-p11,back of a traffic sign,grp1_fa18c1a9-IMG_5810.jpeg,2700.43,3886.85,3005.86,3927.17,1.0,,0.0
LocateAnything 3B,mtsd-p11,back of a traffic sign,grp1_fa18c1a9-IMG_5810.jpeg,2751.84,3947.33,3014.93,3995.71,1.0,,0.0
LocateAnything 3B,mtsd-p11,back of a traffic sign,grp1_fa18c1a9-IMG_5810.jpeg,3002.83,3709.44,3020.98,3733.63,1.0,,0.0
LocateAnything 3B,mtsd-p11,back of a traffic sign,grp1_fa18c1a9-IMG_5810.jpeg,3008.88,3886.85,3020.98,3995.71,1.0,,0.0
LocateAnything 3B,mtsd-p11,back of a traffic sign,grp1_fa18c1a9-IMG_5810.jpeg,1498.39,1943.42,3024.0,4032.0,1.0,,0.0618
LocateAnything 3B,mtsd-p11,back of a traffic sign,grp1_fa18c1a9-IMG_5810.jpeg,3008.88,3878.78,3020.98,3902.98,1.0,,0.0
LocateAnything 3B,mtsd-p11,back of a traffic sign,grp1_fb9922e7-IMG_4700.jpeg,1082.59,3624.77,1400.11,4032.0,1.0,,0.0
LocateAnything 3B,mtsd-p11,back of a traffic sign,grp1_fb9922e7-IMG_4700.jpeg,1938.38,2540.16,2128.9,2640.96,1.0,,0.0123
LocateAnything 3B,mtsd-p11,back of a traffic sign,grp1_fb9922e7-IMG_4700.jpeg,2023.06,2536.13,2125.87,2632.9,1.0,,0.0064
LocateAnything 3B,mtsd-p11,back of a traffic sign,grp1_fd97d901-IMG20260105125535.jpg,1259.52,1220.61,1797.12,2666.5,1.0,No Through Road (T-Junction),0.993
LocateAnything 3B,mtsd-p11,back of a traffic sign,grp1_fd97d901-IMG20260105125535.jpg,2101.25,3018.75,2463.74,3555.33,1.0,,0.0
LocateAnything 3B,mtsd-p11,back of a traffic sign,grp1_fd97d901-IMG20260105125535.jpg,2380.8,3489.79,2752.51,4075.52,1.0,,0.0
LocateAnything 3B,mtsd-p11,back of a traffic sign,grp1_fd97d901-IMG20260105125535.jpg,2439.17,3022.85,2703.36,3497.98,1.0,,0.0
LocateAnything 3B,mtsd-p11,back of a traffic sign,grp1_fd97d901-IMG20260105125535.jpg,2657.28,3026.94,2899.97,3465.22,1.0,,0.0
LocateAnything 3B,mtsd-p11,back of a traffic sign,grp1_fd97d901-IMG20260105125535.jpg,2703.36,3465.22,2955.26,3981.31,1.0,,0.0
LocateAnything 3B,mtsd-p11,back of a traffic sign,grp1_fd97d901-IMG20260105125535.jpg,2850.82,3014.66,3068.93,3444.74,1.0,,0.0
LocateAnything 3B,mtsd-p11,back of a traffic sign,grp1_fd97d901-IMG20260105125535.jpg,2909.18,3440.64,3068.93,3923.97,1.0,,0.0
LocateAnything 3B,mtsd-p11,back of a traffic sign,grp1_fd97d901-IMG20260105125535.jpg,3004.42,3317.76,3038.21,3366.91,1.0,,0.0
LocateAnything 3B,mtsd-p11,back of a traffic sign,grp1_fd97d901-IMG20260105125535.jpg,3010.56,3317.76,3068.93,3366.91,1.0,,0.0
LocateAnything 3B,mtsd-p11,back of a traffic sign,grp1_fd97d901-IMG20260105125535.jpg,3041.28,3317.76,3068.93,3366.91,1.0,,0.0
LocateAnything 3B,mtsd-p11,back of a traffic sign,grp1_fdedfd29-IMG_4737.jpeg,1161.22,568.51,2004.91,3314.3,1.0,No Through Road (T-Junction),0.9714
LocateAnything 3B,mtsd-p11,back of a traffic sign,grp1_fdedfd29-IMG_4737.jpeg,1654.13,1120.9,1890.0,1947.46,1.0,,0.0866
LocateAnything 3B,mtsd-p11,back of a traffic sign,grp1_fdedfd29-IMG_4737.jpeg,1666.22,1604.74,1823.47,2899.01,1.0,,0.0904
LocateAnything 3B,mtsd-p11,back of a traffic sign,grp1_fdedfd29-IMG_4737.jpeg,1790.21,1826.5,1986.77,3229.63,1.0,,0.1226
LocateAnything 3B,mtsd-p11,back of a traffic sign,grp2_1a942391-IMG_20251224_114123.jpg,1533.0,1124.0,1623.0,1796.0,1.0,,0.3671
LocateAnything 3B,mtsd-p11,back of a traffic sign,grp2_1a942391-IMG_20251224_114123.jpg,732.0,1344.0,2358.0,3136.0,1.0,,0.0073
LocateAnything 3B,mtsd-p11,back of a traffic sign,grp2_1a942391-IMG_20251224_114123.jpg,1635.0,2244.0,1809.0,2460.0,1.0,,0.0
LocateAnything 3B,mtsd-p11,back of a traffic sign,grp2_1a942391-IMG_20251224_114123.jpg,1644.0,2460.0,1833.0,2584.0,1.0,,0.0
LocateAnything 3B,mtsd-p11,back of a traffic sign,grp2_1a942391-IMG_20251224_114123.jpg,1734.0,2680.0,1845.0,2984.0,1.0,,0.0
LocateAnything 3B,mtsd-p11,back of a traffic sign,grp2_1a942391-IMG_20251224_114123.jpg,1737.0,2976.0,1923.0,3112.0,1.0,,0.0
LocateAnything 3B,mtsd-p11,back of a traffic sign,grp2_1a942391-IMG_20251224_114123.jpg,1749.0,2564.0,1965.0,2920.0,1.0,,0.0
LocateAnything 3B,mtsd-p11,back of a traffic sign,grp2_1a942391-IMG_20251224_114123.jpg,1797.0,2252.0,1977.0,2428.0,1.0,,0.0
LocateAnything 3B,mtsd-p11,back of a traffic sign,grp2_1cd6f44d-20251223_152650.jpg,156.06,2317.44,1404.54,3268.08,1.0,,0.0
LocateAnything 3B,mtsd-p11,back of a traffic sign,grp2_1d09be1b-MP_0034.jpg,1422.34,339.97,1539.07,1236.99,1.0,Stop Sign,0.9759
LocateAnything 3B,mtsd-p11,back of a traffic sign,grp2_1d09be1b-MP_0034.jpg,2174.98,1736.7,2251.78,1871.87,1.0,,0.0
LocateAnything 3B,mtsd-p11,back of a traffic sign,grp2_1d09be1b-MP_0034.jpg,2429.95,1777.66,2531.33,1941.5,1.0,,0.0
LocateAnything 3B,mtsd-p11,back of a traffic sign,grp2_1d09be1b-MP_0034.jpg,2703.36,1953.79,2758.66,2052.1,1.0,Other-Unknown,0.5825
LocateAnything 3B,mtsd-p11,back of a traffic sign,grp2_1d09be1b-MP_0034.jpg,2820.1,1863.68,2881.54,1961.98,1.0,,0.0
LocateAnything 3B,mtsd-p11,back of a traffic sign,grp2_1d09be1b-MP_0034.jpg,2850.82,1978.37,3072.0,1986.56,1.0,,0.0
LocateAnything 3B,mtsd-p11,back of a traffic sign,grp2_1d09be1b-MP_0034.jpg,2893.82,1564.67,3072.0,1642.5,1.0,,0.0
LocateAnything 3B,mtsd-p11,back of a traffic sign,grp2_1d09be1b-MP_0034.jpg,2955.26,2125.82,3072.0,2211.84,1.0,,0.0
LocateAnything 3B,mtsd-p11,back of a traffic sign,grp2_1d09be1b-MP_0034.jpg,3028.99,2641.92,3072.0,2723.84,1.0,,0.0
LocateAnything 3B,mtsd-p11,back of a traffic sign,grp2_1d09be1b-MP_0034.jpg,3035.14,1855.49,3072.0,1884.16,1.0,,0.0
LocateAnything 3B,mtsd-p11,back of a traffic sign,grp2_1d09be1b-MP_0034.jpg,1511.42,999.42,3072.0,2973.7,1.0,,0.0404
LocateAnything 3B,mtsd-p11,back of a traffic sign,grp2_1d09be1b-MP_0034.jpg,3047.42,1974.27,3072.0,2027.52,1.0,,0.0
LocateAnything 3B,mtsd-p11,back of a traffic sign,grp2_1d09be1b-MP_0034.jpg,3047.42,2027.52,3072.0,2060.29,1.0,,0.0
LocateAnything 3B,mtsd-p11,back of a traffic sign,grp2_1d09be1b-MP_0034.jpg,3047.42,2060.29,3072.0,2097.15,1.0,,0.0
LocateAnything 3B,mtsd-p11,back of a traffic sign,grp2_1d09be1b-MP_0034.jpg,3047.42,2097.15,3072.0,2125.82,1.0,,0.0
LocateAnything 3B,mtsd-p11,back of a traffic sign,grp2_1d09be1b-MP_0034.jpg,3047.42,2125.82,3072.0,2162.69,1.0,,0.0
LocateAnything 3B,mtsd-p11,back of a traffic sign,grp2_1f7e1b10-20251224_132557.jpg,514.08,2011.44,1162.8,3100.8,1.0,Directional Sign,0.9205
LocateAnything 3B,mtsd-p11,back of a traffic sign,grp2_1f7e1b10-20251224_132557.jpg,1064.88,2170.56,1985.94,2570.4,1.0,Auxiliary Sign,0.9863
LocateAnything 3B,mtsd-p11,back of a traffic sign,grp2_1f7e1b10-20251224_132557.jpg,1064.88,1476.96,1982.88,2219.52,1.0,Pedestrian Crossing,0.9735
LocateAnything 3B,mtsd-p11,back of a traffic sign,grp2_1f7e1b10-20251224_132557.jpg,1927.8,1525.92,2059.38,1807.44,1.0,,0.0206
LocateAnything 3B,mtsd-p11,back of a traffic sign,grp2_24c5c7cd-20251223_155820.jpg,1780.92,2835.6,2588.76,3219.12,1.0,,0.0
LocateAnything 3B,mtsd-p11,back of a traffic sign,grp2_24c5c7cd-20251223_155820.jpg,2671.38,1921.68,3056.94,2807.04,1.0,,0.0
LocateAnything 3B,mtsd-p11,back of a traffic sign,grp2_24c5c7cd-20251223_155820.jpg,2741.76,2129.76,3056.94,2647.92,1.0,,0.0
LocateAnything 3B,mtsd-p11,back of a traffic sign,grp2_24c5c7cd-20251223_155820.jpg,2974.32,1938.0,3056.94,2084.88,1.0,,0.0
LocateAnything 3B,mtsd-p11,back of a traffic sign,grp2_24c5c7cd-20251223_155820.jpg,2986.56,2133.84,3056.94,2647.92,1.0,,0.0
LocateAnything 3B,mtsd-p11,back of a traffic sign,grp2_24c5c7cd-20251223_155820.jpg,3017.16,1938.0,3056.94,2084.88,1.0,,0.0
LocateAnything 3B,mtsd-p11,back of a traffic sign,grp2_24c5c7cd-20251223_155820.jpg,3026.34,2133.84,3056.94,2647.92,1.0,,0.0
LocateAnything 3B,mtsd-p11,back of a traffic sign,grp2_24c5c7cd-20251223_155820.jpg,3044.7,1938.0,3056.94,2084.88,1.0,,0.0
LocateAnything 3B,mtsd-p11,back of a traffic sign,grp2_24c5c7cd-20251223_155820.jpg,3044.7,2133.84,3056.94,2647.92,1.0,,0.0
LocateAnything 3B,mtsd-p11,back of a traffic sign,grp2_24c5c7cd-20251223_155820.jpg,3050.82,1938.0,3056.94,2084.88,1.0,,0.0
LocateAnything 3B,mtsd-p11,back of a traffic sign,grp2_24c5c7cd-20251223_155820.jpg,3050.82,2133.84,3056.94,2647.92,1.0,,0.0
LocateAnything 3B,mtsd-p11,back of a traffic sign,grp2_24fcf1af-MP_0080.jpg,1077.3,1770.05,1111.32,1806.34,1.0,Other-Unknown,0.6619
LocateAnything 3B,mtsd-p11,back of a traffic sign,grp2_24fcf1af-MP_0080.jpg,1086.37,1741.82,1111.32,1766.02,1.0,Blind-Spot Mirror (Convex Mirror),0.8022
LocateAnything 3B,mtsd-p11,back of a traffic sign,grp2_24fcf1af-MP_0080.jpg,1088.64,1733.76,1111.32,1749.89,1.0,,0.3451
LocateAnything 3B,mtsd-p11,back of a traffic sign,grp2_31ecc6f6-20251230_124942.jpg,1484.1,3500.64,1637.1,4075.92,1.0,,0.0
LocateAnything 3B,mtsd-p11,back of a traffic sign,grp2_31ecc6f6-20251230_124942.jpg,1756.44,3492.48,1857.42,3655.68,1.0,,0.0
LocateAnything 3B,mtsd-p11,back of a traffic sign,grp2_31ecc6f6-20251230_124942.jpg,1943.1,3512.88,2044.08,3667.92,1.0,,0.0
LocateAnything 3B,mtsd-p11,back of a traffic sign,grp2_31ecc6f6-20251230_124942.jpg,2347.02,3561.84,2429.64,3700.56,1.0,,0.0
LocateAnything 3B,mtsd-p11,back of a traffic sign,grp2_31ecc6f6-20251230_124942.jpg,2478.6,3578.16,2561.22,3716.88,1.0,,0.0
LocateAnything 3B,mtsd-p11,back of a traffic sign,grp2_31ecc6f6-20251230_124942.jpg,2597.94,3594.48,2668.32,3720.96,1.0,,0.0
LocateAnything 3B,mtsd-p11,back of a traffic sign,grp2_31ecc6f6-20251230_124942.jpg,2873.34,3643.44,2919.24,3761.76,1.0,,0.0
LocateAnything 3B,mtsd-p11,back of a traffic sign,grp2_31ecc6f6-20251230_124942.jpg,2943.72,3655.68,2989.62,3765.84,1.0,,0.0
LocateAnything 3B,mtsd-p11,back of a traffic sign,grp2_31ecc6f6-20251230_124942.jpg,3023.28,3684.24,3056.94,3786.24,1.0,,0.0
LocateAnything 3B,mtsd-p11,back of a traffic sign,grp2_31ecc6f6-20251230_124942.jpg,3026.34,3325.2,3056.94,3472.08,1.0,,0.0
LocateAnything 3B,mtsd-p11,back of a traffic sign,grp2_331688ad-20251223_152821.jpg,1588.14,1040.4,1845.18,1995.12,1.0,No Entry (One Way),0.9336
LocateAnything 3B,mtsd-p11,back of a traffic sign,grp2_331688ad-20251223_152821.jpg,1692.18,1056.72,1820.7,1991.04,1.0,,0.4961
LocateAnything 3B,mtsd-p11,back of a traffic sign,grp2_339c8d04-26.side.jpg,993.38,508.03,1179.36,1241.86,1.0,Pedestrian Crossing,0.9662
LocateAnything 3B,mtsd-p11,back of a traffic sign,grp2_339c8d04-26.side.jpg,1054.62,1915.2,2236.25,2092.61,1.0,,0.0
LocateAnything 3B,mtsd-p11,back of a traffic sign,grp2_33c8250b-MP_0150.jpeg,0.0,0.0,3836.16,2157.84,1.0,,0.0335
LocateAnything 3B,mtsd-p11,back of a traffic sign,grp2_33c8250b-MP_0150.jpeg,460.8,557.28,1416.96,794.88,1.0,,0.0
LocateAnything 3B,mtsd-p11,back of a traffic sign,grp2_33c8250b-MP_0150.jpeg,1017.6,1000.08,1931.52,1341.36,1.0,,0.0
LocateAnything 3B,mtsd-p11,back of a traffic sign,grp2_33c8250b-MP_0150.jpeg,1739.52,1611.36,2027.52,2155.68,1.0,,0.0
LocateAnything 3B,mtsd-p11,back of a traffic sign,grp2_33c8250b-MP_0150.jpeg,1831.68,0.0,3836.16,712.8,1.0,,0.1635
LocateAnything 3B,mtsd-p11,back of a traffic sign,grp2_33c8250b-MP_0150.jpeg,1839.36,1676.16,1908.48,2155.68,1.0,,0.0
LocateAnything 3B,mtsd-p11,back of a traffic sign,grp2_33c8250b-MP_0150.jpeg,1912.32,1676.16,1981.44,2155.68,1.0,,0.0
LocateAnything 3B,mtsd-p11,back of a traffic sign,grp2_33c8250b-MP_0150.jpeg,2814.72,1749.6,3248.64,2155.68,1.0,,0.0
LocateAnything 3B,mtsd-p11,back of a traffic sign,grp2_33c8250b-MP_0150.jpeg,3229.44,1874.88,3836.16,2155.68,1.0,,0.0
LocateAnything 3B,mtsd-p11,back of a traffic sign,grp2_33c8250b-MP_0150.jpeg,3509.76,0.0,3836.16,702.0,1.0,,0.0
LocateAnything 3B,mtsd-p11,back of a traffic sign,grp2_33c8250b-MP_0150.jpeg,3720.96,0.0,3836.16,287.28,1.0,,0.0
LocateAnything 3B,mtsd-p11,back of a traffic sign,grp2_3855fec5-20251223_150427.jpg,1107.72,2142.0,2135.88,4071.84,1.0,,0.0093
LocateAnything 3B,mtsd-p11,back of a traffic sign,grp2_3855fec5-20251223_150427.jpg,1493.28,697.68,1811.52,2215.44,1.0,No Through Road (T-Junction),0.9693
LocateAnything 3B,mtsd-p11,back of a traffic sign,grp2_3855fec5-20251223_150427.jpg,2114.46,1925.76,2402.1,2174.64,1.0,,0.0
LocateAnything 3B,mtsd-p11,back of a traffic sign,grp2_3855fec5-20251223_150427.jpg,2120.58,1358.64,2399.04,1566.72,1.0,,0.0
LocateAnything 3B,mtsd-p11,back of a traffic sign,grp2_3855fec5-20251223_150427.jpg,2123.64,2541.84,2380.68,2798.88,1.0,,0.0
LocateAnything 3B,mtsd-p11,back of a traffic sign,grp2_3855fec5-20251223_150427.jpg,2135.88,791.52,2405.16,1020.0,1.0,,0.0
LocateAnything 3B,mtsd-p11,back of a traffic sign,grp2_3855fec5-20251223_150427.jpg,2775.42,1999.2,3056.94,2333.76,1.0,,0.0
LocateAnything 3B,mtsd-p11,back of a traffic sign,grp2_3855fec5-20251223_150427.jpg,2781.54,1138.32,3056.94,1505.52,1.0,,0.0
LocateAnything 3B,mtsd-p11,back of a traffic sign,grp2_3855fec5-20251223_150427.jpg,2784.6,326.4,3056.94,718.08,1.0,,0.0
LocateAnything 3B,mtsd-p11,back of a traffic sign,grp2_3855fec5-20251223_150427.jpg,2907.0,2566.32,3056.94,2990.64,1.0,,0.0
LocateAnything 3B,mtsd-p11,back of a traffic sign,grp2_3855fec5-20251223_150427.jpg,2913.12,2121.6,3056.94,2297.04,1.0,,0.0
LocateAnything 3B,mtsd-p11,back of a traffic sign,grp2_3e9d99d7-IMG_20251223_122636.jpg,0.0,0.0,2997.0,2312.0,1.0,,0.0
LocateAnything 3B,mtsd-p11,back of a traffic sign,grp2_3e9d99d7-IMG_20251223_122636.jpg,0.0,2396.0,2997.0,4000.0,1.0,,0.0
LocateAnything 3B,mtsd-p11,back of a traffic sign,grp2_3e9d99d7-IMG_20251223_122636.jpg,0.0,2252.0,1062.0,2604.0,1.0,,0.0
LocateAnything 3B,mtsd-p11,back of a traffic sign,grp2_4acb7340-20251223_155105.jpg,1346.4,2647.92,1557.54,3129.36,1.0,,0.0
LocateAnything 3B,mtsd-p11,back of a traffic sign,grp2_4acb7340-20251223_155105.jpg,1533.06,1244.4,1661.58,4075.92,1.0,,0.0
LocateAnything 3B,mtsd-p11,back of a traffic sign,grp2_4acb7340-20251223_155105.jpg,1875.78,2913.12,2441.88,3325.2,1.0,,0.0
LocateAnything 3B,mtsd-p11,back of a traffic sign,grp2_4acb7340-20251223_155105.jpg,1891.08,2847.84,2206.26,3035.52,1.0,,0.0
LocateAnything 3B,mtsd-p11,back of a traffic sign,grp2_4acb7340-20251223_155105.jpg,1894.14,2705.04,2209.32,2847.84,1.0,,0.0
LocateAnything 3B,mtsd-p11,back of a traffic sign,grp2_5061299f-MP_0130.jpg,1050.08,641.09,1224.72,4032.0,1.0,,0.0
LocateAnything 3B,mtsd-p11,back of a traffic sign,grp2_5061299f-MP_0130.jpg,1576.26,1866.82,1905.12,2774.02,1.0,,0.0
LocateAnything 3B,mtsd-p11,back of a traffic sign,grp2_5061299f-MP_0130.jpg,1968.62,1850.69,2057.08,2725.63,1.0,,0.0
LocateAnything 3B,mtsd-p11,back of a traffic sign,grp2_5061299f-MP_0130.jpg,2106.97,2237.76,2268.0,2725.63,1.0,,0.0038
LocateAnything 3B,mtsd-p11,back of a traffic sign,grp2_5061299f-MP_0130.jpg,2109.24,2197.44,2268.0,2257.92,1.0,,0.0
LocateAnything 3B,mtsd-p11,back of a traffic sign,grp2_5dd50184-MP_0013.jpg,0.0,0.0,46.08,364.54,1.0,,0.0
LocateAnything 3B,mtsd-p11,back of a traffic sign,grp2_5dd50184-MP_0013.jpg,138.24,0.0,254.98,356.35,1.0,,0.0
LocateAnything 3B,mtsd-p11,back of a traffic sign,grp2_5dd50184-MP_0013.jpg,254.98,0.0,359.42,352.26,1.0,,0.0
LocateAnything 3B,mtsd-p11,back of a traffic sign,grp2_5dd50184-MP_0013.jpg,359.42,0.0,463.87,348.16,1.0,,0.0
LocateAnything 3B,mtsd-p11,back of a traffic sign,grp2_5dd50184-MP_0013.jpg,463.87,0.0,574.46,348.16,1.0,,0.0
LocateAnything 3B,mtsd-p11,back of a traffic sign,grp2_5dd50184-MP_0013.jpg,574.46,0.0,648.19,348.16,1.0,,0.0
LocateAnything 3B,mtsd-p11,back of a traffic sign,grp2_5dd50184-MP_0013.jpg,660.48,0.0,752.64,348.16,1.0,,0.0
LocateAnything 3B,mtsd-p11,back of a traffic sign,grp2_5dd50184-MP_0013.jpg,752.64,0.0,863.23,348.16,1.0,,0.0
LocateAnything 3B,mtsd-p11,back of a traffic sign,grp2_5dd50184-MP_0013.jpg,915.46,0.0,1022.98,339.97,1.0,,0.0
LocateAnything 3B,mtsd-p11,back of a traffic sign,grp2_5dd50184-MP_0013.jpg,1026.05,0.0,1087.49,331.78,1.0,,0.0
LocateAnything 3B,mtsd-p11,back of a traffic sign,grp2_5dd50184-MP_0013.jpg,1087.49,0.0,1287.17,327.68,1.0,,0.0
LocateAnything 3B,mtsd-p11,back of a traffic sign,grp2_5dd50184-MP_0013.jpg,1290.24,0.0,1477.63,327.68,1.0,,0.0
LocateAnything 3B,mtsd-p11,back of a traffic sign,grp2_5dd50184-MP_0013.jpg,1480.7,0.0,1674.24,327.68,1.0,,0.0
LocateAnything 3B,mtsd-p11,back of a traffic sign,grp2_5dd50184-MP_0013.jpg,1729.54,0.0,1969.15,327.68,1.0,,0.0
LocateAnything 3B,mtsd-p11,back of a traffic sign,grp2_5dd50184-MP_0013.jpg,1963.01,0.0,2070.53,327.68,1.0,,0.0
LocateAnything 3B,mtsd-p11,back of a traffic sign,grp2_5dd50184-MP_0013.jpg,2070.53,0.0,2199.55,327.68,1.0,,0.0
LocateAnything 3B,mtsd-p11,back of a traffic sign,grp2_5dd50184-MP_0013.jpg,2205.7,0.0,2285.57,327.68,1.0,,0.0
LocateAnything 3B,mtsd-p11,back of a traffic sign,grp2_5dd50184-MP_0013.jpg,2291.71,0.0,2390.02,327.68,1.0,,0.0
LocateAnything 3B,mtsd-p11,back of a traffic sign,grp2_5e8f002c-IMG_20251223_132013.jpg,0.0,0.0,3000.0,4000.0,1.0,,0.0243
LocateAnything 3B,mtsd-p11,back of a traffic sign,grp2_5e8f002c-IMG_20251223_132013.jpg,1248.0,1196.0,1785.0,1728.0,1.0,No Through Road (T-Junction),0.978
LocateAnything 3B,mtsd-p11,back of a traffic sign,grp2_5e8f002c-IMG_20251223_132013.jpg,2652.0,1920.0,2760.0,2204.0,1.0,,0.3019
LocateAnything 3B,mtsd-p11,back of a traffic sign,grp2_5e8f002c-IMG_20251223_132013.jpg,2664.0,1916.0,2754.0,2004.0,1.0,Auxiliary Sign,0.7698
LocateAnything 3B,mtsd-p11,back of a traffic sign,grp2_5e8f002c-IMG_20251223_132013.jpg,2664.0,2012.0,2757.0,2064.0,1.0,,0.4397
LocateAnything 3B,mtsd-p11,back of a traffic sign,grp2_5e8f002c-IMG_20251223_132013.jpg,2664.0,2064.0,2757.0,2140.0,1.0,,0.3116
LocateAnything 3B,mtsd-p11,back of a traffic sign,grp2_5e8f002c-IMG_20251223_132013.jpg,2664.0,2140.0,2757.0,2200.0,1.0,Auxiliary Sign,0.5357
LocateAnything 3B,mtsd-p11,back of a traffic sign,grp2_76c73962-MP_0139.jpg,0.0,0.0,4027.97,2265.73,1.0,,0.0691
LocateAnything 3B,mtsd-p11,back of a traffic sign,grp2_797d9987-MP_0038.jpg,0.0,0.0,3068.93,4091.9,1.0,,0.0995
LocateAnything 3B,mtsd-p11,back of a traffic sign,grp2_7ad50d73-MP_0075.jpg,1068.23,1475.71,1204.31,1850.69,1.0,Blind-Spot Mirror (Convex Mirror),0.9369
LocateAnything 3B,mtsd-p11,back of a traffic sign,grp2_7ad50d73-MP_0075.jpg,1442.45,0.0,2265.73,3165.12,1.0,,0.0
LocateAnything 3B,mtsd-p11,back of a traffic sign,grp2_7ad50d73-MP_0075.jpg,1619.35,1632.96,1787.18,1858.75,1.0,,0.0
LocateAnything 3B,mtsd-p11,back of a traffic sign,grp2_7ad50d73-MP_0075.jpg,1664.71,1862.78,1796.26,2052.29,1.0,,0.0
LocateAnything 3B,mtsd-p11,back of a traffic sign,grp2_7ad50d73-MP_0075.jpg,1678.32,2032.13,1791.72,2270.02,1.0,,0.0
LocateAnything 3B,mtsd-p11,back of a traffic sign,grp2_7ad50d73-MP_0075.jpg,1701.0,2245.82,1898.32,2487.74,1.0,,0.0
LocateAnything 3B,mtsd-p11,back of a traffic sign,grp2_7ad50d73-MP_0075.jpg,1746.36,1576.51,1891.51,1806.34,1.0,,0.0
LocateAnything 3B,mtsd-p11,back of a traffic sign,grp2_7ad50d73-MP_0075.jpg,1764.5,1786.18,1905.12,2036.16,1.0,,0.0
LocateAnything 3B,mtsd-p11,back of a traffic sign,grp2_7ad50d73-MP_0075.jpg,1773.58,2003.9,1905.12,2257.92,1.0,,0.0
LocateAnything 3B,mtsd-p11,back of a traffic sign,grp2_7ad50d73-MP_0075.jpg,1778.11,2463.55,2004.91,3056.26,1.0,,0.0
LocateAnything 3B,mtsd-p11,back of a traffic sign,grp2_7ad50d73-MP_0075.jpg,1875.64,1507.97,2004.91,1757.95,1.0,,0.0
LocateAnything 3B,mtsd-p11,back of a traffic sign,grp2_7ad50d73-MP_0075.jpg,1886.98,1770.05,2025.32,2003.9,1.0,,0.0
LocateAnything 3B,mtsd-p11,back of a traffic sign,grp2_7ad50d73-MP_0075.jpg,1898.32,1995.84,2004.91,2237.76,1.0,,0.0
LocateAnything 3B,mtsd-p11,back of a traffic sign,grp2_7ad50d73-MP_0075.jpg,1907.39,1262.02,2140.99,1499.9,1.0,,0.0
LocateAnything 3B,mtsd-p11,back of a traffic sign,grp2_7ad50d73-MP_0075.jpg,1918.73,2221.63,2106.97,2479.68,1.0,,0.0
LocateAnything 3B,mtsd-p11,back of a traffic sign,grp2_7ad50d73-MP_0075.jpg,1923.26,2471.62,2159.14,2745.79,1.0,,0.0
LocateAnything 3B,mtsd-p11,back of a traffic sign,grp2_7ad50d73-MP_0075.jpg,1984.5,1959.55,2147.8,2221.63,1.0,,0.0
LocateAnything 3B,mtsd-p11,back of a traffic sign,grp2_8042282f-20251223_150231.jpg,0.0,0.0,3056.94,4075.92,1.0,,0.0976
LocateAnything 3B,mtsd-p11,back of a traffic sign,grp2_85bab424-IMG_20251223_120632.jpg,1557.0,1192.0,1800.0,1680.0,1.0,,0.0
LocateAnything 3B,mtsd-p11,back of a traffic sign,grp2_86560763-IMG_20251223_113000.jpg,1170.0,1176.0,1410.0,1368.0,1.0,,0.0
LocateAnything 3B,mtsd-p11,back of a traffic sign,grp2_86560763-IMG_20251223_113000.jpg,1170.0,1040.0,1407.0,4000.0,1.0,,0.0
LocateAnything 3B,mtsd-p11,back of a traffic sign,grp2_983dc626-30.side.jpg,1281.42,1060.42,1385.75,1592.64,1.0,No Entry (One Way),0.8278
LocateAnything 3B,mtsd-p11,back of a traffic sign,grp2_983dc626-30.side.jpg,1678.32,568.51,1773.58,745.92,1.0,,0.0
LocateAnything 3B,mtsd-p11,back of a traffic sign,grp2_983dc626-30.side.jpg,1764.5,2983.68,1848.42,3181.25,1.0,,0.0
LocateAnything 3B,mtsd-p11,back of a traffic sign,grp2_983dc626-30.side.jpg,2013.98,2955.46,2097.9,3217.54,1.0,,0.0
LocateAnything 3B,mtsd-p11,back of a traffic sign,grp2_983dc626-30.side.jpg,2127.38,2955.46,2263.46,3165.12,1.0,,0.0
LocateAnything 3B,mtsd-p11,back of a traffic sign,grp2_983dc626-30.side.jpg,2140.99,1915.2,2263.46,1991.81,1.0,,0.0
LocateAnything 3B,mtsd-p11,back of a traffic sign,grp2_983dc626-30.side.jpg,2202.23,1915.2,2263.46,1991.81,1.0,,0.0
LocateAnything 3B,mtsd-p11,back of a traffic sign,grp2_9c71fd6a-20251223_153024.jpg,0.0,0.0,3056.94,3843.36,1.0,,0.0427
LocateAnything 3B,mtsd-p11,back of a traffic sign,grp2_a8531ee5-IMG_20251223_131712.jpg,1386.0,1112.0,1746.0,2076.0,1.0,Blind-Spot Mirror (Convex Mirror),0.987
LocateAnything 3B,mtsd-p11,back of a traffic sign,grp2_ab9b17dd-34.back.jpg,1415.23,2128.9,1503.68,2209.54,1.0,Other-Unknown,0.9217
LocateAnything 3B,mtsd-p11,back of a traffic sign,grp2_ab9b17dd-34.back.jpg,2036.66,2237.76,2097.9,2286.14,1.0,Other-Unknown,0.735
LocateAnything 3B,mtsd-p11,back of a traffic sign,grp2_b7da3d82-20251230_123417.jpg,2044.08,1595.28,2282.76,2170.56,1.0,,0.0053
LocateAnything 3B,mtsd-p11,back of a traffic sign,grp2_b9e760b0-IMG_20251223_125447.jpg,885.0,872.0,2004.0,1952.0,1.0,Blind-Spot Mirror (Convex Mirror),0.9806
LocateAnything 3B,mtsd-p11,back of a traffic sign,grp2_b9e760b0-IMG_20251223_125447.jpg,1446.0,2284.0,1521.0,2356.0,1.0,No Entry (One Way),0.9022
LocateAnything 3B,mtsd-p11,back of a traffic sign,grp2_bf4582b0-IMG_20251223_113056.jpg,930.0,1284.0,1236.0,1536.0,1.0,,0.0
LocateAnything 3B,mtsd-p11,back of a traffic sign,grp2_bf4582b0-IMG_20251223_113056.jpg,963.0,1952.0,1146.0,3444.0,1.0,,0.0
LocateAnything 3B,mtsd-p11,back of a traffic sign,grp2_bf4582b0-IMG_20251223_113056.jpg,1104.0,1152.0,1152.0,1332.0,1.0,,0.0
LocateAnything 3B,mtsd-p11,back of a traffic sign,grp2_bf4582b0-IMG_20251223_113056.jpg,1224.0,3716.0,1470.0,4000.0,1.0,,0.0
LocateAnything 3B,mtsd-p11,back of a traffic sign,grp2_bf4582b0-IMG_20251223_113056.jpg,2538.0,664.0,2664.0,740.0,1.0,,0.0
LocateAnything 3B,mtsd-p11,back of a traffic sign,grp2_bf4582b0-IMG_20251223_113056.jpg,2688.0,704.0,2832.0,804.0,1.0,,0.0
LocateAnything 3B,mtsd-p11,back of a traffic sign,grp2_bf4582b0-IMG_20251223_113056.jpg,2826.0,664.0,3000.0,796.0,1.0,,0.0
LocateAnything 3B,mtsd-p11,back of a traffic sign,grp2_bf4582b0-IMG_20251223_113056.jpg,2850.0,0.0,3000.0,92.0,1.0,,0.0
LocateAnything 3B,mtsd-p11,back of a traffic sign,grp2_bf4582b0-IMG_20251223_113056.jpg,2886.0,0.0,3000.0,60.0,1.0,,0.0
LocateAnything 3B,mtsd-p11,back of a traffic sign,grp2_bf4582b0-IMG_20251223_113056.jpg,2946.0,0.0,3000.0,60.0,1.0,,0.0
LocateAnything 3B,mtsd-p11,back of a traffic sign,grp2_bf551d52-MP_0136.jpg,0.0,0.0,4027.97,1719.14,1.0,,0.0777
LocateAnything 3B,mtsd-p11,back of a traffic sign,grp2_c39d026a-IMG_20251223_125605.jpg,0.0,3140.0,171.0,3408.0,1.0,,0.0
LocateAnything 3B,mtsd-p11,back of a traffic sign,grp2_c39d026a-IMG_20251223_125605.jpg,0.0,2884.0,123.0,3036.0,1.0,,0.0
LocateAnything 3B,mtsd-p11,back of a traffic sign,grp2_c39d026a-IMG_20251223_125605.jpg,0.0,3384.0,111.0,3572.0,1.0,,0.0
LocateAnything 3B,mtsd-p11,back of a traffic sign,grp2_c39d026a-IMG_20251223_125605.jpg,0.0,3572.0,75.0,3856.0,1.0,,0.0
LocateAnything 3B,mtsd-p11,back of a traffic sign,grp2_c39d026a-IMG_20251223_125605.jpg,0.0,3032.0,177.0,3192.0,1.0,,0.0
LocateAnything 3B,mtsd-p11,back of a traffic sign,grp2_c39d026a-IMG_20251223_125605.jpg,0.0,3756.0,249.0,3920.0,1.0,,0.0
LocateAnything 3B,mtsd-p11,back of a traffic sign,grp2_c39d026a-IMG_20251223_125605.jpg,60.0,3520.0,366.0,3768.0,1.0,,0.0
LocateAnything 3B,mtsd-p11,back of a traffic sign,grp2_c39d026a-IMG_20251223_125605.jpg,93.0,3416.0,267.0,3552.0,1.0,,0.0
LocateAnything 3B,mtsd-p11,back of a traffic sign,grp2_c39d026a-IMG_20251223_125605.jpg,114.0,2944.0,327.0,3076.0,1.0,,0.0
LocateAnything 3B,mtsd-p11,back of a traffic sign,grp2_c39d026a-IMG_20251223_125605.jpg,135.0,3300.0,444.0,3460.0,1.0,,0.0
LocateAnything 3B,mtsd-p11,back of a traffic sign,grp2_c39d026a-IMG_20251223_125605.jpg,150.0,3068.0,423.0,3328.0,1.0,,0.0
LocateAnything 3B,mtsd-p11,back of a traffic sign,grp2_c39d026a-IMG_20251223_125605.jpg,240.0,3424.0,423.0,3592.0,1.0,,0.0
LocateAnything 3B,mtsd-p11,back of a traffic sign,grp2_c39d026a-IMG_20251223_125605.jpg,252.0,3728.0,435.0,3928.0,1.0,,0.0
LocateAnything 3B,mtsd-p11,back of a traffic sign,grp2_c39d026a-IMG_20251223_125605.jpg,285.0,2960.0,417.0,3088.0,1.0,,0.0
LocateAnything 3B,mtsd-p11,back of a traffic sign,grp2_c39d026a-IMG_20251223_125605.jpg,351.0,3552.0,483.0,3716.0,1.0,,0.0
LocateAnything 3B,mtsd-p11,back of a traffic sign,grp2_c39d026a-IMG_20251223_125605.jpg,399.0,3000.0,666.0,3260.0,1.0,,0.0
LocateAnything 3B,mtsd-p11,back of a traffic sign,grp2_c39d026a-IMG_20251223_125605.jpg,402.0,3672.0,528.0,3828.0,1.0,,0.0
LocateAnything 3B,mtsd-p11,back of a traffic sign,grp2_c39d026a-IMG_20251223_125605.jpg,414.0,3716.0,693.0,3932.0,1.0,,0.0
LocateAnything 3B,mtsd-p11,back of a traffic sign,grp2_c96ca64e-MP_0098.jpg,0.0,0.0,4027.97,2265.73,1.0,,0.0689
LocateAnything 3B,mtsd-p11,back of a traffic sign,grp2_c96ca64e-MP_0098.jpg,92.74,811.94,878.98,1605.74,1.0,,0.0
LocateAnything 3B,mtsd-p11,back of a traffic sign,grp2_c96ca64e-MP_0098.jpg,878.98,1163.48,4027.97,1276.88,1.0,,0.0
LocateAnything 3B,mtsd-p11,back of a traffic sign,grp2_c96ca64e-MP_0098.jpg,2334.53,0.0,4027.97,2265.73,1.0,,0.0255
LocateAnything 3B,mtsd-p11,back of a traffic sign,grp2_ccff3003-MP_0047.jpg,986.11,770.05,1164.29,1540.1,1.0,No Entry (One Way),0.9384
LocateAnything 3B,mtsd-p11,back of a traffic sign,grp2_ced8bffa-14.front.jpg,623.7,1028.16,1261.01,1661.18,1.0,Pedestrian Crossing,0.9764
LocateAnything 3B,mtsd-p11,back of a traffic sign,grp2_d1fa2493-20251230_123128.jpg,0.0,2647.92,492.66,3255.84,1.0,,0.0
LocateAnything 3B,mtsd-p11,back of a traffic sign,grp2_d1fa2493-20251230_123128.jpg,0.0,3268.08,345.78,3876.0,1.0,,0.0
LocateAnything 3B,mtsd-p11,back of a traffic sign,grp2_d1fa2493-20251230_123128.jpg,0.0,2117.52,388.62,2688.72,1.0,,0.0
LocateAnything 3B,mtsd-p11,back of a traffic sign,grp2_d1fa2493-20251230_123128.jpg,0.0,3851.52,431.46,4075.92,1.0,,0.0
LocateAnything 3B,mtsd-p11,back of a traffic sign,grp2_d1fa2493-20251230_123128.jpg,327.42,3255.84,899.64,3904.56,1.0,,0.0
LocateAnything 3B,mtsd-p11,back of a traffic sign,grp2_d1fa2493-20251230_123128.jpg,358.02,2076.72,970.02,2656.08,1.0,,0.0
LocateAnything 3B,mtsd-p11,back of a traffic sign,grp2_d1fa2493-20251230_123128.jpg,413.1,3884.16,1101.6,4075.92,1.0,,0.0
LocateAnything 3B,mtsd-p11,back of a traffic sign,grp2_d1fa2493-20251230_123128.jpg,462.06,2643.84,1141.38,3268.08,1.0,,0.0
LocateAnything 3B,mtsd-p11,back of a traffic sign,grp2_d1fa2493-20251230_123128.jpg,884.34,3259.92,1520.82,3908.64,1.0,,0.0
LocateAnything 3B,mtsd-p11,back of a traffic sign,grp2_d1fa2493-20251230_123128.jpg,945.54,2101.2,1459.62,2684.64,1.0,,0.0
LocateAnything 3B,mtsd-p11,back of a traffic sign,grp2_d1fa2493-20251230_123128.jpg,1095.48,3900.48,1523.88,4075.92,1.0,,0.0
LocateAnything 3B,mtsd-p11,back of a traffic sign,grp2_d1fa2493-20251230_123128.jpg,1119.96,2647.92,1493.28,3272.16,1.0,,0.0
LocateAnything 3B,mtsd-p11,back of a traffic sign,grp2_d1fa2493-20251230_123128.jpg,1542.24,2146.08,1943.1,2713.2,1.0,,0.0
LocateAnything 3B,mtsd-p11,back of a traffic sign,grp2_d1fa2493-20251230_123128.jpg,1588.14,3288.48,1927.8,3916.8,1.0,,0.0
LocateAnything 3B,mtsd-p11,back of a traffic sign,grp2_d1fa2493-20251230_123128.jpg,1597.32,2705.04,2588.76,3325.2,1.0,,0.0
LocateAnything 3B,mtsd-p11,back of a traffic sign,grp2_d1fa2493-20251230_123128.jpg,1615.68,3892.32,2148.12,4075.92,1.0,,0.0
LocateAnything 3B,mtsd-p11,back of a traffic sign,grp2_d1fa2493-20251230_123128.jpg,1802.34,1636.08,2741.76,2223.6,1.0,,0.0368
LocateAnything 3B,mtsd-p11,back of a traffic sign,grp2_d1fa2493-20251230_123128.jpg,1918.62,3333.36,2913.12,3945.36,1.0,,0.0
LocateAnything 3B,mtsd-p11,back of a traffic sign,grp2_d201b393-MP_0004.jpg,1185.79,139.26,1416.19,401.41,1.0,,0.0
LocateAnything 3B,mtsd-p11,back of a traffic sign,grp2_d201b393-MP_0004.jpg,1188.86,364.54,1643.52,651.26,1.0,,0.0
LocateAnything 3B,mtsd-p11,back of a traffic sign,grp2_d201b393-MP_0004.jpg,1191.94,606.21,1422.34,872.45,1.0,,0.0
LocateAnything 3B,mtsd-p11,back of a traffic sign,grp2_d201b393-MP_0004.jpg,1195.01,851.97,1652.74,1138.69,1.0,,0.0253
LocateAnything 3B,mtsd-p11,back of a traffic sign,grp2_d201b393-MP_0004.jpg,1287.17,3465.22,1720.32,3805.18,1.0,,0.0
LocateAnything 3B,mtsd-p11,back of a traffic sign,grp2_d201b393-MP_0004.jpg,1290.24,2916.35,1698.82,3231.74,1.0,,0.0
LocateAnything 3B,mtsd-p11,back of a traffic sign,grp2_d201b393-MP_0004.jpg,1293.31,3215.36,1474.56,3514.37,1.0,,0.0
LocateAnything 3B,mtsd-p11,back of a traffic sign,grp2_d201b393-MP_0004.jpg,1296.38,2658.3,1471.49,2953.22,1.0,,0.0
LocateAnything 3B,mtsd-p11,back of a traffic sign,grp2_d201b393-MP_0004.jpg,1299.46,2383.87,1683.46,2666.5,1.0,,0.0
LocateAnything 3B,mtsd-p11,back of a traffic sign,grp2_d201b393-MP_0004.jpg,1302.53,2138.11,1449.98,2396.16,1.0,,0.0
LocateAnything 3B,mtsd-p11,back of a traffic sign,grp2_d201b393-MP_0004.jpg,1397.76,0.0,1631.23,413.7,1.0,,0.0
LocateAnything 3B,mtsd-p11,back of a traffic sign,grp2_d201b393-MP_0004.jpg,1410.05,618.5,1646.59,888.83,1.0,,0.0
LocateAnything 3B,mtsd-p11,back of a traffic sign,grp2_d201b393-MP_0004.jpg,1434.62,2125.82,1686.53,2392.06,1.0,,0.0
LocateAnything 3B,mtsd-p11,back of a traffic sign,grp2_d201b393-MP_0004.jpg,1446.91,2650.11,1695.74,2932.74,1.0,,0.0
LocateAnything 3B,mtsd-p11,back of a traffic sign,grp2_d201b393-MP_0004.jpg,1449.98,3186.69,1711.1,3489.79,1.0,,0.0
LocateAnything 3B,mtsd-p11,back of a traffic sign,grp2_d201b393-MP_0004.jpg,1459.2,3743.74,1726.46,3969.02,1.0,,0.0
LocateAnything 3B,mtsd-p11,back of a traffic sign,grp2_d201b393-MP_0004.jpg,1615.87,0.0,1969.15,184.32,1.0,,0.0
LocateAnything 3B,mtsd-p11,back of a traffic sign,grp2_d201b393-MP_0004.jpg,1618.94,135.17,1966.08,421.89,1.0,,0.0
LocateAnything 3B,mtsd-p11,back of a traffic sign,grp2_d3fe8c38-MP_0046.jpg,958.46,417.79,1539.07,4026.37,1.0,,0.0
LocateAnything 3B,mtsd-p11,back of a traffic sign,grp2_d71e8065-MP_0021.jpg,2340.86,1748.99,2515.97,2596.86,1.0,,0.0
LocateAnything 3B,mtsd-p11,back of a traffic sign,grp2_d71e8065-MP_0021.jpg,2863.1,2043.9,2936.83,2293.76,1.0,,0.0
LocateAnything 3B,mtsd-p11,back of a traffic sign,grp2_d71e8065-MP_0021.jpg,2973.7,1261.57,3072.0,2162.69,1.0,,0.0
LocateAnything 3B,mtsd-p11,back of a traffic sign,grp2_d71e8065-MP_0021.jpg,2979.84,1261.57,3072.0,1433.6,1.0,,0.0
LocateAnything 3B,mtsd-p11,back of a traffic sign,grp2_e44be02a-MP_0116.jpg,383.04,839.16,2068.42,1256.47,1.0,,0.0679
LocateAnything 3B,mtsd-p11,back of a traffic sign,grp2_e44be02a-MP_0116.jpg,846.72,1195.24,4027.97,1440.18,1.0,,0.0
LocateAnything 3B,mtsd-p11,back of a traffic sign,grp2_e44be02a-MP_0116.jpg,1761.98,0.0,4027.97,852.77,1.0,,0.2194
LocateAnything 3B,mtsd-p11,back of a traffic sign,grp2_e44be02a-MP_0116.jpg,2447.42,0.0,2701.44,750.71,1.0,,0.053
LocateAnything 3B,mtsd-p11,back of a traffic sign,grp2_e44be02a-MP_0116.jpg,2838.53,0.0,2894.98,728.03,1.0,,0.0
LocateAnything 3B,mtsd-p11,back of a traffic sign,grp2_e44be02a-MP_0116.jpg,3056.26,0.0,3112.7,703.08,1.0,,0.0
LocateAnything 3B,mtsd-p11,back of a traffic sign,grp2_e44be02a-MP_0116.jpg,3286.08,0.0,3576.38,653.18,1.0,,0.0
LocateAnything 3B,mtsd-p11,back of a traffic sign,grp2_e44be02a-MP_0116.jpg,3536.06,0.0,3822.34,623.7,1.0,,0.0
LocateAnything 3B,mtsd-p11,back of a traffic sign,grp2_e44be02a-MP_0116.jpg,3794.11,0.0,4027.97,591.95,1.0,,0.0
LocateAnything 3B,mtsd-p11,back of a traffic sign,grp2_e55dea8e-MP_0157.jpg,1277.95,1298.43,2021.38,2035.71,1.0,No Through Road (T-Junction),0.9837
LocateAnything 3B,mtsd-p11,back of a traffic sign,grp2_e55dea8e-MP_0157.jpg,1281.02,2027.52,2036.74,2412.54,1.0,Auxiliary Sign,0.9602
LocateAnything 3B,mtsd-p11,back of a traffic sign,grp2_e55dea8e-MP_0157.jpg,1446.91,1372.16,1821.7,1511.42,1.0,,0.0968
LocateAnything 3B,mtsd-p11,back of a traffic sign,grp2_e55dea8e-MP_0157.jpg,1557.5,1499.14,1720.32,1941.5,1.0,,0.1336
LocateAnything 3B,mtsd-p11,back of a traffic sign,grp2_e55dea8e-MP_0157.jpg,1723.39,2174.98,1984.51,2256.9,1.0,,0.0758
LocateAnything 3B,mtsd-p11,back of a traffic sign,grp2_ed201818-17.back.jpg,703.08,830.59,1467.4,1512.0,1.0,Other-Unknown,0.9888
LocateAnything 3B,mtsd-p11,back of a traffic sign,grp2_ed201818-17.back.jpg,859.57,1512.0,1419.77,2072.45,1.0,Roundabout Ahead,0.9835
LocateAnything 3B,mtsd-p11,back of a traffic sign,grp2_ed201818-17.back.jpg,966.17,2999.81,1111.32,3471.55,1.0,,0.0
LocateAnything 3B,mtsd-p11,back of a traffic sign,grp2_ed201818-17.back.jpg,1261.01,1100.74,1365.34,1387.01,1.0,,0.0578
LocateAnything 3B,mtsd-p11,back of a traffic sign,grp2_ed201818-17.back.jpg,1261.01,2999.81,1290.49,3471.55,1.0,,0.0
LocateAnything 3B,mtsd-p11,back of a traffic sign,grp2_ee20554d-MP_0115.jpg,0.0,0.0,4027.97,2265.73,1.0,,0.1391
LocateAnything 3B,mtsd-p11,back of a traffic sign,grp2_ee20554d-MP_0115.jpg,745.92,312.98,1733.76,1598.94,1.0,,0.1347
LocateAnything 3B,mtsd-p11,back of a traffic sign,grp2_ee20554d-MP_0115.jpg,3116.74,439.99,3407.04,696.28,1.0,,0.0586
LocateAnything 3B,mtsd-p11,back of a traffic sign,grp2_ee20554d-MP_0115.jpg,3153.02,0.0,3237.7,81.65,1.0,,0.0
LocateAnything 3B,mtsd-p11,back of a traffic sign,grp2_ee20554d-MP_0115.jpg,3225.6,439.99,3322.37,610.09,1.0,,0.013
LocateAnything 3B,mtsd-p11,back of a traffic sign,grp2_ee20554d-MP_0115.jpg,3253.82,657.72,3407.04,689.47,1.0,,0.0038
LocateAnything 3B,mtsd-p11,back of a traffic sign,grp2_ee20554d-MP_0115.jpg,3265.92,659.99,3318.34,684.94,1.0,,0.001
LocateAnything 3B,mtsd-p11,back of a traffic sign,grp2_ee20554d-MP_0115.jpg,3298.18,659.99,3318.34,684.94,1.0,,0.0004
LocateAnything 3B,mtsd-p11,back of a traffic sign,grp2_ee20554d-MP_0115.jpg,3310.27,659.99,3318.34,684.94,1.0,,0.0002
LocateAnything 3B,mtsd-p11,back of a traffic sign,grp2_ee20554d-MP_0115.jpg,1667.23,317.52,4032.0,1002.46,1.0,Blind-Spot Mirror (Convex Mirror),0.5337
LocateAnything 3B,mtsd-p11,back of a traffic sign,grp2_f082e9d0-02.side.jpg,1476.47,649.15,1555.85,866.88,1.0,,0.0
LocateAnything 3B,mtsd-p11,back of a traffic sign,grp2_f082e9d0-02.side.jpg,1492.34,1411.2,1596.67,1507.97,1.0,,0.0
LocateAnything 3B,mtsd-p11,back of a traffic sign,grp2_f082e9d0-02.side.jpg,1503.68,1310.4,1592.14,1366.85,1.0,,0.0
LocateAnything 3B,mtsd-p11,back of a traffic sign,grp2_f082e9d0-02.side.jpg,1508.22,0.0,1583.06,60.48,1.0,,0.0
LocateAnything 3B,mtsd-p11,back of a traffic sign,grp2_f082e9d0-02.side.jpg,1508.22,0.0,1583.06,334.66,1.0,,0.0
LocateAnything 3B,mtsd-p11,back of a traffic sign,grp2_f69ebb76-IMG_20251227_110428.jpg,1206.0,260.0,1503.0,624.0,1.0,,0.0
LocateAnything 3B,mtsd-p11,back of a traffic sign,grp2_f6e60d8b-33.front.back.jpg,898.13,1516.03,1358.53,1975.68,1.0,No Entry (One Way),0.929
LocateAnything 3B,mtsd-p11,back of a traffic sign,grp2_f6e60d8b-33.front.back.jpg,1539.97,2548.22,1800.79,2737.73,1.0,,0.0
LocateAnything 3B,mtsd-p11,back of a traffic sign,grp3_09e3faa9-IMG_20251203_121602.jpg,1202.58,877.2,2239.92,1750.32,1.0,No Entry (One Way),0.9915
LocateAnything 3B,mtsd-p11,back of a traffic sign,grp3_09e3faa9-IMG_20251203_121602.jpg,1245.42,1130.16,2175.66,1415.76,1.0,,0.2953
LocateAnything 3B,mtsd-p11,back of a traffic sign,grp3_09e3faa9-IMG_20251203_121602.jpg,1248.48,1366.8,2166.48,1721.76,1.0,,0.3622
LocateAnything 3B,mtsd-p11,back of a traffic sign,grp3_09e3faa9-IMG_20251203_121602.jpg,1248.48,1317.84,2175.66,1411.68,1.0,,0.0967
LocateAnything 3B,mtsd-p11,back of a traffic sign,grp3_16b18930-IMG_4415.jpeg,1306.37,1443.46,1835.57,1955.52,1.0,No Entry (One Way),0.9823
LocateAnything 3B,mtsd-p11,back of a traffic sign,grp3_16b18930-IMG_4415.jpeg,1318.46,1632.96,1805.33,1757.95,1.0,,0.2282
LocateAnything 3B,mtsd-p11,back of a traffic sign,grp3_16b18930-IMG_4415.jpeg,1835.57,3136.9,1980.72,3249.79,1.0,,0.0
LocateAnything 3B,mtsd-p11,back of a traffic sign,grp3_16b18930-IMG_4415.jpeg,2004.91,3157.06,2131.92,3261.89,1.0,,0.0
LocateAnything 3B,mtsd-p11,back of a traffic sign,grp3_16b18930-IMG_4415.jpeg,2718.58,3112.7,2824.42,3217.54,1.0,,0.0
LocateAnything 3B,mtsd-p11,back of a traffic sign,grp3_16b18930-IMG_4415.jpeg,2836.51,3084.48,2945.38,3189.31,1.0,,0.0
LocateAnything 3B,mtsd-p11,back of a traffic sign,grp3_17e38feb-20251129_115024.jpg,881.28,1697.28,1673.82,2550.0,1.0,Stop Sign,0.9582
LocateAnything 3B,mtsd-p11,back of a traffic sign,grp3_17e38feb-20251129_115024.jpg,1820.7,3227.28,1869.66,3288.48,1.0,No Entry (One Way),0.6876
LocateAnything 3B,mtsd-p11,back of a traffic sign,grp3_17e38feb-20251129_115024.jpg,2750.94,3121.2,2809.08,3174.24,1.0,No Entry (One Way),0.7986
LocateAnything 3B,mtsd-p11,back of a traffic sign,grp3_19cc8708-IMG_20251203_095416.jpg,1095.48,1762.56,1276.02,2366.4,1.0,Street Sign,0.9612
LocateAnything 3B,mtsd-p11,back of a traffic sign,grp3_19cc8708-IMG_20251203_095416.jpg,1150.56,1073.04,1820.7,1652.4,1.0,No Entry (One Way),0.9863
LocateAnything 3B,mtsd-p11,back of a traffic sign,grp3_19cc8708-IMG_20251203_095416.jpg,1930.86,3386.4,2276.64,3757.68,1.0,,0.0
LocateAnything 3B,mtsd-p11,back of a traffic sign,grp3_19cc8708-IMG_20251203_095416.jpg,2028.78,3431.28,2441.88,3973.92,1.0,,0.0
LocateAnything 3B,mtsd-p11,back of a traffic sign,grp3_19cc8708-IMG_20251203_095416.jpg,2154.24,3455.76,3060.0,4080.0,1.0,,0.0
LocateAnything 3B,mtsd-p11,back of a traffic sign,grp3_19cc8708-IMG_20251203_095416.jpg,2451.06,1407.6,3060.0,3574.08,1.0,,0.0
LocateAnything 3B,mtsd-p11,back of a traffic sign,grp3_19cc8708-IMG_20251203_095416.jpg,2796.84,2060.4,3060.0,2305.2,1.0,,0.0
LocateAnything 3B,mtsd-p11,back of a traffic sign,grp3_19cc8708-IMG_20251203_095416.jpg,2907.0,2541.84,3060.0,2786.64,1.0,,0.0
LocateAnything 3B,mtsd-p11,back of a traffic sign,grp3_22c38c39-IMG_4293.jpeg,1834.56,1100.74,2407.1,1735.78,1.0,,0.0
LocateAnything 3B,mtsd-p11,back of a traffic sign,grp3_25e08496-IMG_9116.jpg,2917.4,3341.52,4279.72,5380.7,1.0,,0.0
LocateAnything 3B,mtsd-p11,back of a traffic sign,grp3_25e08496-IMG_9116.jpg,3718.51,3467.18,4112.64,3798.48,1.0,,0.0
LocateAnything 3B,mtsd-p11,back of a traffic sign,grp3_25e08496-IMG_9116.jpg,3825.61,3467.18,4279.72,3787.06,1.0,,0.0
LocateAnything 3B,mtsd-p11,back of a traffic sign,grp3_2b9ed5a1-IMG_4416.jpeg,1369.87,1024.13,2004.91,2032.13,1.0,No Entry (One Way),0.9895
LocateAnything 3B,mtsd-p11,back of a traffic sign,grp3_2b9ed5a1-IMG_4416.jpeg,1375.92,2556.29,1563.41,2979.65,1.0,,0.0
LocateAnything 3B,mtsd-p11,back of a traffic sign,grp3_2b9ed5a1-IMG_4416.jpeg,1394.06,1757.95,1530.14,2003.9,1.0,,0.0528
LocateAnything 3B,mtsd-p11,back of a traffic sign,grp3_2b9ed5a1-IMG_4416.jpeg,2101.68,1923.26,2216.59,2157.12,1.0,,0.0
LocateAnything 3B,mtsd-p11,back of a traffic sign,grp3_2b9ed5a1-IMG_4416.jpeg,2110.75,1636.99,2195.42,1858.75,1.0,,0.0
LocateAnything 3B,mtsd-p11,back of a traffic sign,grp3_2b9ed5a1-IMG_4416.jpeg,2116.8,2511.94,2201.47,2640.96,1.0,,0.0
LocateAnything 3B,mtsd-p11,back of a traffic sign,grp3_2b9ed5a1-IMG_4416.jpeg,2195.42,2515.97,2292.19,2624.83,1.0,,0.0
LocateAnything 3B,mtsd-p11,back of a traffic sign,grp3_2b9ed5a1-IMG_4416.jpeg,2295.22,2520.0,2382.91,2620.8,1.0,,0.0
LocateAnything 3B,mtsd-p11,back of a traffic sign,grp3_2b9ed5a1-IMG_4416.jpeg,2304.29,2673.22,2413.15,3112.7,1.0,,0.0
LocateAnything 3B,mtsd-p11,back of a traffic sign,grp3_2b9ed5a1-IMG_4416.jpeg,2500.85,1008.0,2588.54,1141.06,1.0,,0.0
LocateAnything 3B,mtsd-p11,back of a traffic sign,grp3_2b9ed5a1-IMG_4416.jpeg,2646.0,2286.14,2742.77,2346.62,1.0,,0.0
LocateAnything 3B,mtsd-p11,back of a traffic sign,grp3_2b9ed5a1-IMG_4416.jpeg,2688.34,1866.82,2763.94,2076.48,1.0,,0.0
LocateAnything 3B,mtsd-p11,back of a traffic sign,grp3_2b9ed5a1-IMG_4416.jpeg,2776.03,1826.5,2848.61,2068.42,1.0,,0.0
LocateAnything 3B,mtsd-p11,back of a traffic sign,grp3_2b9ed5a1-IMG_4416.jpeg,2836.51,1826.5,2909.09,2060.35,1.0,,0.0
LocateAnything 3B,mtsd-p11,back of a traffic sign,grp3_2b9ed5a1-IMG_4416.jpeg,2890.94,1806.34,2969.57,2052.29,1.0,,0.0
LocateAnything 3B,mtsd-p11,back of a traffic sign,grp3_2b9ed5a1-IMG_4416.jpeg,2951.42,1798.27,3020.98,2044.22,1.0,,0.0
LocateAnything 3B,mtsd-p11,back of a traffic sign,grp3_2b9ed5a1-IMG_4416.jpeg,2957.47,858.82,3020.98,987.84,1.0,,0.0
LocateAnything 3B,mtsd-p11,back of a traffic sign,grp3_2b9ed5a1-IMG_4416.jpeg,2987.71,858.82,3020.98,979.78,1.0,,0.0
LocateAnything 3B,mtsd-p11,back of a traffic sign,grp3_458db4bf-IMG_9314.jpg,1049.58,2136.29,1645.06,2861.71,1.0,Street Sign,0.6343
LocateAnything 3B,mtsd-p11,back of a traffic sign,grp3_458db4bf-IMG_9314.jpg,2043.47,531.22,2274.8,685.44,1.0,,0.0
LocateAnything 3B,mtsd-p11,back of a traffic sign,grp3_458db4bf-IMG_9314.jpg,2060.6,1245.22,2133.43,1365.17,1.0,,0.0
LocateAnything 3B,mtsd-p11,back of a traffic sign,grp3_458db4bf-IMG_9314.jpg,2159.14,1290.91,2231.96,1416.58,1.0,,0.0
LocateAnything 3B,mtsd-p11,back of a traffic sign,grp3_458db4bf-IMG_9314.jpg,2171.99,474.1,2249.1,542.64,1.0,,0.0
LocateAnything 3B,mtsd-p11,back of a traffic sign,grp3_458db4bf-IMG_9314.jpg,2244.82,1382.3,2313.36,1450.85,1.0,,0.0
LocateAnything 3B,mtsd-p11,back of a traffic sign,grp3_458db4bf-IMG_9314.jpg,2291.94,416.98,2377.62,531.22,1.0,,0.0
LocateAnything 3B,mtsd-p11,back of a traffic sign,grp3_458db4bf-IMG_9314.jpg,2420.46,428.4,2506.14,519.79,1.0,,0.0
LocateAnything 3B,mtsd-p11,back of a traffic sign,grp3_458db4bf-IMG_9314.jpg,2977.38,5357.86,3058.78,5506.37,1.0,,0.0
LocateAnything 3B,mtsd-p11,back of a traffic sign,grp3_458db4bf-IMG_9314.jpg,3063.06,5300.74,3153.02,5494.94,1.0,,0.0
LocateAnything 3B,mtsd-p11,back of a traffic sign,grp3_458db4bf-IMG_9314.jpg,3195.86,5295.02,3277.26,5500.66,1.0,,0.0
LocateAnything 3B,mtsd-p11,back of a traffic sign,grp3_458db4bf-IMG_9314.jpg,3542.87,5317.87,3624.26,5529.22,1.0,,0.0
LocateAnything 3B,mtsd-p11,back of a traffic sign,grp3_458db4bf-IMG_9314.jpg,3598.56,5340.72,3667.1,5534.93,1.0,,0.0
LocateAnything 3B,mtsd-p11,back of a traffic sign,grp3_458db4bf-IMG_9314.jpg,3898.44,4958.02,3975.55,4986.58,1.0,,0.0
LocateAnything 3B,mtsd-p11,back of a traffic sign,grp3_458db4bf-IMG_9314.jpg,4086.94,4918.03,4181.18,4980.86,1.0,,0.0
LocateAnything 3B,mtsd-p11,back of a traffic sign,grp3_458db4bf-IMG_9314.jpg,4095.5,4923.74,4189.75,4958.02,1.0,,0.0
LocateAnything 3B,mtsd-p11,back of a traffic sign,grp3_4d14c289-20251129_122448.jpg,1315.8,1073.04,1811.52,1770.72,1.0,No Entry (One Way),0.8664
LocateAnything 3B,mtsd-p11,back of a traffic sign,grp3_4d14c289-20251129_122448.jpg,1398.42,2541.84,1505.52,2700.96,1.0,No Entry (One Way),0.8674
LocateAnything 3B,mtsd-p11,back of a traffic sign,grp3_4d14c289-20251129_122448.jpg,1533.06,3814.8,1869.66,4080.0,1.0,Directional Sign,0.9427
LocateAnything 3B,mtsd-p11,back of a traffic sign,grp3_4d14c289-20251129_122448.jpg,2010.42,2019.6,2200.14,2195.04,1.0,,0.0
LocateAnything 3B,mtsd-p11,back of a traffic sign,grp3_4d14c289-20251129_122448.jpg,2013.48,2635.68,2190.96,2941.68,1.0,,0.0
LocateAnything 3B,mtsd-p11,back of a traffic sign,grp3_4d14c289-20251129_122448.jpg,2013.48,2076.72,2588.76,2195.04,1.0,,0.0
LocateAnything 3B,mtsd-p11,back of a traffic sign,grp3_4daf8454-IMG_4356.jpeg,2709.5,3032.06,2773.01,3112.7,1.0,,0.0
LocateAnything 3B,mtsd-p11,back of a traffic sign,grp3_4daf8454-IMG_4356.jpeg,2800.22,3056.26,2830.46,3092.54,1.0,,0.3684
LocateAnything 3B,mtsd-p11,back of a traffic sign,grp3_4daf8454-IMG_4356.jpeg,2806.27,3052.22,2830.46,3080.45,1.0,,0.3791
LocateAnything 3B,mtsd-p11,back of a traffic sign,grp3_5881a320-IMG_9141.jpg,2069.17,3198.72,2870.28,4575.31,1.0,Blind-Spot Mirror (Convex Mirror),0.9677
LocateAnything 3B,mtsd-p11,back of a traffic sign,grp3_5881a320-IMG_9141.jpg,2206.26,1999.2,2861.71,4575.31,1.0,,0.479
LocateAnything 3B,mtsd-p11,back of a traffic sign,grp3_5a350ee3-IMG_9144.jpg,1516.54,1913.52,2600.39,2941.68,1.0,Stop Sign,0.9713
LocateAnything 3B,mtsd-p11,back of a traffic sign,grp3_5a350ee3-IMG_9144.jpg,1756.44,3238.7,1884.96,3849.89,1.0,Directional Sign,0.9224
LocateAnything 3B,mtsd-p11,back of a traffic sign,grp3_5a350ee3-IMG_9144.jpg,1786.43,2890.27,1897.81,3250.13,1.0,No Entry (One Way),0.8725
LocateAnything 3B,mtsd-p11,back of a traffic sign,grp3_5a5ec99c-IMG_4369.jpeg,1257.98,2886.91,1388.02,3060.29,1.0,,0.0
LocateAnything 3B,mtsd-p11,back of a traffic sign,grp3_5a5ec99c-IMG_4369.jpeg,2207.52,3157.06,2292.19,3273.98,1.0,,0.0
LocateAnything 3B,mtsd-p11,back of a traffic sign,grp3_5a5ec99c-IMG_4369.jpeg,2280.1,3153.02,2352.67,3265.92,1.0,,0.0
LocateAnything 3B,mtsd-p11,back of a traffic sign,grp3_5a5ec99c-IMG_4369.jpeg,2334.53,3148.99,2407.1,3257.86,1.0,,0.0
LocateAnything 3B,mtsd-p11,back of a traffic sign,grp3_5a849df3-20251129_113801.jpg,1095.48,718.08,1836.0,1452.48,1.0,Other-Unknown,0.9951
LocateAnything 3B,mtsd-p11,back of a traffic sign,grp3_5a849df3-20251129_113801.jpg,1181.16,1460.64,1780.92,2027.76,1.0,Roundabout Ahead,0.9744
LocateAnything 3B,mtsd-p11,back of a traffic sign,grp3_5a849df3-20251129_113801.jpg,2145.06,2586.72,2200.14,2913.12,1.0,,0.0
LocateAnything 3B,mtsd-p11,back of a traffic sign,grp3_5a849df3-20251129_113801.jpg,2573.46,2578.56,2634.66,2705.04,1.0,Other-Unknown,0.5107
LocateAnything 3B,mtsd-p11,back of a traffic sign,grp3_5a849df3-20251129_113801.jpg,2741.76,2142.0,2839.68,2195.04,1.0,,0.0
LocateAnything 3B,mtsd-p11,back of a traffic sign,grp3_5a849df3-20251129_113801.jpg,2757.06,2260.32,2873.34,2443.92,1.0,,0.0
LocateAnything 3B,mtsd-p11,back of a traffic sign,grp3_5a849df3-20251129_113801.jpg,2907.0,2533.68,2913.12,2672.4,1.0,,0.0
LocateAnything 3B,mtsd-p11,back of a traffic sign,grp3_5a849df3-20251129_113801.jpg,2913.12,2235.84,3041.64,2415.36,1.0,,0.0
LocateAnything 3B,mtsd-p11,back of a traffic sign,grp3_5a849df3-20251129_113801.jpg,2916.18,2121.6,2998.8,2166.48,1.0,,0.0
LocateAnything 3B,mtsd-p11,back of a traffic sign,grp3_5a849df3-20251129_113801.jpg,2925.36,2517.36,2992.68,2647.92,1.0,,0.0
LocateAnything 3B,mtsd-p11,back of a traffic sign,grp3_5a849df3-20251129_113801.jpg,1415.25,1156.68,3060.0,3323.16,1.0,,0.0553
LocateAnything 3B,mtsd-p11,back of a traffic sign,grp3_5a849df3-20251129_113801.jpg,2949.84,2239.92,3056.94,2647.92,1.0,,0.0
LocateAnything 3B,mtsd-p11,back of a traffic sign,grp3_5a849df3-20251129_113801.jpg,3004.92,2239.92,3056.94,2647.92,1.0,,0.0
LocateAnything 3B,mtsd-p11,back of a traffic sign,grp3_5e7ebbc1-IMG_4337.jpeg,0.0,0.0,4027.97,3024.0,1.0,,0.0108
LocateAnything 3B,mtsd-p11,back of a traffic sign,grp3_5e84f6fa-20251129_114532.jpg,771.12,1260.72,1845.18,2256.24,1.0,No Entry (One Way),0.9859
LocateAnything 3B,mtsd-p11,back of a traffic sign,grp3_5e84f6fa-20251129_114532.jpg,2907.0,2778.48,2949.84,2815.2,1.0,No Entry (One Way),0.7043
LocateAnything 3B,mtsd-p11,back of a traffic sign,grp3_62bcab50-IMG_20251203_121207.jpg,1627.92,456.96,1857.42,4080.0,1.0,,0.0
LocateAnything 3B,mtsd-p11,back of a traffic sign,grp3_64c9c943-IMG_20251203_121935.jpg,1924.74,489.6,1992.06,2586.72,1.0,,0.0362
LocateAnything 3B,mtsd-p11,back of a traffic sign,grp3_66257b80-IMG_9242.jpg,0.0,3198.72,98.53,3815.62,1.0,,0.0
LocateAnything 3B,mtsd-p11,back of a traffic sign,grp3_66257b80-IMG_9242.jpg,556.92,2918.83,1135.26,3849.89,1.0,,0.0
LocateAnything 3B,mtsd-p11,back of a traffic sign,grp3_66257b80-IMG_9242.jpg,1576.51,3547.15,2313.36,4626.72,1.0,,0.0
LocateAnything 3B,mtsd-p11,back of a traffic sign,grp3_66257b80-IMG_9242.jpg,2022.05,4575.31,2386.19,5706.29,1.0,,0.0
LocateAnything 3B,mtsd-p11,back of a traffic sign,grp3_66257b80-IMG_9242.jpg,2360.48,2907.41,3067.34,4752.38,1.0,,0.0
LocateAnything 3B,mtsd-p11,back of a traffic sign,grp3_66257b80-IMG_9242.jpg,2459.02,4958.02,2836.01,5712.0,1.0,,0.0
LocateAnything 3B,mtsd-p11,back of a traffic sign,grp3_66257b80-IMG_9242.jpg,2746.04,4329.7,3088.76,4769.52,1.0,,0.0
LocateAnything 3B,mtsd-p11,back of a traffic sign,grp3_66257b80-IMG_9242.jpg,3272.98,3010.22,4275.43,3364.37,1.0,,0.0
LocateAnything 3B,mtsd-p11,back of a traffic sign,grp3_66257b80-IMG_9242.jpg,3431.48,4575.31,4284.0,5323.58,1.0,,0.0
LocateAnything 3B,mtsd-p11,back of a traffic sign,grp3_66257b80-IMG_9242.jpg,3769.92,3946.99,4284.0,4575.31,1.0,,0.0
LocateAnything 3B,mtsd-p11,back of a traffic sign,grp3_66257b80-IMG_9242.jpg,4044.1,3381.5,4284.0,3946.99,1.0,,0.0
LocateAnything 3B,mtsd-p11,back of a traffic sign,grp3_66257b80-IMG_9242.jpg,4069.8,5266.46,4284.0,5712.0,1.0,,0.0
LocateAnything 3B,mtsd-p11,back of a traffic sign,grp3_66257b80-IMG_9242.jpg,4172.62,3381.5,4284.0,3946.99,1.0,,0.0
LocateAnything 3B,mtsd-p11,back of a traffic sign,grp3_6a5c994c-IMG_9361.jpg,1602.22,3872.74,2737.48,4986.58,1.0,,0.0269
LocateAnything 3B,mtsd-p11,back of a traffic sign,grp3_6a5c994c-IMG_9361.jpg,1824.98,1148.11,2523.28,2747.47,1.0,Other-Unknown,0.9608
LocateAnything 3B,mtsd-p11,back of a traffic sign,grp3_6a5c994c-IMG_9361.jpg,1897.81,2633.23,2429.03,3986.98,1.0,Roundabout Ahead,0.9414
LocateAnything 3B,mtsd-p11,back of a traffic sign,grp3_6a5c994c-IMG_9361.jpg,2746.04,3707.09,3564.29,4900.9,1.0,,0.0
LocateAnything 3B,mtsd-p11,back of a traffic sign,grp3_6a5c994c-IMG_9361.jpg,3748.5,5203.63,4078.37,5706.29,1.0,,0.0
LocateAnything 3B,mtsd-p11,back of a traffic sign,grp3_6a5c994c-IMG_9361.jpg,4164.05,4998.0,4284.0,5306.45,1.0,,0.0
LocateAnything 3B,mtsd-p11,back of a traffic sign,grp3_729363da-IMG_4319.jpeg,0.0,0.0,662.26,1955.52,1.0,,0.0
LocateAnything 3B,mtsd-p11,back of a traffic sign,grp3_729363da-IMG_4319.jpeg,1375.92,1503.94,1986.77,2157.12,1.0,Stop Sign,0.9667
LocateAnything 3B,mtsd-p11,back of a traffic sign,grp3_729363da-IMG_4319.jpeg,2624.83,2407.1,2724.62,2532.1,1.0,,0.0
LocateAnything 3B,mtsd-p11,back of a traffic sign,grp3_729363da-IMG_4319.jpeg,2721.6,2032.13,2863.73,2189.38,1.0,,0.0
LocateAnything 3B,mtsd-p11,back of a traffic sign,grp3_729363da-IMG_4319.jpeg,1428.84,1796.26,3024.0,3130.85,1.0,,0.0891
LocateAnything 3B,mtsd-p11,back of a traffic sign,grp3_729363da-IMG_4319.jpeg,2945.38,2673.22,3020.98,2782.08,1.0,,0.0
LocateAnything 3B,mtsd-p11,back of a traffic sign,grp3_729363da-IMG_4319.jpeg,2948.4,2036.16,3020.98,2189.38,1.0,,0.0
LocateAnything 3B,mtsd-p11,back of a traffic sign,grp3_729363da-IMG_4319.jpeg,2984.69,2673.22,3020.98,2782.08,1.0,,0.0
LocateAnything 3B,mtsd-p11,back of a traffic sign,grp3_729363da-IMG_4319.jpeg,3005.86,2673.22,3020.98,2782.08,1.0,,0.0
LocateAnything 3B,mtsd-p11,back of a traffic sign,grp3_729363da-IMG_4319.jpeg,3014.93,2673.22,3020.98,2782.08,1.0,,0.0
LocateAnything 3B,mtsd-p11,back of a traffic sign,grp3_72ce7bb8-IMG_20251203_121930.jpg,1334.16,281.52,1881.9,942.48,1.0,No Entry (One Way),0.9723
LocateAnything 3B,mtsd-p11,back of a traffic sign,grp3_72ce7bb8-IMG_20251203_121930.jpg,1337.22,922.08,1927.8,1595.28,1.0,Directional Sign,0.9865
LocateAnything 3B,mtsd-p11,back of a traffic sign,grp3_733addec-IMG_9083.jpg,2146.28,585.48,4284.0,3458.62,1.0,,0.0
LocateAnything 3B,mtsd-p11,back of a traffic sign,grp3_733addec-IMG_9083.jpg,3534.3,4284.0,3975.55,4506.77,1.0,,0.0
LocateAnything 3B,mtsd-p11,back of a traffic sign,grp3_733addec-IMG_9083.jpg,4056.95,3929.86,4181.18,4078.37,1.0,,0.0
LocateAnything 3B,mtsd-p11,back of a traffic sign,grp3_733addec-IMG_9083.jpg,4112.64,4295.42,4241.16,4466.78,1.0,,0.0
LocateAnything 3B,mtsd-p11,back of a traffic sign,grp3_733addec-IMG_9083.jpg,4155.48,4295.42,4279.72,4455.36,1.0,,0.0
LocateAnything 3B,mtsd-p11,back of a traffic sign,grp3_733addec-IMG_9083.jpg,4219.74,4295.42,4279.72,4455.36,1.0,,0.0
LocateAnything 3B,mtsd-p11,back of a traffic sign,grp3_7b58307a-IMG_20251203_094229.jpg,1575.9,281.52,1698.3,4075.92,1.0,,0.0
LocateAnything 3B,mtsd-p11,back of a traffic sign,grp3_87ee400a-IMG_9122.jpg,0.0,5306.45,711.14,5706.29,1.0,,0.0
LocateAnything 3B,mtsd-p11,back of a traffic sign,grp3_87ee400a-IMG_9122.jpg,0.0,4506.77,1118.12,5340.72,1.0,,0.0
LocateAnything 3B,mtsd-p11,back of a traffic sign,grp3_87ee400a-IMG_9122.jpg,0.0,3815.62,1375.16,4558.18,1.0,,0.0
LocateAnything 3B,mtsd-p11,back of a traffic sign,grp3_87ee400a-IMG_9122.jpg,724.0,5243.62,2077.74,5712.0,1.0,,0.0
LocateAnything 3B,mtsd-p11,back of a traffic sign,grp3_87ee400a-IMG_9122.jpg,1071.0,4483.92,1735.02,5295.02,1.0,,0.0
LocateAnything 3B,mtsd-p11,back of a traffic sign,grp3_87ee400a-IMG_9122.jpg,1717.88,4461.07,2077.74,5220.77,1.0,,0.0
LocateAnything 3B,mtsd-p11,back of a traffic sign,grp3_87ee400a-IMG_9122.jpg,2180.56,4472.5,2806.02,5226.48,1.0,,0.0
LocateAnything 3B,mtsd-p11,back of a traffic sign,grp3_87ee400a-IMG_9122.jpg,2291.94,5077.97,3195.86,5712.0,1.0,,0.0
LocateAnything 3B,mtsd-p11,back of a traffic sign,grp3_87ee400a-IMG_9122.jpg,2780.32,4466.78,3354.37,5117.95,1.0,,0.0
LocateAnything 3B,mtsd-p11,back of a traffic sign,grp3_87ee400a-IMG_9122.jpg,3165.88,4986.58,3769.92,5700.58,1.0,,0.0
LocateAnything 3B,mtsd-p11,back of a traffic sign,grp3_87ee400a-IMG_9122.jpg,3332.95,4455.36,3915.58,5026.56,1.0,,0.0
LocateAnything 3B,mtsd-p11,back of a traffic sign,grp3_87ee400a-IMG_9122.jpg,3598.56,5392.13,4104.07,5712.0,1.0,,0.0
LocateAnything 3B,mtsd-p11,back of a traffic sign,grp3_87ee400a-IMG_9122.jpg,3727.08,4889.47,4189.75,5494.94,1.0,,0.0
LocateAnything 3B,mtsd-p11,back of a traffic sign,grp3_87ee400a-IMG_9122.jpg,3872.74,4443.94,4275.43,4918.03,1.0,,0.0
LocateAnything 3B,mtsd-p11,back of a traffic sign,grp3_87ee400a-IMG_9122.jpg,4069.8,5300.74,4284.0,5712.0,1.0,,0.0
LocateAnything 3B,mtsd-p11,back of a traffic sign,grp3_87ee400a-IMG_9122.jpg,4146.91,4849.49,4284.0,5323.58,1.0,,0.0
LocateAnything 3B,mtsd-p11,back of a traffic sign,grp3_87ee400a-IMG_9122.jpg,4164.05,4443.94,4284.0,4832.35,1.0,,0.0
LocateAnything 3B,mtsd-p11,back of a traffic sign,grp3_8c6aa47e-IMG_20251203_121607.jpg,0.0,0.0,3056.94,4075.92,1.0,,0.1013
LocateAnything 3B,mtsd-p11,back of a traffic sign,grp3_8d66655f-IMG_4305.jpeg,1418.26,1302.34,1956.53,1874.88,1.0,Blind-Spot Mirror (Convex Mirror),0.9696
LocateAnything 3B,mtsd-p11,back of a traffic sign,grp3_8d66655f-IMG_4305.jpeg,1487.81,1794.24,1814.4,2447.42,1.0,Blind-Spot Mirror (Convex Mirror),0.9571
LocateAnything 3B,mtsd-p11,back of a traffic sign,grp3_913cab50-IMG_20251204_094538.jpg,749.7,1517.76,2142.0,2962.08,1.0,No Entry (One Way),0.9891
LocateAnything 3B,mtsd-p11,back of a traffic sign,grp3_915b758c-IMG_4287.jpeg,1369.87,1427.33,1847.66,1987.78,1.0,No Entry (One Way),0.9557
LocateAnything 3B,mtsd-p11,back of a traffic sign,grp3_915b758c-IMG_4287.jpeg,1481.76,2967.55,1657.15,3548.16,1.0,,0.0
LocateAnything 3B,mtsd-p11,back of a traffic sign,grp3_915b758c-IMG_4287.jpeg,1617.84,878.98,1859.76,1632.96,1.0,,0.1164
LocateAnything 3B,mtsd-p11,back of a traffic sign,grp3_915b758c-IMG_4287.jpeg,1865.81,439.49,1962.58,649.15,1.0,,0.0
LocateAnything 3B,mtsd-p11,back of a traffic sign,grp3_915b758c-IMG_4287.jpeg,2624.83,0.0,3020.98,254.02,1.0,,0.0
LocateAnything 3B,mtsd-p11,back of a traffic sign,grp3_915b758c-IMG_4287.jpeg,2788.13,0.0,3020.98,633.02,1.0,,0.0
LocateAnything 3B,mtsd-p11,back of a traffic sign,grp3_940c99a8-IMG_9166.jpg,2120.58,1742.16,2463.3,2918.83,1.0,Stop Sign,0.936
LocateAnything 3B,mtsd-p11,back of a traffic sign,grp3_940c99a8-IMG_9166.jpg,3153.02,5243.62,3431.48,5460.67,1.0,,0.0
LocateAnything 3B,mtsd-p11,back of a traffic sign,grp3_940c99a8-IMG_9166.jpg,3542.87,5232.19,3817.04,5437.82,1.0,,0.0
LocateAnything 3B,mtsd-p11,back of a traffic sign,grp3_940c99a8-IMG_9166.jpg,3739.93,5243.62,3804.19,5426.4,1.0,,0.0
LocateAnything 3B,mtsd-p11,back of a traffic sign,grp3_940c99a8-IMG_9166.jpg,3765.64,5243.62,3804.19,5392.13,1.0,,0.0
LocateAnything 3B,mtsd-p11,back of a traffic sign,grp3_940c99a8-IMG_9166.jpg,3787.06,5243.62,3804.19,5392.13,1.0,,0.0
LocateAnything 3B,mtsd-p11,back of a traffic sign,grp3_940c99a8-IMG_9166.jpg,3795.62,5243.62,3804.19,5392.13,1.0,,0.0
LocateAnything 3B,mtsd-p11,back of a traffic sign,grp3_940c99a8-IMG_9166.jpg,1906.38,2547.55,4284.0,5712.0,1.0,,0.0759
LocateAnything 3B,mtsd-p11,back of a traffic sign,grp3_9e3990fa-20251129_124245.jpg,608.94,1387.2,1667.7,2970.24,1.0,Blind-Spot Mirror (Convex Mirror),0.6023
LocateAnything 3B,mtsd-p11,back of a traffic sign,grp3_9e3990fa-20251129_124245.jpg,2242.98,2084.88,2347.02,2684.64,1.0,,0.0227
LocateAnything 3B,mtsd-p11,back of a traffic sign,grp3_9e3990fa-20251129_124245.jpg,2246.04,2182.8,2319.48,2297.04,1.0,,0.003
LocateAnything 3B,mtsd-p11,back of a traffic sign,grp3_9e3990fa-20251129_124245.jpg,2270.52,2182.8,2343.96,2292.96,1.0,,0.0029
LocateAnything 3B,mtsd-p11,back of a traffic sign,grp3_9e3990fa-20251129_124245.jpg,2307.24,2182.8,2343.96,2292.96,1.0,,0.0015
LocateAnything 3B,mtsd-p11,back of a traffic sign,grp3_9e3990fa-20251129_124245.jpg,2328.66,2182.8,2343.96,2292.96,1.0,,0.0006
LocateAnything 3B,mtsd-p11,back of a traffic sign,grp3_9e3990fa-20251129_124245.jpg,2337.84,2182.8,2343.96,2292.96,1.0,,0.0002
LocateAnything 3B,mtsd-p11,back of a traffic sign,grp3_9e3990fa-20251129_124245.jpg,1175.04,1036.32,3060.0,3329.28,1.0,,0.3574
LocateAnything 3B,mtsd-p11,back of a traffic sign,grp3_9eaf77cf-IMG_4402.jpeg,1334.59,1100.74,2052.29,1835.57,1.0,,0.0
LocateAnything 3B,mtsd-p11,back of a traffic sign,grp3_9eaf77cf-IMG_4402.jpeg,1342.66,2464.56,2386.94,2685.31,1.0,,0.0
LocateAnything 3B,mtsd-p11,back of a traffic sign,grp3_9eaf77cf-IMG_4402.jpeg,2330.5,1962.58,2540.16,2125.87,1.0,,0.0
LocateAnything 3B,mtsd-p11,back of a traffic sign,grp3_9eaf77cf-IMG_4402.jpeg,2358.72,2261.95,2560.32,2836.51,1.0,,0.0
LocateAnything 3B,mtsd-p11,back of a traffic sign,grp3_9eaf77cf-IMG_4402.jpeg,2374.85,1572.48,2540.16,1714.61,1.0,,0.0
LocateAnything 3B,mtsd-p11,back of a traffic sign,grp3_9eaf77cf-IMG_4402.jpeg,2463.55,1224.72,2649.02,1330.56,1.0,,0.0
LocateAnything 3B,mtsd-p11,back of a traffic sign,grp3_9eaf77cf-IMG_4402.jpeg,2491.78,958.61,2624.83,1067.47,1.0,,0.0
LocateAnything 3B,mtsd-p11,back of a traffic sign,grp3_9eaf77cf-IMG_4402.jpeg,2584.51,698.54,2640.96,771.12,1.0,,0.0
LocateAnything 3B,mtsd-p11,back of a traffic sign,grp3_9eaf77cf-IMG_4402.jpeg,2592.58,501.98,2717.57,595.73,1.0,,0.0
LocateAnything 3B,mtsd-p11,back of a traffic sign,grp3_9eaf77cf-IMG_4402.jpeg,2709.5,2431.3,2955.46,2788.13,1.0,,0.0
LocateAnything 3B,mtsd-p11,back of a traffic sign,grp3_9eaf77cf-IMG_4402.jpeg,2802.24,1515.02,3007.87,1735.78,1.0,,0.0
LocateAnything 3B,mtsd-p11,back of a traffic sign,grp3_9eaf77cf-IMG_4402.jpeg,2806.27,1986.77,3056.26,2147.04,1.0,,0.0
LocateAnything 3B,mtsd-p11,back of a traffic sign,grp3_9eaf77cf-IMG_4402.jpeg,2999.81,2860.7,3124.8,3017.95,1.0,,0.0
LocateAnything 3B,mtsd-p11,back of a traffic sign,grp3_9eaf77cf-IMG_4402.jpeg,3124.8,0.0,4027.97,1394.06,1.0,,0.0
LocateAnything 3B,mtsd-p11,back of a traffic sign,grp3_9eaf77cf-IMG_4402.jpeg,3411.07,1460.59,4027.97,3017.95,1.0,,0.0
LocateAnything 3B,mtsd-p11,back of a traffic sign,grp3_9eaf77cf-IMG_4402.jpeg,3757.82,1475.71,4027.97,2334.53,1.0,,0.0
LocateAnything 3B,mtsd-p11,back of a traffic sign,grp3_9eaf77cf-IMG_4402.jpeg,3765.89,2522.02,4027.97,3017.95,1.0,,0.0
LocateAnything 3B,mtsd-p11,back of a traffic sign,grp3_9eaf77cf-IMG_4402.jpeg,3769.92,0.0,4027.97,154.22,1.0,,0.0
LocateAnything 3B,mtsd-p11,back of a traffic sign,grp3_a2b6698c-IMG_4431.jpeg,266.11,2872.8,439.49,3017.95,1.0,,0.0
LocateAnything 3B,mtsd-p11,back of a traffic sign,grp3_a2b6698c-IMG_4431.jpeg,322.56,2615.76,512.06,2878.85,1.0,,0.0
LocateAnything 3B,mtsd-p11,back of a traffic sign,grp3_a2b6698c-IMG_4431.jpeg,383.04,2020.03,669.31,2624.83,1.0,,0.0
LocateAnything 3B,mtsd-p11,back of a traffic sign,grp3_a2b6698c-IMG_4431.jpeg,415.3,2797.2,733.82,3017.95,1.0,,0.0
LocateAnything 3B,mtsd-p11,back of a traffic sign,grp3_a2b6698c-IMG_4431.jpeg,471.74,2159.14,887.04,2809.3,1.0,,0.0
LocateAnything 3B,mtsd-p11,back of a traffic sign,grp3_a2b6698c-IMG_4431.jpeg,512.06,1626.91,786.24,2038.18,1.0,,0.0
LocateAnything 3B,mtsd-p11,back of a traffic sign,grp3_a2b6698c-IMG_4431.jpeg,608.83,1282.18,858.82,1635.98,1.0,,0.0
LocateAnything 3B,mtsd-p11,back of a traffic sign,grp3_a2b6698c-IMG_4431.jpeg,669.31,2915.14,955.58,3020.98,1.0,,0.0
LocateAnything 3B,mtsd-p11,back of a traffic sign,grp3_a2b6698c-IMG_4431.jpeg,677.38,1756.94,971.71,2180.3,1.0,,0.0
LocateAnything 3B,mtsd-p11,back of a traffic sign,grp3_a2b6698c-IMG_4431.jpeg,689.47,922.32,907.2,1300.32,1.0,,0.0
LocateAnything 3B,mtsd-p11,back of a traffic sign,grp3_a2b6698c-IMG_4431.jpeg,721.73,2500.85,1052.35,2924.21,1.0,,0.0
LocateAnything 3B,mtsd-p11,back of a traffic sign,grp3_a2b6698c-IMG_4431.jpeg,758.02,574.56,955.58,946.51,1.0,,0.0
LocateAnything 3B,mtsd-p11,back of a traffic sign,grp3_a2b6698c-IMG_4431.jpeg,774.14,1267.06,1040.26,1775.09,1.0,,0.0
LocateAnything 3B,mtsd-p11,back of a traffic sign,grp3_a2b6698c-IMG_4431.jpeg,802.37,250.99,1036.22,601.78,1.0,,0.0
LocateAnything 3B,mtsd-p11,back of a traffic sign,grp3_a2b6698c-IMG_4431.jpeg,814.46,2159.14,1108.8,2540.16,1.0,,0.0
LocateAnything 3B,mtsd-p11,back of a traffic sign,grp3_a2b6698c-IMG_4431.jpeg,826.56,886.03,1108.8,1312.42,1.0,,0.0
LocateAnything 3B,mtsd-p11,back of a traffic sign,grp3_a2b6698c-IMG_4431.jpeg,878.98,1769.04,1185.41,2183.33,1.0,,0.0
LocateAnything 3B,mtsd-p11,back of a traffic sign,grp3_a2b6698c-IMG_4431.jpeg,887.04,0.0,1068.48,323.57,1.0,,0.0
LocateAnything 3B,mtsd-p11,back of a traffic sign,grp3_a9724b83-20251129_122439.jpg,0.0,0.0,1826.82,4075.92,1.0,,0.1672
LocateAnything 3B,mtsd-p11,back of a traffic sign,grp3_a9724b83-20251129_122439.jpg,1181.16,999.6,1468.8,1970.64,1.0,Other-Unknown,0.9851
LocateAnything 3B,mtsd-p11,back of a traffic sign,grp3_a9724b83-20251129_122439.jpg,1260.72,1946.16,1465.74,2647.92,1.0,Roundabout Ahead,0.968
LocateAnything 3B,mtsd-p11,back of a traffic sign,grp3_a9724b83-20251129_122439.jpg,1762.56,2970.24,1811.52,3108.96,1.0,Directional Sign,0.791
LocateAnything 3B,mtsd-p11,back of a traffic sign,grp3_a9724b83-20251129_122439.jpg,1992.06,2684.64,2062.44,2847.84,1.0,,0.0
LocateAnything 3B,mtsd-p11,back of a traffic sign,grp3_ae42a8a0-20251129_121839.jpg,1101.6,1134.24,1826.82,1815.6,1.0,Stop Sign,0.9866
LocateAnything 3B,mtsd-p11,back of a traffic sign,grp3_ae42a8a0-20251129_121839.jpg,1119.96,1795.2,1888.02,2554.08,1.0,Other-Unknown,0.9818
LocateAnything 3B,mtsd-p11,back of a traffic sign,grp3_ae42a8a0-20251129_121839.jpg,2552.04,2292.96,2692.8,2492.88,1.0,,0.0
LocateAnything 3B,mtsd-p11,back of a traffic sign,grp3_ae42a8a0-20251129_121839.jpg,2646.9,2827.44,2796.84,3051.84,1.0,,0.0
LocateAnything 3B,mtsd-p11,back of a traffic sign,grp3_ae42a8a0-20251129_121839.jpg,2757.06,2272.56,2897.82,2476.56,1.0,,0.0
LocateAnything 3B,mtsd-p11,back of a traffic sign,grp3_ae42a8a0-20251129_121839.jpg,2861.1,2815.2,3017.16,3035.52,1.0,,0.0
LocateAnything 3B,mtsd-p11,back of a traffic sign,grp3_ae42a8a0-20251129_121839.jpg,2965.14,2256.24,3060.0,2456.16,1.0,,0.0
LocateAnything 3B,mtsd-p11,back of a traffic sign,grp3_ae42a8a0-20251129_121839.jpg,2977.38,2815.2,3060.0,3031.44,1.0,,0.0
LocateAnything 3B,mtsd-p11,back of a traffic sign,grp3_aebbbcad-IMG_9204.jpg,1619.35,1056.72,2746.04,2090.59,1.0,Stop Sign,0.9801
LocateAnything 3B,mtsd-p11,back of a traffic sign,grp3_aebbbcad-IMG_9204.jpg,2129.15,2290.51,2236.25,2479.01,1.0,,0.0
LocateAnything 3B,mtsd-p11,back of a traffic sign,grp3_aebbbcad-IMG_9204.jpg,2133.43,3512.88,2231.96,3787.06,1.0,,0.0
LocateAnything 3B,mtsd-p11,back of a traffic sign,grp3_aebbbcad-IMG_9204.jpg,2137.72,3524.3,2227.68,3621.41,1.0,,0.0
LocateAnything 3B,mtsd-p11,back of a traffic sign,grp3_aebbbcad-IMG_9204.jpg,2146.28,3581.42,2231.96,3661.39,1.0,,0.0
LocateAnything 3B,mtsd-p11,back of a traffic sign,grp3_aebbbcad-IMG_9204.jpg,2146.28,3581.42,2231.96,3598.56,1.0,,0.0
LocateAnything 3B,mtsd-p11,back of a traffic sign,grp3_b05e6955-IMG_4433.jpeg,1411.2,807.41,2814.34,2116.8,1.0,Blind-Spot Mirror (Convex Mirror),0.6639
LocateAnything 3B,mtsd-p11,back of a traffic sign,grp3_b05e6955-IMG_4433.jpeg,1770.05,1006.99,4027.97,1282.18,1.0,,0.1171
LocateAnything 3B,mtsd-p11,back of a traffic sign,grp3_b05e6955-IMG_4433.jpeg,3056.26,650.16,4027.97,916.27,1.0,,0.0
LocateAnything 3B,mtsd-p11,back of a traffic sign,grp3_b05e6955-IMG_4433.jpeg,3314.3,934.42,4027.97,1034.21,1.0,,0.0
LocateAnything 3B,mtsd-p11,back of a traffic sign,grp3_b05e6955-IMG_4433.jpeg,3519.94,2038.18,3971.52,2159.14,1.0,,0.0
LocateAnything 3B,mtsd-p11,back of a traffic sign,grp3_b05e6955-IMG_4433.jpeg,3576.38,1581.55,3717.5,1642.03,1.0,,0.0
LocateAnything 3B,mtsd-p11,back of a traffic sign,grp3_b05e6955-IMG_4433.jpeg,3745.73,1239.84,4027.97,2110.75,1.0,,0.0
LocateAnything 3B,mtsd-p11,back of a traffic sign,grp3_c0cc3ce0-IMG_20251203_115646.jpg,0.0,2570.4,45.9,2713.2,1.0,,0.0
LocateAnything 3B,mtsd-p11,back of a traffic sign,grp3_c0cc3ce0-IMG_20251203_115646.jpg,0.0,2705.04,58.14,2945.76,1.0,,0.0
LocateAnything 3B,mtsd-p11,back of a traffic sign,grp3_c0cc3ce0-IMG_20251203_115646.jpg,0.0,3035.52,45.9,3202.8,1.0,,0.0
LocateAnything 3B,mtsd-p11,back of a traffic sign,grp3_c0cc3ce0-IMG_20251203_115646.jpg,0.0,2570.4,143.82,2749.92,1.0,,0.0
LocateAnything 3B,mtsd-p11,back of a traffic sign,grp3_cb90b89e-IMG_9211.jpg,1298.05,1570.8,2578.97,2667.5,1.0,Blind-Spot Mirror (Convex Mirror),0.9975
LocateAnything 3B,mtsd-p11,back of a traffic sign,grp3_cb90b89e-IMG_9211.jpg,1679.33,1759.3,2223.4,5712.0,1.0,,0.1612
LocateAnything 3B,mtsd-p11,back of a traffic sign,grp3_cb90b89e-IMG_9211.jpg,1884.96,0.0,4284.0,5712.0,1.0,,0.0531
LocateAnything 3B,mtsd-p11,back of a traffic sign,grp3_def908c3-IMG_4315.jpeg,2334.53,2616.77,2373.84,2717.57,1.0,,0.0
LocateAnything 3B,mtsd-p11,back of a traffic sign,grp3_def908c3-IMG_4315.jpeg,2355.7,2616.77,2373.84,2717.57,1.0,,0.0
LocateAnything 3B,mtsd-p11,back of a traffic sign,grp3_def908c3-IMG_4315.jpeg,2367.79,2616.77,2373.84,2717.57,1.0,,0.0
LocateAnything 3B,mtsd-p11,back of a traffic sign,grp3_def908c3-IMG_4315.jpeg,2370.82,2616.77,2373.84,2717.57,1.0,,0.0
LocateAnything 3B,mtsd-p11,back of a traffic sign,grp3_def908c3-IMG_4315.jpeg,1189.94,1257.98,3024.0,3975.55,1.0,,0.0
LocateAnything 3B,mtsd-p11,back of a traffic sign,grp3_e0a623d6-IMG_9293.jpg,0.0,0.0,4279.72,5706.29,1.0,,0.0294
LocateAnything 3B,mtsd-p11,back of a traffic sign,grp3_e17ffb83-20251129_115005.jpg,1205.64,1468.8,1533.06,2374.56,1.0,No Entry (One Way),0.9752
LocateAnything 3B,mtsd-p11,back of a traffic sign,grp3_e17ffb83-20251129_115005.jpg,1224.0,1754.4,1493.28,2064.48,1.0,,0.2866
LocateAnything 3B,mtsd-p11,back of a traffic sign,grp3_e337de9a-IMG_4362.jpeg,1137.02,1580.54,2001.89,1899.07,1.0,Auxiliary Sign,0.9655
LocateAnything 3B,mtsd-p11,back of a traffic sign,grp3_e337de9a-IMG_4362.jpeg,1146.1,657.22,2147.04,1632.96,1.0,Other-Unknown,0.845
LocateAnything 3B,mtsd-p11,back of a traffic sign,grp3_e337de9a-IMG_4362.jpeg,2110.75,2927.23,2150.06,2983.68,1.0,Directional Sign,0.578
LocateAnything 3B,mtsd-p11,back of a traffic sign,grp3_e337de9a-IMG_4362.jpeg,2195.42,2782.08,2216.59,2838.53,1.0,Directional Sign,0.6044
LocateAnything 3B,mtsd-p11,back of a traffic sign,grp3_ec385cc7-IMG_20251203_121353.jpg,0.0,0.0,3056.94,4075.92,1.0,,0.1631
LocateAnything 3B,mtsd-p11,back of a traffic sign,grp3_ecbe9be3-IMG_20251204_100152.jpg,1389.24,795.6,2643.84,2386.8,1.0,Other-Unknown,0.9804
LocateAnything 3B,mtsd-p11,back of a traffic sign,grp3_ecbe9be3-IMG_20251204_100152.jpg,1664.64,2301.12,2209.32,4080.0,1.0,,0.0166
LocateAnything 3B,mtsd-p11,back of a traffic sign,grp3_ecbe9be3-IMG_20251204_100152.jpg,1811.52,2509.2,2108.34,3321.12,1.0,,0.0
LocateAnything 3B,mtsd-p11,back of a traffic sign,grp3_ecbe9be3-IMG_20251204_100152.jpg,1817.64,2186.88,2007.36,2292.96,1.0,,0.01
LocateAnything 3B,mtsd-p11,back of a traffic sign,grp3_f6ba6aba-IMG_4397.jpeg,1161.22,1475.71,1905.12,2181.31,1.0,No Entry (One Way),0.9807
LocateAnything 3B,mtsd-p11,back of a traffic sign,grp3_f6ba6aba-IMG_4397.jpeg,1300.32,2653.06,1321.49,2701.44,1.0,Other-Unknown,0.6087
LocateAnything 3B,mtsd-p11,back of a traffic sign,grp3_f6ba6aba-IMG_4397.jpeg,1811.38,2782.08,1902.1,2862.72,1.0,,0.0
LocateAnything 3B,mtsd-p11,back of a traffic sign,grp3_f6ba6aba-IMG_4397.jpeg,1811.38,2765.95,1899.07,2814.34,1.0,,0.0
LocateAnything 3B,mtsd-p11,back of a traffic sign,grp3_facbf33e-IMG_9197.jpg,1816.42,2073.46,2077.74,3073.06,1.0,No Entry (One Way),0.915
LocateAnything 3B,mtsd-p11,back of a traffic sign,grp3_facbf33e-IMG_9197.jpg,2077.74,4723.82,2159.14,4940.88,1.0,,0.0
LocateAnything 3B,mtsd-p11,back of a traffic sign,grp3_facbf33e-IMG_9197.jpg,2321.93,4723.82,2420.46,4918.03,1.0,,0.0
LocateAnything 3B,mtsd-p11,back of a traffic sign,grp4_0da97af9-20251222_133337.jpg,0.0,0.0,2997.0,3996.0,1.0,,0.1542
LocateAnything 3B,mtsd-p11,back of a traffic sign,grp4_11d8a182-WhatsApp_Image_2026-01-14_at_11.12.01.jpeg,303.0,1100.0,457.5,1272.0,1.0,No Through Road (T-Junction),0.9473
LocateAnything 3B,mtsd-p11,back of a traffic sign,grp4_11d8a182-WhatsApp_Image_2026-01-14_at_11.12.01.jpeg,304.5,1684.0,367.5,1836.0,1.0,,0.0
LocateAnything 3B,mtsd-p11,back of a traffic sign,grp4_11d8a182-WhatsApp_Image_2026-01-14_at_11.12.01.jpeg,631.5,880.0,832.5,1082.0,1.0,Blind-Spot Mirror (Convex Mirror),0.969
LocateAnything 3B,mtsd-p11,back of a traffic sign,grp4_1d0747c0-20260107_105907.jpg,0.0,0.0,1866.13,3317.68,1.0,,0.1575
LocateAnything 3B,mtsd-p11,back of a traffic sign,grp4_20251115_125732.jpg,807.0,1456.0,1821.0,3088.0,1.0,Blind-Spot Mirror (Convex Mirror),0.984
LocateAnything 3B,mtsd-p11,back of a traffic sign,grp4_20251130_114937.jpg,1455.0,2128.0,1599.0,4000.0,1.0,,0.0
LocateAnything 3B,mtsd-p11,back of a traffic sign,grp4_20251130_114937.jpg,2220.0,3656.0,2355.0,3952.0,1.0,,0.0
LocateAnything 3B,mtsd-p11,back of a traffic sign,grp4_20251130_114937.jpg,2346.0,3604.0,2481.0,3940.0,1.0,,0.0
LocateAnything 3B,mtsd-p11,back of a traffic sign,grp4_20251130_114937.jpg,2550.0,3204.0,2721.0,3432.0,1.0,,0.0
LocateAnything 3B,mtsd-p11,back of a traffic sign,grp4_20251130_114937.jpg,2556.0,3688.0,2904.0,3956.0,1.0,,0.0
LocateAnything 3B,mtsd-p11,back of a traffic sign,grp4_20251130_114937.jpg,2886.0,3276.0,2997.0,3472.0,1.0,,0.0
LocateAnything 3B,mtsd-p11,back of a traffic sign,grp4_20251130_114937.jpg,2940.0,3740.0,3000.0,3952.0,1.0,,0.0
LocateAnything 3B,mtsd-p11,back of a traffic sign,grp4_20251130_114937.jpg,2946.0,3288.0,3000.0,3472.0,1.0,,0.0
LocateAnything 3B,mtsd-p11,back of a traffic sign,grp4_20251130_115129.jpg,957.0,2620.0,2004.0,2960.0,1.0,,0.2282
LocateAnything 3B,mtsd-p11,back of a traffic sign,grp4_20251130_115129.jpg,963.0,3328.0,999.0,3364.0,1.0,,0.0008
LocateAnything 3B,mtsd-p11,back of a traffic sign,grp4_20251130_115523.jpg,2430.0,2924.0,2460.0,2968.0,1.0,,0.0
LocateAnything 3B,mtsd-p11,back of a traffic sign,grp4_20251130_115523.jpg,2436.0,2960.0,2460.0,2972.0,1.0,,0.0
LocateAnything 3B,mtsd-p11,back of a traffic sign,grp4_20251130_115523.jpg,2439.0,2968.0,2460.0,2980.0,1.0,,0.1551
LocateAnything 3B,mtsd-p11,back of a traffic sign,grp4_20251130_115523.jpg,2439.0,2976.0,2460.0,2988.0,1.0,,0.3041
LocateAnything 3B,mtsd-p11,back of a traffic sign,grp4_20251130_115532.jpg,1653.0,1480.0,2604.0,3260.0,1.0,Street Sign,0.9833
LocateAnything 3B,mtsd-p11,back of a traffic sign,grp4_20251130_115613.jpg,0.0,0.0,2997.0,3328.0,1.0,,0.0441
LocateAnything 3B,mtsd-p11,back of a traffic sign,grp4_20251130_115807.jpg,0.0,0.0,2997.0,3996.0,1.0,,0.065
LocateAnything 3B,mtsd-p11,back of a traffic sign,grp4_20251130_120143.jpg,1509.0,1720.0,1716.0,3076.0,1.0,Pedestrian Crossing,0.9444
LocateAnything 3B,mtsd-p11,back of a traffic sign,grp4_20251130_120206.jpg,1623.0,1620.0,2199.0,2812.0,1.0,,0.0
LocateAnything 3B,mtsd-p11,back of a traffic sign,grp4_20251219_134240.jpg,1653.0,2124.0,2085.0,3200.0,1.0,,0.0
LocateAnything 3B,mtsd-p11,back of a traffic sign,grp4_20251229_144322.jpg,1287.0,2596.0,2481.0,3996.0,1.0,,0.0
LocateAnything 3B,mtsd-p11,back of a traffic sign,grp4_20251229_144322.jpg,1371.0,1736.0,2394.0,1988.0,1.0,,0.0
LocateAnything 3B,mtsd-p11,back of a traffic sign,grp4_20251229_150136.jpg,930.0,1132.0,1947.0,3996.0,1.0,,0.0
LocateAnything 3B,mtsd-p11,back of a traffic sign,grp4_20251229_150136.jpg,1776.0,3764.0,2058.0,4000.0,1.0,,0.0
LocateAnything 3B,mtsd-p11,back of a traffic sign,grp4_20251229_150136.jpg,1776.0,3776.0,2997.0,4000.0,1.0,,0.0
LocateAnything 3B,mtsd-p11,back of a traffic sign,grp4_20251231_160526.jpg,0.0,0.0,2997.0,3996.0,1.0,,0.0822
LocateAnything 3B,mtsd-p11,back of a traffic sign,grp4_20251231_160545.jpg,0.0,0.0,2997.0,3996.0,1.0,,0.0309
LocateAnything 3B,mtsd-p11,back of a traffic sign,grp4_20251231_160556.jpg,1839.0,1924.0,2043.0,2520.0,1.0,No Through Road (T-Junction),0.9507
LocateAnything 3B,mtsd-p11,back of a traffic sign,grp4_20251231_160556.jpg,1881.0,904.0,2004.0,1884.0,1.0,,0.0
LocateAnything 3B,mtsd-p11,back of a traffic sign,grp4_20251231_160556.jpg,1887.0,2020.0,1989.0,2444.0,1.0,,0.3741
LocateAnything 3B,mtsd-p11,back of a traffic sign,grp4_20251231_160556.jpg,1932.0,2044.0,1995.0,2428.0,1.0,,0.2093
LocateAnything 3B,mtsd-p11,back of a traffic sign,grp4_20251231_160556.jpg,1965.0,2044.0,1995.0,2428.0,1.0,,0.0997
LocateAnything 3B,mtsd-p11,back of a traffic sign,grp4_20251231_160556.jpg,1983.0,2044.0,1995.0,2428.0,1.0,,0.0399
LocateAnything 3B,mtsd-p11,back of a traffic sign,grp4_219a5ac5-20251116_164504.jpg,764.57,2403.12,1161.78,4035.12,1.0,,0.0305
LocateAnything 3B,mtsd-p11,back of a traffic sign,grp4_21c64815-20251116_163111.jpg,0.0,0.0,764.57,4075.92,1.0,,0.0509
LocateAnything 3B,mtsd-p11,back of a traffic sign,grp4_21c64815-20251116_163111.jpg,470.68,1485.12,2291.41,4075.92,1.0,,0.1672
LocateAnything 3B,mtsd-p11,back of a traffic sign,grp4_21c64815-20251116_163111.jpg,551.04,1166.88,1772.51,2182.8,1.0,Stop Sign,0.9846
LocateAnything 3B,mtsd-p11,back of a traffic sign,grp4_21c64815-20251116_163111.jpg,870.18,2970.24,2291.41,3700.56,1.0,,0.0
LocateAnything 3B,mtsd-p11,back of a traffic sign,grp4_21c64815-20251116_163111.jpg,890.85,2517.36,2291.41,2978.4,1.0,,0.0
LocateAnything 3B,mtsd-p11,back of a traffic sign,grp4_21c64815-20251116_163111.jpg,1740.37,1595.28,1992.93,1827.84,1.0,,0.0066
LocateAnything 3B,mtsd-p11,back of a traffic sign,grp4_21c64815-20251116_163111.jpg,2130.69,2492.88,2291.41,2847.84,1.0,,0.0
LocateAnything 3B,mtsd-p11,back of a traffic sign,grp4_21c64815-20251116_163111.jpg,2194.98,2941.68,2291.41,3243.6,1.0,,0.0
LocateAnything 3B,mtsd-p11,back of a traffic sign,grp4_21c64815-20251116_163111.jpg,2254.67,1546.32,2291.41,1778.88,1.0,,0.0
LocateAnything 3B,mtsd-p11,back of a traffic sign,grp4_21c64815-20251116_163111.jpg,2259.26,0.0,2291.41,61.2,1.0,,0.0
LocateAnything 3B,mtsd-p11,back of a traffic sign,grp4_22bb020a-20251222_131805.jpg,1194.0,716.0,1533.0,3996.0,1.0,,0.0
LocateAnything 3B,mtsd-p11,back of a traffic sign,grp4_22bb020a-20251222_131805.jpg,2832.0,3384.0,2982.0,3596.0,1.0,Blind-Spot Mirror (Convex Mirror),0.91
LocateAnything 3B,mtsd-p11,back of a traffic sign,grp4_22bb020a-20251222_131805.jpg,2886.0,3656.0,2997.0,3752.0,1.0,,0.0
LocateAnything 3B,mtsd-p11,back of a traffic sign,grp4_22bb020a-20251222_131805.jpg,2940.0,3660.0,2997.0,3752.0,1.0,,0.0
LocateAnything 3B,mtsd-p11,back of a traffic sign,grp4_22bb020a-20251222_131805.jpg,2970.0,3660.0,2997.0,3752.0,1.0,,0.0
LocateAnything 3B,mtsd-p11,back of a traffic sign,grp4_25671e9a-WhatsApp_Image_2026-01-14_at_11.11.43_3.jpeg,1360.5,1348.0,1425.0,1420.0,1.0,,0.0
LocateAnything 3B,mtsd-p11,back of a traffic sign,grp4_25671e9a-WhatsApp_Image_2026-01-14_at_11.11.43_3.jpeg,1362.0,1416.0,1420.5,1460.0,1.0,,0.0
LocateAnything 3B,mtsd-p11,back of a traffic sign,grp4_25671e9a-WhatsApp_Image_2026-01-14_at_11.11.43_3.jpeg,1392.0,1348.0,1425.0,1416.0,1.0,,0.0
LocateAnything 3B,mtsd-p11,back of a traffic sign,grp4_25671e9a-WhatsApp_Image_2026-01-14_at_11.11.43_3.jpeg,1410.0,1348.0,1425.0,1416.0,1.0,,0.0
LocateAnything 3B,mtsd-p11,back of a traffic sign,grp4_2659e726-20260107_105845.jpg,0.0,0.0,2293.7,4075.92,1.0,,0.1994
LocateAnything 3B,mtsd-p11,back of a traffic sign,grp4_27645844-20260107_151619.jpg,485.46,1364.99,522.29,1460.22,1.0,Directional Sign,0.8347
LocateAnything 3B,mtsd-p11,back of a traffic sign,grp4_27645844-20260107_151619.jpg,553.54,1363.01,593.71,1472.13,1.0,Directional Sign,0.8255
LocateAnything 3B,mtsd-p11,back of a traffic sign,grp4_27645844-20260107_151619.jpg,974.27,1176.51,1023.37,1245.95,1.0,Blind-Spot Mirror (Convex Mirror),0.9428
LocateAnything 3B,mtsd-p11,back of a traffic sign,grp4_27645844-20260107_151619.jpg,1054.62,1168.58,1114.88,1271.74,1.0,,0.0
LocateAnything 3B,mtsd-p11,back of a traffic sign,grp4_27645844-20260107_151619.jpg,1083.64,1249.92,1114.88,1269.76,1.0,,0.0
LocateAnything 3B,mtsd-p11,back of a traffic sign,grp4_27645844-20260107_151619.jpg,1102.61,1204.29,1114.88,1243.97,1.0,,0.0
LocateAnything 3B,mtsd-p11,back of a traffic sign,grp4_27645844-20260107_151619.jpg,1104.84,1208.26,1114.88,1271.74,1.0,,0.0
LocateAnything 3B,mtsd-p11,back of a traffic sign,grp4_303a684b-WhatsApp_Image_2026-01-14_at_11.12.36_1.jpeg,594.0,650.0,817.5,1102.0,1.0,Blind-Spot Mirror (Convex Mirror),0.9545
LocateAnything 3B,mtsd-p11,back of a traffic sign,grp4_303a684b-WhatsApp_Image_2026-01-14_at_11.12.36_1.jpeg,1062.0,576.0,1252.5,716.0,1.0,,0.0
LocateAnything 3B,mtsd-p11,back of a traffic sign,grp4_303a684b-WhatsApp_Image_2026-01-14_at_11.12.36_1.jpeg,1183.5,1202.0,1255.5,1242.0,1.0,,0.0
LocateAnything 3B,mtsd-p11,back of a traffic sign,grp4_303a684b-WhatsApp_Image_2026-01-14_at_11.12.36_1.jpeg,1269.0,1022.0,1291.5,1044.0,1.0,,0.0
LocateAnything 3B,mtsd-p11,back of a traffic sign,grp4_303a684b-WhatsApp_Image_2026-01-14_at_11.12.36_1.jpeg,1287.0,1524.0,1309.5,1578.0,1.0,Blind-Spot Mirror (Convex Mirror),0.598
LocateAnything 3B,mtsd-p11,back of a traffic sign,grp4_303a684b-WhatsApp_Image_2026-01-14_at_11.12.36_1.jpeg,1296.0,1472.0,1320.0,1524.0,1.0,,0.0
LocateAnything 3B,mtsd-p11,back of a traffic sign,grp4_303a684b-WhatsApp_Image_2026-01-14_at_11.12.36_1.jpeg,1305.0,1466.0,1326.0,1524.0,1.0,,0.0
LocateAnything 3B,mtsd-p11,back of a traffic sign,grp4_303a684b-WhatsApp_Image_2026-01-14_at_11.12.36_1.jpeg,1317.0,1466.0,1326.0,1524.0,1.0,,0.0
LocateAnything 3B,mtsd-p11,back of a traffic sign,grp4_303a684b-WhatsApp_Image_2026-01-14_at_11.12.36_1.jpeg,1323.0,1466.0,1326.0,1524.0,1.0,,0.0
LocateAnything 3B,mtsd-p11,back of a traffic sign,grp4_303a684b-WhatsApp_Image_2026-01-14_at_11.12.36_1.jpeg,664.5,704.0,1500.0,2000.0,1.0,,0.0538
LocateAnything 3B,mtsd-p11,back of a traffic sign,grp4_3a0abdfb-20251116_161259.jpg,803.6,1566.72,1451.07,2248.08,1.0,Auxiliary Sign,0.9586
LocateAnything 3B,mtsd-p11,back of a traffic sign,grp4_3a0abdfb-20251116_161259.jpg,833.45,889.44,1352.34,1921.68,1.0,Pedestrian Crossing,0.9739
LocateAnything 3B,mtsd-p11,back of a traffic sign,grp4_3a0abdfb-20251116_161259.jpg,863.3,0.0,1205.4,4075.92,1.0,,0.2275
LocateAnything 3B,mtsd-p11,back of a traffic sign,grp4_3a0abdfb-20251116_161259.jpg,1182.44,0.0,2293.7,2921.28,1.0,,0.0541
LocateAnything 3B,mtsd-p11,back of a traffic sign,grp4_3a0abdfb-20251116_161259.jpg,1313.31,2904.96,2293.7,4075.92,1.0,,0.0
LocateAnything 3B,mtsd-p11,back of a traffic sign,grp4_3a0abdfb-20251116_161259.jpg,1400.56,0.0,2293.7,640.56,1.0,,0.0
LocateAnything 3B,mtsd-p11,back of a traffic sign,grp4_3a5008ad-20251222_141011.jpg,666.0,416.0,2172.0,2132.0,1.0,No Entry (One Way),0.755
LocateAnything 3B,mtsd-p11,back of a traffic sign,grp4_420a4dea-20251222_131729.jpg,0.0,0.0,36.0,332.0,1.0,,0.0
LocateAnything 3B,mtsd-p11,back of a traffic sign,grp4_420a4dea-20251222_131729.jpg,0.0,292.0,171.0,604.0,1.0,,0.0
LocateAnything 3B,mtsd-p11,back of a traffic sign,grp4_420a4dea-20251222_131729.jpg,0.0,592.0,57.0,888.0,1.0,,0.0
LocateAnything 3B,mtsd-p11,back of a traffic sign,grp4_420a4dea-20251222_131729.jpg,0.0,860.0,207.0,1208.0,1.0,,0.0
LocateAnything 3B,mtsd-p11,back of a traffic sign,grp4_420a4dea-20251222_131729.jpg,0.0,1204.0,45.0,1528.0,1.0,,0.0
LocateAnything 3B,mtsd-p11,back of a traffic sign,grp4_420a4dea-20251222_131729.jpg,0.0,1456.0,375.0,1852.0,1.0,,0.0
LocateAnything 3B,mtsd-p11,back of a traffic sign,grp4_420a4dea-20251222_131729.jpg,0.0,2180.0,114.0,2564.0,1.0,,0.0
LocateAnything 3B,mtsd-p11,back of a traffic sign,grp4_420a4dea-20251222_131729.jpg,0.0,2536.0,228.0,2944.0,1.0,,0.0
LocateAnything 3B,mtsd-p11,back of a traffic sign,grp4_420a4dea-20251222_131729.jpg,0.0,3268.0,585.0,3768.0,1.0,,0.0
LocateAnything 3B,mtsd-p11,back of a traffic sign,grp4_420a4dea-20251222_131729.jpg,0.0,0.0,453.0,324.0,1.0,,0.0
LocateAnything 3B,mtsd-p11,back of a traffic sign,grp4_420a4dea-20251222_131729.jpg,0.0,2840.0,795.0,3348.0,1.0,,0.0
LocateAnything 3B,mtsd-p11,back of a traffic sign,grp4_420a4dea-20251222_131729.jpg,3.0,1728.0,711.0,2204.0,1.0,,0.0
LocateAnything 3B,mtsd-p11,back of a traffic sign,grp4_420a4dea-20251222_131729.jpg,6.0,3688.0,789.0,4000.0,1.0,,0.0
LocateAnything 3B,mtsd-p11,back of a traffic sign,grp4_420a4dea-20251222_131729.jpg,21.0,1124.0,519.0,1520.0,1.0,,0.0
LocateAnything 3B,mtsd-p11,back of a traffic sign,grp4_420a4dea-20251222_131729.jpg,36.0,540.0,303.0,872.0,1.0,,0.0
LocateAnything 3B,mtsd-p11,back of a traffic sign,grp4_420a4dea-20251222_131729.jpg,105.0,2076.0,771.0,2552.0,1.0,,0.0
LocateAnything 3B,mtsd-p11,back of a traffic sign,grp4_420a4dea-20251222_131729.jpg,153.0,252.0,285.0,572.0,1.0,,0.0
LocateAnything 3B,mtsd-p11,back of a traffic sign,grp4_420a4dea-20251222_131729.jpg,189.0,832.0,399.0,1164.0,1.0,,0.0
LocateAnything 3B,mtsd-p11,back of a traffic sign,grp4_5886bc7f-20251116_161202.jpg,1228.36,1403.52,1402.86,1889.04,1.0,Stop Sign,0.9061
LocateAnything 3B,mtsd-p11,back of a traffic sign,grp4_5886bc7f-20251116_161202.jpg,1547.5,1607.52,1772.51,1795.2,1.0,,0.0
LocateAnything 3B,mtsd-p11,back of a traffic sign,grp4_5996dfea-20251116_163330.jpg,1021.72,1550.4,1161.78,2154.24,1.0,No Entry (One Way),0.802
LocateAnything 3B,mtsd-p11,back of a traffic sign,grp4_5996dfea-20251116_163330.jpg,2020.48,0.0,2293.7,583.44,1.0,,0.0
LocateAnything 3B,mtsd-p11,back of a traffic sign,grp4_5996dfea-20251116_163330.jpg,2057.22,1791.12,2293.7,3304.8,1.0,,0.0
LocateAnything 3B,mtsd-p11,back of a traffic sign,grp4_5996dfea-20251116_163330.jpg,2153.65,3288.48,2293.7,3590.4,1.0,,0.0
LocateAnything 3B,mtsd-p11,back of a traffic sign,grp4_5996dfea-20251116_163330.jpg,2185.79,0.0,2293.7,583.44,1.0,,0.0
LocateAnything 3B,mtsd-p11,back of a traffic sign,grp4_5e204826-WhatsApp_Image_2026-01-14_at_11.11.36.jpeg,582.0,788.0,778.5,980.0,1.0,No Entry (One Way),0.9713
LocateAnything 3B,mtsd-p11,back of a traffic sign,grp4_5e204826-WhatsApp_Image_2026-01-14_at_11.11.36.jpeg,597.0,864.0,763.5,906.0,1.0,,0.1894
LocateAnything 3B,mtsd-p11,back of a traffic sign,grp4_63c4320e-WhatsApp_Image_2026-01-14_at_11.10.32_3.jpeg,582.0,680.0,829.5,918.0,1.0,No Through Road (T-Junction),0.9855
LocateAnything 3B,mtsd-p11,back of a traffic sign,grp4_63c4320e-WhatsApp_Image_2026-01-14_at_11.10.32_3.jpeg,624.0,684.0,732.0,874.0,1.0,,0.3535
LocateAnything 3B,mtsd-p11,back of a traffic sign,grp4_63c4320e-WhatsApp_Image_2026-01-14_at_11.10.32_3.jpeg,625.5,712.0,783.0,760.0,1.0,,0.1302
LocateAnything 3B,mtsd-p11,back of a traffic sign,grp4_63c4320e-WhatsApp_Image_2026-01-14_at_11.10.32_3.jpeg,679.5,752.0,732.0,872.0,1.0,,0.1085
LocateAnything 3B,mtsd-p11,back of a traffic sign,grp4_63c4320e-WhatsApp_Image_2026-01-14_at_11.10.32_3.jpeg,691.5,708.0,811.5,880.0,1.0,,0.3555
LocateAnything 3B,mtsd-p11,back of a traffic sign,grp4_66eacd8c-20260109_124456.jpg,834.0,844.0,1905.0,2672.0,1.0,No Through Road (T-Junction),0.9933
LocateAnything 3B,mtsd-p11,back of a traffic sign,grp4_66eacd8c-20260109_124456.jpg,951.0,1676.0,1122.0,1900.0,1.0,,0.0196
LocateAnything 3B,mtsd-p11,back of a traffic sign,grp4_66eacd8c-20260109_124456.jpg,963.0,2036.0,1131.0,2204.0,1.0,,0.0144
LocateAnything 3B,mtsd-p11,back of a traffic sign,grp4_66eacd8c-20260109_124456.jpg,975.0,2252.0,1182.0,2460.0,1.0,,0.022
LocateAnything 3B,mtsd-p11,back of a traffic sign,grp4_66eacd8c-20260109_124456.jpg,1080.0,1512.0,1263.0,1792.0,1.0,,0.0262
LocateAnything 3B,mtsd-p11,back of a traffic sign,grp4_66eacd8c-20260109_124456.jpg,1128.0,1860.0,1257.0,2160.0,1.0,,0.0198
LocateAnything 3B,mtsd-p11,back of a traffic sign,grp4_66eacd8c-20260109_124456.jpg,1176.0,2268.0,1335.0,2536.0,1.0,,0.0218
LocateAnything 3B,mtsd-p11,back of a traffic sign,grp4_66eacd8c-20260109_124456.jpg,1371.0,2244.0,1512.0,2472.0,1.0,,0.0164
LocateAnything 3B,mtsd-p11,back of a traffic sign,grp4_66eacd8c-20260109_124456.jpg,1515.0,2220.0,1665.0,2452.0,1.0,,0.0178
LocateAnything 3B,mtsd-p11,back of a traffic sign,grp4_66eacd8c-20260109_124456.jpg,1527.0,1852.0,1644.0,2060.0,1.0,,0.0124
LocateAnything 3B,mtsd-p11,back of a traffic sign,grp4_66eacd8c-20260109_124456.jpg,1623.0,2120.0,1785.0,2312.0,1.0,,0.0159
LocateAnything 3B,mtsd-p11,back of a traffic sign,grp4_66eacd8c-20260109_124456.jpg,1647.0,2492.0,1851.0,2572.0,1.0,,0.0083
LocateAnything 3B,mtsd-p11,back of a traffic sign,grp4_66eacd8c-20260109_124456.jpg,1716.0,2320.0,1833.0,2484.0,1.0,,0.0098
LocateAnything 3B,mtsd-p11,back of a traffic sign,grp4_66eacd8c-20260109_124456.jpg,1776.0,2320.0,1833.0,2484.0,1.0,,0.0048
LocateAnything 3B,mtsd-p11,back of a traffic sign,grp4_7b6a28a6-WhatsApp_Image_2026-01-14_at_11.10.25_4.jpeg,567.0,670.0,883.5,980.0,1.0,No Through Road (T-Junction),0.9789
LocateAnything 3B,mtsd-p11,back of a traffic sign,grp4_7b6a28a6-WhatsApp_Image_2026-01-14_at_11.10.25_4.jpeg,645.0,700.0,802.5,942.0,1.0,,0.3859
LocateAnything 3B,mtsd-p11,back of a traffic sign,grp4_7b6a28a6-WhatsApp_Image_2026-01-14_at_11.10.25_4.jpeg,676.5,820.0,787.5,944.0,1.0,,0.1394
LocateAnything 3B,mtsd-p11,back of a traffic sign,grp4_81d58d34-20251222_132612.jpg,684.0,888.0,2022.0,2204.0,1.0,No Entry (One Way),0.9874
LocateAnything 3B,mtsd-p11,back of a traffic sign,grp4_81d58d34-20251222_132612.jpg,1050.0,0.0,1431.0,936.0,1.0,,0.0095
LocateAnything 3B,mtsd-p11,back of a traffic sign,grp4_81d58d34-20251222_132612.jpg,1110.0,2164.0,1335.0,4000.0,1.0,,0.0036
LocateAnything 3B,mtsd-p11,back of a traffic sign,grp4_81d58d34-20251222_132612.jpg,1308.0,2192.0,1464.0,4000.0,1.0,,0.0005
LocateAnything 3B,mtsd-p11,back of a traffic sign,grp4_81d58d34-20251222_132612.jpg,1413.0,2188.0,1548.0,4000.0,1.0,,0.0007
LocateAnything 3B,mtsd-p11,back of a traffic sign,grp4_81d58d34-20251222_132612.jpg,1512.0,2744.0,1575.0,2976.0,1.0,,0.0
LocateAnything 3B,mtsd-p11,back of a traffic sign,grp4_81d58d34-20251222_132612.jpg,1689.0,2112.0,1821.0,3336.0,1.0,,0.006
LocateAnything 3B,mtsd-p11,back of a traffic sign,grp4_81d58d34-20251222_132612.jpg,1833.0,2864.0,1923.0,4000.0,1.0,,0.0
LocateAnything 3B,mtsd-p11,back of a traffic sign,grp4_81d58d34-20251222_132612.jpg,1881.0,2856.0,1947.0,3032.0,1.0,,0.0
LocateAnything 3B,mtsd-p11,back of a traffic sign,grp4_81d58d34-20251222_132612.jpg,1941.0,2860.0,1989.0,3008.0,1.0,,0.0
LocateAnything 3B,mtsd-p11,back of a traffic sign,grp4_81d58d34-20251222_132612.jpg,1989.0,2864.0,2022.0,3004.0,1.0,,0.0
LocateAnything 3B,mtsd-p11,back of a traffic sign,grp4_81d58d34-20251222_132612.jpg,2022.0,2864.0,2058.0,2992.0,1.0,,0.0
LocateAnything 3B,mtsd-p11,back of a traffic sign,grp4_81d58d34-20251222_132612.jpg,2058.0,2864.0,2094.0,2984.0,1.0,,0.0
LocateAnything 3B,mtsd-p11,back of a traffic sign,grp4_81d58d34-20251222_132612.jpg,2094.0,2864.0,2130.0,2980.0,1.0,,0.0
LocateAnything 3B,mtsd-p11,back of a traffic sign,grp4_81d58d34-20251222_132612.jpg,2130.0,2864.0,2163.0,2976.0,1.0,,0.0
LocateAnything 3B,mtsd-p11,back of a traffic sign,grp4_81d58d34-20251222_132612.jpg,2166.0,2864.0,2190.0,2976.0,1.0,,0.0
LocateAnything 3B,mtsd-p11,back of a traffic sign,grp4_81d58d34-20251222_132612.jpg,2184.0,2864.0,2220.0,2976.0,1.0,,0.0
LocateAnything 3B,mtsd-p11,back of a traffic sign,grp4_81d58d34-20251222_132612.jpg,2208.0,2864.0,2244.0,2976.0,1.0,,0.0
LocateAnything 3B,mtsd-p11,back of a traffic sign,grp4_82399059-20251116_165140.jpg,316.85,2007.36,1986.04,3541.44,1.0,Other-Unknown,0.9799
LocateAnything 3B,mtsd-p11,back of a traffic sign,grp4_82399059-20251116_165140.jpg,624.51,754.8,1735.78,2133.84,1.0,Blind-Spot Mirror (Convex Mirror),0.9777
LocateAnything 3B,mtsd-p11,back of a traffic sign,grp4_83705e8e-WhatsApp_Image_2026-01-14_at_11.10.28_3.jpeg,933.0,1130.0,952.5,1296.0,1.0,,0.2487
LocateAnything 3B,mtsd-p11,back of a traffic sign,grp4_86e58e1e-WhatsApp_Image_2026-01-14_at_11.10.21.jpeg,640.5,748.0,817.5,1206.0,1.0,No Entry (One Way),0.9495
LocateAnything 3B,mtsd-p11,back of a traffic sign,grp4_86e58e1e-WhatsApp_Image_2026-01-14_at_11.10.21.jpeg,760.5,336.0,958.5,796.0,1.0,Blind-Spot Mirror (Convex Mirror),0.9959
LocateAnything 3B,mtsd-p11,back of a traffic sign,grp4_86e58e1e-WhatsApp_Image_2026-01-14_at_11.10.21.jpeg,766.5,342.0,1498.5,792.0,1.0,,0.2586
LocateAnything 3B,mtsd-p11,back of a traffic sign,grp4_8b497905-20260107_150756.jpg,1040.09,2570.4,1246.73,2705.04,1.0,,0.0
LocateAnything 3B,mtsd-p11,back of a traffic sign,grp4_91f6056a-20251116_163806.jpg,452.31,1175.04,2020.48,2733.6,1.0,Blind-Spot Mirror (Convex Mirror),0.9787
LocateAnything 3B,mtsd-p11,back of a traffic sign,grp4_91f6056a-20251116_163806.jpg,459.2,3749.52,771.46,3990.24,1.0,,0.0
LocateAnything 3B,mtsd-p11,back of a traffic sign,grp4_91f6056a-20251116_163806.jpg,679.62,3439.44,773.75,3492.48,1.0,,0.0
LocateAnything 3B,mtsd-p11,back of a traffic sign,grp4_91f6056a-20251116_163806.jpg,844.93,3304.8,886.26,3394.56,1.0,,0.0
LocateAnything 3B,mtsd-p11,back of a traffic sign,grp4_91f6056a-20251116_163806.jpg,936.77,1501.44,1460.26,2166.48,1.0,,0.1455
LocateAnything 3B,mtsd-p11,back of a traffic sign,grp4_91f6056a-20251116_163806.jpg,950.54,3655.68,1460.26,4075.92,1.0,,0.0
LocateAnything 3B,mtsd-p11,back of a traffic sign,grp4_91f6056a-20251116_163806.jpg,1602.61,2749.92,2291.41,3341.52,1.0,,0.0
LocateAnything 3B,mtsd-p11,back of a traffic sign,grp4_91f6056a-20251116_163806.jpg,2116.91,3643.44,2291.41,4075.92,1.0,,0.0
LocateAnything 3B,mtsd-p11,back of a traffic sign,grp4_91f6056a-20251116_163806.jpg,2222.53,2435.76,2291.41,2798.88,1.0,,0.0
LocateAnything 3B,mtsd-p11,back of a traffic sign,grp4_91f6056a-20251116_163806.jpg,2231.71,3814.8,2291.41,4075.92,1.0,,0.0
LocateAnything 3B,mtsd-p11,back of a traffic sign,grp4_935db33c-20260107_105737.jpg,638.29,1060.8,1575.06,1827.84,1.0,Other-Unknown,0.9829
LocateAnything 3B,mtsd-p11,back of a traffic sign,grp4_935db33c-20260107_105737.jpg,741.61,1827.84,1538.32,2586.72,1.0,Roundabout Ahead,0.974
LocateAnything 3B,mtsd-p11,back of a traffic sign,grp4_94287dbf-20260113_132935.jpg,0.0,0.0,2997.0,1076.0,1.0,,0.0
LocateAnything 3B,mtsd-p11,back of a traffic sign,grp4_9a8f607e-20251222_141532.jpg,678.0,2220.0,2010.0,2744.0,1.0,,0.0
LocateAnything 3B,mtsd-p11,back of a traffic sign,grp4_a59df063-20251116_165440.jpg,219.53,876.08,1325.44,2263.82,1.0,No Entry (One Way),0.9894
LocateAnything 3B,mtsd-p11,back of a traffic sign,grp4_a59df063-20251116_165440.jpg,1805.91,3073.63,1884.61,3158.3,1.0,No Entry (One Way),0.8837
LocateAnything 3B,mtsd-p11,back of a traffic sign,grp4_abe76f20-20260109_124535.jpg,0.0,0.0,2997.0,3996.0,1.0,,0.2693
LocateAnything 3B,mtsd-p11,back of a traffic sign,grp4_b3d0eaa4-20251116_163427.jpg,0.0,0.0,2293.7,4075.92,1.0,,0.1956
LocateAnything 3B,mtsd-p11,back of a traffic sign,grp4_b3d0eaa4-20251116_163427.jpg,27.55,461.04,922.99,2517.36,1.0,Auxiliary Sign,0.9931
LocateAnything 3B,mtsd-p11,back of a traffic sign,grp4_b3d0eaa4-20251116_163427.jpg,881.66,1236.24,1430.41,2341.92,1.0,No Entry (One Way),0.9828
LocateAnything 3B,mtsd-p11,back of a traffic sign,grp4_b3d0eaa4-20251116_163427.jpg,1189.33,905.76,2293.7,4075.92,1.0,,0.0691
LocateAnything 3B,mtsd-p11,back of a traffic sign,grp4_b3d0eaa4-20251116_163427.jpg,1193.92,2827.44,1494.7,3194.64,1.0,,0.0
LocateAnything 3B,mtsd-p11,back of a traffic sign,grp4_b3d0eaa4-20251116_163427.jpg,1439.59,1778.88,1710.52,2272.56,1.0,,0.0
LocateAnything 3B,mtsd-p11,back of a traffic sign,grp4_b3d0eaa4-20251116_163427.jpg,1467.14,2798.88,1779.4,3341.52,1.0,,0.0
LocateAnything 3B,mtsd-p11,back of a traffic sign,grp4_b3d0eaa4-20251116_163427.jpg,1781.7,1493.28,2293.7,2341.92,1.0,,0.0
LocateAnything 3B,mtsd-p11,back of a traffic sign,grp4_b3d0eaa4-20251116_163427.jpg,1866.65,3092.64,2293.7,3606.72,1.0,,0.0
LocateAnything 3B,mtsd-p11,back of a traffic sign,grp4_b3d0eaa4-20251116_163427.jpg,1875.83,3729.12,2293.7,3892.32,1.0,,0.0
LocateAnything 3B,mtsd-p11,back of a traffic sign,grp4_b3d0eaa4-20251116_163427.jpg,1875.83,3561.84,2293.7,3761.76,1.0,,0.0
LocateAnything 3B,mtsd-p11,back of a traffic sign,grp4_bdef9845-20260109_130552.jpg,735.0,1268.0,1986.0,2356.0,1.0,Blind-Spot Mirror (Convex Mirror),0.9876
LocateAnything 3B,mtsd-p11,back of a traffic sign,grp4_bdef9845-20260109_130552.jpg,744.0,1552.0,819.0,2012.0,1.0,,0.0255
LocateAnything 3B,mtsd-p11,back of a traffic sign,grp4_bdef9845-20260109_130552.jpg,744.0,2444.0,858.0,2744.0,1.0,,0.0
LocateAnything 3B,mtsd-p11,back of a traffic sign,grp4_bdef9845-20260109_130552.jpg,744.0,3308.0,849.0,3628.0,1.0,,0.0
LocateAnything 3B,mtsd-p11,back of a traffic sign,grp4_bdef9845-20260109_130552.jpg,1431.0,1176.0,1575.0,1284.0,1.0,,0.0021
LocateAnything 3B,mtsd-p11,back of a traffic sign,grp4_bdef9845-20260109_130552.jpg,1443.0,3472.0,1647.0,3656.0,1.0,,0.0
LocateAnything 3B,mtsd-p11,back of a traffic sign,grp4_bdef9845-20260109_130552.jpg,1449.0,2288.0,1605.0,2564.0,1.0,,0.0074
LocateAnything 3B,mtsd-p11,back of a traffic sign,grp4_bdef9845-20260109_130552.jpg,1923.0,1368.0,2100.0,1908.0,1.0,,0.023
LocateAnything 3B,mtsd-p11,back of a traffic sign,grp4_bdef9845-20260109_130552.jpg,1965.0,2416.0,2163.0,3016.0,1.0,,0.0
LocateAnything 3B,mtsd-p11,back of a traffic sign,grp4_bdef9845-20260109_130552.jpg,2274.0,540.0,2730.0,1240.0,1.0,,0.0
LocateAnything 3B,mtsd-p11,back of a traffic sign,grp4_bdef9845-20260109_130552.jpg,2520.0,1844.0,2856.0,2696.0,1.0,,0.0
LocateAnything 3B,mtsd-p11,back of a traffic sign,grp4_bdef9845-20260109_130552.jpg,2604.0,3036.0,2982.0,3672.0,1.0,,0.0
LocateAnything 3B,mtsd-p11,back of a traffic sign,grp4_bdef9845-20260109_130552.jpg,2631.0,3688.0,2994.0,3996.0,1.0,,0.0
LocateAnything 3B,mtsd-p11,back of a traffic sign,grp4_bdef9845-20260109_130552.jpg,2742.0,1884.0,2850.0,2348.0,1.0,,0.0
LocateAnything 3B,mtsd-p11,back of a traffic sign,grp4_bdef9845-20260109_130552.jpg,2868.0,3076.0,2994.0,3656.0,1.0,,0.0
LocateAnything 3B,mtsd-p11,back of a traffic sign,grp4_c3a633b2-20251116_162903.jpg,300.0,707.59,1977.96,3322.0,1.0,,0.0483
LocateAnything 3B,mtsd-p11,back of a traffic sign,grp4_cbb400e9-WhatsApp_Image_2026-01-14_at_11.10.25.jpeg,1071.0,0.0,1209.0,2000.0,1.0,,0.0
LocateAnything 3B,mtsd-p11,back of a traffic sign,grp4_cbb400e9-WhatsApp_Image_2026-01-14_at_11.10.25.jpeg,1072.5,1222.0,1137.0,1260.0,1.0,,0.0
LocateAnything 3B,mtsd-p11,back of a traffic sign,grp4_cbb400e9-WhatsApp_Image_2026-01-14_at_11.10.25.jpeg,1077.0,1222.0,1135.5,1242.0,1.0,,0.0
LocateAnything 3B,mtsd-p11,back of a traffic sign,grp4_cbb400e9-WhatsApp_Image_2026-01-14_at_11.10.25.jpeg,1107.0,1222.0,1135.5,1242.0,1.0,,0.0
LocateAnything 3B,mtsd-p11,back of a traffic sign,grp4_d1c1ed24-20260113_130204.jpg,1050.0,1564.0,1833.0,2356.0,1.0,No Through Road (T-Junction),0.978
LocateAnything 3B,mtsd-p11,back of a traffic sign,grp4_d1c1ed24-20260113_130204.jpg,1257.0,1668.0,1638.0,1836.0,1.0,,0.1047
LocateAnything 3B,mtsd-p11,back of a traffic sign,grp4_d1c1ed24-20260113_130204.jpg,1401.0,1812.0,1512.0,2248.0,1.0,,0.0791
LocateAnything 3B,mtsd-p11,back of a traffic sign,grp4_d1c1ed24-20260113_130204.jpg,1413.0,1668.0,1821.0,2340.0,1.0,,0.4483
LocateAnything 3B,mtsd-p11,back of a traffic sign,grp4_d3d2c193-20260109_124357.jpg,1247.86,938.02,1457.87,3253.74,1.0,,0.0
LocateAnything 3B,mtsd-p11,back of a traffic sign,grp4_d3d2c193-20260109_124357.jpg,1428.57,2488.35,1570.21,3253.74,1.0,,0.0
LocateAnything 3B,mtsd-p11,back of a traffic sign,grp4_d3d2c193-20260109_124357.jpg,1553.11,0.0,2437.12,3253.74,1.0,,0.0
LocateAnything 3B,mtsd-p11,back of a traffic sign,grp4_d3d2c193-20260109_124357.jpg,1558.0,2498.12,1978.02,3253.74,1.0,,0.0
LocateAnything 3B,mtsd-p11,back of a traffic sign,grp4_d4ed28aa-20251222_141346.jpg,1176.0,776.0,1395.0,3996.0,1.0,,0.0
LocateAnything 3B,mtsd-p11,back of a traffic sign,grp4_d4ed28aa-20251222_141346.jpg,1389.0,524.0,2124.0,2228.0,1.0,,0.0
LocateAnything 3B,mtsd-p11,back of a traffic sign,grp4_d5aaacb6-20251116_165125.jpg,578.59,877.2,1570.46,1897.2,1.0,Blind-Spot Mirror (Convex Mirror),0.9838
LocateAnything 3B,mtsd-p11,back of a traffic sign,grp4_d5aaacb6-20251116_165125.jpg,1836.8,399.84,2236.3,1313.76,1.0,Street Sign,0.9492
LocateAnything 3B,mtsd-p11,back of a traffic sign,grp4_d5aaacb6-20251116_165125.jpg,1859.76,0.0,2296.0,4075.92,1.0,,0.1943
LocateAnything 3B,mtsd-p11,back of a traffic sign,grp4_d78448ea-20251117_105829.jpg,436.24,2246.93,2137.58,2642.04,1.0,,0.0
LocateAnything 3B,mtsd-p11,back of a traffic sign,grp4_d8a007d5-20260109_123932.jpg,0.0,0.0,360.0,320.0,1.0,,0.0
LocateAnything 3B,mtsd-p11,back of a traffic sign,grp4_d8a007d5-20260109_123932.jpg,0.0,2492.0,81.0,2696.0,1.0,,0.0
LocateAnything 3B,mtsd-p11,back of a traffic sign,grp4_d8a007d5-20260109_123932.jpg,93.0,2504.0,198.0,2712.0,1.0,,0.0
LocateAnything 3B,mtsd-p11,back of a traffic sign,grp4_d8a007d5-20260109_123932.jpg,219.0,2500.0,327.0,2716.0,1.0,,0.0
LocateAnything 3B,mtsd-p11,back of a traffic sign,grp4_d8a007d5-20260109_123932.jpg,327.0,2508.0,426.0,2696.0,1.0,,0.0
LocateAnything 3B,mtsd-p11,back of a traffic sign,grp4_d8a007d5-20260109_123932.jpg,435.0,2520.0,528.0,2696.0,1.0,,0.0
LocateAnything 3B,mtsd-p11,back of a traffic sign,grp4_d8a007d5-20260109_123932.jpg,537.0,2536.0,630.0,2696.0,1.0,,0.0059
LocateAnything 3B,mtsd-p11,back of a traffic sign,grp4_d8a007d5-20260109_123932.jpg,1833.0,2596.0,1923.0,2780.0,1.0,,0.005
LocateAnything 3B,mtsd-p11,back of a traffic sign,grp4_d8a007d5-20260109_123932.jpg,1905.0,2600.0,1986.0,2776.0,1.0,,0.0
LocateAnything 3B,mtsd-p11,back of a traffic sign,grp4_d8a007d5-20260109_123932.jpg,1971.0,2596.0,2058.0,2772.0,1.0,,0.0
LocateAnything 3B,mtsd-p11,back of a traffic sign,grp4_d8a007d5-20260109_123932.jpg,936.0,1530.0,3000.0,4000.0,1.0,,0.3054
LocateAnything 3B,mtsd-p11,back of a traffic sign,grp4_d8a007d5-20260109_123932.jpg,2262.0,2904.0,2355.0,3192.0,1.0,,0.0
LocateAnything 3B,mtsd-p11,back of a traffic sign,grp4_d8a007d5-20260109_123932.jpg,2316.0,2904.0,2364.0,3308.0,1.0,,0.0
LocateAnything 3B,mtsd-p11,back of a traffic sign,grp4_d8a007d5-20260109_123932.jpg,2604.0,2840.0,2688.0,2920.0,1.0,,0.0
LocateAnything 3B,mtsd-p11,back of a traffic sign,grp4_d8a007d5-20260109_123932.jpg,2640.0,2832.0,2700.0,2912.0,1.0,,0.0
LocateAnything 3B,mtsd-p11,back of a traffic sign,grp4_ddd42f22-20251116_162542.jpg,918.4,1803.36,1393.67,2297.04,1.0,No Entry (One Way),0.9711
LocateAnything 3B,mtsd-p11,back of a traffic sign,grp4_ddd42f22-20251116_162542.jpg,1942.42,2015.52,2296.0,2272.56,1.0,Street Sign,0.9539
LocateAnything 3B,mtsd-p11,back of a traffic sign,grp4_ddd42f22-20251116_162542.jpg,2116.91,2060.4,2224.82,2121.6,1.0,,0.0693
LocateAnything 3B,mtsd-p11,back of a traffic sign,grp4_ddd42f22-20251116_162542.jpg,2130.69,2129.76,2286.82,2215.44,1.0,,0.1404
LocateAnything 3B,mtsd-p11,back of a traffic sign,grp4_ddd42f22-20251116_162542.jpg,987.28,1071.0,2296.0,3188.52,1.0,,0.0724
LocateAnything 3B,mtsd-p11,back of a traffic sign,grp4_dddb030d-20251230_104127.jpg,0.0,0.0,2997.0,3996.0,1.0,,0.0004
LocateAnything 3B,mtsd-p11,back of a traffic sign,grp4_dddb030d-20251230_104127.jpg,2466.0,2696.0,2997.0,3548.0,1.0,,0.0
LocateAnything 3B,mtsd-p11,back of a traffic sign,grp4_dddb030d-20251230_104127.jpg,2742.0,2180.0,2805.0,2240.0,1.0,,0.0
LocateAnything 3B,mtsd-p11,back of a traffic sign,grp4_dddb030d-20251230_104127.jpg,2745.0,2340.0,2814.0,2400.0,1.0,Pedestrian Crossing,0.8019
LocateAnything 3B,mtsd-p11,back of a traffic sign,grp4_dddb030d-20251230_104127.jpg,1359.0,1138.0,3000.0,3318.0,1.0,,0.0014
LocateAnything 3B,mtsd-p11,back of a traffic sign,grp4_dddb030d-20251230_104127.jpg,2787.0,2060.0,2844.0,2180.0,1.0,,0.0
LocateAnything 3B,mtsd-p11,back of a traffic sign,grp4_dddb030d-20251230_104127.jpg,2796.0,2064.0,2997.0,2276.0,1.0,,0.0
LocateAnything 3B,mtsd-p11,back of a traffic sign,grp4_dddb030d-20251230_104127.jpg,2802.0,2220.0,2997.0,2276.0,1.0,,0.0
LocateAnything 3B,mtsd-p11,back of a traffic sign,grp4_e3a6bacf-20251222_140739.jpg,849.0,788.0,1755.0,2112.0,1.0,No Entry (One Way),0.9804
LocateAnything 3B,mtsd-p11,back of a traffic sign,grp4_e3a6bacf-20251222_140739.jpg,2172.0,3088.0,2208.0,3260.0,1.0,,0.2053
LocateAnything 3B,mtsd-p11,back of a traffic sign,grp4_e3a6bacf-20251222_140739.jpg,2856.0,3084.0,2895.0,3132.0,1.0,Pedestrian Crossing,0.7437
LocateAnything 3B,mtsd-p11,back of a traffic sign,grp4_e47a8d80-20251116_163051.jpg,987.28,1224.0,1370.71,2921.28,1.0,No Entry (One Way),0.967
LocateAnything 3B,mtsd-p11,back of a traffic sign,grp4_e47a8d80-20251116_163051.jpg,1368.42,2142.0,1508.47,4075.92,1.0,,0.0094
LocateAnything 3B,mtsd-p11,back of a traffic sign,grp4_e47a8d80-20251116_163051.jpg,1699.04,3174.24,1763.33,4075.92,1.0,,0.0
LocateAnything 3B,mtsd-p11,back of a traffic sign,grp4_e47a8d80-20251116_163051.jpg,1823.02,3492.48,1878.13,4075.92,1.0,,0.0
LocateAnything 3B,mtsd-p11,back of a traffic sign,grp4_e47a8d80-20251116_163051.jpg,1859.76,3606.72,1914.86,4075.92,1.0,,0.0
LocateAnything 3B,mtsd-p11,back of a traffic sign,grp4_e47a8d80-20251116_163051.jpg,1965.38,3606.72,2038.85,4075.92,1.0,,0.0
LocateAnything 3B,mtsd-p11,back of a traffic sign,grp4_e47a8d80-20251116_163051.jpg,2050.33,3798.48,2194.98,4075.92,1.0,,0.0
LocateAnything 3B,mtsd-p11,back of a traffic sign,grp4_e47a8d80-20251116_163051.jpg,2240.9,3982.08,2293.7,4075.92,1.0,,0.0
LocateAnything 3B,mtsd-p11,back of a traffic sign,grp4_e47a8d80-20251116_163051.jpg,2243.19,3802.56,2293.7,4075.92,1.0,,0.0
LocateAnything 3B,mtsd-p11,back of a traffic sign,grp4_e47a8d80-20251116_163051.jpg,2268.45,3982.08,2293.7,4075.92,1.0,,0.0
LocateAnything 3B,mtsd-p11,back of a traffic sign,grp4_e47a8d80-20251116_163051.jpg,2270.74,3802.56,2293.7,4075.92,1.0,,0.0
LocateAnything 3B,mtsd-p11,back of a traffic sign,grp4_e47a8d80-20251116_163051.jpg,2282.22,3982.08,2293.7,4075.92,1.0,,0.0
LocateAnything 3B,mtsd-p11,back of a traffic sign,grp4_e47a8d80-20251116_163051.jpg,2284.52,3802.56,2293.7,4075.92,1.0,,0.0
LocateAnything 3B,mtsd-p11,back of a traffic sign,grp4_e63ad5ed-WhatsApp_Image_2026-01-14_at_11.10.19_1.jpeg,531.0,756.0,906.0,1126.0,1.0,No Through Road (T-Junction),0.9795
LocateAnything 3B,mtsd-p11,back of a traffic sign,grp4_e63ad5ed-WhatsApp_Image_2026-01-14_at_11.10.19_1.jpeg,621.0,810.0,790.5,884.0,1.0,,0.0923
LocateAnything 3B,mtsd-p11,back of a traffic sign,grp4_e63ad5ed-WhatsApp_Image_2026-01-14_at_11.10.19_1.jpeg,679.5,868.0,760.5,1076.0,1.0,,0.124
LocateAnything 3B,mtsd-p11,back of a traffic sign,grp4_e63ad5ed-WhatsApp_Image_2026-01-14_at_11.10.19_1.jpeg,682.5,810.0,898.5,1076.0,1.0,,0.4228
LocateAnything 3B,mtsd-p11,back of a traffic sign,grp4_e63ad5ed-WhatsApp_Image_2026-01-14_at_11.10.19_1.jpeg,709.5,812.0,766.5,1076.0,1.0,,0.1107
LocateAnything 3B,mtsd-p11,back of a traffic sign,grp4_f171227c-20251222_132239.jpg,0.0,0.0,1443.0,1176.0,1.0,Other-Unknown,0.9928
LocateAnything 3B,mtsd-p11,back of a traffic sign,grp4_f171227c-20251222_132239.jpg,0.0,872.0,1203.0,1620.0,1.0,Auxiliary Sign,0.9651
LocateAnything 3B,mtsd-p11,back of a traffic sign,grp4_f171227c-20251222_132239.jpg,993.0,936.0,1638.0,2228.0,1.0,Blind-Spot Mirror (Convex Mirror),0.9861
LocateAnything 3B,mtsd-p11,back of a traffic sign,grp4_f171227c-20251222_132239.jpg,1377.0,3848.0,1605.0,3996.0,1.0,,0.0
LocateAnything 3B,mtsd-p11,back of a traffic sign,grp4_f171227c-20251222_132239.jpg,1797.0,3776.0,2022.0,3996.0,1.0,,0.0
LocateAnything 3B,mtsd-p11,back of a traffic sign,grp4_f171227c-20251222_132239.jpg,2148.0,3728.0,2310.0,3996.0,1.0,,0.0
LocateAnything 3B,mtsd-p11,back of a traffic sign,grp4_f171227c-20251222_132239.jpg,2403.0,3688.0,2538.0,3992.0,1.0,,0.0
LocateAnything 3B,mtsd-p11,back of a traffic sign,grp4_f171227c-20251222_132239.jpg,2604.0,3656.0,2703.0,3912.0,1.0,,0.0
LocateAnything 3B,mtsd-p11,back of a traffic sign,grp4_f171227c-20251222_132239.jpg,2742.0,3628.0,2856.0,3876.0,1.0,,0.0
LocateAnything 3B,mtsd-p11,back of a traffic sign,grp4_f171227c-20251222_132239.jpg,2856.0,3492.0,2994.0,3996.0,1.0,,0.0
LocateAnything 3B,mtsd-p11,back of a traffic sign,grp4_f171227c-20251222_132239.jpg,2868.0,0.0,2997.0,980.0,1.0,,0.0
LocateAnything 3B,mtsd-p11,back of a traffic sign,grp4_f1d0d896-WhatsApp_Image_2026-01-14_at_11.12.20.jpeg,543.0,838.0,829.5,1230.0,1.0,No Through Road (T-Junction),0.9716
LocateAnything 3B,mtsd-p11,back of a traffic sign,grp4_f1d0d896-WhatsApp_Image_2026-01-14_at_11.12.20.jpeg,766.5,1268.0,853.5,1380.0,1.0,,0.0
LocateAnything 3B,mtsd-p11,back of a traffic sign,grp4_f1d0d896-WhatsApp_Image_2026-01-14_at_11.12.20.jpeg,1240.5,1372.0,1453.5,1584.0,1.0,,0.0
LocateAnything 3B,mtsd-p11,back of a traffic sign,grp4_f1d0d896-WhatsApp_Image_2026-01-14_at_11.12.20.jpeg,1260.0,1386.0,1309.5,1410.0,1.0,,0.0
LocateAnything 3B,mtsd-p11,back of a traffic sign,grp4_f1d0d896-WhatsApp_Image_2026-01-14_at_11.12.20.jpeg,1320.0,1386.0,1387.5,1406.0,1.0,,0.0
LocateAnything 3B,mtsd-p11,back of a traffic sign,grp4_f1d0d896-WhatsApp_Image_2026-01-14_at_11.12.20.jpeg,700.5,682.0,1500.0,2000.0,1.0,,0.0462
LocateAnything 3B,mtsd-p11,back of a traffic sign,grp4_f1d0d896-WhatsApp_Image_2026-01-14_at_11.12.20.jpeg,1395.0,1386.0,1416.0,1408.0,1.0,,0.0
LocateAnything 3B,mtsd-p11,back of a traffic sign,grp4_f1d0d896-WhatsApp_Image_2026-01-14_at_11.12.20.jpeg,1401.0,1386.0,1434.0,1408.0,1.0,,0.0
LocateAnything 3B,mtsd-p11,back of a traffic sign,grp4_f1d0d896-WhatsApp_Image_2026-01-14_at_11.12.20.jpeg,1419.0,1386.0,1434.0,1408.0,1.0,,0.0
LocateAnything 3B,mtsd-p11,back of a traffic sign,grp4_f1d0d896-WhatsApp_Image_2026-01-14_at_11.12.20.jpeg,1428.0,1386.0,1434.0,1408.0,1.0,,0.0
LocateAnything 3B,mtsd-p11,back of a traffic sign,grp4_fa665131-WhatsApp_Image_2026-01-14_at_11.12.04.jpeg,576.0,556.0,790.5,1138.0,1.0,No Through Road (T-Junction),0.9447
LocateAnything 3B,mtsd-p11,back of a traffic sign,grp4_fa665131-WhatsApp_Image_2026-01-14_at_11.12.04.jpeg,588.0,1278.0,787.5,1516.0,1.0,,0.0
LocateAnything 3B,mtsd-p11,back of a traffic sign,grp4_fa665131-WhatsApp_Image_2026-01-14_at_11.12.04.jpeg,694.5,1664.0,829.5,1768.0,1.0,,0.0
LocateAnything 3B,mtsd-p11,back of a traffic sign,grp4_fa665131-WhatsApp_Image_2026-01-14_at_11.12.04.jpeg,700.5,1282.0,844.5,1396.0,1.0,,0.0
LocateAnything 3B,mtsd-p11,back of a traffic sign,grp4_fa665131-WhatsApp_Image_2026-01-14_at_11.12.04.jpeg,706.5,1844.0,792.0,1928.0,1.0,,0.0
LocateAnything 3B,mtsd-p11,back of a traffic sign,grp4_fa665131-WhatsApp_Image_2026-01-14_at_11.12.04.jpeg,711.0,1472.0,784.5,1556.0,1.0,,0.0
LocateAnything 3B,mtsd-p11,back of a traffic sign,grp4_fa665131-WhatsApp_Image_2026-01-14_at_11.12.04.jpeg,712.5,1226.0,819.0,1286.0,1.0,,0.0
LocateAnything 3B,mtsd-p11,back of a traffic sign,grp4_fa665131-WhatsApp_Image_2026-01-14_at_11.12.04.jpeg,772.5,1582.0,840.0,1654.0,1.0,,0.0
LocateAnything 3B,mtsd-p11,back of a traffic sign,grp4_fa665131-WhatsApp_Image_2026-01-14_at_11.12.04.jpeg,802.5,1844.0,883.5,1924.0,1.0,,0.0
LocateAnything 3B,mtsd-p11,back of a traffic sign,grp4_fa665131-WhatsApp_Image_2026-01-14_at_11.12.04.jpeg,813.0,1938.0,877.5,1998.0,1.0,,0.0
LocateAnything 3B,mtsd-p11,back of a traffic sign,grp4_fa665131-WhatsApp_Image_2026-01-14_at_11.12.04.jpeg,819.0,1428.0,925.5,1550.0,1.0,,0.0
LocateAnything 3B,mtsd-p11,back of a traffic sign,grp4_fa665131-WhatsApp_Image_2026-01-14_at_11.12.04.jpeg,828.0,1286.0,931.5,1372.0,1.0,,0.0
LocateAnything 3B,mtsd-p11,back of a traffic sign,grp4_fa665131-WhatsApp_Image_2026-01-14_at_11.12.04.jpeg,835.5,1362.0,916.5,1442.0,1.0,,0.0
LocateAnything 3B,mtsd-p11,back of a traffic sign,grp4_fa665131-WhatsApp_Image_2026-01-14_at_11.12.04.jpeg,841.5,1540.0,942.0,1624.0,1.0,,0.0
LocateAnything 3B,mtsd-p11,back of a traffic sign,grp4_fa665131-WhatsApp_Image_2026-01-14_at_11.12.04.jpeg,867.0,1082.0,948.0,1194.0,1.0,,0.0
LocateAnything 3B,mtsd-p11,back of a traffic sign,grp4_fa665131-WhatsApp_Image_2026-01-14_at_11.12.04.jpeg,868.5,1214.0,934.5,1292.0,1.0,,0.0
LocateAnything 3B,mtsd-p11,back of a traffic sign,grp4_fa665131-WhatsApp_Image_2026-01-14_at_11.12.04.jpeg,871.5,1870.0,982.5,1952.0,1.0,,0.0
LocateAnything 3B,mtsd-p11,back of a traffic sign,grp4_fa665131-WhatsApp_Image_2026-01-14_at_11.12.04.jpeg,874.5,1938.0,937.5,1998.0,1.0,,0.0
LocateAnything 3B,mtsd-p11,back of a traffic sign,grp4_fe8b41fc-WhatsApp_Image_2026-01-14_at_11.10.21_3.jpeg,645.0,596.0,910.5,1090.0,1.0,Blind-Spot Mirror (Convex Mirror),0.8814
LocateAnything 3B,mtsd-p11,back of a traffic sign,grp4_fe8b41fc-WhatsApp_Image_2026-01-14_at_11.10.21_3.jpeg,952.5,1080.0,1092.0,1544.0,1.0,,0.0
LocateAnything 3B,mtsd-p11,back of a traffic sign,grp4_fe8b41fc-WhatsApp_Image_2026-01-14_at_11.10.21_3.jpeg,954.0,1278.0,1047.0,1348.0,1.0,,0.0
LocateAnything 3B,mtsd-p11,back of a traffic sign,grp4_fe8b41fc-WhatsApp_Image_2026-01-14_at_11.10.21_3.jpeg,957.0,1348.0,1047.0,1408.0,1.0,,0.0
LocateAnything 3B,mtsd-p11,back of a traffic sign,grp4_ffdc6f75-WhatsApp_Image_2026-01-14_at_11.10.20.jpeg,715.5,1156.0,883.5,1390.0,1.0,Directional Sign,0.9517
LocateAnything 3B,mtsd-p11,back of a traffic sign,grp4_ffdc6f75-WhatsApp_Image_2026-01-14_at_11.10.20.jpeg,723.0,1170.0,877.5,1254.0,1.0,,0.3271
LocateAnything 3B,mtsd-p11,back of a traffic sign,grp4_ffdc6f75-WhatsApp_Image_2026-01-14_at_11.10.20.jpeg,726.0,1256.0,876.0,1326.0,1.0,,0.2647
LocateAnything 3B,mtsd-p11,back of a traffic sign,grp5_05facbdc-BenTaliana_23_Front.jpeg,948.02,1733.76,3134.38,4257.79,1.0,Blind-Spot Mirror (Convex Mirror),0.9891
LocateAnything 3B,mtsd-p11,back of a traffic sign,grp5_05facbdc-BenTaliana_23_Front.jpeg,957.1,7741.44,1220.18,7943.04,1.0,,0.0
LocateAnything 3B,mtsd-p11,back of a traffic sign,grp5_05facbdc-BenTaliana_23_Front.jpeg,1292.76,7878.53,1605.74,8064.0,1.0,,0.0
LocateAnything 3B,mtsd-p11,back of a traffic sign,grp5_05facbdc-BenTaliana_23_Front.jpeg,2408.62,6604.42,2481.19,6709.25,1.0,,0.0
LocateAnything 3B,mtsd-p11,back of a traffic sign,grp5_05facbdc-BenTaliana_23_Front.jpeg,3420.14,2443.39,3674.16,2644.99,1.0,,0.0
LocateAnything 3B,mtsd-p11,back of a traffic sign,grp5_05facbdc-BenTaliana_23_Front.jpeg,4386.31,5007.74,4536.0,5169.02,1.0,,0.0
LocateAnything 3B,mtsd-p11,back of a traffic sign,grp5_05facbdc-BenTaliana_23_Front.jpeg,4463.42,5007.74,4536.0,5169.02,1.0,,0.0
LocateAnything 3B,mtsd-p11,back of a traffic sign,grp5_05facbdc-BenTaliana_23_Front.jpeg,4504.25,5007.74,4536.0,5169.02,1.0,,0.0
LocateAnything 3B,mtsd-p11,back of a traffic sign,grp5_05facbdc-BenTaliana_23_Front.jpeg,4522.39,5007.74,4536.0,5169.02,1.0,,0.0
LocateAnything 3B,mtsd-p11,back of a traffic sign,grp5_0f660dba-MichaelFarrugia_49_Back.jpg,1320.96,1146.48,1603.58,4075.92,1.0,,0.0
LocateAnything 3B,mtsd-p11,back of a traffic sign,grp5_13ab0dbb-BenTaliana_59_Front.jpeg,1124.93,1588.61,3542.62,3798.14,1.0,No Through Road (T-Junction),0.9859
LocateAnything 3B,mtsd-p11,back of a traffic sign,grp5_13ab0dbb-BenTaliana_59_Front.jpeg,2091.1,3798.14,2458.51,8055.94,1.0,,0.0004
LocateAnything 3B,mtsd-p11,back of a traffic sign,grp5_13ab0dbb-BenTaliana_59_Front.jpeg,2413.15,3798.14,3796.63,6523.78,1.0,,0.001
LocateAnything 3B,mtsd-p11,back of a traffic sign,grp5_13ab0dbb-BenTaliana_59_Front.jpeg,2426.76,3378.82,3166.13,3846.53,1.0,,0.0585
LocateAnything 3B,mtsd-p11,back of a traffic sign,grp5_1a462468-MichaelFarrugia_24_Back.jpg,0.0,2570.4,540.67,3729.12,1.0,,0.0
LocateAnything 3B,mtsd-p11,back of a traffic sign,grp5_1a462468-MichaelFarrugia_24_Back.jpg,0.0,3541.44,801.79,4075.92,1.0,,0.0
LocateAnything 3B,mtsd-p11,back of a traffic sign,grp5_1a462468-MichaelFarrugia_24_Back.jpg,509.95,2615.28,1311.74,3541.44,1.0,,0.0
LocateAnything 3B,mtsd-p11,back of a traffic sign,grp5_1a462468-MichaelFarrugia_24_Back.jpg,685.06,3451.68,930.82,4071.84,1.0,,0.0
LocateAnything 3B,mtsd-p11,back of a traffic sign,grp5_1a462468-MichaelFarrugia_24_Back.jpg,915.46,3255.84,1529.86,4071.84,1.0,,0.0
LocateAnything 3B,mtsd-p11,back of a traffic sign,grp5_1a462468-MichaelFarrugia_24_Back.jpg,1287.17,2647.92,1711.1,3304.8,1.0,,0.0
LocateAnything 3B,mtsd-p11,back of a traffic sign,grp5_1a462468-MichaelFarrugia_24_Back.jpg,1333.25,3790.32,1723.39,4071.84,1.0,,0.0
LocateAnything 3B,mtsd-p11,back of a traffic sign,grp5_1a462468-MichaelFarrugia_24_Back.jpg,1505.28,3162.0,1864.7,3876.0,1.0,,0.0
LocateAnything 3B,mtsd-p11,back of a traffic sign,grp5_1a462468-MichaelFarrugia_24_Back.jpg,1686.53,2684.64,1947.65,3149.76,1.0,,0.0
LocateAnything 3B,mtsd-p11,back of a traffic sign,grp5_1a462468-MichaelFarrugia_24_Back.jpg,1698.82,3578.16,1999.87,4071.84,1.0,,0.0
LocateAnything 3B,mtsd-p11,back of a traffic sign,grp5_1a462468-MichaelFarrugia_24_Back.jpg,1827.84,3068.16,2070.53,3606.72,1.0,,0.0
LocateAnything 3B,mtsd-p11,back of a traffic sign,grp5_1a462468-MichaelFarrugia_24_Back.jpg,1913.86,2705.04,2107.39,3092.64,1.0,,0.0
LocateAnything 3B,mtsd-p11,back of a traffic sign,grp5_1a462468-MichaelFarrugia_24_Back.jpg,1950.72,3451.68,2162.69,3990.24,1.0,,0.0
LocateAnything 3B,mtsd-p11,back of a traffic sign,grp5_1a462468-MichaelFarrugia_24_Back.jpg,1969.15,3655.68,2371.58,4071.84,1.0,,0.0
LocateAnything 3B,mtsd-p11,back of a traffic sign,grp5_1a462468-MichaelFarrugia_24_Back.jpg,2018.3,3035.52,2199.55,3451.68,1.0,,0.0
LocateAnything 3B,mtsd-p11,back of a traffic sign,grp5_1a462468-MichaelFarrugia_24_Back.jpg,2058.24,2700.96,2214.91,3035.52,1.0,,0.0
LocateAnything 3B,mtsd-p11,back of a traffic sign,grp5_1a462468-MichaelFarrugia_24_Back.jpg,2107.39,3304.8,2365.44,3729.12,1.0,,0.0
LocateAnything 3B,mtsd-p11,back of a traffic sign,grp5_1a462468-MichaelFarrugia_24_Back.jpg,2144.26,2962.08,2291.71,3312.96,1.0,,0.0
LocateAnything 3B,mtsd-p11,back of a traffic sign,grp5_1f171b80-MelatAssefa_5_Front.jpg,1569.46,524.16,2382.91,1270.08,1.0,No Entry (One Way),0.9814
LocateAnything 3B,mtsd-p11,back of a traffic sign,grp5_1f171b80-MelatAssefa_5_Front.jpg,1635.98,794.3,2322.43,963.65,1.0,,0.1948
LocateAnything 3B,mtsd-p11,back of a traffic sign,grp5_1f171b80-MelatAssefa_5_Front.jpg,1805.33,1060.42,1956.53,1201.54,1.0,,0.0358
LocateAnything 3B,mtsd-p11,back of a traffic sign,grp5_1f171b80-MelatAssefa_5_Front.jpg,1859.76,1141.06,1980.72,1249.92,1.0,,0.0221
LocateAnything 3B,mtsd-p11,back of a traffic sign,grp5_1f171b80-MelatAssefa_5_Front.jpg,1962.58,1132.99,2074.46,1245.89,1.0,,0.0212
LocateAnything 3B,mtsd-p11,back of a traffic sign,grp5_1f171b80-MelatAssefa_5_Front.jpg,1980.72,1141.06,2304.29,1241.86,1.0,,0.0547
LocateAnything 3B,mtsd-p11,back of a traffic sign,grp5_2141c95b-MelatAssefa_28_Side.jpg,1185.41,1632.96,1330.56,4027.97,1.0,,0.0102
LocateAnything 3B,mtsd-p11,back of a traffic sign,grp5_2141c95b-MelatAssefa_28_Side.jpg,1611.79,1794.24,1932.34,2330.5,1.0,,0.0
LocateAnything 3B,mtsd-p11,back of a traffic sign,grp5_2141c95b-MelatAssefa_28_Side.jpg,1938.38,1709.57,2292.19,2257.92,1.0,,0.0
LocateAnything 3B,mtsd-p11,back of a traffic sign,grp5_2141c95b-MelatAssefa_28_Side.jpg,2004.91,3451.39,2364.77,4027.97,1.0,,0.0
LocateAnything 3B,mtsd-p11,back of a traffic sign,grp5_2141c95b-MelatAssefa_28_Side.jpg,2171.23,0.0,2700.43,669.31,1.0,,0.0
LocateAnything 3B,mtsd-p11,back of a traffic sign,grp5_2141c95b-MelatAssefa_28_Side.jpg,2310.34,1604.74,2685.31,2181.31,1.0,,0.0
LocateAnything 3B,mtsd-p11,back of a traffic sign,grp5_2141c95b-MelatAssefa_28_Side.jpg,2334.53,3435.26,2724.62,4027.97,1.0,,0.0
LocateAnything 3B,mtsd-p11,back of a traffic sign,grp5_2141c95b-MelatAssefa_28_Side.jpg,2673.22,1499.9,3024.0,2092.61,1.0,,0.0
LocateAnything 3B,mtsd-p11,back of a traffic sign,grp5_2141c95b-MelatAssefa_28_Side.jpg,2691.36,3411.07,3024.0,4027.97,1.0,,0.0
LocateAnything 3B,mtsd-p11,back of a traffic sign,grp5_2141c95b-MelatAssefa_28_Side.jpg,2661.12,1173.31,3024.0,1528.13,1.0,,0.0
LocateAnything 3B,mtsd-p11,back of a traffic sign,grp5_2141c95b-MelatAssefa_28_Side.jpg,2709.5,0.0,3024.0,229.82,1.0,,0.0
LocateAnything 3B,mtsd-p11,back of a traffic sign,grp5_27622289-BenTaliana_10_Front.jpeg,721.22,1806.34,3687.77,4652.93,1.0,No Entry (One Way),0.9864
LocateAnything 3B,mtsd-p11,back of a traffic sign,grp5_27622289-BenTaliana_10_Front.jpeg,1025.14,3822.34,1242.86,4040.06,1.0,,0.0056
LocateAnything 3B,mtsd-p11,back of a traffic sign,grp5_27622289-BenTaliana_10_Front.jpeg,1075.03,2620.8,1551.31,3128.83,1.0,,0.0286
LocateAnything 3B,mtsd-p11,back of a traffic sign,grp5_27622289-BenTaliana_10_Front.jpeg,1220.18,3798.14,1587.6,4056.19,1.0,,0.0112
LocateAnything 3B,mtsd-p11,back of a traffic sign,grp5_27622289-BenTaliana_10_Front.jpeg,1551.31,2903.04,1741.82,3161.09,1.0,,0.0058
LocateAnything 3B,mtsd-p11,back of a traffic sign,grp5_27622289-BenTaliana_10_Front.jpeg,1564.92,3878.78,1741.82,4023.94,1.0,,0.003
LocateAnything 3B,mtsd-p11,back of a traffic sign,grp5_27622289-BenTaliana_10_Front.jpeg,1651.1,3032.06,2698.92,3846.53,1.0,,0.1009
LocateAnything 3B,mtsd-p11,back of a traffic sign,grp5_27622289-BenTaliana_10_Front.jpeg,1719.14,3951.36,2054.81,4290.05,1.0,,0.0134
LocateAnything 3B,mtsd-p11,back of a traffic sign,grp5_27622289-BenTaliana_10_Front.jpeg,1850.69,2032.13,2381.4,2524.03,1.0,,0.0309
LocateAnything 3B,mtsd-p11,back of a traffic sign,grp5_27622289-BenTaliana_10_Front.jpeg,1950.48,3991.68,2426.76,4249.73,1.0,,0.0145
LocateAnything 3B,mtsd-p11,back of a traffic sign,grp5_27622289-BenTaliana_10_Front.jpeg,1977.7,2669.18,2336.04,3144.96,1.0,,0.0202
LocateAnything 3B,mtsd-p11,back of a traffic sign,grp5_27622289-BenTaliana_10_Front.jpeg,2013.98,4298.11,2326.97,4572.29,1.0,,0.0101
LocateAnything 3B,mtsd-p11,back of a traffic sign,grp5_27622289-BenTaliana_10_Front.jpeg,2154.6,3161.09,2603.66,3701.38,1.0,,0.0287
LocateAnything 3B,mtsd-p11,back of a traffic sign,grp5_27622289-BenTaliana_10_Front.jpeg,2322.43,4088.45,2662.63,4402.94,1.0,,0.0127
LocateAnything 3B,mtsd-p11,back of a traffic sign,grp5_27622289-BenTaliana_10_Front.jpeg,2345.11,2459.52,2857.68,2967.55,1.0,,0.0308
LocateAnything 3B,mtsd-p11,back of a traffic sign,grp5_27622289-BenTaliana_10_Front.jpeg,2580.98,4161.02,2875.82,4427.14,1.0,,0.0093
LocateAnything 3B,mtsd-p11,back of a traffic sign,grp5_27622289-BenTaliana_10_Front.jpeg,2653.56,3483.65,3030.05,3636.86,1.0,,0.0068
LocateAnything 3B,mtsd-p11,back of a traffic sign,grp5_27622289-BenTaliana_10_Front.jpeg,2717.06,2798.21,3034.58,3015.94,1.0,,0.0082
LocateAnything 3B,mtsd-p11,back of a traffic sign,grp5_28809400-MelatAssefa_23_Front.jpg,1040.26,532.22,1835.57,1350.72,1.0,No Entry (One Way),0.9761
LocateAnything 3B,mtsd-p11,back of a traffic sign,grp5_28809400-MelatAssefa_23_Front.jpg,1097.71,838.66,1781.14,1036.22,1.0,,0.2107
LocateAnything 3B,mtsd-p11,back of a traffic sign,grp5_29252be9-MichaelFarrugia_29_Front.jpg,1265.66,1244.4,2024.45,1946.16,1.0,Pedestrian Crossing,0.9835
LocateAnything 3B,mtsd-p11,back of a traffic sign,grp5_29252be9-MichaelFarrugia_29_Front.jpg,2273.28,2913.12,2414.59,2949.84,1.0,Directional Sign,0.8663
LocateAnything 3B,mtsd-p11,back of a traffic sign,grp5_2da1aa64-AlisonAttard_27_Front.jpeg,0.0,0.0,512.06,1530.14,1.0,,0.0
LocateAnything 3B,mtsd-p11,back of a traffic sign,grp5_2da1aa64-AlisonAttard_27_Front.jpeg,0.0,1720.66,911.23,3017.95,1.0,,0.0
LocateAnything 3B,mtsd-p11,back of a traffic sign,grp5_2da1aa64-AlisonAttard_27_Front.jpeg,0.0,0.0,4027.97,3024.0,1.0,,0.0215
LocateAnything 3B,mtsd-p11,back of a traffic sign,grp5_30980873-BenTaliana_12_Front.jpeg,1161.22,2136.96,3429.22,4161.02,1.0,No Entry (One Way),0.9861
LocateAnything 3B,mtsd-p11,back of a traffic sign,grp5_30980873-BenTaliana_12_Front.jpeg,2825.93,3177.22,3238.7,3588.48,1.0,,0.0374
LocateAnything 3B,mtsd-p11,back of a traffic sign,grp5_30980873-BenTaliana_12_Front.jpeg,4096.01,6056.06,4159.51,6128.64,1.0,,0.0
LocateAnything 3B,mtsd-p11,back of a traffic sign,grp5_30980873-BenTaliana_12_Front.jpeg,4109.62,6386.69,4336.42,6499.58,1.0,,0.0
LocateAnything 3B,mtsd-p11,back of a traffic sign,grp5_32b2eadc-AlisonAttard_7_Side.jpeg,0.0,0.0,4027.97,3020.98,1.0,,0.0
LocateAnything 3B,mtsd-p11,back of a traffic sign,grp5_32b2eadc-AlisonAttard_7_Side.jpeg,1669.25,0.0,3552.19,1230.77,1.0,,0.0
LocateAnything 3B,mtsd-p11,back of a traffic sign,grp5_32b2eadc-AlisonAttard_7_Side.jpeg,3265.92,2576.45,3548.16,2848.61,1.0,,0.0
LocateAnything 3B,mtsd-p11,back of a traffic sign,grp5_32b2eadc-AlisonAttard_7_Side.jpeg,3838.46,2872.8,4027.97,3017.95,1.0,,0.0
LocateAnything 3B,mtsd-p11,back of a traffic sign,grp5_3cd9a2bc-MelatAssefa_45_Side.jpg,0.0,0.0,3020.98,4027.97,1.0,,0.2037
LocateAnything 3B,mtsd-p11,back of a traffic sign,grp5_3d564b26-AlisonAttard_15_Back.jpeg,1491.84,789.26,2737.73,1971.65,1.0,No Entry (One Way),0.6383
LocateAnything 3B,mtsd-p11,back of a traffic sign,grp5_3d564b26-AlisonAttard_15_Back.jpeg,2765.95,1124.93,4027.97,1657.15,1.0,,0.0086
LocateAnything 3B,mtsd-p11,back of a traffic sign,grp5_3d564b26-AlisonAttard_15_Back.jpeg,2774.02,114.91,3003.84,698.54,1.0,,0.0
LocateAnything 3B,mtsd-p11,back of a traffic sign,grp5_3db24e6b-AlisonAttard_31_Side.jpeg,0.0,0.0,4027.97,3024.0,1.0,,0.0218
LocateAnything 3B,mtsd-p11,back of a traffic sign,grp5_44ccc0f3-MichaelFarrugia_54_Front.jpg,1216.51,1607.52,1941.5,2305.2,1.0,No Through Road (T-Junction),0.9785
LocateAnything 3B,mtsd-p11,back of a traffic sign,grp5_44ccc0f3-MichaelFarrugia_54_Front.jpg,1532.93,2660.16,1643.52,2778.48,1.0,No Through Road (T-Junction),0.9022
LocateAnything 3B,mtsd-p11,back of a traffic sign,grp5_44ccc0f3-MichaelFarrugia_54_Front.jpg,2411.52,2362.32,2555.9,2647.92,1.0,,0.0
LocateAnything 3B,mtsd-p11,back of a traffic sign,grp5_44ccc0f3-MichaelFarrugia_54_Front.jpg,2737.15,2341.92,2903.04,2643.84,1.0,,0.0
LocateAnything 3B,mtsd-p11,back of a traffic sign,grp5_44ccc0f3-MichaelFarrugia_54_Front.jpg,2786.3,2798.88,2930.69,2904.96,1.0,,0.0
LocateAnything 3B,mtsd-p11,back of a traffic sign,grp5_44ccc0f3-MichaelFarrugia_54_Front.jpg,2783.23,2052.24,2872.32,2117.52,1.0,,0.0
LocateAnything 3B,mtsd-p11,back of a traffic sign,grp5_48cba720-BenTaliana_30_Front.jpeg,1211.11,1733.76,3152.52,3652.99,1.0,No Entry (One Way),0.8644
LocateAnything 3B,mtsd-p11,back of a traffic sign,grp5_559514d7-AlisonAttard_13_Side.jpeg,2358.72,1082.59,2834.5,1693.44,1.0,,0.0
LocateAnything 3B,mtsd-p11,back of a traffic sign,grp5_559514d7-AlisonAttard_13_Side.jpeg,3483.65,0.0,4027.97,843.7,1.0,,0.0
LocateAnything 3B,mtsd-p11,back of a traffic sign,grp5_559514d7-AlisonAttard_13_Side.jpeg,3874.75,208.66,4027.97,532.22,1.0,,0.0
LocateAnything 3B,mtsd-p11,back of a traffic sign,grp5_559514d7-AlisonAttard_13_Side.jpeg,3898.94,0.0,4027.97,190.51,1.0,,0.0
LocateAnything 3B,mtsd-p11,back of a traffic sign,grp5_559514d7-AlisonAttard_13_Side.jpeg,3963.46,0.0,4027.97,190.51,1.0,,0.0
LocateAnything 3B,mtsd-p11,back of a traffic sign,grp5_559514d7-AlisonAttard_13_Side.jpeg,3995.71,0.0,4027.97,190.51,1.0,,0.0
LocateAnything 3B,mtsd-p11,back of a traffic sign,grp5_559514d7-AlisonAttard_13_Side.jpeg,4011.84,0.0,4027.97,190.51,1.0,,0.0
LocateAnything 3B,mtsd-p11,back of a traffic sign,grp5_57e0ac5f-AlisonAttard_27_Back.jpeg,1604.74,1569.46,2842.56,1980.72,1.0,,0.0
LocateAnything 3B,mtsd-p11,back of a traffic sign,grp5_6325b5ff-MelatAssefa_21_Front.jpg,1312.42,745.92,1929.31,1378.94,1.0,No Entry (One Way),0.8707
LocateAnything 3B,mtsd-p11,back of a traffic sign,grp5_6325b5ff-MelatAssefa_21_Front.jpg,1330.56,943.49,1896.05,1100.74,1.0,,0.2615
LocateAnything 3B,mtsd-p11,back of a traffic sign,grp5_6bb6fe17-BenTaliana_15_Back.jpeg,825.55,2306.3,2540.16,4394.88,1.0,Blind-Spot Mirror (Convex Mirror),0.9678
LocateAnything 3B,mtsd-p11,back of a traffic sign,grp5_6bb6fe17-BenTaliana_15_Back.jpeg,1247.4,0.0,4531.46,2403.07,1.0,,0.0094
LocateAnything 3B,mtsd-p11,back of a traffic sign,grp5_6bb6fe17-BenTaliana_15_Back.jpeg,1995.84,1338.62,4531.46,3056.26,1.0,,0.0523
LocateAnything 3B,mtsd-p11,back of a traffic sign,grp5_6bb6fe17-BenTaliana_15_Back.jpeg,3247.78,2241.79,4531.46,3128.83,1.0,,0.0
LocateAnything 3B,mtsd-p11,back of a traffic sign,grp5_6bb6fe17-BenTaliana_15_Back.jpeg,3411.07,3161.09,4531.46,4338.43,1.0,,0.0
LocateAnything 3B,mtsd-p11,back of a traffic sign,grp5_6cdcc943-AlisonAttard_14_Back.jpeg,1161.22,970.7,2399.04,2225.66,1.0,,0.467
LocateAnything 3B,mtsd-p11,back of a traffic sign,grp5_6cdcc943-AlisonAttard_14_Back.jpeg,2314.37,1454.54,4027.97,1696.46,1.0,,0.0573
LocateAnything 3B,mtsd-p11,back of a traffic sign,grp5_6cdcc943-AlisonAttard_14_Back.jpeg,2330.5,0.0,4027.97,3020.98,1.0,,0.0578
LocateAnything 3B,mtsd-p11,back of a traffic sign,grp5_770e5bfc-BenTaliana_60_Side.jpeg,1081.84,802.37,1564.92,2935.3,1.0,Stop Sign,0.6091
LocateAnything 3B,mtsd-p11,back of a traffic sign,grp5_770e5bfc-BenTaliana_60_Side.jpeg,1106.78,2564.35,1168.02,2649.02,1.0,No Entry (One Way),0.6389
LocateAnything 3B,mtsd-p11,back of a traffic sign,grp5_770e5bfc-BenTaliana_60_Side.jpeg,2113.78,2580.48,2204.5,2632.9,1.0,Other-Unknown,0.8648
LocateAnything 3B,mtsd-p11,back of a traffic sign,grp5_7ae28afa-MelatAssefa_15_Front.jpg,1188.43,620.93,2020.03,1262.02,1.0,No Entry (One Way),0.9834
LocateAnything 3B,mtsd-p11,back of a traffic sign,grp5_7ae28afa-MelatAssefa_15_Front.jpg,1239.84,838.66,1974.67,987.84,1.0,,0.2043
LocateAnything 3B,mtsd-p11,back of a traffic sign,grp5_7ae28afa-MelatAssefa_15_Front.jpg,1245.89,975.74,1968.62,1229.76,1.0,,0.3421
LocateAnything 3B,mtsd-p11,back of a traffic sign,grp5_82a1216f-AlisonAttard_27_Side.jpeg,0.0,0.0,4027.97,1454.54,1.0,,0.0
LocateAnything 3B,mtsd-p11,back of a traffic sign,grp5_85f27713-MelatAssefa_35_Side.jpg,1358.03,3033.07,1842.12,4341.12,1.0,,0.0538
LocateAnything 3B,mtsd-p11,back of a traffic sign,grp5_85f27713-MelatAssefa_35_Side.jpg,3444.34,3198.72,4284.0,4752.38,1.0,,0.0
LocateAnything 3B,mtsd-p11,back of a traffic sign,grp5_9fd3af21-MichaelFarrugia_11_Back.jpg,1234.94,1501.44,1440.77,2182.8,1.0,,0.0
LocateAnything 3B,mtsd-p11,back of a traffic sign,grp5_9fd3af21-MichaelFarrugia_11_Back.jpg,1505.28,1403.52,1827.84,2129.76,1.0,,0.0
LocateAnything 3B,mtsd-p11,back of a traffic sign,grp5_a1a873a2-MichaelFarrugia_21_Side.jpg,0.0,0.0,3068.93,1848.24,1.0,,0.0782
LocateAnything 3B,mtsd-p11,back of a traffic sign,grp5_a1a873a2-MichaelFarrugia_21_Side.jpg,0.0,0.0,3068.93,4080.0,1.0,,0.0354
LocateAnything 3B,mtsd-p11,back of a traffic sign,grp5_a1ced4bc-BenTaliana_22_Front.jpeg,2468.74,4197.59,2744.92,5197.58,1.0,,0.0
LocateAnything 3B,mtsd-p11,back of a traffic sign,grp5_a1ced4bc-BenTaliana_22_Front.jpeg,2775.23,4347.29,3256.86,5275.43,1.0,,0.0
LocateAnything 3B,mtsd-p11,back of a traffic sign,grp5_a5ec0025-BenTaliana_11_Front.jpeg,285.77,1806.34,3601.58,4394.88,1.0,No Entry (One Way),0.985
LocateAnything 3B,mtsd-p11,back of a traffic sign,grp5_a5ec0025-BenTaliana_11_Front.jpeg,1283.69,3652.99,1787.18,4088.45,1.0,,0.0254
LocateAnything 3B,mtsd-p11,back of a traffic sign,grp5_a5ec0025-BenTaliana_11_Front.jpeg,1950.48,3354.62,2639.95,3967.49,1.0,,0.049
LocateAnything 3B,mtsd-p11,back of a traffic sign,grp5_a5ec0025-BenTaliana_11_Front.jpeg,2222.64,6225.41,2490.26,6999.55,1.0,,0.0
LocateAnything 3B,mtsd-p11,back of a traffic sign,grp5_a5ec0025-BenTaliana_11_Front.jpeg,2272.54,5515.78,2553.77,6144.77,1.0,,0.0
LocateAnything 3B,mtsd-p11,back of a traffic sign,grp5_a5ec0025-BenTaliana_11_Front.jpeg,2753.35,6499.58,2907.58,6588.29,1.0,,0.0
LocateAnything 3B,mtsd-p11,back of a traffic sign,grp5_a6a28dc5-MichaelFarrugia_34_Side.jpg,0.0,0.0,3068.93,3149.76,1.0,,0.0798
LocateAnything 3B,mtsd-p11,back of a traffic sign,grp5_a7e73d18-AlisonAttard_29_Back.jpeg,0.0,0.0,4027.97,3020.98,1.0,,0.0373
LocateAnything 3B,mtsd-p11,back of a traffic sign,grp5_a7e73d18-AlisonAttard_29_Back.jpeg,1774.08,1137.02,2640.96,1651.1,1.0,,0.331
LocateAnything 3B,mtsd-p11,back of a traffic sign,grp5_a7e73d18-AlisonAttard_29_Back.jpeg,1991.81,1424.3,4027.97,1648.08,1.0,,0.1475
LocateAnything 3B,mtsd-p11,back of a traffic sign,grp5_a7e73d18-AlisonAttard_29_Back.jpeg,3745.73,1112.83,3838.46,1167.26,1.0,,0.0
LocateAnything 3B,mtsd-p11,back of a traffic sign,grp5_a7e73d18-AlisonAttard_29_Back.jpeg,3773.95,384.05,4027.97,492.91,1.0,,0.0
LocateAnything 3B,mtsd-p11,back of a traffic sign,grp5_a7e73d18-AlisonAttard_29_Back.jpeg,3975.55,0.0,4032.0,347.76,1.0,,0.0
LocateAnything 3B,mtsd-p11,back of a traffic sign,grp5_a7f0ea8c-BenTaliana_9_Side.jpeg,811.94,999.94,1390.28,2011.97,1.0,No Entry (One Way),0.9713
LocateAnything 3B,mtsd-p11,back of a traffic sign,grp5_a7f0ea8c-BenTaliana_9_Side.jpeg,1927.8,2524.03,1991.3,2693.38,1.0,No Entry (One Way),0.8157
LocateAnything 3B,mtsd-p11,back of a traffic sign,grp5_a8752ff5-MelatAssefa_56_Side.jpg,0.0,0.0,1070.5,358.85,1.0,Street Sign,0.9729
LocateAnything 3B,mtsd-p11,back of a traffic sign,grp5_a8752ff5-MelatAssefa_56_Side.jpg,0.0,1794.24,311.47,2261.95,1.0,,0.0
LocateAnything 3B,mtsd-p11,back of a traffic sign,grp5_a8752ff5-MelatAssefa_56_Side.jpg,0.0,2270.02,595.73,2757.89,1.0,,0.0
LocateAnything 3B,mtsd-p11,back of a traffic sign,grp5_a8752ff5-MelatAssefa_56_Side.jpg,0.0,2757.89,269.14,3217.54,1.0,,0.0
LocateAnything 3B,mtsd-p11,back of a traffic sign,grp5_a8752ff5-MelatAssefa_56_Side.jpg,0.0,1294.27,813.46,1774.08,1.0,,0.0
LocateAnything 3B,mtsd-p11,back of a traffic sign,grp5_a8752ff5-MelatAssefa_56_Side.jpg,0.0,0.0,3020.98,4027.97,1.0,,0.0582
LocateAnything 3B,mtsd-p11,back of a traffic sign,grp5_ab2f9697-MichaelFarrugia_48_Side.jpg,1161.22,1946.16,1505.28,2586.72,1.0,Other-Unknown,0.9506
LocateAnything 3B,mtsd-p11,back of a traffic sign,grp5_ab2f9697-MichaelFarrugia_48_Side.jpg,1164.29,1358.64,1511.42,1986.96,1.0,Stop Sign,0.9574
LocateAnything 3B,mtsd-p11,back of a traffic sign,grp5_ab2f9697-MichaelFarrugia_48_Side.jpg,1204.22,2358.24,1422.34,2590.8,1.0,,0.2141
LocateAnything 3B,mtsd-p11,back of a traffic sign,grp5_ab2f9697-MichaelFarrugia_48_Side.jpg,1222.66,2129.76,1422.34,2460.24,1.0,,0.2922
LocateAnything 3B,mtsd-p11,back of a traffic sign,grp5_ab2f9697-MichaelFarrugia_48_Side.jpg,1314.82,2358.24,1422.34,2594.88,1.0,,0.1058
LocateAnything 3B,mtsd-p11,back of a traffic sign,grp5_afdc6e4d-MelatAssefa_1_Side.jpg,1146.1,302.4,1611.79,1028.16,1.0,No Entry (One Way),0.9757
LocateAnything 3B,mtsd-p11,back of a traffic sign,grp5_afdc6e4d-MelatAssefa_1_Side.jpg,1276.13,2257.92,2225.66,2624.83,1.0,,0.0
LocateAnything 3B,mtsd-p11,back of a traffic sign,grp5_afdc6e4d-MelatAssefa_1_Side.jpg,1282.18,1596.67,2183.33,2032.13,1.0,,0.0
LocateAnything 3B,mtsd-p11,back of a traffic sign,grp5_afdc6e4d-MelatAssefa_1_Side.jpg,1291.25,1012.03,2150.06,1516.03,1.0,,0.0091
LocateAnything 3B,mtsd-p11,back of a traffic sign,grp5_afdc6e4d-MelatAssefa_1_Side.jpg,1406.16,1915.2,2140.99,2306.3,1.0,,0.0
LocateAnything 3B,mtsd-p11,back of a traffic sign,grp5_afdc6e4d-MelatAssefa_1_Side.jpg,1412.21,1310.4,2110.75,1729.73,1.0,,0.0
LocateAnything 3B,mtsd-p11,back of a traffic sign,grp5_afdc6e4d-MelatAssefa_1_Side.jpg,1424.3,0.0,2038.18,254.02,1.0,,0.0
LocateAnything 3B,mtsd-p11,back of a traffic sign,grp5_afdc6e4d-MelatAssefa_1_Side.jpg,1436.4,745.92,2110.75,1229.76,1.0,,0.081
LocateAnything 3B,mtsd-p11,back of a traffic sign,grp5_afdc6e4d-MelatAssefa_1_Side.jpg,1448.5,254.02,2089.58,753.98,1.0,,0.1239
LocateAnything 3B,mtsd-p11,back of a traffic sign,grp5_afdc6e4d-MelatAssefa_1_Side.jpg,1460.59,504.0,2110.75,1052.35,1.0,,0.1279
LocateAnything 3B,mtsd-p11,back of a traffic sign,grp5_b5c4d0ea-BenTaliana_31_Side.jpeg,0.0,0.0,4531.46,8055.94,1.0,,0.1189
LocateAnything 3B,mtsd-p11,back of a traffic sign,grp5_bbdd8a43-BenTaliana_44_Front.jpeg,0.0,0.0,4536.0,8055.94,1.0,,0.1712
LocateAnything 3B,mtsd-p11,back of a traffic sign,grp5_bc59500b-AlisonAttard_47_Side.jpeg,0.0,0.0,334.66,347.76,1.0,,0.0
LocateAnything 3B,mtsd-p11,back of a traffic sign,grp5_c5c3aa2b-BenTaliana_19_Side.jpeg,0.0,0.0,2265.73,4027.97,1.0,,0.104
LocateAnything 3B,mtsd-p11,back of a traffic sign,grp5_c5c3aa2b-BenTaliana_19_Side.jpeg,739.37,1104.77,1551.31,2278.08,1.0,No Entry (One Way),0.9816
LocateAnything 3B,mtsd-p11,back of a traffic sign,grp5_c5c3aa2b-BenTaliana_19_Side.jpeg,1637.5,221.76,2011.72,633.02,1.0,,0.0
LocateAnything 3B,mtsd-p11,back of a traffic sign,grp5_c5c3aa2b-BenTaliana_19_Side.jpeg,1995.84,512.06,2263.46,826.56,1.0,,0.0
LocateAnything 3B,mtsd-p11,back of a traffic sign,grp5_c5c3aa2b-BenTaliana_19_Side.jpeg,2082.02,0.0,2265.73,157.25,1.0,,0.0
LocateAnything 3B,mtsd-p11,back of a traffic sign,grp5_c5c3aa2b-BenTaliana_19_Side.jpeg,2213.57,0.0,2265.73,60.48,1.0,,0.0
LocateAnything 3B,mtsd-p11,back of a traffic sign,grp5_c5c3aa2b-BenTaliana_19_Side.jpeg,2233.98,0.0,2265.73,48.38,1.0,,0.0
LocateAnything 3B,mtsd-p11,back of a traffic sign,grp5_cc1fcae2-AlisonAttard_9_Back.jpeg,1282.18,2955.46,1635.98,3024.0,1.0,,0.0
LocateAnything 3B,mtsd-p11,back of a traffic sign,grp5_cc1fcae2-AlisonAttard_9_Back.jpeg,1300.32,2064.38,1648.08,2157.12,1.0,,0.0
LocateAnything 3B,mtsd-p11,back of a traffic sign,grp5_cc1fcae2-AlisonAttard_9_Back.jpeg,1318.46,1733.76,1596.67,1806.34,1.0,,0.0
LocateAnything 3B,mtsd-p11,back of a traffic sign,grp5_cc1fcae2-AlisonAttard_9_Back.jpeg,1330.56,846.72,1593.65,987.84,1.0,,0.0
LocateAnything 3B,mtsd-p11,back of a traffic sign,grp5_cc1fcae2-AlisonAttard_9_Back.jpeg,1424.3,846.72,1563.41,4027.97,1.0,,0.0
LocateAnything 3B,mtsd-p11,back of a traffic sign,grp5_cc1fcae2-AlisonAttard_9_Back.jpeg,1436.4,2415.17,1635.98,2584.51,1.0,,0.0
LocateAnything 3B,mtsd-p11,back of a traffic sign,grp5_cc1fcae2-AlisonAttard_9_Back.jpeg,1442.45,2060.35,1642.03,2140.99,1.0,,0.0
LocateAnything 3B,mtsd-p11,back of a traffic sign,grp5_cc1fcae2-AlisonAttard_9_Back.jpeg,1515.02,2076.48,1639.01,2140.99,1.0,,0.0
LocateAnything 3B,mtsd-p11,back of a traffic sign,grp5_cc77abda-MelatAssefa_34_Side.jpg,1486.55,896.78,2677.5,2558.98,1.0,No Entry (One Way),0.9849
LocateAnything 3B,mtsd-p11,back of a traffic sign,grp5_cc77abda-MelatAssefa_34_Side.jpg,1670.76,3278.69,3585.71,5706.29,1.0,,0.0
LocateAnything 3B,mtsd-p11,back of a traffic sign,grp5_cc77abda-MelatAssefa_34_Side.jpg,2146.28,2918.83,3401.5,3547.15,1.0,,0.0
LocateAnything 3B,mtsd-p11,back of a traffic sign,grp5_cc77abda-MelatAssefa_34_Side.jpg,2249.1,2667.5,3350.09,3130.18,1.0,,0.0
LocateAnything 3B,mtsd-p11,back of a traffic sign,grp5_cc77abda-MelatAssefa_34_Side.jpg,3542.87,4483.92,4275.43,5706.29,1.0,,0.0
LocateAnything 3B,mtsd-p11,back of a traffic sign,grp5_cc77abda-MelatAssefa_34_Side.jpg,3624.26,3204.43,4275.43,4506.77,1.0,,0.0
LocateAnything 3B,mtsd-p11,back of a traffic sign,grp5_cc77abda-MelatAssefa_34_Side.jpg,3872.74,2656.08,4275.43,3204.43,1.0,,0.0
LocateAnything 3B,mtsd-p11,back of a traffic sign,grp5_cc77abda-MelatAssefa_34_Side.jpg,3949.85,0.0,4275.43,359.86,1.0,,0.0
LocateAnything 3B,mtsd-p11,back of a traffic sign,grp5_cc77abda-MelatAssefa_34_Side.jpg,3975.55,359.86,4275.43,845.38,1.0,,0.0
LocateAnything 3B,mtsd-p11,back of a traffic sign,grp5_cc77abda-MelatAssefa_34_Side.jpg,3979.84,845.38,4275.43,1336.61,1.0,,0.0
LocateAnything 3B,mtsd-p11,back of a traffic sign,grp5_cc77abda-MelatAssefa_34_Side.jpg,3988.4,1336.61,4275.43,1953.5,1.0,,0.0
LocateAnything 3B,mtsd-p11,back of a traffic sign,grp5_cc77abda-MelatAssefa_34_Side.jpg,3992.69,1953.5,4275.43,2707.49,1.0,,0.0
LocateAnything 3B,mtsd-p11,back of a traffic sign,grp5_cc77abda-MelatAssefa_34_Side.jpg,4009.82,3204.43,4275.43,4506.77,1.0,,0.0
LocateAnything 3B,mtsd-p11,back of a traffic sign,grp5_cc77abda-MelatAssefa_34_Side.jpg,4121.21,0.0,4275.43,359.86,1.0,,0.0
LocateAnything 3B,mtsd-p11,back of a traffic sign,grp5_cdd70210-BenTaliana_10_Side.jpeg,0.0,0.0,4531.46,8055.94,1.0,,0.1681
LocateAnything 3B,mtsd-p11,back of a traffic sign,grp5_dad74922-BenTaliana_41_Front.jpeg,686.83,1880.83,3289.09,3958.85,1.0,No Entry (One Way),0.9902
LocateAnything 3B,mtsd-p11,back of a traffic sign,grp5_dad74922-BenTaliana_41_Front.jpeg,2069.01,5832.1,4257.47,6529.82,1.0,,0.0
LocateAnything 3B,mtsd-p11,back of a traffic sign,grp5_dad74922-BenTaliana_41_Front.jpeg,2150.06,6582.91,2743.04,7576.42,1.0,,0.0
LocateAnything 3B,mtsd-p11,back of a traffic sign,grp5_dad74922-BenTaliana_41_Front.jpeg,2964.87,6378.14,4261.73,7576.42,1.0,,0.0
LocateAnything 3B,mtsd-p11,back of a traffic sign,grp5_dad74922-BenTaliana_41_Front.jpeg,2986.2,2510.3,4261.73,3154.94,1.0,,0.0324
LocateAnything 3B,mtsd-p11,back of a traffic sign,grp5_dad74922-BenTaliana_41_Front.jpeg,3003.26,3905.76,4261.73,5164.7,1.0,,0.0019
LocateAnything 3B,mtsd-p11,back of a traffic sign,grp5_dad74922-BenTaliana_41_Front.jpeg,3003.26,5141.95,4261.73,5854.85,1.0,,0.0
LocateAnything 3B,mtsd-p11,back of a traffic sign,grp5_dad74922-BenTaliana_41_Front.jpeg,3003.26,3154.94,4261.73,4133.28,1.0,,0.0356
LocateAnything 3B,mtsd-p11,back of a traffic sign,grp5_dad74922-BenTaliana_41_Front.jpeg,3003.26,1653.31,4261.73,3033.6,1.0,,0.0482
LocateAnything 3B,mtsd-p11,back of a traffic sign,grp5_dcad2b9b-MichaelFarrugia_64_Side.jpg,0.0,3541.44,168.96,3761.76,1.0,,0.0
LocateAnything 3B,mtsd-p11,back of a traffic sign,grp5_dcad2b9b-MichaelFarrugia_64_Side.jpg,0.0,3374.16,95.23,3561.84,1.0,,0.0
LocateAnything 3B,mtsd-p11,back of a traffic sign,grp5_dcad2b9b-MichaelFarrugia_64_Side.jpg,0.0,3745.44,175.1,3973.92,1.0,,0.0
LocateAnything 3B,mtsd-p11,back of a traffic sign,grp5_dcad2b9b-MichaelFarrugia_64_Side.jpg,0.0,3202.8,254.98,3394.56,1.0,,0.0
LocateAnything 3B,mtsd-p11,back of a traffic sign,grp5_dcad2b9b-MichaelFarrugia_64_Side.jpg,0.0,3945.36,132.1,4075.92,1.0,,0.0
LocateAnything 3B,mtsd-p11,back of a traffic sign,grp5_dcad2b9b-MichaelFarrugia_64_Side.jpg,58.37,3394.56,254.98,3570.0,1.0,,0.0
LocateAnything 3B,mtsd-p11,back of a traffic sign,grp5_dcad2b9b-MichaelFarrugia_64_Side.jpg,132.1,3561.84,408.58,3774.0,1.0,,0.0
LocateAnything 3B,mtsd-p11,back of a traffic sign,grp5_dcad2b9b-MichaelFarrugia_64_Side.jpg,156.67,3202.8,423.94,3390.48,1.0,,0.0
LocateAnything 3B,mtsd-p11,back of a traffic sign,grp5_dcad2b9b-MichaelFarrugia_64_Side.jpg,168.96,3761.76,310.27,3978.0,1.0,,0.0
LocateAnything 3B,mtsd-p11,back of a traffic sign,grp5_dcad2b9b-MichaelFarrugia_64_Side.jpg,218.11,3386.4,390.14,3578.16,1.0,,0.0
LocateAnything 3B,mtsd-p11,back of a traffic sign,grp5_dcad2b9b-MichaelFarrugia_64_Side.jpg,254.98,3761.76,586.75,4014.72,1.0,,0.0
LocateAnything 3B,mtsd-p11,back of a traffic sign,grp5_dcad2b9b-MichaelFarrugia_64_Side.jpg,334.85,3382.32,629.76,3590.4,1.0,,0.0
LocateAnything 3B,mtsd-p11,back of a traffic sign,grp5_dcad2b9b-MichaelFarrugia_64_Side.jpg,374.78,3570.0,669.7,3802.56,1.0,,0.0
LocateAnything 3B,mtsd-p11,back of a traffic sign,grp5_dcad2b9b-MichaelFarrugia_64_Side.jpg,384.0,3206.88,549.89,3394.56,1.0,,0.0
LocateAnything 3B,mtsd-p11,back of a traffic sign,grp5_dcad2b9b-MichaelFarrugia_64_Side.jpg,519.17,3202.8,801.79,3402.72,1.0,,0.0
LocateAnything 3B,mtsd-p11,back of a traffic sign,grp5_dcad2b9b-MichaelFarrugia_64_Side.jpg,543.74,3786.24,869.38,4031.04,1.0,,0.0
LocateAnything 3B,mtsd-p11,back of a traffic sign,grp5_dcad2b9b-MichaelFarrugia_64_Side.jpg,595.97,3394.56,900.1,3606.72,1.0,,0.0
LocateAnything 3B,mtsd-p11,back of a traffic sign,grp5_dcad2b9b-MichaelFarrugia_64_Side.jpg,648.19,3590.4,952.32,3814.8,1.0,,0.0
LocateAnything 3B,mtsd-p11,back of a traffic sign,grp5_e0bfe536-MelatAssefa_22_Front.jpg,1070.5,987.84,1865.81,1786.18,1.0,No Entry (One Way),0.9085
LocateAnything 3B,mtsd-p11,back of a traffic sign,grp5_e0bfe536-MelatAssefa_22_Front.jpg,1100.74,1249.92,1811.38,1415.23,1.0,,0.2021
LocateAnything 3B,mtsd-p11,back of a traffic sign,grp5_e0bfe536-MelatAssefa_22_Front.jpg,1106.78,1262.02,1811.38,1709.57,1.0,No Entry (One Way),0.5424
LocateAnything 3B,mtsd-p11,back of a traffic sign,grp5_e2a22cf0-BenTaliana_9_Front.jpeg,446.8,1036.22,1778.11,2128.9,1.0,No Entry (One Way),0.987
LocateAnything 3B,mtsd-p11,back of a traffic sign,grp5_e2a22cf0-BenTaliana_9_Front.jpeg,544.32,1387.01,1705.54,1689.41,1.0,,0.2399
LocateAnything 3B,mtsd-p11,back of a traffic sign,grp5_e2a22cf0-BenTaliana_9_Front.jpeg,344.74,1878.91,1174.82,3467.52,1.0,,0.0727
LocateAnything 3B,mtsd-p11,back of a traffic sign,grp5_e2a22cf0-BenTaliana_9_Front.jpeg,834.62,1423.3,975.24,1532.16,1.0,,0.0105
LocateAnything 3B,mtsd-p11,back of a traffic sign,grp5_e2a22cf0-BenTaliana_9_Front.jpeg,1376.68,2673.22,1453.79,2745.79,1.0,,0.0
LocateAnything 3B,mtsd-p11,back of a traffic sign,grp5_e2a22cf0-BenTaliana_9_Front.jpeg,1437.91,2169.22,1528.63,2205.5,1.0,,0.0
LocateAnything 3B,mtsd-p11,back of a traffic sign,grp5_e2a22cf0-BenTaliana_9_Front.jpeg,1446.98,2395.01,1528.63,2423.23,1.0,,0.0
LocateAnything 3B,mtsd-p11,back of a traffic sign,grp5_e2a22cf0-BenTaliana_9_Front.jpeg,1451.52,2640.96,1544.51,2677.25,1.0,,0.0
LocateAnything 3B,mtsd-p11,back of a traffic sign,grp5_e2a22cf0-BenTaliana_9_Front.jpeg,1528.63,2177.28,1605.74,2205.5,1.0,,0.0
LocateAnything 3B,mtsd-p11,back of a traffic sign,grp5_e2a22cf0-BenTaliana_9_Front.jpeg,1551.31,2403.07,1642.03,2427.26,1.0,,0.0
LocateAnything 3B,mtsd-p11,back of a traffic sign,grp5_e2a22cf0-BenTaliana_9_Front.jpeg,1564.92,2584.51,1642.03,2608.7,1.0,,0.0
LocateAnything 3B,mtsd-p11,back of a traffic sign,grp5_e2a22cf0-BenTaliana_9_Front.jpeg,1617.08,1975.68,1714.61,1995.84,1.0,,0.0013
LocateAnything 3B,mtsd-p11,back of a traffic sign,grp5_e2a22cf0-BenTaliana_9_Front.jpeg,1642.03,2185.34,1719.14,2209.54,1.0,,0.0
LocateAnything 3B,mtsd-p11,back of a traffic sign,grp5_e2a22cf0-BenTaliana_9_Front.jpeg,1664.71,2407.1,1741.82,2431.3,1.0,,0.0
LocateAnything 3B,mtsd-p11,back of a traffic sign,grp5_e2a22cf0-BenTaliana_9_Front.jpeg,1678.32,2528.06,1759.97,2556.29,1.0,,0.0
LocateAnything 3B,mtsd-p11,back of a traffic sign,grp5_e2a22cf0-BenTaliana_9_Front.jpeg,805.14,1423.3,2268.0,3632.83,1.0,,0.1742
LocateAnything 3B,mtsd-p11,back of a traffic sign,grp5_e390d90e-MelatAssefa_55_Side.jpg,0.0,0.0,4279.72,5706.29,1.0,,0.0284
LocateAnything 3B,mtsd-p11,back of a traffic sign,grp5_e64b6a10-AlisonAttard_20_Side.jpeg,1342.66,1143.07,2632.9,1790.21,1.0,,0.4993
LocateAnything 3B,mtsd-p11,back of a traffic sign,grp5_e64b6a10-AlisonAttard_20_Side.jpeg,2346.62,1067.47,3657.02,1345.68,1.0,,0.0385
LocateAnything 3B,mtsd-p11,back of a traffic sign,grp5_e64b6a10-AlisonAttard_20_Side.jpeg,2415.17,2195.42,2866.75,2449.44,1.0,,0.0
LocateAnything 3B,mtsd-p11,back of a traffic sign,grp5_e64b6a10-AlisonAttard_20_Side.jpeg,3056.26,2292.19,3241.73,2382.91,1.0,,0.0
LocateAnything 3B,mtsd-p11,back of a traffic sign,grp5_e64b6a10-AlisonAttard_20_Side.jpeg,3181.25,2201.47,3374.78,2274.05,1.0,,0.0
LocateAnything 3B,mtsd-p11,back of a traffic sign,grp5_e64b6a10-AlisonAttard_20_Side.jpeg,3499.78,2322.43,3689.28,2413.15,1.0,,0.0
LocateAnything 3B,mtsd-p11,back of a traffic sign,grp5_e64b6a10-AlisonAttard_20_Side.jpeg,3600.58,2231.71,3798.14,2304.29,1.0,,0.0
LocateAnything 3B,mtsd-p11,back of a traffic sign,grp5_e64b6a10-AlisonAttard_20_Side.jpeg,3753.79,2346.62,4027.97,2443.39,1.0,,0.0
LocateAnything 3B,mtsd-p11,back of a traffic sign,grp5_e64b6a10-AlisonAttard_20_Side.jpeg,1824.48,1445.47,4032.0,3024.0,1.0,,0.0912
LocateAnything 3B,mtsd-p11,back of a traffic sign,grp5_e64b6a10-AlisonAttard_20_Side.jpeg,3854.59,2183.33,4027.97,2249.86,1.0,,0.0
LocateAnything 3B,mtsd-p11,back of a traffic sign,grp5_e64b6a10-AlisonAttard_20_Side.jpeg,3878.78,2274.05,4027.97,2328.48,1.0,,0.0
LocateAnything 3B,mtsd-p11,back of a traffic sign,grp5_e64b6a10-AlisonAttard_20_Side.jpeg,3951.36,2068.42,4027.97,2110.75,1.0,,0.0
LocateAnything 3B,mtsd-p11,back of a traffic sign,grp5_e64b6a10-AlisonAttard_20_Side.jpeg,3955.39,0.0,4027.97,45.36,1.0,,0.0
LocateAnything 3B,mtsd-p11,back of a traffic sign,grp5_e64b6a10-AlisonAttard_20_Side.jpeg,3955.39,45.36,4027.97,172.37,1.0,,0.0
LocateAnything 3B,mtsd-p11,back of a traffic sign,grp5_e64b6a10-AlisonAttard_20_Side.jpeg,3955.39,172.37,4027.97,287.28,1.0,,0.0
LocateAnything 3B,mtsd-p11,back of a traffic sign,grp5_e64b6a10-AlisonAttard_20_Side.jpeg,3955.39,287.28,4027.97,432.43,1.0,,0.0
LocateAnything 3B,mtsd-p11,back of a traffic sign,grp5_e64b6a10-AlisonAttard_20_Side.jpeg,3955.39,432.43,4027.97,532.22,1.0,,0.0
LocateAnything 3B,mtsd-p11,back of a traffic sign,grp5_e64b6a10-AlisonAttard_20_Side.jpeg,3955.39,532.22,4027.97,659.23,1.0,,0.0
LocateAnything 3B,mtsd-p11,back of a traffic sign,grp5_e7eb8734-MichaelFarrugia_52_Front.jpg,0.0,0.0,3068.93,4075.92,1.0,,0.0496
LocateAnything 3B,mtsd-p11,back of a traffic sign,grp5_ec52a808-MichaelFarrugia_58_Side.jpg,1234.94,2227.68,1769.47,2778.48,1.0,Auxiliary Sign,0.9659
LocateAnything 3B,mtsd-p11,back of a traffic sign,grp5_ec52a808-MichaelFarrugia_58_Side.jpg,1234.94,1464.72,1775.62,2439.84,1.0,Roundabout Ahead,0.9785
LocateAnything 3B,mtsd-p11,back of a traffic sign,grp5_f3d53558-BenTaliana_52_Front.jpeg,0.0,0.0,4531.46,8055.94,1.0,,0.1594
LocateAnything 3B,mtsd-p11,back of a traffic sign,grp5_fc84e1fb-BenTaliana_3_Back.jpeg,811.94,1794.24,1705.54,3943.3,1.0,,0.0057
LocateAnything 3B,mtsd-p11,back of a traffic sign,grp5_fc84e1fb-BenTaliana_3_Back.jpeg,1701.0,0.0,2265.73,1939.39,1.0,,0.0
LocateAnything 3B,mtsd-p11,back of a traffic sign,grp5_fc84e1fb-BenTaliana_3_Back.jpeg,1750.9,1108.8,2265.73,3217.54,1.0,,0.0
LocateAnything 3B,mtsd-p11,back of a traffic sign,grp5_fea9ceb6-MichaelFarrugia_19_Back.jpg,1446.91,2007.36,2236.42,2990.64,1.0,Street Sign,0.9798
LocateAnything 3B,mtsd-p11,back of a traffic sign,grp5_fea9ceb6-MichaelFarrugia_19_Back.jpg,1864.7,375.36,2429.95,840.48,1.0,,0.0
LocateAnything 3B,mtsd-p11,back of a traffic sign,grp5_fea9ceb6-MichaelFarrugia_19_Back.jpg,2085.89,616.08,2193.41,930.24,1.0,,0.0
LocateAnything 3B,mtsd-p11,back of a traffic sign,grp5_fea9ceb6-MichaelFarrugia_19_Back.jpg,2310.14,3933.12,2881.54,4080.0,1.0,,0.0
LocateAnything 3B,mtsd-p11,back of a traffic sign,grp5_fea9ceb6-MichaelFarrugia_19_Back.jpg,2525.18,2635.68,2580.48,2835.6,1.0,,0.0
LocateAnything 3B,mtsd-p11,back of a traffic sign,grp5_fea9ceb6-MichaelFarrugia_19_Back.jpg,2571.26,2962.08,2617.34,3162.0,1.0,,0.0
LocateAnything 3B,mtsd-p11,back of a traffic sign,grp5_fea9ceb6-MichaelFarrugia_19_Back.jpg,2777.09,3325.2,2924.54,3667.92,1.0,,0.0
LocateAnything 3B,mtsd-p11,back of a traffic sign,grp5_fea9ceb6-MichaelFarrugia_19_Back.jpg,2832.38,3667.92,3068.93,4080.0,1.0,,0.0
LocateAnything 3B,mtsd-p11,back of a traffic sign,grp5_fea9ceb6-MichaelFarrugia_19_Back.jpg,2918.4,3570.0,3072.0,3680.16,1.0,,0.0
LocateAnything 3B,mtsd-p11,back of a traffic sign,grp5_fea9ceb6-MichaelFarrugia_19_Back.jpg,3004.42,3374.16,3072.0,3541.44,1.0,,0.0
LocateAnything 3B,mtsd-p11,back of a traffic sign,grp5_fea9ceb6-MichaelFarrugia_19_Back.jpg,3019.78,3541.44,3072.0,3667.92,1.0,,0.0
LocateAnything 3B,mtsd-p11,back of a traffic sign,grp5_fea9ceb6-MichaelFarrugia_19_Back.jpg,3047.42,3541.44,3072.0,3667.92,1.0,,0.0
LocateAnything 3B,mtsd-p11,back of a traffic sign,grp5_ff6aaac1-MichaelFarrugia_43_Front.jpg,0.0,0.0,3068.93,4075.92,1.0,,0.0395
LocateAnything 3B,mtsd-p11,back of a traffic sign,grp6_0126954d-IMG_0235.JPG,709.63,1230.77,2374.85,2110.75,1.0,,0.0
LocateAnything 3B,mtsd-p11,back of a traffic sign,grp6_0126954d-IMG_0235.JPG,2814.34,1345.68,4027.97,2700.43,1.0,,0.0
LocateAnything 3B,mtsd-p11,back of a traffic sign,grp6_0126954d-IMG_0235.JPG,2822.4,580.61,3657.02,946.51,1.0,,0.0
LocateAnything 3B,mtsd-p11,back of a traffic sign,grp6_0126954d-IMG_0235.JPG,2842.56,1369.87,4027.97,1648.08,1.0,,0.0
LocateAnything 3B,mtsd-p11,back of a traffic sign,grp6_0d61ecda-IMG_6112.JPG,0.0,1677.31,87.7,1858.75,1.0,,0.0
LocateAnything 3B,mtsd-p11,back of a traffic sign,grp6_0d61ecda-IMG_6112.JPG,241.92,1794.24,299.38,1866.82,1.0,,0.0
LocateAnything 3B,mtsd-p11,back of a traffic sign,grp6_0d61ecda-IMG_6112.JPG,426.38,1681.34,541.3,1854.72,1.0,,0.0
LocateAnything 3B,mtsd-p11,back of a traffic sign,grp6_0d61ecda-IMG_6112.JPG,674.35,1790.21,731.81,1874.88,1.0,,0.0
LocateAnything 3B,mtsd-p11,back of a traffic sign,grp6_0d61ecda-IMG_6112.JPG,864.86,1669.25,964.66,1814.4,1.0,,0.0
LocateAnything 3B,mtsd-p11,back of a traffic sign,grp6_0d61ecda-IMG_6112.JPG,1330.56,0.0,1466.64,60.48,1.0,,0.0009
LocateAnything 3B,mtsd-p11,back of a traffic sign,grp6_0d61ecda-IMG_6112.JPG,1400.11,1241.86,1475.71,1403.14,1.0,,0.0
LocateAnything 3B,mtsd-p11,back of a traffic sign,grp6_0d61ecda-IMG_6112.JPG,1406.16,2076.48,1475.71,2209.54,1.0,,0.0
LocateAnything 3B,mtsd-p11,back of a traffic sign,grp6_0d61ecda-IMG_6112.JPG,1433.38,2076.48,1475.71,2181.31,1.0,,0.0
LocateAnything 3B,mtsd-p11,back of a traffic sign,grp6_0d61ecda-IMG_6112.JPG,1457.57,2076.48,1475.71,2181.31,1.0,,0.0
LocateAnything 3B,mtsd-p11,back of a traffic sign,grp6_0d61ecda-IMG_6112.JPG,1469.66,2076.48,1475.71,2181.31,1.0,,0.0
LocateAnything 3B,mtsd-p11,back of a traffic sign,grp6_0d61ecda-IMG_6112.JPG,740.88,985.82,2216.59,3167.14,1.0,,0.0685
LocateAnything 3B,mtsd-p11,back of a traffic sign,grp6_0dbbcef1-IMG_6167.JPG,0.0,3451.39,45.36,3612.67,1.0,,0.0
LocateAnything 3B,mtsd-p11,back of a traffic sign,grp6_0dbbcef1-IMG_6167.JPG,45.36,3435.26,93.74,3600.58,1.0,,0.0
LocateAnything 3B,mtsd-p11,back of a traffic sign,grp6_0dbbcef1-IMG_6167.JPG,105.84,3427.2,154.22,3596.54,1.0,,0.0
LocateAnything 3B,mtsd-p11,back of a traffic sign,grp6_0dbbcef1-IMG_6167.JPG,172.37,3423.17,226.8,3600.58,1.0,,0.0
LocateAnything 3B,mtsd-p11,back of a traffic sign,grp6_0dbbcef1-IMG_6167.JPG,232.85,3411.07,299.38,3600.58,1.0,,0.0
LocateAnything 3B,mtsd-p11,back of a traffic sign,grp6_0dbbcef1-IMG_6167.JPG,287.28,3411.07,329.62,3600.58,1.0,,0.0
LocateAnything 3B,mtsd-p11,back of a traffic sign,grp6_0dbbcef1-IMG_6167.JPG,323.57,3411.07,384.05,3600.58,1.0,,0.0
LocateAnything 3B,mtsd-p11,back of a traffic sign,grp6_0dbbcef1-IMG_6167.JPG,353.81,3411.07,447.55,3600.58,1.0,,0.0
LocateAnything 3B,mtsd-p11,back of a traffic sign,grp6_0dbbcef1-IMG_6167.JPG,408.24,3411.07,486.86,3600.58,1.0,,0.0
LocateAnything 3B,mtsd-p11,back of a traffic sign,grp6_0dbbcef1-IMG_6167.JPG,474.77,3411.07,553.39,3600.58,1.0,,0.0
LocateAnything 3B,mtsd-p11,back of a traffic sign,grp6_0dbbcef1-IMG_6167.JPG,541.3,3411.07,601.78,3600.58,1.0,,0.0
LocateAnything 3B,mtsd-p11,back of a traffic sign,grp6_0dbbcef1-IMG_6167.JPG,595.73,3411.07,659.23,3600.58,1.0,,0.0
LocateAnything 3B,mtsd-p11,back of a traffic sign,grp6_0dbbcef1-IMG_6167.JPG,650.16,3411.07,716.69,3600.58,1.0,,0.0
LocateAnything 3B,mtsd-p11,back of a traffic sign,grp6_0dbbcef1-IMG_6167.JPG,710.64,3411.07,801.36,3600.58,1.0,,0.0
LocateAnything 3B,mtsd-p11,back of a traffic sign,grp6_0dbbcef1-IMG_6167.JPG,795.31,3411.07,886.03,3600.58,1.0,,0.0
LocateAnything 3B,mtsd-p11,back of a traffic sign,grp6_0dbbcef1-IMG_6167.JPG,901.15,3411.07,988.85,3600.58,1.0,,0.0
LocateAnything 3B,mtsd-p11,back of a traffic sign,grp6_0dbbcef1-IMG_6167.JPG,994.9,3411.07,1070.5,3600.58,1.0,,0.0
LocateAnything 3B,mtsd-p11,back of a traffic sign,grp6_0dbbcef1-IMG_6167.JPG,1233.79,3411.07,1345.68,3600.58,1.0,,0.0
LocateAnything 3B,mtsd-p11,back of a traffic sign,grp6_1fffe58c-IMG_6250.JPG,0.0,0.0,501.98,181.44,1.0,,0.0
LocateAnything 3B,mtsd-p11,back of a traffic sign,grp6_1fffe58c-IMG_6250.JPG,0.0,0.0,3020.98,4027.97,1.0,,0.0888
LocateAnything 3B,mtsd-p11,back of a traffic sign,grp6_205fffc2-Screenshot_2025-12-05_135424.png,121.82,178.53,158.83,320.39,1.0,No Through Road (T-Junction),0.9288
LocateAnything 3B,mtsd-p11,back of a traffic sign,grp6_205fffc2-Screenshot_2025-12-05_135424.png,121.82,35.07,148.03,390.53,1.0,,0.3415
LocateAnything 3B,mtsd-p11,back of a traffic sign,grp6_205fffc2-Screenshot_2025-12-05_135424.png,121.82,35.07,223.08,175.34,1.0,Blind-Spot Mirror (Convex Mirror),0.7633
LocateAnything 3B,mtsd-p11,back of a traffic sign,grp6_255dc793-IMG_0327.JPG,895.1,1557.36,3548.16,2074.46,1.0,,0.1502
LocateAnything 3B,mtsd-p11,back of a traffic sign,grp6_255dc793-IMG_0327.JPG,1761.98,1684.37,3165.12,1962.58,1.0,,0.0322
LocateAnything 3B,mtsd-p11,back of a traffic sign,grp6_255dc793-IMG_0327.JPG,2415.17,1962.58,4027.97,2449.44,1.0,,0.0
LocateAnything 3B,mtsd-p11,back of a traffic sign,grp6_264240ca-IMG_0303.JPG,0.0,0.0,4027.97,3017.95,1.0,,0.2733
LocateAnything 3B,mtsd-p11,back of a traffic sign,grp6_280e9cbc-IMG_0220.JPG,1548.29,1394.06,2205.5,1968.62,1.0,,0.0
LocateAnything 3B,mtsd-p11,back of a traffic sign,grp6_280e9cbc-IMG_0220.JPG,3536.06,1515.02,3854.59,2010.96,1.0,,0.0
LocateAnything 3B,mtsd-p11,back of a traffic sign,grp6_280e9cbc-IMG_0220.JPG,3580.42,1569.46,3769.92,1980.72,1.0,,0.0
LocateAnything 3B,mtsd-p11,back of a traffic sign,grp6_280e9cbc-IMG_0220.JPG,3677.18,1569.46,3769.92,1980.72,1.0,,0.0
LocateAnything 3B,mtsd-p11,back of a traffic sign,grp6_344c75b8-Screenshot_2025-12-05_150942.png,0.0,0.0,258.7,634.73,1.0,,0.0
LocateAnything 3B,mtsd-p11,back of a traffic sign,grp6_3721037e-IMG_0363.JPG,0.0,0.0,4027.97,3020.98,1.0,,0.0805
LocateAnything 3B,mtsd-p11,back of a traffic sign,grp6_3721037e-IMG_0363.JPG,1709.57,1375.92,4027.97,1802.3,1.0,,0.1318
LocateAnything 3B,mtsd-p11,back of a traffic sign,grp6_3721037e-IMG_0363.JPG,3499.78,1336.61,4027.97,1593.65,1.0,,0.0
LocateAnything 3B,mtsd-p11,back of a traffic sign,grp6_37c705bd-IMG_6247.JPG,813.46,1596.67,1865.81,2286.14,1.0,Other-Unknown,0.9836
LocateAnything 3B,mtsd-p11,back of a traffic sign,grp6_37c705bd-IMG_6247.JPG,937.44,979.78,1814.4,1689.41,1.0,Roundabout Ahead,0.9909
LocateAnything 3B,mtsd-p11,back of a traffic sign,grp6_37c705bd-IMG_6247.JPG,1006.99,1201.54,1759.97,1415.23,1.0,,0.2601
LocateAnything 3B,mtsd-p11,back of a traffic sign,grp6_37c705bd-IMG_6247.JPG,1088.64,2060.35,1639.01,2197.44,1.0,,0.1052
LocateAnything 3B,mtsd-p11,back of a traffic sign,grp6_37c705bd-IMG_6247.JPG,1100.74,1689.41,1424.3,1814.4,1.0,,0.0564
LocateAnything 3B,mtsd-p11,back of a traffic sign,grp6_37c705bd-IMG_6247.JPG,1161.22,1826.5,1747.87,2084.54,1.0,,0.2111
LocateAnything 3B,mtsd-p11,back of a traffic sign,grp6_37c705bd-IMG_6247.JPG,1203.55,1826.5,1769.04,1959.55,1.0,,0.1049
LocateAnything 3B,mtsd-p11,back of a traffic sign,grp6_37c705bd-IMG_6247.JPG,1442.45,1733.76,1805.33,1850.69,1.0,,0.0592
LocateAnything 3B,mtsd-p11,back of a traffic sign,grp6_386a5fef-IMG_6231.JPG,1267.06,3548.16,1345.68,3878.78,1.0,Street Sign,0.7485
LocateAnything 3B,mtsd-p11,back of a traffic sign,grp6_386a5fef-IMG_6231.JPG,1648.08,2415.17,1720.66,3657.02,1.0,,0.0
LocateAnything 3B,mtsd-p11,back of a traffic sign,grp6_386a5fef-IMG_6231.JPG,1702.51,2415.17,1769.04,3612.67,1.0,,0.0
LocateAnything 3B,mtsd-p11,back of a traffic sign,grp6_386a5fef-IMG_6231.JPG,1747.87,2399.04,1811.38,3499.78,1.0,,0.0
LocateAnything 3B,mtsd-p11,back of a traffic sign,grp6_386a5fef-IMG_6231.JPG,1781.14,2374.85,1847.66,3411.07,1.0,,0.0
LocateAnything 3B,mtsd-p11,back of a traffic sign,grp6_386a5fef-IMG_6231.JPG,1823.47,2330.5,1896.05,3374.78,1.0,,0.0
LocateAnything 3B,mtsd-p11,back of a traffic sign,grp6_386a5fef-IMG_6231.JPG,1859.76,2294.21,1917.22,3354.62,1.0,,0.0
LocateAnything 3B,mtsd-p11,back of a traffic sign,grp6_386a5fef-IMG_6231.JPG,1890.0,2270.02,1962.58,3265.92,1.0,,0.0
LocateAnything 3B,mtsd-p11,back of a traffic sign,grp6_386a5fef-IMG_6231.JPG,1956.53,2197.44,2038.18,3056.26,1.0,,0.0
LocateAnything 3B,mtsd-p11,back of a traffic sign,grp6_386a5fef-IMG_6231.JPG,2026.08,1556.35,2110.75,2765.95,1.0,,0.0
LocateAnything 3B,mtsd-p11,back of a traffic sign,grp6_386a5fef-IMG_6231.JPG,2128.9,1443.46,2207.52,2415.17,1.0,,0.0
LocateAnything 3B,mtsd-p11,back of a traffic sign,grp6_386a5fef-IMG_6231.JPG,2225.66,1262.02,2304.29,1991.81,1.0,,0.0
LocateAnything 3B,mtsd-p11,back of a traffic sign,grp6_386a5fef-IMG_6231.JPG,2334.53,1024.13,2431.3,1443.46,1.0,,0.0
LocateAnything 3B,mtsd-p11,back of a traffic sign,grp6_386a5fef-IMG_6231.JPG,2685.31,2415.17,3020.98,4027.97,1.0,,0.0
LocateAnything 3B,mtsd-p11,back of a traffic sign,grp6_386a5fef-IMG_6231.JPG,2709.5,0.0,3020.98,4027.97,1.0,,0.0
LocateAnything 3B,mtsd-p11,back of a traffic sign,grp6_3ce4063d-IMG_0217.JPG,0.0,0.0,4027.97,3017.95,1.0,,0.0168
LocateAnything 3B,mtsd-p11,back of a traffic sign,grp6_4c7d6d30-IMG_6226.JPG,0.0,3548.16,111.89,3745.73,1.0,,0.0
LocateAnything 3B,mtsd-p11,back of a traffic sign,grp6_4c7d6d30-IMG_6226.JPG,0.0,3717.5,190.51,3943.3,1.0,,0.0
LocateAnything 3B,mtsd-p11,back of a traffic sign,grp6_4c7d6d30-IMG_6226.JPG,0.0,3907.01,353.81,4032.0,1.0,,0.0
LocateAnything 3B,mtsd-p11,back of a traffic sign,grp6_4c7d6d30-IMG_6226.JPG,6.05,3374.78,323.57,3576.38,1.0,,0.0
LocateAnything 3B,mtsd-p11,back of a traffic sign,grp6_4c7d6d30-IMG_6226.JPG,75.6,3564.29,417.31,3769.92,1.0,,0.0
LocateAnything 3B,mtsd-p11,back of a traffic sign,grp6_4c7d6d30-IMG_6226.JPG,154.22,3741.7,341.71,3951.36,1.0,,0.0
LocateAnything 3B,mtsd-p11,back of a traffic sign,grp6_4c7d6d30-IMG_6226.JPG,287.28,3386.88,625.97,3600.58,1.0,,0.0
LocateAnything 3B,mtsd-p11,back of a traffic sign,grp6_4c7d6d30-IMG_6226.JPG,305.42,3757.82,541.3,3967.49,1.0,,0.0
LocateAnything 3B,mtsd-p11,back of a traffic sign,grp6_4c7d6d30-IMG_6226.JPG,378.0,3580.42,541.3,3786.05,1.0,,0.0
LocateAnything 3B,mtsd-p11,back of a traffic sign,grp6_4c7d6d30-IMG_6226.JPG,517.1,3584.45,858.82,3822.34,1.0,,0.0
LocateAnything 3B,mtsd-p11,back of a traffic sign,grp6_4c7d6d30-IMG_6226.JPG,592.7,3394.94,946.51,3624.77,1.0,,0.0
LocateAnything 3B,mtsd-p11,back of a traffic sign,grp6_4c7d6d30-IMG_6226.JPG,638.06,3798.14,997.92,3975.55,1.0,,0.0
LocateAnything 3B,mtsd-p11,back of a traffic sign,grp6_4c7d6d30-IMG_6226.JPG,831.6,3612.67,1209.6,3846.53,1.0,,0.0
LocateAnything 3B,mtsd-p11,back of a traffic sign,grp6_4c7d6d30-IMG_6226.JPG,922.32,3411.07,1282.18,3640.9,1.0,,0.0
LocateAnything 3B,mtsd-p11,back of a traffic sign,grp6_4c7d6d30-IMG_6226.JPG,970.7,3818.3,1239.84,4032.0,1.0,,0.0
LocateAnything 3B,mtsd-p11,back of a traffic sign,grp6_4c7d6d30-IMG_6226.JPG,1191.46,3632.83,1424.3,3858.62,1.0,,0.0
LocateAnything 3B,mtsd-p11,back of a traffic sign,grp6_4c7d6d30-IMG_6226.JPG,1267.06,3435.26,1436.4,3657.02,1.0,,0.0
LocateAnything 3B,mtsd-p11,back of a traffic sign,grp6_4c7d6d30-IMG_6226.JPG,1557.36,3657.02,1747.87,3854.59,1.0,,0.0042
LocateAnything 3B,mtsd-p11,back of a traffic sign,grp6_5dd0fd95-IMG_6225.JPG,1442.45,633.02,1660.18,4027.97,1.0,,0.0
LocateAnything 3B,mtsd-p11,back of a traffic sign,grp6_5dd0fd95-IMG_6225.JPG,1648.08,657.22,1781.14,4027.97,1.0,,0.0
LocateAnything 3B,mtsd-p11,back of a traffic sign,grp6_5dd0fd95-IMG_6225.JPG,1717.63,657.22,1781.14,4027.97,1.0,,0.0
LocateAnything 3B,mtsd-p11,back of a traffic sign,grp6_5dd0fd95-IMG_6225.JPG,1750.9,657.22,1781.14,4027.97,1.0,,0.0
LocateAnything 3B,mtsd-p11,back of a traffic sign,grp6_5dd0fd95-IMG_6225.JPG,1769.04,657.22,1781.14,4027.97,1.0,,0.0
LocateAnything 3B,mtsd-p11,back of a traffic sign,grp6_5dd0fd95-IMG_6225.JPG,1778.11,657.22,1781.14,4027.97,1.0,,0.0
LocateAnything 3B,mtsd-p11,back of a traffic sign,grp6_5dd0fd95-IMG_6225.JPG,893.59,0.0,2674.73,2671.2,1.0,,0.0
LocateAnything 3B,mtsd-p11,back of a traffic sign,grp6_674b294f-Screenshot_2025-12-05_140949.png,363.86,41.47,531.74,202.25,1.0,Blind-Spot Mirror (Convex Mirror),0.9792
LocateAnything 3B,mtsd-p11,back of a traffic sign,grp6_674b294f-Screenshot_2025-12-05_140949.png,46.99,111.65,142.1,239.25,1.0,Other-Unknown,0.9706
LocateAnything 3B,mtsd-p11,back of a traffic sign,grp6_6b4047ef-IMG_6230.JPG,0.0,1669.25,154.22,1983.74,1.0,,0.0
LocateAnything 3B,mtsd-p11,back of a traffic sign,grp6_6b4047ef-IMG_6230.JPG,229.82,1677.31,347.76,1866.82,1.0,,0.0
LocateAnything 3B,mtsd-p11,back of a traffic sign,grp6_6b4047ef-IMG_6230.JPG,447.55,1681.34,553.39,1874.88,1.0,,0.0
LocateAnything 3B,mtsd-p11,back of a traffic sign,grp6_6b4047ef-IMG_6230.JPG,665.28,1689.41,780.19,1878.91,1.0,,0.0
LocateAnything 3B,mtsd-p11,back of a traffic sign,grp6_6b4047ef-IMG_6230.JPG,913.25,1681.34,1022.11,1882.94,1.0,,0.0
LocateAnything 3B,mtsd-p11,back of a traffic sign,grp6_6b4047ef-IMG_6230.JPG,1433.38,1677.31,1557.36,1874.88,1.0,,0.0256
LocateAnything 3B,mtsd-p11,back of a traffic sign,grp6_6b4047ef-IMG_6230.JPG,1729.73,1624.9,1865.81,1858.75,1.0,,0.0
LocateAnything 3B,mtsd-p11,back of a traffic sign,grp6_6b4047ef-IMG_6230.JPG,2038.18,1576.51,2180.3,1826.5,1.0,,0.0
LocateAnything 3B,mtsd-p11,back of a traffic sign,grp6_6b4047ef-IMG_6230.JPG,2373.84,1516.03,2525.04,1757.95,1.0,,0.0
LocateAnything 3B,mtsd-p11,back of a traffic sign,grp6_6b4047ef-IMG_6230.JPG,2742.77,1503.94,2903.04,1689.41,1.0,,0.0
LocateAnything 3B,mtsd-p11,back of a traffic sign,grp6_6b4047ef-IMG_6230.JPG,2763.94,1503.94,3020.98,1677.31,1.0,,0.0
LocateAnything 3B,mtsd-p11,back of a traffic sign,grp6_6f66549b-IMG_0289.JPG,1721.66,970.7,2765.95,2413.15,1.0,,0.0
LocateAnything 3B,mtsd-p11,back of a traffic sign,grp6_6f66549b-IMG_0289.JPG,2632.9,707.62,4032.0,2872.8,1.0,,0.0
LocateAnything 3B,mtsd-p11,back of a traffic sign,grp6_6f66549b-IMG_0289.JPG,3769.92,2836.51,3943.3,2969.57,1.0,,0.0
LocateAnything 3B,mtsd-p11,back of a traffic sign,grp6_7a1ad0b4-IMG_0319.JPG,0.0,0.0,4027.97,3024.0,1.0,,0.1709
LocateAnything 3B,mtsd-p11,back of a traffic sign,grp6_8be98e2c-IMG_6200.JPG,1124.93,838.66,1442.45,2270.02,1.0,No Entry (One Way),0.9432
LocateAnything 3B,mtsd-p11,back of a traffic sign,grp6_8be98e2c-IMG_6200.JPG,1282.18,3322.37,1735.78,3471.55,1.0,,0.0
LocateAnything 3B,mtsd-p11,back of a traffic sign,grp6_8be98e2c-IMG_6200.JPG,1291.25,3685.25,1744.85,3830.4,1.0,,0.0
LocateAnything 3B,mtsd-p11,back of a traffic sign,grp6_8be98e2c-IMG_6200.JPG,1406.16,3854.59,1747.87,3983.62,1.0,,0.0
LocateAnything 3B,mtsd-p11,back of a traffic sign,grp6_8be98e2c-IMG_6200.JPG,2455.49,2060.35,3005.86,2294.21,1.0,,0.0
LocateAnything 3B,mtsd-p11,back of a traffic sign,grp6_8be98e2c-IMG_6200.JPG,2558.3,3830.4,2685.31,3878.78,1.0,,0.0
LocateAnything 3B,mtsd-p11,back of a traffic sign,grp6_8be98e2c-IMG_6200.JPG,2570.4,3411.07,2682.29,3564.29,1.0,,0.0
LocateAnything 3B,mtsd-p11,back of a traffic sign,grp6_8be98e2c-IMG_6200.JPG,2627.86,3411.07,2682.29,3564.29,1.0,,0.0
LocateAnything 3B,mtsd-p11,back of a traffic sign,grp6_8be98e2c-IMG_6200.JPG,2655.07,3411.07,2682.29,3564.29,1.0,,0.0
LocateAnything 3B,mtsd-p11,back of a traffic sign,grp6_8d7bc213-IMG_0237.JPG,878.98,1273.1,2540.16,2292.19,1.0,,0.3368
LocateAnything 3B,mtsd-p11,back of a traffic sign,grp6_8d7bc213-IMG_0237.JPG,1947.46,2165.18,2431.3,2558.3,1.0,,0.0
LocateAnything 3B,mtsd-p11,back of a traffic sign,grp6_8d7bc213-IMG_0237.JPG,2415.17,1720.66,4027.97,2038.18,1.0,,0.0
LocateAnything 3B,mtsd-p11,back of a traffic sign,grp6_8dee1009-IMG_6205.JPG,1043.28,1310.4,1775.09,2197.44,1.0,No Entry (One Way),0.9813
LocateAnything 3B,mtsd-p11,back of a traffic sign,grp6_8dee1009-IMG_6205.JPG,1209.6,2157.12,1336.61,2431.3,1.0,,0.0061
LocateAnything 3B,mtsd-p11,back of a traffic sign,grp6_8dee1009-IMG_6205.JPG,1209.6,2330.5,1336.61,2447.42,1.0,,0.0
LocateAnything 3B,mtsd-p11,back of a traffic sign,grp6_8dee1009-IMG_6205.JPG,1209.6,2447.42,1336.61,2540.16,1.0,,0.0
LocateAnything 3B,mtsd-p11,back of a traffic sign,grp6_8dee1009-IMG_6205.JPG,1209.6,2540.16,1336.61,2616.77,1.0,,0.0
LocateAnything 3B,mtsd-p11,back of a traffic sign,grp6_8dee1009-IMG_6205.JPG,1209.6,2616.77,1336.61,2717.57,1.0,,0.0
LocateAnything 3B,mtsd-p11,back of a traffic sign,grp6_8dee1009-IMG_6205.JPG,1209.6,2717.57,1336.61,2814.34,1.0,,0.0
LocateAnything 3B,mtsd-p11,back of a traffic sign,grp6_8dee1009-IMG_6205.JPG,1209.6,2814.34,1336.61,2899.01,1.0,,0.0
LocateAnything 3B,mtsd-p11,back of a traffic sign,grp6_8dee1009-IMG_6205.JPG,1209.6,2899.01,1336.61,2999.81,1.0,,0.0
LocateAnything 3B,mtsd-p11,back of a traffic sign,grp6_8dee1009-IMG_6205.JPG,1209.6,2999.81,1336.61,3088.51,1.0,,0.0
LocateAnything 3B,mtsd-p11,back of a traffic sign,grp6_8dee1009-IMG_6205.JPG,1209.6,3088.51,1336.61,3181.25,1.0,,0.0
LocateAnything 3B,mtsd-p11,back of a traffic sign,grp6_8dee1009-IMG_6205.JPG,1209.6,3181.25,1336.61,3265.92,1.0,,0.0
LocateAnything 3B,mtsd-p11,back of a traffic sign,grp6_8dee1009-IMG_6205.JPG,1209.6,3265.92,1336.61,3354.62,1.0,,0.0
LocateAnything 3B,mtsd-p11,back of a traffic sign,grp6_8dee1009-IMG_6205.JPG,1209.6,3354.62,1336.61,3423.17,1.0,,0.0
LocateAnything 3B,mtsd-p11,back of a traffic sign,grp6_8dee1009-IMG_6205.JPG,1209.6,3423.17,1336.61,3499.78,1.0,,0.0
LocateAnything 3B,mtsd-p11,back of a traffic sign,grp6_8dee1009-IMG_6205.JPG,1209.6,3499.78,1336.61,3564.29,1.0,,0.0
LocateAnything 3B,mtsd-p11,back of a traffic sign,grp6_8dee1009-IMG_6205.JPG,1209.6,3564.29,1336.61,3624.77,1.0,,0.0
LocateAnything 3B,mtsd-p11,back of a traffic sign,grp6_92b4ef64-IMG_6151.JPG,0.0,0.0,3020.98,4027.97,1.0,,0.1523
LocateAnything 3B,mtsd-p11,back of a traffic sign,grp6_98681b01-IMG_6123_2.JPG,2673.22,0.0,3020.98,830.59,1.0,Other-Unknown,0.9784
LocateAnything 3B,mtsd-p11,back of a traffic sign,grp6_9c79fb63-Screenshot_2025-12-05_143920.png,46.35,55.89,78.75,112.19,1.0,No Entry (One Way),0.9711
LocateAnything 3B,mtsd-p11,back of a traffic sign,grp6_9c79fb63-Screenshot_2025-12-05_143920.png,0.0,0.0,224.1,404.19,1.0,,0.0199
LocateAnything 3B,mtsd-p11,back of a traffic sign,grp6_9e084d7c-IMG_0221.JPG,2951.42,2616.77,3024.0,2822.4,1.0,,0.0
LocateAnything 3B,mtsd-p11,back of a traffic sign,grp6_9e256948-IMG_0275.JPG,0.0,0.0,4027.97,3017.95,1.0,,0.046
LocateAnything 3B,mtsd-p11,back of a traffic sign,grp6_a7041b20-IMG_6175.JPG,937.44,895.1,2110.75,1899.07,1.0,No Entry (One Way),0.9823
LocateAnything 3B,mtsd-p11,back of a traffic sign,grp6_a7041b20-IMG_6175.JPG,2863.73,3249.79,2939.33,3354.62,1.0,Other-Unknown,0.6938
LocateAnything 3B,mtsd-p11,back of a traffic sign,grp6_a7041b20-IMG_6175.JPG,2878.85,3265.92,2975.62,3334.46,1.0,Other-Unknown,0.5511
LocateAnything 3B,mtsd-p11,back of a traffic sign,grp6_a7041b20-IMG_6175.JPG,2930.26,3265.92,2975.62,3334.46,1.0,,0.1512
LocateAnything 3B,mtsd-p11,back of a traffic sign,grp6_a7041b20-IMG_6175.JPG,2954.45,3265.92,2975.62,3334.46,1.0,,0.0
LocateAnything 3B,mtsd-p11,back of a traffic sign,grp6_a7041b20-IMG_6175.JPG,2966.54,3265.92,2975.62,3334.46,1.0,,0.0
LocateAnything 3B,mtsd-p11,back of a traffic sign,grp6_a7041b20-IMG_6175.JPG,2972.59,3265.92,2975.62,3334.46,1.0,,0.0
LocateAnything 3B,mtsd-p11,back of a traffic sign,grp6_a7041b20-IMG_6175.JPG,1490.83,1598.69,3024.0,4032.0,1.0,,0.0399
LocateAnything 3B,mtsd-p11,back of a traffic sign,grp6_ad8b6cea-IMG_0342.JPG,0.0,0.0,4027.97,3020.98,1.0,,0.3128
LocateAnything 3B,mtsd-p11,back of a traffic sign,grp6_b1f0ac5c-IMG_0227.JPG,2104.7,831.6,2782.08,2038.18,1.0,,0.2867
LocateAnything 3B,mtsd-p11,back of a traffic sign,grp6_b1f0ac5c-IMG_0227.JPG,2286.14,311.47,2907.07,677.38,1.0,,0.0
LocateAnything 3B,mtsd-p11,back of a traffic sign,grp6_b1f0ac5c-IMG_0227.JPG,2899.01,0.0,3024.0,69.55,1.0,,0.0
LocateAnything 3B,mtsd-p11,back of a traffic sign,grp6_b1f0ac5c-IMG_0227.JPG,3632.83,45.36,3782.02,740.88,1.0,,0.0
LocateAnything 3B,mtsd-p11,back of a traffic sign,grp6_b1f0ac5c-IMG_0227.JPG,3657.02,0.0,3717.5,45.36,1.0,,0.0
LocateAnything 3B,mtsd-p11,back of a traffic sign,grp6_b1f0ac5c-IMG_0227.JPG,3717.5,0.0,3769.92,45.36,1.0,,0.0
LocateAnything 3B,mtsd-p11,back of a traffic sign,grp6_b1f0ac5c-IMG_0227.JPG,3769.92,0.0,3818.3,45.36,1.0,,0.0
LocateAnything 3B,mtsd-p11,back of a traffic sign,grp6_b1f0ac5c-IMG_0227.JPG,3830.4,0.0,3878.78,45.36,1.0,,0.0
LocateAnything 3B,mtsd-p11,back of a traffic sign,grp6_b1f0ac5c-IMG_0227.JPG,3882.82,0.0,3967.49,45.36,1.0,,0.0
LocateAnything 3B,mtsd-p11,back of a traffic sign,grp6_b1f0ac5c-IMG_0227.JPG,3971.52,0.0,4027.97,45.36,1.0,,0.0
LocateAnything 3B,mtsd-p11,back of a traffic sign,grp6_c2b7f6e2-IMG_0300.JPG,0.0,0.0,4027.97,3020.98,1.0,,0.4041
LocateAnything 3B,mtsd-p11,back of a traffic sign,grp6_c8db20f0-IMG_6257.JPG,0.0,0.0,3020.98,4027.97,1.0,,0.0206
LocateAnything 3B,mtsd-p11,back of a traffic sign,grp6_d33c21c3-IMG_6246.JPG,628.99,931.39,1161.22,1975.68,1.0,,0.0
LocateAnything 3B,mtsd-p11,back of a traffic sign,grp6_d33c21c3-IMG_6246.JPG,1578.53,866.88,2074.46,2028.1,1.0,,0.0
LocateAnything 3B,mtsd-p11,back of a traffic sign,grp6_d33c21c3-IMG_6246.JPG,1593.65,1947.46,1980.72,2511.94,1.0,,0.0
LocateAnything 3B,mtsd-p11,back of a traffic sign,grp6_d33c21c3-IMG_6246.JPG,2195.42,2584.51,2491.78,3015.94,1.0,,0.0
LocateAnything 3B,mtsd-p11,back of a traffic sign,grp6_e18d6d29-IMG_0313.JPG,2306.3,1143.07,3576.38,2325.46,1.0,,0.0
LocateAnything 3B,mtsd-p11,back of a traffic sign,grp6_e18d6d29-IMG_0313.JPG,3411.07,2216.59,3657.02,2449.44,1.0,,0.0
LocateAnything 3B,mtsd-p11,back of a traffic sign,grp6_e18d6d29-IMG_0313.JPG,3657.02,2240.78,3790.08,2470.61,1.0,,0.0
LocateAnything 3B,mtsd-p11,back of a traffic sign,grp6_e18d6d29-IMG_0313.JPG,3721.54,2237.76,3786.05,2470.61,1.0,,0.0
LocateAnything 3B,mtsd-p11,back of a traffic sign,grp6_e18d6d29-IMG_0313.JPG,3753.79,2237.76,3786.05,2470.61,1.0,,0.0
LocateAnything 3B,mtsd-p11,back of a traffic sign,grp6_e18d6d29-IMG_0313.JPG,3769.92,2237.76,3786.05,2470.61,1.0,,0.0
LocateAnything 3B,mtsd-p11,back of a traffic sign,grp6_e18d6d29-IMG_0313.JPG,3777.98,2237.76,3786.05,2470.61,1.0,,0.0
LocateAnything 3B,mtsd-p11,back of a traffic sign,grp6_e18d6d29-IMG_0313.JPG,1897.06,1002.46,4032.0,3024.0,1.0,,0.0
LocateAnything 3B,mtsd-p11,back of a traffic sign,grp6_e4194181-Screenshot_2025-12-05_124458.png,50.54,26.67,226.07,230.12,1.0,Blind-Spot Mirror (Convex Mirror),0.9882
LocateAnything 3B,mtsd-p11,back of a traffic sign,grp6_e4194181-Screenshot_2025-12-05_124458.png,403.31,0.0,629.38,191.26,1.0,,0.2743
LocateAnything 3B,mtsd-p11,back of a traffic sign,grp6_e4194181-Screenshot_2025-12-05_124458.png,519.08,76.2,633.82,213.36,1.0,Stop Sign,0.9784
LocateAnything 3B,mtsd-p11,back of a traffic sign,grp6_f6200360-IMG_6254.JPG,1369.87,737.86,1769.04,2209.54,1.0,No Through Road (T-Junction),0.9525
LocateAnything 3B,mtsd-p11,back of a traffic sign,grp6_f6200360-IMG_6254.JPG,1375.92,2326.46,1533.17,3564.29,1.0,,0.0
LocateAnything 3B,mtsd-p11,back of a traffic sign,grp6_f6200360-IMG_6254.JPG,1496.88,3580.42,1548.29,3854.59,1.0,,0.0
LocateAnything 3B,mtsd-p11,back of a traffic sign,grp6_f6200360-IMG_6254.JPG,1524.1,2717.57,1823.47,3015.94,1.0,,0.0
LocateAnything 3B,mtsd-p11,back of a traffic sign,grp6_f6200360-IMG_6254.JPG,1944.43,2717.57,2140.99,2862.72,1.0,,0.0
LocateAnything 3B,mtsd-p11,back of a traffic sign,grp6_f6200360-IMG_6254.JPG,2624.83,2717.57,3020.98,2878.85,1.0,,0.0
LocateAnything 3B,mtsd-p11,back of a traffic sign,grp6_f6200360-IMG_6254.JPG,2630.88,2358.72,2742.77,2503.87,1.0,,0.0
LocateAnything 3B,mtsd-p11,back of a traffic sign,grp6_f6200360-IMG_6254.JPG,2636.93,2455.49,3020.98,2479.68,1.0,,0.0
LocateAnything 3B,mtsd-p11,back of a traffic sign,grp6_fb7a099a-Screenshot_2025-12-05_134245.png,72.36,32.09,143.38,175.79,1.0,Blind-Spot Mirror (Convex Mirror),0.9401
LocateAnything 3B,mtsd-p11,back of a traffic sign,grp6_fb7a099a-Screenshot_2025-12-05_134245.png,123.82,39.76,157.32,139.87,1.0,,0.1909
LocateAnything 3B,mtsd-p11,back of a traffic sign,grp6_fb7a099a-Screenshot_2025-12-05_134245.png,157.32,95.8,203.68,135.56,1.0,,0.0
LocateAnything 3B,mtsd-p11,back of a traffic sign,grp6_fb7a099a-Screenshot_2025-12-05_134245.png,0.0,0.0,266.93,478.04,1.0,,0.0816
LocateAnything 3B,mtsd-p11,back of a traffic sign,grp7_01ba126c-IMG_1741.jpg,0.0,0.0,4027.97,3017.95,1.0,,0.4893
LocateAnything 3B,mtsd-p11,back of a traffic sign,grp7_0c242d9c-IMG_1860.jpg,1540.22,1282.18,4027.97,1545.26,1.0,,0.0
LocateAnything 3B,mtsd-p11,back of a traffic sign,grp7_0c242d9c-IMG_1860.jpg,1604.74,1436.4,4027.97,1702.51,1.0,,0.0
LocateAnything 3B,mtsd-p11,back of a traffic sign,grp7_0c242d9c-IMG_1860.jpg,3229.63,1481.76,4027.97,1769.04,1.0,,0.0
LocateAnything 3B,mtsd-p11,back of a traffic sign,grp7_0c242d9c-IMG_1860.jpg,3657.02,1533.17,4027.97,1781.14,1.0,,0.0
LocateAnything 3B,mtsd-p11,back of a traffic sign,grp7_0c242d9c-IMG_1860.jpg,3907.01,1239.84,4027.97,1409.18,1.0,,0.0
LocateAnything 3B,mtsd-p11,back of a traffic sign,grp7_0c242d9c-IMG_1860.jpg,3967.49,1239.84,4027.97,1406.16,1.0,,0.0
LocateAnything 3B,mtsd-p11,back of a traffic sign,grp7_0c242d9c-IMG_1860.jpg,3999.74,1239.84,4027.97,1406.16,1.0,,0.0
LocateAnything 3B,mtsd-p11,back of a traffic sign,grp7_0c242d9c-IMG_1860.jpg,4015.87,1239.84,4027.97,1406.16,1.0,,0.0
LocateAnything 3B,mtsd-p11,back of a traffic sign,grp7_0c807ae1-IMG_1804.jpg,0.0,0.0,4027.97,3024.0,1.0,,0.47
LocateAnything 3B,mtsd-p11,back of a traffic sign,grp7_0cc91b71-IMG_2114.JPG,358.85,117.94,3024.0,2776.03,1.0,Stop Sign,0.5906
LocateAnything 3B,mtsd-p11,back of a traffic sign,grp7_0cc91b71-IMG_2114.JPG,2955.46,0.0,4027.97,3017.95,1.0,,0.2117
LocateAnything 3B,mtsd-p11,back of a traffic sign,grp7_133305c1-IMG_6701.jpeg,1100.74,1362.82,1273.1,1874.88,1.0,Stop Sign,0.9564
LocateAnything 3B,mtsd-p11,back of a traffic sign,grp7_133305c1-IMG_6701.jpeg,2431.3,2415.17,2509.92,2479.68,1.0,,0.0
LocateAnything 3B,mtsd-p11,back of a traffic sign,grp7_133305c1-IMG_6701.jpeg,2464.56,2584.51,2515.97,2624.83,1.0,,0.0
LocateAnything 3B,mtsd-p11,back of a traffic sign,grp7_133305c1-IMG_6701.jpeg,2818.37,2427.26,2878.85,2487.74,1.0,,0.0
LocateAnything 3B,mtsd-p11,back of a traffic sign,grp7_133305c1-IMG_6701.jpeg,2827.44,2592.58,2872.8,2628.86,1.0,,0.0
LocateAnything 3B,mtsd-p11,back of a traffic sign,grp7_133305c1-IMG_6701.jpeg,2830.46,2415.17,3020.98,2479.68,1.0,,0.0
LocateAnything 3B,mtsd-p11,back of a traffic sign,grp7_133305c1-IMG_6701.jpeg,2836.51,2584.51,3020.98,2624.83,1.0,,0.0
LocateAnything 3B,mtsd-p11,back of a traffic sign,grp7_133305c1-IMG_6701.jpeg,2842.56,2415.17,3020.98,2624.83,1.0,,0.0
LocateAnything 3B,mtsd-p11,back of a traffic sign,grp7_17ffbc31-IMG_6632.jpeg,1330.56,1443.46,1460.59,1669.25,1.0,Auxiliary Sign,0.9347
LocateAnything 3B,mtsd-p11,back of a traffic sign,grp7_17ffbc31-IMG_6632.jpeg,1333.58,939.46,1457.57,1487.81,1.0,Pedestrian Crossing,0.9119
LocateAnything 3B,mtsd-p11,back of a traffic sign,grp7_17ffbc31-IMG_6632.jpeg,1345.68,3870.72,1460.59,3999.74,1.0,,0.0
LocateAnything 3B,mtsd-p11,back of a traffic sign,grp7_17ffbc31-IMG_6632.jpeg,1369.87,3878.78,1593.65,4007.81,1.0,,0.0
LocateAnything 3B,mtsd-p11,back of a traffic sign,grp7_18034905-IMG_6798.jpeg,1291.25,1802.3,1388.02,2076.48,1.0,No Entry (One Way),0.9213
LocateAnything 3B,mtsd-p11,back of a traffic sign,grp7_18034905-IMG_6798.jpeg,1336.61,1806.34,1388.02,2060.35,1.0,No Entry (One Way),0.5214
LocateAnything 3B,mtsd-p11,back of a traffic sign,grp7_18034905-IMG_6798.jpeg,1363.82,1806.34,1388.02,2060.35,1.0,,0.2454
LocateAnything 3B,mtsd-p11,back of a traffic sign,grp7_18034905-IMG_6798.jpeg,1378.94,1806.34,1388.02,2060.35,1.0,,0.0921
LocateAnything 3B,mtsd-p11,back of a traffic sign,grp7_18034905-IMG_6798.jpeg,1384.99,1806.34,1388.02,2060.35,1.0,,0.0307
LocateAnything 3B,mtsd-p11,back of a traffic sign,grp7_18034905-IMG_6798.jpeg,697.03,776.16,2085.05,2836.51,1.0,,0.0088
LocateAnything 3B,mtsd-p11,back of a traffic sign,grp7_21763d41-IMG_1815.jpg,0.0,0.0,4027.97,3020.98,1.0,,0.0
LocateAnything 3B,mtsd-p11,back of a traffic sign,grp7_27403473-IMG_2301.JPG,0.0,0.0,463.68,946.51,1.0,,0.0
LocateAnything 3B,mtsd-p11,back of a traffic sign,grp7_27403473-IMG_2301.JPG,0.0,1336.61,124.99,1811.38,1.0,,0.0
LocateAnything 3B,mtsd-p11,back of a traffic sign,grp7_27403473-IMG_2301.JPG,0.0,0.0,92.74,946.51,1.0,,0.0
LocateAnything 3B,mtsd-p11,back of a traffic sign,grp7_3199d5af-IMG_6619.jpeg,387.07,2124.86,508.03,2278.08,1.0,Other-Unknown,0.6739
LocateAnything 3B,mtsd-p11,back of a traffic sign,grp7_3199d5af-IMG_6619.jpeg,1215.65,1342.66,1369.87,1967.62,1.0,Pedestrian Crossing,0.6907
LocateAnything 3B,mtsd-p11,back of a traffic sign,grp7_3199d5af-IMG_6619.jpeg,1654.13,2181.31,1702.51,2245.82,1.0,Pedestrian Crossing,0.7149
LocateAnything 3B,mtsd-p11,back of a traffic sign,grp7_3199d5af-IMG_6619.jpeg,1344.17,1151.14,3024.0,3364.7,1.0,,0.0038
LocateAnything 3B,mtsd-p11,back of a traffic sign,grp7_3199d5af-IMG_6619.jpeg,2854.66,2257.92,3020.98,2403.07,1.0,,0.0
LocateAnything 3B,mtsd-p11,back of a traffic sign,grp7_3335816b-IMG_1863.jpg,0.0,0.0,1310.4,1394.06,1.0,,0.0
LocateAnything 3B,mtsd-p11,back of a traffic sign,grp7_3335816b-IMG_1863.jpg,1024.13,208.66,3818.3,2890.94,1.0,,0.1702
LocateAnything 3B,mtsd-p11,back of a traffic sign,grp7_3335816b-IMG_1863.jpg,2511.94,486.86,3217.54,886.03,1.0,,0.1452
LocateAnything 3B,mtsd-p11,back of a traffic sign,grp7_3335816b-IMG_1863.jpg,3024.0,1118.88,3612.67,2053.3,1.0,,0.0
LocateAnything 3B,mtsd-p11,back of a traffic sign,grp7_3335816b-IMG_1863.jpg,3265.92,635.04,3717.5,1197.5,1.0,,0.0898
LocateAnything 3B,mtsd-p11,back of a traffic sign,grp7_3335816b-IMG_1863.jpg,3278.02,1672.27,3798.14,2352.67,1.0,,0.0
LocateAnything 3B,mtsd-p11,back of a traffic sign,grp7_3335816b-IMG_1863.jpg,3576.38,1460.59,3717.5,1596.67,1.0,,0.0
LocateAnything 3B,mtsd-p11,back of a traffic sign,grp7_3335816b-IMG_1863.jpg,3830.4,1747.87,4027.97,1905.12,1.0,,0.0
LocateAnything 3B,mtsd-p11,back of a traffic sign,grp7_3acb0651-IMG_1793.jpg,536.26,1424.3,4027.97,1769.04,1.0,,0.0699
LocateAnything 3B,mtsd-p11,back of a traffic sign,grp7_40a131c0-20251215_144819.jpg,1045.55,1217.66,1127.2,2294.21,1.0,Stop Sign,0.7004
LocateAnything 3B,mtsd-p11,back of a traffic sign,grp7_40a131c0-20251215_144819.jpg,1111.32,3624.77,1358.53,4027.97,1.0,,0.0
LocateAnything 3B,mtsd-p11,back of a traffic sign,grp7_40a131c0-20251215_144819.jpg,1115.86,1387.01,1249.67,3745.73,1.0,,0.0149
LocateAnything 3B,mtsd-p11,back of a traffic sign,grp7_40a131c0-20251215_144819.jpg,1803.06,818.5,1927.8,987.84,1.0,,0.0
LocateAnything 3B,mtsd-p11,back of a traffic sign,grp7_40a131c0-20251215_144819.jpg,1886.98,1145.09,2136.46,2169.22,1.0,,0.0
LocateAnything 3B,mtsd-p11,back of a traffic sign,grp7_40a131c0-20251215_144819.jpg,1891.51,2157.12,2265.73,2838.53,1.0,,0.0
LocateAnything 3B,mtsd-p11,back of a traffic sign,grp7_41dd064f-IMG_2332.JPG,2763.94,1411.2,2797.2,1451.52,1.0,,0.0
LocateAnything 3B,mtsd-p11,back of a traffic sign,grp7_41dd064f-IMG_2332.JPG,2776.03,1403.14,2800.22,1427.33,1.0,,0.0
LocateAnything 3B,mtsd-p11,back of a traffic sign,grp7_41dd064f-IMG_2332.JPG,1403.14,697.54,3024.0,2108.74,1.0,,0.0024
LocateAnything 3B,mtsd-p11,back of a traffic sign,grp7_46129e9c-IMG_6657.jpeg,1143.07,1310.4,1433.38,1616.83,1.0,Stop Sign,0.95
LocateAnything 3B,mtsd-p11,back of a traffic sign,grp7_46129e9c-IMG_6657.jpeg,2010.96,2701.44,3020.98,3072.38,1.0,,0.0
LocateAnything 3B,mtsd-p11,back of a traffic sign,grp7_46129e9c-IMG_6657.jpeg,2304.29,2366.78,2594.59,2399.04,1.0,,0.0
LocateAnything 3B,mtsd-p11,back of a traffic sign,grp7_46129e9c-IMG_6657.jpeg,2872.8,2374.85,3024.0,2403.07,1.0,,0.0
LocateAnything 3B,mtsd-p11,back of a traffic sign,grp7_4c22ebaa-IMG_6807.jpeg,1493.86,1975.68,1932.34,2479.68,1.0,Blind-Spot Mirror (Convex Mirror),0.9517
LocateAnything 3B,mtsd-p11,back of a traffic sign,grp7_4f01ce86-IMG_1927.jpg,1411.2,81.65,3217.54,2437.34,1.0,,0.0
LocateAnything 3B,mtsd-p11,back of a traffic sign,grp7_4f01ce86-IMG_1927.jpg,2060.35,474.77,2261.95,2588.54,1.0,,0.0
LocateAnything 3B,mtsd-p11,back of a traffic sign,grp7_4f01ce86-IMG_1927.jpg,2213.57,1058.4,2511.94,1424.3,1.0,,0.0
LocateAnything 3B,mtsd-p11,back of a traffic sign,grp7_4f01ce86-IMG_1927.jpg,2463.55,1436.4,2717.57,1747.87,1.0,,0.0
LocateAnything 3B,mtsd-p11,back of a traffic sign,grp7_4f01ce86-IMG_1927.jpg,2802.24,1006.99,3056.26,1297.3,1.0,,0.0
LocateAnything 3B,mtsd-p11,back of a traffic sign,grp7_4f01ce86-IMG_1927.jpg,3100.61,1400.11,3181.25,1648.08,1.0,,0.0
LocateAnything 3B,mtsd-p11,back of a traffic sign,grp7_4f01ce86-IMG_1927.jpg,3104.64,1112.83,3181.25,1300.32,1.0,,0.0
LocateAnything 3B,mtsd-p11,back of a traffic sign,grp7_4f01ce86-IMG_1927.jpg,3112.7,1406.16,3181.25,1545.26,1.0,,0.0
LocateAnything 3B,mtsd-p11,back of a traffic sign,grp7_4f01ce86-IMG_1927.jpg,3148.99,1406.16,3181.25,1545.26,1.0,,0.0
LocateAnything 3B,mtsd-p11,back of a traffic sign,grp7_4f01ce86-IMG_1927.jpg,3165.12,1406.16,3181.25,1545.26,1.0,,0.0
LocateAnything 3B,mtsd-p11,back of a traffic sign,grp7_4f01ce86-IMG_1927.jpg,3177.22,1406.16,3181.25,1545.26,1.0,,0.0
LocateAnything 3B,mtsd-p11,back of a traffic sign,grp7_4f01ce86-IMG_1927.jpg,1594.66,633.53,4032.0,2178.79,1.0,,0.0
LocateAnything 3B,mtsd-p11,back of a traffic sign,grp7_50fb19de-IMG_1779.jpg,0.0,0.0,4027.97,3024.0,1.0,,0.0758
LocateAnything 3B,mtsd-p11,back of a traffic sign,grp7_51efaffb-IMG_2323.JPG,1593.65,399.17,2128.9,528.19,1.0,,0.0
LocateAnything 3B,mtsd-p11,back of a traffic sign,grp7_55fe17bd-IMG_6660.jpeg,1251.94,1012.03,1617.84,1415.23,1.0,No Entry (One Way),0.9543
LocateAnything 3B,mtsd-p11,back of a traffic sign,grp7_55fe17bd-IMG_6660.jpeg,2893.97,1588.61,2945.38,1669.25,1.0,Other-Unknown,0.9104
LocateAnything 3B,mtsd-p11,back of a traffic sign,grp7_55fe17bd-IMG_6660.jpeg,2912.11,1592.64,2939.33,1661.18,1.0,,0.4943
LocateAnything 3B,mtsd-p11,back of a traffic sign,grp7_55fe17bd-IMG_6660.jpeg,2927.23,1592.64,2939.33,1661.18,1.0,,0.2197
LocateAnything 3B,mtsd-p11,back of a traffic sign,grp7_55fe17bd-IMG_6660.jpeg,2936.3,1592.64,2939.33,1661.18,1.0,,0.055
LocateAnything 3B,mtsd-p11,back of a traffic sign,grp7_55fe17bd-IMG_6660.jpeg,1472.69,762.05,3024.0,2423.23,1.0,,0.0215
LocateAnything 3B,mtsd-p11,back of a traffic sign,grp7_579cc71b-IMG_1928.jpg,209.66,1790.21,431.42,2624.83,1.0,,0.0
LocateAnything 3B,mtsd-p11,back of a traffic sign,grp7_579cc71b-IMG_1928.jpg,1084.61,1505.95,3443.33,1720.66,1.0,,0.0601
LocateAnything 3B,mtsd-p11,back of a traffic sign,grp7_579cc71b-IMG_1928.jpg,1866.82,178.42,1975.68,250.99,1.0,,0.0
LocateAnything 3B,mtsd-p11,back of a traffic sign,grp7_579cc71b-IMG_1928.jpg,2128.9,402.19,2197.44,580.61,1.0,,0.0
LocateAnything 3B,mtsd-p11,back of a traffic sign,grp7_579cc71b-IMG_1928.jpg,2181.31,69.55,2270.02,172.37,1.0,,0.0
LocateAnything 3B,mtsd-p11,back of a traffic sign,grp7_579cc71b-IMG_1928.jpg,2774.02,574.56,2834.5,638.06,1.0,,0.0
LocateAnything 3B,mtsd-p11,back of a traffic sign,grp7_579cc71b-IMG_1928.jpg,2983.68,1693.44,3060.29,1720.66,1.0,,0.0
LocateAnything 3B,mtsd-p11,back of a traffic sign,grp7_579cc71b-IMG_1928.jpg,3011.9,1693.44,3060.29,1714.61,1.0,,0.0
LocateAnything 3B,mtsd-p11,back of a traffic sign,grp7_57ce1f54-20251215_150337.jpg,1050.08,1084.61,1270.08,2076.48,1.0,No Entry (One Way),0.9419
LocateAnything 3B,mtsd-p11,back of a traffic sign,grp7_57ce1f54-20251215_150337.jpg,1054.62,1350.72,1231.52,1770.05,1.0,,0.3446
LocateAnything 3B,mtsd-p11,back of a traffic sign,grp7_5fe0adac-IMG_2351.JPG,2515.97,725.76,2709.5,1008.0,1.0,,0.0
LocateAnything 3B,mtsd-p11,back of a traffic sign,grp7_5fe0adac-IMG_2351.JPG,2661.12,431.42,2924.21,616.9,1.0,,0.0
LocateAnything 3B,mtsd-p11,back of a traffic sign,grp7_5fe0adac-IMG_2351.JPG,2700.43,0.0,2748.82,100.8,1.0,,0.0
LocateAnything 3B,mtsd-p11,back of a traffic sign,grp7_5fe0adac-IMG_2351.JPG,3008.88,0.0,3024.0,133.06,1.0,,0.0
LocateAnything 3B,mtsd-p11,back of a traffic sign,grp7_65ce4c26-IMG_1752.jpg,0.0,1300.32,407.23,1905.12,1.0,,0.0
LocateAnything 3B,mtsd-p11,back of a traffic sign,grp7_65ce4c26-IMG_1752.jpg,0.0,0.0,4027.97,1267.06,1.0,,0.1142
LocateAnything 3B,mtsd-p11,back of a traffic sign,grp7_65ce4c26-IMG_1752.jpg,294.34,1986.77,911.23,3017.95,1.0,,0.0
LocateAnything 3B,mtsd-p11,back of a traffic sign,grp7_65ce4c26-IMG_1752.jpg,383.04,1345.68,959.62,2020.03,1.0,,0.0
LocateAnything 3B,mtsd-p11,back of a traffic sign,grp7_65ce4c26-IMG_1752.jpg,895.1,2004.91,1487.81,2915.14,1.0,,0.0
LocateAnything 3B,mtsd-p11,back of a traffic sign,grp7_65ce4c26-IMG_1752.jpg,931.39,1460.59,1507.97,2038.18,1.0,,0.0
LocateAnything 3B,mtsd-p11,back of a traffic sign,grp7_65ce4c26-IMG_1752.jpg,1483.78,2491.78,2076.48,3017.95,1.0,,0.1182
LocateAnything 3B,mtsd-p11,back of a traffic sign,grp7_65ce4c26-IMG_1752.jpg,1499.9,2026.08,2116.8,2515.97,1.0,,0.1952
LocateAnything 3B,mtsd-p11,back of a traffic sign,grp7_65ce4c26-IMG_1752.jpg,1524.1,1617.84,2169.22,2068.42,1.0,,0.1762
LocateAnything 3B,mtsd-p11,back of a traffic sign,grp7_65ce4c26-IMG_1752.jpg,2112.77,2059.34,2814.34,3017.95,1.0,,0.0956
LocateAnything 3B,mtsd-p11,back of a traffic sign,grp7_65ce4c26-IMG_1752.jpg,2157.12,1611.79,2842.56,2101.68,1.0,,0.039
LocateAnything 3B,mtsd-p11,back of a traffic sign,grp7_65ce4c26-IMG_1752.jpg,2822.4,2089.58,3548.16,3017.95,1.0,,0.0
LocateAnything 3B,mtsd-p11,back of a traffic sign,grp7_65ce4c26-IMG_1752.jpg,2838.53,1672.27,3564.29,2116.8,1.0,,0.0
LocateAnything 3B,mtsd-p11,back of a traffic sign,grp7_65ce4c26-IMG_1752.jpg,3592.51,2128.9,4027.97,3017.95,1.0,,0.0
LocateAnything 3B,mtsd-p11,back of a traffic sign,grp7_65ce4c26-IMG_1752.jpg,3612.67,1648.08,4027.97,2147.04,1.0,,0.0
LocateAnything 3B,mtsd-p11,back of a traffic sign,grp7_65ce4c26-IMG_1752.jpg,3620.74,1224.72,4027.97,1460.59,1.0,,0.0
LocateAnything 3B,mtsd-p11,back of a traffic sign,grp7_65ce4c26-IMG_1752.jpg,3830.4,0.0,4027.97,1088.64,1.0,,0.0
LocateAnything 3B,mtsd-p11,back of a traffic sign,grp7_66312f27-IMG_1789.jpg,919.3,1412.21,3874.75,1632.96,1.0,,0.0
LocateAnything 3B,mtsd-p11,back of a traffic sign,grp7_66312f27-IMG_1789.jpg,1786.18,1300.32,1939.39,1502.93,1.0,,0.0
LocateAnything 3B,mtsd-p11,back of a traffic sign,grp7_66312f27-IMG_1789.jpg,1947.46,1306.37,4027.97,1587.6,1.0,,0.0
LocateAnything 3B,mtsd-p11,back of a traffic sign,grp7_66312f27-IMG_1789.jpg,2955.46,1306.37,3237.7,1524.1,1.0,,0.0
LocateAnything 3B,mtsd-p11,back of a traffic sign,grp7_66312f27-IMG_1789.jpg,3157.06,1354.75,4027.97,1578.53,1.0,,0.0
LocateAnything 3B,mtsd-p11,back of a traffic sign,grp7_66312f27-IMG_1789.jpg,3265.92,0.0,4027.97,368.93,1.0,,0.0
LocateAnything 3B,mtsd-p11,back of a traffic sign,grp7_66312f27-IMG_1789.jpg,3265.92,2588.54,4027.97,3017.95,1.0,,0.0
LocateAnything 3B,mtsd-p11,back of a traffic sign,grp7_6dd51e97-IMG_6617.jpeg,1233.79,1483.78,1300.32,1794.24,1.0,Pedestrian Crossing,0.8676
LocateAnything 3B,mtsd-p11,back of a traffic sign,grp7_6dd51e97-IMG_6617.jpeg,2890.94,1899.07,2981.66,2052.29,1.0,,0.0
LocateAnything 3B,mtsd-p11,back of a traffic sign,grp7_6dd51e97-IMG_6617.jpeg,1428.84,1171.3,3024.0,3320.35,1.0,,0.0
LocateAnything 3B,mtsd-p11,back of a traffic sign,grp7_6dd51e97-IMG_6617.jpeg,2945.38,2245.82,3020.98,2278.08,1.0,,0.0
LocateAnything 3B,mtsd-p11,back of a traffic sign,grp7_6dd51e97-IMG_6617.jpeg,2984.69,2245.82,3020.98,2278.08,1.0,,0.0
LocateAnything 3B,mtsd-p11,back of a traffic sign,grp7_70806c3a-20251206_161309.jpg,1168.02,1189.44,1376.68,4027.97,1.0,,0.0
LocateAnything 3B,mtsd-p11,back of a traffic sign,grp7_70806c3a-20251206_161309.jpg,1741.82,2257.92,1823.47,3217.54,1.0,,0.0
LocateAnything 3B,mtsd-p11,back of a traffic sign,grp7_70806c3a-20251206_161309.jpg,1837.08,2330.5,2263.46,2733.7,1.0,,0.0
LocateAnything 3B,mtsd-p11,back of a traffic sign,grp7_70806c3a-20251206_161309.jpg,1905.12,2834.5,2263.46,3354.62,1.0,,0.0
LocateAnything 3B,mtsd-p11,back of a traffic sign,grp7_70806c3a-20251206_161309.jpg,2113.78,2330.5,2263.46,2709.5,1.0,,0.0
LocateAnything 3B,mtsd-p11,back of a traffic sign,grp7_81ace7bd-IMG_1823.jpg,0.0,0.0,4027.97,3020.98,1.0,,0.294
LocateAnything 3B,mtsd-p11,back of a traffic sign,grp7_85e21f65-IMG_1888.jpg,0.0,0.0,4027.97,1006.99,1.0,,0.0285
LocateAnything 3B,mtsd-p11,back of a traffic sign,grp7_85e21f65-IMG_1888.jpg,0.0,0.0,4027.97,3020.98,1.0,,0.1772
LocateAnything 3B,mtsd-p11,back of a traffic sign,grp7_87ab4012-IMG_1929.jpg,0.0,0.0,4027.97,3020.98,1.0,,0.2984
LocateAnything 3B,mtsd-p11,back of a traffic sign,grp7_87ab4012-IMG_1929.jpg,1826.5,130.03,3487.68,2343.6,1.0,,0.282
LocateAnything 3B,mtsd-p11,back of a traffic sign,grp7_87ab4012-IMG_1929.jpg,3286.08,2334.53,4027.97,3017.95,1.0,,0.0389
LocateAnything 3B,mtsd-p11,back of a traffic sign,grp7_87ab4012-IMG_1929.jpg,3548.16,0.0,4027.97,417.31,1.0,,0.0
LocateAnything 3B,mtsd-p11,back of a traffic sign,grp7_87ab4012-IMG_1929.jpg,3612.67,1070.5,3717.5,1312.42,1.0,,0.0
LocateAnything 3B,mtsd-p11,back of a traffic sign,grp7_87ab4012-IMG_1929.jpg,3717.5,0.0,4027.97,117.94,1.0,,0.0
LocateAnything 3B,mtsd-p11,back of a traffic sign,grp7_87ab4012-IMG_1929.jpg,3967.49,0.0,4027.97,99.79,1.0,,0.0
LocateAnything 3B,mtsd-p11,back of a traffic sign,grp7_897df19a-IMG_2311.JPG,353.81,1915.2,492.91,2044.22,1.0,Directional Sign,0.9403
LocateAnything 3B,mtsd-p11,back of a traffic sign,grp7_8a80058d-20251215_151420.jpg,972.97,1104.77,1297.3,1983.74,1.0,Other-Unknown,0.9608
LocateAnything 3B,mtsd-p11,back of a traffic sign,grp7_8a80058d-20251215_151420.jpg,975.24,745.92,1045.55,887.04,1.0,,0.0
LocateAnything 3B,mtsd-p11,back of a traffic sign,grp7_8a80058d-20251215_151420.jpg,1050.08,737.86,1106.78,883.01,1.0,,0.0
LocateAnything 3B,mtsd-p11,back of a traffic sign,grp7_8a80058d-20251215_151420.jpg,1104.52,745.92,1168.02,887.04,1.0,,0.0
LocateAnything 3B,mtsd-p11,back of a traffic sign,grp7_8a80058d-20251215_151420.jpg,1172.56,758.02,1236.06,899.14,1.0,,0.0
LocateAnything 3B,mtsd-p11,back of a traffic sign,grp7_8a80058d-20251215_151420.jpg,1238.33,766.08,1297.3,911.23,1.0,,0.0
LocateAnything 3B,mtsd-p11,back of a traffic sign,grp7_8a80058d-20251215_151420.jpg,1299.56,774.14,1358.53,919.3,1.0,,0.0
LocateAnything 3B,mtsd-p11,back of a traffic sign,grp7_8a80058d-20251215_151420.jpg,1354.0,782.21,1417.5,923.33,1.0,,0.0
LocateAnything 3B,mtsd-p11,back of a traffic sign,grp7_8a80058d-20251215_151420.jpg,1412.96,790.27,1481.0,931.39,1.0,,0.0
LocateAnything 3B,mtsd-p11,back of a traffic sign,grp7_8a80058d-20251215_151420.jpg,2091.1,1278.14,2127.38,1378.94,1.0,,0.0
LocateAnything 3B,mtsd-p11,back of a traffic sign,grp7_8a80058d-20251215_151420.jpg,2140.99,1286.21,2159.14,1382.98,1.0,,0.0
LocateAnything 3B,mtsd-p11,back of a traffic sign,grp7_8a80058d-20251215_151420.jpg,2159.14,1290.24,2195.42,1387.01,1.0,,0.0
LocateAnything 3B,mtsd-p11,back of a traffic sign,grp7_8a80058d-20251215_151420.jpg,2195.42,1294.27,2231.71,1387.01,1.0,,0.0
LocateAnything 3B,mtsd-p11,back of a traffic sign,grp7_8a80058d-20251215_151420.jpg,2231.71,1294.27,2263.46,1387.01,1.0,,0.0
LocateAnything 3B,mtsd-p11,back of a traffic sign,grp7_8c70ced7-IMG_6778.jpeg,1179.36,1387.01,1533.17,1757.95,1.0,Stop Sign,0.9317
LocateAnything 3B,mtsd-p11,back of a traffic sign,grp7_8c70ced7-IMG_6778.jpeg,2558.3,2782.08,3020.98,3044.16,1.0,,0.0
LocateAnything 3B,mtsd-p11,back of a traffic sign,grp7_8c70ced7-IMG_6778.jpeg,2742.77,2786.11,3020.98,2983.68,1.0,,0.0
LocateAnything 3B,mtsd-p11,back of a traffic sign,grp7_8e1e7992-IMG_6659.jpeg,595.73,1334.59,656.21,1540.22,1.0,Auxiliary Sign,0.8755
LocateAnything 3B,mtsd-p11,back of a traffic sign,grp7_8e1e7992-IMG_6659.jpeg,1735.78,1721.66,1847.66,1866.82,1.0,Other-Unknown,0.887
LocateAnything 3B,mtsd-p11,back of a traffic sign,grp7_8e1e7992-IMG_6659.jpeg,1986.77,1834.56,2038.18,1891.01,1.0,Pedestrian Crossing,0.6747
LocateAnything 3B,mtsd-p11,back of a traffic sign,grp7_8e1e7992-IMG_6659.jpeg,2059.34,1802.3,2147.04,1899.07,1.0,Pedestrian Crossing,0.8151
LocateAnything 3B,mtsd-p11,back of a traffic sign,grp7_8e1e7992-IMG_6659.jpeg,2385.94,1842.62,2413.15,1874.88,1.0,,0.0
LocateAnything 3B,mtsd-p11,back of a traffic sign,grp7_8e1e7992-IMG_6659.jpeg,2724.62,1842.62,3020.98,1874.88,1.0,,0.0
LocateAnything 3B,mtsd-p11,back of a traffic sign,grp7_8e1e7992-IMG_6659.jpeg,2733.7,2205.5,3020.98,2265.98,1.0,,0.0
LocateAnything 3B,mtsd-p11,back of a traffic sign,grp7_8e1e7992-IMG_6659.jpeg,2739.74,2640.96,3020.98,2757.89,1.0,,0.0
LocateAnything 3B,mtsd-p11,back of a traffic sign,grp7_8e1e7992-IMG_6659.jpeg,2890.94,2943.36,3020.98,3100.61,1.0,,0.0
LocateAnything 3B,mtsd-p11,back of a traffic sign,grp7_8e1e7992-IMG_6659.jpeg,2957.47,2346.62,3020.98,2399.04,1.0,,0.0
LocateAnything 3B,mtsd-p11,back of a traffic sign,grp7_8e1e7992-IMG_6659.jpeg,2963.52,1858.75,3020.98,1866.82,1.0,,0.0
LocateAnything 3B,mtsd-p11,back of a traffic sign,grp7_8e1e7992-IMG_6659.jpeg,2966.54,1866.82,3020.98,1939.39,1.0,,0.0
LocateAnything 3B,mtsd-p11,back of a traffic sign,grp7_8e1e7992-IMG_6659.jpeg,2996.78,1866.82,3020.98,1939.39,1.0,,0.0
LocateAnything 3B,mtsd-p11,back of a traffic sign,grp7_8e1e7992-IMG_6659.jpeg,3011.9,1866.82,3020.98,1939.39,1.0,,0.0
LocateAnything 3B,mtsd-p11,back of a traffic sign,grp7_90de2b4a-IMG_6620.jpeg,1708.56,1641.02,1756.94,1810.37,1.0,Stop Sign,0.9093
LocateAnything 3B,mtsd-p11,back of a traffic sign,grp7_90de2b4a-IMG_6620.jpeg,1726.7,1645.06,1769.04,1806.34,1.0,,0.4663
LocateAnything 3B,mtsd-p11,back of a traffic sign,grp7_90de2b4a-IMG_6620.jpeg,1750.9,1645.06,1769.04,1806.34,1.0,,0.1015
LocateAnything 3B,mtsd-p11,back of a traffic sign,grp7_90de2b4a-IMG_6620.jpeg,1762.99,1645.06,1769.04,1806.34,1.0,,0.0
LocateAnything 3B,mtsd-p11,back of a traffic sign,grp7_90de2b4a-IMG_6620.jpeg,887.54,741.89,2656.58,2548.22,1.0,,0.0028
LocateAnything 3B,mtsd-p11,back of a traffic sign,grp7_917e5bd8-IMG_2117.JPG,0.0,0.0,4027.97,3020.98,1.0,No Entry (One Way),0.5473
LocateAnything 3B,mtsd-p11,back of a traffic sign,grp7_93d54be7-IMG_6607.jpeg,1000.94,1213.63,1106.78,1540.22,1.0,Stop Sign,0.9375
LocateAnything 3B,mtsd-p11,back of a traffic sign,grp7_93d54be7-IMG_6607.jpeg,1185.41,1411.2,1318.46,1604.74,1.0,Pedestrian Crossing,0.84
LocateAnything 3B,mtsd-p11,back of a traffic sign,grp7_93d54be7-IMG_6607.jpeg,1330.56,2330.5,1466.64,2435.33,1.0,,0.0
LocateAnything 3B,mtsd-p11,back of a traffic sign,grp7_93d54be7-IMG_6607.jpeg,1811.38,1378.94,1865.81,1451.52,1.0,,0.0
LocateAnything 3B,mtsd-p11,back of a traffic sign,grp7_93d54be7-IMG_6607.jpeg,2165.18,1262.02,2216.59,1342.66,1.0,,0.0
LocateAnything 3B,mtsd-p11,back of a traffic sign,grp7_93d54be7-IMG_6607.jpeg,2168.21,1499.9,2219.62,1580.54,1.0,,0.0
LocateAnything 3B,mtsd-p11,back of a traffic sign,grp7_93d54be7-IMG_6607.jpeg,2174.26,1201.54,2216.59,1310.4,1.0,,0.0
LocateAnything 3B,mtsd-p11,back of a traffic sign,grp7_93d54be7-IMG_6607.jpeg,2186.35,1262.02,2216.59,1326.53,1.0,,0.0
LocateAnything 3B,mtsd-p11,back of a traffic sign,grp7_93d54be7-IMG_6607.jpeg,2204.5,1262.02,2216.59,1326.53,1.0,,0.0
LocateAnything 3B,mtsd-p11,back of a traffic sign,grp7_93d54be7-IMG_6607.jpeg,2213.57,1262.02,2216.59,1326.53,1.0,,0.0
LocateAnything 3B,mtsd-p11,back of a traffic sign,grp7_93d54be7-IMG_6607.jpeg,1111.32,598.75,3024.0,1925.28,1.0,,0.0104
LocateAnything 3B,mtsd-p11,back of a traffic sign,grp7_998eacf2-IMG_6613.jpeg,1569.46,1326.53,1660.18,1624.9,1.0,Pedestrian Crossing,0.8526
LocateAnything 3B,mtsd-p11,back of a traffic sign,grp7_998eacf2-IMG_6613.jpeg,1611.79,1334.59,1657.15,1620.86,1.0,,0.4845
LocateAnything 3B,mtsd-p11,back of a traffic sign,grp7_998eacf2-IMG_6613.jpeg,1635.98,1334.59,1657.15,1620.86,1.0,,0.2261
LocateAnything 3B,mtsd-p11,back of a traffic sign,grp7_998eacf2-IMG_6613.jpeg,1648.08,1334.59,1657.15,1620.86,1.0,,0.0969
LocateAnything 3B,mtsd-p11,back of a traffic sign,grp7_998eacf2-IMG_6613.jpeg,1654.13,1334.59,1657.15,1620.86,1.0,,0.0323
LocateAnything 3B,mtsd-p11,back of a traffic sign,grp7_998eacf2-IMG_6613.jpeg,831.6,524.16,2488.75,2145.02,1.0,,0.01
LocateAnything 3B,mtsd-p11,back of a traffic sign,grp7_9ceccc7e-IMG_2183.JPG,153.22,692.5,1411.2,2074.46,1.0,,0.0
LocateAnything 3B,mtsd-p11,back of a traffic sign,grp7_9ceccc7e-IMG_2183.JPG,2774.02,1245.89,3705.41,1657.15,1.0,,0.0
LocateAnything 3B,mtsd-p11,back of a traffic sign,grp7_a685cd57-IMG_2291.JPG,1684.37,1653.12,1720.66,2011.97,1.0,Auxiliary Sign,0.8086
LocateAnything 3B,mtsd-p11,back of a traffic sign,grp7_a685cd57-IMG_2291.JPG,2159.14,1911.17,2207.52,1955.52,1.0,,0.0
LocateAnything 3B,mtsd-p11,back of a traffic sign,grp7_a685cd57-IMG_2291.JPG,2177.28,1911.17,2216.59,1951.49,1.0,,0.0
LocateAnything 3B,mtsd-p11,back of a traffic sign,grp7_a685cd57-IMG_2291.JPG,2198.45,1911.17,2216.59,1951.49,1.0,,0.0
LocateAnything 3B,mtsd-p11,back of a traffic sign,grp7_a685cd57-IMG_2291.JPG,2210.54,1911.17,2216.59,1951.49,1.0,,0.0
LocateAnything 3B,mtsd-p11,back of a traffic sign,grp7_a685cd57-IMG_2291.JPG,1111.32,935.42,3024.0,2886.91,1.0,,0.004
LocateAnything 3B,mtsd-p11,back of a traffic sign,grp7_ab2ec440-IMG_2148.JPG,347.76,866.88,1124.93,3092.54,1.0,Blind-Spot Mirror (Convex Mirror),0.9828
LocateAnything 3B,mtsd-p11,back of a traffic sign,grp7_ab2ec440-IMG_2148.JPG,1058.4,1866.82,1239.84,4027.97,1.0,,0.037
LocateAnything 3B,mtsd-p11,back of a traffic sign,grp7_ab2ec440-IMG_2148.JPG,2343.6,0.0,3020.98,4027.97,1.0,,0.0
LocateAnything 3B,mtsd-p11,back of a traffic sign,grp7_b1489edd-IMG_1891.jpg,0.0,0.0,4027.97,3017.95,1.0,,0.0429
LocateAnything 3B,mtsd-p11,back of a traffic sign,grp7_b45f5f31-IMG_2274.JPG,2010.96,649.15,2159.14,758.02,1.0,,0.0
LocateAnything 3B,mtsd-p11,back of a traffic sign,grp7_b45f5f31-IMG_2274.JPG,2080.51,1850.69,2216.59,1886.98,1.0,,0.0
LocateAnything 3B,mtsd-p11,back of a traffic sign,grp7_b45f5f31-IMG_2274.JPG,2558.3,1443.46,2836.51,1516.03,1.0,,0.0
LocateAnything 3B,mtsd-p11,back of a traffic sign,grp7_b45f5f31-IMG_2274.JPG,2673.22,1443.46,2836.51,1499.9,1.0,,0.0
LocateAnything 3B,mtsd-p11,back of a traffic sign,grp7_b45f5f31-IMG_2274.JPG,2751.84,1443.46,2836.51,1507.97,1.0,,0.0
LocateAnything 3B,mtsd-p11,back of a traffic sign,grp7_b552bf33-20251215_150109.jpg,997.92,1036.22,1190.7,1923.26,1.0,Stop Sign,0.8807
LocateAnything 3B,mtsd-p11,back of a traffic sign,grp7_b552bf33-20251215_150109.jpg,1099.98,1874.88,1281.42,4027.97,1.0,,0.0094
LocateAnything 3B,mtsd-p11,back of a traffic sign,grp7_b552bf33-20251215_150109.jpg,1555.85,2314.37,2159.14,2693.38,1.0,,0.0
LocateAnything 3B,mtsd-p11,back of a traffic sign,grp7_b552bf33-20251215_150109.jpg,1560.38,2205.5,1764.5,2330.5,1.0,,0.0
LocateAnything 3B,mtsd-p11,back of a traffic sign,grp7_b552bf33-20251215_150109.jpg,1564.92,2862.72,2265.73,3548.16,1.0,,0.0
LocateAnything 3B,mtsd-p11,back of a traffic sign,grp7_b552bf33-20251215_150109.jpg,1642.03,2197.44,1759.97,2314.37,1.0,,0.0
LocateAnything 3B,mtsd-p11,back of a traffic sign,grp7_b65b2b8e-20251215_143141.jpg,0.0,3217.54,247.21,3580.42,1.0,,0.0
LocateAnything 3B,mtsd-p11,back of a traffic sign,grp7_b65b2b8e-20251215_143141.jpg,0.0,3552.19,115.67,3757.82,1.0,,0.0
LocateAnything 3B,mtsd-p11,back of a traffic sign,grp7_b65b2b8e-20251215_143141.jpg,0.0,3737.66,242.68,4027.97,1.0,,0.0
LocateAnything 3B,mtsd-p11,back of a traffic sign,grp7_b65b2b8e-20251215_143141.jpg,0.0,3056.26,201.85,3265.92,1.0,,0.0
LocateAnything 3B,mtsd-p11,back of a traffic sign,grp7_b65b2b8e-20251215_143141.jpg,0.0,2983.68,265.36,3092.54,1.0,,0.0
LocateAnything 3B,mtsd-p11,back of a traffic sign,grp7_b65b2b8e-20251215_143141.jpg,0.0,2955.46,142.88,3080.45,1.0,,0.0
LocateAnything 3B,mtsd-p11,back of a traffic sign,grp7_bd29943d-IMG_1733.jpg,0.0,1143.07,282.24,1515.02,1.0,,0.0
LocateAnything 3B,mtsd-p11,back of a traffic sign,grp7_bd29943d-IMG_1733.jpg,0.0,0.0,455.62,426.38,1.0,,0.0
LocateAnything 3B,mtsd-p11,back of a traffic sign,grp7_bd29943d-IMG_1733.jpg,0.0,402.19,415.3,1058.4,1.0,,0.0
LocateAnything 3B,mtsd-p11,back of a traffic sign,grp7_bd29943d-IMG_1733.jpg,0.0,1034.21,346.75,1161.22,1.0,,0.0
LocateAnything 3B,mtsd-p11,back of a traffic sign,grp7_bd29943d-IMG_1733.jpg,0.0,1648.08,463.68,2038.18,1.0,,0.0
LocateAnything 3B,mtsd-p11,back of a traffic sign,grp7_bd29943d-IMG_1733.jpg,0.0,2195.42,266.11,3017.95,1.0,,0.0
LocateAnything 3B,mtsd-p11,back of a traffic sign,grp7_bd29943d-IMG_1733.jpg,0.0,0.0,124.99,190.51,1.0,,0.0
LocateAnything 3B,mtsd-p11,back of a traffic sign,grp7_bd29943d-IMG_1733.jpg,0.0,190.51,108.86,474.77,1.0,,0.0
LocateAnything 3B,mtsd-p11,back of a traffic sign,grp7_bd29943d-IMG_1733.jpg,0.0,474.77,60.48,707.62,1.0,,0.0
LocateAnything 3B,mtsd-p11,back of a traffic sign,grp7_bd29943d-IMG_1733.jpg,0.0,704.59,48.38,1058.4,1.0,,0.0
LocateAnything 3B,mtsd-p11,back of a traffic sign,grp7_c1d05649-IMG_2109.JPG,443.52,287.28,2830.46,2788.13,1.0,Stop Sign,0.5541
LocateAnything 3B,mtsd-p11,back of a traffic sign,grp7_c1d05649-IMG_2109.JPG,2693.38,1406.16,4027.97,1639.01,1.0,,0.0343
LocateAnything 3B,mtsd-p11,back of a traffic sign,grp7_c1d05649-IMG_2109.JPG,2810.3,1693.44,4027.97,1759.97,1.0,,0.0086
LocateAnything 3B,mtsd-p11,back of a traffic sign,grp7_c1d05649-IMG_2109.JPG,3177.22,771.12,4027.97,876.96,1.0,,0.0067
LocateAnything 3B,mtsd-p11,back of a traffic sign,grp7_c1d05649-IMG_2109.JPG,3503.81,184.46,4027.97,356.83,1.0,,0.0002
LocateAnything 3B,mtsd-p11,back of a traffic sign,grp7_c1d05649-IMG_2109.JPG,3693.31,2128.9,4027.97,2395.01,1.0,,0.0
LocateAnything 3B,mtsd-p11,back of a traffic sign,grp7_c1d05649-IMG_2109.JPG,3830.4,0.0,4027.97,117.94,1.0,,0.0
LocateAnything 3B,mtsd-p11,back of a traffic sign,grp7_c1d05649-IMG_2109.JPG,3838.46,1747.87,4027.97,2337.55,1.0,,0.0
LocateAnything 3B,mtsd-p11,back of a traffic sign,grp7_c1d05649-IMG_2109.JPG,3846.53,526.18,4027.97,1130.98,1.0,,0.0
LocateAnything 3B,mtsd-p11,back of a traffic sign,grp7_c1d05649-IMG_2109.JPG,3854.59,876.96,4027.97,1424.3,1.0,,0.0
LocateAnything 3B,mtsd-p11,back of a traffic sign,grp7_c1e32eff-IMG_1769.jpg,1270.08,1230.77,3898.94,1865.81,1.0,,0.1883
LocateAnything 3B,mtsd-p11,back of a traffic sign,grp7_c1e32eff-IMG_1769.jpg,1991.81,2733.7,2374.85,3024.0,1.0,,0.042
LocateAnything 3B,mtsd-p11,back of a traffic sign,grp7_c1e32eff-IMG_1769.jpg,1995.84,0.0,4027.97,3024.0,1.0,,0.1072
LocateAnything 3B,mtsd-p11,back of a traffic sign,grp7_c21d51bf-IMG_6622.jpeg,1799.28,1774.08,1847.66,1826.5,1.0,Stop Sign,0.8927
LocateAnything 3B,mtsd-p11,back of a traffic sign,grp7_c21d51bf-IMG_6622.jpeg,878.47,969.7,2726.14,2796.19,1.0,,0.0008
LocateAnything 3B,mtsd-p11,back of a traffic sign,grp7_c3ab6f98-IMG_2186.JPG,3181.25,1953.5,3665.09,2776.03,1.0,,0.0
LocateAnything 3B,mtsd-p11,back of a traffic sign,grp7_c3ab6f98-IMG_2186.JPG,3459.46,417.31,3745.73,1034.21,1.0,,0.0
LocateAnything 3B,mtsd-p11,back of a traffic sign,grp7_c3ab6f98-IMG_2186.JPG,3685.25,777.17,4027.97,1161.22,1.0,,0.0
LocateAnything 3B,mtsd-p11,back of a traffic sign,grp7_c3ab6f98-IMG_2186.JPG,3741.7,2549.23,3999.74,2709.5,1.0,,0.0
LocateAnything 3B,mtsd-p11,back of a traffic sign,grp7_c3ab6f98-IMG_2186.JPG,3878.78,2147.04,4027.97,2295.22,1.0,,0.0
LocateAnything 3B,mtsd-p11,back of a traffic sign,grp7_c3ab6f98-IMG_2186.JPG,3923.14,384.05,4027.97,619.92,1.0,,0.0
LocateAnything 3B,mtsd-p11,back of a traffic sign,grp7_c3ab6f98-IMG_2186.JPG,3935.23,749.95,4027.97,813.46,1.0,,0.0
LocateAnything 3B,mtsd-p11,back of a traffic sign,grp7_c3ab6f98-IMG_2186.JPG,3939.26,1678.32,4027.97,1841.62,1.0,,0.0
LocateAnything 3B,mtsd-p11,back of a traffic sign,grp7_c3ab6f98-IMG_2186.JPG,3951.36,0.0,4027.97,329.62,1.0,,0.0
LocateAnything 3B,mtsd-p11,back of a traffic sign,grp7_cddeeb7f-IMG_6636.jpeg,1245.89,1411.2,1424.3,1592.64,1.0,Pedestrian Crossing,0.9065
LocateAnything 3B,mtsd-p11,back of a traffic sign,grp7_cddeeb7f-IMG_6636.jpeg,1251.94,1866.82,1306.37,1915.2,1.0,Other-Unknown,0.7384
LocateAnything 3B,mtsd-p11,back of a traffic sign,grp7_cddeeb7f-IMG_6636.jpeg,1257.98,1891.01,1300.32,1923.26,1.0,,0.2907
LocateAnything 3B,mtsd-p11,back of a traffic sign,grp7_cddeeb7f-IMG_6636.jpeg,1267.06,1891.01,1300.32,1911.17,1.0,,0.188
LocateAnything 3B,mtsd-p11,back of a traffic sign,grp7_cddeeb7f-IMG_6636.jpeg,1285.2,1891.01,1300.32,1911.17,1.0,,0.0855
LocateAnything 3B,mtsd-p11,back of a traffic sign,grp7_cddeeb7f-IMG_6636.jpeg,1294.27,1891.01,1300.32,1911.17,1.0,,0.0342
LocateAnything 3B,mtsd-p11,back of a traffic sign,grp7_cddeeb7f-IMG_6636.jpeg,653.18,935.42,1953.5,2846.59,1.0,,0.013
LocateAnything 3B,mtsd-p11,back of a traffic sign,grp7_d36e330f-20251215_150902.jpg,728.03,1076.54,1666.98,1947.46,1.0,Stop Sign,0.9901
LocateAnything 3B,mtsd-p11,back of a traffic sign,grp7_d36e330f-20251215_150902.jpg,816.48,1310.4,1583.06,1653.12,1.0,,0.3235
LocateAnything 3B,mtsd-p11,back of a traffic sign,grp7_d5464bd2-IMG_6729.jpeg,1648.08,1423.3,1890.0,2020.03,1.0,Stop Sign,0.9678
LocateAnything 3B,mtsd-p11,back of a traffic sign,grp7_d5464bd2-IMG_6729.jpeg,2310.34,2245.82,2413.15,2358.72,1.0,,0.0
LocateAnything 3B,mtsd-p11,back of a traffic sign,grp7_d5464bd2-IMG_6729.jpeg,2543.18,2201.47,2661.12,2306.3,1.0,,0.0
LocateAnything 3B,mtsd-p11,back of a traffic sign,grp7_d5464bd2-IMG_6729.jpeg,2636.93,2092.61,2685.31,2157.12,1.0,Pedestrian Crossing,0.6387
LocateAnything 3B,mtsd-p11,back of a traffic sign,grp7_d5464bd2-IMG_6729.jpeg,2893.97,2124.86,2924.21,2169.22,1.0,Pedestrian Crossing,0.546
LocateAnything 3B,mtsd-p11,back of a traffic sign,grp7_d5464bd2-IMG_6729.jpeg,2909.09,2128.9,2930.26,2181.31,1.0,,0.1577
LocateAnything 3B,mtsd-p11,back of a traffic sign,grp7_d5464bd2-IMG_6729.jpeg,2918.16,2128.9,2939.33,2181.31,1.0,,0.0229
LocateAnything 3B,mtsd-p11,back of a traffic sign,grp7_d5464bd2-IMG_6729.jpeg,2933.28,2128.9,2939.33,2181.31,1.0,,0.0
LocateAnything 3B,mtsd-p11,back of a traffic sign,grp7_d5464bd2-IMG_6729.jpeg,2936.3,2128.9,2939.33,2181.31,1.0,,0.0
LocateAnything 3B,mtsd-p11,back of a traffic sign,grp7_d5464bd2-IMG_6729.jpeg,1472.69,1038.24,3024.0,3219.55,1.0,,0.0413
LocateAnything 3B,mtsd-p11,back of a traffic sign,grp7_d7ded33c-IMG_6742.jpeg,1847.66,2060.35,1905.12,2124.86,1.0,Other-Unknown,0.7464
LocateAnything 3B,mtsd-p11,back of a traffic sign,grp7_d7ded33c-IMG_6742.jpeg,1853.71,2128.9,1902.1,2181.31,1.0,,0.4018
LocateAnything 3B,mtsd-p11,back of a traffic sign,grp7_d7ded33c-IMG_6742.jpeg,1859.76,2124.86,1905.12,2157.12,1.0,,0.3652
LocateAnything 3B,mtsd-p11,back of a traffic sign,grp7_d7ded33c-IMG_6742.jpeg,1877.9,2124.86,1905.12,2169.22,1.0,,0.3968
LocateAnything 3B,mtsd-p11,back of a traffic sign,grp7_d7ded33c-IMG_6742.jpeg,1893.02,2124.86,1905.12,2169.22,1.0,,0.0097
LocateAnything 3B,mtsd-p11,back of a traffic sign,grp7_d7ded33c-IMG_6742.jpeg,1902.1,2124.86,1905.12,2169.22,1.0,,0.0
LocateAnything 3B,mtsd-p11,back of a traffic sign,grp7_d7ded33c-IMG_6742.jpeg,955.58,1040.26,2860.7,3209.47,1.0,,0.0007
LocateAnything 3B,mtsd-p11,back of a traffic sign,grp7_db87303d-20251215_144613.jpg,1077.3,725.76,1242.86,2040.19,1.0,No Entry (One Way),0.926
LocateAnything 3B,mtsd-p11,back of a traffic sign,grp7_db87303d-20251215_144613.jpg,1177.09,2116.8,1642.03,3201.41,1.0,,0.0
LocateAnything 3B,mtsd-p11,back of a traffic sign,grp7_db87303d-20251215_144613.jpg,1403.89,3229.63,1605.74,3374.78,1.0,,0.0
LocateAnything 3B,mtsd-p11,back of a traffic sign,grp7_db87303d-20251215_144613.jpg,1412.96,3435.26,1716.88,3737.66,1.0,,0.0
LocateAnything 3B,mtsd-p11,back of a traffic sign,grp7_db87303d-20251215_144613.jpg,1471.93,512.06,2265.73,1229.76,1.0,,0.0
LocateAnything 3B,mtsd-p11,back of a traffic sign,grp7_db87303d-20251215_144613.jpg,1941.41,2358.72,2263.46,2886.91,1.0,,0.0
LocateAnything 3B,mtsd-p11,back of a traffic sign,grp7_db87303d-20251215_144613.jpg,2013.98,3032.06,2195.42,3273.98,1.0,,0.0
LocateAnything 3B,mtsd-p11,back of a traffic sign,grp7_db87303d-20251215_144613.jpg,2057.08,3334.46,2238.52,3600.58,1.0,,0.0
LocateAnything 3B,mtsd-p11,back of a traffic sign,grp7_db87303d-20251215_144613.jpg,2104.7,3673.15,2265.73,3967.49,1.0,,0.0
LocateAnything 3B,mtsd-p11,back of a traffic sign,grp7_db87303d-20251215_144613.jpg,2213.57,3048.19,2265.73,3257.86,1.0,,0.0
LocateAnything 3B,mtsd-p11,back of a traffic sign,grp7_db87303d-20251215_144613.jpg,2240.78,3040.13,2265.73,3265.92,1.0,,0.0
LocateAnything 3B,mtsd-p11,back of a traffic sign,grp7_db87303d-20251215_144613.jpg,2254.39,3040.13,2265.73,3265.92,1.0,,0.0
LocateAnything 3B,mtsd-p11,back of a traffic sign,grp7_e16f743b-IMG_1838.jpg,0.0,0.0,4027.97,3020.98,1.0,,0.0677
LocateAnything 3B,mtsd-p11,back of a traffic sign,grp7_ef1c0521-IMG_1930.jpg,1572.48,420.34,2943.36,2763.94,1.0,,0.0
LocateAnything 3B,mtsd-p11,back of a traffic sign,grp7_ef1c0521-IMG_1930.jpg,1580.54,0.0,4027.97,707.62,1.0,,0.0
LocateAnything 3B,mtsd-p11,back of a traffic sign,grp7_ef1c0521-IMG_1930.jpg,1588.61,0.0,4027.97,3020.98,1.0,,0.0
LocateAnything 3B,mtsd-p11,back of a traffic sign,grp7_ef873d66-20251215_143818.jpg,1800.79,2632.9,1886.98,2862.72,1.0,Street Sign,0.8186
LocateAnything 3B,mtsd-p11,back of a traffic sign,grp7_ef873d66-20251215_143818.jpg,2032.13,2366.78,2084.29,2435.33,1.0,,0.0
LocateAnything 3B,mtsd-p11,back of a traffic sign,grp7_ef873d66-20251215_143818.jpg,2063.88,2503.87,2111.51,2572.42,1.0,,0.0
LocateAnything 3B,mtsd-p11,back of a traffic sign,grp7_ef873d66-20251215_143818.jpg,2086.56,2653.06,2138.72,2729.66,1.0,,0.0
LocateAnything 3B,mtsd-p11,back of a traffic sign,grp7_ef873d66-20251215_143818.jpg,2209.03,2693.38,2258.93,2745.79,1.0,,0.0
LocateAnything 3B,mtsd-p11,back of a traffic sign,grp7_ef873d66-20251215_143818.jpg,2231.71,2306.3,2263.46,2346.62,1.0,,0.0
LocateAnything 3B,mtsd-p11,back of a traffic sign,grp7_ef873d66-20251215_143818.jpg,2240.78,2310.34,2268.0,2334.53,1.0,,0.0
LocateAnything 3B,mtsd-p11,back of a traffic sign,grp7_f5c11235-IMG_2319.JPG,2261.95,1327.54,2374.85,1436.4,1.0,,0.0
LocateAnything 3B,mtsd-p11,back of a traffic sign,grp7_f5c11235-IMG_2319.JPG,2278.08,1657.15,2463.55,2140.99,1.0,,0.0
LocateAnything 3B,mtsd-p11,back of a traffic sign,grp7_f5c11235-IMG_2319.JPG,2330.5,1578.53,2447.42,1642.03,1.0,,0.0
LocateAnything 3B,mtsd-p11,back of a traffic sign,grp7_f5c11235-IMG_2319.JPG,2386.94,1578.53,2447.42,1639.01,1.0,,0.0
LocateAnything 3B,mtsd-p11,back of a traffic sign,grp7_f5c11235-IMG_2319.JPG,2419.2,1578.53,2447.42,1639.01,1.0,,0.0
LocateAnything 3B,mtsd-p11,back of a traffic sign,grp7_f5c11235-IMG_2319.JPG,2435.33,1578.53,2447.42,1639.01,1.0,,0.0
LocateAnything 3B,mtsd-p11,back of a traffic sign,grp7_f5c11235-IMG_2319.JPG,2443.39,1578.53,2447.42,1639.01,1.0,,0.0
LocateAnything 3B,mtsd-p11,back of a traffic sign,grp7_f5c11235-IMG_2319.JPG,1227.74,759.02,3675.17,2398.03,1.0,,0.0112
LocateAnything 3B,mtsd-p11,back of a traffic sign,grp7_f6c47dc2-IMG_2182.JPG,129.02,1478.74,2866.75,1750.9,1.0,,0.0945
LocateAnything 3B,mtsd-p11,back of a traffic sign,grp7_f6c47dc2-IMG_2182.JPG,1528.13,1478.74,2866.75,1735.78,1.0,,0.148
LocateAnything 3B,mtsd-p11,back of a traffic sign,grp7_f6c47dc2-IMG_2182.JPG,3483.65,1814.4,3822.34,2062.37,1.0,,0.0
LocateAnything 3B,mtsd-p11,back of a traffic sign,grp7_f6c47dc2-IMG_2182.JPG,3507.84,2482.7,3830.4,2757.89,1.0,,0.0
LocateAnything 3B,mtsd-p11,back of a traffic sign,grp7_f74b48d8-IMG_1768.jpg,1516.03,0.0,3673.15,2788.13,1.0,,0.0
LocateAnything 3B,mtsd-p11,back of a traffic sign,grp7_f74b48d8-IMG_1768.jpg,3657.02,1496.88,4023.94,1986.77,1.0,,0.0
LocateAnything 3B,mtsd-p11,back of a traffic sign,grp7_fb3a590f-IMG_6793.jpeg,1273.1,1548.29,1654.13,1931.33,1.0,Stop Sign,0.9544
LocateAnything 3B,mtsd-p11,back of a traffic sign,grp7_fb3a590f-IMG_6793.jpeg,2274.05,2157.12,2328.48,2286.14,1.0,No Entry (One Way),0.8339
LocateAnything 3B,mtsd-p11,back of a traffic sign,grp7_ffcca6e4-IMG_6603.jpeg,0.0,2802.24,2131.92,4032.0,1.0,,0.0
LocateAnything 3B,mtsd-p11,back of a traffic sign,grp7_ffcca6e4-IMG_6603.jpeg,2788.13,2358.72,3020.98,2794.18,1.0,,0.0
LocateAnything 3B,mtsd-p11,back of a traffic sign,grp8_0487e0f7-front.jpg,1399.1,689.47,2540.16,1775.09,1.0,Stop Sign,0.9841
LocateAnything 3B,mtsd-p11,back of a traffic sign,grp8_0487e0f7-front.jpg,1915.2,1747.87,2032.13,3017.95,1.0,,0.0018
LocateAnything 3B,mtsd-p11,back of a traffic sign,grp8_0487e0f7-front.jpg,967.68,388.58,2878.85,1728.22,1.0,,0.4527
LocateAnything 3B,mtsd-p11,back of a traffic sign,grp8_0487e0f7-front.jpg,1939.39,1061.42,2185.34,1330.56,1.0,,0.054
LocateAnything 3B,mtsd-p11,back of a traffic sign,grp8_0487e0f7-front.jpg,2229.7,1040.26,2435.33,1306.37,1.0,,0.0446
LocateAnything 3B,mtsd-p11,back of a traffic sign,grp8_0d18b07a-IMG_0224.JPG,1268.06,1919.23,4015.54,2977.38,1.0,,0.3428
LocateAnything 3B,mtsd-p11,back of a traffic sign,grp8_0d18b07a-IMG_0224.JPG,4678.13,2643.23,4998.0,3020.22,1.0,,0.0
LocateAnything 3B,mtsd-p11,back of a traffic sign,grp8_0d18b07a-IMG_0224.JPG,4838.06,2647.51,4998.0,3020.22,1.0,,0.0
LocateAnything 3B,mtsd-p11,back of a traffic sign,grp8_1023d97f-front.jpg,0.0,0.0,4027.97,3020.98,1.0,,0.1983
LocateAnything 3B,mtsd-p11,back of a traffic sign,grp8_14aaa44c-IMG_0211.JPG,1742.16,1028.16,3512.88,3088.76,1.0,,0.4753
LocateAnything 3B,mtsd-p11,back of a traffic sign,grp8_14aaa44c-IMG_0211.JPG,3181.58,1636.49,5706.29,2206.26,1.0,,0.1496
LocateAnything 3B,mtsd-p11,back of a traffic sign,grp8_14aaa44c-IMG_0211.JPG,3849.89,1696.46,5306.45,2180.56,1.0,,0.0584
LocateAnything 3B,mtsd-p11,back of a traffic sign,grp8_14aaa44c-IMG_0211.JPG,5220.77,1645.06,5706.29,2090.59,1.0,,0.0
LocateAnything 3B,mtsd-p11,back of a traffic sign,grp8_14aaa44c-IMG_0211.JPG,5232.19,634.03,5706.29,951.05,1.0,,0.0
LocateAnything 3B,mtsd-p11,back of a traffic sign,grp8_14aaa44c-IMG_0211.JPG,5460.67,466.96,5706.29,711.14,1.0,,0.0
LocateAnything 3B,mtsd-p11,back of a traffic sign,grp8_14aaa44c-IMG_0211.JPG,5483.52,783.97,5586.34,878.22,1.0,,0.0
LocateAnything 3B,mtsd-p11,back of a traffic sign,grp8_14aaa44c-IMG_0211.JPG,5534.93,783.97,5586.34,869.65,1.0,,0.0
LocateAnything 3B,mtsd-p11,back of a traffic sign,grp8_14aaa44c-IMG_0211.JPG,5563.49,783.97,5586.34,869.65,1.0,,0.0
LocateAnything 3B,mtsd-p11,back of a traffic sign,grp8_14aaa44c-IMG_0211.JPG,5574.91,783.97,5586.34,869.65,1.0,,0.0
LocateAnything 3B,mtsd-p11,back of a traffic sign,grp8_14aaa44c-IMG_0211.JPG,2798.88,349.15,5712.0,1218.8,1.0,,0.0
LocateAnything 3B,mtsd-p11,back of a traffic sign,grp8_15b9a2f4-Back.jpg,1103.62,544.77,1255.68,679.94,1.0,,0.0
LocateAnything 3B,mtsd-p11,back of a traffic sign,grp8_1b5dcc93-back.jpg,686.59,2809.86,1440.0,3145.73,1.0,,0.0
LocateAnything 3B,mtsd-p11,back of a traffic sign,grp8_1b5dcc93-back.jpg,1983.74,2342.91,2304.0,2404.35,1.0,,0.0
LocateAnything 3B,mtsd-p11,back of a traffic sign,grp8_1b5dcc93-back.jpg,2230.27,3002.37,2304.0,3026.94,1.0,,0.0
LocateAnything 3B,mtsd-p11,back of a traffic sign,grp8_1b5dcc93-back.jpg,2255.62,3129.34,2304.0,3186.69,1.0,,0.0
LocateAnything 3B,mtsd-p11,back of a traffic sign,grp8_1b5dcc93-back.jpg,2290.18,3129.34,2304.0,3182.59,1.0,,0.0
LocateAnything 3B,mtsd-p11,back of a traffic sign,grp8_1e3225cd-IMG_0085.jpg,1276.63,919.63,2249.1,2810.3,1.0,No Entry (One Way),0.9826
LocateAnything 3B,mtsd-p11,back of a traffic sign,grp8_1e3225cd-IMG_0085.jpg,1306.62,2770.32,2090.59,5712.0,1.0,,0.0063
LocateAnything 3B,mtsd-p11,back of a traffic sign,grp8_244bea95-back.jpg,2399.04,2128.9,2463.55,2231.71,1.0,,0.0
LocateAnything 3B,mtsd-p11,back of a traffic sign,grp8_244bea95-back.jpg,2564.35,2059.34,2653.06,2195.42,1.0,,0.0
LocateAnything 3B,mtsd-p11,back of a traffic sign,grp8_244bea95-back.jpg,2584.51,2413.15,2673.22,2546.21,1.0,,0.0
LocateAnything 3B,mtsd-p11,back of a traffic sign,grp8_244bea95-back.jpg,3092.54,2026.08,3189.31,2165.18,1.0,,0.0
LocateAnything 3B,mtsd-p11,back of a traffic sign,grp8_244bea95-back.jpg,3136.9,2401.06,3241.73,2534.11,1.0,,0.0
LocateAnything 3B,mtsd-p11,back of a traffic sign,grp8_244bea95-back.jpg,3366.72,2485.73,3443.33,2582.5,1.0,,0.0
LocateAnything 3B,mtsd-p11,back of a traffic sign,grp8_244bea95-back.jpg,3536.06,2437.34,3624.77,2558.3,1.0,,0.0
LocateAnything 3B,mtsd-p11,back of a traffic sign,grp8_244bea95-back.jpg,3729.6,2464.56,3830.4,2570.4,1.0,,0.0
LocateAnything 3B,mtsd-p11,back of a traffic sign,grp8_244bea95-back.jpg,3971.52,2455.49,4027.97,2567.38,1.0,,0.0
LocateAnything 3B,mtsd-p11,back of a traffic sign,grp8_2aed70e2-front.jpg,0.0,0.0,2301.7,4091.9,1.0,,0.1686
LocateAnything 3B,mtsd-p11,back of a traffic sign,grp8_2d237c79-side.jpg,1814.4,2026.08,2511.94,2449.44,1.0,Street Sign,0.9755
LocateAnything 3B,mtsd-p11,back of a traffic sign,grp8_2d237c79-side.jpg,1899.07,946.51,2136.96,1847.66,1.0,No Through Road (T-Junction),0.9556
LocateAnything 3B,mtsd-p11,back of a traffic sign,grp8_2d237c79-side.jpg,3056.26,2110.75,3249.79,2727.65,1.0,Auxiliary Sign,0.8193
LocateAnything 3B,mtsd-p11,back of a traffic sign,grp8_2d237c79-side.jpg,3165.12,1859.76,3302.21,2089.58,1.0,,0.0089
LocateAnything 3B,mtsd-p11,back of a traffic sign,grp8_2d237c79-side.jpg,3314.3,2140.99,3411.07,2449.44,1.0,,0.0
LocateAnything 3B,mtsd-p11,back of a traffic sign,grp8_2d237c79-side.jpg,3334.46,1569.46,3705.41,1962.58,1.0,,0.0
LocateAnything 3B,mtsd-p11,back of a traffic sign,grp8_2d237c79-side.jpg,3576.38,1521.07,3806.21,1648.08,1.0,,0.0
LocateAnything 3B,mtsd-p11,back of a traffic sign,grp8_2d237c79-side.jpg,3612.67,813.46,3769.92,1161.22,1.0,,0.0
LocateAnything 3B,mtsd-p11,back of a traffic sign,grp8_2d237c79-side.jpg,3987.65,1635.98,4027.97,1747.87,1.0,,0.0
LocateAnything 3B,mtsd-p11,back of a traffic sign,grp8_2e0ed656-front.jpg,0.0,0.0,4027.97,3017.95,1.0,,0.1414
LocateAnything 3B,mtsd-p11,back of a traffic sign,grp8_3ab29317-front.jpg,647.42,1355.78,1677.31,2453.5,1.0,No Through Road (T-Junction),0.9829
LocateAnything 3B,mtsd-p11,back of a traffic sign,grp8_3ab29317-front.jpg,953.86,1478.66,1456.13,1732.61,1.0,,0.1141
LocateAnything 3B,mtsd-p11,back of a traffic sign,grp8_3ab29317-front.jpg,1099.01,1679.36,1301.76,2314.24,1.0,,0.1152
LocateAnything 3B,mtsd-p11,back of a traffic sign,grp8_3ab29317-front.jpg,1103.62,1507.33,1297.15,1724.42,1.0,,0.0376
LocateAnything 3B,mtsd-p11,back of a traffic sign,grp8_3e16c892-IMG_0188.JPG,2513.28,1298.05,4221.17,2861.71,1.0,,0.0
LocateAnything 3B,mtsd-p11,back of a traffic sign,grp8_3e16c892-IMG_0188.JPG,3707.09,0.0,4409.66,724.0,1.0,,0.0
LocateAnything 3B,mtsd-p11,back of a traffic sign,grp8_3e16c892-IMG_0188.JPG,3849.89,1049.58,4329.7,1306.62,1.0,,0.0
LocateAnything 3B,mtsd-p11,back of a traffic sign,grp8_3e16c892-IMG_0188.JPG,4158.34,1413.72,4603.87,1593.65,1.0,,0.0
LocateAnything 3B,mtsd-p11,back of a traffic sign,grp8_3e16c892-IMG_0188.JPG,4398.24,1722.17,4832.35,1884.96,1.0,,0.0
LocateAnything 3B,mtsd-p11,back of a traffic sign,grp8_3e16c892-IMG_0188.JPG,4666.7,0.0,5706.29,381.28,1.0,,0.0
LocateAnything 3B,mtsd-p11,back of a traffic sign,grp8_3e16c892-IMG_0188.JPG,4832.35,2240.53,5220.77,2347.63,1.0,,0.0
LocateAnything 3B,mtsd-p11,back of a traffic sign,grp8_3e16c892-IMG_0188.JPG,4889.47,741.13,5534.93,1075.28,1.0,,0.0
LocateAnything 3B,mtsd-p11,back of a traffic sign,grp8_3e16c892-IMG_0188.JPG,5026.56,2454.73,5597.76,2583.25,1.0,,0.0
LocateAnything 3B,mtsd-p11,back of a traffic sign,grp8_3e16c892-IMG_0188.JPG,5077.97,1225.22,5706.29,1456.56,1.0,,0.0
LocateAnything 3B,mtsd-p11,back of a traffic sign,grp8_3e16c892-IMG_0188.JPG,5180.78,2647.51,5534.93,2746.04,1.0,,0.0
LocateAnything 3B,mtsd-p11,back of a traffic sign,grp8_3e16c892-IMG_0188.JPG,5306.45,1610.78,5706.29,1786.43,1.0,,0.0
LocateAnything 3B,mtsd-p11,back of a traffic sign,grp8_3e16c892-IMG_0188.JPG,5357.86,2823.16,5677.73,2938.82,1.0,,0.0
LocateAnything 3B,mtsd-p11,back of a traffic sign,grp8_3e16c892-IMG_0188.JPG,5494.94,2990.23,5706.29,3067.34,1.0,,0.0
LocateAnything 3B,mtsd-p11,back of a traffic sign,grp8_3e16c892-IMG_0188.JPG,5592.05,2990.23,5706.29,3058.78,1.0,,0.0
LocateAnything 3B,mtsd-p11,back of a traffic sign,grp8_41de0558-Side.jpg,0.0,0.0,2301.7,4091.9,1.0,,0.1617
LocateAnything 3B,mtsd-p11,back of a traffic sign,grp8_41de0558-Side.jpg,898.56,446.46,1704.96,2351.1,1.0,Blind-Spot Mirror (Convex Mirror),0.9743
LocateAnything 3B,mtsd-p11,back of a traffic sign,grp8_4682619f-back.jpg,2104.7,746.93,2673.22,1823.47,1.0,,0.0
LocateAnything 3B,mtsd-p11,back of a traffic sign,grp8_4682619f-back.jpg,2907.07,2788.13,3024.0,3017.95,1.0,,0.0
LocateAnything 3B,mtsd-p11,back of a traffic sign,grp8_4682619f-back.jpg,3334.46,2878.85,3423.17,2975.62,1.0,,0.0
LocateAnything 3B,mtsd-p11,back of a traffic sign,grp8_4682619f-back.jpg,3499.78,2788.13,3548.16,2915.14,1.0,,0.0
LocateAnything 3B,mtsd-p11,back of a traffic sign,grp8_4682619f-back.jpg,3576.38,2788.13,3612.67,2836.51,1.0,,0.0
LocateAnything 3B,mtsd-p11,back of a traffic sign,grp8_4682619f-back.jpg,3717.5,2788.13,3769.92,2836.51,1.0,,0.0
LocateAnything 3B,mtsd-p11,back of a traffic sign,grp8_4682619f-back.jpg,3786.05,2788.13,4027.97,2836.51,1.0,,0.0
LocateAnything 3B,mtsd-p11,back of a traffic sign,grp8_4802289d-side.jpg,0.0,0.0,2997.0,3204.0,1.0,,0.0414
LocateAnything 3B,mtsd-p11,back of a traffic sign,grp8_4c496fb4-side.jpg,721.15,1269.76,976.9,2301.95,1.0,Pedestrian Crossing,0.9294
LocateAnything 3B,mtsd-p11,back of a traffic sign,grp8_4c496fb4-side.jpg,1668.1,2797.57,1737.22,2953.22,1.0,,0.0
LocateAnything 3B,mtsd-p11,back of a traffic sign,grp8_4c496fb4-side.jpg,1698.05,2801.66,1732.61,2953.22,1.0,,0.0
LocateAnything 3B,mtsd-p11,back of a traffic sign,grp8_4c496fb4-side.jpg,1716.48,2801.66,1732.61,2953.22,1.0,,0.0
LocateAnything 3B,mtsd-p11,back of a traffic sign,grp8_4c496fb4-side.jpg,1725.7,2801.66,1732.61,2953.22,1.0,,0.0
LocateAnything 3B,mtsd-p11,back of a traffic sign,grp8_4c496fb4-side.jpg,1730.3,2801.66,1732.61,2953.22,1.0,,0.0
LocateAnything 3B,mtsd-p11,back of a traffic sign,grp8_4c496fb4-side.jpg,868.61,1325.06,2304.0,4096.0,1.0,,0.0236
LocateAnything 3B,mtsd-p11,back of a traffic sign,grp8_4fe75feb-IMG_0243.JPG,862.51,766.84,3467.18,3354.37,1.0,,0.0
LocateAnything 3B,mtsd-p11,back of a traffic sign,grp8_4fe75feb-IMG_0243.JPG,4918.03,3787.06,5180.78,4078.37,1.0,,0.0
LocateAnything 3B,mtsd-p11,back of a traffic sign,grp8_4fe75feb-IMG_0243.JPG,5203.63,3859.88,5437.82,4095.5,1.0,,0.0
LocateAnything 3B,mtsd-p11,back of a traffic sign,grp8_4fe75feb-IMG_0243.JPG,5552.06,1002.46,5706.29,1135.26,1.0,,0.0
LocateAnything 3B,mtsd-p11,back of a traffic sign,grp8_4fe75feb-IMG_0243.JPG,5563.49,2171.99,5632.03,2283.37,1.0,,0.0
LocateAnything 3B,mtsd-p11,back of a traffic sign,grp8_4fe75feb-IMG_0243.JPG,5574.91,0.0,5706.29,98.53,1.0,,0.0
LocateAnything 3B,mtsd-p11,back of a traffic sign,grp8_4fe75feb-IMG_0243.JPG,5580.62,0.0,5706.29,244.19,1.0,,0.0
LocateAnything 3B,mtsd-p11,back of a traffic sign,grp8_5043579c-side.jpg,0.0,664.0,2997.0,4000.0,1.0,,0.0857
LocateAnything 3B,mtsd-p11,back of a traffic sign,grp8_562e48f6-front.jpg,1427.33,934.42,2572.42,1684.37,1.0,No Through Road (T-Junction),0.9792
LocateAnything 3B,mtsd-p11,back of a traffic sign,grp8_562e48f6-front.jpg,1959.55,1684.37,2640.96,2788.13,1.0,,0.0014
LocateAnything 3B,mtsd-p11,back of a traffic sign,grp8_58621eda-IMG_0203.JPG,1428.0,1152.4,3787.06,2767.46,1.0,Pedestrian Crossing,0.6016
LocateAnything 3B,mtsd-p11,back of a traffic sign,grp8_59dbbf2e-side.jpg,532.22,2682.29,608.83,2788.13,1.0,Street Sign,0.863
LocateAnything 3B,mtsd-p11,back of a traffic sign,grp8_5abf970a-side.jpg,0.0,0.0,4027.97,3017.95,1.0,,0.045
LocateAnything 3B,mtsd-p11,back of a traffic sign,grp8_5f257ae9-IMG_0112.jpg,2090.59,1616.5,2557.55,5706.29,1.0,,0.0
LocateAnything 3B,mtsd-p11,back of a traffic sign,grp8_5f257ae9-IMG_0112.jpg,2536.13,3627.12,2788.88,5666.3,1.0,,0.0
LocateAnything 3B,mtsd-p11,back of a traffic sign,grp8_5f257ae9-IMG_0112.jpg,2566.12,5049.41,2797.45,5340.72,1.0,,0.0
LocateAnything 3B,mtsd-p11,back of a traffic sign,grp8_646a4174-side.jpg,0.0,0.0,2997.0,3996.0,1.0,,0.1351
LocateAnything 3B,mtsd-p11,back of a traffic sign,grp8_6b72502b-back.jpg,626.69,3088.38,1043.71,4091.9,1.0,,0.0
LocateAnything 3B,mtsd-p11,back of a traffic sign,grp8_6b72502b-back.jpg,1158.91,3096.58,1398.53,3743.74,1.0,,0.0
LocateAnything 3B,mtsd-p11,back of a traffic sign,grp8_6b72502b-back.jpg,1161.22,3555.33,1456.13,4091.9,1.0,,0.0
LocateAnything 3B,mtsd-p11,back of a traffic sign,grp8_6b72502b-back.jpg,1375.49,3018.75,1718.78,3465.22,1.0,,0.0
LocateAnything 3B,mtsd-p11,back of a traffic sign,grp8_6b72502b-back.jpg,1380.1,3526.66,1552.9,4091.9,1.0,,0.0
LocateAnything 3B,mtsd-p11,back of a traffic sign,grp8_6b72502b-back.jpg,1451.52,3375.1,1755.65,4091.9,1.0,,0.0
LocateAnything 3B,mtsd-p11,back of a traffic sign,grp8_6b72502b-back.jpg,1663.49,3280.9,1857.02,4091.9,1.0,,0.0
LocateAnything 3B,mtsd-p11,back of a traffic sign,grp8_6b72502b-back.jpg,1866.24,3670.02,1880.06,4091.9,1.0,,0.0
LocateAnything 3B,mtsd-p11,back of a traffic sign,grp8_6b72502b-back.jpg,1870.85,3346.43,2009.09,3543.04,1.0,,0.0
LocateAnything 3B,mtsd-p11,back of a traffic sign,grp8_6b72502b-back.jpg,1889.28,3604.48,2032.13,3817.47,1.0,,0.0
LocateAnything 3B,mtsd-p11,back of a traffic sign,grp8_6b72502b-back.jpg,1898.5,3526.66,2011.39,3633.15,1.0,,0.0
LocateAnything 3B,mtsd-p11,back of a traffic sign,grp8_6b72502b-back.jpg,1916.93,3039.23,2036.74,3121.15,1.0,,0.0
LocateAnything 3B,mtsd-p11,back of a traffic sign,grp8_6b72502b-back.jpg,1921.54,2916.35,2124.29,3121.15,1.0,,0.0
LocateAnything 3B,mtsd-p11,back of a traffic sign,grp8_70a9ea7f-side.jpg,0.0,0.0,2997.0,3996.0,1.0,,0.0607
LocateAnything 3B,mtsd-p11,back of a traffic sign,grp8_73e17aa1-back.jpg,1850.69,1149.12,2419.2,1678.32,1.0,Blind-Spot Mirror (Convex Mirror),0.9516
LocateAnything 3B,mtsd-p11,back of a traffic sign,grp8_73e17aa1-back.jpg,2120.83,1155.17,2415.17,1666.22,1.0,,0.4983
LocateAnything 3B,mtsd-p11,back of a traffic sign,grp8_7cc436b9-Back.jpg,663.55,2158.59,744.19,2211.84,1.0,,0.0
LocateAnything 3B,mtsd-p11,back of a traffic sign,grp8_7cc436b9-Back.jpg,787.97,2162.69,857.09,2211.84,1.0,,0.0
LocateAnything 3B,mtsd-p11,back of a traffic sign,grp8_7cc436b9-Back.jpg,1103.62,2142.21,1154.3,2203.65,1.0,,0.0
LocateAnything 3B,mtsd-p11,back of a traffic sign,grp8_7cc436b9-Back.jpg,1347.84,2150.4,1407.74,2203.65,1.0,,0.0
LocateAnything 3B,mtsd-p11,back of a traffic sign,grp8_7cc436b9-Back.jpg,1518.34,2170.88,1575.94,2203.65,1.0,,0.0
LocateAnything 3B,mtsd-p11,back of a traffic sign,grp8_7cc436b9-Back.jpg,1612.8,2166.78,1668.1,2203.65,1.0,,0.0
LocateAnything 3B,mtsd-p11,back of a traffic sign,grp8_7cc436b9-Back.jpg,1714.18,2678.78,1751.04,2707.46,1.0,,0.0
LocateAnything 3B,mtsd-p11,back of a traffic sign,grp8_838e07cd-IMG_0097.jpg,1135.26,3558.58,1358.03,4146.91,1.0,,0.0
LocateAnything 3B,mtsd-p11,back of a traffic sign,grp8_838e07cd-IMG_0097.jpg,2823.16,3410.06,3101.62,4026.96,1.0,,0.0
LocateAnything 3B,mtsd-p11,back of a traffic sign,grp8_87d39243-IMG_0210.JPG,1953.5,1100.99,3632.83,3187.3,1.0,,0.0
LocateAnything 3B,mtsd-p11,back of a traffic sign,grp8_87d39243-IMG_0210.JPG,4409.66,0.0,5706.29,2698.92,1.0,,0.0
LocateAnything 3B,mtsd-p11,back of a traffic sign,grp8_87d39243-IMG_0210.JPG,5180.78,2677.5,5706.29,2977.38,1.0,,0.0
LocateAnything 3B,mtsd-p11,back of a traffic sign,grp8_87d39243-IMG_0210.JPG,5203.63,886.79,5552.06,1366.6,1.0,,0.0
LocateAnything 3B,mtsd-p11,back of a traffic sign,grp8_87d39243-IMG_0210.JPG,5534.93,569.77,5712.0,1426.57,1.0,,0.0
LocateAnything 3B,mtsd-p11,back of a traffic sign,grp8_87d39243-IMG_0210.JPG,5557.78,2437.6,5712.0,2506.14,1.0,,0.0
LocateAnything 3B,mtsd-p11,back of a traffic sign,grp8_87d39243-IMG_0210.JPG,5580.62,2437.6,5712.0,2476.15,1.0,,0.0
LocateAnything 3B,mtsd-p11,back of a traffic sign,grp8_87d39243-IMG_0210.JPG,5649.17,2437.6,5712.0,2476.15,1.0,,0.0
LocateAnything 3B,mtsd-p11,back of a traffic sign,grp8_8bd74996-side.jpg,1882.94,952.56,2169.22,1811.38,1.0,No Entry (One Way),0.9745
LocateAnything 3B,mtsd-p11,back of a traffic sign,grp8_8bd74996-side.jpg,2447.42,2588.54,2511.94,2624.83,1.0,,0.0
LocateAnything 3B,mtsd-p11,back of a traffic sign,grp8_8bd74996-side.jpg,2520.0,2585.52,2616.77,2621.81,1.0,,0.0
LocateAnything 3B,mtsd-p11,back of a traffic sign,grp8_8dc5354c-IMG_0141.JPG,1399.44,1152.4,2998.8,3110.18,1.0,,0.3337
LocateAnything 3B,mtsd-p11,back of a traffic sign,grp8_8dc5354c-IMG_0141.JPG,1902.1,2056.32,2313.36,2998.8,1.0,,0.023
LocateAnything 3B,mtsd-p11,back of a traffic sign,grp8_8dc5354c-IMG_0141.JPG,1913.52,1255.21,2273.38,2990.23,1.0,,0.1067
LocateAnything 3B,mtsd-p11,back of a traffic sign,grp8_8edb630b-IMG_0208.JPG,1890.67,1118.12,3381.5,3033.07,1.0,,0.4165
LocateAnything 3B,mtsd-p11,back of a traffic sign,grp8_8edb630b-IMG_0208.JPG,3135.89,3825.61,3421.49,4026.96,1.0,,0.0
LocateAnything 3B,mtsd-p11,back of a traffic sign,grp8_8edb630b-IMG_0208.JPG,3718.51,3324.38,3918.43,3431.48,1.0,,0.0
LocateAnything 3B,mtsd-p11,back of a traffic sign,grp8_8edb630b-IMG_0208.JPG,3741.36,3624.26,5157.94,4275.43,1.0,,0.0
LocateAnything 3B,mtsd-p11,back of a traffic sign,grp8_8edb630b-IMG_0208.JPG,4569.6,2600.39,5523.5,2990.23,1.0,,0.0
LocateAnything 3B,mtsd-p11,back of a traffic sign,grp8_8edb630b-IMG_0208.JPG,4626.72,2206.26,5066.54,2334.78,1.0,,0.0
LocateAnything 3B,mtsd-p11,back of a traffic sign,grp8_8edb630b-IMG_0208.JPG,4803.79,1713.6,5266.46,1803.56,1.0,,0.0
LocateAnything 3B,mtsd-p11,back of a traffic sign,grp8_8edb630b-IMG_0208.JPG,5146.51,1567.94,5437.82,1679.33,1.0,,0.0
LocateAnything 3B,mtsd-p11,back of a traffic sign,grp8_8edb630b-IMG_0208.JPG,5409.26,1263.78,5706.29,1392.3,1.0,,0.0
LocateAnything 3B,mtsd-p11,back of a traffic sign,grp8_8edb630b-IMG_0208.JPG,5586.34,1152.4,5706.29,1233.79,1.0,,0.0
LocateAnything 3B,mtsd-p11,back of a traffic sign,grp8_8edb630b-IMG_0208.JPG,5603.47,1559.38,5706.29,1687.9,1.0,,0.0
LocateAnything 3B,mtsd-p11,back of a traffic sign,grp8_8ff667a0-IMG_0209.JPG,1702.18,1782.14,3752.78,2788.88,1.0,,0.4846
LocateAnything 3B,mtsd-p11,back of a traffic sign,grp8_8ff667a0-IMG_0209.JPG,3707.09,1195.24,3986.98,1400.87,1.0,,0.0
LocateAnything 3B,mtsd-p11,back of a traffic sign,grp8_8ff667a0-IMG_0209.JPG,3986.98,2737.48,4329.7,2990.23,1.0,,0.0
LocateAnything 3B,mtsd-p11,back of a traffic sign,grp8_8ff667a0-IMG_0209.JPG,3998.4,269.89,4169.76,466.96,1.0,,0.0
LocateAnything 3B,mtsd-p11,back of a traffic sign,grp8_8ff667a0-IMG_0209.JPG,4352.54,381.28,5706.29,1298.05,1.0,,0.0
LocateAnything 3B,mtsd-p11,back of a traffic sign,grp8_8ff667a0-IMG_0209.JPG,5506.37,1456.56,5712.0,1795.0,1.0,,0.0
LocateAnything 3B,mtsd-p11,back of a traffic sign,grp8_8ff667a0-IMG_0209.JPG,5534.93,2437.6,5614.9,2489.0,1.0,,0.0
LocateAnything 3B,mtsd-p11,back of a traffic sign,grp8_8ff667a0-IMG_0209.JPG,5540.64,2450.45,5712.0,2506.14,1.0,,0.0
LocateAnything 3B,mtsd-p11,back of a traffic sign,grp8_8ff667a0-IMG_0209.JPG,5546.35,2450.45,5712.0,2476.15,1.0,,0.0
LocateAnything 3B,mtsd-p11,back of a traffic sign,grp8_8ff667a0-IMG_0209.JPG,5632.03,2450.45,5712.0,2476.15,1.0,,0.0
LocateAnything 3B,mtsd-p11,back of a traffic sign,grp8_8ff667a0-IMG_0209.JPG,5677.73,2450.45,5712.0,2476.15,1.0,,0.0
LocateAnything 3B,mtsd-p11,back of a traffic sign,grp8_9a101d8f-side.jpg,1290.0,404.0,1716.0,2208.0,1.0,Stop Sign,0.9722
LocateAnything 3B,mtsd-p11,back of a traffic sign,grp8_9a101d8f-side.jpg,1359.0,2968.0,2997.0,3876.0,1.0,,0.0
LocateAnything 3B,mtsd-p11,back of a traffic sign,grp8_9a101d8f-side.jpg,1833.0,1312.0,2997.0,3444.0,1.0,,0.0031
LocateAnything 3B,mtsd-p11,back of a traffic sign,grp8_9a101d8f-side.jpg,2346.0,3596.0,2997.0,4000.0,1.0,,0.0
LocateAnything 3B,mtsd-p11,back of a traffic sign,grp8_9a101d8f-side.jpg,2604.0,3016.0,2997.0,3424.0,1.0,,0.0
LocateAnything 3B,mtsd-p11,back of a traffic sign,grp8_a27e76cc-back.jpg,1449.0,1476.0,1614.0,3996.0,1.0,,0.0
LocateAnything 3B,mtsd-p11,back of a traffic sign,grp8_a27e76cc-back.jpg,1989.0,2672.0,2325.0,3204.0,1.0,,0.0
LocateAnything 3B,mtsd-p11,back of a traffic sign,grp8_a27e76cc-back.jpg,2703.0,2400.0,3000.0,3180.0,1.0,,0.0
LocateAnything 3B,mtsd-p11,back of a traffic sign,grp8_a27e76cc-back.jpg,2856.0,2500.0,3000.0,3176.0,1.0,,0.0
LocateAnything 3B,mtsd-p11,back of a traffic sign,grp8_a27e76cc-back.jpg,2931.0,2500.0,3000.0,3176.0,1.0,,0.0
LocateAnything 3B,mtsd-p11,back of a traffic sign,grp8_a27e76cc-back.jpg,2967.0,2500.0,3000.0,3176.0,1.0,,0.0
LocateAnything 3B,mtsd-p11,back of a traffic sign,grp8_aa3bff09-side.jpg,0.0,0.0,2301.7,4091.9,1.0,,0.0377
LocateAnything 3B,mtsd-p11,back of a traffic sign,grp8_aa3bff09-side.jpg,1020.67,1040.38,1363.97,2043.9,1.0,Stop Sign,0.9676
LocateAnything 3B,mtsd-p11,back of a traffic sign,grp8_aa3bff09-side.jpg,1382.4,1499.14,2045.95,1904.64,1.0,Street Sign,0.9196
LocateAnything 3B,mtsd-p11,back of a traffic sign,grp8_aa3bff09-side.jpg,1857.02,757.76,2105.86,1024.0,1.0,,0.0
LocateAnything 3B,mtsd-p11,back of a traffic sign,grp8_aa3bff09-side.jpg,2221.06,1077.25,2301.7,1363.97,1.0,,0.0
LocateAnything 3B,mtsd-p11,back of a traffic sign,grp8_aa3bff09-side.jpg,2223.36,0.0,2301.7,233.47,1.0,,0.0
LocateAnything 3B,mtsd-p11,back of a traffic sign,grp8_aa3bff09-side.jpg,2264.83,0.0,2301.7,233.47,1.0,,0.0
LocateAnything 3B,mtsd-p11,back of a traffic sign,grp8_aa3bff09-side.jpg,2283.26,0.0,2301.7,233.47,1.0,,0.0
LocateAnything 3B,mtsd-p11,back of a traffic sign,grp8_aa3bff09-side.jpg,2294.78,0.0,2301.7,233.47,1.0,,0.0
LocateAnything 3B,mtsd-p11,back of a traffic sign,grp8_aafe9a1b-front.jpg,1098.0,780.0,2058.0,1716.0,1.0,Stop Sign,0.9936
LocateAnything 3B,mtsd-p11,back of a traffic sign,grp8_ad4861cb-back.jpg,1991.81,1654.13,2116.8,2449.44,1.0,,0.0
LocateAnything 3B,mtsd-p11,back of a traffic sign,grp8_ad4861cb-back.jpg,1995.84,876.96,2120.83,3017.95,1.0,,0.0
LocateAnything 3B,mtsd-p11,back of a traffic sign,grp8_ad4861cb-back.jpg,2056.32,922.32,2128.9,3017.95,1.0,,0.0
LocateAnything 3B,mtsd-p11,back of a traffic sign,grp8_ad4861cb-back.jpg,2092.61,922.32,2128.9,3017.95,1.0,,0.0
LocateAnything 3B,mtsd-p11,back of a traffic sign,grp8_ad4861cb-back.jpg,2112.77,922.32,2128.9,3017.95,1.0,,0.0
LocateAnything 3B,mtsd-p11,back of a traffic sign,grp8_ad4861cb-back.jpg,2124.86,922.32,2128.9,3017.95,1.0,,0.0
LocateAnything 3B,mtsd-p11,back of a traffic sign,grp8_aeadaf7d-Side.jpg,760.32,716.8,1437.7,2179.07,1.0,No Entry (One Way),0.9797
LocateAnything 3B,mtsd-p11,back of a traffic sign,grp8_aeadaf7d-Side.jpg,873.22,2052.1,1108.22,4096.0,1.0,,0.0199
LocateAnything 3B,mtsd-p11,back of a traffic sign,grp8_aeadaf7d-Side.jpg,0.0,663.55,993.02,4096.0,1.0,,0.0864
LocateAnything 3B,mtsd-p11,back of a traffic sign,grp8_aec35ad8-back.jpg,1794.24,0.0,2040.19,130.03,1.0,,0.0
LocateAnything 3B,mtsd-p11,back of a traffic sign,grp8_aec35ad8-back.jpg,1798.27,541.3,2052.29,635.04,1.0,,0.0
LocateAnything 3B,mtsd-p11,back of a traffic sign,grp8_aec35ad8-back.jpg,1802.3,946.51,2060.35,1034.21,1.0,,0.0
LocateAnything 3B,mtsd-p11,back of a traffic sign,grp8_aec35ad8-back.jpg,1806.34,1648.08,2096.64,1769.04,1.0,,0.0
LocateAnything 3B,mtsd-p11,back of a traffic sign,grp8_aec35ad8-back.jpg,1810.37,1917.22,2112.77,2050.27,1.0,,0.0
LocateAnything 3B,mtsd-p11,back of a traffic sign,grp8_aec35ad8-back.jpg,1814.4,2261.95,2124.86,2401.06,1.0,,0.0
LocateAnything 3B,mtsd-p11,back of a traffic sign,grp8_b1123daa-front.jpg,0.0,0.0,2301.7,4091.9,1.0,,0.1304
LocateAnything 3B,mtsd-p11,back of a traffic sign,grp8_b6ae6e3d-back.jpg,1134.0,2976.0,1206.0,3140.0,1.0,,0.4407
LocateAnything 3B,mtsd-p11,back of a traffic sign,grp8_c01f5341-IMG_0123.jpg,1670.76,4592.45,1816.42,4918.03,1.0,No Entry (One Way),0.8407
LocateAnything 3B,mtsd-p11,back of a traffic sign,grp8_c01f5341-IMG_0123.jpg,1812.13,948.19,2814.59,2953.1,1.0,No Entry (One Way),0.9916
LocateAnything 3B,mtsd-p11,back of a traffic sign,grp8_c01f5341-IMG_0123.jpg,2476.15,4655.28,2698.92,5100.82,1.0,,0.0
LocateAnything 3B,mtsd-p11,back of a traffic sign,grp8_c01f5341-IMG_0123.jpg,2480.44,3621.41,2694.64,3907.01,1.0,,0.0
LocateAnything 3B,mtsd-p11,back of a traffic sign,grp8_c01f5341-IMG_0123.jpg,2716.06,3661.39,2887.42,3941.28,1.0,,0.0
LocateAnything 3B,mtsd-p11,back of a traffic sign,grp8_c01f5341-IMG_0123.jpg,2720.34,4695.26,2947.39,5077.97,1.0,,0.0
LocateAnything 3B,mtsd-p11,back of a traffic sign,grp8_c89fb86b-IMG_0117.jpg,0.0,0.0,4279.72,5712.0,1.0,,0.0516
LocateAnything 3B,mtsd-p11,back of a traffic sign,grp8_c96fcc1a-IMG_0217.JPG,0.0,0.0,5706.29,4284.0,1.0,,0.0607
LocateAnything 3B,mtsd-p11,back of a traffic sign,grp8_d8e91d56-side.jpg,3471.55,2180.3,3745.73,2615.76,1.0,No Entry (One Way),0.5707
LocateAnything 3B,mtsd-p11,back of a traffic sign,grp8_d8e91d56-side.jpg,3487.68,2180.3,3600.58,2437.34,1.0,No Entry (One Way),0.8766
LocateAnything 3B,mtsd-p11,back of a traffic sign,grp8_d8e91d56-side.jpg,3511.87,2180.3,3741.7,2437.34,1.0,,0.3061
LocateAnything 3B,mtsd-p11,back of a traffic sign,grp8_dd88f02c-IMG_0092.jpg,1670.76,1570.8,2737.48,3672.82,1.0,No Entry (One Way),0.9783
LocateAnything 3B,mtsd-p11,back of a traffic sign,grp8_dd88f02c-IMG_0092.jpg,1705.03,1902.1,2587.54,3147.31,1.0,,0.4912
LocateAnything 3B,mtsd-p11,back of a traffic sign,grp8_ea4926f3-side.jpg,0.0,2508.0,189.0,2736.0,1.0,,0.0
LocateAnything 3B,mtsd-p11,back of a traffic sign,grp8_ea4926f3-side.jpg,0.0,2944.0,381.0,3192.0,1.0,,0.0
LocateAnything 3B,mtsd-p11,back of a traffic sign,grp8_ea4926f3-side.jpg,0.0,3176.0,201.0,3444.0,1.0,,0.0
LocateAnything 3B,mtsd-p11,back of a traffic sign,grp8_ea4926f3-side.jpg,0.0,3716.0,69.0,3996.0,1.0,,0.0
LocateAnything 3B,mtsd-p11,back of a traffic sign,grp8_ea4926f3-side.jpg,0.0,2140.0,366.0,2368.0,1.0,,0.0
LocateAnything 3B,mtsd-p11,back of a traffic sign,grp8_ea4926f3-side.jpg,0.0,2716.0,285.0,2960.0,1.0,,0.0
LocateAnything 3B,mtsd-p11,back of a traffic sign,grp8_ea4926f3-side.jpg,0.0,2312.0,360.0,2552.0,1.0,,0.0
LocateAnything 3B,mtsd-p11,back of a traffic sign,grp8_ea4926f3-side.jpg,0.0,1820.0,453.0,2044.0,1.0,,0.0
LocateAnything 3B,mtsd-p11,back of a traffic sign,grp8_ea4926f3-side.jpg,0.0,1968.0,471.0,2208.0,1.0,,0.0
LocateAnything 3B,mtsd-p11,back of a traffic sign,grp8_ea4926f3-side.jpg,0.0,3444.0,75.0,3716.0,1.0,,0.0
LocateAnything 3B,mtsd-p11,back of a traffic sign,grp8_ea4926f3-side.jpg,36.0,3716.0,621.0,4000.0,1.0,,0.0
LocateAnything 3B,mtsd-p11,back of a traffic sign,grp8_ea4926f3-side.jpg,39.0,3444.0,633.0,3728.0,1.0,,0.0
LocateAnything 3B,mtsd-p11,back of a traffic sign,grp8_ea4926f3-side.jpg,45.0,2536.0,399.0,2744.0,1.0,,0.0
LocateAnything 3B,mtsd-p11,back of a traffic sign,grp8_ea4926f3-side.jpg,45.0,1684.0,399.0,1868.0,1.0,,0.0
LocateAnything 3B,mtsd-p11,back of a traffic sign,grp8_ea4926f3-side.jpg,153.0,3192.0,678.0,3472.0,1.0,,0.0
LocateAnything 3B,mtsd-p11,back of a traffic sign,grp8_ea4926f3-side.jpg,156.0,2744.0,744.0,3000.0,1.0,,0.0
LocateAnything 3B,mtsd-p11,back of a traffic sign,grp8_ea4926f3-side.jpg,159.0,2536.0,777.0,2792.0,1.0,,0.0
LocateAnything 3B,mtsd-p11,back of a traffic sign,grp8_ea4926f3-side.jpg,159.0,2180.0,366.0,2364.0,1.0,,0.0
LocateAnything 3B,mtsd-p11,back of a traffic sign,grp8_ebf4ab1a-IMG_0198.JPG,1833.55,1533.67,5706.29,2099.16,1.0,,0.0
LocateAnything 3B,mtsd-p11,back of a traffic sign,grp8_ebf4ab1a-IMG_0198.JPG,3301.54,3932.71,5706.29,4284.0,1.0,,0.0
LocateAnything 3B,mtsd-p11,back of a traffic sign,grp8_ebf4ab1a-IMG_0198.JPG,5494.94,3769.92,5706.29,3932.71,1.0,,0.0
LocateAnything 3B,mtsd-p11,back of a traffic sign,grp8_ebf4ab1a-IMG_0198.JPG,5597.76,2399.04,5706.29,2476.15,1.0,,0.0
LocateAnything 3B,mtsd-p11,back of a traffic sign,grp8_ebf4ab1a-IMG_0198.JPG,5603.47,2206.26,5706.29,2261.95,1.0,,0.0
LocateAnything 3B,mtsd-p11,back of a traffic sign,grp8_ebf4ab1a-IMG_0198.JPG,5609.18,1212.37,5706.29,1255.21,1.0,,0.0
LocateAnything 3B,mtsd-p11,back of a traffic sign,grp8_ebf4ab1a-IMG_0198.JPG,5614.9,1006.74,5706.29,1049.58,1.0,,0.0
LocateAnything 3B,mtsd-p11,back of a traffic sign,grp8_ebf4ab1a-IMG_0198.JPG,5614.9,1383.73,5706.29,1426.57,1.0,,0.0
LocateAnything 3B,mtsd-p11,back of a traffic sign,grp8_ebf4ab1a-IMG_0198.JPG,5620.61,0.0,5706.29,64.26,1.0,,0.0
LocateAnything 3B,mtsd-p11,back of a traffic sign,grp8_edb6fab3-IMG_0189.JPG,2102.02,976.75,4426.8,3602.84,1.0,,0.4879
LocateAnything 3B,mtsd-p11,back of a traffic sign,grp8_edb6fab3-IMG_0189.JPG,3421.49,968.18,4603.87,3247.27,1.0,,0.2292
LocateAnything 3B,mtsd-p11,back of a traffic sign,grp8_edb6fab3-IMG_0189.JPG,4409.66,2043.47,5706.29,2364.77,1.0,,0.0
LocateAnything 3B,mtsd-p11,back of a traffic sign,grp8_edb6fab3-IMG_0189.JPG,5523.5,3332.95,5597.76,3418.63,1.0,,0.0
LocateAnything 3B,mtsd-p11,back of a traffic sign,grp8_edb6fab3-IMG_0189.JPG,5529.22,3577.14,5706.29,3624.26,1.0,,0.0
LocateAnything 3B,mtsd-p11,back of a traffic sign,grp8_edb6fab3-IMG_0189.JPG,5609.18,3564.29,5706.29,3624.26,1.0,,0.0
LocateAnything 3B,mtsd-p11,back of a traffic sign,grp8_edb6fab3-IMG_0189.JPG,5660.59,3564.29,5706.29,3624.26,1.0,,0.0
LocateAnything 3B,mtsd-p11,back of a traffic sign,grp8_edb6fab3-IMG_0189.JPG,5683.44,3564.29,5706.29,3624.26,1.0,,0.0
LocateAnything 3B,mtsd-p11,back of a traffic sign,grp8_f3e45a2c-front.jpg,1004.54,1486.85,1490.69,2215.94,1.0,Stop Sign,0.9812
LocateAnything 3B,mtsd-p11,back of a traffic sign,grp8_f3e45a2c-front.jpg,1013.76,2211.84,1838.59,2715.65,1.0,,0.0017
LocateAnything 3B,mtsd-p11,back of a traffic sign,grp8_f3e45a2c-front.jpg,1016.06,1355.78,1741.82,1724.42,1.0,,0.2278
LocateAnything 3B,mtsd-p11,back of a traffic sign,grp8_f3e45a2c-front.jpg,1018.37,1855.49,1785.6,2191.36,1.0,,0.3501
LocateAnything 3B,mtsd-p11,back of a traffic sign,grp8_f3e45a2c-front.jpg,1025.28,2809.86,1281.02,3338.24,1.0,,0.0
LocateAnything 3B,mtsd-p11,back of a traffic sign,grp8_f3e45a2c-front.jpg,1027.58,1265.66,1398.53,1507.33,1.0,,0.0222
LocateAnything 3B,mtsd-p11,back of a traffic sign,grp8_f3e45a2c-front.jpg,1029.89,2211.84,1440.0,2580.48,1.0,,0.0022
LocateAnything 3B,mtsd-p11,back of a traffic sign,grp8_f3e45a2c-front.jpg,1032.19,1028.1,1513.73,1249.28,1.0,,0.0
LocateAnything 3B,mtsd-p11,back of a traffic sign,grp8_f3e45a2c-front.jpg,1032.19,2715.65,1681.92,3346.43,1.0,,0.0
LocateAnything 3B,mtsd-p11,back of a traffic sign,grp8_f3e45a2c-front.jpg,1032.19,0.0,2301.7,2052.1,1.0,,0.0968
LocateAnything 3B,mtsd-p11,back of a traffic sign,grp8_fc124a5b-Back.jpg,529.92,2318.34,1698.05,3018.75,1.0,Auxiliary Sign,0.9551
LocateAnything 3B,mtsd-p11,back of a traffic sign,grp8_fc124a5b-Back.jpg,762.62,32.77,1762.56,2351.1,1.0,,0.441
LocateAnything 3B,mtsd-p11,back of a traffic sign,grp8_fc124a5b-Back.jpg,767.23,1343.49,1762.56,2351.1,1.0,Blind-Spot Mirror (Convex Mirror),0.9809
LocateAnything 3B,mtsd-p11,back of a traffic sign,grp9_00e70ac4-IMG_20251111_140913.jpg,0.0,0.0,2997.0,3996.0,1.0,,0.0
LocateAnything 3B,mtsd-p11,back of a traffic sign,grp9_109ae844-20251122_134645.jpg,1257.0,2132.0,1422.0,2380.0,1.0,,0.0
LocateAnything 3B,mtsd-p11,back of a traffic sign,grp9_109ae844-20251122_134645.jpg,1329.0,2140.0,1419.0,2364.0,1.0,,0.0
LocateAnything 3B,mtsd-p11,back of a traffic sign,grp9_10b6edc4-IMG_20251112_160648.jpg,1138.32,1146.48,2649.96,2554.08,1.0,Blind-Spot Mirror (Convex Mirror),0.9926
LocateAnything 3B,mtsd-p11,back of a traffic sign,grp9_10b6edc4-IMG_20251112_160648.jpg,1380.06,3272.16,1542.24,3484.32,1.0,Stop Sign,0.9636
LocateAnything 3B,mtsd-p11,back of a traffic sign,grp9_10b6edc4-IMG_20251112_160648.jpg,1386.18,3312.96,1526.94,3419.04,1.0,,0.437
LocateAnything 3B,mtsd-p11,back of a traffic sign,grp9_14b6af7e-IMG_20251106_142858.jpg,1079.23,984.0,4183.87,4054.08,1.0,Blind-Spot Mirror (Convex Mirror),0.9908
LocateAnything 3B,mtsd-p11,back of a traffic sign,grp9_1792c5c3-WhatsApp_Image_2026-01-03_at_18.45.37.jpeg,0.0,942.4,140.4,1388.8,1.0,,0.0
LocateAnything 3B,mtsd-p11,back of a traffic sign,grp9_1792c5c3-WhatsApp_Image_2026-01-03_at_18.45.37.jpeg,0.0,1203.2,193.2,1598.4,1.0,,0.0
LocateAnything 3B,mtsd-p11,back of a traffic sign,grp9_1792c5c3-WhatsApp_Image_2026-01-03_at_18.45.37.jpeg,0.0,0.0,1198.8,1598.4,1.0,,0.0004
LocateAnything 3B,mtsd-p11,back of a traffic sign,grp9_1792c5c3-WhatsApp_Image_2026-01-03_at_18.45.37.jpeg,121.2,1112.0,1198.8,1600.0,1.0,,0.0014
LocateAnything 3B,mtsd-p11,back of a traffic sign,grp9_1792c5c3-WhatsApp_Image_2026-01-03_at_18.45.37.jpeg,486.0,801.6,861.6,1600.0,1.0,,0.0
LocateAnything 3B,mtsd-p11,back of a traffic sign,grp9_21d58e17-S3_back.jpg,99.0,1200.0,1251.0,2920.0,1.0,,0.0
LocateAnything 3B,mtsd-p11,back of a traffic sign,grp9_29bd496f-IMG_20251106_153126.jpg,1305.0,1472.0,1422.0,2220.0,1.0,No Entry (One Way),0.8335
LocateAnything 3B,mtsd-p11,back of a traffic sign,grp9_29bd496f-IMG_20251106_153126.jpg,1665.0,1052.0,1821.0,1232.0,1.0,,0.0
LocateAnything 3B,mtsd-p11,back of a traffic sign,grp9_29bd496f-IMG_20251106_153126.jpg,1755.0,1240.0,1869.0,1352.0,1.0,,0.0
LocateAnything 3B,mtsd-p11,back of a traffic sign,grp9_29bd496f-IMG_20251106_153126.jpg,1890.0,2248.0,1959.0,2368.0,1.0,,0.0
LocateAnything 3B,mtsd-p11,back of a traffic sign,grp9_29bd496f-IMG_20251106_153126.jpg,1893.0,2080.0,1965.0,2196.0,1.0,,0.0
LocateAnything 3B,mtsd-p11,back of a traffic sign,grp9_29bd496f-IMG_20251106_153126.jpg,919.5,1150.0,2878.5,3346.0,1.0,,0.0232
LocateAnything 3B,mtsd-p11,back of a traffic sign,grp9_2c12e74f-IMG_20251106_141727.jpg,1459.2,1509.84,1674.24,4032.96,1.0,,0.0997
LocateAnything 3B,mtsd-p11,back of a traffic sign,grp9_2c12e74f-IMG_20251106_141727.jpg,1548.29,1425.06,1661.95,2095.2,1.0,,0.4934
LocateAnything 3B,mtsd-p11,back of a traffic sign,grp9_3724af9d-IMG_20251106_144506.jpg,1050.0,1152.0,2394.0,2984.0,1.0,Blind-Spot Mirror (Convex Mirror),0.9866
LocateAnything 3B,mtsd-p11,back of a traffic sign,grp9_3724af9d-IMG_20251106_144506.jpg,1605.0,3308.0,1689.0,3444.0,1.0,,0.0
LocateAnything 3B,mtsd-p11,back of a traffic sign,grp9_3724af9d-IMG_20251106_144506.jpg,1683.0,3300.0,1785.0,3448.0,1.0,,0.0
LocateAnything 3B,mtsd-p11,back of a traffic sign,grp9_3724af9d-IMG_20251106_144506.jpg,1821.0,3308.0,1935.0,3480.0,1.0,,0.0
LocateAnything 3B,mtsd-p11,back of a traffic sign,grp9_3724af9d-IMG_20251106_144506.jpg,2157.0,3328.0,2226.0,3552.0,1.0,,0.0
LocateAnything 3B,mtsd-p11,back of a traffic sign,grp9_3724af9d-IMG_20251106_144506.jpg,2292.0,3848.0,2766.0,4000.0,1.0,,0.0
LocateAnything 3B,mtsd-p11,back of a traffic sign,grp9_3724af9d-IMG_20251106_144506.jpg,2907.0,2992.0,3000.0,3240.0,1.0,,0.0
LocateAnything 3B,mtsd-p11,back of a traffic sign,grp9_37f0c8a3-IMG_20251111_162207.jpg,1533.0,1828.0,1623.0,2412.0,1.0,Roundabout Ahead,0.9478
LocateAnything 3B,mtsd-p11,back of a traffic sign,grp9_37f0c8a3-IMG_20251111_162207.jpg,1878.0,2672.0,1965.0,2792.0,1.0,Directional Sign,0.8701
LocateAnything 3B,mtsd-p11,back of a traffic sign,grp9_37f0c8a3-IMG_20251111_162207.jpg,1917.0,2672.0,1959.0,2792.0,1.0,,0.4792
LocateAnything 3B,mtsd-p11,back of a traffic sign,grp9_37f0c8a3-IMG_20251111_162207.jpg,1941.0,2672.0,1959.0,2792.0,1.0,,0.2078
LocateAnything 3B,mtsd-p11,back of a traffic sign,grp9_37f0c8a3-IMG_20251111_162207.jpg,1953.0,2672.0,1959.0,2792.0,1.0,,0.0697
LocateAnything 3B,mtsd-p11,back of a traffic sign,grp9_37f0c8a3-IMG_20251111_162207.jpg,982.5,1276.0,2941.5,4000.0,1.0,,0.0093
LocateAnything 3B,mtsd-p11,back of a traffic sign,grp9_3cb31cc9-IMG_20251106_141426.jpg,648.19,81.94,2534.4,1581.44,1.0,Other-Unknown,0.9774
LocateAnything 3B,mtsd-p11,back of a traffic sign,grp9_3cb31cc9-IMG_20251106_141426.jpg,826.37,1540.47,2340.86,3003.1,1.0,Pedestrian Crossing,0.9919
LocateAnything 3B,mtsd-p11,back of a traffic sign,grp9_3cb31cc9-IMG_20251106_141426.jpg,2313.22,2454.1,2371.58,2552.43,1.0,,0.4711
LocateAnything 3B,mtsd-p11,back of a traffic sign,grp9_3cb31cc9-IMG_20251106_141426.jpg,2316.29,2454.1,2371.58,2503.27,1.0,Pedestrian Crossing,0.8164
LocateAnything 3B,mtsd-p11,back of a traffic sign,grp9_3cb31cc9-IMG_20251106_141426.jpg,2343.94,2454.1,2371.58,2503.27,1.0,,0.3846
LocateAnything 3B,mtsd-p11,back of a traffic sign,grp9_3cb31cc9-IMG_20251106_141426.jpg,2359.3,2454.1,2371.58,2503.27,1.0,,0.1448
LocateAnything 3B,mtsd-p11,back of a traffic sign,grp9_3cb31cc9-IMG_20251106_141426.jpg,2368.51,2454.1,2371.58,2503.27,1.0,,0.0009
LocateAnything 3B,mtsd-p11,back of a traffic sign,grp9_3cb31cc9-IMG_20251106_141426.jpg,1188.86,1202.47,3072.0,3705.74,1.0,,0.3201
LocateAnything 3B,mtsd-p11,back of a traffic sign,grp9_4319ca3a-WhatsApp_Image_2026-01-03_at_18.45.41.jpeg,672.0,536.0,769.2,881.6,1.0,Other-Unknown,0.9546
LocateAnything 3B,mtsd-p11,back of a traffic sign,grp9_44654df9-WhatsApp_Image_2026-01-03_at_18.45.36_3.jpeg,529.2,710.4,832.8,964.8,1.0,No Through Road (T-Junction),0.9809
LocateAnything 3B,mtsd-p11,back of a traffic sign,grp9_44654df9-WhatsApp_Image_2026-01-03_at_18.45.36_3.jpeg,531.6,737.6,738.0,784.0,1.0,,0.1249
LocateAnything 3B,mtsd-p11,back of a traffic sign,grp9_44654df9-WhatsApp_Image_2026-01-03_at_18.45.36_3.jpeg,598.8,776.0,706.8,931.2,1.0,,0.2186
LocateAnything 3B,mtsd-p11,back of a traffic sign,grp9_44654df9-WhatsApp_Image_2026-01-03_at_18.45.36_3.jpeg,606.0,737.6,706.8,784.0,1.0,,0.061
LocateAnything 3B,mtsd-p11,back of a traffic sign,grp9_48f9d230-IMG_20251112_155513.jpg,841.5,2647.92,933.3,2778.48,1.0,Other-Unknown,0.7
LocateAnything 3B,mtsd-p11,back of a traffic sign,grp9_48f9d230-IMG_20251112_155513.jpg,1790.1,2766.24,1869.66,2835.6,1.0,Directional Sign,0.7497
LocateAnything 3B,mtsd-p11,back of a traffic sign,grp9_48f9d230-IMG_20251112_155513.jpg,1802.34,2823.36,1857.42,2888.64,1.0,Auxiliary Sign,0.6745
LocateAnything 3B,mtsd-p11,back of a traffic sign,grp9_48f9d230-IMG_20251112_155513.jpg,1814.58,2680.56,1869.66,2778.48,1.0,Blind-Spot Mirror (Convex Mirror),0.7776
LocateAnything 3B,mtsd-p11,back of a traffic sign,grp9_4a9c7d83-IMG_20251111_143857.jpg,1389.0,2060.0,1821.0,2444.0,1.0,Other-Unknown,0.9634
LocateAnything 3B,mtsd-p11,back of a traffic sign,grp9_4a9c7d83-IMG_20251111_143857.jpg,1395.0,1656.0,1743.0,2080.0,1.0,Blind-Spot Mirror (Convex Mirror),0.9717
LocateAnything 3B,mtsd-p11,back of a traffic sign,grp9_4d9da647-IMG_20251112_160636.jpg,859.86,1439.89,1735.02,2296.48,1.0,Stop Sign,0.9884
LocateAnything 3B,mtsd-p11,back of a traffic sign,grp9_4d9da647-IMG_20251112_160636.jpg,865.98,1696.86,1630.98,2015.03,1.0,,0.3261
LocateAnything 3B,mtsd-p11,back of a traffic sign,grp9_4d9da647-IMG_20251112_160636.jpg,982.26,1709.1,1138.32,2006.87,1.0,,0.0623
LocateAnything 3B,mtsd-p11,back of a traffic sign,grp9_4d9da647-IMG_20251112_160636.jpg,1132.2,1700.94,1272.96,1994.63,1.0,,0.0554
LocateAnything 3B,mtsd-p11,back of a traffic sign,grp9_4d9da647-IMG_20251112_160636.jpg,1297.44,1700.94,1465.74,1990.55,1.0,,0.0653
LocateAnything 3B,mtsd-p11,back of a traffic sign,grp9_4d9da647-IMG_20251112_160636.jpg,1471.86,1700.94,1627.92,1982.39,1.0,,0.0588
LocateAnything 3B,mtsd-p11,back of a traffic sign,grp9_561ba1c4-IMG_20251111_162044.jpg,921.0,2652.0,1164.0,2832.0,1.0,,0.0
LocateAnything 3B,mtsd-p11,back of a traffic sign,grp9_561ba1c4-IMG_20251111_162044.jpg,1218.0,1852.0,1584.0,2220.0,1.0,Pedestrian Crossing,0.9557
LocateAnything 3B,mtsd-p11,back of a traffic sign,grp9_561ba1c4-IMG_20251111_162044.jpg,1881.0,2372.0,1986.0,2484.0,1.0,Other-Unknown,0.86
LocateAnything 3B,mtsd-p11,back of a traffic sign,grp9_561ba1c4-IMG_20251111_162044.jpg,1896.0,2472.0,1977.0,2564.0,1.0,Roundabout Ahead,0.8166
LocateAnything 3B,mtsd-p11,back of a traffic sign,grp9_561ba1c4-IMG_20251111_162044.jpg,2274.0,2596.0,2997.0,3808.0,1.0,,0.0
LocateAnything 3B,mtsd-p11,back of a traffic sign,grp9_58c8b920-IMG_20251106_153249.jpg,2107.39,606.21,2715.65,1343.49,1.0,,0.0
LocateAnything 3B,mtsd-p11,back of a traffic sign,grp9_58c8b920-IMG_20251106_153249.jpg,2162.69,2183.17,3068.93,2396.16,1.0,,0.0
LocateAnything 3B,mtsd-p11,back of a traffic sign,grp9_58c8b920-IMG_20251106_153249.jpg,2205.7,2568.19,3068.93,2760.7,1.0,,0.0
LocateAnything 3B,mtsd-p11,back of a traffic sign,grp9_58c8b920-IMG_20251106_153249.jpg,2617.34,1863.68,3068.93,2367.49,1.0,,0.0
LocateAnything 3B,mtsd-p11,back of a traffic sign,grp9_58c8b920-IMG_20251106_153249.jpg,2629.63,446.46,3068.93,1241.09,1.0,,0.0
LocateAnything 3B,mtsd-p11,back of a traffic sign,grp9_58c8b920-IMG_20251106_153249.jpg,2654.21,1581.06,3068.93,2007.04,1.0,,0.0
LocateAnything 3B,mtsd-p11,back of a traffic sign,grp9_58c8b920-IMG_20251106_153249.jpg,2666.5,1331.2,3068.93,1703.94,1.0,,0.0
LocateAnything 3B,mtsd-p11,back of a traffic sign,grp9_58c8b920-IMG_20251106_153249.jpg,2694.14,1970.18,3068.93,2232.32,1.0,,0.0
LocateAnything 3B,mtsd-p11,back of a traffic sign,grp9_58c8b920-IMG_20251106_153249.jpg,1168.9,1595.39,3072.0,2836.48,1.0,,0.0
LocateAnything 3B,mtsd-p11,back of a traffic sign,grp9_58c8b920-IMG_20251106_153249.jpg,2715.65,2215.94,3068.93,2367.49,1.0,,0.0
LocateAnything 3B,mtsd-p11,back of a traffic sign,grp9_5b67e831-IMG_20251106_155530.jpg,1092.0,2876.0,1686.0,3536.0,1.0,,0.0
LocateAnything 3B,mtsd-p11,back of a traffic sign,grp9_636a2125-IMG_20251111_155635.jpg,1335.0,3308.0,1422.0,3656.0,1.0,,0.0
LocateAnything 3B,mtsd-p11,back of a traffic sign,grp9_636a2125-IMG_20251111_155635.jpg,1665.0,3408.0,1890.0,3584.0,1.0,,0.0
LocateAnything 3B,mtsd-p11,back of a traffic sign,grp9_636a2125-IMG_20251111_155635.jpg,1902.0,3492.0,1977.0,3792.0,1.0,,0.0
LocateAnything 3B,mtsd-p11,back of a traffic sign,grp9_636a2125-IMG_20251111_155635.jpg,2256.0,3716.0,2316.0,3896.0,1.0,,0.0
LocateAnything 3B,mtsd-p11,back of a traffic sign,grp9_636a2125-IMG_20251111_155635.jpg,2292.0,3444.0,2355.0,3552.0,1.0,,0.0
LocateAnything 3B,mtsd-p11,back of a traffic sign,grp9_636a2125-IMG_20251111_155635.jpg,2322.0,3768.0,2382.0,3912.0,1.0,,0.0
LocateAnything 3B,mtsd-p11,back of a traffic sign,grp9_636a2125-IMG_20251111_155635.jpg,2394.0,3492.0,2430.0,3572.0,1.0,,0.0
LocateAnything 3B,mtsd-p11,back of a traffic sign,grp9_636a2125-IMG_20251111_155635.jpg,2424.0,3824.0,2472.0,3936.0,1.0,,0.0
LocateAnything 3B,mtsd-p11,back of a traffic sign,grp9_636a2125-IMG_20251111_155635.jpg,2784.0,2944.0,2916.0,3040.0,1.0,,0.0
LocateAnything 3B,mtsd-p11,back of a traffic sign,grp9_636a2125-IMG_20251111_155635.jpg,2787.0,3068.0,2916.0,3248.0,1.0,,0.0
LocateAnything 3B,mtsd-p11,back of a traffic sign,grp9_636a2125-IMG_20251111_155635.jpg,2790.0,3340.0,2934.0,3460.0,1.0,,0.0
LocateAnything 3B,mtsd-p11,back of a traffic sign,grp9_636a2125-IMG_20251111_155635.jpg,2793.0,3824.0,2997.0,3996.0,1.0,,0.0
LocateAnything 3B,mtsd-p11,back of a traffic sign,grp9_6867b383-IMG_20251111_160020.jpg,1263.0,1684.0,1731.0,2140.0,1.0,No Through Road (T-Junction),0.9846
LocateAnything 3B,mtsd-p11,back of a traffic sign,grp9_6867b383-IMG_20251111_160020.jpg,1383.0,1728.0,1620.0,2092.0,1.0,,0.4093
LocateAnything 3B,mtsd-p11,back of a traffic sign,grp9_6867b383-IMG_20251111_160020.jpg,1578.0,2652.0,1671.0,2696.0,1.0,,0.0
LocateAnything 3B,mtsd-p11,back of a traffic sign,grp9_6867b383-IMG_20251111_160020.jpg,1626.0,2652.0,1674.0,2696.0,1.0,,0.0
LocateAnything 3B,mtsd-p11,back of a traffic sign,grp9_6867b383-IMG_20251111_160020.jpg,1650.0,2652.0,1674.0,2696.0,1.0,,0.0
LocateAnything 3B,mtsd-p11,back of a traffic sign,grp9_6867b383-IMG_20251111_160020.jpg,1665.0,2652.0,1674.0,2696.0,1.0,,0.0
LocateAnything 3B,mtsd-p11,back of a traffic sign,grp9_6867b383-IMG_20251111_160020.jpg,1671.0,2652.0,1674.0,2696.0,1.0,,0.0
LocateAnything 3B,mtsd-p11,back of a traffic sign,grp9_6ad958e6-IMG_20251112_155635.jpg,1588.14,3219.12,1863.54,3476.16,1.0,,0.0
LocateAnything 3B,mtsd-p11,back of a traffic sign,grp9_6ad958e6-IMG_20251112_155635.jpg,1704.42,3716.88,1961.46,4071.84,1.0,,0.0
LocateAnything 3B,mtsd-p11,back of a traffic sign,grp9_6ad958e6-IMG_20251112_155635.jpg,1768.68,3190.56,1912.5,3366.0,1.0,,0.0
LocateAnything 3B,mtsd-p11,back of a traffic sign,grp9_6ad958e6-IMG_20251112_155635.jpg,1771.74,3468.0,1985.94,3729.12,1.0,,0.0
LocateAnything 3B,mtsd-p11,back of a traffic sign,grp9_6ad958e6-IMG_20251112_155635.jpg,1866.6,3194.64,2083.86,3492.48,1.0,,0.0
LocateAnything 3B,mtsd-p11,back of a traffic sign,grp9_6ad958e6-IMG_20251112_155635.jpg,1927.8,3288.48,2080.8,3570.0,1.0,,0.0
LocateAnything 3B,mtsd-p11,back of a traffic sign,grp9_6ad958e6-IMG_20251112_155635.jpg,1943.1,3512.88,2221.56,3831.12,1.0,,0.0
LocateAnything 3B,mtsd-p11,back of a traffic sign,grp9_6ad958e6-IMG_20251112_155635.jpg,1955.34,3802.56,2105.28,4075.92,1.0,,0.0
LocateAnything 3B,mtsd-p11,back of a traffic sign,grp9_6ad958e6-IMG_20251112_155635.jpg,1961.46,3137.52,2221.56,3349.68,1.0,,0.0
LocateAnything 3B,mtsd-p11,back of a traffic sign,grp9_6e84abf6-IMG_20251106_145409.jpg,1007.62,1052.67,2334.72,1953.79,1.0,Other-Unknown,0.9847
LocateAnything 3B,mtsd-p11,back of a traffic sign,grp9_6e84abf6-IMG_20251106_145409.jpg,1185.79,1921.02,2242.56,2945.02,1.0,Roundabout Ahead,0.9803
LocateAnything 3B,mtsd-p11,back of a traffic sign,grp9_6e84abf6-IMG_20251106_145409.jpg,1830.91,3366.91,2042.88,3506.18,1.0,,0.0
LocateAnything 3B,mtsd-p11,back of a traffic sign,grp9_6e84abf6-IMG_20251106_145409.jpg,2058.24,3407.87,2371.58,3776.51,1.0,,0.0
LocateAnything 3B,mtsd-p11,back of a traffic sign,grp9_6e84abf6-IMG_20251106_145409.jpg,2340.86,3444.74,2644.99,3715.07,1.0,,0.0
LocateAnything 3B,mtsd-p11,back of a traffic sign,grp9_6e84abf6-IMG_20251106_145409.jpg,2654.21,3465.22,3068.93,4046.85,1.0,,0.0
LocateAnything 3B,mtsd-p11,back of a traffic sign,grp9_6e84abf6-IMG_20251106_145409.jpg,2660.35,3452.93,2924.54,3620.86,1.0,,0.0
LocateAnything 3B,mtsd-p11,back of a traffic sign,grp9_6e84abf6-IMG_20251106_145409.jpg,2666.5,3465.22,3068.93,3489.79,1.0,,0.0
LocateAnything 3B,mtsd-p11,back of a traffic sign,grp9_7b22f970-IMG_20251106_152243.jpg,1050.0,2052.0,1938.0,3068.0,1.0,Other-Unknown,0.9828
LocateAnything 3B,mtsd-p11,back of a traffic sign,grp9_7b22f970-IMG_20251106_152243.jpg,1092.0,824.0,1932.0,1804.0,1.0,Stop Sign,0.9801
LocateAnything 3B,mtsd-p11,back of a traffic sign,grp9_7b22f970-IMG_20251106_152243.jpg,1923.0,2564.0,2334.0,2736.0,1.0,,0.0041
LocateAnything 3B,mtsd-p11,back of a traffic sign,grp9_7b22f970-IMG_20251106_152243.jpg,2673.0,2160.0,2796.0,2632.0,1.0,,0.0
LocateAnything 3B,mtsd-p11,back of a traffic sign,grp9_815852c2-IMG_20251112_155220.jpg,618.12,2509.2,651.78,2660.16,1.0,,0.0
LocateAnything 3B,mtsd-p11,back of a traffic sign,grp9_815852c2-IMG_20251112_155220.jpg,627.3,2631.6,697.68,2672.4,1.0,,0.0
LocateAnything 3B,mtsd-p11,back of a traffic sign,grp9_91c9ea8f-IMG_20251112_162243.jpg,1217.88,2084.88,1655.46,2627.52,1.0,Auxiliary Sign,0.9718
LocateAnything 3B,mtsd-p11,back of a traffic sign,grp9_91c9ea8f-IMG_20251112_162243.jpg,1224.0,1652.4,1658.52,2093.04,1.0,No Entry (One Way),0.8654
LocateAnything 3B,mtsd-p11,back of a traffic sign,grp9_93cceec3-IMG_20251112_162528.jpg,2561.22,2435.76,3011.04,3137.52,1.0,,0.0
LocateAnything 3B,mtsd-p11,back of a traffic sign,grp9_93cceec3-IMG_20251112_162528.jpg,2643.84,1379.04,3056.94,1505.52,1.0,,0.0
LocateAnything 3B,mtsd-p11,back of a traffic sign,grp9_93cceec3-IMG_20251112_162528.jpg,2646.9,1542.24,3056.94,1680.96,1.0,,0.0
LocateAnything 3B,mtsd-p11,back of a traffic sign,grp9_93cceec3-IMG_20251112_162528.jpg,2656.08,2990.64,3056.94,3060.0,1.0,,0.0
LocateAnything 3B,mtsd-p11,back of a traffic sign,grp9_93cceec3-IMG_20251112_162528.jpg,2662.2,93.84,2913.12,257.04,1.0,,0.0
LocateAnything 3B,mtsd-p11,back of a traffic sign,grp9_93cceec3-IMG_20251112_162528.jpg,2668.32,1525.92,3056.94,1611.6,1.0,,0.0
LocateAnything 3B,mtsd-p11,back of a traffic sign,grp9_a133d565-WhatsApp_Image_2026-01-01_at_18.13.09.jpeg,577.54,1054.72,605.18,1175.55,1.0,Street Sign,0.9275
LocateAnything 3B,mtsd-p11,back of a traffic sign,grp9_a133d565-WhatsApp_Image_2026-01-01_at_18.13.09.jpeg,602.11,1058.82,784.9,1247.23,1.0,Stop Sign,0.865
LocateAnything 3B,mtsd-p11,back of a traffic sign,grp9_a133d565-WhatsApp_Image_2026-01-01_at_18.13.09.jpeg,812.54,1312.77,870.91,1345.54,1.0,,0.0
LocateAnything 3B,mtsd-p11,back of a traffic sign,grp9_a133d565-WhatsApp_Image_2026-01-01_at_18.13.09.jpeg,814.08,1308.67,867.84,1329.15,1.0,,0.0
LocateAnything 3B,mtsd-p11,back of a traffic sign,grp9_a133d565-WhatsApp_Image_2026-01-01_at_18.13.09.jpeg,817.15,1306.62,867.84,1318.91,1.0,,0.0
LocateAnything 3B,mtsd-p11,back of a traffic sign,grp9_a133d565-WhatsApp_Image_2026-01-01_at_18.13.09.jpeg,818.69,1306.62,867.84,1312.77,1.0,,0.0
LocateAnything 3B,mtsd-p11,back of a traffic sign,grp9_a3c63c83-IMG_20251112_162857.jpg,0.0,1999.2,156.06,2403.12,1.0,,0.0
LocateAnything 3B,mtsd-p11,back of a traffic sign,grp9_a3c63c83-IMG_20251112_162857.jpg,0.0,2415.36,290.7,2749.92,1.0,,0.0
LocateAnything 3B,mtsd-p11,back of a traffic sign,grp9_a3c63c83-IMG_20251112_162857.jpg,0.0,2749.92,192.78,3092.64,1.0,,0.0
LocateAnything 3B,mtsd-p11,back of a traffic sign,grp9_a3c63c83-IMG_20251112_162857.jpg,0.0,3541.44,244.8,3851.52,1.0,,0.0
LocateAnything 3B,mtsd-p11,back of a traffic sign,grp9_a3c63c83-IMG_20251112_162857.jpg,0.0,3304.8,131.58,3541.44,1.0,,0.0
LocateAnything 3B,mtsd-p11,back of a traffic sign,grp9_a3c63c83-IMG_20251112_162857.jpg,0.0,3843.36,156.06,4075.92,1.0,,0.0
LocateAnything 3B,mtsd-p11,back of a traffic sign,grp9_a3c63c83-IMG_20251112_162857.jpg,0.0,1729.92,351.9,2064.48,1.0,,0.0
LocateAnything 3B,mtsd-p11,back of a traffic sign,grp9_a3c63c83-IMG_20251112_162857.jpg,0.0,3035.52,333.54,3353.76,1.0,,0.0
LocateAnything 3B,mtsd-p11,back of a traffic sign,grp9_a3c63c83-IMG_20251112_162857.jpg,0.0,0.0,480.42,603.84,1.0,,0.0
LocateAnything 3B,mtsd-p11,back of a traffic sign,grp9_a6b8460c-20251122_140515.jpg,2949.0,1668.0,3000.0,1820.0,1.0,Pedestrian Crossing,0.9306
LocateAnything 3B,mtsd-p11,back of a traffic sign,grp9_a6b8460c-20251122_140515.jpg,2952.0,1812.0,3000.0,1824.0,1.0,,0.1972
LocateAnything 3B,mtsd-p11,back of a traffic sign,grp9_a6b8460c-20251122_140515.jpg,2955.0,1832.0,3000.0,1876.0,1.0,,0.381
LocateAnything 3B,mtsd-p11,back of a traffic sign,grp9_a6b8460c-20251122_140515.jpg,2958.0,1820.0,3000.0,1860.0,1.0,Auxiliary Sign,0.7266
LocateAnything 3B,mtsd-p11,back of a traffic sign,grp9_a745c9e2-IMG_20251106_152554.jpg,0.0,0.0,3068.93,3555.33,1.0,,0.0001
LocateAnything 3B,mtsd-p11,back of a traffic sign,grp9_a7e54ad2-IMG_20251210_141604.jpg,1071.0,3561.84,1836.0,4080.0,1.0,,0.0
LocateAnything 3B,mtsd-p11,back of a traffic sign,grp9_a7e54ad2-IMG_20251210_141604.jpg,1254.6,2705.04,1334.16,2896.8,1.0,,0.0
LocateAnything 3B,mtsd-p11,back of a traffic sign,grp9_a7e54ad2-IMG_20251210_141604.jpg,1392.3,1122.0,1606.5,2223.6,1.0,No Entry (One Way),0.9599
LocateAnything 3B,mtsd-p11,back of a traffic sign,grp9_a7e54ad2-IMG_20251210_141604.jpg,1410.66,3667.92,1511.64,3790.32,1.0,,0.0
LocateAnything 3B,mtsd-p11,back of a traffic sign,grp9_a7e54ad2-IMG_20251210_141604.jpg,1637.1,3684.24,1713.6,3774.0,1.0,,0.0
LocateAnything 3B,mtsd-p11,back of a traffic sign,grp9_a7e54ad2-IMG_20251210_141604.jpg,1643.22,3317.04,1869.66,3353.76,1.0,,0.0
LocateAnything 3B,mtsd-p11,back of a traffic sign,grp9_a7e54ad2-IMG_20251210_141604.jpg,1698.3,3325.2,1768.68,3349.68,1.0,,0.0
LocateAnything 3B,mtsd-p11,back of a traffic sign,grp9_a7e54ad2-IMG_20251210_141604.jpg,1704.42,3333.36,1869.66,3349.68,1.0,,0.0
LocateAnything 3B,mtsd-p11,back of a traffic sign,grp9_ae723934-WhatsApp_Image_2026-01-03_at_18.45.36.jpeg,558.0,708.8,753.6,886.4,1.0,No Through Road (T-Junction),0.9589
LocateAnything 3B,mtsd-p11,back of a traffic sign,grp9_ae723934-WhatsApp_Image_2026-01-03_at_18.45.36.jpeg,1134.0,592.0,1200.0,766.4,1.0,,0.0
LocateAnything 3B,mtsd-p11,back of a traffic sign,grp9_ae723934-WhatsApp_Image_2026-01-03_at_18.45.36.jpeg,1178.4,616.0,1200.0,670.4,1.0,,0.0
LocateAnything 3B,mtsd-p11,back of a traffic sign,grp9_ae723934-WhatsApp_Image_2026-01-03_at_18.45.36.jpeg,1183.2,1068.8,1200.0,1132.8,1.0,,0.0
LocateAnything 3B,mtsd-p11,back of a traffic sign,grp9_ae723934-WhatsApp_Image_2026-01-03_at_18.45.36.jpeg,1189.2,620.8,1200.0,665.6,1.0,,0.0
LocateAnything 3B,mtsd-p11,back of a traffic sign,grp9_b775d113-IMG_20251111_162326.jpg,2766.0,2608.0,2850.0,2696.0,1.0,Other-Unknown,0.854
LocateAnything 3B,mtsd-p11,back of a traffic sign,grp9_b775d113-IMG_20251111_162326.jpg,2775.0,2696.0,2850.0,2772.0,1.0,Roundabout Ahead,0.7884
LocateAnything 3B,mtsd-p11,back of a traffic sign,grp9_b775d113-IMG_20251111_162326.jpg,2811.0,2696.0,2850.0,2768.0,1.0,,0.445
LocateAnything 3B,mtsd-p11,back of a traffic sign,grp9_b775d113-IMG_20251111_162326.jpg,2832.0,2696.0,2850.0,2768.0,1.0,,0.2076
LocateAnything 3B,mtsd-p11,back of a traffic sign,grp9_b775d113-IMG_20251111_162326.jpg,2844.0,2696.0,2850.0,2768.0,1.0,,0.0669
LocateAnything 3B,mtsd-p11,back of a traffic sign,grp9_b775d113-IMG_20251111_162326.jpg,1428.0,1312.0,3000.0,4000.0,1.0,,0.0019
LocateAnything 3B,mtsd-p11,back of a traffic sign,grp9_b8de4d86-IMG_20251112_162741.jpg,0.0,2305.2,602.82,3561.84,1.0,,0.0
LocateAnything 3B,mtsd-p11,back of a traffic sign,grp9_b8de4d86-IMG_20251112_162741.jpg,0.0,0.0,3056.94,4075.92,1.0,,0.0089
LocateAnything 3B,mtsd-p11,back of a traffic sign,grp9_d09450b2-IMG_20251112_155615.jpg,1992.06,2415.36,2044.08,2672.4,1.0,,0.0
LocateAnything 3B,mtsd-p11,back of a traffic sign,grp9_d09450b2-IMG_20251112_155615.jpg,2019.6,2419.44,2044.08,2672.4,1.0,,0.0
LocateAnything 3B,mtsd-p11,back of a traffic sign,grp9_d09450b2-IMG_20251112_155615.jpg,2031.84,2419.44,2044.08,2672.4,1.0,,0.0
LocateAnything 3B,mtsd-p11,back of a traffic sign,grp9_d09450b2-IMG_20251112_155615.jpg,2041.02,2419.44,2044.08,2672.4,1.0,,0.0
LocateAnything 3B,mtsd-p11,back of a traffic sign,grp9_d09450b2-IMG_20251112_155615.jpg,1025.1,1083.24,3060.0,3755.64,1.0,,0.0002
LocateAnything 3B,mtsd-p11,back of a traffic sign,grp9_d4f4f35a-WhatsApp_Image_2026-01-01_at_18.12.59_1.jpeg,549.89,796.67,683.52,1357.82,1.0,No Entry (One Way),0.9746
LocateAnything 3B,mtsd-p11,back of a traffic sign,grp9_d7c813cb-IMG_20251112_163545.jpg,1946.16,2607.12,2099.16,2766.24,1.0,Blind-Spot Mirror (Convex Mirror),0.8838
LocateAnything 3B,mtsd-p11,back of a traffic sign,grp9_d7c813cb-IMG_20251112_163545.jpg,2016.54,2872.32,2074.68,2962.08,1.0,,0.0
LocateAnything 3B,mtsd-p11,back of a traffic sign,grp9_d7c813cb-IMG_20251112_163545.jpg,2126.7,2827.44,2190.96,2921.28,1.0,,0.0
LocateAnything 3B,mtsd-p11,back of a traffic sign,grp9_dbd6345f-IMG_20251106_155229.jpg,1529.86,1040.38,1729.54,4091.9,1.0,,0.0
LocateAnything 3B,mtsd-p11,back of a traffic sign,grp9_dbd6345f-IMG_20251106_155229.jpg,2832.38,1785.86,3072.0,2883.58,1.0,,0.0
LocateAnything 3B,mtsd-p11,back of a traffic sign,grp9_de518e6b-WhatsApp_Image_2026-01-03_at_18.46.56.jpeg,488.4,592.0,742.8,787.2,1.0,Blind-Spot Mirror (Convex Mirror),0.9711
LocateAnything 3B,mtsd-p11,back of a traffic sign,grp9_de518e6b-WhatsApp_Image_2026-01-03_at_18.46.56.jpeg,626.4,560.0,663.6,1598.4,1.0,,0.0895
LocateAnything 3B,mtsd-p11,back of a traffic sign,grp9_de518e6b-WhatsApp_Image_2026-01-03_at_18.46.56.jpeg,741.6,1438.4,788.4,1480.0,1.0,,0.0
LocateAnything 3B,mtsd-p11,back of a traffic sign,grp9_de518e6b-WhatsApp_Image_2026-01-03_at_18.46.56.jpeg,787.2,1520.0,834.0,1555.2,1.0,,0.0
LocateAnything 3B,mtsd-p11,back of a traffic sign,grp9_de518e6b-WhatsApp_Image_2026-01-03_at_18.46.56.jpeg,795.6,1396.8,828.0,1428.8,1.0,,0.0
LocateAnything 3B,mtsd-p11,back of a traffic sign,grp9_de518e6b-WhatsApp_Image_2026-01-03_at_18.46.56.jpeg,834.0,1523.2,868.8,1555.2,1.0,,0.0
LocateAnything 3B,mtsd-p11,back of a traffic sign,grp9_de518e6b-WhatsApp_Image_2026-01-03_at_18.46.56.jpeg,897.6,1408.0,926.4,1436.8,1.0,,0.0
LocateAnything 3B,mtsd-p11,back of a traffic sign,grp9_de518e6b-WhatsApp_Image_2026-01-03_at_18.46.56.jpeg,904.8,1523.2,942.0,1598.4,1.0,,0.0
LocateAnything 3B,mtsd-p11,back of a traffic sign,grp9_de518e6b-WhatsApp_Image_2026-01-03_at_18.46.56.jpeg,942.0,1523.2,972.0,1555.2,1.0,,0.0
LocateAnything 3B,mtsd-p11,back of a traffic sign,grp9_de518e6b-WhatsApp_Image_2026-01-03_at_18.46.56.jpeg,998.4,1523.2,1027.2,1598.4,1.0,,0.0
LocateAnything 3B,mtsd-p11,back of a traffic sign,grp9_de518e6b-WhatsApp_Image_2026-01-03_at_18.46.56.jpeg,1033.2,1523.2,1065.6,1598.4,1.0,,0.0
LocateAnything 3B,mtsd-p11,back of a traffic sign,grp9_de518e6b-WhatsApp_Image_2026-01-03_at_18.46.56.jpeg,1075.2,1539.2,1118.4,1598.4,1.0,,0.0
LocateAnything 3B,mtsd-p11,back of a traffic sign,grp9_de518e6b-WhatsApp_Image_2026-01-03_at_18.46.56.jpeg,1140.0,1523.2,1180.8,1598.4,1.0,,0.0
LocateAnything 3B,mtsd-p11,back of a traffic sign,grp9_de518e6b-WhatsApp_Image_2026-01-03_at_18.46.56.jpeg,1142.4,1408.0,1180.8,1438.4,1.0,,0.0
LocateAnything 3B,mtsd-p11,back of a traffic sign,grp9_de518e6b-WhatsApp_Image_2026-01-03_at_18.46.56.jpeg,1142.4,1438.4,1180.8,1484.8,1.0,,0.0
LocateAnything 3B,mtsd-p11,back of a traffic sign,grp9_e0e8c13e-IMG_20251113_163444.jpg,1355.58,1395.36,1533.06,4075.92,1.0,,0.0
LocateAnything 3B,mtsd-p11,back of a traffic sign,grp9_e0e8c13e-IMG_20251113_163444.jpg,1857.42,3529.2,2044.08,3729.12,1.0,,0.0
LocateAnything 3B,mtsd-p11,back of a traffic sign,grp9_e0e8c13e-IMG_20251113_163444.jpg,1891.08,387.6,2255.22,616.08,1.0,,0.0
LocateAnything 3B,mtsd-p11,back of a traffic sign,grp9_e0e8c13e-IMG_20251113_163444.jpg,2353.14,930.24,3053.88,1754.4,1.0,,0.0
LocateAnything 3B,mtsd-p11,back of a traffic sign,grp9_e0e8c13e-IMG_20251113_163444.jpg,2561.22,1795.2,3056.94,2174.64,1.0,,0.0
LocateAnything 3B,mtsd-p11,back of a traffic sign,grp9_e0e8c13e-IMG_20251113_163444.jpg,2741.76,0.0,3056.94,444.72,1.0,,0.0
LocateAnything 3B,mtsd-p11,back of a traffic sign,grp9_e0e8c13e-IMG_20251113_163444.jpg,2821.32,3117.12,3056.94,3414.96,1.0,,0.0
LocateAnything 3B,mtsd-p11,back of a traffic sign,grp9_e0e8c13e-IMG_20251113_163444.jpg,2943.72,2570.4,3056.94,2749.92,1.0,,0.0
LocateAnything 3B,mtsd-p11,back of a traffic sign,grp9_e0e8c13e-IMG_20251113_163444.jpg,2949.84,0.0,3056.94,93.84,1.0,,0.0
LocateAnything 3B,mtsd-p11,back of a traffic sign,grp9_e2932f32-20251122_134050.jpg,1344.0,1852.0,1521.0,1976.0,1.0,,0.0
LocateAnything 3B,mtsd-p11,back of a traffic sign,grp9_e65623ae-20251122_135723.jpg,1833.0,2032.0,2094.0,2348.0,1.0,Auxiliary Sign,0.9776
LocateAnything 3B,mtsd-p11,back of a traffic sign,grp9_e690fe37-IMG_20251111_162300.jpg,1449.0,1308.0,1551.0,1948.0,1.0,Other-Unknown,0.8833
LocateAnything 3B,mtsd-p11,back of a traffic sign,grp9_e690fe37-IMG_20251111_162300.jpg,1452.0,1948.0,1566.0,2408.0,1.0,Roundabout Ahead,0.8912
LocateAnything 3B,mtsd-p11,back of a traffic sign,grp9_e690fe37-IMG_20251111_162300.jpg,2403.0,2772.0,2505.0,2876.0,1.0,Directional Sign,0.8414
LocateAnything 3B,mtsd-p11,back of a traffic sign,grp9_e690fe37-IMG_20251111_162300.jpg,2430.0,2904.0,2496.0,3000.0,1.0,,0.0
LocateAnything 3B,mtsd-p11,back of a traffic sign,grp9_e690fe37-IMG_20251111_162300.jpg,2460.0,2904.0,2490.0,3000.0,1.0,,0.0
LocateAnything 3B,mtsd-p11,back of a traffic sign,grp9_e690fe37-IMG_20251111_162300.jpg,2478.0,2904.0,2490.0,3000.0,1.0,,0.0
LocateAnything 3B,mtsd-p11,back of a traffic sign,grp9_e690fe37-IMG_20251111_162300.jpg,2487.0,2904.0,2490.0,3000.0,1.0,,0.0
LocateAnything 3B,mtsd-p11,back of a traffic sign,grp9_e690fe37-IMG_20251111_162300.jpg,1248.0,1404.0,3000.0,4000.0,1.0,,0.0112
LocateAnything 3B,mtsd-p11,back of a traffic sign,grp9_f109e3eb-IMG_20251111_144036.jpg,1158.0,1332.0,1953.0,2240.0,1.0,Blind-Spot Mirror (Convex Mirror),0.9638
LocateAnything 3B,mtsd-p11,back of a traffic sign,grp9_f109e3eb-IMG_20251111_144036.jpg,2502.0,2680.0,2784.0,2944.0,1.0,,0.0
LocateAnything 3B,mtsd-p11,back of a traffic sign,grp9_f36aabf5-WhatsApp_Image_2026-01-03_at_18.45.21_2.jpeg,424.8,531.2,712.8,993.6,1.0,Other-Unknown,0.9704
LocateAnything 3B,mtsd-p11,back of a traffic sign,grp9_f36aabf5-WhatsApp_Image_2026-01-03_at_18.45.21_2.jpeg,474.0,651.2,681.6,827.2,1.0,,0.2827
LocateAnything 3B,mtsd-p11,back of a traffic sign,grp9_f36aabf5-WhatsApp_Image_2026-01-03_at_18.45.21_2.jpeg,511.2,534.4,681.6,651.2,1.0,,0.154
LocateAnything 3B,mtsd-p11,back of a traffic sign,grp9_f456c0fd-IMG_20251106_153809.jpg,1032.0,1152.0,2211.0,2240.0,1.0,No Entry (One Way),0.9695
LocateAnything 3B,mtsd-p11,back of a traffic sign,grp9_f456c0fd-IMG_20251106_153809.jpg,1476.0,2696.0,1629.0,2884.0,1.0,,0.0
LocateAnything 3B,mtsd-p11,back of a traffic sign,grp9_f456c0fd-IMG_20251106_153809.jpg,2721.0,3068.0,2997.0,3224.0,1.0,,0.0
LocateAnything 3B,mtsd-p11,back of a traffic sign,grp9_f456c0fd-IMG_20251106_153809.jpg,2814.0,2912.0,2997.0,3100.0,1.0,,0.0
LocateAnything 3B,mtsd-p11,back of a traffic sign,grp9_f456c0fd-IMG_20251106_153809.jpg,2823.0,2196.0,2997.0,3040.0,1.0,,0.0
LocateAnything 3B,mtsd-p11,back of a traffic sign,grp9_f456c0fd-IMG_20251106_153809.jpg,2826.0,436.0,2997.0,812.0,1.0,,0.0
LocateAnything 3B,mtsd-p11,back of a traffic sign,grp9_f456c0fd-IMG_20251106_153809.jpg,2904.0,980.0,2997.0,1252.0,1.0,,0.0
LocateAnything 3B,mtsd-p11,back of a traffic sign,grp9_f456c0fd-IMG_20251106_153809.jpg,2976.0,1520.0,3000.0,1612.0,1.0,,0.0
LocateAnything 3B,mtsd-p11,back of a traffic sign,grp9_f456c0fd-IMG_20251106_153809.jpg,2976.0,436.0,3000.0,628.0,1.0,,0.0
LocateAnything 3B,mtsd-p11,back of a traffic sign,grp9_f456c0fd-IMG_20251106_153809.jpg,2976.0,0.0,3000.0,60.0,1.0,,0.0
