model,prompt_id,prompt,image_id,fp_x0,fp_y0,fp_x1,fp_y1,fp_score,fp_overlap_class,fp_overlap_iou
SAM 3,mtsd-p10,directional sign,grp10_IMG_1495.jpg,2138.64,4306.21,2259.44,4742.85,0.7578,Auxiliary Sign,0.9245
SAM 3,mtsd-p10,directional sign,grp10_IMG_1495.jpg,1488.75,2016.08,3018.39,3189.46,0.5391,Back-Unknown,0.9667
SAM 3,mtsd-p10,directional sign,grp10_IMG_1495.jpg,3554.44,4403.96,3749.34,4522.28,0.5391,Street Sign,0.9286
SAM 3,mtsd-p10,directional sign,grp10_IMG_1510.jpg,1753.38,897.55,2717.46,2669.3,0.9531,Stop Sign,0.9856
SAM 3,mtsd-p10,directional sign,grp10_IMG_1527.jpg,777.66,957.86,2387.38,2651.29,0.9141,Back-Unknown,0.977
SAM 3,mtsd-p10,directional sign,grp10_IMG_1527.jpg,1516.61,2579.48,2345.62,4771.8,0.8867,Back-Unknown,0.9821
SAM 3,mtsd-p10,directional sign,grp10_IMG_1527.jpg,785.32,965.88,2372.52,5669.1,0.3047,,0.3589
SAM 3,mtsd-p10,directional sign,grp10_IMG_1557.jpg,1377.41,2636.26,3062.85,4051.68,0.9648,Pedestrian Crossing,0.9777
SAM 3,mtsd-p10,directional sign,grp10_IMG_1564.jpg,1629.58,3153.45,2810.14,4797.12,0.9727,Other-Unknown,0.9728
SAM 3,mtsd-p10,directional sign,grp10_IMG_1564.jpg,1819.14,2041.5,2484.06,3337.47,0.9648,Stop Sign,0.9664
SAM 3,mtsd-p10,directional sign,grp10_IMG_1575.jpg,471.64,685.27,1077.51,1249.28,0.9453,No Entry (One Way),0.9806
SAM 3,mtsd-p10,directional sign,grp10_IMG_1575.jpg,1011.93,1501.02,1062.87,1575.31,0.8359,Pedestrian Crossing,0.694
SAM 3,mtsd-p10,directional sign,grp10_IMG_1593.jpg,519.43,1756.92,2474.53,3522.73,0.8086,Back-Unknown,0.9774
SAM 3,mtsd-p10,directional sign,grp10_IMG_1593.jpg,460.41,3038.11,2558.58,4220.24,0.7891,Back-Unknown,0.9624
SAM 3,mtsd-p10,directional sign,grp10_IMG_1593.jpg,469.03,1784.88,2569.91,5702.55,0.4805,,0.4166
SAM 3,mtsd-p10,directional sign,grp10_IMG_1597.jpg,1144.0,2290.07,3043.46,4215.6,0.8672,Back-Unknown,0.6591
SAM 3,mtsd-p10,directional sign,grp10_IMG_1597.jpg,1306.09,5232.78,1507.18,5453.8,0.5625,Back-Unknown,0.9569
SAM 3,mtsd-p10,directional sign,grp10_IMG_1599.jpg,1399.37,2140.97,2768.97,3350.7,0.9648,Pedestrian Crossing,0.9837
SAM 3,mtsd-p10,directional sign,grp10_IMG_1599.jpg,1825.17,4022.28,2350.73,4558.23,0.5312,Back-Unknown,0.9387
SAM 3,mtsd-p10,directional sign,grp10_IMG_1606.jpg,1430.74,2422.54,2366.2,3929.62,0.8359,Back-Unknown,0.9773
SAM 3,mtsd-p10,directional sign,grp10_IMG_1612.jpg,1378.36,1373.75,2960.68,2957.04,0.9336,Back-Unknown,0.974
SAM 3,mtsd-p10,directional sign,grp10_IMG_1612.jpg,1306.64,2946.14,2925.22,4680.27,0.9219,Back-Unknown,0.982
SAM 3,mtsd-p10,directional sign,grp10_IMG_1645.jpg,1036.93,2348.57,2727.32,4211.74,0.4531,Blind-Spot Mirror (Convex Mirror),0.9807
SAM 3,mtsd-p10,directional sign,grp10_IMG_20251123_141219.jpg,853.23,1167.43,1115.35,1938.65,0.9492,No Entry (One Way),0.9698
SAM 3,mtsd-p10,directional sign,grp10_IMG_20251123_141219.jpg,910.71,1767.62,1124.2,2481.29,0.5508,Other-Unknown,0.9557
SAM 3,mtsd-p10,directional sign,grp10_IMG_20251123_141844.jpg,418.18,1243.27,1289.95,2173.17,0.7422,Back-Unknown,0.9661
SAM 3,mtsd-p10,directional sign,grp10_IMG_20251123_143317.jpg,489.9,862.43,1471.75,1876.46,0.8828,Back-Unknown,0.9812
SAM 3,mtsd-p10,directional sign,grp10_IMG_20251123_150542.jpg,957.41,293.66,1297.02,1438.57,0.9688,Roundabout Ahead,0.9759
SAM 3,mtsd-p10,directional sign,grp10_IMG_20251123_150542.jpg,930.7,1176.58,1462.07,2288.83,0.9609,Pedestrian Crossing,0.971
SAM 3,mtsd-p10,directional sign,grp10_IMG_20251123_164433.jpg,589.69,1752.03,1305.81,2925.07,0.9414,No Entry (One Way),0.9723
SAM 3,mtsd-p10,directional sign,grp10_IMG_20251123_164433.jpg,1444.58,3847.8,1502.89,4102.7,0.334,,0.0
SAM 3,mtsd-p10,directional sign,grp10_IMG_20251123_164446.jpg,384.44,1866.34,1745.02,3202.97,0.7812,Back-Unknown,0.9854
SAM 3,mtsd-p10,directional sign,grp10_IMG_20251123_165832.jpg,626.12,1830.53,1209.67,2847.06,0.6445,Blind-Spot Mirror (Convex Mirror),0.9773
SAM 3,mtsd-p10,directional sign,grp10_IMG_20251125_112108.jpg,1029.11,525.96,2282.9,1668.49,0.9141,Stop Sign,0.9807
SAM 3,mtsd-p10,directional sign,grp10_IMG_20251125_112108.jpg,2007.19,2951.64,2136.04,3101.27,0.3828,Blind-Spot Mirror (Convex Mirror),0.9224
SAM 3,mtsd-p10,directional sign,grp10_IMG_20251125_112108.jpg,1025.8,527.3,2284.89,4624.0,0.3574,,0.2789
SAM 3,mtsd-p10,directional sign,grp10_IMG_20251125_113833.jpg,1374.16,575.63,2645.84,1816.08,0.9297,Stop Sign,0.9793
SAM 3,mtsd-p10,directional sign,grp10_IMG_20251125_113833.jpg,926.64,1665.67,1120.22,2036.37,0.9141,No Entry (One Way),0.9341
SAM 3,mtsd-p10,directional sign,grp10_IMG_20251125_113833.jpg,904.55,2023.27,1135.72,2288.81,0.6406,Other-Unknown,0.9375
SAM 3,mtsd-p10,directional sign,grp10_IMG_20251125_113833.jpg,2854.83,2522.39,2890.99,2556.66,0.3613,Stop Sign,0.7544
SAM 3,mtsd-p10,directional sign,grp10_IMG_20251125_113844.jpg,873.21,910.64,2146.01,2207.48,0.9219,Back-Unknown,0.9677
SAM 3,mtsd-p10,directional sign,grp10_IMG_20251125_114450.jpg,1774.16,488.53,2687.33,1927.01,0.9531,Stop Sign,0.9858
SAM 3,mtsd-p10,directional sign,grp10_IMG_20251125_114450.jpg,2547.0,666.42,3472.0,2074.38,0.6445,Back-Unknown,0.9819
SAM 3,mtsd-p10,directional sign,grp10_IMG_20251125_114450.jpg,366.4,1840.06,1362.08,2410.18,0.4941,Street Sign,0.9402
SAM 3,mtsd-p10,directional sign,grp10_IMG_20251125_120326.jpg,2914.35,0.0,3472.0,938.83,0.8398,Other-Unknown,0.9474
SAM 3,mtsd-p10,directional sign,grp10_IMG_20251125_120326.jpg,3.16,2740.42,456.34,2971.21,0.7578,Street Sign,0.8834
SAM 3,mtsd-p10,directional sign,grp10_IMG_20251125_120326.jpg,1538.18,815.9,2981.8,2793.05,0.7031,Blind-Spot Mirror (Convex Mirror),0.9799
SAM 3,mtsd-p10,directional sign,grp10_IMG_20251125_121131.jpg,0.0,1956.45,516.45,3732.99,0.9648,,0.0
SAM 3,mtsd-p10,directional sign,grp10_IMG_20251125_121131.jpg,1535.39,4462.48,1585.16,4542.83,0.4688,,0.4953
SAM 3,mtsd-p10,directional sign,grp10_IMG_20251125_121131.jpg,840.72,2261.82,1377.46,2896.7,0.3203,Blind-Spot Mirror (Convex Mirror),0.9546
SAM 3,mtsd-p10,directional sign,grp10_IMG_20251125_121142.jpg,41.09,3656.49,303.38,4006.54,0.9297,,0.0
SAM 3,mtsd-p10,directional sign,grp10_IMG_20251125_121556.jpg,362.55,1636.32,1625.63,2811.04,0.9141,Stop Sign,0.9796
SAM 3,mtsd-p10,directional sign,grp10_IMG_20251125_121957.jpg,1707.32,2603.07,1824.71,2785.85,0.8555,Auxiliary Sign,0.9283
SAM 3,mtsd-p10,directional sign,grp10_IMG_20251125_121957.jpg,1795.45,610.63,2424.51,2142.06,0.7891,Back-Unknown,0.9862
SAM 3,mtsd-p10,directional sign,grp10_IMG_20251125_121957.jpg,2678.91,3054.6,2756.79,3114.56,0.3965,,0.0
SAM 3,mtsd-p10,directional sign,grp10_IMG_20251125_121957.jpg,0.0,2927.09,58.98,3044.27,0.3223,,0.0
SAM 3,mtsd-p10,directional sign,grp10_IMG_20251125_121957.jpg,3228.58,3063.81,3294.23,3115.74,0.3164,,0.0
SAM 3,mtsd-p10,directional sign,grp10_IMG_20251125_122125.jpg,672.04,1750.67,1393.99,3160.16,0.9531,Pedestrian Crossing,0.9588
SAM 3,mtsd-p10,directional sign,grp10_IMG_20251125_122225.jpg,795.06,500.61,2911.37,2319.07,0.9453,Stop Sign,0.9792
SAM 3,mtsd-p10,directional sign,grp10_IMG_20251125_122225.jpg,3219.74,2392.7,3394.91,2640.31,0.8594,Auxiliary Sign,0.9265
SAM 3,mtsd-p10,directional sign,grp10_IMG_20251125_122225.jpg,3267.88,2418.07,3338.14,2504.21,0.3223,,0.1293
SAM 3,mtsd-p10,directional sign,grp10_IMG_20251125_122515.jpg,880.58,1560.07,1627.27,2863.04,0.9453,Stop Sign,0.9645
SAM 3,mtsd-p10,directional sign,grp10_IMG_20251125_122515.jpg,1343.26,4241.79,1418.11,4380.23,0.8477,Pedestrian Crossing,0.802
SAM 3,mtsd-p10,directional sign,grp10_IMG_20251125_122515.jpg,576.13,4312.43,640.62,4410.11,0.7109,Roundabout Ahead,0.9498
SAM 3,mtsd-p10,directional sign,grp10_IMG_20251125_122515.jpg,1483.04,4417.36,1510.46,4463.94,0.5625,Pedestrian Crossing,0.5017
SAM 3,mtsd-p10,directional sign,grp10_IMG_20251125_122515.jpg,579.43,4474.18,653.53,4624.0,0.4746,,0.0
SAM 3,mtsd-p10,directional sign,grp10_IMG_20251125_122515.jpg,1073.58,4432.66,1103.24,4523.53,0.4668,,0.0
SAM 3,mtsd-p10,directional sign,grp10_IMG_20251125_122515.jpg,670.09,4479.82,748.0,4624.0,0.3906,,0.0
SAM 3,mtsd-p10,directional sign,grp10_IMG_20251125_122515.jpg,768.07,4482.66,859.05,4624.0,0.373,,0.0
SAM 3,mtsd-p10,directional sign,grp10_IMG_20251125_122515.jpg,1406.45,4040.94,1457.87,4211.96,0.3457,Back-Unknown,0.9493
SAM 3,mtsd-p10,directional sign,grp10_IMG_20251125_122515.jpg,1801.18,4454.8,1827.21,4486.85,0.334,No Entry (One Way),0.5826
SAM 3,mtsd-p10,directional sign,grp10_IMG_20251125_122819+1.jpg,1288.45,1005.93,1779.15,2431.28,0.957,No Entry (One Way),0.9724
SAM 3,mtsd-p10,directional sign,grp10_IMG_20251125_122819+1.jpg,705.53,2288.99,2212.77,4343.68,0.9453,Other-Unknown,0.9676
SAM 3,mtsd-p10,directional sign,grp10_IMG_20251125_122819+1.jpg,584.87,3616.37,671.21,3755.72,0.3496,,0.0
SAM 3,mtsd-p10,directional sign,grp10_IMG_20251125_122826.jpg,830.6,1038.45,1562.37,2445.25,0.8359,Back-Unknown,0.9572
SAM 3,mtsd-p10,directional sign,grp10_IMG_20251125_122826.jpg,2662.97,759.22,3464.13,1592.5,0.7734,Street Sign,0.948
SAM 3,mtsd-p10,directional sign,grp10_IMG_20251125_122826.jpg,306.91,2352.47,2115.26,4542.86,0.7656,Back-Unknown,0.98
SAM 3,mtsd-p10,directional sign,grp10_IMG_20251125_123112.jpg,242.67,1525.98,1542.58,2721.51,0.9375,Stop Sign,0.9849
SAM 3,mtsd-p10,directional sign,grp10_IMG_20251125_123112.jpg,1140.53,2667.05,1265.15,2898.06,0.3789,,0.0046
SAM 3,mtsd-p10,directional sign,grp10_IMG_20251125_124400.jpg,554.96,1542.03,1516.38,3279.36,0.957,No Through Road (T-Junction),0.9761
SAM 3,mtsd-p10,directional sign,grp10_IMG_20251125_153252.jpg,1290.5,781.73,2160.82,1629.22,0.9453,Pedestrian Crossing,0.9625
SAM 3,mtsd-p10,directional sign,grp10_IMG_20251125_153252.jpg,2146.12,2527.54,2224.43,2624.74,0.582,,0.0
SAM 3,mtsd-p10,directional sign,grp10_IMG_20251125_153252.jpg,2526.85,2614.47,2596.31,2660.77,0.5391,,0.0
SAM 3,mtsd-p10,directional sign,grp10_IMG_20251125_153252.jpg,3409.94,2624.08,3439.16,2691.67,0.3301,Back-Unknown,0.6263
SAM 3,mtsd-p10,directional sign,grp10_IMG_20251125_153559.jpg,1624.66,711.28,1936.4,1879.54,0.8945,No Entry (One Way),0.8436
SAM 3,mtsd-p10,directional sign,grp10_IMG_20251125_153559.jpg,2472.33,1612.41,3398.9,2204.34,0.4375,Street Sign,0.9605
SAM 3,mtsd-p10,directional sign,grp10_IMG_20251126_123510.jpg,717.65,2105.51,1399.21,2710.01,0.9688,Pedestrian Crossing,0.978
SAM 3,mtsd-p10,directional sign,grp10_IMG_20251126_123510.jpg,876.58,3760.69,978.64,3963.43,0.3477,Back-Unknown,0.6768
SAM 3,mtsd-p10,directional sign,grp10_IMG_20251126_123524.jpg,1862.86,3643.46,2080.0,4284.67,0.9102,Auxiliary Sign,0.9489
SAM 3,mtsd-p10,directional sign,grp10_IMG_20251126_123524.jpg,660.05,2071.47,1501.44,2738.28,0.8516,Back-Unknown,0.9876
SAM 3,mtsd-p10,directional sign,grp10_IMG_20251126_123524.jpg,1829.8,4202.62,2080.0,4615.22,0.5,Back-Unknown,0.9692
SAM 3,mtsd-p10,directional sign,grp10_IMG_20251126_123910.jpg,592.76,2041.25,1574.65,2975.66,0.957,Other-Unknown,0.9767
SAM 3,mtsd-p10,directional sign,grp10_IMG_20251126_123910.jpg,632.9,1251.39,1524.59,2039.86,0.9258,Stop Sign,0.9657
SAM 3,mtsd-p10,directional sign,grp10_IMG_20251126_123910.jpg,1154.04,2931.36,1322.95,3169.94,0.3516,Back-Unknown,0.9157
SAM 3,mtsd-p10,directional sign,grp10_IMG_20260106_160010_253.jpg,1005.74,744.7,2071.86,1655.82,0.9453,Roundabout Ahead,0.9627
SAM 3,mtsd-p10,directional sign,grp10_IMG_20260106_160010_253.jpg,1022.68,1602.27,2049.35,2010.16,0.918,Auxiliary Sign,0.9327
SAM 3,mtsd-p10,directional sign,grp10_IMG_20260106_160010_253.jpg,1455.68,2491.9,1529.55,2552.12,0.7305,Roundabout Ahead,0.6863
SAM 3,mtsd-p10,directional sign,grp10_IMG_20260106_160010_253.jpg,1006.49,751.62,2075.35,4077.47,0.3457,,0.2716
SAM 3,mtsd-p10,directional sign,grp10_IMG_20260106_160549_637.jpg,1030.68,948.9,2222.1,2086.06,0.8789,Stop Sign,0.9436
SAM 3,mtsd-p10,directional sign,grp10_IMG_20260106_160549_637.jpg,1124.42,2667.69,1177.35,2747.34,0.6055,Back-Unknown,0.703
SAM 3,mtsd-p10,directional sign,grp10_IMG_20260106_160549_637.jpg,373.49,2703.58,446.66,2773.19,0.4922,,0.0
SAM 3,mtsd-p10,directional sign,grp10_IMG_20260106_160549_637.jpg,334.6,2709.57,372.57,2767.17,0.3887,,0.0
SAM 3,mtsd-p10,directional sign,grp10_IMG_20260106_160549_637.jpg,964.26,2675.9,1025.67,2730.86,0.3477,Back-Unknown,0.8412
SAM 3,mtsd-p10,directional sign,grp10_IMG_20260106_160549_637.jpg,1493.39,2083.76,1911.85,3026.47,0.3457,Back-Unknown,0.9658
SAM 3,mtsd-p10,directional sign,grp10_IMG_20260106_160608_331.jpg,989.47,936.92,2344.49,2281.42,0.8164,No Entry (One Way),0.8077
SAM 3,mtsd-p10,directional sign,grp10_IMG_20260106_161746_914.jpg,995.17,538.42,2556.33,2098.68,0.9609,No Entry (One Way),0.9731
SAM 3,mtsd-p10,directional sign,grp10_IMG_20260110_171243_436.jpg,970.8,1036.02,1937.43,1968.17,0.9531,Other-Unknown,0.9882
SAM 3,mtsd-p10,directional sign,grp10_IMG_20260110_172745_673.jpg,1298.89,1658.73,2531.6,3436.33,0.9609,Pedestrian Crossing,0.9788
SAM 3,mtsd-p10,directional sign,grp10_IMG_20260110_173056_747.jpg,1004.05,842.24,2377.33,1598.96,0.8867,,0.4234
SAM 3,mtsd-p10,directional sign,grp10_IMG_20260110_173056_747.jpg,1165.19,1152.22,2394.54,1895.22,0.3789,,0.4227
SAM 3,mtsd-p10,directional sign,grp10_IMG_20260110_173308_202.jpg,3722.71,777.47,4080.0,1263.14,0.5312,,0.0
SAM 3,mtsd-p10,directional sign,grp10_IMG_20260113_083600_409.jpg,731.38,830.86,2252.72,2620.69,0.875,,0.3183
SAM 3,mtsd-p10,directional sign,grp10_IMG_20260113_083600_409.jpg,728.05,824.08,4080.0,2624.4,0.3477,,0.2923
SAM 3,mtsd-p10,directional sign,grp10_IMG_20260113_083728_516.jpg,685.27,697.52,1875.79,2585.81,0.7578,,0.2322
SAM 3,mtsd-p10,directional sign,grp10_IMG_20260113_083728_516.jpg,1831.69,625.86,2466.41,2655.09,0.6914,,0.1627
SAM 3,mtsd-p10,directional sign,grp10_IMG_20260113_083728_516.jpg,3356.4,2435.1,3427.27,2495.1,0.4531,,0.0
SAM 3,mtsd-p10,directional sign,grp10_IMG_20260113_083728_516.jpg,685.97,608.62,4058.69,2659.46,0.418,,0.2819
SAM 3,mtsd-p10,directional sign,grp10_IMG_20260113_083728_516.jpg,3515.56,2183.23,3560.25,2223.16,0.3887,,0.0
SAM 3,mtsd-p10,directional sign,grp10_IMG_20260113_083759_046.jpg,3897.66,899.79,3986.4,971.71,0.4238,,0.0
SAM 3,mtsd-p10,directional sign,grp10_IMG_20260113_083759_046.jpg,1458.46,1012.8,2386.06,2091.73,0.3691,,0.4756
SAM 3,mtsd-p10,directional sign,grp10_IMG_20260113_083821_567.jpg,3413.99,581.92,3613.72,724.27,0.8672,,0.0
SAM 3,mtsd-p10,directional sign,grp10_IMG_20260113_083821_567.jpg,1020.16,939.31,2989.33,2365.23,0.3398,Back-Unknown,0.5405
SAM 3,mtsd-p10,directional sign,grp10_IMG_20260113_083821_567.jpg,3554.1,579.49,3614.74,717.82,0.3125,,0.0
SAM 3,mtsd-p10,directional sign,grp10_IMG_20260113_084947_261.jpg,1446.83,863.57,2364.43,1947.82,0.9609,,0.4404
SAM 3,mtsd-p10,directional sign,grp10_IMG_20260113_085011_841.jpg,921.32,360.97,2870.13,2489.65,0.6758,,0.408
SAM 3,mtsd-p10,directional sign,grp10_IMG_20260113_085011_841.jpg,3914.04,2484.03,4080.0,2694.85,0.5469,,0.0
SAM 3,mtsd-p10,directional sign,grp10_IMG_20260113_085024_440.jpg,2273.11,813.67,3359.58,1886.07,0.9766,,0.2578
SAM 3,mtsd-p10,directional sign,grp10_IMG_20260113_085024_440.jpg,1307.9,883.09,2263.27,2018.51,0.9609,,0.408
SAM 3,mtsd-p10,directional sign,grp10_IMG_20260113_085024_440.jpg,3523.54,430.97,3645.44,574.78,0.6484,,0.0
SAM 3,mtsd-p10,directional sign,grp10_IMG_20260113_085024_440.jpg,3701.75,1040.42,3849.3,1101.58,0.5234,,0.0
SAM 3,mtsd-p10,directional sign,grp10_IMG_20260113_085024_440.jpg,3427.85,565.42,3574.29,708.65,0.5078,,0.0
SAM 3,mtsd-p10,directional sign,grp10_IMG_20260113_085024_440.jpg,3214.33,2098.28,3352.91,2185.29,0.4082,,0.0
SAM 3,mtsd-p10,directional sign,grp10_IMG_8791.jpeg,604.03,412.66,2293.59,2040.31,0.9648,No Entry (One Way),0.9889
SAM 3,mtsd-p10,directional sign,grp10_IMG_8791.jpeg,928.06,2488.51,2037.96,3468.53,0.3047,,0.0
SAM 3,mtsd-p10,directional sign,grp10_wall_stop.jpeg,706.19,1740.09,2121.78,3843.39,0.9375,Auxiliary Sign,0.9474
SAM 3,mtsd-p10,directional sign,grp10_wall_stop.jpeg,844.24,563.84,2066.91,1729.6,0.9336,No Entry (One Way),0.9624
SAM 3,mtsd-p10,directional sign,grp10_wall_stop.jpeg,1105.0,2914.68,1731.1,3475.5,0.459,,0.1117
SAM 3,mtsd-p10,directional sign,grp10_WhatsApp Image 2025-11-16 at 17.52.23 (3).jpeg,161.29,731.84,1281.91,1757.41,0.8945,Stop Sign,0.9771
SAM 3,mtsd-p10,directional sign,grp10_WhatsApp Image 2025-11-16 at 17.52.25 (1).jpeg,559.47,121.71,1530.0,2030.75,0.3711,,0.0176
SAM 3,mtsd-p10,directional sign,grp10_WhatsApp Image 2025-11-16 at 17.52.25 (1).jpeg,115.06,1153.55,623.51,1684.29,0.332,Street Sign,0.9515
SAM 3,mtsd-p10,directional sign,grp10_WhatsApp Image 2025-11-16 at 17.52.27.jpeg,124.1,713.49,941.0,1452.39,0.9609,No Entry (One Way),0.9671
SAM 3,mtsd-p10,directional sign,grp10_WhatsApp Image 2025-11-16 at 17.52.27.jpeg,68.75,1566.64,175.06,1705.94,0.7812,,0.0
SAM 3,mtsd-p10,directional sign,grp10_WhatsApp Image 2025-11-16 at 17.52.27.jpeg,148.52,1729.71,186.29,1770.96,0.5742,Back-Unknown,0.8798
SAM 3,mtsd-p10,directional sign,grp10_WhatsApp Image 2025-11-16 at 17.52.27.jpeg,992.76,1818.85,1006.61,1856.11,0.3027,,0.0
SAM 3,mtsd-p10,directional sign,grp10_WhatsApp Image 2025-11-16 at 17.52.28 (3).jpeg,343.59,586.74,962.79,1187.01,0.9609,Pedestrian Crossing,0.9421
SAM 3,mtsd-p10,directional sign,grp10_WhatsApp Image 2025-11-16 at 17.52.28 (3).jpeg,1355.78,1459.53,1382.93,1476.47,0.418,,0.0
SAM 3,mtsd-p10,directional sign,grp10_WhatsApp Image 2025-11-16 at 17.52.28 (3).jpeg,425.39,705.54,882.37,1082.86,0.3691,,0.4371
SAM 3,mtsd-p10,directional sign,grp10_WhatsApp Image 2025-11-16 at 17.52.29.jpeg,379.95,633.86,1082.0,1310.49,0.957,Pedestrian Crossing,0.9595
SAM 3,mtsd-p10,directional sign,grp10_WhatsApp Image 2025-11-16 at 17.52.29.jpeg,476.51,749.45,1003.68,1195.92,0.3086,,0.4754
SAM 3,mtsd-p10,directional sign,grp10_WhatsApp Image 2025-11-17 at 12.38.32 (2).jpeg,298.75,626.14,1071.14,1264.68,0.9688,Other-Unknown,0.9914
SAM 3,mtsd-p10,directional sign,grp10_WhatsApp Image 2025-11-17 at 12.38.34.jpeg,253.07,637.36,1276.57,1556.65,0.9648,No Entry (One Way),0.9821
SAM 3,mtsd-p10,directional sign,grp10_WhatsApp Image 2025-11-17 at 12.38.37 (2).jpeg,1164.69,1807.98,1314.98,2040.0,0.9258,No Through Road (T-Junction),0.9687
SAM 3,mtsd-p10,directional sign,grp10_WhatsApp Image 2025-11-17 at 12.38.37 (2).jpeg,934.55,1182.79,1071.85,1929.66,0.5078,Other-Unknown,0.9112
SAM 3,mtsd-p10,directional sign,grp10_WhatsApp Image 2025-11-17 at 12.38.37 (2).jpeg,982.62,536.44,1054.53,1323.04,0.4688,No Through Road (T-Junction),0.8623
SAM 3,mtsd-p10,directional sign,grp10_WhatsApp Image 2025-11-17 at 15.01.27 - Edited.jpg,562.95,991.31,1163.75,1585.01,0.9688,Roundabout Ahead,0.9788
SAM 3,mtsd-p10,directional sign,grp10_WhatsApp Image 2025-11-17 at 15.01.27 - Edited.jpg,545.84,457.89,1191.77,985.97,0.957,Other-Unknown,0.9747
SAM 3,mtsd-p10,directional sign,grp10_WhatsApp Image 2025-11-17 at 15.01.27 - Edited.jpg,236.89,1579.21,266.22,1611.18,0.7422,No Entry (One Way),0.8939
SAM 3,mtsd-p10,directional sign,grp10_WhatsApp Image 2025-11-17 at 15.01.27 - Edited.jpg,1050.26,1612.14,1067.35,1663.37,0.625,Other-Unknown,0.83
SAM 3,mtsd-p10,directional sign,grp10_WhatsApp Image 2025-11-17 at 15.01.27 - Edited.jpg,1055.03,1667.45,1067.5,1704.24,0.5703,Roundabout Ahead,0.8429
SAM 3,mtsd-p10,directional sign,grp10_WhatsApp Image 2025-11-17 at 15.01.44.jpeg,785.72,544.98,874.9,1468.06,0.7305,No Entry (One Way),0.893
SAM 3,mtsd-p10,directional sign,grp10_WhatsApp Image 2025-11-17 at 15.01.44.jpeg,163.18,1953.41,195.7,1974.71,0.4902,Auxiliary Sign,0.7543
SAM 3,mtsd-p10,directional sign,grp10_WhatsApp Image 2025-11-17 at 15.01.44.jpeg,201.95,2013.94,214.95,2029.12,0.377,,0.0
SAM 3,mtsd-p10,directional sign,grp10_WhatsApp Image 2025-11-17 at 15.01.45 (3).jpeg,231.27,525.74,1227.8,1527.85,0.9023,Back-Unknown,0.981
SAM 3,mtsd-p10,directional sign,grp10_WhatsApp Image 2025-11-17 at 15.01.45 (3).jpeg,832.02,1397.17,955.23,2040.0,0.5156,Back-Unknown,0.9504
SAM 3,mtsd-p10,directional sign,grp10_WhatsApp Image 2025-11-17 at 15.01.50 (1).jpeg,853.53,458.52,968.06,1739.77,0.6094,Back-Unknown,0.8122
SAM 3,mtsd-p10,directional sign,grp10_WhatsApp Image 2025-11-17 at 15.01.54.jpeg,263.73,192.83,1311.82,1191.52,0.7695,Back-Unknown,0.9838
SAM 3,mtsd-p10,directional sign,grp10_WhatsApp Image 2025-11-17 at 15.01.54.jpeg,29.39,1688.25,53.48,1715.18,0.6445,Pedestrian Crossing,0.7899
SAM 3,mtsd-p10,directional sign,grp10_WhatsApp Image 2025-11-17 at 15.01.54.jpeg,651.12,1190.2,976.2,1949.68,0.4453,Back-Unknown,0.95
SAM 3,mtsd-p10,directional sign,grp10_WhatsApp Image 2025-11-17 at 15.01.54.jpeg,386.94,1693.81,422.04,1743.04,0.4277,Back-Unknown,0.7093
SAM 3,mtsd-p10,directional sign,grp10_WhatsApp Image 2025-11-17 at 15.01.56 (1).jpeg,503.92,655.8,1317.56,1373.78,0.9453,Stop Sign,0.9656
SAM 3,mtsd-p10,directional sign,grp10_WhatsApp Image 2025-11-17 at 15.01.56 (1).jpeg,112.42,1341.67,389.45,1978.16,0.8477,Street Sign,0.948
SAM 3,mtsd-p10,directional sign,grp10_WhatsApp Image 2025-11-17 at 15.02.00.jpeg,425.99,795.57,1206.97,1481.84,0.8555,Stop Sign,0.9693
SAM 3,mtsd-p10,directional sign,grp10_WhatsApp Image 2025-11-17 at 15.02.00.jpeg,115.71,2008.9,157.77,2040.0,0.498,,0.0
SAM 3,mtsd-p10,directional sign,grp10_WhatsApp Image 2025-11-17 at 15.02.00.jpeg,960.4,1951.68,978.23,1981.33,0.3262,,0.0
SAM 3,mtsd-p10,directional sign,grp10_WhatsApp Image 2025-11-20 at 16.03.01 (1).jpeg,671.85,1114.63,1022.83,1508.31,0.9531,Roundabout Ahead,0.9767
SAM 3,mtsd-p10,directional sign,grp10_WhatsApp Image 2025-11-20 at 16.03.01 (1).jpeg,628.48,668.93,1080.15,1112.63,0.8828,Other-Unknown,0.9662
SAM 3,mtsd-p10,directional sign,grp11_00ffbbb0-IMG_20251125_195040.jpg,1183.09,1819.99,1246.37,1883.9,0.8359,Pedestrian Crossing,0.8935
SAM 3,mtsd-p10,directional sign,grp11_00ffbbb0-IMG_20251125_195040.jpg,1122.34,1814.27,1187.77,1885.15,0.8359,Other-Unknown,0.8844
SAM 3,mtsd-p10,directional sign,grp11_00ffbbb0-IMG_20251125_195040.jpg,1755.38,1828.44,1803.07,1876.71,0.8164,Street Sign,0.7966
SAM 3,mtsd-p10,directional sign,grp11_00ffbbb0-IMG_20251125_195040.jpg,1097.64,1787.0,1151.7,1840.52,0.8047,Stop Sign,0.9056
SAM 3,mtsd-p10,directional sign,grp11_00ffbbb0-IMG_20251125_195040.jpg,1121.49,1880.15,1195.02,1934.94,0.793,Other-Unknown,0.9003
SAM 3,mtsd-p10,directional sign,grp11_00ffbbb0-IMG_20251125_195040.jpg,1757.07,1784.19,1799.97,1830.23,0.7891,Other-Unknown,0.8127
SAM 3,mtsd-p10,directional sign,grp11_00ffbbb0-IMG_20251125_195040.jpg,1668.3,1830.59,1712.25,1883.78,0.7695,Pedestrian Crossing,0.7058
SAM 3,mtsd-p10,directional sign,grp11_00ffbbb0-IMG_20251125_195040.jpg,1097.87,1844.51,1132.65,1895.82,0.7031,Other-Unknown,0.7614
SAM 3,mtsd-p10,directional sign,grp11_00ffbbb0-IMG_20251125_195040.jpg,1244.57,1815.37,1335.32,1928.19,0.4277,,0.0002
SAM 3,mtsd-p10,directional sign,grp11_00ffbbb0-IMG_20251125_195040.jpg,996.59,828.68,1907.82,1768.11,0.418,Back-Unknown,0.9548
SAM 3,mtsd-p10,directional sign,grp11_00ffbbb0-IMG_20251125_195040.jpg,15.97,2734.51,1509.44,3324.57,0.3398,,0.0
SAM 3,mtsd-p10,directional sign,grp11_089d4626-IMG_20251125_192354.jpg,1435.59,996.01,2171.32,1773.56,0.9648,Other-Unknown,0.9693
SAM 3,mtsd-p10,directional sign,grp11_08da688f-IMG_6393.jpeg,0.0,709.79,3483.88,2766.0,0.9805,Other-Unknown,0.5622
SAM 3,mtsd-p10,directional sign,grp11_12031735-Pre_2026_6669.jpg,643.99,910.15,1325.14,1568.08,0.9453,No Entry (One Way),0.9733
SAM 3,mtsd-p10,directional sign,grp11_12031735-Pre_2026_6669.jpg,398.94,1549.26,1363.36,2387.09,0.75,Back-Unknown,0.9648
SAM 3,mtsd-p10,directional sign,grp11_12031735-Pre_2026_6669.jpg,87.95,2622.82,357.59,2870.27,0.5586,Back-Unknown,0.9523
SAM 3,mtsd-p10,directional sign,grp11_12031735-Pre_2026_6669.jpg,605.5,2685.42,898.64,3071.98,0.5312,,0.0
SAM 3,mtsd-p10,directional sign,grp11_1346633a-IMG_20251125_195535.jpg,900.98,1782.81,1552.55,2421.03,0.9375,Other-Unknown,0.9705
SAM 3,mtsd-p10,directional sign,grp11_1346633a-IMG_20251125_195535.jpg,893.98,1111.32,1524.56,1767.55,0.9219,Stop Sign,0.9738
SAM 3,mtsd-p10,directional sign,grp11_1346633a-IMG_20251125_195535.jpg,262.21,1834.66,416.07,1977.19,0.8984,Other-Unknown,0.9532
SAM 3,mtsd-p10,directional sign,grp11_1346633a-IMG_20251125_195535.jpg,898.45,1761.0,1554.03,3997.65,0.3477,,0.289
SAM 3,mtsd-p10,directional sign,grp11_1c6ec821-IMG_20251125_194942.jpg,1056.56,1162.42,1820.21,1928.61,0.9453,Other-Unknown,0.9908
SAM 3,mtsd-p10,directional sign,grp11_1c6ec821-IMG_20251125_194942.jpg,780.83,1043.06,865.3,1102.05,0.7773,,0.0
SAM 3,mtsd-p10,directional sign,grp11_1c6ec821-IMG_20251125_194942.jpg,623.07,981.25,694.22,1077.09,0.6211,Other-Unknown,0.7069
SAM 3,mtsd-p10,directional sign,grp11_1c6ec821-IMG_20251125_194942.jpg,629.64,1078.3,695.3,1110.7,0.3711,,0.2133
SAM 3,mtsd-p10,directional sign,grp11_1ff1325d-IMG_1333.jpg,270.73,0.0,1011.84,315.6,0.75,Street Sign,0.9619
SAM 3,mtsd-p10,directional sign,grp11_1ff1325d-IMG_1333.jpg,795.91,608.55,1842.4,1668.49,0.5977,Blind-Spot Mirror (Convex Mirror),0.9826
SAM 3,mtsd-p10,directional sign,grp11_217d0bb2-IMG_1445.jpg,548.5,269.85,1551.98,1998.65,0.9609,Pedestrian Crossing,0.9774
SAM 3,mtsd-p10,directional sign,grp11_243ba713-IMG_6313.jpg,1730.77,2049.5,3624.28,3850.93,0.9453,No Entry (One Way),0.9798
SAM 3,mtsd-p10,directional sign,grp11_243ba713-IMG_6313.jpg,3416.38,5386.19,3533.89,5569.84,0.8477,Stop Sign,0.9366
SAM 3,mtsd-p10,directional sign,grp11_243ba713-IMG_6313.jpg,3913.99,5229.84,4023.75,5339.84,0.793,No Entry (One Way),0.7292
SAM 3,mtsd-p10,directional sign,grp11_243ba713-IMG_6313.jpg,5086.64,5248.94,5190.02,5365.84,0.4414,Back-Unknown,0.6716
SAM 3,mtsd-p10,directional sign,grp11_243ba713-IMG_6313.jpg,3051.55,4498.11,3238.27,5029.13,0.4277,Back-Unknown,0.972
SAM 3,mtsd-p10,directional sign,grp11_2960150f-Pre_2026_6705.jpg,313.3,2190.26,1203.45,3503.69,0.6133,,0.0
SAM 3,mtsd-p10,directional sign,grp11_2960150f-Pre_2026_6705.jpg,455.0,3146.97,559.84,3338.28,0.4668,,0.0
SAM 3,mtsd-p10,directional sign,grp11_2960150f-Pre_2026_6705.jpg,718.36,1222.08,1403.32,2101.01,0.332,Blind-Spot Mirror (Convex Mirror),0.9777
SAM 3,mtsd-p10,directional sign,grp11_2a7d15c7-Pre_2026_6626.jpg,677.1,687.7,1662.27,1661.89,0.957,Pedestrian Crossing,0.9736
SAM 3,mtsd-p10,directional sign,grp11_2d64dcc1-IMG_20251125_194650.jpg,1178.12,966.23,1958.49,1701.37,0.9297,No Entry (One Way),0.9756
SAM 3,mtsd-p10,directional sign,grp11_2dae9065-IMG_20251125_195604.jpg,1327.74,258.76,1755.77,1224.67,0.9453,Other-Unknown,0.9098
SAM 3,mtsd-p10,directional sign,grp11_2dae9065-IMG_20251125_195604.jpg,1372.9,1440.38,1720.94,1838.28,0.3184,,0.0
SAM 3,mtsd-p10,directional sign,grp11_387a3e09-IMG_6403.jpeg,1099.32,846.71,2570.92,2646.94,0.875,,0.4281
SAM 3,mtsd-p10,directional sign,grp11_387a3e09-IMG_6403.jpeg,4205.28,1963.13,4253.17,2023.04,0.5781,,0.0
SAM 3,mtsd-p10,directional sign,grp11_387a3e09-IMG_6403.jpeg,1397.5,2469.57,2678.97,3206.0,0.3926,,0.0037
SAM 3,mtsd-p10,directional sign,grp11_387a3e09-IMG_6403.jpeg,5.66,173.0,215.07,991.9,0.3086,,0.0
SAM 3,mtsd-p10,directional sign,grp11_3a5a4d41-Pre_2026_6633.jpg,817.41,1286.32,905.47,1390.24,0.8945,,0.0122
SAM 3,mtsd-p10,directional sign,grp11_3a5a4d41-Pre_2026_6633.jpg,643.02,788.62,1499.15,1650.43,0.4473,Blind-Spot Mirror (Convex Mirror),0.9813
SAM 3,mtsd-p10,directional sign,grp11_3a5a4d41-Pre_2026_6633.jpg,638.33,785.77,1501.47,4000.0,0.3438,,0.2692
SAM 3,mtsd-p10,directional sign,grp11_3f9be580-IMG_1323.jpg,1051.05,372.61,2282.81,1549.64,0.7344,Back-Unknown,0.985
SAM 3,mtsd-p10,directional sign,grp11_3f9be580-IMG_1323.jpg,1401.9,2554.52,1538.38,2686.98,0.4219,Blind-Spot Mirror (Convex Mirror),0.9417
SAM 3,mtsd-p10,directional sign,grp11_3f9be580-IMG_1323.jpg,1056.45,330.46,2280.49,4032.0,0.375,,0.3176
SAM 3,mtsd-p10,directional sign,grp11_3f9be580-IMG_1323.jpg,1314.2,2419.6,1424.96,2480.31,0.3164,Street Sign,0.8932
SAM 3,mtsd-p10,directional sign,grp11_4029b5b7-Pre_2026_6760.jpg,2166.3,662.86,2694.68,1230.22,0.9609,,0.0111
SAM 3,mtsd-p10,directional sign,grp11_41188dd2-IMG_1440.jpg,554.75,3078.35,924.03,3454.13,0.8906,No Entry (One Way),0.9379
SAM 3,mtsd-p10,directional sign,grp11_41188dd2-IMG_1440.jpg,624.49,0.0,2101.15,1303.56,0.5469,Back-Unknown,0.99
SAM 3,mtsd-p10,directional sign,grp11_41188dd2-IMG_1440.jpg,1490.65,0.0,2461.35,508.97,0.377,,0.1476
SAM 3,mtsd-p10,directional sign,grp11_4a7fe027-Pre_2026_6682.jpg,281.56,807.43,1645.08,2207.32,0.3301,Blind-Spot Mirror (Convex Mirror),0.9745
SAM 3,mtsd-p10,directional sign,grp11_4a8ce21e-IMG_20251125_194252.jpg,2534.47,2315.86,2767.19,2445.3,0.8945,,0.0051
SAM 3,mtsd-p10,directional sign,grp11_4a8ce21e-IMG_20251125_194252.jpg,1723.41,2483.39,1834.35,2579.05,0.8047,,0.0
SAM 3,mtsd-p10,directional sign,grp11_4a8ce21e-IMG_20251125_194252.jpg,134.21,1872.26,347.45,2103.88,0.707,Other-Unknown,0.8092
SAM 3,mtsd-p10,directional sign,grp11_4a8ce21e-IMG_20251125_194252.jpg,2569.18,2098.27,2722.49,2261.34,0.6055,Other-Unknown,0.7009
SAM 3,mtsd-p10,directional sign,grp11_4a8ce21e-IMG_20251125_194252.jpg,1388.32,1169.41,1929.41,1823.7,0.5391,Back-Unknown,0.9627
SAM 3,mtsd-p10,directional sign,grp11_4a8ce21e-IMG_20251125_194252.jpg,2570.11,2433.08,2735.56,2549.6,0.4883,,0.0
SAM 3,mtsd-p10,directional sign,grp11_4a8ce21e-IMG_20251125_194252.jpg,2567.96,2257.85,2723.78,2315.06,0.416,,0.2509
SAM 3,mtsd-p10,directional sign,grp11_578f49cf-IMG_6367.jpeg,343.03,1256.47,2042.07,1987.49,0.9414,,0.1303
SAM 3,mtsd-p10,directional sign,grp11_5c71ae7e-IMG_6256.jpeg,1970.94,3127.85,2103.71,3276.34,0.6797,,0.0
SAM 3,mtsd-p10,directional sign,grp11_5c71ae7e-IMG_6256.jpeg,835.69,1022.9,2129.18,2076.94,0.6172,Back-Unknown,0.9708
SAM 3,mtsd-p10,directional sign,grp11_5c71ae7e-IMG_6256.jpeg,629.99,3133.94,712.76,3229.52,0.459,Blind-Spot Mirror (Convex Mirror),0.8438
SAM 3,mtsd-p10,directional sign,grp11_5cef4344-Pre_2026_6674.jpg,568.16,151.76,1663.49,1009.82,0.957,No Entry (One Way),0.9778
SAM 3,mtsd-p10,directional sign,grp11_5cef4344-Pre_2026_6674.jpg,59.69,946.49,1700.26,2472.18,0.8984,Back-Unknown,0.9708
SAM 3,mtsd-p10,directional sign,grp11_5cef4344-Pre_2026_6674.jpg,761.55,2899.16,1202.62,3715.42,0.5938,Street Sign,0.9367
SAM 3,mtsd-p10,directional sign,grp11_6bd01c27-IMG_1442.jpg,1078.98,425.99,1806.29,1642.99,0.9727,Pedestrian Crossing,0.9853
SAM 3,mtsd-p10,directional sign,grp11_6d03b071-IMG_6395.jpeg,1115.3,1152.2,2498.62,2396.33,0.9688,,0.4022
SAM 3,mtsd-p10,directional sign,grp11_6d03b071-IMG_6395.jpeg,1673.48,2390.35,2934.49,2845.64,0.3438,,0.0
SAM 3,mtsd-p10,directional sign,grp11_6d1c0888-IMG_20251125_191657.jpg,1499.68,979.22,1657.99,3274.28,0.4219,,0.1536
SAM 3,mtsd-p10,directional sign,grp11_8297098a-IMG_6326.jpeg,1256.61,1009.15,2934.18,2924.73,0.4102,,0.3596
SAM 3,mtsd-p10,directional sign,grp11_87a2a97d-IMG_6417.jpeg,1578.29,1890.15,4093.17,5443.22,0.9688,Other-Unknown,0.9794
SAM 3,mtsd-p10,directional sign,grp11_8d5205a5-IMG_6322.jpeg,861.01,1148.44,2142.12,2205.23,0.9688,,0.2046
SAM 3,mtsd-p10,directional sign,grp11_8d5205a5-IMG_6322.jpeg,2162.5,962.57,2639.24,2308.69,0.8672,,0.18
SAM 3,mtsd-p10,directional sign,grp11_8da30211-IMG_1389.jpg,983.92,322.41,2142.19,1558.77,0.793,Back-Unknown,0.9872
SAM 3,mtsd-p10,directional sign,grp11_8da30211-IMG_1389.jpg,982.28,338.55,2147.62,4032.0,0.3008,,0.3297
SAM 3,mtsd-p10,directional sign,grp11_92113811-IMG_1371.jpg,1232.04,1674.91,2227.63,3501.57,0.9102,Back-Unknown,0.9792
SAM 3,mtsd-p10,directional sign,grp11_92113811-IMG_1371.jpg,724.89,0.0,2385.31,1565.15,0.8984,Back-Unknown,0.9952
SAM 3,mtsd-p10,directional sign,grp11_92113811-IMG_1371.jpg,2949.04,1969.14,3002.33,2274.65,0.8125,No Entry (One Way),0.77
SAM 3,mtsd-p10,directional sign,grp11_92113811-IMG_1371.jpg,2946.47,1962.21,3024.0,3400.9,0.3965,,0.1639
SAM 3,mtsd-p10,directional sign,grp11_93c9acc6-Pre_2026_6752.jpg,2352.64,528.95,3283.07,1172.62,0.9727,,0.0
SAM 3,mtsd-p10,directional sign,grp11_94c2771c-IMG_1367.jpg,1147.4,0.0,1889.06,312.01,0.8242,Back-Unknown,0.9787
SAM 3,mtsd-p10,directional sign,grp11_94c2771c-IMG_1367.jpg,1211.25,916.41,1899.08,1552.37,0.375,,0.0
SAM 3,mtsd-p10,directional sign,grp11_9adb1ffc-IMG_1447.jpg,1065.43,494.97,2222.02,1744.91,0.9453,Pedestrian Crossing,0.9618
SAM 3,mtsd-p10,directional sign,grp11_9aea0791-Pre_2026_6686.jpg,652.11,691.2,1239.52,1687.77,0.8906,Stop Sign,0.9873
SAM 3,mtsd-p10,directional sign,grp11_9aea0791-Pre_2026_6686.jpg,545.47,704.99,1244.9,3993.89,0.3711,,0.2529
SAM 3,mtsd-p10,directional sign,grp11_9e3f1527-IMG_6303.jpeg,1313.96,582.83,2574.14,2433.45,0.7617,,0.347
SAM 3,mtsd-p10,directional sign,grp11_9e3f1527-IMG_6303.jpeg,0.0,0.0,1193.55,295.52,0.6758,,0.0
SAM 3,mtsd-p10,directional sign,grp11_a9ff1854-IMG_6408.jpeg,1840.97,667.42,3121.95,1836.16,0.9648,,0.4184
SAM 3,mtsd-p10,directional sign,grp11_a9ff1854-IMG_6408.jpeg,595.75,575.95,1823.44,1826.2,0.8125,,0.0661
SAM 3,mtsd-p10,directional sign,grp11_aff5c880-IMG_6324.jpeg,1134.39,1256.52,1974.56,2152.04,0.9648,Other-Unknown,0.9904
SAM 3,mtsd-p10,directional sign,grp11_aff5c880-IMG_6324.jpeg,1903.96,3505.2,1961.41,3588.16,0.6758,,0.0
SAM 3,mtsd-p10,directional sign,grp11_aff5c880-IMG_6324.jpeg,2412.96,3451.8,2487.0,3576.04,0.668,Back-Unknown,0.5485
SAM 3,mtsd-p10,directional sign,grp11_aff5c880-IMG_6324.jpeg,2424.85,3452.02,2480.73,3534.15,0.582,,0.204
SAM 3,mtsd-p10,directional sign,grp11_aff5c880-IMG_6324.jpeg,2412.6,3513.74,2489.7,3577.62,0.4844,Back-Unknown,0.8124
SAM 3,mtsd-p10,directional sign,grp11_b25d900c-Pre_2026_6648.jpg,721.87,919.12,1314.6,1600.7,0.3301,Blind-Spot Mirror (Convex Mirror),0.9809
SAM 3,mtsd-p10,directional sign,grp11_b40e574e-IMG_1307.jpg,1226.61,273.23,1988.74,1058.61,0.9492,Other-Unknown,0.9697
SAM 3,mtsd-p10,directional sign,grp11_b40e574e-IMG_1307.jpg,1320.56,1025.21,1914.07,1248.4,0.7188,Auxiliary Sign,0.9623
SAM 3,mtsd-p10,directional sign,grp11_b40e574e-IMG_1307.jpg,712.15,0.0,1507.77,307.73,0.4961,,0.0142
SAM 3,mtsd-p10,directional sign,grp11_b40e574e-IMG_1307.jpg,1653.53,1795.01,1689.46,1848.34,0.4395,,0.0
SAM 3,mtsd-p10,directional sign,grp11_b40e574e-IMG_1307.jpg,177.35,927.56,568.33,1444.36,0.3379,,0.0
SAM 3,mtsd-p10,directional sign,grp11_b4a34518-Pre_2026_6659.jpg,591.41,828.04,1302.88,1699.43,0.9492,Pedestrian Crossing,0.9759
SAM 3,mtsd-p10,directional sign,grp11_b4a34518-Pre_2026_6659.jpg,577.1,1600.14,1030.87,2349.52,0.5391,Back-Unknown,0.9525
SAM 3,mtsd-p10,directional sign,grp11_b4a34518-Pre_2026_6659.jpg,2118.84,2193.5,2175.18,2261.43,0.4219,,0.0
SAM 3,mtsd-p10,directional sign,grp11_bab711b8-IMG_20251125_192613.jpg,1122.65,783.66,1843.63,1682.29,0.9453,Pedestrian Crossing,0.9531
SAM 3,mtsd-p10,directional sign,grp11_badbe466-IMG_20251125_194752.jpg,784.85,1367.04,1407.42,2075.33,0.6836,Back-Unknown,0.9672
SAM 3,mtsd-p10,directional sign,grp11_badbe466-IMG_20251125_194752.jpg,2798.81,2343.78,2828.95,2420.85,0.5078,,0.0
SAM 3,mtsd-p10,directional sign,grp11_badbe466-IMG_20251125_194752.jpg,3.15,2575.52,50.12,2736.87,0.4219,Back-Unknown,0.8458
SAM 3,mtsd-p10,directional sign,grp11_badbe466-IMG_20251125_194752.jpg,831.49,1370.58,1412.24,3991.76,0.3926,,0.2612
SAM 3,mtsd-p10,directional sign,grp11_badbe466-IMG_20251125_194752.jpg,1932.79,2086.63,2125.87,2295.46,0.375,Back-Unknown,0.8705
SAM 3,mtsd-p10,directional sign,grp11_badbe466-IMG_20251125_194752.jpg,484.35,2358.81,544.44,2436.39,0.3242,Back-Unknown,0.9635
SAM 3,mtsd-p10,directional sign,grp11_bdad925f-IMG_20251125_194953.jpg,1098.98,1272.4,1859.0,2070.41,0.668,Back-Unknown,0.9884
SAM 3,mtsd-p10,directional sign,grp11_bdad925f-IMG_20251125_194953.jpg,1098.82,1264.58,1859.55,3026.7,0.4199,,0.4538
SAM 3,mtsd-p10,directional sign,grp11_bdad925f-IMG_20251125_194953.jpg,1598.76,857.69,1908.92,1089.89,0.3965,,0.0
SAM 3,mtsd-p10,directional sign,grp11_bdad925f-IMG_20251125_194953.jpg,1333.55,2160.0,3000.0,2615.18,0.3027,,0.0
SAM 3,mtsd-p10,directional sign,grp11_cb23d6ca-IMG_20251125_190938.jpg,1373.25,2592.37,1674.44,3655.91,0.9453,Other-Unknown,0.9748
SAM 3,mtsd-p10,directional sign,grp11_cb23d6ca-IMG_20251125_190938.jpg,1358.2,681.86,1647.54,1611.68,0.875,Other-Unknown,0.9458
SAM 3,mtsd-p10,directional sign,grp11_cb23d6ca-IMG_20251125_190938.jpg,999.83,2138.1,1171.55,2331.61,0.8672,Other-Unknown,0.9381
SAM 3,mtsd-p10,directional sign,grp11_cb23d6ca-IMG_20251125_190938.jpg,953.45,1352.27,1192.43,1556.77,0.6875,Auxiliary Sign,0.9461
SAM 3,mtsd-p10,directional sign,grp11_cb23d6ca-IMG_20251125_190938.jpg,953.6,1946.28,1210.64,2143.25,0.6562,Auxiliary Sign,0.9725
SAM 3,mtsd-p10,directional sign,grp11_cb23d6ca-IMG_20251125_190938.jpg,951.37,1752.74,1204.01,1948.68,0.6562,Auxiliary Sign,0.9562
SAM 3,mtsd-p10,directional sign,grp11_cb23d6ca-IMG_20251125_190938.jpg,952.63,1555.63,1196.73,1753.89,0.6445,Auxiliary Sign,0.9644
SAM 3,mtsd-p10,directional sign,grp11_cb23d6ca-IMG_20251125_190938.jpg,2851.76,2072.77,3000.0,2551.98,0.6094,Back-Unknown,0.9307
SAM 3,mtsd-p10,directional sign,grp11_cb23d6ca-IMG_20251125_190938.jpg,2924.21,1901.84,2999.67,2019.97,0.4219,,0.0
SAM 3,mtsd-p10,directional sign,grp11_cf483702-IMG_20251125_195623.jpg,2584.24,2506.44,2798.57,2633.1,0.8984,,0.0049
SAM 3,mtsd-p10,directional sign,grp11_cf483702-IMG_20251125_195623.jpg,2606.88,2406.41,2753.31,2505.66,0.8438,Auxiliary Sign,0.9531
SAM 3,mtsd-p10,directional sign,grp11_cf483702-IMG_20251125_195623.jpg,1474.89,1603.12,2109.83,2677.82,0.3906,Back-Unknown,0.9743
SAM 3,mtsd-p10,directional sign,grp11_cf483702-IMG_20251125_195623.jpg,1436.81,585.31,2133.32,1617.29,0.3887,Back-Unknown,0.9271
SAM 3,mtsd-p10,directional sign,grp11_d9b50eb1-Pre_2026_6691.jpg,801.95,1238.85,1147.64,1679.09,0.9336,Stop Sign,0.9609
SAM 3,mtsd-p10,directional sign,grp11_d9b50eb1-Pre_2026_6691.jpg,666.32,1668.88,1290.35,2208.75,0.9102,Other-Unknown,0.949
SAM 3,mtsd-p10,directional sign,grp11_d9b50eb1-Pre_2026_6691.jpg,656.3,2190.32,1288.16,2409.98,0.8438,Auxiliary Sign,0.9527
SAM 3,mtsd-p10,directional sign,grp11_d9b50eb1-Pre_2026_6691.jpg,665.42,1578.92,1290.99,3970.58,0.3633,,0.2328
SAM 3,mtsd-p10,directional sign,grp11_daaadabb-IMG_1451.jpg,922.28,0.0,1815.06,1384.59,0.9531,Pedestrian Crossing,0.9701
SAM 3,mtsd-p10,directional sign,grp11_daaadabb-IMG_1451.jpg,1012.25,317.5,1671.32,1189.18,0.3105,,0.4509
SAM 3,mtsd-p10,directional sign,grp11_e27435a0-IMG_20251125_194217.jpg,809.51,1009.54,1634.43,1902.03,0.6602,Back-Unknown,0.9663
SAM 3,mtsd-p10,directional sign,grp11_e27435a0-IMG_20251125_194217.jpg,806.41,992.42,1633.51,3998.6,0.3359,,0.2878
SAM 3,mtsd-p10,directional sign,grp11_ebb70ae4-Pre_2026_6672.jpg,590.44,1165.69,2011.22,2251.35,0.9531,Pedestrian Crossing,0.9875
SAM 3,mtsd-p10,directional sign,grp11_ebb70ae4-Pre_2026_6672.jpg,413.71,2263.9,785.97,2374.41,0.8125,Other-Unknown,0.9057
SAM 3,mtsd-p10,directional sign,grp11_ebb70ae4-Pre_2026_6672.jpg,160.85,2257.84,1027.92,3054.72,0.5469,Street Sign,0.9605
SAM 3,mtsd-p10,directional sign,grp11_ebb70ae4-Pre_2026_6672.jpg,914.07,586.51,1628.38,1352.56,0.5312,Back-Unknown,0.9834
SAM 3,mtsd-p10,directional sign,grp11_ee2f066e-IMG_20251125_194701.jpg,524.15,1000.7,1468.87,1890.69,0.9258,Pedestrian Crossing,0.9567
SAM 3,mtsd-p10,directional sign,grp11_ee2f066e-IMG_20251125_194701.jpg,1849.69,2404.36,1888.39,2464.39,0.7422,Other-Unknown,0.8514
SAM 3,mtsd-p10,directional sign,grp11_ee2f066e-IMG_20251125_194701.jpg,1842.39,2343.26,1883.97,2400.53,0.7305,Stop Sign,0.8277
SAM 3,mtsd-p10,directional sign,grp11_ee2f066e-IMG_20251125_194701.jpg,2182.33,2738.07,2380.61,2813.42,0.5391,,0.0
SAM 3,mtsd-p10,directional sign,grp11_ee2f066e-IMG_20251125_194701.jpg,583.35,2516.19,649.05,2600.95,0.4551,Back-Unknown,0.7466
SAM 3,mtsd-p10,directional sign,grp11_f09e9bf4-Pre_2026_6657.jpg,503.97,500.05,1647.45,1761.73,0.9531,Pedestrian Crossing,0.9783
SAM 3,mtsd-p10,directional sign,grp11_f0c7f95a-IMG_6420.jpeg,710.06,1139.83,3421.55,2082.37,0.9727,,0.305
SAM 3,mtsd-p10,directional sign,grp11_f3e6cd7a-IMG_6398.jpeg,1450.47,964.86,2384.55,3087.5,0.9375,Stop Sign,0.9786
SAM 3,mtsd-p10,directional sign,grp11_f3e6cd7a-IMG_6398.jpeg,2642.6,4705.25,2750.01,4860.8,0.8438,Other-Unknown,0.9157
SAM 3,mtsd-p10,directional sign,grp11_f3e6cd7a-IMG_6398.jpeg,1130.78,4779.86,1204.92,4860.23,0.6914,,0.0
SAM 3,mtsd-p10,directional sign,grp11_f3e6cd7a-IMG_6398.jpeg,72.63,633.63,1599.48,2606.35,0.6602,Back-Unknown,0.8595
SAM 3,mtsd-p10,directional sign,grp11_f3e6cd7a-IMG_6398.jpeg,221.05,2592.49,435.67,2868.7,0.4785,,0.0169
SAM 3,mtsd-p10,directional sign,grp11_f71868de-IMG_20251125_191832.jpg,303.68,349.62,997.18,1325.7,0.5547,Back-Unknown,0.969
SAM 3,mtsd-p10,directional sign,grp11_f71868de-IMG_20251125_191832.jpg,300.79,351.99,972.97,3986.94,0.3691,,0.2635
SAM 3,mtsd-p10,directional sign,grp11_fbaad6ff-IMG_1423.jpg,994.85,440.53,2001.85,1372.45,0.957,No Entry (One Way),0.9701
SAM 3,mtsd-p10,directional sign,grp11_fbaad6ff-IMG_1423.jpg,992.0,440.06,2006.66,4032.0,0.3379,,0.2551
SAM 3,mtsd-p10,directional sign,grp1_02ac92f5-IMG20251123165127.jpg,1441.1,1374.46,2002.07,2859.32,0.8867,Blind-Spot Mirror (Convex Mirror),0.9718
SAM 3,mtsd-p10,directional sign,grp1_02ac92f5-IMG20251123165127.jpg,2053.6,3524.03,2653.35,4036.08,0.7891,Back-Unknown,0.9577
SAM 3,mtsd-p10,directional sign,grp1_072bd818-IMG_4648.jpeg,1121.91,1422.49,1773.46,3086.51,0.9258,Stop Sign,0.9371
SAM 3,mtsd-p10,directional sign,grp1_072bd818-IMG_4648.jpeg,2585.37,2959.53,3024.0,3578.49,0.8477,,0.0
SAM 3,mtsd-p10,directional sign,grp1_072bd818-IMG_4648.jpeg,1495.73,3528.83,1662.76,3682.58,0.7305,,0.0
SAM 3,mtsd-p10,directional sign,grp1_091652b2-IMG20260105120954.jpg,501.61,1037.13,2764.37,3072.61,0.9102,Auxiliary Sign,0.9717
SAM 3,mtsd-p10,directional sign,grp1_091652b2-IMG20260105120954.jpg,1071.2,1204.94,2285.82,2321.95,0.4746,,0.2862
SAM 3,mtsd-p10,directional sign,grp1_094f8a9f-RV__2.jpeg,1073.64,1203.76,1818.37,1995.95,0.9492,Other-Unknown,0.9824
SAM 3,mtsd-p10,directional sign,grp1_094f8a9f-RV__2.jpeg,1239.11,1862.66,1718.26,3079.87,0.9453,Pedestrian Crossing,0.9579
SAM 3,mtsd-p10,directional sign,grp1_094f8a9f-RV__2.jpeg,1061.43,591.9,1813.99,1260.24,0.9453,Stop Sign,0.9719
SAM 3,mtsd-p10,directional sign,grp1_094f8a9f-RV__2.jpeg,175.13,2787.6,331.17,2994.98,0.8594,Auxiliary Sign,0.9627
SAM 3,mtsd-p10,directional sign,grp1_094f8a9f-RV__2.jpeg,102.3,2961.07,330.8,3145.8,0.7773,Auxiliary Sign,0.8331
SAM 3,mtsd-p10,directional sign,grp1_094f8a9f-RV__2.jpeg,1336.37,2194.82,1688.79,2907.36,0.3477,,0.4124
SAM 3,mtsd-p10,directional sign,grp1_094f8a9f-RV__2.jpeg,1945.81,3300.01,2003.4,3354.82,0.3105,,0.0
SAM 3,mtsd-p10,directional sign,grp1_0dd8c85f-RV_001_114.jpeg,1926.43,3197.93,2052.17,3378.53,0.8984,Other-Unknown,0.9399
SAM 3,mtsd-p10,directional sign,grp1_0dd8c85f-RV_001_114.jpeg,1909.55,3063.67,2035.29,3220.55,0.8594,Stop Sign,0.9654
SAM 3,mtsd-p10,directional sign,grp1_0dd8c85f-RV_001_114.jpeg,1713.23,3303.69,1768.44,3382.36,0.7773,Other-Unknown,0.921
SAM 3,mtsd-p10,directional sign,grp1_0dd8c85f-RV_001_114.jpeg,1051.34,1706.2,2047.33,2764.93,0.5469,Back-Unknown,0.9782
SAM 3,mtsd-p10,directional sign,grp1_0ea4c27e-RV_001_43.jpeg,918.09,1871.28,2136.13,2945.5,0.9609,Stop Sign,0.9718
SAM 3,mtsd-p10,directional sign,grp1_1bc3cf13-IMG_5516.jpeg,552.81,883.36,1057.4,1361.86,0.9336,Pedestrian Crossing,0.9645
SAM 3,mtsd-p10,directional sign,grp1_1bc3cf13-IMG_5516.jpeg,853.59,1529.89,897.31,1602.77,0.8164,No Through Road (T-Junction),0.9457
SAM 3,mtsd-p10,directional sign,grp1_1bc3cf13-IMG_5516.jpeg,847.4,1672.79,911.16,1712.27,0.7695,Street Sign,0.9343
SAM 3,mtsd-p10,directional sign,grp1_1bc3cf13-IMG_5516.jpeg,841.61,1450.86,913.18,1534.28,0.7266,Other-Unknown,0.9282
SAM 3,mtsd-p10,directional sign,grp1_1bc3cf13-IMG_5516.jpeg,269.6,1774.19,351.15,1808.46,0.3047,,0.0
SAM 3,mtsd-p10,directional sign,grp1_1e8d03ef-IMG_4745.jpeg,1039.26,0.62,2083.83,736.06,0.9258,Back-Unknown,0.9665
SAM 3,mtsd-p10,directional sign,grp1_1e8d03ef-IMG_4745.jpeg,788.77,762.37,2415.03,2359.34,0.8984,Back-Unknown,0.9772
SAM 3,mtsd-p10,directional sign,grp1_1e8d03ef-IMG_4745.jpeg,2626.33,2223.07,2659.85,2255.75,0.3926,,0.0
SAM 3,mtsd-p10,directional sign,grp1_1e8d03ef-IMG_4745.jpeg,2272.08,2223.91,2305.03,2254.25,0.3887,,0.0004
SAM 3,mtsd-p10,directional sign,grp1_1e8d03ef-IMG_4745.jpeg,818.19,49.52,2388.52,3994.69,0.3008,,0.4033
SAM 3,mtsd-p10,directional sign,grp1_1ea7fc82-IMG_4719.jpeg,601.27,1171.81,2382.63,3073.51,0.9492,Back-Unknown,0.9864
SAM 3,mtsd-p10,directional sign,grp1_213f8e9b-IMG20260105131202.jpg,264.7,845.8,2510.8,2988.95,0.9453,No Entry (One Way),0.9715
SAM 3,mtsd-p10,directional sign,grp1_213f8e9b-IMG20260105131202.jpg,229.3,2814.54,493.61,2963.01,0.5117,,0.0075
SAM 3,mtsd-p10,directional sign,grp1_22a1d833-RV_001_174.jpeg,1054.89,992.75,2243.1,1992.48,0.9375,Back-Unknown,0.9772
SAM 3,mtsd-p10,directional sign,grp1_22a1d833-RV_001_174.jpeg,1072.85,2005.99,2163.35,3068.05,0.9102,Back-Unknown,0.9772
SAM 3,mtsd-p10,directional sign,grp1_22a1d833-RV_001_174.jpeg,2550.57,3795.06,2737.99,4032.0,0.5352,Auxiliary Sign,0.9181
SAM 3,mtsd-p10,directional sign,grp1_22a1d833-RV_001_174.jpeg,2241.81,2227.65,2715.9,2411.22,0.5195,,0.0
SAM 3,mtsd-p10,directional sign,grp1_22a1d833-RV_001_174.jpeg,1055.86,992.56,2241.35,4032.0,0.3066,,0.3289
SAM 3,mtsd-p10,directional sign,grp1_22c68da3-IMG_4717.jpeg,745.46,1149.33,2373.86,2459.15,0.9375,Stop Sign,0.9782
SAM 3,mtsd-p10,directional sign,grp1_2493a507-RV_001_172.jpeg,1023.59,2267.4,1974.35,3206.59,0.9414,Roundabout Ahead,0.9859
SAM 3,mtsd-p10,directional sign,grp1_2493a507-RV_001_172.jpeg,965.95,1433.49,1989.78,2267.1,0.8359,Other-Unknown,0.9795
SAM 3,mtsd-p10,directional sign,grp1_2493a507-RV_001_172.jpeg,1713.85,3977.5,1749.6,4031.03,0.4648,,0.0
SAM 3,mtsd-p10,directional sign,grp1_2493a507-RV_001_172.jpeg,1059.26,3809.88,1085.48,3863.0,0.3535,,0.0
SAM 3,mtsd-p10,directional sign,grp1_25ff97a8-IMG20260105132835.jpg,474.08,859.81,2722.83,2793.66,0.957,No Through Road (T-Junction),0.9822
SAM 3,mtsd-p10,directional sign,grp1_25ff97a8-IMG20260105132835.jpg,728.24,87.64,2066.52,1028.03,0.9492,Street Sign,0.9833
SAM 3,mtsd-p10,directional sign,grp1_265aa6a6-IMG_5573.jpeg,1321.09,1966.13,1692.6,2760.61,0.918,No Entry (One Way),0.9766
SAM 3,mtsd-p10,directional sign,grp1_265aa6a6-IMG_5573.jpeg,1320.61,1967.48,1693.21,4025.52,0.3848,,0.3851
SAM 3,mtsd-p10,directional sign,grp1_2a767150-RV_001_64.jpeg,1011.48,2828.6,1856.87,3307.8,0.3047,,0.0
SAM 3,mtsd-p10,directional sign,grp1_2f062204-IMG_5549.jpeg,1183.37,1778.29,1882.56,2482.45,0.957,No Entry (One Way),0.9687
SAM 3,mtsd-p10,directional sign,grp1_2f062204-IMG_5549.jpeg,1777.71,3496.92,1837.7,3580.84,0.8438,Other-Unknown,0.9066
SAM 3,mtsd-p10,directional sign,grp1_2f062204-IMG_5549.jpeg,2496.37,3528.15,2536.7,3656.11,0.6562,,0.4349
SAM 3,mtsd-p10,directional sign,grp1_2f062204-IMG_5549.jpeg,2724.77,3570.88,2761.95,3624.63,0.6289,Pedestrian Crossing,0.8183
SAM 3,mtsd-p10,directional sign,grp1_2f062204-IMG_5549.jpeg,2505.44,3594.28,2539.13,3654.17,0.5312,Other-Unknown,0.9452
SAM 3,mtsd-p10,directional sign,grp1_2f062204-IMG_5549.jpeg,2358.95,3536.94,2386.36,3618.08,0.3613,,0.4655
SAM 3,mtsd-p10,directional sign,grp1_335c2601-IMG_4793.jpeg,749.72,789.39,2235.94,2245.22,0.9141,Stop Sign,0.979
SAM 3,mtsd-p10,directional sign,grp1_335c2601-IMG_4793.jpeg,569.46,3764.71,1274.37,4031.87,0.832,Other-Unknown,0.9356
SAM 3,mtsd-p10,directional sign,grp1_37e4fc9d-RV_001_33.jpeg,1011.84,1899.69,2113.18,2983.48,0.8008,Back-Unknown,0.9848
SAM 3,mtsd-p10,directional sign,grp1_37e4fc9d-RV_001_33.jpeg,615.08,3808.92,658.18,3981.33,0.7188,No Entry (One Way),0.8807
SAM 3,mtsd-p10,directional sign,grp1_37e4fc9d-RV_001_33.jpeg,999.5,3594.81,1120.03,3731.13,0.6406,,0.0
SAM 3,mtsd-p10,directional sign,grp1_37e4fc9d-RV_001_33.jpeg,2791.24,3783.31,2849.87,3864.44,0.5352,Back-Unknown,0.8431
SAM 3,mtsd-p10,directional sign,grp1_37e4fc9d-RV_001_33.jpeg,579.73,3805.54,622.77,3987.05,0.4414,Back-Unknown,0.9005
SAM 3,mtsd-p10,directional sign,grp1_37e4fc9d-RV_001_33.jpeg,1733.87,3878.02,1766.85,3928.2,0.4199,Other-Unknown,0.5767
SAM 3,mtsd-p10,directional sign,grp1_37e4fc9d-RV_001_33.jpeg,606.34,3582.41,654.94,3772.98,0.3906,Back-Unknown,0.8132
SAM 3,mtsd-p10,directional sign,grp1_37e4fc9d-RV_001_33.jpeg,589.53,3647.45,889.89,3799.2,0.3848,,0.1016
SAM 3,mtsd-p10,directional sign,grp1_37e4fc9d-RV_001_33.jpeg,584.27,3575.09,661.73,4004.08,0.3184,,0.2512
SAM 3,mtsd-p10,directional sign,grp1_37e4fc9d-RV_001_33.jpeg,579.97,3803.31,662.03,3994.56,0.3086,,0.4968
SAM 3,mtsd-p10,directional sign,grp1_39fe0c0b-IMG_4673.jpeg,915.52,0.0,2539.21,954.57,0.9219,Back-Unknown,0.9692
SAM 3,mtsd-p10,directional sign,grp1_39fe0c0b-IMG_4673.jpeg,870.26,750.13,2069.71,2499.84,0.8984,Back-Unknown,0.9903
SAM 3,mtsd-p10,directional sign,grp1_39fe0c0b-IMG_4673.jpeg,2122.96,1328.84,2256.97,2351.13,0.332,,0.0
SAM 3,mtsd-p10,directional sign,grp1_39fe0c0b-IMG_4673.jpeg,871.09,21.12,2531.13,4023.58,0.3281,,0.3174
SAM 3,mtsd-p10,directional sign,grp1_3b1bbe25-IMG_4677.jpeg,479.4,1003.41,2519.31,3264.46,0.9727,Pedestrian Crossing,0.9774
SAM 3,mtsd-p10,directional sign,grp1_46552970-IMG_5766.jpeg,1050.17,1632.5,1944.23,2619.58,0.9492,No Through Road (T-Junction),0.9649
SAM 3,mtsd-p10,directional sign,grp1_46552970-IMG_5766.jpeg,952.19,2622.53,2001.15,3359.69,0.9297,Auxiliary Sign,0.9826
SAM 3,mtsd-p10,directional sign,grp1_46552970-IMG_5766.jpeg,0.0,3301.77,30.44,3494.19,0.5273,,0.0
SAM 3,mtsd-p10,directional sign,grp1_4b0be6d1-IMG20260105131256.jpg,779.29,396.23,2470.93,3290.65,0.9492,Pedestrian Crossing,0.9724
SAM 3,mtsd-p10,directional sign,grp1_5068c583-IMG_4683.jpeg,769.51,1409.36,1994.21,3000.85,0.9492,Pedestrian Crossing,0.9493
SAM 3,mtsd-p10,directional sign,grp1_5068c583-IMG_4683.jpeg,898.76,1811.28,1799.6,2745.96,0.3105,,0.4101
SAM 3,mtsd-p10,directional sign,grp1_52634fe4-IMG_20260108_180144.jpg,1285.15,858.6,1767.71,3224.31,0.8984,Roundabout Ahead,0.954
SAM 3,mtsd-p10,directional sign,grp1_52634fe4-IMG_20260108_180144.jpg,1318.89,0.0,2281.63,1132.87,0.8047,Back-Unknown,0.9859
SAM 3,mtsd-p10,directional sign,grp1_52634fe4-IMG_20260108_180144.jpg,2072.97,2146.26,2135.74,2213.12,0.7539,Stop Sign,0.7839
SAM 3,mtsd-p10,directional sign,grp1_52634fe4-IMG_20260108_180144.jpg,1203.54,2107.91,1247.13,2189.85,0.7188,Stop Sign,0.887
SAM 3,mtsd-p10,directional sign,grp1_52634fe4-IMG_20260108_180144.jpg,2172.34,2063.62,2272.9,2110.18,0.4277,,0.0
SAM 3,mtsd-p10,directional sign,grp1_52634fe4-IMG_20260108_180144.jpg,1305.79,15.99,2287.03,4060.15,0.3672,,0.2807
SAM 3,mtsd-p10,directional sign,grp1_531e767b-IMG_4685.jpeg,316.79,1320.57,1958.54,3471.55,0.875,Back-Unknown,0.9669
SAM 3,mtsd-p10,directional sign,grp1_531e767b-IMG_4685.jpeg,0.0,3732.39,52.87,3977.32,0.6562,Other-Unknown,0.7315
SAM 3,mtsd-p10,directional sign,grp1_53e7c3c2-IMG_5568.jpeg,1074.26,1702.92,1693.17,2781.53,0.9492,No Entry (One Way),0.9722
SAM 3,mtsd-p10,directional sign,grp1_578dabe6-IMG_4802.jpeg,797.15,967.93,2294.1,2200.11,0.957,No Entry (One Way),0.9833
SAM 3,mtsd-p10,directional sign,grp1_578dabe6-IMG_4802.jpeg,405.53,3612.34,503.07,3681.86,0.7344,,0.0
SAM 3,mtsd-p10,directional sign,grp1_598f8dcc-IMG_5777.jpeg,380.87,751.13,1000.03,1356.04,0.9453,No Through Road (T-Junction),0.9729
SAM 3,mtsd-p10,directional sign,grp1_598f8dcc-IMG_5777.jpeg,917.39,1423.9,983.74,1506.85,0.9023,No Through Road (T-Junction),0.9268
SAM 3,mtsd-p10,directional sign,grp1_5eb024cb-IMG_20260108_180228.jpg,665.2,0.0,2177.73,936.39,0.9336,Back-Unknown,0.9758
SAM 3,mtsd-p10,directional sign,grp1_5eb024cb-IMG_20260108_180228.jpg,556.69,932.62,2562.5,2898.37,0.918,Back-Unknown,0.9857
SAM 3,mtsd-p10,directional sign,grp1_5eb024cb-IMG_20260108_180228.jpg,2962.76,3140.89,3072.0,3791.65,0.3242,,0.0
SAM 3,mtsd-p10,directional sign,grp1_64a36757-IMG20251230164429.jpg,571.89,977.08,2258.4,2450.87,0.9453,No Entry (One Way),0.9846
SAM 3,mtsd-p10,directional sign,grp1_64a36757-IMG20251230164429.jpg,656.45,2545.85,1977.03,4060.9,0.5508,Back-Unknown,0.9792
SAM 3,mtsd-p10,directional sign,grp1_69e094db-IMG20260103164903.jpg,417.71,646.77,2381.76,2718.97,0.9531,No Through Road (T-Junction),0.9853
SAM 3,mtsd-p10,directional sign,grp1_6ad1ae03-IMG_4778.jpeg,582.45,225.64,2650.02,1956.56,0.9727,Roundabout Ahead,0.9842
SAM 3,mtsd-p10,directional sign,grp1_6ad1ae03-IMG_4778.jpeg,1458.98,0.0,2150.83,271.53,0.8125,Other-Unknown,0.9189
SAM 3,mtsd-p10,directional sign,grp1_7052b6a6-IMG_5704.jpeg,889.17,1489.88,1993.33,2490.28,0.9219,Back-Unknown,0.9843
SAM 3,mtsd-p10,directional sign,grp1_71268279-IMG_4702.jpeg,1040.71,1612.67,2017.15,2733.62,0.3027,Blind-Spot Mirror (Convex Mirror),0.983
SAM 3,mtsd-p10,directional sign,grp1_7fcdb608-IMG_5767.jpeg,982.36,2565.17,1831.45,3591.78,0.9492,Auxiliary Sign,0.9671
SAM 3,mtsd-p10,directional sign,grp1_7fcdb608-IMG_5767.jpeg,1292.55,1347.51,1705.29,2667.22,0.9375,No Through Road (T-Junction),0.978
SAM 3,mtsd-p10,directional sign,grp1_8135c353-IMG_4634.jpeg,1046.99,3813.35,1528.7,4032.0,0.7852,Roundabout Ahead,0.7726
SAM 3,mtsd-p10,directional sign,grp1_8135c353-IMG_4634.jpeg,1208.42,1547.56,2016.09,3867.76,0.4336,Blind-Spot Mirror (Convex Mirror),0.979
SAM 3,mtsd-p10,directional sign,grp1_831c366a-IMG_5656.jpeg,395.72,717.27,1243.22,1492.83,0.7734,Blind-Spot Mirror (Convex Mirror),0.98
SAM 3,mtsd-p10,directional sign,grp1_831c366a-IMG_5656.jpeg,510.73,1537.31,1119.82,1961.66,0.4883,Back-Unknown,0.984
SAM 3,mtsd-p10,directional sign,grp1_8b994555-IMG_5798.jpeg,798.18,449.5,2141.46,1535.9,0.9297,Back-Unknown,0.9859
SAM 3,mtsd-p10,directional sign,grp1_8b994555-IMG_5798.jpeg,58.19,2636.36,159.61,2755.44,0.8984,Pedestrian Crossing,0.8999
SAM 3,mtsd-p10,directional sign,grp1_8b994555-IMG_5798.jpeg,924.56,1559.62,2015.85,2611.05,0.7812,Back-Unknown,0.9799
SAM 3,mtsd-p10,directional sign,grp1_8b994555-IMG_5798.jpeg,813.03,437.61,2132.3,4032.0,0.3398,,0.303
SAM 3,mtsd-p10,directional sign,grp1_8d820602-IMG_4687.jpeg,1278.01,1114.19,1839.33,3328.38,0.957,Pedestrian Crossing,0.9313
SAM 3,mtsd-p10,directional sign,grp1_8fe876b9-IMG_4754.jpeg,1632.63,848.22,2263.14,3122.65,0.9648,Pedestrian Crossing,0.972
SAM 3,mtsd-p10,directional sign,grp1_9082eb51-IMG20251230170110.jpg,1160.1,801.17,1966.59,3289.22,0.9609,Roundabout Ahead,0.9699
SAM 3,mtsd-p10,directional sign,grp1_9082eb51-IMG20251230170110.jpg,1554.28,0.0,1811.25,1124.88,0.8281,Other-Unknown,0.9763
SAM 3,mtsd-p10,directional sign,grp1_9dfbd54a-IMG_5537.jpeg,529.92,803.72,1057.07,1346.59,0.6055,Blind-Spot Mirror (Convex Mirror),0.9869
SAM 3,mtsd-p10,directional sign,grp1_9f52d58a-IMG_5554.jpeg,968.76,1611.36,2188.48,2559.49,0.918,Back-Unknown,0.9781
SAM 3,mtsd-p10,directional sign,grp1_9f52d58a-IMG_5554.jpeg,722.86,2545.7,2315.44,4032.0,0.9062,Back-Unknown,0.9843
SAM 3,mtsd-p10,directional sign,grp1_9f52d58a-IMG_5554.jpeg,0.0,428.12,491.49,2146.68,0.7461,Back-Unknown,0.5589
SAM 3,mtsd-p10,directional sign,grp1_9f52d58a-IMG_5554.jpeg,342.48,1385.61,700.16,2564.91,0.6953,,0.2791
SAM 3,mtsd-p10,directional sign,grp1_a7df285e-RV_001_147.jpeg,1379.97,3295.4,1482.69,3447.91,0.9023,No Entry (One Way),0.9665
SAM 3,mtsd-p10,directional sign,grp1_a7df285e-RV_001_147.jpeg,1166.11,1953.02,1944.42,2671.37,0.5664,Back-Unknown,0.9922
SAM 3,mtsd-p10,directional sign,grp1_a9638634-IMG20260105131308.jpg,991.62,730.52,2081.45,3245.57,0.9648,Roundabout Ahead,0.9681
SAM 3,mtsd-p10,directional sign,grp1_a9638634-IMG20260105131308.jpg,1154.85,0.0,1852.91,1174.83,0.9297,Other-Unknown,0.9677
SAM 3,mtsd-p10,directional sign,grp1_aa406f9d-IMG_4615.jpeg,818.76,1587.47,2039.75,2940.5,0.9688,No Entry (One Way),0.9687
SAM 3,mtsd-p10,directional sign,grp1_c74547eb-RV_001_38.jpeg,1249.48,1635.53,1817.47,2630.45,0.9531,No Entry (One Way),0.9807
SAM 3,mtsd-p10,directional sign,grp1_c74547eb-RV_001_38.jpeg,2359.16,3238.3,2403.88,3419.89,0.8438,No Entry (One Way),0.9124
SAM 3,mtsd-p10,directional sign,grp1_c74547eb-RV_001_38.jpeg,706.31,3274.29,810.22,3649.62,0.4707,,0.0
SAM 3,mtsd-p10,directional sign,grp1_c74547eb-RV_001_38.jpeg,2354.22,3239.13,2415.88,3802.51,0.3242,,0.2233
SAM 3,mtsd-p10,directional sign,grp1_ca48394e-RV_001_125.jpeg,1307.95,1988.31,1680.16,2991.79,0.9258,Stop Sign,0.9529
SAM 3,mtsd-p10,directional sign,grp1_ca48394e-RV_001_125.jpeg,2269.83,3384.46,2326.55,3448.04,0.6055,Back-Unknown,0.8752
SAM 3,mtsd-p10,directional sign,grp1_ca48394e-RV_001_125.jpeg,0.0,2758.65,49.53,3012.43,0.4062,,0.0
SAM 3,mtsd-p10,directional sign,grp1_cb282f25-RV_001_112.jpeg,1043.82,2032.44,2054.45,2957.16,0.9531,No Through Road (T-Junction),0.9632
SAM 3,mtsd-p10,directional sign,grp1_cb282f25-RV_001_112.jpeg,696.87,3544.35,749.08,3621.42,0.7109,No Entry (One Way),0.9297
SAM 3,mtsd-p10,directional sign,grp1_ce09cd20-IMG_4692.jpeg,747.39,2221.22,2173.77,3639.57,0.9258,Stop Sign,0.9745
SAM 3,mtsd-p10,directional sign,grp1_d341fc22-IMG20260105131647.jpg,995.91,0.0,2367.69,1023.27,0.8984,Back-Unknown,0.9777
SAM 3,mtsd-p10,directional sign,grp1_d341fc22-IMG20260105131647.jpg,633.91,1016.88,2534.66,3130.35,0.875,Back-Unknown,0.9864
SAM 3,mtsd-p10,directional sign,grp1_d341fc22-IMG20260105131647.jpg,518.51,3441.03,974.43,4096.0,0.3398,,0.0
SAM 3,mtsd-p10,directional sign,grp1_d64c06cd-IMG20260103165218.jpg,688.16,880.86,2561.55,2847.77,0.9531,No Through Road (T-Junction),0.9793
SAM 3,mtsd-p10,directional sign,grp1_d681b797-IMG20260105132903.jpg,1023.07,484.53,2232.34,3275.25,0.9609,Stop Sign,0.9756
SAM 3,mtsd-p10,directional sign,grp1_d681b797-IMG20260105132903.jpg,2377.29,1232.59,3072.0,3463.95,0.875,Other-Unknown,0.9678
SAM 3,mtsd-p10,directional sign,grp1_d681b797-IMG20260105132903.jpg,2886.6,2995.76,3072.0,3421.08,0.373,,0.0478
SAM 3,mtsd-p10,directional sign,grp1_db486299-IMG_5815.jpeg,987.44,1466.25,2173.79,2503.93,0.957,No Through Road (T-Junction),0.9687
SAM 3,mtsd-p10,directional sign,grp1_dbac3098-IMG_4803.jpeg,1295.97,950.22,2221.74,2675.51,0.9688,No Entry (One Way),0.9722
SAM 3,mtsd-p10,directional sign,grp1_e1306f94-IMG20251230164545.jpg,537.15,1045.52,2685.58,3013.92,0.9375,Stop Sign,0.986
SAM 3,mtsd-p10,directional sign,grp1_e1306f94-IMG20251230164545.jpg,1921.01,3026.37,2061.46,3128.82,0.4277,,0.0078
SAM 3,mtsd-p10,directional sign,grp1_e1306f94-IMG20251230164545.jpg,590.51,3034.45,2288.95,4096.0,0.418,Back-Unknown,0.9798
SAM 3,mtsd-p10,directional sign,grp1_e1306f94-IMG20251230164545.jpg,2010.78,3094.56,2246.87,3276.75,0.4023,,0.0234
SAM 3,mtsd-p10,directional sign,grp1_e1306f94-IMG20251230164545.jpg,2034.01,3227.56,2251.59,3282.6,0.3145,,0.0065
SAM 3,mtsd-p10,directional sign,grp1_e1306f94-IMG20251230164545.jpg,2432.39,2833.01,2556.86,3081.62,0.3066,,0.0055
SAM 3,mtsd-p10,directional sign,grp1_e3c71733-IMG_5538.jpeg,1310.04,1444.6,1863.79,2547.61,0.8281,Blind-Spot Mirror (Convex Mirror),0.9617
SAM 3,mtsd-p10,directional sign,grp1_e7b1a54d-IMG_5669.jpeg,2591.48,2534.99,3024.0,3035.33,0.4902,Street Sign,0.9619
SAM 3,mtsd-p10,directional sign,grp1_e9043741-IMG_4709.jpeg,556.12,1100.1,2156.42,2585.22,0.3223,Blind-Spot Mirror (Convex Mirror),0.9737
SAM 3,mtsd-p10,directional sign,grp1_ec712362-IMG_5803.jpeg,520.26,863.95,1062.38,1416.96,0.9453,Roundabout Ahead,0.9749
SAM 3,mtsd-p10,directional sign,grp1_ec712362-IMG_5803.jpeg,499.34,256.75,1115.76,864.02,0.9375,Other-Unknown,0.9864
SAM 3,mtsd-p10,directional sign,grp1_ec712362-IMG_5803.jpeg,467.33,1508.64,510.3,1552.17,0.6797,Back-Unknown,0.932
SAM 3,mtsd-p10,directional sign,grp1_ec712362-IMG_5803.jpeg,466.58,1553.09,501.85,1590.93,0.6211,Back-Unknown,0.9606
SAM 3,mtsd-p10,directional sign,grp1_ec712362-IMG_5803.jpeg,660.71,1555.74,698.0,1592.58,0.543,,0.4352
SAM 3,mtsd-p10,directional sign,grp1_ec712362-IMG_5803.jpeg,677.79,1515.78,700.57,1556.1,0.4082,Back-Unknown,0.797
SAM 3,mtsd-p10,directional sign,grp1_ec712362-IMG_5803.jpeg,1067.25,1647.86,1105.94,1688.92,0.3965,Back-Unknown,0.8923
SAM 3,mtsd-p10,directional sign,grp1_ec712362-IMG_5803.jpeg,661.95,1536.84,686.93,1566.77,0.3848,Back-Unknown,0.7202
SAM 3,mtsd-p10,directional sign,grp1_f28bdb6c-RV_001_29.jpeg,1451.83,1263.43,2101.04,2435.16,0.9453,No Entry (One Way),0.9711
SAM 3,mtsd-p10,directional sign,grp1_f28bdb6c-RV_001_29.jpeg,2690.97,3311.16,2815.77,3410.71,0.4941,,0.0
SAM 3,mtsd-p10,directional sign,grp1_f28bdb6c-RV_001_29.jpeg,2566.43,3321.22,2658.04,3403.5,0.4746,,0.0
SAM 3,mtsd-p10,directional sign,grp1_f28bdb6c-RV_001_29.jpeg,2922.29,3342.73,2979.51,3428.62,0.4492,,0.0
SAM 3,mtsd-p10,directional sign,grp1_f3f0450d-IMG20260105132606.jpg,642.11,1004.49,2272.95,2106.51,0.9219,Back-Unknown,0.9791
SAM 3,mtsd-p10,directional sign,grp1_f3f0450d-IMG20260105132606.jpg,646.04,981.95,2277.4,4096.0,0.332,,0.3554
SAM 3,mtsd-p10,directional sign,grp1_f4371c23-IMG_5562.jpeg,1043.82,1480.09,1602.39,2706.86,0.957,Pedestrian Crossing,0.9593
SAM 3,mtsd-p10,directional sign,grp1_f468f4a5-IMG_5772.jpeg,835.75,1331.96,1993.51,2863.5,0.9688,No Through Road (T-Junction),0.9621
SAM 3,mtsd-p10,directional sign,grp1_fa18c1a9-IMG_5810.jpeg,1270.96,1557.45,1707.82,2982.71,0.9531,Roundabout Ahead,0.9477
SAM 3,mtsd-p10,directional sign,grp1_fa18c1a9-IMG_5810.jpeg,1202.45,0.0,1646.27,1630.22,0.9336,Other-Unknown,0.9802
SAM 3,mtsd-p10,directional sign,grp1_fa18c1a9-IMG_5810.jpeg,2007.76,3353.49,2069.49,3445.01,0.8555,Pedestrian Crossing,0.9129
SAM 3,mtsd-p10,directional sign,grp1_fa18c1a9-IMG_5810.jpeg,1921.99,3324.15,1964.18,3410.17,0.5195,Back-Unknown,0.5514
SAM 3,mtsd-p10,directional sign,grp1_fb9922e7-IMG_4700.jpeg,1087.97,3632.96,1397.98,4032.0,0.8438,,0.0
SAM 3,mtsd-p10,directional sign,grp1_fb9922e7-IMG_4700.jpeg,1029.38,1466.23,2166.56,2820.25,0.498,Blind-Spot Mirror (Convex Mirror),0.9861
SAM 3,mtsd-p10,directional sign,grp1_fd97d901-IMG20260105125535.jpg,1268.52,1224.69,1793.91,2659.14,0.9531,No Through Road (T-Junction),0.9725
SAM 3,mtsd-p10,directional sign,grp1_fd97d901-IMG20260105125535.jpg,814.05,2836.9,875.0,2983.17,0.373,,0.0
SAM 3,mtsd-p10,directional sign,grp1_fd97d901-IMG20260105125535.jpg,768.23,3041.2,883.56,3256.34,0.3379,,0.0
SAM 3,mtsd-p10,directional sign,grp1_fdedfd29-IMG_4737.jpeg,1173.8,576.0,1985.33,3302.65,0.9648,No Through Road (T-Junction),0.9833
SAM 3,mtsd-p10,directional sign,grp2_0cd46f17-MP_0097.jpg,1091.19,1174.46,2039.98,2362.77,0.9141,Back-Unknown,0.9846
SAM 3,mtsd-p10,directional sign,grp2_0cd46f17-MP_0097.jpg,977.41,561.8,1224.42,1429.45,0.8398,Blind-Spot Mirror (Convex Mirror),0.9617
SAM 3,mtsd-p10,directional sign,grp2_1a942391-IMG_20251224_114123.jpg,1548.41,1126.7,1610.9,1576.05,0.7109,No Through Road (T-Junction),0.7907
SAM 3,mtsd-p10,directional sign,grp2_1a942391-IMG_20251224_114123.jpg,1547.17,1556.69,1627.22,1802.47,0.5938,Auxiliary Sign,0.8777
SAM 3,mtsd-p10,directional sign,grp2_1a942391-IMG_20251224_114123.jpg,1541.93,1123.81,1652.17,3304.19,0.3281,,0.0924
SAM 3,mtsd-p10,directional sign,grp2_1cd6f44d-20251223_152650.jpg,1091.6,1257.66,1604.21,2197.57,0.3438,Blind-Spot Mirror (Convex Mirror),0.98
SAM 3,mtsd-p10,directional sign,grp2_1d09be1b-MP_0034.jpg,990.97,1209.83,1805.21,1639.81,0.918,Street Sign,0.9611
SAM 3,mtsd-p10,directional sign,grp2_1d09be1b-MP_0034.jpg,1422.45,339.65,1536.04,1229.57,0.8828,Stop Sign,0.9597
SAM 3,mtsd-p10,directional sign,grp2_1d09be1b-MP_0034.jpg,1225.59,384.99,1362.22,1222.22,0.7461,Back-Unknown,0.9557
SAM 3,mtsd-p10,directional sign,grp2_1d09be1b-MP_0034.jpg,2700.19,1948.5,2756.41,2014.5,0.6602,Other-Unknown,0.78
SAM 3,mtsd-p10,directional sign,grp2_1d09be1b-MP_0034.jpg,492.2,1806.0,712.63,2022.62,0.6406,Back-Unknown,0.9706
SAM 3,mtsd-p10,directional sign,grp2_1d09be1b-MP_0034.jpg,2428.05,1777.66,2528.11,1940.28,0.6133,,0.0
SAM 3,mtsd-p10,directional sign,grp2_1d09be1b-MP_0034.jpg,488.94,1800.8,714.29,2747.97,0.4141,,0.2232
SAM 3,mtsd-p10,directional sign,grp2_1d09be1b-MP_0034.jpg,181.96,2214.9,229.46,2272.2,0.3848,Back-Unknown,0.74
SAM 3,mtsd-p10,directional sign,grp2_1f7e1b10-20251224_132557.jpg,1063.19,1484.54,1977.29,2222.0,0.9375,Pedestrian Crossing,0.98
SAM 3,mtsd-p10,directional sign,grp2_1f7e1b10-20251224_132557.jpg,1073.67,2174.22,1981.67,2563.44,0.9336,Auxiliary Sign,0.9704
SAM 3,mtsd-p10,directional sign,grp2_21220c6f-IMG_20251223_114958.jpg,1300.11,1093.45,1895.44,1594.41,0.9102,Back-Unknown,0.9954
SAM 3,mtsd-p10,directional sign,grp2_21220c6f-IMG_20251223_114958.jpg,1309.95,1591.29,1856.91,2124.44,0.9062,Back-Unknown,0.9753
SAM 3,mtsd-p10,directional sign,grp2_21220c6f-IMG_20251223_114958.jpg,1304.26,2074.54,1845.59,2320.06,0.8555,Back-Unknown,0.9581
SAM 3,mtsd-p10,directional sign,grp2_21220c6f-IMG_20251223_114958.jpg,423.91,2495.13,503.9,2576.28,0.8281,Other-Unknown,0.87
SAM 3,mtsd-p10,directional sign,grp2_21220c6f-IMG_20251223_114958.jpg,1029.44,2557.66,1061.81,2597.18,0.6055,Other-Unknown,0.73
SAM 3,mtsd-p10,directional sign,grp2_21220c6f-IMG_20251223_114958.jpg,1698.98,2443.85,1794.73,2505.43,0.5664,,0.0
SAM 3,mtsd-p10,directional sign,grp2_21220c6f-IMG_20251223_114958.jpg,696.87,2531.85,716.61,2563.62,0.4023,,0.3124
SAM 3,mtsd-p10,directional sign,grp2_21220c6f-IMG_20251223_114958.jpg,1302.24,1089.27,1885.16,3971.32,0.3945,,0.178
SAM 3,mtsd-p10,directional sign,grp2_21220c6f-IMG_20251223_114958.jpg,1504.83,2544.83,1558.34,2694.68,0.3809,,0.0
SAM 3,mtsd-p10,directional sign,grp2_24c5c7cd-20251223_155820.jpg,1978.33,1568.94,2292.94,2085.76,0.9141,Other-Unknown,0.9856
SAM 3,mtsd-p10,directional sign,grp2_24c5c7cd-20251223_155820.jpg,1352.13,1017.97,2167.29,1858.97,0.9141,Stop Sign,0.9673
SAM 3,mtsd-p10,directional sign,grp2_24c5c7cd-20251223_155820.jpg,1980.19,1560.09,2288.04,4006.57,0.3496,,0.2108
SAM 3,mtsd-p10,directional sign,grp2_24fcf1af-MP_0080.jpg,752.9,1614.08,870.17,1755.86,0.8867,Stop Sign,0.9444
SAM 3,mtsd-p10,directional sign,grp2_24fcf1af-MP_0080.jpg,808.44,95.12,1547.64,851.85,0.7578,Back-Unknown,0.9909
SAM 3,mtsd-p10,directional sign,grp2_24fcf1af-MP_0080.jpg,920.15,856.11,1400.02,1348.77,0.75,Back-Unknown,0.9764
SAM 3,mtsd-p10,directional sign,grp2_24fcf1af-MP_0080.jpg,1074.6,1756.99,1116.7,1805.31,0.6758,Other-Unknown,0.7692
SAM 3,mtsd-p10,directional sign,grp2_24fcf1af-MP_0080.jpg,1080.23,1734.98,1114.22,1771.33,0.5391,Blind-Spot Mirror (Convex Mirror),0.5282
SAM 3,mtsd-p10,directional sign,grp2_24fcf1af-MP_0080.jpg,268.31,1599.49,371.46,1652.29,0.3906,Street Sign,0.9117
SAM 3,mtsd-p10,directional sign,grp2_24fcf1af-MP_0080.jpg,809.51,96.04,1545.46,3540.28,0.3867,,0.219
SAM 3,mtsd-p10,directional sign,grp2_31ecc6f6-20251230_124942.jpg,987.54,1062.75,2220.93,2141.03,0.9023,Back-Unknown,0.9789
SAM 3,mtsd-p10,directional sign,grp2_32305793-MP_0024.jpg,950.11,1159.17,1921.5,2078.48,0.9531,Roundabout Ahead,0.9828
SAM 3,mtsd-p10,directional sign,grp2_32305793-MP_0024.jpg,831.15,190.39,2042.41,1150.57,0.9336,Other-Unknown,0.9732
SAM 3,mtsd-p10,directional sign,grp2_32305793-MP_0024.jpg,1208.62,2252.56,1651.15,2623.73,0.6953,,0.0
SAM 3,mtsd-p10,directional sign,grp2_32305793-MP_0024.jpg,2060.32,2459.47,2126.21,2613.19,0.6484,Pedestrian Crossing,0.5883
SAM 3,mtsd-p10,directional sign,grp2_32305793-MP_0024.jpg,2109.45,1939.51,2378.39,4085.22,0.4141,,0.0017
SAM 3,mtsd-p10,directional sign,grp2_32305793-MP_0024.jpg,2060.73,2562.67,2126.3,2615.64,0.3906,Auxiliary Sign,0.7874
SAM 3,mtsd-p10,directional sign,grp2_32305793-MP_0024.jpg,2795.38,2523.92,2845.59,2664.89,0.3691,,0.4654
SAM 3,mtsd-p10,directional sign,grp2_32305793-MP_0024.jpg,2802.93,2603.91,2845.71,2669.11,0.3379,Back-Unknown,0.8321
SAM 3,mtsd-p10,directional sign,grp2_32305793-MP_0024.jpg,2790.33,2522.99,2842.17,2601.8,0.3223,Back-Unknown,0.8397
SAM 3,mtsd-p10,directional sign,grp2_331688ad-20251223_152821.jpg,1599.83,1049.33,1850.5,1990.4,0.9453,No Entry (One Way),0.9745
SAM 3,mtsd-p10,directional sign,grp2_339c8d04-26.side.jpg,998.15,511.25,1175.6,1233.43,0.9258,Pedestrian Crossing,0.9559
SAM 3,mtsd-p10,directional sign,grp2_339c8d04-26.side.jpg,2131.69,1911.54,2228.37,1946.96,0.8242,,0.0009
SAM 3,mtsd-p10,directional sign,grp2_339c8d04-26.side.jpg,901.2,1149.51,1283.62,1483.21,0.7461,Back-Unknown,0.9803
SAM 3,mtsd-p10,directional sign,grp2_339c8d04-26.side.jpg,345.28,2035.65,382.26,2075.37,0.5664,Pedestrian Crossing,0.7061
SAM 3,mtsd-p10,directional sign,grp2_339c8d04-26.side.jpg,900.62,1145.1,1058.49,1436.8,0.4668,,0.347
SAM 3,mtsd-p10,directional sign,grp2_339c8d04-26.side.jpg,1108.3,1245.88,1283.74,1484.2,0.4629,,0.3212
SAM 3,mtsd-p10,directional sign,grp2_339c8d04-26.side.jpg,307.97,1963.96,349.2,2026.41,0.332,,0.0
SAM 3,mtsd-p10,directional sign,grp2_339c8d04-26.side.jpg,928.6,505.81,1242.39,3553.01,0.3203,,0.1395
SAM 3,mtsd-p10,directional sign,grp2_33c8250b-MP_0150.jpeg,381.16,772.66,1401.68,1034.62,0.8516,,0.0928
SAM 3,mtsd-p10,directional sign,grp2_33c8250b-MP_0150.jpeg,1023.2,1006.75,1922.1,1329.86,0.375,,0.0
SAM 3,mtsd-p10,directional sign,grp2_33c8250b-MP_0150.jpeg,1742.23,1611.88,2025.87,2160.0,0.3477,,0.0
SAM 3,mtsd-p10,directional sign,grp2_33c8250b-MP_0150.jpeg,462.07,559.41,1409.52,785.64,0.3008,,0.0
SAM 3,mtsd-p10,directional sign,grp2_3855fec5-20251223_150427.jpg,1502.82,699.56,1806.69,2211.19,0.9023,No Through Road (T-Junction),0.9707
SAM 3,mtsd-p10,directional sign,grp2_3855fec5-20251223_150427.jpg,1115.86,2148.97,2117.02,4067.65,0.8516,,0.0086
SAM 3,mtsd-p10,directional sign,grp2_3e9d99d7-IMG_20251223_122636.jpg,1204.19,864.5,1858.8,1503.93,0.9375,Back-Unknown,0.9766
SAM 3,mtsd-p10,directional sign,grp2_3e9d99d7-IMG_20251223_122636.jpg,1225.37,1518.58,1742.96,2027.07,0.918,Back-Unknown,0.9719
SAM 3,mtsd-p10,directional sign,grp2_3e9d99d7-IMG_20251223_122636.jpg,0.0,2878.89,424.6,3089.34,0.4648,,0.0
SAM 3,mtsd-p10,directional sign,grp2_3e9d99d7-IMG_20251223_122636.jpg,1202.91,860.63,1856.8,3469.79,0.377,,0.2487
SAM 3,mtsd-p10,directional sign,grp2_421f593e-20251224_132616.jpg,837.31,938.09,2328.37,2699.81,0.8125,Back-Unknown,0.6914
SAM 3,mtsd-p10,directional sign,grp2_421f593e-20251224_132616.jpg,2442.89,3897.31,2493.53,3964.0,0.5234,Other-Unknown,0.7803
SAM 3,mtsd-p10,directional sign,grp2_477681c7-21.front.jpg,868.4,1038.01,1342.18,1508.39,0.9336,No Entry (One Way),0.9725
SAM 3,mtsd-p10,directional sign,grp2_477681c7-21.front.jpg,864.77,1031.5,1344.25,3237.71,0.3555,,0.2118
SAM 3,mtsd-p10,directional sign,grp2_4acb7340-20251223_155105.jpg,38.59,2754.7,88.11,2873.5,0.75,No Through Road (T-Junction),0.847
SAM 3,mtsd-p10,directional sign,grp2_4acb7340-20251223_155105.jpg,1165.32,1188.58,1939.24,1967.54,0.6836,Back-Unknown,0.9812
SAM 3,mtsd-p10,directional sign,grp2_4acb7340-20251223_155105.jpg,1169.4,1191.88,1938.25,4080.0,0.5938,,0.2681
SAM 3,mtsd-p10,directional sign,grp2_4acb7340-20251223_155105.jpg,29.44,2753.6,87.14,3278.93,0.3691,,0.1614
SAM 3,mtsd-p10,directional sign,grp2_5061299f-MP_0130.jpg,771.44,573.14,1586.1,1572.82,0.8203,Back-Unknown,0.9895
SAM 3,mtsd-p10,directional sign,grp2_5061299f-MP_0130.jpg,932.54,2488.11,969.99,2529.76,0.4238,,0.0
SAM 3,mtsd-p10,directional sign,grp2_5061299f-MP_0130.jpg,771.38,569.31,1585.52,3799.92,0.3906,,0.3075
SAM 3,mtsd-p10,directional sign,grp2_5dd50184-MP_0013.jpg,1262.39,784.51,1406.45,1614.02,0.8242,Pedestrian Crossing,0.9179
SAM 3,mtsd-p10,directional sign,grp2_5dd50184-MP_0013.jpg,0.0,2360.86,101.81,2959.79,0.4902,,0.0
SAM 3,mtsd-p10,directional sign,grp2_5e8f002c-IMG_20251223_132013.jpg,1254.19,1197.04,1781.86,1728.07,0.9141,No Through Road (T-Junction),0.9592
SAM 3,mtsd-p10,directional sign,grp2_5e8f002c-IMG_20251223_132013.jpg,2653.77,1907.91,2763.43,2194.27,0.6172,,0.2928
SAM 3,mtsd-p10,directional sign,grp2_5e8f002c-IMG_20251223_132013.jpg,2669.24,2012.3,2756.04,2108.55,0.5312,Auxiliary Sign,0.7663
SAM 3,mtsd-p10,directional sign,grp2_5e8f002c-IMG_20251223_132013.jpg,2662.6,2106.4,2761.98,2197.63,0.5117,Auxiliary Sign,0.8707
SAM 3,mtsd-p10,directional sign,grp2_5e8f002c-IMG_20251223_132013.jpg,2653.57,1919.37,2754.25,2025.58,0.5,Auxiliary Sign,0.7997
SAM 3,mtsd-p10,directional sign,grp2_5e8f002c-IMG_20251223_132013.jpg,1251.64,1192.12,1782.59,3429.3,0.3555,,0.2392
SAM 3,mtsd-p10,directional sign,grp2_5e8f002c-IMG_20251223_132013.jpg,2575.43,2126.16,2650.16,2195.42,0.3086,,0.0
SAM 3,mtsd-p10,directional sign,grp2_62c50d8e-20251230_121740.jpg,1469.82,1027.38,1792.14,2069.95,0.9453,Stop Sign,0.9647
SAM 3,mtsd-p10,directional sign,grp2_797d9987-MP_0038.jpg,785.18,187.26,1861.14,1254.44,0.8672,Stop Sign,0.9193
SAM 3,mtsd-p10,directional sign,grp2_7ad50d73-MP_0075.jpg,586.54,141.09,1563.23,1082.04,0.6719,Back-Unknown,0.9745
SAM 3,mtsd-p10,directional sign,grp2_7bccf907-IMG_20251223_114643.jpg,1132.64,1647.58,1439.08,2027.1,0.9492,Pedestrian Crossing,0.9397
SAM 3,mtsd-p10,directional sign,grp2_7bccf907-IMG_20251223_114643.jpg,721.23,1645.28,915.43,1833.88,0.6367,,0.0
SAM 3,mtsd-p10,directional sign,grp2_8042282f-20251223_150231.jpg,1158.99,0.0,1752.23,1978.4,0.9531,No Entry (One Way),0.9656
SAM 3,mtsd-p10,directional sign,grp2_85bab424-IMG_20251223_120632.jpg,1341.62,1194.73,1798.18,1700.85,0.9023,Back-Unknown,0.9815
SAM 3,mtsd-p10,directional sign,grp2_85bab424-IMG_20251223_120632.jpg,1335.53,1185.45,1796.21,3623.23,0.5586,,0.2078
SAM 3,mtsd-p10,directional sign,grp2_86560763-IMG_20251223_113000.jpg,146.91,2068.43,248.9,2192.76,0.8438,Roundabout Ahead,0.6956
SAM 3,mtsd-p10,directional sign,grp2_86560763-IMG_20251223_113000.jpg,1465.26,2106.94,1532.66,2202.11,0.6875,Back-Unknown,0.6074
SAM 3,mtsd-p10,directional sign,grp2_86560763-IMG_20251223_113000.jpg,835.9,2170.14,870.84,2208.97,0.6836,Other-Unknown,0.6932
SAM 3,mtsd-p10,directional sign,grp2_86560763-IMG_20251223_113000.jpg,1681.1,1951.81,1833.62,2019.91,0.6836,,0.0
SAM 3,mtsd-p10,directional sign,grp2_86560763-IMG_20251223_113000.jpg,1011.18,1390.81,1626.47,2005.47,0.3223,Back-Unknown,0.9752
SAM 3,mtsd-p10,directional sign,grp2_888b1f4f-MP_0074.jpg,479.3,866.51,1176.54,1494.12,0.9648,,0.0
SAM 3,mtsd-p10,directional sign,grp2_888b1f4f-MP_0074.jpg,2616.64,223.36,2965.53,544.54,0.7852,,0.0
SAM 3,mtsd-p10,directional sign,grp2_888b1f4f-MP_0074.jpg,2222.49,323.54,4032.0,986.53,0.3984,,0.0613
SAM 3,mtsd-p10,directional sign,grp2_888b1f4f-MP_0074.jpg,3959.69,692.5,4032.0,938.51,0.332,,0.0
SAM 3,mtsd-p10,directional sign,grp2_9272e80b-20251230_124926.jpg,1066.66,1189.41,2354.68,2493.76,0.9375,Stop Sign,0.9742
SAM 3,mtsd-p10,directional sign,grp2_9288cb02-IMG_20251223_114539.jpg,1353.47,1463.91,1894.52,2012.99,0.6055,Back-Unknown,0.9957
SAM 3,mtsd-p10,directional sign,grp2_9288cb02-IMG_20251223_114539.jpg,7.21,1936.6,92.12,2056.09,0.582,,0.0
SAM 3,mtsd-p10,directional sign,grp2_983dc626-30.side.jpg,1291.67,1065.91,1377.25,1593.98,0.8945,No Entry (One Way),0.9749
SAM 3,mtsd-p10,directional sign,grp2_ab84ff33-MP_0056.jpg,966.47,202.5,1856.17,1095.89,0.9531,No Entry (One Way),0.9846
SAM 3,mtsd-p10,directional sign,grp2_ab84ff33-MP_0056.jpg,376.42,2832.31,805.53,3002.17,0.3711,,0.0
SAM 3,mtsd-p10,directional sign,grp2_ab9b17dd-34.back.jpg,1418.81,2128.11,1500.5,2210.89,0.875,Other-Unknown,0.9609
SAM 3,mtsd-p10,directional sign,grp2_ab9b17dd-34.back.jpg,933.43,1378.88,1022.12,1866.89,0.7305,Auxiliary Sign,0.6569
SAM 3,mtsd-p10,directional sign,grp2_ab9b17dd-34.back.jpg,2043.21,2231.84,2097.05,2286.48,0.7227,Other-Unknown,0.8663
SAM 3,mtsd-p10,directional sign,grp2_ab9b17dd-34.back.jpg,1712.58,2242.25,1738.96,2273.73,0.5703,Other-Unknown,0.8461
SAM 3,mtsd-p10,directional sign,grp2_ab9b17dd-34.back.jpg,1666.5,2276.36,1687.6,2307.33,0.3828,,0.0
SAM 3,mtsd-p10,directional sign,grp2_ab9b17dd-34.back.jpg,889.41,757.11,1370.12,1268.13,0.3281,Back-Unknown,0.9779
SAM 3,mtsd-p10,directional sign,grp2_ab9b17dd-34.back.jpg,2005.73,2131.73,2080.91,2206.5,0.3105,,0.1648
SAM 3,mtsd-p10,directional sign,grp2_b7da3d82-20251230_123417.jpg,1217.92,970.02,2061.64,1818.79,0.9492,Stop Sign,0.9807
SAM 3,mtsd-p10,directional sign,grp2_b7da3d82-20251230_123417.jpg,1735.18,1605.33,2279.32,2147.62,0.3086,Back-Unknown,0.932
SAM 3,mtsd-p10,directional sign,grp2_b7da3d82-20251230_123417.jpg,2980.02,2274.39,3060.0,2560.98,0.3066,,0.0
SAM 3,mtsd-p10,directional sign,grp2_b9e760b0-IMG_20251223_125447.jpg,1446.68,2279.67,1521.85,2360.56,0.8867,No Entry (One Way),0.9548
SAM 3,mtsd-p10,directional sign,grp2_b9e760b0-IMG_20251223_125447.jpg,882.86,2250.87,965.66,2332.5,0.875,No Entry (One Way),0.9142
SAM 3,mtsd-p10,directional sign,grp2_b9e760b0-IMG_20251223_125447.jpg,1221.63,2292.73,1249.35,2323.59,0.7266,No Entry (One Way),0.6956
SAM 3,mtsd-p10,directional sign,grp2_b9e760b0-IMG_20251223_125447.jpg,991.23,2269.42,1026.02,2319.98,0.6953,Auxiliary Sign,0.5923
SAM 3,mtsd-p10,directional sign,grp2_b9e760b0-IMG_20251223_125447.jpg,893.77,879.42,1991.83,1945.63,0.4258,Blind-Spot Mirror (Convex Mirror),0.9783
SAM 3,mtsd-p10,directional sign,grp2_bf4582b0-IMG_20251223_113056.jpg,680.96,1485.29,1455.13,2331.05,0.5,Back-Unknown,0.9555
SAM 3,mtsd-p10,directional sign,grp2_bf551d52-MP_0136.jpg,609.01,1332.92,2452.73,1611.56,0.9258,,0.0248
SAM 3,mtsd-p10,directional sign,grp2_bf551d52-MP_0136.jpg,0.25,1884.14,1202.61,2268.0,0.5234,,0.0
SAM 3,mtsd-p10,directional sign,grp2_c39d026a-IMG_20251223_125605.jpg,1308.45,1088.41,1579.89,1799.64,0.5,Pedestrian Crossing,0.9265
SAM 3,mtsd-p10,directional sign,grp2_c39d026a-IMG_20251223_125605.jpg,1379.95,1681.67,1567.89,1936.69,0.3535,Back-Unknown,0.9137
SAM 3,mtsd-p10,directional sign,grp2_c96ca64e-MP_0098.jpg,99.79,819.76,881.59,1599.92,0.9648,,0.0
SAM 3,mtsd-p10,directional sign,grp2_c96ca64e-MP_0098.jpg,90.19,821.08,3970.18,1602.51,0.3027,,0.0
SAM 3,mtsd-p10,directional sign,grp2_ccff3003-MP_0047.jpg,2707.45,1633.7,2956.48,1872.13,0.9062,No Entry (One Way),0.9086
SAM 3,mtsd-p10,directional sign,grp2_ccff3003-MP_0047.jpg,1006.42,772.0,1162.06,1534.86,0.8008,No Entry (One Way),0.9032
SAM 3,mtsd-p10,directional sign,grp2_ccff3003-MP_0047.jpg,2703.79,1875.86,2947.42,2111.18,0.6875,Back-Unknown,0.9503
SAM 3,mtsd-p10,directional sign,grp2_ccff3003-MP_0047.jpg,2260.24,2759.55,2320.94,2872.72,0.4258,,0.0
SAM 3,mtsd-p10,directional sign,grp2_ccff3003-MP_0047.jpg,980.79,766.57,1464.5,4078.64,0.3477,,0.082
SAM 3,mtsd-p10,directional sign,grp2_ccff3003-MP_0047.jpg,2698.11,1633.86,2955.85,2380.68,0.3301,,0.304
SAM 3,mtsd-p10,directional sign,grp2_ced8bffa-14.front.jpg,635.78,1035.56,1253.49,1652.65,0.9727,Pedestrian Crossing,0.9524
SAM 3,mtsd-p10,directional sign,grp2_d1fa2493-20251230_123128.jpg,764.45,539.63,2101.74,1897.22,0.9531,No Entry (One Way),0.9684
SAM 3,mtsd-p10,directional sign,grp2_d201b393-MP_0004.jpg,889.36,1083.27,1893.82,2065.0,0.9492,No Entry (One Way),0.9823
SAM 3,mtsd-p10,directional sign,grp2_d201b393-MP_0004.jpg,2856.43,1095.25,3072.0,1895.37,0.8906,,0.0
SAM 3,mtsd-p10,directional sign,grp2_d201b393-MP_0004.jpg,714.32,1774.58,957.61,1985.93,0.7188,Back-Unknown,0.9599
SAM 3,mtsd-p10,directional sign,grp2_d201b393-MP_0004.jpg,513.83,2346.14,551.98,2391.76,0.7031,No Entry (One Way),0.6758
SAM 3,mtsd-p10,directional sign,grp2_d201b393-MP_0004.jpg,553.27,2357.64,589.17,2397.25,0.4434,,0.4522
SAM 3,mtsd-p10,directional sign,grp2_d3fe8c38-MP_0046.jpg,960.22,339.89,1855.64,1288.33,0.6836,Back-Unknown,0.9896
SAM 3,mtsd-p10,directional sign,grp2_d3fe8c38-MP_0046.jpg,957.82,338.05,1857.63,4018.87,0.3496,,0.2581
SAM 3,mtsd-p10,directional sign,grp2_d71e8065-MP_0021.jpg,818.6,237.98,1819.26,1245.12,0.8203,Back-Unknown,0.9781
SAM 3,mtsd-p10,directional sign,grp2_d71e8065-MP_0021.jpg,846.13,1118.88,1818.81,1565.78,0.7734,Back-Unknown,0.9774
SAM 3,mtsd-p10,directional sign,grp2_d71e8065-MP_0021.jpg,2947.18,1946.25,3068.61,2055.28,0.7617,Back-Unknown,0.9094
SAM 3,mtsd-p10,directional sign,grp2_d71e8065-MP_0021.jpg,2970.47,2061.57,3069.39,2153.08,0.7578,Back-Unknown,0.9483
SAM 3,mtsd-p10,directional sign,grp2_d71e8065-MP_0021.jpg,38.61,2366.25,141.69,2467.4,0.7383,Back-Unknown,0.9432
SAM 3,mtsd-p10,directional sign,grp2_d71e8065-MP_0021.jpg,0.0,2228.41,34.03,2318.27,0.6523,Other-Unknown,0.6181
SAM 3,mtsd-p10,directional sign,grp2_d71e8065-MP_0021.jpg,1080.33,2166.36,1152.82,2237.13,0.6055,Back-Unknown,0.8509
SAM 3,mtsd-p10,directional sign,grp2_d71e8065-MP_0021.jpg,1339.93,2174.18,1376.96,2267.43,0.5625,,0.0
SAM 3,mtsd-p10,directional sign,grp2_d71e8065-MP_0021.jpg,2332.49,1754.66,2513.54,2584.24,0.5234,,0.0
SAM 3,mtsd-p10,directional sign,grp2_d71e8065-MP_0021.jpg,2868.05,2046.17,2934.74,2286.65,0.498,,0.0
SAM 3,mtsd-p10,directional sign,grp2_d71e8065-MP_0021.jpg,448.7,2333.77,484.42,2387.27,0.4629,,0.0
SAM 3,mtsd-p10,directional sign,grp2_d71e8065-MP_0021.jpg,761.02,2471.74,866.72,2497.52,0.4609,,0.0
SAM 3,mtsd-p10,directional sign,grp2_d71e8065-MP_0021.jpg,818.64,240.32,1830.27,4053.35,0.4199,,0.2589
SAM 3,mtsd-p10,directional sign,grp2_d71e8065-MP_0021.jpg,1181.66,3974.68,1363.67,4096.0,0.4121,,0.0
SAM 3,mtsd-p10,directional sign,grp2_d71e8065-MP_0021.jpg,678.22,2278.13,705.19,2314.71,0.377,,0.4274
SAM 3,mtsd-p10,directional sign,grp2_d71e8065-MP_0021.jpg,2607.49,2163.73,2657.67,2266.72,0.373,Back-Unknown,0.9118
SAM 3,mtsd-p10,directional sign,grp2_d71e8065-MP_0021.jpg,2540.34,2148.23,2594.09,2204.12,0.3574,,0.4853
SAM 3,mtsd-p10,directional sign,grp2_d71e8065-MP_0021.jpg,2951.63,1947.07,3067.52,2271.98,0.3574,,0.3372
SAM 3,mtsd-p10,directional sign,grp2_e074406f-IMG_20251223_115520.jpg,806.64,3118.69,874.59,3176.91,0.6875,Other-Unknown,0.8418
SAM 3,mtsd-p10,directional sign,grp2_e074406f-IMG_20251223_115520.jpg,1815.48,3021.38,1880.24,3129.8,0.6523,Back-Unknown,0.9233
SAM 3,mtsd-p10,directional sign,grp2_e074406f-IMG_20251223_115520.jpg,457.87,3087.87,521.73,3146.59,0.6445,Other-Unknown,0.8503
SAM 3,mtsd-p10,directional sign,grp2_e074406f-IMG_20251223_115520.jpg,1778.77,3236.45,1827.67,3326.39,0.3906,,0.0
SAM 3,mtsd-p10,directional sign,grp2_e074406f-IMG_20251223_115520.jpg,1707.23,2873.34,1741.66,3035.99,0.3613,Auxiliary Sign,0.7196
SAM 3,mtsd-p10,directional sign,grp2_e074406f-IMG_20251223_115520.jpg,1237.62,1436.62,1763.77,1964.77,0.3555,Blind-Spot Mirror (Convex Mirror),0.9634
SAM 3,mtsd-p10,directional sign,grp2_e074406f-IMG_20251223_115520.jpg,900.21,3114.78,930.57,3144.3,0.3496,,0.0
SAM 3,mtsd-p10,directional sign,grp2_e074406f-IMG_20251223_115520.jpg,2128.33,3138.67,2308.65,3311.64,0.3125,,0.0
SAM 3,mtsd-p10,directional sign,grp2_e55dea8e-MP_0157.jpg,1284.39,1301.24,2014.69,2020.47,0.9453,No Through Road (T-Junction),0.9707
SAM 3,mtsd-p10,directional sign,grp2_e55dea8e-MP_0157.jpg,1282.49,2026.52,2033.17,2408.47,0.9023,Auxiliary Sign,0.9707
SAM 3,mtsd-p10,directional sign,grp2_ed201818-17.back.jpg,865.57,1514.08,1417.66,2071.33,0.9609,Roundabout Ahead,0.986
SAM 3,mtsd-p10,directional sign,grp2_ed201818-17.back.jpg,707.17,833.78,1465.87,1506.37,0.9492,Other-Unknown,0.9882
SAM 3,mtsd-p10,directional sign,grp2_ed201818-17.back.jpg,825.49,1092.92,1369.53,1412.58,0.3398,Back-Unknown,0.922
SAM 3,mtsd-p10,directional sign,grp2_f082e9d0-02.side.jpg,1061.39,319.8,1153.68,1142.28,0.6211,Back-Unknown,0.9087
SAM 3,mtsd-p10,directional sign,grp2_f082e9d0-02.side.jpg,1152.04,374.08,1395.61,566.76,0.6094,Back-Unknown,0.9631
SAM 3,mtsd-p10,directional sign,grp2_f69ebb76-IMG_20251227_110428.jpg,1053.9,1387.98,1683.28,1998.18,0.4277,Back-Unknown,0.9732
SAM 3,mtsd-p10,directional sign,grp2_f69ebb76-IMG_20251227_110428.jpg,920.82,2014.61,952.19,2048.84,0.3438,Other-Unknown,0.6192
SAM 3,mtsd-p10,directional sign,grp2_f69ebb76-IMG_20251227_110428.jpg,1755.45,1933.36,1840.72,2002.16,0.3359,,0.0
SAM 3,mtsd-p10,directional sign,grp2_f69ebb76-IMG_20251227_110428.jpg,963.16,324.85,1281.48,618.71,0.3242,,0.0
SAM 3,mtsd-p10,directional sign,grp2_f69ebb76-IMG_20251227_110428.jpg,1849.41,1951.46,1899.01,2021.99,0.3164,Auxiliary Sign,0.8845
SAM 3,mtsd-p10,directional sign,grp2_f6e60d8b-33.front.back.jpg,902.41,1524.12,1356.85,1965.54,0.9414,No Entry (One Way),0.9734
SAM 3,mtsd-p10,directional sign,grp3_09e3faa9-IMG_20251203_121602.jpg,1203.68,882.59,2230.43,1735.83,0.9648,No Entry (One Way),0.9738
SAM 3,mtsd-p10,directional sign,grp3_09e3faa9-IMG_20251203_121602.jpg,833.33,1243.8,1274.45,2693.8,0.4551,,0.0244
SAM 3,mtsd-p10,directional sign,grp3_09e3faa9-IMG_20251203_121602.jpg,906.06,2161.81,1010.93,2396.5,0.3652,,0.0
SAM 3,mtsd-p10,directional sign,grp3_09e3faa9-IMG_20251203_121602.jpg,2464.42,2981.87,2554.83,3041.28,0.3223,,0.0
SAM 3,mtsd-p10,directional sign,grp3_13fcb840-IMG_20251203_093318.jpg,1144.37,316.5,2012.38,1370.82,0.793,Back-Unknown,0.981
SAM 3,mtsd-p10,directional sign,grp3_13fcb840-IMG_20251203_093318.jpg,467.41,2098.09,520.65,2146.62,0.5859,No Entry (One Way),0.8799
SAM 3,mtsd-p10,directional sign,grp3_13fcb840-IMG_20251203_093318.jpg,1149.28,303.67,2009.99,4080.0,0.5039,,0.279
SAM 3,mtsd-p10,directional sign,grp3_16b18930-IMG_4415.jpeg,1311.97,1446.1,1832.25,1951.19,0.9492,No Entry (One Way),0.9852
SAM 3,mtsd-p10,directional sign,grp3_16b18930-IMG_4415.jpeg,1314.24,1443.55,1824.73,3675.35,0.3828,,0.2276
SAM 3,mtsd-p10,directional sign,grp3_17e38feb-20251129_115024.jpg,884.98,1700.54,1668.68,2541.57,0.8906,Stop Sign,0.9558
SAM 3,mtsd-p10,directional sign,grp3_17e38feb-20251129_115024.jpg,2754.9,3113.94,2810.68,3177.59,0.8008,No Entry (One Way),0.7648
SAM 3,mtsd-p10,directional sign,grp3_17e38feb-20251129_115024.jpg,1822.28,3224.39,1873.14,3286.69,0.7383,No Entry (One Way),0.6502
SAM 3,mtsd-p10,directional sign,grp3_17e38feb-20251129_115024.jpg,885.67,1695.85,1670.57,4080.0,0.3477,,0.3441
SAM 3,mtsd-p10,directional sign,grp3_17e38feb-20251129_115024.jpg,2292.03,3204.5,2316.19,3240.22,0.3086,,0.0
SAM 3,mtsd-p10,directional sign,grp3_19cc8708-IMG_20251203_095416.jpg,1155.15,1071.73,1821.93,1647.41,0.9492,No Entry (One Way),0.989
SAM 3,mtsd-p10,directional sign,grp3_19cc8708-IMG_20251203_095416.jpg,1099.66,1769.05,1269.29,2365.53,0.3867,Street Sign,0.9649
SAM 3,mtsd-p10,directional sign,grp3_22c38c39-IMG_4293.jpeg,1320.06,1657.98,2095.63,2511.72,0.9688,,0.0559
SAM 3,mtsd-p10,directional sign,grp3_22c38c39-IMG_4293.jpeg,1849.98,1087.37,2401.19,1727.73,0.4004,,0.3679
SAM 3,mtsd-p10,directional sign,grp3_25e08496-IMG_9116.jpg,2938.13,3367.01,4284.0,5357.96,0.5742,,0.0
SAM 3,mtsd-p10,directional sign,grp3_2b9ed5a1-IMG_4416.jpeg,1376.33,1031.4,1996.1,2027.93,0.9492,No Entry (One Way),0.9748
SAM 3,mtsd-p10,directional sign,grp3_2b9ed5a1-IMG_4416.jpeg,1375.32,1027.56,1988.33,4030.62,0.3398,,0.3314
SAM 3,mtsd-p10,directional sign,grp3_2b9ed5a1-IMG_4416.jpeg,975.38,2840.51,1028.27,2892.91,0.332,,0.0
SAM 3,mtsd-p10,directional sign,grp3_2b9ed5a1-IMG_4416.jpeg,880.81,2846.48,918.27,2915.88,0.3008,,0.0
SAM 3,mtsd-p10,directional sign,grp3_3cee3d85-IMG_4285.jpeg,1194.16,1823.15,1937.05,2548.33,0.9102,Stop Sign,0.9684
SAM 3,mtsd-p10,directional sign,grp3_3cee3d85-IMG_4285.jpeg,1384.49,2907.29,1496.09,3029.84,0.8477,Stop Sign,0.8956
SAM 3,mtsd-p10,directional sign,grp3_3cee3d85-IMG_4285.jpeg,1379.72,2794.28,1520.45,2948.13,0.5664,Back-Unknown,0.9442
SAM 3,mtsd-p10,directional sign,grp3_3cee3d85-IMG_4285.jpeg,1228.09,1292.79,1896.33,1870.08,0.5547,Back-Unknown,0.9888
SAM 3,mtsd-p10,directional sign,grp3_458db4bf-IMG_9314.jpg,1023.35,2042.48,1667.76,3043.2,0.8164,Street Sign,0.9469
SAM 3,mtsd-p10,directional sign,grp3_458db4bf-IMG_9314.jpg,1801.79,2221.86,2658.73,2812.15,0.5273,Back-Unknown,0.9242
SAM 3,mtsd-p10,directional sign,grp3_4d14c289-20251129_122448.jpg,1325.69,1153.1,1808.84,1766.66,0.9102,No Entry (One Way),0.9781
SAM 3,mtsd-p10,directional sign,grp3_4d14c289-20251129_122448.jpg,1399.99,2546.42,1507.09,2689.66,0.8438,No Entry (One Way),0.9415
SAM 3,mtsd-p10,directional sign,grp3_4d14c289-20251129_122448.jpg,1264.78,1926.14,1796.5,2598.97,0.6758,Back-Unknown,0.9831
SAM 3,mtsd-p10,directional sign,grp3_4d14c289-20251129_122448.jpg,1127.64,1082.5,1595.85,1928.62,0.4707,Back-Unknown,0.9367
SAM 3,mtsd-p10,directional sign,grp3_4d14c289-20251129_122448.jpg,1147.98,1080.48,1815.27,4073.66,0.3184,,0.1962
SAM 3,mtsd-p10,directional sign,grp3_4daf8454-IMG_4356.jpeg,735.21,3080.34,893.66,3245.62,0.9062,No Entry (One Way),0.9739
SAM 3,mtsd-p10,directional sign,grp3_4daf8454-IMG_4356.jpeg,1290.05,1713.93,1889.3,2308.25,0.8867,Back-Unknown,0.9835
SAM 3,mtsd-p10,directional sign,grp3_4daf8454-IMG_4356.jpeg,1295.91,2982.84,1363.83,3063.31,0.8477,Pedestrian Crossing,0.7964
SAM 3,mtsd-p10,directional sign,grp3_4daf8454-IMG_4356.jpeg,751.88,2731.74,951.8,2919.88,0.8359,Back-Unknown,0.9276
SAM 3,mtsd-p10,directional sign,grp3_4daf8454-IMG_4356.jpeg,294.76,2957.0,339.24,3039.38,0.8047,Other-Unknown,0.8316
SAM 3,mtsd-p10,directional sign,grp3_4daf8454-IMG_4356.jpeg,754.41,2926.2,904.29,3085.66,0.7852,Back-Unknown,0.9559
SAM 3,mtsd-p10,directional sign,grp3_4daf8454-IMG_4356.jpeg,2187.03,3025.63,2232.43,3079.65,0.7734,Pedestrian Crossing,0.5911
SAM 3,mtsd-p10,directional sign,grp3_4daf8454-IMG_4356.jpeg,1666.97,2965.4,1716.91,3075.66,0.6055,Back-Unknown,0.9082
SAM 3,mtsd-p10,directional sign,grp3_4daf8454-IMG_4356.jpeg,2705.37,3023.8,2774.67,3097.02,0.498,Back-Unknown,0.545
SAM 3,mtsd-p10,directional sign,grp3_4daf8454-IMG_4356.jpeg,1289.05,1709.05,1885.86,4032.0,0.3867,,0.2559
SAM 3,mtsd-p10,directional sign,grp3_4daf8454-IMG_4356.jpeg,740.85,2732.89,945.25,3663.95,0.3789,,0.191
SAM 3,mtsd-p10,directional sign,grp3_4daf8454-IMG_4356.jpeg,216.15,3777.32,617.81,3863.36,0.3691,,0.0
SAM 3,mtsd-p10,directional sign,grp3_4daf8454-IMG_4356.jpeg,0.0,3941.31,87.32,4028.92,0.3594,,0.0
SAM 3,mtsd-p10,directional sign,grp3_4daf8454-IMG_4356.jpeg,265.5,2970.11,340.92,3372.49,0.3223,,0.0835
SAM 3,mtsd-p10,directional sign,grp3_5881a320-IMG_9141.jpg,0.0,5257.37,73.23,5365.9,0.7383,No Entry (One Way),0.8974
SAM 3,mtsd-p10,directional sign,grp3_5881a320-IMG_9141.jpg,2084.28,3203.66,2858.46,4560.56,0.459,Blind-Spot Mirror (Convex Mirror),0.9796
SAM 3,mtsd-p10,directional sign,grp3_5881a320-IMG_9141.jpg,1527.8,1997.74,2772.41,3160.44,0.3008,Blind-Spot Mirror (Convex Mirror),0.9793
SAM 3,mtsd-p10,directional sign,grp3_5a350ee3-IMG_9144.jpg,1527.78,1912.78,2598.22,2916.33,0.9141,Stop Sign,0.9775
SAM 3,mtsd-p10,directional sign,grp3_5a350ee3-IMG_9144.jpg,1790.35,2889.0,1900.34,3240.56,0.8438,No Entry (One Way),0.8853
SAM 3,mtsd-p10,directional sign,grp3_5a350ee3-IMG_9144.jpg,2911.17,3570.87,2960.67,3795.56,0.5703,Back-Unknown,0.7297
SAM 3,mtsd-p10,directional sign,grp3_5a350ee3-IMG_9144.jpg,2905.94,3556.53,2980.37,4640.94,0.3184,,0.1048
SAM 3,mtsd-p10,directional sign,grp3_5a5ec99c-IMG_4369.jpeg,1128.81,1334.96,2108.83,2245.81,0.9531,No Entry (One Way),0.9801
SAM 3,mtsd-p10,directional sign,grp3_5a5ec99c-IMG_4369.jpeg,1262.08,2893.6,1389.38,3058.92,0.7891,,0.0
SAM 3,mtsd-p10,directional sign,grp3_5a849df3-20251129_113801.jpg,1190.91,1463.12,1775.89,2019.45,0.9492,Roundabout Ahead,0.9819
SAM 3,mtsd-p10,directional sign,grp3_5a849df3-20251129_113801.jpg,1099.4,725.93,1831.59,1450.62,0.9336,Other-Unknown,0.9768
SAM 3,mtsd-p10,directional sign,grp3_5a849df3-20251129_113801.jpg,2576.73,2581.14,2633.75,2653.88,0.6914,Other-Unknown,0.8893
SAM 3,mtsd-p10,directional sign,grp3_5a849df3-20251129_113801.jpg,2165.77,2668.2,2212.99,2732.46,0.5078,Back-Unknown,0.9291
SAM 3,mtsd-p10,directional sign,grp3_5a849df3-20251129_113801.jpg,2148.16,2586.03,2197.16,2668.9,0.4355,Back-Unknown,0.8857
SAM 3,mtsd-p10,directional sign,grp3_5a849df3-20251129_113801.jpg,1116.12,731.56,1827.3,4080.0,0.3262,,0.212
SAM 3,mtsd-p10,directional sign,grp3_5e7ebbc1-IMG_4337.jpeg,2099.84,1468.53,2658.88,1680.51,0.9453,,0.3082
SAM 3,mtsd-p10,directional sign,grp3_5e7ebbc1-IMG_4337.jpeg,1583.45,1469.71,2136.43,1697.62,0.9297,,0.1987
SAM 3,mtsd-p10,directional sign,grp3_5e84f6fa-20251129_114532.jpg,781.68,1262.75,1841.73,2248.31,0.9531,No Entry (One Way),0.9739
SAM 3,mtsd-p10,directional sign,grp3_5e84f6fa-20251129_114532.jpg,2904.09,2767.83,2949.06,2813.14,0.75,No Entry (One Way),0.7775
SAM 3,mtsd-p10,directional sign,grp3_62bcab50-IMG_20251203_121207.jpg,1055.3,493.18,2225.61,1697.89,0.7852,Back-Unknown,0.9824
SAM 3,mtsd-p10,directional sign,grp3_62bcab50-IMG_20251203_121207.jpg,262.49,2085.22,634.08,2344.52,0.5469,,0.0024
SAM 3,mtsd-p10,directional sign,grp3_64c9c943-IMG_20251203_121935.jpg,1309.41,495.03,1895.94,1245.14,0.7188,Back-Unknown,0.9845
SAM 3,mtsd-p10,directional sign,grp3_64c9c943-IMG_20251203_121935.jpg,1333.09,1227.69,1891.93,1989.43,0.7109,Back-Unknown,0.9851
SAM 3,mtsd-p10,directional sign,grp3_64c9c943-IMG_20251203_121935.jpg,1308.0,494.37,1898.01,3598.05,0.373,,0.2423
SAM 3,mtsd-p10,directional sign,grp3_64c9c943-IMG_20251203_121935.jpg,1927.7,2484.67,1994.01,2583.4,0.3438,No Entry (One Way),0.7636
SAM 3,mtsd-p10,directional sign,grp3_66257b80-IMG_9242.jpg,2024.02,586.47,2493.71,1909.23,0.9492,No Entry (One Way),0.9777
SAM 3,mtsd-p10,directional sign,grp3_6a5c994c-IMG_9361.jpg,1612.69,3880.19,2735.78,4982.96,0.9609,,0.0251
SAM 3,mtsd-p10,directional sign,grp3_6a5c994c-IMG_9361.jpg,1832.62,1149.58,2522.87,2734.83,0.9531,Other-Unknown,0.9414
SAM 3,mtsd-p10,directional sign,grp3_6a5c994c-IMG_9361.jpg,1920.95,2636.63,2422.4,3968.88,0.9414,Roundabout Ahead,0.9588
SAM 3,mtsd-p10,directional sign,grp3_729363da-IMG_4319.jpeg,1385.07,1509.02,1980.14,2155.91,0.9141,Stop Sign,0.9636
SAM 3,mtsd-p10,directional sign,grp3_729363da-IMG_4319.jpeg,1385.82,1500.27,1983.91,4032.0,0.3496,,0.2593
SAM 3,mtsd-p10,directional sign,grp3_72ce7bb8-IMG_20251203_121930.jpg,1344.56,290.33,1873.8,940.51,0.9531,No Entry (One Way),0.973
SAM 3,mtsd-p10,directional sign,grp3_733addec-IMG_9083.jpg,1651.58,1753.82,2762.04,2939.78,0.7383,Back-Unknown,0.9862
SAM 3,mtsd-p10,directional sign,grp3_76fb906e-20251129_122552.jpg,556.91,556.67,1970.89,1856.65,0.9219,Back-Unknown,0.9834
SAM 3,mtsd-p10,directional sign,grp3_76fb906e-20251129_122552.jpg,779.26,1879.4,1965.34,3109.2,0.8594,Back-Unknown,0.9892
SAM 3,mtsd-p10,directional sign,grp3_76fb906e-20251129_122552.jpg,2100.58,2637.84,2186.4,2744.55,0.6367,Back-Unknown,0.5407
SAM 3,mtsd-p10,directional sign,grp3_76fb906e-20251129_122552.jpg,565.16,559.93,1971.38,4070.08,0.4316,,0.3692
SAM 3,mtsd-p10,directional sign,grp3_76fb906e-20251129_122552.jpg,2695.38,3667.94,3060.0,4024.7,0.4141,,0.0
SAM 3,mtsd-p10,directional sign,grp3_7b58307a-IMG_20251203_094229.jpg,1092.99,338.9,2253.56,1511.5,0.75,Back-Unknown,0.9876
SAM 3,mtsd-p10,directional sign,grp3_7b58307a-IMG_20251203_094229.jpg,1095.22,293.31,2249.78,4080.0,0.4492,,0.3097
SAM 3,mtsd-p10,directional sign,grp3_81a84d18-IMG_9109.jpg,1614.81,1360.57,2871.1,2585.91,0.9219,Back-Unknown,0.9818
SAM 3,mtsd-p10,directional sign,grp3_81a84d18-IMG_9109.jpg,1937.94,406.13,2324.06,1380.15,0.8398,Back-Unknown,0.9804
SAM 3,mtsd-p10,directional sign,grp3_81a84d18-IMG_9109.jpg,1898.83,409.32,2859.42,5712.0,0.3027,,0.2159
SAM 3,mtsd-p10,directional sign,grp3_874592da-20251129_122245.jpg,1049.25,1270.06,1834.05,1966.98,0.9219,Back-Unknown,0.9756
SAM 3,mtsd-p10,directional sign,grp3_874592da-20251129_122245.jpg,1019.5,1966.99,1871.19,2803.89,0.8945,Back-Unknown,0.9815
SAM 3,mtsd-p10,directional sign,grp3_874592da-20251129_122245.jpg,1030.86,1271.53,1852.5,4080.0,0.4199,,0.297
SAM 3,mtsd-p10,directional sign,grp3_87ee400a-IMG_9122.jpg,1933.83,1325.13,2249.75,2680.66,0.9531,Stop Sign,0.977
SAM 3,mtsd-p10,directional sign,grp3_8c6aa47e-IMG_20251203_121607.jpg,1162.0,432.31,1706.67,1581.12,0.9531,No Entry (One Way),0.9782
SAM 3,mtsd-p10,directional sign,grp3_8c6aa47e-IMG_20251203_121607.jpg,567.85,1464.17,1648.08,2591.96,0.5664,Auxiliary Sign,0.9656
SAM 3,mtsd-p10,directional sign,grp3_8c6aa47e-IMG_20251203_121607.jpg,671.26,2233.9,898.69,2421.9,0.4473,,0.0339
SAM 3,mtsd-p10,directional sign,grp3_8d66655f-IMG_4305.jpeg,2479.91,2484.18,2575.61,2575.71,0.5781,,0.0
SAM 3,mtsd-p10,directional sign,grp3_8d66655f-IMG_4305.jpeg,1495.56,1796.41,1818.12,2439.4,0.5234,Blind-Spot Mirror (Convex Mirror),0.9751
SAM 3,mtsd-p10,directional sign,grp3_8d66655f-IMG_4305.jpeg,1427.04,1306.1,1952.49,1865.94,0.4824,Blind-Spot Mirror (Convex Mirror),0.9845
SAM 3,mtsd-p10,directional sign,grp3_8d66655f-IMG_4305.jpeg,2417.86,2509.09,2483.59,2569.57,0.4395,,0.0
SAM 3,mtsd-p10,directional sign,grp3_8d66655f-IMG_4305.jpeg,1917.87,2581.71,1956.63,2653.32,0.416,,0.4396
SAM 3,mtsd-p10,directional sign,grp3_8d66655f-IMG_4305.jpeg,2530.12,2569.34,2585.03,2631.48,0.3516,,0.0
SAM 3,mtsd-p10,directional sign,grp3_8d66655f-IMG_4305.jpeg,1434.33,1303.45,1947.92,4032.0,0.3398,,0.206
SAM 3,mtsd-p10,directional sign,grp3_913cab50-IMG_20251204_094538.jpg,754.77,1527.87,2134.96,2945.81,0.9648,No Entry (One Way),0.9727
SAM 3,mtsd-p10,directional sign,grp3_913cab50-IMG_20251204_094538.jpg,753.09,295.0,2123.12,1681.7,0.5,Back-Unknown,0.9821
SAM 3,mtsd-p10,directional sign,grp3_915b758c-IMG_4287.jpeg,1360.3,1428.89,1845.19,1983.73,0.9336,No Entry (One Way),0.9602
SAM 3,mtsd-p10,directional sign,grp3_915b758c-IMG_4287.jpeg,1366.11,1919.47,1829.43,2560.03,0.7852,Back-Unknown,0.9542
SAM 3,mtsd-p10,directional sign,grp3_915b758c-IMG_4287.jpeg,1357.4,1422.72,1851.1,4032.0,0.4492,,0.2414
SAM 3,mtsd-p10,directional sign,grp3_940c99a8-IMG_9166.jpg,2072.79,2823.88,2520.53,4070.5,0.9336,Other-Unknown,0.9687
SAM 3,mtsd-p10,directional sign,grp3_940c99a8-IMG_9166.jpg,2137.95,1735.83,2461.26,2915.6,0.9141,Stop Sign,0.9568
SAM 3,mtsd-p10,directional sign,grp3_940c99a8-IMG_9166.jpg,2093.8,1725.04,2500.07,5712.0,0.3301,,0.3013
SAM 3,mtsd-p10,directional sign,grp3_9e3990fa-20251129_124245.jpg,620.79,1393.02,2339.75,2959.93,0.4453,Blind-Spot Mirror (Convex Mirror),0.9777
SAM 3,mtsd-p10,directional sign,grp3_9eaf77cf-IMG_4402.jpeg,1340.28,1109.34,2046.71,1827.24,0.8555,,0.2343
SAM 3,mtsd-p10,directional sign,grp3_9eaf77cf-IMG_4402.jpeg,1341.95,1114.03,4032.0,1828.29,0.3633,,0.2003
SAM 3,mtsd-p10,directional sign,grp3_9ff54512-IMG_20251203_093925.jpg,1019.79,194.38,2025.73,1184.69,0.9062,Stop Sign,0.9736
SAM 3,mtsd-p10,directional sign,grp3_9ff54512-IMG_20251203_093925.jpg,1193.37,2146.44,1229.12,2185.67,0.4062,Stop Sign,0.5808
SAM 3,mtsd-p10,directional sign,grp3_9ff54512-IMG_20251203_093925.jpg,1016.35,201.05,2031.04,4080.0,0.3867,,0.2559
SAM 3,mtsd-p10,directional sign,grp3_9ff54512-IMG_20251203_093925.jpg,2795.53,2125.92,2840.36,2225.69,0.3438,,0.0
SAM 3,mtsd-p10,directional sign,grp3_a5739f60-IMG_20251203_120925.jpg,1446.73,3302.53,1551.37,3833.6,0.3906,,0.0
SAM 3,mtsd-p10,directional sign,grp3_a5739f60-IMG_20251203_120925.jpg,2739.9,2612.56,2794.89,2671.15,0.3164,No Entry (One Way),0.8111
SAM 3,mtsd-p10,directional sign,grp3_a9724b83-20251129_122439.jpg,1267.91,1951.79,1464.96,2643.37,0.9219,Roundabout Ahead,0.9661
SAM 3,mtsd-p10,directional sign,grp3_a9724b83-20251129_122439.jpg,1187.65,1005.38,1464.79,1968.76,0.8984,Other-Unknown,0.9557
SAM 3,mtsd-p10,directional sign,grp3_a9724b83-20251129_122439.jpg,0.0,0.0,1819.16,675.84,0.7461,Stop Sign,0.9874
SAM 3,mtsd-p10,directional sign,grp3_a9724b83-20251129_122439.jpg,1403.84,1215.72,1577.77,1858.59,0.6367,Back-Unknown,0.979
SAM 3,mtsd-p10,directional sign,grp3_a9724b83-20251129_122439.jpg,0.0,335.2,1483.16,1163.79,0.4199,Back-Unknown,0.9595
SAM 3,mtsd-p10,directional sign,grp3_a9724b83-20251129_122439.jpg,0.0,9.99,1823.73,4053.22,0.3262,,0.1734
SAM 3,mtsd-p10,directional sign,grp3_ae42a8a0-20251129_121839.jpg,1121.72,1795.62,1882.92,2541.45,0.9492,Other-Unknown,0.984
SAM 3,mtsd-p10,directional sign,grp3_ae42a8a0-20251129_121839.jpg,1107.64,1140.18,1822.08,1815.48,0.9336,Stop Sign,0.9835
SAM 3,mtsd-p10,directional sign,grp3_aebbbcad-IMG_9204.jpg,1635.66,1053.01,2739.42,2159.68,0.8906,Stop Sign,0.9173
SAM 3,mtsd-p10,directional sign,grp3_aebbbcad-IMG_9204.jpg,1318.61,3657.06,1575.48,3854.02,0.6602,,0.0
SAM 3,mtsd-p10,directional sign,grp3_aebbbcad-IMG_9204.jpg,1115.96,3741.32,1201.64,3857.33,0.3457,,0.0
SAM 3,mtsd-p10,directional sign,grp3_c0cc3ce0-IMG_20251203_115646.jpg,1151.95,536.31,2040.09,1589.85,0.9688,Other-Unknown,0.9786
SAM 3,mtsd-p10,directional sign,grp3_c0cc3ce0-IMG_20251203_115646.jpg,1287.08,1512.43,1940.92,2343.29,0.957,No Entry (One Way),0.9853
SAM 3,mtsd-p10,directional sign,grp3_ca162d3e-20251129_114653.jpg,940.58,1389.97,1852.47,2317.32,0.8945,No Entry (One Way),0.9324
SAM 3,mtsd-p10,directional sign,grp3_ca162d3e-20251129_114653.jpg,2171.76,2591.18,2250.81,2712.53,0.8672,No Entry (One Way),0.8532
SAM 3,mtsd-p10,directional sign,grp3_ca162d3e-20251129_114653.jpg,0.0,2390.06,67.84,2466.14,0.6523,Street Sign,0.9095
SAM 3,mtsd-p10,directional sign,grp3_ca162d3e-20251129_114653.jpg,0.0,2537.31,38.27,2576.83,0.4883,,0.0
SAM 3,mtsd-p10,directional sign,grp3_ca162d3e-20251129_114653.jpg,2173.53,2588.14,2255.42,3075.35,0.3965,,0.2051
SAM 3,mtsd-p10,directional sign,grp3_ca162d3e-20251129_114653.jpg,939.37,1385.45,1857.19,4059.01,0.3965,,0.3266
SAM 3,mtsd-p10,directional sign,grp3_def908c3-IMG_4315.jpeg,1246.64,1388.29,1918.49,2018.69,0.6445,Back-Unknown,0.9883
SAM 3,mtsd-p10,directional sign,grp3_def908c3-IMG_4315.jpeg,2291.05,2611.76,2370.27,2715.89,0.582,Back-Unknown,0.9444
SAM 3,mtsd-p10,directional sign,grp3_def908c3-IMG_4315.jpeg,1247.15,1391.21,1917.34,4032.0,0.4277,,0.2376
SAM 3,mtsd-p10,directional sign,grp3_def908c3-IMG_4315.jpeg,2538.8,2461.84,2636.6,2611.88,0.3457,,0.0
SAM 3,mtsd-p10,directional sign,grp3_def908c3-IMG_4315.jpeg,2841.11,2457.22,3024.0,2600.91,0.3223,,0.0
SAM 3,mtsd-p10,directional sign,grp3_e0a623d6-IMG_9293.jpg,2013.83,1451.39,2511.68,2813.82,0.9492,No Through Road (T-Junction),0.9398
SAM 3,mtsd-p10,directional sign,grp3_e0a623d6-IMG_9293.jpg,2006.73,1447.66,2583.55,5712.0,0.3828,,0.283
SAM 3,mtsd-p10,directional sign,grp3_e17ffb83-20251129_115005.jpg,1212.66,1465.45,1547.62,2367.53,0.957,No Entry (One Way),0.9467
SAM 3,mtsd-p10,directional sign,grp3_e337de9a-IMG_4362.jpeg,980.65,659.99,2143.77,1627.46,0.9375,Other-Unknown,0.9777
SAM 3,mtsd-p10,directional sign,grp3_e337de9a-IMG_4362.jpeg,1146.26,1587.11,1996.8,1892.45,0.9062,Auxiliary Sign,0.9187
SAM 3,mtsd-p10,directional sign,grp3_e337de9a-IMG_4362.jpeg,1128.31,1868.19,1990.2,2697.5,0.6797,Back-Unknown,0.9864
SAM 3,mtsd-p10,directional sign,grp3_e337de9a-IMG_4362.jpeg,391.73,2570.93,442.23,2648.82,0.3516,Auxiliary Sign,0.8476
SAM 3,mtsd-p10,directional sign,grp3_eb512649-IMG_4353.jpeg,1265.65,1514.67,1868.06,2030.1,0.8906,Back-Unknown,0.9869
SAM 3,mtsd-p10,directional sign,grp3_eb512649-IMG_4353.jpeg,1249.73,2024.62,1885.81,2636.95,0.8672,Back-Unknown,0.9887
SAM 3,mtsd-p10,directional sign,grp3_eb512649-IMG_4353.jpeg,1254.87,1510.48,1875.75,4032.0,0.4434,,0.242
SAM 3,mtsd-p10,directional sign,grp3_eb95b9a8-IMG_9119.jpg,3560.56,5658.67,3860.9,5712.0,0.4902,,0.0
SAM 3,mtsd-p10,directional sign,grp3_ecbe9be3-IMG_20251204_100152.jpg,1393.48,808.01,2639.3,2373.63,0.3184,Other-Unknown,0.9649
SAM 3,mtsd-p10,directional sign,grp3_f2a7e32a-IMG_4334.jpeg,1254.12,1771.93,1834.67,2345.48,0.6172,Back-Unknown,0.9894
SAM 3,mtsd-p10,directional sign,grp3_f2a7e32a-IMG_4334.jpeg,1912.58,3160.88,2130.6,3211.86,0.6016,,0.0
SAM 3,mtsd-p10,directional sign,grp3_f2a7e32a-IMG_4334.jpeg,1255.77,1769.61,1832.81,4032.0,0.4531,,0.2514
SAM 3,mtsd-p10,directional sign,grp3_f2a7e32a-IMG_4334.jpeg,0.0,1205.65,97.7,1399.38,0.4473,,0.0
SAM 3,mtsd-p10,directional sign,grp3_f6ba6aba-IMG_4397.jpeg,1169.25,1483.69,1899.12,2176.05,0.9531,No Entry (One Way),0.9796
SAM 3,mtsd-p10,directional sign,grp3_f6ba6aba-IMG_4397.jpeg,1814.38,2776.29,1897.98,2855.22,0.5273,,0.0
SAM 3,mtsd-p10,directional sign,grp3_f6ba6aba-IMG_4397.jpeg,1163.43,1478.28,1901.4,4025.66,0.3398,,0.2722
SAM 3,mtsd-p10,directional sign,grp3_facbf33e-IMG_9197.jpg,1833.66,2077.12,2083.41,3057.48,0.9141,No Entry (One Way),0.9609
SAM 3,mtsd-p10,directional sign,grp3_facbf33e-IMG_9197.jpg,2071.62,4715.94,2159.74,4939.59,0.3926,,0.0
SAM 3,mtsd-p10,directional sign,grp3_facbf33e-IMG_9197.jpg,1867.44,2069.3,2224.36,5700.07,0.3008,,0.1614
SAM 3,mtsd-p10,directional sign,grp4_0da97af9-20251222_133337.jpg,541.62,987.13,1907.89,2316.32,0.8906,Stop Sign,0.9836
SAM 3,mtsd-p10,directional sign,grp4_11d8a182-WhatsApp_Image_2026-01-14_at_11.12.01.jpeg,305.99,1099.75,456.9,1266.64,0.9258,No Through Road (T-Junction),0.9658
SAM 3,mtsd-p10,directional sign,grp4_11d8a182-WhatsApp_Image_2026-01-14_at_11.12.01.jpeg,296.6,1684.13,371.63,1826.7,0.7891,,0.0
SAM 3,mtsd-p10,directional sign,grp4_1d0747c0-20260107_105907.jpg,463.2,1572.17,1307.14,2394.3,0.957,Roundabout Ahead,0.9769
SAM 3,mtsd-p10,directional sign,grp4_1d0747c0-20260107_105907.jpg,350.68,594.68,1343.66,1559.91,0.9492,Other-Unknown,0.9832
SAM 3,mtsd-p10,directional sign,grp4_1d0747c0-20260107_105907.jpg,665.3,2413.43,1017.15,2671.86,0.4883,,0.0
SAM 3,mtsd-p10,directional sign,grp4_20251130_114937.jpg,996.9,2015.35,1829.76,3455.7,0.918,Back-Unknown,0.9831
SAM 3,mtsd-p10,directional sign,grp4_20251130_114937.jpg,590.9,3641.44,691.28,3728.94,0.4512,,0.0
SAM 3,mtsd-p10,directional sign,grp4_20251130_115129.jpg,863.73,2227.36,2083.43,3489.61,0.9609,No Entry (One Way),0.9867
SAM 3,mtsd-p10,directional sign,grp4_20251130_115129.jpg,703.6,3407.74,761.86,3487.01,0.8438,Other-Unknown,0.8628
SAM 3,mtsd-p10,directional sign,grp4_20251130_115129.jpg,218.69,3420.14,259.76,3514.05,0.7266,Pedestrian Crossing,0.8912
SAM 3,mtsd-p10,directional sign,grp4_20251130_115129.jpg,1099.03,3415.47,1131.4,3501.85,0.5898,Other-Unknown,0.888
SAM 3,mtsd-p10,directional sign,grp4_20251130_115129.jpg,2349.92,3311.01,2381.67,3340.01,0.4551,Pedestrian Crossing,0.5548
SAM 3,mtsd-p10,directional sign,grp4_20251130_115129.jpg,1097.73,3410.4,1130.66,3576.25,0.3691,,0.4888
SAM 3,mtsd-p10,directional sign,grp4_20251130_115129.jpg,1181.36,3495.31,1218.96,3544.11,0.3438,,0.0
SAM 3,mtsd-p10,directional sign,grp4_20251130_115129.jpg,1930.74,3329.01,1968.98,3381.98,0.3301,,0.0013
SAM 3,mtsd-p10,directional sign,grp4_20251130_115129.jpg,2940.71,3316.57,3000.0,3419.86,0.3281,,0.0
SAM 3,mtsd-p10,directional sign,grp4_20251130_115523.jpg,1730.94,2927.5,1795.1,2995.08,0.7891,Pedestrian Crossing,0.8902
SAM 3,mtsd-p10,directional sign,grp4_20251130_115523.jpg,996.21,1425.16,2031.32,2501.19,0.7812,Back-Unknown,0.9945
SAM 3,mtsd-p10,directional sign,grp4_20251130_115523.jpg,2232.34,2863.04,2348.79,2975.26,0.7109,Back-Unknown,0.9341
SAM 3,mtsd-p10,directional sign,grp4_20251130_115523.jpg,2431.56,2969.52,2457.39,3004.65,0.4844,Pedestrian Crossing,0.6258
SAM 3,mtsd-p10,directional sign,grp4_20251130_115523.jpg,2426.73,2916.99,2462.2,2962.47,0.4746,,0.0
SAM 3,mtsd-p10,directional sign,grp4_20251130_115523.jpg,1916.79,2857.6,1953.22,2955.11,0.4277,,0.0
SAM 3,mtsd-p10,directional sign,grp4_20251130_115523.jpg,1002.01,1427.41,2026.48,3981.17,0.3125,,0.4176
SAM 3,mtsd-p10,directional sign,grp4_20251130_115532.jpg,1662.52,1486.44,2593.44,3251.36,0.9492,Street Sign,0.9726
SAM 3,mtsd-p10,directional sign,grp4_20251130_115532.jpg,731.27,1426.42,1955.68,2395.99,0.9414,Stop Sign,0.9752
SAM 3,mtsd-p10,directional sign,grp4_20251130_115532.jpg,1252.94,2828.3,1576.36,3777.34,0.4336,Back-Unknown,0.9582
SAM 3,mtsd-p10,directional sign,grp4_20251130_115613.jpg,1182.88,1475.0,1442.33,3055.83,0.9375,Pedestrian Crossing,0.9307
SAM 3,mtsd-p10,directional sign,grp4_20251130_115807.jpg,726.67,2471.35,1327.59,3727.56,0.9258,Pedestrian Crossing,0.9698
SAM 3,mtsd-p10,directional sign,grp4_20251130_120143.jpg,1523.46,1685.86,1719.62,3064.56,0.9102,Pedestrian Crossing,0.9127
SAM 3,mtsd-p10,directional sign,grp4_20251130_120206.jpg,1040.16,1524.61,2192.4,2797.78,0.8438,Back-Unknown,0.9761
SAM 3,mtsd-p10,directional sign,grp4_20251130_120206.jpg,311.96,3922.96,347.91,3964.62,0.4473,No Entry (One Way),0.6448
SAM 3,mtsd-p10,directional sign,grp4_20251219_134240.jpg,934.75,2003.1,2070.96,3191.49,0.6523,Back-Unknown,0.9927
SAM 3,mtsd-p10,directional sign,grp4_20251219_134240.jpg,2588.62,3511.96,2636.84,3598.75,0.5195,Auxiliary Sign,0.9444
SAM 3,mtsd-p10,directional sign,grp4_20251219_134240.jpg,2781.76,3647.7,2846.33,3770.9,0.4766,Other-Unknown,0.911
SAM 3,mtsd-p10,directional sign,grp4_20251229_142249.jpg,717.92,2035.29,1849.1,3105.89,0.793,Back-Unknown,0.9757
SAM 3,mtsd-p10,directional sign,grp4_20251229_142249.jpg,912.46,1606.72,1125.96,1944.59,0.3359,,0.0
SAM 3,mtsd-p10,directional sign,grp4_20251229_144322.jpg,912.72,1672.89,2216.69,2877.11,0.9023,Back-Unknown,0.9924
SAM 3,mtsd-p10,directional sign,grp4_20251229_144322.jpg,724.14,527.61,2142.53,1629.31,0.8828,Back-Unknown,0.9819
SAM 3,mtsd-p10,directional sign,grp4_20251229_144322.jpg,2124.46,2983.49,2271.16,3410.29,0.4902,,0.0
SAM 3,mtsd-p10,directional sign,grp4_20251229_145129.jpg,290.67,1444.59,2181.61,3005.03,0.9219,Back-Unknown,0.9852
SAM 3,mtsd-p10,directional sign,grp4_20251229_145129.jpg,228.54,2746.76,2174.43,3720.7,0.9102,Back-Unknown,0.9735
SAM 3,mtsd-p10,directional sign,grp4_20251229_145129.jpg,0.88,0.0,375.96,1104.96,0.6328,,0.0
SAM 3,mtsd-p10,directional sign,grp4_20251229_150136.jpg,624.75,1143.3,1937.03,2045.93,0.9258,Back-Unknown,0.9642
SAM 3,mtsd-p10,directional sign,grp4_20251229_150136.jpg,443.11,2062.7,1854.41,3366.25,0.8945,Back-Unknown,0.979
SAM 3,mtsd-p10,directional sign,grp4_20251229_150136.jpg,560.44,1119.57,1929.4,4000.0,0.3066,,0.4183
SAM 3,mtsd-p10,directional sign,grp4_20251229_150338.jpg,721.81,2467.89,1881.49,3670.53,0.9688,Roundabout Ahead,0.9753
SAM 3,mtsd-p10,directional sign,grp4_20251229_150338.jpg,725.38,1459.25,1945.34,2453.3,0.957,Other-Unknown,0.9606
SAM 3,mtsd-p10,directional sign,grp4_20251229_150338.jpg,1843.31,3820.67,1905.05,3914.95,0.7695,Roundabout Ahead,0.8752
SAM 3,mtsd-p10,directional sign,grp4_20251229_150338.jpg,1830.05,3708.43,1899.81,3816.26,0.7344,Other-Unknown,0.9091
SAM 3,mtsd-p10,directional sign,grp4_20251229_150338.jpg,516.39,3828.17,565.38,3909.21,0.7188,Pedestrian Crossing,0.8493
SAM 3,mtsd-p10,directional sign,grp4_20251229_150338.jpg,1841.01,3922.32,1918.61,3983.9,0.5078,,0.0
SAM 3,mtsd-p10,directional sign,grp4_20251229_150338.jpg,2604.53,3907.88,2640.97,3947.57,0.4941,Pedestrian Crossing,0.7962
SAM 3,mtsd-p10,directional sign,grp4_20251229_150338.jpg,2500.03,3875.84,2542.63,3927.63,0.4941,Other-Unknown,0.6849
SAM 3,mtsd-p10,directional sign,grp4_20251229_150338.jpg,2488.57,3850.5,2521.44,3890.76,0.3105,,0.1114
SAM 3,mtsd-p10,directional sign,grp4_20251229_151051.jpg,1227.12,2407.07,2354.46,3653.5,0.9648,Roundabout Ahead,0.9723
SAM 3,mtsd-p10,directional sign,grp4_20251229_151051.jpg,1024.01,1151.8,2386.54,2379.28,0.9492,Other-Unknown,0.974
SAM 3,mtsd-p10,directional sign,grp4_20251229_151051.jpg,2391.95,3006.11,2429.57,3069.44,0.4355,Auxiliary Sign,0.7986
SAM 3,mtsd-p10,directional sign,grp4_20251229_152158.jpg,456.24,1307.27,2504.69,3287.76,0.9414,Back-Unknown,0.9796
SAM 3,mtsd-p10,directional sign,grp4_20251231_160526.jpg,992.54,1496.45,2009.88,2435.53,0.9727,No Through Road (T-Junction),0.9705
SAM 3,mtsd-p10,directional sign,grp4_20251231_160545.jpg,1231.77,1421.07,1571.43,2419.05,0.9219,No Through Road (T-Junction),0.9148
SAM 3,mtsd-p10,directional sign,grp4_20251231_160556.jpg,1846.9,1933.42,2038.34,2507.76,0.8906,No Through Road (T-Junction),0.9512
SAM 3,mtsd-p10,directional sign,grp4_219a5ac5-20251116_164504.jpg,667.6,1176.7,1308.25,2507.42,0.9492,No Entry (One Way),0.9681
SAM 3,mtsd-p10,directional sign,grp4_219a5ac5-20251116_164504.jpg,774.25,2413.44,1153.41,4031.52,0.9375,,0.027
SAM 3,mtsd-p10,directional sign,grp4_219a5ac5-20251116_164504.jpg,809.33,2559.24,1078.75,3307.35,0.375,,0.0
SAM 3,mtsd-p10,directional sign,grp4_21c64815-20251116_163111.jpg,561.7,1170.74,1765.47,2170.86,0.9336,Stop Sign,0.9657
SAM 3,mtsd-p10,directional sign,grp4_22bb020a-20251222_131805.jpg,494.98,678.68,2377.88,2696.13,0.7266,Back-Unknown,0.972
SAM 3,mtsd-p10,directional sign,grp4_22bb020a-20251222_131805.jpg,2884.03,3658.03,2998.78,3755.48,0.6055,,0.0
SAM 3,mtsd-p10,directional sign,grp4_25671e9a-WhatsApp_Image_2026-01-14_at_11.11.43_3.jpeg,541.98,771.33,876.83,1109.7,0.9688,Roundabout Ahead,0.9748
SAM 3,mtsd-p10,directional sign,grp4_25671e9a-WhatsApp_Image_2026-01-14_at_11.11.43_3.jpeg,456.83,319.51,946.14,764.44,0.9258,Other-Unknown,0.9614
SAM 3,mtsd-p10,directional sign,grp4_25671e9a-WhatsApp_Image_2026-01-14_at_11.11.43_3.jpeg,1091.78,960.55,1113.37,987.08,0.6016,Other-Unknown,0.8197
SAM 3,mtsd-p10,directional sign,grp4_25671e9a-WhatsApp_Image_2026-01-14_at_11.11.43_3.jpeg,1344.61,856.05,1500.0,1063.79,0.5078,Back-Unknown,0.9736
SAM 3,mtsd-p10,directional sign,grp4_2659e726-20260107_105845.jpg,477.11,1101.8,1630.81,2662.87,0.9766,Roundabout Ahead,0.9661
SAM 3,mtsd-p10,directional sign,grp4_2659e726-20260107_105845.jpg,508.28,0.0,1586.86,1216.46,0.957,Other-Unknown,0.9913
SAM 3,mtsd-p10,directional sign,grp4_27645844-20260107_151619.jpg,148.38,630.02,465.86,1066.23,0.9609,Roundabout Ahead,0.9677
SAM 3,mtsd-p10,directional sign,grp4_27645844-20260107_151619.jpg,88.68,37.2,529.85,627.58,0.9375,Other-Unknown,0.9786
SAM 3,mtsd-p10,directional sign,grp4_27645844-20260107_151619.jpg,618.31,1139.56,684.08,1205.29,0.6836,Back-Unknown,0.8628
SAM 3,mtsd-p10,directional sign,grp4_27645844-20260107_151619.jpg,630.23,1215.45,681.74,1276.04,0.6367,Back-Unknown,0.9453
SAM 3,mtsd-p10,directional sign,grp4_27645844-20260107_151619.jpg,1056.06,1168.82,1116.0,1273.86,0.6094,,0.0
SAM 3,mtsd-p10,directional sign,grp4_27645844-20260107_151619.jpg,890.37,1214.22,916.74,1264.82,0.5859,Back-Unknown,0.8924
SAM 3,mtsd-p10,directional sign,grp4_27645844-20260107_151619.jpg,973.84,1176.03,1023.78,1247.61,0.5039,Blind-Spot Mirror (Convex Mirror),0.9146
SAM 3,mtsd-p10,directional sign,grp4_27645844-20260107_151619.jpg,885.76,1155.58,914.6,1200.65,0.4746,Back-Unknown,0.7216
SAM 3,mtsd-p10,directional sign,grp4_27645844-20260107_151619.jpg,1080.71,1248.97,1116.0,1272.59,0.3691,,0.0
SAM 3,mtsd-p10,directional sign,grp4_27f66596-20260109_125516.jpg,1033.19,975.2,1101.56,1087.0,0.832,,0.0033
SAM 3,mtsd-p10,directional sign,grp4_27f66596-20260109_125516.jpg,1650.07,878.55,1699.6,951.74,0.5195,,0.0026
SAM 3,mtsd-p10,directional sign,grp4_27f66596-20260109_125516.jpg,599.3,158.9,1885.08,1915.95,0.4395,Blind-Spot Mirror (Convex Mirror),0.9702
SAM 3,mtsd-p10,directional sign,grp4_27f66596-20260109_125516.jpg,1220.46,490.68,2073.35,2045.29,0.3379,Back-Unknown,0.9328
SAM 3,mtsd-p10,directional sign,grp4_3a0abdfb-20251116_161259.jpg,816.45,1575.37,1452.51,2233.19,0.9648,Auxiliary Sign,0.9525
SAM 3,mtsd-p10,directional sign,grp4_3a0abdfb-20251116_161259.jpg,840.1,880.57,1349.03,1918.07,0.9648,Pedestrian Crossing,0.9806
SAM 3,mtsd-p10,directional sign,grp4_3a5008ad-20251222_141011.jpg,1023.4,422.14,2163.26,2117.9,0.8984,No Entry (One Way),0.9817
SAM 3,mtsd-p10,directional sign,grp4_3a5008ad-20251222_141011.jpg,672.74,500.45,1729.07,2183.64,0.6094,Back-Unknown,0.9692
SAM 3,mtsd-p10,directional sign,grp4_3a5008ad-20251222_141011.jpg,678.28,420.16,2167.65,4000.0,0.3867,,0.3651
SAM 3,mtsd-p10,directional sign,grp4_420a4dea-20251222_131729.jpg,822.37,717.98,2363.3,2469.95,0.9648,No Entry (One Way),0.9807
SAM 3,mtsd-p10,directional sign,grp4_420a4dea-20251222_131729.jpg,286.68,0.0,995.8,1690.83,0.3906,Back-Unknown,0.9921
SAM 3,mtsd-p10,directional sign,grp4_53b94993-WhatsApp_Image_2026-01-14_at_11.10.30_2.jpeg,593.92,768.68,854.92,1199.52,0.9297,No Entry (One Way),0.9754
SAM 3,mtsd-p10,directional sign,grp4_53b94993-WhatsApp_Image_2026-01-14_at_11.10.30_2.jpeg,887.2,1552.57,930.25,1601.03,0.3555,,0.0
SAM 3,mtsd-p10,directional sign,grp4_53b94993-WhatsApp_Image_2026-01-14_at_11.10.30_2.jpeg,573.52,771.95,854.31,1993.67,0.3184,,0.3252
SAM 3,mtsd-p10,directional sign,grp4_5886bc7f-20251116_161202.jpg,1244.23,1405.12,1400.02,1884.01,0.9453,Stop Sign,0.9544
SAM 3,mtsd-p10,directional sign,grp4_5996dfea-20251116_163330.jpg,1489.34,935.72,1665.8,1948.97,0.8984,Back-Unknown,0.9465
SAM 3,mtsd-p10,directional sign,grp4_5996dfea-20251116_163330.jpg,1034.93,1559.03,1162.21,2149.13,0.8906,No Entry (One Way),0.8754
SAM 3,mtsd-p10,directional sign,grp4_5996dfea-20251116_163330.jpg,275.24,2334.11,332.02,2521.63,0.4434,,0.0
SAM 3,mtsd-p10,directional sign,grp4_5c62b2f6-20251117_104837.jpg,425.94,1316.41,1642.78,2352.19,0.957,Pedestrian Crossing,0.9737
SAM 3,mtsd-p10,directional sign,grp4_5c62b2f6-20251117_104837.jpg,640.01,577.94,1447.75,1397.54,0.918,Stop Sign,0.9416
SAM 3,mtsd-p10,directional sign,grp4_5c62b2f6-20251117_104837.jpg,844.94,2687.03,885.37,2735.28,0.4492,Pedestrian Crossing,0.7435
SAM 3,mtsd-p10,directional sign,grp4_5c62b2f6-20251117_104837.jpg,2031.47,2708.99,2075.17,2784.62,0.3672,,0.3827
SAM 3,mtsd-p10,directional sign,grp4_5e204826-WhatsApp_Image_2026-01-14_at_11.11.36.jpeg,587.08,791.23,777.29,978.65,0.9258,No Entry (One Way),0.9596
SAM 3,mtsd-p10,directional sign,grp4_5e204826-WhatsApp_Image_2026-01-14_at_11.11.36.jpeg,585.29,787.07,779.1,1776.94,0.4453,,0.1917
SAM 3,mtsd-p10,directional sign,grp4_5e204826-WhatsApp_Image_2026-01-14_at_11.11.36.jpeg,1487.8,1239.24,1500.0,1318.67,0.3574,,0.0
SAM 3,mtsd-p10,directional sign,grp4_63c4320e-WhatsApp_Image_2026-01-14_at_11.10.32_3.jpeg,585.38,683.55,826.61,914.09,0.9219,No Through Road (T-Junction),0.958
SAM 3,mtsd-p10,directional sign,grp4_66eacd8c-20260109_124456.jpg,842.3,851.81,1895.19,2651.59,0.957,No Through Road (T-Junction),0.9684
SAM 3,mtsd-p10,directional sign,grp4_763f17c4-20260107_150842.jpg,520.19,1478.35,1358.63,2282.57,0.9688,Roundabout Ahead,0.9825
SAM 3,mtsd-p10,directional sign,grp4_763f17c4-20260107_150842.jpg,483.77,549.0,1393.22,1480.49,0.9531,Other-Unknown,0.9839
SAM 3,mtsd-p10,directional sign,grp4_7af17460-WhatsApp_Image_2026-01-14_at_11.11.40_2.jpeg,598.38,887.81,819.05,1110.56,0.9492,Roundabout Ahead,0.9776
SAM 3,mtsd-p10,directional sign,grp4_7af17460-WhatsApp_Image_2026-01-14_at_11.11.40_2.jpeg,562.88,610.09,860.62,884.92,0.9375,Other-Unknown,0.9688
SAM 3,mtsd-p10,directional sign,grp4_7af17460-WhatsApp_Image_2026-01-14_at_11.11.40_2.jpeg,953.56,1053.0,971.73,1080.86,0.7969,Other-Unknown,0.873
SAM 3,mtsd-p10,directional sign,grp4_7af17460-WhatsApp_Image_2026-01-14_at_11.11.40_2.jpeg,1390.66,1045.19,1414.06,1069.12,0.7891,Other-Unknown,0.9299
SAM 3,mtsd-p10,directional sign,grp4_7af17460-WhatsApp_Image_2026-01-14_at_11.11.40_2.jpeg,1383.09,1023.48,1405.87,1047.92,0.7852,No Entry (One Way),0.7388
SAM 3,mtsd-p10,directional sign,grp4_7af17460-WhatsApp_Image_2026-01-14_at_11.11.40_2.jpeg,1479.4,1006.77,1498.82,1029.39,0.6992,Other-Unknown,0.7012
SAM 3,mtsd-p10,directional sign,grp4_7af17460-WhatsApp_Image_2026-01-14_at_11.11.40_2.jpeg,954.51,1034.96,967.19,1057.53,0.6602,Roundabout Ahead,0.6465
SAM 3,mtsd-p10,directional sign,grp4_7af17460-WhatsApp_Image_2026-01-14_at_11.11.40_2.jpeg,875.16,624.14,1089.41,849.18,0.457,,0.0
SAM 3,mtsd-p10,directional sign,grp4_7af17460-WhatsApp_Image_2026-01-14_at_11.11.40_2.jpeg,595.08,883.85,822.47,1696.47,0.3281,,0.2721
SAM 3,mtsd-p10,directional sign,grp4_7b6a28a6-WhatsApp_Image_2026-01-14_at_11.10.25_4.jpeg,571.58,671.1,882.05,977.22,0.9609,No Through Road (T-Junction),0.9622
SAM 3,mtsd-p10,directional sign,grp4_7b6a28a6-WhatsApp_Image_2026-01-14_at_11.10.25_4.jpeg,572.76,668.49,885.86,1988.77,0.3066,,0.2349
SAM 3,mtsd-p10,directional sign,grp4_81d58d34-20251222_132612.jpg,691.03,886.21,2016.45,2190.68,0.9648,No Entry (One Way),0.9854
SAM 3,mtsd-p10,directional sign,grp4_82399059-20251116_165140.jpg,325.03,2013.98,1978.65,3537.1,0.7539,Other-Unknown,0.9686
SAM 3,mtsd-p10,directional sign,grp4_82399059-20251116_165140.jpg,679.57,1307.7,705.62,1377.14,0.4863,,0.0012
SAM 3,mtsd-p10,directional sign,grp4_83705e8e-WhatsApp_Image_2026-01-14_at_11.10.28_3.jpeg,410.32,1206.13,440.02,1256.31,0.8203,Other-Unknown,0.9003
SAM 3,mtsd-p10,directional sign,grp4_83705e8e-WhatsApp_Image_2026-01-14_at_11.10.28_3.jpeg,259.41,1199.94,280.76,1231.49,0.6992,,0.0637
SAM 3,mtsd-p10,directional sign,grp4_83705e8e-WhatsApp_Image_2026-01-14_at_11.10.28_3.jpeg,916.89,1128.22,967.73,1235.8,0.6562,Auxiliary Sign,0.6535
SAM 3,mtsd-p10,directional sign,grp4_83705e8e-WhatsApp_Image_2026-01-14_at_11.10.28_3.jpeg,261.93,1162.71,281.86,1202.97,0.6484,Auxiliary Sign,0.8374
SAM 3,mtsd-p10,directional sign,grp4_83705e8e-WhatsApp_Image_2026-01-14_at_11.10.28_3.jpeg,932.81,1262.66,956.8,1296.94,0.6289,Other-Unknown,0.9415
SAM 3,mtsd-p10,directional sign,grp4_83705e8e-WhatsApp_Image_2026-01-14_at_11.10.28_3.jpeg,931.93,1236.04,953.05,1261.39,0.625,,0.0
SAM 3,mtsd-p10,directional sign,grp4_83705e8e-WhatsApp_Image_2026-01-14_at_11.10.28_3.jpeg,547.47,635.99,939.91,1027.59,0.4668,Back-Unknown,0.9893
SAM 3,mtsd-p10,directional sign,grp4_83705e8e-WhatsApp_Image_2026-01-14_at_11.10.28_3.jpeg,928.39,1133.63,952.83,1159.41,0.4414,,0.1745
SAM 3,mtsd-p10,directional sign,grp4_83705e8e-WhatsApp_Image_2026-01-14_at_11.10.28_3.jpeg,545.68,632.46,940.45,1988.2,0.4062,,0.2902
SAM 3,mtsd-p10,directional sign,grp4_83705e8e-WhatsApp_Image_2026-01-14_at_11.10.28_3.jpeg,101.19,1155.8,145.63,1187.65,0.3242,,0.0
SAM 3,mtsd-p10,directional sign,grp4_83705e8e-WhatsApp_Image_2026-01-14_at_11.10.28_3.jpeg,699.84,1223.25,725.63,1245.94,0.3066,,0.0
SAM 3,mtsd-p10,directional sign,grp4_86e58e1e-WhatsApp_Image_2026-01-14_at_11.10.21.jpeg,643.7,753.61,814.71,1198.81,0.8867,No Entry (One Way),0.9197
SAM 3,mtsd-p10,directional sign,grp4_86e58e1e-WhatsApp_Image_2026-01-14_at_11.10.21.jpeg,763.13,337.68,956.44,792.08,0.6328,Blind-Spot Mirror (Convex Mirror),0.9669
SAM 3,mtsd-p10,directional sign,grp4_86e58e1e-WhatsApp_Image_2026-01-14_at_11.10.21.jpeg,653.02,348.89,953.74,2000.0,0.3184,,0.1721
SAM 3,mtsd-p10,directional sign,grp4_87ae19f5-WhatsApp_Image_2026-01-14_at_11.11.37.jpeg,587.99,949.84,822.68,1182.79,0.9531,Other-Unknown,0.9735
SAM 3,mtsd-p10,directional sign,grp4_87ae19f5-WhatsApp_Image_2026-01-14_at_11.11.37.jpeg,584.49,722.71,815.91,947.35,0.9297,No Through Road (T-Junction),0.9542
SAM 3,mtsd-p10,directional sign,grp4_87ae19f5-WhatsApp_Image_2026-01-14_at_11.11.37.jpeg,118.78,1169.43,191.56,1240.65,0.9141,Other-Unknown,0.9524
SAM 3,mtsd-p10,directional sign,grp4_87ae19f5-WhatsApp_Image_2026-01-14_at_11.11.37.jpeg,652.6,1207.91,681.43,1247.77,0.832,No Entry (One Way),0.8849
SAM 3,mtsd-p10,directional sign,grp4_8b497905-20260107_150756.jpg,831.52,1517.8,1368.4,2062.98,0.9648,Roundabout Ahead,0.9765
SAM 3,mtsd-p10,directional sign,grp4_8b497905-20260107_150756.jpg,707.96,801.95,1441.51,1506.6,0.9531,Other-Unknown,0.9756
SAM 3,mtsd-p10,directional sign,grp4_8b497905-20260107_150756.jpg,873.76,2036.06,1399.46,2347.22,0.4199,Back-Unknown,0.961
SAM 3,mtsd-p10,directional sign,grp4_8bd079ee-20260107_105937.jpg,542.35,1112.26,1063.71,1643.45,0.9492,Pedestrian Crossing,0.9716
SAM 3,mtsd-p10,directional sign,grp4_8bd079ee-20260107_105937.jpg,601.85,1238.45,986.64,1574.55,0.3281,,0.4537
SAM 3,mtsd-p10,directional sign,grp4_935db33c-20260107_105737.jpg,750.99,1830.96,1537.03,2576.35,0.9727,Roundabout Ahead,0.9644
SAM 3,mtsd-p10,directional sign,grp4_935db33c-20260107_105737.jpg,646.39,1064.35,1571.94,1820.95,0.9688,Other-Unknown,0.9638
SAM 3,mtsd-p10,directional sign,grp4_94287dbf-20260113_132935.jpg,941.82,1335.58,1780.03,2821.83,0.9414,No Through Road (T-Junction),0.9775
SAM 3,mtsd-p10,directional sign,grp4_9a8f607e-20251222_141532.jpg,379.92,684.2,2120.48,2302.83,0.9062,Back-Unknown,0.9916
SAM 3,mtsd-p10,directional sign,grp4_9a8f607e-20251222_141532.jpg,678.2,2133.61,2005.84,2733.49,0.8672,Back-Unknown,0.9722
SAM 3,mtsd-p10,directional sign,grp4_9a8f607e-20251222_141532.jpg,382.57,685.25,2117.89,4000.0,0.3867,,0.4874
SAM 3,mtsd-p10,directional sign,grp4_9c4db066-WhatsApp_Image_2026-01-14_at_10.34.44_2.jpeg,157.74,417.59,404.87,673.2,0.7773,Stop Sign,0.9857
SAM 3,mtsd-p10,directional sign,grp4_9c4db066-WhatsApp_Image_2026-01-14_at_10.34.44_2.jpeg,157.34,417.44,404.93,1425.96,0.5,,0.2534
SAM 3,mtsd-p10,directional sign,grp4_9c4db066-WhatsApp_Image_2026-01-14_at_10.34.44_2.jpeg,150.37,856.27,158.86,868.8,0.3945,,0.0
SAM 3,mtsd-p10,directional sign,grp4_a3952dcd-20251116_170721.jpg,486.76,741.23,1189.32,2166.96,0.9531,No Entry (One Way),0.9833
SAM 3,mtsd-p10,directional sign,grp4_a59df063-20251116_165440.jpg,224.81,883.12,1319.5,2239.88,0.9688,No Entry (One Way),0.968
SAM 3,mtsd-p10,directional sign,grp4_a59df063-20251116_165440.jpg,1809.22,3074.59,1883.2,3153.6,0.8438,No Entry (One Way),0.9629
SAM 3,mtsd-p10,directional sign,grp4_a59df063-20251116_165440.jpg,469.54,3137.45,517.17,3225.22,0.3223,,0.0
SAM 3,mtsd-p10,directional sign,grp4_abe76f20-20260109_124535.jpg,750.18,286.77,2096.24,2611.03,0.9609,No Through Road (T-Junction),0.9701
SAM 3,mtsd-p10,directional sign,grp4_b3745e21-20251222_142059.jpg,807.79,575.61,1729.54,2232.23,0.9531,No Entry (One Way),0.971
SAM 3,mtsd-p10,directional sign,grp4_b3d0eaa4-20251116_163427.jpg,28.74,467.35,918.82,2502.35,0.957,Auxiliary Sign,0.9891
SAM 3,mtsd-p10,directional sign,grp4_b3d0eaa4-20251116_163427.jpg,288.51,835.83,664.42,1383.99,0.4141,,0.1127
SAM 3,mtsd-p10,directional sign,grp4_b3d0eaa4-20251116_163427.jpg,892.3,1357.74,997.74,1707.89,0.3145,,0.0617
SAM 3,mtsd-p10,directional sign,grp4_bdef9845-20260109_130552.jpg,741.91,1268.44,1975.45,2349.53,0.6797,Blind-Spot Mirror (Convex Mirror),0.9848
SAM 3,mtsd-p10,directional sign,grp4_bdef9845-20260109_130552.jpg,680.21,2425.87,1798.72,3649.63,0.6719,Back-Unknown,0.9742
SAM 3,mtsd-p10,directional sign,grp4_c3a633b2-20251116_162903.jpg,297.14,1162.75,493.89,1776.99,0.9414,Back-Unknown,0.9804
SAM 3,mtsd-p10,directional sign,grp4_c3a633b2-20251116_162903.jpg,628.25,794.58,1104.61,1064.79,0.4453,Street Sign,0.9582
SAM 3,mtsd-p10,directional sign,grp4_c3a633b2-20251116_162903.jpg,294.33,1170.29,559.98,3318.46,0.373,,0.212
SAM 3,mtsd-p10,directional sign,grp4_c909a40a-20251222_142239.jpg,529.01,563.59,2030.79,2011.34,0.9531,Pedestrian Crossing,0.9791
SAM 3,mtsd-p10,directional sign,grp4_c909a40a-20251222_142239.jpg,729.11,824.54,1853.16,1760.58,0.3125,,0.4738
SAM 3,mtsd-p10,directional sign,grp4_cdcb1057-WhatsApp_Image_2026-01-14_at_11.11.40_1.jpeg,1320.08,694.98,1372.29,747.39,0.8984,No Entry (One Way),0.935
SAM 3,mtsd-p10,directional sign,grp4_cdcb1057-WhatsApp_Image_2026-01-14_at_11.11.40_1.jpeg,525.59,845.98,571.49,890.31,0.8828,No Entry (One Way),0.8737
SAM 3,mtsd-p10,directional sign,grp4_cdcb1057-WhatsApp_Image_2026-01-14_at_11.11.40_1.jpeg,234.54,743.94,261.33,769.67,0.7031,Other-Unknown,0.7011
SAM 3,mtsd-p10,directional sign,grp4_cdcb1057-WhatsApp_Image_2026-01-14_at_11.11.40_1.jpeg,969.96,772.13,980.84,783.4,0.5352,No Entry (One Way),0.5409
SAM 3,mtsd-p10,directional sign,grp4_cdcb1057-WhatsApp_Image_2026-01-14_at_11.11.40_1.jpeg,656.28,732.56,670.7,765.22,0.418,Other-Unknown,0.5843
SAM 3,mtsd-p10,directional sign,grp4_cdcb1057-WhatsApp_Image_2026-01-14_at_11.11.40_1.jpeg,1323.34,697.39,1372.44,952.09,0.3242,,0.1841
SAM 3,mtsd-p10,directional sign,grp4_d1c1ed24-20260113_130204.jpg,1056.54,1573.79,1834.29,2331.32,0.9492,No Through Road (T-Junction),0.9634
SAM 3,mtsd-p10,directional sign,grp4_d2b85a88-20251116_163522.jpg,417.68,956.45,566.96,1167.54,0.5234,,0.0
SAM 3,mtsd-p10,directional sign,grp4_d2b85a88-20251116_163522.jpg,788.15,1530.67,1480.24,2458.16,0.3086,Blind-Spot Mirror (Convex Mirror),0.9676
SAM 3,mtsd-p10,directional sign,grp4_d3d2c193-20260109_124357.jpg,385.18,589.49,1934.15,2518.54,0.8555,Back-Unknown,0.9785
SAM 3,mtsd-p10,directional sign,grp4_d4ed28aa-20251222_141346.jpg,588.0,524.67,2175.74,2301.78,0.8945,Back-Unknown,0.9845
SAM 3,mtsd-p10,directional sign,grp4_d5aaacb6-20251116_165125.jpg,269.55,3098.92,497.19,3352.18,0.8828,No Entry (One Way),0.9558
SAM 3,mtsd-p10,directional sign,grp4_d5aaacb6-20251116_165125.jpg,294.19,1615.53,1817.21,3152.18,0.8086,Back-Unknown,0.982
SAM 3,mtsd-p10,directional sign,grp4_d5aaacb6-20251116_165125.jpg,584.43,883.22,1569.5,1887.91,0.5234,Blind-Spot Mirror (Convex Mirror),0.9919
SAM 3,mtsd-p10,directional sign,grp4_d5aaacb6-20251116_165125.jpg,1851.91,401.25,2233.95,1307.47,0.3789,Street Sign,0.9684
SAM 3,mtsd-p10,directional sign,grp4_d78448ea-20251117_105829.jpg,13.24,3246.41,226.86,3458.92,0.8594,Stop Sign,0.9504
SAM 3,mtsd-p10,directional sign,grp4_d78448ea-20251117_105829.jpg,439.86,845.22,2132.23,2636.7,0.8008,Back-Unknown,0.988
SAM 3,mtsd-p10,directional sign,grp4_d8a007d5-20260109_123932.jpg,530.62,2157.26,1894.8,4000.0,0.9609,Other-Unknown,0.9909
SAM 3,mtsd-p10,directional sign,grp4_d8a007d5-20260109_123932.jpg,714.06,131.67,1704.6,2295.23,0.957,No Through Road (T-Junction),0.9714
SAM 3,mtsd-p10,directional sign,grp4_db6dffba-WhatsApp_Image_2026-01-14_at_11.12.35_1.jpeg,1289.71,1304.22,1340.68,1342.63,0.6055,Other-Unknown,0.9058
SAM 3,mtsd-p10,directional sign,grp4_db6dffba-WhatsApp_Image_2026-01-14_at_11.12.35_1.jpeg,1143.89,1156.23,1194.14,1320.23,0.3652,Blind-Spot Mirror (Convex Mirror),0.9815
SAM 3,mtsd-p10,directional sign,grp4_ddd42f22-20251116_162542.jpg,922.27,1806.2,1391.89,2293.55,0.9531,No Entry (One Way),0.9734
SAM 3,mtsd-p10,directional sign,grp4_ddd42f22-20251116_162542.jpg,907.47,2119.25,1426.33,2526.54,0.4844,Back-Unknown,0.9515
SAM 3,mtsd-p10,directional sign,grp4_ddd42f22-20251116_162542.jpg,1946.95,2010.29,2296.0,2262.75,0.3926,Street Sign,0.9249
SAM 3,mtsd-p10,directional sign,grp4_dddb030d-20251230_104127.jpg,2744.62,2329.83,2816.66,2403.74,0.8359,Pedestrian Crossing,0.8485
SAM 3,mtsd-p10,directional sign,grp4_dddb030d-20251230_104127.jpg,736.99,0.0,1918.0,844.47,0.6914,Back-Unknown,0.9617
SAM 3,mtsd-p10,directional sign,grp4_dddb030d-20251230_104127.jpg,416.27,909.22,2198.09,2673.34,0.6602,Back-Unknown,0.972
SAM 3,mtsd-p10,directional sign,grp4_dddb030d-20251230_104127.jpg,406.5,17.08,2199.72,3974.9,0.3555,,0.4473
SAM 3,mtsd-p10,directional sign,grp4_dddb030d-20251230_104127.jpg,2718.41,2399.09,2778.76,2555.5,0.3262,,0.004
SAM 3,mtsd-p10,directional sign,grp4_dddb030d-20251230_104127.jpg,2777.71,2224.08,2853.39,2330.25,0.3223,,0.0
SAM 3,mtsd-p10,directional sign,grp4_df0bccf2-WhatsApp_Image_2026-01-14_at_11.12.00.jpeg,368.64,700.0,457.24,783.29,0.9258,No Entry (One Way),0.9833
SAM 3,mtsd-p10,directional sign,grp4_df0bccf2-WhatsApp_Image_2026-01-14_at_11.12.00.jpeg,1587.29,649.75,1710.16,763.81,0.918,No Entry (One Way),0.8679
SAM 3,mtsd-p10,directional sign,grp4_df0bccf2-WhatsApp_Image_2026-01-14_at_11.12.00.jpeg,1061.42,813.72,1082.87,839.17,0.8086,No Entry (One Way),0.771
SAM 3,mtsd-p10,directional sign,grp4_df0bccf2-WhatsApp_Image_2026-01-14_at_11.12.00.jpeg,697.98,821.1,724.02,847.54,0.8008,No Entry (One Way),0.7548
SAM 3,mtsd-p10,directional sign,grp4_df0bccf2-WhatsApp_Image_2026-01-14_at_11.12.00.jpeg,1586.28,648.02,1713.63,1179.69,0.3301,,0.188
SAM 3,mtsd-p10,directional sign,grp4_df0bccf2-WhatsApp_Image_2026-01-14_at_11.12.00.jpeg,1061.67,812.0,1085.25,922.6,0.3047,,0.1614
SAM 3,mtsd-p10,directional sign,grp4_dfec1b25-20260107_105532.jpg,239.24,306.94,1254.34,1096.97,0.9141,Back-Unknown,0.9762
SAM 3,mtsd-p10,directional sign,grp4_dfec1b25-20260107_105532.jpg,348.91,1105.11,1199.48,1885.42,0.8789,Back-Unknown,0.9865
SAM 3,mtsd-p10,directional sign,grp4_dfec1b25-20260107_105532.jpg,252.64,297.67,1244.33,2434.97,0.3594,,0.3696
SAM 3,mtsd-p10,directional sign,grp4_e3a6bacf-20251222_140739.jpg,859.9,791.77,1744.5,2099.19,0.9375,No Entry (One Way),0.9708
SAM 3,mtsd-p10,directional sign,grp4_e3a6bacf-20251222_140739.jpg,2854.51,3080.13,2892.42,3130.99,0.6641,Pedestrian Crossing,0.7835
SAM 3,mtsd-p10,directional sign,grp4_e3a6bacf-20251222_140739.jpg,2172.16,3216.9,2208.31,3264.88,0.5781,No Entry (One Way),0.7329
SAM 3,mtsd-p10,directional sign,grp4_e3a6bacf-20251222_140739.jpg,2076.81,3084.33,2112.63,3137.54,0.3438,Stop Sign,0.6768
SAM 3,mtsd-p10,directional sign,grp4_e3a6bacf-20251222_140739.jpg,856.02,792.9,1744.56,4000.0,0.3184,,0.4049
SAM 3,mtsd-p10,directional sign,grp4_e47a8d80-20251116_163051.jpg,988.78,1225.75,1365.28,2917.29,0.8906,No Entry (One Way),0.9601
SAM 3,mtsd-p10,directional sign,grp4_e63ad5ed-WhatsApp_Image_2026-01-14_at_11.10.19_1.jpeg,535.49,758.56,902.51,1120.44,0.9492,No Through Road (T-Junction),0.9773
SAM 3,mtsd-p10,directional sign,grp4_e63ad5ed-WhatsApp_Image_2026-01-14_at_11.10.19_1.jpeg,249.3,1322.57,308.38,1374.7,0.3594,,0.0
SAM 3,mtsd-p10,directional sign,grp4_e63ad5ed-WhatsApp_Image_2026-01-14_at_11.10.19_1.jpeg,536.66,756.38,888.32,1991.53,0.3047,,0.2933
SAM 3,mtsd-p10,directional sign,grp4_f171227c-20251222_132239.jpg,0.0,0.0,1438.85,1182.57,0.9375,Other-Unknown,0.9856
SAM 3,mtsd-p10,directional sign,grp4_f171227c-20251222_132239.jpg,0.0,878.69,1192.1,1618.53,0.9102,Auxiliary Sign,0.967
SAM 3,mtsd-p10,directional sign,grp4_f171227c-20251222_132239.jpg,1000.72,942.04,1632.79,2205.52,0.4258,Blind-Spot Mirror (Convex Mirror),0.9606
SAM 3,mtsd-p10,directional sign,grp4_f1d0d896-WhatsApp_Image_2026-01-14_at_11.12.20.jpeg,543.83,835.48,828.19,1223.55,0.9414,No Through Road (T-Junction),0.9668
SAM 3,mtsd-p10,directional sign,grp4_fa665131-WhatsApp_Image_2026-01-14_at_11.12.04.jpeg,572.3,557.18,787.32,1132.67,0.9141,No Through Road (T-Junction),0.9364
SAM 3,mtsd-p10,directional sign,grp4_fa665131-WhatsApp_Image_2026-01-14_at_11.12.04.jpeg,569.85,560.81,790.27,2000.0,0.4395,,0.3982
SAM 3,mtsd-p10,directional sign,grp4_fe8b41fc-WhatsApp_Image_2026-01-14_at_11.10.21_3.jpeg,645.62,1079.58,1092.54,1557.63,0.6445,Back-Unknown,0.9707
SAM 3,mtsd-p10,directional sign,grp4_fe8b41fc-WhatsApp_Image_2026-01-14_at_11.10.21_3.jpeg,623.26,589.0,906.11,1087.39,0.3789,Blind-Spot Mirror (Convex Mirror),0.9778
SAM 3,mtsd-p10,directional sign,grp5_05facbdc-BenTaliana_23_Front.jpeg,733.18,6795.18,805.48,6870.91,0.7539,,0.0
SAM 3,mtsd-p10,directional sign,grp5_05facbdc-BenTaliana_23_Front.jpeg,2024.18,3133.3,2102.77,3223.24,0.7031,,0.0013
SAM 3,mtsd-p10,directional sign,grp5_05facbdc-BenTaliana_23_Front.jpeg,1218.32,3638.73,1265.9,3743.54,0.5078,,0.0009
SAM 3,mtsd-p10,directional sign,grp5_05facbdc-BenTaliana_23_Front.jpeg,962.52,1742.01,3122.09,4232.67,0.3984,Blind-Spot Mirror (Convex Mirror),0.978
SAM 3,mtsd-p10,directional sign,grp5_0f660dba-MichaelFarrugia_49_Back.jpg,1113.94,1086.24,1953.65,1911.07,0.4277,Back-Unknown,0.9762
SAM 3,mtsd-p10,directional sign,grp5_13ab0dbb-BenTaliana_59_Front.jpeg,1150.68,1604.88,3521.94,3795.94,0.9023,No Through Road (T-Junction),0.9671
SAM 3,mtsd-p10,directional sign,grp5_13ab0dbb-BenTaliana_59_Front.jpeg,919.31,3830.22,3780.86,6508.18,0.8203,Back-Unknown,0.9608
SAM 3,mtsd-p10,directional sign,grp5_1a462468-MichaelFarrugia_24_Back.jpg,1295.67,1215.89,2053.91,2015.6,0.6211,Back-Unknown,0.98
SAM 3,mtsd-p10,directional sign,grp5_1f171b80-MelatAssefa_5_Front.jpg,1578.48,529.47,2379.0,1264.9,0.9648,No Entry (One Way),0.9866
SAM 3,mtsd-p10,directional sign,grp5_2141c95b-MelatAssefa_28_Side.jpg,677.28,330.44,1646.44,1742.57,0.7969,Stop Sign,0.9604
SAM 3,mtsd-p10,directional sign,grp5_2141c95b-MelatAssefa_28_Side.jpg,0.0,2453.21,83.2,2773.81,0.377,,0.0
SAM 3,mtsd-p10,directional sign,grp5_2141c95b-MelatAssefa_28_Side.jpg,664.04,333.9,1873.94,4032.0,0.3438,,0.3161
SAM 3,mtsd-p10,directional sign,grp5_27622289-BenTaliana_10_Front.jpeg,743.75,1826.46,3674.87,4638.78,0.8906,No Entry (One Way),0.9749
SAM 3,mtsd-p10,directional sign,grp5_27622289-BenTaliana_10_Front.jpeg,134.63,4681.74,411.59,4852.02,0.5547,,0.0
SAM 3,mtsd-p10,directional sign,grp5_28809400-MelatAssefa_23_Front.jpg,1052.26,536.76,1834.82,1345.33,0.9688,No Entry (One Way),0.9861
SAM 3,mtsd-p10,directional sign,grp5_29252be9-MichaelFarrugia_29_Front.jpg,1271.58,1247.39,2020.67,1939.62,0.9414,Pedestrian Crossing,0.977
SAM 3,mtsd-p10,directional sign,grp5_29252be9-MichaelFarrugia_29_Front.jpg,1066.27,2730.36,1185.19,2856.57,0.8828,Other-Unknown,0.9741
SAM 3,mtsd-p10,directional sign,grp5_29252be9-MichaelFarrugia_29_Front.jpg,711.31,2690.79,832.06,2863.96,0.6836,Back-Unknown,0.9504
SAM 3,mtsd-p10,directional sign,grp5_29252be9-MichaelFarrugia_29_Front.jpg,1480.31,2984.39,1561.82,3093.06,0.4941,,0.0
SAM 3,mtsd-p10,directional sign,grp5_29252be9-MichaelFarrugia_29_Front.jpg,706.22,2684.53,833.07,3583.69,0.3555,,0.1867
SAM 3,mtsd-p10,directional sign,grp5_29252be9-MichaelFarrugia_29_Front.jpg,1070.53,2730.88,1176.15,3247.6,0.3066,,0.2364
SAM 3,mtsd-p10,directional sign,grp5_2da1aa64-AlisonAttard_27_Front.jpeg,1968.75,1310.28,2471.19,1804.24,0.9531,,0.2763
SAM 3,mtsd-p10,directional sign,grp5_30980873-BenTaliana_12_Front.jpeg,1177.13,2149.5,3419.97,4148.02,0.9609,No Entry (One Way),0.9859
SAM 3,mtsd-p10,directional sign,grp5_32b2eadc-AlisonAttard_7_Side.jpeg,3267.9,2576.43,3543.26,2840.28,0.8242,,0.0102
SAM 3,mtsd-p10,directional sign,grp5_32b2eadc-AlisonAttard_7_Side.jpeg,1684.58,0.0,3548.3,1220.78,0.6719,,0.0
SAM 3,mtsd-p10,directional sign,grp5_32b2eadc-AlisonAttard_7_Side.jpeg,3852.73,2878.28,4032.0,3024.0,0.3457,,0.0
SAM 3,mtsd-p10,directional sign,grp5_3cd9a2bc-MelatAssefa_45_Side.jpg,913.32,813.61,2065.2,2918.17,0.957,Stop Sign,0.9772
SAM 3,mtsd-p10,directional sign,grp5_3d564b26-AlisonAttard_15_Back.jpeg,1509.61,925.22,2679.22,1961.65,0.9375,No Entry (One Way),0.6674
SAM 3,mtsd-p10,directional sign,grp5_3d564b26-AlisonAttard_15_Back.jpeg,2772.77,1124.83,4032.0,1646.08,0.9062,,0.059
SAM 3,mtsd-p10,directional sign,grp5_3d564b26-AlisonAttard_15_Back.jpeg,2872.48,1254.13,3270.32,1477.32,0.5781,,0.0192
SAM 3,mtsd-p10,directional sign,grp5_3db24e6b-AlisonAttard_31_Side.jpeg,1371.92,1073.74,2154.86,1388.65,0.9336,,0.0
SAM 3,mtsd-p10,directional sign,grp5_44ccc0f3-MichaelFarrugia_54_Front.jpg,1230.83,1609.13,1931.84,2293.38,0.9375,No Through Road (T-Junction),0.9381
SAM 3,mtsd-p10,directional sign,grp5_44ccc0f3-MichaelFarrugia_54_Front.jpg,1538.12,2660.14,1644.76,2775.38,0.6758,No Through Road (T-Junction),0.9431
SAM 3,mtsd-p10,directional sign,grp5_44ccc0f3-MichaelFarrugia_54_Front.jpg,1223.02,1606.04,1927.73,4079.06,0.3086,,0.2817
SAM 3,mtsd-p10,directional sign,grp5_48cba720-BenTaliana_30_Front.jpeg,976.56,1755.73,3141.22,3660.92,0.9414,No Entry (One Way),0.9746
SAM 3,mtsd-p10,directional sign,grp5_48cba720-BenTaliana_30_Front.jpeg,3325.64,5367.18,3407.23,5465.05,0.7305,No Entry (One Way),0.6442
SAM 3,mtsd-p10,directional sign,grp5_48cba720-BenTaliana_30_Front.jpeg,1222.2,3468.15,3686.2,5462.65,0.5977,Back-Unknown,0.9232
SAM 3,mtsd-p10,directional sign,grp5_48cba720-BenTaliana_30_Front.jpeg,3473.4,5418.13,3543.39,5507.14,0.4258,,0.0012
SAM 3,mtsd-p10,directional sign,grp5_50e6a3c4-MichaelFarrugia_55_Front.jpg,1385.56,1417.08,2034.34,2049.14,0.9492,Pedestrian Crossing,0.9597
SAM 3,mtsd-p10,directional sign,grp5_50e6a3c4-MichaelFarrugia_55_Front.jpg,1943.53,2227.17,2116.68,2400.9,0.8906,Other-Unknown,0.9743
SAM 3,mtsd-p10,directional sign,grp5_50e6a3c4-MichaelFarrugia_55_Front.jpg,2900.28,2387.95,2974.59,2495.6,0.6875,Back-Unknown,0.6161
SAM 3,mtsd-p10,directional sign,grp5_50e6a3c4-MichaelFarrugia_55_Front.jpg,1870.29,2477.88,1914.31,2540.02,0.6367,Back-Unknown,0.6045
SAM 3,mtsd-p10,directional sign,grp5_50e6a3c4-MichaelFarrugia_55_Front.jpg,1468.4,2381.62,1522.89,2460.42,0.6094,Other-Unknown,0.8731
SAM 3,mtsd-p10,directional sign,grp5_50e6a3c4-MichaelFarrugia_55_Front.jpg,1559.18,2501.61,1590.27,2544.28,0.5469,Back-Unknown,0.5594
SAM 3,mtsd-p10,directional sign,grp5_50e6a3c4-MichaelFarrugia_55_Front.jpg,2533.95,2455.64,2588.97,2536.73,0.5352,Back-Unknown,0.6058
SAM 3,mtsd-p10,directional sign,grp5_50e6a3c4-MichaelFarrugia_55_Front.jpg,2918.19,2487.09,2964.66,2535.18,0.5078,Auxiliary Sign,0.8924
SAM 3,mtsd-p10,directional sign,grp5_50e6a3c4-MichaelFarrugia_55_Front.jpg,2036.22,2469.72,2066.2,2511.25,0.4551,Blind-Spot Mirror (Convex Mirror),0.8633
SAM 3,mtsd-p10,directional sign,grp5_559514d7-AlisonAttard_13_Side.jpeg,2362.15,1093.87,2829.44,1691.24,0.6562,,0.0
SAM 3,mtsd-p10,directional sign,grp5_6325b5ff-MelatAssefa_21_Front.jpg,1321.28,752.54,1923.95,1374.13,0.9062,No Entry (One Way),0.8983
SAM 3,mtsd-p10,directional sign,grp5_6325b5ff-MelatAssefa_21_Front.jpg,1315.35,745.84,1929.42,4032.0,0.377,,0.1685
SAM 3,mtsd-p10,directional sign,grp5_6bb6fe17-BenTaliana_15_Back.jpeg,842.27,2329.83,2519.83,4378.21,0.668,Blind-Spot Mirror (Convex Mirror),0.9915
SAM 3,mtsd-p10,directional sign,grp5_6bb6fe17-BenTaliana_15_Back.jpeg,415.89,6867.0,482.45,7033.47,0.5508,Auxiliary Sign,0.7838
SAM 3,mtsd-p10,directional sign,grp5_6cdcc943-AlisonAttard_14_Back.jpeg,1165.5,975.39,2377.15,2221.48,0.918,,0.4582
SAM 3,mtsd-p10,directional sign,grp5_704b34ba-BenTaliana_38_Side.jpeg,637.43,1324.38,1281.44,2597.37,0.9531,Pedestrian Crossing,0.9487
SAM 3,mtsd-p10,directional sign,grp5_770e5bfc-BenTaliana_60_Side.jpeg,1089.19,810.21,1564.27,1741.61,0.9414,Other-Unknown,0.9614
SAM 3,mtsd-p10,directional sign,grp5_770e5bfc-BenTaliana_60_Side.jpeg,1083.54,1608.41,1555.65,2918.68,0.9141,Stop Sign,0.9236
SAM 3,mtsd-p10,directional sign,grp5_770e5bfc-BenTaliana_60_Side.jpeg,1117.09,2569.64,1168.33,2643.25,0.5938,No Entry (One Way),0.8553
SAM 3,mtsd-p10,directional sign,grp5_770e5bfc-BenTaliana_60_Side.jpeg,2117.47,2575.91,2202.32,2635.34,0.4199,Other-Unknown,0.9393
SAM 3,mtsd-p10,directional sign,grp5_7ae28afa-MelatAssefa_15_Front.jpg,1191.91,620.64,2010.35,1260.33,0.9688,No Entry (One Way),0.9756
SAM 3,mtsd-p10,directional sign,grp5_82a1216f-AlisonAttard_27_Side.jpeg,2054.02,1491.94,3090.15,1709.36,0.8945,,0.0024
SAM 3,mtsd-p10,directional sign,grp5_85f27713-MelatAssefa_35_Side.jpg,1412.95,1796.77,2042.84,3212.21,0.9414,No Entry (One Way),0.977
SAM 3,mtsd-p10,directional sign,grp5_85f27713-MelatAssefa_35_Side.jpg,1371.35,3038.21,1842.23,4329.42,0.7344,,0.0532
SAM 3,mtsd-p10,directional sign,grp5_85f27713-MelatAssefa_35_Side.jpg,3457.11,3173.79,4284.0,4744.36,0.6406,,0.0
SAM 3,mtsd-p10,directional sign,grp5_9c857801-BenTaliana_43_Side.jpeg,1709.13,2303.11,2618.1,5360.79,0.918,Pedestrian Crossing,0.9439
SAM 3,mtsd-p10,directional sign,grp5_9c857801-BenTaliana_43_Side.jpeg,126.58,7074.63,257.54,7236.8,0.8242,Other-Unknown,0.9172
SAM 3,mtsd-p10,directional sign,grp5_9c857801-BenTaliana_43_Side.jpeg,546.85,7179.6,621.77,7271.0,0.707,,0.0
SAM 3,mtsd-p10,directional sign,grp5_9c857801-BenTaliana_43_Side.jpeg,2070.7,3311.06,2582.96,4935.17,0.3672,,0.2825
SAM 3,mtsd-p10,directional sign,grp5_9c857801-BenTaliana_43_Side.jpeg,2772.89,7070.81,2823.3,7202.53,0.3223,,0.0
SAM 3,mtsd-p10,directional sign,grp5_9c857801-BenTaliana_43_Side.jpeg,1130.55,7091.85,1200.14,7184.55,0.3066,,0.0
SAM 3,mtsd-p10,directional sign,grp5_9fd3af21-MichaelFarrugia_11_Back.jpg,1235.2,1403.96,1835.75,2185.28,0.8359,Back-Unknown,0.9744
SAM 3,mtsd-p10,directional sign,grp5_a1a873a2-MichaelFarrugia_21_Side.jpg,1196.81,975.78,1759.77,1737.16,0.9492,Stop Sign,0.9664
SAM 3,mtsd-p10,directional sign,grp5_a1a873a2-MichaelFarrugia_21_Side.jpg,1199.25,967.8,2133.17,4080.0,0.4434,,0.1498
SAM 3,mtsd-p10,directional sign,grp5_a1ced4bc-BenTaliana_22_Front.jpeg,560.34,1038.48,2644.27,2742.93,0.9375,Stop Sign,0.9805
SAM 3,mtsd-p10,directional sign,grp5_a1ced4bc-BenTaliana_22_Front.jpeg,0.0,698.42,154.32,2286.67,0.8711,Other-Unknown,0.8066
SAM 3,mtsd-p10,directional sign,grp5_a1ced4bc-BenTaliana_22_Front.jpeg,2076.6,3134.53,3129.58,4239.83,0.8438,Back-Unknown,0.9687
SAM 3,mtsd-p10,directional sign,grp5_a1ced4bc-BenTaliana_22_Front.jpeg,2109.78,4200.8,3240.99,5280.04,0.75,Back-Unknown,0.9697
SAM 3,mtsd-p10,directional sign,grp5_a1ced4bc-BenTaliana_22_Front.jpeg,41.47,1536.49,683.31,2518.76,0.459,Street Sign,0.9332
SAM 3,mtsd-p10,directional sign,grp5_a5ec0025-BenTaliana_11_Front.jpeg,309.92,1816.68,3595.89,4367.62,0.9766,No Entry (One Way),0.9723
SAM 3,mtsd-p10,directional sign,grp5_a5ec0025-BenTaliana_11_Front.jpeg,920.66,6647.95,1043.78,6799.25,0.7891,No Entry (One Way),0.845
SAM 3,mtsd-p10,directional sign,grp5_a5ec0025-BenTaliana_11_Front.jpeg,928.63,6481.45,1066.94,6644.16,0.582,,0.0
SAM 3,mtsd-p10,directional sign,grp5_a5ec0025-BenTaliana_11_Front.jpeg,2760.2,6483.54,2893.84,6587.55,0.3086,,0.0
SAM 3,mtsd-p10,directional sign,grp5_a6a28dc5-MichaelFarrugia_34_Side.jpg,1211.41,1048.85,1856.58,2194.57,0.9531,No Entry (One Way),0.9489
SAM 3,mtsd-p10,directional sign,grp5_a7f0ea8c-BenTaliana_9_Side.jpeg,819.31,1009.25,1384.64,2001.6,0.9648,No Entry (One Way),0.9724
SAM 3,mtsd-p10,directional sign,grp5_a7f0ea8c-BenTaliana_9_Side.jpeg,1930.76,2520.52,1987.19,2678.83,0.8086,No Entry (One Way),0.9593
SAM 3,mtsd-p10,directional sign,grp5_a7f0ea8c-BenTaliana_9_Side.jpeg,825.31,1009.68,1379.22,4026.54,0.3125,,0.3281
SAM 3,mtsd-p10,directional sign,grp5_a8752ff5-MelatAssefa_56_Side.jpg,1360.82,586.22,1986.86,1704.36,0.9453,Stop Sign,0.9863
SAM 3,mtsd-p10,directional sign,grp5_a8752ff5-MelatAssefa_56_Side.jpg,0.0,0.0,1066.29,356.89,0.6602,Street Sign,0.9637
SAM 3,mtsd-p10,directional sign,grp5_ab2f9697-MichaelFarrugia_48_Side.jpg,1169.87,1358.49,1514.64,1989.18,0.9453,Stop Sign,0.9593
SAM 3,mtsd-p10,directional sign,grp5_ab2f9697-MichaelFarrugia_48_Side.jpg,1162.35,1944.33,1512.29,2584.74,0.9336,Other-Unknown,0.9731
SAM 3,mtsd-p10,directional sign,grp5_ab2f9697-MichaelFarrugia_48_Side.jpg,1159.94,1371.56,1524.38,4080.0,0.3438,,0.2288
SAM 3,mtsd-p10,directional sign,grp5_afdc6e4d-MelatAssefa_1_Side.jpg,1156.88,306.31,1611.17,1031.85,0.875,No Entry (One Way),0.9731
SAM 3,mtsd-p10,directional sign,grp5_afdc6e4d-MelatAssefa_1_Side.jpg,844.63,903.58,1196.44,1241.71,0.4805,Street Sign,0.9276
SAM 3,mtsd-p10,directional sign,grp5_afdc6e4d-MelatAssefa_1_Side.jpg,1006.74,366.36,1449.6,1103.33,0.375,Back-Unknown,0.9503
SAM 3,mtsd-p10,directional sign,grp5_b5c4d0ea-BenTaliana_31_Side.jpeg,1265.35,1641.37,2665.09,4701.19,0.9609,No Through Road (T-Junction),0.9845
SAM 3,mtsd-p10,directional sign,grp5_bbdd8a43-BenTaliana_44_Front.jpeg,973.36,2318.31,3548.82,4709.51,0.9688,No Entry (One Way),0.9844
SAM 3,mtsd-p10,directional sign,grp5_bc59500b-AlisonAttard_47_Side.jpeg,2640.93,1169.66,3175.39,2264.0,0.9609,,0.0
SAM 3,mtsd-p10,directional sign,grp5_bc59500b-AlisonAttard_47_Side.jpeg,1394.82,1694.13,2520.83,1861.91,0.9141,,0.1124
SAM 3,mtsd-p10,directional sign,grp5_bc59500b-AlisonAttard_47_Side.jpeg,2746.55,1234.85,2953.12,1468.48,0.3066,,0.0
SAM 3,mtsd-p10,directional sign,grp5_c5c3aa2b-BenTaliana_19_Side.jpeg,742.59,1111.77,1543.84,2266.85,0.9688,No Entry (One Way),0.9745
SAM 3,mtsd-p10,directional sign,grp5_cc1fcae2-AlisonAttard_9_Back.jpeg,870.02,1930.33,2004.43,3152.8,0.8984,Back-Unknown,0.9843
SAM 3,mtsd-p10,directional sign,grp5_cc1fcae2-AlisonAttard_9_Back.jpeg,938.21,805.61,1964.79,1945.9,0.8711,Back-Unknown,0.993
SAM 3,mtsd-p10,directional sign,grp5_cc1fcae2-AlisonAttard_9_Back.jpeg,2381.71,2972.85,2426.94,3005.42,0.3672,No Entry (One Way),0.7739
SAM 3,mtsd-p10,directional sign,grp5_cc1fcae2-AlisonAttard_9_Back.jpeg,910.05,814.32,1986.46,4032.0,0.3398,,0.3729
SAM 3,mtsd-p10,directional sign,grp5_cc77abda-MelatAssefa_34_Side.jpg,1499.82,900.42,2676.03,2555.22,0.9609,No Entry (One Way),0.9821
SAM 3,mtsd-p10,directional sign,grp5_cc77abda-MelatAssefa_34_Side.jpg,1452.95,911.8,2669.69,5678.76,0.3164,,0.332
SAM 3,mtsd-p10,directional sign,grp5_cdd70210-BenTaliana_10_Side.jpeg,1494.78,1546.17,3361.2,4814.17,0.9688,No Entry (One Way),0.985
SAM 3,mtsd-p10,directional sign,grp5_d29347ca-MelatAssefa_51_Side.jpg,1275.49,237.16,1804.14,2050.88,0.9414,No Entry (One Way),0.9731
SAM 3,mtsd-p10,directional sign,grp5_d29347ca-MelatAssefa_51_Side.jpg,1652.35,2823.39,1699.69,3404.5,0.7773,No Entry (One Way),0.9141
SAM 3,mtsd-p10,directional sign,grp5_d29347ca-MelatAssefa_51_Side.jpg,2758.39,3350.16,3024.0,3624.15,0.6602,,0.0
SAM 3,mtsd-p10,directional sign,grp5_d29347ca-MelatAssefa_51_Side.jpg,2898.67,3883.01,3024.0,4032.0,0.5703,,0.0
SAM 3,mtsd-p10,directional sign,grp5_dad74922-BenTaliana_41_Front.jpeg,708.58,1891.77,3277.26,3935.27,0.918,No Entry (One Way),0.9803
SAM 3,mtsd-p10,directional sign,grp5_dad74922-BenTaliana_41_Front.jpeg,680.7,3147.92,3174.17,4242.46,0.3145,Back-Unknown,0.9159
SAM 3,mtsd-p10,directional sign,grp5_dcad2b9b-MichaelFarrugia_64_Side.jpg,1159.15,1414.58,1716.67,2601.69,0.9531,Pedestrian Crossing,0.9557
SAM 3,mtsd-p10,directional sign,grp5_dcad2b9b-MichaelFarrugia_64_Side.jpg,1154.48,1409.6,1719.02,4080.0,0.3086,,0.4444
SAM 3,mtsd-p10,directional sign,grp5_e0bfe536-MelatAssefa_22_Front.jpg,1075.17,991.39,1859.46,1715.7,0.9258,No Entry (One Way),0.9745
SAM 3,mtsd-p10,directional sign,grp5_e0bfe536-MelatAssefa_22_Front.jpg,1746.65,2973.26,1787.19,3019.8,0.3457,Other-Unknown,0.8549
SAM 3,mtsd-p10,directional sign,grp5_e0bfe536-MelatAssefa_22_Front.jpg,1072.49,995.86,1857.04,4032.0,0.3457,,0.2364
SAM 3,mtsd-p10,directional sign,grp5_e2a22cf0-BenTaliana_9_Front.jpeg,456.6,1049.75,1772.61,2121.61,0.9492,No Entry (One Way),0.9638
SAM 3,mtsd-p10,directional sign,grp5_e2a22cf0-BenTaliana_9_Front.jpeg,1375.71,2668.18,1475.07,2743.12,0.5352,,0.0
SAM 3,mtsd-p10,directional sign,grp5_e2a22cf0-BenTaliana_9_Front.jpeg,761.7,3089.43,802.82,3149.87,0.4922,,0.0
SAM 3,mtsd-p10,directional sign,grp5_e390d90e-MelatAssefa_55_Side.jpg,1599.27,957.14,2204.99,2092.44,0.9648,No Entry (One Way),0.9665
SAM 3,mtsd-p10,directional sign,grp5_e3df78e1-MichaelFarrugia_48_Back.jpg,1321.2,1611.53,1811.19,2196.2,0.7773,Back-Unknown,0.9876
SAM 3,mtsd-p10,directional sign,grp5_e3df78e1-MichaelFarrugia_48_Back.jpg,1285.04,2158.73,1826.13,2787.17,0.7539,Back-Unknown,0.9907
SAM 3,mtsd-p10,directional sign,grp5_e3df78e1-MichaelFarrugia_48_Back.jpg,1309.82,1615.43,1824.21,4074.26,0.3184,,0.2523
SAM 3,mtsd-p10,directional sign,grp5_e43a48bc-BenTaliana_53_Side.jpeg,897.99,1216.63,1345.09,2168.81,0.9609,Pedestrian Crossing,0.9596
SAM 3,mtsd-p10,directional sign,grp5_e7eb8734-MichaelFarrugia_52_Front.jpg,1300.27,1552.3,2082.3,2318.83,0.9375,No Through Road (T-Junction),0.9666
SAM 3,mtsd-p10,directional sign,grp5_e7eb8734-MichaelFarrugia_52_Front.jpg,1298.82,1545.79,2084.29,4080.0,0.334,,0.3072
SAM 3,mtsd-p10,directional sign,grp5_e897b21c-MelatAssefa_52_Front.jpg,1515.21,2683.52,2526.28,3659.43,0.8867,Stop Sign,0.9231
SAM 3,mtsd-p10,directional sign,grp5_e897b21c-MelatAssefa_52_Front.jpg,2147.82,5280.91,2316.15,5523.58,0.457,,0.0
SAM 3,mtsd-p10,directional sign,grp5_e897b21c-MelatAssefa_52_Front.jpg,1515.37,2681.64,2518.76,5712.0,0.3379,,0.3002
SAM 3,mtsd-p10,directional sign,grp5_e897b21c-MelatAssefa_52_Front.jpg,2590.85,5303.62,2830.71,5500.06,0.3145,,0.0
SAM 3,mtsd-p10,directional sign,grp5_ec52a808-MichaelFarrugia_58_Side.jpg,1241.53,1469.04,1774.19,2437.27,0.9453,Roundabout Ahead,0.9676
SAM 3,mtsd-p10,directional sign,grp5_ec52a808-MichaelFarrugia_58_Side.jpg,1239.83,2226.54,1758.78,2770.45,0.8672,Auxiliary Sign,0.977
SAM 3,mtsd-p10,directional sign,grp5_ec52a808-MichaelFarrugia_58_Side.jpg,873.71,3141.01,940.32,3225.56,0.4902,Back-Unknown,0.8736
SAM 3,mtsd-p10,directional sign,grp5_ec52a808-MichaelFarrugia_58_Side.jpg,474.05,3238.22,497.36,3276.98,0.4707,Pedestrian Crossing,0.5849
SAM 3,mtsd-p10,directional sign,grp5_ec52a808-MichaelFarrugia_58_Side.jpg,424.62,3225.37,452.49,3261.98,0.4473,Back-Unknown,0.8315
SAM 3,mtsd-p10,directional sign,grp5_ec52a808-MichaelFarrugia_58_Side.jpg,289.95,3242.11,314.87,3277.28,0.4258,Pedestrian Crossing,0.5324
SAM 3,mtsd-p10,directional sign,grp5_ec52a808-MichaelFarrugia_58_Side.jpg,83.02,3314.48,110.32,3353.48,0.3828,Back-Unknown,0.7169
SAM 3,mtsd-p10,directional sign,grp5_ec52a808-MichaelFarrugia_58_Side.jpg,5.97,3363.59,34.98,3394.41,0.3672,,0.0
SAM 3,mtsd-p10,directional sign,grp5_ec52a808-MichaelFarrugia_58_Side.jpg,705.32,3179.15,792.75,3244.88,0.3418,Back-Unknown,0.6395
SAM 3,mtsd-p10,directional sign,grp5_ec52a808-MichaelFarrugia_58_Side.jpg,601.5,3236.21,620.47,3276.11,0.3242,Back-Unknown,0.5315
SAM 3,mtsd-p10,directional sign,grp5_f3d53558-BenTaliana_52_Front.jpeg,756.96,1996.24,3432.86,4092.52,0.8945,Roundabout Ahead,0.964
SAM 3,mtsd-p10,directional sign,grp5_f3d53558-BenTaliana_52_Front.jpeg,737.48,3755.72,3505.24,4943.77,0.8125,Auxiliary Sign,0.9689
SAM 3,mtsd-p10,directional sign,grp5_f3d53558-BenTaliana_52_Front.jpeg,737.98,2001.19,3508.04,8064.0,0.4414,,0.3398
SAM 3,mtsd-p10,directional sign,grp5_f7db29c0-MichaelFarrugia_35_Front.jpg,1076.11,1670.15,1872.53,2400.13,0.9609,No Through Road (T-Junction),0.9703
SAM 3,mtsd-p10,directional sign,grp5_f7db29c0-MichaelFarrugia_35_Front.jpg,855.74,3198.35,896.69,3241.56,0.707,No Through Road (T-Junction),0.7413
SAM 3,mtsd-p10,directional sign,grp5_fc84e1fb-BenTaliana_3_Back.jpeg,818.9,1796.95,1693.08,3932.53,0.9258,,0.0933
SAM 3,mtsd-p10,directional sign,grp5_fc84e1fb-BenTaliana_3_Back.jpeg,413.09,979.4,1781.26,2134.14,0.6562,Back-Unknown,0.9908
SAM 3,mtsd-p10,directional sign,grp5_fea9ceb6-MichaelFarrugia_19_Back.jpg,1454.69,2007.28,2232.44,2975.8,0.9375,Street Sign,0.9699
SAM 3,mtsd-p10,directional sign,grp5_fea9ceb6-MichaelFarrugia_19_Back.jpg,1874.75,370.55,2422.33,837.67,0.9141,,0.0
SAM 3,mtsd-p10,directional sign,grp5_fea9ceb6-MichaelFarrugia_19_Back.jpg,1219.06,1221.58,2125.0,2264.69,0.9023,Back-Unknown,0.9598
SAM 3,mtsd-p10,directional sign,grp5_ff6aaac1-MichaelFarrugia_43_Front.jpg,1243.73,1656.31,1954.97,2336.0,0.9648,No Entry (One Way),0.9767
SAM 3,mtsd-p10,directional sign,grp5_ff6aaac1-MichaelFarrugia_43_Front.jpg,2478.86,2742.58,3072.0,2962.0,0.3203,,0.0
SAM 3,mtsd-p10,directional sign,grp6_0126954d-IMG_0235.JPG,720.24,1236.92,2363.49,2099.43,0.8555,,0.2713
SAM 3,mtsd-p10,directional sign,grp6_0d61ecda-IMG_6112.JPG,836.14,57.21,1987.31,1235.06,0.9531,No Entry (One Way),0.9824
SAM 3,mtsd-p10,directional sign,grp6_0dbbcef1-IMG_6167.JPG,1177.53,582.19,1464.02,2525.96,0.8867,Pedestrian Crossing,0.9256
SAM 3,mtsd-p10,directional sign,grp6_0dbbcef1-IMG_6167.JPG,48.07,3076.72,245.99,3363.16,0.7266,Back-Unknown,0.9583
SAM 3,mtsd-p10,directional sign,grp6_1fffe58c-IMG_6250.JPG,1017.95,861.43,2059.38,1797.68,0.9609,No Entry (One Way),0.9786
SAM 3,mtsd-p10,directional sign,grp6_1fffe58c-IMG_6250.JPG,831.17,1770.08,2107.61,2598.21,0.9336,Other-Unknown,0.9738
SAM 3,mtsd-p10,directional sign,grp6_1fffe58c-IMG_6250.JPG,0.0,0.0,472.01,185.02,0.7266,,0.0
SAM 3,mtsd-p10,directional sign,grp6_205fffc2-Screenshot_2025-12-05_135424.png,123.04,177.76,157.66,318.99,0.9102,No Through Road (T-Junction),0.865
SAM 3,mtsd-p10,directional sign,grp6_205fffc2-Screenshot_2025-12-05_135424.png,125.19,316.13,147.79,389.2,0.582,Other-Unknown,0.7142
SAM 3,mtsd-p10,directional sign,grp6_205fffc2-Screenshot_2025-12-05_135424.png,92.3,34.66,222.5,173.09,0.4355,Blind-Spot Mirror (Convex Mirror),0.98
SAM 3,mtsd-p10,directional sign,grp6_205fffc2-Screenshot_2025-12-05_135424.png,92.46,34.29,222.67,738.13,0.3691,,0.1996
SAM 3,mtsd-p10,directional sign,grp6_255dc793-IMG_0327.JPG,902.82,1570.78,3541.46,2065.09,0.9688,,0.1467
SAM 3,mtsd-p10,directional sign,grp6_264240ca-IMG_0303.JPG,1204.47,738.82,3646.25,2066.79,0.9766,,0.4734
SAM 3,mtsd-p10,directional sign,grp6_34078a23-Screenshot_2025-12-05_144602.png,89.57,44.57,211.01,163.53,0.7891,Stop Sign,0.9895
SAM 3,mtsd-p10,directional sign,grp6_34078a23-Screenshot_2025-12-05_144602.png,89.16,44.03,211.18,586.46,0.4688,,0.2161
SAM 3,mtsd-p10,directional sign,grp6_344c75b8-Screenshot_2025-12-05_150942.png,87.46,40.61,192.16,144.24,0.8398,Back-Unknown,0.9739
SAM 3,mtsd-p10,directional sign,grp6_344c75b8-Screenshot_2025-12-05_150942.png,86.88,40.0,192.21,554.16,0.4141,,0.1999
SAM 3,mtsd-p10,directional sign,grp6_3721037e-IMG_0363.JPG,2288.5,1242.65,4028.64,1790.54,0.7695,,0.0036
SAM 3,mtsd-p10,directional sign,grp6_3721037e-IMG_0363.JPG,1719.6,1397.8,3090.11,1654.92,0.7539,,0.149
SAM 3,mtsd-p10,directional sign,grp6_37c705bd-IMG_6247.JPG,940.59,990.76,1815.58,1675.43,0.9609,Roundabout Ahead,0.966
SAM 3,mtsd-p10,directional sign,grp6_37c705bd-IMG_6247.JPG,827.25,1611.66,1850.42,2272.8,0.9492,Other-Unknown,0.9434
SAM 3,mtsd-p10,directional sign,grp6_386a5fef-IMG_6231.JPG,897.5,973.89,2028.39,2444.74,0.957,Back-Unknown,0.983
SAM 3,mtsd-p10,directional sign,grp6_3ce4063d-IMG_0217.JPG,1545.63,1397.71,2126.69,1732.3,0.9453,,0.2639
SAM 3,mtsd-p10,directional sign,grp6_3ce4063d-IMG_0217.JPG,1673.21,1456.73,1903.15,1669.94,0.334,,0.1191
SAM 3,mtsd-p10,directional sign,grp6_4c7d6d30-IMG_6226.JPG,1086.08,912.3,2110.76,1759.26,0.9531,No Entry (One Way),0.9896
SAM 3,mtsd-p10,directional sign,grp6_4c7d6d30-IMG_6226.JPG,1544.66,3433.64,1866.2,3650.72,0.332,Street Sign,0.9046
SAM 3,mtsd-p10,directional sign,grp6_5dd0fd95-IMG_6225.JPG,1054.31,577.04,2278.86,1688.65,0.5,Back-Unknown,0.991
SAM 3,mtsd-p10,directional sign,grp6_674b294f-Screenshot_2025-12-05_140949.png,49.34,111.5,142.78,237.66,0.8906,Other-Unknown,0.9465
SAM 3,mtsd-p10,directional sign,grp6_674b294f-Screenshot_2025-12-05_140949.png,111.32,112.22,160.61,239.68,0.4746,Back-Unknown,0.8291
SAM 3,mtsd-p10,directional sign,grp6_674b294f-Screenshot_2025-12-05_140949.png,365.7,42.15,530.26,202.16,0.4277,Blind-Spot Mirror (Convex Mirror),0.9552
SAM 3,mtsd-p10,directional sign,grp6_6b4047ef-IMG_6230.JPG,1083.14,597.63,1583.86,2517.53,0.8477,Stop Sign,0.9696
SAM 3,mtsd-p10,directional sign,grp6_6f66549b-IMG_0289.JPG,2645.28,715.49,4032.0,2856.12,0.4668,,0.0701
SAM 3,mtsd-p10,directional sign,grp6_6f66549b-IMG_0289.JPG,1736.42,983.82,2748.08,2400.84,0.4512,,0.3557
SAM 3,mtsd-p10,directional sign,grp6_7608155e-Screenshot_2025-12-05_135221.png,250.57,61.05,316.1,126.55,0.9336,Pedestrian Crossing,0.9602
SAM 3,mtsd-p10,directional sign,grp6_7608155e-Screenshot_2025-12-05_135221.png,46.94,44.88,134.69,150.54,0.7656,Stop Sign,0.9674
SAM 3,mtsd-p10,directional sign,grp6_7608155e-Screenshot_2025-12-05_135221.png,135.51,90.41,156.51,116.38,0.3945,,0.0
SAM 3,mtsd-p10,directional sign,grp6_7608155e-Screenshot_2025-12-05_135221.png,46.43,44.37,136.49,499.15,0.3262,,0.2312
SAM 3,mtsd-p10,directional sign,grp6_7608155e-Screenshot_2025-12-05_135221.png,187.21,144.09,204.81,175.21,0.3027,,0.0
SAM 3,mtsd-p10,directional sign,grp6_8387f659-Screenshot_2025-12-05_134458.png,84.02,27.44,120.59,123.08,0.8516,No Entry (One Way),0.9033
SAM 3,mtsd-p10,directional sign,grp6_8387f659-Screenshot_2025-12-05_134458.png,103.37,123.82,136.76,173.92,0.6367,Auxiliary Sign,0.83
SAM 3,mtsd-p10,directional sign,grp6_8387f659-Screenshot_2025-12-05_134458.png,85.11,30.06,189.81,435.8,0.3223,,0.0831
SAM 3,mtsd-p10,directional sign,grp6_8be98e2c-IMG_6200.JPG,1138.49,838.0,1441.34,2267.94,0.9336,No Entry (One Way),0.977
SAM 3,mtsd-p10,directional sign,grp6_8be98e2c-IMG_6200.JPG,2556.62,3769.24,2691.63,3886.1,0.3359,,0.0
SAM 3,mtsd-p10,directional sign,grp6_8be98e2c-IMG_6200.JPG,1080.9,835.97,1442.03,4032.0,0.3008,,0.3715
SAM 3,mtsd-p10,directional sign,grp6_8d7bc213-IMG_0237.JPG,880.94,1282.32,2536.45,2284.44,0.9688,,0.3348
SAM 3,mtsd-p10,directional sign,grp6_8dee1009-IMG_6205.JPG,1046.82,1317.19,1769.19,2187.94,0.9297,No Entry (One Way),0.9818
SAM 3,mtsd-p10,directional sign,grp6_8dee1009-IMG_6205.JPG,276.79,3378.5,614.98,3748.76,0.5469,Back-Unknown,0.9704
SAM 3,mtsd-p10,directional sign,grp6_8dee1009-IMG_6205.JPG,1040.04,2013.33,1332.76,3385.77,0.5156,Back-Unknown,0.977
SAM 3,mtsd-p10,directional sign,grp6_8dee1009-IMG_6205.JPG,61.01,3512.41,126.55,3742.43,0.5039,,0.3207
SAM 3,mtsd-p10,directional sign,grp6_8dee1009-IMG_6205.JPG,1039.77,1316.62,1765.66,4032.0,0.3262,,0.3195
SAM 3,mtsd-p10,directional sign,grp6_92b4ef64-IMG_6151.JPG,834.85,1227.94,2263.22,2507.77,0.9531,No Entry (One Way),0.98
SAM 3,mtsd-p10,directional sign,grp6_92b4ef64-IMG_6151.JPG,2094.75,3095.42,2325.56,3343.69,0.3105,Back-Unknown,0.9182
SAM 3,mtsd-p10,directional sign,grp6_92b4ef64-IMG_6151.JPG,1181.46,2729.5,1884.32,3444.71,0.3047,,0.0
SAM 3,mtsd-p10,directional sign,grp6_98681b01-IMG_6123_2.JPG,1134.56,232.21,2662.36,1850.22,0.9336,Back-Unknown,0.9819
SAM 3,mtsd-p10,directional sign,grp6_98681b01-IMG_6123_2.JPG,2681.45,0.0,3024.0,826.55,0.8477,Other-Unknown,0.9683
SAM 3,mtsd-p10,directional sign,grp6_9c79fb63-Screenshot_2025-12-05_143920.png,47.59,56.14,77.88,113.15,0.8867,No Entry (One Way),0.9384
SAM 3,mtsd-p10,directional sign,grp6_9c79fb63-Screenshot_2025-12-05_143920.png,127.97,34.24,190.08,104.32,0.5273,Back-Unknown,0.9679
SAM 3,mtsd-p10,directional sign,grp6_9c79fb63-Screenshot_2025-12-05_143920.png,10.86,228.36,57.4,267.38,0.4727,Back-Unknown,0.9041
SAM 3,mtsd-p10,directional sign,grp6_9c79fb63-Screenshot_2025-12-05_143920.png,47.21,55.96,77.4,274.5,0.3027,,0.2555
SAM 3,mtsd-p10,directional sign,grp6_9e084d7c-IMG_0221.JPG,1536.22,1512.21,1938.14,1936.69,0.9102,Stop Sign,0.9779
SAM 3,mtsd-p10,directional sign,grp6_9e084d7c-IMG_0221.JPG,2881.01,2619.49,3024.0,2819.04,0.6055,Back-Unknown,0.9893
SAM 3,mtsd-p10,directional sign,grp6_9e084d7c-IMG_0221.JPG,1533.62,1506.61,1939.35,3212.18,0.4141,,0.2517
SAM 3,mtsd-p10,directional sign,grp6_9e256948-IMG_0275.JPG,1682.03,1301.66,2121.51,1883.8,0.9609,,0.333
SAM 3,mtsd-p10,directional sign,grp6_9e256948-IMG_0275.JPG,2246.9,487.93,2649.82,1821.48,0.957,,0.1334
SAM 3,mtsd-p10,directional sign,grp6_9e256948-IMG_0275.JPG,1366.91,857.73,1652.64,1622.28,0.918,,0.1089
SAM 3,mtsd-p10,directional sign,grp6_a1b61997-Screenshot_2025-12-05_133641.png,147.64,48.3,249.69,219.69,0.9336,No Entry (One Way),0.9796
SAM 3,mtsd-p10,directional sign,grp6_a1b61997-Screenshot_2025-12-05_133641.png,147.96,49.65,250.39,678.26,0.4238,,0.2677
SAM 3,mtsd-p10,directional sign,grp6_a7041b20-IMG_6175.JPG,945.11,894.95,2110.32,1892.3,0.9414,No Entry (One Way),0.9825
SAM 3,mtsd-p10,directional sign,grp6_a7041b20-IMG_6175.JPG,2871.26,3254.75,2945.76,3338.13,0.7734,Other-Unknown,0.883
SAM 3,mtsd-p10,directional sign,grp6_a7041b20-IMG_6175.JPG,391.85,3020.96,568.76,3183.88,0.375,Back-Unknown,0.799
SAM 3,mtsd-p10,directional sign,grp6_a7041b20-IMG_6175.JPG,1099.22,3193.85,1199.39,3316.39,0.3438,Back-Unknown,0.8621
SAM 3,mtsd-p10,directional sign,grp6_a7041b20-IMG_6175.JPG,940.78,892.02,2116.15,4021.46,0.3164,,0.3196
SAM 3,mtsd-p10,directional sign,grp6_ad8b6cea-IMG_0342.JPG,2388.22,0.0,4032.0,2314.0,0.9453,,0.2744
SAM 3,mtsd-p10,directional sign,grp6_ad8b6cea-IMG_0342.JPG,1474.41,319.44,3135.4,2295.76,0.9414,,0.4165
SAM 3,mtsd-p10,directional sign,grp6_b1f0ac5c-IMG_0227.JPG,1034.14,692.15,2343.18,2110.33,0.9531,,0.4746
SAM 3,mtsd-p10,directional sign,grp6_b1f0ac5c-IMG_0227.JPG,2290.8,317.04,2896.0,674.26,0.9297,,0.0
SAM 3,mtsd-p10,directional sign,grp6_b1f0ac5c-IMG_0227.JPG,2899.68,0.0,3006.11,69.05,0.8125,,0.0
SAM 3,mtsd-p10,directional sign,grp6_b1f0ac5c-IMG_0227.JPG,2114.71,844.98,2759.13,1977.55,0.6172,,0.2748
SAM 3,mtsd-p10,directional sign,grp6_b1f0ac5c-IMG_0227.JPG,1792.06,260.99,2324.84,717.46,0.3496,,0.0
SAM 3,mtsd-p10,directional sign,grp6_ba6a303c-IMG_0314.JPG,279.97,848.24,2152.74,2102.51,0.9531,Roundabout Ahead,0.9804
SAM 3,mtsd-p10,directional sign,grp6_ba6a303c-IMG_0314.JPG,194.24,2002.83,2218.28,2717.27,0.9297,Auxiliary Sign,0.9679
SAM 3,mtsd-p10,directional sign,grp6_ba6a303c-IMG_0314.JPG,2431.06,3483.65,2497.6,3551.92,0.8281,Other-Unknown,0.8704
SAM 3,mtsd-p10,directional sign,grp6_ba6a303c-IMG_0314.JPG,2450.4,3551.32,2503.38,3605.21,0.7305,Roundabout Ahead,0.8479
SAM 3,mtsd-p10,directional sign,grp6_ba6a303c-IMG_0314.JPG,2647.0,3559.28,2683.62,3599.76,0.6641,Other-Unknown,0.6694
SAM 3,mtsd-p10,directional sign,grp6_ba6a303c-IMG_0314.JPG,2491.06,3498.0,2513.55,3561.02,0.3359,Back-Unknown,0.6188
SAM 3,mtsd-p10,directional sign,grp6_c2b7f6e2-IMG_0300.JPG,1208.79,565.1,2954.26,2582.68,0.9492,,0.4795
SAM 3,mtsd-p10,directional sign,grp6_c2b7f6e2-IMG_0300.JPG,2206.65,0.0,4032.0,2693.58,0.9453,,0.2392
SAM 3,mtsd-p10,directional sign,grp6_c8db20f0-IMG_6257.JPG,1494.32,751.62,1715.92,1855.62,0.9492,No Through Road (T-Junction),0.9779
SAM 3,mtsd-p10,directional sign,grp6_cebbcc7c-Screenshot_2025-12-05_141232.png,81.9,85.52,106.9,136.5,0.9258,Roundabout Ahead,0.9358
SAM 3,mtsd-p10,directional sign,grp6_cebbcc7c-Screenshot_2025-12-05_141232.png,77.77,20.77,113.94,86.64,0.8867,Other-Unknown,0.8955
SAM 3,mtsd-p10,directional sign,grp6_d2cebd4f-Screenshot_2025-12-05_145955.png,68.52,35.89,165.72,119.62,0.8672,Back-Unknown,0.9209
SAM 3,mtsd-p10,directional sign,grp6_d2cebd4f-Screenshot_2025-12-05_145955.png,86.17,127.76,147.68,196.39,0.6445,Back-Unknown,0.9249
SAM 3,mtsd-p10,directional sign,grp6_d2cebd4f-Screenshot_2025-12-05_145955.png,68.14,35.18,164.95,426.3,0.4453,,0.2268
SAM 3,mtsd-p10,directional sign,grp6_d33c21c3-IMG_6246.JPG,640.85,890.33,2062.56,2016.26,0.4648,Back-Unknown,0.9465
SAM 3,mtsd-p10,directional sign,grp6_e18d6d29-IMG_0313.JPG,3412.76,2220.49,3650.92,2435.28,0.9219,,0.0
SAM 3,mtsd-p10,directional sign,grp6_e18d6d29-IMG_0313.JPG,3653.22,2235.47,3785.22,2469.81,0.7344,,0.0
SAM 3,mtsd-p10,directional sign,grp6_e18d6d29-IMG_0313.JPG,1177.17,1092.47,3559.66,2310.7,0.5586,,0.269
SAM 3,mtsd-p10,directional sign,grp6_e18d6d29-IMG_0313.JPG,2320.64,1152.68,3553.87,2314.94,0.4727,,0.0601
SAM 3,mtsd-p10,directional sign,grp6_e18d6d29-IMG_0313.JPG,1171.95,1089.76,2300.42,2294.24,0.4336,,0.3591
SAM 3,mtsd-p10,directional sign,grp6_e4194181-Screenshot_2025-12-05_124458.png,518.52,76.57,634.22,213.4,0.8086,Stop Sign,0.9851
SAM 3,mtsd-p10,directional sign,grp6_e4194181-Screenshot_2025-12-05_124458.png,517.7,75.5,635.96,710.99,0.3984,,0.2135
SAM 3,mtsd-p10,directional sign,grp6_e4194181-Screenshot_2025-12-05_124458.png,51.9,28.08,226.16,672.94,0.3086,,0.3101
SAM 3,mtsd-p10,directional sign,grp6_ec035947-IMG_6142.JPG,424.68,301.69,2548.06,2024.33,0.9609,Pedestrian Crossing,0.9862
SAM 3,mtsd-p10,directional sign,grp6_f6200360-IMG_6254.JPG,1375.5,739.85,1764.8,2200.38,0.957,No Through Road (T-Junction),0.9507
SAM 3,mtsd-p10,directional sign,grp7_01ba126c-IMG_1741.jpg,926.37,98.1,3408.89,2450.55,0.9492,Pedestrian Crossing,0.5865
SAM 3,mtsd-p10,directional sign,grp7_0c807ae1-IMG_1804.jpg,1242.87,147.58,3396.8,2768.72,0.9727,,0.4463
SAM 3,mtsd-p10,directional sign,grp7_0cc91b71-IMG_2114.JPG,374.27,127.63,2991.43,2767.98,0.9688,Stop Sign,0.5852
SAM 3,mtsd-p10,directional sign,grp7_133305c1-IMG_6701.jpeg,1106.01,1364.99,1278.45,1868.9,0.9219,Stop Sign,0.9613
SAM 3,mtsd-p10,directional sign,grp7_133305c1-IMG_6701.jpeg,1102.71,1366.83,1281.82,3601.49,0.459,,0.2214
SAM 3,mtsd-p10,directional sign,grp7_17ffbc31-IMG_6632.jpeg,1330.09,940.08,1460.11,1491.59,0.8555,Pedestrian Crossing,0.9555
SAM 3,mtsd-p10,directional sign,grp7_17ffbc31-IMG_6632.jpeg,1337.21,1445.1,1462.1,1662.73,0.6445,Auxiliary Sign,0.8653
SAM 3,mtsd-p10,directional sign,grp7_17ffbc31-IMG_6632.jpeg,1323.05,936.03,1467.78,3122.56,0.3789,,0.2347
SAM 3,mtsd-p10,directional sign,grp7_18034905-IMG_6798.jpeg,1296.53,1803.85,1388.78,2069.64,0.9219,No Entry (One Way),0.9751
SAM 3,mtsd-p10,directional sign,grp7_18034905-IMG_6798.jpeg,0.0,2390.4,68.53,2689.04,0.4102,,0.0
SAM 3,mtsd-p10,directional sign,grp7_21763d41-IMG_1815.jpg,1108.29,410.55,3575.36,2809.56,0.5547,Back-Unknown,0.6002
SAM 3,mtsd-p10,directional sign,grp7_27403473-IMG_2301.JPG,915.81,1878.95,1132.83,2751.81,0.8789,,0.0
SAM 3,mtsd-p10,directional sign,grp7_27403473-IMG_2301.JPG,1036.11,1908.34,1091.06,1982.62,0.4434,,0.0
SAM 3,mtsd-p10,directional sign,grp7_3199d5af-IMG_6619.jpeg,1221.96,1336.54,1368.15,1808.25,0.8984,Pedestrian Crossing,0.9349
SAM 3,mtsd-p10,directional sign,grp7_3199d5af-IMG_6619.jpeg,392.09,2123.22,510.1,2276.2,0.8789,Other-Unknown,0.7059
SAM 3,mtsd-p10,directional sign,grp7_3199d5af-IMG_6619.jpeg,1659.64,2177.05,1707.1,2240.53,0.8281,Pedestrian Crossing,0.8343
SAM 3,mtsd-p10,directional sign,grp7_3199d5af-IMG_6619.jpeg,1230.4,1754.45,1368.19,1964.05,0.6953,Auxiliary Sign,0.897
SAM 3,mtsd-p10,directional sign,grp7_3199d5af-IMG_6619.jpeg,2854.24,2147.81,2921.45,2217.89,0.5742,Back-Unknown,0.8214
SAM 3,mtsd-p10,directional sign,grp7_3199d5af-IMG_6619.jpeg,3008.38,2246.46,3024.0,2284.96,0.3652,,0.0
SAM 3,mtsd-p10,directional sign,grp7_3199d5af-IMG_6619.jpeg,1218.18,1339.55,1370.86,3306.67,0.3574,,0.2309
SAM 3,mtsd-p10,directional sign,grp7_3335816b-IMG_1863.jpg,0.0,1.09,1332.31,1389.92,0.9102,,0.1093
SAM 3,mtsd-p10,directional sign,grp7_3335816b-IMG_1863.jpg,1039.37,230.51,3089.54,2881.19,0.4395,,0.4087
SAM 3,mtsd-p10,directional sign,grp7_3335816b-IMG_1863.jpg,2515.39,493.67,3806.21,2463.52,0.418,,0.3215
SAM 3,mtsd-p10,directional sign,grp7_36174e45-IMG_6745.jpeg,1325.75,1459.95,1550.24,1942.86,0.4648,Blind-Spot Mirror (Convex Mirror),0.9712
SAM 3,mtsd-p10,directional sign,grp7_36174e45-IMG_6745.jpeg,2674.61,1972.64,2711.06,2005.15,0.332,,0.0
SAM 3,mtsd-p10,directional sign,grp7_3dfa77dc-20251215_142747.jpg,685.96,1110.49,1494.84,1881.28,0.9453,No Entry (One Way),0.9854
SAM 3,mtsd-p10,directional sign,grp7_3dfa77dc-20251215_142747.jpg,682.88,1107.09,1493.29,4028.12,0.4277,,0.2644
SAM 3,mtsd-p10,directional sign,grp7_40a131c0-20251215_144819.jpg,1058.83,1220.37,1129.54,2278.31,0.7539,Stop Sign,0.8191
SAM 3,mtsd-p10,directional sign,grp7_40a131c0-20251215_144819.jpg,1124.52,3620.58,1360.95,4032.0,0.6758,,0.0
SAM 3,mtsd-p10,directional sign,grp7_41dd064f-IMG_2332.JPG,1574.77,1345.63,1949.23,1542.97,0.8281,Back-Unknown,0.982
SAM 3,mtsd-p10,directional sign,grp7_41dd064f-IMG_2332.JPG,1543.55,927.69,2019.97,1386.27,0.8164,Back-Unknown,0.9814
SAM 3,mtsd-p10,directional sign,grp7_41dd064f-IMG_2332.JPG,2543.1,1468.35,2628.44,1557.17,0.7148,Back-Unknown,0.9688
SAM 3,mtsd-p10,directional sign,grp7_41dd064f-IMG_2332.JPG,1538.22,931.87,2018.62,2816.12,0.5195,,0.2376
SAM 3,mtsd-p10,directional sign,grp7_41dd064f-IMG_2332.JPG,2443.06,1444.21,2538.0,1501.61,0.3164,Street Sign,0.9041
SAM 3,mtsd-p10,directional sign,grp7_46129e9c-IMG_6657.jpeg,1143.31,1309.82,1436.86,1609.49,0.9102,Stop Sign,0.9838
SAM 3,mtsd-p10,directional sign,grp7_46129e9c-IMG_6657.jpeg,940.81,1650.65,992.71,1761.26,0.377,Back-Unknown,0.6595
SAM 3,mtsd-p10,directional sign,grp7_46129e9c-IMG_6657.jpeg,1138.92,1303.95,1436.14,2591.94,0.3379,,0.2308
SAM 3,mtsd-p10,directional sign,grp7_4c22ebaa-IMG_6807.jpeg,1498.99,1981.27,1929.12,2464.79,0.7656,Blind-Spot Mirror (Convex Mirror),0.9681
SAM 3,mtsd-p10,directional sign,grp7_4c22ebaa-IMG_6807.jpeg,1072.71,2155.87,1214.88,2404.54,0.7656,Back-Unknown,0.9738
SAM 3,mtsd-p10,directional sign,grp7_4c22ebaa-IMG_6807.jpeg,787.36,2031.64,824.07,2087.93,0.6211,Blind-Spot Mirror (Convex Mirror),0.7762
SAM 3,mtsd-p10,directional sign,grp7_4c22ebaa-IMG_6807.jpeg,1492.13,1972.18,1929.93,3672.02,0.4629,,0.2846
SAM 3,mtsd-p10,directional sign,grp7_4c22ebaa-IMG_6807.jpeg,1077.36,2139.57,1209.78,2853.25,0.3242,,0.3465
SAM 3,mtsd-p10,directional sign,grp7_50fb19de-IMG_1779.jpg,770.84,1439.41,3790.87,1736.67,0.8906,,0.0708
SAM 3,mtsd-p10,directional sign,grp7_51efaffb-IMG_2323.JPG,1599.71,1609.49,1897.11,1949.4,0.8281,Back-Unknown,0.9158
SAM 3,mtsd-p10,directional sign,grp7_51efaffb-IMG_2323.JPG,1048.91,2390.45,1100.63,2444.23,0.4727,Other-Unknown,0.8672
SAM 3,mtsd-p10,directional sign,grp7_51efaffb-IMG_2323.JPG,1578.72,1237.37,1856.91,1570.34,0.3145,Back-Unknown,0.9661
SAM 3,mtsd-p10,directional sign,grp7_51efaffb-IMG_2323.JPG,348.37,3108.74,724.69,3195.07,0.3105,,0.0
SAM 3,mtsd-p10,directional sign,grp7_55fe17bd-IMG_6660.jpeg,1261.3,1017.66,1614.26,1408.91,0.9492,No Entry (One Way),0.9803
SAM 3,mtsd-p10,directional sign,grp7_55fe17bd-IMG_6660.jpeg,2896.81,1585.61,2947.07,1670.04,0.8594,Other-Unknown,0.8838
SAM 3,mtsd-p10,directional sign,grp7_55fe17bd-IMG_6660.jpeg,2363.06,1685.73,2395.47,1741.16,0.3145,Back-Unknown,0.5941
SAM 3,mtsd-p10,directional sign,grp7_57ce1f54-20251215_150337.jpg,1062.33,1093.54,1269.82,2064.74,0.9375,No Entry (One Way),0.9704
SAM 3,mtsd-p10,directional sign,grp7_57ce1f54-20251215_150337.jpg,1062.92,1094.75,1313.48,4032.0,0.3906,,0.2732
SAM 3,mtsd-p10,directional sign,grp7_5fe0adac-IMG_2351.JPG,1101.74,971.76,1806.48,1780.08,0.6406,Back-Unknown,0.9845
SAM 3,mtsd-p10,directional sign,grp7_5fe0adac-IMG_2351.JPG,794.47,2436.06,911.75,2554.58,0.5977,,0.0
SAM 3,mtsd-p10,directional sign,grp7_5fe0adac-IMG_2351.JPG,0.0,3351.33,588.78,3746.4,0.582,,0.0
SAM 3,mtsd-p10,directional sign,grp7_5fe0adac-IMG_2351.JPG,0.0,3308.54,648.16,4031.52,0.5352,,0.0
SAM 3,mtsd-p10,directional sign,grp7_5fe0adac-IMG_2351.JPG,398.55,2232.57,498.22,2381.81,0.5039,Auxiliary Sign,0.9129
SAM 3,mtsd-p10,directional sign,grp7_5fe0adac-IMG_2351.JPG,1102.92,969.39,1798.75,4030.13,0.3047,,0.2632
SAM 3,mtsd-p10,directional sign,grp7_65ce4c26-IMG_1752.jpg,442.72,1308.02,2562.11,1816.85,0.332,,0.1937
SAM 3,mtsd-p10,directional sign,grp7_6dd51e97-IMG_6617.jpeg,1240.42,1487.42,1296.16,1792.75,0.8906,Pedestrian Crossing,0.9196
SAM 3,mtsd-p10,directional sign,grp7_6dd51e97-IMG_6617.jpeg,1234.22,1484.37,1299.7,2797.51,0.3262,,0.2121
SAM 3,mtsd-p10,directional sign,grp7_6dd51e97-IMG_6617.jpeg,2900.93,2079.81,3024.0,2151.76,0.3262,,0.0
SAM 3,mtsd-p10,directional sign,grp7_6dd51e97-IMG_6617.jpeg,2944.15,2229.12,3024.0,2285.07,0.3027,,0.0
SAM 3,mtsd-p10,directional sign,grp7_70806c3a-20251206_161309.jpg,849.69,1189.79,1618.04,1907.38,0.9336,Back-Unknown,0.9932
SAM 3,mtsd-p10,directional sign,grp7_70806c3a-20251206_161309.jpg,850.59,1183.13,1620.64,4032.0,0.3477,,0.2517
SAM 3,mtsd-p10,directional sign,grp7_81ace7bd-IMG_1823.jpg,1666.8,690.35,3329.32,2788.47,0.9727,,0.3514
SAM 3,mtsd-p10,directional sign,grp7_87ab4012-IMG_1929.jpg,1839.34,142.24,3473.08,2337.31,0.9688,,0.2782
SAM 3,mtsd-p10,directional sign,grp7_897df19a-IMG_2311.JPG,2213.43,1342.4,2463.44,1757.68,0.5664,Back-Unknown,0.989
SAM 3,mtsd-p10,directional sign,grp7_897df19a-IMG_2311.JPG,555.97,1664.91,657.16,1794.94,0.4883,Blind-Spot Mirror (Convex Mirror),0.9678
SAM 3,mtsd-p10,directional sign,grp7_8a80058d-20251215_151420.jpg,977.61,1107.05,1291.78,1948.01,0.625,Other-Unknown,0.9564
SAM 3,mtsd-p10,directional sign,grp7_8a80058d-20251215_151420.jpg,1024.82,1700.26,1248.18,1980.21,0.3926,,0.2257
SAM 3,mtsd-p10,directional sign,grp7_8c70ced7-IMG_6778.jpeg,1184.42,1389.37,1535.12,1746.62,0.8945,Stop Sign,0.9864
SAM 3,mtsd-p10,directional sign,grp7_8c70ced7-IMG_6778.jpeg,1179.63,1384.86,1537.23,2958.5,0.5352,,0.2218
SAM 3,mtsd-p10,directional sign,grp7_8e1e7992-IMG_6659.jpeg,1740.28,1722.21,1849.42,1865.88,0.8945,Other-Unknown,0.9144
SAM 3,mtsd-p10,directional sign,grp7_8e1e7992-IMG_6659.jpeg,1374.08,1168.26,1525.15,1637.46,0.8438,Stop Sign,0.9654
SAM 3,mtsd-p10,directional sign,grp7_8e1e7992-IMG_6659.jpeg,2058.81,1801.73,2150.76,1895.07,0.832,Pedestrian Crossing,0.8162
SAM 3,mtsd-p10,directional sign,grp7_8e1e7992-IMG_6659.jpeg,2968.63,1830.3,3024.0,1930.75,0.6641,Back-Unknown,0.6047
SAM 3,mtsd-p10,directional sign,grp7_8e1e7992-IMG_6659.jpeg,1991.01,1834.82,2038.47,1892.74,0.6016,Pedestrian Crossing,0.7185
SAM 3,mtsd-p10,directional sign,grp7_8e1e7992-IMG_6659.jpeg,600.96,1332.36,653.04,1541.75,0.5117,Auxiliary Sign,0.7677
SAM 3,mtsd-p10,directional sign,grp7_8e1e7992-IMG_6659.jpeg,1371.78,1164.89,1529.42,3189.44,0.4434,,0.2273
SAM 3,mtsd-p10,directional sign,grp7_8e1e7992-IMG_6659.jpeg,1737.06,1727.1,1846.17,2328.7,0.3984,,0.2128
SAM 3,mtsd-p10,directional sign,grp7_8e1e7992-IMG_6659.jpeg,2037.84,1853.09,2064.03,1918.22,0.3594,,0.031
SAM 3,mtsd-p10,directional sign,grp7_8e1e7992-IMG_6659.jpeg,0.0,3606.39,1404.14,4018.21,0.3418,,0.0
SAM 3,mtsd-p10,directional sign,grp7_90de2b4a-IMG_6620.jpeg,1711.37,1639.77,1760.04,1816.42,0.75,Stop Sign,0.8803
SAM 3,mtsd-p10,directional sign,grp7_90de2b4a-IMG_6620.jpeg,267.37,1809.66,367.19,1932.55,0.7344,Back-Unknown,0.6886
SAM 3,mtsd-p10,directional sign,grp7_90de2b4a-IMG_6620.jpeg,1087.08,1061.75,1558.71,1665.35,0.6992,Back-Unknown,0.6584
SAM 3,mtsd-p10,directional sign,grp7_90de2b4a-IMG_6620.jpeg,1082.07,1046.76,1566.54,3030.53,0.5625,,0.2206
SAM 3,mtsd-p10,directional sign,grp7_90de2b4a-IMG_6620.jpeg,1082.9,1484.58,1557.76,1662.04,0.3242,Back-Unknown,0.8925
SAM 3,mtsd-p10,directional sign,grp7_90de2b4a-IMG_6620.jpeg,1081.68,1065.02,1324.1,1490.02,0.3125,,0.439
SAM 3,mtsd-p10,directional sign,grp7_917e5bd8-IMG_2117.JPG,1034.4,195.94,3591.1,2748.75,0.957,No Entry (One Way),0.5996
SAM 3,mtsd-p10,directional sign,grp7_93d54be7-IMG_6607.jpeg,1001.47,1215.41,1101.05,1536.32,0.9023,Stop Sign,0.923
SAM 3,mtsd-p10,directional sign,grp7_93d54be7-IMG_6607.jpeg,1190.91,1406.04,1313.44,1606.62,0.7617,Pedestrian Crossing,0.8164
SAM 3,mtsd-p10,directional sign,grp7_998eacf2-IMG_6613.jpeg,1575.57,1327.76,1657.97,1624.87,0.9141,Pedestrian Crossing,0.8817
SAM 3,mtsd-p10,directional sign,grp7_998eacf2-IMG_6613.jpeg,1573.71,1323.36,1659.75,2583.63,0.3477,,0.2287
SAM 3,mtsd-p10,directional sign,grp7_9ceccc7e-IMG_2183.JPG,161.07,699.13,1410.91,2063.79,0.6641,,0.054
SAM 3,mtsd-p10,directional sign,grp7_9ceccc7e-IMG_2183.JPG,1405.38,706.92,2772.08,2099.22,0.5938,Back-Unknown,0.5797
SAM 3,mtsd-p10,directional sign,grp7_9ceccc7e-IMG_2183.JPG,156.15,693.48,4032.0,2105.41,0.4609,,0.3484
SAM 3,mtsd-p10,directional sign,grp7_9ceccc7e-IMG_2183.JPG,2771.03,1244.97,3702.69,1646.83,0.4297,,0.0599
SAM 3,mtsd-p10,directional sign,grp7_a685cd57-IMG_2291.JPG,1680.9,1618.46,1717.61,2011.15,0.668,Auxiliary Sign,0.8957
SAM 3,mtsd-p10,directional sign,grp7_a685cd57-IMG_2291.JPG,1456.76,2044.34,1608.22,2158.71,0.5273,,0.0
SAM 3,mtsd-p10,directional sign,grp7_a685cd57-IMG_2291.JPG,2160.34,1905.1,2205.94,1964.7,0.3184,,0.0
SAM 3,mtsd-p10,directional sign,grp7_ab2ec440-IMG_2148.JPG,358.69,879.37,1117.66,3075.82,0.3711,Blind-Spot Mirror (Convex Mirror),0.9807
SAM 3,mtsd-p10,directional sign,grp7_b45f5f31-IMG_2274.JPG,1046.17,1048.57,1492.85,1516.93,0.9414,Back-Unknown,0.986
SAM 3,mtsd-p10,directional sign,grp7_b45f5f31-IMG_2274.JPG,1055.6,1513.0,1502.28,1966.02,0.918,Back-Unknown,0.9752
SAM 3,mtsd-p10,directional sign,grp7_b45f5f31-IMG_2274.JPG,1043.51,1047.4,1498.48,3836.91,0.3887,,0.1672
SAM 3,mtsd-p10,directional sign,grp7_b45f5f31-IMG_2274.JPG,2310.96,2172.45,2356.05,2276.14,0.3594,Other-Unknown,0.9195
SAM 3,mtsd-p10,directional sign,grp7_b552bf33-20251215_150109.jpg,1014.87,1041.47,1191.04,1921.52,0.9414,Stop Sign,0.9656
SAM 3,mtsd-p10,directional sign,grp7_b552bf33-20251215_150109.jpg,1021.48,1054.13,1280.83,4013.35,0.3516,,0.1947
SAM 3,mtsd-p10,directional sign,grp7_b65b2b8e-20251215_143141.jpg,798.82,1014.92,1637.43,1408.88,0.9219,Street Sign,0.9658
SAM 3,mtsd-p10,directional sign,grp7_b65b2b8e-20251215_143141.jpg,1098.2,1268.35,1287.82,2318.06,0.8906,No Through Road (T-Junction),0.9425
SAM 3,mtsd-p10,directional sign,grp7_c1d05649-IMG_2109.JPG,454.82,301.88,2812.58,2776.31,0.9023,Stop Sign,0.5536
SAM 3,mtsd-p10,directional sign,grp7_c1e32eff-IMG_1769.jpg,2000.64,2735.4,2364.2,3023.09,0.6055,,0.0395
SAM 3,mtsd-p10,directional sign,grp7_c1e32eff-IMG_1769.jpg,1281.71,1240.87,3878.56,1867.45,0.3164,,0.1882
SAM 3,mtsd-p10,directional sign,grp7_c21d51bf-IMG_6622.jpeg,1797.13,1772.75,1849.0,1833.92,0.8047,Stop Sign,0.8883
SAM 3,mtsd-p10,directional sign,grp7_c21d51bf-IMG_6622.jpeg,1016.62,1731.74,1066.86,1791.63,0.793,Pedestrian Crossing,0.6376
SAM 3,mtsd-p10,directional sign,grp7_c21d51bf-IMG_6622.jpeg,1214.23,939.33,1705.73,1563.0,0.7812,Back-Unknown,0.7219
SAM 3,mtsd-p10,directional sign,grp7_c21d51bf-IMG_6622.jpeg,1089.6,1747.94,1130.21,1801.46,0.7148,,0.4875
SAM 3,mtsd-p10,directional sign,grp7_c21d51bf-IMG_6622.jpeg,1363.16,1772.01,1385.67,1796.69,0.543,Pedestrian Crossing,0.6515
SAM 3,mtsd-p10,directional sign,grp7_c21d51bf-IMG_6622.jpeg,1208.92,943.49,1711.14,2805.16,0.543,,0.2413
SAM 3,mtsd-p10,directional sign,grp7_c21d51bf-IMG_6622.jpeg,725.31,1704.72,799.24,1735.27,0.3398,,0.0
SAM 3,mtsd-p10,directional sign,grp7_c3ab6f98-IMG_2186.JPG,608.5,105.16,3231.31,2871.55,0.9336,Back-Unknown,0.5527
SAM 3,mtsd-p10,directional sign,grp7_cddeeb7f-IMG_6636.jpeg,1252.49,1409.62,1428.0,1591.23,0.9336,Pedestrian Crossing,0.9755
SAM 3,mtsd-p10,directional sign,grp7_cddeeb7f-IMG_6636.jpeg,1246.18,1855.73,1307.79,1920.38,0.8125,Other-Unknown,0.8942
SAM 3,mtsd-p10,directional sign,grp7_cddeeb7f-IMG_6636.jpeg,1936.52,1896.77,1973.84,1966.64,0.3223,,0.443
SAM 3,mtsd-p10,directional sign,grp7_d36e330f-20251215_150902.jpg,738.01,1080.28,1660.21,1935.46,0.9258,Stop Sign,0.971
SAM 3,mtsd-p10,directional sign,grp7_d5464bd2-IMG_6729.jpeg,1651.06,1423.6,1884.26,2017.26,0.8672,Stop Sign,0.9898
SAM 3,mtsd-p10,directional sign,grp7_d5464bd2-IMG_6729.jpeg,2640.59,2137.49,2692.94,2191.65,0.6094,Other-Unknown,0.7451
SAM 3,mtsd-p10,directional sign,grp7_d5464bd2-IMG_6729.jpeg,2636.78,2090.15,2690.08,2145.18,0.6055,Pedestrian Crossing,0.7505
SAM 3,mtsd-p10,directional sign,grp7_d5464bd2-IMG_6729.jpeg,2890.81,2124.53,2932.89,2176.19,0.4727,,0.4298
SAM 3,mtsd-p10,directional sign,grp7_d5464bd2-IMG_6729.jpeg,1650.2,1418.75,1896.32,4012.41,0.4707,,0.2191
SAM 3,mtsd-p10,directional sign,grp7_d5464bd2-IMG_6729.jpeg,56.03,2200.58,219.53,2434.94,0.3945,,0.0
SAM 3,mtsd-p10,directional sign,grp7_d5464bd2-IMG_6729.jpeg,2358.63,2133.82,2431.15,2179.68,0.3652,Auxiliary Sign,0.6108
SAM 3,mtsd-p10,directional sign,grp7_d7ded33c-IMG_6742.jpeg,1853.42,2059.6,1907.73,2123.16,0.8125,Other-Unknown,0.8553
SAM 3,mtsd-p10,directional sign,grp7_d7ded33c-IMG_6742.jpeg,1868.91,2118.91,1897.46,2178.29,0.75,Other-Unknown,0.7155
SAM 3,mtsd-p10,directional sign,grp7_d7ded33c-IMG_6742.jpeg,1447.47,2134.51,1477.14,2200.31,0.6953,Stop Sign,0.8513
SAM 3,mtsd-p10,directional sign,grp7_d7ded33c-IMG_6742.jpeg,1220.92,1830.54,1601.9,2102.32,0.6055,Back-Unknown,0.9558
SAM 3,mtsd-p10,directional sign,grp7_d7ded33c-IMG_6742.jpeg,1239.72,1443.63,1637.39,1850.91,0.5898,Back-Unknown,0.9818
SAM 3,mtsd-p10,directional sign,grp7_d7ded33c-IMG_6742.jpeg,1985.01,2132.36,2021.47,2169.49,0.4824,Other-Unknown,0.5908
SAM 3,mtsd-p10,directional sign,grp7_d7ded33c-IMG_6742.jpeg,2937.76,2021.96,2962.86,2094.47,0.4609,Auxiliary Sign,0.7598
SAM 3,mtsd-p10,directional sign,grp7_d7ded33c-IMG_6742.jpeg,1977.38,2112.0,2006.72,2149.97,0.418,,0.3548
SAM 3,mtsd-p10,directional sign,grp7_d7ded33c-IMG_6742.jpeg,1225.66,1433.27,1632.84,3342.66,0.3438,,0.2068
SAM 3,mtsd-p10,directional sign,grp7_d7ded33c-IMG_6742.jpeg,2400.05,2104.66,2431.99,2156.52,0.3379,,0.0
SAM 3,mtsd-p10,directional sign,grp7_db87303d-20251215_144613.jpg,1084.72,729.8,1244.05,2037.98,0.8984,No Entry (One Way),0.9711
SAM 3,mtsd-p10,directional sign,grp7_db87303d-20251215_144613.jpg,1183.61,2121.75,1643.67,3188.0,0.7188,,0.0
SAM 3,mtsd-p10,directional sign,grp7_db87303d-20251215_144613.jpg,1427.19,3436.67,1714.86,3732.59,0.4258,,0.0
SAM 3,mtsd-p10,directional sign,grp7_db87303d-20251215_144613.jpg,1406.58,3226.73,1603.19,3377.96,0.4082,,0.0
SAM 3,mtsd-p10,directional sign,grp7_dfd0a665-IMG_2360.JPG,1370.39,1753.33,1510.82,1826.87,0.5938,Street Sign,0.9691
SAM 3,mtsd-p10,directional sign,grp7_dfd0a665-IMG_2360.JPG,536.62,2223.6,571.89,2263.72,0.5742,Other-Unknown,0.7703
SAM 3,mtsd-p10,directional sign,grp7_dfd0a665-IMG_2360.JPG,978.73,2197.65,1013.08,2233.18,0.3398,Back-Unknown,0.8274
SAM 3,mtsd-p10,directional sign,grp7_dfd0a665-IMG_2360.JPG,568.4,2236.65,603.45,2271.58,0.3379,Back-Unknown,0.7807
SAM 3,mtsd-p10,directional sign,grp7_dfd0a665-IMG_2360.JPG,903.43,2133.18,958.87,2186.45,0.3027,Auxiliary Sign,0.8727
SAM 3,mtsd-p10,directional sign,grp7_e16f743b-IMG_1838.jpg,908.46,1455.68,3644.01,1754.21,0.7891,,0.0783
SAM 3,mtsd-p10,directional sign,grp7_ef1c0521-IMG_1930.jpg,1590.1,425.2,2932.29,2761.78,0.3672,,0.276
SAM 3,mtsd-p10,directional sign,grp7_ef873d66-20251215_143818.jpg,946.02,1170.64,1150.41,1967.57,0.957,No Entry (One Way),0.9526
SAM 3,mtsd-p10,directional sign,grp7_ef873d66-20251215_143818.jpg,1597.47,2269.2,1972.62,2638.43,0.6719,Back-Unknown,0.9778
SAM 3,mtsd-p10,directional sign,grp7_ef873d66-20251215_143818.jpg,1793.74,2629.01,1880.04,2857.42,0.5859,Street Sign,0.9668
SAM 3,mtsd-p10,directional sign,grp7_f5c11235-IMG_2319.JPG,1536.0,770.33,1803.67,887.96,0.9336,,0.0
SAM 3,mtsd-p10,directional sign,grp7_f5c11235-IMG_2319.JPG,2048.89,2742.79,2182.06,2789.7,0.8203,,0.0
SAM 3,mtsd-p10,directional sign,grp7_f5c11235-IMG_2319.JPG,1911.51,2733.21,2024.16,2773.31,0.5898,,0.0
SAM 3,mtsd-p10,directional sign,grp7_f5c11235-IMG_2319.JPG,2265.55,1331.62,2383.47,1440.63,0.3203,,0.0
SAM 3,mtsd-p10,directional sign,grp7_f6c47dc2-IMG_2182.JPG,1526.1,1487.32,2857.6,1733.99,0.8711,,0.1449
SAM 3,mtsd-p10,directional sign,grp7_f6c47dc2-IMG_2182.JPG,131.64,1548.69,1587.34,1700.01,0.8125,,0.0
SAM 3,mtsd-p10,directional sign,grp7_f6c47dc2-IMG_2182.JPG,2844.07,1420.96,3794.36,1546.5,0.625,,0.0
SAM 3,mtsd-p10,directional sign,grp7_f6c47dc2-IMG_2182.JPG,3844.58,23.09,3957.58,103.58,0.5078,,0.0
SAM 3,mtsd-p10,directional sign,grp7_f74b48d8-IMG_1768.jpg,1529.91,7.38,3657.71,2789.74,0.9219,,0.4046
SAM 3,mtsd-p10,directional sign,grp7_f74b48d8-IMG_1768.jpg,3468.39,0.0,4032.0,100.33,0.4199,,0.0
SAM 3,mtsd-p10,directional sign,grp7_f7f0f5bb-IMG_6628.jpeg,1235.82,1076.02,1710.76,1594.88,0.9258,Back-Unknown,0.9716
SAM 3,mtsd-p10,directional sign,grp7_fb3a590f-IMG_6793.jpeg,1283.48,1554.15,1654.26,1925.74,0.918,Stop Sign,0.9777
SAM 3,mtsd-p10,directional sign,grp7_fb3a590f-IMG_6793.jpeg,2274.32,2155.86,2328.69,2274.86,0.8555,No Entry (One Way),0.9223
SAM 3,mtsd-p10,directional sign,grp7_fb3a590f-IMG_6793.jpeg,1030.69,1929.94,1126.04,2051.31,0.7305,,0.4927
SAM 3,mtsd-p10,directional sign,grp7_fb3a590f-IMG_6793.jpeg,1284.04,1548.73,1654.32,3171.32,0.3711,,0.2304
SAM 3,mtsd-p10,directional sign,grp7_ffcca6e4-IMG_6603.jpeg,1423.06,1840.85,1737.87,2176.96,0.8867,Stop Sign,0.9734
SAM 3,mtsd-p10,directional sign,grp7_ffcca6e4-IMG_6603.jpeg,1419.45,1838.04,1736.12,3066.18,0.3945,,0.2705
SAM 3,mtsd-p10,directional sign,grp8_04258956-back.jpg,1508.57,882.24,2321.7,1602.73,0.9062,Back-Unknown,0.9747
SAM 3,mtsd-p10,directional sign,grp8_04258956-back.jpg,1716.45,1390.1,2013.73,2134.66,0.8281,Back-Unknown,0.989
SAM 3,mtsd-p10,directional sign,grp8_04258956-back.jpg,1517.2,888.29,2320.09,3024.0,0.373,,0.3313
SAM 3,mtsd-p10,directional sign,grp8_0487e0f7-front.jpg,1409.72,697.17,2529.09,1765.35,0.9219,Stop Sign,0.9753
SAM 3,mtsd-p10,directional sign,grp8_06980edd-front.jpg,1336.66,895.38,2603.33,2093.32,0.957,Roundabout Ahead,0.9791
SAM 3,mtsd-p10,directional sign,grp8_06980edd-front.jpg,1376.32,0.95,2633.31,886.06,0.9492,Other-Unknown,0.9862
SAM 3,mtsd-p10,directional sign,grp8_06980edd-front.jpg,1721.89,2537.08,1798.37,2619.22,0.8555,Pedestrian Crossing,0.9122
SAM 3,mtsd-p10,directional sign,grp8_06980edd-front.jpg,2778.85,2514.05,2860.46,2595.35,0.8516,Pedestrian Crossing,0.9276
SAM 3,mtsd-p10,directional sign,grp8_06980edd-front.jpg,2336.09,2611.6,2378.55,2662.92,0.7695,Pedestrian Crossing,0.506
SAM 3,mtsd-p10,directional sign,grp8_06980edd-front.jpg,2094.15,2589.29,2134.98,2632.43,0.7227,Other-Unknown,0.7812
SAM 3,mtsd-p10,directional sign,grp8_06980edd-front.jpg,3279.5,2504.19,3364.75,2588.54,0.6914,Back-Unknown,0.8065
SAM 3,mtsd-p10,directional sign,grp8_06980edd-front.jpg,3246.07,2395.33,3343.01,2495.81,0.6719,Back-Unknown,0.8968
SAM 3,mtsd-p10,directional sign,grp8_06980edd-front.jpg,3746.64,2510.88,3791.7,2589.37,0.6719,Back-Unknown,0.8096
SAM 3,mtsd-p10,directional sign,grp8_06980edd-front.jpg,2552.2,2626.91,2585.59,2667.01,0.6719,Pedestrian Crossing,0.5923
SAM 3,mtsd-p10,directional sign,grp8_06980edd-front.jpg,2096.54,2625.2,2137.8,2657.12,0.6602,Other-Unknown,0.8566
SAM 3,mtsd-p10,directional sign,grp8_06980edd-front.jpg,2667.19,2536.92,2742.7,2615.96,0.6094,Back-Unknown,0.8973
SAM 3,mtsd-p10,directional sign,grp8_06980edd-front.jpg,3718.87,2422.96,3775.35,2498.7,0.5195,Back-Unknown,0.7138
SAM 3,mtsd-p10,directional sign,grp8_06980edd-front.jpg,2821.89,2601.59,2852.84,2648.36,0.3516,,0.0
SAM 3,mtsd-p10,directional sign,grp8_06980edd-front.jpg,3722.4,2426.77,3792.04,2585.46,0.3262,,0.3735
SAM 3,mtsd-p10,directional sign,grp8_0d18b07a-IMG_0224.JPG,1273.6,1928.21,4000.49,2959.78,0.9141,,0.3386
SAM 3,mtsd-p10,directional sign,grp8_1023d97f-front.jpg,1175.87,910.09,2749.32,2410.28,0.9766,Roundabout Ahead,0.9784
SAM 3,mtsd-p10,directional sign,grp8_1023d97f-front.jpg,1496.28,0.0,2650.07,915.86,0.9336,Other-Unknown,0.9587
SAM 3,mtsd-p10,directional sign,grp8_1023d97f-front.jpg,2757.01,2910.94,2840.11,2996.66,0.8555,Pedestrian Crossing,0.7901
SAM 3,mtsd-p10,directional sign,grp8_1023d97f-front.jpg,3792.64,2936.36,3838.27,3004.5,0.7773,Roundabout Ahead,0.8499
SAM 3,mtsd-p10,directional sign,grp8_1023d97f-front.jpg,3765.42,2859.16,3825.1,2937.72,0.7656,Other-Unknown,0.7676
SAM 3,mtsd-p10,directional sign,grp8_1023d97f-front.jpg,3024.47,2939.87,3094.39,3024.0,0.4668,Back-Unknown,0.8869
SAM 3,mtsd-p10,directional sign,grp8_1023d97f-front.jpg,3003.35,2828.74,3081.85,2930.07,0.4375,Back-Unknown,0.8047
SAM 3,mtsd-p10,directional sign,grp8_1023d97f-front.jpg,3004.43,2830.76,3090.66,3024.0,0.3945,,0.4197
SAM 3,mtsd-p10,directional sign,grp8_14aaa44c-IMG_0211.JPG,1749.09,1047.33,3477.11,3074.08,0.957,,0.4723
SAM 3,mtsd-p10,directional sign,grp8_15b9a2f4-Back.jpg,562.16,664.11,1724.38,1874.4,0.9023,Back-Unknown,0.9811
SAM 3,mtsd-p10,directional sign,grp8_15b9a2f4-Back.jpg,776.99,1986.21,853.19,2039.39,0.6172,Other-Unknown,0.8598
SAM 3,mtsd-p10,directional sign,grp8_15b9a2f4-Back.jpg,1756.05,1898.18,1776.28,1929.0,0.5703,No Through Road (T-Junction),0.6682
SAM 3,mtsd-p10,directional sign,grp8_15b9a2f4-Back.jpg,1700.03,1902.81,1716.23,1934.35,0.4023,Back-Unknown,0.6019
SAM 3,mtsd-p10,directional sign,grp8_15b9a2f4-Back.jpg,1794.6,1877.19,1822.17,1906.99,0.3965,Back-Unknown,0.7117
SAM 3,mtsd-p10,directional sign,grp8_15b9a2f4-Back.jpg,1440.84,1915.07,1478.26,1946.87,0.3242,Other-Unknown,0.5588
SAM 3,mtsd-p10,directional sign,grp8_1b5dcc93-back.jpg,688.06,2819.7,1434.69,3128.96,0.9102,,0.0
SAM 3,mtsd-p10,directional sign,grp8_1b5dcc93-back.jpg,575.5,817.5,1677.08,1660.55,0.9102,Back-Unknown,0.973
SAM 3,mtsd-p10,directional sign,grp8_1b5dcc93-back.jpg,571.93,1686.41,1536.31,2578.68,0.8711,Back-Unknown,0.9808
SAM 3,mtsd-p10,directional sign,grp8_1b5dcc93-back.jpg,1690.16,3183.08,1716.65,3210.55,0.4766,Pedestrian Crossing,0.6853
SAM 3,mtsd-p10,directional sign,grp8_1b5dcc93-back.jpg,575.05,799.62,1673.39,4096.0,0.3945,,0.2612
SAM 3,mtsd-p10,directional sign,grp8_1e3225cd-IMG_0085.jpg,1275.79,919.63,2245.62,2793.92,0.9648,No Entry (One Way),0.9786
SAM 3,mtsd-p10,directional sign,grp8_244bea95-back.jpg,1666.88,729.16,2693.57,1786.77,0.6484,Back-Unknown,0.981
SAM 3,mtsd-p10,directional sign,grp8_244bea95-back.jpg,179.48,2788.47,230.26,2854.69,0.3008,,0.0
SAM 3,mtsd-p10,directional sign,grp8_2aed70e2-front.jpg,395.54,823.65,1856.87,1883.11,0.9414,No Entry (One Way),0.9752
SAM 3,mtsd-p10,directional sign,grp8_2aed70e2-front.jpg,12.98,2272.99,1872.85,3058.95,0.8906,,0.0
SAM 3,mtsd-p10,directional sign,grp8_2d237c79-side.jpg,1903.55,955.67,2134.2,1846.75,0.9336,No Through Road (T-Junction),0.9228
SAM 3,mtsd-p10,directional sign,grp8_2d237c79-side.jpg,1822.07,2036.34,2504.01,2444.89,0.9102,Street Sign,0.9443
SAM 3,mtsd-p10,directional sign,grp8_2d237c79-side.jpg,3041.44,2075.83,3245.99,2727.56,0.7305,Auxiliary Sign,0.9493
SAM 3,mtsd-p10,directional sign,grp8_2d73c181-back.jpg,1456.43,830.93,2380.8,1833.58,0.5508,Back-Unknown,0.9803
SAM 3,mtsd-p10,directional sign,grp8_2d73c181-back.jpg,1095.09,2317.0,1300.54,2557.59,0.332,Blind-Spot Mirror (Convex Mirror),0.9716
SAM 3,mtsd-p10,directional sign,grp8_2e0ed656-front.jpg,1305.04,851.87,2670.38,2065.67,0.9375,Stop Sign,0.9639
SAM 3,mtsd-p10,directional sign,grp8_2e0ed656-front.jpg,1216.9,1951.54,2555.18,3024.0,0.8945,Street Sign,0.9775
SAM 3,mtsd-p10,directional sign,grp8_3799bcb2-side.jpg,676.82,1350.89,1169.15,2347.58,0.9609,Pedestrian Crossing,0.9593
SAM 3,mtsd-p10,directional sign,grp8_3799bcb2-side.jpg,1125.19,2564.27,1405.39,2777.65,0.9102,Roundabout Ahead,0.8826
SAM 3,mtsd-p10,directional sign,grp8_3799bcb2-side.jpg,1073.13,3086.74,1157.45,3175.69,0.4023,,0.0
SAM 3,mtsd-p10,directional sign,grp8_3ab29317-front.jpg,657.33,1355.97,1672.81,2438.93,0.9453,No Through Road (T-Junction),0.9841
SAM 3,mtsd-p10,directional sign,grp8_3b4e798b-front.jpg,998.06,1710.82,1792.98,2579.77,0.9609,Pedestrian Crossing,0.9582
SAM 3,mtsd-p10,directional sign,grp8_3b4e798b-front.jpg,1836.05,3519.04,1907.68,3603.42,0.7227,Stop Sign,0.8836
SAM 3,mtsd-p10,directional sign,grp8_3b4e798b-front.jpg,371.79,3443.19,474.63,3560.26,0.4199,Back-Unknown,0.9249
SAM 3,mtsd-p10,directional sign,grp8_3b4e798b-front.jpg,585.15,3605.97,662.8,3688.26,0.3926,Back-Unknown,0.7847
SAM 3,mtsd-p10,directional sign,grp8_3b4e798b-front.jpg,1132.33,1911.65,1710.99,2425.33,0.3008,,0.4123
SAM 3,mtsd-p10,directional sign,grp8_4682619f-back.jpg,2906.65,2778.18,3013.11,2880.88,0.8125,Back-Unknown,0.8886
SAM 3,mtsd-p10,directional sign,grp8_4682619f-back.jpg,1435.01,753.03,2661.39,1847.77,0.7969,Back-Unknown,0.9766
SAM 3,mtsd-p10,directional sign,grp8_4682619f-back.jpg,2928.75,2891.05,3018.45,2979.41,0.793,Back-Unknown,0.8888
SAM 3,mtsd-p10,directional sign,grp8_4682619f-back.jpg,2213.29,2797.43,2279.53,2873.59,0.7695,Back-Unknown,0.8707
SAM 3,mtsd-p10,directional sign,grp8_4682619f-back.jpg,2222.62,2885.71,2278.43,2952.68,0.7109,Back-Unknown,0.8597
SAM 3,mtsd-p10,directional sign,grp8_4682619f-back.jpg,2123.16,2866.23,2170.82,2929.44,0.7031,Pedestrian Crossing,0.8449
SAM 3,mtsd-p10,directional sign,grp8_4682619f-back.jpg,3133.99,2872.3,3184.98,2966.04,0.5078,Back-Unknown,0.5517
SAM 3,mtsd-p10,directional sign,grp8_4682619f-back.jpg,1077.79,2915.33,1109.06,3021.88,0.3945,,0.0
SAM 3,mtsd-p10,directional sign,grp8_4682619f-back.jpg,3499.54,2824.42,3539.95,2909.9,0.332,,0.0
SAM 3,mtsd-p10,directional sign,grp8_4802289d-side.jpg,1321.69,1388.41,1650.6,2584.32,0.9375,Pedestrian Crossing,0.9848
SAM 3,mtsd-p10,directional sign,grp8_4802289d-side.jpg,1409.44,1777.8,1626.87,2399.83,0.3262,,0.3405
SAM 3,mtsd-p10,directional sign,grp8_4c496fb4-side.jpg,729.05,1273.85,972.66,2294.64,0.9648,Pedestrian Crossing,0.9526
SAM 3,mtsd-p10,directional sign,grp8_4fe75feb-IMG_0243.JPG,5202.15,3858.85,5433.51,4086.88,0.918,,0.0
SAM 3,mtsd-p10,directional sign,grp8_4fe75feb-IMG_0243.JPG,4919.72,3792.89,5188.99,4068.88,0.9141,,0.0
SAM 3,mtsd-p10,directional sign,grp8_4fe75feb-IMG_0243.JPG,5382.82,118.27,5442.17,175.39,0.6133,,0.0
SAM 3,mtsd-p10,directional sign,grp8_4fe75feb-IMG_0243.JPG,876.08,775.66,3459.75,3344.04,0.5508,,0.4338
SAM 3,mtsd-p10,directional sign,grp8_5043579c-side.jpg,1389.07,844.63,1926.34,2385.0,0.9531,Stop Sign,0.9655
SAM 3,mtsd-p10,directional sign,grp8_562e48f6-front.jpg,1431.97,937.24,2560.65,1684.4,0.9492,No Through Road (T-Junction),0.9623
SAM 3,mtsd-p10,directional sign,grp8_562e48f6-front.jpg,1346.67,1690.65,2628.23,2788.69,0.9062,Back-Unknown,0.9583
SAM 3,mtsd-p10,directional sign,grp8_58176912-front.jpg,2316.12,1264.6,2351.82,1296.08,0.6953,,0.001
SAM 3,mtsd-p10,directional sign,grp8_58176912-front.jpg,1615.43,730.92,2616.04,1798.59,0.332,Blind-Spot Mirror (Convex Mirror),0.9802
SAM 3,mtsd-p10,directional sign,grp8_58621eda-IMG_0203.JPG,1438.26,1164.17,3766.67,2767.63,0.9531,Pedestrian Crossing,0.5933
SAM 3,mtsd-p10,directional sign,grp8_59dbbf2e-side.jpg,526.4,2484.38,679.35,2682.47,0.8633,Back-Unknown,0.8707
SAM 3,mtsd-p10,directional sign,grp8_59dbbf2e-side.jpg,530.92,2679.68,603.91,2781.53,0.5859,Street Sign,0.8956
SAM 3,mtsd-p10,directional sign,grp8_59dbbf2e-side.jpg,1822.8,1138.23,2102.45,1884.22,0.4746,Blind-Spot Mirror (Convex Mirror),0.9822
SAM 3,mtsd-p10,directional sign,grp8_59dbbf2e-side.jpg,496.59,2485.39,678.01,3024.0,0.3789,,0.3046
SAM 3,mtsd-p10,directional sign,grp8_5abf970a-side.jpg,1873.85,723.39,2259.94,2091.66,0.957,Pedestrian Crossing,0.9652
SAM 3,mtsd-p10,directional sign,grp8_5f257ae9-IMG_0112.jpg,1201.98,1153.16,3843.2,3903.41,0.9219,Back-Unknown,0.9861
SAM 3,mtsd-p10,directional sign,grp8_646a4174-side.jpg,908.33,1005.32,1810.08,2825.11,0.8945,Auxiliary Sign,0.9275
SAM 3,mtsd-p10,directional sign,grp8_6b72502b-back.jpg,510.82,862.09,1844.08,2259.81,0.8555,Back-Unknown,0.9909
SAM 3,mtsd-p10,directional sign,grp8_6b72502b-back.jpg,507.64,873.94,1849.4,4092.86,0.334,,0.4265
SAM 3,mtsd-p10,directional sign,grp8_70a9ea7f-side.jpg,982.34,514.74,1667.98,1548.19,0.9727,No Entry (One Way),0.9747
SAM 3,mtsd-p10,directional sign,grp8_70a9ea7f-side.jpg,99.68,3698.84,302.11,3931.86,0.9336,No Entry (One Way),0.9238
SAM 3,mtsd-p10,directional sign,grp8_74a729c2-IMG_0138.jpg,1164.35,863.98,3223.04,2665.29,0.9219,Back-Unknown,0.9799
SAM 3,mtsd-p10,directional sign,grp8_74a729c2-IMG_0138.jpg,1161.35,2639.97,3420.53,4903.01,0.8984,Back-Unknown,0.9851
SAM 3,mtsd-p10,directional sign,grp8_74a729c2-IMG_0138.jpg,917.64,5199.04,1078.19,5325.72,0.5898,Street Sign,0.8917
SAM 3,mtsd-p10,directional sign,grp8_77233a9d-IMG_0190_Blurred.JPG,1031.84,1343.95,2276.43,4331.37,0.9062,No Entry (One Way),0.9551
SAM 3,mtsd-p10,directional sign,grp8_77233a9d-IMG_0190_Blurred.JPG,3917.43,4698.9,3993.46,4798.74,0.7695,Other-Unknown,0.8501
SAM 3,mtsd-p10,directional sign,grp8_77233a9d-IMG_0190_Blurred.JPG,779.29,4646.6,930.59,4711.24,0.7617,,0.0
SAM 3,mtsd-p10,directional sign,grp8_77233a9d-IMG_0190_Blurred.JPG,581.42,4614.22,707.32,4690.95,0.7383,Street Sign,0.8478
SAM 3,mtsd-p10,directional sign,grp8_77233a9d-IMG_0190_Blurred.JPG,774.32,4698.6,929.24,4764.82,0.707,,0.0
SAM 3,mtsd-p10,directional sign,grp8_77233a9d-IMG_0190_Blurred.JPG,1824.44,1547.5,2948.78,4411.02,0.6602,Back-Unknown,0.9723
SAM 3,mtsd-p10,directional sign,grp8_77233a9d-IMG_0190_Blurred.JPG,1504.52,4207.75,1562.31,4374.17,0.4277,,0.0023
SAM 3,mtsd-p10,directional sign,grp8_77233a9d-IMG_0190_Blurred.JPG,397.82,4707.37,492.2,4786.44,0.416,Back-Unknown,0.7645
SAM 3,mtsd-p10,directional sign,grp8_7cc436b9-Back.jpg,669.12,1002.16,1749.47,1991.07,0.6484,Back-Unknown,0.9855
SAM 3,mtsd-p10,directional sign,grp8_838e07cd-IMG_0097.jpg,1006.35,1155.5,2972.34,2769.0,0.9141,Back-Unknown,0.9754
SAM 3,mtsd-p10,directional sign,grp8_838e07cd-IMG_0097.jpg,940.45,2745.52,3298.05,5108.68,0.8867,Back-Unknown,0.9815
SAM 3,mtsd-p10,directional sign,grp8_8bd74996-side.jpg,1890.66,955.42,2161.32,1809.77,0.9375,No Entry (One Way),0.9622
SAM 3,mtsd-p10,directional sign,grp8_8bd74996-side.jpg,2448.06,2589.12,2621.9,2623.22,0.3496,,0.0
SAM 3,mtsd-p10,directional sign,grp8_8bd74996-side.jpg,1897.44,952.97,2158.88,3024.0,0.3262,,0.4023
SAM 3,mtsd-p10,directional sign,grp8_8dc5354c-IMG_0141.JPG,1415.17,1161.21,2991.02,3089.8,0.9727,,0.3343
SAM 3,mtsd-p10,directional sign,grp8_8e544be4-side.jpg,1546.99,1029.78,1950.14,2123.7,0.9453,Stop Sign,0.9544
SAM 3,mtsd-p10,directional sign,grp8_8e544be4-side.jpg,1357.91,2632.01,2256.6,3322.75,0.4473,,0.0
SAM 3,mtsd-p10,directional sign,grp8_8edb630b-IMG_0208.JPG,1904.29,1134.93,3363.96,3010.03,0.9727,,0.4164
SAM 3,mtsd-p10,directional sign,grp8_8ff667a0-IMG_0209.JPG,1708.81,1788.85,3743.25,2773.45,0.9531,,0.4794
SAM 3,mtsd-p10,directional sign,grp8_9a101d8f-side.jpg,1302.02,415.96,1706.96,2200.3,0.9609,Stop Sign,0.9326
SAM 3,mtsd-p10,directional sign,grp8_9a101d8f-side.jpg,2310.68,2892.29,2425.96,2958.16,0.3359,Street Sign,0.8863
SAM 3,mtsd-p10,directional sign,grp8_9f69e083-Front.jpg,947.85,1680.96,1423.97,2154.97,0.9062,Stop Sign,0.9521
SAM 3,mtsd-p10,directional sign,grp8_9f69e083-Front.jpg,96.8,3163.57,252.25,3508.52,0.459,,0.0
SAM 3,mtsd-p10,directional sign,grp8_9f69e083-Front.jpg,716.79,1517.29,885.39,1842.74,0.4551,Street Sign,0.9261
SAM 3,mtsd-p10,directional sign,grp8_9f69e083-Front.jpg,409.36,3141.52,559.35,3389.41,0.3711,,0.0
SAM 3,mtsd-p10,directional sign,grp8_9f69e083-Front.jpg,142.18,3197.97,222.84,3322.88,0.3438,,0.0
SAM 3,mtsd-p10,directional sign,grp8_a27e76cc-back.jpg,948.72,1331.26,2082.15,2249.31,0.8438,Back-Unknown,0.988
SAM 3,mtsd-p10,directional sign,grp8_aa3bff09-side.jpg,1027.97,1026.4,1362.94,2034.96,0.9531,Stop Sign,0.9512
SAM 3,mtsd-p10,directional sign,grp8_aa3bff09-side.jpg,1392.04,1502.66,2043.63,1895.61,0.7891,Street Sign,0.8888
SAM 3,mtsd-p10,directional sign,grp8_aafe9a1b-front.jpg,1102.0,787.32,2053.33,1709.69,0.9492,Stop Sign,0.9812
SAM 3,mtsd-p10,directional sign,grp8_ad4861cb-back.jpg,1539.06,825.68,2607.92,1808.62,0.9258,Back-Unknown,0.9842
SAM 3,mtsd-p10,directional sign,grp8_ad4861cb-back.jpg,1564.21,1653.46,2305.37,2441.1,0.7852,Back-Unknown,0.9826
SAM 3,mtsd-p10,directional sign,grp8_aeadaf7d-Side.jpg,762.65,718.62,1429.63,2170.49,0.957,No Entry (One Way),0.962
SAM 3,mtsd-p10,directional sign,grp8_aeadaf7d-Side.jpg,1183.28,2810.0,1224.14,2876.59,0.4746,,0.0
SAM 3,mtsd-p10,directional sign,grp8_aeadaf7d-Side.jpg,762.14,2802.94,812.54,2885.01,0.3926,,0.0
SAM 3,mtsd-p10,directional sign,grp8_aec35ad8-back.jpg,1216.19,0.0,2625.77,702.17,0.9453,Back-Unknown,0.9882
SAM 3,mtsd-p10,directional sign,grp8_aec35ad8-back.jpg,1067.56,712.92,2800.85,1876.84,0.9336,Back-Unknown,0.9747
SAM 3,mtsd-p10,directional sign,grp8_aec35ad8-back.jpg,1020.91,1849.92,2859.1,2484.95,0.9219,Back-Unknown,0.9711
SAM 3,mtsd-p10,directional sign,grp8_aec35ad8-back.jpg,643.37,2970.55,729.23,3024.0,0.6055,Roundabout Ahead,0.7554
SAM 3,mtsd-p10,directional sign,grp8_aec35ad8-back.jpg,1084.49,8.84,2843.58,3004.43,0.3301,,0.3811
SAM 3,mtsd-p10,directional sign,grp8_b1123daa-front.jpg,611.2,1391.91,1779.23,2424.77,0.9414,Stop Sign,0.9815
SAM 3,mtsd-p10,directional sign,grp8_b1123daa-front.jpg,1485.99,3937.62,1576.62,4096.0,0.6641,,0.0
SAM 3,mtsd-p10,directional sign,grp8_b6ae6e3d-back.jpg,949.72,1525.77,2087.96,2646.78,0.8945,Back-Unknown,0.9783
SAM 3,mtsd-p10,directional sign,grp8_b6ae6e3d-back.jpg,1131.59,2981.78,1208.74,3058.67,0.8164,Other-Unknown,0.8971
SAM 3,mtsd-p10,directional sign,grp8_b6ae6e3d-back.jpg,1142.61,3044.42,1196.23,3104.28,0.5391,Auxiliary Sign,0.5549
SAM 3,mtsd-p10,directional sign,grp8_b6ae6e3d-back.jpg,1142.51,3071.57,1185.97,3139.57,0.4941,Auxiliary Sign,0.633
SAM 3,mtsd-p10,directional sign,grp8_b6ae6e3d-back.jpg,954.27,1524.31,2089.71,4000.0,0.3457,,0.4514
SAM 3,mtsd-p10,directional sign,grp8_b9028e28-side.jpg,587.63,433.56,1608.93,1950.92,0.8945,Pedestrian Crossing,0.966
SAM 3,mtsd-p10,directional sign,grp8_b9028e28-side.jpg,469.57,3321.76,568.81,3481.35,0.3535,,0.0
SAM 3,mtsd-p10,directional sign,grp8_b9028e28-side.jpg,999.66,1900.56,1652.04,2336.15,0.3418,,0.0212
SAM 3,mtsd-p10,directional sign,grp8_b9028e28-side.jpg,589.68,437.96,1765.49,4064.13,0.3145,,0.368
SAM 3,mtsd-p10,directional sign,grp8_b9028e28-side.jpg,688.48,3315.97,754.12,3422.05,0.3105,,0.0
SAM 3,mtsd-p10,directional sign,grp8_c01f5341-IMG_0123.jpg,1819.91,954.44,2812.96,2944.86,0.9648,No Entry (One Way),0.9752
SAM 3,mtsd-p10,directional sign,grp8_c01f5341-IMG_0123.jpg,1680.18,4594.64,1813.8,4912.56,0.9023,No Entry (One Way),0.9338
SAM 3,mtsd-p10,directional sign,grp8_c89fb86b-IMG_0117.jpg,1881.82,1446.22,2500.66,3398.13,0.9727,No Through Road (T-Junction),0.9576
SAM 3,mtsd-p10,directional sign,grp8_c96fcc1a-IMG_0217.JPG,2023.39,1451.66,3258.53,2610.69,0.9727,No Entry (One Way),0.5084
SAM 3,mtsd-p10,directional sign,grp8_d8e91d56-side.jpg,1789.28,870.31,2054.59,1772.61,0.957,No Entry (One Way),0.9677
SAM 3,mtsd-p10,directional sign,grp8_d8e91d56-side.jpg,3465.09,2360.59,3738.31,2617.92,0.9336,No Entry (One Way),0.9718
SAM 3,mtsd-p10,directional sign,grp8_d8e91d56-side.jpg,3484.03,2180.08,3594.1,2436.69,0.9141,No Entry (One Way),0.957
SAM 3,mtsd-p10,directional sign,grp8_d8e91d56-side.jpg,2202.55,2516.32,2295.38,2740.83,0.5117,Back-Unknown,0.9315
SAM 3,mtsd-p10,directional sign,grp8_dd88f02c-IMG_0092.jpg,1682.88,1573.35,2733.55,3662.48,0.957,No Entry (One Way),0.9812
SAM 3,mtsd-p10,directional sign,grp8_ea4926f3-side.jpg,1131.02,751.33,1961.98,2456.89,0.9727,Roundabout Ahead,0.9779
SAM 3,mtsd-p10,directional sign,grp8_ebf4ab1a-IMG_0198.JPG,1587.57,1329.64,3609.48,2939.2,0.4707,Back-Unknown,0.6223
SAM 3,mtsd-p10,directional sign,grp8_edb6fab3-IMG_0189.JPG,2112.44,994.48,4430.81,3594.63,0.9375,,0.4892
SAM 3,mtsd-p10,directional sign,grp8_edb6fab3-IMG_0189.JPG,5527.82,3340.75,5595.9,3409.43,0.5352,,0.0
SAM 3,mtsd-p10,directional sign,grp8_edb6fab3-IMG_0189.JPG,5513.21,3582.56,5590.89,3637.25,0.3242,,0.0
SAM 3,mtsd-p10,directional sign,grp8_f07ed5ce-Side.jpg,909.96,1129.53,1453.84,2351.75,0.9453,Stop Sign,0.9717
SAM 3,mtsd-p10,directional sign,grp8_f3e45a2c-front.jpg,1013.23,1491.19,1485.76,2209.18,0.9492,Stop Sign,0.9611
SAM 3,mtsd-p10,directional sign,grp8_f5d48b4c-front.jpg,1566.6,1014.07,2620.67,1985.49,0.8047,Stop Sign,0.9861
SAM 3,mtsd-p10,directional sign,grp8_f5d48b4c-front.jpg,3491.47,2550.8,3630.95,3024.0,0.3965,,0.0
SAM 3,mtsd-p10,directional sign,grp8_f5d48b4c-front.jpg,1565.48,1017.42,2621.42,3024.0,0.3711,,0.4843
SAM 3,mtsd-p10,directional sign,grp8_fc124a5b-Back.jpg,464.36,39.0,1647.92,1363.53,0.9453,Pedestrian Crossing,0.9723
SAM 3,mtsd-p10,directional sign,grp8_fc124a5b-Back.jpg,528.22,2321.27,1690.04,3009.82,0.9414,Auxiliary Sign,0.9513
SAM 3,mtsd-p10,directional sign,grp8_fc124a5b-Back.jpg,772.26,1347.14,1763.11,2344.57,0.6484,Blind-Spot Mirror (Convex Mirror),0.9854
SAM 3,mtsd-p10,directional sign,grp8_fc6650ab-front.jpg,113.55,850.91,1767.86,2036.2,0.9688,Pedestrian Crossing,0.9704
SAM 3,mtsd-p10,directional sign,grp8_fc6650ab-front.jpg,357.32,2910.76,485.09,3076.99,0.4727,,0.0
SAM 3,mtsd-p10,directional sign,grp9_00e70ac4-IMG_20251111_140913.jpg,0.0,2726.21,341.3,3485.29,0.9453,,0.0
SAM 3,mtsd-p10,directional sign,grp9_00e70ac4-IMG_20251111_140913.jpg,0.0,41.86,331.1,497.0,0.543,,0.0
SAM 3,mtsd-p10,directional sign,grp9_01e24ee9-IMG_20251106_145403.jpg,1373.79,852.84,1803.43,2094.53,0.8555,Back-Unknown,0.9861
SAM 3,mtsd-p10,directional sign,grp9_01e24ee9-IMG_20251106_145403.jpg,1360.5,1733.13,1716.99,2951.68,0.8438,Back-Unknown,0.9521
SAM 3,mtsd-p10,directional sign,grp9_01e24ee9-IMG_20251106_145403.jpg,1539.3,856.36,1809.14,1762.71,0.4258,,0.4446
SAM 3,mtsd-p10,directional sign,grp9_01e24ee9-IMG_20251106_145403.jpg,397.87,3348.6,422.78,3410.85,0.3867,Pedestrian Crossing,0.6216
SAM 3,mtsd-p10,directional sign,grp9_01e24ee9-IMG_20251106_145403.jpg,1374.08,1546.44,1455.31,2100.25,0.3438,,0.0832
SAM 3,mtsd-p10,directional sign,grp9_01e24ee9-IMG_20251106_145403.jpg,1318.31,859.52,1793.52,4096.0,0.334,,0.3346
SAM 3,mtsd-p10,directional sign,grp9_01e24ee9-IMG_20251106_145403.jpg,1926.92,3206.4,1993.25,3390.33,0.3203,Back-Unknown,0.881
SAM 3,mtsd-p10,directional sign,grp9_01e24ee9-IMG_20251106_145403.jpg,1353.83,2121.5,1422.13,2808.32,0.3086,,0.1025
SAM 3,mtsd-p10,directional sign,grp9_01e24ee9-IMG_20251106_145403.jpg,3009.66,3065.21,3070.26,3575.94,0.3027,,0.0
SAM 3,mtsd-p10,directional sign,grp9_01ed8620-IMG_20251111_162316.jpg,860.54,1587.48,1205.33,2045.76,0.9414,Pedestrian Crossing,0.946
SAM 3,mtsd-p10,directional sign,grp9_01ed8620-IMG_20251111_162316.jpg,2084.41,2205.12,2218.49,2391.62,0.9297,Pedestrian Crossing,0.9763
SAM 3,mtsd-p10,directional sign,grp9_01ed8620-IMG_20251111_162316.jpg,44.95,2371.32,116.7,2420.25,0.7578,Other-Unknown,0.601
SAM 3,mtsd-p10,directional sign,grp9_01ed8620-IMG_20251111_162316.jpg,1147.04,2333.78,1177.82,2467.53,0.3223,Back-Unknown,0.5546
SAM 3,mtsd-p10,directional sign,grp9_04c8a7cf-IMG_20251211_162331.jpg,1407.08,2056.79,2043.57,2673.99,0.8945,Back-Unknown,0.9848
SAM 3,mtsd-p10,directional sign,grp9_04c8a7cf-IMG_20251211_162331.jpg,1409.51,2053.51,2044.21,4080.0,0.3789,,0.3054
SAM 3,mtsd-p10,directional sign,grp9_109ae844-20251122_134645.jpg,1255.16,1423.69,1362.15,1717.26,0.5859,Back-Unknown,0.9616
SAM 3,mtsd-p10,directional sign,grp9_109ae844-20251122_134645.jpg,1254.19,1416.33,1372.96,2674.87,0.3008,,0.2142
SAM 3,mtsd-p10,directional sign,grp9_10b6edc4-IMG_20251112_160648.jpg,1378.49,3273.68,1539.94,3480.92,0.8828,Stop Sign,0.963
SAM 3,mtsd-p10,directional sign,grp9_10b6edc4-IMG_20251112_160648.jpg,1377.35,3269.96,1549.43,4080.0,0.4668,,0.2451
SAM 3,mtsd-p10,directional sign,grp9_10b6edc4-IMG_20251112_160648.jpg,1143.61,1152.21,2645.07,2543.83,0.4102,Blind-Spot Mirror (Convex Mirror),0.9872
SAM 3,mtsd-p10,directional sign,grp9_14b6af7e-IMG_20251106_142858.jpg,1087.83,993.89,4169.23,4035.66,0.875,Blind-Spot Mirror (Convex Mirror),0.9916
SAM 3,mtsd-p10,directional sign,grp9_1792c5c3-WhatsApp_Image_2026-01-03_at_18.45.37.jpeg,490.44,805.42,858.9,1141.65,0.3145,Back-Unknown,0.9898
SAM 3,mtsd-p10,directional sign,grp9_21d58e17-S3_back.jpg,673.7,1266.09,1143.8,1720.15,0.875,Back-Unknown,0.9836
SAM 3,mtsd-p10,directional sign,grp9_21d58e17-S3_back.jpg,143.12,2915.1,637.4,3027.03,0.5195,,0.0
SAM 3,mtsd-p10,directional sign,grp9_21d58e17-S3_back.jpg,300.01,2053.19,365.02,2138.37,0.3359,,0.0
SAM 3,mtsd-p10,directional sign,grp9_21d58e17-S3_back.jpg,672.7,1263.4,1144.15,3475.95,0.3145,,0.203
SAM 3,mtsd-p10,directional sign,grp9_24a6f4e2-20251122_141915.jpg,1048.67,2069.55,1204.48,2241.5,0.7148,Street Sign,0.9376
SAM 3,mtsd-p10,directional sign,grp9_29bd496f-IMG_20251106_153126.jpg,1068.88,2211.76,1680.09,3109.88,0.9219,,0.0037
SAM 3,mtsd-p10,directional sign,grp9_29bd496f-IMG_20251106_153126.jpg,10.27,2654.94,334.95,2848.21,0.8555,Auxiliary Sign,0.9097
SAM 3,mtsd-p10,directional sign,grp9_29bd496f-IMG_20251106_153126.jpg,1309.63,1481.77,1434.82,2221.44,0.625,No Entry (One Way),0.9265
SAM 3,mtsd-p10,directional sign,grp9_29bd496f-IMG_20251106_153126.jpg,1468.35,2227.93,1666.34,2505.91,0.3027,,0.0
SAM 3,mtsd-p10,directional sign,grp9_3724af9d-IMG_20251106_144506.jpg,1061.29,1157.99,2385.98,2968.01,0.8438,Blind-Spot Mirror (Convex Mirror),0.987
SAM 3,mtsd-p10,directional sign,grp9_37f0c8a3-IMG_20251111_162207.jpg,652.49,2611.19,693.21,2655.47,0.7773,Pedestrian Crossing,0.7598
SAM 3,mtsd-p10,directional sign,grp9_37f0c8a3-IMG_20251111_162207.jpg,1538.0,1827.23,1621.91,2407.22,0.6953,Roundabout Ahead,0.9377
SAM 3,mtsd-p10,directional sign,grp9_37f0c8a3-IMG_20251111_162207.jpg,557.84,2614.57,591.81,2663.44,0.3945,Back-Unknown,0.6377
SAM 3,mtsd-p10,directional sign,grp9_37f0c8a3-IMG_20251111_162207.jpg,623.82,2711.48,649.36,2782.77,0.3418,Back-Unknown,0.6983
SAM 3,mtsd-p10,directional sign,grp9_3cb31cc9-IMG_20251106_141426.jpg,661.53,96.25,2528.73,1576.96,0.9453,Other-Unknown,0.9833
SAM 3,mtsd-p10,directional sign,grp9_3cb31cc9-IMG_20251106_141426.jpg,835.38,1549.93,2325.52,2980.93,0.9375,Pedestrian Crossing,0.9693
SAM 3,mtsd-p10,directional sign,grp9_3cb31cc9-IMG_20251106_141426.jpg,2312.47,2451.46,2370.59,2507.28,0.7734,Pedestrian Crossing,0.8903
SAM 3,mtsd-p10,directional sign,grp9_3cb31cc9-IMG_20251106_141426.jpg,2778.24,2468.93,2962.6,2565.73,0.3203,,0.0
SAM 3,mtsd-p10,directional sign,grp9_42edbee1-IMG_20251210_142157.jpg,1285.42,1999.5,1869.54,2495.43,0.9414,Roundabout Ahead,0.9642
SAM 3,mtsd-p10,directional sign,grp9_42edbee1-IMG_20251210_142157.jpg,2399.83,2716.86,2473.04,2792.87,0.8594,Other-Unknown,0.9443
SAM 3,mtsd-p10,directional sign,grp9_42edbee1-IMG_20251210_142157.jpg,2037.54,2800.27,2071.9,2843.42,0.6484,Other-Unknown,0.8105
SAM 3,mtsd-p10,directional sign,grp9_42edbee1-IMG_20251210_142157.jpg,1845.76,2803.62,1877.02,2841.8,0.6094,Roundabout Ahead,0.7586
SAM 3,mtsd-p10,directional sign,grp9_4319ca3a-WhatsApp_Image_2026-01-03_at_18.45.41.jpeg,646.59,871.79,755.16,1158.27,0.9492,Roundabout Ahead,0.962
SAM 3,mtsd-p10,directional sign,grp9_4319ca3a-WhatsApp_Image_2026-01-03_at_18.45.41.jpeg,674.59,539.89,769.25,883.9,0.8906,Other-Unknown,0.9254
SAM 3,mtsd-p10,directional sign,grp9_4319ca3a-WhatsApp_Image_2026-01-03_at_18.45.41.jpeg,0.0,997.84,38.36,1101.88,0.3125,,0.0
SAM 3,mtsd-p10,directional sign,grp9_441ca6d9-WhatsApp_Image_2026-01-03_at_18.45.36_2.jpeg,408.02,659.76,478.31,1031.76,0.4219,Back-Unknown,0.6
SAM 3,mtsd-p10,directional sign,grp9_441ca6d9-WhatsApp_Image_2026-01-03_at_18.45.36_2.jpeg,81.58,1506.76,109.89,1562.42,0.3555,No Entry (One Way),0.8562
SAM 3,mtsd-p10,directional sign,grp9_44654df9-WhatsApp_Image_2026-01-03_at_18.45.36_3.jpeg,533.04,713.92,829.67,962.88,0.9609,No Through Road (T-Junction),0.9633
SAM 3,mtsd-p10,directional sign,grp9_48f9d230-IMG_20251112_155513.jpg,845.49,2655.07,931.3,2770.73,0.8086,Other-Unknown,0.72
SAM 3,mtsd-p10,directional sign,grp9_48f9d230-IMG_20251112_155513.jpg,752.78,1851.3,1280.35,2360.57,0.75,Back-Unknown,0.9915
SAM 3,mtsd-p10,directional sign,grp9_48f9d230-IMG_20251112_155513.jpg,1812.5,2820.64,1857.91,2884.45,0.6797,Auxiliary Sign,0.8474
SAM 3,mtsd-p10,directional sign,grp9_48f9d230-IMG_20251112_155513.jpg,754.74,1845.96,1276.46,4080.0,0.5234,,0.2275
SAM 3,mtsd-p10,directional sign,grp9_4a9c7d83-IMG_20251111_143857.jpg,1399.45,2068.39,1814.84,2436.56,0.9453,Other-Unknown,0.9399
SAM 3,mtsd-p10,directional sign,grp9_4d9da647-IMG_20251112_160636.jpg,865.03,1441.74,1737.56,2284.96,0.9258,Stop Sign,0.9857
SAM 3,mtsd-p10,directional sign,grp9_561ba1c4-IMG_20251111_162044.jpg,1224.08,1854.27,1584.31,2211.56,0.9336,Pedestrian Crossing,0.9724
SAM 3,mtsd-p10,directional sign,grp9_561ba1c4-IMG_20251111_162044.jpg,1883.75,2370.8,1985.83,2468.92,0.8945,Other-Unknown,0.9317
SAM 3,mtsd-p10,directional sign,grp9_561ba1c4-IMG_20251111_162044.jpg,1900.13,2470.55,1978.04,2553.66,0.8867,Roundabout Ahead,0.921
SAM 3,mtsd-p10,directional sign,grp9_561ba1c4-IMG_20251111_162044.jpg,1158.98,2586.86,1189.43,2636.2,0.707,,0.4546
SAM 3,mtsd-p10,directional sign,grp9_561ba1c4-IMG_20251111_162044.jpg,799.99,2610.62,825.03,2648.9,0.5352,Roundabout Ahead,0.6379
SAM 3,mtsd-p10,directional sign,grp9_561ba1c4-IMG_20251111_162044.jpg,1178.54,2654.44,1203.7,2705.31,0.4492,Back-Unknown,0.5577
SAM 3,mtsd-p10,directional sign,grp9_58c8b920-IMG_20251106_153249.jpg,1382.84,1597.0,1819.14,1983.38,0.8203,Back-Unknown,0.982
SAM 3,mtsd-p10,directional sign,grp9_58c8b920-IMG_20251106_153249.jpg,1081.08,1901.19,2071.98,2472.18,0.5977,Back-Unknown,0.9672
SAM 3,mtsd-p10,directional sign,grp9_58c8b920-IMG_20251106_153249.jpg,1032.64,2583.56,1480.96,2805.52,0.4746,,0.0
SAM 3,mtsd-p10,directional sign,grp9_58c8b920-IMG_20251106_153249.jpg,1323.89,2111.31,1890.25,2364.53,0.3008,,0.2452
SAM 3,mtsd-p10,directional sign,grp9_5b67e831-IMG_20251106_155530.jpg,999.28,1009.46,1887.4,1805.46,0.7773,Back-Unknown,0.9915
SAM 3,mtsd-p10,directional sign,grp9_5b67e831-IMG_20251106_155530.jpg,883.31,1803.7,1911.82,2795.72,0.7188,Back-Unknown,0.9726
SAM 3,mtsd-p10,directional sign,grp9_5b67e831-IMG_20251106_155530.jpg,1097.14,2877.24,1682.71,3537.22,0.4688,,0.0
SAM 3,mtsd-p10,directional sign,grp9_5b67e831-IMG_20251106_155530.jpg,912.36,1001.14,1902.27,3990.19,0.4297,,0.3262
SAM 3,mtsd-p10,directional sign,grp9_5b67e831-IMG_20251106_155530.jpg,1098.99,2877.57,1328.05,3536.25,0.3438,,0.0
SAM 3,mtsd-p10,directional sign,grp9_5b67e831-IMG_20251106_155530.jpg,402.85,3244.68,488.73,3318.54,0.3301,,0.0
SAM 3,mtsd-p10,directional sign,grp9_5b67e831-IMG_20251106_155530.jpg,1391.39,2881.24,1682.03,3502.58,0.3184,,0.0
SAM 3,mtsd-p10,directional sign,grp9_636a2125-IMG_20251111_155635.jpg,1296.88,1526.21,1935.25,2030.85,0.3379,Back-Unknown,0.9217
SAM 3,mtsd-p10,directional sign,grp9_673470fc-IMG_20251111_160954.jpg,1523.61,2046.95,1773.56,2303.43,0.9375,Roundabout Ahead,0.9692
SAM 3,mtsd-p10,directional sign,grp9_673470fc-IMG_20251111_160954.jpg,1472.26,1729.57,1803.56,2043.5,0.9102,Other-Unknown,0.9762
SAM 3,mtsd-p10,directional sign,grp9_673470fc-IMG_20251111_160954.jpg,1011.94,2308.41,1096.71,2396.29,0.8945,Pedestrian Crossing,0.9255
SAM 3,mtsd-p10,directional sign,grp9_673470fc-IMG_20251111_160954.jpg,2158.94,2285.7,2239.65,2371.76,0.8828,Pedestrian Crossing,0.8846
SAM 3,mtsd-p10,directional sign,grp9_673470fc-IMG_20251111_160954.jpg,1665.01,2392.01,1715.65,2445.58,0.7969,Pedestrian Crossing,0.5596
SAM 3,mtsd-p10,directional sign,grp9_673470fc-IMG_20251111_160954.jpg,2659.34,2280.13,2733.16,2365.61,0.793,Back-Unknown,0.9343
SAM 3,mtsd-p10,directional sign,grp9_673470fc-IMG_20251111_160954.jpg,1367.59,2400.85,1414.89,2440.07,0.793,Other-Unknown,0.7854
SAM 3,mtsd-p10,directional sign,grp9_673470fc-IMG_20251111_160954.jpg,1367.07,2360.0,1412.82,2405.67,0.7852,Other-Unknown,0.8997
SAM 3,mtsd-p10,directional sign,grp9_673470fc-IMG_20251111_160954.jpg,2643.27,2169.32,2741.46,2266.58,0.7383,Back-Unknown,0.7882
SAM 3,mtsd-p10,directional sign,grp9_673470fc-IMG_20251111_160954.jpg,1954.78,2408.82,1994.99,2460.97,0.6953,,0.4982
SAM 3,mtsd-p10,directional sign,grp9_673470fc-IMG_20251111_160954.jpg,2757.08,2286.52,2822.81,2360.58,0.6523,Back-Unknown,0.945
SAM 3,mtsd-p10,directional sign,grp9_673470fc-IMG_20251111_160954.jpg,2048.76,2312.93,2124.2,2391.55,0.6133,Back-Unknown,0.9061
SAM 3,mtsd-p10,directional sign,grp9_673470fc-IMG_20251111_160954.jpg,2284.74,2372.73,2322.52,2427.65,0.3477,Back-Unknown,0.7992
SAM 3,mtsd-p10,directional sign,grp9_6867b383-IMG_20251111_160020.jpg,1272.94,1686.16,1730.68,2132.05,0.9414,No Through Road (T-Junction),0.9627
SAM 3,mtsd-p10,directional sign,grp9_6ad958e6-IMG_20251112_155635.jpg,1233.06,1258.98,1705.17,2136.29,0.875,Back-Unknown,0.9747
SAM 3,mtsd-p10,directional sign,grp9_6adfb65e-WhatsApp_Image_2026-01-01_at_18.13.00_2.jpeg,331.05,1054.18,652.18,1357.91,0.8477,Stop Sign,0.9717
SAM 3,mtsd-p10,directional sign,grp9_6adfb65e-WhatsApp_Image_2026-01-01_at_18.13.00_2.jpeg,1114.77,1437.39,1165.02,1508.55,0.5078,Blind-Spot Mirror (Convex Mirror),0.9301
SAM 3,mtsd-p10,directional sign,grp9_6adfb65e-WhatsApp_Image_2026-01-01_at_18.13.00_2.jpeg,913.9,1420.46,951.7,1487.47,0.4629,Blind-Spot Mirror (Convex Mirror),0.8592
SAM 3,mtsd-p10,directional sign,grp9_6adfb65e-WhatsApp_Image_2026-01-01_at_18.13.00_2.jpeg,153.67,0.0,248.42,73.47,0.459,,0.0
SAM 3,mtsd-p10,directional sign,grp9_6adfb65e-WhatsApp_Image_2026-01-01_at_18.13.00_2.jpeg,1137.22,1895.23,1472.2,1976.46,0.4043,,0.0
SAM 3,mtsd-p10,directional sign,grp9_6adfb65e-WhatsApp_Image_2026-01-01_at_18.13.00_2.jpeg,803.39,1520.46,963.94,1590.72,0.3887,,0.0
SAM 3,mtsd-p10,directional sign,grp9_6adfb65e-WhatsApp_Image_2026-01-01_at_18.13.00_2.jpeg,269.63,0.0,301.24,46.67,0.3652,,0.0
SAM 3,mtsd-p10,directional sign,grp9_6e84abf6-IMG_20251106_145409.jpg,1193.09,1925.63,2236.3,2929.95,0.9609,Roundabout Ahead,0.9877
SAM 3,mtsd-p10,directional sign,grp9_6e84abf6-IMG_20251106_145409.jpg,1017.9,1060.84,2327.05,1944.62,0.9492,Other-Unknown,0.9793
SAM 3,mtsd-p10,directional sign,grp9_6e84abf6-IMG_20251106_145409.jpg,1837.32,3367.84,2040.29,3501.2,0.457,,0.0
SAM 3,mtsd-p10,directional sign,grp9_73c5c90a-IMG_20251106_152941.jpg,1415.87,1643.23,1511.7,2230.3,0.5977,Roundabout Ahead,0.8385
SAM 3,mtsd-p10,directional sign,grp9_73c5c90a-IMG_20251106_152941.jpg,1408.98,869.15,1494.87,1625.97,0.5352,Other-Unknown,0.7912
SAM 3,mtsd-p10,directional sign,grp9_76700fa1-IMG_20251111_162238.jpg,1513.12,1942.86,1814.59,2257.23,0.9531,Roundabout Ahead,0.9865
SAM 3,mtsd-p10,directional sign,grp9_76700fa1-IMG_20251111_162238.jpg,1838.96,2137.41,1993.71,2306.84,0.9102,Pedestrian Crossing,0.956
SAM 3,mtsd-p10,directional sign,grp9_76700fa1-IMG_20251111_162238.jpg,1469.4,1559.49,1887.96,1938.29,0.8984,Other-Unknown,0.9694
SAM 3,mtsd-p10,directional sign,grp9_76700fa1-IMG_20251111_162238.jpg,536.25,2118.13,641.08,2304.64,0.6914,Auxiliary Sign,0.9346
SAM 3,mtsd-p10,directional sign,grp9_76700fa1-IMG_20251111_162238.jpg,1460.31,2340.99,1534.76,2398.52,0.6016,Other-Unknown,0.8503
SAM 3,mtsd-p10,directional sign,grp9_76700fa1-IMG_20251111_162238.jpg,2139.1,2296.46,2245.44,2422.28,0.4492,Back-Unknown,0.9551
SAM 3,mtsd-p10,directional sign,grp9_76700fa1-IMG_20251111_162238.jpg,2654.91,2308.56,2699.45,2461.13,0.3281,Back-Unknown,0.6601
SAM 3,mtsd-p10,directional sign,grp9_7b22f970-IMG_20251106_152243.jpg,1054.46,2054.96,1937.12,3058.62,0.9453,Other-Unknown,0.9763
SAM 3,mtsd-p10,directional sign,grp9_7b22f970-IMG_20251106_152243.jpg,1102.55,825.0,1925.13,1792.87,0.9375,Stop Sign,0.973
SAM 3,mtsd-p10,directional sign,grp9_7b22f970-IMG_20251106_152243.jpg,1925.18,2569.81,2332.59,2724.99,0.4961,,0.0033
SAM 3,mtsd-p10,directional sign,grp9_7d690022-WhatsApp_Image_2026-01-03_at_18.45.17_5.jpeg,622.99,274.1,713.97,699.04,0.625,Back-Unknown,0.9112
SAM 3,mtsd-p10,directional sign,grp9_7d690022-WhatsApp_Image_2026-01-03_at_18.45.17_5.jpeg,624.2,270.05,882.76,1598.47,0.3027,,0.1203
SAM 3,mtsd-p10,directional sign,grp9_815852c2-IMG_20251112_155220.jpg,479.39,2115.86,756.12,2378.32,0.5625,Back-Unknown,0.9832
SAM 3,mtsd-p10,directional sign,grp9_815852c2-IMG_20251112_155220.jpg,461.43,2367.32,738.83,2517.6,0.5352,Back-Unknown,0.9756
SAM 3,mtsd-p10,directional sign,grp9_815852c2-IMG_20251112_155220.jpg,513.7,2572.37,557.57,2646.48,0.377,Back-Unknown,0.7079
SAM 3,mtsd-p10,directional sign,grp9_91c9ea8f-IMG_20251112_162243.jpg,1179.22,1652.03,1656.93,2086.0,0.9336,No Entry (One Way),0.9616
SAM 3,mtsd-p10,directional sign,grp9_91c9ea8f-IMG_20251112_162243.jpg,1223.19,2083.22,1650.09,2621.43,0.8906,Auxiliary Sign,0.9593
SAM 3,mtsd-p10,directional sign,grp9_91c9ea8f-IMG_20251112_162243.jpg,1803.62,614.56,1942.02,681.01,0.3691,,0.0
SAM 3,mtsd-p10,directional sign,grp9_93cceec3-IMG_20251112_162528.jpg,990.19,719.96,2654.11,2432.54,0.957,Back-Unknown,0.9873
SAM 3,mtsd-p10,directional sign,grp9_a133d565-WhatsApp_Image_2026-01-01_at_18.13.09.jpeg,602.75,1058.83,784.94,1245.41,0.793,Stop Sign,0.8709
SAM 3,mtsd-p10,directional sign,grp9_a3c63c83-IMG_20251112_162857.jpg,1293.28,1177.11,1721.69,2007.66,0.8086,Back-Unknown,0.9712
SAM 3,mtsd-p10,directional sign,grp9_a3c63c83-IMG_20251112_162857.jpg,1322.72,2619.44,1809.86,3487.74,0.6875,Back-Unknown,0.972
SAM 3,mtsd-p10,directional sign,grp9_a3c63c83-IMG_20251112_162857.jpg,1389.1,1963.26,1663.22,2603.65,0.6211,Back-Unknown,0.9735
SAM 3,mtsd-p10,directional sign,grp9_a3c63c83-IMG_20251112_162857.jpg,1292.71,1188.11,1757.68,4080.0,0.4668,,0.2793
SAM 3,mtsd-p10,directional sign,grp9_a6b8460c-20251122_140515.jpg,2953.78,1668.63,3000.0,1821.95,0.7969,Pedestrian Crossing,0.8537
SAM 3,mtsd-p10,directional sign,grp9_a745c9e2-IMG_20251106_152554.jpg,1386.55,2053.91,2167.87,2877.54,0.6484,Back-Unknown,0.9595
SAM 3,mtsd-p10,directional sign,grp9_a745c9e2-IMG_20251106_152554.jpg,1988.4,3536.21,2060.08,3617.69,0.4961,Other-Unknown,0.8997
SAM 3,mtsd-p10,directional sign,grp9_a745c9e2-IMG_20251106_152554.jpg,1989.94,3616.78,2070.68,3743.35,0.4922,Other-Unknown,0.8662
SAM 3,mtsd-p10,directional sign,grp9_a745c9e2-IMG_20251106_152554.jpg,2033.96,3764.6,2099.17,3828.88,0.4785,Other-Unknown,0.5422
SAM 3,mtsd-p10,directional sign,grp9_a745c9e2-IMG_20251106_152554.jpg,1995.81,3679.43,2075.35,3745.91,0.4473,,0.4431
SAM 3,mtsd-p10,directional sign,grp9_a745c9e2-IMG_20251106_152554.jpg,2991.95,3627.68,3072.0,3709.96,0.3262,,0.0
SAM 3,mtsd-p10,directional sign,grp9_a7e54ad2-IMG_20251210_141604.jpg,1397.77,1127.37,1597.19,2216.99,0.9375,No Entry (One Way),0.9543
SAM 3,mtsd-p10,directional sign,grp9_a7e54ad2-IMG_20251210_141604.jpg,1072.66,3567.9,1828.49,4080.0,0.7344,,0.0
SAM 3,mtsd-p10,directional sign,grp9_ae723934-WhatsApp_Image_2026-01-03_at_18.45.36.jpeg,560.69,710.22,750.55,882.55,0.9648,No Through Road (T-Junction),0.9822
SAM 3,mtsd-p10,directional sign,grp9_ae723934-WhatsApp_Image_2026-01-03_at_18.45.36.jpeg,1137.88,594.95,1200.0,764.69,0.6836,,0.0
SAM 3,mtsd-p10,directional sign,grp9_b775d113-IMG_20251111_162326.jpg,732.77,2367.73,822.75,2576.09,0.9102,Pedestrian Crossing,0.9698
SAM 3,mtsd-p10,directional sign,grp9_b775d113-IMG_20251111_162326.jpg,2772.05,2687.98,2849.11,2765.49,0.875,Roundabout Ahead,0.9015
SAM 3,mtsd-p10,directional sign,grp9_b775d113-IMG_20251111_162326.jpg,2757.9,2605.96,2847.78,2689.54,0.7539,Other-Unknown,0.912
SAM 3,mtsd-p10,directional sign,grp9_b775d113-IMG_20251111_162326.jpg,2292.84,1289.79,2415.75,2029.46,0.4551,Back-Unknown,0.9318
SAM 3,mtsd-p10,directional sign,grp9_b8de4d86-IMG_20251112_162741.jpg,1307.07,1639.02,1621.63,1983.9,0.9336,Pedestrian Crossing,0.9599
SAM 3,mtsd-p10,directional sign,grp9_b8de4d86-IMG_20251112_162741.jpg,2120.28,2792.93,2192.55,2910.95,0.4531,,0.0
SAM 3,mtsd-p10,directional sign,grp9_b8edf87e-IMG_20251106_153308.jpg,1208.6,1962.35,1585.16,2317.04,0.8945,Back-Unknown,0.971
SAM 3,mtsd-p10,directional sign,grp9_b8edf87e-IMG_20251106_153308.jpg,1263.75,2321.56,1546.45,2608.17,0.793,Back-Unknown,0.9778
SAM 3,mtsd-p10,directional sign,grp9_b8edf87e-IMG_20251106_153308.jpg,2623.12,2932.53,2749.27,3052.08,0.6055,,0.0
SAM 3,mtsd-p10,directional sign,grp9_b8edf87e-IMG_20251106_153308.jpg,1214.13,1953.14,1581.99,3146.41,0.416,,0.2916
SAM 3,mtsd-p10,directional sign,grp9_b8edf87e-IMG_20251106_153308.jpg,1934.65,2537.52,1983.5,2908.41,0.3711,,0.0
SAM 3,mtsd-p10,directional sign,grp9_c7a4a215-20251122_140026.jpg,1954.6,2312.11,2128.96,2610.71,0.7852,Back-Unknown,0.7582
SAM 3,mtsd-p10,directional sign,grp9_c7a4a215-20251122_140026.jpg,1311.15,989.92,2371.57,1990.88,0.7305,Back-Unknown,0.9821
SAM 3,mtsd-p10,directional sign,grp9_c7a4a215-20251122_140026.jpg,1362.7,2513.83,1444.75,2594.68,0.6953,Back-Unknown,0.8129
SAM 3,mtsd-p10,directional sign,grp9_c7a4a215-20251122_140026.jpg,1660.67,2475.76,1753.08,2568.21,0.6914,Back-Unknown,0.9311
SAM 3,mtsd-p10,directional sign,grp9_c7a4a215-20251122_140026.jpg,2641.61,2299.98,2742.24,2446.5,0.6562,,0.0
SAM 3,mtsd-p10,directional sign,grp9_c7a4a215-20251122_140026.jpg,1469.44,1942.87,2235.09,2246.72,0.6484,Back-Unknown,0.9471
SAM 3,mtsd-p10,directional sign,grp9_c7a4a215-20251122_140026.jpg,1303.61,990.89,2372.7,4000.0,0.5703,,0.3293
SAM 3,mtsd-p10,directional sign,grp9_c7a4a215-20251122_140026.jpg,1053.96,2552.2,1145.22,2650.26,0.5,,0.2337
SAM 3,mtsd-p10,directional sign,grp9_c7a4a215-20251122_140026.jpg,1662.49,2475.22,1752.11,2902.76,0.377,,0.2133
SAM 3,mtsd-p10,directional sign,grp9_c7a4a215-20251122_140026.jpg,1367.7,2510.81,1445.34,2824.59,0.3594,,0.2446
SAM 3,mtsd-p10,directional sign,grp9_c7a4a215-20251122_140026.jpg,1546.53,2617.91,1622.99,2800.89,0.3477,,0.0
SAM 3,mtsd-p10,directional sign,grp9_c7a4a215-20251122_140026.jpg,2622.14,2290.67,2740.48,2668.71,0.3027,,0.0
SAM 3,mtsd-p10,directional sign,grp9_cedb2f14-NE3_front.jpg,1501.33,1688.52,1914.53,2120.01,0.8438,No Entry (One Way),0.9127
SAM 3,mtsd-p10,directional sign,grp9_cedb2f14-NE3_front.jpg,1470.87,1681.13,1913.17,3936.72,0.457,,0.1701
SAM 3,mtsd-p10,directional sign,grp9_d09450b2-IMG_20251112_155615.jpg,1414.94,1524.27,1999.12,2148.49,0.668,Back-Unknown,0.9864
SAM 3,mtsd-p10,directional sign,grp9_d09450b2-IMG_20251112_155615.jpg,1996.21,2418.28,2057.63,2677.96,0.543,,0.0
SAM 3,mtsd-p10,directional sign,grp9_d09450b2-IMG_20251112_155615.jpg,1418.47,1514.65,2013.74,4073.5,0.3262,,0.2405
SAM 3,mtsd-p10,directional sign,grp9_d4f4f35a-WhatsApp_Image_2026-01-01_at_18.12.59_1.jpeg,554.58,799.62,683.6,1353.3,0.7656,No Entry (One Way),0.9503
SAM 3,mtsd-p10,directional sign,grp9_d4f4f35a-WhatsApp_Image_2026-01-01_at_18.12.59_1.jpeg,552.47,797.46,867.99,2043.52,0.3691,,0.1824
SAM 3,mtsd-p10,directional sign,grp9_d7c813cb-IMG_20251112_163545.jpg,1011.58,1736.41,1581.87,2635.9,0.6211,Back-Unknown,0.9906
SAM 3,mtsd-p10,directional sign,grp9_d7c813cb-IMG_20251112_163545.jpg,1950.14,2604.66,2096.87,2761.0,0.6016,Blind-Spot Mirror (Convex Mirror),0.9387
SAM 3,mtsd-p10,directional sign,grp9_d7c813cb-IMG_20251112_163545.jpg,2019.39,2874.67,2070.99,2958.37,0.5078,,0.0
SAM 3,mtsd-p10,directional sign,grp9_d7c813cb-IMG_20251112_163545.jpg,2132.41,2823.42,2192.42,2914.38,0.5039,,0.0
SAM 3,mtsd-p10,directional sign,grp9_d7c813cb-IMG_20251112_163545.jpg,1010.62,1737.38,1586.87,4080.0,0.3945,,0.3796
SAM 3,mtsd-p10,directional sign,grp9_dbd6345f-IMG_20251106_155229.jpg,1091.36,1000.89,2101.91,2087.96,0.7734,Back-Unknown,0.978
SAM 3,mtsd-p10,directional sign,grp9_dbd6345f-IMG_20251106_155229.jpg,1091.39,1002.77,2106.98,4086.76,0.3711,,0.354
SAM 3,mtsd-p10,directional sign,grp9_dbd6345f-IMG_20251106_155229.jpg,105.74,2770.27,727.6,2873.0,0.3047,,0.0
SAM 3,mtsd-p10,directional sign,grp9_de518e6b-WhatsApp_Image_2026-01-03_at_18.46.56.jpeg,473.97,758.49,836.41,1095.05,0.6875,Back-Unknown,0.98
SAM 3,mtsd-p10,directional sign,grp9_de518e6b-WhatsApp_Image_2026-01-03_at_18.46.56.jpeg,489.97,594.74,740.43,783.38,0.4023,Blind-Spot Mirror (Convex Mirror),0.9692
SAM 3,mtsd-p10,directional sign,grp9_df847542-IMG_20251210_141936.jpg,843.92,2279.67,2130.75,3022.13,0.9375,Tourist Sign,0.9828
SAM 3,mtsd-p10,directional sign,grp9_df847542-IMG_20251210_141936.jpg,983.26,970.27,1892.45,2255.57,0.8906,Stop Sign,0.9701
SAM 3,mtsd-p10,directional sign,grp9_df847542-IMG_20251210_141936.jpg,2062.79,3028.71,2194.12,3219.22,0.375,Blind-Spot Mirror (Convex Mirror),0.9639
SAM 3,mtsd-p10,directional sign,grp9_df847542-IMG_20251210_141936.jpg,945.21,2443.58,1268.37,2754.33,0.3652,,0.1033
SAM 3,mtsd-p10,directional sign,grp9_df847542-IMG_20251210_141936.jpg,2495.54,3403.98,2602.34,3485.92,0.3105,,0.0
SAM 3,mtsd-p10,directional sign,grp9_dfbf929f-IMG_20251106_154024.jpg,723.42,1139.77,1839.73,2212.32,0.8945,No Entry (One Way),0.9502
SAM 3,mtsd-p10,directional sign,grp9_dfbf929f-IMG_20251106_154024.jpg,1260.52,2258.83,1409.33,3757.37,0.5742,,0.0
SAM 3,mtsd-p10,directional sign,grp9_dfbf929f-IMG_20251106_154024.jpg,861.74,2279.92,1198.96,2459.2,0.4551,Street Sign,0.9506
SAM 3,mtsd-p10,directional sign,grp9_dfbf929f-IMG_20251106_154024.jpg,2425.53,2746.57,2675.52,2839.79,0.375,,0.0
SAM 3,mtsd-p10,directional sign,grp9_e1897726-WhatsApp_Image_2026-01-03_at_18.45.38_3.jpeg,452.75,371.33,827.76,625.62,0.9375,Back-Unknown,0.9778
SAM 3,mtsd-p10,directional sign,grp9_e1897726-WhatsApp_Image_2026-01-03_at_18.45.38_3.jpeg,438.19,611.9,883.09,936.48,0.9023,Back-Unknown,0.9645
SAM 3,mtsd-p10,directional sign,grp9_e1897726-WhatsApp_Image_2026-01-03_at_18.45.38_3.jpeg,441.17,908.28,903.59,1084.16,0.8477,Back-Unknown,0.9597
SAM 3,mtsd-p10,directional sign,grp9_e1897726-WhatsApp_Image_2026-01-03_at_18.45.38_3.jpeg,445.24,372.0,893.83,1600.0,0.4551,,0.2628
SAM 3,mtsd-p10,directional sign,grp9_e1897726-WhatsApp_Image_2026-01-03_at_18.45.38_3.jpeg,622.04,1342.28,640.43,1359.18,0.3691,,0.0
SAM 3,mtsd-p10,directional sign,grp9_e2932f32-20251122_134050.jpg,1285.35,1560.22,1610.63,1876.94,0.8672,Back-Unknown,0.9595
SAM 3,mtsd-p10,directional sign,grp9_e2932f32-20251122_134050.jpg,464.33,2073.97,521.42,2129.12,0.75,Other-Unknown,0.8997
SAM 3,mtsd-p10,directional sign,grp9_e2932f32-20251122_134050.jpg,779.37,2087.94,823.43,2129.68,0.7422,Other-Unknown,0.7805
SAM 3,mtsd-p10,directional sign,grp9_e2932f32-20251122_134050.jpg,1350.52,1858.38,1516.76,1973.75,0.4707,,0.0289
SAM 3,mtsd-p10,directional sign,grp9_e2932f32-20251122_134050.jpg,1057.27,2154.84,1081.86,2183.02,0.4551,Other-Unknown,0.5428
SAM 3,mtsd-p10,directional sign,grp9_e2932f32-20251122_134050.jpg,1479.47,1975.0,1511.78,2007.44,0.4531,,0.0
SAM 3,mtsd-p10,directional sign,grp9_e2932f32-20251122_134050.jpg,954.35,2139.18,982.48,2167.5,0.3711,Other-Unknown,0.6993
SAM 3,mtsd-p10,directional sign,grp9_e2932f32-20251122_134050.jpg,1276.73,1560.21,1610.04,2976.96,0.3594,,0.2191
SAM 3,mtsd-p10,directional sign,grp9_e2932f32-20251122_134050.jpg,463.17,2072.9,520.82,2304.75,0.3223,,0.212
SAM 3,mtsd-p10,directional sign,grp9_e65623ae-20251122_135723.jpg,1401.17,1856.06,1618.51,2160.13,0.918,Stop Sign,0.9649
SAM 3,mtsd-p10,directional sign,grp9_e65623ae-20251122_135723.jpg,1836.2,2028.21,2093.1,2345.09,0.8398,Auxiliary Sign,0.9607
SAM 3,mtsd-p10,directional sign,grp9_e65623ae-20251122_135723.jpg,1404.45,1849.33,1624.04,3517.36,0.4473,,0.1806
SAM 3,mtsd-p10,directional sign,grp9_e690fe37-IMG_20251111_162300.jpg,1460.24,1939.24,1561.92,2401.84,0.9336,Roundabout Ahead,0.9685
SAM 3,mtsd-p10,directional sign,grp9_e690fe37-IMG_20251111_162300.jpg,1460.65,1306.98,1551.64,1951.7,0.8125,Other-Unknown,0.9591
SAM 3,mtsd-p10,directional sign,grp9_e690fe37-IMG_20251111_162300.jpg,700.48,2607.98,745.82,2655.18,0.7539,Pedestrian Crossing,0.7788
SAM 3,mtsd-p10,directional sign,grp9_e690fe37-IMG_20251111_162300.jpg,1222.51,2602.86,1261.09,2655.98,0.6719,Pedestrian Crossing,0.6737
SAM 3,mtsd-p10,directional sign,grp9_e690fe37-IMG_20251111_162300.jpg,1263.76,2604.34,1302.81,2649.47,0.4102,Back-Unknown,0.6757
SAM 3,mtsd-p10,directional sign,grp9_e8541d39-IMG_20251106_145533.jpg,1026.42,1759.97,1990.87,2725.38,0.9648,Other-Unknown,0.9819
SAM 3,mtsd-p10,directional sign,grp9_e8541d39-IMG_20251106_145533.jpg,1020.91,859.58,1967.65,1761.24,0.875,Stop Sign,0.9857
SAM 3,mtsd-p10,directional sign,grp9_e8b17764-ZC8_front.jpg,1153.61,2214.57,1482.31,2549.0,0.9453,Pedestrian Crossing,0.9571
SAM 3,mtsd-p10,directional sign,grp9_e8b17764-ZC8_front.jpg,1721.99,2536.19,1762.64,2583.99,0.4102,,0.0
SAM 3,mtsd-p10,directional sign,grp9_e8b17764-ZC8_front.jpg,1199.05,2274.42,1433.85,2506.13,0.3379,,0.4737
SAM 3,mtsd-p10,directional sign,grp9_f109e3eb-IMG_20251111_144036.jpg,1169.73,1328.84,1944.71,2226.67,0.3477,Blind-Spot Mirror (Convex Mirror),0.9809
SAM 3,mtsd-p10,directional sign,grp9_f36aabf5-WhatsApp_Image_2026-01-03_at_18.45.21_2.jpeg,429.68,533.78,709.66,988.15,0.9492,Other-Unknown,0.9844
SAM 3,mtsd-p10,directional sign,grp9_f456c0fd-IMG_20251106_153809.jpg,1046.87,1153.97,2205.35,2220.12,0.9492,No Entry (One Way),0.9782
SAM 3,mtsd-p10,directional sign,grp9_f456c0fd-IMG_20251106_153809.jpg,21.12,2955.93,133.24,3043.49,0.6211,Auxiliary Sign,0.834
SAM 3,mtsd-p10,directional sign,grp9_f456c0fd-IMG_20251106_153809.jpg,572.74,2870.88,642.23,2983.16,0.4219,,0.0
SAM 3,mtsd-p10,directional sign,grp9_f456c0fd-IMG_20251106_153809.jpg,543.2,2974.83,670.58,3019.4,0.3125,,0.0
SAM 3,mtsd-p10,directional sign,grp9_f456c0fd-IMG_20251106_153809.jpg,539.8,2973.77,600.9,3013.71,0.3086,,0.0
