model,prompt,image_id,image_path,x0,y0,x1,y1,score,predicted_label,has_mask,has_confidence,inference_ms,prompt_id
Cosmos Reason2 8B,traffic sign,grp10_IMG_1495.jpg,E:\2. UM-Student\MSC Dissertation\Urban-Vision-Benchmark\Datasets\MTSD\Prepared\MTSD-Unaugmented\MTSD-YOLO\test\images\grp10_IMG_1495.jpg,1537.96,2022.05,3024.5,3198.72,1.0,traffic sign,False,False,6175.7,mtsd-p12
Cosmos Reason2 8B,traffic sign,grp10_IMG_1495.jpg,E:\2. UM-Student\MSC Dissertation\Urban-Vision-Benchmark\Datasets\MTSD\Prepared\MTSD-Unaugmented\MTSD-YOLO\test\images\grp10_IMG_1495.jpg,2146.28,4323.98,2274.8,4746.67,1.0,traffic sign,False,False,6175.7,mtsd-p12
Cosmos Reason2 8B,traffic sign,grp10_IMG_1495.jpg,E:\2. UM-Student\MSC Dissertation\Urban-Vision-Benchmark\Datasets\MTSD\Prepared\MTSD-Unaugmented\MTSD-YOLO\test\images\grp10_IMG_1495.jpg,3658.54,4603.87,4009.82,4769.52,1.0,traffic sign,False,False,6175.7,mtsd-p12
Cosmos Reason2 8B,traffic sign,grp10_IMG_1510.jpg,E:\2. UM-Student\MSC Dissertation\Urban-Vision-Benchmark\Datasets\MTSD\Prepared\MTSD-Unaugmented\MTSD-YOLO\test\images\grp10_IMG_1510.jpg,1748.12,903.74,2719.3,2679.49,1.0,traffic sign,False,False,2465.6,mtsd-p12
Cosmos Reason2 8B,traffic sign,grp10_IMG_1527.jpg,E:\2. UM-Student\MSC Dissertation\Urban-Vision-Benchmark\Datasets\MTSD\Prepared\MTSD-Unaugmented\MTSD-YOLO\test\images\grp10_IMG_1527.jpg,779.69,953.9,2394.76,2650.37,1.0,traffic sign,False,False,3970.6,mtsd-p12
Cosmos Reason2 8B,traffic sign,grp10_IMG_1527.jpg,E:\2. UM-Student\MSC Dissertation\Urban-Vision-Benchmark\Datasets\MTSD\Prepared\MTSD-Unaugmented\MTSD-YOLO\test\images\grp10_IMG_1527.jpg,1512.25,2581.82,2347.63,4780.94,1.0,traffic sign,False,False,3970.6,mtsd-p12
Cosmos Reason2 8B,traffic sign,grp10_IMG_1557.jpg,E:\2. UM-Student\MSC Dissertation\Urban-Vision-Benchmark\Datasets\MTSD\Prepared\MTSD-Unaugmented\MTSD-YOLO\test\images\grp10_IMG_1557.jpg,1353.74,2638.94,3067.34,4072.66,1.0,traffic sign,False,False,2468.7,mtsd-p12
Cosmos Reason2 8B,traffic sign,grp10_IMG_1564.jpg,E:\2. UM-Student\MSC Dissertation\Urban-Vision-Benchmark\Datasets\MTSD\Prepared\MTSD-Unaugmented\MTSD-YOLO\test\images\grp10_IMG_1564.jpg,1807.85,2044.9,2484.72,3347.23,1.0,traffic sign,False,False,3991.0,mtsd-p12
Cosmos Reason2 8B,traffic sign,grp10_IMG_1564.jpg,E:\2. UM-Student\MSC Dissertation\Urban-Vision-Benchmark\Datasets\MTSD\Prepared\MTSD-Unaugmented\MTSD-YOLO\test\images\grp10_IMG_1564.jpg,1623.64,3170.16,2814.59,4803.79,1.0,traffic sign,False,False,3991.0,mtsd-p12
Cosmos Reason2 8B,traffic sign,grp10_IMG_1575.jpg,E:\2. UM-Student\MSC Dissertation\Urban-Vision-Benchmark\Datasets\MTSD\Prepared\MTSD-Unaugmented\MTSD-YOLO\test\images\grp10_IMG_1575.jpg,468.82,688.6,1080.77,1254.4,1.0,traffic sign,False,False,3836.0,mtsd-p12
Cosmos Reason2 8B,traffic sign,grp10_IMG_1575.jpg,E:\2. UM-Student\MSC Dissertation\Urban-Vision-Benchmark\Datasets\MTSD\Prepared\MTSD-Unaugmented\MTSD-YOLO\test\images\grp10_IMG_1575.jpg,1011.67,1508.78,1064.32,1583.35,1.0,traffic sign,False,False,3836.0,mtsd-p12
Cosmos Reason2 8B,traffic sign,grp10_IMG_1593.jpg,E:\2. UM-Student\MSC Dissertation\Urban-Vision-Benchmark\Datasets\MTSD\Prepared\MTSD-Unaugmented\MTSD-YOLO\test\images\grp10_IMG_1593.jpg,454.1,1765.01,2583.25,4244.02,1.0,traffic sign,False,False,2471.3,mtsd-p12
Cosmos Reason2 8B,traffic sign,grp10_IMG_1597.jpg,E:\2. UM-Student\MSC Dissertation\Urban-Vision-Benchmark\Datasets\MTSD\Prepared\MTSD-Unaugmented\MTSD-YOLO\test\images\grp10_IMG_1597.jpg,1135.26,2290.51,3054.49,4226.88,1.0,traffic sign,False,False,2449.6,mtsd-p12
Cosmos Reason2 8B,traffic sign,grp10_IMG_1599.jpg,E:\2. UM-Student\MSC Dissertation\Urban-Vision-Benchmark\Datasets\MTSD\Prepared\MTSD-Unaugmented\MTSD-YOLO\test\images\grp10_IMG_1599.jpg,1392.3,2153.42,2784.6,3364.37,1.0,traffic sign,False,False,3189.1,mtsd-p12
Cosmos Reason2 8B,traffic sign,grp10_IMG_1606.jpg,E:\2. UM-Student\MSC Dissertation\Urban-Vision-Benchmark\Datasets\MTSD\Prepared\MTSD-Unaugmented\MTSD-YOLO\test\images\grp10_IMG_1606.jpg,1426.57,2421.89,2373.34,3964.13,1.0,traffic sign,False,False,2479.3,mtsd-p12
Cosmos Reason2 8B,traffic sign,grp10_IMG_1612.jpg,E:\2. UM-Student\MSC Dissertation\Urban-Vision-Benchmark\Datasets\MTSD\Prepared\MTSD-Unaugmented\MTSD-YOLO\test\images\grp10_IMG_1612.jpg,1375.16,1365.17,2964.53,2970.24,1.0,traffic sign,False,False,3990.2,mtsd-p12
Cosmos Reason2 8B,traffic sign,grp10_IMG_1612.jpg,E:\2. UM-Student\MSC Dissertation\Urban-Vision-Benchmark\Datasets\MTSD\Prepared\MTSD-Unaugmented\MTSD-YOLO\test\images\grp10_IMG_1612.jpg,1302.34,2947.39,2934.54,4695.26,1.0,traffic sign,False,False,3990.2,mtsd-p12
Cosmos Reason2 8B,traffic sign,grp10_IMG_1645.jpg,E:\2. UM-Student\MSC Dissertation\Urban-Vision-Benchmark\Datasets\MTSD\Prepared\MTSD-Unaugmented\MTSD-YOLO\test\images\grp10_IMG_1645.jpg,1032.44,2359.06,2741.76,4244.02,1.0,traffic sign,False,False,2447.4,mtsd-p12
Cosmos Reason2 8B,traffic sign,grp10_IMG_20251123_141219.jpg,E:\2. UM-Student\MSC Dissertation\Urban-Vision-Benchmark\Datasets\MTSD\Prepared\MTSD-Unaugmented\MTSD-YOLO\test\images\grp10_IMG_20251123_141219.jpg,863.2,1160.62,1114.88,1946.7,1.0,traffic sign,False,False,2150.8,mtsd-p12
Cosmos Reason2 8B,traffic sign,grp10_IMG_20251123_141844.jpg,E:\2. UM-Student\MSC Dissertation\Urban-Vision-Benchmark\Datasets\MTSD\Prepared\MTSD-Unaugmented\MTSD-YOLO\test\images\grp10_IMG_20251123_141844.jpg,418.08,1248.48,759.2,2182.53,1.0,traffic sign,False,False,3621.1,mtsd-p12
Cosmos Reason2 8B,traffic sign,grp10_IMG_20251123_141844.jpg,E:\2. UM-Student\MSC Dissertation\Urban-Vision-Benchmark\Datasets\MTSD\Prepared\MTSD-Unaugmented\MTSD-YOLO\test\images\grp10_IMG_20251123_141844.jpg,1035.84,1322.46,1291.68,2034.56,1.0,traffic sign,False,False,3621.1,mtsd-p12
Cosmos Reason2 8B,traffic sign,grp10_IMG_20251123_143317.jpg,E:\2. UM-Student\MSC Dissertation\Urban-Vision-Benchmark\Datasets\MTSD\Prepared\MTSD-Unaugmented\MTSD-YOLO\test\images\grp10_IMG_20251123_143317.jpg,488.8,864.69,1478.88,1886.59,1.0,traffic sign,False,False,2184.9,mtsd-p12
Cosmos Reason2 8B,traffic sign,grp10_IMG_20251123_150542.jpg,E:\2. UM-Student\MSC Dissertation\Urban-Vision-Benchmark\Datasets\MTSD\Prepared\MTSD-Unaugmented\MTSD-YOLO\test\images\grp10_IMG_20251123_150542.jpg,936.0,300.56,1302.08,1447.31,1.0,traffic sign,False,False,3573.2,mtsd-p12
Cosmos Reason2 8B,traffic sign,grp10_IMG_20251123_150542.jpg,E:\2. UM-Student\MSC Dissertation\Urban-Vision-Benchmark\Datasets\MTSD\Prepared\MTSD-Unaugmented\MTSD-YOLO\test\images\grp10_IMG_20251123_150542.jpg,936.0,1169.87,1468.48,2312.0,1.0,traffic sign,False,False,3573.2,mtsd-p12
Cosmos Reason2 8B,traffic sign,grp10_IMG_20251123_164433.jpg,E:\2. UM-Student\MSC Dissertation\Urban-Vision-Benchmark\Datasets\MTSD\Prepared\MTSD-Unaugmented\MTSD-YOLO\test\images\grp10_IMG_20251123_164433.jpg,594.88,1752.5,1314.56,2954.74,1.0,traffic sign,False,False,2753.7,mtsd-p12
Cosmos Reason2 8B,traffic sign,grp10_IMG_20251123_164446.jpg,E:\2. UM-Student\MSC Dissertation\Urban-Vision-Benchmark\Datasets\MTSD\Prepared\MTSD-Unaugmented\MTSD-YOLO\test\images\grp10_IMG_20251123_164446.jpg,386.88,1863.47,1743.04,3227.55,1.0,traffic sign,False,False,2138.6,mtsd-p12
Cosmos Reason2 8B,traffic sign,grp10_IMG_20251123_165832.jpg,E:\2. UM-Student\MSC Dissertation\Urban-Vision-Benchmark\Datasets\MTSD\Prepared\MTSD-Unaugmented\MTSD-YOLO\test\images\grp10_IMG_20251123_165832.jpg,634.4,1840.35,1212.64,2880.75,1.0,traffic sign,False,False,2166.5,mtsd-p12
Cosmos Reason2 8B,traffic sign,grp10_IMG_20251125_112108.jpg,E:\2. UM-Student\MSC Dissertation\Urban-Vision-Benchmark\Datasets\MTSD\Prepared\MTSD-Unaugmented\MTSD-YOLO\test\images\grp10_IMG_20251125_112108.jpg,1020.77,536.38,2291.52,1683.14,1.0,traffic sign,False,False,2425.7,mtsd-p12
Cosmos Reason2 8B,traffic sign,grp10_IMG_20251125_113833.jpg,E:\2. UM-Student\MSC Dissertation\Urban-Vision-Benchmark\Datasets\MTSD\Prepared\MTSD-Unaugmented\MTSD-YOLO\test\images\grp10_IMG_20251125_113833.jpg,1367.97,582.62,2652.61,1826.48,1.0,traffic sign,False,False,5473.0,mtsd-p12
Cosmos Reason2 8B,traffic sign,grp10_IMG_20251125_113833.jpg,E:\2. UM-Student\MSC Dissertation\Urban-Vision-Benchmark\Datasets\MTSD\Prepared\MTSD-Unaugmented\MTSD-YOLO\test\images\grp10_IMG_20251125_113833.jpg,927.02,1673.89,1114.51,2057.68,1.0,traffic sign,False,False,5473.0,mtsd-p12
Cosmos Reason2 8B,traffic sign,grp10_IMG_20251125_113833.jpg,E:\2. UM-Student\MSC Dissertation\Urban-Vision-Benchmark\Datasets\MTSD\Prepared\MTSD-Unaugmented\MTSD-YOLO\test\images\grp10_IMG_20251125_113833.jpg,909.66,2029.94,1131.87,2298.13,1.0,traffic sign,False,False,5473.0,mtsd-p12
Cosmos Reason2 8B,traffic sign,grp10_IMG_20251125_113844.jpg,E:\2. UM-Student\MSC Dissertation\Urban-Vision-Benchmark\Datasets\MTSD\Prepared\MTSD-Unaugmented\MTSD-YOLO\test\images\grp10_IMG_20251125_113844.jpg,868.0,906.3,2152.64,2224.14,1.0,traffic sign,False,False,2424.1,mtsd-p12
Cosmos Reason2 8B,traffic sign,grp10_IMG_20251125_114450.jpg,E:\2. UM-Student\MSC Dissertation\Urban-Vision-Benchmark\Datasets\MTSD\Prepared\MTSD-Unaugmented\MTSD-YOLO\test\images\grp10_IMG_20251125_114450.jpg,1770.72,499.39,2683.86,1942.08,1.0,traffic sign,False,False,2439.9,mtsd-p12
Cosmos Reason2 8B,traffic sign,grp10_IMG_20251125_120326.jpg,E:\2. UM-Student\MSC Dissertation\Urban-Vision-Benchmark\Datasets\MTSD\Prepared\MTSD-Unaugmented\MTSD-YOLO\test\images\grp10_IMG_20251125_120326.jpg,2902.59,0.0,3468.53,952.54,1.0,traffic sign,False,False,2340.5,mtsd-p12
Cosmos Reason2 8B,traffic sign,grp10_IMG_20251125_121131.jpg,E:\2. UM-Student\MSC Dissertation\Urban-Vision-Benchmark\Datasets\MTSD\Prepared\MTSD-Unaugmented\MTSD-YOLO\test\images\grp10_IMG_20251125_121131.jpg,0.0,1951.33,515.84,3773.18,1.0,traffic sign,False,False,2644.3,mtsd-p12
Cosmos Reason2 8B,traffic sign,grp10_IMG_20251125_121142.jpg,E:\2. UM-Student\MSC Dissertation\Urban-Vision-Benchmark\Datasets\MTSD\Prepared\MTSD-Unaugmented\MTSD-YOLO\test\images\grp10_IMG_20251125_121142.jpg,41.6,3671.46,309.92,4004.38,1.0,traffic sign,False,False,2090.6,mtsd-p12
Cosmos Reason2 8B,traffic sign,grp10_IMG_20251125_121556.jpg,E:\2. UM-Student\MSC Dissertation\Urban-Vision-Benchmark\Datasets\MTSD\Prepared\MTSD-Unaugmented\MTSD-YOLO\test\images\grp10_IMG_20251125_121556.jpg,359.84,1646.14,1626.56,2834.51,1.0,traffic sign,False,False,2246.1,mtsd-p12
Cosmos Reason2 8B,traffic sign,grp10_IMG_20251125_121957.jpg,E:\2. UM-Student\MSC Dissertation\Urban-Vision-Benchmark\Datasets\MTSD\Prepared\MTSD-Unaugmented\MTSD-YOLO\test\images\grp10_IMG_20251125_121957.jpg,1791.55,619.62,2430.4,2145.54,1.0,traffic sign,False,False,3900.4,mtsd-p12
Cosmos Reason2 8B,traffic sign,grp10_IMG_20251125_121957.jpg,E:\2. UM-Student\MSC Dissertation\Urban-Vision-Benchmark\Datasets\MTSD\Prepared\MTSD-Unaugmented\MTSD-YOLO\test\images\grp10_IMG_20251125_121957.jpg,1701.28,2594.06,1819.33,2806.77,1.0,traffic sign,False,False,3900.4,mtsd-p12
Cosmos Reason2 8B,traffic sign,grp10_IMG_20251125_122125.jpg,E:\2. UM-Student\MSC Dissertation\Urban-Vision-Benchmark\Datasets\MTSD\Prepared\MTSD-Unaugmented\MTSD-YOLO\test\images\grp10_IMG_20251125_122125.jpg,676.0,1757.12,1397.76,3190.56,1.0,traffic sign,False,False,2163.1,mtsd-p12
Cosmos Reason2 8B,traffic sign,grp10_IMG_20251125_122225.jpg,E:\2. UM-Student\MSC Dissertation\Urban-Vision-Benchmark\Datasets\MTSD\Prepared\MTSD-Unaugmented\MTSD-YOLO\test\images\grp10_IMG_20251125_122225.jpg,795.09,508.64,2919.95,2330.5,1.0,traffic sign,False,False,3933.0,mtsd-p12
Cosmos Reason2 8B,traffic sign,grp10_IMG_20251125_122225.jpg,E:\2. UM-Student\MSC Dissertation\Urban-Vision-Benchmark\Datasets\MTSD\Prepared\MTSD-Unaugmented\MTSD-YOLO\test\images\grp10_IMG_20251125_122225.jpg,3222.02,2395.23,3399.09,2658.8,1.0,traffic sign,False,False,3933.0,mtsd-p12
Cosmos Reason2 8B,traffic sign,grp10_IMG_20251125_122515.jpg,E:\2. UM-Student\MSC Dissertation\Urban-Vision-Benchmark\Datasets\MTSD\Prepared\MTSD-Unaugmented\MTSD-YOLO\test\images\grp10_IMG_20251125_122515.jpg,881.92,1572.16,1622.4,2885.38,1.0,traffic sign,False,False,5170.0,mtsd-p12
Cosmos Reason2 8B,traffic sign,grp10_IMG_20251125_122515.jpg,E:\2. UM-Student\MSC Dissertation\Urban-Vision-Benchmark\Datasets\MTSD\Prepared\MTSD-Unaugmented\MTSD-YOLO\test\images\grp10_IMG_20251125_122515.jpg,1354.08,4221.71,1437.28,4406.67,1.0,traffic sign,False,False,5170.0,mtsd-p12
Cosmos Reason2 8B,traffic sign,grp10_IMG_20251125_122515.jpg,E:\2. UM-Student\MSC Dissertation\Urban-Vision-Benchmark\Datasets\MTSD\Prepared\MTSD-Unaugmented\MTSD-YOLO\test\images\grp10_IMG_20251125_122515.jpg,578.24,4286.45,638.56,4425.17,1.0,traffic sign,False,False,5170.0,mtsd-p12
Cosmos Reason2 8B,traffic sign,grp10_IMG_20251125_122819+1.jpg,E:\2. UM-Student\MSC Dissertation\Urban-Vision-Benchmark\Datasets\MTSD\Prepared\MTSD-Unaugmented\MTSD-YOLO\test\images\grp10_IMG_20251125_122819+1.jpg,1277.7,1003.41,1781.14,2450.72,1.0,traffic sign,False,False,3977.6,mtsd-p12
Cosmos Reason2 8B,traffic sign,grp10_IMG_20251125_122819+1.jpg,E:\2. UM-Student\MSC Dissertation\Urban-Vision-Benchmark\Datasets\MTSD\Prepared\MTSD-Unaugmented\MTSD-YOLO\test\images\grp10_IMG_20251125_122819+1.jpg,694.4,2288.88,2225.55,4351.18,1.0,traffic sign,False,False,3977.6,mtsd-p12
Cosmos Reason2 8B,traffic sign,grp10_IMG_20251125_122826.jpg,E:\2. UM-Student\MSC Dissertation\Urban-Vision-Benchmark\Datasets\MTSD\Prepared\MTSD-Unaugmented\MTSD-YOLO\test\images\grp10_IMG_20251125_122826.jpg,295.12,2353.62,2128.34,4577.76,1.0,traffic sign,False,False,2967.2,mtsd-p12
Cosmos Reason2 8B,traffic sign,grp10_IMG_20251125_123112.jpg,E:\2. UM-Student\MSC Dissertation\Urban-Vision-Benchmark\Datasets\MTSD\Prepared\MTSD-Unaugmented\MTSD-YOLO\test\images\grp10_IMG_20251125_123112.jpg,241.28,1512.05,1545.44,2751.28,1.0,traffic sign,False,False,2138.1,mtsd-p12
Cosmos Reason2 8B,traffic sign,grp10_IMG_20251125_123425.jpg,E:\2. UM-Student\MSC Dissertation\Urban-Vision-Benchmark\Datasets\MTSD\Prepared\MTSD-Unaugmented\MTSD-YOLO\test\images\grp10_IMG_20251125_123425.jpg,,,,,,<no detections>,False,False,649.0,mtsd-p12
Cosmos Reason2 8B,traffic sign,grp10_IMG_20251125_124400.jpg,E:\2. UM-Student\MSC Dissertation\Urban-Vision-Benchmark\Datasets\MTSD\Prepared\MTSD-Unaugmented\MTSD-YOLO\test\images\grp10_IMG_20251125_124400.jpg,557.44,1558.29,1516.32,3306.16,1.0,traffic sign,False,False,2165.8,mtsd-p12
Cosmos Reason2 8B,traffic sign,grp10_IMG_20251125_153252.jpg,E:\2. UM-Student\MSC Dissertation\Urban-Vision-Benchmark\Datasets\MTSD\Prepared\MTSD-Unaugmented\MTSD-YOLO\test\images\grp10_IMG_20251125_153252.jpg,1281.17,786.08,2170.0,1646.14,1.0,traffic sign,False,False,2475.0,mtsd-p12
Cosmos Reason2 8B,traffic sign,grp10_IMG_20251125_153559.jpg,E:\2. UM-Student\MSC Dissertation\Urban-Vision-Benchmark\Datasets\MTSD\Prepared\MTSD-Unaugmented\MTSD-YOLO\test\images\grp10_IMG_20251125_153559.jpg,1617.95,712.1,1940.85,1895.84,1.0,traffic sign,False,False,2416.6,mtsd-p12
Cosmos Reason2 8B,traffic sign,grp10_IMG_20251126_123510.jpg,E:\2. UM-Student\MSC Dissertation\Urban-Vision-Benchmark\Datasets\MTSD\Prepared\MTSD-Unaugmented\MTSD-YOLO\test\images\grp10_IMG_20251126_123510.jpg,717.6,2108.54,1404.0,2723.54,1.0,traffic sign,False,False,2161.1,mtsd-p12
Cosmos Reason2 8B,traffic sign,grp10_IMG_20251126_123524.jpg,E:\2. UM-Student\MSC Dissertation\Urban-Vision-Benchmark\Datasets\MTSD\Prepared\MTSD-Unaugmented\MTSD-YOLO\test\images\grp10_IMG_20251126_123524.jpg,659.36,2076.18,1499.68,2742.03,1.0,traffic sign,False,False,3591.6,mtsd-p12
Cosmos Reason2 8B,traffic sign,grp10_IMG_20251126_123524.jpg,E:\2. UM-Student\MSC Dissertation\Urban-Vision-Benchmark\Datasets\MTSD\Prepared\MTSD-Unaugmented\MTSD-YOLO\test\images\grp10_IMG_20251126_123524.jpg,1859.52,3643.71,2077.92,4286.45,1.0,traffic sign,False,False,3591.6,mtsd-p12
Cosmos Reason2 8B,traffic sign,grp10_IMG_20251126_123910.jpg,E:\2. UM-Student\MSC Dissertation\Urban-Vision-Benchmark\Datasets\MTSD\Prepared\MTSD-Unaugmented\MTSD-YOLO\test\images\grp10_IMG_20251126_123910.jpg,634.4,1262.35,1524.64,2053.06,1.0,traffic sign,False,False,4421.0,mtsd-p12
Cosmos Reason2 8B,traffic sign,grp10_IMG_20251126_123910.jpg,E:\2. UM-Student\MSC Dissertation\Urban-Vision-Benchmark\Datasets\MTSD\Prepared\MTSD-Unaugmented\MTSD-YOLO\test\images\grp10_IMG_20251126_123910.jpg,594.88,2048.43,1574.56,3005.6,1.0,traffic sign,False,False,4421.0,mtsd-p12
Cosmos Reason2 8B,traffic sign,grp10_IMG_20260106_160010_253.jpg,E:\2. UM-Student\MSC Dissertation\Urban-Vision-Benchmark\Datasets\MTSD\Prepared\MTSD-Unaugmented\MTSD-YOLO\test\images\grp10_IMG_20260106_160010_253.jpg,998.4,742.56,2076.67,2023.68,1.0,traffic sign,False,False,2441.3,mtsd-p12
Cosmos Reason2 8B,traffic sign,grp10_IMG_20260106_160549_637.jpg,E:\2. UM-Student\MSC Dissertation\Urban-Vision-Benchmark\Datasets\MTSD\Prepared\MTSD-Unaugmented\MTSD-YOLO\test\images\grp10_IMG_20260106_160549_637.jpg,1022.98,950.64,2227.2,2056.32,1.0,traffic sign,False,False,2417.4,mtsd-p12
Cosmos Reason2 8B,traffic sign,grp10_IMG_20260106_160608_331.jpg,E:\2. UM-Student\MSC Dissertation\Urban-Vision-Benchmark\Datasets\MTSD\Prepared\MTSD-Unaugmented\MTSD-YOLO\test\images\grp10_IMG_20260106_160608_331.jpg,983.04,938.4,2347.01,2288.88,1.0,traffic sign,False,False,2455.4,mtsd-p12
Cosmos Reason2 8B,traffic sign,grp10_IMG_20260106_161746_914.jpg,E:\2. UM-Student\MSC Dissertation\Urban-Vision-Benchmark\Datasets\MTSD\Prepared\MTSD-Unaugmented\MTSD-YOLO\test\images\grp10_IMG_20260106_161746_914.jpg,992.26,538.56,2562.05,2125.68,1.0,traffic sign,False,False,2431.9,mtsd-p12
Cosmos Reason2 8B,traffic sign,grp10_IMG_20260106_162304_258.jpg,E:\2. UM-Student\MSC Dissertation\Urban-Vision-Benchmark\Datasets\MTSD\Prepared\MTSD-Unaugmented\MTSD-YOLO\test\images\grp10_IMG_20260106_162304_258.jpg,1085.28,556.03,2399.04,2402.3,1.0,traffic sign,False,False,2406.7,mtsd-p12
Cosmos Reason2 8B,traffic sign,grp10_IMG_20260110_171243_436.jpg,E:\2. UM-Student\MSC Dissertation\Urban-Vision-Benchmark\Datasets\MTSD\Prepared\MTSD-Unaugmented\MTSD-YOLO\test\images\grp10_IMG_20260110_171243_436.jpg,967.68,1040.4,1944.58,1978.8,1.0,traffic sign,False,False,2453.4,mtsd-p12
Cosmos Reason2 8B,traffic sign,grp10_IMG_20260110_172451_501.jpg,E:\2. UM-Student\MSC Dissertation\Urban-Vision-Benchmark\Datasets\MTSD\Prepared\MTSD-Unaugmented\MTSD-YOLO\test\images\grp10_IMG_20260110_172451_501.jpg,2235.84,1198.08,2937.6,2214.91,1.0,traffic sign,False,False,2433.3,mtsd-p12
Cosmos Reason2 8B,traffic sign,grp10_IMG_20260110_172745_673.jpg,E:\2. UM-Student\MSC Dissertation\Urban-Vision-Benchmark\Datasets\MTSD\Prepared\MTSD-Unaugmented\MTSD-YOLO\test\images\grp10_IMG_20260110_172745_673.jpg,1287.17,1660.56,2537.47,3451.68,1.0,traffic sign,False,False,2972.0,mtsd-p12
Cosmos Reason2 8B,traffic sign,grp10_IMG_20260110_173056_747.jpg,E:\2. UM-Student\MSC Dissertation\Urban-Vision-Benchmark\Datasets\MTSD\Prepared\MTSD-Unaugmented\MTSD-YOLO\test\images\grp10_IMG_20260110_173056_747.jpg,1007.76,841.73,2390.88,1609.73,1.0,traffic sign,False,False,2405.4,mtsd-p12
Cosmos Reason2 8B,traffic sign,grp10_IMG_20260110_173308_202.jpg,E:\2. UM-Student\MSC Dissertation\Urban-Vision-Benchmark\Datasets\MTSD\Prepared\MTSD-Unaugmented\MTSD-YOLO\test\images\grp10_IMG_20260110_173308_202.jpg,3712.8,783.36,4075.92,1259.52,1.0,traffic sign,False,False,2402.3,mtsd-p12
Cosmos Reason2 8B,traffic sign,grp10_IMG_20260113_083600_409.jpg,E:\2. UM-Student\MSC Dissertation\Urban-Vision-Benchmark\Datasets\MTSD\Prepared\MTSD-Unaugmented\MTSD-YOLO\test\images\grp10_IMG_20260113_083600_409.jpg,738.48,832.51,2260.32,2626.56,1.0,traffic sign,False,False,2413.8,mtsd-p12
Cosmos Reason2 8B,traffic sign,grp10_IMG_20260113_083728_516.jpg,E:\2. UM-Student\MSC Dissertation\Urban-Vision-Benchmark\Datasets\MTSD\Prepared\MTSD-Unaugmented\MTSD-YOLO\test\images\grp10_IMG_20260113_083728_516.jpg,697.68,614.4,2476.56,2657.28,1.0,traffic sign,False,False,2379.7,mtsd-p12
Cosmos Reason2 8B,traffic sign,grp10_IMG_20260113_083759_046.jpg,E:\2. UM-Student\MSC Dissertation\Urban-Vision-Benchmark\Datasets\MTSD\Prepared\MTSD-Unaugmented\MTSD-YOLO\test\images\grp10_IMG_20260113_083759_046.jpg,1456.56,1019.9,2390.88,2107.39,1.0,traffic sign,False,False,2417.3,mtsd-p12
Cosmos Reason2 8B,traffic sign,grp10_IMG_20260113_083821_567.jpg,E:\2. UM-Student\MSC Dissertation\Urban-Vision-Benchmark\Datasets\MTSD\Prepared\MTSD-Unaugmented\MTSD-YOLO\test\images\grp10_IMG_20260113_083821_567.jpg,3402.72,592.9,3602.64,737.28,1.0,traffic sign,False,False,3869.5,mtsd-p12
Cosmos Reason2 8B,traffic sign,grp10_IMG_20260113_083821_567.jpg,E:\2. UM-Student\MSC Dissertation\Urban-Vision-Benchmark\Datasets\MTSD\Prepared\MTSD-Unaugmented\MTSD-YOLO\test\images\grp10_IMG_20260113_083821_567.jpg,1032.24,943.1,2986.56,2377.73,1.0,traffic sign,False,False,3869.5,mtsd-p12
Cosmos Reason2 8B,traffic sign,grp10_IMG_20260113_084856_622.jpg,E:\2. UM-Student\MSC Dissertation\Urban-Vision-Benchmark\Datasets\MTSD\Prepared\MTSD-Unaugmented\MTSD-YOLO\test\images\grp10_IMG_20260113_084856_622.jpg,1831.92,878.59,2598.96,2049.02,1.0,traffic sign,False,False,2403.2,mtsd-p12
Cosmos Reason2 8B,traffic sign,grp10_IMG_20260113_084947_261.jpg,E:\2. UM-Student\MSC Dissertation\Urban-Vision-Benchmark\Datasets\MTSD\Prepared\MTSD-Unaugmented\MTSD-YOLO\test\images\grp10_IMG_20260113_084947_261.jpg,1448.4,866.3,2374.56,1966.08,1.0,traffic sign,False,False,2987.1,mtsd-p12
Cosmos Reason2 8B,traffic sign,grp10_IMG_20260113_085011_841.jpg,E:\2. UM-Student\MSC Dissertation\Urban-Vision-Benchmark\Datasets\MTSD\Prepared\MTSD-Unaugmented\MTSD-YOLO\test\images\grp10_IMG_20260113_085011_841.jpg,918.0,359.42,2868.24,2500.61,1.0,traffic sign,False,False,2410.0,mtsd-p12
Cosmos Reason2 8B,traffic sign,grp10_IMG_20260113_085024_440.jpg,E:\2. UM-Student\MSC Dissertation\Urban-Vision-Benchmark\Datasets\MTSD\Prepared\MTSD-Unaugmented\MTSD-YOLO\test\images\grp10_IMG_20260113_085024_440.jpg,1309.68,875.52,2268.48,2027.52,1.0,traffic sign,False,False,3814.0,mtsd-p12
Cosmos Reason2 8B,traffic sign,grp10_IMG_20260113_085024_440.jpg,E:\2. UM-Student\MSC Dissertation\Urban-Vision-Benchmark\Datasets\MTSD\Prepared\MTSD-Unaugmented\MTSD-YOLO\test\images\grp10_IMG_20260113_085024_440.jpg,2276.64,814.08,3357.84,1895.42,1.0,traffic sign,False,False,3814.0,mtsd-p12
Cosmos Reason2 8B,traffic sign,grp10_IMG_8791.jpeg,E:\2. UM-Student\MSC Dissertation\Urban-Vision-Benchmark\Datasets\MTSD\Prepared\MTSD-Unaugmented\MTSD-YOLO\test\images\grp10_IMG_8791.jpeg,601.78,415.3,2292.19,2044.22,1.0,traffic sign,False,False,3841.5,mtsd-p12
Cosmos Reason2 8B,traffic sign,grp10_IMG_8791.jpeg,E:\2. UM-Student\MSC Dissertation\Urban-Vision-Benchmark\Datasets\MTSD\Prepared\MTSD-Unaugmented\MTSD-YOLO\test\images\grp10_IMG_8791.jpeg,517.1,2052.29,2373.84,3967.49,1.0,traffic sign,False,False,3841.5,mtsd-p12
Cosmos Reason2 8B,traffic sign,grp10_IMG_8810.jpeg,E:\2. UM-Student\MSC Dissertation\Urban-Vision-Benchmark\Datasets\MTSD\Prepared\MTSD-Unaugmented\MTSD-YOLO\test\images\grp10_IMG_8810.jpeg,1342.66,704.59,2733.7,2098.66,1.0,traffic sign,False,False,2410.8,mtsd-p12
Cosmos Reason2 8B,traffic sign,grp10_wall_stop.jpeg,E:\2. UM-Student\MSC Dissertation\Urban-Vision-Benchmark\Datasets\MTSD\Prepared\MTSD-Unaugmented\MTSD-YOLO\test\images\grp10_wall_stop.jpeg,849.74,564.48,2068.42,1741.82,1.0,traffic sign,False,False,3866.6,mtsd-p12
Cosmos Reason2 8B,traffic sign,grp10_wall_stop.jpeg,E:\2. UM-Student\MSC Dissertation\Urban-Vision-Benchmark\Datasets\MTSD\Prepared\MTSD-Unaugmented\MTSD-YOLO\test\images\grp10_wall_stop.jpeg,692.5,1737.79,2134.94,3846.53,1.0,traffic sign,False,False,3866.6,mtsd-p12
Cosmos Reason2 8B,traffic sign,grp10_WhatsApp Image 2025-11-16 at 17.52.23 (3).jpeg,E:\2. UM-Student\MSC Dissertation\Urban-Vision-Benchmark\Datasets\MTSD\Prepared\MTSD-Unaugmented\MTSD-YOLO\test\images\grp10_WhatsApp Image 2025-11-16 at 17.52.23 (3).jpeg,156.06,726.24,1288.26,1762.56,1.0,traffic sign,False,False,2355.5,mtsd-p12
Cosmos Reason2 8B,traffic sign,grp10_WhatsApp Image 2025-11-16 at 17.52.25 (1).jpeg,E:\2. UM-Student\MSC Dissertation\Urban-Vision-Benchmark\Datasets\MTSD\Prepared\MTSD-Unaugmented\MTSD-YOLO\test\images\grp10_WhatsApp Image 2025-11-16 at 17.52.25 (1).jpeg,113.22,1152.6,624.24,1691.16,1.0,traffic sign,False,False,2284.2,mtsd-p12
Cosmos Reason2 8B,traffic sign,grp10_WhatsApp Image 2025-11-16 at 17.52.27.jpeg,E:\2. UM-Student\MSC Dissertation\Urban-Vision-Benchmark\Datasets\MTSD\Prepared\MTSD-Unaugmented\MTSD-YOLO\test\images\grp10_WhatsApp Image 2025-11-16 at 17.52.27.jpeg,120.87,716.04,947.07,1464.72,1.0,traffic sign,False,False,2946.8,mtsd-p12
Cosmos Reason2 8B,traffic sign,grp10_WhatsApp Image 2025-11-16 at 17.52.28 (3).jpeg,E:\2. UM-Student\MSC Dissertation\Urban-Vision-Benchmark\Datasets\MTSD\Prepared\MTSD-Unaugmented\MTSD-YOLO\test\images\grp10_WhatsApp Image 2025-11-16 at 17.52.28 (3).jpeg,341.19,589.56,968.49,1195.44,1.0,traffic sign,False,False,2327.0,mtsd-p12
Cosmos Reason2 8B,traffic sign,grp10_WhatsApp Image 2025-11-16 at 17.52.29.jpeg,E:\2. UM-Student\MSC Dissertation\Urban-Vision-Benchmark\Datasets\MTSD\Prepared\MTSD-Unaugmented\MTSD-YOLO\test\images\grp10_WhatsApp Image 2025-11-16 at 17.52.29.jpeg,377.91,632.4,1087.83,1319.88,1.0,traffic sign,False,False,2315.4,mtsd-p12
Cosmos Reason2 8B,traffic sign,grp10_WhatsApp Image 2025-11-17 at 12.38.32 (2).jpeg,E:\2. UM-Student\MSC Dissertation\Urban-Vision-Benchmark\Datasets\MTSD\Prepared\MTSD-Unaugmented\MTSD-YOLO\test\images\grp10_WhatsApp Image 2025-11-17 at 12.38.32 (2).jpeg,296.82,626.28,1072.53,1272.96,1.0,traffic sign,False,False,2322.9,mtsd-p12
Cosmos Reason2 8B,traffic sign,grp10_WhatsApp Image 2025-11-17 at 12.38.34.jpeg,E:\2. UM-Student\MSC Dissertation\Urban-Vision-Benchmark\Datasets\MTSD\Prepared\MTSD-Unaugmented\MTSD-YOLO\test\images\grp10_WhatsApp Image 2025-11-17 at 12.38.34.jpeg,252.45,636.48,1277.55,1566.72,1.0,traffic sign,False,False,2314.9,mtsd-p12
Cosmos Reason2 8B,traffic sign,grp10_WhatsApp Image 2025-11-17 at 12.38.37 (2).jpeg,E:\2. UM-Student\MSC Dissertation\Urban-Vision-Benchmark\Datasets\MTSD\Prepared\MTSD-Unaugmented\MTSD-YOLO\test\images\grp10_WhatsApp Image 2025-11-17 at 12.38.37 (2).jpeg,1164.33,1811.52,1311.21,2037.96,1.0,traffic sign,False,False,2315.8,mtsd-p12
Cosmos Reason2 8B,traffic sign,grp10_WhatsApp Image 2025-11-17 at 15.01.27 - Edited.jpg,E:\2. UM-Student\MSC Dissertation\Urban-Vision-Benchmark\Datasets\MTSD\Prepared\MTSD-Unaugmented\MTSD-YOLO\test\images\grp10_WhatsApp Image 2025-11-17 at 15.01.27 - Edited.jpg,543.15,459.0,1196.46,997.56,1.0,traffic sign,False,False,5246.1,mtsd-p12
Cosmos Reason2 8B,traffic sign,grp10_WhatsApp Image 2025-11-17 at 15.01.27 - Edited.jpg,E:\2. UM-Student\MSC Dissertation\Urban-Vision-Benchmark\Datasets\MTSD\Prepared\MTSD-Unaugmented\MTSD-YOLO\test\images\grp10_WhatsApp Image 2025-11-17 at 15.01.27 - Edited.jpg,558.45,993.48,1167.39,1595.28,1.0,traffic sign,False,False,5246.1,mtsd-p12
Cosmos Reason2 8B,traffic sign,grp10_WhatsApp Image 2025-11-17 at 15.01.27 - Edited.jpg,E:\2. UM-Student\MSC Dissertation\Urban-Vision-Benchmark\Datasets\MTSD\Prepared\MTSD-Unaugmented\MTSD-YOLO\test\images\grp10_WhatsApp Image 2025-11-17 at 15.01.27 - Edited.jpg,237.15,1583.04,266.22,1619.76,1.0,traffic sign,False,False,5246.1,mtsd-p12
Cosmos Reason2 8B,traffic sign,grp10_WhatsApp Image 2025-11-17 at 15.01.44.jpeg,E:\2. UM-Student\MSC Dissertation\Urban-Vision-Benchmark\Datasets\MTSD\Prepared\MTSD-Unaugmented\MTSD-YOLO\test\images\grp10_WhatsApp Image 2025-11-17 at 15.01.44.jpeg,784.89,540.6,876.69,1474.92,1.0,traffic sign,False,False,2334.9,mtsd-p12
Cosmos Reason2 8B,traffic sign,grp10_WhatsApp Image 2025-11-17 at 15.01.45 (3).jpeg,E:\2. UM-Student\MSC Dissertation\Urban-Vision-Benchmark\Datasets\MTSD\Prepared\MTSD-Unaugmented\MTSD-YOLO\test\images\grp10_WhatsApp Image 2025-11-17 at 15.01.45 (3).jpeg,229.5,526.32,1233.18,1538.16,1.0,traffic sign,False,False,2899.6,mtsd-p12
Cosmos Reason2 8B,traffic sign,grp10_WhatsApp Image 2025-11-17 at 15.01.50 (1).jpeg,E:\2. UM-Student\MSC Dissertation\Urban-Vision-Benchmark\Datasets\MTSD\Prepared\MTSD-Unaugmented\MTSD-YOLO\test\images\grp10_WhatsApp Image 2025-11-17 at 15.01.50 (1).jpeg,852.21,467.16,971.55,1746.24,1.0,traffic sign,False,False,2326.4,mtsd-p12
Cosmos Reason2 8B,traffic sign,grp10_WhatsApp Image 2025-11-17 at 15.01.54.jpeg,E:\2. UM-Student\MSC Dissertation\Urban-Vision-Benchmark\Datasets\MTSD\Prepared\MTSD-Unaugmented\MTSD-YOLO\test\images\grp10_WhatsApp Image 2025-11-17 at 15.01.54.jpeg,263.16,197.88,1314.27,1201.56,1.0,traffic sign,False,False,3735.7,mtsd-p12
Cosmos Reason2 8B,traffic sign,grp10_WhatsApp Image 2025-11-17 at 15.01.54.jpeg,E:\2. UM-Student\MSC Dissertation\Urban-Vision-Benchmark\Datasets\MTSD\Prepared\MTSD-Unaugmented\MTSD-YOLO\test\images\grp10_WhatsApp Image 2025-11-17 at 15.01.54.jpeg,648.72,1189.32,980.73,1954.32,1.0,traffic sign,False,False,3735.7,mtsd-p12
Cosmos Reason2 8B,traffic sign,grp10_WhatsApp Image 2025-11-17 at 15.01.56 (1).jpeg,E:\2. UM-Student\MSC Dissertation\Urban-Vision-Benchmark\Datasets\MTSD\Prepared\MTSD-Unaugmented\MTSD-YOLO\test\images\grp10_WhatsApp Image 2025-11-17 at 15.01.56 (1).jpeg,501.84,658.92,1320.39,1379.04,1.0,traffic sign,False,False,2342.7,mtsd-p12
Cosmos Reason2 8B,traffic sign,grp10_WhatsApp Image 2025-11-17 at 15.02.00.jpeg,E:\2. UM-Student\MSC Dissertation\Urban-Vision-Benchmark\Datasets\MTSD\Prepared\MTSD-Unaugmented\MTSD-YOLO\test\images\grp10_WhatsApp Image 2025-11-17 at 15.02.00.jpeg,425.34,797.64,1210.23,1495.32,1.0,traffic sign,False,False,2318.2,mtsd-p12
Cosmos Reason2 8B,traffic sign,grp10_WhatsApp Image 2025-11-20 at 16.03.01 (1).jpeg,E:\2. UM-Student\MSC Dissertation\Urban-Vision-Benchmark\Datasets\MTSD\Prepared\MTSD-Unaugmented\MTSD-YOLO\test\images\grp10_WhatsApp Image 2025-11-20 at 16.03.01 (1).jpeg,625.77,671.16,1083.24,1115.88,1.0,traffic sign,False,False,3775.7,mtsd-p12
Cosmos Reason2 8B,traffic sign,grp10_WhatsApp Image 2025-11-20 at 16.03.01 (1).jpeg,E:\2. UM-Student\MSC Dissertation\Urban-Vision-Benchmark\Datasets\MTSD\Prepared\MTSD-Unaugmented\MTSD-YOLO\test\images\grp10_WhatsApp Image 2025-11-20 at 16.03.01 (1).jpeg,671.67,1115.88,1025.1,1517.76,1.0,traffic sign,False,False,3775.7,mtsd-p12
Cosmos Reason2 8B,traffic sign,grp11_00ffbbb0-IMG_20251125_195040.jpg,E:\2. UM-Student\MSC Dissertation\Urban-Vision-Benchmark\Datasets\MTSD\Prepared\MTSD-Unaugmented\MTSD-YOLO\test\images\grp11_00ffbbb0-IMG_20251125_195040.jpg,987.0,828.0,1920.0,1780.0,1.0,traffic sign,False,False,9655.6,mtsd-p12
Cosmos Reason2 8B,traffic sign,grp11_00ffbbb0-IMG_20251125_195040.jpg,E:\2. UM-Student\MSC Dissertation\Urban-Vision-Benchmark\Datasets\MTSD\Prepared\MTSD-Unaugmented\MTSD-YOLO\test\images\grp11_00ffbbb0-IMG_20251125_195040.jpg,1095.0,1796.0,1161.0,1912.0,1.0,traffic sign,False,False,9655.6,mtsd-p12
Cosmos Reason2 8B,traffic sign,grp11_00ffbbb0-IMG_20251125_195040.jpg,E:\2. UM-Student\MSC Dissertation\Urban-Vision-Benchmark\Datasets\MTSD\Prepared\MTSD-Unaugmented\MTSD-YOLO\test\images\grp11_00ffbbb0-IMG_20251125_195040.jpg,1188.0,1828.0,1239.0,1904.0,1.0,traffic sign,False,False,9655.6,mtsd-p12
Cosmos Reason2 8B,traffic sign,grp11_00ffbbb0-IMG_20251125_195040.jpg,E:\2. UM-Student\MSC Dissertation\Urban-Vision-Benchmark\Datasets\MTSD\Prepared\MTSD-Unaugmented\MTSD-YOLO\test\images\grp11_00ffbbb0-IMG_20251125_195040.jpg,1674.0,1832.0,1713.0,1904.0,1.0,traffic sign,False,False,9655.6,mtsd-p12
Cosmos Reason2 8B,traffic sign,grp11_00ffbbb0-IMG_20251125_195040.jpg,E:\2. UM-Student\MSC Dissertation\Urban-Vision-Benchmark\Datasets\MTSD\Prepared\MTSD-Unaugmented\MTSD-YOLO\test\images\grp11_00ffbbb0-IMG_20251125_195040.jpg,1767.0,1844.0,1803.0,1904.0,1.0,traffic sign,False,False,9655.6,mtsd-p12
Cosmos Reason2 8B,traffic sign,grp11_00ffbbb0-IMG_20251125_195040.jpg,E:\2. UM-Student\MSC Dissertation\Urban-Vision-Benchmark\Datasets\MTSD\Prepared\MTSD-Unaugmented\MTSD-YOLO\test\images\grp11_00ffbbb0-IMG_20251125_195040.jpg,2148.0,1976.0,2223.0,2072.0,1.0,traffic sign,False,False,9655.6,mtsd-p12
Cosmos Reason2 8B,traffic sign,grp11_089d4626-IMG_20251125_192354.jpg,E:\2. UM-Student\MSC Dissertation\Urban-Vision-Benchmark\Datasets\MTSD\Prepared\MTSD-Unaugmented\MTSD-YOLO\test\images\grp11_089d4626-IMG_20251125_192354.jpg,1437.0,1004.0,2175.0,1788.0,1.0,traffic sign,False,False,2415.0,mtsd-p12
Cosmos Reason2 8B,traffic sign,grp11_08da688f-IMG_6393.jpeg,E:\2. UM-Student\MSC Dissertation\Urban-Vision-Benchmark\Datasets\MTSD\Prepared\MTSD-Unaugmented\MTSD-YOLO\test\images\grp11_08da688f-IMG_6393.jpeg,0.0,703.08,3494.59,2788.76,1.0,traffic sign,False,False,2947.0,mtsd-p12
Cosmos Reason2 8B,traffic sign,grp11_0ac2eda8-IMG_6412.jpeg,E:\2. UM-Student\MSC Dissertation\Urban-Vision-Benchmark\Datasets\MTSD\Prepared\MTSD-Unaugmented\MTSD-YOLO\test\images\grp11_0ac2eda8-IMG_6412.jpeg,2478.96,2092.09,4382.0,3098.7,1.0,traffic sign,False,False,2419.3,mtsd-p12
Cosmos Reason2 8B,traffic sign,grp11_12031735-Pre_2026_6669.jpg,E:\2. UM-Student\MSC Dissertation\Urban-Vision-Benchmark\Datasets\MTSD\Prepared\MTSD-Unaugmented\MTSD-YOLO\test\images\grp11_12031735-Pre_2026_6669.jpg,655.33,916.0,1330.93,1580.0,1.0,traffic sign,False,False,3701.6,mtsd-p12
Cosmos Reason2 8B,traffic sign,grp11_12031735-Pre_2026_6669.jpg,E:\2. UM-Student\MSC Dissertation\Urban-Vision-Benchmark\Datasets\MTSD\Prepared\MTSD-Unaugmented\MTSD-YOLO\test\images\grp11_12031735-Pre_2026_6669.jpg,400.86,1552.0,1373.72,2388.0,1.0,traffic sign,False,False,3701.6,mtsd-p12
Cosmos Reason2 8B,traffic sign,grp11_1346633a-IMG_20251125_195535.jpg,E:\2. UM-Student\MSC Dissertation\Urban-Vision-Benchmark\Datasets\MTSD\Prepared\MTSD-Unaugmented\MTSD-YOLO\test\images\grp11_1346633a-IMG_20251125_195535.jpg,894.0,1104.0,1527.0,1780.0,1.0,traffic sign,False,False,6693.9,mtsd-p12
Cosmos Reason2 8B,traffic sign,grp11_1346633a-IMG_20251125_195535.jpg,E:\2. UM-Student\MSC Dissertation\Urban-Vision-Benchmark\Datasets\MTSD\Prepared\MTSD-Unaugmented\MTSD-YOLO\test\images\grp11_1346633a-IMG_20251125_195535.jpg,900.0,1776.0,1554.0,2448.0,1.0,traffic sign,False,False,6693.9,mtsd-p12
Cosmos Reason2 8B,traffic sign,grp11_1346633a-IMG_20251125_195535.jpg,E:\2. UM-Student\MSC Dissertation\Urban-Vision-Benchmark\Datasets\MTSD\Prepared\MTSD-Unaugmented\MTSD-YOLO\test\images\grp11_1346633a-IMG_20251125_195535.jpg,273.0,1840.0,411.0,1984.0,1.0,traffic sign,False,False,6693.9,mtsd-p12
Cosmos Reason2 8B,traffic sign,grp11_1346633a-IMG_20251125_195535.jpg,E:\2. UM-Student\MSC Dissertation\Urban-Vision-Benchmark\Datasets\MTSD\Prepared\MTSD-Unaugmented\MTSD-YOLO\test\images\grp11_1346633a-IMG_20251125_195535.jpg,279.0,1964.0,426.0,2128.0,1.0,traffic sign,False,False,6693.9,mtsd-p12
Cosmos Reason2 8B,traffic sign,grp11_1c6ec821-IMG_20251125_194942.jpg,E:\2. UM-Student\MSC Dissertation\Urban-Vision-Benchmark\Datasets\MTSD\Prepared\MTSD-Unaugmented\MTSD-YOLO\test\images\grp11_1c6ec821-IMG_20251125_194942.jpg,1050.0,1164.0,1824.0,1944.0,1.0,traffic sign,False,False,2371.6,mtsd-p12
Cosmos Reason2 8B,traffic sign,grp11_1ff1325d-IMG_1333.jpg,E:\2. UM-Student\MSC Dissertation\Urban-Vision-Benchmark\Datasets\MTSD\Prepared\MTSD-Unaugmented\MTSD-YOLO\test\images\grp11_1ff1325d-IMG_1333.jpg,275.18,0.0,1013.04,326.59,1.0,traffic sign,False,False,2208.0,mtsd-p12
Cosmos Reason2 8B,traffic sign,grp11_217d0bb2-IMG_1445.jpg,E:\2. UM-Student\MSC Dissertation\Urban-Vision-Benchmark\Datasets\MTSD\Prepared\MTSD-Unaugmented\MTSD-YOLO\test\images\grp11_217d0bb2-IMG_1445.jpg,547.34,278.21,1557.36,2003.9,1.0,traffic sign,False,False,2324.2,mtsd-p12
Cosmos Reason2 8B,traffic sign,grp11_243ba713-IMG_6313.jpg,E:\2. UM-Student\MSC Dissertation\Urban-Vision-Benchmark\Datasets\MTSD\Prepared\MTSD-Unaugmented\MTSD-YOLO\test\images\grp11_243ba713-IMG_6313.jpg,1729.73,2040.19,3628.8,3862.66,1.0,traffic sign,False,False,6992.4,mtsd-p12
Cosmos Reason2 8B,traffic sign,grp11_243ba713-IMG_6313.jpg,E:\2. UM-Student\MSC Dissertation\Urban-Vision-Benchmark\Datasets\MTSD\Prepared\MTSD-Unaugmented\MTSD-YOLO\test\images\grp11_243ba713-IMG_6313.jpg,3423.17,5402.88,3538.08,5596.42,1.0,traffic sign,False,False,6992.4,mtsd-p12
Cosmos Reason2 8B,traffic sign,grp11_243ba713-IMG_6313.jpg,E:\2. UM-Student\MSC Dissertation\Urban-Vision-Benchmark\Datasets\MTSD\Prepared\MTSD-Unaugmented\MTSD-YOLO\test\images\grp11_243ba713-IMG_6313.jpg,3919.1,5241.6,4027.97,5402.88,1.0,traffic sign,False,False,6992.4,mtsd-p12
Cosmos Reason2 8B,traffic sign,grp11_243ba713-IMG_6313.jpg,E:\2. UM-Student\MSC Dissertation\Urban-Vision-Benchmark\Datasets\MTSD\Prepared\MTSD-Unaugmented\MTSD-YOLO\test\images\grp11_243ba713-IMG_6313.jpg,5080.32,5241.6,5183.14,5402.88,1.0,traffic sign,False,False,6992.4,mtsd-p12
Cosmos Reason2 8B,traffic sign,grp11_2960150f-Pre_2026_6705.jpg,E:\2. UM-Student\MSC Dissertation\Urban-Vision-Benchmark\Datasets\MTSD\Prepared\MTSD-Unaugmented\MTSD-YOLO\test\images\grp11_2960150f-Pre_2026_6705.jpg,310.78,2196.0,1227.34,3500.0,1.0,traffic sign,False,False,2936.4,mtsd-p12
Cosmos Reason2 8B,traffic sign,grp11_2a7d15c7-Pre_2026_6626.jpg,E:\2. UM-Student\MSC Dissertation\Urban-Vision-Benchmark\Datasets\MTSD\Prepared\MTSD-Unaugmented\MTSD-YOLO\test\images\grp11_2a7d15c7-Pre_2026_6626.jpg,677.85,692.0,1666.48,1684.0,1.0,traffic sign,False,False,2230.1,mtsd-p12
Cosmos Reason2 8B,traffic sign,grp11_2d64dcc1-IMG_20251125_194650.jpg,E:\2. UM-Student\MSC Dissertation\Urban-Vision-Benchmark\Datasets\MTSD\Prepared\MTSD-Unaugmented\MTSD-YOLO\test\images\grp11_2d64dcc1-IMG_20251125_194650.jpg,1179.0,968.0,1962.0,1720.0,1.0,traffic sign,False,False,2379.0,mtsd-p12
Cosmos Reason2 8B,traffic sign,grp11_2dae9065-IMG_20251125_195604.jpg,E:\2. UM-Student\MSC Dissertation\Urban-Vision-Benchmark\Datasets\MTSD\Prepared\MTSD-Unaugmented\MTSD-YOLO\test\images\grp11_2dae9065-IMG_20251125_195604.jpg,1329.0,252.0,1758.0,1232.0,1.0,traffic sign,False,False,3817.5,mtsd-p12
Cosmos Reason2 8B,traffic sign,grp11_2dae9065-IMG_20251125_195604.jpg,E:\2. UM-Student\MSC Dissertation\Urban-Vision-Benchmark\Datasets\MTSD\Prepared\MTSD-Unaugmented\MTSD-YOLO\test\images\grp11_2dae9065-IMG_20251125_195604.jpg,1338.0,1160.0,1800.0,2136.0,1.0,traffic sign,False,False,3817.5,mtsd-p12
Cosmos Reason2 8B,traffic sign,grp11_387a3e09-IMG_6403.jpeg,E:\2. UM-Student\MSC Dissertation\Urban-Vision-Benchmark\Datasets\MTSD\Prepared\MTSD-Unaugmented\MTSD-YOLO\test\images\grp11_387a3e09-IMG_6403.jpeg,1102.69,846.38,2568.67,2651.36,1.0,traffic sign,False,False,2383.5,mtsd-p12
Cosmos Reason2 8B,traffic sign,grp11_3a5a4d41-Pre_2026_6633.jpg,E:\2. UM-Student\MSC Dissertation\Urban-Vision-Benchmark\Datasets\MTSD\Prepared\MTSD-Unaugmented\MTSD-YOLO\test\images\grp11_3a5a4d41-Pre_2026_6633.jpg,815.22,1300.0,896.3,1408.0,1.0,traffic sign,False,False,2214.4,mtsd-p12
Cosmos Reason2 8B,traffic sign,grp11_3f9be580-IMG_1323.jpg,E:\2. UM-Student\MSC Dissertation\Urban-Vision-Benchmark\Datasets\MTSD\Prepared\MTSD-Unaugmented\MTSD-YOLO\test\images\grp11_3f9be580-IMG_1323.jpg,1043.28,366.91,2283.12,1568.45,1.0,traffic sign,False,False,2359.9,mtsd-p12
Cosmos Reason2 8B,traffic sign,grp11_4029b5b7-Pre_2026_6760.jpg,E:\2. UM-Student\MSC Dissertation\Urban-Vision-Benchmark\Datasets\MTSD\Prepared\MTSD-Unaugmented\MTSD-YOLO\test\images\grp11_4029b5b7-Pre_2026_6760.jpg,2168.0,662.09,2692.0,1231.84,1.0,traffic sign,False,False,2214.2,mtsd-p12
Cosmos Reason2 8B,traffic sign,grp11_41188dd2-IMG_1440.jpg,E:\2. UM-Student\MSC Dissertation\Urban-Vision-Benchmark\Datasets\MTSD\Prepared\MTSD-Unaugmented\MTSD-YOLO\test\images\grp11_41188dd2-IMG_1440.jpg,553.39,3088.51,928.37,3463.49,1.0,traffic sign,False,False,3039.0,mtsd-p12
Cosmos Reason2 8B,traffic sign,grp11_4a7fe027-Pre_2026_6682.jpg,E:\2. UM-Student\MSC Dissertation\Urban-Vision-Benchmark\Datasets\MTSD\Prepared\MTSD-Unaugmented\MTSD-YOLO\test\images\grp11_4a7fe027-Pre_2026_6682.jpg,,,,,,<no detections>,False,False,729.6,mtsd-p12
Cosmos Reason2 8B,traffic sign,grp11_4a8ce21e-IMG_20251125_194252.jpg,E:\2. UM-Student\MSC Dissertation\Urban-Vision-Benchmark\Datasets\MTSD\Prepared\MTSD-Unaugmented\MTSD-YOLO\test\images\grp11_4a8ce21e-IMG_20251125_194252.jpg,126.0,1872.0,354.0,2112.0,1.0,traffic sign,False,False,5301.8,mtsd-p12
Cosmos Reason2 8B,traffic sign,grp11_4a8ce21e-IMG_20251125_194252.jpg,E:\2. UM-Student\MSC Dissertation\Urban-Vision-Benchmark\Datasets\MTSD\Prepared\MTSD-Unaugmented\MTSD-YOLO\test\images\grp11_4a8ce21e-IMG_20251125_194252.jpg,2532.0,2328.0,2769.0,2448.0,1.0,traffic sign,False,False,5301.8,mtsd-p12
Cosmos Reason2 8B,traffic sign,grp11_4a8ce21e-IMG_20251125_194252.jpg,E:\2. UM-Student\MSC Dissertation\Urban-Vision-Benchmark\Datasets\MTSD\Prepared\MTSD-Unaugmented\MTSD-YOLO\test\images\grp11_4a8ce21e-IMG_20251125_194252.jpg,1722.0,2476.0,1830.0,2608.0,1.0,traffic sign,False,False,5301.8,mtsd-p12
Cosmos Reason2 8B,traffic sign,grp11_578f49cf-IMG_6367.jpeg,E:\2. UM-Student\MSC Dissertation\Urban-Vision-Benchmark\Datasets\MTSD\Prepared\MTSD-Unaugmented\MTSD-YOLO\test\images\grp11_578f49cf-IMG_6367.jpeg,346.75,1254.96,2072.45,2255.9,1.0,traffic sign,False,False,2331.7,mtsd-p12
Cosmos Reason2 8B,traffic sign,grp11_59f96d19-IMG_6251.jpeg,E:\2. UM-Student\MSC Dissertation\Urban-Vision-Benchmark\Datasets\MTSD\Prepared\MTSD-Unaugmented\MTSD-YOLO\test\images\grp11_59f96d19-IMG_6251.jpeg,705.98,340.7,1017.2,1216.49,1.0,traffic sign,False,False,2357.1,mtsd-p12
Cosmos Reason2 8B,traffic sign,grp11_5c71ae7e-IMG_6256.jpeg,E:\2. UM-Student\MSC Dissertation\Urban-Vision-Benchmark\Datasets\MTSD\Prepared\MTSD-Unaugmented\MTSD-YOLO\test\images\grp11_5c71ae7e-IMG_6256.jpeg,831.6,1020.1,2137.97,2088.58,1.0,traffic sign,False,False,2376.2,mtsd-p12
Cosmos Reason2 8B,traffic sign,grp11_5cef4344-Pre_2026_6674.jpg,E:\2. UM-Student\MSC Dissertation\Urban-Vision-Benchmark\Datasets\MTSD\Prepared\MTSD-Unaugmented\MTSD-YOLO\test\images\grp11_5cef4344-Pre_2026_6674.jpg,567.5,148.0,1668.73,1016.0,1.0,traffic sign,False,False,3642.6,mtsd-p12
Cosmos Reason2 8B,traffic sign,grp11_5cef4344-Pre_2026_6674.jpg,E:\2. UM-Student\MSC Dissertation\Urban-Vision-Benchmark\Datasets\MTSD\Prepared\MTSD-Unaugmented\MTSD-YOLO\test\images\grp11_5cef4344-Pre_2026_6674.jpg,60.8,948.0,1709.27,2504.0,1.0,traffic sign,False,False,3642.6,mtsd-p12
Cosmos Reason2 8B,traffic sign,grp11_6bd01c27-IMG_1442.jpg,E:\2. UM-Student\MSC Dissertation\Urban-Vision-Benchmark\Datasets\MTSD\Prepared\MTSD-Unaugmented\MTSD-YOLO\test\images\grp11_6bd01c27-IMG_1442.jpg,1073.52,427.39,1811.38,1657.15,1.0,traffic sign,False,False,2382.6,mtsd-p12
Cosmos Reason2 8B,traffic sign,grp11_6d03b071-IMG_6395.jpeg,E:\2. UM-Student\MSC Dissertation\Urban-Vision-Benchmark\Datasets\MTSD\Prepared\MTSD-Unaugmented\MTSD-YOLO\test\images\grp11_6d03b071-IMG_6395.jpeg,1124.93,1164.24,2499.84,2407.1,1.0,traffic sign,False,False,3039.0,mtsd-p12
Cosmos Reason2 8B,traffic sign,grp11_6d1c0888-IMG_20251125_191657.jpg,E:\2. UM-Student\MSC Dissertation\Urban-Vision-Benchmark\Datasets\MTSD\Prepared\MTSD-Unaugmented\MTSD-YOLO\test\images\grp11_6d1c0888-IMG_20251125_191657.jpg,1503.0,1004.0,1620.0,1640.0,1.0,traffic sign,False,False,2385.9,mtsd-p12
Cosmos Reason2 8B,traffic sign,grp11_7041f709-IMG_1379.jpg,E:\2. UM-Student\MSC Dissertation\Urban-Vision-Benchmark\Datasets\MTSD\Prepared\MTSD-Unaugmented\MTSD-YOLO\test\images\grp11_7041f709-IMG_1379.jpg,1106.78,858.82,1766.02,2270.02,1.0,traffic sign,False,False,2400.0,mtsd-p12
Cosmos Reason2 8B,traffic sign,grp11_80f216ed-Pre_2026_6647.jpg,E:\2. UM-Student\MSC Dissertation\Urban-Vision-Benchmark\Datasets\MTSD\Prepared\MTSD-Unaugmented\MTSD-YOLO\test\images\grp11_80f216ed-Pre_2026_6647.jpg,,,,,,<no detections>,False,False,720.9,mtsd-p12
Cosmos Reason2 8B,traffic sign,grp11_8297098a-IMG_6326.jpeg,E:\2. UM-Student\MSC Dissertation\Urban-Vision-Benchmark\Datasets\MTSD\Prepared\MTSD-Unaugmented\MTSD-YOLO\test\images\grp11_8297098a-IMG_6326.jpeg,1266.05,1016.06,2935.3,2933.28,1.0,traffic sign,False,False,2394.2,mtsd-p12
Cosmos Reason2 8B,traffic sign,grp11_87a2a97d-IMG_6417.jpeg,E:\2. UM-Student\MSC Dissertation\Urban-Vision-Benchmark\Datasets\MTSD\Prepared\MTSD-Unaugmented\MTSD-YOLO\test\images\grp11_87a2a97d-IMG_6417.jpeg,1566.72,1885.52,4101.76,5504.27,1.0,traffic sign,False,False,2528.1,mtsd-p12
Cosmos Reason2 8B,traffic sign,grp11_8d5205a5-IMG_6322.jpeg,E:\2. UM-Student\MSC Dissertation\Urban-Vision-Benchmark\Datasets\MTSD\Prepared\MTSD-Unaugmented\MTSD-YOLO\test\images\grp11_8d5205a5-IMG_6322.jpeg,2165.18,963.38,2642.04,2319.84,1.0,traffic sign,False,False,3877.4,mtsd-p12
Cosmos Reason2 8B,traffic sign,grp11_8d5205a5-IMG_6322.jpeg,E:\2. UM-Student\MSC Dissertation\Urban-Vision-Benchmark\Datasets\MTSD\Prepared\MTSD-Unaugmented\MTSD-YOLO\test\images\grp11_8d5205a5-IMG_6322.jpeg,859.2,1153.48,2156.59,2219.96,1.0,traffic sign,False,False,3877.4,mtsd-p12
Cosmos Reason2 8B,traffic sign,grp11_8da30211-IMG_1389.jpg,E:\2. UM-Student\MSC Dissertation\Urban-Vision-Benchmark\Datasets\MTSD\Prepared\MTSD-Unaugmented\MTSD-YOLO\test\images\grp11_8da30211-IMG_1389.jpg,979.78,330.62,2150.06,1572.48,1.0,traffic sign,False,False,2338.5,mtsd-p12
Cosmos Reason2 8B,traffic sign,grp11_92113811-IMG_1371.jpg,E:\2. UM-Student\MSC Dissertation\Urban-Vision-Benchmark\Datasets\MTSD\Prepared\MTSD-Unaugmented\MTSD-YOLO\test\images\grp11_92113811-IMG_1371.jpg,722.74,0.0,2388.96,1576.51,1.0,traffic sign,False,False,4547.8,mtsd-p12
Cosmos Reason2 8B,traffic sign,grp11_92113811-IMG_1371.jpg,E:\2. UM-Student\MSC Dissertation\Urban-Vision-Benchmark\Datasets\MTSD\Prepared\MTSD-Unaugmented\MTSD-YOLO\test\images\grp11_92113811-IMG_1371.jpg,1218.67,1673.28,2225.66,3515.9,1.0,traffic sign,False,False,4547.8,mtsd-p12
Cosmos Reason2 8B,traffic sign,grp11_93c9acc6-Pre_2026_6752.jpg,E:\2. UM-Student\MSC Dissertation\Urban-Vision-Benchmark\Datasets\MTSD\Prepared\MTSD-Unaugmented\MTSD-YOLO\test\images\grp11_93c9acc6-Pre_2026_6752.jpg,2348.0,526.97,3280.0,1177.8,1.0,traffic sign,False,False,2195.2,mtsd-p12
Cosmos Reason2 8B,traffic sign,grp11_94c2771c-IMG_1367.jpg,E:\2. UM-Student\MSC Dissertation\Urban-Vision-Benchmark\Datasets\MTSD\Prepared\MTSD-Unaugmented\MTSD-YOLO\test\images\grp11_94c2771c-IMG_1367.jpg,1088.64,366.91,1971.65,2020.03,1.0,traffic sign,False,False,2356.3,mtsd-p12
Cosmos Reason2 8B,traffic sign,grp11_9adb1ffc-IMG_1447.jpg,E:\2. UM-Student\MSC Dissertation\Urban-Vision-Benchmark\Datasets\MTSD\Prepared\MTSD-Unaugmented\MTSD-YOLO\test\images\grp11_9adb1ffc-IMG_1447.jpg,1052.35,508.03,2231.71,1774.08,1.0,traffic sign,False,False,2404.1,mtsd-p12
Cosmos Reason2 8B,traffic sign,grp11_9aea0791-Pre_2026_6686.jpg,E:\2. UM-Student\MSC Dissertation\Urban-Vision-Benchmark\Datasets\MTSD\Prepared\MTSD-Unaugmented\MTSD-YOLO\test\images\grp11_9aea0791-Pre_2026_6686.jpg,544.98,700.0,1243.1,1720.0,1.0,traffic sign,False,False,2211.7,mtsd-p12
Cosmos Reason2 8B,traffic sign,grp11_9e3f1527-IMG_6303.jpeg,E:\2. UM-Student\MSC Dissertation\Urban-Vision-Benchmark\Datasets\MTSD\Prepared\MTSD-Unaugmented\MTSD-YOLO\test\images\grp11_9e3f1527-IMG_6303.jpeg,1310.4,583.63,2580.48,2446.42,1.0,traffic sign,False,False,2390.5,mtsd-p12
Cosmos Reason2 8B,traffic sign,grp11_a9ff1854-IMG_6408.jpeg,E:\2. UM-Student\MSC Dissertation\Urban-Vision-Benchmark\Datasets\MTSD\Prepared\MTSD-Unaugmented\MTSD-YOLO\test\images\grp11_a9ff1854-IMG_6408.jpeg,596.74,577.58,1830.53,1838.59,1.0,traffic sign,False,False,3892.5,mtsd-p12
Cosmos Reason2 8B,traffic sign,grp11_a9ff1854-IMG_6408.jpeg,E:\2. UM-Student\MSC Dissertation\Urban-Vision-Benchmark\Datasets\MTSD\Prepared\MTSD-Unaugmented\MTSD-YOLO\test\images\grp11_a9ff1854-IMG_6408.jpeg,1838.59,668.3,3120.77,1847.66,1.0,traffic sign,False,False,3892.5,mtsd-p12
Cosmos Reason2 8B,traffic sign,grp11_aff5c880-IMG_6324.jpeg,E:\2. UM-Student\MSC Dissertation\Urban-Vision-Benchmark\Datasets\MTSD\Prepared\MTSD-Unaugmented\MTSD-YOLO\test\images\grp11_aff5c880-IMG_6324.jpeg,1130.92,1254.43,1978.31,2160.89,1.0,traffic sign,False,False,5330.2,mtsd-p12
Cosmos Reason2 8B,traffic sign,grp11_aff5c880-IMG_6324.jpeg,E:\2. UM-Student\MSC Dissertation\Urban-Vision-Benchmark\Datasets\MTSD\Prepared\MTSD-Unaugmented\MTSD-YOLO\test\images\grp11_aff5c880-IMG_6324.jpeg,2419.72,3462.58,2480.94,3591.46,1.0,traffic sign,False,False,5330.2,mtsd-p12
Cosmos Reason2 8B,traffic sign,grp11_aff5c880-IMG_6324.jpeg,E:\2. UM-Student\MSC Dissertation\Urban-Vision-Benchmark\Datasets\MTSD\Prepared\MTSD-Unaugmented\MTSD-YOLO\test\images\grp11_aff5c880-IMG_6324.jpeg,1904.2,3501.24,1968.64,3630.12,1.0,traffic sign,False,False,5330.2,mtsd-p12
Cosmos Reason2 8B,traffic sign,grp11_b25d900c-Pre_2026_6648.jpg,E:\2. UM-Student\MSC Dissertation\Urban-Vision-Benchmark\Datasets\MTSD\Prepared\MTSD-Unaugmented\MTSD-YOLO\test\images\grp11_b25d900c-Pre_2026_6648.jpg,722.89,924.0,1319.67,1608.0,1.0,traffic sign,False,False,2906.0,mtsd-p12
Cosmos Reason2 8B,traffic sign,grp11_b40e574e-IMG_1307.jpg,E:\2. UM-Student\MSC Dissertation\Urban-Vision-Benchmark\Datasets\MTSD\Prepared\MTSD-Unaugmented\MTSD-YOLO\test\images\grp11_b40e574e-IMG_1307.jpg,1215.65,270.14,1989.79,1068.48,1.0,traffic sign,False,False,5285.7,mtsd-p12
Cosmos Reason2 8B,traffic sign,grp11_b40e574e-IMG_1307.jpg,E:\2. UM-Student\MSC Dissertation\Urban-Vision-Benchmark\Datasets\MTSD\Prepared\MTSD-Unaugmented\MTSD-YOLO\test\images\grp11_b40e574e-IMG_1307.jpg,1312.42,1040.26,1917.22,1266.05,1.0,traffic sign,False,False,5285.7,mtsd-p12
Cosmos Reason2 8B,traffic sign,grp11_b40e574e-IMG_1307.jpg,E:\2. UM-Student\MSC Dissertation\Urban-Vision-Benchmark\Datasets\MTSD\Prepared\MTSD-Unaugmented\MTSD-YOLO\test\images\grp11_b40e574e-IMG_1307.jpg,1058.4,1858.75,1158.19,2020.03,1.0,traffic sign,False,False,5285.7,mtsd-p12
Cosmos Reason2 8B,traffic sign,grp11_b4a34518-Pre_2026_6659.jpg,E:\2. UM-Student\MSC Dissertation\Urban-Vision-Benchmark\Datasets\MTSD\Prepared\MTSD-Unaugmented\MTSD-YOLO\test\images\grp11_b4a34518-Pre_2026_6659.jpg,587.77,832.0,1306.16,1720.0,1.0,traffic sign,False,False,3687.5,mtsd-p12
Cosmos Reason2 8B,traffic sign,grp11_b4a34518-Pre_2026_6659.jpg,E:\2. UM-Student\MSC Dissertation\Urban-Vision-Benchmark\Datasets\MTSD\Prepared\MTSD-Unaugmented\MTSD-YOLO\test\images\grp11_b4a34518-Pre_2026_6659.jpg,576.51,1604.0,1033.67,2388.0,1.0,traffic sign,False,False,3687.5,mtsd-p12
Cosmos Reason2 8B,traffic sign,grp11_bab711b8-IMG_20251125_192613.jpg,E:\2. UM-Student\MSC Dissertation\Urban-Vision-Benchmark\Datasets\MTSD\Prepared\MTSD-Unaugmented\MTSD-YOLO\test\images\grp11_bab711b8-IMG_20251125_192613.jpg,1119.0,784.0,1848.0,1696.0,1.0,traffic sign,False,False,2394.0,mtsd-p12
Cosmos Reason2 8B,traffic sign,grp11_badbe466-IMG_20251125_194752.jpg,E:\2. UM-Student\MSC Dissertation\Urban-Vision-Benchmark\Datasets\MTSD\Prepared\MTSD-Unaugmented\MTSD-YOLO\test\images\grp11_badbe466-IMG_20251125_194752.jpg,780.0,1368.0,1407.0,2092.0,1.0,traffic sign,False,False,2431.2,mtsd-p12
Cosmos Reason2 8B,traffic sign,grp11_bdad925f-IMG_20251125_194953.jpg,E:\2. UM-Student\MSC Dissertation\Urban-Vision-Benchmark\Datasets\MTSD\Prepared\MTSD-Unaugmented\MTSD-YOLO\test\images\grp11_bdad925f-IMG_20251125_194953.jpg,1086.0,1284.0,1860.0,3040.0,1.0,traffic sign,False,False,2389.6,mtsd-p12
Cosmos Reason2 8B,traffic sign,grp11_cb23d6ca-IMG_20251125_190938.jpg,E:\2. UM-Student\MSC Dissertation\Urban-Vision-Benchmark\Datasets\MTSD\Prepared\MTSD-Unaugmented\MTSD-YOLO\test\images\grp11_cb23d6ca-IMG_20251125_190938.jpg,1356.0,680.0,1647.0,1612.0,1.0,traffic sign,False,False,5334.1,mtsd-p12
Cosmos Reason2 8B,traffic sign,grp11_cb23d6ca-IMG_20251125_190938.jpg,E:\2. UM-Student\MSC Dissertation\Urban-Vision-Benchmark\Datasets\MTSD\Prepared\MTSD-Unaugmented\MTSD-YOLO\test\images\grp11_cb23d6ca-IMG_20251125_190938.jpg,1356.0,1596.0,1650.0,2636.0,1.0,traffic sign,False,False,5334.1,mtsd-p12
Cosmos Reason2 8B,traffic sign,grp11_cb23d6ca-IMG_20251125_190938.jpg,E:\2. UM-Student\MSC Dissertation\Urban-Vision-Benchmark\Datasets\MTSD\Prepared\MTSD-Unaugmented\MTSD-YOLO\test\images\grp11_cb23d6ca-IMG_20251125_190938.jpg,1371.0,2600.0,1683.0,3668.0,1.0,traffic sign,False,False,5334.1,mtsd-p12
Cosmos Reason2 8B,traffic sign,grp11_cf483702-IMG_20251125_195623.jpg,E:\2. UM-Student\MSC Dissertation\Urban-Vision-Benchmark\Datasets\MTSD\Prepared\MTSD-Unaugmented\MTSD-YOLO\test\images\grp11_cf483702-IMG_20251125_195623.jpg,2583.0,2500.0,2793.0,2644.0,1.0,traffic sign,False,False,2383.9,mtsd-p12
Cosmos Reason2 8B,traffic sign,grp11_d9b50eb1-Pre_2026_6691.jpg,E:\2. UM-Student\MSC Dissertation\Urban-Vision-Benchmark\Datasets\MTSD\Prepared\MTSD-Unaugmented\MTSD-YOLO\test\images\grp11_d9b50eb1-Pre_2026_6691.jpg,797.21,1244.0,1150.77,1696.0,1.0,traffic sign,False,False,5829.0,mtsd-p12
Cosmos Reason2 8B,traffic sign,grp11_d9b50eb1-Pre_2026_6691.jpg,E:\2. UM-Student\MSC Dissertation\Urban-Vision-Benchmark\Datasets\MTSD\Prepared\MTSD-Unaugmented\MTSD-YOLO\test\images\grp11_d9b50eb1-Pre_2026_6691.jpg,662.09,1668.0,1294.9,2228.0,1.0,traffic sign,False,False,5829.0,mtsd-p12
Cosmos Reason2 8B,traffic sign,grp11_d9b50eb1-Pre_2026_6691.jpg,E:\2. UM-Student\MSC Dissertation\Urban-Vision-Benchmark\Datasets\MTSD\Prepared\MTSD-Unaugmented\MTSD-YOLO\test\images\grp11_d9b50eb1-Pre_2026_6691.jpg,655.33,2196.0,1294.9,2440.0,1.0,traffic sign,False,False,5829.0,mtsd-p12
Cosmos Reason2 8B,traffic sign,grp11_daaadabb-IMG_1451.jpg,E:\2. UM-Student\MSC Dissertation\Urban-Vision-Benchmark\Datasets\MTSD\Prepared\MTSD-Unaugmented\MTSD-YOLO\test\images\grp11_daaadabb-IMG_1451.jpg,931.39,0.0,1814.4,1399.1,1.0,traffic sign,False,False,2291.7,mtsd-p12
Cosmos Reason2 8B,traffic sign,grp11_e27435a0-IMG_20251125_194217.jpg,E:\2. UM-Student\MSC Dissertation\Urban-Vision-Benchmark\Datasets\MTSD\Prepared\MTSD-Unaugmented\MTSD-YOLO\test\images\grp11_e27435a0-IMG_20251125_194217.jpg,825.0,996.0,1638.0,1908.0,1.0,traffic sign,False,False,2398.2,mtsd-p12
Cosmos Reason2 8B,traffic sign,grp11_ebb70ae4-Pre_2026_6672.jpg,E:\2. UM-Student\MSC Dissertation\Urban-Vision-Benchmark\Datasets\MTSD\Prepared\MTSD-Unaugmented\MTSD-YOLO\test\images\grp11_ebb70ae4-Pre_2026_6672.jpg,585.52,1172.0,2013.29,2276.0,1.0,traffic sign,False,False,3637.7,mtsd-p12
Cosmos Reason2 8B,traffic sign,grp11_ebb70ae4-Pre_2026_6672.jpg,E:\2. UM-Student\MSC Dissertation\Urban-Vision-Benchmark\Datasets\MTSD\Prepared\MTSD-Unaugmented\MTSD-YOLO\test\images\grp11_ebb70ae4-Pre_2026_6672.jpg,162.14,2260.0,1035.92,3072.0,1.0,traffic sign,False,False,3637.7,mtsd-p12
Cosmos Reason2 8B,traffic sign,grp11_ee2f066e-IMG_20251125_194701.jpg,E:\2. UM-Student\MSC Dissertation\Urban-Vision-Benchmark\Datasets\MTSD\Prepared\MTSD-Unaugmented\MTSD-YOLO\test\images\grp11_ee2f066e-IMG_20251125_194701.jpg,522.0,1000.0,1470.0,1904.0,1.0,traffic sign,False,False,5323.8,mtsd-p12
Cosmos Reason2 8B,traffic sign,grp11_ee2f066e-IMG_20251125_194701.jpg,E:\2. UM-Student\MSC Dissertation\Urban-Vision-Benchmark\Datasets\MTSD\Prepared\MTSD-Unaugmented\MTSD-YOLO\test\images\grp11_ee2f066e-IMG_20251125_194701.jpg,1845.0,2356.0,1887.0,2476.0,1.0,traffic sign,False,False,5323.8,mtsd-p12
Cosmos Reason2 8B,traffic sign,grp11_ee2f066e-IMG_20251125_194701.jpg,E:\2. UM-Student\MSC Dissertation\Urban-Vision-Benchmark\Datasets\MTSD\Prepared\MTSD-Unaugmented\MTSD-YOLO\test\images\grp11_ee2f066e-IMG_20251125_194701.jpg,1104.0,2604.0,1260.0,2800.0,1.0,traffic sign,False,False,5323.8,mtsd-p12
Cosmos Reason2 8B,traffic sign,grp11_f09e9bf4-Pre_2026_6657.jpg,E:\2. UM-Student\MSC Dissertation\Urban-Vision-Benchmark\Datasets\MTSD\Prepared\MTSD-Unaugmented\MTSD-YOLO\test\images\grp11_f09e9bf4-Pre_2026_6657.jpg,502.2,508.0,1650.72,1764.0,1.0,traffic sign,False,False,2211.3,mtsd-p12
Cosmos Reason2 8B,traffic sign,grp11_f0c7f95a-IMG_6420.jpeg,E:\2. UM-Student\MSC Dissertation\Urban-Vision-Benchmark\Datasets\MTSD\Prepared\MTSD-Unaugmented\MTSD-YOLO\test\images\grp11_f0c7f95a-IMG_6420.jpeg,711.51,1145.02,3435.05,2095.66,1.0,traffic sign,False,False,2439.3,mtsd-p12
Cosmos Reason2 8B,traffic sign,grp11_f3e6cd7a-IMG_6398.jpeg,E:\2. UM-Student\MSC Dissertation\Urban-Vision-Benchmark\Datasets\MTSD\Prepared\MTSD-Unaugmented\MTSD-YOLO\test\images\grp11_f3e6cd7a-IMG_6398.jpeg,1442.2,964.05,2399.69,3098.74,1.0,traffic sign,False,False,5322.3,mtsd-p12
Cosmos Reason2 8B,traffic sign,grp11_f3e6cd7a-IMG_6398.jpeg,E:\2. UM-Student\MSC Dissertation\Urban-Vision-Benchmark\Datasets\MTSD\Prepared\MTSD-Unaugmented\MTSD-YOLO\test\images\grp11_f3e6cd7a-IMG_6398.jpeg,67.54,646.23,1613.04,2876.27,1.0,traffic sign,False,False,5322.3,mtsd-p12
Cosmos Reason2 8B,traffic sign,grp11_f3e6cd7a-IMG_6398.jpeg,E:\2. UM-Student\MSC Dissertation\Urban-Vision-Benchmark\Datasets\MTSD\Prepared\MTSD-Unaugmented\MTSD-YOLO\test\images\grp11_f3e6cd7a-IMG_6398.jpeg,2649.99,4719.63,2761.23,4889.13,1.0,traffic sign,False,False,5322.3,mtsd-p12
Cosmos Reason2 8B,traffic sign,grp11_f71868de-IMG_20251125_191832.jpg,E:\2. UM-Student\MSC Dissertation\Urban-Vision-Benchmark\Datasets\MTSD\Prepared\MTSD-Unaugmented\MTSD-YOLO\test\images\grp11_f71868de-IMG_20251125_191832.jpg,303.0,356.0,1002.0,1328.0,1.0,traffic sign,False,False,3007.0,mtsd-p12
Cosmos Reason2 8B,traffic sign,grp11_fbaad6ff-IMG_1423.jpg,E:\2. UM-Student\MSC Dissertation\Urban-Vision-Benchmark\Datasets\MTSD\Prepared\MTSD-Unaugmented\MTSD-YOLO\test\images\grp11_fbaad6ff-IMG_1423.jpg,991.87,447.55,2004.91,1382.98,1.0,traffic sign,False,False,2373.2,mtsd-p12
Cosmos Reason2 8B,traffic sign,grp1_02ac92f5-IMG20251123165127.jpg,E:\2. UM-Student\MSC Dissertation\Urban-Vision-Benchmark\Datasets\MTSD\Prepared\MTSD-Unaugmented\MTSD-YOLO\test\images\grp1_02ac92f5-IMG20251123165127.jpg,1431.55,1376.26,2012.16,2871.3,1.0,traffic sign,False,False,3839.9,mtsd-p12
Cosmos Reason2 8B,traffic sign,grp1_02ac92f5-IMG20251123165127.jpg,E:\2. UM-Student\MSC Dissertation\Urban-Vision-Benchmark\Datasets\MTSD\Prepared\MTSD-Unaugmented\MTSD-YOLO\test\images\grp1_02ac92f5-IMG20251123165127.jpg,2055.17,3522.56,2657.28,4042.75,1.0,traffic sign,False,False,3839.9,mtsd-p12
Cosmos Reason2 8B,traffic sign,grp1_0608acbd-IMG_4633.jpeg,E:\2. UM-Student\MSC Dissertation\Urban-Vision-Benchmark\Datasets\MTSD\Prepared\MTSD-Unaugmented\MTSD-YOLO\test\images\grp1_0608acbd-IMG_4633.jpeg,,,,,,<no detections>,False,False,915.5,mtsd-p12
Cosmos Reason2 8B,traffic sign,grp1_072bd818-IMG_4648.jpeg,E:\2. UM-Student\MSC Dissertation\Urban-Vision-Benchmark\Datasets\MTSD\Prepared\MTSD-Unaugmented\MTSD-YOLO\test\images\grp1_072bd818-IMG_4648.jpeg,1106.78,1431.36,1784.16,3100.61,1.0,traffic sign,False,False,2378.1,mtsd-p12
Cosmos Reason2 8B,traffic sign,grp1_091652b2-IMG20260105120954.jpg,E:\2. UM-Student\MSC Dissertation\Urban-Vision-Benchmark\Datasets\MTSD\Prepared\MTSD-Unaugmented\MTSD-YOLO\test\images\grp1_091652b2-IMG20260105120954.jpg,933.89,585.73,2405.38,1167.36,1.0,traffic sign,False,False,3858.4,mtsd-p12
Cosmos Reason2 8B,traffic sign,grp1_091652b2-IMG20260105120954.jpg,E:\2. UM-Student\MSC Dissertation\Urban-Vision-Benchmark\Datasets\MTSD\Prepared\MTSD-Unaugmented\MTSD-YOLO\test\images\grp1_091652b2-IMG20260105120954.jpg,485.38,1028.1,2777.09,3076.1,1.0,traffic sign,False,False,3858.4,mtsd-p12
Cosmos Reason2 8B,traffic sign,grp1_094f8a9f-RV__2.jpeg,E:\2. UM-Student\MSC Dissertation\Urban-Vision-Benchmark\Datasets\MTSD\Prepared\MTSD-Unaugmented\MTSD-YOLO\test\images\grp1_094f8a9f-RV__2.jpeg,1052.35,592.7,1817.42,1270.08,1.0,traffic sign,False,False,6756.4,mtsd-p12
Cosmos Reason2 8B,traffic sign,grp1_094f8a9f-RV__2.jpeg,E:\2. UM-Student\MSC Dissertation\Urban-Vision-Benchmark\Datasets\MTSD\Prepared\MTSD-Unaugmented\MTSD-YOLO\test\images\grp1_094f8a9f-RV__2.jpeg,1067.47,1205.57,1826.5,2007.94,1.0,traffic sign,False,False,6756.4,mtsd-p12
Cosmos Reason2 8B,traffic sign,grp1_094f8a9f-RV__2.jpeg,E:\2. UM-Student\MSC Dissertation\Urban-Vision-Benchmark\Datasets\MTSD\Prepared\MTSD-Unaugmented\MTSD-YOLO\test\images\grp1_094f8a9f-RV__2.jpeg,1239.84,1858.75,1723.68,3100.61,1.0,traffic sign,False,False,6756.4,mtsd-p12
Cosmos Reason2 8B,traffic sign,grp1_094f8a9f-RV__2.jpeg,E:\2. UM-Student\MSC Dissertation\Urban-Vision-Benchmark\Datasets\MTSD\Prepared\MTSD-Unaugmented\MTSD-YOLO\test\images\grp1_094f8a9f-RV__2.jpeg,111.89,2971.58,329.62,3189.31,1.0,traffic sign,False,False,6756.4,mtsd-p12
Cosmos Reason2 8B,traffic sign,grp1_0dd8c85f-RV_001_114.jpeg,E:\2. UM-Student\MSC Dissertation\Urban-Vision-Benchmark\Datasets\MTSD\Prepared\MTSD-Unaugmented\MTSD-YOLO\test\images\grp1_0dd8c85f-RV_001_114.jpeg,1908.14,3072.38,2044.22,3374.78,1.0,traffic sign,False,False,2404.8,mtsd-p12
Cosmos Reason2 8B,traffic sign,grp1_0ea4c27e-RV_001_43.jpeg,E:\2. UM-Student\MSC Dissertation\Urban-Vision-Benchmark\Datasets\MTSD\Prepared\MTSD-Unaugmented\MTSD-YOLO\test\images\grp1_0ea4c27e-RV_001_43.jpeg,916.27,1866.82,2147.04,2959.49,1.0,traffic sign,False,False,3030.3,mtsd-p12
Cosmos Reason2 8B,traffic sign,grp1_1bc3cf13-IMG_5516.jpeg,E:\2. UM-Student\MSC Dissertation\Urban-Vision-Benchmark\Datasets\MTSD\Prepared\MTSD-Unaugmented\MTSD-YOLO\test\images\grp1_1bc3cf13-IMG_5516.jpeg,548.45,884.1,1059.07,1373.4,1.0,traffic sign,False,False,3791.5,mtsd-p12
Cosmos Reason2 8B,traffic sign,grp1_1bc3cf13-IMG_5516.jpeg,E:\2. UM-Student\MSC Dissertation\Urban-Vision-Benchmark\Datasets\MTSD\Prepared\MTSD-Unaugmented\MTSD-YOLO\test\images\grp1_1bc3cf13-IMG_5516.jpeg,841.58,1455.3,914.08,1596.0,1.0,traffic sign,False,False,3791.5,mtsd-p12
Cosmos Reason2 8B,traffic sign,grp1_1e8d03ef-IMG_4745.jpeg,E:\2. UM-Student\MSC Dissertation\Urban-Vision-Benchmark\Datasets\MTSD\Prepared\MTSD-Unaugmented\MTSD-YOLO\test\images\grp1_1e8d03ef-IMG_4745.jpeg,786.24,762.05,2416.18,2382.91,1.0,traffic sign,False,False,2400.9,mtsd-p12
Cosmos Reason2 8B,traffic sign,grp1_1ea7fc82-IMG_4719.jpeg,E:\2. UM-Student\MSC Dissertation\Urban-Vision-Benchmark\Datasets\MTSD\Prepared\MTSD-Unaugmented\MTSD-YOLO\test\images\grp1_1ea7fc82-IMG_4719.jpeg,598.75,1173.31,2388.96,3096.58,1.0,traffic sign,False,False,2374.3,mtsd-p12
Cosmos Reason2 8B,traffic sign,grp1_213f8e9b-IMG20260105131202.jpg,E:\2. UM-Student\MSC Dissertation\Urban-Vision-Benchmark\Datasets\MTSD\Prepared\MTSD-Unaugmented\MTSD-YOLO\test\images\grp1_213f8e9b-IMG20260105131202.jpg,261.12,839.68,2522.11,2998.27,1.0,traffic sign,False,False,2351.0,mtsd-p12
Cosmos Reason2 8B,traffic sign,grp1_22a1d833-RV_001_174.jpeg,E:\2. UM-Student\MSC Dissertation\Urban-Vision-Benchmark\Datasets\MTSD\Prepared\MTSD-Unaugmented\MTSD-YOLO\test\images\grp1_22a1d833-RV_001_174.jpeg,1046.3,995.9,2249.86,1995.84,1.0,traffic sign,False,False,3899.3,mtsd-p12
Cosmos Reason2 8B,traffic sign,grp1_22a1d833-RV_001_174.jpeg,E:\2. UM-Student\MSC Dissertation\Urban-Vision-Benchmark\Datasets\MTSD\Prepared\MTSD-Unaugmented\MTSD-YOLO\test\images\grp1_22a1d833-RV_001_174.jpeg,1067.47,2007.94,2171.23,3088.51,1.0,traffic sign,False,False,3899.3,mtsd-p12
Cosmos Reason2 8B,traffic sign,grp1_22c68da3-IMG_4717.jpeg,E:\2. UM-Student\MSC Dissertation\Urban-Vision-Benchmark\Datasets\MTSD\Prepared\MTSD-Unaugmented\MTSD-YOLO\test\images\grp1_22c68da3-IMG_4717.jpeg,743.9,1149.12,2382.91,2471.62,1.0,traffic sign,False,False,2380.1,mtsd-p12
Cosmos Reason2 8B,traffic sign,grp1_2493a507-RV_001_172.jpeg,E:\2. UM-Student\MSC Dissertation\Urban-Vision-Benchmark\Datasets\MTSD\Prepared\MTSD-Unaugmented\MTSD-YOLO\test\images\grp1_2493a507-RV_001_172.jpeg,955.58,1439.42,1995.84,2278.08,1.0,traffic sign,False,False,3863.5,mtsd-p12
Cosmos Reason2 8B,traffic sign,grp1_2493a507-RV_001_172.jpeg,E:\2. UM-Student\MSC Dissertation\Urban-Vision-Benchmark\Datasets\MTSD\Prepared\MTSD-Unaugmented\MTSD-YOLO\test\images\grp1_2493a507-RV_001_172.jpeg,1013.04,2270.02,1980.72,3217.54,1.0,traffic sign,False,False,3863.5,mtsd-p12
Cosmos Reason2 8B,traffic sign,grp1_25ff97a8-IMG20260105132835.jpg,E:\2. UM-Student\MSC Dissertation\Urban-Vision-Benchmark\Datasets\MTSD\Prepared\MTSD-Unaugmented\MTSD-YOLO\test\images\grp1_25ff97a8-IMG20260105132835.jpg,724.99,86.02,2070.53,1044.48,1.0,traffic sign,False,False,4457.5,mtsd-p12
Cosmos Reason2 8B,traffic sign,grp1_25ff97a8-IMG20260105132835.jpg,E:\2. UM-Student\MSC Dissertation\Urban-Vision-Benchmark\Datasets\MTSD\Prepared\MTSD-Unaugmented\MTSD-YOLO\test\images\grp1_25ff97a8-IMG20260105132835.jpg,466.94,860.16,2743.3,2805.76,1.0,traffic sign,False,False,4457.5,mtsd-p12
Cosmos Reason2 8B,traffic sign,grp1_265aa6a6-IMG_5573.jpeg,E:\2. UM-Student\MSC Dissertation\Urban-Vision-Benchmark\Datasets\MTSD\Prepared\MTSD-Unaugmented\MTSD-YOLO\test\images\grp1_265aa6a6-IMG_5573.jpeg,1315.44,1979.71,1693.44,2786.11,1.0,traffic sign,False,False,2389.1,mtsd-p12
Cosmos Reason2 8B,traffic sign,grp1_2a767150-RV_001_64.jpeg,E:\2. UM-Student\MSC Dissertation\Urban-Vision-Benchmark\Datasets\MTSD\Prepared\MTSD-Unaugmented\MTSD-YOLO\test\images\grp1_2a767150-RV_001_64.jpeg,910.22,2604.67,1941.41,3652.99,1.0,traffic sign,False,False,2396.0,mtsd-p12
Cosmos Reason2 8B,traffic sign,grp1_2f062204-IMG_5549.jpeg,E:\2. UM-Student\MSC Dissertation\Urban-Vision-Benchmark\Datasets\MTSD\Prepared\MTSD-Unaugmented\MTSD-YOLO\test\images\grp1_2f062204-IMG_5549.jpeg,1179.36,1774.08,1886.98,2491.78,1.0,traffic sign,False,False,5327.7,mtsd-p12
Cosmos Reason2 8B,traffic sign,grp1_2f062204-IMG_5549.jpeg,E:\2. UM-Student\MSC Dissertation\Urban-Vision-Benchmark\Datasets\MTSD\Prepared\MTSD-Unaugmented\MTSD-YOLO\test\images\grp1_2f062204-IMG_5549.jpeg,1787.18,3499.78,1841.62,3592.51,1.0,traffic sign,False,False,5327.7,mtsd-p12
Cosmos Reason2 8B,traffic sign,grp1_2f062204-IMG_5549.jpeg,E:\2. UM-Student\MSC Dissertation\Urban-Vision-Benchmark\Datasets\MTSD\Prepared\MTSD-Unaugmented\MTSD-YOLO\test\images\grp1_2f062204-IMG_5549.jpeg,2497.82,3536.06,2540.16,3685.25,1.0,traffic sign,False,False,5327.7,mtsd-p12
Cosmos Reason2 8B,traffic sign,grp1_335c2601-IMG_4793.jpeg,E:\2. UM-Student\MSC Dissertation\Urban-Vision-Benchmark\Datasets\MTSD\Prepared\MTSD-Unaugmented\MTSD-YOLO\test\images\grp1_335c2601-IMG_4793.jpeg,743.9,790.27,2240.78,2257.92,1.0,traffic sign,False,False,2385.7,mtsd-p12
Cosmos Reason2 8B,traffic sign,grp1_37e4fc9d-RV_001_33.jpeg,E:\2. UM-Student\MSC Dissertation\Urban-Vision-Benchmark\Datasets\MTSD\Prepared\MTSD-Unaugmented\MTSD-YOLO\test\images\grp1_37e4fc9d-RV_001_33.jpeg,1006.99,1895.04,2119.82,3003.84,1.0,traffic sign,False,False,2393.9,mtsd-p12
Cosmos Reason2 8B,traffic sign,grp1_39fe0c0b-IMG_4673.jpeg,E:\2. UM-Student\MSC Dissertation\Urban-Vision-Benchmark\Datasets\MTSD\Prepared\MTSD-Unaugmented\MTSD-YOLO\test\images\grp1_39fe0c0b-IMG_4673.jpeg,940.46,0.0,2543.18,971.71,1.0,traffic sign,False,False,3756.5,mtsd-p12
Cosmos Reason2 8B,traffic sign,grp1_39fe0c0b-IMG_4673.jpeg,E:\2. UM-Student\MSC Dissertation\Urban-Vision-Benchmark\Datasets\MTSD\Prepared\MTSD-Unaugmented\MTSD-YOLO\test\images\grp1_39fe0c0b-IMG_4673.jpeg,867.89,753.98,2077.49,2511.94,1.0,traffic sign,False,False,3756.5,mtsd-p12
Cosmos Reason2 8B,traffic sign,grp1_3b1bbe25-IMG_4677.jpeg,E:\2. UM-Student\MSC Dissertation\Urban-Vision-Benchmark\Datasets\MTSD\Prepared\MTSD-Unaugmented\MTSD-YOLO\test\images\grp1_3b1bbe25-IMG_4677.jpeg,465.7,1008.0,2528.06,3286.08,1.0,traffic sign,False,False,2494.3,mtsd-p12
Cosmos Reason2 8B,traffic sign,grp1_46552970-IMG_5766.jpeg,E:\2. UM-Student\MSC Dissertation\Urban-Vision-Benchmark\Datasets\MTSD\Prepared\MTSD-Unaugmented\MTSD-YOLO\test\images\grp1_46552970-IMG_5766.jpeg,1043.28,1628.93,1953.5,2628.86,1.0,traffic sign,False,False,4531.7,mtsd-p12
Cosmos Reason2 8B,traffic sign,grp1_46552970-IMG_5766.jpeg,E:\2. UM-Student\MSC Dissertation\Urban-Vision-Benchmark\Datasets\MTSD\Prepared\MTSD-Unaugmented\MTSD-YOLO\test\images\grp1_46552970-IMG_5766.jpeg,952.56,2624.83,2007.94,3370.75,1.0,traffic sign,False,False,4531.7,mtsd-p12
Cosmos Reason2 8B,traffic sign,grp1_4b0be6d1-IMG20260105131256.jpg,E:\2. UM-Student\MSC Dissertation\Urban-Vision-Benchmark\Datasets\MTSD\Prepared\MTSD-Unaugmented\MTSD-YOLO\test\images\grp1_4b0be6d1-IMG20260105131256.jpg,771.07,397.31,2482.18,3309.57,1.0,traffic sign,False,False,2368.0,mtsd-p12
Cosmos Reason2 8B,traffic sign,grp1_5068c583-IMG_4683.jpeg,E:\2. UM-Student\MSC Dissertation\Urban-Vision-Benchmark\Datasets\MTSD\Prepared\MTSD-Unaugmented\MTSD-YOLO\test\images\grp1_5068c583-IMG_4683.jpeg,768.1,1407.17,1992.82,3024.0,1.0,traffic sign,False,False,2383.6,mtsd-p12
Cosmos Reason2 8B,traffic sign,grp1_52634fe4-IMG_20260108_180144.jpg,E:\2. UM-Student\MSC Dissertation\Urban-Vision-Benchmark\Datasets\MTSD\Prepared\MTSD-Unaugmented\MTSD-YOLO\test\images\grp1_52634fe4-IMG_20260108_180144.jpg,1287.17,868.35,1778.69,3252.22,1.0,traffic sign,False,False,18864.4,mtsd-p12
Cosmos Reason2 8B,traffic sign,grp1_52634fe4-IMG_20260108_180144.jpg,E:\2. UM-Student\MSC Dissertation\Urban-Vision-Benchmark\Datasets\MTSD\Prepared\MTSD-Unaugmented\MTSD-YOLO\test\images\grp1_52634fe4-IMG_20260108_180144.jpg,1201.15,2117.63,1238.02,2187.26,1.0,traffic sign,False,False,18864.4,mtsd-p12
Cosmos Reason2 8B,traffic sign,grp1_52634fe4-IMG_20260108_180144.jpg,E:\2. UM-Student\MSC Dissertation\Urban-Vision-Benchmark\Datasets\MTSD\Prepared\MTSD-Unaugmented\MTSD-YOLO\test\images\grp1_52634fe4-IMG_20260108_180144.jpg,2082.82,2207.74,2144.26,2297.86,1.0,traffic sign,False,False,18864.4,mtsd-p12
Cosmos Reason2 8B,traffic sign,grp1_531e767b-IMG_4685.jpeg,E:\2. UM-Student\MSC Dissertation\Urban-Vision-Benchmark\Datasets\MTSD\Prepared\MTSD-Unaugmented\MTSD-YOLO\test\images\grp1_531e767b-IMG_4685.jpeg,314.5,1322.5,1977.7,3483.65,1.0,traffic sign,False,False,2382.3,mtsd-p12
Cosmos Reason2 8B,traffic sign,grp1_53e7c3c2-IMG_5568.jpeg,E:\2. UM-Student\MSC Dissertation\Urban-Vision-Benchmark\Datasets\MTSD\Prepared\MTSD-Unaugmented\MTSD-YOLO\test\images\grp1_53e7c3c2-IMG_5568.jpeg,1070.5,1701.5,1696.46,2802.24,1.0,traffic sign,False,False,2381.7,mtsd-p12
Cosmos Reason2 8B,traffic sign,grp1_578dabe6-IMG_4802.jpeg,E:\2. UM-Student\MSC Dissertation\Urban-Vision-Benchmark\Datasets\MTSD\Prepared\MTSD-Unaugmented\MTSD-YOLO\test\images\grp1_578dabe6-IMG_4802.jpeg,795.31,963.65,2301.26,2201.47,1.0,traffic sign,False,False,2409.9,mtsd-p12
Cosmos Reason2 8B,traffic sign,grp1_598f8dcc-IMG_5777.jpeg,E:\2. UM-Student\MSC Dissertation\Urban-Vision-Benchmark\Datasets\MTSD\Prepared\MTSD-Unaugmented\MTSD-YOLO\test\images\grp1_598f8dcc-IMG_5777.jpeg,379.82,749.7,1005.49,1362.9,1.0,traffic sign,False,False,3855.1,mtsd-p12
Cosmos Reason2 8B,traffic sign,grp1_598f8dcc-IMG_5777.jpeg,E:\2. UM-Student\MSC Dissertation\Urban-Vision-Benchmark\Datasets\MTSD\Prepared\MTSD-Unaugmented\MTSD-YOLO\test\images\grp1_598f8dcc-IMG_5777.jpeg,923.54,1434.3,978.7,1520.4,1.0,traffic sign,False,False,3855.1,mtsd-p12
Cosmos Reason2 8B,traffic sign,grp1_5eb024cb-IMG_20260108_180228.jpg,E:\2. UM-Student\MSC Dissertation\Urban-Vision-Benchmark\Datasets\MTSD\Prepared\MTSD-Unaugmented\MTSD-YOLO\test\images\grp1_5eb024cb-IMG_20260108_180228.jpg,552.96,933.89,2568.19,2924.54,1.0,traffic sign,False,False,2962.6,mtsd-p12
Cosmos Reason2 8B,traffic sign,grp1_64a36757-IMG20251230164429.jpg,E:\2. UM-Student\MSC Dissertation\Urban-Vision-Benchmark\Datasets\MTSD\Prepared\MTSD-Unaugmented\MTSD-YOLO\test\images\grp1_64a36757-IMG20251230164429.jpg,565.25,970.75,2264.06,2453.5,1.0,traffic sign,False,False,2373.3,mtsd-p12
Cosmos Reason2 8B,traffic sign,grp1_69e094db-IMG20260103164903.jpg,E:\2. UM-Student\MSC Dissertation\Urban-Vision-Benchmark\Datasets\MTSD\Prepared\MTSD-Unaugmented\MTSD-YOLO\test\images\grp1_69e094db-IMG20260103164903.jpg,408.58,655.36,2383.87,2740.22,1.0,traffic sign,False,False,2377.9,mtsd-p12
Cosmos Reason2 8B,traffic sign,grp1_6ad1ae03-IMG_4778.jpeg,E:\2. UM-Student\MSC Dissertation\Urban-Vision-Benchmark\Datasets\MTSD\Prepared\MTSD-Unaugmented\MTSD-YOLO\test\images\grp1_6ad1ae03-IMG_4778.jpeg,574.56,225.79,2652.05,1955.52,1.0,traffic sign,False,False,2322.5,mtsd-p12
Cosmos Reason2 8B,traffic sign,grp1_7052b6a6-IMG_5704.jpeg,E:\2. UM-Student\MSC Dissertation\Urban-Vision-Benchmark\Datasets\MTSD\Prepared\MTSD-Unaugmented\MTSD-YOLO\test\images\grp1_7052b6a6-IMG_5704.jpeg,886.03,1499.9,2004.91,2499.84,1.0,traffic sign,False,False,2376.9,mtsd-p12
Cosmos Reason2 8B,traffic sign,grp1_71268279-IMG_4702.jpeg,E:\2. UM-Student\MSC Dissertation\Urban-Vision-Benchmark\Datasets\MTSD\Prepared\MTSD-Unaugmented\MTSD-YOLO\test\images\grp1_71268279-IMG_4702.jpeg,1031.18,1612.8,2029.1,2745.79,1.0,traffic sign,False,False,2382.0,mtsd-p12
Cosmos Reason2 8B,traffic sign,grp1_7fcdb608-IMG_5767.jpeg,E:\2. UM-Student\MSC Dissertation\Urban-Vision-Benchmark\Datasets\MTSD\Prepared\MTSD-Unaugmented\MTSD-YOLO\test\images\grp1_7fcdb608-IMG_5767.jpeg,1291.25,1346.69,1714.61,2677.25,1.0,traffic sign,False,False,3844.1,mtsd-p12
Cosmos Reason2 8B,traffic sign,grp1_7fcdb608-IMG_5767.jpeg,E:\2. UM-Student\MSC Dissertation\Urban-Vision-Benchmark\Datasets\MTSD\Prepared\MTSD-Unaugmented\MTSD-YOLO\test\images\grp1_7fcdb608-IMG_5767.jpeg,985.82,2564.35,1853.71,3600.58,1.0,traffic sign,False,False,3844.1,mtsd-p12
Cosmos Reason2 8B,traffic sign,grp1_8135c353-IMG_4634.jpeg,E:\2. UM-Student\MSC Dissertation\Urban-Vision-Benchmark\Datasets\MTSD\Prepared\MTSD-Unaugmented\MTSD-YOLO\test\images\grp1_8135c353-IMG_4634.jpeg,970.7,3790.08,1527.12,4027.97,1.0,traffic sign,False,False,2366.7,mtsd-p12
Cosmos Reason2 8B,traffic sign,grp1_831c366a-IMG_5656.jpeg,E:\2. UM-Student\MSC Dissertation\Urban-Vision-Benchmark\Datasets\MTSD\Prepared\MTSD-Unaugmented\MTSD-YOLO\test\images\grp1_831c366a-IMG_5656.jpeg,394.0,720.3,1246.62,2097.9,1.0,traffic sign,False,False,2978.1,mtsd-p12
Cosmos Reason2 8B,traffic sign,grp1_87d2eeb0-IMG20251124134318.jpg,E:\2. UM-Student\MSC Dissertation\Urban-Vision-Benchmark\Datasets\MTSD\Prepared\MTSD-Unaugmented\MTSD-YOLO\test\images\grp1_87d2eeb0-IMG20251124134318.jpg,,,,,,<no detections>,False,False,922.2,mtsd-p12
Cosmos Reason2 8B,traffic sign,grp1_8941e841-RV_001_100.jpeg,E:\2. UM-Student\MSC Dissertation\Urban-Vision-Benchmark\Datasets\MTSD\Prepared\MTSD-Unaugmented\MTSD-YOLO\test\images\grp1_8941e841-RV_001_100.jpeg,45.36,3600.58,93.74,3709.44,1.0,traffic sign,False,False,2301.2,mtsd-p12
Cosmos Reason2 8B,traffic sign,grp1_8b994555-IMG_5798.jpeg,E:\2. UM-Student\MSC Dissertation\Urban-Vision-Benchmark\Datasets\MTSD\Prepared\MTSD-Unaugmented\MTSD-YOLO\test\images\grp1_8b994555-IMG_5798.jpeg,795.31,459.65,2147.04,1552.32,1.0,traffic sign,False,False,5224.9,mtsd-p12
Cosmos Reason2 8B,traffic sign,grp1_8b994555-IMG_5798.jpeg,E:\2. UM-Student\MSC Dissertation\Urban-Vision-Benchmark\Datasets\MTSD\Prepared\MTSD-Unaugmented\MTSD-YOLO\test\images\grp1_8b994555-IMG_5798.jpeg,922.32,1560.38,2023.06,2628.86,1.0,traffic sign,False,False,5224.9,mtsd-p12
Cosmos Reason2 8B,traffic sign,grp1_8b994555-IMG_5798.jpeg,E:\2. UM-Student\MSC Dissertation\Urban-Vision-Benchmark\Datasets\MTSD\Prepared\MTSD-Unaugmented\MTSD-YOLO\test\images\grp1_8b994555-IMG_5798.jpeg,57.46,2628.86,166.32,2765.95,1.0,traffic sign,False,False,5224.9,mtsd-p12
Cosmos Reason2 8B,traffic sign,grp1_8d820602-IMG_4687.jpeg,E:\2. UM-Student\MSC Dissertation\Urban-Vision-Benchmark\Datasets\MTSD\Prepared\MTSD-Unaugmented\MTSD-YOLO\test\images\grp1_8d820602-IMG_4687.jpeg,1303.34,1112.83,1850.69,3346.56,1.0,traffic sign,False,False,2383.2,mtsd-p12
Cosmos Reason2 8B,traffic sign,grp1_8fe876b9-IMG_4754.jpeg,E:\2. UM-Student\MSC Dissertation\Urban-Vision-Benchmark\Datasets\MTSD\Prepared\MTSD-Unaugmented\MTSD-YOLO\test\images\grp1_8fe876b9-IMG_4754.jpeg,1635.98,850.75,2268.0,3140.93,1.0,traffic sign,False,False,2407.0,mtsd-p12
Cosmos Reason2 8B,traffic sign,grp1_9082eb51-IMG20251230170110.jpg,E:\2. UM-Student\MSC Dissertation\Urban-Vision-Benchmark\Datasets\MTSD\Prepared\MTSD-Unaugmented\MTSD-YOLO\test\images\grp1_9082eb51-IMG20251230170110.jpg,1148.93,802.82,1981.44,3301.38,1.0,traffic sign,False,False,2386.5,mtsd-p12
Cosmos Reason2 8B,traffic sign,grp1_9dfbd54a-IMG_5537.jpeg,E:\2. UM-Student\MSC Dissertation\Urban-Vision-Benchmark\Datasets\MTSD\Prepared\MTSD-Unaugmented\MTSD-YOLO\test\images\grp1_9dfbd54a-IMG_5537.jpeg,526.38,808.5,1059.07,1356.6,1.0,traffic sign,False,False,2385.8,mtsd-p12
Cosmos Reason2 8B,traffic sign,grp1_9f52d58a-IMG_5554.jpeg,E:\2. UM-Student\MSC Dissertation\Urban-Vision-Benchmark\Datasets\MTSD\Prepared\MTSD-Unaugmented\MTSD-YOLO\test\images\grp1_9f52d58a-IMG_5554.jpeg,958.61,1616.83,2195.42,2584.51,1.0,traffic sign,False,False,4570.9,mtsd-p12
Cosmos Reason2 8B,traffic sign,grp1_9f52d58a-IMG_5554.jpeg,E:\2. UM-Student\MSC Dissertation\Urban-Vision-Benchmark\Datasets\MTSD\Prepared\MTSD-Unaugmented\MTSD-YOLO\test\images\grp1_9f52d58a-IMG_5554.jpeg,719.71,2560.32,2316.38,4027.97,1.0,traffic sign,False,False,4570.9,mtsd-p12
Cosmos Reason2 8B,traffic sign,grp1_a7df285e-RV_001_147.jpeg,E:\2. UM-Student\MSC Dissertation\Urban-Vision-Benchmark\Datasets\MTSD\Prepared\MTSD-Unaugmented\MTSD-YOLO\test\images\grp1_a7df285e-RV_001_147.jpeg,1375.92,3286.08,1484.78,3463.49,1.0,traffic sign,False,False,2404.7,mtsd-p12
Cosmos Reason2 8B,traffic sign,grp1_a9638634-IMG20260105131308.jpg,E:\2. UM-Student\MSC Dissertation\Urban-Vision-Benchmark\Datasets\MTSD\Prepared\MTSD-Unaugmented\MTSD-YOLO\test\images\grp1_a9638634-IMG20260105131308.jpg,976.9,733.18,2079.74,3256.32,1.0,traffic sign,False,False,3817.0,mtsd-p12
Cosmos Reason2 8B,traffic sign,grp1_a9638634-IMG20260105131308.jpg,E:\2. UM-Student\MSC Dissertation\Urban-Vision-Benchmark\Datasets\MTSD\Prepared\MTSD-Unaugmented\MTSD-YOLO\test\images\grp1_a9638634-IMG20260105131308.jpg,1142.78,0.0,1855.49,1183.74,1.0,traffic sign,False,False,3817.0,mtsd-p12
Cosmos Reason2 8B,traffic sign,grp1_aa406f9d-IMG_4615.jpeg,E:\2. UM-Student\MSC Dissertation\Urban-Vision-Benchmark\Datasets\MTSD\Prepared\MTSD-Unaugmented\MTSD-YOLO\test\images\grp1_aa406f9d-IMG_4615.jpeg,819.5,1588.61,2047.25,2963.52,1.0,traffic sign,False,False,2398.9,mtsd-p12
Cosmos Reason2 8B,traffic sign,grp1_b82e20fa-IMG_4708.jpeg,E:\2. UM-Student\MSC Dissertation\Urban-Vision-Benchmark\Datasets\MTSD\Prepared\MTSD-Unaugmented\MTSD-YOLO\test\images\grp1_b82e20fa-IMG_4708.jpeg,,,,,,<no detections>,False,False,926.1,mtsd-p12
Cosmos Reason2 8B,traffic sign,grp1_c74547eb-RV_001_38.jpeg,E:\2. UM-Student\MSC Dissertation\Urban-Vision-Benchmark\Datasets\MTSD\Prepared\MTSD-Unaugmented\MTSD-YOLO\test\images\grp1_c74547eb-RV_001_38.jpeg,1251.94,1632.96,1823.47,2640.96,1.0,traffic sign,False,False,3934.9,mtsd-p12
Cosmos Reason2 8B,traffic sign,grp1_c74547eb-RV_001_38.jpeg,E:\2. UM-Student\MSC Dissertation\Urban-Vision-Benchmark\Datasets\MTSD\Prepared\MTSD-Unaugmented\MTSD-YOLO\test\images\grp1_c74547eb-RV_001_38.jpeg,2343.6,3241.73,2404.08,3431.23,1.0,traffic sign,False,False,3934.9,mtsd-p12
Cosmos Reason2 8B,traffic sign,grp1_ca48394e-RV_001_125.jpeg,E:\2. UM-Student\MSC Dissertation\Urban-Vision-Benchmark\Datasets\MTSD\Prepared\MTSD-Unaugmented\MTSD-YOLO\test\images\grp1_ca48394e-RV_001_125.jpeg,1300.32,1991.81,1672.27,3011.9,1.0,traffic sign,False,False,2384.7,mtsd-p12
Cosmos Reason2 8B,traffic sign,grp1_cb282f25-RV_001_112.jpeg,E:\2. UM-Student\MSC Dissertation\Urban-Vision-Benchmark\Datasets\MTSD\Prepared\MTSD-Unaugmented\MTSD-YOLO\test\images\grp1_cb282f25-RV_001_112.jpeg,1037.23,2032.13,2065.39,2975.62,1.0,traffic sign,False,False,2442.5,mtsd-p12
Cosmos Reason2 8B,traffic sign,grp1_ce09cd20-IMG_4692.jpeg,E:\2. UM-Student\MSC Dissertation\Urban-Vision-Benchmark\Datasets\MTSD\Prepared\MTSD-Unaugmented\MTSD-YOLO\test\images\grp1_ce09cd20-IMG_4692.jpeg,752.73,2227.01,2173.54,3648.66,1.0,traffic sign,False,False,3058.9,mtsd-p12
Cosmos Reason2 8B,traffic sign,grp1_d341fc22-IMG20260105131647.jpg,E:\2. UM-Student\MSC Dissertation\Urban-Vision-Benchmark\Datasets\MTSD\Prepared\MTSD-Unaugmented\MTSD-YOLO\test\images\grp1_d341fc22-IMG20260105131647.jpg,629.76,1019.9,2540.54,3137.54,1.0,traffic sign,False,False,2391.5,mtsd-p12
Cosmos Reason2 8B,traffic sign,grp1_d64c06cd-IMG20260103165218.jpg,E:\2. UM-Student\MSC Dissertation\Urban-Vision-Benchmark\Datasets\MTSD\Prepared\MTSD-Unaugmented\MTSD-YOLO\test\images\grp1_d64c06cd-IMG20260103165218.jpg,675.84,880.64,2568.19,2871.3,1.0,traffic sign,False,False,3891.2,mtsd-p12
Cosmos Reason2 8B,traffic sign,grp1_d64c06cd-IMG20260103165218.jpg,E:\2. UM-Student\MSC Dissertation\Urban-Vision-Benchmark\Datasets\MTSD\Prepared\MTSD-Unaugmented\MTSD-YOLO\test\images\grp1_d64c06cd-IMG20260103165218.jpg,463.87,2752.51,3068.93,3997.7,1.0,traffic sign,False,False,3891.2,mtsd-p12
Cosmos Reason2 8B,traffic sign,grp1_d681b797-IMG20260105132903.jpg,E:\2. UM-Student\MSC Dissertation\Urban-Vision-Benchmark\Datasets\MTSD\Prepared\MTSD-Unaugmented\MTSD-YOLO\test\images\grp1_d681b797-IMG20260105132903.jpg,1010.69,487.42,2236.42,3280.9,1.0,traffic sign,False,False,3891.6,mtsd-p12
Cosmos Reason2 8B,traffic sign,grp1_d681b797-IMG20260105132903.jpg,E:\2. UM-Student\MSC Dissertation\Urban-Vision-Benchmark\Datasets\MTSD\Prepared\MTSD-Unaugmented\MTSD-YOLO\test\images\grp1_d681b797-IMG20260105132903.jpg,2368.51,1236.99,3068.93,3485.7,1.0,traffic sign,False,False,3891.6,mtsd-p12
Cosmos Reason2 8B,traffic sign,grp1_db486299-IMG_5815.jpeg,E:\2. UM-Student\MSC Dissertation\Urban-Vision-Benchmark\Datasets\MTSD\Prepared\MTSD-Unaugmented\MTSD-YOLO\test\images\grp1_db486299-IMG_5815.jpeg,988.85,1467.65,2180.3,2515.97,1.0,traffic sign,False,False,2465.5,mtsd-p12
Cosmos Reason2 8B,traffic sign,grp1_dbac3098-IMG_4803.jpeg,E:\2. UM-Student\MSC Dissertation\Urban-Vision-Benchmark\Datasets\MTSD\Prepared\MTSD-Unaugmented\MTSD-YOLO\test\images\grp1_dbac3098-IMG_4803.jpeg,1288.22,951.55,2228.69,2693.38,1.0,traffic sign,False,False,2384.6,mtsd-p12
Cosmos Reason2 8B,traffic sign,grp1_e1306f94-IMG20251230164545.jpg,E:\2. UM-Student\MSC Dissertation\Urban-Vision-Benchmark\Datasets\MTSD\Prepared\MTSD-Unaugmented\MTSD-YOLO\test\images\grp1_e1306f94-IMG20251230164545.jpg,531.46,1044.48,2691.07,3035.14,1.0,traffic sign,False,False,2385.9,mtsd-p12
Cosmos Reason2 8B,traffic sign,grp1_e3c71733-IMG_5538.jpeg,E:\2. UM-Student\MSC Dissertation\Urban-Vision-Benchmark\Datasets\MTSD\Prepared\MTSD-Unaugmented\MTSD-YOLO\test\images\grp1_e3c71733-IMG_5538.jpeg,1303.34,1451.52,1871.86,2568.38,1.0,traffic sign,False,False,2412.4,mtsd-p12
Cosmos Reason2 8B,traffic sign,grp1_e7b1a54d-IMG_5669.jpeg,E:\2. UM-Student\MSC Dissertation\Urban-Vision-Benchmark\Datasets\MTSD\Prepared\MTSD-Unaugmented\MTSD-YOLO\test\images\grp1_e7b1a54d-IMG_5669.jpeg,2585.52,2540.16,3020.98,3036.1,1.0,traffic sign,False,False,3076.7,mtsd-p12
Cosmos Reason2 8B,traffic sign,grp1_e9043741-IMG_4709.jpeg,E:\2. UM-Student\MSC Dissertation\Urban-Vision-Benchmark\Datasets\MTSD\Prepared\MTSD-Unaugmented\MTSD-YOLO\test\images\grp1_e9043741-IMG_4709.jpeg,1814.4,96.77,2001.89,471.74,1.0,traffic sign,False,False,2330.8,mtsd-p12
Cosmos Reason2 8B,traffic sign,grp1_ec712362-IMG_5803.jpeg,E:\2. UM-Student\MSC Dissertation\Urban-Vision-Benchmark\Datasets\MTSD\Prepared\MTSD-Unaugmented\MTSD-YOLO\test\images\grp1_ec712362-IMG_5803.jpeg,512.2,260.4,1117.38,867.3,1.0,traffic sign,False,False,18809.5,mtsd-p12
Cosmos Reason2 8B,traffic sign,grp1_ec712362-IMG_5803.jpeg,E:\2. UM-Student\MSC Dissertation\Urban-Vision-Benchmark\Datasets\MTSD\Prepared\MTSD-Unaugmented\MTSD-YOLO\test\images\grp1_ec712362-IMG_5803.jpeg,515.35,867.3,1065.38,1423.8,1.0,traffic sign,False,False,18809.5,mtsd-p12
Cosmos Reason2 8B,traffic sign,grp1_ec712362-IMG_5803.jpeg,E:\2. UM-Student\MSC Dissertation\Urban-Vision-Benchmark\Datasets\MTSD\Prepared\MTSD-Unaugmented\MTSD-YOLO\test\images\grp1_ec712362-IMG_5803.jpeg,844.74,1638.0,906.2,1715.7,1.0,traffic sign,False,False,18809.5,mtsd-p12
Cosmos Reason2 8B,traffic sign,grp1_ec712362-IMG_5803.jpeg,E:\2. UM-Student\MSC Dissertation\Urban-Vision-Benchmark\Datasets\MTSD\Prepared\MTSD-Unaugmented\MTSD-YOLO\test\images\grp1_ec712362-IMG_5803.jpeg,471.22,1644.3,505.9,1703.1,1.0,traffic sign,False,False,18809.5,mtsd-p12
Cosmos Reason2 8B,traffic sign,grp1_ec712362-IMG_5803.jpeg,E:\2. UM-Student\MSC Dissertation\Urban-Vision-Benchmark\Datasets\MTSD\Prepared\MTSD-Unaugmented\MTSD-YOLO\test\images\grp1_ec712362-IMG_5803.jpeg,340.42,1644.3,368.78,1715.7,1.0,traffic sign,False,False,18809.5,mtsd-p12
Cosmos Reason2 8B,traffic sign,grp1_ec712362-IMG_5803.jpeg,E:\2. UM-Student\MSC Dissertation\Urban-Vision-Benchmark\Datasets\MTSD\Prepared\MTSD-Unaugmented\MTSD-YOLO\test\images\grp1_ec712362-IMG_5803.jpeg,1063.8,1652.7,1104.78,1707.3,1.0,traffic sign,False,False,18809.5,mtsd-p12
Cosmos Reason2 8B,traffic sign,grp1_ec712362-IMG_5803.jpeg,E:\2. UM-Student\MSC Dissertation\Urban-Vision-Benchmark\Datasets\MTSD\Prepared\MTSD-Unaugmented\MTSD-YOLO\test\images\grp1_ec712362-IMG_5803.jpeg,315.2,1654.8,332.54,1707.3,1.0,traffic sign,False,False,18809.5,mtsd-p12
Cosmos Reason2 8B,traffic sign,grp1_ec712362-IMG_5803.jpeg,E:\2. UM-Student\MSC Dissertation\Urban-Vision-Benchmark\Datasets\MTSD\Prepared\MTSD-Unaugmented\MTSD-YOLO\test\images\grp1_ec712362-IMG_5803.jpeg,671.38,1661.1,688.71,1703.1,1.0,traffic sign,False,False,18809.5,mtsd-p12
Cosmos Reason2 8B,traffic sign,grp1_ec712362-IMG_5803.jpeg,E:\2. UM-Student\MSC Dissertation\Urban-Vision-Benchmark\Datasets\MTSD\Prepared\MTSD-Unaugmented\MTSD-YOLO\test\images\grp1_ec712362-IMG_5803.jpeg,687.14,1661.1,699.74,1698.9,1.0,traffic sign,False,False,18809.5,mtsd-p12
Cosmos Reason2 8B,traffic sign,grp1_ec712362-IMG_5803.jpeg,E:\2. UM-Student\MSC Dissertation\Urban-Vision-Benchmark\Datasets\MTSD\Prepared\MTSD-Unaugmented\MTSD-YOLO\test\images\grp1_ec712362-IMG_5803.jpeg,699.74,1661.1,712.35,1698.9,1.0,traffic sign,False,False,18809.5,mtsd-p12
Cosmos Reason2 8B,traffic sign,grp1_ec712362-IMG_5803.jpeg,E:\2. UM-Student\MSC Dissertation\Urban-Vision-Benchmark\Datasets\MTSD\Prepared\MTSD-Unaugmented\MTSD-YOLO\test\images\grp1_ec712362-IMG_5803.jpeg,712.35,1661.1,724.96,1698.9,1.0,traffic sign,False,False,18809.5,mtsd-p12
Cosmos Reason2 8B,traffic sign,grp1_ec712362-IMG_5803.jpeg,E:\2. UM-Student\MSC Dissertation\Urban-Vision-Benchmark\Datasets\MTSD\Prepared\MTSD-Unaugmented\MTSD-YOLO\test\images\grp1_ec712362-IMG_5803.jpeg,724.96,1661.1,737.57,1698.9,1.0,traffic sign,False,False,18809.5,mtsd-p12
Cosmos Reason2 8B,traffic sign,grp1_f28bdb6c-RV_001_29.jpeg,E:\2. UM-Student\MSC Dissertation\Urban-Vision-Benchmark\Datasets\MTSD\Prepared\MTSD-Unaugmented\MTSD-YOLO\test\images\grp1_f28bdb6c-RV_001_29.jpeg,1451.52,1266.05,2110.75,2443.39,1.0,traffic sign,False,False,2371.7,mtsd-p12
Cosmos Reason2 8B,traffic sign,grp1_f3f0450d-IMG20260105132606.jpg,E:\2. UM-Student\MSC Dissertation\Urban-Vision-Benchmark\Datasets\MTSD\Prepared\MTSD-Unaugmented\MTSD-YOLO\test\images\grp1_f3f0450d-IMG20260105132606.jpg,635.9,1011.71,2282.5,2121.73,1.0,traffic sign,False,False,2401.9,mtsd-p12
Cosmos Reason2 8B,traffic sign,grp1_f4371c23-IMG_5562.jpeg,E:\2. UM-Student\MSC Dissertation\Urban-Vision-Benchmark\Datasets\MTSD\Prepared\MTSD-Unaugmented\MTSD-YOLO\test\images\grp1_f4371c23-IMG_5562.jpeg,1040.26,1479.74,1608.77,2721.6,1.0,traffic sign,False,False,2381.5,mtsd-p12
Cosmos Reason2 8B,traffic sign,grp1_f468f4a5-IMG_5772.jpeg,E:\2. UM-Student\MSC Dissertation\Urban-Vision-Benchmark\Datasets\MTSD\Prepared\MTSD-Unaugmented\MTSD-YOLO\test\images\grp1_f468f4a5-IMG_5772.jpeg,834.62,1338.62,2004.91,2882.88,1.0,traffic sign,False,False,2389.3,mtsd-p12
Cosmos Reason2 8B,traffic sign,grp1_fa18c1a9-IMG_5810.jpeg,E:\2. UM-Student\MSC Dissertation\Urban-Vision-Benchmark\Datasets\MTSD\Prepared\MTSD-Unaugmented\MTSD-YOLO\test\images\grp1_fa18c1a9-IMG_5810.jpeg,1261.01,1564.42,1717.63,2999.81,1.0,traffic sign,False,False,3847.4,mtsd-p12
Cosmos Reason2 8B,traffic sign,grp1_fa18c1a9-IMG_5810.jpeg,E:\2. UM-Student\MSC Dissertation\Urban-Vision-Benchmark\Datasets\MTSD\Prepared\MTSD-Unaugmented\MTSD-YOLO\test\images\grp1_fa18c1a9-IMG_5810.jpeg,2004.91,3342.53,2074.46,3455.42,1.0,traffic sign,False,False,3847.4,mtsd-p12
Cosmos Reason2 8B,traffic sign,grp1_fb9922e7-IMG_4700.jpeg,E:\2. UM-Student\MSC Dissertation\Urban-Vision-Benchmark\Datasets\MTSD\Prepared\MTSD-Unaugmented\MTSD-YOLO\test\images\grp1_fb9922e7-IMG_4700.jpeg,1079.57,3632.83,1391.04,4027.97,1.0,traffic sign,False,False,2986.7,mtsd-p12
Cosmos Reason2 8B,traffic sign,grp1_fd97d901-IMG20260105125535.jpg,E:\2. UM-Student\MSC Dissertation\Urban-Vision-Benchmark\Datasets\MTSD\Prepared\MTSD-Unaugmented\MTSD-YOLO\test\images\grp1_fd97d901-IMG20260105125535.jpg,1259.52,1224.7,1803.26,2670.59,1.0,traffic sign,False,False,2389.7,mtsd-p12
Cosmos Reason2 8B,traffic sign,grp1_fdedfd29-IMG_4737.jpeg,E:\2. UM-Student\MSC Dissertation\Urban-Vision-Benchmark\Datasets\MTSD\Prepared\MTSD-Unaugmented\MTSD-YOLO\test\images\grp1_fdedfd29-IMG_4737.jpeg,1164.24,584.64,1995.84,3318.34,1.0,traffic sign,False,False,2368.1,mtsd-p12
Cosmos Reason2 8B,traffic sign,grp2_0cd46f17-MP_0097.jpg,E:\2. UM-Student\MSC Dissertation\Urban-Vision-Benchmark\Datasets\MTSD\Prepared\MTSD-Unaugmented\MTSD-YOLO\test\images\grp2_0cd46f17-MP_0097.jpg,1090.91,1181.38,2041.2,2382.91,1.0,traffic sign,False,False,2198.4,mtsd-p12
Cosmos Reason2 8B,traffic sign,grp2_1a942391-IMG_20251224_114123.jpg,E:\2. UM-Student\MSC Dissertation\Urban-Vision-Benchmark\Datasets\MTSD\Prepared\MTSD-Unaugmented\MTSD-YOLO\test\images\grp2_1a942391-IMG_20251224_114123.jpg,1545.0,1136.0,1608.0,1580.0,1.0,traffic sign,False,False,3847.5,mtsd-p12
Cosmos Reason2 8B,traffic sign,grp2_1a942391-IMG_20251224_114123.jpg,E:\2. UM-Student\MSC Dissertation\Urban-Vision-Benchmark\Datasets\MTSD\Prepared\MTSD-Unaugmented\MTSD-YOLO\test\images\grp2_1a942391-IMG_20251224_114123.jpg,1551.0,1564.0,1623.0,1812.0,1.0,traffic sign,False,False,3847.5,mtsd-p12
Cosmos Reason2 8B,traffic sign,grp2_1cd6f44d-20251223_152650.jpg,E:\2. UM-Student\MSC Dissertation\Urban-Vision-Benchmark\Datasets\MTSD\Prepared\MTSD-Unaugmented\MTSD-YOLO\test\images\grp2_1cd6f44d-20251223_152650.jpg,162.18,2313.36,1389.24,3255.84,1.0,traffic sign,False,False,2326.2,mtsd-p12
Cosmos Reason2 8B,traffic sign,grp2_1d09be1b-MP_0034.jpg,E:\2. UM-Student\MSC Dissertation\Urban-Vision-Benchmark\Datasets\MTSD\Prepared\MTSD-Unaugmented\MTSD-YOLO\test\images\grp2_1d09be1b-MP_0034.jpg,989.18,1212.42,1812.48,1650.69,1.0,traffic sign,False,False,6707.4,mtsd-p12
Cosmos Reason2 8B,traffic sign,grp2_1d09be1b-MP_0034.jpg,E:\2. UM-Student\MSC Dissertation\Urban-Vision-Benchmark\Datasets\MTSD\Prepared\MTSD-Unaugmented\MTSD-YOLO\test\images\grp2_1d09be1b-MP_0034.jpg,1437.7,339.97,1536.0,1236.99,1.0,traffic sign,False,False,6707.4,mtsd-p12
Cosmos Reason2 8B,traffic sign,grp2_1d09be1b-MP_0034.jpg,E:\2. UM-Student\MSC Dissertation\Urban-Vision-Benchmark\Datasets\MTSD\Prepared\MTSD-Unaugmented\MTSD-YOLO\test\images\grp2_1d09be1b-MP_0034.jpg,488.45,1814.53,712.7,2031.62,1.0,traffic sign,False,False,6707.4,mtsd-p12
Cosmos Reason2 8B,traffic sign,grp2_1d09be1b-MP_0034.jpg,E:\2. UM-Student\MSC Dissertation\Urban-Vision-Benchmark\Datasets\MTSD\Prepared\MTSD-Unaugmented\MTSD-YOLO\test\images\grp2_1d09be1b-MP_0034.jpg,2688.0,1953.79,2749.44,2031.62,1.0,traffic sign,False,False,6707.4,mtsd-p12
Cosmos Reason2 8B,traffic sign,grp2_1f7e1b10-20251224_132557.jpg,E:\2. UM-Student\MSC Dissertation\Urban-Vision-Benchmark\Datasets\MTSD\Prepared\MTSD-Unaugmented\MTSD-YOLO\test\images\grp2_1f7e1b10-20251224_132557.jpg,1052.64,1485.12,1979.82,2235.84,1.0,traffic sign,False,False,5368.1,mtsd-p12
Cosmos Reason2 8B,traffic sign,grp2_1f7e1b10-20251224_132557.jpg,E:\2. UM-Student\MSC Dissertation\Urban-Vision-Benchmark\Datasets\MTSD\Prepared\MTSD-Unaugmented\MTSD-YOLO\test\images\grp2_1f7e1b10-20251224_132557.jpg,1067.94,2178.72,1985.94,2578.56,1.0,traffic sign,False,False,5368.1,mtsd-p12
Cosmos Reason2 8B,traffic sign,grp2_1f7e1b10-20251224_132557.jpg,E:\2. UM-Student\MSC Dissertation\Urban-Vision-Benchmark\Datasets\MTSD\Prepared\MTSD-Unaugmented\MTSD-YOLO\test\images\grp2_1f7e1b10-20251224_132557.jpg,504.9,2023.68,1153.62,3100.8,1.0,traffic sign,False,False,5368.1,mtsd-p12
Cosmos Reason2 8B,traffic sign,grp2_21220c6f-IMG_20251223_114958.jpg,E:\2. UM-Student\MSC Dissertation\Urban-Vision-Benchmark\Datasets\MTSD\Prepared\MTSD-Unaugmented\MTSD-YOLO\test\images\grp2_21220c6f-IMG_20251223_114958.jpg,1293.0,1096.0,1899.0,1600.0,1.0,traffic sign,False,False,7496.6,mtsd-p12
Cosmos Reason2 8B,traffic sign,grp2_21220c6f-IMG_20251223_114958.jpg,E:\2. UM-Student\MSC Dissertation\Urban-Vision-Benchmark\Datasets\MTSD\Prepared\MTSD-Unaugmented\MTSD-YOLO\test\images\grp2_21220c6f-IMG_20251223_114958.jpg,1302.0,1584.0,1860.0,2148.0,1.0,traffic sign,False,False,7496.6,mtsd-p12
Cosmos Reason2 8B,traffic sign,grp2_21220c6f-IMG_20251223_114958.jpg,E:\2. UM-Student\MSC Dissertation\Urban-Vision-Benchmark\Datasets\MTSD\Prepared\MTSD-Unaugmented\MTSD-YOLO\test\images\grp2_21220c6f-IMG_20251223_114958.jpg,1299.0,2076.0,1848.0,2332.0,1.0,traffic sign,False,False,7496.6,mtsd-p12
Cosmos Reason2 8B,traffic sign,grp2_21220c6f-IMG_20251223_114958.jpg,E:\2. UM-Student\MSC Dissertation\Urban-Vision-Benchmark\Datasets\MTSD\Prepared\MTSD-Unaugmented\MTSD-YOLO\test\images\grp2_21220c6f-IMG_20251223_114958.jpg,417.0,2508.0,498.0,2608.0,1.0,traffic sign,False,False,7496.6,mtsd-p12
Cosmos Reason2 8B,traffic sign,grp2_24c5c7cd-20251223_155820.jpg,E:\2. UM-Student\MSC Dissertation\Urban-Vision-Benchmark\Datasets\MTSD\Prepared\MTSD-Unaugmented\MTSD-YOLO\test\images\grp2_24c5c7cd-20251223_155820.jpg,1343.34,1024.08,2169.54,1876.8,1.0,traffic sign,False,False,3828.5,mtsd-p12
Cosmos Reason2 8B,traffic sign,grp2_24c5c7cd-20251223_155820.jpg,E:\2. UM-Student\MSC Dissertation\Urban-Vision-Benchmark\Datasets\MTSD\Prepared\MTSD-Unaugmented\MTSD-YOLO\test\images\grp2_24c5c7cd-20251223_155820.jpg,1982.88,1587.12,2301.12,2109.36,1.0,traffic sign,False,False,3828.5,mtsd-p12
Cosmos Reason2 8B,traffic sign,grp2_24fcf1af-MP_0080.jpg,E:\2. UM-Student\MSC Dissertation\Urban-Vision-Benchmark\Datasets\MTSD\Prepared\MTSD-Unaugmented\MTSD-YOLO\test\images\grp2_24fcf1af-MP_0080.jpg,752.98,1616.83,864.11,1786.18,1.0,traffic sign,False,False,5161.4,mtsd-p12
Cosmos Reason2 8B,traffic sign,grp2_24fcf1af-MP_0080.jpg,E:\2. UM-Student\MSC Dissertation\Urban-Vision-Benchmark\Datasets\MTSD\Prepared\MTSD-Unaugmented\MTSD-YOLO\test\images\grp2_24fcf1af-MP_0080.jpg,1079.57,1761.98,1109.05,1822.46,1.0,traffic sign,False,False,5161.4,mtsd-p12
Cosmos Reason2 8B,traffic sign,grp2_24fcf1af-MP_0080.jpg,E:\2. UM-Student\MSC Dissertation\Urban-Vision-Benchmark\Datasets\MTSD\Prepared\MTSD-Unaugmented\MTSD-YOLO\test\images\grp2_24fcf1af-MP_0080.jpg,1079.57,1822.46,1109.05,1866.82,1.0,traffic sign,False,False,5161.4,mtsd-p12
Cosmos Reason2 8B,traffic sign,grp2_31ecc6f6-20251230_124942.jpg,E:\2. UM-Student\MSC Dissertation\Urban-Vision-Benchmark\Datasets\MTSD\Prepared\MTSD-Unaugmented\MTSD-YOLO\test\images\grp2_31ecc6f6-20251230_124942.jpg,976.14,1064.88,2227.68,2154.24,1.0,traffic sign,False,False,2391.8,mtsd-p12
Cosmos Reason2 8B,traffic sign,grp2_32305793-MP_0024.jpg,E:\2. UM-Student\MSC Dissertation\Urban-Vision-Benchmark\Datasets\MTSD\Prepared\MTSD-Unaugmented\MTSD-YOLO\test\images\grp2_32305793-MP_0024.jpg,829.44,192.51,2045.95,1159.17,1.0,traffic sign,False,False,8302.2,mtsd-p12
Cosmos Reason2 8B,traffic sign,grp2_32305793-MP_0024.jpg,E:\2. UM-Student\MSC Dissertation\Urban-Vision-Benchmark\Datasets\MTSD\Prepared\MTSD-Unaugmented\MTSD-YOLO\test\images\grp2_32305793-MP_0024.jpg,940.03,1163.26,1923.07,2088.96,1.0,traffic sign,False,False,8302.2,mtsd-p12
Cosmos Reason2 8B,traffic sign,grp2_32305793-MP_0024.jpg,E:\2. UM-Student\MSC Dissertation\Urban-Vision-Benchmark\Datasets\MTSD\Prepared\MTSD-Unaugmented\MTSD-YOLO\test\images\grp2_32305793-MP_0024.jpg,1201.15,2248.7,1652.74,2633.73,1.0,traffic sign,False,False,8302.2,mtsd-p12
Cosmos Reason2 8B,traffic sign,grp2_32305793-MP_0024.jpg,E:\2. UM-Student\MSC Dissertation\Urban-Vision-Benchmark\Datasets\MTSD\Prepared\MTSD-Unaugmented\MTSD-YOLO\test\images\grp2_32305793-MP_0024.jpg,2052.1,2473.98,2128.9,2633.73,1.0,traffic sign,False,False,8302.2,mtsd-p12
Cosmos Reason2 8B,traffic sign,grp2_32305793-MP_0024.jpg,E:\2. UM-Student\MSC Dissertation\Urban-Vision-Benchmark\Datasets\MTSD\Prepared\MTSD-Unaugmented\MTSD-YOLO\test\images\grp2_32305793-MP_0024.jpg,2798.59,2609.15,2838.53,2670.59,1.0,traffic sign,False,False,8302.2,mtsd-p12
Cosmos Reason2 8B,traffic sign,grp2_331688ad-20251223_152821.jpg,E:\2. UM-Student\MSC Dissertation\Urban-Vision-Benchmark\Datasets\MTSD\Prepared\MTSD-Unaugmented\MTSD-YOLO\test\images\grp2_331688ad-20251223_152821.jpg,1600.38,1052.64,1851.3,2011.44,1.0,traffic sign,False,False,2377.4,mtsd-p12
Cosmos Reason2 8B,traffic sign,grp2_339c8d04-26.side.jpg,E:\2. UM-Student\MSC Dissertation\Urban-Vision-Benchmark\Datasets\MTSD\Prepared\MTSD-Unaugmented\MTSD-YOLO\test\images\grp2_339c8d04-26.side.jpg,997.92,512.06,1177.09,1241.86,1.0,traffic sign,False,False,3695.2,mtsd-p12
Cosmos Reason2 8B,traffic sign,grp2_339c8d04-26.side.jpg,E:\2. UM-Student\MSC Dissertation\Urban-Vision-Benchmark\Datasets\MTSD\Prepared\MTSD-Unaugmented\MTSD-YOLO\test\images\grp2_339c8d04-26.side.jpg,1045.55,1987.78,1102.25,2132.93,1.0,traffic sign,False,False,3695.2,mtsd-p12
Cosmos Reason2 8B,traffic sign,grp2_33c8250b-MP_0150.jpeg,E:\2. UM-Student\MSC Dissertation\Urban-Vision-Benchmark\Datasets\MTSD\Prepared\MTSD-Unaugmented\MTSD-YOLO\test\images\grp2_33c8250b-MP_0150.jpeg,384.0,771.12,1409.28,1038.96,1.0,traffic sign,False,False,2168.4,mtsd-p12
Cosmos Reason2 8B,traffic sign,grp2_3855fec5-20251223_150427.jpg,E:\2. UM-Student\MSC Dissertation\Urban-Vision-Benchmark\Datasets\MTSD\Prepared\MTSD-Unaugmented\MTSD-YOLO\test\images\grp2_3855fec5-20251223_150427.jpg,1104.66,2146.08,2108.34,4059.6,1.0,traffic sign,False,False,3008.2,mtsd-p12
Cosmos Reason2 8B,traffic sign,grp2_3d2ae4e7-IMG_20251223_114602.jpg,E:\2. UM-Student\MSC Dissertation\Urban-Vision-Benchmark\Datasets\MTSD\Prepared\MTSD-Unaugmented\MTSD-YOLO\test\images\grp2_3d2ae4e7-IMG_20251223_114602.jpg,1359.0,1304.0,1629.0,1556.0,1.0,traffic sign,False,False,2372.0,mtsd-p12
Cosmos Reason2 8B,traffic sign,grp2_3e9d99d7-IMG_20251223_122636.jpg,E:\2. UM-Student\MSC Dissertation\Urban-Vision-Benchmark\Datasets\MTSD\Prepared\MTSD-Unaugmented\MTSD-YOLO\test\images\grp2_3e9d99d7-IMG_20251223_122636.jpg,1200.0,868.0,1863.0,1532.0,1.0,traffic sign,False,False,3843.5,mtsd-p12
Cosmos Reason2 8B,traffic sign,grp2_3e9d99d7-IMG_20251223_122636.jpg,E:\2. UM-Student\MSC Dissertation\Urban-Vision-Benchmark\Datasets\MTSD\Prepared\MTSD-Unaugmented\MTSD-YOLO\test\images\grp2_3e9d99d7-IMG_20251223_122636.jpg,1230.0,1524.0,1746.0,2036.0,1.0,traffic sign,False,False,3843.5,mtsd-p12
Cosmos Reason2 8B,traffic sign,grp2_4155f545-MP_0066.jpg,E:\2. UM-Student\MSC Dissertation\Urban-Vision-Benchmark\Datasets\MTSD\Prepared\MTSD-Unaugmented\MTSD-YOLO\test\images\grp2_4155f545-MP_0066.jpg,,,,,,<no detections>,False,False,715.7,mtsd-p12
Cosmos Reason2 8B,traffic sign,grp2_421f593e-20251224_132616.jpg,E:\2. UM-Student\MSC Dissertation\Urban-Vision-Benchmark\Datasets\MTSD\Prepared\MTSD-Unaugmented\MTSD-YOLO\test\images\grp2_421f593e-20251224_132616.jpg,835.38,938.4,2331.72,2709.12,1.0,traffic sign,False,False,2407.2,mtsd-p12
Cosmos Reason2 8B,traffic sign,grp2_477681c7-21.front.jpg,E:\2. UM-Student\MSC Dissertation\Urban-Vision-Benchmark\Datasets\MTSD\Prepared\MTSD-Unaugmented\MTSD-YOLO\test\images\grp2_477681c7-21.front.jpg,868.64,1044.29,1342.66,1528.13,1.0,traffic sign,False,False,2180.0,mtsd-p12
Cosmos Reason2 8B,traffic sign,grp2_4acb7340-20251223_155105.jpg,E:\2. UM-Student\MSC Dissertation\Urban-Vision-Benchmark\Datasets\MTSD\Prepared\MTSD-Unaugmented\MTSD-YOLO\test\images\grp2_4acb7340-20251223_155105.jpg,45.9,2766.24,91.8,2888.64,1.0,traffic sign,False,False,2304.4,mtsd-p12
Cosmos Reason2 8B,traffic sign,grp2_5061299f-MP_0130.jpg,E:\2. UM-Student\MSC Dissertation\Urban-Vision-Benchmark\Datasets\MTSD\Prepared\MTSD-Unaugmented\MTSD-YOLO\test\images\grp2_5061299f-MP_0130.jpg,771.12,588.67,1587.6,1592.64,1.0,traffic sign,False,False,2190.9,mtsd-p12
Cosmos Reason2 8B,traffic sign,grp2_5dd50184-MP_0013.jpg,E:\2. UM-Student\MSC Dissertation\Urban-Vision-Benchmark\Datasets\MTSD\Prepared\MTSD-Unaugmented\MTSD-YOLO\test\images\grp2_5dd50184-MP_0013.jpg,1265.66,864.26,1403.9,1634.3,1.0,traffic sign,False,False,3083.4,mtsd-p12
Cosmos Reason2 8B,traffic sign,grp2_5e8f002c-IMG_20251223_132013.jpg,E:\2. UM-Student\MSC Dissertation\Urban-Vision-Benchmark\Datasets\MTSD\Prepared\MTSD-Unaugmented\MTSD-YOLO\test\images\grp2_5e8f002c-IMG_20251223_132013.jpg,1248.0,1196.0,1788.0,1740.0,1.0,traffic sign,False,False,2350.3,mtsd-p12
Cosmos Reason2 8B,traffic sign,grp2_62c50d8e-20251230_121740.jpg,E:\2. UM-Student\MSC Dissertation\Urban-Vision-Benchmark\Datasets\MTSD\Prepared\MTSD-Unaugmented\MTSD-YOLO\test\images\grp2_62c50d8e-20251230_121740.jpg,1465.74,1024.08,1799.28,2080.8,1.0,traffic sign,False,False,2366.5,mtsd-p12
Cosmos Reason2 8B,traffic sign,grp2_76c73962-MP_0139.jpg,E:\2. UM-Student\MSC Dissertation\Urban-Vision-Benchmark\Datasets\MTSD\Prepared\MTSD-Unaugmented\MTSD-YOLO\test\images\grp2_76c73962-MP_0139.jpg,1104.77,1374.41,2794.18,1741.82,1.0,traffic sign,False,False,2189.5,mtsd-p12
Cosmos Reason2 8B,traffic sign,grp2_797d9987-MP_0038.jpg,E:\2. UM-Student\MSC Dissertation\Urban-Vision-Benchmark\Datasets\MTSD\Prepared\MTSD-Unaugmented\MTSD-YOLO\test\images\grp2_797d9987-MP_0038.jpg,740.35,180.22,1870.85,1257.47,1.0,traffic sign,False,False,2334.1,mtsd-p12
Cosmos Reason2 8B,traffic sign,grp2_7ad50d73-MP_0075.jpg,E:\2. UM-Student\MSC Dissertation\Urban-Vision-Benchmark\Datasets\MTSD\Prepared\MTSD-Unaugmented\MTSD-YOLO\test\images\grp2_7ad50d73-MP_0075.jpg,585.14,149.18,1564.92,1092.67,1.0,traffic sign,False,False,2160.7,mtsd-p12
Cosmos Reason2 8B,traffic sign,grp2_7bccf907-IMG_20251223_114643.jpg,E:\2. UM-Student\MSC Dissertation\Urban-Vision-Benchmark\Datasets\MTSD\Prepared\MTSD-Unaugmented\MTSD-YOLO\test\images\grp2_7bccf907-IMG_20251223_114643.jpg,1137.0,1660.0,1440.0,2032.0,1.0,traffic sign,False,False,2380.0,mtsd-p12
Cosmos Reason2 8B,traffic sign,grp2_8042282f-20251223_150231.jpg,E:\2. UM-Student\MSC Dissertation\Urban-Vision-Benchmark\Datasets\MTSD\Prepared\MTSD-Unaugmented\MTSD-YOLO\test\images\grp2_8042282f-20251223_150231.jpg,1150.56,0.0,1750.32,1991.04,1.0,traffic sign,False,False,2276.8,mtsd-p12
Cosmos Reason2 8B,traffic sign,grp2_85bab424-IMG_20251223_120632.jpg,E:\2. UM-Student\MSC Dissertation\Urban-Vision-Benchmark\Datasets\MTSD\Prepared\MTSD-Unaugmented\MTSD-YOLO\test\images\grp2_85bab424-IMG_20251223_120632.jpg,1338.0,1196.0,1803.0,1708.0,1.0,traffic sign,False,False,3042.2,mtsd-p12
Cosmos Reason2 8B,traffic sign,grp2_86560763-IMG_20251223_113000.jpg,E:\2. UM-Student\MSC Dissertation\Urban-Vision-Benchmark\Datasets\MTSD\Prepared\MTSD-Unaugmented\MTSD-YOLO\test\images\grp2_86560763-IMG_20251223_113000.jpg,156.0,2076.0,249.0,2188.0,1.0,traffic sign,False,False,5260.4,mtsd-p12
Cosmos Reason2 8B,traffic sign,grp2_86560763-IMG_20251223_113000.jpg,E:\2. UM-Student\MSC Dissertation\Urban-Vision-Benchmark\Datasets\MTSD\Prepared\MTSD-Unaugmented\MTSD-YOLO\test\images\grp2_86560763-IMG_20251223_113000.jpg,1461.0,2108.0,1524.0,2228.0,1.0,traffic sign,False,False,5260.4,mtsd-p12
Cosmos Reason2 8B,traffic sign,grp2_86560763-IMG_20251223_113000.jpg,E:\2. UM-Student\MSC Dissertation\Urban-Vision-Benchmark\Datasets\MTSD\Prepared\MTSD-Unaugmented\MTSD-YOLO\test\images\grp2_86560763-IMG_20251223_113000.jpg,828.0,2176.0,867.0,2216.0,1.0,traffic sign,False,False,5260.4,mtsd-p12
Cosmos Reason2 8B,traffic sign,grp2_888b1f4f-MP_0074.jpg,E:\2. UM-Student\MSC Dissertation\Urban-Vision-Benchmark\Datasets\MTSD\Prepared\MTSD-Unaugmented\MTSD-YOLO\test\images\grp2_888b1f4f-MP_0074.jpg,483.84,864.11,1193.47,1496.88,1.0,traffic sign,False,False,2199.7,mtsd-p12
Cosmos Reason2 8B,traffic sign,grp2_920c4f4e-20251223_152507.jpg,E:\2. UM-Student\MSC Dissertation\Urban-Vision-Benchmark\Datasets\MTSD\Prepared\MTSD-Unaugmented\MTSD-YOLO\test\images\grp2_920c4f4e-20251223_152507.jpg,,,,,,<no detections>,False,False,919.1,mtsd-p12
Cosmos Reason2 8B,traffic sign,grp2_9272e80b-20251230_124926.jpg,E:\2. UM-Student\MSC Dissertation\Urban-Vision-Benchmark\Datasets\MTSD\Prepared\MTSD-Unaugmented\MTSD-YOLO\test\images\grp2_9272e80b-20251230_124926.jpg,1055.7,1187.28,2362.32,2509.2,1.0,traffic sign,False,False,2399.8,mtsd-p12
Cosmos Reason2 8B,traffic sign,grp2_9288cb02-IMG_20251223_114539.jpg,E:\2. UM-Student\MSC Dissertation\Urban-Vision-Benchmark\Datasets\MTSD\Prepared\MTSD-Unaugmented\MTSD-YOLO\test\images\grp2_9288cb02-IMG_20251223_114539.jpg,1350.0,1476.0,1899.0,2032.0,1.0,traffic sign,False,False,2381.5,mtsd-p12
Cosmos Reason2 8B,traffic sign,grp2_983dc626-30.side.jpg,E:\2. UM-Student\MSC Dissertation\Urban-Vision-Benchmark\Datasets\MTSD\Prepared\MTSD-Unaugmented\MTSD-YOLO\test\images\grp2_983dc626-30.side.jpg,1297.3,1076.54,1388.02,1608.77,1.0,traffic sign,False,False,2190.6,mtsd-p12
Cosmos Reason2 8B,traffic sign,grp2_98bbb72b-IMG_20251224_113143.jpg,E:\2. UM-Student\MSC Dissertation\Urban-Vision-Benchmark\Datasets\MTSD\Prepared\MTSD-Unaugmented\MTSD-YOLO\test\images\grp2_98bbb72b-IMG_20251224_113143.jpg,,,,,,<no detections>,False,False,911.0,mtsd-p12
Cosmos Reason2 8B,traffic sign,grp2_9c71fd6a-20251223_153024.jpg,E:\2. UM-Student\MSC Dissertation\Urban-Vision-Benchmark\Datasets\MTSD\Prepared\MTSD-Unaugmented\MTSD-YOLO\test\images\grp2_9c71fd6a-20251223_153024.jpg,0.0,1432.08,153.0,2052.24,1.0,traffic sign,False,False,2920.0,mtsd-p12
Cosmos Reason2 8B,traffic sign,grp2_a8531ee5-IMG_20251223_131712.jpg,E:\2. UM-Student\MSC Dissertation\Urban-Vision-Benchmark\Datasets\MTSD\Prepared\MTSD-Unaugmented\MTSD-YOLO\test\images\grp2_a8531ee5-IMG_20251223_131712.jpg,879.0,1584.0,924.0,1652.0,1.0,traffic sign,False,False,2366.6,mtsd-p12
Cosmos Reason2 8B,traffic sign,grp2_ab84ff33-MP_0056.jpg,E:\2. UM-Student\MSC Dissertation\Urban-Vision-Benchmark\Datasets\MTSD\Prepared\MTSD-Unaugmented\MTSD-YOLO\test\images\grp2_ab84ff33-MP_0056.jpg,961.54,208.9,1861.63,1110.02,1.0,traffic sign,False,False,2358.4,mtsd-p12
Cosmos Reason2 8B,traffic sign,grp2_ab9b17dd-34.back.jpg,E:\2. UM-Student\MSC Dissertation\Urban-Vision-Benchmark\Datasets\MTSD\Prepared\MTSD-Unaugmented\MTSD-YOLO\test\images\grp2_ab9b17dd-34.back.jpg,1426.57,2132.93,1503.68,2229.7,1.0,traffic sign,False,False,3687.1,mtsd-p12
Cosmos Reason2 8B,traffic sign,grp2_ab9b17dd-34.back.jpg,E:\2. UM-Student\MSC Dissertation\Urban-Vision-Benchmark\Datasets\MTSD\Prepared\MTSD-Unaugmented\MTSD-YOLO\test\images\grp2_ab9b17dd-34.back.jpg,938.95,1399.1,1020.6,1874.88,1.0,traffic sign,False,False,3687.1,mtsd-p12
Cosmos Reason2 8B,traffic sign,grp2_b430b918-IMG_20251223_132103.jpg,E:\2. UM-Student\MSC Dissertation\Urban-Vision-Benchmark\Datasets\MTSD\Prepared\MTSD-Unaugmented\MTSD-YOLO\test\images\grp2_b430b918-IMG_20251223_132103.jpg,1527.0,1000.0,1578.0,1660.0,1.0,traffic sign,False,False,2400.1,mtsd-p12
Cosmos Reason2 8B,traffic sign,grp2_b7da3d82-20251230_123417.jpg,E:\2. UM-Student\MSC Dissertation\Urban-Vision-Benchmark\Datasets\MTSD\Prepared\MTSD-Unaugmented\MTSD-YOLO\test\images\grp2_b7da3d82-20251230_123417.jpg,1208.7,966.96,2068.56,1836.0,1.0,traffic sign,False,False,2399.3,mtsd-p12
Cosmos Reason2 8B,traffic sign,grp2_b9e760b0-IMG_20251223_125447.jpg,E:\2. UM-Student\MSC Dissertation\Urban-Vision-Benchmark\Datasets\MTSD\Prepared\MTSD-Unaugmented\MTSD-YOLO\test\images\grp2_b9e760b0-IMG_20251223_125447.jpg,888.0,880.0,1998.0,1948.0,1.0,traffic sign,False,False,6802.3,mtsd-p12
Cosmos Reason2 8B,traffic sign,grp2_b9e760b0-IMG_20251223_125447.jpg,E:\2. UM-Student\MSC Dissertation\Urban-Vision-Benchmark\Datasets\MTSD\Prepared\MTSD-Unaugmented\MTSD-YOLO\test\images\grp2_b9e760b0-IMG_20251223_125447.jpg,1446.0,2284.0,1524.0,2372.0,1.0,traffic sign,False,False,6802.3,mtsd-p12
Cosmos Reason2 8B,traffic sign,grp2_b9e760b0-IMG_20251223_125447.jpg,E:\2. UM-Student\MSC Dissertation\Urban-Vision-Benchmark\Datasets\MTSD\Prepared\MTSD-Unaugmented\MTSD-YOLO\test\images\grp2_b9e760b0-IMG_20251223_125447.jpg,882.0,2256.0,963.0,2356.0,1.0,traffic sign,False,False,6802.3,mtsd-p12
Cosmos Reason2 8B,traffic sign,grp2_b9e760b0-IMG_20251223_125447.jpg,E:\2. UM-Student\MSC Dissertation\Urban-Vision-Benchmark\Datasets\MTSD\Prepared\MTSD-Unaugmented\MTSD-YOLO\test\images\grp2_b9e760b0-IMG_20251223_125447.jpg,1221.0,2296.0,1242.0,2336.0,1.0,traffic sign,False,False,6802.3,mtsd-p12
Cosmos Reason2 8B,traffic sign,grp2_bf4582b0-IMG_20251223_113056.jpg,E:\2. UM-Student\MSC Dissertation\Urban-Vision-Benchmark\Datasets\MTSD\Prepared\MTSD-Unaugmented\MTSD-YOLO\test\images\grp2_bf4582b0-IMG_20251223_113056.jpg,684.0,1492.0,1458.0,2364.0,1.0,traffic sign,False,False,2377.5,mtsd-p12
Cosmos Reason2 8B,traffic sign,grp2_bf551d52-MP_0136.jpg,E:\2. UM-Student\MSC Dissertation\Urban-Vision-Benchmark\Datasets\MTSD\Prepared\MTSD-Unaugmented\MTSD-YOLO\test\images\grp2_bf551d52-MP_0136.jpg,608.83,1329.05,2455.49,1635.23,1.0,traffic sign,False,False,2834.8,mtsd-p12
Cosmos Reason2 8B,traffic sign,grp2_c39d026a-IMG_20251223_125605.jpg,E:\2. UM-Student\MSC Dissertation\Urban-Vision-Benchmark\Datasets\MTSD\Prepared\MTSD-Unaugmented\MTSD-YOLO\test\images\grp2_c39d026a-IMG_20251223_125605.jpg,1302.0,1092.0,1608.0,1812.0,1.0,traffic sign,False,False,2396.2,mtsd-p12
Cosmos Reason2 8B,traffic sign,grp2_c96ca64e-MP_0098.jpg,E:\2. UM-Student\MSC Dissertation\Urban-Vision-Benchmark\Datasets\MTSD\Prepared\MTSD-Unaugmented\MTSD-YOLO\test\images\grp2_c96ca64e-MP_0098.jpg,92.74,818.75,895.1,1608.01,1.0,traffic sign,False,False,2144.1,mtsd-p12
Cosmos Reason2 8B,traffic sign,grp2_ccff3003-MP_0047.jpg,E:\2. UM-Student\MSC Dissertation\Urban-Vision-Benchmark\Datasets\MTSD\Prepared\MTSD-Unaugmented\MTSD-YOLO\test\images\grp2_ccff3003-MP_0047.jpg,2706.43,1634.3,2958.34,1884.16,1.0,traffic sign,False,False,3880.2,mtsd-p12
Cosmos Reason2 8B,traffic sign,grp2_ccff3003-MP_0047.jpg,E:\2. UM-Student\MSC Dissertation\Urban-Vision-Benchmark\Datasets\MTSD\Prepared\MTSD-Unaugmented\MTSD-YOLO\test\images\grp2_ccff3003-MP_0047.jpg,2703.36,1884.16,2946.05,2117.63,1.0,traffic sign,False,False,3880.2,mtsd-p12
Cosmos Reason2 8B,traffic sign,grp2_ced8bffa-14.front.jpg,E:\2. UM-Student\MSC Dissertation\Urban-Vision-Benchmark\Datasets\MTSD\Prepared\MTSD-Unaugmented\MTSD-YOLO\test\images\grp2_ced8bffa-14.front.jpg,635.04,1036.22,1261.01,1669.25,1.0,traffic sign,False,False,2213.0,mtsd-p12
Cosmos Reason2 8B,traffic sign,grp2_d1fa2493-20251230_123128.jpg,E:\2. UM-Student\MSC Dissertation\Urban-Vision-Benchmark\Datasets\MTSD\Prepared\MTSD-Unaugmented\MTSD-YOLO\test\images\grp2_d1fa2493-20251230_123128.jpg,765.0,542.64,2108.34,1897.2,1.0,traffic sign,False,False,2397.9,mtsd-p12
Cosmos Reason2 8B,traffic sign,grp2_d201b393-MP_0004.jpg,E:\2. UM-Student\MSC Dissertation\Urban-Vision-Benchmark\Datasets\MTSD\Prepared\MTSD-Unaugmented\MTSD-YOLO\test\images\grp2_d201b393-MP_0004.jpg,890.88,1081.34,1901.57,2068.48,1.0,traffic sign,False,False,3871.4,mtsd-p12
Cosmos Reason2 8B,traffic sign,grp2_d201b393-MP_0004.jpg,E:\2. UM-Student\MSC Dissertation\Urban-Vision-Benchmark\Datasets\MTSD\Prepared\MTSD-Unaugmented\MTSD-YOLO\test\images\grp2_d201b393-MP_0004.jpg,709.63,1789.95,949.25,1990.66,1.0,traffic sign,False,False,3871.4,mtsd-p12
Cosmos Reason2 8B,traffic sign,grp2_d3fe8c38-MP_0046.jpg,E:\2. UM-Student\MSC Dissertation\Urban-Vision-Benchmark\Datasets\MTSD\Prepared\MTSD-Unaugmented\MTSD-YOLO\test\images\grp2_d3fe8c38-MP_0046.jpg,955.39,348.16,1858.56,1298.43,1.0,traffic sign,False,False,2344.7,mtsd-p12
Cosmos Reason2 8B,traffic sign,grp2_d71e8065-MP_0021.jpg,E:\2. UM-Student\MSC Dissertation\Urban-Vision-Benchmark\Datasets\MTSD\Prepared\MTSD-Unaugmented\MTSD-YOLO\test\images\grp2_d71e8065-MP_0021.jpg,811.01,237.57,1824.77,1576.96,1.0,traffic sign,False,False,19484.6,mtsd-p12
Cosmos Reason2 8B,traffic sign,grp2_d71e8065-MP_0021.jpg,E:\2. UM-Student\MSC Dissertation\Urban-Vision-Benchmark\Datasets\MTSD\Prepared\MTSD-Unaugmented\MTSD-YOLO\test\images\grp2_d71e8065-MP_0021.jpg,2942.98,1953.79,3068.93,2166.78,1.0,traffic sign,False,False,19484.6,mtsd-p12
Cosmos Reason2 8B,traffic sign,grp2_d71e8065-MP_0021.jpg,E:\2. UM-Student\MSC Dissertation\Urban-Vision-Benchmark\Datasets\MTSD\Prepared\MTSD-Unaugmented\MTSD-YOLO\test\images\grp2_d71e8065-MP_0021.jpg,2860.03,2048.0,2936.83,2297.86,1.0,traffic sign,False,False,19484.6,mtsd-p12
Cosmos Reason2 8B,traffic sign,grp2_d71e8065-MP_0021.jpg,E:\2. UM-Student\MSC Dissertation\Urban-Vision-Benchmark\Datasets\MTSD\Prepared\MTSD-Unaugmented\MTSD-YOLO\test\images\grp2_d71e8065-MP_0021.jpg,2537.47,2142.21,2589.7,2215.94,1.0,traffic sign,False,False,19484.6,mtsd-p12
Cosmos Reason2 8B,traffic sign,grp2_d71e8065-MP_0021.jpg,E:\2. UM-Student\MSC Dissertation\Urban-Vision-Benchmark\Datasets\MTSD\Prepared\MTSD-Unaugmented\MTSD-YOLO\test\images\grp2_d71e8065-MP_0021.jpg,2601.98,2142.21,2663.42,2273.28,1.0,traffic sign,False,False,19484.6,mtsd-p12
Cosmos Reason2 8B,traffic sign,grp2_d71e8065-MP_0021.jpg,E:\2. UM-Student\MSC Dissertation\Urban-Vision-Benchmark\Datasets\MTSD\Prepared\MTSD-Unaugmented\MTSD-YOLO\test\images\grp2_d71e8065-MP_0021.jpg,2537.47,2183.17,2589.7,2240.51,1.0,traffic sign,False,False,19484.6,mtsd-p12
Cosmos Reason2 8B,traffic sign,grp2_d71e8065-MP_0021.jpg,E:\2. UM-Student\MSC Dissertation\Urban-Vision-Benchmark\Datasets\MTSD\Prepared\MTSD-Unaugmented\MTSD-YOLO\test\images\grp2_d71e8065-MP_0021.jpg,2537.47,2215.94,2589.7,2273.28,1.0,traffic sign,False,False,19484.6,mtsd-p12
Cosmos Reason2 8B,traffic sign,grp2_d71e8065-MP_0021.jpg,E:\2. UM-Student\MSC Dissertation\Urban-Vision-Benchmark\Datasets\MTSD\Prepared\MTSD-Unaugmented\MTSD-YOLO\test\images\grp2_d71e8065-MP_0021.jpg,2537.47,2248.7,2589.7,2273.28,1.0,traffic sign,False,False,19484.6,mtsd-p12
Cosmos Reason2 8B,traffic sign,grp2_d71e8065-MP_0021.jpg,E:\2. UM-Student\MSC Dissertation\Urban-Vision-Benchmark\Datasets\MTSD\Prepared\MTSD-Unaugmented\MTSD-YOLO\test\images\grp2_d71e8065-MP_0021.jpg,2537.47,2265.09,2589.7,2273.28,1.0,traffic sign,False,False,19484.6,mtsd-p12
Cosmos Reason2 8B,traffic sign,grp2_e074406f-IMG_20251223_115520.jpg,E:\2. UM-Student\MSC Dissertation\Urban-Vision-Benchmark\Datasets\MTSD\Prepared\MTSD-Unaugmented\MTSD-YOLO\test\images\grp2_e074406f-IMG_20251223_115520.jpg,804.0,3120.0,867.0,3188.0,1.0,traffic sign,False,False,5295.5,mtsd-p12
Cosmos Reason2 8B,traffic sign,grp2_e074406f-IMG_20251223_115520.jpg,E:\2. UM-Student\MSC Dissertation\Urban-Vision-Benchmark\Datasets\MTSD\Prepared\MTSD-Unaugmented\MTSD-YOLO\test\images\grp2_e074406f-IMG_20251223_115520.jpg,1773.0,3188.0,1836.0,3244.0,1.0,traffic sign,False,False,5295.5,mtsd-p12
Cosmos Reason2 8B,traffic sign,grp2_e074406f-IMG_20251223_115520.jpg,E:\2. UM-Student\MSC Dissertation\Urban-Vision-Benchmark\Datasets\MTSD\Prepared\MTSD-Unaugmented\MTSD-YOLO\test\images\grp2_e074406f-IMG_20251223_115520.jpg,1785.0,3212.0,1833.0,3340.0,1.0,traffic sign,False,False,5295.5,mtsd-p12
Cosmos Reason2 8B,traffic sign,grp2_e44be02a-MP_0116.jpg,E:\2. UM-Student\MSC Dissertation\Urban-Vision-Benchmark\Datasets\MTSD\Prepared\MTSD-Unaugmented\MTSD-YOLO\test\images\grp2_e44be02a-MP_0116.jpg,391.1,836.89,2068.42,1263.28,1.0,traffic sign,False,False,2153.5,mtsd-p12
Cosmos Reason2 8B,traffic sign,grp2_e46067a0-MP_0166.jpg,E:\2. UM-Student\MSC Dissertation\Urban-Vision-Benchmark\Datasets\MTSD\Prepared\MTSD-Unaugmented\MTSD-YOLO\test\images\grp2_e46067a0-MP_0166.jpg,1400.83,1257.47,1539.07,1609.73,1.0,traffic sign,False,False,2385.4,mtsd-p12
Cosmos Reason2 8B,traffic sign,grp2_e55dea8e-MP_0157.jpg,E:\2. UM-Student\MSC Dissertation\Urban-Vision-Benchmark\Datasets\MTSD\Prepared\MTSD-Unaugmented\MTSD-YOLO\test\images\grp2_e55dea8e-MP_0157.jpg,1277.95,1310.72,2021.38,2027.52,1.0,traffic sign,False,False,3879.2,mtsd-p12
Cosmos Reason2 8B,traffic sign,grp2_e55dea8e-MP_0157.jpg,E:\2. UM-Student\MSC Dissertation\Urban-Vision-Benchmark\Datasets\MTSD\Prepared\MTSD-Unaugmented\MTSD-YOLO\test\images\grp2_e55dea8e-MP_0157.jpg,1281.02,2027.52,2036.74,2412.54,1.0,traffic sign,False,False,3879.2,mtsd-p12
Cosmos Reason2 8B,traffic sign,grp2_ed201818-17.back.jpg,E:\2. UM-Student\MSC Dissertation\Urban-Vision-Benchmark\Datasets\MTSD\Prepared\MTSD-Unaugmented\MTSD-YOLO\test\images\grp2_ed201818-17.back.jpg,696.28,838.66,1465.13,1532.16,1.0,traffic sign,False,False,3732.7,mtsd-p12
Cosmos Reason2 8B,traffic sign,grp2_ed201818-17.back.jpg,E:\2. UM-Student\MSC Dissertation\Urban-Vision-Benchmark\Datasets\MTSD\Prepared\MTSD-Unaugmented\MTSD-YOLO\test\images\grp2_ed201818-17.back.jpg,857.3,1520.06,1412.96,2084.54,1.0,traffic sign,False,False,3732.7,mtsd-p12
Cosmos Reason2 8B,traffic sign,grp2_ee20554d-MP_0115.jpg,E:\2. UM-Student\MSC Dissertation\Urban-Vision-Benchmark\Datasets\MTSD\Prepared\MTSD-Unaugmented\MTSD-YOLO\test\images\grp2_ee20554d-MP_0115.jpg,749.95,315.25,1737.79,1603.48,1.0,traffic sign,False,False,2219.1,mtsd-p12
Cosmos Reason2 8B,traffic sign,grp2_f082e9d0-02.side.jpg,E:\2. UM-Student\MSC Dissertation\Urban-Vision-Benchmark\Datasets\MTSD\Prepared\MTSD-Unaugmented\MTSD-YOLO\test\images\grp2_f082e9d0-02.side.jpg,1154.41,374.98,1397.09,568.51,1.0,traffic sign,False,False,2173.4,mtsd-p12
Cosmos Reason2 8B,traffic sign,grp2_f69ebb76-IMG_20251227_110428.jpg,E:\2. UM-Student\MSC Dissertation\Urban-Vision-Benchmark\Datasets\MTSD\Prepared\MTSD-Unaugmented\MTSD-YOLO\test\images\grp2_f69ebb76-IMG_20251227_110428.jpg,1044.0,1396.0,1689.0,2016.0,1.0,traffic sign,False,False,3080.5,mtsd-p12
Cosmos Reason2 8B,traffic sign,grp2_f6e60d8b-33.front.back.jpg,E:\2. UM-Student\MSC Dissertation\Urban-Vision-Benchmark\Datasets\MTSD\Prepared\MTSD-Unaugmented\MTSD-YOLO\test\images\grp2_f6e60d8b-33.front.back.jpg,902.66,1528.13,1358.53,1991.81,1.0,traffic sign,False,False,2186.1,mtsd-p12
Cosmos Reason2 8B,traffic sign,grp3_09e3faa9-IMG_20251203_121602.jpg,E:\2. UM-Student\MSC Dissertation\Urban-Vision-Benchmark\Datasets\MTSD\Prepared\MTSD-Unaugmented\MTSD-YOLO\test\images\grp3_09e3faa9-IMG_20251203_121602.jpg,1202.58,881.28,2236.86,1750.32,1.0,traffic sign,False,False,2392.4,mtsd-p12
Cosmos Reason2 8B,traffic sign,grp3_13fcb840-IMG_20251203_093318.jpg,E:\2. UM-Student\MSC Dissertation\Urban-Vision-Benchmark\Datasets\MTSD\Prepared\MTSD-Unaugmented\MTSD-YOLO\test\images\grp3_13fcb840-IMG_20251203_093318.jpg,1138.32,322.32,2016.54,1387.2,1.0,traffic sign,False,False,2328.0,mtsd-p12
Cosmos Reason2 8B,traffic sign,grp3_16b18930-IMG_4415.jpeg,E:\2. UM-Student\MSC Dissertation\Urban-Vision-Benchmark\Datasets\MTSD\Prepared\MTSD-Unaugmented\MTSD-YOLO\test\images\grp3_16b18930-IMG_4415.jpeg,1309.39,1455.55,1835.57,1971.65,1.0,traffic sign,False,False,2375.3,mtsd-p12
Cosmos Reason2 8B,traffic sign,grp3_17e38feb-20251129_115024.jpg,E:\2. UM-Student\MSC Dissertation\Urban-Vision-Benchmark\Datasets\MTSD\Prepared\MTSD-Unaugmented\MTSD-YOLO\test\images\grp3_17e38feb-20251129_115024.jpg,881.28,1705.44,1670.76,2558.16,1.0,traffic sign,False,False,5345.5,mtsd-p12
Cosmos Reason2 8B,traffic sign,grp3_17e38feb-20251129_115024.jpg,E:\2. UM-Student\MSC Dissertation\Urban-Vision-Benchmark\Datasets\MTSD\Prepared\MTSD-Unaugmented\MTSD-YOLO\test\images\grp3_17e38feb-20251129_115024.jpg,2744.82,3125.28,2809.08,3194.64,1.0,traffic sign,False,False,5345.5,mtsd-p12
Cosmos Reason2 8B,traffic sign,grp3_17e38feb-20251129_115024.jpg,E:\2. UM-Student\MSC Dissertation\Urban-Vision-Benchmark\Datasets\MTSD\Prepared\MTSD-Unaugmented\MTSD-YOLO\test\images\grp3_17e38feb-20251129_115024.jpg,1820.7,3231.36,1878.84,3308.88,1.0,traffic sign,False,False,5345.5,mtsd-p12
Cosmos Reason2 8B,traffic sign,grp3_19cc8708-IMG_20251203_095416.jpg,E:\2. UM-Student\MSC Dissertation\Urban-Vision-Benchmark\Datasets\MTSD\Prepared\MTSD-Unaugmented\MTSD-YOLO\test\images\grp3_19cc8708-IMG_20251203_095416.jpg,1153.62,1073.04,1826.82,1664.64,1.0,traffic sign,False,False,2421.3,mtsd-p12
Cosmos Reason2 8B,traffic sign,grp3_22c38c39-IMG_4293.jpeg,E:\2. UM-Student\MSC Dissertation\Urban-Vision-Benchmark\Datasets\MTSD\Prepared\MTSD-Unaugmented\MTSD-YOLO\test\images\grp3_22c38c39-IMG_4293.jpeg,1318.46,1660.18,2100.67,2522.02,1.0,traffic sign,False,False,3830.3,mtsd-p12
Cosmos Reason2 8B,traffic sign,grp3_22c38c39-IMG_4293.jpeg,E:\2. UM-Student\MSC Dissertation\Urban-Vision-Benchmark\Datasets\MTSD\Prepared\MTSD-Unaugmented\MTSD-YOLO\test\images\grp3_22c38c39-IMG_4293.jpeg,1846.66,1106.78,2403.07,1732.75,1.0,traffic sign,False,False,3830.3,mtsd-p12
Cosmos Reason2 8B,traffic sign,grp3_25e08496-IMG_9116.jpg,E:\2. UM-Student\MSC Dissertation\Urban-Vision-Benchmark\Datasets\MTSD\Prepared\MTSD-Unaugmented\MTSD-YOLO\test\images\grp3_25e08496-IMG_9116.jpg,2934.54,3364.37,4279.72,5386.42,1.0,traffic sign,False,False,3119.7,mtsd-p12
Cosmos Reason2 8B,traffic sign,grp3_2b9ed5a1-IMG_4416.jpeg,E:\2. UM-Student\MSC Dissertation\Urban-Vision-Benchmark\Datasets\MTSD\Prepared\MTSD-Unaugmented\MTSD-YOLO\test\images\grp3_2b9ed5a1-IMG_4416.jpeg,1375.92,1032.19,2004.91,2040.19,1.0,traffic sign,False,False,2404.1,mtsd-p12
Cosmos Reason2 8B,traffic sign,grp3_3cee3d85-IMG_4285.jpeg,E:\2. UM-Student\MSC Dissertation\Urban-Vision-Benchmark\Datasets\MTSD\Prepared\MTSD-Unaugmented\MTSD-YOLO\test\images\grp3_3cee3d85-IMG_4285.jpeg,1185.41,1826.5,1944.43,2568.38,1.0,traffic sign,False,False,3904.2,mtsd-p12
Cosmos Reason2 8B,traffic sign,grp3_3cee3d85-IMG_4285.jpeg,E:\2. UM-Student\MSC Dissertation\Urban-Vision-Benchmark\Datasets\MTSD\Prepared\MTSD-Unaugmented\MTSD-YOLO\test\images\grp3_3cee3d85-IMG_4285.jpeg,1378.94,2919.17,1493.86,3044.16,1.0,traffic sign,False,False,3904.2,mtsd-p12
Cosmos Reason2 8B,traffic sign,grp3_458db4bf-IMG_9314.jpg,E:\2. UM-Student\MSC Dissertation\Urban-Vision-Benchmark\Datasets\MTSD\Prepared\MTSD-Unaugmented\MTSD-YOLO\test\images\grp3_458db4bf-IMG_9314.jpg,1015.31,2039.18,1657.91,3055.92,1.0,traffic sign,False,False,2435.3,mtsd-p12
Cosmos Reason2 8B,traffic sign,grp3_4d14c289-20251129_122448.jpg,E:\2. UM-Student\MSC Dissertation\Urban-Vision-Benchmark\Datasets\MTSD\Prepared\MTSD-Unaugmented\MTSD-YOLO\test\images\grp3_4d14c289-20251129_122448.jpg,1328.04,1154.64,1808.46,1774.8,1.0,traffic sign,False,False,5334.1,mtsd-p12
Cosmos Reason2 8B,traffic sign,grp3_4d14c289-20251129_122448.jpg,E:\2. UM-Student\MSC Dissertation\Urban-Vision-Benchmark\Datasets\MTSD\Prepared\MTSD-Unaugmented\MTSD-YOLO\test\images\grp3_4d14c289-20251129_122448.jpg,1266.84,1929.84,1802.34,2615.28,1.0,traffic sign,False,False,5334.1,mtsd-p12
Cosmos Reason2 8B,traffic sign,grp3_4d14c289-20251129_122448.jpg,E:\2. UM-Student\MSC Dissertation\Urban-Vision-Benchmark\Datasets\MTSD\Prepared\MTSD-Unaugmented\MTSD-YOLO\test\images\grp3_4d14c289-20251129_122448.jpg,1395.36,2550.0,1502.46,2700.96,1.0,traffic sign,False,False,5334.1,mtsd-p12
Cosmos Reason2 8B,traffic sign,grp3_4daf8454-IMG_4356.jpeg,E:\2. UM-Student\MSC Dissertation\Urban-Vision-Benchmark\Datasets\MTSD\Prepared\MTSD-Unaugmented\MTSD-YOLO\test\images\grp3_4daf8454-IMG_4356.jpeg,1288.22,1713.6,1896.05,2318.4,1.0,traffic sign,False,False,9779.9,mtsd-p12
Cosmos Reason2 8B,traffic sign,grp3_4daf8454-IMG_4356.jpeg,E:\2. UM-Student\MSC Dissertation\Urban-Vision-Benchmark\Datasets\MTSD\Prepared\MTSD-Unaugmented\MTSD-YOLO\test\images\grp3_4daf8454-IMG_4356.jpeg,740.88,2745.79,949.54,3092.54,1.0,traffic sign,False,False,9779.9,mtsd-p12
Cosmos Reason2 8B,traffic sign,grp3_4daf8454-IMG_4356.jpeg,E:\2. UM-Student\MSC Dissertation\Urban-Vision-Benchmark\Datasets\MTSD\Prepared\MTSD-Unaugmented\MTSD-YOLO\test\images\grp3_4daf8454-IMG_4356.jpeg,737.86,3080.45,895.1,3265.92,1.0,traffic sign,False,False,9779.9,mtsd-p12
Cosmos Reason2 8B,traffic sign,grp3_4daf8454-IMG_4356.jpeg,E:\2. UM-Student\MSC Dissertation\Urban-Vision-Benchmark\Datasets\MTSD\Prepared\MTSD-Unaugmented\MTSD-YOLO\test\images\grp3_4daf8454-IMG_4356.jpeg,1291.25,2995.78,1363.82,3088.51,1.0,traffic sign,False,False,9779.9,mtsd-p12
Cosmos Reason2 8B,traffic sign,grp3_4daf8454-IMG_4356.jpeg,E:\2. UM-Student\MSC Dissertation\Urban-Vision-Benchmark\Datasets\MTSD\Prepared\MTSD-Unaugmented\MTSD-YOLO\test\images\grp3_4daf8454-IMG_4356.jpeg,2180.3,3040.13,2231.71,3116.74,1.0,traffic sign,False,False,9779.9,mtsd-p12
Cosmos Reason2 8B,traffic sign,grp3_4daf8454-IMG_4356.jpeg,E:\2. UM-Student\MSC Dissertation\Urban-Vision-Benchmark\Datasets\MTSD\Prepared\MTSD-Unaugmented\MTSD-YOLO\test\images\grp3_4daf8454-IMG_4356.jpeg,2700.43,3040.13,2763.94,3120.77,1.0,traffic sign,False,False,9779.9,mtsd-p12
Cosmos Reason2 8B,traffic sign,grp3_5881a320-IMG_9141.jpg,E:\2. UM-Student\MSC Dissertation\Urban-Vision-Benchmark\Datasets\MTSD\Prepared\MTSD-Unaugmented\MTSD-YOLO\test\images\grp3_5881a320-IMG_9141.jpg,2086.31,3210.14,2866.0,4581.02,1.0,traffic sign,False,False,2439.4,mtsd-p12
Cosmos Reason2 8B,traffic sign,grp3_5a350ee3-IMG_9144.jpg,E:\2. UM-Student\MSC Dissertation\Urban-Vision-Benchmark\Datasets\MTSD\Prepared\MTSD-Unaugmented\MTSD-YOLO\test\images\grp3_5a350ee3-IMG_9144.jpg,1520.82,1919.23,2608.96,2953.1,1.0,traffic sign,False,False,3908.3,mtsd-p12
Cosmos Reason2 8B,traffic sign,grp3_5a350ee3-IMG_9144.jpg,E:\2. UM-Student\MSC Dissertation\Urban-Vision-Benchmark\Datasets\MTSD\Prepared\MTSD-Unaugmented\MTSD-YOLO\test\images\grp3_5a350ee3-IMG_9144.jpg,1765.01,3232.99,1884.96,3867.02,1.0,traffic sign,False,False,3908.3,mtsd-p12
Cosmos Reason2 8B,traffic sign,grp3_5a5ec99c-IMG_4369.jpeg,E:\2. UM-Student\MSC Dissertation\Urban-Vision-Benchmark\Datasets\MTSD\Prepared\MTSD-Unaugmented\MTSD-YOLO\test\images\grp3_5a5ec99c-IMG_4369.jpeg,1124.93,1346.69,2110.75,2261.95,1.0,traffic sign,False,False,3003.1,mtsd-p12
Cosmos Reason2 8B,traffic sign,grp3_5a849df3-20251129_113801.jpg,E:\2. UM-Student\MSC Dissertation\Urban-Vision-Benchmark\Datasets\MTSD\Prepared\MTSD-Unaugmented\MTSD-YOLO\test\images\grp3_5a849df3-20251129_113801.jpg,1092.42,726.24,1832.94,1468.8,1.0,traffic sign,False,False,5280.8,mtsd-p12
Cosmos Reason2 8B,traffic sign,grp3_5a849df3-20251129_113801.jpg,E:\2. UM-Student\MSC Dissertation\Urban-Vision-Benchmark\Datasets\MTSD\Prepared\MTSD-Unaugmented\MTSD-YOLO\test\images\grp3_5a849df3-20251129_113801.jpg,1184.22,1472.88,1777.86,2040.0,1.0,traffic sign,False,False,5280.8,mtsd-p12
Cosmos Reason2 8B,traffic sign,grp3_5a849df3-20251129_113801.jpg,E:\2. UM-Student\MSC Dissertation\Urban-Vision-Benchmark\Datasets\MTSD\Prepared\MTSD-Unaugmented\MTSD-YOLO\test\images\grp3_5a849df3-20251129_113801.jpg,2573.46,2590.8,2628.54,2684.64,1.0,traffic sign,False,False,5280.8,mtsd-p12
Cosmos Reason2 8B,traffic sign,grp3_5e7ebbc1-IMG_4337.jpeg,E:\2. UM-Student\MSC Dissertation\Urban-Vision-Benchmark\Datasets\MTSD\Prepared\MTSD-Unaugmented\MTSD-YOLO\test\images\grp3_5e7ebbc1-IMG_4337.jpeg,1584.58,1478.74,2140.99,1702.51,1.0,traffic sign,False,False,5292.5,mtsd-p12
Cosmos Reason2 8B,traffic sign,grp3_5e7ebbc1-IMG_4337.jpeg,E:\2. UM-Student\MSC Dissertation\Urban-Vision-Benchmark\Datasets\MTSD\Prepared\MTSD-Unaugmented\MTSD-YOLO\test\images\grp3_5e7ebbc1-IMG_4337.jpeg,2104.7,1478.74,2665.15,1684.37,1.0,traffic sign,False,False,5292.5,mtsd-p12
Cosmos Reason2 8B,traffic sign,grp3_5e7ebbc1-IMG_4337.jpeg,E:\2. UM-Student\MSC Dissertation\Urban-Vision-Benchmark\Datasets\MTSD\Prepared\MTSD-Unaugmented\MTSD-YOLO\test\images\grp3_5e7ebbc1-IMG_4337.jpeg,1907.14,1134.0,2100.67,1472.69,1.0,traffic sign,False,False,5292.5,mtsd-p12
Cosmos Reason2 8B,traffic sign,grp3_5e84f6fa-20251129_114532.jpg,E:\2. UM-Student\MSC Dissertation\Urban-Vision-Benchmark\Datasets\MTSD\Prepared\MTSD-Unaugmented\MTSD-YOLO\test\images\grp3_5e84f6fa-20251129_114532.jpg,777.24,1260.72,1845.18,2260.32,1.0,traffic sign,False,False,2399.3,mtsd-p12
Cosmos Reason2 8B,traffic sign,grp3_62bcab50-IMG_20251203_121207.jpg,E:\2. UM-Student\MSC Dissertation\Urban-Vision-Benchmark\Datasets\MTSD\Prepared\MTSD-Unaugmented\MTSD-YOLO\test\images\grp3_62bcab50-IMG_20251203_121207.jpg,1049.58,501.84,2224.62,1701.36,1.0,traffic sign,False,False,2393.4,mtsd-p12
Cosmos Reason2 8B,traffic sign,grp3_64c9c943-IMG_20251203_121935.jpg,E:\2. UM-Student\MSC Dissertation\Urban-Vision-Benchmark\Datasets\MTSD\Prepared\MTSD-Unaugmented\MTSD-YOLO\test\images\grp3_64c9c943-IMG_20251203_121935.jpg,1306.62,505.92,1897.2,1256.64,1.0,traffic sign,False,False,3866.1,mtsd-p12
Cosmos Reason2 8B,traffic sign,grp3_64c9c943-IMG_20251203_121935.jpg,E:\2. UM-Student\MSC Dissertation\Urban-Vision-Benchmark\Datasets\MTSD\Prepared\MTSD-Unaugmented\MTSD-YOLO\test\images\grp3_64c9c943-IMG_20251203_121935.jpg,1328.04,1232.16,1891.08,2011.44,1.0,traffic sign,False,False,3866.1,mtsd-p12
Cosmos Reason2 8B,traffic sign,grp3_66257b80-IMG_9242.jpg,E:\2. UM-Student\MSC Dissertation\Urban-Vision-Benchmark\Datasets\MTSD\Prepared\MTSD-Unaugmented\MTSD-YOLO\test\images\grp3_66257b80-IMG_9242.jpg,2026.33,599.76,2506.14,1924.94,1.0,traffic sign,False,False,2517.3,mtsd-p12
Cosmos Reason2 8B,traffic sign,grp3_6a5c994c-IMG_9361.jpg,E:\2. UM-Student\MSC Dissertation\Urban-Vision-Benchmark\Datasets\MTSD\Prepared\MTSD-Unaugmented\MTSD-YOLO\test\images\grp3_6a5c994c-IMG_9361.jpg,1829.27,1148.11,2510.42,2747.47,1.0,traffic sign,False,False,5418.9,mtsd-p12
Cosmos Reason2 8B,traffic sign,grp3_6a5c994c-IMG_9361.jpg,E:\2. UM-Student\MSC Dissertation\Urban-Vision-Benchmark\Datasets\MTSD\Prepared\MTSD-Unaugmented\MTSD-YOLO\test\images\grp3_6a5c994c-IMG_9361.jpg,1910.66,2633.23,2424.74,3998.4,1.0,traffic sign,False,False,5418.9,mtsd-p12
Cosmos Reason2 8B,traffic sign,grp3_6a5c994c-IMG_9361.jpg,E:\2. UM-Student\MSC Dissertation\Urban-Vision-Benchmark\Datasets\MTSD\Prepared\MTSD-Unaugmented\MTSD-YOLO\test\images\grp3_6a5c994c-IMG_9361.jpg,1602.22,3878.45,2746.04,4992.29,1.0,traffic sign,False,False,5418.9,mtsd-p12
Cosmos Reason2 8B,traffic sign,grp3_729363da-IMG_4319.jpeg,E:\2. UM-Student\MSC Dissertation\Urban-Vision-Benchmark\Datasets\MTSD\Prepared\MTSD-Unaugmented\MTSD-YOLO\test\images\grp3_729363da-IMG_4319.jpeg,1381.97,1524.1,1989.79,2177.28,1.0,traffic sign,False,False,3083.2,mtsd-p12
Cosmos Reason2 8B,traffic sign,grp3_72ce7bb8-IMG_20251203_121930.jpg,E:\2. UM-Student\MSC Dissertation\Urban-Vision-Benchmark\Datasets\MTSD\Prepared\MTSD-Unaugmented\MTSD-YOLO\test\images\grp3_72ce7bb8-IMG_20251203_121930.jpg,1340.28,285.6,1878.84,950.64,1.0,traffic sign,False,False,3803.6,mtsd-p12
Cosmos Reason2 8B,traffic sign,grp3_72ce7bb8-IMG_20251203_121930.jpg,E:\2. UM-Student\MSC Dissertation\Urban-Vision-Benchmark\Datasets\MTSD\Prepared\MTSD-Unaugmented\MTSD-YOLO\test\images\grp3_72ce7bb8-IMG_20251203_121930.jpg,1340.28,926.16,1930.86,1603.44,1.0,traffic sign,False,False,3803.6,mtsd-p12
Cosmos Reason2 8B,traffic sign,grp3_733addec-IMG_9083.jpg,E:\2. UM-Student\MSC Dissertation\Urban-Vision-Benchmark\Datasets\MTSD\Prepared\MTSD-Unaugmented\MTSD-YOLO\test\images\grp3_733addec-IMG_9083.jpg,1649.34,1765.01,2771.75,2947.39,1.0,traffic sign,False,False,2461.7,mtsd-p12
Cosmos Reason2 8B,traffic sign,grp3_76fb906e-20251129_122552.jpg,E:\2. UM-Student\MSC Dissertation\Urban-Vision-Benchmark\Datasets\MTSD\Prepared\MTSD-Unaugmented\MTSD-YOLO\test\images\grp3_76fb906e-20251129_122552.jpg,547.74,558.96,1976.76,1876.8,1.0,traffic sign,False,False,3860.8,mtsd-p12
Cosmos Reason2 8B,traffic sign,grp3_76fb906e-20251129_122552.jpg,E:\2. UM-Student\MSC Dissertation\Urban-Vision-Benchmark\Datasets\MTSD\Prepared\MTSD-Unaugmented\MTSD-YOLO\test\images\grp3_76fb906e-20251129_122552.jpg,777.24,1876.8,1973.7,3129.36,1.0,traffic sign,False,False,3860.8,mtsd-p12
Cosmos Reason2 8B,traffic sign,grp3_7b58307a-IMG_20251203_094229.jpg,E:\2. UM-Student\MSC Dissertation\Urban-Vision-Benchmark\Datasets\MTSD\Prepared\MTSD-Unaugmented\MTSD-YOLO\test\images\grp3_7b58307a-IMG_20251203_094229.jpg,1089.36,338.64,2258.28,1530.0,1.0,traffic sign,False,False,2342.4,mtsd-p12
Cosmos Reason2 8B,traffic sign,grp3_81a84d18-IMG_9109.jpg,E:\2. UM-Student\MSC Dissertation\Urban-Vision-Benchmark\Datasets\MTSD\Prepared\MTSD-Unaugmented\MTSD-YOLO\test\images\grp3_81a84d18-IMG_9109.jpg,1610.78,1370.88,2874.56,2616.1,1.0,traffic sign,False,False,2486.5,mtsd-p12
Cosmos Reason2 8B,traffic sign,grp3_874592da-20251129_122245.jpg,E:\2. UM-Student\MSC Dissertation\Urban-Vision-Benchmark\Datasets\MTSD\Prepared\MTSD-Unaugmented\MTSD-YOLO\test\images\grp3_874592da-20251129_122245.jpg,1043.46,1268.88,1839.06,1978.8,1.0,traffic sign,False,False,3906.5,mtsd-p12
Cosmos Reason2 8B,traffic sign,grp3_874592da-20251129_122245.jpg,E:\2. UM-Student\MSC Dissertation\Urban-Vision-Benchmark\Datasets\MTSD\Prepared\MTSD-Unaugmented\MTSD-YOLO\test\images\grp3_874592da-20251129_122245.jpg,1015.92,1970.64,1878.84,2823.36,1.0,traffic sign,False,False,3906.5,mtsd-p12
Cosmos Reason2 8B,traffic sign,grp3_87ee400a-IMG_9122.jpg,E:\2. UM-Student\MSC Dissertation\Urban-Vision-Benchmark\Datasets\MTSD\Prepared\MTSD-Unaugmented\MTSD-YOLO\test\images\grp3_87ee400a-IMG_9122.jpg,1932.08,1330.9,2253.38,2690.35,1.0,traffic sign,False,False,2434.7,mtsd-p12
Cosmos Reason2 8B,traffic sign,grp3_8c6aa47e-IMG_20251203_121607.jpg,E:\2. UM-Student\MSC Dissertation\Urban-Vision-Benchmark\Datasets\MTSD\Prepared\MTSD-Unaugmented\MTSD-YOLO\test\images\grp3_8c6aa47e-IMG_20251203_121607.jpg,1165.86,436.56,1713.6,1603.44,1.0,traffic sign,False,False,4469.4,mtsd-p12
Cosmos Reason2 8B,traffic sign,grp3_8c6aa47e-IMG_20251203_121607.jpg,E:\2. UM-Student\MSC Dissertation\Urban-Vision-Benchmark\Datasets\MTSD\Prepared\MTSD-Unaugmented\MTSD-YOLO\test\images\grp3_8c6aa47e-IMG_20251203_121607.jpg,559.98,1468.8,1652.4,2611.2,1.0,traffic sign,False,False,4469.4,mtsd-p12
Cosmos Reason2 8B,traffic sign,grp3_8d66655f-IMG_4305.jpeg,E:\2. UM-Student\MSC Dissertation\Urban-Vision-Benchmark\Datasets\MTSD\Prepared\MTSD-Unaugmented\MTSD-YOLO\test\images\grp3_8d66655f-IMG_4305.jpeg,1427.33,1318.46,1953.5,1882.94,1.0,traffic sign,False,False,2377.3,mtsd-p12
Cosmos Reason2 8B,traffic sign,grp3_913cab50-IMG_20251204_094538.jpg,E:\2. UM-Student\MSC Dissertation\Urban-Vision-Benchmark\Datasets\MTSD\Prepared\MTSD-Unaugmented\MTSD-YOLO\test\images\grp3_913cab50-IMG_20251204_094538.jpg,752.76,289.68,2129.76,1693.2,1.0,traffic sign,False,False,3815.3,mtsd-p12
Cosmos Reason2 8B,traffic sign,grp3_913cab50-IMG_20251204_094538.jpg,E:\2. UM-Student\MSC Dissertation\Urban-Vision-Benchmark\Datasets\MTSD\Prepared\MTSD-Unaugmented\MTSD-YOLO\test\images\grp3_913cab50-IMG_20251204_094538.jpg,752.76,1534.08,2138.94,2970.24,1.0,traffic sign,False,False,3815.3,mtsd-p12
Cosmos Reason2 8B,traffic sign,grp3_915b758c-IMG_4287.jpeg,E:\2. UM-Student\MSC Dissertation\Urban-Vision-Benchmark\Datasets\MTSD\Prepared\MTSD-Unaugmented\MTSD-YOLO\test\images\grp3_915b758c-IMG_4287.jpeg,1360.8,1439.42,1853.71,1991.81,1.0,traffic sign,False,False,3858.8,mtsd-p12
Cosmos Reason2 8B,traffic sign,grp3_915b758c-IMG_4287.jpeg,E:\2. UM-Student\MSC Dissertation\Urban-Vision-Benchmark\Datasets\MTSD\Prepared\MTSD-Unaugmented\MTSD-YOLO\test\images\grp3_915b758c-IMG_4287.jpeg,1366.85,1927.3,1835.57,2576.45,1.0,traffic sign,False,False,3858.8,mtsd-p12
Cosmos Reason2 8B,traffic sign,grp3_940c99a8-IMG_9166.jpg,E:\2. UM-Student\MSC Dissertation\Urban-Vision-Benchmark\Datasets\MTSD\Prepared\MTSD-Unaugmented\MTSD-YOLO\test\images\grp3_940c99a8-IMG_9166.jpg,2146.28,1742.16,2463.3,2930.26,1.0,traffic sign,False,False,3923.3,mtsd-p12
Cosmos Reason2 8B,traffic sign,grp3_940c99a8-IMG_9166.jpg,E:\2. UM-Student\MSC Dissertation\Urban-Vision-Benchmark\Datasets\MTSD\Prepared\MTSD-Unaugmented\MTSD-YOLO\test\images\grp3_940c99a8-IMG_9166.jpg,2069.17,2821.73,2523.28,4089.79,1.0,traffic sign,False,False,3923.3,mtsd-p12
Cosmos Reason2 8B,traffic sign,grp3_9e3990fa-20251129_124245.jpg,E:\2. UM-Student\MSC Dissertation\Urban-Vision-Benchmark\Datasets\MTSD\Prepared\MTSD-Unaugmented\MTSD-YOLO\test\images\grp3_9e3990fa-20251129_124245.jpg,615.06,1391.28,2347.02,2974.32,1.0,traffic sign,False,False,2387.7,mtsd-p12
Cosmos Reason2 8B,traffic sign,grp3_9eaf77cf-IMG_4402.jpeg,E:\2. UM-Student\MSC Dissertation\Urban-Vision-Benchmark\Datasets\MTSD\Prepared\MTSD-Unaugmented\MTSD-YOLO\test\images\grp3_9eaf77cf-IMG_4402.jpeg,1346.69,1109.81,2056.32,1835.57,1.0,traffic sign,False,False,2391.7,mtsd-p12
Cosmos Reason2 8B,traffic sign,grp3_9ff54512-IMG_20251203_093925.jpg,E:\2. UM-Student\MSC Dissertation\Urban-Vision-Benchmark\Datasets\MTSD\Prepared\MTSD-Unaugmented\MTSD-YOLO\test\images\grp3_9ff54512-IMG_20251203_093925.jpg,1012.86,195.84,2028.78,1199.52,1.0,traffic sign,False,False,2336.4,mtsd-p12
Cosmos Reason2 8B,traffic sign,grp3_a2b6698c-IMG_4431.jpeg,E:\2. UM-Student\MSC Dissertation\Urban-Vision-Benchmark\Datasets\MTSD\Prepared\MTSD-Unaugmented\MTSD-YOLO\test\images\grp3_a2b6698c-IMG_4431.jpeg,,,,,,<no detections>,False,False,1592.7,mtsd-p12
Cosmos Reason2 8B,traffic sign,grp3_a5739f60-IMG_20251203_120925.jpg,E:\2. UM-Student\MSC Dissertation\Urban-Vision-Benchmark\Datasets\MTSD\Prepared\MTSD-Unaugmented\MTSD-YOLO\test\images\grp3_a5739f60-IMG_20251203_120925.jpg,1453.5,3321.12,1548.36,3835.2,1.0,traffic sign,False,False,2404.9,mtsd-p12
Cosmos Reason2 8B,traffic sign,grp3_a9724b83-20251129_122439.jpg,E:\2. UM-Student\MSC Dissertation\Urban-Vision-Benchmark\Datasets\MTSD\Prepared\MTSD-Unaugmented\MTSD-YOLO\test\images\grp3_a9724b83-20251129_122439.jpg,1175.04,1003.68,1465.74,1982.88,1.0,traffic sign,False,False,5348.3,mtsd-p12
Cosmos Reason2 8B,traffic sign,grp3_a9724b83-20251129_122439.jpg,E:\2. UM-Student\MSC Dissertation\Urban-Vision-Benchmark\Datasets\MTSD\Prepared\MTSD-Unaugmented\MTSD-YOLO\test\images\grp3_a9724b83-20251129_122439.jpg,1263.78,1954.32,1462.68,2660.16,1.0,traffic sign,False,False,5348.3,mtsd-p12
Cosmos Reason2 8B,traffic sign,grp3_a9724b83-20251129_122439.jpg,E:\2. UM-Student\MSC Dissertation\Urban-Vision-Benchmark\Datasets\MTSD\Prepared\MTSD-Unaugmented\MTSD-YOLO\test\images\grp3_a9724b83-20251129_122439.jpg,1967.58,2684.64,2062.44,2860.08,1.0,traffic sign,False,False,5348.3,mtsd-p12
Cosmos Reason2 8B,traffic sign,grp3_ae42a8a0-20251129_121839.jpg,E:\2. UM-Student\MSC Dissertation\Urban-Vision-Benchmark\Datasets\MTSD\Prepared\MTSD-Unaugmented\MTSD-YOLO\test\images\grp3_ae42a8a0-20251129_121839.jpg,1104.66,1142.4,1826.82,1823.76,1.0,traffic sign,False,False,3892.2,mtsd-p12
Cosmos Reason2 8B,traffic sign,grp3_ae42a8a0-20251129_121839.jpg,E:\2. UM-Student\MSC Dissertation\Urban-Vision-Benchmark\Datasets\MTSD\Prepared\MTSD-Unaugmented\MTSD-YOLO\test\images\grp3_ae42a8a0-20251129_121839.jpg,1116.9,1799.28,1888.02,2570.4,1.0,traffic sign,False,False,3892.2,mtsd-p12
Cosmos Reason2 8B,traffic sign,grp3_aebbbcad-IMG_9204.jpg,E:\2. UM-Student\MSC Dissertation\Urban-Vision-Benchmark\Datasets\MTSD\Prepared\MTSD-Unaugmented\MTSD-YOLO\test\images\grp3_aebbbcad-IMG_9204.jpg,1627.92,1056.72,2750.33,2130.58,1.0,traffic sign,False,False,3923.4,mtsd-p12
Cosmos Reason2 8B,traffic sign,grp3_aebbbcad-IMG_9204.jpg,E:\2. UM-Student\MSC Dissertation\Urban-Vision-Benchmark\Datasets\MTSD\Prepared\MTSD-Unaugmented\MTSD-YOLO\test\images\grp3_aebbbcad-IMG_9204.jpg,2429.03,3581.42,2638.94,3804.19,1.0,traffic sign,False,False,3923.4,mtsd-p12
Cosmos Reason2 8B,traffic sign,grp3_b05e6955-IMG_4433.jpeg,E:\2. UM-Student\MSC Dissertation\Urban-Vision-Benchmark\Datasets\MTSD\Prepared\MTSD-Unaugmented\MTSD-YOLO\test\images\grp3_b05e6955-IMG_4433.jpeg,1427.33,816.48,2806.27,2119.82,1.0,traffic sign,False,False,2380.1,mtsd-p12
Cosmos Reason2 8B,traffic sign,grp3_c0cc3ce0-IMG_20251203_115646.jpg,E:\2. UM-Student\MSC Dissertation\Urban-Vision-Benchmark\Datasets\MTSD\Prepared\MTSD-Unaugmented\MTSD-YOLO\test\images\grp3_c0cc3ce0-IMG_20251203_115646.jpg,1138.32,538.56,2044.08,1603.44,1.0,traffic sign,False,False,3856.2,mtsd-p12
Cosmos Reason2 8B,traffic sign,grp3_c0cc3ce0-IMG_20251203_115646.jpg,E:\2. UM-Student\MSC Dissertation\Urban-Vision-Benchmark\Datasets\MTSD\Prepared\MTSD-Unaugmented\MTSD-YOLO\test\images\grp3_c0cc3ce0-IMG_20251203_115646.jpg,1282.14,1509.6,1943.1,2354.16,1.0,traffic sign,False,False,3856.2,mtsd-p12
Cosmos Reason2 8B,traffic sign,grp3_c7a58be8-IMG_20251203_121028.jpg,E:\2. UM-Student\MSC Dissertation\Urban-Vision-Benchmark\Datasets\MTSD\Prepared\MTSD-Unaugmented\MTSD-YOLO\test\images\grp3_c7a58be8-IMG_20251203_121028.jpg,654.84,746.64,798.66,1346.4,1.0,traffic sign,False,False,2412.8,mtsd-p12
Cosmos Reason2 8B,traffic sign,grp3_ca162d3e-20251129_114653.jpg,E:\2. UM-Student\MSC Dissertation\Urban-Vision-Benchmark\Datasets\MTSD\Prepared\MTSD-Unaugmented\MTSD-YOLO\test\images\grp3_ca162d3e-20251129_114653.jpg,933.3,1391.28,1863.54,2346.0,1.0,traffic sign,False,False,4522.8,mtsd-p12
Cosmos Reason2 8B,traffic sign,grp3_ca162d3e-20251129_114653.jpg,E:\2. UM-Student\MSC Dissertation\Urban-Vision-Benchmark\Datasets\MTSD\Prepared\MTSD-Unaugmented\MTSD-YOLO\test\images\grp3_ca162d3e-20251129_114653.jpg,2172.6,2607.12,2246.04,2733.6,1.0,traffic sign,False,False,4522.8,mtsd-p12
Cosmos Reason2 8B,traffic sign,grp3_cb90b89e-IMG_9211.jpg,E:\2. UM-Student\MSC Dissertation\Urban-Vision-Benchmark\Datasets\MTSD\Prepared\MTSD-Unaugmented\MTSD-YOLO\test\images\grp3_cb90b89e-IMG_9211.jpg,1306.62,1576.51,2574.68,2673.22,1.0,traffic sign,False,False,2469.2,mtsd-p12
Cosmos Reason2 8B,traffic sign,grp3_d3cfa1f7-IMG_20251204_133658.jpg,E:\2. UM-Student\MSC Dissertation\Urban-Vision-Benchmark\Datasets\MTSD\Prepared\MTSD-Unaugmented\MTSD-YOLO\test\images\grp3_d3cfa1f7-IMG_20251204_133658.jpg,976.14,1113.84,1655.46,1595.28,1.0,traffic sign,False,False,2429.2,mtsd-p12
Cosmos Reason2 8B,traffic sign,grp3_def908c3-IMG_4315.jpeg,E:\2. UM-Student\MSC Dissertation\Urban-Vision-Benchmark\Datasets\MTSD\Prepared\MTSD-Unaugmented\MTSD-YOLO\test\images\grp3_def908c3-IMG_4315.jpeg,1242.86,1399.1,1926.29,2028.1,1.0,traffic sign,False,False,2422.9,mtsd-p12
Cosmos Reason2 8B,traffic sign,grp3_e0a623d6-IMG_9293.jpg,E:\2. UM-Student\MSC Dissertation\Urban-Vision-Benchmark\Datasets\MTSD\Prepared\MTSD-Unaugmented\MTSD-YOLO\test\images\grp3_e0a623d6-IMG_9293.jpg,2026.33,1450.85,2523.28,2827.44,1.0,traffic sign,False,False,2467.9,mtsd-p12
Cosmos Reason2 8B,traffic sign,grp3_e17ffb83-20251129_115005.jpg,E:\2. UM-Student\MSC Dissertation\Urban-Vision-Benchmark\Datasets\MTSD\Prepared\MTSD-Unaugmented\MTSD-YOLO\test\images\grp3_e17ffb83-20251129_115005.jpg,1208.7,1468.8,1548.36,2390.88,1.0,traffic sign,False,False,2398.1,mtsd-p12
Cosmos Reason2 8B,traffic sign,grp3_e337de9a-IMG_4362.jpeg,E:\2. UM-Student\MSC Dissertation\Urban-Vision-Benchmark\Datasets\MTSD\Prepared\MTSD-Unaugmented\MTSD-YOLO\test\images\grp3_e337de9a-IMG_4362.jpeg,970.7,669.31,2147.04,1636.99,1.0,traffic sign,False,False,3871.5,mtsd-p12
Cosmos Reason2 8B,traffic sign,grp3_e337de9a-IMG_4362.jpeg,E:\2. UM-Student\MSC Dissertation\Urban-Vision-Benchmark\Datasets\MTSD\Prepared\MTSD-Unaugmented\MTSD-YOLO\test\images\grp3_e337de9a-IMG_4362.jpeg,1143.07,1592.64,1998.86,1915.2,1.0,traffic sign,False,False,3871.5,mtsd-p12
Cosmos Reason2 8B,traffic sign,grp3_eb512649-IMG_4353.jpeg,E:\2. UM-Student\MSC Dissertation\Urban-Vision-Benchmark\Datasets\MTSD\Prepared\MTSD-Unaugmented\MTSD-YOLO\test\images\grp3_eb512649-IMG_4353.jpeg,1261.01,1520.06,1880.93,2044.22,1.0,traffic sign,False,False,3946.4,mtsd-p12
Cosmos Reason2 8B,traffic sign,grp3_eb512649-IMG_4353.jpeg,E:\2. UM-Student\MSC Dissertation\Urban-Vision-Benchmark\Datasets\MTSD\Prepared\MTSD-Unaugmented\MTSD-YOLO\test\images\grp3_eb512649-IMG_4353.jpeg,1248.91,2032.13,1886.98,2653.06,1.0,traffic sign,False,False,3946.4,mtsd-p12
Cosmos Reason2 8B,traffic sign,grp3_eb95b9a8-IMG_9119.jpg,E:\2. UM-Student\MSC Dissertation\Urban-Vision-Benchmark\Datasets\MTSD\Prepared\MTSD-Unaugmented\MTSD-YOLO\test\images\grp3_eb95b9a8-IMG_9119.jpg,3560.0,5649.17,3851.32,5706.29,1.0,traffic sign,False,False,3037.0,mtsd-p12
Cosmos Reason2 8B,traffic sign,grp3_ec385cc7-IMG_20251203_121353.jpg,E:\2. UM-Student\MSC Dissertation\Urban-Vision-Benchmark\Datasets\MTSD\Prepared\MTSD-Unaugmented\MTSD-YOLO\test\images\grp3_ec385cc7-IMG_20251203_121353.jpg,290.7,3341.52,327.42,3431.28,1.0,traffic sign,False,False,2358.7,mtsd-p12
Cosmos Reason2 8B,traffic sign,grp3_ecbe9be3-IMG_20251204_100152.jpg,E:\2. UM-Student\MSC Dissertation\Urban-Vision-Benchmark\Datasets\MTSD\Prepared\MTSD-Unaugmented\MTSD-YOLO\test\images\grp3_ecbe9be3-IMG_20251204_100152.jpg,1392.3,816.0,2640.78,4075.92,1.0,traffic sign,False,False,2387.8,mtsd-p12
Cosmos Reason2 8B,traffic sign,grp3_f2a7e32a-IMG_4334.jpeg,E:\2. UM-Student\MSC Dissertation\Urban-Vision-Benchmark\Datasets\MTSD\Prepared\MTSD-Unaugmented\MTSD-YOLO\test\images\grp3_f2a7e32a-IMG_4334.jpeg,1251.94,1778.11,1841.62,2350.66,1.0,traffic sign,False,False,2389.4,mtsd-p12
Cosmos Reason2 8B,traffic sign,grp3_f6ba6aba-IMG_4397.jpeg,E:\2. UM-Student\MSC Dissertation\Urban-Vision-Benchmark\Datasets\MTSD\Prepared\MTSD-Unaugmented\MTSD-YOLO\test\images\grp3_f6ba6aba-IMG_4397.jpeg,1164.24,1487.81,1902.1,2193.41,1.0,traffic sign,False,False,2405.0,mtsd-p12
Cosmos Reason2 8B,traffic sign,grp3_facbf33e-IMG_9197.jpg,E:\2. UM-Student\MSC Dissertation\Urban-Vision-Benchmark\Datasets\MTSD\Prepared\MTSD-Unaugmented\MTSD-YOLO\test\images\grp3_facbf33e-IMG_9197.jpg,1816.42,2079.17,2082.02,3078.77,1.0,traffic sign,False,False,2452.1,mtsd-p12
Cosmos Reason2 8B,traffic sign,grp3_faf213d1-IMG_20251203_120236.jpg,E:\2. UM-Student\MSC Dissertation\Urban-Vision-Benchmark\Datasets\MTSD\Prepared\MTSD-Unaugmented\MTSD-YOLO\test\images\grp3_faf213d1-IMG_20251203_120236.jpg,716.04,3137.52,752.76,3182.4,1.0,traffic sign,False,False,2406.9,mtsd-p12
Cosmos Reason2 8B,traffic sign,grp4_0da97af9-20251222_133337.jpg,E:\2. UM-Student\MSC Dissertation\Urban-Vision-Benchmark\Datasets\MTSD\Prepared\MTSD-Unaugmented\MTSD-YOLO\test\images\grp4_0da97af9-20251222_133337.jpg,534.0,988.0,1914.0,2332.0,1.0,traffic sign,False,False,2407.4,mtsd-p12
Cosmos Reason2 8B,traffic sign,grp4_11d8a182-WhatsApp_Image_2026-01-14_at_11.12.01.jpeg,E:\2. UM-Student\MSC Dissertation\Urban-Vision-Benchmark\Datasets\MTSD\Prepared\MTSD-Unaugmented\MTSD-YOLO\test\images\grp4_11d8a182-WhatsApp_Image_2026-01-14_at_11.12.01.jpeg,306.0,1102.0,456.0,1274.0,1.0,traffic sign,False,False,4511.6,mtsd-p12
Cosmos Reason2 8B,traffic sign,grp4_11d8a182-WhatsApp_Image_2026-01-14_at_11.12.01.jpeg,E:\2. UM-Student\MSC Dissertation\Urban-Vision-Benchmark\Datasets\MTSD\Prepared\MTSD-Unaugmented\MTSD-YOLO\test\images\grp4_11d8a182-WhatsApp_Image_2026-01-14_at_11.12.01.jpeg,295.5,1686.0,372.0,1836.0,1.0,traffic sign,False,False,4511.6,mtsd-p12
Cosmos Reason2 8B,traffic sign,grp4_1d0747c0-20260107_105907.jpg,E:\2. UM-Student\MSC Dissertation\Urban-Vision-Benchmark\Datasets\MTSD\Prepared\MTSD-Unaugmented\MTSD-YOLO\test\images\grp4_1d0747c0-20260107_105907.jpg,347.45,601.1,1343.09,1570.83,1.0,traffic sign,False,False,5138.9,mtsd-p12
Cosmos Reason2 8B,traffic sign,grp4_1d0747c0-20260107_105907.jpg,E:\2. UM-Student\MSC Dissertation\Urban-Vision-Benchmark\Datasets\MTSD\Prepared\MTSD-Unaugmented\MTSD-YOLO\test\images\grp4_1d0747c0-20260107_105907.jpg,463.26,1577.47,1311.34,2414.37,1.0,traffic sign,False,False,5138.9,mtsd-p12
Cosmos Reason2 8B,traffic sign,grp4_1d0747c0-20260107_105907.jpg,E:\2. UM-Student\MSC Dissertation\Urban-Vision-Benchmark\Datasets\MTSD\Prepared\MTSD-Unaugmented\MTSD-YOLO\test\images\grp4_1d0747c0-20260107_105907.jpg,657.54,2414.37,1019.93,2686.69,1.0,traffic sign,False,False,5138.9,mtsd-p12
Cosmos Reason2 8B,traffic sign,grp4_20251115_125732.jpg,E:\2. UM-Student\MSC Dissertation\Urban-Vision-Benchmark\Datasets\MTSD\Prepared\MTSD-Unaugmented\MTSD-YOLO\test\images\grp4_20251115_125732.jpg,2235.0,3324.0,2280.0,3428.0,1.0,traffic sign,False,False,2402.6,mtsd-p12
Cosmos Reason2 8B,traffic sign,grp4_20251130_114937.jpg,E:\2. UM-Student\MSC Dissertation\Urban-Vision-Benchmark\Datasets\MTSD\Prepared\MTSD-Unaugmented\MTSD-YOLO\test\images\grp4_20251130_114937.jpg,993.0,2016.0,1839.0,3464.0,1.0,traffic sign,False,False,2380.7,mtsd-p12
Cosmos Reason2 8B,traffic sign,grp4_20251130_115129.jpg,E:\2. UM-Student\MSC Dissertation\Urban-Vision-Benchmark\Datasets\MTSD\Prepared\MTSD-Unaugmented\MTSD-YOLO\test\images\grp4_20251130_115129.jpg,855.0,2224.0,2088.0,3500.0,1.0,traffic sign,False,False,6695.1,mtsd-p12
Cosmos Reason2 8B,traffic sign,grp4_20251130_115129.jpg,E:\2. UM-Student\MSC Dissertation\Urban-Vision-Benchmark\Datasets\MTSD\Prepared\MTSD-Unaugmented\MTSD-YOLO\test\images\grp4_20251130_115129.jpg,699.0,3396.0,759.0,3496.0,1.0,traffic sign,False,False,6695.1,mtsd-p12
Cosmos Reason2 8B,traffic sign,grp4_20251130_115129.jpg,E:\2. UM-Student\MSC Dissertation\Urban-Vision-Benchmark\Datasets\MTSD\Prepared\MTSD-Unaugmented\MTSD-YOLO\test\images\grp4_20251130_115129.jpg,1074.0,3404.0,1119.0,3524.0,1.0,traffic sign,False,False,6695.1,mtsd-p12
Cosmos Reason2 8B,traffic sign,grp4_20251130_115129.jpg,E:\2. UM-Student\MSC Dissertation\Urban-Vision-Benchmark\Datasets\MTSD\Prepared\MTSD-Unaugmented\MTSD-YOLO\test\images\grp4_20251130_115129.jpg,216.0,3420.0,261.0,3524.0,1.0,traffic sign,False,False,6695.1,mtsd-p12
Cosmos Reason2 8B,traffic sign,grp4_20251130_115523.jpg,E:\2. UM-Student\MSC Dissertation\Urban-Vision-Benchmark\Datasets\MTSD\Prepared\MTSD-Unaugmented\MTSD-YOLO\test\images\grp4_20251130_115523.jpg,2235.0,2868.0,2346.0,3004.0,1.0,traffic sign,False,False,5320.1,mtsd-p12
Cosmos Reason2 8B,traffic sign,grp4_20251130_115523.jpg,E:\2. UM-Student\MSC Dissertation\Urban-Vision-Benchmark\Datasets\MTSD\Prepared\MTSD-Unaugmented\MTSD-YOLO\test\images\grp4_20251130_115523.jpg,1731.0,2932.0,1791.0,3016.0,1.0,traffic sign,False,False,5320.1,mtsd-p12
Cosmos Reason2 8B,traffic sign,grp4_20251130_115523.jpg,E:\2. UM-Student\MSC Dissertation\Urban-Vision-Benchmark\Datasets\MTSD\Prepared\MTSD-Unaugmented\MTSD-YOLO\test\images\grp4_20251130_115523.jpg,2148.0,2968.0,2196.0,3016.0,1.0,traffic sign,False,False,5320.1,mtsd-p12
Cosmos Reason2 8B,traffic sign,grp4_20251130_115532.jpg,E:\2. UM-Student\MSC Dissertation\Urban-Vision-Benchmark\Datasets\MTSD\Prepared\MTSD-Unaugmented\MTSD-YOLO\test\images\grp4_20251130_115532.jpg,726.0,1424.0,1956.0,2420.0,1.0,traffic sign,False,False,3877.1,mtsd-p12
Cosmos Reason2 8B,traffic sign,grp4_20251130_115532.jpg,E:\2. UM-Student\MSC Dissertation\Urban-Vision-Benchmark\Datasets\MTSD\Prepared\MTSD-Unaugmented\MTSD-YOLO\test\images\grp4_20251130_115532.jpg,1662.0,1492.0,2601.0,3264.0,1.0,traffic sign,False,False,3877.1,mtsd-p12
Cosmos Reason2 8B,traffic sign,grp4_20251130_115613.jpg,E:\2. UM-Student\MSC Dissertation\Urban-Vision-Benchmark\Datasets\MTSD\Prepared\MTSD-Unaugmented\MTSD-YOLO\test\images\grp4_20251130_115613.jpg,1170.0,1488.0,1446.0,3068.0,1.0,traffic sign,False,False,2383.2,mtsd-p12
Cosmos Reason2 8B,traffic sign,grp4_20251130_115807.jpg,E:\2. UM-Student\MSC Dissertation\Urban-Vision-Benchmark\Datasets\MTSD\Prepared\MTSD-Unaugmented\MTSD-YOLO\test\images\grp4_20251130_115807.jpg,714.0,2472.0,1329.0,3744.0,1.0,traffic sign,False,False,3086.3,mtsd-p12
Cosmos Reason2 8B,traffic sign,grp4_20251130_120143.jpg,E:\2. UM-Student\MSC Dissertation\Urban-Vision-Benchmark\Datasets\MTSD\Prepared\MTSD-Unaugmented\MTSD-YOLO\test\images\grp4_20251130_120143.jpg,1518.0,1680.0,1710.0,3100.0,1.0,traffic sign,False,False,2404.8,mtsd-p12
Cosmos Reason2 8B,traffic sign,grp4_20251130_120206.jpg,E:\2. UM-Student\MSC Dissertation\Urban-Vision-Benchmark\Datasets\MTSD\Prepared\MTSD-Unaugmented\MTSD-YOLO\test\images\grp4_20251130_120206.jpg,1032.0,1528.0,2205.0,2820.0,1.0,traffic sign,False,False,2393.4,mtsd-p12
Cosmos Reason2 8B,traffic sign,grp4_20251219_134240.jpg,E:\2. UM-Student\MSC Dissertation\Urban-Vision-Benchmark\Datasets\MTSD\Prepared\MTSD-Unaugmented\MTSD-YOLO\test\images\grp4_20251219_134240.jpg,933.0,1992.0,2076.0,3196.0,1.0,traffic sign,False,False,2373.3,mtsd-p12
Cosmos Reason2 8B,traffic sign,grp4_20251229_142249.jpg,E:\2. UM-Student\MSC Dissertation\Urban-Vision-Benchmark\Datasets\MTSD\Prepared\MTSD-Unaugmented\MTSD-YOLO\test\images\grp4_20251229_142249.jpg,708.0,2032.0,1857.0,3120.0,1.0,traffic sign,False,False,2403.9,mtsd-p12
Cosmos Reason2 8B,traffic sign,grp4_20251229_144322.jpg,E:\2. UM-Student\MSC Dissertation\Urban-Vision-Benchmark\Datasets\MTSD\Prepared\MTSD-Unaugmented\MTSD-YOLO\test\images\grp4_20251229_144322.jpg,717.0,524.0,2115.0,1640.0,1.0,traffic sign,False,False,3884.8,mtsd-p12
Cosmos Reason2 8B,traffic sign,grp4_20251229_144322.jpg,E:\2. UM-Student\MSC Dissertation\Urban-Vision-Benchmark\Datasets\MTSD\Prepared\MTSD-Unaugmented\MTSD-YOLO\test\images\grp4_20251229_144322.jpg,912.0,1676.0,2217.0,2896.0,1.0,traffic sign,False,False,3884.8,mtsd-p12
Cosmos Reason2 8B,traffic sign,grp4_20251229_145129.jpg,E:\2. UM-Student\MSC Dissertation\Urban-Vision-Benchmark\Datasets\MTSD\Prepared\MTSD-Unaugmented\MTSD-YOLO\test\images\grp4_20251229_145129.jpg,288.0,1448.0,2187.0,3016.0,1.0,traffic sign,False,False,3769.6,mtsd-p12
Cosmos Reason2 8B,traffic sign,grp4_20251229_145129.jpg,E:\2. UM-Student\MSC Dissertation\Urban-Vision-Benchmark\Datasets\MTSD\Prepared\MTSD-Unaugmented\MTSD-YOLO\test\images\grp4_20251229_145129.jpg,216.0,2748.0,2187.0,3736.0,1.0,traffic sign,False,False,3769.6,mtsd-p12
Cosmos Reason2 8B,traffic sign,grp4_20251229_150136.jpg,E:\2. UM-Student\MSC Dissertation\Urban-Vision-Benchmark\Datasets\MTSD\Prepared\MTSD-Unaugmented\MTSD-YOLO\test\images\grp4_20251229_150136.jpg,618.0,1132.0,1944.0,2080.0,1.0,traffic sign,False,False,3920.6,mtsd-p12
Cosmos Reason2 8B,traffic sign,grp4_20251229_150136.jpg,E:\2. UM-Student\MSC Dissertation\Urban-Vision-Benchmark\Datasets\MTSD\Prepared\MTSD-Unaugmented\MTSD-YOLO\test\images\grp4_20251229_150136.jpg,441.0,2064.0,1860.0,3384.0,1.0,traffic sign,False,False,3920.6,mtsd-p12
Cosmos Reason2 8B,traffic sign,grp4_20251229_150338.jpg,E:\2. UM-Student\MSC Dissertation\Urban-Vision-Benchmark\Datasets\MTSD\Prepared\MTSD-Unaugmented\MTSD-YOLO\test\images\grp4_20251229_150338.jpg,723.0,1460.0,1950.0,2464.0,1.0,traffic sign,False,False,8957.0,mtsd-p12
Cosmos Reason2 8B,traffic sign,grp4_20251229_150338.jpg,E:\2. UM-Student\MSC Dissertation\Urban-Vision-Benchmark\Datasets\MTSD\Prepared\MTSD-Unaugmented\MTSD-YOLO\test\images\grp4_20251229_150338.jpg,714.0,2464.0,1890.0,3680.0,1.0,traffic sign,False,False,8957.0,mtsd-p12
Cosmos Reason2 8B,traffic sign,grp4_20251229_150338.jpg,E:\2. UM-Student\MSC Dissertation\Urban-Vision-Benchmark\Datasets\MTSD\Prepared\MTSD-Unaugmented\MTSD-YOLO\test\images\grp4_20251229_150338.jpg,1833.0,3716.0,1908.0,3900.0,1.0,traffic sign,False,False,8957.0,mtsd-p12
Cosmos Reason2 8B,traffic sign,grp4_20251229_150338.jpg,E:\2. UM-Student\MSC Dissertation\Urban-Vision-Benchmark\Datasets\MTSD\Prepared\MTSD-Unaugmented\MTSD-YOLO\test\images\grp4_20251229_150338.jpg,513.0,3820.0,564.0,3920.0,1.0,traffic sign,False,False,8957.0,mtsd-p12
Cosmos Reason2 8B,traffic sign,grp4_20251229_150338.jpg,E:\2. UM-Student\MSC Dissertation\Urban-Vision-Benchmark\Datasets\MTSD\Prepared\MTSD-Unaugmented\MTSD-YOLO\test\images\grp4_20251229_150338.jpg,2493.0,3880.0,2538.0,3956.0,1.0,traffic sign,False,False,8957.0,mtsd-p12
Cosmos Reason2 8B,traffic sign,grp4_20251229_151051.jpg,E:\2. UM-Student\MSC Dissertation\Urban-Vision-Benchmark\Datasets\MTSD\Prepared\MTSD-Unaugmented\MTSD-YOLO\test\images\grp4_20251229_151051.jpg,1017.0,1152.0,2391.0,2396.0,1.0,traffic sign,False,False,3856.9,mtsd-p12
Cosmos Reason2 8B,traffic sign,grp4_20251229_151051.jpg,E:\2. UM-Student\MSC Dissertation\Urban-Vision-Benchmark\Datasets\MTSD\Prepared\MTSD-Unaugmented\MTSD-YOLO\test\images\grp4_20251229_151051.jpg,1221.0,2400.0,2358.0,3668.0,1.0,traffic sign,False,False,3856.9,mtsd-p12
Cosmos Reason2 8B,traffic sign,grp4_20251229_152158.jpg,E:\2. UM-Student\MSC Dissertation\Urban-Vision-Benchmark\Datasets\MTSD\Prepared\MTSD-Unaugmented\MTSD-YOLO\test\images\grp4_20251229_152158.jpg,450.0,1316.0,2508.0,3300.0,1.0,traffic sign,False,False,2421.8,mtsd-p12
Cosmos Reason2 8B,traffic sign,grp4_20251231_160526.jpg,E:\2. UM-Student\MSC Dissertation\Urban-Vision-Benchmark\Datasets\MTSD\Prepared\MTSD-Unaugmented\MTSD-YOLO\test\images\grp4_20251231_160526.jpg,990.0,1508.0,2016.0,2444.0,1.0,traffic sign,False,False,2377.7,mtsd-p12
Cosmos Reason2 8B,traffic sign,grp4_20251231_160545.jpg,E:\2. UM-Student\MSC Dissertation\Urban-Vision-Benchmark\Datasets\MTSD\Prepared\MTSD-Unaugmented\MTSD-YOLO\test\images\grp4_20251231_160545.jpg,1227.0,1420.0,1572.0,2464.0,1.0,traffic sign,False,False,2399.7,mtsd-p12
Cosmos Reason2 8B,traffic sign,grp4_20251231_160556.jpg,E:\2. UM-Student\MSC Dissertation\Urban-Vision-Benchmark\Datasets\MTSD\Prepared\MTSD-Unaugmented\MTSD-YOLO\test\images\grp4_20251231_160556.jpg,1848.0,1932.0,2043.0,2532.0,1.0,traffic sign,False,False,2369.7,mtsd-p12
Cosmos Reason2 8B,traffic sign,grp4_219a5ac5-20251116_164504.jpg,E:\2. UM-Student\MSC Dissertation\Urban-Vision-Benchmark\Datasets\MTSD\Prepared\MTSD-Unaugmented\MTSD-YOLO\test\images\grp4_219a5ac5-20251116_164504.jpg,668.14,1179.12,1308.72,2517.36,1.0,traffic sign,False,False,3688.2,mtsd-p12
Cosmos Reason2 8B,traffic sign,grp4_219a5ac5-20251116_164504.jpg,E:\2. UM-Student\MSC Dissertation\Urban-Vision-Benchmark\Datasets\MTSD\Prepared\MTSD-Unaugmented\MTSD-YOLO\test\images\grp4_219a5ac5-20251116_164504.jpg,769.16,2411.28,1157.18,4035.12,1.0,traffic sign,False,False,3688.2,mtsd-p12
Cosmos Reason2 8B,traffic sign,grp4_21c64815-20251116_163111.jpg,E:\2. UM-Student\MSC Dissertation\Urban-Vision-Benchmark\Datasets\MTSD\Prepared\MTSD-Unaugmented\MTSD-YOLO\test\images\grp4_21c64815-20251116_163111.jpg,560.22,1179.12,1774.81,2186.88,1.0,traffic sign,False,False,2228.1,mtsd-p12
Cosmos Reason2 8B,traffic sign,grp4_22bb020a-20251222_131805.jpg,E:\2. UM-Student\MSC Dissertation\Urban-Vision-Benchmark\Datasets\MTSD\Prepared\MTSD-Unaugmented\MTSD-YOLO\test\images\grp4_22bb020a-20251222_131805.jpg,492.0,684.0,2385.0,2720.0,1.0,traffic sign,False,False,2987.1,mtsd-p12
Cosmos Reason2 8B,traffic sign,grp4_25671e9a-WhatsApp_Image_2026-01-14_at_11.11.43_3.jpeg,E:\2. UM-Student\MSC Dissertation\Urban-Vision-Benchmark\Datasets\MTSD\Prepared\MTSD-Unaugmented\MTSD-YOLO\test\images\grp4_25671e9a-WhatsApp_Image_2026-01-14_at_11.11.43_3.jpeg,456.0,320.0,948.0,770.0,1.0,traffic sign,False,False,5347.9,mtsd-p12
Cosmos Reason2 8B,traffic sign,grp4_25671e9a-WhatsApp_Image_2026-01-14_at_11.11.43_3.jpeg,E:\2. UM-Student\MSC Dissertation\Urban-Vision-Benchmark\Datasets\MTSD\Prepared\MTSD-Unaugmented\MTSD-YOLO\test\images\grp4_25671e9a-WhatsApp_Image_2026-01-14_at_11.11.43_3.jpeg,538.5,774.0,880.5,1118.0,1.0,traffic sign,False,False,5347.9,mtsd-p12
Cosmos Reason2 8B,traffic sign,grp4_25671e9a-WhatsApp_Image_2026-01-14_at_11.11.43_3.jpeg,E:\2. UM-Student\MSC Dissertation\Urban-Vision-Benchmark\Datasets\MTSD\Prepared\MTSD-Unaugmented\MTSD-YOLO\test\images\grp4_25671e9a-WhatsApp_Image_2026-01-14_at_11.11.43_3.jpeg,1344.0,854.0,1498.5,1080.0,1.0,traffic sign,False,False,5347.9,mtsd-p12
Cosmos Reason2 8B,traffic sign,grp4_2659e726-20260107_105845.jpg,E:\2. UM-Student\MSC Dissertation\Urban-Vision-Benchmark\Datasets\MTSD\Prepared\MTSD-Unaugmented\MTSD-YOLO\test\images\grp4_2659e726-20260107_105845.jpg,470.68,1113.84,1632.46,2692.8,1.0,traffic sign,False,False,3672.8,mtsd-p12
Cosmos Reason2 8B,traffic sign,grp4_2659e726-20260107_105845.jpg,E:\2. UM-Student\MSC Dissertation\Urban-Vision-Benchmark\Datasets\MTSD\Prepared\MTSD-Unaugmented\MTSD-YOLO\test\images\grp4_2659e726-20260107_105845.jpg,507.42,0.0,1575.06,1228.08,1.0,traffic sign,False,False,3672.8,mtsd-p12
Cosmos Reason2 8B,traffic sign,grp4_27645844-20260107_151619.jpg,E:\2. UM-Student\MSC Dissertation\Urban-Vision-Benchmark\Datasets\MTSD\Prepared\MTSD-Unaugmented\MTSD-YOLO\test\images\grp4_27645844-20260107_151619.jpg,91.51,39.68,530.1,636.86,1.0,traffic sign,False,False,11068.4,mtsd-p12
Cosmos Reason2 8B,traffic sign,grp4_27645844-20260107_151619.jpg,E:\2. UM-Student\MSC Dissertation\Urban-Vision-Benchmark\Datasets\MTSD\Prepared\MTSD-Unaugmented\MTSD-YOLO\test\images\grp4_27645844-20260107_151619.jpg,148.43,636.86,466.49,1077.31,1.0,traffic sign,False,False,11068.4,mtsd-p12
Cosmos Reason2 8B,traffic sign,grp4_27645844-20260107_151619.jpg,E:\2. UM-Student\MSC Dissertation\Urban-Vision-Benchmark\Datasets\MTSD\Prepared\MTSD-Unaugmented\MTSD-YOLO\test\images\grp4_27645844-20260107_151619.jpg,621.61,1140.8,684.11,1279.68,1.0,traffic sign,False,False,11068.4,mtsd-p12
Cosmos Reason2 8B,traffic sign,grp4_27645844-20260107_151619.jpg,E:\2. UM-Student\MSC Dissertation\Urban-Vision-Benchmark\Datasets\MTSD\Prepared\MTSD-Unaugmented\MTSD-YOLO\test\images\grp4_27645844-20260107_151619.jpg,1056.85,1176.51,1114.88,1283.65,1.0,traffic sign,False,False,11068.4,mtsd-p12
Cosmos Reason2 8B,traffic sign,grp4_27645844-20260107_151619.jpg,E:\2. UM-Student\MSC Dissertation\Urban-Vision-Benchmark\Datasets\MTSD\Prepared\MTSD-Unaugmented\MTSD-YOLO\test\images\grp4_27645844-20260107_151619.jpg,972.04,1184.45,1023.37,1253.89,1.0,traffic sign,False,False,11068.4,mtsd-p12
Cosmos Reason2 8B,traffic sign,grp4_27645844-20260107_151619.jpg,E:\2. UM-Student\MSC Dissertation\Urban-Vision-Benchmark\Datasets\MTSD\Prepared\MTSD-Unaugmented\MTSD-YOLO\test\images\grp4_27645844-20260107_151619.jpg,887.22,1198.34,914.0,1271.74,1.0,traffic sign,False,False,11068.4,mtsd-p12
Cosmos Reason2 8B,traffic sign,grp4_27645844-20260107_151619.jpg,E:\2. UM-Student\MSC Dissertation\Urban-Vision-Benchmark\Datasets\MTSD\Prepared\MTSD-Unaugmented\MTSD-YOLO\test\images\grp4_27645844-20260107_151619.jpg,558.0,1363.01,593.71,1466.18,1.0,traffic sign,False,False,11068.4,mtsd-p12
Cosmos Reason2 8B,traffic sign,grp4_27f66596-20260109_125516.jpg,E:\2. UM-Student\MSC Dissertation\Urban-Vision-Benchmark\Datasets\MTSD\Prepared\MTSD-Unaugmented\MTSD-YOLO\test\images\grp4_27f66596-20260109_125516.jpg,1030.97,977.26,1097.82,1090.42,1.0,traffic sign,False,False,2403.2,mtsd-p12
Cosmos Reason2 8B,traffic sign,grp4_303a684b-WhatsApp_Image_2026-01-14_at_11.12.36_1.jpeg,E:\2. UM-Student\MSC Dissertation\Urban-Vision-Benchmark\Datasets\MTSD\Prepared\MTSD-Unaugmented\MTSD-YOLO\test\images\grp4_303a684b-WhatsApp_Image_2026-01-14_at_11.12.36_1.jpeg,1282.5,1530.0,1314.0,1582.0,1.0,traffic sign,False,False,2339.4,mtsd-p12
Cosmos Reason2 8B,traffic sign,grp4_3a0abdfb-20251116_161259.jpg,E:\2. UM-Student\MSC Dissertation\Urban-Vision-Benchmark\Datasets\MTSD\Prepared\MTSD-Unaugmented\MTSD-YOLO\test\images\grp4_3a0abdfb-20251116_161259.jpg,835.74,897.6,1350.05,1901.28,1.0,traffic sign,False,False,3712.8,mtsd-p12
Cosmos Reason2 8B,traffic sign,grp4_3a0abdfb-20251116_161259.jpg,E:\2. UM-Student\MSC Dissertation\Urban-Vision-Benchmark\Datasets\MTSD\Prepared\MTSD-Unaugmented\MTSD-YOLO\test\images\grp4_3a0abdfb-20251116_161259.jpg,805.9,1578.96,1455.66,2252.16,1.0,traffic sign,False,False,3712.8,mtsd-p12
Cosmos Reason2 8B,traffic sign,grp4_3a5008ad-20251222_141011.jpg,E:\2. UM-Student\MSC Dissertation\Urban-Vision-Benchmark\Datasets\MTSD\Prepared\MTSD-Unaugmented\MTSD-YOLO\test\images\grp4_3a5008ad-20251222_141011.jpg,672.0,428.0,2169.0,2184.0,1.0,traffic sign,False,False,2398.3,mtsd-p12
Cosmos Reason2 8B,traffic sign,grp4_420a4dea-20251222_131729.jpg,E:\2. UM-Student\MSC Dissertation\Urban-Vision-Benchmark\Datasets\MTSD\Prepared\MTSD-Unaugmented\MTSD-YOLO\test\images\grp4_420a4dea-20251222_131729.jpg,819.0,724.0,2370.0,2484.0,1.0,traffic sign,False,False,3065.3,mtsd-p12
Cosmos Reason2 8B,traffic sign,grp4_53b94993-WhatsApp_Image_2026-01-14_at_11.10.30_2.jpeg,E:\2. UM-Student\MSC Dissertation\Urban-Vision-Benchmark\Datasets\MTSD\Prepared\MTSD-Unaugmented\MTSD-YOLO\test\images\grp4_53b94993-WhatsApp_Image_2026-01-14_at_11.10.30_2.jpeg,592.5,770.0,855.0,1202.0,1.0,traffic sign,False,False,3838.6,mtsd-p12
Cosmos Reason2 8B,traffic sign,grp4_53b94993-WhatsApp_Image_2026-01-14_at_11.10.30_2.jpeg,E:\2. UM-Student\MSC Dissertation\Urban-Vision-Benchmark\Datasets\MTSD\Prepared\MTSD-Unaugmented\MTSD-YOLO\test\images\grp4_53b94993-WhatsApp_Image_2026-01-14_at_11.10.30_2.jpeg,559.5,1174.0,837.0,1514.0,1.0,traffic sign,False,False,3838.6,mtsd-p12
Cosmos Reason2 8B,traffic sign,grp4_5886bc7f-20251116_161202.jpg,E:\2. UM-Student\MSC Dissertation\Urban-Vision-Benchmark\Datasets\MTSD\Prepared\MTSD-Unaugmented\MTSD-YOLO\test\images\grp4_5886bc7f-20251116_161202.jpg,1244.43,1428.0,1405.15,1909.44,1.0,traffic sign,False,False,2201.2,mtsd-p12
Cosmos Reason2 8B,traffic sign,grp4_5996dfea-20251116_163330.jpg,E:\2. UM-Student\MSC Dissertation\Urban-Vision-Benchmark\Datasets\MTSD\Prepared\MTSD-Unaugmented\MTSD-YOLO\test\images\grp4_5996dfea-20251116_163330.jpg,1033.2,1570.8,1166.37,2162.4,1.0,traffic sign,False,False,3736.7,mtsd-p12
Cosmos Reason2 8B,traffic sign,grp4_5996dfea-20251116_163330.jpg,E:\2. UM-Student\MSC Dissertation\Urban-Vision-Benchmark\Datasets\MTSD\Prepared\MTSD-Unaugmented\MTSD-YOLO\test\images\grp4_5996dfea-20251116_163330.jpg,1492.4,942.48,1664.6,1974.72,1.0,traffic sign,False,False,3736.7,mtsd-p12
Cosmos Reason2 8B,traffic sign,grp4_5c62b2f6-20251117_104837.jpg,E:\2. UM-Student\MSC Dissertation\Urban-Vision-Benchmark\Datasets\MTSD\Prepared\MTSD-Unaugmented\MTSD-YOLO\test\images\grp4_5c62b2f6-20251117_104837.jpg,422.46,1334.16,1650.82,2370.48,1.0,traffic sign,False,False,6649.7,mtsd-p12
Cosmos Reason2 8B,traffic sign,grp4_5c62b2f6-20251117_104837.jpg,E:\2. UM-Student\MSC Dissertation\Urban-Vision-Benchmark\Datasets\MTSD\Prepared\MTSD-Unaugmented\MTSD-YOLO\test\images\grp4_5c62b2f6-20251117_104837.jpg,633.7,591.6,1455.66,1415.76,1.0,traffic sign,False,False,6649.7,mtsd-p12
Cosmos Reason2 8B,traffic sign,grp4_5c62b2f6-20251117_104837.jpg,E:\2. UM-Student\MSC Dissertation\Urban-Vision-Benchmark\Datasets\MTSD\Prepared\MTSD-Unaugmented\MTSD-YOLO\test\images\grp4_5c62b2f6-20251117_104837.jpg,913.81,2725.44,945.95,2802.96,1.0,traffic sign,False,False,6649.7,mtsd-p12
Cosmos Reason2 8B,traffic sign,grp4_5c62b2f6-20251117_104837.jpg,E:\2. UM-Student\MSC Dissertation\Urban-Vision-Benchmark\Datasets\MTSD\Prepared\MTSD-Unaugmented\MTSD-YOLO\test\images\grp4_5c62b2f6-20251117_104837.jpg,2025.07,2729.52,2070.99,2802.96,1.0,traffic sign,False,False,6649.7,mtsd-p12
Cosmos Reason2 8B,traffic sign,grp4_5e204826-WhatsApp_Image_2026-01-14_at_11.11.36.jpeg,E:\2. UM-Student\MSC Dissertation\Urban-Vision-Benchmark\Datasets\MTSD\Prepared\MTSD-Unaugmented\MTSD-YOLO\test\images\grp4_5e204826-WhatsApp_Image_2026-01-14_at_11.11.36.jpeg,585.0,790.0,774.0,982.0,1.0,traffic sign,False,False,2344.4,mtsd-p12
Cosmos Reason2 8B,traffic sign,grp4_63c4320e-WhatsApp_Image_2026-01-14_at_11.10.32_3.jpeg,E:\2. UM-Student\MSC Dissertation\Urban-Vision-Benchmark\Datasets\MTSD\Prepared\MTSD-Unaugmented\MTSD-YOLO\test\images\grp4_63c4320e-WhatsApp_Image_2026-01-14_at_11.10.32_3.jpeg,586.5,686.0,828.0,920.0,1.0,traffic sign,False,False,2365.8,mtsd-p12
Cosmos Reason2 8B,traffic sign,grp4_66eacd8c-20260109_124456.jpg,E:\2. UM-Student\MSC Dissertation\Urban-Vision-Benchmark\Datasets\MTSD\Prepared\MTSD-Unaugmented\MTSD-YOLO\test\images\grp4_66eacd8c-20260109_124456.jpg,840.0,852.0,1905.0,2672.0,1.0,traffic sign,False,False,2388.4,mtsd-p12
Cosmos Reason2 8B,traffic sign,grp4_763f17c4-20260107_150842.jpg,E:\2. UM-Student\MSC Dissertation\Urban-Vision-Benchmark\Datasets\MTSD\Prepared\MTSD-Unaugmented\MTSD-YOLO\test\images\grp4_763f17c4-20260107_150842.jpg,481.91,552.37,1394.6,1489.3,1.0,traffic sign,False,False,5829.9,mtsd-p12
Cosmos Reason2 8B,traffic sign,grp4_763f17c4-20260107_150842.jpg,E:\2. UM-Student\MSC Dissertation\Urban-Vision-Benchmark\Datasets\MTSD\Prepared\MTSD-Unaugmented\MTSD-YOLO\test\images\grp4_763f17c4-20260107_150842.jpg,519.29,1482.3,1361.16,2300.37,1.0,traffic sign,False,False,5829.9,mtsd-p12
Cosmos Reason2 8B,traffic sign,grp4_763f17c4-20260107_150842.jpg,E:\2. UM-Student\MSC Dissertation\Urban-Vision-Benchmark\Datasets\MTSD\Prepared\MTSD-Unaugmented\MTSD-YOLO\test\images\grp4_763f17c4-20260107_150842.jpg,1646.38,2887.7,1752.6,3010.06,1.0,traffic sign,False,False,5829.9,mtsd-p12
Cosmos Reason2 8B,traffic sign,grp4_7af17460-WhatsApp_Image_2026-01-14_at_11.11.40_2.jpeg,E:\2. UM-Student\MSC Dissertation\Urban-Vision-Benchmark\Datasets\MTSD\Prepared\MTSD-Unaugmented\MTSD-YOLO\test\images\grp4_7af17460-WhatsApp_Image_2026-01-14_at_11.11.40_2.jpeg,559.5,614.0,859.5,888.0,1.0,traffic sign,False,False,11328.3,mtsd-p12
Cosmos Reason2 8B,traffic sign,grp4_7af17460-WhatsApp_Image_2026-01-14_at_11.11.40_2.jpeg,E:\2. UM-Student\MSC Dissertation\Urban-Vision-Benchmark\Datasets\MTSD\Prepared\MTSD-Unaugmented\MTSD-YOLO\test\images\grp4_7af17460-WhatsApp_Image_2026-01-14_at_11.11.40_2.jpeg,874.5,628.0,1087.5,848.0,1.0,traffic sign,False,False,11328.3,mtsd-p12
Cosmos Reason2 8B,traffic sign,grp4_7af17460-WhatsApp_Image_2026-01-14_at_11.11.40_2.jpeg,E:\2. UM-Student\MSC Dissertation\Urban-Vision-Benchmark\Datasets\MTSD\Prepared\MTSD-Unaugmented\MTSD-YOLO\test\images\grp4_7af17460-WhatsApp_Image_2026-01-14_at_11.11.40_2.jpeg,594.0,892.0,817.5,1114.0,1.0,traffic sign,False,False,11328.3,mtsd-p12
Cosmos Reason2 8B,traffic sign,grp4_7af17460-WhatsApp_Image_2026-01-14_at_11.11.40_2.jpeg,E:\2. UM-Student\MSC Dissertation\Urban-Vision-Benchmark\Datasets\MTSD\Prepared\MTSD-Unaugmented\MTSD-YOLO\test\images\grp4_7af17460-WhatsApp_Image_2026-01-14_at_11.11.40_2.jpeg,1174.5,958.0,1237.5,1022.0,1.0,traffic sign,False,False,11328.3,mtsd-p12
Cosmos Reason2 8B,traffic sign,grp4_7af17460-WhatsApp_Image_2026-01-14_at_11.11.40_2.jpeg,E:\2. UM-Student\MSC Dissertation\Urban-Vision-Benchmark\Datasets\MTSD\Prepared\MTSD-Unaugmented\MTSD-YOLO\test\images\grp4_7af17460-WhatsApp_Image_2026-01-14_at_11.11.40_2.jpeg,1456.5,1008.0,1498.5,1054.0,1.0,traffic sign,False,False,11328.3,mtsd-p12
Cosmos Reason2 8B,traffic sign,grp4_7af17460-WhatsApp_Image_2026-01-14_at_11.11.40_2.jpeg,E:\2. UM-Student\MSC Dissertation\Urban-Vision-Benchmark\Datasets\MTSD\Prepared\MTSD-Unaugmented\MTSD-YOLO\test\images\grp4_7af17460-WhatsApp_Image_2026-01-14_at_11.11.40_2.jpeg,1381.5,1028.0,1408.5,1072.0,1.0,traffic sign,False,False,11328.3,mtsd-p12
Cosmos Reason2 8B,traffic sign,grp4_7af17460-WhatsApp_Image_2026-01-14_at_11.11.40_2.jpeg,E:\2. UM-Student\MSC Dissertation\Urban-Vision-Benchmark\Datasets\MTSD\Prepared\MTSD-Unaugmented\MTSD-YOLO\test\images\grp4_7af17460-WhatsApp_Image_2026-01-14_at_11.11.40_2.jpeg,952.5,1044.0,972.0,1092.0,1.0,traffic sign,False,False,11328.3,mtsd-p12
Cosmos Reason2 8B,traffic sign,grp4_7b6a28a6-WhatsApp_Image_2026-01-14_at_11.10.25_4.jpeg,E:\2. UM-Student\MSC Dissertation\Urban-Vision-Benchmark\Datasets\MTSD\Prepared\MTSD-Unaugmented\MTSD-YOLO\test\images\grp4_7b6a28a6-WhatsApp_Image_2026-01-14_at_11.10.25_4.jpeg,570.0,680.0,883.5,986.0,1.0,traffic sign,False,False,2361.5,mtsd-p12
Cosmos Reason2 8B,traffic sign,grp4_81d58d34-20251222_132612.jpg,E:\2. UM-Student\MSC Dissertation\Urban-Vision-Benchmark\Datasets\MTSD\Prepared\MTSD-Unaugmented\MTSD-YOLO\test\images\grp4_81d58d34-20251222_132612.jpg,690.0,892.0,2022.0,2192.0,1.0,traffic sign,False,False,2384.6,mtsd-p12
Cosmos Reason2 8B,traffic sign,grp4_82399059-20251116_165140.jpg,E:\2. UM-Student\MSC Dissertation\Urban-Vision-Benchmark\Datasets\MTSD\Prepared\MTSD-Unaugmented\MTSD-YOLO\test\images\grp4_82399059-20251116_165140.jpg,321.44,2015.52,1983.74,3545.52,1.0,traffic sign,False,False,2214.0,mtsd-p12
Cosmos Reason2 8B,traffic sign,grp4_83705e8e-WhatsApp_Image_2026-01-14_at_11.10.28_3.jpeg,E:\2. UM-Student\MSC Dissertation\Urban-Vision-Benchmark\Datasets\MTSD\Prepared\MTSD-Unaugmented\MTSD-YOLO\test\images\grp4_83705e8e-WhatsApp_Image_2026-01-14_at_11.10.28_3.jpeg,544.5,636.0,943.5,1034.0,1.0,traffic sign,False,False,5349.1,mtsd-p12
Cosmos Reason2 8B,traffic sign,grp4_83705e8e-WhatsApp_Image_2026-01-14_at_11.10.28_3.jpeg,E:\2. UM-Student\MSC Dissertation\Urban-Vision-Benchmark\Datasets\MTSD\Prepared\MTSD-Unaugmented\MTSD-YOLO\test\images\grp4_83705e8e-WhatsApp_Image_2026-01-14_at_11.10.28_3.jpeg,412.5,1206.0,436.5,1270.0,1.0,traffic sign,False,False,5349.1,mtsd-p12
Cosmos Reason2 8B,traffic sign,grp4_83705e8e-WhatsApp_Image_2026-01-14_at_11.10.28_3.jpeg,E:\2. UM-Student\MSC Dissertation\Urban-Vision-Benchmark\Datasets\MTSD\Prepared\MTSD-Unaugmented\MTSD-YOLO\test\images\grp4_83705e8e-WhatsApp_Image_2026-01-14_at_11.10.28_3.jpeg,924.0,1252.0,955.5,1296.0,1.0,traffic sign,False,False,5349.1,mtsd-p12
Cosmos Reason2 8B,traffic sign,grp4_86e58e1e-WhatsApp_Image_2026-01-14_at_11.10.21.jpeg,E:\2. UM-Student\MSC Dissertation\Urban-Vision-Benchmark\Datasets\MTSD\Prepared\MTSD-Unaugmented\MTSD-YOLO\test\images\grp4_86e58e1e-WhatsApp_Image_2026-01-14_at_11.10.21.jpeg,642.0,756.0,810.0,1208.0,1.0,traffic sign,False,False,2316.5,mtsd-p12
Cosmos Reason2 8B,traffic sign,grp4_87ae19f5-WhatsApp_Image_2026-01-14_at_11.11.37.jpeg,E:\2. UM-Student\MSC Dissertation\Urban-Vision-Benchmark\Datasets\MTSD\Prepared\MTSD-Unaugmented\MTSD-YOLO\test\images\grp4_87ae19f5-WhatsApp_Image_2026-01-14_at_11.11.37.jpeg,580.5,728.0,816.0,954.0,1.0,traffic sign,False,False,5216.2,mtsd-p12
Cosmos Reason2 8B,traffic sign,grp4_87ae19f5-WhatsApp_Image_2026-01-14_at_11.11.37.jpeg,E:\2. UM-Student\MSC Dissertation\Urban-Vision-Benchmark\Datasets\MTSD\Prepared\MTSD-Unaugmented\MTSD-YOLO\test\images\grp4_87ae19f5-WhatsApp_Image_2026-01-14_at_11.11.37.jpeg,583.5,954.0,820.5,1190.0,1.0,traffic sign,False,False,5216.2,mtsd-p12
Cosmos Reason2 8B,traffic sign,grp4_87ae19f5-WhatsApp_Image_2026-01-14_at_11.11.37.jpeg,E:\2. UM-Student\MSC Dissertation\Urban-Vision-Benchmark\Datasets\MTSD\Prepared\MTSD-Unaugmented\MTSD-YOLO\test\images\grp4_87ae19f5-WhatsApp_Image_2026-01-14_at_11.11.37.jpeg,120.0,1178.0,189.0,1250.0,1.0,traffic sign,False,False,5216.2,mtsd-p12
Cosmos Reason2 8B,traffic sign,grp4_8b497905-20260107_150756.jpg,E:\2. UM-Student\MSC Dissertation\Urban-Vision-Benchmark\Datasets\MTSD\Prepared\MTSD-Unaugmented\MTSD-YOLO\test\images\grp4_8b497905-20260107_150756.jpg,704.87,803.76,1448.78,1521.84,1.0,traffic sign,False,False,7365.2,mtsd-p12
Cosmos Reason2 8B,traffic sign,grp4_8b497905-20260107_150756.jpg,E:\2. UM-Student\MSC Dissertation\Urban-Vision-Benchmark\Datasets\MTSD\Prepared\MTSD-Unaugmented\MTSD-YOLO\test\images\grp4_8b497905-20260107_150756.jpg,826.56,1521.84,1368.42,2076.72,1.0,traffic sign,False,False,7365.2,mtsd-p12
Cosmos Reason2 8B,traffic sign,grp4_8b497905-20260107_150756.jpg,E:\2. UM-Student\MSC Dissertation\Urban-Vision-Benchmark\Datasets\MTSD\Prepared\MTSD-Unaugmented\MTSD-YOLO\test\images\grp4_8b497905-20260107_150756.jpg,874.78,2040.0,1393.67,2362.32,1.0,traffic sign,False,False,7365.2,mtsd-p12
Cosmos Reason2 8B,traffic sign,grp4_8b497905-20260107_150756.jpg,E:\2. UM-Student\MSC Dissertation\Urban-Vision-Benchmark\Datasets\MTSD\Prepared\MTSD-Unaugmented\MTSD-YOLO\test\images\grp4_8b497905-20260107_150756.jpg,181.38,2635.68,273.22,2754.0,1.0,traffic sign,False,False,7365.2,mtsd-p12
Cosmos Reason2 8B,traffic sign,grp4_8bd079ee-20260107_105937.jpg,E:\2. UM-Student\MSC Dissertation\Urban-Vision-Benchmark\Datasets\MTSD\Prepared\MTSD-Unaugmented\MTSD-YOLO\test\images\grp4_8bd079ee-20260107_105937.jpg,540.57,1114.17,1066.04,1652.96,1.0,traffic sign,False,False,2189.4,mtsd-p12
Cosmos Reason2 8B,traffic sign,grp4_91f6056a-20251116_163806.jpg,E:\2. UM-Student\MSC Dissertation\Urban-Vision-Benchmark\Datasets\MTSD\Prepared\MTSD-Unaugmented\MTSD-YOLO\test\images\grp4_91f6056a-20251116_163806.jpg,463.79,1187.28,2009.0,2745.84,1.0,traffic sign,False,False,2194.0,mtsd-p12
Cosmos Reason2 8B,traffic sign,grp4_935db33c-20260107_105737.jpg,E:\2. UM-Student\MSC Dissertation\Urban-Vision-Benchmark\Datasets\MTSD\Prepared\MTSD-Unaugmented\MTSD-YOLO\test\images\grp4_935db33c-20260107_105737.jpg,645.18,1060.8,1575.06,1836.0,1.0,traffic sign,False,False,3713.4,mtsd-p12
Cosmos Reason2 8B,traffic sign,grp4_935db33c-20260107_105737.jpg,E:\2. UM-Student\MSC Dissertation\Urban-Vision-Benchmark\Datasets\MTSD\Prepared\MTSD-Unaugmented\MTSD-YOLO\test\images\grp4_935db33c-20260107_105737.jpg,748.5,1836.0,1538.32,2594.88,1.0,traffic sign,False,False,3713.4,mtsd-p12
Cosmos Reason2 8B,traffic sign,grp4_94287dbf-20260113_132935.jpg,E:\2. UM-Student\MSC Dissertation\Urban-Vision-Benchmark\Datasets\MTSD\Prepared\MTSD-Unaugmented\MTSD-YOLO\test\images\grp4_94287dbf-20260113_132935.jpg,939.0,1344.0,1782.0,2844.0,1.0,traffic sign,False,False,2473.7,mtsd-p12
Cosmos Reason2 8B,traffic sign,grp4_9a8f607e-20251222_141532.jpg,E:\2. UM-Student\MSC Dissertation\Urban-Vision-Benchmark\Datasets\MTSD\Prepared\MTSD-Unaugmented\MTSD-YOLO\test\images\grp4_9a8f607e-20251222_141532.jpg,375.0,680.0,2130.0,2316.0,1.0,traffic sign,False,False,3878.4,mtsd-p12
Cosmos Reason2 8B,traffic sign,grp4_9a8f607e-20251222_141532.jpg,E:\2. UM-Student\MSC Dissertation\Urban-Vision-Benchmark\Datasets\MTSD\Prepared\MTSD-Unaugmented\MTSD-YOLO\test\images\grp4_9a8f607e-20251222_141532.jpg,681.0,2132.0,2010.0,2756.0,1.0,traffic sign,False,False,3878.4,mtsd-p12
Cosmos Reason2 8B,traffic sign,grp4_9c4db066-WhatsApp_Image_2026-01-14_at_10.34.44_2.jpeg,E:\2. UM-Student\MSC Dissertation\Urban-Vision-Benchmark\Datasets\MTSD\Prepared\MTSD-Unaugmented\MTSD-YOLO\test\images\grp4_9c4db066-WhatsApp_Image_2026-01-14_at_10.34.44_2.jpeg,158.62,414.4,405.2,681.6,1.0,traffic sign,False,False,2106.0,mtsd-p12
Cosmos Reason2 8B,traffic sign,grp4_a3952dcd-20251116_170721.jpg,E:\2. UM-Student\MSC Dissertation\Urban-Vision-Benchmark\Datasets\MTSD\Prepared\MTSD-Unaugmented\MTSD-YOLO\test\images\grp4_a3952dcd-20251116_170721.jpg,485.85,737.66,1192.0,2191.99,1.0,traffic sign,False,False,2187.5,mtsd-p12
Cosmos Reason2 8B,traffic sign,grp4_a59df063-20251116_165440.jpg,E:\2. UM-Student\MSC Dissertation\Urban-Vision-Benchmark\Datasets\MTSD\Prepared\MTSD-Unaugmented\MTSD-YOLO\test\images\grp4_a59df063-20251116_165440.jpg,227.81,879.76,1325.44,2263.82,1.0,traffic sign,False,False,2842.5,mtsd-p12
Cosmos Reason2 8B,traffic sign,grp4_abe76f20-20260109_124535.jpg,E:\2. UM-Student\MSC Dissertation\Urban-Vision-Benchmark\Datasets\MTSD\Prepared\MTSD-Unaugmented\MTSD-YOLO\test\images\grp4_abe76f20-20260109_124535.jpg,747.0,288.0,2103.0,2640.0,1.0,traffic sign,False,False,2371.1,mtsd-p12
Cosmos Reason2 8B,traffic sign,grp4_b3745e21-20251222_142059.jpg,E:\2. UM-Student\MSC Dissertation\Urban-Vision-Benchmark\Datasets\MTSD\Prepared\MTSD-Unaugmented\MTSD-YOLO\test\images\grp4_b3745e21-20251222_142059.jpg,801.0,580.0,1737.0,2244.0,1.0,traffic sign,False,False,2397.4,mtsd-p12
Cosmos Reason2 8B,traffic sign,grp4_b3d0eaa4-20251116_163427.jpg,E:\2. UM-Student\MSC Dissertation\Urban-Vision-Benchmark\Datasets\MTSD\Prepared\MTSD-Unaugmented\MTSD-YOLO\test\images\grp4_b3d0eaa4-20251116_163427.jpg,22.96,473.28,902.33,2525.52,1.0,traffic sign,False,False,2148.0,mtsd-p12
Cosmos Reason2 8B,traffic sign,grp4_bdef9845-20260109_130552.jpg,E:\2. UM-Student\MSC Dissertation\Urban-Vision-Benchmark\Datasets\MTSD\Prepared\MTSD-Unaugmented\MTSD-YOLO\test\images\grp4_bdef9845-20260109_130552.jpg,744.0,1276.0,1983.0,2364.0,1.0,traffic sign,False,False,3924.0,mtsd-p12
Cosmos Reason2 8B,traffic sign,grp4_bdef9845-20260109_130552.jpg,E:\2. UM-Student\MSC Dissertation\Urban-Vision-Benchmark\Datasets\MTSD\Prepared\MTSD-Unaugmented\MTSD-YOLO\test\images\grp4_bdef9845-20260109_130552.jpg,675.0,2428.0,1800.0,3664.0,1.0,traffic sign,False,False,3924.0,mtsd-p12
Cosmos Reason2 8B,traffic sign,grp4_c3a633b2-20251116_162903.jpg,E:\2. UM-Student\MSC Dissertation\Urban-Vision-Benchmark\Datasets\MTSD\Prepared\MTSD-Unaugmented\MTSD-YOLO\test\images\grp4_c3a633b2-20251116_162903.jpg,297.94,1179.31,488.28,1797.2,1.0,traffic sign,False,False,2277.7,mtsd-p12
Cosmos Reason2 8B,traffic sign,grp4_c909a40a-20251222_142239.jpg,E:\2. UM-Student\MSC Dissertation\Urban-Vision-Benchmark\Datasets\MTSD\Prepared\MTSD-Unaugmented\MTSD-YOLO\test\images\grp4_c909a40a-20251222_142239.jpg,528.0,567.01,2034.0,2023.74,1.0,traffic sign,False,False,2756.1,mtsd-p12
Cosmos Reason2 8B,traffic sign,grp4_cbb400e9-WhatsApp_Image_2026-01-14_at_11.10.25.jpeg,E:\2. UM-Student\MSC Dissertation\Urban-Vision-Benchmark\Datasets\MTSD\Prepared\MTSD-Unaugmented\MTSD-YOLO\test\images\grp4_cbb400e9-WhatsApp_Image_2026-01-14_at_11.10.25.jpeg,1078.5,1222.0,1135.5,1266.0,1.0,traffic sign,False,False,2335.2,mtsd-p12
Cosmos Reason2 8B,traffic sign,grp4_cdcb1057-WhatsApp_Image_2026-01-14_at_11.11.40_1.jpeg,E:\2. UM-Student\MSC Dissertation\Urban-Vision-Benchmark\Datasets\MTSD\Prepared\MTSD-Unaugmented\MTSD-YOLO\test\images\grp4_cdcb1057-WhatsApp_Image_2026-01-14_at_11.11.40_1.jpeg,1318.0,699.0,1372.0,751.5,1.0,traffic sign,False,False,7446.1,mtsd-p12
Cosmos Reason2 8B,traffic sign,grp4_cdcb1057-WhatsApp_Image_2026-01-14_at_11.11.40_1.jpeg,E:\2. UM-Student\MSC Dissertation\Urban-Vision-Benchmark\Datasets\MTSD\Prepared\MTSD-Unaugmented\MTSD-YOLO\test\images\grp4_cdcb1057-WhatsApp_Image_2026-01-14_at_11.11.40_1.jpeg,236.0,747.0,262.0,775.5,1.0,traffic sign,False,False,7446.1,mtsd-p12
Cosmos Reason2 8B,traffic sign,grp4_cdcb1057-WhatsApp_Image_2026-01-14_at_11.11.40_1.jpeg,E:\2. UM-Student\MSC Dissertation\Urban-Vision-Benchmark\Datasets\MTSD\Prepared\MTSD-Unaugmented\MTSD-YOLO\test\images\grp4_cdcb1057-WhatsApp_Image_2026-01-14_at_11.11.40_1.jpeg,530.0,850.5,578.0,894.0,1.0,traffic sign,False,False,7446.1,mtsd-p12
Cosmos Reason2 8B,traffic sign,grp4_cdcb1057-WhatsApp_Image_2026-01-14_at_11.11.40_1.jpeg,E:\2. UM-Student\MSC Dissertation\Urban-Vision-Benchmark\Datasets\MTSD\Prepared\MTSD-Unaugmented\MTSD-YOLO\test\images\grp4_cdcb1057-WhatsApp_Image_2026-01-14_at_11.11.40_1.jpeg,354.0,852.0,404.0,889.5,1.0,traffic sign,False,False,7446.1,mtsd-p12
Cosmos Reason2 8B,traffic sign,grp4_d1c1ed24-20260113_130204.jpg,E:\2. UM-Student\MSC Dissertation\Urban-Vision-Benchmark\Datasets\MTSD\Prepared\MTSD-Unaugmented\MTSD-YOLO\test\images\grp4_d1c1ed24-20260113_130204.jpg,1056.0,1584.0,1836.0,2364.0,1.0,traffic sign,False,False,2413.1,mtsd-p12
Cosmos Reason2 8B,traffic sign,grp4_d2b85a88-20251116_163522.jpg,E:\2. UM-Student\MSC Dissertation\Urban-Vision-Benchmark\Datasets\MTSD\Prepared\MTSD-Unaugmented\MTSD-YOLO\test\images\grp4_d2b85a88-20251116_163522.jpg,936.61,2170.61,963.19,2224.3,1.0,traffic sign,False,False,2205.6,mtsd-p12
Cosmos Reason2 8B,traffic sign,grp4_d3d2c193-20260109_124357.jpg,E:\2. UM-Student\MSC Dissertation\Urban-Vision-Benchmark\Datasets\MTSD\Prepared\MTSD-Unaugmented\MTSD-YOLO\test\images\grp4_d3d2c193-20260109_124357.jpg,385.84,589.52,1943.83,2533.95,1.0,traffic sign,False,False,2370.7,mtsd-p12
Cosmos Reason2 8B,traffic sign,grp4_d4ed28aa-20251222_141346.jpg,E:\2. UM-Student\MSC Dissertation\Urban-Vision-Benchmark\Datasets\MTSD\Prepared\MTSD-Unaugmented\MTSD-YOLO\test\images\grp4_d4ed28aa-20251222_141346.jpg,585.0,532.0,2184.0,2316.0,1.0,traffic sign,False,False,2384.1,mtsd-p12
Cosmos Reason2 8B,traffic sign,grp4_d5aaacb6-20251116_165125.jpg,E:\2. UM-Student\MSC Dissertation\Urban-Vision-Benchmark\Datasets\MTSD\Prepared\MTSD-Unaugmented\MTSD-YOLO\test\images\grp4_d5aaacb6-20251116_165125.jpg,291.59,1615.68,1820.73,3182.4,1.0,traffic sign,False,False,3679.5,mtsd-p12
Cosmos Reason2 8B,traffic sign,grp4_d5aaacb6-20251116_165125.jpg,E:\2. UM-Student\MSC Dissertation\Urban-Vision-Benchmark\Datasets\MTSD\Prepared\MTSD-Unaugmented\MTSD-YOLO\test\images\grp4_d5aaacb6-20251116_165125.jpg,273.22,3104.88,495.94,3370.08,1.0,traffic sign,False,False,3679.5,mtsd-p12
Cosmos Reason2 8B,traffic sign,grp4_d78448ea-20251117_105829.jpg,E:\2. UM-Student\MSC Dissertation\Urban-Vision-Benchmark\Datasets\MTSD\Prepared\MTSD-Unaugmented\MTSD-YOLO\test\images\grp4_d78448ea-20251117_105829.jpg,438.54,854.07,2132.98,2665.99,1.0,traffic sign,False,False,2213.0,mtsd-p12
Cosmos Reason2 8B,traffic sign,grp4_d8a007d5-20260109_123932.jpg,E:\2. UM-Student\MSC Dissertation\Urban-Vision-Benchmark\Datasets\MTSD\Prepared\MTSD-Unaugmented\MTSD-YOLO\test\images\grp4_d8a007d5-20260109_123932.jpg,711.0,132.0,1716.0,2316.0,1.0,traffic sign,False,False,3874.8,mtsd-p12
Cosmos Reason2 8B,traffic sign,grp4_d8a007d5-20260109_123932.jpg,E:\2. UM-Student\MSC Dissertation\Urban-Vision-Benchmark\Datasets\MTSD\Prepared\MTSD-Unaugmented\MTSD-YOLO\test\images\grp4_d8a007d5-20260109_123932.jpg,528.0,2156.0,1902.0,3996.0,1.0,traffic sign,False,False,3874.8,mtsd-p12
Cosmos Reason2 8B,traffic sign,grp4_db6dffba-WhatsApp_Image_2026-01-14_at_11.12.35_1.jpeg,E:\2. UM-Student\MSC Dissertation\Urban-Vision-Benchmark\Datasets\MTSD\Prepared\MTSD-Unaugmented\MTSD-YOLO\test\images\grp4_db6dffba-WhatsApp_Image_2026-01-14_at_11.12.35_1.jpeg,481.5,940.0,633.0,1238.0,1.0,traffic sign,False,False,5942.8,mtsd-p12
Cosmos Reason2 8B,traffic sign,grp4_db6dffba-WhatsApp_Image_2026-01-14_at_11.12.35_1.jpeg,E:\2. UM-Student\MSC Dissertation\Urban-Vision-Benchmark\Datasets\MTSD\Prepared\MTSD-Unaugmented\MTSD-YOLO\test\images\grp4_db6dffba-WhatsApp_Image_2026-01-14_at_11.12.35_1.jpeg,1209.0,1182.0,1264.5,1340.0,1.0,traffic sign,False,False,5942.8,mtsd-p12
Cosmos Reason2 8B,traffic sign,grp4_db6dffba-WhatsApp_Image_2026-01-14_at_11.12.35_1.jpeg,E:\2. UM-Student\MSC Dissertation\Urban-Vision-Benchmark\Datasets\MTSD\Prepared\MTSD-Unaugmented\MTSD-YOLO\test\images\grp4_db6dffba-WhatsApp_Image_2026-01-14_at_11.12.35_1.jpeg,1285.5,1310.0,1339.5,1362.0,1.0,traffic sign,False,False,5942.8,mtsd-p12
Cosmos Reason2 8B,traffic sign,grp4_dd2a03a9-20251222_132847.jpg,E:\2. UM-Student\MSC Dissertation\Urban-Vision-Benchmark\Datasets\MTSD\Prepared\MTSD-Unaugmented\MTSD-YOLO\test\images\grp4_dd2a03a9-20251222_132847.jpg,,,,,,<no detections>,False,False,916.2,mtsd-p12
Cosmos Reason2 8B,traffic sign,grp4_ddd42f22-20251116_162542.jpg,E:\2. UM-Student\MSC Dissertation\Urban-Vision-Benchmark\Datasets\MTSD\Prepared\MTSD-Unaugmented\MTSD-YOLO\test\images\grp4_ddd42f22-20251116_162542.jpg,920.7,1811.52,1393.67,2305.2,1.0,traffic sign,False,False,2200.2,mtsd-p12
Cosmos Reason2 8B,traffic sign,grp4_dddb030d-20251230_104127.jpg,E:\2. UM-Student\MSC Dissertation\Urban-Vision-Benchmark\Datasets\MTSD\Prepared\MTSD-Unaugmented\MTSD-YOLO\test\images\grp4_dddb030d-20251230_104127.jpg,414.0,900.0,2205.0,2692.0,1.0,traffic sign,False,False,2393.9,mtsd-p12
Cosmos Reason2 8B,traffic sign,grp4_df0bccf2-WhatsApp_Image_2026-01-14_at_11.12.00.jpeg,E:\2. UM-Student\MSC Dissertation\Urban-Vision-Benchmark\Datasets\MTSD\Prepared\MTSD-Unaugmented\MTSD-YOLO\test\images\grp4_df0bccf2-WhatsApp_Image_2026-01-14_at_11.12.00.jpeg,368.0,703.5,458.0,789.0,1.0,traffic sign,False,False,5273.3,mtsd-p12
Cosmos Reason2 8B,traffic sign,grp4_df0bccf2-WhatsApp_Image_2026-01-14_at_11.12.00.jpeg,E:\2. UM-Student\MSC Dissertation\Urban-Vision-Benchmark\Datasets\MTSD\Prepared\MTSD-Unaugmented\MTSD-YOLO\test\images\grp4_df0bccf2-WhatsApp_Image_2026-01-14_at_11.12.00.jpeg,1588.0,654.0,1708.0,769.5,1.0,traffic sign,False,False,5273.3,mtsd-p12
Cosmos Reason2 8B,traffic sign,grp4_df0bccf2-WhatsApp_Image_2026-01-14_at_11.12.00.jpeg,E:\2. UM-Student\MSC Dissertation\Urban-Vision-Benchmark\Datasets\MTSD\Prepared\MTSD-Unaugmented\MTSD-YOLO\test\images\grp4_df0bccf2-WhatsApp_Image_2026-01-14_at_11.12.00.jpeg,1058.0,820.5,1076.0,844.5,1.0,traffic sign,False,False,5273.3,mtsd-p12
Cosmos Reason2 8B,traffic sign,grp4_dfec1b25-20260107_105532.jpg,E:\2. UM-Student\MSC Dissertation\Urban-Vision-Benchmark\Datasets\MTSD\Prepared\MTSD-Unaugmented\MTSD-YOLO\test\images\grp4_dfec1b25-20260107_105532.jpg,230.5,307.19,1255.38,1109.29,1.0,traffic sign,False,False,3652.2,mtsd-p12
Cosmos Reason2 8B,traffic sign,grp4_dfec1b25-20260107_105532.jpg,E:\2. UM-Student\MSC Dissertation\Urban-Vision-Benchmark\Datasets\MTSD\Prepared\MTSD-Unaugmented\MTSD-YOLO\test\images\grp4_dfec1b25-20260107_105532.jpg,348.49,1109.29,1197.76,1899.2,1.0,traffic sign,False,False,3652.2,mtsd-p12
Cosmos Reason2 8B,traffic sign,grp4_e3a6bacf-20251222_140739.jpg,E:\2. UM-Student\MSC Dissertation\Urban-Vision-Benchmark\Datasets\MTSD\Prepared\MTSD-Unaugmented\MTSD-YOLO\test\images\grp4_e3a6bacf-20251222_140739.jpg,855.0,792.0,1749.0,2112.0,1.0,traffic sign,False,False,2407.8,mtsd-p12
Cosmos Reason2 8B,traffic sign,grp4_e47a8d80-20251116_163051.jpg,E:\2. UM-Student\MSC Dissertation\Urban-Vision-Benchmark\Datasets\MTSD\Prepared\MTSD-Unaugmented\MTSD-YOLO\test\images\grp4_e47a8d80-20251116_163051.jpg,987.28,1240.32,1368.42,2945.76,1.0,traffic sign,False,False,2221.5,mtsd-p12
Cosmos Reason2 8B,traffic sign,grp4_e63ad5ed-WhatsApp_Image_2026-01-14_at_11.10.19_1.jpeg,E:\2. UM-Student\MSC Dissertation\Urban-Vision-Benchmark\Datasets\MTSD\Prepared\MTSD-Unaugmented\MTSD-YOLO\test\images\grp4_e63ad5ed-WhatsApp_Image_2026-01-14_at_11.10.19_1.jpeg,534.0,760.0,906.0,1126.0,1.0,traffic sign,False,False,2982.0,mtsd-p12
Cosmos Reason2 8B,traffic sign,grp4_f171227c-20251222_132239.jpg,E:\2. UM-Student\MSC Dissertation\Urban-Vision-Benchmark\Datasets\MTSD\Prepared\MTSD-Unaugmented\MTSD-YOLO\test\images\grp4_f171227c-20251222_132239.jpg,0.0,0.0,1446.0,1200.0,1.0,traffic sign,False,False,3573.4,mtsd-p12
Cosmos Reason2 8B,traffic sign,grp4_f171227c-20251222_132239.jpg,E:\2. UM-Student\MSC Dissertation\Urban-Vision-Benchmark\Datasets\MTSD\Prepared\MTSD-Unaugmented\MTSD-YOLO\test\images\grp4_f171227c-20251222_132239.jpg,0.0,880.0,1194.0,1612.0,1.0,traffic sign,False,False,3573.4,mtsd-p12
Cosmos Reason2 8B,traffic sign,grp4_f1d0d896-WhatsApp_Image_2026-01-14_at_11.12.20.jpeg,E:\2. UM-Student\MSC Dissertation\Urban-Vision-Benchmark\Datasets\MTSD\Prepared\MTSD-Unaugmented\MTSD-YOLO\test\images\grp4_f1d0d896-WhatsApp_Image_2026-01-14_at_11.12.20.jpeg,543.0,840.0,828.0,1236.0,1.0,traffic sign,False,False,2353.3,mtsd-p12
Cosmos Reason2 8B,traffic sign,grp4_fa665131-WhatsApp_Image_2026-01-14_at_11.12.04.jpeg,E:\2. UM-Student\MSC Dissertation\Urban-Vision-Benchmark\Datasets\MTSD\Prepared\MTSD-Unaugmented\MTSD-YOLO\test\images\grp4_fa665131-WhatsApp_Image_2026-01-14_at_11.12.04.jpeg,571.5,560.0,789.0,1142.0,1.0,traffic sign,False,False,2335.2,mtsd-p12
Cosmos Reason2 8B,traffic sign,grp4_fe8b41fc-WhatsApp_Image_2026-01-14_at_11.10.21_3.jpeg,E:\2. UM-Student\MSC Dissertation\Urban-Vision-Benchmark\Datasets\MTSD\Prepared\MTSD-Unaugmented\MTSD-YOLO\test\images\grp4_fe8b41fc-WhatsApp_Image_2026-01-14_at_11.10.21_3.jpeg,642.0,588.0,907.5,1096.0,1.0,traffic sign,False,False,3824.2,mtsd-p12
Cosmos Reason2 8B,traffic sign,grp4_fe8b41fc-WhatsApp_Image_2026-01-14_at_11.10.21_3.jpeg,E:\2. UM-Student\MSC Dissertation\Urban-Vision-Benchmark\Datasets\MTSD\Prepared\MTSD-Unaugmented\MTSD-YOLO\test\images\grp4_fe8b41fc-WhatsApp_Image_2026-01-14_at_11.10.21_3.jpeg,643.5,1082.0,1093.5,1568.0,1.0,traffic sign,False,False,3824.2,mtsd-p12
Cosmos Reason2 8B,traffic sign,grp4_ffdc6f75-WhatsApp_Image_2026-01-14_at_11.10.20.jpeg,E:\2. UM-Student\MSC Dissertation\Urban-Vision-Benchmark\Datasets\MTSD\Prepared\MTSD-Unaugmented\MTSD-YOLO\test\images\grp4_ffdc6f75-WhatsApp_Image_2026-01-14_at_11.10.20.jpeg,718.5,1156.0,883.5,1394.0,1.0,traffic sign,False,False,2338.4,mtsd-p12
Cosmos Reason2 8B,traffic sign,grp5_05facbdc-BenTaliana_23_Front.jpeg,E:\2. UM-Student\MSC Dissertation\Urban-Vision-Benchmark\Datasets\MTSD\Prepared\MTSD-Unaugmented\MTSD-YOLO\test\images\grp5_05facbdc-BenTaliana_23_Front.jpeg,716.69,6797.95,789.26,6894.72,1.0,traffic sign,False,False,2343.8,mtsd-p12
Cosmos Reason2 8B,traffic sign,grp5_0f660dba-MichaelFarrugia_49_Back.jpg,E:\2. UM-Student\MSC Dissertation\Urban-Vision-Benchmark\Datasets\MTSD\Prepared\MTSD-Unaugmented\MTSD-YOLO\test\images\grp5_0f660dba-MichaelFarrugia_49_Back.jpg,1108.99,1101.6,1963.01,1917.6,1.0,traffic sign,False,False,2429.7,mtsd-p12
Cosmos Reason2 8B,traffic sign,grp5_13ab0dbb-BenTaliana_59_Front.jpeg,E:\2. UM-Student\MSC Dissertation\Urban-Vision-Benchmark\Datasets\MTSD\Prepared\MTSD-Unaugmented\MTSD-YOLO\test\images\grp5_13ab0dbb-BenTaliana_59_Front.jpeg,1138.54,1612.8,3538.08,3838.46,1.0,traffic sign,False,False,4372.3,mtsd-p12
Cosmos Reason2 8B,traffic sign,grp5_13ab0dbb-BenTaliana_59_Front.jpeg,E:\2. UM-Student\MSC Dissertation\Urban-Vision-Benchmark\Datasets\MTSD\Prepared\MTSD-Unaugmented\MTSD-YOLO\test\images\grp5_13ab0dbb-BenTaliana_59_Front.jpeg,898.13,3838.46,3783.02,6556.03,1.0,traffic sign,False,False,4372.3,mtsd-p12
Cosmos Reason2 8B,traffic sign,grp5_1a462468-MichaelFarrugia_24_Back.jpg,E:\2. UM-Student\MSC Dissertation\Urban-Vision-Benchmark\Datasets\MTSD\Prepared\MTSD-Unaugmented\MTSD-YOLO\test\images\grp5_1a462468-MichaelFarrugia_24_Back.jpg,1293.31,1219.92,2055.17,2023.68,1.0,traffic sign,False,False,2400.9,mtsd-p12
Cosmos Reason2 8B,traffic sign,grp5_1f171b80-MelatAssefa_5_Front.jpg,E:\2. UM-Student\MSC Dissertation\Urban-Vision-Benchmark\Datasets\MTSD\Prepared\MTSD-Unaugmented\MTSD-YOLO\test\images\grp5_1f171b80-MelatAssefa_5_Front.jpg,1581.55,532.22,2379.89,1270.08,1.0,traffic sign,False,False,2383.0,mtsd-p12
Cosmos Reason2 8B,traffic sign,grp5_2141c95b-MelatAssefa_28_Side.jpg,E:\2. UM-Student\MSC Dissertation\Urban-Vision-Benchmark\Datasets\MTSD\Prepared\MTSD-Unaugmented\MTSD-YOLO\test\images\grp5_2141c95b-MelatAssefa_28_Side.jpg,674.35,326.59,1614.82,1757.95,1.0,traffic sign,False,False,2335.9,mtsd-p12
Cosmos Reason2 8B,traffic sign,grp5_27622289-BenTaliana_10_Front.jpeg,E:\2. UM-Student\MSC Dissertation\Urban-Vision-Benchmark\Datasets\MTSD\Prepared\MTSD-Unaugmented\MTSD-YOLO\test\images\grp5_27622289-BenTaliana_10_Front.jpeg,748.44,1830.53,3692.3,4677.12,1.0,traffic sign,False,False,2347.2,mtsd-p12
Cosmos Reason2 8B,traffic sign,grp5_28809400-MelatAssefa_23_Front.jpg,E:\2. UM-Student\MSC Dissertation\Urban-Vision-Benchmark\Datasets\MTSD\Prepared\MTSD-Unaugmented\MTSD-YOLO\test\images\grp5_28809400-MelatAssefa_23_Front.jpg,1052.35,536.26,1838.59,1358.78,1.0,traffic sign,False,False,2362.0,mtsd-p12
Cosmos Reason2 8B,traffic sign,grp5_29252be9-MichaelFarrugia_29_Front.jpg,E:\2. UM-Student\MSC Dissertation\Urban-Vision-Benchmark\Datasets\MTSD\Prepared\MTSD-Unaugmented\MTSD-YOLO\test\images\grp5_29252be9-MichaelFarrugia_29_Front.jpg,1268.74,1248.48,2024.45,1954.32,1.0,traffic sign,False,False,3853.7,mtsd-p12
Cosmos Reason2 8B,traffic sign,grp5_29252be9-MichaelFarrugia_29_Front.jpg,E:\2. UM-Student\MSC Dissertation\Urban-Vision-Benchmark\Datasets\MTSD\Prepared\MTSD-Unaugmented\MTSD-YOLO\test\images\grp5_29252be9-MichaelFarrugia_29_Front.jpg,1059.84,2733.6,1173.5,2876.4,1.0,traffic sign,False,False,3853.7,mtsd-p12
Cosmos Reason2 8B,traffic sign,grp5_2da1aa64-AlisonAttard_27_Front.jpeg,E:\2. UM-Student\MSC Dissertation\Urban-Vision-Benchmark\Datasets\MTSD\Prepared\MTSD-Unaugmented\MTSD-YOLO\test\images\grp5_2da1aa64-AlisonAttard_27_Front.jpeg,1967.62,1315.44,2475.65,1811.38,1.0,traffic sign,False,False,2375.6,mtsd-p12
Cosmos Reason2 8B,traffic sign,grp5_30980873-BenTaliana_12_Front.jpeg,E:\2. UM-Student\MSC Dissertation\Urban-Vision-Benchmark\Datasets\MTSD\Prepared\MTSD-Unaugmented\MTSD-YOLO\test\images\grp5_30980873-BenTaliana_12_Front.jpeg,1174.82,2177.28,3415.61,4217.47,1.0,traffic sign,False,False,3051.3,mtsd-p12
Cosmos Reason2 8B,traffic sign,grp5_32b2eadc-AlisonAttard_7_Side.jpeg,E:\2. UM-Student\MSC Dissertation\Urban-Vision-Benchmark\Datasets\MTSD\Prepared\MTSD-Unaugmented\MTSD-YOLO\test\images\grp5_32b2eadc-AlisonAttard_7_Side.jpeg,3278.02,2573.42,3519.94,2848.61,1.0,traffic sign,False,False,2511.9,mtsd-p12
Cosmos Reason2 8B,traffic sign,grp5_3cd9a2bc-MelatAssefa_45_Side.jpg,E:\2. UM-Student\MSC Dissertation\Urban-Vision-Benchmark\Datasets\MTSD\Prepared\MTSD-Unaugmented\MTSD-YOLO\test\images\grp5_3cd9a2bc-MelatAssefa_45_Side.jpg,907.2,810.43,2068.42,2943.36,1.0,traffic sign,False,False,2399.1,mtsd-p12
Cosmos Reason2 8B,traffic sign,grp5_3d564b26-AlisonAttard_15_Back.jpeg,E:\2. UM-Student\MSC Dissertation\Urban-Vision-Benchmark\Datasets\MTSD\Prepared\MTSD-Unaugmented\MTSD-YOLO\test\images\grp5_3d564b26-AlisonAttard_15_Back.jpeg,1516.03,804.38,2705.47,1977.7,1.0,traffic sign,False,False,3896.3,mtsd-p12
Cosmos Reason2 8B,traffic sign,grp5_3d564b26-AlisonAttard_15_Back.jpeg,E:\2. UM-Student\MSC Dissertation\Urban-Vision-Benchmark\Datasets\MTSD\Prepared\MTSD-Unaugmented\MTSD-YOLO\test\images\grp5_3d564b26-AlisonAttard_15_Back.jpeg,2778.05,1143.07,4027.97,1642.03,1.0,traffic sign,False,False,3896.3,mtsd-p12
Cosmos Reason2 8B,traffic sign,grp5_3db24e6b-AlisonAttard_31_Side.jpeg,E:\2. UM-Student\MSC Dissertation\Urban-Vision-Benchmark\Datasets\MTSD\Prepared\MTSD-Unaugmented\MTSD-YOLO\test\images\grp5_3db24e6b-AlisonAttard_31_Side.jpeg,1374.91,1073.52,2161.15,1391.04,1.0,traffic sign,False,False,2410.1,mtsd-p12
Cosmos Reason2 8B,traffic sign,grp5_44ccc0f3-MichaelFarrugia_54_Front.jpg,E:\2. UM-Student\MSC Dissertation\Urban-Vision-Benchmark\Datasets\MTSD\Prepared\MTSD-Unaugmented\MTSD-YOLO\test\images\grp5_44ccc0f3-MichaelFarrugia_54_Front.jpg,1225.73,1611.6,1941.5,2305.2,1.0,traffic sign,False,False,2433.5,mtsd-p12
Cosmos Reason2 8B,traffic sign,grp5_48cba720-BenTaliana_30_Front.jpeg,E:\2. UM-Student\MSC Dissertation\Urban-Vision-Benchmark\Datasets\MTSD\Prepared\MTSD-Unaugmented\MTSD-YOLO\test\images\grp5_48cba720-BenTaliana_30_Front.jpeg,966.17,1749.89,3143.45,3685.25,1.0,traffic sign,False,False,3853.7,mtsd-p12
Cosmos Reason2 8B,traffic sign,grp5_48cba720-BenTaliana_30_Front.jpeg,E:\2. UM-Student\MSC Dissertation\Urban-Vision-Benchmark\Datasets\MTSD\Prepared\MTSD-Unaugmented\MTSD-YOLO\test\images\grp5_48cba720-BenTaliana_30_Front.jpeg,1211.11,3459.46,3687.77,5539.97,1.0,traffic sign,False,False,3853.7,mtsd-p12
Cosmos Reason2 8B,traffic sign,grp5_50e6a3c4-MichaelFarrugia_55_Front.jpg,E:\2. UM-Student\MSC Dissertation\Urban-Vision-Benchmark\Datasets\MTSD\Prepared\MTSD-Unaugmented\MTSD-YOLO\test\images\grp5_50e6a3c4-MichaelFarrugia_55_Front.jpg,1382.4,1423.92,2039.81,2052.24,1.0,traffic sign,False,False,9964.7,mtsd-p12
Cosmos Reason2 8B,traffic sign,grp5_50e6a3c4-MichaelFarrugia_55_Front.jpg,E:\2. UM-Student\MSC Dissertation\Urban-Vision-Benchmark\Datasets\MTSD\Prepared\MTSD-Unaugmented\MTSD-YOLO\test\images\grp5_50e6a3c4-MichaelFarrugia_55_Front.jpg,1947.65,2227.68,2116.61,2411.28,1.0,traffic sign,False,False,9964.7,mtsd-p12
Cosmos Reason2 8B,traffic sign,grp5_50e6a3c4-MichaelFarrugia_55_Front.jpg,E:\2. UM-Student\MSC Dissertation\Urban-Vision-Benchmark\Datasets\MTSD\Prepared\MTSD-Unaugmented\MTSD-YOLO\test\images\grp5_50e6a3c4-MichaelFarrugia_55_Front.jpg,1462.27,2370.48,1520.64,2476.56,1.0,traffic sign,False,False,9964.7,mtsd-p12
Cosmos Reason2 8B,traffic sign,grp5_50e6a3c4-MichaelFarrugia_55_Front.jpg,E:\2. UM-Student\MSC Dissertation\Urban-Vision-Benchmark\Datasets\MTSD\Prepared\MTSD-Unaugmented\MTSD-YOLO\test\images\grp5_50e6a3c4-MichaelFarrugia_55_Front.jpg,2887.68,2378.64,2970.62,2513.28,1.0,traffic sign,False,False,9964.7,mtsd-p12
Cosmos Reason2 8B,traffic sign,grp5_50e6a3c4-MichaelFarrugia_55_Front.jpg,E:\2. UM-Student\MSC Dissertation\Urban-Vision-Benchmark\Datasets\MTSD\Prepared\MTSD-Unaugmented\MTSD-YOLO\test\images\grp5_50e6a3c4-MichaelFarrugia_55_Front.jpg,2531.33,2443.92,2580.48,2570.4,1.0,traffic sign,False,False,9964.7,mtsd-p12
Cosmos Reason2 8B,traffic sign,grp5_50e6a3c4-MichaelFarrugia_55_Front.jpg,E:\2. UM-Student\MSC Dissertation\Urban-Vision-Benchmark\Datasets\MTSD\Prepared\MTSD-Unaugmented\MTSD-YOLO\test\images\grp5_50e6a3c4-MichaelFarrugia_55_Front.jpg,1870.85,2484.72,1904.64,2558.16,1.0,traffic sign,False,False,9964.7,mtsd-p12
Cosmos Reason2 8B,traffic sign,grp5_559514d7-AlisonAttard_13_Side.jpeg,E:\2. UM-Student\MSC Dissertation\Urban-Vision-Benchmark\Datasets\MTSD\Prepared\MTSD-Unaugmented\MTSD-YOLO\test\images\grp5_559514d7-AlisonAttard_13_Side.jpeg,2366.78,1103.76,2826.43,1696.46,1.0,traffic sign,False,False,3008.7,mtsd-p12
Cosmos Reason2 8B,traffic sign,grp5_57e0ac5f-AlisonAttard_27_Back.jpeg,E:\2. UM-Student\MSC Dissertation\Urban-Vision-Benchmark\Datasets\MTSD\Prepared\MTSD-Unaugmented\MTSD-YOLO\test\images\grp5_57e0ac5f-AlisonAttard_27_Back.jpeg,1612.8,1581.55,2842.56,1977.7,1.0,traffic sign,False,False,2378.0,mtsd-p12
Cosmos Reason2 8B,traffic sign,grp5_6325b5ff-MelatAssefa_21_Front.jpg,E:\2. UM-Student\MSC Dissertation\Urban-Vision-Benchmark\Datasets\MTSD\Prepared\MTSD-Unaugmented\MTSD-YOLO\test\images\grp5_6325b5ff-MelatAssefa_21_Front.jpg,1315.44,753.98,1923.26,1374.91,1.0,traffic sign,False,False,2369.5,mtsd-p12
Cosmos Reason2 8B,traffic sign,grp5_6bb6fe17-BenTaliana_15_Back.jpeg,E:\2. UM-Student\MSC Dissertation\Urban-Vision-Benchmark\Datasets\MTSD\Prepared\MTSD-Unaugmented\MTSD-YOLO\test\images\grp5_6bb6fe17-BenTaliana_15_Back.jpeg,839.16,2322.43,2526.55,4411.01,1.0,traffic sign,False,False,2315.8,mtsd-p12
Cosmos Reason2 8B,traffic sign,grp5_6cdcc943-AlisonAttard_14_Back.jpeg,E:\2. UM-Student\MSC Dissertation\Urban-Vision-Benchmark\Datasets\MTSD\Prepared\MTSD-Unaugmented\MTSD-YOLO\test\images\grp5_6cdcc943-AlisonAttard_14_Back.jpeg,1169.28,979.78,2382.91,2237.76,1.0,traffic sign,False,False,2377.3,mtsd-p12
Cosmos Reason2 8B,traffic sign,grp5_704b34ba-BenTaliana_38_Side.jpeg,E:\2. UM-Student\MSC Dissertation\Urban-Vision-Benchmark\Datasets\MTSD\Prepared\MTSD-Unaugmented\MTSD-YOLO\test\images\grp5_704b34ba-BenTaliana_38_Side.jpeg,632.77,1314.43,1297.3,2620.8,1.0,traffic sign,False,False,2205.8,mtsd-p12
Cosmos Reason2 8B,traffic sign,grp5_770e5bfc-BenTaliana_60_Side.jpeg,E:\2. UM-Student\MSC Dissertation\Urban-Vision-Benchmark\Datasets\MTSD\Prepared\MTSD-Unaugmented\MTSD-YOLO\test\images\grp5_770e5bfc-BenTaliana_60_Side.jpeg,1102.25,802.37,1564.92,1749.89,1.0,traffic sign,False,False,3669.2,mtsd-p12
Cosmos Reason2 8B,traffic sign,grp5_770e5bfc-BenTaliana_60_Side.jpeg,E:\2. UM-Student\MSC Dissertation\Urban-Vision-Benchmark\Datasets\MTSD\Prepared\MTSD-Unaugmented\MTSD-YOLO\test\images\grp5_770e5bfc-BenTaliana_60_Side.jpeg,1102.25,1608.77,1555.85,2955.46,1.0,traffic sign,False,False,3669.2,mtsd-p12
Cosmos Reason2 8B,traffic sign,grp5_7ae28afa-MelatAssefa_15_Front.jpg,E:\2. UM-Student\MSC Dissertation\Urban-Vision-Benchmark\Datasets\MTSD\Prepared\MTSD-Unaugmented\MTSD-YOLO\test\images\grp5_7ae28afa-MelatAssefa_15_Front.jpg,1185.41,620.93,2017.01,1266.05,1.0,traffic sign,False,False,2385.6,mtsd-p12
Cosmos Reason2 8B,traffic sign,grp5_82a1216f-AlisonAttard_27_Side.jpeg,E:\2. UM-Student\MSC Dissertation\Urban-Vision-Benchmark\Datasets\MTSD\Prepared\MTSD-Unaugmented\MTSD-YOLO\test\images\grp5_82a1216f-AlisonAttard_27_Side.jpeg,2052.29,1493.86,3088.51,1717.63,1.0,traffic sign,False,False,3040.8,mtsd-p12
Cosmos Reason2 8B,traffic sign,grp5_85f27713-MelatAssefa_35_Side.jpg,E:\2. UM-Student\MSC Dissertation\Urban-Vision-Benchmark\Datasets\MTSD\Prepared\MTSD-Unaugmented\MTSD-YOLO\test\images\grp5_85f27713-MelatAssefa_35_Side.jpg,1413.72,1799.28,2047.75,3232.99,1.0,traffic sign,False,False,4004.2,mtsd-p12
Cosmos Reason2 8B,traffic sign,grp5_85f27713-MelatAssefa_35_Side.jpg,E:\2. UM-Student\MSC Dissertation\Urban-Vision-Benchmark\Datasets\MTSD\Prepared\MTSD-Unaugmented\MTSD-YOLO\test\images\grp5_85f27713-MelatAssefa_35_Side.jpg,1362.31,3044.5,1837.84,4346.83,1.0,traffic sign,False,False,4004.2,mtsd-p12
Cosmos Reason2 8B,traffic sign,grp5_8e2aa9fc-AlisonAttard_30_Back.jpeg,E:\2. UM-Student\MSC Dissertation\Urban-Vision-Benchmark\Datasets\MTSD\Prepared\MTSD-Unaugmented\MTSD-YOLO\test\images\grp5_8e2aa9fc-AlisonAttard_30_Back.jpeg,,,,,,<no detections>,False,False,921.8,mtsd-p12
Cosmos Reason2 8B,traffic sign,grp5_9c857801-BenTaliana_43_Side.jpeg,E:\2. UM-Student\MSC Dissertation\Urban-Vision-Benchmark\Datasets\MTSD\Prepared\MTSD-Unaugmented\MTSD-YOLO\test\images\grp5_9c857801-BenTaliana_43_Side.jpeg,1782.65,2306.3,2630.88,5427.07,1.0,traffic sign,False,False,3847.4,mtsd-p12
Cosmos Reason2 8B,traffic sign,grp5_9c857801-BenTaliana_43_Side.jpeg,E:\2. UM-Student\MSC Dissertation\Urban-Vision-Benchmark\Datasets\MTSD\Prepared\MTSD-Unaugmented\MTSD-YOLO\test\images\grp5_9c857801-BenTaliana_43_Side.jpeg,4272.91,6378.62,4458.89,6741.5,1.0,traffic sign,False,False,3847.4,mtsd-p12
Cosmos Reason2 8B,traffic sign,grp5_9f2af180-AlisonAttard_30_Side.jpeg,E:\2. UM-Student\MSC Dissertation\Urban-Vision-Benchmark\Datasets\MTSD\Prepared\MTSD-Unaugmented\MTSD-YOLO\test\images\grp5_9f2af180-AlisonAttard_30_Side.jpeg,,,,,,<no detections>,False,False,922.7,mtsd-p12
Cosmos Reason2 8B,traffic sign,grp5_9fd3af21-MichaelFarrugia_11_Back.jpg,E:\2. UM-Student\MSC Dissertation\Urban-Vision-Benchmark\Datasets\MTSD\Prepared\MTSD-Unaugmented\MTSD-YOLO\test\images\grp5_9fd3af21-MichaelFarrugia_11_Back.jpg,1231.87,1415.76,1846.27,2195.04,1.0,traffic sign,False,False,2420.1,mtsd-p12
Cosmos Reason2 8B,traffic sign,grp5_a1a873a2-MichaelFarrugia_21_Side.jpg,E:\2. UM-Student\MSC Dissertation\Urban-Vision-Benchmark\Datasets\MTSD\Prepared\MTSD-Unaugmented\MTSD-YOLO\test\images\grp5_a1a873a2-MichaelFarrugia_21_Side.jpg,1191.94,971.04,1760.26,1742.16,1.0,traffic sign,False,False,2400.7,mtsd-p12
Cosmos Reason2 8B,traffic sign,grp5_a1ced4bc-BenTaliana_22_Front.jpeg,E:\2. UM-Student\MSC Dissertation\Urban-Vision-Benchmark\Datasets\MTSD\Prepared\MTSD-Unaugmented\MTSD-YOLO\test\images\grp5_a1ced4bc-BenTaliana_22_Front.jpeg,559.09,1047.9,2650.62,2772.44,1.0,traffic sign,False,False,5274.0,mtsd-p12
Cosmos Reason2 8B,traffic sign,grp5_a1ced4bc-BenTaliana_22_Front.jpeg,E:\2. UM-Student\MSC Dissertation\Urban-Vision-Benchmark\Datasets\MTSD\Prepared\MTSD-Unaugmented\MTSD-YOLO\test\images\grp5_a1ced4bc-BenTaliana_22_Front.jpeg,2074.69,3131.72,3132.24,4317.35,1.0,traffic sign,False,False,5274.0,mtsd-p12
Cosmos Reason2 8B,traffic sign,grp5_a1ced4bc-BenTaliana_22_Front.jpeg,E:\2. UM-Student\MSC Dissertation\Urban-Vision-Benchmark\Datasets\MTSD\Prepared\MTSD-Unaugmented\MTSD-YOLO\test\images\grp5_a1ced4bc-BenTaliana_22_Front.jpeg,2111.74,4221.54,3246.75,5287.4,1.0,traffic sign,False,False,5274.0,mtsd-p12
Cosmos Reason2 8B,traffic sign,grp5_a5ec0025-BenTaliana_11_Front.jpeg,E:\2. UM-Student\MSC Dissertation\Urban-Vision-Benchmark\Datasets\MTSD\Prepared\MTSD-Unaugmented\MTSD-YOLO\test\images\grp5_a5ec0025-BenTaliana_11_Front.jpeg,312.98,1822.46,3597.05,4402.94,1.0,traffic sign,False,False,2872.6,mtsd-p12
Cosmos Reason2 8B,traffic sign,grp5_a6a28dc5-MichaelFarrugia_34_Side.jpg,E:\2. UM-Student\MSC Dissertation\Urban-Vision-Benchmark\Datasets\MTSD\Prepared\MTSD-Unaugmented\MTSD-YOLO\test\images\grp5_a6a28dc5-MichaelFarrugia_34_Side.jpg,1201.15,1052.64,1864.7,2215.44,1.0,traffic sign,False,False,2434.7,mtsd-p12
Cosmos Reason2 8B,traffic sign,grp5_a7e73d18-AlisonAttard_29_Back.jpeg,E:\2. UM-Student\MSC Dissertation\Urban-Vision-Benchmark\Datasets\MTSD\Prepared\MTSD-Unaugmented\MTSD-YOLO\test\images\grp5_a7e73d18-AlisonAttard_29_Back.jpeg,1770.05,1146.1,2636.93,1660.18,1.0,traffic sign,False,False,2393.4,mtsd-p12
Cosmos Reason2 8B,traffic sign,grp5_a7f0ea8c-BenTaliana_9_Side.jpeg,E:\2. UM-Student\MSC Dissertation\Urban-Vision-Benchmark\Datasets\MTSD\Prepared\MTSD-Unaugmented\MTSD-YOLO\test\images\grp5_a7f0ea8c-BenTaliana_9_Side.jpeg,821.02,1024.13,1390.28,2020.03,1.0,traffic sign,False,False,2196.7,mtsd-p12
Cosmos Reason2 8B,traffic sign,grp5_a8752ff5-MelatAssefa_56_Side.jpg,E:\2. UM-Student\MSC Dissertation\Urban-Vision-Benchmark\Datasets\MTSD\Prepared\MTSD-Unaugmented\MTSD-YOLO\test\images\grp5_a8752ff5-MelatAssefa_56_Side.jpg,1357.78,592.7,1992.82,1713.6,1.0,traffic sign,False,False,2387.8,mtsd-p12
Cosmos Reason2 8B,traffic sign,grp5_ab2f9697-MichaelFarrugia_48_Side.jpg,E:\2. UM-Student\MSC Dissertation\Urban-Vision-Benchmark\Datasets\MTSD\Prepared\MTSD-Unaugmented\MTSD-YOLO\test\images\grp5_ab2f9697-MichaelFarrugia_48_Side.jpg,1164.29,1370.88,1511.42,1991.04,1.0,traffic sign,False,False,3908.7,mtsd-p12
Cosmos Reason2 8B,traffic sign,grp5_ab2f9697-MichaelFarrugia_48_Side.jpg,E:\2. UM-Student\MSC Dissertation\Urban-Vision-Benchmark\Datasets\MTSD\Prepared\MTSD-Unaugmented\MTSD-YOLO\test\images\grp5_ab2f9697-MichaelFarrugia_48_Side.jpg,1161.22,1950.24,1505.28,2598.96,1.0,traffic sign,False,False,3908.7,mtsd-p12
Cosmos Reason2 8B,traffic sign,grp5_afdc6e4d-MelatAssefa_1_Side.jpg,E:\2. UM-Student\MSC Dissertation\Urban-Vision-Benchmark\Datasets\MTSD\Prepared\MTSD-Unaugmented\MTSD-YOLO\test\images\grp5_afdc6e4d-MelatAssefa_1_Side.jpg,1152.14,306.43,1608.77,1040.26,1.0,traffic sign,False,False,2372.1,mtsd-p12
Cosmos Reason2 8B,traffic sign,grp5_b5c4d0ea-BenTaliana_31_Side.jpeg,E:\2. UM-Student\MSC Dissertation\Urban-Vision-Benchmark\Datasets\MTSD\Prepared\MTSD-Unaugmented\MTSD-YOLO\test\images\grp5_b5c4d0ea-BenTaliana_31_Side.jpeg,1265.54,1669.25,2680.78,4749.7,1.0,traffic sign,False,False,2328.2,mtsd-p12
Cosmos Reason2 8B,traffic sign,grp5_bbdd8a43-BenTaliana_44_Front.jpeg,E:\2. UM-Student\MSC Dissertation\Urban-Vision-Benchmark\Datasets\MTSD\Prepared\MTSD-Unaugmented\MTSD-YOLO\test\images\grp5_bbdd8a43-BenTaliana_44_Front.jpeg,975.24,2314.37,3556.22,4725.5,1.0,traffic sign,False,False,3014.3,mtsd-p12
Cosmos Reason2 8B,traffic sign,grp5_bc59500b-AlisonAttard_47_Side.jpeg,E:\2. UM-Student\MSC Dissertation\Urban-Vision-Benchmark\Datasets\MTSD\Prepared\MTSD-Unaugmented\MTSD-YOLO\test\images\grp5_bc59500b-AlisonAttard_47_Side.jpeg,2640.96,1176.34,3177.22,2277.07,1.0,traffic sign,False,False,3907.0,mtsd-p12
Cosmos Reason2 8B,traffic sign,grp5_bc59500b-AlisonAttard_47_Side.jpeg,E:\2. UM-Student\MSC Dissertation\Urban-Vision-Benchmark\Datasets\MTSD\Prepared\MTSD-Unaugmented\MTSD-YOLO\test\images\grp5_bc59500b-AlisonAttard_47_Side.jpeg,1391.04,1693.44,2520.0,1874.88,1.0,traffic sign,False,False,3907.0,mtsd-p12
Cosmos Reason2 8B,traffic sign,grp5_c5c3aa2b-BenTaliana_19_Side.jpeg,E:\2. UM-Student\MSC Dissertation\Urban-Vision-Benchmark\Datasets\MTSD\Prepared\MTSD-Unaugmented\MTSD-YOLO\test\images\grp5_c5c3aa2b-BenTaliana_19_Side.jpeg,746.17,1108.8,1546.78,2274.05,1.0,traffic sign,False,False,2216.7,mtsd-p12
Cosmos Reason2 8B,traffic sign,grp5_cc1fcae2-AlisonAttard_9_Back.jpeg,E:\2. UM-Student\MSC Dissertation\Urban-Vision-Benchmark\Datasets\MTSD\Prepared\MTSD-Unaugmented\MTSD-YOLO\test\images\grp5_cc1fcae2-AlisonAttard_9_Back.jpeg,867.89,806.4,2010.96,3189.31,1.0,traffic sign,False,False,2390.9,mtsd-p12
Cosmos Reason2 8B,traffic sign,grp5_cc77abda-MelatAssefa_34_Side.jpg,E:\2. UM-Student\MSC Dissertation\Urban-Vision-Benchmark\Datasets\MTSD\Prepared\MTSD-Unaugmented\MTSD-YOLO\test\images\grp5_cc77abda-MelatAssefa_34_Side.jpg,1499.4,913.92,2686.07,2570.4,1.0,traffic sign,False,False,2431.9,mtsd-p12
Cosmos Reason2 8B,traffic sign,grp5_cdd70210-BenTaliana_10_Side.jpeg,E:\2. UM-Student\MSC Dissertation\Urban-Vision-Benchmark\Datasets\MTSD\Prepared\MTSD-Unaugmented\MTSD-YOLO\test\images\grp5_cdd70210-BenTaliana_10_Side.jpeg,1492.34,1556.35,3365.71,4846.46,1.0,traffic sign,False,False,2362.1,mtsd-p12
Cosmos Reason2 8B,traffic sign,grp5_d29347ca-MelatAssefa_51_Side.jpg,E:\2. UM-Student\MSC Dissertation\Urban-Vision-Benchmark\Datasets\MTSD\Prepared\MTSD-Unaugmented\MTSD-YOLO\test\images\grp5_d29347ca-MelatAssefa_51_Side.jpg,1282.18,233.86,1808.35,2048.26,1.0,traffic sign,False,False,2333.6,mtsd-p12
Cosmos Reason2 8B,traffic sign,grp5_dad74922-BenTaliana_41_Front.jpeg,E:\2. UM-Student\MSC Dissertation\Urban-Vision-Benchmark\Datasets\MTSD\Prepared\MTSD-Unaugmented\MTSD-YOLO\test\images\grp5_dad74922-BenTaliana_41_Front.jpeg,686.83,1911.17,3280.55,4269.79,1.0,traffic sign,False,False,2327.4,mtsd-p12
Cosmos Reason2 8B,traffic sign,grp5_dcad2b9b-MichaelFarrugia_64_Side.jpg,E:\2. UM-Student\MSC Dissertation\Urban-Vision-Benchmark\Datasets\MTSD\Prepared\MTSD-Unaugmented\MTSD-YOLO\test\images\grp5_dcad2b9b-MichaelFarrugia_64_Side.jpg,1148.93,1423.92,1720.32,2619.36,1.0,traffic sign,False,False,3192.1,mtsd-p12
Cosmos Reason2 8B,traffic sign,grp5_e0bfe536-MelatAssefa_22_Front.jpg,E:\2. UM-Student\MSC Dissertation\Urban-Vision-Benchmark\Datasets\MTSD\Prepared\MTSD-Unaugmented\MTSD-YOLO\test\images\grp5_e0bfe536-MelatAssefa_22_Front.jpg,1073.52,991.87,1865.81,1745.86,1.0,traffic sign,False,False,2373.9,mtsd-p12
Cosmos Reason2 8B,traffic sign,grp5_e2a22cf0-BenTaliana_9_Front.jpeg,E:\2. UM-Student\MSC Dissertation\Urban-Vision-Benchmark\Datasets\MTSD\Prepared\MTSD-Unaugmented\MTSD-YOLO\test\images\grp5_e2a22cf0-BenTaliana_9_Front.jpeg,455.87,1048.32,1782.65,2136.96,1.0,traffic sign,False,False,2247.2,mtsd-p12
Cosmos Reason2 8B,traffic sign,grp5_e390d90e-MelatAssefa_55_Side.jpg,E:\2. UM-Student\MSC Dissertation\Urban-Vision-Benchmark\Datasets\MTSD\Prepared\MTSD-Unaugmented\MTSD-YOLO\test\images\grp5_e390d90e-MelatAssefa_55_Side.jpg,1593.65,948.19,2210.54,2113.44,1.0,traffic sign,False,False,2445.3,mtsd-p12
Cosmos Reason2 8B,traffic sign,grp5_e3df78e1-MichaelFarrugia_48_Back.jpg,E:\2. UM-Student\MSC Dissertation\Urban-Vision-Benchmark\Datasets\MTSD\Prepared\MTSD-Unaugmented\MTSD-YOLO\test\images\grp5_e3df78e1-MichaelFarrugia_48_Back.jpg,1314.82,1615.68,1815.55,2207.28,1.0,traffic sign,False,False,3920.1,mtsd-p12
Cosmos Reason2 8B,traffic sign,grp5_e3df78e1-MichaelFarrugia_48_Back.jpg,E:\2. UM-Student\MSC Dissertation\Urban-Vision-Benchmark\Datasets\MTSD\Prepared\MTSD-Unaugmented\MTSD-YOLO\test\images\grp5_e3df78e1-MichaelFarrugia_48_Back.jpg,1281.02,2158.32,1827.84,2798.88,1.0,traffic sign,False,False,3920.1,mtsd-p12
Cosmos Reason2 8B,traffic sign,grp5_e43a48bc-BenTaliana_53_Side.jpeg,E:\2. UM-Student\MSC Dissertation\Urban-Vision-Benchmark\Datasets\MTSD\Prepared\MTSD-Unaugmented\MTSD-YOLO\test\images\grp5_e43a48bc-BenTaliana_53_Side.jpeg,932.15,1229.76,1351.73,2189.38,1.0,traffic sign,False,False,2202.1,mtsd-p12
Cosmos Reason2 8B,traffic sign,grp5_e64b6a10-AlisonAttard_20_Side.jpeg,E:\2. UM-Student\MSC Dissertation\Urban-Vision-Benchmark\Datasets\MTSD\Prepared\MTSD-Unaugmented\MTSD-YOLO\test\images\grp5_e64b6a10-AlisonAttard_20_Side.jpeg,2403.07,1239.84,3221.57,1351.73,1.0,traffic sign,False,False,2394.3,mtsd-p12
Cosmos Reason2 8B,traffic sign,grp5_e7eb8734-MichaelFarrugia_52_Front.jpg,E:\2. UM-Student\MSC Dissertation\Urban-Vision-Benchmark\Datasets\MTSD\Prepared\MTSD-Unaugmented\MTSD-YOLO\test\images\grp5_e7eb8734-MichaelFarrugia_52_Front.jpg,1293.31,1558.56,2088.96,2321.52,1.0,traffic sign,False,False,2395.3,mtsd-p12
Cosmos Reason2 8B,traffic sign,grp5_e897b21c-MelatAssefa_52_Front.jpg,E:\2. UM-Student\MSC Dissertation\Urban-Vision-Benchmark\Datasets\MTSD\Prepared\MTSD-Unaugmented\MTSD-YOLO\test\images\grp5_e897b21c-MelatAssefa_52_Front.jpg,1507.97,2690.35,2540.41,3661.39,1.0,traffic sign,False,False,4473.1,mtsd-p12
Cosmos Reason2 8B,traffic sign,grp5_e897b21c-MelatAssefa_52_Front.jpg,E:\2. UM-Student\MSC Dissertation\Urban-Vision-Benchmark\Datasets\MTSD\Prepared\MTSD-Unaugmented\MTSD-YOLO\test\images\grp5_e897b21c-MelatAssefa_52_Front.jpg,3277.26,5100.82,3521.45,5392.13,1.0,traffic sign,False,False,4473.1,mtsd-p12
Cosmos Reason2 8B,traffic sign,grp5_ec52a808-MichaelFarrugia_58_Side.jpg,E:\2. UM-Student\MSC Dissertation\Urban-Vision-Benchmark\Datasets\MTSD\Prepared\MTSD-Unaugmented\MTSD-YOLO\test\images\grp5_ec52a808-MichaelFarrugia_58_Side.jpg,1231.87,1472.88,1784.83,2448.0,1.0,traffic sign,False,False,5334.7,mtsd-p12
Cosmos Reason2 8B,traffic sign,grp5_ec52a808-MichaelFarrugia_58_Side.jpg,E:\2. UM-Student\MSC Dissertation\Urban-Vision-Benchmark\Datasets\MTSD\Prepared\MTSD-Unaugmented\MTSD-YOLO\test\images\grp5_ec52a808-MichaelFarrugia_58_Side.jpg,1241.09,2231.76,1763.33,2786.64,1.0,traffic sign,False,False,5334.7,mtsd-p12
Cosmos Reason2 8B,traffic sign,grp5_ec52a808-MichaelFarrugia_58_Side.jpg,E:\2. UM-Student\MSC Dissertation\Urban-Vision-Benchmark\Datasets\MTSD\Prepared\MTSD-Unaugmented\MTSD-YOLO\test\images\grp5_ec52a808-MichaelFarrugia_58_Side.jpg,869.38,3137.52,933.89,3243.6,1.0,traffic sign,False,False,5334.7,mtsd-p12
Cosmos Reason2 8B,traffic sign,grp5_f3d53558-BenTaliana_52_Front.jpeg,E:\2. UM-Student\MSC Dissertation\Urban-Vision-Benchmark\Datasets\MTSD\Prepared\MTSD-Unaugmented\MTSD-YOLO\test\images\grp5_f3d53558-BenTaliana_52_Front.jpeg,743.9,1991.81,3506.33,4991.62,1.0,traffic sign,False,False,2324.5,mtsd-p12
Cosmos Reason2 8B,traffic sign,grp5_f7db29c0-MichaelFarrugia_35_Front.jpg,E:\2. UM-Student\MSC Dissertation\Urban-Vision-Benchmark\Datasets\MTSD\Prepared\MTSD-Unaugmented\MTSD-YOLO\test\images\grp5_f7db29c0-MichaelFarrugia_35_Front.jpg,1072.13,1680.96,1883.14,2415.36,1.0,traffic sign,False,False,2405.3,mtsd-p12
Cosmos Reason2 8B,traffic sign,grp5_fc84e1fb-BenTaliana_3_Back.jpeg,E:\2. UM-Student\MSC Dissertation\Urban-Vision-Benchmark\Datasets\MTSD\Prepared\MTSD-Unaugmented\MTSD-YOLO\test\images\grp5_fc84e1fb-BenTaliana_3_Back.jpeg,814.21,1794.24,1698.73,3955.39,1.0,traffic sign,False,False,2177.3,mtsd-p12
Cosmos Reason2 8B,traffic sign,grp5_fea9ceb6-MichaelFarrugia_19_Back.jpg,E:\2. UM-Student\MSC Dissertation\Urban-Vision-Benchmark\Datasets\MTSD\Prepared\MTSD-Unaugmented\MTSD-YOLO\test\images\grp5_fea9ceb6-MichaelFarrugia_19_Back.jpg,1453.06,2011.44,2227.2,2998.8,1.0,traffic sign,False,False,2394.0,mtsd-p12
Cosmos Reason2 8B,traffic sign,grp5_ff6aaac1-MichaelFarrugia_43_Front.jpg,E:\2. UM-Student\MSC Dissertation\Urban-Vision-Benchmark\Datasets\MTSD\Prepared\MTSD-Unaugmented\MTSD-YOLO\test\images\grp5_ff6aaac1-MichaelFarrugia_43_Front.jpg,1244.16,1664.64,1959.94,2346.0,1.0,traffic sign,False,False,2402.7,mtsd-p12
Cosmos Reason2 8B,traffic sign,grp6_0126954d-IMG_0235.JPG,E:\2. UM-Student\MSC Dissertation\Urban-Vision-Benchmark\Datasets\MTSD\Prepared\MTSD-Unaugmented\MTSD-YOLO\test\images\grp6_0126954d-IMG_0235.JPG,729.79,1236.82,2374.85,2119.82,1.0,traffic sign,False,False,2383.0,mtsd-p12
Cosmos Reason2 8B,traffic sign,grp6_0d61ecda-IMG_6112.JPG,E:\2. UM-Student\MSC Dissertation\Urban-Vision-Benchmark\Datasets\MTSD\Prepared\MTSD-Unaugmented\MTSD-YOLO\test\images\grp6_0d61ecda-IMG_6112.JPG,831.6,52.42,1989.79,1249.92,1.0,traffic sign,False,False,3044.2,mtsd-p12
Cosmos Reason2 8B,traffic sign,grp6_0dbbcef1-IMG_6167.JPG,E:\2. UM-Student\MSC Dissertation\Urban-Vision-Benchmark\Datasets\MTSD\Prepared\MTSD-Unaugmented\MTSD-YOLO\test\images\grp6_0dbbcef1-IMG_6167.JPG,1164.24,584.64,1463.62,2544.19,1.0,traffic sign,False,False,2377.0,mtsd-p12
Cosmos Reason2 8B,traffic sign,grp6_1fffe58c-IMG_6250.JPG,E:\2. UM-Student\MSC Dissertation\Urban-Vision-Benchmark\Datasets\MTSD\Prepared\MTSD-Unaugmented\MTSD-YOLO\test\images\grp6_1fffe58c-IMG_6250.JPG,1010.02,858.82,2065.39,1810.37,1.0,traffic sign,False,False,3889.9,mtsd-p12
Cosmos Reason2 8B,traffic sign,grp6_1fffe58c-IMG_6250.JPG,E:\2. UM-Student\MSC Dissertation\Urban-Vision-Benchmark\Datasets\MTSD\Prepared\MTSD-Unaugmented\MTSD-YOLO\test\images\grp6_1fffe58c-IMG_6250.JPG,828.58,1774.08,2116.8,2604.67,1.0,traffic sign,False,False,3889.9,mtsd-p12
Cosmos Reason2 8B,traffic sign,grp6_205fffc2-Screenshot_2025-12-05_135424.png,E:\2. UM-Student\MSC Dissertation\Urban-Vision-Benchmark\Datasets\MTSD\Prepared\MTSD-Unaugmented\MTSD-YOLO\test\images\grp6_205fffc2-Screenshot_2025-12-05_135424.png,118.73,184.11,153.17,327.57,1.0,traffic sign,False,False,1862.4,mtsd-p12
Cosmos Reason2 8B,traffic sign,grp6_255dc793-IMG_0327.JPG,E:\2. UM-Student\MSC Dissertation\Urban-Vision-Benchmark\Datasets\MTSD\Prepared\MTSD-Unaugmented\MTSD-YOLO\test\images\grp6_255dc793-IMG_0327.JPG,915.26,1572.48,3544.13,2089.58,1.0,traffic sign,False,False,2395.9,mtsd-p12
Cosmos Reason2 8B,traffic sign,grp6_264240ca-IMG_0303.JPG,E:\2. UM-Student\MSC Dissertation\Urban-Vision-Benchmark\Datasets\MTSD\Prepared\MTSD-Unaugmented\MTSD-YOLO\test\images\grp6_264240ca-IMG_0303.JPG,1209.6,737.86,3648.96,2080.51,1.0,traffic sign,False,False,2380.0,mtsd-p12
Cosmos Reason2 8B,traffic sign,grp6_280e9cbc-IMG_0220.JPG,E:\2. UM-Student\MSC Dissertation\Urban-Vision-Benchmark\Datasets\MTSD\Prepared\MTSD-Unaugmented\MTSD-YOLO\test\images\grp6_280e9cbc-IMG_0220.JPG,1556.35,1400.11,2201.47,1971.65,1.0,traffic sign,False,False,2373.6,mtsd-p12
Cosmos Reason2 8B,traffic sign,grp6_34078a23-Screenshot_2025-12-05_144602.png,E:\2. UM-Student\MSC Dissertation\Urban-Vision-Benchmark\Datasets\MTSD\Prepared\MTSD-Unaugmented\MTSD-YOLO\test\images\grp6_34078a23-Screenshot_2025-12-05_144602.png,90.09,45.5,206.64,165.75,1.0,traffic sign,False,False,1791.3,mtsd-p12
Cosmos Reason2 8B,traffic sign,grp6_344c75b8-Screenshot_2025-12-05_150942.png,E:\2. UM-Student\MSC Dissertation\Urban-Vision-Benchmark\Datasets\MTSD\Prepared\MTSD-Unaugmented\MTSD-YOLO\test\images\grp6_344c75b8-Screenshot_2025-12-05_150942.png,92.56,44.52,186.42,153.28,1.0,traffic sign,False,False,2475.4,mtsd-p12
Cosmos Reason2 8B,traffic sign,grp6_3721037e-IMG_0363.JPG,E:\2. UM-Student\MSC Dissertation\Urban-Vision-Benchmark\Datasets\MTSD\Prepared\MTSD-Unaugmented\MTSD-YOLO\test\images\grp6_3721037e-IMG_0363.JPG,2286.14,1245.89,4027.97,1802.3,1.0,traffic sign,False,False,4063.1,mtsd-p12
Cosmos Reason2 8B,traffic sign,grp6_3721037e-IMG_0363.JPG,E:\2. UM-Student\MSC Dissertation\Urban-Vision-Benchmark\Datasets\MTSD\Prepared\MTSD-Unaugmented\MTSD-YOLO\test\images\grp6_3721037e-IMG_0363.JPG,1717.63,1394.06,3116.74,1678.32,1.0,traffic sign,False,False,4063.1,mtsd-p12
Cosmos Reason2 8B,traffic sign,grp6_37c705bd-IMG_6247.JPG,E:\2. UM-Student\MSC Dissertation\Urban-Vision-Benchmark\Datasets\MTSD\Prepared\MTSD-Unaugmented\MTSD-YOLO\test\images\grp6_37c705bd-IMG_6247.JPG,940.46,983.81,1823.47,1689.41,1.0,traffic sign,False,False,3838.0,mtsd-p12
Cosmos Reason2 8B,traffic sign,grp6_37c705bd-IMG_6247.JPG,E:\2. UM-Student\MSC Dissertation\Urban-Vision-Benchmark\Datasets\MTSD\Prepared\MTSD-Unaugmented\MTSD-YOLO\test\images\grp6_37c705bd-IMG_6247.JPG,828.58,1608.77,1862.78,2278.08,1.0,traffic sign,False,False,3838.0,mtsd-p12
Cosmos Reason2 8B,traffic sign,grp6_386a5fef-IMG_6231.JPG,E:\2. UM-Student\MSC Dissertation\Urban-Vision-Benchmark\Datasets\MTSD\Prepared\MTSD-Unaugmented\MTSD-YOLO\test\images\grp6_386a5fef-IMG_6231.JPG,895.1,971.71,2050.27,2455.49,1.0,traffic sign,False,False,2423.7,mtsd-p12
Cosmos Reason2 8B,traffic sign,grp6_3ce4063d-IMG_0217.JPG,E:\2. UM-Student\MSC Dissertation\Urban-Vision-Benchmark\Datasets\MTSD\Prepared\MTSD-Unaugmented\MTSD-YOLO\test\images\grp6_3ce4063d-IMG_0217.JPG,1544.26,1400.11,2132.93,1735.78,1.0,traffic sign,False,False,2429.8,mtsd-p12
Cosmos Reason2 8B,traffic sign,grp6_4c7d6d30-IMG_6226.JPG,E:\2. UM-Student\MSC Dissertation\Urban-Vision-Benchmark\Datasets\MTSD\Prepared\MTSD-Unaugmented\MTSD-YOLO\test\images\grp6_4c7d6d30-IMG_6226.JPG,1076.54,919.3,2116.8,1774.08,1.0,traffic sign,False,False,2399.9,mtsd-p12
Cosmos Reason2 8B,traffic sign,grp6_5dd0fd95-IMG_6225.JPG,E:\2. UM-Student\MSC Dissertation\Urban-Vision-Benchmark\Datasets\MTSD\Prepared\MTSD-Unaugmented\MTSD-YOLO\test\images\grp6_5dd0fd95-IMG_6225.JPG,1049.33,588.67,2280.1,1689.41,1.0,traffic sign,False,False,2414.0,mtsd-p12
Cosmos Reason2 8B,traffic sign,grp6_674b294f-Screenshot_2025-12-05_140949.png,E:\2. UM-Student\MSC Dissertation\Urban-Vision-Benchmark\Datasets\MTSD\Prepared\MTSD-Unaugmented\MTSD-YOLO\test\images\grp6_674b294f-Screenshot_2025-12-05_140949.png,51.0,110.37,159.29,243.72,1.0,traffic sign,False,False,1863.4,mtsd-p12
Cosmos Reason2 8B,traffic sign,grp6_6b4047ef-IMG_6230.JPG,E:\2. UM-Student\MSC Dissertation\Urban-Vision-Benchmark\Datasets\MTSD\Prepared\MTSD-Unaugmented\MTSD-YOLO\test\images\grp6_6b4047ef-IMG_6230.JPG,1073.52,596.74,1584.58,2536.13,1.0,traffic sign,False,False,3057.2,mtsd-p12
Cosmos Reason2 8B,traffic sign,grp6_6f66549b-IMG_0289.JPG,E:\2. UM-Student\MSC Dissertation\Urban-Vision-Benchmark\Datasets\MTSD\Prepared\MTSD-Unaugmented\MTSD-YOLO\test\images\grp6_6f66549b-IMG_0289.JPG,1733.76,988.85,2761.92,2416.18,1.0,traffic sign,False,False,3839.5,mtsd-p12
Cosmos Reason2 8B,traffic sign,grp6_6f66549b-IMG_0289.JPG,E:\2. UM-Student\MSC Dissertation\Urban-Vision-Benchmark\Datasets\MTSD\Prepared\MTSD-Unaugmented\MTSD-YOLO\test\images\grp6_6f66549b-IMG_0289.JPG,2640.96,713.66,4027.97,2857.68,1.0,traffic sign,False,False,3839.5,mtsd-p12
Cosmos Reason2 8B,traffic sign,grp6_7608155e-Screenshot_2025-12-05_135221.png,E:\2. UM-Student\MSC Dissertation\Urban-Vision-Benchmark\Datasets\MTSD\Prepared\MTSD-Unaugmented\MTSD-YOLO\test\images\grp6_7608155e-Screenshot_2025-12-05_135221.png,49.5,46.69,135.41,155.43,1.0,traffic sign,False,False,3305.7,mtsd-p12
Cosmos Reason2 8B,traffic sign,grp6_7608155e-Screenshot_2025-12-05_135221.png,E:\2. UM-Student\MSC Dissertation\Urban-Vision-Benchmark\Datasets\MTSD\Prepared\MTSD-Unaugmented\MTSD-YOLO\test\images\grp6_7608155e-Screenshot_2025-12-05_135221.png,249.7,62.05,309.4,130.02,1.0,traffic sign,False,False,3305.7,mtsd-p12
Cosmos Reason2 8B,traffic sign,grp6_7a1ad0b4-IMG_0319.JPG,E:\2. UM-Student\MSC Dissertation\Urban-Vision-Benchmark\Datasets\MTSD\Prepared\MTSD-Unaugmented\MTSD-YOLO\test\images\grp6_7a1ad0b4-IMG_0319.JPG,346.75,1055.38,3064.32,2585.52,1.0,traffic sign,False,False,2326.3,mtsd-p12
Cosmos Reason2 8B,traffic sign,grp6_8387f659-Screenshot_2025-12-05_134458.png,E:\2. UM-Student\MSC Dissertation\Urban-Vision-Benchmark\Datasets\MTSD\Prepared\MTSD-Unaugmented\MTSD-YOLO\test\images\grp6_8387f659-Screenshot_2025-12-05_134458.png,100.28,131.31,143.26,186.63,1.0,traffic sign,False,False,1837.5,mtsd-p12
Cosmos Reason2 8B,traffic sign,grp6_8be98e2c-IMG_6200.JPG,E:\2. UM-Student\MSC Dissertation\Urban-Vision-Benchmark\Datasets\MTSD\Prepared\MTSD-Unaugmented\MTSD-YOLO\test\images\grp6_8be98e2c-IMG_6200.JPG,1130.98,842.69,1445.47,2274.05,1.0,traffic sign,False,False,2367.2,mtsd-p12
Cosmos Reason2 8B,traffic sign,grp6_8d7bc213-IMG_0237.JPG,E:\2. UM-Student\MSC Dissertation\Urban-Vision-Benchmark\Datasets\MTSD\Prepared\MTSD-Unaugmented\MTSD-YOLO\test\images\grp6_8d7bc213-IMG_0237.JPG,883.01,1282.18,2540.16,2301.26,1.0,traffic sign,False,False,2380.8,mtsd-p12
Cosmos Reason2 8B,traffic sign,grp6_8dee1009-IMG_6205.JPG,E:\2. UM-Student\MSC Dissertation\Urban-Vision-Benchmark\Datasets\MTSD\Prepared\MTSD-Unaugmented\MTSD-YOLO\test\images\grp6_8dee1009-IMG_6205.JPG,1040.26,1318.46,1775.09,2201.47,1.0,traffic sign,False,False,5272.6,mtsd-p12
Cosmos Reason2 8B,traffic sign,grp6_8dee1009-IMG_6205.JPG,E:\2. UM-Student\MSC Dissertation\Urban-Vision-Benchmark\Datasets\MTSD\Prepared\MTSD-Unaugmented\MTSD-YOLO\test\images\grp6_8dee1009-IMG_6205.JPG,1016.06,2016.0,1318.46,3390.91,1.0,traffic sign,False,False,5272.6,mtsd-p12
Cosmos Reason2 8B,traffic sign,grp6_8dee1009-IMG_6205.JPG,E:\2. UM-Student\MSC Dissertation\Urban-Vision-Benchmark\Datasets\MTSD\Prepared\MTSD-Unaugmented\MTSD-YOLO\test\images\grp6_8dee1009-IMG_6205.JPG,275.18,3374.78,613.87,3761.86,1.0,traffic sign,False,False,5272.6,mtsd-p12
Cosmos Reason2 8B,traffic sign,grp6_92b4ef64-IMG_6151.JPG,E:\2. UM-Student\MSC Dissertation\Urban-Vision-Benchmark\Datasets\MTSD\Prepared\MTSD-Unaugmented\MTSD-YOLO\test\images\grp6_92b4ef64-IMG_6151.JPG,828.58,1225.73,2271.02,2524.03,1.0,traffic sign,False,False,4508.9,mtsd-p12
Cosmos Reason2 8B,traffic sign,grp6_92b4ef64-IMG_6151.JPG,E:\2. UM-Student\MSC Dissertation\Urban-Vision-Benchmark\Datasets\MTSD\Prepared\MTSD-Unaugmented\MTSD-YOLO\test\images\grp6_92b4ef64-IMG_6151.JPG,979.78,2524.03,2113.78,3790.08,1.0,traffic sign,False,False,4508.9,mtsd-p12
Cosmos Reason2 8B,traffic sign,grp6_98681b01-IMG_6123_2.JPG,E:\2. UM-Student\MSC Dissertation\Urban-Vision-Benchmark\Datasets\MTSD\Prepared\MTSD-Unaugmented\MTSD-YOLO\test\images\grp6_98681b01-IMG_6123_2.JPG,1127.95,233.86,2667.17,1858.75,1.0,traffic sign,False,False,2359.6,mtsd-p12
Cosmos Reason2 8B,traffic sign,grp6_9c79fb63-Screenshot_2025-12-05_143920.png,E:\2. UM-Student\MSC Dissertation\Urban-Vision-Benchmark\Datasets\MTSD\Prepared\MTSD-Unaugmented\MTSD-YOLO\test\images\grp6_9c79fb63-Screenshot_2025-12-05_143920.png,137.25,40.91,182.7,105.7,1.0,traffic sign,False,False,4827.6,mtsd-p12
Cosmos Reason2 8B,traffic sign,grp6_9c79fb63-Screenshot_2025-12-05_143920.png,E:\2. UM-Student\MSC Dissertation\Urban-Vision-Benchmark\Datasets\MTSD\Prepared\MTSD-Unaugmented\MTSD-YOLO\test\images\grp6_9c79fb63-Screenshot_2025-12-05_143920.png,45.0,57.91,68.62,117.45,1.0,traffic sign,False,False,4827.6,mtsd-p12
Cosmos Reason2 8B,traffic sign,grp6_9c79fb63-Screenshot_2025-12-05_143920.png,E:\2. UM-Student\MSC Dissertation\Urban-Vision-Benchmark\Datasets\MTSD\Prepared\MTSD-Unaugmented\MTSD-YOLO\test\images\grp6_9c79fb63-Screenshot_2025-12-05_143920.png,10.57,232.06,44.1,279.04,1.0,traffic sign,False,False,4827.6,mtsd-p12
Cosmos Reason2 8B,traffic sign,grp6_9e084d7c-IMG_0221.JPG,E:\2. UM-Student\MSC Dissertation\Urban-Vision-Benchmark\Datasets\MTSD\Prepared\MTSD-Unaugmented\MTSD-YOLO\test\images\grp6_9e084d7c-IMG_0221.JPG,1536.19,1520.06,1938.38,1951.49,1.0,traffic sign,False,False,2411.0,mtsd-p12
Cosmos Reason2 8B,traffic sign,grp6_9e256948-IMG_0275.JPG,E:\2. UM-Student\MSC Dissertation\Urban-Vision-Benchmark\Datasets\MTSD\Prepared\MTSD-Unaugmented\MTSD-YOLO\test\images\grp6_9e256948-IMG_0275.JPG,2245.82,486.86,2644.99,1829.52,1.0,traffic sign,False,False,5348.9,mtsd-p12
Cosmos Reason2 8B,traffic sign,grp6_9e256948-IMG_0275.JPG,E:\2. UM-Student\MSC Dissertation\Urban-Vision-Benchmark\Datasets\MTSD\Prepared\MTSD-Unaugmented\MTSD-YOLO\test\images\grp6_9e256948-IMG_0275.JPG,1370.88,858.82,1657.15,1632.96,1.0,traffic sign,False,False,5348.9,mtsd-p12
Cosmos Reason2 8B,traffic sign,grp6_9e256948-IMG_0275.JPG,E:\2. UM-Student\MSC Dissertation\Urban-Vision-Benchmark\Datasets\MTSD\Prepared\MTSD-Unaugmented\MTSD-YOLO\test\images\grp6_9e256948-IMG_0275.JPG,1685.38,1309.39,2124.86,1893.02,1.0,traffic sign,False,False,5348.9,mtsd-p12
Cosmos Reason2 8B,traffic sign,grp6_a1b61997-Screenshot_2025-12-05_133641.png,E:\2. UM-Student\MSC Dissertation\Urban-Vision-Benchmark\Datasets\MTSD\Prepared\MTSD-Unaugmented\MTSD-YOLO\test\images\grp6_a1b61997-Screenshot_2025-12-05_133641.png,151.12,52.89,241.9,224.25,1.0,traffic sign,False,False,1813.3,mtsd-p12
Cosmos Reason2 8B,traffic sign,grp6_a7041b20-IMG_6175.JPG,E:\2. UM-Student\MSC Dissertation\Urban-Vision-Benchmark\Datasets\MTSD\Prepared\MTSD-Unaugmented\MTSD-YOLO\test\images\grp6_a7041b20-IMG_6175.JPG,943.49,895.1,2113.78,1895.04,1.0,traffic sign,False,False,3887.2,mtsd-p12
Cosmos Reason2 8B,traffic sign,grp6_a7041b20-IMG_6175.JPG,E:\2. UM-Student\MSC Dissertation\Urban-Vision-Benchmark\Datasets\MTSD\Prepared\MTSD-Unaugmented\MTSD-YOLO\test\images\grp6_a7041b20-IMG_6175.JPG,2860.7,3249.79,2936.3,3354.62,1.0,traffic sign,False,False,3887.2,mtsd-p12
Cosmos Reason2 8B,traffic sign,grp6_ad8b6cea-IMG_0342.JPG,E:\2. UM-Student\MSC Dissertation\Urban-Vision-Benchmark\Datasets\MTSD\Prepared\MTSD-Unaugmented\MTSD-YOLO\test\images\grp6_ad8b6cea-IMG_0342.JPG,1467.65,0.0,4027.97,2322.43,1.0,traffic sign,False,False,2319.5,mtsd-p12
Cosmos Reason2 8B,traffic sign,grp6_b1f0ac5c-IMG_0227.JPG,E:\2. UM-Student\MSC Dissertation\Urban-Vision-Benchmark\Datasets\MTSD\Prepared\MTSD-Unaugmented\MTSD-YOLO\test\images\grp6_b1f0ac5c-IMG_0227.JPG,1036.22,692.5,2362.75,2210.54,1.0,traffic sign,False,False,4528.1,mtsd-p12
Cosmos Reason2 8B,traffic sign,grp6_b1f0ac5c-IMG_0227.JPG,E:\2. UM-Student\MSC Dissertation\Urban-Vision-Benchmark\Datasets\MTSD\Prepared\MTSD-Unaugmented\MTSD-YOLO\test\images\grp6_b1f0ac5c-IMG_0227.JPG,2120.83,834.62,2761.92,2035.15,1.0,traffic sign,False,False,4528.1,mtsd-p12
Cosmos Reason2 8B,traffic sign,grp6_ba6a303c-IMG_0314.JPG,E:\2. UM-Student\MSC Dissertation\Urban-Vision-Benchmark\Datasets\MTSD\Prepared\MTSD-Unaugmented\MTSD-YOLO\test\images\grp6_ba6a303c-IMG_0314.JPG,278.21,842.69,2162.16,2112.77,1.0,traffic sign,False,False,6722.4,mtsd-p12
Cosmos Reason2 8B,traffic sign,grp6_ba6a303c-IMG_0314.JPG,E:\2. UM-Student\MSC Dissertation\Urban-Vision-Benchmark\Datasets\MTSD\Prepared\MTSD-Unaugmented\MTSD-YOLO\test\images\grp6_ba6a303c-IMG_0314.JPG,190.51,2003.9,2225.66,2729.66,1.0,traffic sign,False,False,6722.4,mtsd-p12
Cosmos Reason2 8B,traffic sign,grp6_ba6a303c-IMG_0314.JPG,E:\2. UM-Student\MSC Dissertation\Urban-Vision-Benchmark\Datasets\MTSD\Prepared\MTSD-Unaugmented\MTSD-YOLO\test\images\grp6_ba6a303c-IMG_0314.JPG,2425.25,3483.65,2500.85,3568.32,1.0,traffic sign,False,False,6722.4,mtsd-p12
Cosmos Reason2 8B,traffic sign,grp6_ba6a303c-IMG_0314.JPG,E:\2. UM-Student\MSC Dissertation\Urban-Vision-Benchmark\Datasets\MTSD\Prepared\MTSD-Unaugmented\MTSD-YOLO\test\images\grp6_ba6a303c-IMG_0314.JPG,2633.9,3552.19,2679.26,3604.61,1.0,traffic sign,False,False,6722.4,mtsd-p12
Cosmos Reason2 8B,traffic sign,grp6_bf61cf6e-Screenshot_2025-12-05_142746.png,E:\2. UM-Student\MSC Dissertation\Urban-Vision-Benchmark\Datasets\MTSD\Prepared\MTSD-Unaugmented\MTSD-YOLO\test\images\grp6_bf61cf6e-Screenshot_2025-12-05_142746.png,195.62,158.66,215.4,184.92,1.0,traffic sign,False,False,1913.1,mtsd-p12
Cosmos Reason2 8B,traffic sign,grp6_c2b7f6e2-IMG_0300.JPG,E:\2. UM-Student\MSC Dissertation\Urban-Vision-Benchmark\Datasets\MTSD\Prepared\MTSD-Unaugmented\MTSD-YOLO\test\images\grp6_c2b7f6e2-IMG_0300.JPG,1209.6,550.37,2967.55,2591.57,1.0,traffic sign,False,False,3817.3,mtsd-p12
Cosmos Reason2 8B,traffic sign,grp6_c2b7f6e2-IMG_0300.JPG,E:\2. UM-Student\MSC Dissertation\Urban-Vision-Benchmark\Datasets\MTSD\Prepared\MTSD-Unaugmented\MTSD-YOLO\test\images\grp6_c2b7f6e2-IMG_0300.JPG,2197.44,0.0,4027.97,2706.48,1.0,traffic sign,False,False,3817.3,mtsd-p12
Cosmos Reason2 8B,traffic sign,grp6_c8db20f0-IMG_6257.JPG,E:\2. UM-Student\MSC Dissertation\Urban-Vision-Benchmark\Datasets\MTSD\Prepared\MTSD-Unaugmented\MTSD-YOLO\test\images\grp6_c8db20f0-IMG_6257.JPG,1493.86,753.98,1720.66,1858.75,1.0,traffic sign,False,False,2414.9,mtsd-p12
Cosmos Reason2 8B,traffic sign,grp6_cebbcc7c-Screenshot_2025-12-05_141232.png,E:\2. UM-Student\MSC Dissertation\Urban-Vision-Benchmark\Datasets\MTSD\Prepared\MTSD-Unaugmented\MTSD-YOLO\test\images\grp6_cebbcc7c-Screenshot_2025-12-05_141232.png,60.75,18.07,114.5,85.25,1.0,traffic sign,False,False,3349.7,mtsd-p12
Cosmos Reason2 8B,traffic sign,grp6_cebbcc7c-Screenshot_2025-12-05_141232.png,E:\2. UM-Student\MSC Dissertation\Urban-Vision-Benchmark\Datasets\MTSD\Prepared\MTSD-Unaugmented\MTSD-YOLO\test\images\grp6_cebbcc7c-Screenshot_2025-12-05_141232.png,62.5,62.74,95.88,104.0,1.0,traffic sign,False,False,3349.7,mtsd-p12
Cosmos Reason2 8B,traffic sign,grp6_d2cebd4f-Screenshot_2025-12-05_145955.png,E:\2. UM-Student\MSC Dissertation\Urban-Vision-Benchmark\Datasets\MTSD\Prepared\MTSD-Unaugmented\MTSD-YOLO\test\images\grp6_d2cebd4f-Screenshot_2025-12-05_145955.png,72.36,29.13,160.66,91.98,1.0,traffic sign,False,False,3340.6,mtsd-p12
Cosmos Reason2 8B,traffic sign,grp6_d2cebd4f-Screenshot_2025-12-05_145955.png,E:\2. UM-Student\MSC Dissertation\Urban-Vision-Benchmark\Datasets\MTSD\Prepared\MTSD-Unaugmented\MTSD-YOLO\test\images\grp6_d2cebd4f-Screenshot_2025-12-05_145955.png,91.59,102.2,142.19,200.82,1.0,traffic sign,False,False,3340.6,mtsd-p12
Cosmos Reason2 8B,traffic sign,grp6_d33c21c3-IMG_6246.JPG,E:\2. UM-Student\MSC Dissertation\Urban-Vision-Benchmark\Datasets\MTSD\Prepared\MTSD-Unaugmented\MTSD-YOLO\test\images\grp6_d33c21c3-IMG_6246.JPG,641.09,931.39,1152.14,1979.71,1.0,traffic sign,False,False,3920.0,mtsd-p12
Cosmos Reason2 8B,traffic sign,grp6_d33c21c3-IMG_6246.JPG,E:\2. UM-Student\MSC Dissertation\Urban-Vision-Benchmark\Datasets\MTSD\Prepared\MTSD-Unaugmented\MTSD-YOLO\test\images\grp6_d33c21c3-IMG_6246.JPG,1593.65,874.94,2074.46,2036.16,1.0,traffic sign,False,False,3920.0,mtsd-p12
Cosmos Reason2 8B,traffic sign,grp6_e18d6d29-IMG_0313.JPG,E:\2. UM-Student\MSC Dissertation\Urban-Vision-Benchmark\Datasets\MTSD\Prepared\MTSD-Unaugmented\MTSD-YOLO\test\images\grp6_e18d6d29-IMG_0313.JPG,1173.31,1091.66,2306.3,2304.29,1.0,traffic sign,False,False,7409.9,mtsd-p12
Cosmos Reason2 8B,traffic sign,grp6_e18d6d29-IMG_0313.JPG,E:\2. UM-Student\MSC Dissertation\Urban-Vision-Benchmark\Datasets\MTSD\Prepared\MTSD-Unaugmented\MTSD-YOLO\test\images\grp6_e18d6d29-IMG_0313.JPG,2318.4,1158.19,3556.22,2328.48,1.0,traffic sign,False,False,7409.9,mtsd-p12
Cosmos Reason2 8B,traffic sign,grp6_e18d6d29-IMG_0313.JPG,E:\2. UM-Student\MSC Dissertation\Urban-Vision-Benchmark\Datasets\MTSD\Prepared\MTSD-Unaugmented\MTSD-YOLO\test\images\grp6_e18d6d29-IMG_0313.JPG,3407.04,2234.74,3644.93,2461.54,1.0,traffic sign,False,False,7409.9,mtsd-p12
Cosmos Reason2 8B,traffic sign,grp6_e18d6d29-IMG_0313.JPG,E:\2. UM-Student\MSC Dissertation\Urban-Vision-Benchmark\Datasets\MTSD\Prepared\MTSD-Unaugmented\MTSD-YOLO\test\images\grp6_e18d6d29-IMG_0313.JPG,3644.93,2249.86,3786.05,2479.68,1.0,traffic sign,False,False,7409.9,mtsd-p12
Cosmos Reason2 8B,traffic sign,grp6_e4194181-Screenshot_2025-12-05_124458.png,E:\2. UM-Student\MSC Dissertation\Urban-Vision-Benchmark\Datasets\MTSD\Prepared\MTSD-Unaugmented\MTSD-YOLO\test\images\grp6_e4194181-Screenshot_2025-12-05_124458.png,515.66,78.49,631.09,215.65,1.0,traffic sign,False,False,1897.7,mtsd-p12
Cosmos Reason2 8B,traffic sign,grp6_e4766ab1-Screenshot_2025-12-05_134942.png,E:\2. UM-Student\MSC Dissertation\Urban-Vision-Benchmark\Datasets\MTSD\Prepared\MTSD-Unaugmented\MTSD-YOLO\test\images\grp6_e4766ab1-Screenshot_2025-12-05_134942.png,173.44,0.0,261.21,69.89,1.0,traffic sign,False,False,1764.7,mtsd-p12
Cosmos Reason2 8B,traffic sign,grp6_ec035947-IMG_6142.JPG,E:\2. UM-Student\MSC Dissertation\Urban-Vision-Benchmark\Datasets\MTSD\Prepared\MTSD-Unaugmented\MTSD-YOLO\test\images\grp6_ec035947-IMG_6142.JPG,414.29,302.4,2555.28,2032.13,1.0,traffic sign,False,False,2339.4,mtsd-p12
Cosmos Reason2 8B,traffic sign,grp6_f6200360-IMG_6254.JPG,E:\2. UM-Student\MSC Dissertation\Urban-Vision-Benchmark\Datasets\MTSD\Prepared\MTSD-Unaugmented\MTSD-YOLO\test\images\grp6_f6200360-IMG_6254.JPG,1378.94,741.89,1769.04,2209.54,1.0,traffic sign,False,False,2388.6,mtsd-p12
Cosmos Reason2 8B,traffic sign,grp6_fb7a099a-Screenshot_2025-12-05_134245.png,E:\2. UM-Student\MSC Dissertation\Urban-Vision-Benchmark\Datasets\MTSD\Prepared\MTSD-Unaugmented\MTSD-YOLO\test\images\grp6_fb7a099a-Screenshot_2025-12-05_134245.png,81.74,37.84,149.01,178.19,1.0,traffic sign,False,False,1797.6,mtsd-p12
Cosmos Reason2 8B,traffic sign,grp7_01ba126c-IMG_1741.jpg,E:\2. UM-Student\MSC Dissertation\Urban-Vision-Benchmark\Datasets\MTSD\Prepared\MTSD-Unaugmented\MTSD-YOLO\test\images\grp7_01ba126c-IMG_1741.jpg,931.39,93.74,3419.14,2458.51,1.0,traffic sign,False,False,2360.2,mtsd-p12
Cosmos Reason2 8B,traffic sign,grp7_0c242d9c-IMG_1860.jpg,E:\2. UM-Student\MSC Dissertation\Urban-Vision-Benchmark\Datasets\MTSD\Prepared\MTSD-Unaugmented\MTSD-YOLO\test\images\grp7_0c242d9c-IMG_1860.jpg,1552.32,1288.22,4027.97,1527.12,1.0,traffic sign,False,False,2371.3,mtsd-p12
Cosmos Reason2 8B,traffic sign,grp7_0c807ae1-IMG_1804.jpg,E:\2. UM-Student\MSC Dissertation\Urban-Vision-Benchmark\Datasets\MTSD\Prepared\MTSD-Unaugmented\MTSD-YOLO\test\images\grp7_0c807ae1-IMG_1804.jpg,1245.89,145.15,3407.04,2776.03,1.0,traffic sign,False,False,3029.0,mtsd-p12
Cosmos Reason2 8B,traffic sign,grp7_0cc91b71-IMG_2114.JPG,E:\2. UM-Student\MSC Dissertation\Urban-Vision-Benchmark\Datasets\MTSD\Prepared\MTSD-Unaugmented\MTSD-YOLO\test\images\grp7_0cc91b71-IMG_2114.JPG,374.98,123.98,2983.68,2782.08,1.0,traffic sign,False,False,2331.6,mtsd-p12
Cosmos Reason2 8B,traffic sign,grp7_0d0b2421-20251215_151900.jpg,E:\2. UM-Student\MSC Dissertation\Urban-Vision-Benchmark\Datasets\MTSD\Prepared\MTSD-Unaugmented\MTSD-YOLO\test\images\grp7_0d0b2421-20251215_151900.jpg,,,,,,<no detections>,False,False,719.6,mtsd-p12
Cosmos Reason2 8B,traffic sign,grp7_133305c1-IMG_6701.jpeg,E:\2. UM-Student\MSC Dissertation\Urban-Vision-Benchmark\Datasets\MTSD\Prepared\MTSD-Unaugmented\MTSD-YOLO\test\images\grp7_133305c1-IMG_6701.jpeg,1097.71,1370.88,1270.08,1895.04,1.0,traffic sign,False,False,2394.3,mtsd-p12
Cosmos Reason2 8B,traffic sign,grp7_17ffbc31-IMG_6632.jpeg,E:\2. UM-Student\MSC Dissertation\Urban-Vision-Benchmark\Datasets\MTSD\Prepared\MTSD-Unaugmented\MTSD-YOLO\test\images\grp7_17ffbc31-IMG_6632.jpeg,1330.56,943.49,1460.59,1503.94,1.0,traffic sign,False,False,3855.0,mtsd-p12
Cosmos Reason2 8B,traffic sign,grp7_17ffbc31-IMG_6632.jpeg,E:\2. UM-Student\MSC Dissertation\Urban-Vision-Benchmark\Datasets\MTSD\Prepared\MTSD-Unaugmented\MTSD-YOLO\test\images\grp7_17ffbc31-IMG_6632.jpeg,1339.63,1439.42,1460.59,1669.25,1.0,traffic sign,False,False,3855.0,mtsd-p12
Cosmos Reason2 8B,traffic sign,grp7_18034905-IMG_6798.jpeg,E:\2. UM-Student\MSC Dissertation\Urban-Vision-Benchmark\Datasets\MTSD\Prepared\MTSD-Unaugmented\MTSD-YOLO\test\images\grp7_18034905-IMG_6798.jpeg,1297.3,1810.37,1384.99,2080.51,1.0,traffic sign,False,False,2397.4,mtsd-p12
Cosmos Reason2 8B,traffic sign,grp7_21763d41-IMG_1815.jpg,E:\2. UM-Student\MSC Dissertation\Urban-Vision-Benchmark\Datasets\MTSD\Prepared\MTSD-Unaugmented\MTSD-YOLO\test\images\grp7_21763d41-IMG_1815.jpg,1112.83,408.24,3576.38,2812.32,1.0,traffic sign,False,False,2380.7,mtsd-p12
Cosmos Reason2 8B,traffic sign,grp7_27403473-IMG_2301.JPG,E:\2. UM-Student\MSC Dissertation\Urban-Vision-Benchmark\Datasets\MTSD\Prepared\MTSD-Unaugmented\MTSD-YOLO\test\images\grp7_27403473-IMG_2301.JPG,923.33,1886.98,1141.06,2751.84,1.0,traffic sign,False,False,2408.1,mtsd-p12
Cosmos Reason2 8B,traffic sign,grp7_3199d5af-IMG_6619.jpeg,E:\2. UM-Student\MSC Dissertation\Urban-Vision-Benchmark\Datasets\MTSD\Prepared\MTSD-Unaugmented\MTSD-YOLO\test\images\grp7_3199d5af-IMG_6619.jpeg,1215.65,1346.69,1366.85,1971.65,1.0,traffic sign,False,False,6094.8,mtsd-p12
Cosmos Reason2 8B,traffic sign,grp7_3199d5af-IMG_6619.jpeg,E:\2. UM-Student\MSC Dissertation\Urban-Vision-Benchmark\Datasets\MTSD\Prepared\MTSD-Unaugmented\MTSD-YOLO\test\images\grp7_3199d5af-IMG_6619.jpeg,387.07,2132.93,508.03,2278.08,1.0,traffic sign,False,False,6094.8,mtsd-p12
Cosmos Reason2 8B,traffic sign,grp7_3199d5af-IMG_6619.jpeg,E:\2. UM-Student\MSC Dissertation\Urban-Vision-Benchmark\Datasets\MTSD\Prepared\MTSD-Unaugmented\MTSD-YOLO\test\images\grp7_3199d5af-IMG_6619.jpeg,1654.13,2177.28,1705.54,2245.82,1.0,traffic sign,False,False,6094.8,mtsd-p12
Cosmos Reason2 8B,traffic sign,grp7_3335816b-IMG_1863.jpg,E:\2. UM-Student\MSC Dissertation\Urban-Vision-Benchmark\Datasets\MTSD\Prepared\MTSD-Unaugmented\MTSD-YOLO\test\images\grp7_3335816b-IMG_1863.jpg,0.0,0.0,1322.5,1406.16,1.0,traffic sign,False,False,5120.8,mtsd-p12
Cosmos Reason2 8B,traffic sign,grp7_3335816b-IMG_1863.jpg,E:\2. UM-Student\MSC Dissertation\Urban-Vision-Benchmark\Datasets\MTSD\Prepared\MTSD-Unaugmented\MTSD-YOLO\test\images\grp7_3335816b-IMG_1863.jpg,1036.22,214.7,3076.42,2896.99,1.0,traffic sign,False,False,5120.8,mtsd-p12
Cosmos Reason2 8B,traffic sign,grp7_3335816b-IMG_1863.jpg,E:\2. UM-Student\MSC Dissertation\Urban-Vision-Benchmark\Datasets\MTSD\Prepared\MTSD-Unaugmented\MTSD-YOLO\test\images\grp7_3335816b-IMG_1863.jpg,2495.81,492.91,3806.21,2479.68,1.0,traffic sign,False,False,5120.8,mtsd-p12
Cosmos Reason2 8B,traffic sign,grp7_36174e45-IMG_6745.jpeg,E:\2. UM-Student\MSC Dissertation\Urban-Vision-Benchmark\Datasets\MTSD\Prepared\MTSD-Unaugmented\MTSD-YOLO\test\images\grp7_36174e45-IMG_6745.jpeg,1321.49,1467.65,1548.29,1959.55,1.0,traffic sign,False,False,2365.9,mtsd-p12
Cosmos Reason2 8B,traffic sign,grp7_3acb0651-IMG_1793.jpg,E:\2. UM-Student\MSC Dissertation\Urban-Vision-Benchmark\Datasets\MTSD\Prepared\MTSD-Unaugmented\MTSD-YOLO\test\images\grp7_3acb0651-IMG_1793.jpg,540.29,1430.35,3495.74,1766.02,1.0,traffic sign,False,False,2402.7,mtsd-p12
Cosmos Reason2 8B,traffic sign,grp7_3dfa77dc-20251215_142747.jpg,E:\2. UM-Student\MSC Dissertation\Urban-Vision-Benchmark\Datasets\MTSD\Prepared\MTSD-Unaugmented\MTSD-YOLO\test\images\grp7_3dfa77dc-20251215_142747.jpg,687.2,1112.83,1494.61,1891.01,1.0,traffic sign,False,False,2184.4,mtsd-p12
Cosmos Reason2 8B,traffic sign,grp7_40a131c0-20251215_144819.jpg,E:\2. UM-Student\MSC Dissertation\Urban-Vision-Benchmark\Datasets\MTSD\Prepared\MTSD-Unaugmented\MTSD-YOLO\test\images\grp7_40a131c0-20251215_144819.jpg,1054.62,1225.73,1113.59,2282.11,1.0,traffic sign,False,False,2196.8,mtsd-p12
Cosmos Reason2 8B,traffic sign,grp7_41dd064f-IMG_2332.JPG,E:\2. UM-Student\MSC Dissertation\Urban-Vision-Benchmark\Datasets\MTSD\Prepared\MTSD-Unaugmented\MTSD-YOLO\test\images\grp7_41dd064f-IMG_2332.JPG,1539.22,931.39,2020.03,1552.32,1.0,traffic sign,False,False,3853.5,mtsd-p12
Cosmos Reason2 8B,traffic sign,grp7_41dd064f-IMG_2332.JPG,E:\2. UM-Student\MSC Dissertation\Urban-Vision-Benchmark\Datasets\MTSD\Prepared\MTSD-Unaugmented\MTSD-YOLO\test\images\grp7_41dd064f-IMG_2332.JPG,2543.18,1447.49,2627.86,1568.45,1.0,traffic sign,False,False,3853.5,mtsd-p12
Cosmos Reason2 8B,traffic sign,grp7_46129e9c-IMG_6657.jpeg,E:\2. UM-Student\MSC Dissertation\Urban-Vision-Benchmark\Datasets\MTSD\Prepared\MTSD-Unaugmented\MTSD-YOLO\test\images\grp7_46129e9c-IMG_6657.jpeg,1143.07,1318.46,1436.4,1624.9,1.0,traffic sign,False,False,2372.8,mtsd-p12
Cosmos Reason2 8B,traffic sign,grp7_4c22ebaa-IMG_6807.jpeg,E:\2. UM-Student\MSC Dissertation\Urban-Vision-Benchmark\Datasets\MTSD\Prepared\MTSD-Unaugmented\MTSD-YOLO\test\images\grp7_4c22ebaa-IMG_6807.jpeg,1502.93,1971.65,1935.36,2471.62,1.0,traffic sign,False,False,3130.7,mtsd-p12
Cosmos Reason2 8B,traffic sign,grp7_4f01ce86-IMG_1927.jpg,E:\2. UM-Student\MSC Dissertation\Urban-Vision-Benchmark\Datasets\MTSD\Prepared\MTSD-Unaugmented\MTSD-YOLO\test\images\grp7_4f01ce86-IMG_1927.jpg,,,,,,<no detections>,False,False,912.9,mtsd-p12
Cosmos Reason2 8B,traffic sign,grp7_50fb19de-IMG_1779.jpg,E:\2. UM-Student\MSC Dissertation\Urban-Vision-Benchmark\Datasets\MTSD\Prepared\MTSD-Unaugmented\MTSD-YOLO\test\images\grp7_50fb19de-IMG_1779.jpg,778.18,1439.42,3790.08,1756.94,1.0,traffic sign,False,False,2388.0,mtsd-p12
Cosmos Reason2 8B,traffic sign,grp7_51efaffb-IMG_2323.JPG,E:\2. UM-Student\MSC Dissertation\Urban-Vision-Benchmark\Datasets\MTSD\Prepared\MTSD-Unaugmented\MTSD-YOLO\test\images\grp7_51efaffb-IMG_2323.JPG,1605.74,1608.77,1920.24,1955.52,1.0,traffic sign,False,False,2402.4,mtsd-p12
Cosmos Reason2 8B,traffic sign,grp7_55fe17bd-IMG_6660.jpeg,E:\2. UM-Student\MSC Dissertation\Urban-Vision-Benchmark\Datasets\MTSD\Prepared\MTSD-Unaugmented\MTSD-YOLO\test\images\grp7_55fe17bd-IMG_6660.jpeg,1254.96,1020.1,1614.82,1427.33,1.0,traffic sign,False,False,3878.5,mtsd-p12
Cosmos Reason2 8B,traffic sign,grp7_55fe17bd-IMG_6660.jpeg,E:\2. UM-Student\MSC Dissertation\Urban-Vision-Benchmark\Datasets\MTSD\Prepared\MTSD-Unaugmented\MTSD-YOLO\test\images\grp7_55fe17bd-IMG_6660.jpeg,2887.92,1600.7,2945.38,1697.47,1.0,traffic sign,False,False,3878.5,mtsd-p12
Cosmos Reason2 8B,traffic sign,grp7_579cc71b-IMG_1928.jpg,E:\2. UM-Student\MSC Dissertation\Urban-Vision-Benchmark\Datasets\MTSD\Prepared\MTSD-Unaugmented\MTSD-YOLO\test\images\grp7_579cc71b-IMG_1928.jpg,,,,,,<no detections>,False,False,920.9,mtsd-p12
Cosmos Reason2 8B,traffic sign,grp7_57ce1f54-20251215_150337.jpg,E:\2. UM-Student\MSC Dissertation\Urban-Vision-Benchmark\Datasets\MTSD\Prepared\MTSD-Unaugmented\MTSD-YOLO\test\images\grp7_57ce1f54-20251215_150337.jpg,1061.42,1100.74,1272.35,2072.45,1.0,traffic sign,False,False,2220.7,mtsd-p12
Cosmos Reason2 8B,traffic sign,grp7_5fe0adac-IMG_2351.JPG,E:\2. UM-Student\MSC Dissertation\Urban-Vision-Benchmark\Datasets\MTSD\Prepared\MTSD-Unaugmented\MTSD-YOLO\test\images\grp7_5fe0adac-IMG_2351.JPG,1094.69,975.74,1811.38,1778.11,1.0,traffic sign,False,False,2382.3,mtsd-p12
Cosmos Reason2 8B,traffic sign,grp7_65ce4c26-IMG_1752.jpg,E:\2. UM-Student\MSC Dissertation\Urban-Vision-Benchmark\Datasets\MTSD\Prepared\MTSD-Unaugmented\MTSD-YOLO\test\images\grp7_65ce4c26-IMG_1752.jpg,443.52,1303.34,2584.51,1823.47,1.0,traffic sign,False,False,4473.7,mtsd-p12
Cosmos Reason2 8B,traffic sign,grp7_65ce4c26-IMG_1752.jpg,E:\2. UM-Student\MSC Dissertation\Urban-Vision-Benchmark\Datasets\MTSD\Prepared\MTSD-Unaugmented\MTSD-YOLO\test\images\grp7_65ce4c26-IMG_1752.jpg,2278.08,1306.37,4027.97,1708.56,1.0,traffic sign,False,False,4473.7,mtsd-p12
Cosmos Reason2 8B,traffic sign,grp7_66312f27-IMG_1789.jpg,E:\2. UM-Student\MSC Dissertation\Urban-Vision-Benchmark\Datasets\MTSD\Prepared\MTSD-Unaugmented\MTSD-YOLO\test\images\grp7_66312f27-IMG_1789.jpg,943.49,1436.4,3870.72,1635.98,1.0,traffic sign,False,False,2396.4,mtsd-p12
Cosmos Reason2 8B,traffic sign,grp7_6dd51e97-IMG_6617.jpeg,E:\2. UM-Student\MSC Dissertation\Urban-Vision-Benchmark\Datasets\MTSD\Prepared\MTSD-Unaugmented\MTSD-YOLO\test\images\grp7_6dd51e97-IMG_6617.jpeg,1239.84,1499.9,1297.3,1794.24,1.0,traffic sign,False,False,2385.6,mtsd-p12
Cosmos Reason2 8B,traffic sign,grp7_70806c3a-20251206_161309.jpg,E:\2. UM-Student\MSC Dissertation\Urban-Vision-Benchmark\Datasets\MTSD\Prepared\MTSD-Unaugmented\MTSD-YOLO\test\images\grp7_70806c3a-20251206_161309.jpg,848.23,1193.47,1621.62,1915.2,1.0,traffic sign,False,False,2182.5,mtsd-p12
Cosmos Reason2 8B,traffic sign,grp7_81ace7bd-IMG_1823.jpg,E:\2. UM-Student\MSC Dissertation\Urban-Vision-Benchmark\Datasets\MTSD\Prepared\MTSD-Unaugmented\MTSD-YOLO\test\images\grp7_81ace7bd-IMG_1823.jpg,1665.22,692.5,3334.46,2794.18,1.0,traffic sign,False,False,2488.8,mtsd-p12
Cosmos Reason2 8B,traffic sign,grp7_85e21f65-IMG_1888.jpg,E:\2. UM-Student\MSC Dissertation\Urban-Vision-Benchmark\Datasets\MTSD\Prepared\MTSD-Unaugmented\MTSD-YOLO\test\images\grp7_85e21f65-IMG_1888.jpg,1544.26,783.22,2604.67,2763.94,1.0,traffic sign,False,False,2382.4,mtsd-p12
Cosmos Reason2 8B,traffic sign,grp7_87ab4012-IMG_1929.jpg,E:\2. UM-Student\MSC Dissertation\Urban-Vision-Benchmark\Datasets\MTSD\Prepared\MTSD-Unaugmented\MTSD-YOLO\test\images\grp7_87ab4012-IMG_1929.jpg,1842.62,139.1,3479.62,2343.6,1.0,traffic sign,False,False,2340.5,mtsd-p12
Cosmos Reason2 8B,traffic sign,grp7_897df19a-IMG_2311.JPG,E:\2. UM-Student\MSC Dissertation\Urban-Vision-Benchmark\Datasets\MTSD\Prepared\MTSD-Unaugmented\MTSD-YOLO\test\images\grp7_897df19a-IMG_2311.JPG,359.86,1923.26,492.91,2052.29,1.0,traffic sign,False,False,2383.2,mtsd-p12
Cosmos Reason2 8B,traffic sign,grp7_8a80058d-20251215_151420.jpg,E:\2. UM-Student\MSC Dissertation\Urban-Vision-Benchmark\Datasets\MTSD\Prepared\MTSD-Unaugmented\MTSD-YOLO\test\images\grp7_8a80058d-20251215_151420.jpg,943.49,1108.8,1297.3,1987.78,1.0,traffic sign,False,False,2811.6,mtsd-p12
Cosmos Reason2 8B,traffic sign,grp7_8b5130c3-IMG_1856.jpg,E:\2. UM-Student\MSC Dissertation\Urban-Vision-Benchmark\Datasets\MTSD\Prepared\MTSD-Unaugmented\MTSD-YOLO\test\images\grp7_8b5130c3-IMG_1856.jpg,,,,,,<no detections>,False,False,924.0,mtsd-p12
Cosmos Reason2 8B,traffic sign,grp7_8c70ced7-IMG_6778.jpeg,E:\2. UM-Student\MSC Dissertation\Urban-Vision-Benchmark\Datasets\MTSD\Prepared\MTSD-Unaugmented\MTSD-YOLO\test\images\grp7_8c70ced7-IMG_6778.jpeg,1182.38,1399.1,1533.17,1761.98,1.0,traffic sign,False,False,2387.8,mtsd-p12
Cosmos Reason2 8B,traffic sign,grp7_8e1e7992-IMG_6659.jpeg,E:\2. UM-Student\MSC Dissertation\Urban-Vision-Benchmark\Datasets\MTSD\Prepared\MTSD-Unaugmented\MTSD-YOLO\test\images\grp7_8e1e7992-IMG_6659.jpeg,1372.9,1173.31,1521.07,1653.12,1.0,traffic sign,False,False,8247.2,mtsd-p12
Cosmos Reason2 8B,traffic sign,grp7_8e1e7992-IMG_6659.jpeg,E:\2. UM-Student\MSC Dissertation\Urban-Vision-Benchmark\Datasets\MTSD\Prepared\MTSD-Unaugmented\MTSD-YOLO\test\images\grp7_8e1e7992-IMG_6659.jpeg,1744.85,1733.76,1847.66,1882.94,1.0,traffic sign,False,False,8247.2,mtsd-p12
Cosmos Reason2 8B,traffic sign,grp7_8e1e7992-IMG_6659.jpeg,E:\2. UM-Student\MSC Dissertation\Urban-Vision-Benchmark\Datasets\MTSD\Prepared\MTSD-Unaugmented\MTSD-YOLO\test\images\grp7_8e1e7992-IMG_6659.jpeg,2068.42,1810.37,2144.02,1907.14,1.0,traffic sign,False,False,8247.2,mtsd-p12
Cosmos Reason2 8B,traffic sign,grp7_8e1e7992-IMG_6659.jpeg,E:\2. UM-Student\MSC Dissertation\Urban-Vision-Benchmark\Datasets\MTSD\Prepared\MTSD-Unaugmented\MTSD-YOLO\test\images\grp7_8e1e7992-IMG_6659.jpeg,1992.82,1834.56,2041.2,1907.14,1.0,traffic sign,False,False,8247.2,mtsd-p12
Cosmos Reason2 8B,traffic sign,grp7_8e1e7992-IMG_6659.jpeg,E:\2. UM-Student\MSC Dissertation\Urban-Vision-Benchmark\Datasets\MTSD\Prepared\MTSD-Unaugmented\MTSD-YOLO\test\images\grp7_8e1e7992-IMG_6659.jpeg,2068.42,1907.14,2165.18,2036.16,1.0,traffic sign,False,False,8247.2,mtsd-p12
Cosmos Reason2 8B,traffic sign,grp7_90de2b4a-IMG_6620.jpeg,E:\2. UM-Student\MSC Dissertation\Urban-Vision-Benchmark\Datasets\MTSD\Prepared\MTSD-Unaugmented\MTSD-YOLO\test\images\grp7_90de2b4a-IMG_6620.jpeg,1085.62,1008.0,1560.38,1673.28,1.0,traffic sign,False,False,5299.0,mtsd-p12
Cosmos Reason2 8B,traffic sign,grp7_90de2b4a-IMG_6620.jpeg,E:\2. UM-Student\MSC Dissertation\Urban-Vision-Benchmark\Datasets\MTSD\Prepared\MTSD-Unaugmented\MTSD-YOLO\test\images\grp7_90de2b4a-IMG_6620.jpeg,1708.56,1649.09,1766.02,1822.46,1.0,traffic sign,False,False,5299.0,mtsd-p12
Cosmos Reason2 8B,traffic sign,grp7_90de2b4a-IMG_6620.jpeg,E:\2. UM-Student\MSC Dissertation\Urban-Vision-Benchmark\Datasets\MTSD\Prepared\MTSD-Unaugmented\MTSD-YOLO\test\images\grp7_90de2b4a-IMG_6620.jpeg,275.18,1814.4,371.95,1955.52,1.0,traffic sign,False,False,5299.0,mtsd-p12
Cosmos Reason2 8B,traffic sign,grp7_917e5bd8-IMG_2117.JPG,E:\2. UM-Student\MSC Dissertation\Urban-Vision-Benchmark\Datasets\MTSD\Prepared\MTSD-Unaugmented\MTSD-YOLO\test\images\grp7_917e5bd8-IMG_2117.JPG,1032.19,184.46,3592.51,2760.91,1.0,traffic sign,False,False,2348.2,mtsd-p12
Cosmos Reason2 8B,traffic sign,grp7_93d54be7-IMG_6607.jpeg,E:\2. UM-Student\MSC Dissertation\Urban-Vision-Benchmark\Datasets\MTSD\Prepared\MTSD-Unaugmented\MTSD-YOLO\test\images\grp7_93d54be7-IMG_6607.jpeg,1000.94,1217.66,1097.71,1552.32,1.0,traffic sign,False,False,3871.6,mtsd-p12
Cosmos Reason2 8B,traffic sign,grp7_93d54be7-IMG_6607.jpeg,E:\2. UM-Student\MSC Dissertation\Urban-Vision-Benchmark\Datasets\MTSD\Prepared\MTSD-Unaugmented\MTSD-YOLO\test\images\grp7_93d54be7-IMG_6607.jpeg,1197.5,1415.23,1309.39,1608.77,1.0,traffic sign,False,False,3871.6,mtsd-p12
Cosmos Reason2 8B,traffic sign,grp7_998eacf2-IMG_6613.jpeg,E:\2. UM-Student\MSC Dissertation\Urban-Vision-Benchmark\Datasets\MTSD\Prepared\MTSD-Unaugmented\MTSD-YOLO\test\images\grp7_998eacf2-IMG_6613.jpeg,1575.5,1338.62,1663.2,1632.96,1.0,traffic sign,False,False,2384.7,mtsd-p12
Cosmos Reason2 8B,traffic sign,grp7_9ceccc7e-IMG_2183.JPG,E:\2. UM-Student\MSC Dissertation\Urban-Vision-Benchmark\Datasets\MTSD\Prepared\MTSD-Unaugmented\MTSD-YOLO\test\images\grp7_9ceccc7e-IMG_2183.JPG,161.28,701.57,1411.2,2080.51,1.0,traffic sign,False,False,5956.2,mtsd-p12
Cosmos Reason2 8B,traffic sign,grp7_9ceccc7e-IMG_2183.JPG,E:\2. UM-Student\MSC Dissertation\Urban-Vision-Benchmark\Datasets\MTSD\Prepared\MTSD-Unaugmented\MTSD-YOLO\test\images\grp7_9ceccc7e-IMG_2183.JPG,1411.2,707.62,2774.02,2116.8,1.0,traffic sign,False,False,5956.2,mtsd-p12
Cosmos Reason2 8B,traffic sign,grp7_9ceccc7e-IMG_2183.JPG,E:\2. UM-Student\MSC Dissertation\Urban-Vision-Benchmark\Datasets\MTSD\Prepared\MTSD-Unaugmented\MTSD-YOLO\test\images\grp7_9ceccc7e-IMG_2183.JPG,2774.02,1254.96,3697.34,1657.15,1.0,traffic sign,False,False,5956.2,mtsd-p12
Cosmos Reason2 8B,traffic sign,grp7_a685cd57-IMG_2291.JPG,E:\2. UM-Student\MSC Dissertation\Urban-Vision-Benchmark\Datasets\MTSD\Prepared\MTSD-Unaugmented\MTSD-YOLO\test\images\grp7_a685cd57-IMG_2291.JPG,1684.37,1616.83,1723.68,2016.0,1.0,traffic sign,False,False,2383.4,mtsd-p12
Cosmos Reason2 8B,traffic sign,grp7_ab2ec440-IMG_2148.JPG,E:\2. UM-Student\MSC Dissertation\Urban-Vision-Benchmark\Datasets\MTSD\Prepared\MTSD-Unaugmented\MTSD-YOLO\test\images\grp7_ab2ec440-IMG_2148.JPG,,,,,,<no detections>,False,False,916.9,mtsd-p12
Cosmos Reason2 8B,traffic sign,grp7_b1489edd-IMG_1891.jpg,E:\2. UM-Student\MSC Dissertation\Urban-Vision-Benchmark\Datasets\MTSD\Prepared\MTSD-Unaugmented\MTSD-YOLO\test\images\grp7_b1489edd-IMG_1891.jpg,927.36,1403.14,3479.62,1684.37,1.0,traffic sign,False,False,2444.9,mtsd-p12
Cosmos Reason2 8B,traffic sign,grp7_b3afe886-IMG_1875.jpg,E:\2. UM-Student\MSC Dissertation\Urban-Vision-Benchmark\Datasets\MTSD\Prepared\MTSD-Unaugmented\MTSD-YOLO\test\images\grp7_b3afe886-IMG_1875.jpg,,,,,,<no detections>,False,False,948.8,mtsd-p12
Cosmos Reason2 8B,traffic sign,grp7_b45f5f31-IMG_2274.JPG,E:\2. UM-Student\MSC Dissertation\Urban-Vision-Benchmark\Datasets\MTSD\Prepared\MTSD-Unaugmented\MTSD-YOLO\test\images\grp7_b45f5f31-IMG_2274.JPG,1040.26,1052.35,1493.86,1536.19,1.0,traffic sign,False,False,3841.6,mtsd-p12
Cosmos Reason2 8B,traffic sign,grp7_b45f5f31-IMG_2274.JPG,E:\2. UM-Student\MSC Dissertation\Urban-Vision-Benchmark\Datasets\MTSD\Prepared\MTSD-Unaugmented\MTSD-YOLO\test\images\grp7_b45f5f31-IMG_2274.JPG,1052.35,1520.06,1502.93,1979.71,1.0,traffic sign,False,False,3841.6,mtsd-p12
Cosmos Reason2 8B,traffic sign,grp7_b552bf33-20251215_150109.jpg,E:\2. UM-Student\MSC Dissertation\Urban-Vision-Benchmark\Datasets\MTSD\Prepared\MTSD-Unaugmented\MTSD-YOLO\test\images\grp7_b552bf33-20251215_150109.jpg,1013.8,1044.29,1186.16,1935.36,1.0,traffic sign,False,False,2299.0,mtsd-p12
Cosmos Reason2 8B,traffic sign,grp7_b65b2b8e-20251215_143141.jpg,E:\2. UM-Student\MSC Dissertation\Urban-Vision-Benchmark\Datasets\MTSD\Prepared\MTSD-Unaugmented\MTSD-YOLO\test\images\grp7_b65b2b8e-20251215_143141.jpg,798.34,1016.06,1635.23,1423.3,1.0,traffic sign,False,False,2212.2,mtsd-p12
Cosmos Reason2 8B,traffic sign,grp7_bd29943d-IMG_1733.jpg,E:\2. UM-Student\MSC Dissertation\Urban-Vision-Benchmark\Datasets\MTSD\Prepared\MTSD-Unaugmented\MTSD-YOLO\test\images\grp7_bd29943d-IMG_1733.jpg,1467.65,1106.78,3765.89,1273.1,1.0,traffic sign,False,False,3001.4,mtsd-p12
Cosmos Reason2 8B,traffic sign,grp7_c1a8ff54-IMG_1721.jpg,E:\2. UM-Student\MSC Dissertation\Urban-Vision-Benchmark\Datasets\MTSD\Prepared\MTSD-Unaugmented\MTSD-YOLO\test\images\grp7_c1a8ff54-IMG_1721.jpg,1044.29,293.33,3475.58,3020.98,1.0,traffic sign,False,False,2337.2,mtsd-p12
Cosmos Reason2 8B,traffic sign,grp7_c1d05649-IMG_2109.JPG,E:\2. UM-Student\MSC Dissertation\Urban-Vision-Benchmark\Datasets\MTSD\Prepared\MTSD-Unaugmented\MTSD-YOLO\test\images\grp7_c1d05649-IMG_2109.JPG,455.62,293.33,2834.5,2791.15,1.0,traffic sign,False,False,2322.8,mtsd-p12
Cosmos Reason2 8B,traffic sign,grp7_c1e32eff-IMG_1769.jpg,E:\2. UM-Student\MSC Dissertation\Urban-Vision-Benchmark\Datasets\MTSD\Prepared\MTSD-Unaugmented\MTSD-YOLO\test\images\grp7_c1e32eff-IMG_1769.jpg,1999.87,2736.72,2366.78,3020.98,1.0,traffic sign,False,False,2381.0,mtsd-p12
Cosmos Reason2 8B,traffic sign,grp7_c21d51bf-IMG_6622.jpeg,E:\2. UM-Student\MSC Dissertation\Urban-Vision-Benchmark\Datasets\MTSD\Prepared\MTSD-Unaugmented\MTSD-YOLO\test\images\grp7_c21d51bf-IMG_6622.jpeg,1209.6,943.49,1711.58,1576.51,1.0,traffic sign,False,False,6764.8,mtsd-p12
Cosmos Reason2 8B,traffic sign,grp7_c21d51bf-IMG_6622.jpeg,E:\2. UM-Student\MSC Dissertation\Urban-Vision-Benchmark\Datasets\MTSD\Prepared\MTSD-Unaugmented\MTSD-YOLO\test\images\grp7_c21d51bf-IMG_6622.jpeg,1006.99,1741.82,1055.38,1794.24,1.0,traffic sign,False,False,6764.8,mtsd-p12
Cosmos Reason2 8B,traffic sign,grp7_c21d51bf-IMG_6622.jpeg,E:\2. UM-Student\MSC Dissertation\Urban-Vision-Benchmark\Datasets\MTSD\Prepared\MTSD-Unaugmented\MTSD-YOLO\test\images\grp7_c21d51bf-IMG_6622.jpeg,1079.57,1757.95,1112.83,1814.4,1.0,traffic sign,False,False,6764.8,mtsd-p12
Cosmos Reason2 8B,traffic sign,grp7_c21d51bf-IMG_6622.jpeg,E:\2. UM-Student\MSC Dissertation\Urban-Vision-Benchmark\Datasets\MTSD\Prepared\MTSD-Unaugmented\MTSD-YOLO\test\images\grp7_c21d51bf-IMG_6622.jpeg,1799.28,1782.14,1853.71,1854.72,1.0,traffic sign,False,False,6764.8,mtsd-p12
Cosmos Reason2 8B,traffic sign,grp7_c3ab6f98-IMG_2186.JPG,E:\2. UM-Student\MSC Dissertation\Urban-Vision-Benchmark\Datasets\MTSD\Prepared\MTSD-Unaugmented\MTSD-YOLO\test\images\grp7_c3ab6f98-IMG_2186.JPG,608.83,99.79,3237.7,2872.8,1.0,traffic sign,False,False,2337.2,mtsd-p12
Cosmos Reason2 8B,traffic sign,grp7_cddeeb7f-IMG_6636.jpeg,E:\2. UM-Student\MSC Dissertation\Urban-Vision-Benchmark\Datasets\MTSD\Prepared\MTSD-Unaugmented\MTSD-YOLO\test\images\grp7_cddeeb7f-IMG_6636.jpeg,1254.96,1415.23,1427.33,1600.7,1.0,traffic sign,False,False,3863.5,mtsd-p12
Cosmos Reason2 8B,traffic sign,grp7_cddeeb7f-IMG_6636.jpeg,E:\2. UM-Student\MSC Dissertation\Urban-Vision-Benchmark\Datasets\MTSD\Prepared\MTSD-Unaugmented\MTSD-YOLO\test\images\grp7_cddeeb7f-IMG_6636.jpeg,1248.91,1858.75,1300.32,1935.36,1.0,traffic sign,False,False,3863.5,mtsd-p12
Cosmos Reason2 8B,traffic sign,grp7_d36e330f-20251215_150902.jpg,E:\2. UM-Student\MSC Dissertation\Urban-Vision-Benchmark\Datasets\MTSD\Prepared\MTSD-Unaugmented\MTSD-YOLO\test\images\grp7_d36e330f-20251215_150902.jpg,737.1,1088.64,1664.71,1939.39,1.0,traffic sign,False,False,2199.8,mtsd-p12
Cosmos Reason2 8B,traffic sign,grp7_d5464bd2-IMG_6729.jpeg,E:\2. UM-Student\MSC Dissertation\Urban-Vision-Benchmark\Datasets\MTSD\Prepared\MTSD-Unaugmented\MTSD-YOLO\test\images\grp7_d5464bd2-IMG_6729.jpeg,1648.08,1427.33,1886.98,2024.06,1.0,traffic sign,False,False,7422.1,mtsd-p12
Cosmos Reason2 8B,traffic sign,grp7_d5464bd2-IMG_6729.jpeg,E:\2. UM-Student\MSC Dissertation\Urban-Vision-Benchmark\Datasets\MTSD\Prepared\MTSD-Unaugmented\MTSD-YOLO\test\images\grp7_d5464bd2-IMG_6729.jpeg,2621.81,2100.67,2688.34,2193.41,1.0,traffic sign,False,False,7422.1,mtsd-p12
Cosmos Reason2 8B,traffic sign,grp7_d5464bd2-IMG_6729.jpeg,E:\2. UM-Student\MSC Dissertation\Urban-Vision-Benchmark\Datasets\MTSD\Prepared\MTSD-Unaugmented\MTSD-YOLO\test\images\grp7_d5464bd2-IMG_6729.jpeg,2884.9,2104.7,2927.23,2189.38,1.0,traffic sign,False,False,7422.1,mtsd-p12
Cosmos Reason2 8B,traffic sign,grp7_d5464bd2-IMG_6729.jpeg,E:\2. UM-Student\MSC Dissertation\Urban-Vision-Benchmark\Datasets\MTSD\Prepared\MTSD-Unaugmented\MTSD-YOLO\test\images\grp7_d5464bd2-IMG_6729.jpeg,2621.81,2181.31,2688.34,2245.82,1.0,traffic sign,False,False,7422.1,mtsd-p12
Cosmos Reason2 8B,traffic sign,grp7_d7ded33c-IMG_6742.jpeg,E:\2. UM-Student\MSC Dissertation\Urban-Vision-Benchmark\Datasets\MTSD\Prepared\MTSD-Unaugmented\MTSD-YOLO\test\images\grp7_d7ded33c-IMG_6742.jpeg,1215.65,1443.46,1635.98,1866.82,1.0,traffic sign,False,False,6783.3,mtsd-p12
Cosmos Reason2 8B,traffic sign,grp7_d7ded33c-IMG_6742.jpeg,E:\2. UM-Student\MSC Dissertation\Urban-Vision-Benchmark\Datasets\MTSD\Prepared\MTSD-Unaugmented\MTSD-YOLO\test\images\grp7_d7ded33c-IMG_6742.jpeg,1218.67,1842.62,1602.72,2120.83,1.0,traffic sign,False,False,6783.3,mtsd-p12
Cosmos Reason2 8B,traffic sign,grp7_d7ded33c-IMG_6742.jpeg,E:\2. UM-Student\MSC Dissertation\Urban-Vision-Benchmark\Datasets\MTSD\Prepared\MTSD-Unaugmented\MTSD-YOLO\test\images\grp7_d7ded33c-IMG_6742.jpeg,1859.76,2076.48,1914.19,2177.28,1.0,traffic sign,False,False,6783.3,mtsd-p12
Cosmos Reason2 8B,traffic sign,grp7_d7ded33c-IMG_6742.jpeg,E:\2. UM-Student\MSC Dissertation\Urban-Vision-Benchmark\Datasets\MTSD\Prepared\MTSD-Unaugmented\MTSD-YOLO\test\images\grp7_d7ded33c-IMG_6742.jpeg,1862.78,2149.06,1886.98,2193.41,1.0,traffic sign,False,False,6783.3,mtsd-p12
Cosmos Reason2 8B,traffic sign,grp7_db87303d-20251215_144613.jpg,E:\2. UM-Student\MSC Dissertation\Urban-Vision-Benchmark\Datasets\MTSD\Prepared\MTSD-Unaugmented\MTSD-YOLO\test\images\grp7_db87303d-20251215_144613.jpg,1079.57,737.86,1199.77,2048.26,1.0,traffic sign,False,False,3660.8,mtsd-p12
Cosmos Reason2 8B,traffic sign,grp7_db87303d-20251215_144613.jpg,E:\2. UM-Student\MSC Dissertation\Urban-Vision-Benchmark\Datasets\MTSD\Prepared\MTSD-Unaugmented\MTSD-YOLO\test\images\grp7_db87303d-20251215_144613.jpg,1183.9,2120.83,1642.03,3205.44,1.0,traffic sign,False,False,3660.8,mtsd-p12
Cosmos Reason2 8B,traffic sign,grp7_dfd0a665-IMG_2360.JPG,E:\2. UM-Student\MSC Dissertation\Urban-Vision-Benchmark\Datasets\MTSD\Prepared\MTSD-Unaugmented\MTSD-YOLO\test\images\grp7_dfd0a665-IMG_2360.JPG,529.2,2229.7,583.63,2282.11,1.0,traffic sign,False,False,3864.3,mtsd-p12
Cosmos Reason2 8B,traffic sign,grp7_dfd0a665-IMG_2360.JPG,E:\2. UM-Student\MSC Dissertation\Urban-Vision-Benchmark\Datasets\MTSD\Prepared\MTSD-Unaugmented\MTSD-YOLO\test\images\grp7_dfd0a665-IMG_2360.JPG,976.75,2282.11,1003.97,2334.53,1.0,traffic sign,False,False,3864.3,mtsd-p12
Cosmos Reason2 8B,traffic sign,grp7_e16f743b-IMG_1838.jpg,E:\2. UM-Student\MSC Dissertation\Urban-Vision-Benchmark\Datasets\MTSD\Prepared\MTSD-Unaugmented\MTSD-YOLO\test\images\grp7_e16f743b-IMG_1838.jpg,919.3,1460.59,3644.93,1753.92,1.0,traffic sign,False,False,2395.0,mtsd-p12
Cosmos Reason2 8B,traffic sign,grp7_ef1c0521-IMG_1930.jpg,E:\2. UM-Student\MSC Dissertation\Urban-Vision-Benchmark\Datasets\MTSD\Prepared\MTSD-Unaugmented\MTSD-YOLO\test\images\grp7_ef1c0521-IMG_1930.jpg,,,,,,<no detections>,False,False,915.0,mtsd-p12
Cosmos Reason2 8B,traffic sign,grp7_ef873d66-20251215_143818.jpg,E:\2. UM-Student\MSC Dissertation\Urban-Vision-Benchmark\Datasets\MTSD\Prepared\MTSD-Unaugmented\MTSD-YOLO\test\images\grp7_ef873d66-20251215_143818.jpg,943.49,1181.38,1134.0,1979.71,1.0,traffic sign,False,False,3669.1,mtsd-p12
Cosmos Reason2 8B,traffic sign,grp7_ef873d66-20251215_143818.jpg,E:\2. UM-Student\MSC Dissertation\Urban-Vision-Benchmark\Datasets\MTSD\Prepared\MTSD-Unaugmented\MTSD-YOLO\test\images\grp7_ef873d66-20251215_143818.jpg,1603.48,2278.08,1968.62,2657.09,1.0,traffic sign,False,False,3669.1,mtsd-p12
Cosmos Reason2 8B,traffic sign,grp7_f5c11235-IMG_2319.JPG,E:\2. UM-Student\MSC Dissertation\Urban-Vision-Benchmark\Datasets\MTSD\Prepared\MTSD-Unaugmented\MTSD-YOLO\test\images\grp7_f5c11235-IMG_2319.JPG,1536.19,771.12,1810.37,895.1,1.0,traffic sign,False,False,3872.3,mtsd-p12
Cosmos Reason2 8B,traffic sign,grp7_f5c11235-IMG_2319.JPG,E:\2. UM-Student\MSC Dissertation\Urban-Vision-Benchmark\Datasets\MTSD\Prepared\MTSD-Unaugmented\MTSD-YOLO\test\images\grp7_f5c11235-IMG_2319.JPG,2052.29,2742.77,2181.31,2794.18,1.0,traffic sign,False,False,3872.3,mtsd-p12
Cosmos Reason2 8B,traffic sign,grp7_f6c47dc2-IMG_2182.JPG,E:\2. UM-Student\MSC Dissertation\Urban-Vision-Benchmark\Datasets\MTSD\Prepared\MTSD-Unaugmented\MTSD-YOLO\test\images\grp7_f6c47dc2-IMG_2182.JPG,1536.19,1490.83,2870.78,1732.75,1.0,traffic sign,False,False,3073.2,mtsd-p12
Cosmos Reason2 8B,traffic sign,grp7_f74b48d8-IMG_1768.jpg,E:\2. UM-Student\MSC Dissertation\Urban-Vision-Benchmark\Datasets\MTSD\Prepared\MTSD-Unaugmented\MTSD-YOLO\test\images\grp7_f74b48d8-IMG_1768.jpg,1528.13,6.05,3669.12,2791.15,1.0,traffic sign,False,False,2305.0,mtsd-p12
Cosmos Reason2 8B,traffic sign,grp7_f7f0f5bb-IMG_6628.jpeg,E:\2. UM-Student\MSC Dissertation\Urban-Vision-Benchmark\Datasets\MTSD\Prepared\MTSD-Unaugmented\MTSD-YOLO\test\images\grp7_f7f0f5bb-IMG_6628.jpeg,1233.79,1080.58,1714.61,1608.77,1.0,traffic sign,False,False,2403.0,mtsd-p12
Cosmos Reason2 8B,traffic sign,grp7_fb3a590f-IMG_6793.jpeg,E:\2. UM-Student\MSC Dissertation\Urban-Vision-Benchmark\Datasets\MTSD\Prepared\MTSD-Unaugmented\MTSD-YOLO\test\images\grp7_fb3a590f-IMG_6793.jpeg,1282.18,1552.32,1654.13,1931.33,1.0,traffic sign,False,False,5360.2,mtsd-p12
Cosmos Reason2 8B,traffic sign,grp7_fb3a590f-IMG_6793.jpeg,E:\2. UM-Student\MSC Dissertation\Urban-Vision-Benchmark\Datasets\MTSD\Prepared\MTSD-Unaugmented\MTSD-YOLO\test\images\grp7_fb3a590f-IMG_6793.jpeg,1031.18,1907.14,1118.88,2052.29,1.0,traffic sign,False,False,5360.2,mtsd-p12
Cosmos Reason2 8B,traffic sign,grp7_fb3a590f-IMG_6793.jpeg,E:\2. UM-Student\MSC Dissertation\Urban-Vision-Benchmark\Datasets\MTSD\Prepared\MTSD-Unaugmented\MTSD-YOLO\test\images\grp7_fb3a590f-IMG_6793.jpeg,2271.02,2161.15,2331.5,2298.24,1.0,traffic sign,False,False,5360.2,mtsd-p12
Cosmos Reason2 8B,traffic sign,grp7_ffcca6e4-IMG_6603.jpeg,E:\2. UM-Student\MSC Dissertation\Urban-Vision-Benchmark\Datasets\MTSD\Prepared\MTSD-Unaugmented\MTSD-YOLO\test\images\grp7_ffcca6e4-IMG_6603.jpeg,1430.35,1842.62,1735.78,2185.34,1.0,traffic sign,False,False,2386.9,mtsd-p12
Cosmos Reason2 8B,traffic sign,grp8_04258956-back.jpg,E:\2. UM-Student\MSC Dissertation\Urban-Vision-Benchmark\Datasets\MTSD\Prepared\MTSD-Unaugmented\MTSD-YOLO\test\images\grp8_04258956-back.jpg,1507.97,883.01,2326.46,1608.77,1.0,traffic sign,False,False,3897.4,mtsd-p12
Cosmos Reason2 8B,traffic sign,grp8_04258956-back.jpg,E:\2. UM-Student\MSC Dissertation\Urban-Vision-Benchmark\Datasets\MTSD\Prepared\MTSD-Unaugmented\MTSD-YOLO\test\images\grp8_04258956-back.jpg,1717.63,1388.02,2016.0,2144.02,1.0,traffic sign,False,False,3897.4,mtsd-p12
Cosmos Reason2 8B,traffic sign,grp8_0487e0f7-front.jpg,E:\2. UM-Student\MSC Dissertation\Urban-Vision-Benchmark\Datasets\MTSD\Prepared\MTSD-Unaugmented\MTSD-YOLO\test\images\grp8_0487e0f7-front.jpg,1407.17,698.54,2540.16,1778.11,1.0,traffic sign,False,False,2415.5,mtsd-p12
Cosmos Reason2 8B,traffic sign,grp8_06980edd-front.jpg,E:\2. UM-Student\MSC Dissertation\Urban-Vision-Benchmark\Datasets\MTSD\Prepared\MTSD-Unaugmented\MTSD-YOLO\test\images\grp8_06980edd-front.jpg,1334.59,898.13,2612.74,2104.7,1.0,traffic sign,False,False,15854.7,mtsd-p12
Cosmos Reason2 8B,traffic sign,grp8_06980edd-front.jpg,E:\2. UM-Student\MSC Dissertation\Urban-Vision-Benchmark\Datasets\MTSD\Prepared\MTSD-Unaugmented\MTSD-YOLO\test\images\grp8_06980edd-front.jpg,3245.76,2391.98,3334.46,2543.18,1.0,traffic sign,False,False,15854.7,mtsd-p12
Cosmos Reason2 8B,traffic sign,grp8_06980edd-front.jpg,E:\2. UM-Student\MSC Dissertation\Urban-Vision-Benchmark\Datasets\MTSD\Prepared\MTSD-Unaugmented\MTSD-YOLO\test\images\grp8_06980edd-front.jpg,3713.47,2425.25,3782.02,2600.64,1.0,traffic sign,False,False,15854.7,mtsd-p12
Cosmos Reason2 8B,traffic sign,grp8_06980edd-front.jpg,E:\2. UM-Student\MSC Dissertation\Urban-Vision-Benchmark\Datasets\MTSD\Prepared\MTSD-Unaugmented\MTSD-YOLO\test\images\grp8_06980edd-front.jpg,2786.11,2497.82,2866.75,2603.66,1.0,traffic sign,False,False,15854.7,mtsd-p12
Cosmos Reason2 8B,traffic sign,grp8_06980edd-front.jpg,E:\2. UM-Student\MSC Dissertation\Urban-Vision-Benchmark\Datasets\MTSD\Prepared\MTSD-Unaugmented\MTSD-YOLO\test\images\grp8_06980edd-front.jpg,1721.66,2528.06,1798.27,2621.81,1.0,traffic sign,False,False,15854.7,mtsd-p12
Cosmos Reason2 8B,traffic sign,grp8_06980edd-front.jpg,E:\2. UM-Student\MSC Dissertation\Urban-Vision-Benchmark\Datasets\MTSD\Prepared\MTSD-Unaugmented\MTSD-YOLO\test\images\grp8_06980edd-front.jpg,3161.09,2528.06,3213.5,2603.66,1.0,traffic sign,False,False,15854.7,mtsd-p12
Cosmos Reason2 8B,traffic sign,grp8_06980edd-front.jpg,E:\2. UM-Student\MSC Dissertation\Urban-Vision-Benchmark\Datasets\MTSD\Prepared\MTSD-Unaugmented\MTSD-YOLO\test\images\grp8_06980edd-front.jpg,2092.61,2591.57,2140.99,2661.12,1.0,traffic sign,False,False,15854.7,mtsd-p12
Cosmos Reason2 8B,traffic sign,grp8_06980edd-front.jpg,E:\2. UM-Student\MSC Dissertation\Urban-Vision-Benchmark\Datasets\MTSD\Prepared\MTSD-Unaugmented\MTSD-YOLO\test\images\grp8_06980edd-front.jpg,2326.46,2606.69,2374.85,2688.34,1.0,traffic sign,False,False,15854.7,mtsd-p12
Cosmos Reason2 8B,traffic sign,grp8_06980edd-front.jpg,E:\2. UM-Student\MSC Dissertation\Urban-Vision-Benchmark\Datasets\MTSD\Prepared\MTSD-Unaugmented\MTSD-YOLO\test\images\grp8_06980edd-front.jpg,2556.29,2609.71,2592.58,2646.0,1.0,traffic sign,False,False,15854.7,mtsd-p12
Cosmos Reason2 8B,traffic sign,grp8_06980edd-front.jpg,E:\2. UM-Student\MSC Dissertation\Urban-Vision-Benchmark\Datasets\MTSD\Prepared\MTSD-Unaugmented\MTSD-YOLO\test\images\grp8_06980edd-front.jpg,2556.29,2633.9,2592.58,2661.12,1.0,traffic sign,False,False,15854.7,mtsd-p12
Cosmos Reason2 8B,traffic sign,grp8_0ce3445a-front.jpg,E:\2. UM-Student\MSC Dissertation\Urban-Vision-Benchmark\Datasets\MTSD\Prepared\MTSD-Unaugmented\MTSD-YOLO\test\images\grp8_0ce3445a-front.jpg,804.0,2984.0,855.0,3056.0,1.0,traffic sign,False,False,3048.4,mtsd-p12
Cosmos Reason2 8B,traffic sign,grp8_0d18b07a-IMG_0224.JPG,E:\2. UM-Student\MSC Dissertation\Urban-Vision-Benchmark\Datasets\MTSD\Prepared\MTSD-Unaugmented\MTSD-YOLO\test\images\grp8_0d18b07a-IMG_0224.JPG,1290.91,1949.22,4004.11,2990.23,1.0,traffic sign,False,False,2504.4,mtsd-p12
Cosmos Reason2 8B,traffic sign,grp8_1023d97f-front.jpg,E:\2. UM-Student\MSC Dissertation\Urban-Vision-Benchmark\Datasets\MTSD\Prepared\MTSD-Unaugmented\MTSD-YOLO\test\images\grp8_1023d97f-front.jpg,1181.38,904.18,2761.92,2422.22,1.0,traffic sign,False,False,6773.4,mtsd-p12
Cosmos Reason2 8B,traffic sign,grp8_1023d97f-front.jpg,E:\2. UM-Student\MSC Dissertation\Urban-Vision-Benchmark\Datasets\MTSD\Prepared\MTSD-Unaugmented\MTSD-YOLO\test\images\grp8_1023d97f-front.jpg,1524.1,0.0,2657.09,925.34,1.0,traffic sign,False,False,6773.4,mtsd-p12
Cosmos Reason2 8B,traffic sign,grp8_1023d97f-front.jpg,E:\2. UM-Student\MSC Dissertation\Urban-Vision-Benchmark\Datasets\MTSD\Prepared\MTSD-Unaugmented\MTSD-YOLO\test\images\grp8_1023d97f-front.jpg,3753.79,2857.68,3822.34,2948.4,1.0,traffic sign,False,False,6773.4,mtsd-p12
Cosmos Reason2 8B,traffic sign,grp8_1023d97f-front.jpg,E:\2. UM-Student\MSC Dissertation\Urban-Vision-Benchmark\Datasets\MTSD\Prepared\MTSD-Unaugmented\MTSD-YOLO\test\images\grp8_1023d97f-front.jpg,3782.02,2939.33,3834.43,3020.98,1.0,traffic sign,False,False,6773.4,mtsd-p12
Cosmos Reason2 8B,traffic sign,grp8_14aaa44c-IMG_0211.JPG,E:\2. UM-Student\MSC Dissertation\Urban-Vision-Benchmark\Datasets\MTSD\Prepared\MTSD-Unaugmented\MTSD-YOLO\test\images\grp8_14aaa44c-IMG_0211.JPG,1747.87,1041.01,3495.74,3105.9,1.0,traffic sign,False,False,2495.9,mtsd-p12
Cosmos Reason2 8B,traffic sign,grp8_15b9a2f4-Back.jpg,E:\2. UM-Student\MSC Dissertation\Urban-Vision-Benchmark\Datasets\MTSD\Prepared\MTSD-Unaugmented\MTSD-YOLO\test\images\grp8_15b9a2f4-Back.jpg,562.18,675.84,1730.3,1908.74,1.0,traffic sign,False,False,2208.4,mtsd-p12
Cosmos Reason2 8B,traffic sign,grp8_1b5dcc93-back.jpg,E:\2. UM-Student\MSC Dissertation\Urban-Vision-Benchmark\Datasets\MTSD\Prepared\MTSD-Unaugmented\MTSD-YOLO\test\images\grp8_1b5dcc93-back.jpg,571.39,831.49,1677.31,1683.46,1.0,traffic sign,False,False,5173.5,mtsd-p12
Cosmos Reason2 8B,traffic sign,grp8_1b5dcc93-back.jpg,E:\2. UM-Student\MSC Dissertation\Urban-Vision-Benchmark\Datasets\MTSD\Prepared\MTSD-Unaugmented\MTSD-YOLO\test\images\grp8_1b5dcc93-back.jpg,569.09,1703.94,1539.07,2609.15,1.0,traffic sign,False,False,5173.5,mtsd-p12
Cosmos Reason2 8B,traffic sign,grp8_1b5dcc93-back.jpg,E:\2. UM-Student\MSC Dissertation\Urban-Vision-Benchmark\Datasets\MTSD\Prepared\MTSD-Unaugmented\MTSD-YOLO\test\images\grp8_1b5dcc93-back.jpg,686.59,2838.53,1437.7,3149.82,1.0,traffic sign,False,False,5173.5,mtsd-p12
Cosmos Reason2 8B,traffic sign,grp8_1e3225cd-IMG_0085.jpg,E:\2. UM-Student\MSC Dissertation\Urban-Vision-Benchmark\Datasets\MTSD\Prepared\MTSD-Unaugmented\MTSD-YOLO\test\images\grp8_1e3225cd-IMG_0085.jpg,1272.35,931.06,2253.38,2804.59,1.0,traffic sign,False,False,2433.0,mtsd-p12
Cosmos Reason2 8B,traffic sign,grp8_244bea95-back.jpg,E:\2. UM-Student\MSC Dissertation\Urban-Vision-Benchmark\Datasets\MTSD\Prepared\MTSD-Unaugmented\MTSD-YOLO\test\images\grp8_244bea95-back.jpg,1665.22,734.83,2697.41,1799.28,1.0,traffic sign,False,False,2375.5,mtsd-p12
Cosmos Reason2 8B,traffic sign,grp8_2aed70e2-front.jpg,E:\2. UM-Student\MSC Dissertation\Urban-Vision-Benchmark\Datasets\MTSD\Prepared\MTSD-Unaugmented\MTSD-YOLO\test\images\grp8_2aed70e2-front.jpg,396.29,831.49,1852.42,1908.74,1.0,traffic sign,False,False,4286.8,mtsd-p12
Cosmos Reason2 8B,traffic sign,grp8_2aed70e2-front.jpg,E:\2. UM-Student\MSC Dissertation\Urban-Vision-Benchmark\Datasets\MTSD\Prepared\MTSD-Unaugmented\MTSD-YOLO\test\images\grp8_2aed70e2-front.jpg,412.42,2273.28,1873.15,3084.29,1.0,traffic sign,False,False,4286.8,mtsd-p12
Cosmos Reason2 8B,traffic sign,grp8_2d237c79-side.jpg,E:\2. UM-Student\MSC Dissertation\Urban-Vision-Benchmark\Datasets\MTSD\Prepared\MTSD-Unaugmented\MTSD-YOLO\test\images\grp8_2d237c79-side.jpg,1907.14,949.54,2140.99,1859.76,1.0,traffic sign,False,False,2392.2,mtsd-p12
Cosmos Reason2 8B,traffic sign,grp8_2d73c181-back.jpg,E:\2. UM-Student\MSC Dissertation\Urban-Vision-Benchmark\Datasets\MTSD\Prepared\MTSD-Unaugmented\MTSD-YOLO\test\images\grp8_2d73c181-back.jpg,1455.55,834.62,2382.91,1847.66,1.0,traffic sign,False,False,2412.2,mtsd-p12
Cosmos Reason2 8B,traffic sign,grp8_2e0ed656-front.jpg,E:\2. UM-Student\MSC Dissertation\Urban-Vision-Benchmark\Datasets\MTSD\Prepared\MTSD-Unaugmented\MTSD-YOLO\test\images\grp8_2e0ed656-front.jpg,1306.37,855.79,2681.28,2074.46,1.0,traffic sign,False,False,3904.9,mtsd-p12
Cosmos Reason2 8B,traffic sign,grp8_2e0ed656-front.jpg,E:\2. UM-Student\MSC Dissertation\Urban-Vision-Benchmark\Datasets\MTSD\Prepared\MTSD-Unaugmented\MTSD-YOLO\test\images\grp8_2e0ed656-front.jpg,1209.6,1950.48,2556.29,3020.98,1.0,traffic sign,False,False,3904.9,mtsd-p12
Cosmos Reason2 8B,traffic sign,grp8_3799bcb2-side.jpg,E:\2. UM-Student\MSC Dissertation\Urban-Vision-Benchmark\Datasets\MTSD\Prepared\MTSD-Unaugmented\MTSD-YOLO\test\images\grp8_3799bcb2-side.jpg,670.46,1359.87,1165.82,2387.97,1.0,traffic sign,False,False,3660.7,mtsd-p12
Cosmos Reason2 8B,traffic sign,grp8_3799bcb2-side.jpg,E:\2. UM-Student\MSC Dissertation\Urban-Vision-Benchmark\Datasets\MTSD\Prepared\MTSD-Unaugmented\MTSD-YOLO\test\images\grp8_3799bcb2-side.jpg,129.02,2879.49,232.7,3055.62,1.0,traffic sign,False,False,3660.7,mtsd-p12
Cosmos Reason2 8B,traffic sign,grp8_3ab29317-front.jpg,E:\2. UM-Student\MSC Dissertation\Urban-Vision-Benchmark\Datasets\MTSD\Prepared\MTSD-Unaugmented\MTSD-YOLO\test\images\grp8_3ab29317-front.jpg,654.34,1368.06,1675.01,2453.5,1.0,traffic sign,False,False,2195.2,mtsd-p12
Cosmos Reason2 8B,traffic sign,grp8_3b4e798b-front.jpg,E:\2. UM-Student\MSC Dissertation\Urban-Vision-Benchmark\Datasets\MTSD\Prepared\MTSD-Unaugmented\MTSD-YOLO\test\images\grp8_3b4e798b-front.jpg,987.0,1708.0,1800.0,2592.0,1.0,traffic sign,False,False,2388.4,mtsd-p12
Cosmos Reason2 8B,traffic sign,grp8_3e16c892-IMG_0188.JPG,E:\2. UM-Student\MSC Dissertation\Urban-Vision-Benchmark\Datasets\MTSD\Prepared\MTSD-Unaugmented\MTSD-YOLO\test\images\grp8_3e16c892-IMG_0188.JPG,2507.57,1302.34,4204.03,2874.56,1.0,traffic sign,False,False,2455.1,mtsd-p12
Cosmos Reason2 8B,traffic sign,grp8_41de0558-Side.jpg,E:\2. UM-Student\MSC Dissertation\Urban-Vision-Benchmark\Datasets\MTSD\Prepared\MTSD-Unaugmented\MTSD-YOLO\test\images\grp8_41de0558-Side.jpg,,,,,,<no detections>,False,False,1432.5,mtsd-p12
Cosmos Reason2 8B,traffic sign,grp8_4682619f-back.jpg,E:\2. UM-Student\MSC Dissertation\Urban-Vision-Benchmark\Datasets\MTSD\Prepared\MTSD-Unaugmented\MTSD-YOLO\test\images\grp8_4682619f-back.jpg,1435.39,756.0,2673.22,1856.74,1.0,traffic sign,False,False,6906.1,mtsd-p12
Cosmos Reason2 8B,traffic sign,grp8_4682619f-back.jpg,E:\2. UM-Student\MSC Dissertation\Urban-Vision-Benchmark\Datasets\MTSD\Prepared\MTSD-Unaugmented\MTSD-YOLO\test\images\grp8_4682619f-back.jpg,2903.04,2776.03,3019.97,3020.98,1.0,traffic sign,False,False,6906.1,mtsd-p12
Cosmos Reason2 8B,traffic sign,grp8_4682619f-back.jpg,E:\2. UM-Student\MSC Dissertation\Urban-Vision-Benchmark\Datasets\MTSD\Prepared\MTSD-Unaugmented\MTSD-YOLO\test\images\grp8_4682619f-back.jpg,2209.54,2800.22,2286.14,2972.59,1.0,traffic sign,False,False,6906.1,mtsd-p12
Cosmos Reason2 8B,traffic sign,grp8_4682619f-back.jpg,E:\2. UM-Student\MSC Dissertation\Urban-Vision-Benchmark\Datasets\MTSD\Prepared\MTSD-Unaugmented\MTSD-YOLO\test\images\grp8_4682619f-back.jpg,2128.9,2869.78,2177.28,2972.59,1.0,traffic sign,False,False,6906.1,mtsd-p12
Cosmos Reason2 8B,traffic sign,grp8_4802289d-side.jpg,E:\2. UM-Student\MSC Dissertation\Urban-Vision-Benchmark\Datasets\MTSD\Prepared\MTSD-Unaugmented\MTSD-YOLO\test\images\grp8_4802289d-side.jpg,1323.0,1380.0,1656.0,2592.0,1.0,traffic sign,False,False,2409.9,mtsd-p12
Cosmos Reason2 8B,traffic sign,grp8_4c496fb4-side.jpg,E:\2. UM-Student\MSC Dissertation\Urban-Vision-Benchmark\Datasets\MTSD\Prepared\MTSD-Unaugmented\MTSD-YOLO\test\images\grp8_4c496fb4-side.jpg,725.76,1269.76,969.98,2314.24,1.0,traffic sign,False,False,2188.9,mtsd-p12
Cosmos Reason2 8B,traffic sign,grp8_4fe75feb-IMG_0243.JPG,E:\2. UM-Student\MSC Dissertation\Urban-Vision-Benchmark\Datasets\MTSD\Prepared\MTSD-Unaugmented\MTSD-YOLO\test\images\grp8_4fe75feb-IMG_0243.JPG,873.94,775.4,3467.18,3358.66,1.0,traffic sign,False,False,5414.1,mtsd-p12
Cosmos Reason2 8B,traffic sign,grp8_4fe75feb-IMG_0243.JPG,E:\2. UM-Student\MSC Dissertation\Urban-Vision-Benchmark\Datasets\MTSD\Prepared\MTSD-Unaugmented\MTSD-YOLO\test\images\grp8_4fe75feb-IMG_0243.JPG,4895.18,3791.34,5186.5,4082.65,1.0,traffic sign,False,False,5414.1,mtsd-p12
Cosmos Reason2 8B,traffic sign,grp8_4fe75feb-IMG_0243.JPG,E:\2. UM-Student\MSC Dissertation\Urban-Vision-Benchmark\Datasets\MTSD\Prepared\MTSD-Unaugmented\MTSD-YOLO\test\images\grp8_4fe75feb-IMG_0243.JPG,5180.78,3868.45,5432.11,4091.22,1.0,traffic sign,False,False,5414.1,mtsd-p12
Cosmos Reason2 8B,traffic sign,grp8_5043579c-side.jpg,E:\2. UM-Student\MSC Dissertation\Urban-Vision-Benchmark\Datasets\MTSD\Prepared\MTSD-Unaugmented\MTSD-YOLO\test\images\grp8_5043579c-side.jpg,1383.0,848.0,1932.0,2400.0,1.0,traffic sign,False,False,2376.0,mtsd-p12
Cosmos Reason2 8B,traffic sign,grp8_555bcf3a-front.jpg,E:\2. UM-Student\MSC Dissertation\Urban-Vision-Benchmark\Datasets\MTSD\Prepared\MTSD-Unaugmented\MTSD-YOLO\test\images\grp8_555bcf3a-front.jpg,,,,,,<no detections>,False,False,911.7,mtsd-p12
Cosmos Reason2 8B,traffic sign,grp8_562e48f6-front.jpg,E:\2. UM-Student\MSC Dissertation\Urban-Vision-Benchmark\Datasets\MTSD\Prepared\MTSD-Unaugmented\MTSD-YOLO\test\images\grp8_562e48f6-front.jpg,1431.36,937.44,2564.35,1693.44,1.0,traffic sign,False,False,3885.5,mtsd-p12
Cosmos Reason2 8B,traffic sign,grp8_562e48f6-front.jpg,E:\2. UM-Student\MSC Dissertation\Urban-Vision-Benchmark\Datasets\MTSD\Prepared\MTSD-Unaugmented\MTSD-YOLO\test\images\grp8_562e48f6-front.jpg,1342.66,1702.51,2628.86,2797.2,1.0,traffic sign,False,False,3885.5,mtsd-p12
Cosmos Reason2 8B,traffic sign,grp8_58176912-front.jpg,E:\2. UM-Student\MSC Dissertation\Urban-Vision-Benchmark\Datasets\MTSD\Prepared\MTSD-Unaugmented\MTSD-YOLO\test\images\grp8_58176912-front.jpg,2314.37,1267.06,2354.69,1309.39,1.0,traffic sign,False,False,3007.2,mtsd-p12
Cosmos Reason2 8B,traffic sign,grp8_58621eda-IMG_0203.JPG,E:\2. UM-Student\MSC Dissertation\Urban-Vision-Benchmark\Datasets\MTSD\Prepared\MTSD-Unaugmented\MTSD-YOLO\test\images\grp8_58621eda-IMG_0203.JPG,1450.85,1165.25,3775.63,2767.46,1.0,traffic sign,False,False,2450.1,mtsd-p12
Cosmos Reason2 8B,traffic sign,grp8_59dbbf2e-side.jpg,E:\2. UM-Student\MSC Dissertation\Urban-Vision-Benchmark\Datasets\MTSD\Prepared\MTSD-Unaugmented\MTSD-YOLO\test\images\grp8_59dbbf2e-side.jpg,520.13,2497.82,697.54,2800.22,1.0,traffic sign,False,False,2367.7,mtsd-p12
Cosmos Reason2 8B,traffic sign,grp8_5abf970a-side.jpg,E:\2. UM-Student\MSC Dissertation\Urban-Vision-Benchmark\Datasets\MTSD\Prepared\MTSD-Unaugmented\MTSD-YOLO\test\images\grp8_5abf970a-side.jpg,1866.82,752.98,2249.86,2095.63,1.0,traffic sign,False,False,2391.5,mtsd-p12
Cosmos Reason2 8B,traffic sign,grp8_5f257ae9-IMG_0112.jpg,E:\2. UM-Student\MSC Dissertation\Urban-Vision-Benchmark\Datasets\MTSD\Prepared\MTSD-Unaugmented\MTSD-YOLO\test\images\grp8_5f257ae9-IMG_0112.jpg,1199.52,1153.82,3855.6,3935.57,1.0,traffic sign,False,False,2476.9,mtsd-p12
Cosmos Reason2 8B,traffic sign,grp8_646a4174-side.jpg,E:\2. UM-Student\MSC Dissertation\Urban-Vision-Benchmark\Datasets\MTSD\Prepared\MTSD-Unaugmented\MTSD-YOLO\test\images\grp8_646a4174-side.jpg,903.0,860.0,1821.0,2860.0,1.0,traffic sign,False,False,2429.5,mtsd-p12
Cosmos Reason2 8B,traffic sign,grp8_6b72502b-back.jpg,E:\2. UM-Student\MSC Dissertation\Urban-Vision-Benchmark\Datasets\MTSD\Prepared\MTSD-Unaugmented\MTSD-YOLO\test\images\grp8_6b72502b-back.jpg,509.18,864.26,1847.81,2269.18,1.0,traffic sign,False,False,2214.3,mtsd-p12
Cosmos Reason2 8B,traffic sign,grp8_70a9ea7f-side.jpg,E:\2. UM-Student\MSC Dissertation\Urban-Vision-Benchmark\Datasets\MTSD\Prepared\MTSD-Unaugmented\MTSD-YOLO\test\images\grp8_70a9ea7f-side.jpg,975.0,516.0,1668.0,1564.0,1.0,traffic sign,False,False,3878.5,mtsd-p12
Cosmos Reason2 8B,traffic sign,grp8_70a9ea7f-side.jpg,E:\2. UM-Student\MSC Dissertation\Urban-Vision-Benchmark\Datasets\MTSD\Prepared\MTSD-Unaugmented\MTSD-YOLO\test\images\grp8_70a9ea7f-side.jpg,99.0,3704.0,303.0,3936.0,1.0,traffic sign,False,False,3878.5,mtsd-p12
Cosmos Reason2 8B,traffic sign,grp8_73e17aa1-back.jpg,E:\2. UM-Student\MSC Dissertation\Urban-Vision-Benchmark\Datasets\MTSD\Prepared\MTSD-Unaugmented\MTSD-YOLO\test\images\grp8_73e17aa1-back.jpg,358.85,1551.31,504.0,1732.75,1.0,traffic sign,False,False,3011.7,mtsd-p12
Cosmos Reason2 8B,traffic sign,grp8_74a729c2-IMG_0138.jpg,E:\2. UM-Student\MSC Dissertation\Urban-Vision-Benchmark\Datasets\MTSD\Prepared\MTSD-Unaugmented\MTSD-YOLO\test\images\grp8_74a729c2-IMG_0138.jpg,1160.96,862.51,3225.85,2690.35,1.0,traffic sign,False,False,3943.3,mtsd-p12
Cosmos Reason2 8B,traffic sign,grp8_74a729c2-IMG_0138.jpg,E:\2. UM-Student\MSC Dissertation\Urban-Vision-Benchmark\Datasets\MTSD\Prepared\MTSD-Unaugmented\MTSD-YOLO\test\images\grp8_74a729c2-IMG_0138.jpg,1160.96,2644.66,3435.77,4918.03,1.0,traffic sign,False,False,3943.3,mtsd-p12
Cosmos Reason2 8B,traffic sign,grp8_77233a9d-IMG_0190_Blurred.JPG,E:\2. UM-Student\MSC Dissertation\Urban-Vision-Benchmark\Datasets\MTSD\Prepared\MTSD-Unaugmented\MTSD-YOLO\test\images\grp8_77233a9d-IMG_0190_Blurred.JPG,1032.44,1330.9,2257.67,4358.26,1.0,traffic sign,False,False,6949.4,mtsd-p12
Cosmos Reason2 8B,traffic sign,grp8_77233a9d-IMG_0190_Blurred.JPG,E:\2. UM-Student\MSC Dissertation\Urban-Vision-Benchmark\Datasets\MTSD\Prepared\MTSD-Unaugmented\MTSD-YOLO\test\images\grp8_77233a9d-IMG_0190_Blurred.JPG,582.62,4603.87,672.59,4718.11,1.0,traffic sign,False,False,6949.4,mtsd-p12
Cosmos Reason2 8B,traffic sign,grp8_77233a9d-IMG_0190_Blurred.JPG,E:\2. UM-Student\MSC Dissertation\Urban-Vision-Benchmark\Datasets\MTSD\Prepared\MTSD-Unaugmented\MTSD-YOLO\test\images\grp8_77233a9d-IMG_0190_Blurred.JPG,775.4,4632.43,929.63,4775.23,1.0,traffic sign,False,False,6949.4,mtsd-p12
Cosmos Reason2 8B,traffic sign,grp8_77233a9d-IMG_0190_Blurred.JPG,E:\2. UM-Student\MSC Dissertation\Urban-Vision-Benchmark\Datasets\MTSD\Prepared\MTSD-Unaugmented\MTSD-YOLO\test\images\grp8_77233a9d-IMG_0190_Blurred.JPG,3919.86,4689.55,3988.4,4803.79,1.0,traffic sign,False,False,6949.4,mtsd-p12
Cosmos Reason2 8B,traffic sign,grp8_7cc436b9-Back.jpg,E:\2. UM-Student\MSC Dissertation\Urban-Vision-Benchmark\Datasets\MTSD\Prepared\MTSD-Unaugmented\MTSD-YOLO\test\images\grp8_7cc436b9-Back.jpg,665.86,1007.62,1753.34,2002.94,1.0,traffic sign,False,False,2180.2,mtsd-p12
Cosmos Reason2 8B,traffic sign,grp8_838e07cd-IMG_0097.jpg,E:\2. UM-Student\MSC Dissertation\Urban-Vision-Benchmark\Datasets\MTSD\Prepared\MTSD-Unaugmented\MTSD-YOLO\test\images\grp8_838e07cd-IMG_0097.jpg,998.17,1148.11,2994.52,2770.32,1.0,traffic sign,False,False,3903.1,mtsd-p12
Cosmos Reason2 8B,traffic sign,grp8_838e07cd-IMG_0097.jpg,E:\2. UM-Student\MSC Dissertation\Urban-Vision-Benchmark\Datasets\MTSD\Prepared\MTSD-Unaugmented\MTSD-YOLO\test\images\grp8_838e07cd-IMG_0097.jpg,929.63,2730.34,3307.25,5135.09,1.0,traffic sign,False,False,3903.1,mtsd-p12
Cosmos Reason2 8B,traffic sign,grp8_87d39243-IMG_0210.JPG,E:\2. UM-Student\MSC Dissertation\Urban-Vision-Benchmark\Datasets\MTSD\Prepared\MTSD-Unaugmented\MTSD-YOLO\test\images\grp8_87d39243-IMG_0210.JPG,1964.93,1113.84,3632.83,3191.58,1.0,traffic sign,False,False,2435.4,mtsd-p12
Cosmos Reason2 8B,traffic sign,grp8_8bd74996-side.jpg,E:\2. UM-Student\MSC Dissertation\Urban-Vision-Benchmark\Datasets\MTSD\Prepared\MTSD-Unaugmented\MTSD-YOLO\test\images\grp8_8bd74996-side.jpg,1891.01,961.63,2161.15,1814.4,1.0,traffic sign,False,False,2401.7,mtsd-p12
Cosmos Reason2 8B,traffic sign,grp8_8dc5354c-IMG_0141.JPG,E:\2. UM-Student\MSC Dissertation\Urban-Vision-Benchmark\Datasets\MTSD\Prepared\MTSD-Unaugmented\MTSD-YOLO\test\images\grp8_8dc5354c-IMG_0141.JPG,1422.29,1160.96,3004.51,3123.04,1.0,traffic sign,False,False,2439.8,mtsd-p12
Cosmos Reason2 8B,traffic sign,grp8_8e544be4-side.jpg,E:\2. UM-Student\MSC Dissertation\Urban-Vision-Benchmark\Datasets\MTSD\Prepared\MTSD-Unaugmented\MTSD-YOLO\test\images\grp8_8e544be4-side.jpg,1545.0,1032.0,1953.0,2144.0,1.0,traffic sign,False,False,3070.7,mtsd-p12
Cosmos Reason2 8B,traffic sign,grp8_8edb630b-IMG_0208.JPG,E:\2. UM-Student\MSC Dissertation\Urban-Vision-Benchmark\Datasets\MTSD\Prepared\MTSD-Unaugmented\MTSD-YOLO\test\images\grp8_8edb630b-IMG_0208.JPG,1902.1,1130.98,3375.79,3028.79,1.0,traffic sign,False,False,2461.7,mtsd-p12
Cosmos Reason2 8B,traffic sign,grp8_8ff667a0-IMG_0209.JPG,E:\2. UM-Student\MSC Dissertation\Urban-Vision-Benchmark\Datasets\MTSD\Prepared\MTSD-Unaugmented\MTSD-YOLO\test\images\grp8_8ff667a0-IMG_0209.JPG,1707.89,1790.71,3752.78,2788.88,1.0,traffic sign,False,False,2451.7,mtsd-p12
Cosmos Reason2 8B,traffic sign,grp8_9a101d8f-side.jpg,E:\2. UM-Student\MSC Dissertation\Urban-Vision-Benchmark\Datasets\MTSD\Prepared\MTSD-Unaugmented\MTSD-YOLO\test\images\grp8_9a101d8f-side.jpg,1290.0,416.0,1710.0,2208.0,1.0,traffic sign,False,False,2408.7,mtsd-p12
Cosmos Reason2 8B,traffic sign,grp8_9f69e083-Front.jpg,E:\2. UM-Student\MSC Dissertation\Urban-Vision-Benchmark\Datasets\MTSD\Prepared\MTSD-Unaugmented\MTSD-YOLO\test\images\grp8_9f69e083-Front.jpg,944.64,1687.55,1428.48,2170.88,1.0,traffic sign,False,False,3713.9,mtsd-p12
Cosmos Reason2 8B,traffic sign,grp8_9f69e083-Front.jpg,E:\2. UM-Student\MSC Dissertation\Urban-Vision-Benchmark\Datasets\MTSD\Prepared\MTSD-Unaugmented\MTSD-YOLO\test\images\grp8_9f69e083-Front.jpg,716.54,1515.52,877.82,1855.49,1.0,traffic sign,False,False,3713.9,mtsd-p12
Cosmos Reason2 8B,traffic sign,grp8_a27e76cc-back.jpg,E:\2. UM-Student\MSC Dissertation\Urban-Vision-Benchmark\Datasets\MTSD\Prepared\MTSD-Unaugmented\MTSD-YOLO\test\images\grp8_a27e76cc-back.jpg,942.0,1336.0,2088.0,2260.0,1.0,traffic sign,False,False,2397.9,mtsd-p12
Cosmos Reason2 8B,traffic sign,grp8_aa3bff09-side.jpg,E:\2. UM-Student\MSC Dissertation\Urban-Vision-Benchmark\Datasets\MTSD\Prepared\MTSD-Unaugmented\MTSD-YOLO\test\images\grp8_aa3bff09-side.jpg,1029.89,1028.1,1370.88,2060.29,1.0,traffic sign,False,False,2229.2,mtsd-p12
Cosmos Reason2 8B,traffic sign,grp8_aafe9a1b-front.jpg,E:\2. UM-Student\MSC Dissertation\Urban-Vision-Benchmark\Datasets\MTSD\Prepared\MTSD-Unaugmented\MTSD-YOLO\test\images\grp8_aafe9a1b-front.jpg,1095.0,784.0,2058.0,1724.0,1.0,traffic sign,False,False,2392.4,mtsd-p12
Cosmos Reason2 8B,traffic sign,grp8_ad4861cb-back.jpg,E:\2. UM-Student\MSC Dissertation\Urban-Vision-Benchmark\Datasets\MTSD\Prepared\MTSD-Unaugmented\MTSD-YOLO\test\images\grp8_ad4861cb-back.jpg,1536.19,831.6,2612.74,1823.47,1.0,traffic sign,False,False,6033.2,mtsd-p12
Cosmos Reason2 8B,traffic sign,grp8_ad4861cb-back.jpg,E:\2. UM-Student\MSC Dissertation\Urban-Vision-Benchmark\Datasets\MTSD\Prepared\MTSD-Unaugmented\MTSD-YOLO\test\images\grp8_ad4861cb-back.jpg,1564.42,1657.15,1955.52,2391.98,1.0,traffic sign,False,False,6033.2,mtsd-p12
Cosmos Reason2 8B,traffic sign,grp8_ad4861cb-back.jpg,E:\2. UM-Student\MSC Dissertation\Urban-Vision-Benchmark\Datasets\MTSD\Prepared\MTSD-Unaugmented\MTSD-YOLO\test\images\grp8_ad4861cb-back.jpg,2108.74,1850.69,2306.3,2458.51,1.0,traffic sign,False,False,6033.2,mtsd-p12
Cosmos Reason2 8B,traffic sign,grp8_aeadaf7d-Side.jpg,E:\2. UM-Student\MSC Dissertation\Urban-Vision-Benchmark\Datasets\MTSD\Prepared\MTSD-Unaugmented\MTSD-YOLO\test\images\grp8_aeadaf7d-Side.jpg,762.62,724.99,1433.09,2191.36,1.0,traffic sign,False,False,2196.0,mtsd-p12
Cosmos Reason2 8B,traffic sign,grp8_aec35ad8-back.jpg,E:\2. UM-Student\MSC Dissertation\Urban-Vision-Benchmark\Datasets\MTSD\Prepared\MTSD-Unaugmented\MTSD-YOLO\test\images\grp8_aec35ad8-back.jpg,1221.7,0.0,2628.86,707.62,1.0,traffic sign,False,False,5264.0,mtsd-p12
Cosmos Reason2 8B,traffic sign,grp8_aec35ad8-back.jpg,E:\2. UM-Student\MSC Dissertation\Urban-Vision-Benchmark\Datasets\MTSD\Prepared\MTSD-Unaugmented\MTSD-YOLO\test\images\grp8_aec35ad8-back.jpg,1032.19,698.54,2818.37,1893.02,1.0,traffic sign,False,False,5264.0,mtsd-p12
Cosmos Reason2 8B,traffic sign,grp8_aec35ad8-back.jpg,E:\2. UM-Student\MSC Dissertation\Urban-Vision-Benchmark\Datasets\MTSD\Prepared\MTSD-Unaugmented\MTSD-YOLO\test\images\grp8_aec35ad8-back.jpg,1024.13,1862.78,2866.75,2494.8,1.0,traffic sign,False,False,5264.0,mtsd-p12
Cosmos Reason2 8B,traffic sign,grp8_b1123daa-front.jpg,E:\2. UM-Student\MSC Dissertation\Urban-Vision-Benchmark\Datasets\MTSD\Prepared\MTSD-Unaugmented\MTSD-YOLO\test\images\grp8_b1123daa-front.jpg,605.95,1400.83,1780.99,2445.31,1.0,traffic sign,False,False,2200.2,mtsd-p12
Cosmos Reason2 8B,traffic sign,grp8_b6ae6e3d-back.jpg,E:\2. UM-Student\MSC Dissertation\Urban-Vision-Benchmark\Datasets\MTSD\Prepared\MTSD-Unaugmented\MTSD-YOLO\test\images\grp8_b6ae6e3d-back.jpg,942.0,1532.0,2094.0,2660.0,1.0,traffic sign,False,False,3850.6,mtsd-p12
Cosmos Reason2 8B,traffic sign,grp8_b6ae6e3d-back.jpg,E:\2. UM-Student\MSC Dissertation\Urban-Vision-Benchmark\Datasets\MTSD\Prepared\MTSD-Unaugmented\MTSD-YOLO\test\images\grp8_b6ae6e3d-back.jpg,1128.0,2988.0,1203.0,3076.0,1.0,traffic sign,False,False,3850.6,mtsd-p12
Cosmos Reason2 8B,traffic sign,grp8_b9028e28-side.jpg,E:\2. UM-Student\MSC Dissertation\Urban-Vision-Benchmark\Datasets\MTSD\Prepared\MTSD-Unaugmented\MTSD-YOLO\test\images\grp8_b9028e28-side.jpg,582.91,438.27,1624.32,1966.08,1.0,traffic sign,False,False,5156.5,mtsd-p12
Cosmos Reason2 8B,traffic sign,grp8_b9028e28-side.jpg,E:\2. UM-Student\MSC Dissertation\Urban-Vision-Benchmark\Datasets\MTSD\Prepared\MTSD-Unaugmented\MTSD-YOLO\test\images\grp8_b9028e28-side.jpg,799.49,1552.38,1771.78,2658.3,1.0,traffic sign,False,False,5156.5,mtsd-p12
Cosmos Reason2 8B,traffic sign,grp8_b9028e28-side.jpg,E:\2. UM-Student\MSC Dissertation\Urban-Vision-Benchmark\Datasets\MTSD\Prepared\MTSD-Unaugmented\MTSD-YOLO\test\images\grp8_b9028e28-side.jpg,1603.58,3076.1,1693.44,3182.59,1.0,traffic sign,False,False,5156.5,mtsd-p12
Cosmos Reason2 8B,traffic sign,grp8_c01f5341-IMG_0123.jpg,E:\2. UM-Student\MSC Dissertation\Urban-Vision-Benchmark\Datasets\MTSD\Prepared\MTSD-Unaugmented\MTSD-YOLO\test\images\grp8_c01f5341-IMG_0123.jpg,1816.42,965.33,2814.59,2964.53,1.0,traffic sign,False,False,3951.5,mtsd-p12
Cosmos Reason2 8B,traffic sign,grp8_c01f5341-IMG_0123.jpg,E:\2. UM-Student\MSC Dissertation\Urban-Vision-Benchmark\Datasets\MTSD\Prepared\MTSD-Unaugmented\MTSD-YOLO\test\images\grp8_c01f5341-IMG_0123.jpg,1670.76,4592.45,1803.56,4906.61,1.0,traffic sign,False,False,3951.5,mtsd-p12
Cosmos Reason2 8B,traffic sign,grp8_c89fb86b-IMG_0117.jpg,E:\2. UM-Student\MSC Dissertation\Urban-Vision-Benchmark\Datasets\MTSD\Prepared\MTSD-Unaugmented\MTSD-YOLO\test\images\grp8_c89fb86b-IMG_0117.jpg,1867.82,1445.14,2514.71,3410.06,1.0,traffic sign,False,False,2457.1,mtsd-p12
Cosmos Reason2 8B,traffic sign,grp8_c96fcc1a-IMG_0217.JPG,E:\2. UM-Student\MSC Dissertation\Urban-Vision-Benchmark\Datasets\MTSD\Prepared\MTSD-Unaugmented\MTSD-YOLO\test\images\grp8_c96fcc1a-IMG_0217.JPG,2033.47,1456.56,3267.26,2617.52,1.0,traffic sign,False,False,3023.5,mtsd-p12
Cosmos Reason2 8B,traffic sign,grp8_d8a4fa9b-front.jpg,E:\2. UM-Student\MSC Dissertation\Urban-Vision-Benchmark\Datasets\MTSD\Prepared\MTSD-Unaugmented\MTSD-YOLO\test\images\grp8_d8a4fa9b-front.jpg,,,,,,<no detections>,False,False,916.7,mtsd-p12
Cosmos Reason2 8B,traffic sign,grp8_d8e91d56-side.jpg,E:\2. UM-Student\MSC Dissertation\Urban-Vision-Benchmark\Datasets\MTSD\Prepared\MTSD-Unaugmented\MTSD-YOLO\test\images\grp8_d8e91d56-side.jpg,1794.24,876.96,2060.35,1787.18,1.0,traffic sign,False,False,3864.6,mtsd-p12
Cosmos Reason2 8B,traffic sign,grp8_d8e91d56-side.jpg,E:\2. UM-Student\MSC Dissertation\Urban-Vision-Benchmark\Datasets\MTSD\Prepared\MTSD-Unaugmented\MTSD-YOLO\test\images\grp8_d8e91d56-side.jpg,3455.42,2192.4,3737.66,2624.83,1.0,traffic sign,False,False,3864.6,mtsd-p12
Cosmos Reason2 8B,traffic sign,grp8_dd88f02c-IMG_0092.jpg,E:\2. UM-Student\MSC Dissertation\Urban-Vision-Benchmark\Datasets\MTSD\Prepared\MTSD-Unaugmented\MTSD-YOLO\test\images\grp8_dd88f02c-IMG_0092.jpg,1679.33,1576.51,2737.48,3689.95,1.0,traffic sign,False,False,2432.9,mtsd-p12
Cosmos Reason2 8B,traffic sign,grp8_ea4926f3-side.jpg,E:\2. UM-Student\MSC Dissertation\Urban-Vision-Benchmark\Datasets\MTSD\Prepared\MTSD-Unaugmented\MTSD-YOLO\test\images\grp8_ea4926f3-side.jpg,1125.0,752.0,1962.0,2476.0,1.0,traffic sign,False,False,2401.6,mtsd-p12
Cosmos Reason2 8B,traffic sign,grp8_ebf4ab1a-IMG_0198.JPG,E:\2. UM-Student\MSC Dissertation\Urban-Vision-Benchmark\Datasets\MTSD\Prepared\MTSD-Unaugmented\MTSD-YOLO\test\images\grp8_ebf4ab1a-IMG_0198.JPG,0.0,1525.1,708.29,2120.58,1.0,traffic sign,False,False,2389.8,mtsd-p12
Cosmos Reason2 8B,traffic sign,grp8_edb6fab3-IMG_0189.JPG,E:\2. UM-Student\MSC Dissertation\Urban-Vision-Benchmark\Datasets\MTSD\Prepared\MTSD-Unaugmented\MTSD-YOLO\test\images\grp8_edb6fab3-IMG_0189.JPG,2107.73,989.6,4415.38,3607.13,1.0,traffic sign,False,False,2477.6,mtsd-p12
Cosmos Reason2 8B,traffic sign,grp8_f07ed5ce-Side.jpg,E:\2. UM-Student\MSC Dissertation\Urban-Vision-Benchmark\Datasets\MTSD\Prepared\MTSD-Unaugmented\MTSD-YOLO\test\images\grp8_f07ed5ce-Side.jpg,905.47,1130.5,1451.52,2375.68,1.0,traffic sign,False,False,2211.7,mtsd-p12
Cosmos Reason2 8B,traffic sign,grp8_f3e45a2c-front.jpg,E:\2. UM-Student\MSC Dissertation\Urban-Vision-Benchmark\Datasets\MTSD\Prepared\MTSD-Unaugmented\MTSD-YOLO\test\images\grp8_f3e45a2c-front.jpg,1011.46,1495.04,1492.99,2232.32,1.0,traffic sign,False,False,2846.3,mtsd-p12
Cosmos Reason2 8B,traffic sign,grp8_f5d48b4c-front.jpg,E:\2. UM-Student\MSC Dissertation\Urban-Vision-Benchmark\Datasets\MTSD\Prepared\MTSD-Unaugmented\MTSD-YOLO\test\images\grp8_f5d48b4c-front.jpg,1564.42,1019.09,2620.8,1995.84,1.0,traffic sign,False,False,3823.3,mtsd-p12
Cosmos Reason2 8B,traffic sign,grp8_f5d48b4c-front.jpg,E:\2. UM-Student\MSC Dissertation\Urban-Vision-Benchmark\Datasets\MTSD\Prepared\MTSD-Unaugmented\MTSD-YOLO\test\images\grp8_f5d48b4c-front.jpg,3471.55,2552.26,3600.58,2679.26,1.0,traffic sign,False,False,3823.3,mtsd-p12
Cosmos Reason2 8B,traffic sign,grp8_fc124a5b-Back.jpg,E:\2. UM-Student\MSC Dissertation\Urban-Vision-Benchmark\Datasets\MTSD\Prepared\MTSD-Unaugmented\MTSD-YOLO\test\images\grp8_fc124a5b-Back.jpg,460.8,36.86,1656.58,1404.93,1.0,traffic sign,False,False,5093.0,mtsd-p12
Cosmos Reason2 8B,traffic sign,grp8_fc124a5b-Back.jpg,E:\2. UM-Student\MSC Dissertation\Urban-Vision-Benchmark\Datasets\MTSD\Prepared\MTSD-Unaugmented\MTSD-YOLO\test\images\grp8_fc124a5b-Back.jpg,769.54,1372.16,1760.26,2375.68,1.0,traffic sign,False,False,5093.0,mtsd-p12
Cosmos Reason2 8B,traffic sign,grp8_fc124a5b-Back.jpg,E:\2. UM-Student\MSC Dissertation\Urban-Vision-Benchmark\Datasets\MTSD\Prepared\MTSD-Unaugmented\MTSD-YOLO\test\images\grp8_fc124a5b-Back.jpg,532.22,2330.62,1695.74,3035.14,1.0,traffic sign,False,False,5093.0,mtsd-p12
Cosmos Reason2 8B,traffic sign,grp8_fc6650ab-front.jpg,E:\2. UM-Student\MSC Dissertation\Urban-Vision-Benchmark\Datasets\MTSD\Prepared\MTSD-Unaugmented\MTSD-YOLO\test\images\grp8_fc6650ab-front.jpg,101.38,856.06,1771.78,2056.19,1.0,traffic sign,False,False,2137.6,mtsd-p12
Cosmos Reason2 8B,traffic sign,grp9_00e70ac4-IMG_20251111_140913.jpg,E:\2. UM-Student\MSC Dissertation\Urban-Vision-Benchmark\Datasets\MTSD\Prepared\MTSD-Unaugmented\MTSD-YOLO\test\images\grp9_00e70ac4-IMG_20251111_140913.jpg,0.0,2724.0,348.0,3492.0,1.0,traffic sign,False,False,2322.8,mtsd-p12
Cosmos Reason2 8B,traffic sign,grp9_01e24ee9-IMG_20251106_145403.jpg,E:\2. UM-Student\MSC Dissertation\Urban-Vision-Benchmark\Datasets\MTSD\Prepared\MTSD-Unaugmented\MTSD-YOLO\test\images\grp9_01e24ee9-IMG_20251106_145403.jpg,1367.04,856.06,1809.41,2109.44,1.0,traffic sign,False,False,3887.4,mtsd-p12
Cosmos Reason2 8B,traffic sign,grp9_01e24ee9-IMG_20251106_145403.jpg,E:\2. UM-Student\MSC Dissertation\Urban-Vision-Benchmark\Datasets\MTSD\Prepared\MTSD-Unaugmented\MTSD-YOLO\test\images\grp9_01e24ee9-IMG_20251106_145403.jpg,1360.9,1748.99,1720.32,2981.89,1.0,traffic sign,False,False,3887.4,mtsd-p12
Cosmos Reason2 8B,traffic sign,grp9_01ed8620-IMG_20251111_162316.jpg,E:\2. UM-Student\MSC Dissertation\Urban-Vision-Benchmark\Datasets\MTSD\Prepared\MTSD-Unaugmented\MTSD-YOLO\test\images\grp9_01ed8620-IMG_20251111_162316.jpg,858.0,1584.0,1197.0,2052.0,1.0,traffic sign,False,False,5242.5,mtsd-p12
Cosmos Reason2 8B,traffic sign,grp9_01ed8620-IMG_20251111_162316.jpg,E:\2. UM-Student\MSC Dissertation\Urban-Vision-Benchmark\Datasets\MTSD\Prepared\MTSD-Unaugmented\MTSD-YOLO\test\images\grp9_01ed8620-IMG_20251111_162316.jpg,2091.0,2216.0,2220.0,2400.0,1.0,traffic sign,False,False,5242.5,mtsd-p12
Cosmos Reason2 8B,traffic sign,grp9_01ed8620-IMG_20251111_162316.jpg,E:\2. UM-Student\MSC Dissertation\Urban-Vision-Benchmark\Datasets\MTSD\Prepared\MTSD-Unaugmented\MTSD-YOLO\test\images\grp9_01ed8620-IMG_20251111_162316.jpg,57.0,2380.0,120.0,2428.0,1.0,traffic sign,False,False,5242.5,mtsd-p12
Cosmos Reason2 8B,traffic sign,grp9_04c8a7cf-IMG_20251211_162331.jpg,E:\2. UM-Student\MSC Dissertation\Urban-Vision-Benchmark\Datasets\MTSD\Prepared\MTSD-Unaugmented\MTSD-YOLO\test\images\grp9_04c8a7cf-IMG_20251211_162331.jpg,1404.54,2060.4,2047.14,2688.72,1.0,traffic sign,False,False,2370.6,mtsd-p12
Cosmos Reason2 8B,traffic sign,grp9_0ee59f09-M8_side.jpg,E:\2. UM-Student\MSC Dissertation\Urban-Vision-Benchmark\Datasets\MTSD\Prepared\MTSD-Unaugmented\MTSD-YOLO\test\images\grp9_0ee59f09-M8_side.jpg,,,,,,<no detections>,False,False,1511.3,mtsd-p12
Cosmos Reason2 8B,traffic sign,grp9_109ae844-20251122_134645.jpg,E:\2. UM-Student\MSC Dissertation\Urban-Vision-Benchmark\Datasets\MTSD\Prepared\MTSD-Unaugmented\MTSD-YOLO\test\images\grp9_109ae844-20251122_134645.jpg,1251.0,1432.0,1359.0,1724.0,1.0,traffic sign,False,False,2413.4,mtsd-p12
Cosmos Reason2 8B,traffic sign,grp9_10b6edc4-IMG_20251112_160648.jpg,E:\2. UM-Student\MSC Dissertation\Urban-Vision-Benchmark\Datasets\MTSD\Prepared\MTSD-Unaugmented\MTSD-YOLO\test\images\grp9_10b6edc4-IMG_20251112_160648.jpg,1380.06,3268.08,1536.12,3484.32,1.0,traffic sign,False,False,2382.8,mtsd-p12
Cosmos Reason2 8B,traffic sign,grp9_14b6af7e-IMG_20251106_142858.jpg,E:\2. UM-Student\MSC Dissertation\Urban-Vision-Benchmark\Datasets\MTSD\Prepared\MTSD-Unaugmented\MTSD-YOLO\test\images\grp9_14b6af7e-IMG_20251106_142858.jpg,1089.09,1003.68,4178.94,4067.2,1.0,traffic sign,False,False,2533.6,mtsd-p12
Cosmos Reason2 8B,traffic sign,grp9_1792c5c3-WhatsApp_Image_2026-01-03_at_18.45.37.jpeg,E:\2. UM-Student\MSC Dissertation\Urban-Vision-Benchmark\Datasets\MTSD\Prepared\MTSD-Unaugmented\MTSD-YOLO\test\images\grp9_1792c5c3-WhatsApp_Image_2026-01-03_at_18.45.37.jpeg,489.6,804.8,860.4,1148.8,1.0,traffic sign,False,False,2333.3,mtsd-p12
Cosmos Reason2 8B,traffic sign,grp9_1f50c9e9-WhatsApp_Image_2026-01-01_at_18.13.18.jpeg,E:\2. UM-Student\MSC Dissertation\Urban-Vision-Benchmark\Datasets\MTSD\Prepared\MTSD-Unaugmented\MTSD-YOLO\test\images\grp9_1f50c9e9-WhatsApp_Image_2026-01-01_at_18.13.18.jpeg,949.25,1032.19,986.11,1114.11,1.0,traffic sign,False,False,2379.7,mtsd-p12
Cosmos Reason2 8B,traffic sign,grp9_21d58e17-S3_back.jpg,E:\2. UM-Student\MSC Dissertation\Urban-Vision-Benchmark\Datasets\MTSD\Prepared\MTSD-Unaugmented\MTSD-YOLO\test\images\grp9_21d58e17-S3_back.jpg,678.0,1268.0,1140.0,1728.0,1.0,traffic sign,False,False,2400.2,mtsd-p12
Cosmos Reason2 8B,traffic sign,grp9_24a6f4e2-20251122_141915.jpg,E:\2. UM-Student\MSC Dissertation\Urban-Vision-Benchmark\Datasets\MTSD\Prepared\MTSD-Unaugmented\MTSD-YOLO\test\images\grp9_24a6f4e2-20251122_141915.jpg,1047.0,2072.0,1197.0,2244.0,1.0,traffic sign,False,False,2455.6,mtsd-p12
Cosmos Reason2 8B,traffic sign,grp9_29bd496f-IMG_20251106_153126.jpg,E:\2. UM-Student\MSC Dissertation\Urban-Vision-Benchmark\Datasets\MTSD\Prepared\MTSD-Unaugmented\MTSD-YOLO\test\images\grp9_29bd496f-IMG_20251106_153126.jpg,1062.0,2216.0,1686.0,3128.0,1.0,traffic sign,False,False,4415.4,mtsd-p12
Cosmos Reason2 8B,traffic sign,grp9_29bd496f-IMG_20251106_153126.jpg,E:\2. UM-Student\MSC Dissertation\Urban-Vision-Benchmark\Datasets\MTSD\Prepared\MTSD-Unaugmented\MTSD-YOLO\test\images\grp9_29bd496f-IMG_20251106_153126.jpg,24.0,2668.0,324.0,2856.0,1.0,traffic sign,False,False,4415.4,mtsd-p12
Cosmos Reason2 8B,traffic sign,grp9_2c12e74f-IMG_20251106_141727.jpg,E:\2. UM-Student\MSC Dissertation\Urban-Vision-Benchmark\Datasets\MTSD\Prepared\MTSD-Unaugmented\MTSD-YOLO\test\images\grp9_2c12e74f-IMG_20251106_141727.jpg,,,,,,<no detections>,False,False,953.7,mtsd-p12
Cosmos Reason2 8B,traffic sign,grp9_31a93fb3-20251122_141601.jpg,E:\2. UM-Student\MSC Dissertation\Urban-Vision-Benchmark\Datasets\MTSD\Prepared\MTSD-Unaugmented\MTSD-YOLO\test\images\grp9_31a93fb3-20251122_141601.jpg,1620.0,1732.0,1779.0,1864.0,1.0,traffic sign,False,False,2387.1,mtsd-p12
Cosmos Reason2 8B,traffic sign,grp9_3724af9d-IMG_20251106_144506.jpg,E:\2. UM-Student\MSC Dissertation\Urban-Vision-Benchmark\Datasets\MTSD\Prepared\MTSD-Unaugmented\MTSD-YOLO\test\images\grp9_3724af9d-IMG_20251106_144506.jpg,1050.0,1160.0,2388.0,2984.0,1.0,traffic sign,False,False,2394.9,mtsd-p12
Cosmos Reason2 8B,traffic sign,grp9_37f0c8a3-IMG_20251111_162207.jpg,E:\2. UM-Student\MSC Dissertation\Urban-Vision-Benchmark\Datasets\MTSD\Prepared\MTSD-Unaugmented\MTSD-YOLO\test\images\grp9_37f0c8a3-IMG_20251111_162207.jpg,1878.0,2676.0,1965.0,2808.0,1.0,traffic sign,False,False,19132.9,mtsd-p12
Cosmos Reason2 8B,traffic sign,grp9_37f0c8a3-IMG_20251111_162207.jpg,E:\2. UM-Student\MSC Dissertation\Urban-Vision-Benchmark\Datasets\MTSD\Prepared\MTSD-Unaugmented\MTSD-YOLO\test\images\grp9_37f0c8a3-IMG_20251111_162207.jpg,648.0,2676.0,693.0,2732.0,1.0,traffic sign,False,False,19132.9,mtsd-p12
Cosmos Reason2 8B,traffic sign,grp9_37f0c8a3-IMG_20251111_162207.jpg,E:\2. UM-Student\MSC Dissertation\Urban-Vision-Benchmark\Datasets\MTSD\Prepared\MTSD-Unaugmented\MTSD-YOLO\test\images\grp9_37f0c8a3-IMG_20251111_162207.jpg,756.0,2676.0,819.0,2732.0,1.0,traffic sign,False,False,19132.9,mtsd-p12
Cosmos Reason2 8B,traffic sign,grp9_3cb31cc9-IMG_20251106_141426.jpg,E:\2. UM-Student\MSC Dissertation\Urban-Vision-Benchmark\Datasets\MTSD\Prepared\MTSD-Unaugmented\MTSD-YOLO\test\images\grp9_3cb31cc9-IMG_20251106_141426.jpg,642.05,94.23,2531.33,1585.54,1.0,traffic sign,False,False,3801.4,mtsd-p12
Cosmos Reason2 8B,traffic sign,grp9_3cb31cc9-IMG_20251106_141426.jpg,E:\2. UM-Student\MSC Dissertation\Urban-Vision-Benchmark\Datasets\MTSD\Prepared\MTSD-Unaugmented\MTSD-YOLO\test\images\grp9_3cb31cc9-IMG_20251106_141426.jpg,823.3,1556.86,2334.72,3011.3,1.0,traffic sign,False,False,3801.4,mtsd-p12
Cosmos Reason2 8B,traffic sign,grp9_42edbee1-IMG_20251210_142157.jpg,E:\2. UM-Student\MSC Dissertation\Urban-Vision-Benchmark\Datasets\MTSD\Prepared\MTSD-Unaugmented\MTSD-YOLO\test\images\grp9_42edbee1-IMG_20251210_142157.jpg,1279.08,2003.28,1875.78,2509.2,1.0,traffic sign,False,False,5349.0,mtsd-p12
Cosmos Reason2 8B,traffic sign,grp9_42edbee1-IMG_20251210_142157.jpg,E:\2. UM-Student\MSC Dissertation\Urban-Vision-Benchmark\Datasets\MTSD\Prepared\MTSD-Unaugmented\MTSD-YOLO\test\images\grp9_42edbee1-IMG_20251210_142157.jpg,2402.1,2721.36,2472.48,2839.68,1.0,traffic sign,False,False,5349.0,mtsd-p12
Cosmos Reason2 8B,traffic sign,grp9_42edbee1-IMG_20251210_142157.jpg,E:\2. UM-Student\MSC Dissertation\Urban-Vision-Benchmark\Datasets\MTSD\Prepared\MTSD-Unaugmented\MTSD-YOLO\test\images\grp9_42edbee1-IMG_20251210_142157.jpg,2034.9,2811.12,2071.62,2851.92,1.0,traffic sign,False,False,5349.0,mtsd-p12
Cosmos Reason2 8B,traffic sign,grp9_4319ca3a-WhatsApp_Image_2026-01-03_at_18.45.41.jpeg,E:\2. UM-Student\MSC Dissertation\Urban-Vision-Benchmark\Datasets\MTSD\Prepared\MTSD-Unaugmented\MTSD-YOLO\test\images\grp9_4319ca3a-WhatsApp_Image_2026-01-03_at_18.45.41.jpeg,673.2,542.4,771.6,884.8,1.0,traffic sign,False,False,3796.3,mtsd-p12
Cosmos Reason2 8B,traffic sign,grp9_4319ca3a-WhatsApp_Image_2026-01-03_at_18.45.41.jpeg,E:\2. UM-Student\MSC Dissertation\Urban-Vision-Benchmark\Datasets\MTSD\Prepared\MTSD-Unaugmented\MTSD-YOLO\test\images\grp9_4319ca3a-WhatsApp_Image_2026-01-03_at_18.45.41.jpeg,646.8,873.6,756.0,1164.8,1.0,traffic sign,False,False,3796.3,mtsd-p12
Cosmos Reason2 8B,traffic sign,grp9_441ca6d9-WhatsApp_Image_2026-01-03_at_18.45.36_2.jpeg,E:\2. UM-Student\MSC Dissertation\Urban-Vision-Benchmark\Datasets\MTSD\Prepared\MTSD-Unaugmented\MTSD-YOLO\test\images\grp9_441ca6d9-WhatsApp_Image_2026-01-03_at_18.45.36_2.jpeg,404.4,664.0,499.2,1046.4,1.0,traffic sign,False,False,2951.9,mtsd-p12
Cosmos Reason2 8B,traffic sign,grp9_44654df9-WhatsApp_Image_2026-01-03_at_18.45.36_3.jpeg,E:\2. UM-Student\MSC Dissertation\Urban-Vision-Benchmark\Datasets\MTSD\Prepared\MTSD-Unaugmented\MTSD-YOLO\test\images\grp9_44654df9-WhatsApp_Image_2026-01-03_at_18.45.36_3.jpeg,534.0,715.2,832.8,968.0,1.0,traffic sign,False,False,2336.4,mtsd-p12
Cosmos Reason2 8B,traffic sign,grp9_48f9d230-IMG_20251112_155513.jpg,E:\2. UM-Student\MSC Dissertation\Urban-Vision-Benchmark\Datasets\MTSD\Prepared\MTSD-Unaugmented\MTSD-YOLO\test\images\grp9_48f9d230-IMG_20251112_155513.jpg,755.82,1856.4,1276.02,2378.64,1.0,traffic sign,False,False,5293.5,mtsd-p12
Cosmos Reason2 8B,traffic sign,grp9_48f9d230-IMG_20251112_155513.jpg,E:\2. UM-Student\MSC Dissertation\Urban-Vision-Benchmark\Datasets\MTSD\Prepared\MTSD-Unaugmented\MTSD-YOLO\test\images\grp9_48f9d230-IMG_20251112_155513.jpg,820.08,2652.0,921.06,2786.64,1.0,traffic sign,False,False,5293.5,mtsd-p12
Cosmos Reason2 8B,traffic sign,grp9_48f9d230-IMG_20251112_155513.jpg,E:\2. UM-Student\MSC Dissertation\Urban-Vision-Benchmark\Datasets\MTSD\Prepared\MTSD-Unaugmented\MTSD-YOLO\test\images\grp9_48f9d230-IMG_20251112_155513.jpg,1805.4,2778.48,1869.66,2909.04,1.0,traffic sign,False,False,5293.5,mtsd-p12
Cosmos Reason2 8B,traffic sign,grp9_4a9c7d83-IMG_20251111_143857.jpg,E:\2. UM-Student\MSC Dissertation\Urban-Vision-Benchmark\Datasets\MTSD\Prepared\MTSD-Unaugmented\MTSD-YOLO\test\images\grp9_4a9c7d83-IMG_20251111_143857.jpg,1395.0,2064.0,1821.0,2452.0,1.0,traffic sign,False,False,2400.9,mtsd-p12
Cosmos Reason2 8B,traffic sign,grp9_4d9da647-IMG_20251112_160636.jpg,E:\2. UM-Student\MSC Dissertation\Urban-Vision-Benchmark\Datasets\MTSD\Prepared\MTSD-Unaugmented\MTSD-YOLO\test\images\grp9_4d9da647-IMG_20251112_160636.jpg,865.98,1452.12,1735.02,2296.48,1.0,traffic sign,False,False,2367.7,mtsd-p12
Cosmos Reason2 8B,traffic sign,grp9_561ba1c4-IMG_20251111_162044.jpg,E:\2. UM-Student\MSC Dissertation\Urban-Vision-Benchmark\Datasets\MTSD\Prepared\MTSD-Unaugmented\MTSD-YOLO\test\images\grp9_561ba1c4-IMG_20251111_162044.jpg,1224.0,1856.0,1587.0,2220.0,1.0,traffic sign,False,False,5267.4,mtsd-p12
Cosmos Reason2 8B,traffic sign,grp9_561ba1c4-IMG_20251111_162044.jpg,E:\2. UM-Student\MSC Dissertation\Urban-Vision-Benchmark\Datasets\MTSD\Prepared\MTSD-Unaugmented\MTSD-YOLO\test\images\grp9_561ba1c4-IMG_20251111_162044.jpg,1881.0,2380.0,1992.0,2544.0,1.0,traffic sign,False,False,5267.4,mtsd-p12
Cosmos Reason2 8B,traffic sign,grp9_561ba1c4-IMG_20251111_162044.jpg,E:\2. UM-Student\MSC Dissertation\Urban-Vision-Benchmark\Datasets\MTSD\Prepared\MTSD-Unaugmented\MTSD-YOLO\test\images\grp9_561ba1c4-IMG_20251111_162044.jpg,1902.0,2476.0,1983.0,2572.0,1.0,traffic sign,False,False,5267.4,mtsd-p12
Cosmos Reason2 8B,traffic sign,grp9_58c8b920-IMG_20251106_153249.jpg,E:\2. UM-Student\MSC Dissertation\Urban-Vision-Benchmark\Datasets\MTSD\Prepared\MTSD-Unaugmented\MTSD-YOLO\test\images\grp9_58c8b920-IMG_20251106_153249.jpg,1382.4,1601.54,1821.7,1986.56,1.0,traffic sign,False,False,2377.0,mtsd-p12
Cosmos Reason2 8B,traffic sign,grp9_5b67e831-IMG_20251106_155530.jpg,E:\2. UM-Student\MSC Dissertation\Urban-Vision-Benchmark\Datasets\MTSD\Prepared\MTSD-Unaugmented\MTSD-YOLO\test\images\grp9_5b67e831-IMG_20251106_155530.jpg,996.0,1016.0,1893.0,1824.0,1.0,traffic sign,False,False,3834.3,mtsd-p12
Cosmos Reason2 8B,traffic sign,grp9_5b67e831-IMG_20251106_155530.jpg,E:\2. UM-Student\MSC Dissertation\Urban-Vision-Benchmark\Datasets\MTSD\Prepared\MTSD-Unaugmented\MTSD-YOLO\test\images\grp9_5b67e831-IMG_20251106_155530.jpg,873.0,1812.0,1917.0,2812.0,1.0,traffic sign,False,False,3834.3,mtsd-p12
Cosmos Reason2 8B,traffic sign,grp9_636a2125-IMG_20251111_155635.jpg,E:\2. UM-Student\MSC Dissertation\Urban-Vision-Benchmark\Datasets\MTSD\Prepared\MTSD-Unaugmented\MTSD-YOLO\test\images\grp9_636a2125-IMG_20251111_155635.jpg,1335.0,1528.0,1938.0,2036.0,1.0,traffic sign,False,False,3083.3,mtsd-p12
Cosmos Reason2 8B,traffic sign,grp9_673470fc-IMG_20251111_160954.jpg,E:\2. UM-Student\MSC Dissertation\Urban-Vision-Benchmark\Datasets\MTSD\Prepared\MTSD-Unaugmented\MTSD-YOLO\test\images\grp9_673470fc-IMG_20251111_160954.jpg,1467.0,1736.0,1809.0,2052.0,1.0,traffic sign,False,False,9780.0,mtsd-p12
Cosmos Reason2 8B,traffic sign,grp9_673470fc-IMG_20251111_160954.jpg,E:\2. UM-Student\MSC Dissertation\Urban-Vision-Benchmark\Datasets\MTSD\Prepared\MTSD-Unaugmented\MTSD-YOLO\test\images\grp9_673470fc-IMG_20251111_160954.jpg,1524.0,2048.0,1776.0,2320.0,1.0,traffic sign,False,False,9780.0,mtsd-p12
Cosmos Reason2 8B,traffic sign,grp9_673470fc-IMG_20251111_160954.jpg,E:\2. UM-Student\MSC Dissertation\Urban-Vision-Benchmark\Datasets\MTSD\Prepared\MTSD-Unaugmented\MTSD-YOLO\test\images\grp9_673470fc-IMG_20251111_160954.jpg,2160.0,2292.0,2241.0,2388.0,1.0,traffic sign,False,False,9780.0,mtsd-p12
Cosmos Reason2 8B,traffic sign,grp9_673470fc-IMG_20251111_160954.jpg,E:\2. UM-Student\MSC Dissertation\Urban-Vision-Benchmark\Datasets\MTSD\Prepared\MTSD-Unaugmented\MTSD-YOLO\test\images\grp9_673470fc-IMG_20251111_160954.jpg,1005.0,2300.0,1086.0,2412.0,1.0,traffic sign,False,False,9780.0,mtsd-p12
Cosmos Reason2 8B,traffic sign,grp9_673470fc-IMG_20251111_160954.jpg,E:\2. UM-Student\MSC Dissertation\Urban-Vision-Benchmark\Datasets\MTSD\Prepared\MTSD-Unaugmented\MTSD-YOLO\test\images\grp9_673470fc-IMG_20251111_160954.jpg,1365.0,2372.0,1407.0,2440.0,1.0,traffic sign,False,False,9780.0,mtsd-p12
Cosmos Reason2 8B,traffic sign,grp9_673470fc-IMG_20251111_160954.jpg,E:\2. UM-Student\MSC Dissertation\Urban-Vision-Benchmark\Datasets\MTSD\Prepared\MTSD-Unaugmented\MTSD-YOLO\test\images\grp9_673470fc-IMG_20251111_160954.jpg,1665.0,2404.0,1710.0,2464.0,1.0,traffic sign,False,False,9780.0,mtsd-p12
Cosmos Reason2 8B,traffic sign,grp9_6867b383-IMG_20251111_160020.jpg,E:\2. UM-Student\MSC Dissertation\Urban-Vision-Benchmark\Datasets\MTSD\Prepared\MTSD-Unaugmented\MTSD-YOLO\test\images\grp9_6867b383-IMG_20251111_160020.jpg,1266.0,1692.0,1728.0,2144.0,1.0,traffic sign,False,False,2425.5,mtsd-p12
Cosmos Reason2 8B,traffic sign,grp9_6ad958e6-IMG_20251112_155635.jpg,E:\2. UM-Student\MSC Dissertation\Urban-Vision-Benchmark\Datasets\MTSD\Prepared\MTSD-Unaugmented\MTSD-YOLO\test\images\grp9_6ad958e6-IMG_20251112_155635.jpg,1230.12,1268.88,1710.54,2150.16,1.0,traffic sign,False,False,2411.8,mtsd-p12
Cosmos Reason2 8B,traffic sign,grp9_6adfb65e-WhatsApp_Image_2026-01-01_at_18.13.00_2.jpeg,E:\2. UM-Student\MSC Dissertation\Urban-Vision-Benchmark\Datasets\MTSD\Prepared\MTSD-Unaugmented\MTSD-YOLO\test\images\grp9_6adfb65e-WhatsApp_Image_2026-01-01_at_18.13.00_2.jpeg,330.24,1052.67,654.34,1366.02,1.0,traffic sign,False,False,2443.8,mtsd-p12
Cosmos Reason2 8B,traffic sign,grp9_6e84abf6-IMG_20251106_145409.jpg,E:\2. UM-Student\MSC Dissertation\Urban-Vision-Benchmark\Datasets\MTSD\Prepared\MTSD-Unaugmented\MTSD-YOLO\test\images\grp9_6e84abf6-IMG_20251106_145409.jpg,1004.54,1056.77,2334.72,1957.89,1.0,traffic sign,False,False,3847.4,mtsd-p12
Cosmos Reason2 8B,traffic sign,grp9_6e84abf6-IMG_20251106_145409.jpg,E:\2. UM-Student\MSC Dissertation\Urban-Vision-Benchmark\Datasets\MTSD\Prepared\MTSD-Unaugmented\MTSD-YOLO\test\images\grp9_6e84abf6-IMG_20251106_145409.jpg,1182.72,1929.22,2239.49,2953.22,1.0,traffic sign,False,False,3847.4,mtsd-p12
Cosmos Reason2 8B,traffic sign,grp9_73c5c90a-IMG_20251106_152941.jpg,E:\2. UM-Student\MSC Dissertation\Urban-Vision-Benchmark\Datasets\MTSD\Prepared\MTSD-Unaugmented\MTSD-YOLO\test\images\grp9_73c5c90a-IMG_20251106_152941.jpg,1410.0,1648.0,1518.0,2240.0,1.0,traffic sign,False,False,2404.0,mtsd-p12
Cosmos Reason2 8B,traffic sign,grp9_76700fa1-IMG_20251111_162238.jpg,E:\2. UM-Student\MSC Dissertation\Urban-Vision-Benchmark\Datasets\MTSD\Prepared\MTSD-Unaugmented\MTSD-YOLO\test\images\grp9_76700fa1-IMG_20251111_162238.jpg,1461.0,1572.0,1893.0,1936.0,1.0,traffic sign,False,False,11187.3,mtsd-p12
Cosmos Reason2 8B,traffic sign,grp9_76700fa1-IMG_20251111_162238.jpg,E:\2. UM-Student\MSC Dissertation\Urban-Vision-Benchmark\Datasets\MTSD\Prepared\MTSD-Unaugmented\MTSD-YOLO\test\images\grp9_76700fa1-IMG_20251111_162238.jpg,1515.0,1948.0,1815.0,2260.0,1.0,traffic sign,False,False,11187.3,mtsd-p12
Cosmos Reason2 8B,traffic sign,grp9_76700fa1-IMG_20251111_162238.jpg,E:\2. UM-Student\MSC Dissertation\Urban-Vision-Benchmark\Datasets\MTSD\Prepared\MTSD-Unaugmented\MTSD-YOLO\test\images\grp9_76700fa1-IMG_20251111_162238.jpg,1845.0,2148.0,1998.0,2324.0,1.0,traffic sign,False,False,11187.3,mtsd-p12
Cosmos Reason2 8B,traffic sign,grp9_76700fa1-IMG_20251111_162238.jpg,E:\2. UM-Student\MSC Dissertation\Urban-Vision-Benchmark\Datasets\MTSD\Prepared\MTSD-Unaugmented\MTSD-YOLO\test\images\grp9_76700fa1-IMG_20251111_162238.jpg,537.0,2152.0,633.0,2324.0,1.0,traffic sign,False,False,11187.3,mtsd-p12
Cosmos Reason2 8B,traffic sign,grp9_76700fa1-IMG_20251111_162238.jpg,E:\2. UM-Student\MSC Dissertation\Urban-Vision-Benchmark\Datasets\MTSD\Prepared\MTSD-Unaugmented\MTSD-YOLO\test\images\grp9_76700fa1-IMG_20251111_162238.jpg,756.0,2208.0,795.0,2324.0,1.0,traffic sign,False,False,11187.3,mtsd-p12
Cosmos Reason2 8B,traffic sign,grp9_76700fa1-IMG_20251111_162238.jpg,E:\2. UM-Student\MSC Dissertation\Urban-Vision-Benchmark\Datasets\MTSD\Prepared\MTSD-Unaugmented\MTSD-YOLO\test\images\grp9_76700fa1-IMG_20251111_162238.jpg,2649.0,2316.0,2700.0,2480.0,1.0,traffic sign,False,False,11187.3,mtsd-p12
Cosmos Reason2 8B,traffic sign,grp9_76700fa1-IMG_20251111_162238.jpg,E:\2. UM-Student\MSC Dissertation\Urban-Vision-Benchmark\Datasets\MTSD\Prepared\MTSD-Unaugmented\MTSD-YOLO\test\images\grp9_76700fa1-IMG_20251111_162238.jpg,1455.0,2348.0,1524.0,2404.0,1.0,traffic sign,False,False,11187.3,mtsd-p12
Cosmos Reason2 8B,traffic sign,grp9_7b22f970-IMG_20251106_152243.jpg,E:\2. UM-Student\MSC Dissertation\Urban-Vision-Benchmark\Datasets\MTSD\Prepared\MTSD-Unaugmented\MTSD-YOLO\test\images\grp9_7b22f970-IMG_20251106_152243.jpg,1092.0,828.0,1932.0,1804.0,1.0,traffic sign,False,False,4590.4,mtsd-p12
Cosmos Reason2 8B,traffic sign,grp9_7b22f970-IMG_20251106_152243.jpg,E:\2. UM-Student\MSC Dissertation\Urban-Vision-Benchmark\Datasets\MTSD\Prepared\MTSD-Unaugmented\MTSD-YOLO\test\images\grp9_7b22f970-IMG_20251106_152243.jpg,1050.0,2052.0,1941.0,3072.0,1.0,traffic sign,False,False,4590.4,mtsd-p12
Cosmos Reason2 8B,traffic sign,grp9_7d690022-WhatsApp_Image_2026-01-03_at_18.45.17_5.jpeg,E:\2. UM-Student\MSC Dissertation\Urban-Vision-Benchmark\Datasets\MTSD\Prepared\MTSD-Unaugmented\MTSD-YOLO\test\images\grp9_7d690022-WhatsApp_Image_2026-01-03_at_18.45.17_5.jpeg,621.6,276.8,720.0,708.8,1.0,traffic sign,False,False,2321.0,mtsd-p12
Cosmos Reason2 8B,traffic sign,grp9_815852c2-IMG_20251112_155220.jpg,E:\2. UM-Student\MSC Dissertation\Urban-Vision-Benchmark\Datasets\MTSD\Prepared\MTSD-Unaugmented\MTSD-YOLO\test\images\grp9_815852c2-IMG_20251112_155220.jpg,459.0,2378.64,737.46,2525.52,1.0,traffic sign,False,False,2389.4,mtsd-p12
Cosmos Reason2 8B,traffic sign,grp9_91c9ea8f-IMG_20251112_162243.jpg,E:\2. UM-Student\MSC Dissertation\Urban-Vision-Benchmark\Datasets\MTSD\Prepared\MTSD-Unaugmented\MTSD-YOLO\test\images\grp9_91c9ea8f-IMG_20251112_162243.jpg,1171.98,1652.4,1658.52,2093.04,1.0,traffic sign,False,False,3886.0,mtsd-p12
Cosmos Reason2 8B,traffic sign,grp9_91c9ea8f-IMG_20251112_162243.jpg,E:\2. UM-Student\MSC Dissertation\Urban-Vision-Benchmark\Datasets\MTSD\Prepared\MTSD-Unaugmented\MTSD-YOLO\test\images\grp9_91c9ea8f-IMG_20251112_162243.jpg,1217.88,2084.88,1652.4,2627.52,1.0,traffic sign,False,False,3886.0,mtsd-p12
Cosmos Reason2 8B,traffic sign,grp9_93cceec3-IMG_20251112_162528.jpg,E:\2. UM-Student\MSC Dissertation\Urban-Vision-Benchmark\Datasets\MTSD\Prepared\MTSD-Unaugmented\MTSD-YOLO\test\images\grp9_93cceec3-IMG_20251112_162528.jpg,982.26,722.16,2665.26,2443.92,1.0,traffic sign,False,False,2397.8,mtsd-p12
Cosmos Reason2 8B,traffic sign,grp9_a133d565-WhatsApp_Image_2026-01-01_at_18.13.09.jpeg,E:\2. UM-Student\MSC Dissertation\Urban-Vision-Benchmark\Datasets\MTSD\Prepared\MTSD-Unaugmented\MTSD-YOLO\test\images\grp9_a133d565-WhatsApp_Image_2026-01-01_at_18.13.09.jpeg,600.58,1062.91,784.9,1249.28,1.0,traffic sign,False,False,2310.2,mtsd-p12
Cosmos Reason2 8B,traffic sign,grp9_a3c63c83-IMG_20251112_162857.jpg,E:\2. UM-Student\MSC Dissertation\Urban-Vision-Benchmark\Datasets\MTSD\Prepared\MTSD-Unaugmented\MTSD-YOLO\test\images\grp9_a3c63c83-IMG_20251112_162857.jpg,1312.74,1183.2,1731.96,2011.44,1.0,traffic sign,False,False,3816.7,mtsd-p12
Cosmos Reason2 8B,traffic sign,grp9_a3c63c83-IMG_20251112_162857.jpg,E:\2. UM-Student\MSC Dissertation\Urban-Vision-Benchmark\Datasets\MTSD\Prepared\MTSD-Unaugmented\MTSD-YOLO\test\images\grp9_a3c63c83-IMG_20251112_162857.jpg,1318.86,1962.48,1814.58,3496.56,1.0,traffic sign,False,False,3816.7,mtsd-p12
Cosmos Reason2 8B,traffic sign,grp9_a6b8460c-20251122_140515.jpg,E:\2. UM-Student\MSC Dissertation\Urban-Vision-Benchmark\Datasets\MTSD\Prepared\MTSD-Unaugmented\MTSD-YOLO\test\images\grp9_a6b8460c-20251122_140515.jpg,2940.0,1668.0,2997.0,1884.0,1.0,traffic sign,False,False,2368.0,mtsd-p12
Cosmos Reason2 8B,traffic sign,grp9_a745c9e2-IMG_20251106_152554.jpg,E:\2. UM-Student\MSC Dissertation\Urban-Vision-Benchmark\Datasets\MTSD\Prepared\MTSD-Unaugmented\MTSD-YOLO\test\images\grp9_a745c9e2-IMG_20251106_152554.jpg,2027.52,3768.32,2098.18,3907.58,1.0,traffic sign,False,False,3094.6,mtsd-p12
Cosmos Reason2 8B,traffic sign,grp9_a7e54ad2-IMG_20251210_141604.jpg,E:\2. UM-Student\MSC Dissertation\Urban-Vision-Benchmark\Datasets\MTSD\Prepared\MTSD-Unaugmented\MTSD-YOLO\test\images\grp9_a7e54ad2-IMG_20251210_141604.jpg,1398.42,1126.08,1600.38,2227.68,1.0,traffic sign,False,False,2427.1,mtsd-p12
Cosmos Reason2 8B,traffic sign,grp9_ae723934-WhatsApp_Image_2026-01-03_at_18.45.36.jpeg,E:\2. UM-Student\MSC Dissertation\Urban-Vision-Benchmark\Datasets\MTSD\Prepared\MTSD-Unaugmented\MTSD-YOLO\test\images\grp9_ae723934-WhatsApp_Image_2026-01-03_at_18.45.36.jpeg,560.4,710.4,751.2,883.2,1.0,traffic sign,False,False,2390.2,mtsd-p12
Cosmos Reason2 8B,traffic sign,grp9_b775d113-IMG_20251111_162326.jpg,E:\2. UM-Student\MSC Dissertation\Urban-Vision-Benchmark\Datasets\MTSD\Prepared\MTSD-Unaugmented\MTSD-YOLO\test\images\grp9_b775d113-IMG_20251111_162326.jpg,735.0,2384.0,819.0,2588.0,1.0,traffic sign,False,False,3905.5,mtsd-p12
Cosmos Reason2 8B,traffic sign,grp9_b775d113-IMG_20251111_162326.jpg,E:\2. UM-Student\MSC Dissertation\Urban-Vision-Benchmark\Datasets\MTSD\Prepared\MTSD-Unaugmented\MTSD-YOLO\test\images\grp9_b775d113-IMG_20251111_162326.jpg,2754.0,2608.0,2847.0,2776.0,1.0,traffic sign,False,False,3905.5,mtsd-p12
Cosmos Reason2 8B,traffic sign,grp9_b8de4d86-IMG_20251112_162741.jpg,E:\2. UM-Student\MSC Dissertation\Urban-Vision-Benchmark\Datasets\MTSD\Prepared\MTSD-Unaugmented\MTSD-YOLO\test\images\grp9_b8de4d86-IMG_20251112_162741.jpg,1300.5,1640.16,1624.86,1995.12,1.0,traffic sign,False,False,2461.7,mtsd-p12
Cosmos Reason2 8B,traffic sign,grp9_b8edf87e-IMG_20251106_153308.jpg,E:\2. UM-Student\MSC Dissertation\Urban-Vision-Benchmark\Datasets\MTSD\Prepared\MTSD-Unaugmented\MTSD-YOLO\test\images\grp9_b8edf87e-IMG_20251106_153308.jpg,1200.0,1964.0,1587.0,2324.0,1.0,traffic sign,False,False,3916.8,mtsd-p12
Cosmos Reason2 8B,traffic sign,grp9_b8edf87e-IMG_20251106_153308.jpg,E:\2. UM-Student\MSC Dissertation\Urban-Vision-Benchmark\Datasets\MTSD\Prepared\MTSD-Unaugmented\MTSD-YOLO\test\images\grp9_b8edf87e-IMG_20251106_153308.jpg,1257.0,2320.0,1542.0,2620.0,1.0,traffic sign,False,False,3916.8,mtsd-p12
Cosmos Reason2 8B,traffic sign,grp9_c7a4a215-20251122_140026.jpg,E:\2. UM-Student\MSC Dissertation\Urban-Vision-Benchmark\Datasets\MTSD\Prepared\MTSD-Unaugmented\MTSD-YOLO\test\images\grp9_c7a4a215-20251122_140026.jpg,1302.0,1000.0,2379.0,2264.0,1.0,traffic sign,False,False,7006.9,mtsd-p12
Cosmos Reason2 8B,traffic sign,grp9_c7a4a215-20251122_140026.jpg,E:\2. UM-Student\MSC Dissertation\Urban-Vision-Benchmark\Datasets\MTSD\Prepared\MTSD-Unaugmented\MTSD-YOLO\test\images\grp9_c7a4a215-20251122_140026.jpg,1953.0,2316.0,2127.0,2660.0,1.0,traffic sign,False,False,7006.9,mtsd-p12
Cosmos Reason2 8B,traffic sign,grp9_c7a4a215-20251122_140026.jpg,E:\2. UM-Student\MSC Dissertation\Urban-Vision-Benchmark\Datasets\MTSD\Prepared\MTSD-Unaugmented\MTSD-YOLO\test\images\grp9_c7a4a215-20251122_140026.jpg,1359.0,2524.0,1434.0,2624.0,1.0,traffic sign,False,False,7006.9,mtsd-p12
Cosmos Reason2 8B,traffic sign,grp9_c7a4a215-20251122_140026.jpg,E:\2. UM-Student\MSC Dissertation\Urban-Vision-Benchmark\Datasets\MTSD\Prepared\MTSD-Unaugmented\MTSD-YOLO\test\images\grp9_c7a4a215-20251122_140026.jpg,1662.0,2500.0,1740.0,2624.0,1.0,traffic sign,False,False,7006.9,mtsd-p12
Cosmos Reason2 8B,traffic sign,grp9_c8f9e8c2-M8_back.jpg,E:\2. UM-Student\MSC Dissertation\Urban-Vision-Benchmark\Datasets\MTSD\Prepared\MTSD-Unaugmented\MTSD-YOLO\test\images\grp9_c8f9e8c2-M8_back.jpg,1278.0,1904.0,1593.0,2260.0,1.0,traffic sign,False,False,2451.5,mtsd-p12
Cosmos Reason2 8B,traffic sign,grp9_cedb2f14-NE3_front.jpg,E:\2. UM-Student\MSC Dissertation\Urban-Vision-Benchmark\Datasets\MTSD\Prepared\MTSD-Unaugmented\MTSD-YOLO\test\images\grp9_cedb2f14-NE3_front.jpg,1479.0,1692.0,1920.0,2148.0,1.0,traffic sign,False,False,3219.2,mtsd-p12
Cosmos Reason2 8B,traffic sign,grp9_d09450b2-IMG_20251112_155615.jpg,E:\2. UM-Student\MSC Dissertation\Urban-Vision-Benchmark\Datasets\MTSD\Prepared\MTSD-Unaugmented\MTSD-YOLO\test\images\grp9_d09450b2-IMG_20251112_155615.jpg,1410.66,1530.0,2004.3,2154.24,1.0,traffic sign,False,False,3939.0,mtsd-p12
Cosmos Reason2 8B,traffic sign,grp9_d09450b2-IMG_20251112_155615.jpg,E:\2. UM-Student\MSC Dissertation\Urban-Vision-Benchmark\Datasets\MTSD\Prepared\MTSD-Unaugmented\MTSD-YOLO\test\images\grp9_d09450b2-IMG_20251112_155615.jpg,1992.06,2423.52,2089.98,2998.8,1.0,traffic sign,False,False,3939.0,mtsd-p12
Cosmos Reason2 8B,traffic sign,grp9_d4f4f35a-WhatsApp_Image_2026-01-01_at_18.12.59_1.jpeg,E:\2. UM-Student\MSC Dissertation\Urban-Vision-Benchmark\Datasets\MTSD\Prepared\MTSD-Unaugmented\MTSD-YOLO\test\images\grp9_d4f4f35a-WhatsApp_Image_2026-01-01_at_18.12.59_1.jpeg,549.89,804.86,669.7,1366.02,1.0,traffic sign,False,False,2418.7,mtsd-p12
Cosmos Reason2 8B,traffic sign,grp9_d5f4aa18-20251122_140237.jpg,E:\2. UM-Student\MSC Dissertation\Urban-Vision-Benchmark\Datasets\MTSD\Prepared\MTSD-Unaugmented\MTSD-YOLO\test\images\grp9_d5f4aa18-20251122_140237.jpg,1407.0,2144.0,1440.0,2188.0,1.0,traffic sign,False,False,19427.2,mtsd-p12
Cosmos Reason2 8B,traffic sign,grp9_d5f4aa18-20251122_140237.jpg,E:\2. UM-Student\MSC Dissertation\Urban-Vision-Benchmark\Datasets\MTSD\Prepared\MTSD-Unaugmented\MTSD-YOLO\test\images\grp9_d5f4aa18-20251122_140237.jpg,1440.0,2144.0,1461.0,2188.0,1.0,traffic sign,False,False,19427.2,mtsd-p12
Cosmos Reason2 8B,traffic sign,grp9_d5f4aa18-20251122_140237.jpg,E:\2. UM-Student\MSC Dissertation\Urban-Vision-Benchmark\Datasets\MTSD\Prepared\MTSD-Unaugmented\MTSD-YOLO\test\images\grp9_d5f4aa18-20251122_140237.jpg,1461.0,2144.0,1482.0,2188.0,1.0,traffic sign,False,False,19427.2,mtsd-p12
Cosmos Reason2 8B,traffic sign,grp9_d5f4aa18-20251122_140237.jpg,E:\2. UM-Student\MSC Dissertation\Urban-Vision-Benchmark\Datasets\MTSD\Prepared\MTSD-Unaugmented\MTSD-YOLO\test\images\grp9_d5f4aa18-20251122_140237.jpg,1482.0,2144.0,1503.0,2188.0,1.0,traffic sign,False,False,19427.2,mtsd-p12
Cosmos Reason2 8B,traffic sign,grp9_d5f4aa18-20251122_140237.jpg,E:\2. UM-Student\MSC Dissertation\Urban-Vision-Benchmark\Datasets\MTSD\Prepared\MTSD-Unaugmented\MTSD-YOLO\test\images\grp9_d5f4aa18-20251122_140237.jpg,1503.0,2144.0,1521.0,2188.0,1.0,traffic sign,False,False,19427.2,mtsd-p12
Cosmos Reason2 8B,traffic sign,grp9_d5f4aa18-20251122_140237.jpg,E:\2. UM-Student\MSC Dissertation\Urban-Vision-Benchmark\Datasets\MTSD\Prepared\MTSD-Unaugmented\MTSD-YOLO\test\images\grp9_d5f4aa18-20251122_140237.jpg,1521.0,2144.0,1539.0,2188.0,1.0,traffic sign,False,False,19427.2,mtsd-p12
Cosmos Reason2 8B,traffic sign,grp9_d5f4aa18-20251122_140237.jpg,E:\2. UM-Student\MSC Dissertation\Urban-Vision-Benchmark\Datasets\MTSD\Prepared\MTSD-Unaugmented\MTSD-YOLO\test\images\grp9_d5f4aa18-20251122_140237.jpg,1539.0,2144.0,1560.0,2188.0,1.0,traffic sign,False,False,19427.2,mtsd-p12
Cosmos Reason2 8B,traffic sign,grp9_d5f4aa18-20251122_140237.jpg,E:\2. UM-Student\MSC Dissertation\Urban-Vision-Benchmark\Datasets\MTSD\Prepared\MTSD-Unaugmented\MTSD-YOLO\test\images\grp9_d5f4aa18-20251122_140237.jpg,1560.0,2144.0,1578.0,2188.0,1.0,traffic sign,False,False,19427.2,mtsd-p12
Cosmos Reason2 8B,traffic sign,grp9_d5f4aa18-20251122_140237.jpg,E:\2. UM-Student\MSC Dissertation\Urban-Vision-Benchmark\Datasets\MTSD\Prepared\MTSD-Unaugmented\MTSD-YOLO\test\images\grp9_d5f4aa18-20251122_140237.jpg,1578.0,2144.0,1596.0,2188.0,1.0,traffic sign,False,False,19427.2,mtsd-p12
Cosmos Reason2 8B,traffic sign,grp9_d5f4aa18-20251122_140237.jpg,E:\2. UM-Student\MSC Dissertation\Urban-Vision-Benchmark\Datasets\MTSD\Prepared\MTSD-Unaugmented\MTSD-YOLO\test\images\grp9_d5f4aa18-20251122_140237.jpg,1596.0,2144.0,1614.0,2188.0,1.0,traffic sign,False,False,19427.2,mtsd-p12
Cosmos Reason2 8B,traffic sign,grp9_d5f4aa18-20251122_140237.jpg,E:\2. UM-Student\MSC Dissertation\Urban-Vision-Benchmark\Datasets\MTSD\Prepared\MTSD-Unaugmented\MTSD-YOLO\test\images\grp9_d5f4aa18-20251122_140237.jpg,1614.0,2144.0,1632.0,2188.0,1.0,traffic sign,False,False,19427.2,mtsd-p12
Cosmos Reason2 8B,traffic sign,grp9_d5f4aa18-20251122_140237.jpg,E:\2. UM-Student\MSC Dissertation\Urban-Vision-Benchmark\Datasets\MTSD\Prepared\MTSD-Unaugmented\MTSD-YOLO\test\images\grp9_d5f4aa18-20251122_140237.jpg,1632.0,2144.0,1650.0,2188.0,1.0,traffic sign,False,False,19427.2,mtsd-p12
Cosmos Reason2 8B,traffic sign,grp9_d7c813cb-IMG_20251112_163545.jpg,E:\2. UM-Student\MSC Dissertation\Urban-Vision-Benchmark\Datasets\MTSD\Prepared\MTSD-Unaugmented\MTSD-YOLO\test\images\grp9_d7c813cb-IMG_20251112_163545.jpg,1006.74,1742.16,1585.08,2652.0,1.0,traffic sign,False,False,2437.7,mtsd-p12
Cosmos Reason2 8B,traffic sign,grp9_dbd6345f-IMG_20251106_155229.jpg,E:\2. UM-Student\MSC Dissertation\Urban-Vision-Benchmark\Datasets\MTSD\Prepared\MTSD-Unaugmented\MTSD-YOLO\test\images\grp9_dbd6345f-IMG_20251106_155229.jpg,1084.42,999.42,2107.39,2105.34,1.0,traffic sign,False,False,2498.8,mtsd-p12
Cosmos Reason2 8B,traffic sign,grp9_de518e6b-WhatsApp_Image_2026-01-03_at_18.46.56.jpeg,E:\2. UM-Student\MSC Dissertation\Urban-Vision-Benchmark\Datasets\MTSD\Prepared\MTSD-Unaugmented\MTSD-YOLO\test\images\grp9_de518e6b-WhatsApp_Image_2026-01-03_at_18.46.56.jpeg,470.4,760.0,837.6,1099.2,1.0,traffic sign,False,False,2361.8,mtsd-p12
Cosmos Reason2 8B,traffic sign,grp9_df847542-IMG_20251210_141936.jpg,E:\2. UM-Student\MSC Dissertation\Urban-Vision-Benchmark\Datasets\MTSD\Prepared\MTSD-Unaugmented\MTSD-YOLO\test\images\grp9_df847542-IMG_20251210_141936.jpg,976.14,966.96,1894.14,2272.56,1.0,traffic sign,False,False,5516.0,mtsd-p12
Cosmos Reason2 8B,traffic sign,grp9_df847542-IMG_20251210_141936.jpg,E:\2. UM-Student\MSC Dissertation\Urban-Vision-Benchmark\Datasets\MTSD\Prepared\MTSD-Unaugmented\MTSD-YOLO\test\images\grp9_df847542-IMG_20251210_141936.jpg,844.56,2276.64,2132.82,3043.68,1.0,traffic sign,False,False,5516.0,mtsd-p12
Cosmos Reason2 8B,traffic sign,grp9_df847542-IMG_20251210_141936.jpg,E:\2. UM-Student\MSC Dissertation\Urban-Vision-Benchmark\Datasets\MTSD\Prepared\MTSD-Unaugmented\MTSD-YOLO\test\images\grp9_df847542-IMG_20251210_141936.jpg,2221.56,2990.64,2579.58,3341.52,1.0,traffic sign,False,False,5516.0,mtsd-p12
Cosmos Reason2 8B,traffic sign,grp9_dfbf929f-IMG_20251106_154024.jpg,E:\2. UM-Student\MSC Dissertation\Urban-Vision-Benchmark\Datasets\MTSD\Prepared\MTSD-Unaugmented\MTSD-YOLO\test\images\grp9_dfbf929f-IMG_20251106_154024.jpg,718.85,1138.69,1840.13,2244.61,1.0,traffic sign,False,False,6389.6,mtsd-p12
Cosmos Reason2 8B,traffic sign,grp9_dfbf929f-IMG_20251106_154024.jpg,E:\2. UM-Student\MSC Dissertation\Urban-Vision-Benchmark\Datasets\MTSD\Prepared\MTSD-Unaugmented\MTSD-YOLO\test\images\grp9_dfbf929f-IMG_20251106_154024.jpg,863.23,2281.47,1188.86,2473.98,1.0,traffic sign,False,False,6389.6,mtsd-p12
Cosmos Reason2 8B,traffic sign,grp9_dfbf929f-IMG_20251106_154024.jpg,E:\2. UM-Student\MSC Dissertation\Urban-Vision-Benchmark\Datasets\MTSD\Prepared\MTSD-Unaugmented\MTSD-YOLO\test\images\grp9_dfbf929f-IMG_20251106_154024.jpg,1271.81,2281.47,1406.98,3747.84,1.0,traffic sign,False,False,6389.6,mtsd-p12
Cosmos Reason2 8B,traffic sign,grp9_e0e8c13e-IMG_20251113_163444.jpg,E:\2. UM-Student\MSC Dissertation\Urban-Vision-Benchmark\Datasets\MTSD\Prepared\MTSD-Unaugmented\MTSD-YOLO\test\images\grp9_e0e8c13e-IMG_20251113_163444.jpg,1266.84,1268.88,1355.58,2309.28,1.0,traffic sign,False,False,2488.9,mtsd-p12
Cosmos Reason2 8B,traffic sign,grp9_e1897726-WhatsApp_Image_2026-01-03_at_18.45.38_3.jpeg,E:\2. UM-Student\MSC Dissertation\Urban-Vision-Benchmark\Datasets\MTSD\Prepared\MTSD-Unaugmented\MTSD-YOLO\test\images\grp9_e1897726-WhatsApp_Image_2026-01-03_at_18.45.38_3.jpeg,435.6,371.2,829.2,628.8,1.0,traffic sign,False,False,5420.9,mtsd-p12
Cosmos Reason2 8B,traffic sign,grp9_e1897726-WhatsApp_Image_2026-01-03_at_18.45.38_3.jpeg,E:\2. UM-Student\MSC Dissertation\Urban-Vision-Benchmark\Datasets\MTSD\Prepared\MTSD-Unaugmented\MTSD-YOLO\test\images\grp9_e1897726-WhatsApp_Image_2026-01-03_at_18.45.38_3.jpeg,434.4,609.6,903.6,945.6,1.0,traffic sign,False,False,5420.9,mtsd-p12
Cosmos Reason2 8B,traffic sign,grp9_e1897726-WhatsApp_Image_2026-01-03_at_18.45.38_3.jpeg,E:\2. UM-Student\MSC Dissertation\Urban-Vision-Benchmark\Datasets\MTSD\Prepared\MTSD-Unaugmented\MTSD-YOLO\test\images\grp9_e1897726-WhatsApp_Image_2026-01-03_at_18.45.38_3.jpeg,436.8,907.2,903.6,1083.2,1.0,traffic sign,False,False,5420.9,mtsd-p12
Cosmos Reason2 8B,traffic sign,grp9_e2932f32-20251122_134050.jpg,E:\2. UM-Student\MSC Dissertation\Urban-Vision-Benchmark\Datasets\MTSD\Prepared\MTSD-Unaugmented\MTSD-YOLO\test\images\grp9_e2932f32-20251122_134050.jpg,1281.0,1564.0,1614.0,1892.0,1.0,traffic sign,False,False,7301.1,mtsd-p12
Cosmos Reason2 8B,traffic sign,grp9_e2932f32-20251122_134050.jpg,E:\2. UM-Student\MSC Dissertation\Urban-Vision-Benchmark\Datasets\MTSD\Prepared\MTSD-Unaugmented\MTSD-YOLO\test\images\grp9_e2932f32-20251122_134050.jpg,1350.0,1856.0,1512.0,1980.0,1.0,traffic sign,False,False,7301.1,mtsd-p12
Cosmos Reason2 8B,traffic sign,grp9_e2932f32-20251122_134050.jpg,E:\2. UM-Student\MSC Dissertation\Urban-Vision-Benchmark\Datasets\MTSD\Prepared\MTSD-Unaugmented\MTSD-YOLO\test\images\grp9_e2932f32-20251122_134050.jpg,462.0,2080.0,513.0,2132.0,1.0,traffic sign,False,False,7301.1,mtsd-p12
Cosmos Reason2 8B,traffic sign,grp9_e2932f32-20251122_134050.jpg,E:\2. UM-Student\MSC Dissertation\Urban-Vision-Benchmark\Datasets\MTSD\Prepared\MTSD-Unaugmented\MTSD-YOLO\test\images\grp9_e2932f32-20251122_134050.jpg,774.0,2096.0,822.0,2144.0,1.0,traffic sign,False,False,7301.1,mtsd-p12
Cosmos Reason2 8B,traffic sign,grp9_e65623ae-20251122_135723.jpg,E:\2. UM-Student\MSC Dissertation\Urban-Vision-Benchmark\Datasets\MTSD\Prepared\MTSD-Unaugmented\MTSD-YOLO\test\images\grp9_e65623ae-20251122_135723.jpg,1395.0,1856.0,1617.0,2176.0,1.0,traffic sign,False,False,4022.2,mtsd-p12
Cosmos Reason2 8B,traffic sign,grp9_e65623ae-20251122_135723.jpg,E:\2. UM-Student\MSC Dissertation\Urban-Vision-Benchmark\Datasets\MTSD\Prepared\MTSD-Unaugmented\MTSD-YOLO\test\images\grp9_e65623ae-20251122_135723.jpg,1839.0,2036.0,2094.0,2364.0,1.0,traffic sign,False,False,4022.2,mtsd-p12
Cosmos Reason2 8B,traffic sign,grp9_e690fe37-IMG_20251111_162300.jpg,E:\2. UM-Student\MSC Dissertation\Urban-Vision-Benchmark\Datasets\MTSD\Prepared\MTSD-Unaugmented\MTSD-YOLO\test\images\grp9_e690fe37-IMG_20251111_162300.jpg,1461.0,1948.0,1563.0,2412.0,1.0,traffic sign,False,False,4026.3,mtsd-p12
Cosmos Reason2 8B,traffic sign,grp9_e690fe37-IMG_20251111_162300.jpg,E:\2. UM-Student\MSC Dissertation\Urban-Vision-Benchmark\Datasets\MTSD\Prepared\MTSD-Unaugmented\MTSD-YOLO\test\images\grp9_e690fe37-IMG_20251111_162300.jpg,2400.0,2776.0,2499.0,2888.0,1.0,traffic sign,False,False,4026.3,mtsd-p12
Cosmos Reason2 8B,traffic sign,grp9_e8541d39-IMG_20251106_145533.jpg,E:\2. UM-Student\MSC Dissertation\Urban-Vision-Benchmark\Datasets\MTSD\Prepared\MTSD-Unaugmented\MTSD-YOLO\test\images\grp9_e8541d39-IMG_20251106_145533.jpg,1011.0,856.0,1974.0,1772.0,1.0,traffic sign,False,False,5439.7,mtsd-p12
Cosmos Reason2 8B,traffic sign,grp9_e8541d39-IMG_20251106_145533.jpg,E:\2. UM-Student\MSC Dissertation\Urban-Vision-Benchmark\Datasets\MTSD\Prepared\MTSD-Unaugmented\MTSD-YOLO\test\images\grp9_e8541d39-IMG_20251106_145533.jpg,1020.0,1764.0,1992.0,2740.0,1.0,traffic sign,False,False,5439.7,mtsd-p12
Cosmos Reason2 8B,traffic sign,grp9_e8541d39-IMG_20251106_145533.jpg,E:\2. UM-Student\MSC Dissertation\Urban-Vision-Benchmark\Datasets\MTSD\Prepared\MTSD-Unaugmented\MTSD-YOLO\test\images\grp9_e8541d39-IMG_20251106_145533.jpg,2706.0,3196.0,2997.0,3520.0,1.0,traffic sign,False,False,5439.7,mtsd-p12
Cosmos Reason2 8B,traffic sign,grp9_e8b17764-ZC8_front.jpg,E:\2. UM-Student\MSC Dissertation\Urban-Vision-Benchmark\Datasets\MTSD\Prepared\MTSD-Unaugmented\MTSD-YOLO\test\images\grp9_e8b17764-ZC8_front.jpg,1149.0,2216.0,1479.0,2564.0,1.0,traffic sign,False,False,2445.5,mtsd-p12
Cosmos Reason2 8B,traffic sign,grp9_f109e3eb-IMG_20251111_144036.jpg,E:\2. UM-Student\MSC Dissertation\Urban-Vision-Benchmark\Datasets\MTSD\Prepared\MTSD-Unaugmented\MTSD-YOLO\test\images\grp9_f109e3eb-IMG_20251111_144036.jpg,1164.0,1336.0,1947.0,2240.0,1.0,traffic sign,False,False,3132.9,mtsd-p12
Cosmos Reason2 8B,traffic sign,grp9_f36aabf5-WhatsApp_Image_2026-01-03_at_18.45.21_2.jpeg,E:\2. UM-Student\MSC Dissertation\Urban-Vision-Benchmark\Datasets\MTSD\Prepared\MTSD-Unaugmented\MTSD-YOLO\test\images\grp9_f36aabf5-WhatsApp_Image_2026-01-03_at_18.45.21_2.jpeg,427.2,536.0,711.6,990.4,1.0,traffic sign,False,False,2407.1,mtsd-p12
Cosmos Reason2 8B,traffic sign,grp9_f456c0fd-IMG_20251106_153809.jpg,E:\2. UM-Student\MSC Dissertation\Urban-Vision-Benchmark\Datasets\MTSD\Prepared\MTSD-Unaugmented\MTSD-YOLO\test\images\grp9_f456c0fd-IMG_20251106_153809.jpg,1035.0,1148.0,2208.0,2236.0,1.0,traffic sign,False,False,2407.9,mtsd-p12
